{
  "exp_name": "fpem_agcrn_aligned_pretrained_inv_best_recipe_no_conf_k3_no_mask_no_swap_no_club_seed2026",
  "seed": 2026,
  "dataset": "NYCTaxi_TDS",
  "model": "steve",
  "ablation": "no_conf_k3_no_mask_no_swap_no_club",
  "best_epoch": 91,
  "best_val_loss": 11.692739221784803,
  "test_mixed_mae": 10.518982887268066,
  "test_workday_mae": 10.423013687133789,
  "test_holiday_mae": 10.685404777526855,
  "test_avg_mae": 10.554209232330322,
  "finished": true,
  "counts": {
    "train_total": 1680,
    "train_workday": 1200,
    "train_holiday": 480,
    "train_workday_holiday_ratio": 2.5,
    "val_total": 274,
    "val_workday": 178,
    "val_holiday": 96,
    "test_total": 546,
    "test_workday": 354,
    "test_holiday": 192
  },
  "best": {
    "val": {
      "mae": 11.692739221784803,
      "epoch": 91
    },
    "test_avg": {
      "mae": 10.501965522766113,
      "epoch": 99
    },
    "workday": {
      "mae": 10.388626098632812,
      "epoch": 99
    },
    "holiday": {
      "mae": 10.610907554626465,
      "epoch": 94
    }
  },
  "final": {
    "val": {
      "selected_epoch": 91,
      "val": {
        "loss": 11.692739221784803,
        "mae": 11.513132095336914,
        "mape": 0.17710892856121063
      },
      "test_mixed": {
        "loss": 10.526842226300921,
        "mae": 10.518982887268066,
        "mape": 0.16262678802013397
      },
      "test_workday": {
        "loss": 10.39211542710014,
        "mae": 10.423013687133789,
        "mape": 0.16290311515331268
      },
      "test_holiday": {
        "loss": 10.751367330551147,
        "mae": 10.685404777526855,
        "mape": 0.1621476113796234
      },
      "test_avg_mae": 10.554209232330322
    },
    "test_avg": {
      "selected_epoch": 99,
      "val": {
        "loss": 11.718810770246717,
        "mae": 11.530743598937988,
        "mape": 0.1796930581331253
      },
      "test_mixed": {
        "loss": 10.486978163037982,
        "mae": 10.47153377532959,
        "mape": 0.16401579976081848
      },
      "test_workday": {
        "loss": 10.368158112401547,
        "mae": 10.388626098632812,
        "mape": 0.1643758863210678
      },
      "test_holiday": {
        "loss": 10.680900732676188,
        "mae": 10.615304946899414,
        "mape": 0.1633913367986679
      },
      "test_avg_mae": 10.501965522766113
    },
    "workday": {
      "selected_epoch": 99,
      "val": {
        "loss": 11.718810770246717,
        "mae": 11.530743598937988,
        "mape": 0.1796930581331253
      },
      "test_mixed": {
        "loss": 10.486978163037982,
        "mae": 10.47153377532959,
        "mape": 0.16401579976081848
      },
      "test_workday": {
        "loss": 10.368158112401547,
        "mae": 10.388626098632812,
        "mape": 0.1643758863210678
      },
      "test_holiday": {
        "loss": 10.680900732676188,
        "mae": 10.615304946899414,
        "mape": 0.1633913367986679
      },
      "test_avg_mae": 10.501965522766113
    },
    "holiday": {
      "selected_epoch": 94,
      "val": {
        "loss": 11.73636696073744,
        "mae": 11.548775672912598,
        "mape": 0.18247169256210327
      },
      "test_mixed": {
        "loss": 10.52356583731515,
        "mae": 10.487545013427734,
        "mape": 0.16746583580970764
      },
      "test_workday": {
        "loss": 10.423026395880658,
        "mae": 10.416406631469727,
        "mape": 0.16740429401397705
      },
      "test_holiday": {
        "loss": 10.682673573493958,
        "mae": 10.610907554626465,
        "mape": 0.16757255792617798
      },
      "test_avg_mae": 10.513657093048096
    }
  },
  "elapsed_min": 109.81676776806513,
  "args": {
    "seed": 2026,
    "device": "cuda:0",
    "mode": "train",
    "best_path": "/home/zhangwt/remote/StableST/experiments/NYCTaxi/20240510-014845/best_model.pth",
    "debug": false,
    "data_dir": "/data/OuXiaoyu/STEVE_CODE/STEVE/data",
    "dataset": "NYCTaxi_TDS",
    "input_length": 35,
    "batch_size": 16,
    "test_batch_size": 16,
    "graph_file": "/data/OuXiaoyu/STEVE_CODE/STEVE/data/NYCTaxi_TDS/adj_mx.npz",
    "num_nodes": 200,
    "len_closeness": 8,
    "len_period": 27,
    "len_trend": 0,
    "d_input": 2,
    "d_output": 2,
    "d_model": 64,
    "dropout": 0.1,
    "percent": 0.1,
    "shm_temp": 0.5,
    "nmb_prototype": 4,
    "yita": 0.5,
    "layers": 3,
    "K": 64,
    "bank_gamma": 0.2,
    "kw": 1,
    "mi_w": 2,
    "epochs": 100,
    "lr_init": 0.001,
    "early_stop": true,
    "early_stop_patience": 30,
    "grad_norm": true,
    "max_grad_norm": 5,
    "use_dwa": true,
    "temp": 2,
    "MMI": false,
    "lr_patience": 20,
    "lr_mode": "only",
    "use_RevIN": true,
    "ablation": "no_conf_k3_no_mask_no_swap_no_club",
    "config_filename": "/data/OuXiaoyu/STEVE_CODE/STEVE/configs/NYCTaxi.yaml",
    "model": "steve",
    "early_stop_test_avg_mae_epoch": 40,
    "early_stop_test_avg_mae_threshold": 12.0,
    "train_work_per_holiday": 2.5,
    "exp_name": "fpem_agcrn_aligned_pretrained_inv_best_recipe_no_conf_k3_no_mask_no_swap_no_club_seed2026",
    "run_name": "fpem_agcrn_aligned_pretrained_inv_best_recipe_no_conf_k3_no_mask_no_swap_no_club_seed2026",
    "result_root": "/data/OuXiaoyu/STEVE_CODE/STEVE/experiments/NYCTaxi_TDS",
    "resume": true,
    "resume_reset_patience": true,
    "max_train_batches": null,
    "max_eval_batches": null,
    "agcrn_lr": 0.003,
    "agcrn_embed_dim": 10,
    "agcrn_rnn_units": 64,
    "agcrn_num_layers": 2,
    "agcrn_cheb_k": 2,
    "fpem_use_pretrained_inv_agcrn": true,
    "fpem_pretrained_inv_agcrn_path": "/data/OuXiaoyu/STEVE_CODE/STEVE/experiments/NYCTaxi_TDS/pure_agcrn_seed2024/best_val_model.pth",
    "fpem_backbone": "agcrn",
    "fpem_use_env_mask": false,
    "fpem_confounder_use_mask": false,
    "fpem_env_mask_hidden_dim": 64,
    "fpem_env_mask_temperature": 1.0,
    "fpem_env_mask_warmup_epochs": 5,
    "fpem_lambda_mask_sparse": 0.0,
    "fpem_lambda_mask_entropy": 0.0,
    "fpem_use_env_route": true,
    "fpem_use_env_fusion": true,
    "fpem_env_route_k": 3,
    "fpem_env_route_head_mode": "concat_input",
    "fpem_env_route_mode": "confidence_mix",
    "fpem_env_route_use_inv_fallback_expert": false,
    "fpem_env_route_tau": 1.0,
    "fpem_env_route_oracle_tau": 0.3,
    "fpem_env_route_train_mode": "soft_oracle",
    "fpem_env_route_hidden_dim": 64,
    "fpem_env_route_warmup_epochs": 5,
    "fpem_env_route_lambda_final": 1.0,
    "fpem_env_route_lambda_global": 0.0,
    "fpem_env_route_lambda_route_soft": 0.5,
    "fpem_env_route_lambda_expert": 0.2,
    "fpem_env_route_lambda_router_oracle": 1.0,
    "fpem_env_route_lambda_balance": 0.01,
    "fpem_env_route_lambda_diverse": 0.01,
    "fpem_env_route_lambda_entropy": 0.0,
    "fpem_lambda_inv_pred": 0.0,
    "fpem_hyper_alpha_mode": "sample_gate",
    "fpem_lambda_hyper_delta_norm": 0.0001,
    "fpem_use_confounder_extractor": false,
    "fpem_use_club_mi": false,
    "fpem_lambda_club_mi": 0.0,
    "fpem_use_future_mi": true,
    "fpem_lambda_future_mi": 0.02,
    "fpem_future_mi_target_mode": "env_encoder",
    "fpem_future_mi_warmup_epochs": 5,
    "fpem_future_mi_hidden_dim": 64,
    "fpem_future_mi_detach_target": true,
    "fpem_use_swap": false,
    "fpem_lambda_swap": 0.0,
    "fpem_swap_warmup_epochs": 30,
    "fpem_swap_margin": 0.01,
    "fpem_swap_gain_eta": 0.0,
    "fpem_swap_gain_tau": 0.05,
    "fpem_lambda_swap_diff": 1.0,
    "fpem_lambda_swap_same": 0.05,
    "fpem_swap_only_diff_route": true,
    "fpem_swap_detach_inv": true,
    "fpem_swap_detach_env": false,
    "fpem_use_swap_fallback_router_loss": false,
    "fpem_lambda_swap_fallback_router": 0.0,
    "fpem_swap_fallback_warmup_epochs": 30,
    "fpem_use_grad_consensus": false,
    "fpem_gc_pred_loss_only": true,
    "fpem_gc_inv_rho": 0.3,
    "fpem_gc_env_rho": 0.3,
    "fpem_gc_tau": 0.5,
    "fpem_gc_temp": 0.1,
    "fpem_gc_min_keep": 0.2,
    "fpem_gc_warmup_epochs": 10,
    "fpem_gc_route_min_samples": 2,