[StableST] loaded pretrained invariant AGCRN encoder and prediction head from /data/OuXiaoyu/STEVE_CODE/STEVE/experiments/NYCTaxi_TDS/pure_agcrn_seed2024/best_val_model.pth; missing=[] unexpected=[]
/data/OuXiaoyu/miniconda3/envs/basicts/lib/python3.11/site-packages/torch/optim/lr_scheduler.py:62: UserWarning: The verbose parameter is deprecated. Please use get_last_lr() to access the learning rate.
  warnings.warn(
[StableST] loaded pretrained invariant AGCRN encoder and prediction head from /data/OuXiaoyu/STEVE_CODE/STEVE/experiments/NYCTaxi_TDS/pure_agcrn_seed2024/best_val_model.pth; missing=[] unexpected=[]
{
  "args": {
    "seed": 2024,
    "device": "cuda:0",
    "mode": "train",
    "best_path": "/home/zhangwt/remote/StableST/experiments/NYCTaxi/20240510-014845/best_model.pth",
    "debug": false,
    "data_dir": "/data/OuXiaoyu/STEVE_CODE/STEVE/data",
    "dataset": "NYCTaxi_TDS",
    "input_length": 35,
    "batch_size": 16,
    "test_batch_size": 16,
    "graph_file": "/data/OuXiaoyu/STEVE_CODE/STEVE/data/NYCTaxi_TDS/adj_mx.npz",
    "num_nodes": 200,
    "len_closeness": 8,
    "len_period": 27,
    "len_trend": 0,
    "d_input": 2,
    "d_output": 2,
    "d_model": 64,
    "dropout": 0.1,
    "percent": 0.1,
    "shm_temp": 0.5,
    "nmb_prototype": 4,
    "yita": 0.5,
    "layers": 3,
    "K": 64,
    "bank_gamma": 0.2,
    "kw": 1,
    "mi_w": 2,
    "epochs": 100,
    "lr_init": 0.001,
    "early_stop": true,
    "early_stop_patience": 30,
    "grad_norm": true,
    "max_grad_norm": 5,
    "use_dwa": true,
    "temp": 2,
    "MMI": false,
    "lr_patience": 20,
    "lr_mode": "only",
    "use_RevIN": true,
    "ablation": "obs_k1_conservative_inv_override_regret_router",
    "config_filename": "/data/OuXiaoyu/STEVE_CODE/STEVE/configs/NYCTaxi.yaml",
    "model": "steve",
    "data_seed": 2024,
    "early_stop_test_avg_mae_epoch": 0,
    "early_stop_test_avg_mae_threshold": 12.0,
    "train_work_per_holiday": 2.5,
    "exp_name": "fpem_agcrn_aligned_pretrained_inv_conservative_inv_override_regret_router_0731_obs_k1_conservative_inv_override_regret_router_seed2024",
    "run_name": "fpem_agcrn_aligned_pretrained_inv_conservative_inv_override_regret_router_0731_obs_k1_conservative_inv_override_regret_router_seed2024",
    "result_root": "/data/OuXiaoyu/STEVE_CODE/STEVE/experiments/NYCTaxi_TDS",
    "resume": true,
    "resume_reset_patience": true,
    "best_selection_split": "test_avg",
    "max_train_batches": null,
    "max_eval_batches": null,
    "fpem_backbone": "agcrn",
    "agcrn_lr": 0.003,
    "agcrn_embed_dim": 10,
    "agcrn_rnn_units": 64,
    "agcrn_num_layers": 2,
    "agcrn_cheb_k": 2,
    "graphwavenet_layers": 4,
    "graphwavenet_kernel_size": 2,
    "graphwavenet_dropout": 0.1,
    "staeformer_layers": 2,
    "staeformer_heads": 4,
    "staeformer_dropout": 0.1,
    "staeformer_mlp_ratio": 2.0,
    "staeformer_input_length_max": 512,
    "fpem_use_pretrained_inv_agcrn": true,
    "fpem_pretrained_inv_agcrn_path": "/data/OuXiaoyu/STEVE_CODE/STEVE/experiments/NYCTaxi_TDS/pure_agcrn_seed2024/best_val_model.pth",
    "fpem_use_env_supervision": false,
    "fpem_lambda_env_day_cls": 0.0,
    "fpem_lambda_env_hour_cls": 0.0,
    "fpem_lambda_env_rush_cls": 0.0,
    "fpem_env_use_exogenous": true,
    "fpem_env_exogenous_hour_dim": 8,
    "fpem_env_exogenous_day_dim": 4,
    "fpem_env_exogenous_rush_dim": 4,
    "fpem_env_exogenous_load_dim": 8,
    "fpem_env_exogenous_load_num_embeddings": 6,
    "fpem_env_exogenous_scale": 0.1,
    "fpem_ignore_future_c": true,
    "fpem_use_load_level_experts": true,
    "fpem_load_level_k": 1,
    "fpem_load_level_mode": "train_quantile",
    "fpem_randomize_train_load_level": false,
    "fpem_random_load_level_seed": 20260727,
    "fpem_use_environment_gate": false,
    "fpem_environment_gate_hidden_dim": 64,
    "fpem_environment_gate_warmup_epochs": 5,
    "fpem_environment_gate_margin_relative": 0.01,
    "fpem_environment_gate_temperature": 0.05,
    "fpem_lambda_environment_gate": 1.0,
    "fpem_lambda_load_expert": 0.2,
    "fpem_conservative_inv_override": true,
    "fpem_override_margin": 0.0,
    "fpem_override_threshold": 0.5,
    "fpem_override_threshold_grid": "0.50,0.55,0.60,0.65,0.70,0.75,0.80,0.85,0.90,0.95",
    "fpem_override_margin_grid": "",
    "fpem_override_threshold_selection_split": "val",
    "fpem_override_weight_min": 0.0,
    "fpem_override_weight_max": 20.0,
    "fpem_harmful_switch_weight": 2.0,
    "fpem_override_router_loss_weight": 1.0,
    "fpem_use_env_supcon": false,
    "fpem_lambda_env_supcon": 0.0,
    "fpem_env_supcon_temperature": 0.1,
    "fpem_use_inv_projector": false,
    "fpem_use_inv_env_adversarial": false,
    "fpem_lambda_inv_env_adv": 0.0,
    "fpem_grl_alpha": 1.0,
    "fpem_env_route_head_mode": "hyper_inv_film_proto_input_add",
    "fpem_use_env_prototype_router": false,
    "fpem_env_route_target_mode": "env_prototype",
    "fpem_env_route_train_mode": "soft_oracle",
    "fpem_env_route_inference_mode": "mlp",
    "fpem_env_prototype_temperature": 1.0,
    "fpem_env_route_hybrid_alpha": 1.0,
    "fpem_env_route_hybrid_alpha_start": 1.0,
    "fpem_env_route_hybrid_alpha_end": 0.5,
    "fpem_env_route_hybrid_alpha_decay_epochs": 30,
    "fpem_use_sinkhorn_route": false,
    "fpem_force_uniform_route": false,
    "fpem_env_rep_ablation": "normal",
    "fpem_env_route_sinkhorn_tau": 1.0,
    "fpem_env_route_sinkhorn_iters": 5,
    "fpem_env_sinkhorn_prediction_alpha_start": 0.2,
    "fpem_env_sinkhorn_prediction_alpha_final": 1.0,
    "fpem_env_sinkhorn_environment_beta_start": 1.0,
    "fpem_env_sinkhorn_environment_beta_final": 0.2,
    "fpem_env_sinkhorn_schedule_start_epoch": 5,
    "fpem_env_sinkhorn_schedule_end_epoch": 15,
    "fpem_env_sinkhorn_temporal_lambda": 0.05,
    "fpem_env_sinkhorn_gaussian_ema": 0.05,
    "fpem_env_sinkhorn_gaussian_min_var": 0.0001,
    "fpem_sinkhorn_warmup_epochs": 10,
    "fpem_sinkhorn_soft_end_epoch": 20,
    "fpem_sinkhorn_temperature_start": 1.0,
    "fpem_sinkhorn_temperature_final": 0.3,
    "fpem_sinkhorn_lambda_common": 0.1,
    "fpem_risk_router_temperature": 1.0,
    "fpem_risk_router_lambda": 0.5,
    "fpem_risk_router_pairwise_lambda": 0.0,
    "fpem_env_teacher_ema_momentum": 0.995,
    "fpem_env_partition_start_epoch": 5,
    "fpem_env_partition_update_interval": 5,
    "fpem_env_partition_freeze_last_epochs": 15,
    "fpem_env_partition_max_batches": -1,
    "fpem_env_max_clusters": 6,
    "fpem_env_min_cluster_ratio": 0.08,
    "fpem_env_gmm_n_init": 10,
    "fpem_env_gmm_variance_floor": 0.0001,
    "fpem_env_progressive_lambda_common": 0.2,
    "fpem_env_cluster_compactness_lambda": 0.01,
    "fpem_env_cluster_consistency_lambda": 0.05,
    "fpem_env_split_perturb_std": 1e-05,
    "fpem_sinkhorn_iters": 3,
    "fpem_sinkhorn_epsilon": 0.05,
    "fpem_expert_uniform_warmup_epochs": 5,
    "fpem_env_route_balance_warmup_epochs": 10,
    "fpem_env_route_initial_temperature": 1.0,
    "fpem_env_route_final_temperature": 0.3,
    "fpem_use_cross_cov_sep": false,
    "fpem_lambda_cross_cov_sep": 0.0,
    "save_test_selected_checkpoints": true,
    "fpem_use_confounder_extractor": false,
    "fpem_use_env_mask": false,
    "fpem_confounder_use_mask": false,
    "fpem_lambda_mask_sparse": 0.0,
    "fpem_lambda_mask_entropy": 0.0,
    "fpem_lambda_inv_pred": 0.2,
    "fpem_use_env_route": true,
    "fpem_env_route_k": 1,
    "fpem_env_route_warmup_epochs": 0,
    "fpem_env_route_tau": 1.0,
    "fpem_env_route_oracle_tau": 0.3,
    "fpem_env_route_hidden_dim": 64,
    "fpem_env_route_lambda_final": 1.0,
    "fpem_env_route_lambda_global": 0.0,
    "fpem_env_route_lambda_route_soft": 0.0,
    "fpem_env_route_lambda_expert": 0.2,
    "fpem_env_route_lambda_router_oracle": 1.0,
    "fpem_env_route_lambda_balance": 0.0,
    "fpem_env_route_lambda_diverse": 0.0,
    "fpem_env_route_lambda_proto_align": 0.0,
    "fpem_env_route_lambda_entropy": 0.0,
    "fpem_hyper_alpha_mode": "fixed_one",
    "fpem_lambda_hyper_delta_norm": 0.0001,
    "fpem_use_club_mi": false,
    "fpem_lambda_club_mi": 0.0,
    "fpem_use_env_fusion": false,
    "fpem_env_route_use_inv_fallback_expert": false,
    "fpem_use_future_mi": false,
    "fpem_lambda_future_mi": 0.0,
    "fpem_future_mi_target_mode": "env_encoder",
    "fpem_future_mi_warmup_epochs": 5,
    "fpem_future_mi_hidden_dim": 64,
    "fpem_future_mi_detach_target": true,
    "fpem_use_swap": false,
    "fpem_lambda_swap": 0.0,
    "fpem_swap_warmup_epochs": 30,
    "fpem_swap_margin": 0.01,
    "fpem_swap_gain_eta": 0.0,
    "fpem_swap_gain_tau": 0.05,
    "fpem_lambda_swap_diff": 1.0,
    "fpem_lambda_swap_same": 0.05,
    "fpem_swap_only_diff_route": true,
    "fpem_swap_detach_inv": true,
    "fpem_swap_detach_env": false,
    "fpem_use_swap_fallback_router_loss": false,
    "fpem_lambda_swap_fallback_router": 0.0,
    "fpem_use_grad_consensus": false,
    "fpem_gc_pred_loss_only": true,
    "fpem_use_observable_load_prior": true,
    "fpem_observable_load_prior_cache": "/data/OuXiaoyu/STEVE_CODE/STEVE/data/NYCTaxi/observable_load_prior_k3_v1.npz",
    "fpem_observable_load_random_seed": 314159,
    "fpem_use_random_balanced_assignment": false,
    "fpem_use_hard_environment_router": false,
    "fpem_hard_router_hidden_dim": 64,
    "fpem_hard_router_warmup_epochs": 0,
    "fpem_lambda_hard_router": 0.0,
    "git_commit": "1b38ed8",
    "log_dir": "/data/OuXiaoyu/STEVE_CODE/STEVE/experiments/NYCTaxi_TDS/fpem_agcrn_aligned_pretrained_inv_conservative_inv_override_regret_router_0731_obs_k1_conservative_inv_override_regret_router_seed2024",
    "fpem_observable_load_prior_summary": {
      "path": "/data/OuXiaoyu/STEVE_CODE/STEVE/data/NYCTaxi/observable_load_prior_k3_v1.npz",
      "cache_version": 1,
      "created": false,
      "CP_shape": [
        200,
        2
      ],
      "CP_zero_count": 0,
      "thresholds": [
        0.165,
        0.20350000000000001
      ],
      "random_assignment_seed": 314159,
      "metadata": {
        "cache_version": 1,
        "formula": "c_obs=clip(ceil(5*x[:,-1]/CP),0,5); CP=max(train_x,axis=(0,1)); CP==0 -> c_obs=0",
        "load_score": "mean(c_obs/5 over nodes and channels)",
        "quantiles": [
          0.3333333333333333,
          0.6666666666666666
        ],
        "random_assignment_seed": 314159,
        "source_x_shapes": {
          "test": [
            546,
            35,
            200,
            2
          ],
          "train": [
            1912,
            35,
            200,
            2
          ],
          "val": [
            274,
            35,
            200,
            2
          ]
        },
        "threshold_fit_split": "train",
        "uses_stored_c": false,
        "uses_target_y": false
      },
      "splits": {
        "train": {
          "samples": 1912,
          "c_obs_shape": [
            1912,
            200,
            2
          ],
          "score_min": 0.005,
          "score_max": 0.32,
          "expert_counts": [
            639,
            636,
            637
          ],
          "random_expert_counts": [
            639,
            636,
            637
          ]
        },
        "val": {
          "samples": 274,
          "c_obs_shape": [
            274,
            200,
            2
          ],
          "score_min": 0.0925,
          "score_max": 0.311,
          "expert_counts": [
            73,
            81,
            120
          ],
          "random_expert_counts": [
            73,
            81,
            120
          ]
        },
        "test": {
          "samples": 546,
          "c_obs_shape": [
            546,
            200,
            2
          ],
          "score_min": 0.08850000000000001,
          "score_max": 0.331,
          "expert_counts": [
            125,
            183,
            238
          ],
          "random_expert_counts": [
            125,
            183,
            238
          ]
        }
      }
    },
    "fpem_load_level_thresholds": [],
    "fpem_load_level_train_counts": [
      1912
    ],
    "fpem_load_level_source": "cached c_obs=clip(ceil(5*x[:, -1]/train-only CP),0,5)",
    "fpem_load_level_threshold_fit_split": "raw train",
    "fpem_load_level_uses_target_or_future_load": false,
    "fpem_input_scaler_mean": 38.48429196519959,
    "fpem_input_scaler_std": 103.72333844876623
  },
  "counts": {
    "train_total": 1680,
    "train_workday": 1200,
    "train_holiday": 480,
    "train_workday_holiday_ratio": 2.5,
    "val_total": 274,
    "val_workday": 178,
    "val_holiday": 96,
    "test_total": 546,
    "test_workday": 354,
    "test_holiday": 192,
    "train_shuffle": true,
    "train_chronological_for_env_sinkhorn_temporal": false,
    "traffic_load_c_audit": {
      "ignored": true,
      "loaded_into_training_or_inference": false,
      "reason": "stored c is derived from future y[:,0]"
    },
    "observable_load_prior": {
      "path": "/data/OuXiaoyu/STEVE_CODE/STEVE/data/NYCTaxi/observable_load_prior_k3_v1.npz",
      "cache_version": 1,
      "created": false,
      "CP_shape": [
        200,
        2
      ],
      "CP_zero_count": 0,
      "thresholds": [
        0.165,
        0.20350000000000001
      ],
      "random_assignment_seed": 314159,
      "metadata": {
        "cache_version": 1,
        "formula": "c_obs=clip(ceil(5*x[:,-1]/CP),0,5); CP=max(train_x,axis=(0,1)); CP==0 -> c_obs=0",
        "load_score": "mean(c_obs/5 over nodes and channels)",
        "quantiles": [
          0.3333333333333333,
          0.6666666666666666
        ],
        "random_assignment_seed": 314159,
        "source_x_shapes": {
          "test": [
            546,
            35,
            200,
            2
          ],
          "train": [
            1912,
            35,
            200,
            2
          ],
          "val": [
            274,
            35,
            200,
            2
          ]
        },
        "threshold_fit_split": "train",
        "uses_stored_c": false,
        "uses_target_y": false
      },
      "splits": {
        "train": {
          "samples": 1912,
          "c_obs_shape": [
            1912,
            200,
            2
          ],
          "score_min": 0.005,
          "score_max": 0.32,
          "expert_counts": [
            639,
            636,
            637
          ],
          "random_expert_counts": [
            639,
            636,
            637
          ]
        },
        "val": {
          "samples": 274,
          "c_obs_shape": [
            274,
            200,
            2
          ],
          "score_min": 0.0925,
          "score_max": 0.311,
          "expert_counts": [
            73,
            81,
            120
          ],
          "random_expert_counts": [
            73,
            81,
            120
          ]
        },
        "test": {
          "samples": 546,
          "c_obs_shape": [
            546,
            200,
            2
          ],
          "score_min": 0.08850000000000001,
          "score_max": 0.331,
          "expert_counts": [
            125,
            183,
            238
          ],
          "random_expert_counts": [
            125,
            183,
            238
          ]
        }
      }
    },
    "load_level_source": "cached c_obs=clip(ceil(5*x[:, -1]/train-only CP),0,5)",
    "load_level_threshold_fit_split": "raw train",
    "load_level_thresholds": [],
    "load_level_train_counts": [
      1912
    ],
    "load_level_uses_target_or_future_load": false
  },
  "trainable_params": 844094,
  "frozen_params": 1625073,
  "optimizer_params": 844094,
  "resume_start_epoch": 10,
  "top_level_prediction_source": "conservative_inv_override_hard_val_selected",
  "frozen_invariant_parameters": [
    "encoder_inv.node_embeddings",
    "encoder_inv.cells.0.gate.weights_pool",
    "encoder_inv.cells.0.gate.bias_pool",
    "encoder_inv.cells.0.update.weights_pool",
    "encoder_inv.cells.0.update.bias_pool",
    "encoder_inv.cells.1.gate.weights_pool",
    "encoder_inv.cells.1.gate.bias_pool",
    "encoder_inv.cells.1.update.weights_pool",
    "encoder_inv.cells.1.update.bias_pool",
    "tcl4h.weight",
    "tcl4h.bias",
    "invariant_predict_conv_2.weight",
    "invariant_predict_conv_2.bias"
  ],
  "trainable_invariant_parameters": [],
  "invariant_candidate_val": {
    "mae": 11.673948287963867,
    "mape": 0.18977294862270355
  }
}
CONSERVATIVE_OVERRIDE_THRESHOLD_SELECTION {"split": "val", "threshold": 0.5, "margin": 0.0, "mae": 11.65368366241455, "loss": 11.866394016477797, "mape": 0.18974809348583221, "confirmed_result": {"loss": 11.866394016477797, "mae": 11.65368366241455, "mape": 0.18974809348583221}}
EPOCH {"epoch": 10, "train_loss": 20.165309678940545, "val": {"loss": 11.866394016477797, "mae": 11.65368366241455, "mape": 0.18974809348583221}, "test_mixed": {"loss": 10.664371068137033, "mae": 10.653790473937988, "mape": 0.17465980350971222}, "test_workday": {"loss": 10.528423744699229, "mae": 10.556901931762695, "mape": 0.17461827397346497}, "test_holiday": {"loss": 10.89091153939565, "mae": 10.821806907653809, "mape": 0.17473182082176208}, "test_avg_mae": 10.689354419708252, "best_selection_value": 10.689354419708252, "best_selection_split": "test_avg_DIAGNOSTIC", "best_selection_metric": "test_avg_mae", "lr": 0.001, "fpem_logs": {"fpem/fpem_env_use_exogenous": 1.0, "fpem/env_exogenous_available": 1.0, "fpem/env_exogenous_time_available": 1.0, "fpem/env_exogenous_load_available": 1.0, "fpem/env_exogenous_feature_dim": 32.0, "fpem/env_exogenous_embedding_norm": 2.701082016172863, "fpem/env_exogenous_load_embedding_norm": 1.925386761483692, "fpem/env_rep_ablation_normal": 1.0, "fpem/env_rep_ablation_zero": 0.0, "fpem/env_rep_ablation_shuffle_batch": 0.0, "fpem/env_rep_ablation_mode_id": 0.0, "fpem/mask_loss": 0.0, "fpem/mask_sparse_loss": 0.0, "fpem/mask_entropy_loss": 0.0, "fpem/mask_mean": 1.0, "fpem/mask_entropy": 0.0, "fpem/mask_active_ratio": 1.0, "fpem/fusion_alpha_mean": 0.0, "fpem/fusion_alpha_std": 0.0, "fpem/fusion_alpha_min": 0.0, "fpem/fusion_alpha_max": 0.0, "fpem/env_route_loss": 4.162198872793288, "fpem/env_route_L_final": 16.003110849289666, "fpem/env_route_L_global": 0.0, "fpem/env_route_L_route_soft": 0.0, "fpem/env_route_L_expert": 16.487315759204684, "fpem/env_route_L_router_oracle": 0.864735699693362, "fpem/env_route_L_balance": 0.0, "fpem/env_route_L_diverse": 0.0, "fpem/env_route_L_proto_align": 0.0, "fpem/env_route_entropy": 0.0, "fpem/env_route_q_max_mean": 0.0, "fpem/hyper_alpha_mean": 0.0, "fpem/hyper_delta_norm": 0.0, "fpem/hyper_route_proto_mode_uniform_warmup": 0.0, "fpem/hyper_route_proto_mode_uniform_fixed": 0.0, "fpem/hyper_route_proto_mode_sinkhorn": 0.0, "fpem/hyper_route_proto_mode_softmax": 0.0, "fpem/fallback_q_mean": 0.18154761904761904, "fpem/fallback_q_max": 0.0, "fpem/env_q_sum_mean": 0.8184523809523809, "fpem/oracle_fallback_rate": 0.0, "fpem/route_count_fallback": 0.0, "fpem/env_route_head_mode": 1.0, "fpem/route_entropy_mean": 0.0, "fpem/route_mean_distribution_entropy": 0.0, "fpem/effective_expert_number": 1.0, "fpem/max_expert_usage_ratio": 0.0, "fpem/min_expert_usage_ratio": 0.0, "fpem/prototype_pairwise_cosine": 0.0, "fpem/expert_prediction_pairwise_cosine": 0.0, "fpem/expert_collapse_warning": 0.0, "fpem/env_route_target_mode_env_prototype": 0.0, "fpem/env_route_target_mode_hybrid": 0.0, "fpem/env_route_hybrid_alpha": 0.0, "fpem/env_route_train_mode_warmup_risk_sinkhorn": 0.0, "fpem/warmup_risk_stage_warmup": 0.0, "fpem/warmup_risk_stage_soft": 0.0, "fpem/warmup_risk_stage_hard": 0.0, "fpem/warmup_risk_selected_loss": 0.0, "fpem/warmup_risk_uniform_common_loss": 0.0, "fpem/warmup_risk_lambda_common": 0.0, "fpem/warmup_risk_total_common_term": 0.0, "fpem/warmup_risk_temperature": 0.0, "fpem/warmup_risk_temperature_progress": 0.0, "fpem/uniform_expert_mae": 0.0, "fpem/risk_routed_mae": 0.0, "fpem/risk_prediction_mae": 0.0, "fpem/risk_loss": 0.0, "fpem/risk_ranking_loss": 0.0, "fpem/risk_ranking_accuracy": 0.0, "fpem/risk_oracle_argmin_accuracy": 0.0, "fpem/risk_router_temperature": 0.0, "fpem/risk_router_lambda": 0.0, "fpem/risk_router_pairwise_lambda": 0.0, "fpem/env_route_train_mode_progressive_gmm_environment": 0.0, "fpem/top_level_prediction_source_progressive_gmm_teacher_hard": 0.0, "fpem/progressive_assignment_uses_target_or_prediction_error": 0.0, "fpem/progressive_partition_ready": 0.0, "fpem/progressive_selected_k": 0.0, "fpem/progressive_active_expert_count": 0.0, "fpem/progressive_last_partition_epoch": 0.0, "fpem/progressive_lambda_common": 0.0, "fpem/progressive_common_term": 0.0, "fpem/progressive_compactness_loss": 0.0, "fpem/progressive_consistency_loss": 0.0, "fpem/progressive_cluster_entropy": 0.0, "fpem/progressive_assignment_change_ratio": 0.0, "fpem/progressive_hungarian_overlap_score": 0.0, "fpem/progressive_partition_update_time_sec": 0.0, "fpem/progressive_routed_mae": 0.0, "fpem/progressive_gmm_environment_total_replaces_primary": 0.0, "fpem/env_route_count_head_0": 16.0, "fpem/env_route_oracle_count_head_0": 16.0, "fpem/route_count_env_head_0": 16.0, "fpem/route_soft_mean_expert_0": 1.0, "fpem/route_hard_count_expert_0": 16.0, "fpem/hard_count_expert_0": 16.0, "fpem/sinkhorn_soft_col_mass_expert_0": 0.0, "fpem/progressive_active_expert_0": 0.0, "fpem/progressive_cluster_size_0": 0.0, "fpem/progressive_cluster_ratio_0": 0.0, "fpem/progressive_cluster_to_expert_0": 0.0, "fpem/progressive_bic_k1": 0.0, "fpem/progressive_bic_score_k1": 0.0, "fpem/progressive_bic_rejected_k1": 0.0, "fpem/hyper_alpha_head_0": 0.0, "fpem/hyper_gamma_norm_head_0": 0.0, "fpem/hyper_beta_norm_head_0": 0.0, "fpem/expert_cross_mae_group_0_expert_0": 16.487315759204684, "fpem/load_expert_loss": 16.487315759204684, "fpem/conservative_override_router_loss": 0.864735699693362, "fpem/hard_router_loss": 0.864735699693362, "fpem/load_level_assignment_detached": 1.0, "fpem/load_level_count_0": 1680.0, "fpem/load_level_ratio_0": 1.0, "fpem/expert_0_global_loss": 16.487315759204684, "fpem/expert_0_selected_loss": 16.487315759204684, "fpem/conservative_all_environment_mae": 16.487315759204684, "fpem/conservative_all_invariant_mae": 9.662237521580288, "fpem/conservative_selective_hard_routing_mae": 16.365521603538877, "fpem/conservative_oracle_mae": 9.54030586424328, "fpem/conservative_router_accuracy": 0.4869047619047619, "fpem/conservative_router_balanced_accuracy": 0.40710903235844204, "fpem/conservative_invariant_switch_coverage": 0.18154761904761904, "fpem/conservative_invariant_switch_precision": 0.18181283062412626, "fpem/conservative_correct_beneficial_switches": 2.123809523809524, "fpem/conservative_harmful_invariant_switches": 0.780952380952381, "fpem/conservative_saved_loss_from_correct_switches": 0.1343699316183726, "fpem/conservative_added_loss_from_harmful_switches": 0.012575756368182955, "fpem/conservative_net_routing_gain": 0.12179415566580636, "fpem/conservative_oracle_gap_closed": 0.06552078383309501, "fpem/conservative_selected_threshold": 0.5, "fpem/conservative_selected_margin": 0.0, "fpem/conservative_delta_mean": 6.82507824259145, "fpem/conservative_delta_positive_ratio": 0.5970238095238095, "fpem/conservative_target_inv_ratio": 0.5970238095238095, "fpem/conservative_p_inv_mean": 0.2828428225148292, "fpem/conservative_p_inv_min": 0.1549192593566009, "fpem/conservative_p_inv_max": 0.39409917834259217, "fpem/conservative_prediction_is_hard_route": 1.0, "fpem/conservative_prediction_is_soft_fusion": 0.0, "fpem/conservative_router_target_detached": 1.0, "fpem/conservative_delta_detached": 1.0, "fpem/conservative_harmful_switch_weight": 2.0, "fpem/hard_router_predicted_env_ratio": 0.8184523809523809, "fpem/hard_router_effective_env_ratio": 0.8184523809523809, "fpem/hard_router_target_env_ratio": 0.4029761904761905, "fpem/hard_router_gain_mean": 6.82507824259145, "fpem/hard_router_margin_mean": 0.0, "fpem/conservative_router_supervision_enabled": 1.0, "fpem/conservative_router_weight_mean": 0.9999999937557039, "fpem/conservative_router_weight_min": 0.2330308666408417, "fpem/conservative_router_weight_max": 2.5819249028251283, "fpem/expert_prediction_pairwise_difference": 0.0, "fpem/delta_pairwise_cosine": 0.0, "fpem/delta_pairwise_l1": 0.0, "fpem/delta_pairwise_l2": 0.0, "fpem/expert_0_parameter_norm": 14.876623825799852, "fpem/hard_binary_router_enabled": 1.0, "fpem/hard_router_uses_target_in_forward": 0.0, "fpem/stored_future_c_loaded": 0.0, "fpem/prediction_is_weighted_complete_fusion": 0.0, "fpem/prediction_is_hard_route": 1.0, "fpem/conservative_inv_override_enabled": 1.0, "fpem/conservative_router_features_detached": 1.0, "fpem/future_mi_loss": 0.0, "fpem/future_mi_valid": 0.0, "fpem/future_mi_logvar_mean": 0.0, "fpem/future_mi_target_mode_env_encoder": 0.0, "fpem/swap_loss": 0.0, "fpem/swap_diff_loss": 0.0, "fpem/swap_same_loss": 0.0, "fpem/swap_gain_mean": 0.0, "fpem/swap_s_gain_mean": 0.0, "fpem/swap_fallback_router_loss": 0.0, "fpem/swap_fallback_q_mean": 0.0, "fpem/swap_prediction_delta": 0.0, "fpem/swap_route_delta": 0.0, "fpem/swap_hyper_alpha_delta": 0.0, "fpem/swap_hyper_delta_norm": 0.0, "fpem/loss_env_day": 0.0, "fpem/loss_env_hour": 0.0, "fpem/loss_env_rush": 0.0, "fpem/env_day_acc": 0.0, "fpem/env_hour_acc": 0.0, "fpem/env_rush_acc": 0.0, "fpem/loss_env_supcon": 0.0, "fpem/env_supcon_valid_pairs": 0.0, "fpem/loss_inv_env_adv": 0.0, "fpem/inv_day_acc": 0.0, "fpem/inv_hour_acc": 0.0, "fpem/inv_rush_acc": 0.0, "fpem/loss_cross_cov_sep": 0.0, "fpem/load_level_experts_enabled": 1.0, "fpem/load_level_uses_target_or_future_load": 0.0, "fpem/environment_gate_uses_target_in_forward": 0.0, "fpem/load_level_env_residual_scale": 0.0, "fpem/uses_cached_observable_load_prior": 1.0, "fpem/primary_loss": 16.003110849289666, "fpem/inv_pred_loss": 9.217472698574975, "fpem/primary_uses_route": 1.0, "fpem/primary_uses_env_fusion": 0.0, "fpem/backbone_agcrn": 1.0, "fpem/backbone_graphwavenet": 0.0, "fpem/backbone_staeformer": 0.0, "fpem/gc_pred_loss_only": 1.0, "fpem/env_route_head_mode_hyper_proto": 1.0, "fpem/fpem_force_uniform_route": 0.0, "fpem/hard_prediction_sinkhorn_total_replaces_primary": 0.0, "fpem/hard_prediction_environment_sinkhorn_total_replaces_primary": 0.0, "fpem/warmup_risk_sinkhorn_total_replaces_primary": 0.0, "fpem/lambda_club_mi": 0.0}, "conservative_override_threshold_selection": {"split": "val", "threshold": 0.5, "margin": 0.0, "mae": 11.65368366241455, "loss": 11.866394016477797, "mape": 0.18974809348583221, "confirmed_result": {"loss": 11.866394016477797, "mae": 11.65368366241455, "mape": 0.18974809348583221}}}
CONSERVATIVE_OVERRIDE_THRESHOLD_SELECTION {"split": "val", "threshold": 0.5, "margin": 0.0, "mae": 11.64869499206543, "loss": 11.850038316514757, "mape": 0.18120260536670685, "confirmed_result": {"loss": 11.850038316514757, "mae": 11.64869499206543, "mape": 0.18120260536670685}}
EPOCH {"epoch": 11, "train_loss": 29.618539828345888, "val": {"loss": 11.850038316514757, "mae": 11.64869499206543, "mape": 0.18120260536670685}, "test_mixed": {"loss": 10.653284617832728, "mae": 10.651259422302246, "mape": 0.16722913086414337}, "test_workday": {"loss": 10.529209841852603, "mae": 10.567139625549316, "mape": 0.16792698204517365}, "test_holiday": {"loss": 10.858555754025778, "mae": 10.797130584716797, "mape": 0.1660189926624298}, "test_avg_mae": 10.682135105133057, "best_selection_value": 10.682135105133057, "best_selection_split": "test_avg_DIAGNOSTIC", "best_selection_metric": "test_avg_mae", "lr": 0.001, "fpem_logs": {"fpem/fpem_env_use_exogenous": 1.0, "fpem/env_exogenous_available": 1.0, "fpem/env_exogenous_time_available": 1.0, "fpem/env_exogenous_load_available": 1.0, "fpem/env_exogenous_feature_dim": 32.0, "fpem/env_exogenous_embedding_norm": 2.710221846898397, "fpem/env_exogenous_load_embedding_norm": 1.9322815985906692, "fpem/env_rep_ablation_normal": 1.0, "fpem/env_rep_ablation_zero": 0.0, "fpem/env_rep_ablation_shuffle_batch": 0.0, "fpem/env_rep_ablation_mode_id": 0.0, "fpem/mask_loss": 0.0, "fpem/mask_sparse_loss": 0.0, "fpem/mask_entropy_loss": 0.0, "fpem/mask_mean": 1.0, "fpem/mask_entropy": 0.0, "fpem/mask_active_ratio": 1.0, "fpem/fusion_alpha_mean": 0.0, "fpem/fusion_alpha_std": 0.0, "fpem/fusion_alpha_min": 0.0, "fpem/fusion_alpha_max": 0.0, "fpem/env_route_loss": 2.3822414875030518, "fpem/env_route_L_final": 9.108146476745606, "fpem/env_route_L_global": 0.0, "fpem/env_route_L_route_soft": 0.0, "fpem/env_route_L_expert": 9.536153752463205, "fpem/env_route_L_router_oracle": 0.4750107106708345, "fpem/env_route_L_balance": 0.0, "fpem/env_route_L_diverse": 0.0, "fpem/env_route_L_proto_align": 0.0, "fpem/env_route_entropy": 0.0, "fpem/env_route_q_max_mean": 0.0, "fpem/hyper_alpha_mean": 0.0, "fpem/hyper_delta_norm": 0.0, "fpem/hyper_route_proto_mode_uniform_warmup": 0.0, "fpem/hyper_route_proto_mode_uniform_fixed": 0.0, "fpem/hyper_route_proto_mode_sinkhorn": 0.0, "fpem/hyper_route_proto_mode_softmax": 0.0, "fpem/fallback_q_mean": 0.0, "fpem/fallback_q_max": 0.0, "fpem/env_q_sum_mean": 1.0, "fpem/oracle_fallback_rate": 0.0, "fpem/route_count_fallback": 0.0, "fpem/env_route_head_mode": 1.0, "fpem/route_entropy_mean": 0.0, "fpem/route_mean_distribution_entropy": 0.0, "fpem/effective_expert_number": 1.0, "fpem/max_expert_usage_ratio": 0.0, "fpem/min_expert_usage_ratio": 0.0, "fpem/prototype_pairwise_cosine": 0.0, "fpem/expert_prediction_pairwise_cosine": 0.0, "fpem/expert_collapse_warning": 0.0, "fpem/env_route_target_mode_env_prototype": 0.0, "fpem/env_route_target_mode_hybrid": 0.0, "fpem/env_route_hybrid_alpha": 0.0, "fpem/env_route_train_mode_warmup_risk_sinkhorn": 0.0, "fpem/warmup_risk_stage_warmup": 0.0, "fpem/warmup_risk_stage_soft": 0.0, "fpem/warmup_risk_stage_hard": 0.0, "fpem/warmup_risk_selected_loss": 0.0, "fpem/warmup_risk_uniform_common_loss": 0.0, "fpem/warmup_risk_lambda_common": 0.0, "fpem/warmup_risk_total_common_term": 0.0, "fpem/warmup_risk_temperature": 0.0, "fpem/warmup_risk_temperature_progress": 0.0, "fpem/uniform_expert_mae": 0.0, "fpem/risk_routed_mae": 0.0, "fpem/risk_prediction_mae": 0.0, "fpem/risk_loss": 0.0, "fpem/risk_ranking_loss": 0.0, "fpem/risk_ranking_accuracy": 0.0, "fpem/risk_oracle_argmin_accuracy": 0.0, "fpem/risk_router_temperature": 0.0, "fpem/risk_router_lambda": 0.0, "fpem/risk_router_pairwise_lambda": 0.0, "fpem/env_route_train_mode_progressive_gmm_environment": 0.0, "fpem/top_level_prediction_source_progressive_gmm_teacher_hard": 0.0, "fpem/progressive_assignment_uses_target_or_prediction_error": 0.0, "fpem/progressive_partition_ready": 0.0, "fpem/progressive_selected_k": 0.0, "fpem/progressive_active_expert_count": 0.0, "fpem/progressive_last_partition_epoch": 0.0, "fpem/progressive_lambda_common": 0.0, "fpem/progressive_common_term": 0.0, "fpem/progressive_compactness_loss": 0.0, "fpem/progressive_consistency_loss": 0.0, "fpem/progressive_cluster_entropy": 0.0, "fpem/progressive_assignment_change_ratio": 0.0, "fpem/progressive_hungarian_overlap_score": 0.0, "fpem/progressive_partition_update_time_sec": 0.0, "fpem/progressive_routed_mae": 0.0, "fpem/progressive_gmm_environment_total_replaces_primary": 0.0, "fpem/env_route_count_head_0": 16.0, "fpem/env_route_oracle_count_head_0": 16.0, "fpem/route_count_env_head_0": 16.0, "fpem/route_soft_mean_expert_0": 1.0, "fpem/route_hard_count_expert_0": 16.0, "fpem/hard_count_expert_0": 16.0, "fpem/sinkhorn_soft_col_mass_expert_0": 0.0, "fpem/progressive_active_expert_0": 0.0, "fpem/progressive_cluster_size_0": 0.0, "fpem/progressive_cluster_ratio_0": 0.0, "fpem/progressive_cluster_to_expert_0": 0.0, "fpem/progressive_bic_k1": 0.0, "fpem/progressive_bic_score_k1": 0.0, "fpem/progressive_bic_rejected_k1": 0.0, "fpem/hyper_alpha_head_0": 0.0, "fpem/hyper_gamma_norm_head_0": 0.0, "fpem/hyper_beta_norm_head_0": 0.0, "fpem/expert_cross_mae_group_0_expert_0": 9.536153752463205, "fpem/load_expert_loss": 9.536153752463205, "fpem/conservative_override_router_loss": 0.4750107106708345, "fpem/hard_router_loss": 0.4750107106708345, "fpem/load_level_assignment_detached": 1.0, "fpem/load_level_count_0": 1680.0, "fpem/load_level_ratio_0": 1.0, "fpem/expert_0_global_loss": 9.536153752463205, "fpem/expert_0_selected_loss": 9.536153752463205, "fpem/conservative_all_environment_mae": 9.536153752463205, "fpem/conservative_all_invariant_mae": 9.662237448919386, "fpem/conservative_selective_hard_routing_mae": 9.536153752463205, "fpem/conservative_oracle_mae": 9.455103420075917, "fpem/conservative_router_accuracy": 0.6505952380952381, "fpem/conservative_router_balanced_accuracy": 0.5, "fpem/conservative_invariant_switch_coverage": 0.0, "fpem/conservative_invariant_switch_precision": 0.0, "fpem/conservative_correct_beneficial_switches": 0.0, "fpem/conservative_harmful_invariant_switches": 0.0, "fpem/conservative_saved_loss_from_correct_switches": 0.0, "fpem/conservative_added_loss_from_harmful_switches": 0.0, "fpem/conservative_net_routing_gain": 0.0, "fpem/conservative_oracle_gap_closed": 0.0, "fpem/conservative_selected_threshold": 0.5, "fpem/conservative_selected_margin": 0.0, "fpem/conservative_delta_mean": -0.12608370667412166, "fpem/conservative_delta_positive_ratio": 0.3494047619047619, "fpem/conservative_target_inv_ratio": 0.3494047619047619, "fpem/conservative_p_inv_mean": 0.15906839001746403, "fpem/conservative_p_inv_min": 0.08435480566251846, "fpem/conservative_p_inv_max": 0.26219466761464166, "fpem/conservative_prediction_is_hard_route": 1.0, "fpem/conservative_prediction_is_soft_fusion": 0.0, "fpem/conservative_router_target_detached": 1.0, "fpem/conservative_delta_detached": 1.0, "fpem/conservative_harmful_switch_weight": 2.0, "fpem/hard_router_predicted_env_ratio": 1.0, "fpem/hard_router_effective_env_ratio": 1.0, "fpem/hard_router_target_env_ratio": 0.6505952380952381, "fpem/hard_router_gain_mean": -0.12608370667412166, "fpem/hard_router_margin_mean": 0.0, "fpem/conservative_router_supervision_enabled": 1.0, "fpem/conservative_router_weight_mean": 0.9999999948910304, "fpem/conservative_router_weight_min": 0.06916275717251535, "fpem/conservative_router_weight_max": 3.065082201503572, "fpem/expert_prediction_pairwise_difference": 0.0, "fpem/delta_pairwise_cosine": 0.0, "fpem/delta_pairwise_l1": 0.0, "fpem/delta_pairwise_l2": 0.0, "fpem/expert_0_parameter_norm": 14.89389261518206, "fpem/hard_binary_router_enabled": 1.0, "fpem/hard_router_uses_target_in_forward": 0.0, "fpem/stored_future_c_loaded": 0.0, "fpem/prediction_is_weighted_complete_fusion": 0.0, "fpem/prediction_is_hard_route": 1.0, "fpem/conservative_inv_override_enabled": 1.0, "fpem/conservative_router_features_detached": 1.0, "fpem/future_mi_loss": 0.0, "fpem/future_mi_valid": 0.0, "fpem/future_mi_logvar_mean": 0.0, "fpem/future_mi_target_mode_env_encoder": 0.0, "fpem/swap_loss": 0.0, "fpem/swap_diff_loss": 0.0, "fpem/swap_same_loss": 0.0, "fpem/swap_gain_mean": 0.0, "fpem/swap_s_gain_mean": 0.0, "fpem/swap_fallback_router_loss": 0.0, "fpem/swap_fallback_q_mean": 0.0, "fpem/swap_prediction_delta": 0.0, "fpem/swap_route_delta": 0.0, "fpem/swap_hyper_alpha_delta": 0.0, "fpem/swap_hyper_delta_norm": 0.0, "fpem/loss_env_day": 0.0, "fpem/loss_env_hour": 0.0, "fpem/loss_env_rush": 0.0, "fpem/env_day_acc": 0.0, "fpem/env_hour_acc": 0.0, "fpem/env_rush_acc": 0.0, "fpem/loss_env_supcon": 0.0, "fpem/env_supcon_valid_pairs": 0.0, "fpem/loss_inv_env_adv": 0.0, "fpem/inv_day_acc": 0.0, "fpem/inv_hour_acc": 0.0, "fpem/inv_rush_acc": 0.0, "fpem/loss_cross_cov_sep": 0.0, "fpem/load_level_experts_enabled": 1.0, "fpem/load_level_uses_target_or_future_load": 0.0, "fpem/environment_gate_uses_target_in_forward": 0.0, "fpem/load_level_env_residual_scale": 0.0, "fpem/uses_cached_observable_load_prior": 1.0, "fpem/primary_loss": 9.108146476745606, "fpem/inv_pred_loss": 9.213046160198394, "fpem/primary_uses_route": 1.0, "fpem/primary_uses_env_fusion": 0.0, "fpem/backbone_agcrn": 1.0, "fpem/backbone_graphwavenet": 0.0, "fpem/backbone_staeformer": 0.0, "fpem/gc_pred_loss_only": 1.0, "fpem/env_route_head_mode_hyper_proto": 1.0, "fpem/fpem_force_uniform_route": 0.0, "fpem/hard_prediction_sinkhorn_total_replaces_primary": 0.0, "fpem/hard_prediction_environment_sinkhorn_total_replaces_primary": 0.0, "fpem/warmup_risk_sinkhorn_total_replaces_primary": 0.0, "fpem/lambda_club_mi": 0.0}, "conservative_override_threshold_selection": {"split": "val", "threshold": 0.5, "margin": 0.0, "mae": 11.64869499206543, "loss": 11.850038316514757, "mape": 0.18120260536670685, "confirmed_result": {"loss": 11.850038316514757, "mae": 11.64869499206543, "mape": 0.18120260536670685}}}
CONSERVATIVE_OVERRIDE_THRESHOLD_SELECTION {"split": "val", "threshold": 0.5, "margin": 0.0, "mae": 11.662994384765625, "loss": 11.868977944056192, "mape": 0.19415222108364105, "confirmed_result": {"loss": 11.868977944056192, "mae": 11.662994384765625, "mape": 0.19415222108364105}}
EPOCH {"epoch": 12, "train_loss": 10.752856899443128, "val": {"loss": 11.868977944056192, "mae": 11.662994384765625, "mape": 0.19415222108364105}, "test_mixed": {"loss": 10.649317632402692, "mae": 10.645865440368652, "mape": 0.17879751324653625}, "test_workday": {"loss": 10.514262323794158, "mae": 10.5499849319458, "mape": 0.17874537408351898}, "test_holiday": {"loss": 10.874249498049418, "mae": 10.8121337890625, "mape": 0.17888791859149933}, "test_avg_mae": 10.68105936050415, "best_selection_value": 10.68105936050415, "best_selection_split": "test_avg_DIAGNOSTIC", "best_selection_metric": "test_avg_mae", "lr": 0.001, "fpem_logs": {"fpem/fpem_env_use_exogenous": 1.0, "fpem/env_exogenous_available": 1.0, "fpem/env_exogenous_time_available": 1.0, "fpem/env_exogenous_load_available": 1.0, "fpem/env_exogenous_feature_dim": 32.0, "fpem/env_exogenous_embedding_norm": 2.7170754818689256, "fpem/env_exogenous_load_embedding_norm": 1.9396476439067296, "fpem/env_rep_ablation_normal": 1.0, "fpem/env_rep_ablation_zero": 0.0, "fpem/env_rep_ablation_shuffle_batch": 0.0, "fpem/env_rep_ablation_mode_id": 0.0, "fpem/mask_loss": 0.0, "fpem/mask_sparse_loss": 0.0, "fpem/mask_entropy_loss": 0.0, "fpem/mask_mean": 1.0, "fpem/mask_entropy": 0.0, "fpem/mask_active_ratio": 1.0, "fpem/fusion_alpha_mean": 0.0, "fpem/fusion_alpha_std": 0.0, "fpem/fusion_alpha_min": 0.0, "fpem/fusion_alpha_max": 0.0, "fpem/env_route_loss": 2.3414197013491678, "fpem/env_route_L_final": 9.089938649677094, "fpem/env_route_L_global": 0.0, "fpem/env_route_L_route_soft": 0.0, "fpem/env_route_L_expert": 9.5100188936506, "fpem/env_route_L_router_oracle": 0.43941588628859746, "fpem/env_route_L_balance": 0.0, "fpem/env_route_L_diverse": 0.0, "fpem/env_route_L_proto_align": 0.0, "fpem/env_route_entropy": 0.0, "fpem/env_route_q_max_mean": 0.0, "fpem/hyper_alpha_mean": 0.0, "fpem/hyper_delta_norm": 0.0, "fpem/hyper_route_proto_mode_uniform_warmup": 0.0, "fpem/hyper_route_proto_mode_uniform_fixed": 0.0, "fpem/hyper_route_proto_mode_sinkhorn": 0.0, "fpem/hyper_route_proto_mode_softmax": 0.0, "fpem/fallback_q_mean": 0.0, "fpem/fallback_q_max": 0.0, "fpem/env_q_sum_mean": 1.0, "fpem/oracle_fallback_rate": 0.0, "fpem/route_count_fallback": 0.0, "fpem/env_route_head_mode": 1.0, "fpem/route_entropy_mean": 0.0, "fpem/route_mean_distribution_entropy": 0.0, "fpem/effective_expert_number": 1.0, "fpem/max_expert_usage_ratio": 0.0, "fpem/min_expert_usage_ratio": 0.0, "fpem/prototype_pairwise_cosine": 0.0, "fpem/expert_prediction_pairwise_cosine": 0.0, "fpem/expert_collapse_warning": 0.0, "fpem/env_route_target_mode_env_prototype": 0.0, "fpem/env_route_target_mode_hybrid": 0.0, "fpem/env_route_hybrid_alpha": 0.0, "fpem/env_route_train_mode_warmup_risk_sinkhorn": 0.0, "fpem/warmup_risk_stage_warmup": 0.0, "fpem/warmup_risk_stage_soft": 0.0, "fpem/warmup_risk_stage_hard": 0.0, "fpem/warmup_risk_selected_loss": 0.0, "fpem/warmup_risk_uniform_common_loss": 0.0, "fpem/warmup_risk_lambda_common": 0.0, "fpem/warmup_risk_total_common_term": 0.0, "fpem/warmup_risk_temperature": 0.0, "fpem/warmup_risk_temperature_progress": 0.0, "fpem/uniform_expert_mae": 0.0, "fpem/risk_routed_mae": 0.0, "fpem/risk_prediction_mae": 0.0, "fpem/risk_loss": 0.0, "fpem/risk_ranking_loss": 0.0, "fpem/risk_ranking_accuracy": 0.0, "fpem/risk_oracle_argmin_accuracy": 0.0, "fpem/risk_router_temperature": 0.0, "fpem/risk_router_lambda": 0.0, "fpem/risk_router_pairwise_lambda": 0.0, "fpem/env_route_train_mode_progressive_gmm_environment": 0.0, "fpem/top_level_prediction_source_progressive_gmm_teacher_hard": 0.0, "fpem/progressive_assignment_uses_target_or_prediction_error": 0.0, "fpem/progressive_partition_ready": 0.0, "fpem/progressive_selected_k": 0.0, "fpem/progressive_active_expert_count": 0.0, "fpem/progressive_last_partition_epoch": 0.0, "fpem/progressive_lambda_common": 0.0, "fpem/progressive_common_term": 0.0, "fpem/progressive_compactness_loss": 0.0, "fpem/progressive_consistency_loss": 0.0, "fpem/progressive_cluster_entropy": 0.0, "fpem/progressive_assignment_change_ratio": 0.0, "fpem/progressive_hungarian_overlap_score": 0.0, "fpem/progressive_partition_update_time_sec": 0.0, "fpem/progressive_routed_mae": 0.0, "fpem/progressive_gmm_environment_total_replaces_primary": 0.0, "fpem/env_route_count_head_0": 16.0, "fpem/env_route_oracle_count_head_0": 16.0, "fpem/route_count_env_head_0": 16.0, "fpem/route_soft_mean_expert_0": 1.0, "fpem/route_hard_count_expert_0": 16.0, "fpem/hard_count_expert_0": 16.0, "fpem/sinkhorn_soft_col_mass_expert_0": 0.0, "fpem/progressive_active_expert_0": 0.0, "fpem/progressive_cluster_size_0": 0.0, "fpem/progressive_cluster_ratio_0": 0.0, "fpem/progressive_cluster_to_expert_0": 0.0, "fpem/progressive_bic_k1": 0.0, "fpem/progressive_bic_score_k1": 0.0, "fpem/progressive_bic_rejected_k1": 0.0, "fpem/hyper_alpha_head_0": 0.0, "fpem/hyper_gamma_norm_head_0": 0.0, "fpem/hyper_beta_norm_head_0": 0.0, "fpem/expert_cross_mae_group_0_expert_0": 9.5100188936506, "fpem/load_expert_loss": 9.5100188936506, "fpem/conservative_override_router_loss": 0.43941588628859746, "fpem/hard_router_loss": 0.43941588628859746, "fpem/load_level_assignment_detached": 1.0, "fpem/load_level_count_0": 1680.0, "fpem/load_level_ratio_0": 1.0, "fpem/expert_0_global_loss": 9.5100188936506, "fpem/expert_0_selected_loss": 9.5100188936506, "fpem/conservative_all_environment_mae": 9.5100188936506, "fpem/conservative_all_invariant_mae": 9.662237467084612, "fpem/conservative_selective_hard_routing_mae": 9.5100188936506, "fpem/conservative_oracle_mae": 9.436422311692011, "fpem/conservative_router_accuracy": 0.6696428571428571, "fpem/conservative_router_balanced_accuracy": 0.5047619047619047, "fpem/conservative_invariant_switch_coverage": 0.0, "fpem/conservative_invariant_switch_precision": 0.0, "fpem/conservative_correct_beneficial_switches": 0.0, "fpem/conservative_harmful_invariant_switches": 0.0, "fpem/conservative_saved_loss_from_correct_switches": 0.0, "fpem/conservative_added_loss_from_harmful_switches": 0.0, "fpem/conservative_net_routing_gain": 0.0, "fpem/conservative_oracle_gap_closed": 0.0, "fpem/conservative_selected_threshold": 0.5, "fpem/conservative_selected_margin": 0.0, "fpem/conservative_delta_mean": -0.152218673484666, "fpem/conservative_delta_positive_ratio": 0.33035714285714285, "fpem/conservative_target_inv_ratio": 0.33035714285714285, "fpem/conservative_p_inv_mean": 0.14051426691668376, "fpem/conservative_p_inv_min": 0.0782039656170777, "fpem/conservative_p_inv_max": 0.23693030859742845, "fpem/conservative_prediction_is_hard_route": 1.0, "fpem/conservative_prediction_is_soft_fusion": 0.0, "fpem/conservative_router_target_detached": 1.0, "fpem/conservative_delta_detached": 1.0, "fpem/conservative_harmful_switch_weight": 2.0, "fpem/hard_router_predicted_env_ratio": 1.0, "fpem/hard_router_effective_env_ratio": 1.0, "fpem/hard_router_target_env_ratio": 0.6696428571428571, "fpem/hard_router_gain_mean": -0.152218673484666, "fpem/hard_router_margin_mean": 0.0, "fpem/conservative_router_supervision_enabled": 1.0, "fpem/conservative_router_weight_mean": 0.9999999971616835, "fpem/conservative_router_weight_min": 0.06347251873008818, "fpem/conservative_router_weight_max": 3.1209405229205176, "fpem/expert_prediction_pairwise_difference": 0.0, "fpem/delta_pairwise_cosine": 0.0, "fpem/delta_pairwise_l1": 0.0, "fpem/delta_pairwise_l2": 0.0, "fpem/expert_0_parameter_norm": 14.896973609924316, "fpem/hard_binary_router_enabled": 1.0, "fpem/hard_router_uses_target_in_forward": 0.0, "fpem/stored_future_c_loaded": 0.0, "fpem/prediction_is_weighted_complete_fusion": 0.0, "fpem/prediction_is_hard_route": 1.0, "fpem/conservative_inv_override_enabled": 1.0, "fpem/conservative_router_features_detached": 1.0, "fpem/future_mi_loss": 0.0, "fpem/future_mi_valid": 0.0, "fpem/future_mi_logvar_mean": 0.0, "fpem/future_mi_target_mode_env_encoder": 0.0, "fpem/swap_loss": 0.0, "fpem/swap_diff_loss": 0.0, "fpem/swap_same_loss": 0.0, "fpem/swap_gain_mean": 0.0, "fpem/swap_s_gain_mean": 0.0, "fpem/swap_fallback_router_loss": 0.0, "fpem/swap_fallback_q_mean": 0.0, "fpem/swap_prediction_delta": 0.0, "fpem/swap_route_delta": 0.0, "fpem/swap_hyper_alpha_delta": 0.0, "fpem/swap_hyper_delta_norm": 0.0, "fpem/loss_env_day": 0.0, "fpem/loss_env_hour": 0.0, "fpem/loss_env_rush": 0.0, "fpem/env_day_acc": 0.0, "fpem/env_hour_acc": 0.0, "fpem/env_rush_acc": 0.0, "fpem/loss_env_supcon": 0.0, "fpem/env_supcon_valid_pairs": 0.0, "fpem/loss_inv_env_adv": 0.0, "fpem/inv_day_acc": 0.0, "fpem/inv_hour_acc": 0.0, "fpem/inv_rush_acc": 0.0, "fpem/loss_cross_cov_sep": 0.0, "fpem/load_level_experts_enabled": 1.0, "fpem/load_level_uses_target_or_future_load": 0.0, "fpem/environment_gate_uses_target_in_forward": 0.0, "fpem/load_level_env_residual_scale": 0.0, "fpem/uses_cached_observable_load_prior": 1.0, "fpem/primary_loss": 9.089938649677094, "fpem/inv_pred_loss": 9.215182926541283, "fpem/primary_uses_route": 1.0, "fpem/primary_uses_env_fusion": 0.0, "fpem/backbone_agcrn": 1.0, "fpem/backbone_graphwavenet": 0.0, "fpem/backbone_staeformer": 0.0, "fpem/gc_pred_loss_only": 1.0, "fpem/env_route_head_mode_hyper_proto": 1.0, "fpem/fpem_force_uniform_route": 0.0, "fpem/hard_prediction_sinkhorn_total_replaces_primary": 0.0, "fpem/hard_prediction_environment_sinkhorn_total_replaces_primary": 0.0, "fpem/warmup_risk_sinkhorn_total_replaces_primary": 0.0, "fpem/lambda_club_mi": 0.0}, "conservative_override_threshold_selection": {"split": "val", "threshold": 0.5, "margin": 0.0, "mae": 11.662994384765625, "loss": 11.868977944056192, "mape": 0.19415222108364105, "confirmed_result": {"loss": 11.868977944056192, "mae": 11.662994384765625, "mape": 0.19415222108364105}}}
CONSERVATIVE_OVERRIDE_THRESHOLD_SELECTION {"split": "val", "threshold": 0.5, "margin": 0.0, "mae": 11.720208168029785, "loss": 11.907786422305637, "mape": 0.18172810971736908, "confirmed_result": {"loss": 11.907786422305637, "mae": 11.720208168029785, "mape": 0.18172810971736908}}
EPOCH {"epoch": 13, "train_loss": 11.438270387195406, "val": {"loss": 11.907786422305637, "mae": 11.720208168029785, "mape": 0.18172810971736908}, "test_mixed": {"loss": 10.739181464059012, "mae": 10.738262176513672, "mape": 0.16887739300727844}, "test_workday": {"loss": 10.605304552161176, "mae": 10.64267635345459, "mape": 0.16959504783153534}, "test_holiday": {"loss": 10.963022549947103, "mae": 10.90401840209961, "mape": 0.16763290762901306}, "test_avg_mae": 10.7733473777771, "best_selection_value": 10.7733473777771, "best_selection_split": "test_avg_DIAGNOSTIC", "best_selection_metric": "test_avg_mae", "lr": 0.001, "fpem_logs": {"fpem/fpem_env_use_exogenous": 1.0, "fpem/env_exogenous_available": 1.0, "fpem/env_exogenous_time_available": 1.0, "fpem/env_exogenous_load_available": 1.0, "fpem/env_exogenous_feature_dim": 32.0, "fpem/env_exogenous_embedding_norm": 2.7173159031640917, "fpem/env_exogenous_load_embedding_norm": 1.9382972240447998, "fpem/env_rep_ablation_normal": 1.0, "fpem/env_rep_ablation_zero": 0.0, "fpem/env_rep_ablation_shuffle_batch": 0.0, "fpem/env_rep_ablation_mode_id": 0.0, "fpem/mask_loss": 0.0, "fpem/mask_sparse_loss": 0.0, "fpem/mask_entropy_loss": 0.0, "fpem/mask_mean": 1.0, "fpem/mask_entropy": 0.0, "fpem/mask_active_ratio": 1.0, "fpem/fusion_alpha_mean": 0.0, "fpem/fusion_alpha_std": 0.0, "fpem/fusion_alpha_min": 0.0, "fpem/fusion_alpha_max": 0.0, "fpem/env_route_loss": 2.3294071560814267, "fpem/env_route_L_final": 9.089007118770054, "fpem/env_route_L_global": 0.0, "fpem/env_route_L_route_soft": 0.0, "fpem/env_route_L_expert": 9.509836414882114, "fpem/env_route_L_router_oracle": 0.42743985191697165, "fpem/env_route_L_balance": 0.0, "fpem/env_route_L_diverse": 0.0, "fpem/env_route_L_proto_align": 0.0, "fpem/env_route_entropy": 0.0, "fpem/env_route_q_max_mean": 0.0, "fpem/hyper_alpha_mean": 0.0, "fpem/hyper_delta_norm": 0.0, "fpem/hyper_route_proto_mode_uniform_warmup": 0.0, "fpem/hyper_route_proto_mode_uniform_fixed": 0.0, "fpem/hyper_route_proto_mode_sinkhorn": 0.0, "fpem/hyper_route_proto_mode_softmax": 0.0, "fpem/fallback_q_mean": 0.0, "fpem/fallback_q_max": 0.0, "fpem/env_q_sum_mean": 1.0, "fpem/oracle_fallback_rate": 0.0, "fpem/route_count_fallback": 0.0, "fpem/env_route_head_mode": 1.0, "fpem/route_entropy_mean": 0.0, "fpem/route_mean_distribution_entropy": 0.0, "fpem/effective_expert_number": 1.0, "fpem/max_expert_usage_ratio": 0.0, "fpem/min_expert_usage_ratio": 0.0, "fpem/prototype_pairwise_cosine": 0.0, "fpem/expert_prediction_pairwise_cosine": 0.0, "fpem/expert_collapse_warning": 0.0, "fpem/env_route_target_mode_env_prototype": 0.0, "fpem/env_route_target_mode_hybrid": 0.0, "fpem/env_route_hybrid_alpha": 0.0, "fpem/env_route_train_mode_warmup_risk_sinkhorn": 0.0, "fpem/warmup_risk_stage_warmup": 0.0, "fpem/warmup_risk_stage_soft": 0.0, "fpem/warmup_risk_stage_hard": 0.0, "fpem/warmup_risk_selected_loss": 0.0, "fpem/warmup_risk_uniform_common_loss": 0.0, "fpem/warmup_risk_lambda_common": 0.0, "fpem/warmup_risk_total_common_term": 0.0, "fpem/warmup_risk_temperature": 0.0, "fpem/warmup_risk_temperature_progress": 0.0, "fpem/uniform_expert_mae": 0.0, "fpem/risk_routed_mae": 0.0, "fpem/risk_prediction_mae": 0.0, "fpem/risk_loss": 0.0, "fpem/risk_ranking_loss": 0.0, "fpem/risk_ranking_accuracy": 0.0, "fpem/risk_oracle_argmin_accuracy": 0.0, "fpem/risk_router_temperature": 0.0, "fpem/risk_router_lambda": 0.0, "fpem/risk_router_pairwise_lambda": 0.0, "fpem/env_route_train_mode_progressive_gmm_environment": 0.0, "fpem/top_level_prediction_source_progressive_gmm_teacher_hard": 0.0, "fpem/progressive_assignment_uses_target_or_prediction_error": 0.0, "fpem/progressive_partition_ready": 0.0, "fpem/progressive_selected_k": 0.0, "fpem/progressive_active_expert_count": 0.0, "fpem/progressive_last_partition_epoch": 0.0, "fpem/progressive_lambda_common": 0.0, "fpem/progressive_common_term": 0.0, "fpem/progressive_compactness_loss": 0.0, "fpem/progressive_consistency_loss": 0.0, "fpem/progressive_cluster_entropy": 0.0, "fpem/progressive_assignment_change_ratio": 0.0, "fpem/progressive_hungarian_overlap_score": 0.0, "fpem/progressive_partition_update_time_sec": 0.0, "fpem/progressive_routed_mae": 0.0, "fpem/progressive_gmm_environment_total_replaces_primary": 0.0, "fpem/env_route_count_head_0": 16.0, "fpem/env_route_oracle_count_head_0": 16.0, "fpem/route_count_env_head_0": 16.0, "fpem/route_soft_mean_expert_0": 1.0, "fpem/route_hard_count_expert_0": 16.0, "fpem/hard_count_expert_0": 16.0, "fpem/sinkhorn_soft_col_mass_expert_0": 0.0, "fpem/progressive_active_expert_0": 0.0, "fpem/progressive_cluster_size_0": 0.0, "fpem/progressive_cluster_ratio_0": 0.0, "fpem/progressive_cluster_to_expert_0": 0.0, "fpem/progressive_bic_k1": 0.0, "fpem/progressive_bic_score_k1": 0.0, "fpem/progressive_bic_rejected_k1": 0.0, "fpem/hyper_alpha_head_0": 0.0, "fpem/hyper_gamma_norm_head_0": 0.0, "fpem/hyper_beta_norm_head_0": 0.0, "fpem/expert_cross_mae_group_0_expert_0": 9.509836414882114, "fpem/load_expert_loss": 9.509836414882114, "fpem/conservative_override_router_loss": 0.42743985191697165, "fpem/hard_router_loss": 0.42743985191697165, "fpem/load_level_assignment_detached": 1.0, "fpem/load_level_count_0": 1680.0, "fpem/load_level_ratio_0": 1.0, "fpem/expert_0_global_loss": 9.509836414882114, "fpem/expert_0_selected_loss": 9.509836414882114, "fpem/conservative_all_environment_mae": 9.509836414882114, "fpem/conservative_all_invariant_mae": 9.662237476167224, "fpem/conservative_selective_hard_routing_mae": 9.509836414882114, "fpem/conservative_oracle_mae": 9.438327675773984, "fpem/conservative_router_accuracy": 0.669047619047619, "fpem/conservative_router_balanced_accuracy": 0.5, "fpem/conservative_invariant_switch_coverage": 0.0, "fpem/conservative_invariant_switch_precision": 0.0, "fpem/conservative_correct_beneficial_switches": 0.0, "fpem/conservative_harmful_invariant_switches": 0.0, "fpem/conservative_saved_loss_from_correct_switches": 0.0, "fpem/conservative_added_loss_from_harmful_switches": 0.0, "fpem/conservative_net_routing_gain": 0.0, "fpem/conservative_oracle_gap_closed": 0.0, "fpem/conservative_selected_threshold": 0.5, "fpem/conservative_selected_margin": 0.0, "fpem/conservative_delta_mean": -0.15240105248632885, "fpem/conservative_delta_positive_ratio": 0.33095238095238094, "fpem/conservative_target_inv_ratio": 0.33095238095238094, "fpem/conservative_p_inv_mean": 0.13224333418267115, "fpem/conservative_p_inv_min": 0.07247184170853524, "fpem/conservative_p_inv_max": 0.2320714960495631, "fpem/conservative_prediction_is_hard_route": 1.0, "fpem/conservative_prediction_is_soft_fusion": 0.0, "fpem/conservative_router_target_detached": 1.0, "fpem/conservative_delta_detached": 1.0, "fpem/conservative_harmful_switch_weight": 2.0, "fpem/hard_router_predicted_env_ratio": 1.0, "fpem/hard_router_effective_env_ratio": 1.0, "fpem/hard_router_target_env_ratio": 0.669047619047619, "fpem/hard_router_gain_mean": -0.15240105248632885, "fpem/hard_router_margin_mean": 0.0, "fpem/conservative_router_supervision_enabled": 1.0, "fpem/conservative_router_weight_mean": 0.9999999937557039, "fpem/conservative_router_weight_min": 0.06508985411948656, "fpem/conservative_router_weight_max": 3.048442372821626, "fpem/expert_prediction_pairwise_difference": 0.0, "fpem/delta_pairwise_cosine": 0.0, "fpem/delta_pairwise_l1": 0.0, "fpem/delta_pairwise_l2": 0.0, "fpem/expert_0_parameter_norm": 14.901311066037133, "fpem/hard_binary_router_enabled": 1.0, "fpem/hard_router_uses_target_in_forward": 0.0, "fpem/stored_future_c_loaded": 0.0, "fpem/prediction_is_weighted_complete_fusion": 0.0, "fpem/prediction_is_hard_route": 1.0, "fpem/conservative_inv_override_enabled": 1.0, "fpem/conservative_router_features_detached": 1.0, "fpem/future_mi_loss": 0.0, "fpem/future_mi_valid": 0.0, "fpem/future_mi_logvar_mean": 0.0, "fpem/future_mi_target_mode_env_encoder": 0.0, "fpem/swap_loss": 0.0, "fpem/swap_diff_loss": 0.0, "fpem/swap_same_loss": 0.0, "fpem/swap_gain_mean": 0.0, "fpem/swap_s_gain_mean": 0.0, "fpem/swap_fallback_router_loss": 0.0, "fpem/swap_fallback_q_mean": 0.0, "fpem/swap_prediction_delta": 0.0, "fpem/swap_route_delta": 0.0, "fpem/swap_hyper_alpha_delta": 0.0, "fpem/swap_hyper_delta_norm": 0.0, "fpem/loss_env_day": 0.0, "fpem/loss_env_hour": 0.0, "fpem/loss_env_rush": 0.0, "fpem/env_day_acc": 0.0, "fpem/env_hour_acc": 0.0, "fpem/env_rush_acc": 0.0, "fpem/loss_env_supcon": 0.0, "fpem/env_supcon_valid_pairs": 0.0, "fpem/loss_inv_env_adv": 0.0, "fpem/inv_day_acc": 0.0, "fpem/inv_hour_acc": 0.0, "fpem/inv_rush_acc": 0.0, "fpem/loss_cross_cov_sep": 0.0, "fpem/load_level_experts_enabled": 1.0, "fpem/load_level_uses_target_or_future_load": 0.0, "fpem/environment_gate_uses_target_in_forward": 0.0, "fpem/load_level_env_residual_scale": 0.0, "fpem/uses_cached_observable_load_prior": 1.0, "fpem/primary_loss": 9.089007118770054, "fpem/inv_pred_loss": 9.212812555403936, "fpem/primary_uses_route": 1.0, "fpem/primary_uses_env_fusion": 0.0, "fpem/backbone_agcrn": 1.0, "fpem/backbone_graphwavenet": 0.0, "fpem/backbone_staeformer": 0.0, "fpem/gc_pred_loss_only": 1.0, "fpem/env_route_head_mode_hyper_proto": 1.0, "fpem/fpem_force_uniform_route": 0.0, "fpem/hard_prediction_sinkhorn_total_replaces_primary": 0.0, "fpem/hard_prediction_environment_sinkhorn_total_replaces_primary": 0.0, "fpem/warmup_risk_sinkhorn_total_replaces_primary": 0.0, "fpem/lambda_club_mi": 0.0}, "conservative_override_threshold_selection": {"split": "val", "threshold": 0.5, "margin": 0.0, "mae": 11.720208168029785, "loss": 11.907786422305637, "mape": 0.18172810971736908, "confirmed_result": {"loss": 11.907786422305637, "mae": 11.720208168029785, "mape": 0.18172810971736908}}}
CONSERVATIVE_OVERRIDE_THRESHOLD_SELECTION {"split": "val", "threshold": 0.5, "margin": 0.0, "mae": 11.582988739013672, "loss": 11.803513314988878, "mape": 0.18699102103710175, "confirmed_result": {"loss": 11.803513314988878, "mae": 11.582988739013672, "mape": 0.18699102103710175}}
EPOCH {"epoch": 14, "train_loss": 11.428723834809803, "val": {"loss": 11.803513314988878, "mae": 11.582988739013672, "mape": 0.18699102103710175}, "test_mixed": {"loss": 10.590897383008684, "mae": 10.582229614257812, "mape": 0.17211931943893433}, "test_workday": {"loss": 10.461588590041451, "mae": 10.491185188293457, "mape": 0.17243483662605286}, "test_holiday": {"loss": 10.805675586064657, "mae": 10.7401123046875, "mape": 0.17157219350337982}, "test_avg_mae": 10.615648746490479, "best_selection_value": 10.615648746490479, "best_selection_split": "test_avg_DIAGNOSTIC", "best_selection_metric": "test_avg_mae", "lr": 0.001, "fpem_logs": {"fpem/fpem_env_use_exogenous": 1.0, "fpem/env_exogenous_available": 1.0, "fpem/env_exogenous_time_available": 1.0, "fpem/env_exogenous_load_available": 1.0, "fpem/env_exogenous_feature_dim": 32.0, "fpem/env_exogenous_embedding_norm": 2.72078614007859, "fpem/env_exogenous_load_embedding_norm": 1.93759043330238, "fpem/env_rep_ablation_normal": 1.0, "fpem/env_rep_ablation_zero": 0.0, "fpem/env_rep_ablation_shuffle_batch": 0.0, "fpem/env_rep_ablation_mode_id": 0.0, "fpem/mask_loss": 0.0, "fpem/mask_sparse_loss": 0.0, "fpem/mask_entropy_loss": 0.0, "fpem/mask_mean": 1.0, "fpem/mask_entropy": 0.0, "fpem/mask_active_ratio": 1.0, "fpem/fusion_alpha_mean": 0.0, "fpem/fusion_alpha_std": 0.0, "fpem/fusion_alpha_min": 0.0, "fpem/fusion_alpha_max": 0.0, "fpem/env_route_loss": 2.339524064745222, "fpem/env_route_L_final": 9.081749098641533, "fpem/env_route_L_global": 0.0, "fpem/env_route_L_route_soft": 0.0, "fpem/env_route_L_expert": 9.499492763337635, "fpem/env_route_L_router_oracle": 0.43962547920999073, "fpem/env_route_L_balance": 0.0, "fpem/env_route_L_diverse": 0.0, "fpem/env_route_L_proto_align": 0.0, "fpem/env_route_entropy": 0.0, "fpem/env_route_q_max_mean": 0.0, "fpem/hyper_alpha_mean": 0.0, "fpem/hyper_delta_norm": 0.0, "fpem/hyper_route_proto_mode_uniform_warmup": 0.0, "fpem/hyper_route_proto_mode_uniform_fixed": 0.0, "fpem/hyper_route_proto_mode_sinkhorn": 0.0, "fpem/hyper_route_proto_mode_softmax": 0.0, "fpem/fallback_q_mean": 0.0, "fpem/fallback_q_max": 0.0, "fpem/env_q_sum_mean": 1.0, "fpem/oracle_fallback_rate": 0.0, "fpem/route_count_fallback": 0.0, "fpem/env_route_head_mode": 1.0, "fpem/route_entropy_mean": 0.0, "fpem/route_mean_distribution_entropy": 0.0, "fpem/effective_expert_number": 1.0, "fpem/max_expert_usage_ratio": 0.0, "fpem/min_expert_usage_ratio": 0.0, "fpem/prototype_pairwise_cosine": 0.0, "fpem/expert_prediction_pairwise_cosine": 0.0, "fpem/expert_collapse_warning": 0.0, "fpem/env_route_target_mode_env_prototype": 0.0, "fpem/env_route_target_mode_hybrid": 0.0, "fpem/env_route_hybrid_alpha": 0.0, "fpem/env_route_train_mode_warmup_risk_sinkhorn": 0.0, "fpem/warmup_risk_stage_warmup": 0.0, "fpem/warmup_risk_stage_soft": 0.0, "fpem/warmup_risk_stage_hard": 0.0, "fpem/warmup_risk_selected_loss": 0.0, "fpem/warmup_risk_uniform_common_loss": 0.0, "fpem/warmup_risk_lambda_common": 0.0, "fpem/warmup_risk_total_common_term": 0.0, "fpem/warmup_risk_temperature": 0.0, "fpem/warmup_risk_temperature_progress": 0.0, "fpem/uniform_expert_mae": 0.0, "fpem/risk_routed_mae": 0.0, "fpem/risk_prediction_mae": 0.0, "fpem/risk_loss": 0.0, "fpem/risk_ranking_loss": 0.0, "fpem/risk_ranking_accuracy": 0.0, "fpem/risk_oracle_argmin_accuracy": 0.0, "fpem/risk_router_temperature": 0.0, "fpem/risk_router_lambda": 0.0, "fpem/risk_router_pairwise_lambda": 0.0, "fpem/env_route_train_mode_progressive_gmm_environment": 0.0, "fpem/top_level_prediction_source_progressive_gmm_teacher_hard": 0.0, "fpem/progressive_assignment_uses_target_or_prediction_error": 0.0, "fpem/progressive_partition_ready": 0.0, "fpem/progressive_selected_k": 0.0, "fpem/progressive_active_expert_count": 0.0, "fpem/progressive_last_partition_epoch": 0.0, "fpem/progressive_lambda_common": 0.0, "fpem/progressive_common_term": 0.0, "fpem/progressive_compactness_loss": 0.0, "fpem/progressive_consistency_loss": 0.0, "fpem/progressive_cluster_entropy": 0.0, "fpem/progressive_assignment_change_ratio": 0.0, "fpem/progressive_hungarian_overlap_score": 0.0, "fpem/progressive_partition_update_time_sec": 0.0, "fpem/progressive_routed_mae": 0.0, "fpem/progressive_gmm_environment_total_replaces_primary": 0.0, "fpem/env_route_count_head_0": 16.0, "fpem/env_route_oracle_count_head_0": 16.0, "fpem/route_count_env_head_0": 16.0, "fpem/route_soft_mean_expert_0": 1.0, "fpem/route_hard_count_expert_0": 16.0, "fpem/hard_count_expert_0": 16.0, "fpem/sinkhorn_soft_col_mass_expert_0": 0.0, "fpem/progressive_active_expert_0": 0.0, "fpem/progressive_cluster_size_0": 0.0, "fpem/progressive_cluster_ratio_0": 0.0, "fpem/progressive_cluster_to_expert_0": 0.0, "fpem/progressive_bic_k1": 0.0, "fpem/progressive_bic_score_k1": 0.0, "fpem/progressive_bic_rejected_k1": 0.0, "fpem/hyper_alpha_head_0": 0.0, "fpem/hyper_gamma_norm_head_0": 0.0, "fpem/hyper_beta_norm_head_0": 0.0, "fpem/expert_cross_mae_group_0_expert_0": 9.499492763337635, "fpem/load_expert_loss": 9.499492763337635, "fpem/conservative_override_router_loss": 0.43962547920999073, "fpem/hard_router_loss": 0.43962547920999073, "fpem/load_level_assignment_detached": 1.0, "fpem/load_level_count_0": 1680.0, "fpem/load_level_ratio_0": 1.0, "fpem/expert_0_global_loss": 9.499492763337635, "fpem/expert_0_selected_loss": 9.499492763337635, "fpem/conservative_all_environment_mae": 9.499492763337635, "fpem/conservative_all_invariant_mae": 9.662237480708532, "fpem/conservative_selective_hard_routing_mae": 9.499492763337635, "fpem/conservative_oracle_mae": 9.42207339150565, "fpem/conservative_router_accuracy": 0.675, "fpem/conservative_router_balanced_accuracy": 0.5, "fpem/conservative_invariant_switch_coverage": 0.0, "fpem/conservative_invariant_switch_precision": 0.0, "fpem/conservative_correct_beneficial_switches": 0.0, "fpem/conservative_harmful_invariant_switches": 0.0, "fpem/conservative_saved_loss_from_correct_switches": 0.0, "fpem/conservative_added_loss_from_harmful_switches": 0.0, "fpem/conservative_net_routing_gain": 0.0, "fpem/conservative_oracle_gap_closed": 0.0, "fpem/conservative_selected_threshold": 0.5, "fpem/conservative_selected_margin": 0.0, "fpem/conservative_delta_mean": -0.1627446833110991, "fpem/conservative_delta_positive_ratio": 0.325, "fpem/conservative_target_inv_ratio": 0.325, "fpem/conservative_p_inv_mean": 0.12717064093975794, "fpem/conservative_p_inv_min": 0.07189483913992133, "fpem/conservative_p_inv_max": 0.21683567797853834, "fpem/conservative_prediction_is_hard_route": 1.0, "fpem/conservative_prediction_is_soft_fusion": 0.0, "fpem/conservative_router_target_detached": 1.0, "fpem/conservative_delta_detached": 1.0, "fpem/conservative_harmful_switch_weight": 2.0, "fpem/hard_router_predicted_env_ratio": 1.0, "fpem/hard_router_effective_env_ratio": 1.0, "fpem/hard_router_target_env_ratio": 0.675, "fpem/hard_router_gain_mean": -0.1627446833110991, "fpem/hard_router_margin_mean": 0.0, "fpem/conservative_router_supervision_enabled": 1.0, "fpem/conservative_router_weight_mean": 0.9999999880790711, "fpem/conservative_router_weight_min": 0.0653606519547923, "fpem/conservative_router_weight_max": 3.1008137214751472, "fpem/expert_prediction_pairwise_difference": 0.0, "fpem/delta_pairwise_cosine": 0.0, "fpem/delta_pairwise_l1": 0.0, "fpem/delta_pairwise_l2": 0.0, "fpem/expert_0_parameter_norm": 14.902100381397066, "fpem/hard_binary_router_enabled": 1.0, "fpem/hard_router_uses_target_in_forward": 0.0, "fpem/stored_future_c_loaded": 0.0, "fpem/prediction_is_weighted_complete_fusion": 0.0, "fpem/prediction_is_hard_route": 1.0, "fpem/conservative_inv_override_enabled": 1.0, "fpem/conservative_router_features_detached": 1.0, "fpem/future_mi_loss": 0.0, "fpem/future_mi_valid": 0.0, "fpem/future_mi_logvar_mean": 0.0, "fpem/future_mi_target_mode_env_encoder": 0.0, "fpem/swap_loss": 0.0, "fpem/swap_diff_loss": 0.0, "fpem/swap_same_loss": 0.0, "fpem/swap_gain_mean": 0.0, "fpem/swap_s_gain_mean": 0.0, "fpem/swap_fallback_router_loss": 0.0, "fpem/swap_fallback_q_mean": 0.0, "fpem/swap_prediction_delta": 0.0, "fpem/swap_route_delta": 0.0, "fpem/swap_hyper_alpha_delta": 0.0, "fpem/swap_hyper_delta_norm": 0.0, "fpem/loss_env_day": 0.0, "fpem/loss_env_hour": 0.0, "fpem/loss_env_rush": 0.0, "fpem/env_day_acc": 0.0, "fpem/env_hour_acc": 0.0, "fpem/env_rush_acc": 0.0, "fpem/loss_env_supcon": 0.0, "fpem/env_supcon_valid_pairs": 0.0, "fpem/loss_inv_env_adv": 0.0, "fpem/inv_day_acc": 0.0, "fpem/inv_hour_acc": 0.0, "fpem/inv_rush_acc": 0.0, "fpem/loss_cross_cov_sep": 0.0, "fpem/load_level_experts_enabled": 1.0, "fpem/load_level_uses_target_or_future_load": 0.0, "fpem/environment_gate_uses_target_in_forward": 0.0, "fpem/load_level_env_residual_scale": 0.0, "fpem/uses_cached_observable_load_prior": 1.0, "fpem/primary_loss": 9.081749098641533, "fpem/inv_pred_loss": 9.214465845198859, "fpem/primary_uses_route": 1.0, "fpem/primary_uses_env_fusion": 0.0, "fpem/backbone_agcrn": 1.0, "fpem/backbone_graphwavenet": 0.0, "fpem/backbone_staeformer": 0.0, "fpem/gc_pred_loss_only": 1.0, "fpem/env_route_head_mode_hyper_proto": 1.0, "fpem/fpem_force_uniform_route": 0.0, "fpem/hard_prediction_sinkhorn_total_replaces_primary": 0.0, "fpem/hard_prediction_environment_sinkhorn_total_replaces_primary": 0.0, "fpem/warmup_risk_sinkhorn_total_replaces_primary": 0.0, "fpem/lambda_club_mi": 0.0}, "conservative_override_threshold_selection": {"split": "val", "threshold": 0.5, "margin": 0.0, "mae": 11.582988739013672, "loss": 11.803513314988878, "mape": 0.18699102103710175, "confirmed_result": {"loss": 11.803513314988878, "mae": 11.582988739013672, "mape": 0.18699102103710175}}}
CONSERVATIVE_OVERRIDE_THRESHOLD_SELECTION {"split": "val", "threshold": 0.5, "margin": 0.0, "mae": 11.628159523010254, "loss": 11.838528050316704, "mape": 0.18322233855724335, "confirmed_result": {"loss": 11.838528050316704, "mae": 11.628159523010254, "mape": 0.18322233855724335}}
EPOCH {"epoch": 15, "train_loss": 11.293685486203149, "val": {"loss": 11.838528050316704, "mae": 11.628159523010254, "mape": 0.18322233855724335}, "test_mixed": {"loss": 10.627108124324254, "mae": 10.612983703613281, "mape": 0.1688098907470703}, "test_workday": {"loss": 10.490184141241986, "mae": 10.514245986938477, "mape": 0.16884785890579224}, "test_holiday": {"loss": 10.855949838956198, "mae": 10.78420639038086, "mape": 0.1687440723180771}, "test_avg_mae": 10.649226188659668, "best_selection_value": 10.649226188659668, "best_selection_split": "test_avg_DIAGNOSTIC", "best_selection_metric": "test_avg_mae", "lr": 0.001, "fpem_logs": {"fpem/fpem_env_use_exogenous": 1.0, "fpem/env_exogenous_available": 1.0, "fpem/env_exogenous_time_available": 1.0, "fpem/env_exogenous_load_available": 1.0, "fpem/env_exogenous_feature_dim": 32.0, "fpem/env_exogenous_embedding_norm": 2.7266796611604236, "fpem/env_exogenous_load_embedding_norm": 1.9408542360578265, "fpem/env_rep_ablation_normal": 1.0, "fpem/env_rep_ablation_zero": 0.0, "fpem/env_rep_ablation_shuffle_batch": 0.0, "fpem/env_rep_ablation_mode_id": 0.0, "fpem/mask_loss": 0.0, "fpem/mask_sparse_loss": 0.0, "fpem/mask_entropy_loss": 0.0, "fpem/mask_mean": 1.0, "fpem/mask_entropy": 0.0, "fpem/mask_active_ratio": 1.0, "fpem/fusion_alpha_mean": 0.0, "fpem/fusion_alpha_std": 0.0, "fpem/fusion_alpha_min": 0.0, "fpem/fusion_alpha_max": 0.0, "fpem/env_route_loss": 2.2456163009007772, "fpem/env_route_L_final": 9.057038143702917, "fpem/env_route_L_global": 0.0, "fpem/env_route_L_route_soft": 0.0, "fpem/env_route_L_expert": 9.465319079444521, "fpem/env_route_L_router_oracle": 0.35255244899363747, "fpem/env_route_L_balance": 0.0, "fpem/env_route_L_diverse": 0.0, "fpem/env_route_L_proto_align": 0.0, "fpem/env_route_entropy": 0.0, "fpem/env_route_q_max_mean": 0.0, "fpem/hyper_alpha_mean": 0.0, "fpem/hyper_delta_norm": 0.0, "fpem/hyper_route_proto_mode_uniform_warmup": 0.0, "fpem/hyper_route_proto_mode_uniform_fixed": 0.0, "fpem/hyper_route_proto_mode_sinkhorn": 0.0, "fpem/hyper_route_proto_mode_softmax": 0.0, "fpem/fallback_q_mean": 0.0, "fpem/fallback_q_max": 0.0, "fpem/env_q_sum_mean": 1.0, "fpem/oracle_fallback_rate": 0.0, "fpem/route_count_fallback": 0.0, "fpem/env_route_head_mode": 1.0, "fpem/route_entropy_mean": 0.0, "fpem/route_mean_distribution_entropy": 0.0, "fpem/effective_expert_number": 1.0, "fpem/max_expert_usage_ratio": 0.0, "fpem/min_expert_usage_ratio": 0.0, "fpem/prototype_pairwise_cosine": 0.0, "fpem/expert_prediction_pairwise_cosine": 0.0, "fpem/expert_collapse_warning": 0.0, "fpem/env_route_target_mode_env_prototype": 0.0, "fpem/env_route_target_mode_hybrid": 0.0, "fpem/env_route_hybrid_alpha": 0.0, "fpem/env_route_train_mode_warmup_risk_sinkhorn": 0.0, "fpem/warmup_risk_stage_warmup": 0.0, "fpem/warmup_risk_stage_soft": 0.0, "fpem/warmup_risk_stage_hard": 0.0, "fpem/warmup_risk_selected_loss": 0.0, "fpem/warmup_risk_uniform_common_loss": 0.0, "fpem/warmup_risk_lambda_common": 0.0, "fpem/warmup_risk_total_common_term": 0.0, "fpem/warmup_risk_temperature": 0.0, "fpem/warmup_risk_temperature_progress": 0.0, "fpem/uniform_expert_mae": 0.0, "fpem/risk_routed_mae": 0.0, "fpem/risk_prediction_mae": 0.0, "fpem/risk_loss": 0.0, "fpem/risk_ranking_loss": 0.0, "fpem/risk_ranking_accuracy": 0.0, "fpem/risk_oracle_argmin_accuracy": 0.0, "fpem/risk_router_temperature": 0.0, "fpem/risk_router_lambda": 0.0, "fpem/risk_router_pairwise_lambda": 0.0, "fpem/env_route_train_mode_progressive_gmm_environment": 0.0, "fpem/top_level_prediction_source_progressive_gmm_teacher_hard": 0.0, "fpem/progressive_assignment_uses_target_or_prediction_error": 0.0, "fpem/progressive_partition_ready": 0.0, "fpem/progressive_selected_k": 0.0, "fpem/progressive_active_expert_count": 0.0, "fpem/progressive_last_partition_epoch": 0.0, "fpem/progressive_lambda_common": 0.0, "fpem/progressive_common_term": 0.0, "fpem/progressive_compactness_loss": 0.0, "fpem/progressive_consistency_loss": 0.0, "fpem/progressive_cluster_entropy": 0.0, "fpem/progressive_assignment_change_ratio": 0.0, "fpem/progressive_hungarian_overlap_score": 0.0, "fpem/progressive_partition_update_time_sec": 0.0, "fpem/progressive_routed_mae": 0.0, "fpem/progressive_gmm_environment_total_replaces_primary": 0.0, "fpem/env_route_count_head_0": 16.0, "fpem/env_route_oracle_count_head_0": 16.0, "fpem/route_count_env_head_0": 16.0, "fpem/route_soft_mean_expert_0": 1.0, "fpem/route_hard_count_expert_0": 16.0, "fpem/hard_count_expert_0": 16.0, "fpem/sinkhorn_soft_col_mass_expert_0": 0.0, "fpem/progressive_active_expert_0": 0.0, "fpem/progressive_cluster_size_0": 0.0, "fpem/progressive_cluster_ratio_0": 0.0, "fpem/progressive_cluster_to_expert_0": 0.0, "fpem/progressive_bic_k1": 0.0, "fpem/progressive_bic_score_k1": 0.0, "fpem/progressive_bic_rejected_k1": 0.0, "fpem/hyper_alpha_head_0": 0.0, "fpem/hyper_gamma_norm_head_0": 0.0, "fpem/hyper_beta_norm_head_0": 0.0, "fpem/expert_cross_mae_group_0_expert_0": 9.465319079444521, "fpem/load_expert_loss": 9.465319079444521, "fpem/conservative_override_router_loss": 0.35255244899363747, "fpem/hard_router_loss": 0.35255244899363747, "fpem/load_level_assignment_detached": 1.0, "fpem/load_level_count_0": 1680.0, "fpem/load_level_ratio_0": 1.0, "fpem/expert_0_global_loss": 9.465319079444521, "fpem/expert_0_selected_loss": 9.465319079444521, "fpem/conservative_all_environment_mae": 9.465319079444521, "fpem/conservative_all_invariant_mae": 9.662237462543306, "fpem/conservative_selective_hard_routing_mae": 9.465319079444521, "fpem/conservative_oracle_mae": 9.405002943674724, "fpem/conservative_router_accuracy": 0.7172619047619048, "fpem/conservative_router_balanced_accuracy": 0.5047619047619047, "fpem/conservative_invariant_switch_coverage": 0.0, "fpem/conservative_invariant_switch_precision": 0.0, "fpem/conservative_correct_beneficial_switches": 0.0, "fpem/conservative_harmful_invariant_switches": 0.0, "fpem/conservative_saved_loss_from_correct_switches": 0.0, "fpem/conservative_added_loss_from_harmful_switches": 0.0, "fpem/conservative_net_routing_gain": 0.0, "fpem/conservative_oracle_gap_closed": 0.0, "fpem/conservative_selected_threshold": 0.5, "fpem/conservative_selected_margin": 0.0, "fpem/conservative_delta_mean": -0.19691837969280424, "fpem/conservative_delta_positive_ratio": 0.28273809523809523, "fpem/conservative_target_inv_ratio": 0.28273809523809523, "fpem/conservative_p_inv_mean": 0.10514130407855624, "fpem/conservative_p_inv_min": 0.0602001575132211, "fpem/conservative_p_inv_max": 0.1907908287786302, "fpem/conservative_prediction_is_hard_route": 1.0, "fpem/conservative_prediction_is_soft_fusion": 0.0, "fpem/conservative_router_target_detached": 1.0, "fpem/conservative_delta_detached": 1.0, "fpem/conservative_harmful_switch_weight": 2.0, "fpem/hard_router_predicted_env_ratio": 1.0, "fpem/hard_router_effective_env_ratio": 1.0, "fpem/hard_router_target_env_ratio": 0.7172619047619048, "fpem/hard_router_gain_mean": -0.19691837969280424, "fpem/hard_router_margin_mean": 0.0, "fpem/conservative_router_supervision_enabled": 1.0, "fpem/conservative_router_weight_mean": 0.999999996026357, "fpem/conservative_router_weight_min": 0.05387493420566898, "fpem/conservative_router_weight_max": 3.069183121408735, "fpem/expert_prediction_pairwise_difference": 0.0, "fpem/delta_pairwise_cosine": 0.0, "fpem/delta_pairwise_l1": 0.0, "fpem/delta_pairwise_l2": 0.0, "fpem/expert_0_parameter_norm": 14.902190308343796, "fpem/hard_binary_router_enabled": 1.0, "fpem/hard_router_uses_target_in_forward": 0.0, "fpem/stored_future_c_loaded": 0.0, "fpem/prediction_is_weighted_complete_fusion": 0.0, "fpem/prediction_is_hard_route": 1.0, "fpem/conservative_inv_override_enabled": 1.0, "fpem/conservative_router_features_detached": 1.0, "fpem/future_mi_loss": 0.0, "fpem/future_mi_valid": 0.0, "fpem/future_mi_logvar_mean": 0.0, "fpem/future_mi_target_mode_env_encoder": 0.0, "fpem/swap_loss": 0.0, "fpem/swap_diff_loss": 0.0, "fpem/swap_same_loss": 0.0, "fpem/swap_gain_mean": 0.0, "fpem/swap_s_gain_mean": 0.0, "fpem/swap_fallback_router_loss": 0.0, "fpem/swap_fallback_q_mean": 0.0, "fpem/swap_prediction_delta": 0.0, "fpem/swap_route_delta": 0.0, "fpem/swap_hyper_alpha_delta": 0.0, "fpem/swap_hyper_delta_norm": 0.0, "fpem/loss_env_day": 0.0, "fpem/loss_env_hour": 0.0, "fpem/loss_env_rush": 0.0, "fpem/env_day_acc": 0.0, "fpem/env_hour_acc": 0.0, "fpem/env_rush_acc": 0.0, "fpem/loss_env_supcon": 0.0, "fpem/env_supcon_valid_pairs": 0.0, "fpem/loss_inv_env_adv": 0.0, "fpem/inv_day_acc": 0.0, "fpem/inv_hour_acc": 0.0, "fpem/inv_rush_acc": 0.0, "fpem/loss_cross_cov_sep": 0.0, "fpem/load_level_experts_enabled": 1.0, "fpem/load_level_uses_target_or_future_load": 0.0, "fpem/environment_gate_uses_target_in_forward": 0.0, "fpem/load_level_env_residual_scale": 0.0, "fpem/uses_cached_observable_load_prior": 1.0, "fpem/primary_loss": 9.057038143702917, "fpem/inv_pred_loss": 9.221086529323033, "fpem/primary_uses_route": 1.0, "fpem/primary_uses_env_fusion": 0.0, "fpem/backbone_agcrn": 1.0, "fpem/backbone_graphwavenet": 0.0, "fpem/backbone_staeformer": 0.0, "fpem/gc_pred_loss_only": 1.0, "fpem/env_route_head_mode_hyper_proto": 1.0, "fpem/fpem_force_uniform_route": 0.0, "fpem/hard_prediction_sinkhorn_total_replaces_primary": 0.0, "fpem/hard_prediction_environment_sinkhorn_total_replaces_primary": 0.0, "fpem/warmup_risk_sinkhorn_total_replaces_primary": 0.0, "fpem/lambda_club_mi": 0.0}, "conservative_override_threshold_selection": {"split": "val", "threshold": 0.5, "margin": 0.0, "mae": 11.628159523010254, "loss": 11.838528050316704, "mape": 0.18322233855724335, "confirmed_result": {"loss": 11.838528050316704, "mae": 11.628159523010254, "mape": 0.18322233855724335}}}
CONSERVATIVE_OVERRIDE_THRESHOLD_SELECTION {"split": "val", "threshold": 0.5, "margin": 0.0, "mae": 11.702404975891113, "loss": 11.904421541425917, "mape": 0.19666756689548492, "confirmed_result": {"loss": 11.904421541425917, "mae": 11.702404975891113, "mape": 0.19666756689548492}}
EPOCH {"epoch": 16, "train_loss": 11.382590829758417, "val": {"loss": 11.904421541425917, "mae": 11.702404975891113, "mape": 0.19666756689548492}, "test_mixed": {"loss": 10.69331863948277, "mae": 10.684566497802734, "mape": 0.18142500519752502}, "test_workday": {"loss": 10.556341150532598, "mae": 10.584684371948242, "mape": 0.18107819557189941}, "test_holiday": {"loss": 10.921650012334188, "mae": 10.857773780822754, "mape": 0.18202640116214752}, "test_avg_mae": 10.721229076385498, "best_selection_value": 10.721229076385498, "best_selection_split": "test_avg_DIAGNOSTIC", "best_selection_metric": "test_avg_mae", "lr": 0.001, "fpem_logs": {"fpem/fpem_env_use_exogenous": 1.0, "fpem/env_exogenous_available": 1.0, "fpem/env_exogenous_time_available": 1.0, "fpem/env_exogenous_load_available": 1.0, "fpem/env_exogenous_feature_dim": 32.0, "fpem/env_exogenous_embedding_norm": 2.7273650623503185, "fpem/env_exogenous_load_embedding_norm": 1.9406869150343395, "fpem/env_rep_ablation_normal": 1.0, "fpem/env_rep_ablation_zero": 0.0, "fpem/env_rep_ablation_shuffle_batch": 0.0, "fpem/env_rep_ablation_mode_id": 0.0, "fpem/mask_loss": 0.0, "fpem/mask_sparse_loss": 0.0, "fpem/mask_entropy_loss": 0.0, "fpem/mask_mean": 1.0, "fpem/mask_entropy": 0.0, "fpem/mask_active_ratio": 1.0, "fpem/fusion_alpha_mean": 0.0, "fpem/fusion_alpha_std": 0.0, "fpem/fusion_alpha_min": 0.0, "fpem/fusion_alpha_max": 0.0, "fpem/env_route_loss": 2.2697711581275577, "fpem/env_route_L_final": 9.060651252383277, "fpem/env_route_L_global": 0.0, "fpem/env_route_L_route_soft": 0.0, "fpem/env_route_L_expert": 9.470044762747628, "fpem/env_route_L_router_oracle": 0.3757621813388098, "fpem/env_route_L_balance": 0.0, "fpem/env_route_L_diverse": 0.0, "fpem/env_route_L_proto_align": 0.0, "fpem/env_route_entropy": 0.0, "fpem/env_route_q_max_mean": 0.0, "fpem/hyper_alpha_mean": 0.0, "fpem/hyper_delta_norm": 0.0, "fpem/hyper_route_proto_mode_uniform_warmup": 0.0, "fpem/hyper_route_proto_mode_uniform_fixed": 0.0, "fpem/hyper_route_proto_mode_sinkhorn": 0.0, "fpem/hyper_route_proto_mode_softmax": 0.0, "fpem/fallback_q_mean": 0.0, "fpem/fallback_q_max": 0.0, "fpem/env_q_sum_mean": 1.0, "fpem/oracle_fallback_rate": 0.0, "fpem/route_count_fallback": 0.0, "fpem/env_route_head_mode": 1.0, "fpem/route_entropy_mean": 0.0, "fpem/route_mean_distribution_entropy": 0.0, "fpem/effective_expert_number": 1.0, "fpem/max_expert_usage_ratio": 0.0, "fpem/min_expert_usage_ratio": 0.0, "fpem/prototype_pairwise_cosine": 0.0, "fpem/expert_prediction_pairwise_cosine": 0.0, "fpem/expert_collapse_warning": 0.0, "fpem/env_route_target_mode_env_prototype": 0.0, "fpem/env_route_target_mode_hybrid": 0.0, "fpem/env_route_hybrid_alpha": 0.0, "fpem/env_route_train_mode_warmup_risk_sinkhorn": 0.0, "fpem/warmup_risk_stage_warmup": 0.0, "fpem/warmup_risk_stage_soft": 0.0, "fpem/warmup_risk_stage_hard": 0.0, "fpem/warmup_risk_selected_loss": 0.0, "fpem/warmup_risk_uniform_common_loss": 0.0, "fpem/warmup_risk_lambda_common": 0.0, "fpem/warmup_risk_total_common_term": 0.0, "fpem/warmup_risk_temperature": 0.0, "fpem/warmup_risk_temperature_progress": 0.0, "fpem/uniform_expert_mae": 0.0, "fpem/risk_routed_mae": 0.0, "fpem/risk_prediction_mae": 0.0, "fpem/risk_loss": 0.0, "fpem/risk_ranking_loss": 0.0, "fpem/risk_ranking_accuracy": 0.0, "fpem/risk_oracle_argmin_accuracy": 0.0, "fpem/risk_router_temperature": 0.0, "fpem/risk_router_lambda": 0.0, "fpem/risk_router_pairwise_lambda": 0.0, "fpem/env_route_train_mode_progressive_gmm_environment": 0.0, "fpem/top_level_prediction_source_progressive_gmm_teacher_hard": 0.0, "fpem/progressive_assignment_uses_target_or_prediction_error": 0.0, "fpem/progressive_partition_ready": 0.0, "fpem/progressive_selected_k": 0.0, "fpem/progressive_active_expert_count": 0.0, "fpem/progressive_last_partition_epoch": 0.0, "fpem/progressive_lambda_common": 0.0, "fpem/progressive_common_term": 0.0, "fpem/progressive_compactness_loss": 0.0, "fpem/progressive_consistency_loss": 0.0, "fpem/progressive_cluster_entropy": 0.0, "fpem/progressive_assignment_change_ratio": 0.0, "fpem/progressive_hungarian_overlap_score": 0.0, "fpem/progressive_partition_update_time_sec": 0.0, "fpem/progressive_routed_mae": 0.0, "fpem/progressive_gmm_environment_total_replaces_primary": 0.0, "fpem/env_route_count_head_0": 16.0, "fpem/env_route_oracle_count_head_0": 16.0, "fpem/route_count_env_head_0": 16.0, "fpem/route_soft_mean_expert_0": 1.0, "fpem/route_hard_count_expert_0": 16.0, "fpem/hard_count_expert_0": 16.0, "fpem/sinkhorn_soft_col_mass_expert_0": 0.0, "fpem/progressive_active_expert_0": 0.0, "fpem/progressive_cluster_size_0": 0.0, "fpem/progressive_cluster_ratio_0": 0.0, "fpem/progressive_cluster_to_expert_0": 0.0, "fpem/progressive_bic_k1": 0.0, "fpem/progressive_bic_score_k1": 0.0, "fpem/progressive_bic_rejected_k1": 0.0, "fpem/hyper_alpha_head_0": 0.0, "fpem/hyper_gamma_norm_head_0": 0.0, "fpem/hyper_beta_norm_head_0": 0.0, "fpem/expert_cross_mae_group_0_expert_0": 9.470044762747628, "fpem/load_expert_loss": 9.470044762747628, "fpem/conservative_override_router_loss": 0.3757621813388098, "fpem/hard_router_loss": 0.3757621813388098, "fpem/load_level_assignment_detached": 1.0, "fpem/load_level_count_0": 1680.0, "fpem/load_level_ratio_0": 1.0, "fpem/expert_0_global_loss": 9.470044762747628, "fpem/expert_0_selected_loss": 9.470044762747628, "fpem/conservative_all_environment_mae": 9.470044762747628, "fpem/conservative_all_invariant_mae": 9.662237467084612, "fpem/conservative_selective_hard_routing_mae": 9.470044762747628, "fpem/conservative_oracle_mae": 9.406740847088042, "fpem/conservative_router_accuracy": 0.7166666666666667, "fpem/conservative_router_balanced_accuracy": 0.5047619047619047, "fpem/conservative_invariant_switch_coverage": 0.0, "fpem/conservative_invariant_switch_precision": 0.0, "fpem/conservative_correct_beneficial_switches": 0.0, "fpem/conservative_harmful_invariant_switches": 0.0, "fpem/conservative_saved_loss_from_correct_switches": 0.0, "fpem/conservative_added_loss_from_harmful_switches": 0.0, "fpem/conservative_net_routing_gain": 0.0, "fpem/conservative_oracle_gap_closed": 0.0, "fpem/conservative_selected_threshold": 0.5, "fpem/conservative_selected_margin": 0.0, "fpem/conservative_delta_mean": -0.19219269284180232, "fpem/conservative_delta_positive_ratio": 0.2833333333333333, "fpem/conservative_target_inv_ratio": 0.2833333333333333, "fpem/conservative_p_inv_mean": 0.10313739052840641, "fpem/conservative_p_inv_min": 0.05935818098840259, "fpem/conservative_p_inv_max": 0.18900295247634252, "fpem/conservative_prediction_is_hard_route": 1.0, "fpem/conservative_prediction_is_soft_fusion": 0.0, "fpem/conservative_router_target_detached": 1.0, "fpem/conservative_delta_detached": 1.0, "fpem/conservative_harmful_switch_weight": 2.0, "fpem/hard_router_predicted_env_ratio": 1.0, "fpem/hard_router_effective_env_ratio": 1.0, "fpem/hard_router_target_env_ratio": 0.7166666666666667, "fpem/hard_router_gain_mean": -0.19219269284180232, "fpem/hard_router_margin_mean": 0.0, "fpem/conservative_router_supervision_enabled": 1.0, "fpem/conservative_router_weight_mean": 0.9999999909173874, "fpem/conservative_router_weight_min": 0.0641125470488554, "fpem/conservative_router_weight_max": 3.0516828650519963, "fpem/expert_prediction_pairwise_difference": 0.0, "fpem/delta_pairwise_cosine": 0.0, "fpem/delta_pairwise_l1": 0.0, "fpem/delta_pairwise_l2": 0.0, "fpem/expert_0_parameter_norm": 14.902265657697406, "fpem/hard_binary_router_enabled": 1.0, "fpem/hard_router_uses_target_in_forward": 0.0, "fpem/stored_future_c_loaded": 0.0, "fpem/prediction_is_weighted_complete_fusion": 0.0, "fpem/prediction_is_hard_route": 1.0, "fpem/conservative_inv_override_enabled": 1.0, "fpem/conservative_router_features_detached": 1.0, "fpem/future_mi_loss": 0.0, "fpem/future_mi_valid": 0.0, "fpem/future_mi_logvar_mean": 0.0, "fpem/future_mi_target_mode_env_encoder": 0.0, "fpem/swap_loss": 0.0, "fpem/swap_diff_loss": 0.0, "fpem/swap_same_loss": 0.0, "fpem/swap_gain_mean": 0.0, "fpem/swap_s_gain_mean": 0.0, "fpem/swap_fallback_router_loss": 0.0, "fpem/swap_fallback_q_mean": 0.0, "fpem/swap_prediction_delta": 0.0, "fpem/swap_route_delta": 0.0, "fpem/swap_hyper_alpha_delta": 0.0, "fpem/swap_hyper_delta_norm": 0.0, "fpem/loss_env_day": 0.0, "fpem/loss_env_hour": 0.0, "fpem/loss_env_rush": 0.0, "fpem/env_day_acc": 0.0, "fpem/env_hour_acc": 0.0, "fpem/env_rush_acc": 0.0, "fpem/loss_env_supcon": 0.0, "fpem/env_supcon_valid_pairs": 0.0, "fpem/loss_inv_env_adv": 0.0, "fpem/inv_day_acc": 0.0, "fpem/inv_hour_acc": 0.0, "fpem/inv_rush_acc": 0.0, "fpem/loss_cross_cov_sep": 0.0, "fpem/load_level_experts_enabled": 1.0, "fpem/load_level_uses_target_or_future_load": 0.0, "fpem/environment_gate_uses_target_in_forward": 0.0, "fpem/load_level_env_residual_scale": 0.0, "fpem/uses_cached_observable_load_prior": 1.0, "fpem/primary_loss": 9.060651252383277, "fpem/inv_pred_loss": 9.218015153067453, "fpem/primary_uses_route": 1.0, "fpem/primary_uses_env_fusion": 0.0, "fpem/backbone_agcrn": 1.0, "fpem/backbone_graphwavenet": 0.0, "fpem/backbone_staeformer": 0.0, "fpem/gc_pred_loss_only": 1.0, "fpem/env_route_head_mode_hyper_proto": 1.0, "fpem/fpem_force_uniform_route": 0.0, "fpem/hard_prediction_sinkhorn_total_replaces_primary": 0.0, "fpem/hard_prediction_environment_sinkhorn_total_replaces_primary": 0.0, "fpem/warmup_risk_sinkhorn_total_replaces_primary": 0.0, "fpem/lambda_club_mi": 0.0}, "conservative_override_threshold_selection": {"split": "val", "threshold": 0.5, "margin": 0.0, "mae": 11.702404975891113, "loss": 11.904421541425917, "mape": 0.19666756689548492, "confirmed_result": {"loss": 11.904421541425917, "mae": 11.702404975891113, "mape": 0.19666756689548492}}}
CONSERVATIVE_OVERRIDE_THRESHOLD_SELECTION {"split": "val", "threshold": 0.5, "margin": 0.0, "mae": 11.62812328338623, "loss": 11.849109914567736, "mape": 0.1884683072566986, "confirmed_result": {"loss": 11.849109914567736, "mae": 11.62812328338623, "mape": 0.1884683072566986}}
EPOCH {"epoch": 17, "train_loss": 11.303184109642393, "val": {"loss": 11.849109914567736, "mae": 11.62812328338623, "mape": 0.1884683072566986}, "test_mixed": {"loss": 10.639806161608014, "mae": 10.627610206604004, "mape": 0.1735966056585312}, "test_workday": {"loss": 10.515539687612783, "mae": 10.54041576385498, "mape": 0.17441904544830322}, "test_holiday": {"loss": 10.845595796902975, "mae": 10.778817176818848, "mape": 0.17217037081718445}, "test_avg_mae": 10.659616470336914, "best_selection_value": 10.659616470336914, "best_selection_split": "test_avg_DIAGNOSTIC", "best_selection_metric": "test_avg_mae", "lr": 0.001, "fpem_logs": {"fpem/fpem_env_use_exogenous": 1.0, "fpem/env_exogenous_available": 1.0, "fpem/env_exogenous_time_available": 1.0, "fpem/env_exogenous_load_available": 1.0, "fpem/env_exogenous_feature_dim": 32.0, "fpem/env_exogenous_embedding_norm": 2.7320652893611364, "fpem/env_exogenous_load_embedding_norm": 1.945908336412339, "fpem/env_rep_ablation_normal": 1.0, "fpem/env_rep_ablation_zero": 0.0, "fpem/env_rep_ablation_shuffle_batch": 0.0, "fpem/env_rep_ablation_mode_id": 0.0, "fpem/mask_loss": 0.0, "fpem/mask_sparse_loss": 0.0, "fpem/mask_entropy_loss": 0.0, "fpem/mask_mean": 1.0, "fpem/mask_entropy": 0.0, "fpem/mask_active_ratio": 1.0, "fpem/fusion_alpha_mean": 0.0, "fpem/fusion_alpha_std": 0.0, "fpem/fusion_alpha_min": 0.0, "fpem/fusion_alpha_max": 0.0, "fpem/env_route_loss": 2.2622695468720937, "fpem/env_route_L_final": 9.055961418151856, "fpem/env_route_L_global": 0.0, "fpem/env_route_L_route_soft": 0.0, "fpem/env_route_L_expert": 9.463785003480456, "fpem/env_route_L_router_oracle": 0.36951251072543007, "fpem/env_route_L_balance": 0.0, "fpem/env_route_L_diverse": 0.0, "fpem/env_route_L_proto_align": 0.0, "fpem/env_route_entropy": 0.0, "fpem/env_route_q_max_mean": 0.0, "fpem/hyper_alpha_mean": 0.0, "fpem/hyper_delta_norm": 0.0, "fpem/hyper_route_proto_mode_uniform_warmup": 0.0, "fpem/hyper_route_proto_mode_uniform_fixed": 0.0, "fpem/hyper_route_proto_mode_sinkhorn": 0.0, "fpem/hyper_route_proto_mode_softmax": 0.0, "fpem/fallback_q_mean": 0.0, "fpem/fallback_q_max": 0.0, "fpem/env_q_sum_mean": 1.0, "fpem/oracle_fallback_rate": 0.0, "fpem/route_count_fallback": 0.0, "fpem/env_route_head_mode": 1.0, "fpem/route_entropy_mean": 0.0, "fpem/route_mean_distribution_entropy": 0.0, "fpem/effective_expert_number": 1.0, "fpem/max_expert_usage_ratio": 0.0, "fpem/min_expert_usage_ratio": 0.0, "fpem/prototype_pairwise_cosine": 0.0, "fpem/expert_prediction_pairwise_cosine": 0.0, "fpem/expert_collapse_warning": 0.0, "fpem/env_route_target_mode_env_prototype": 0.0, "fpem/env_route_target_mode_hybrid": 0.0, "fpem/env_route_hybrid_alpha": 0.0, "fpem/env_route_train_mode_warmup_risk_sinkhorn": 0.0, "fpem/warmup_risk_stage_warmup": 0.0, "fpem/warmup_risk_stage_soft": 0.0, "fpem/warmup_risk_stage_hard": 0.0, "fpem/warmup_risk_selected_loss": 0.0, "fpem/warmup_risk_uniform_common_loss": 0.0, "fpem/warmup_risk_lambda_common": 0.0, "fpem/warmup_risk_total_common_term": 0.0, "fpem/warmup_risk_temperature": 0.0, "fpem/warmup_risk_temperature_progress": 0.0, "fpem/uniform_expert_mae": 0.0, "fpem/risk_routed_mae": 0.0, "fpem/risk_prediction_mae": 0.0, "fpem/risk_loss": 0.0, "fpem/risk_ranking_loss": 0.0, "fpem/risk_ranking_accuracy": 0.0, "fpem/risk_oracle_argmin_accuracy": 0.0, "fpem/risk_router_temperature": 0.0, "fpem/risk_router_lambda": 0.0, "fpem/risk_router_pairwise_lambda": 0.0, "fpem/env_route_train_mode_progressive_gmm_environment": 0.0, "fpem/top_level_prediction_source_progressive_gmm_teacher_hard": 0.0, "fpem/progressive_assignment_uses_target_or_prediction_error": 0.0, "fpem/progressive_partition_ready": 0.0, "fpem/progressive_selected_k": 0.0, "fpem/progressive_active_expert_count": 0.0, "fpem/progressive_last_partition_epoch": 0.0, "fpem/progressive_lambda_common": 0.0, "fpem/progressive_common_term": 0.0, "fpem/progressive_compactness_loss": 0.0, "fpem/progressive_consistency_loss": 0.0, "fpem/progressive_cluster_entropy": 0.0, "fpem/progressive_assignment_change_ratio": 0.0, "fpem/progressive_hungarian_overlap_score": 0.0, "fpem/progressive_partition_update_time_sec": 0.0, "fpem/progressive_routed_mae": 0.0, "fpem/progressive_gmm_environment_total_replaces_primary": 0.0, "fpem/env_route_count_head_0": 16.0, "fpem/env_route_oracle_count_head_0": 16.0, "fpem/route_count_env_head_0": 16.0, "fpem/route_soft_mean_expert_0": 1.0, "fpem/route_hard_count_expert_0": 16.0, "fpem/hard_count_expert_0": 16.0, "fpem/sinkhorn_soft_col_mass_expert_0": 0.0, "fpem/progressive_active_expert_0": 0.0, "fpem/progressive_cluster_size_0": 0.0, "fpem/progressive_cluster_ratio_0": 0.0, "fpem/progressive_cluster_to_expert_0": 0.0, "fpem/progressive_bic_k1": 0.0, "fpem/progressive_bic_score_k1": 0.0, "fpem/progressive_bic_rejected_k1": 0.0, "fpem/hyper_alpha_head_0": 0.0, "fpem/hyper_gamma_norm_head_0": 0.0, "fpem/hyper_beta_norm_head_0": 0.0, "fpem/expert_cross_mae_group_0_expert_0": 9.463785003480456, "fpem/load_expert_loss": 9.463785003480456, "fpem/conservative_override_router_loss": 0.36951251072543007, "fpem/hard_router_loss": 0.36951251072543007, "fpem/load_level_assignment_detached": 1.0, "fpem/load_level_count_0": 1680.0, "fpem/load_level_ratio_0": 1.0, "fpem/expert_0_global_loss": 9.463785003480456, "fpem/expert_0_selected_loss": 9.463785003480456, "fpem/conservative_all_environment_mae": 9.463785003480456, "fpem/conservative_all_invariant_mae": 9.662237503415062, "fpem/conservative_selective_hard_routing_mae": 9.463785003480456, "fpem/conservative_oracle_mae": 9.399028210412888, "fpem/conservative_router_accuracy": 0.718452380952381, "fpem/conservative_router_balanced_accuracy": 0.5047619047619047, "fpem/conservative_invariant_switch_coverage": 0.0, "fpem/conservative_invariant_switch_precision": 0.0, "fpem/conservative_correct_beneficial_switches": 0.0, "fpem/conservative_harmful_invariant_switches": 0.0, "fpem/conservative_saved_loss_from_correct_switches": 0.0, "fpem/conservative_added_loss_from_harmful_switches": 0.0, "fpem/conservative_net_routing_gain": 0.0, "fpem/conservative_oracle_gap_closed": 0.0, "fpem/conservative_selected_threshold": 0.5, "fpem/conservative_selected_margin": 0.0, "fpem/conservative_delta_mean": -0.19845246857120877, "fpem/conservative_delta_positive_ratio": 0.28154761904761905, "fpem/conservative_target_inv_ratio": 0.28154761904761905, "fpem/conservative_p_inv_mean": 0.11528009680055437, "fpem/conservative_p_inv_min": 0.06801723048445724, "fpem/conservative_p_inv_max": 0.20270479193755558, "fpem/conservative_prediction_is_hard_route": 1.0, "fpem/conservative_prediction_is_soft_fusion": 0.0, "fpem/conservative_router_target_detached": 1.0, "fpem/conservative_delta_detached": 1.0, "fpem/conservative_harmful_switch_weight": 2.0, "fpem/hard_router_predicted_env_ratio": 1.0, "fpem/hard_router_effective_env_ratio": 1.0, "fpem/hard_router_target_env_ratio": 0.718452380952381, "fpem/hard_router_gain_mean": -0.19845246857120877, "fpem/hard_router_margin_mean": 0.0, "fpem/conservative_router_supervision_enabled": 1.0, "fpem/conservative_router_weight_mean": 0.9999999931880406, "fpem/conservative_router_weight_min": 0.05913809960142576, "fpem/conservative_router_weight_max": 3.183225173041934, "fpem/expert_prediction_pairwise_difference": 0.0, "fpem/delta_pairwise_cosine": 0.0, "fpem/delta_pairwise_l1": 0.0, "fpem/delta_pairwise_l2": 0.0, "fpem/expert_0_parameter_norm": 14.907987331208728, "fpem/hard_binary_router_enabled": 1.0, "fpem/hard_router_uses_target_in_forward": 0.0, "fpem/stored_future_c_loaded": 0.0, "fpem/prediction_is_weighted_complete_fusion": 0.0, "fpem/prediction_is_hard_route": 1.0, "fpem/conservative_inv_override_enabled": 1.0, "fpem/conservative_router_features_detached": 1.0, "fpem/future_mi_loss": 0.0, "fpem/future_mi_valid": 0.0, "fpem/future_mi_logvar_mean": 0.0, "fpem/future_mi_target_mode_env_encoder": 0.0, "fpem/swap_loss": 0.0, "fpem/swap_diff_loss": 0.0, "fpem/swap_same_loss": 0.0, "fpem/swap_gain_mean": 0.0, "fpem/swap_s_gain_mean": 0.0, "fpem/swap_fallback_router_loss": 0.0, "fpem/swap_fallback_q_mean": 0.0, "fpem/swap_prediction_delta": 0.0, "fpem/swap_route_delta": 0.0, "fpem/swap_hyper_alpha_delta": 0.0, "fpem/swap_hyper_delta_norm": 0.0, "fpem/loss_env_day": 0.0, "fpem/loss_env_hour": 0.0, "fpem/loss_env_rush": 0.0, "fpem/env_day_acc": 0.0, "fpem/env_hour_acc": 0.0, "fpem/env_rush_acc": 0.0, "fpem/loss_env_supcon": 0.0, "fpem/env_supcon_valid_pairs": 0.0, "fpem/loss_inv_env_adv": 0.0, "fpem/inv_day_acc": 0.0, "fpem/inv_hour_acc": 0.0, "fpem/inv_rush_acc": 0.0, "fpem/loss_cross_cov_sep": 0.0, "fpem/load_level_experts_enabled": 1.0, "fpem/load_level_uses_target_or_future_load": 0.0, "fpem/environment_gate_uses_target_in_forward": 0.0, "fpem/load_level_env_residual_scale": 0.0, "fpem/uses_cached_observable_load_prior": 1.0, "fpem/primary_loss": 9.055961418151856, "fpem/inv_pred_loss": 9.222359457470121, "fpem/primary_uses_route": 1.0, "fpem/primary_uses_env_fusion": 0.0, "fpem/backbone_agcrn": 1.0, "fpem/backbone_graphwavenet": 0.0, "fpem/backbone_staeformer": 0.0, "fpem/gc_pred_loss_only": 1.0, "fpem/env_route_head_mode_hyper_proto": 1.0, "fpem/fpem_force_uniform_route": 0.0, "fpem/hard_prediction_sinkhorn_total_replaces_primary": 0.0, "fpem/hard_prediction_environment_sinkhorn_total_replaces_primary": 0.0, "fpem/warmup_risk_sinkhorn_total_replaces_primary": 0.0, "fpem/lambda_club_mi": 0.0}, "conservative_override_threshold_selection": {"split": "val", "threshold": 0.5, "margin": 0.0, "mae": 11.62812328338623, "loss": 11.849109914567736, "mape": 0.1884683072566986, "confirmed_result": {"loss": 11.849109914567736, "mae": 11.62812328338623, "mape": 0.1884683072566986}}}
CONSERVATIVE_OVERRIDE_THRESHOLD_SELECTION {"split": "val", "threshold": 0.5, "margin": 0.0, "mae": 11.653534889221191, "loss": 11.852721373240152, "mape": 0.18130140006542206, "confirmed_result": {"loss": 11.852721373240152, "mae": 11.653534889221191, "mape": 0.18130140006542206}}
EPOCH {"epoch": 18, "train_loss": 11.391541317531042, "val": {"loss": 11.852721373240152, "mae": 11.653534889221191, "mape": 0.18130140006542206}, "test_mixed": {"loss": 10.65829757962908, "mae": 10.653929710388184, "mape": 0.1678958237171173}, "test_workday": {"loss": 10.531975642494533, "mae": 10.56464672088623, "mape": 0.16869790852069855}, "test_holiday": {"loss": 10.86811876296997, "mae": 10.808757781982422, "mape": 0.16650496423244476}, "test_avg_mae": 10.686702251434326, "best_selection_value": 10.686702251434326, "best_selection_split": "test_avg_DIAGNOSTIC", "best_selection_metric": "test_avg_mae", "lr": 0.001, "fpem_logs": {"fpem/fpem_env_use_exogenous": 1.0, "fpem/env_exogenous_available": 1.0, "fpem/env_exogenous_time_available": 1.0, "fpem/env_exogenous_load_available": 1.0, "fpem/env_exogenous_feature_dim": 32.0, "fpem/env_exogenous_embedding_norm": 2.7347145262218655, "fpem/env_exogenous_load_embedding_norm": 1.947490696679978, "fpem/env_rep_ablation_normal": 1.0, "fpem/env_rep_ablation_zero": 0.0, "fpem/env_rep_ablation_shuffle_batch": 0.0, "fpem/env_rep_ablation_mode_id": 0.0, "fpem/mask_loss": 0.0, "fpem/mask_sparse_loss": 0.0, "fpem/mask_entropy_loss": 0.0, "fpem/mask_mean": 1.0, "fpem/mask_entropy": 0.0, "fpem/mask_active_ratio": 1.0, "fpem/fusion_alpha_mean": 0.0, "fpem/fusion_alpha_std": 0.0, "fpem/fusion_alpha_min": 0.0, "fpem/fusion_alpha_max": 0.0, "fpem/env_route_loss": 2.3158341044471378, "fpem/env_route_L_final": 9.07227672395252, "fpem/env_route_L_global": 0.0, "fpem/env_route_L_route_soft": 0.0, "fpem/env_route_L_expert": 9.486651820228213, "fpem/env_route_L_router_oracle": 0.4185037165170624, "fpem/env_route_L_balance": 0.0, "fpem/env_route_L_diverse": 0.0, "fpem/env_route_L_proto_align": 0.0, "fpem/env_route_entropy": 0.0, "fpem/env_route_q_max_mean": 0.0, "fpem/hyper_alpha_mean": 0.0, "fpem/hyper_delta_norm": 0.0, "fpem/hyper_route_proto_mode_uniform_warmup": 0.0, "fpem/hyper_route_proto_mode_uniform_fixed": 0.0, "fpem/hyper_route_proto_mode_sinkhorn": 0.0, "fpem/hyper_route_proto_mode_softmax": 0.0, "fpem/fallback_q_mean": 0.0, "fpem/fallback_q_max": 0.0, "fpem/env_q_sum_mean": 1.0, "fpem/oracle_fallback_rate": 0.0, "fpem/route_count_fallback": 0.0, "fpem/env_route_head_mode": 1.0, "fpem/route_entropy_mean": 0.0, "fpem/route_mean_distribution_entropy": 0.0, "fpem/effective_expert_number": 1.0, "fpem/max_expert_usage_ratio": 0.0, "fpem/min_expert_usage_ratio": 0.0, "fpem/prototype_pairwise_cosine": 0.0, "fpem/expert_prediction_pairwise_cosine": 0.0, "fpem/expert_collapse_warning": 0.0, "fpem/env_route_target_mode_env_prototype": 0.0, "fpem/env_route_target_mode_hybrid": 0.0, "fpem/env_route_hybrid_alpha": 0.0, "fpem/env_route_train_mode_warmup_risk_sinkhorn": 0.0, "fpem/warmup_risk_stage_warmup": 0.0, "fpem/warmup_risk_stage_soft": 0.0, "fpem/warmup_risk_stage_hard": 0.0, "fpem/warmup_risk_selected_loss": 0.0, "fpem/warmup_risk_uniform_common_loss": 0.0, "fpem/warmup_risk_lambda_common": 0.0, "fpem/warmup_risk_total_common_term": 0.0, "fpem/warmup_risk_temperature": 0.0, "fpem/warmup_risk_temperature_progress": 0.0, "fpem/uniform_expert_mae": 0.0, "fpem/risk_routed_mae": 0.0, "fpem/risk_prediction_mae": 0.0, "fpem/risk_loss": 0.0, "fpem/risk_ranking_loss": 0.0, "fpem/risk_ranking_accuracy": 0.0, "fpem/risk_oracle_argmin_accuracy": 0.0, "fpem/risk_router_temperature": 0.0, "fpem/risk_router_lambda": 0.0, "fpem/risk_router_pairwise_lambda": 0.0, "fpem/env_route_train_mode_progressive_gmm_environment": 0.0, "fpem/top_level_prediction_source_progressive_gmm_teacher_hard": 0.0, "fpem/progressive_assignment_uses_target_or_prediction_error": 0.0, "fpem/progressive_partition_ready": 0.0, "fpem/progressive_selected_k": 0.0, "fpem/progressive_active_expert_count": 0.0, "fpem/progressive_last_partition_epoch": 0.0, "fpem/progressive_lambda_common": 0.0, "fpem/progressive_common_term": 0.0, "fpem/progressive_compactness_loss": 0.0, "fpem/progressive_consistency_loss": 0.0, "fpem/progressive_cluster_entropy": 0.0, "fpem/progressive_assignment_change_ratio": 0.0, "fpem/progressive_hungarian_overlap_score": 0.0, "fpem/progressive_partition_update_time_sec": 0.0, "fpem/progressive_routed_mae": 0.0, "fpem/progressive_gmm_environment_total_replaces_primary": 0.0, "fpem/env_route_count_head_0": 16.0, "fpem/env_route_oracle_count_head_0": 16.0, "fpem/route_count_env_head_0": 16.0, "fpem/route_soft_mean_expert_0": 1.0, "fpem/route_hard_count_expert_0": 16.0, "fpem/hard_count_expert_0": 16.0, "fpem/sinkhorn_soft_col_mass_expert_0": 0.0, "fpem/progressive_active_expert_0": 0.0, "fpem/progressive_cluster_size_0": 0.0, "fpem/progressive_cluster_ratio_0": 0.0, "fpem/progressive_cluster_to_expert_0": 0.0, "fpem/progressive_bic_k1": 0.0, "fpem/progressive_bic_score_k1": 0.0, "fpem/progressive_bic_rejected_k1": 0.0, "fpem/hyper_alpha_head_0": 0.0, "fpem/hyper_gamma_norm_head_0": 0.0, "fpem/hyper_beta_norm_head_0": 0.0, "fpem/expert_cross_mae_group_0_expert_0": 9.486651820228213, "fpem/load_expert_loss": 9.486651820228213, "fpem/conservative_override_router_loss": 0.4185037165170624, "fpem/hard_router_loss": 0.4185037165170624, "fpem/load_level_assignment_detached": 1.0, "fpem/load_level_count_0": 1680.0, "fpem/load_level_ratio_0": 1.0, "fpem/expert_0_global_loss": 9.486651820228213, "fpem/expert_0_selected_loss": 9.486651820228213, "fpem/conservative_all_environment_mae": 9.486651820228213, "fpem/conservative_all_invariant_mae": 9.662237380799793, "fpem/conservative_selective_hard_routing_mae": 9.486651820228213, "fpem/conservative_oracle_mae": 9.413412884303503, "fpem/conservative_router_accuracy": 0.6982142857142857, "fpem/conservative_router_balanced_accuracy": 0.5095238095238095, "fpem/conservative_invariant_switch_coverage": 0.0, "fpem/conservative_invariant_switch_precision": 0.0, "fpem/conservative_correct_beneficial_switches": 0.0, "fpem/conservative_harmful_invariant_switches": 0.0, "fpem/conservative_saved_loss_from_correct_switches": 0.0, "fpem/conservative_added_loss_from_harmful_switches": 0.0, "fpem/conservative_net_routing_gain": 0.0, "fpem/conservative_oracle_gap_closed": 0.0, "fpem/conservative_selected_threshold": 0.5, "fpem/conservative_selected_margin": 0.0, "fpem/conservative_delta_mean": -0.1755857311543964, "fpem/conservative_delta_positive_ratio": 0.30178571428571427, "fpem/conservative_target_inv_ratio": 0.30178571428571427, "fpem/conservative_p_inv_mean": 0.11915785755429949, "fpem/conservative_p_inv_min": 0.07356577196291515, "fpem/conservative_p_inv_max": 0.2001259426275889, "fpem/conservative_prediction_is_hard_route": 1.0, "fpem/conservative_prediction_is_soft_fusion": 0.0, "fpem/conservative_router_target_detached": 1.0, "fpem/conservative_delta_detached": 1.0, "fpem/conservative_harmful_switch_weight": 2.0, "fpem/hard_router_predicted_env_ratio": 1.0, "fpem/hard_router_effective_env_ratio": 1.0, "fpem/hard_router_target_env_ratio": 0.6982142857142857, "fpem/hard_router_gain_mean": -0.1755857311543964, "fpem/hard_router_margin_mean": 0.0, "fpem/conservative_router_supervision_enabled": 1.0, "fpem/conservative_router_weight_mean": 0.999999996026357, "fpem/conservative_router_weight_min": 0.06700220643320963, "fpem/conservative_router_weight_max": 3.062005549385434, "fpem/expert_prediction_pairwise_difference": 0.0, "fpem/delta_pairwise_cosine": 0.0, "fpem/delta_pairwise_l1": 0.0, "fpem/delta_pairwise_l2": 0.0, "fpem/expert_0_parameter_norm": 14.90938444591704, "fpem/hard_binary_router_enabled": 1.0, "fpem/hard_router_uses_target_in_forward": 0.0, "fpem/stored_future_c_loaded": 0.0, "fpem/prediction_is_weighted_complete_fusion": 0.0, "fpem/prediction_is_hard_route": 1.0, "fpem/conservative_inv_override_enabled": 1.0, "fpem/conservative_router_features_detached": 1.0, "fpem/future_mi_loss": 0.0, "fpem/future_mi_valid": 0.0, "fpem/future_mi_logvar_mean": 0.0, "fpem/future_mi_target_mode_env_encoder": 0.0, "fpem/swap_loss": 0.0, "fpem/swap_diff_loss": 0.0, "fpem/swap_same_loss": 0.0, "fpem/swap_gain_mean": 0.0, "fpem/swap_s_gain_mean": 0.0, "fpem/swap_fallback_router_loss": 0.0, "fpem/swap_fallback_q_mean": 0.0, "fpem/swap_prediction_delta": 0.0, "fpem/swap_route_delta": 0.0, "fpem/swap_hyper_alpha_delta": 0.0, "fpem/swap_hyper_delta_norm": 0.0, "fpem/loss_env_day": 0.0, "fpem/loss_env_hour": 0.0, "fpem/loss_env_rush": 0.0, "fpem/env_day_acc": 0.0, "fpem/env_hour_acc": 0.0, "fpem/env_rush_acc": 0.0, "fpem/loss_env_supcon": 0.0, "fpem/env_supcon_valid_pairs": 0.0, "fpem/loss_inv_env_adv": 0.0, "fpem/inv_day_acc": 0.0, "fpem/inv_hour_acc": 0.0, "fpem/inv_rush_acc": 0.0, "fpem/loss_cross_cov_sep": 0.0, "fpem/load_level_experts_enabled": 1.0, "fpem/load_level_uses_target_or_future_load": 0.0, "fpem/environment_gate_uses_target_in_forward": 0.0, "fpem/load_level_env_residual_scale": 0.0, "fpem/uses_cached_observable_load_prior": 1.0, "fpem/primary_loss": 9.07227672395252, "fpem/inv_pred_loss": 9.218659192039853, "fpem/primary_uses_route": 1.0, "fpem/primary_uses_env_fusion": 0.0, "fpem/backbone_agcrn": 1.0, "fpem/backbone_graphwavenet": 0.0, "fpem/backbone_staeformer": 0.0, "fpem/gc_pred_loss_only": 1.0, "fpem/env_route_head_mode_hyper_proto": 1.0, "fpem/fpem_force_uniform_route": 0.0, "fpem/hard_prediction_sinkhorn_total_replaces_primary": 0.0, "fpem/hard_prediction_environment_sinkhorn_total_replaces_primary": 0.0, "fpem/warmup_risk_sinkhorn_total_replaces_primary": 0.0, "fpem/lambda_club_mi": 0.0}, "conservative_override_threshold_selection": {"split": "val", "threshold": 0.5, "margin": 0.0, "mae": 11.653534889221191, "loss": 11.852721373240152, "mape": 0.18130140006542206, "confirmed_result": {"loss": 11.852721373240152, "mae": 11.653534889221191, "mape": 0.18130140006542206}}}
CONSERVATIVE_OVERRIDE_THRESHOLD_SELECTION {"split": "val", "threshold": 0.5, "margin": 0.0, "mae": 11.612655639648438, "loss": 11.823378059599134, "mape": 0.1835722029209137, "confirmed_result": {"loss": 11.823378059599134, "mae": 11.612655639648438, "mape": 0.1835722029209137}}
EPOCH {"epoch": 19, "train_loss": 11.22905180794852, "val": {"loss": 11.823378059599134, "mae": 11.612655639648438, "mape": 0.1835722029209137}, "test_mixed": {"loss": 10.616200719560895, "mae": 10.609321594238281, "mape": 0.16918312013149261}, "test_workday": {"loss": 10.490392622740373, "mae": 10.520594596862793, "mape": 0.16987140476703644}, "test_holiday": {"loss": 10.824577569961548, "mae": 10.763184547424316, "mape": 0.1679895669221878}, "test_avg_mae": 10.641889572143555, "best_selection_value": 10.641889572143555, "best_selection_split": "test_avg_DIAGNOSTIC", "best_selection_metric": "test_avg_mae", "lr": 0.001, "fpem_logs": {"fpem/fpem_env_use_exogenous": 1.0, "fpem/env_exogenous_available": 1.0, "fpem/env_exogenous_time_available": 1.0, "fpem/env_exogenous_load_available": 1.0, "fpem/env_exogenous_feature_dim": 32.0, "fpem/env_exogenous_embedding_norm": 2.724549155008225, "fpem/env_exogenous_load_embedding_norm": 1.934239793959118, "fpem/env_rep_ablation_normal": 1.0, "fpem/env_rep_ablation_zero": 0.0, "fpem/env_rep_ablation_shuffle_batch": 0.0, "fpem/env_rep_ablation_mode_id": 0.0, "fpem/mask_loss": 0.0, "fpem/mask_sparse_loss": 0.0, "fpem/mask_entropy_loss": 0.0, "fpem/mask_mean": 1.0, "fpem/mask_entropy": 0.0, "fpem/mask_active_ratio": 1.0, "fpem/fusion_alpha_mean": 0.0, "fpem/fusion_alpha_std": 0.0, "fpem/fusion_alpha_min": 0.0, "fpem/fusion_alpha_max": 0.0, "fpem/env_route_loss": 2.234699525151934, "fpem/env_route_L_final": 9.02462587810698, "fpem/env_route_L_global": 0.0, "fpem/env_route_L_route_soft": 0.0, "fpem/env_route_L_expert": 9.450703557332357, "fpem/env_route_L_router_oracle": 0.34455879429976144, "fpem/env_route_L_balance": 0.0, "fpem/env_route_L_diverse": 0.0, "fpem/env_route_L_proto_align": 0.0, "fpem/env_route_entropy": 0.0, "fpem/env_route_q_max_mean": 0.0, "fpem/hyper_alpha_mean": 0.0, "fpem/hyper_delta_norm": 0.0, "fpem/hyper_route_proto_mode_uniform_warmup": 0.0, "fpem/hyper_route_proto_mode_uniform_fixed": 0.0, "fpem/hyper_route_proto_mode_sinkhorn": 0.0, "fpem/hyper_route_proto_mode_softmax": 0.0, "fpem/fallback_q_mean": 0.0, "fpem/fallback_q_max": 0.0, "fpem/env_q_sum_mean": 1.0, "fpem/oracle_fallback_rate": 0.0, "fpem/route_count_fallback": 0.0, "fpem/env_route_head_mode": 1.0, "fpem/route_entropy_mean": 0.0, "fpem/route_mean_distribution_entropy": 0.0, "fpem/effective_expert_number": 1.0, "fpem/max_expert_usage_ratio": 0.0, "fpem/min_expert_usage_ratio": 0.0, "fpem/prototype_pairwise_cosine": 0.0, "fpem/expert_prediction_pairwise_cosine": 0.0, "fpem/expert_collapse_warning": 0.0, "fpem/env_route_target_mode_env_prototype": 0.0, "fpem/env_route_target_mode_hybrid": 0.0, "fpem/env_route_hybrid_alpha": 0.0, "fpem/env_route_train_mode_warmup_risk_sinkhorn": 0.0, "fpem/warmup_risk_stage_warmup": 0.0, "fpem/warmup_risk_stage_soft": 0.0, "fpem/warmup_risk_stage_hard": 0.0, "fpem/warmup_risk_selected_loss": 0.0, "fpem/warmup_risk_uniform_common_loss": 0.0, "fpem/warmup_risk_lambda_common": 0.0, "fpem/warmup_risk_total_common_term": 0.0, "fpem/warmup_risk_temperature": 0.0, "fpem/warmup_risk_temperature_progress": 0.0, "fpem/uniform_expert_mae": 0.0, "fpem/risk_routed_mae": 0.0, "fpem/risk_prediction_mae": 0.0, "fpem/risk_loss": 0.0, "fpem/risk_ranking_loss": 0.0, "fpem/risk_ranking_accuracy": 0.0, "fpem/risk_oracle_argmin_accuracy": 0.0, "fpem/risk_router_temperature": 0.0, "fpem/risk_router_lambda": 0.0, "fpem/risk_router_pairwise_lambda": 0.0, "fpem/env_route_train_mode_progressive_gmm_environment": 0.0, "fpem/top_level_prediction_source_progressive_gmm_teacher_hard": 0.0, "fpem/progressive_assignment_uses_target_or_prediction_error": 0.0, "fpem/progressive_partition_ready": 0.0, "fpem/progressive_selected_k": 0.0, "fpem/progressive_active_expert_count": 0.0, "fpem/progressive_last_partition_epoch": 0.0, "fpem/progressive_lambda_common": 0.0, "fpem/progressive_common_term": 0.0, "fpem/progressive_compactness_loss": 0.0, "fpem/progressive_consistency_loss": 0.0, "fpem/progressive_cluster_entropy": 0.0, "fpem/progressive_assignment_change_ratio": 0.0, "fpem/progressive_hungarian_overlap_score": 0.0, "fpem/progressive_partition_update_time_sec": 0.0, "fpem/progressive_routed_mae": 0.0, "fpem/progressive_gmm_environment_total_replaces_primary": 0.0, "fpem/env_route_count_head_0": 16.0, "fpem/env_route_oracle_count_head_0": 16.0, "fpem/route_count_env_head_0": 16.0, "fpem/route_soft_mean_expert_0": 1.0, "fpem/route_hard_count_expert_0": 16.0, "fpem/hard_count_expert_0": 16.0, "fpem/sinkhorn_soft_col_mass_expert_0": 0.0, "fpem/progressive_active_expert_0": 0.0, "fpem/progressive_cluster_size_0": 0.0, "fpem/progressive_cluster_ratio_0": 0.0, "fpem/progressive_cluster_to_expert_0": 0.0, "fpem/progressive_bic_k1": 0.0, "fpem/progressive_bic_score_k1": 0.0, "fpem/progressive_bic_rejected_k1": 0.0, "fpem/hyper_alpha_head_0": 0.0, "fpem/hyper_gamma_norm_head_0": 0.0, "fpem/hyper_beta_norm_head_0": 0.0, "fpem/expert_cross_mae_group_0_expert_0": 9.450703557332357, "fpem/load_expert_loss": 9.450703557332357, "fpem/conservative_override_router_loss": 0.34455879429976144, "fpem/hard_router_loss": 0.34455879429976144, "fpem/load_level_assignment_detached": 1.0, "fpem/load_level_count_0": 1680.0, "fpem/load_level_ratio_0": 1.0, "fpem/expert_0_global_loss": 9.450703557332357, "fpem/expert_0_selected_loss": 9.450703557332357, "fpem/conservative_all_environment_mae": 9.450703557332357, "fpem/conservative_all_invariant_mae": 9.662237458002, "fpem/conservative_selective_hard_routing_mae": 9.450703557332357, "fpem/conservative_oracle_mae": 9.393789672851563, "fpem/conservative_router_accuracy": 0.7392857142857143, "fpem/conservative_router_balanced_accuracy": 0.5190476190476191, "fpem/conservative_invariant_switch_coverage": 0.0, "fpem/conservative_invariant_switch_precision": 0.0, "fpem/conservative_correct_beneficial_switches": 0.0, "fpem/conservative_harmful_invariant_switches": 0.0, "fpem/conservative_saved_loss_from_correct_switches": 0.0, "fpem/conservative_added_loss_from_harmful_switches": 0.0, "fpem/conservative_net_routing_gain": 0.0, "fpem/conservative_oracle_gap_closed": 0.0, "fpem/conservative_selected_threshold": 0.5, "fpem/conservative_selected_margin": 0.0, "fpem/conservative_delta_mean": -0.21153397262096404, "fpem/conservative_delta_positive_ratio": 0.26071428571428573, "fpem/conservative_target_inv_ratio": 0.26071428571428573, "fpem/conservative_p_inv_mean": 0.10058419108390808, "fpem/conservative_p_inv_min": 0.06165160398398127, "fpem/conservative_p_inv_max": 0.17313486678259712, "fpem/conservative_prediction_is_hard_route": 1.0, "fpem/conservative_prediction_is_soft_fusion": 0.0, "fpem/conservative_router_target_detached": 1.0, "fpem/conservative_delta_detached": 1.0, "fpem/conservative_harmful_switch_weight": 2.0, "fpem/hard_router_predicted_env_ratio": 1.0, "fpem/hard_router_effective_env_ratio": 1.0, "fpem/hard_router_target_env_ratio": 0.7392857142857143, "fpem/hard_router_gain_mean": -0.21153397262096404, "fpem/hard_router_margin_mean": 0.0, "fpem/conservative_router_supervision_enabled": 1.0, "fpem/conservative_router_weight_mean": 0.9999999914850507, "fpem/conservative_router_weight_min": 0.06444684265159248, "fpem/conservative_router_weight_max": 3.0952791702179683, "fpem/expert_prediction_pairwise_difference": 0.0, "fpem/delta_pairwise_cosine": 0.0, "fpem/delta_pairwise_l1": 0.0, "fpem/delta_pairwise_l2": 0.0, "fpem/expert_0_parameter_norm": 14.910935165768578, "fpem/hard_binary_router_enabled": 1.0, "fpem/hard_router_uses_target_in_forward": 0.0, "fpem/stored_future_c_loaded": 0.0, "fpem/prediction_is_weighted_complete_fusion": 0.0, "fpem/prediction_is_hard_route": 1.0, "fpem/conservative_inv_override_enabled": 1.0, "fpem/conservative_router_features_detached": 1.0, "fpem/future_mi_loss": 0.0, "fpem/future_mi_valid": 0.0, "fpem/future_mi_logvar_mean": 0.0, "fpem/future_mi_target_mode_env_encoder": 0.0, "fpem/swap_loss": 0.0, "fpem/swap_diff_loss": 0.0, "fpem/swap_same_loss": 0.0, "fpem/swap_gain_mean": 0.0, "fpem/swap_s_gain_mean": 0.0, "fpem/swap_fallback_router_loss": 0.0, "fpem/swap_fallback_q_mean": 0.0, "fpem/swap_prediction_delta": 0.0, "fpem/swap_route_delta": 0.0, "fpem/swap_hyper_alpha_delta": 0.0, "fpem/swap_hyper_delta_norm": 0.0, "fpem/loss_env_day": 0.0, "fpem/loss_env_hour": 0.0, "fpem/loss_env_rush": 0.0, "fpem/env_day_acc": 0.0, "fpem/env_hour_acc": 0.0, "fpem/env_rush_acc": 0.0, "fpem/loss_env_supcon": 0.0, "fpem/env_supcon_valid_pairs": 0.0, "fpem/loss_inv_env_adv": 0.0, "fpem/inv_day_acc": 0.0, "fpem/inv_hour_acc": 0.0, "fpem/inv_rush_acc": 0.0, "fpem/loss_cross_cov_sep": 0.0, "fpem/load_level_experts_enabled": 1.0, "fpem/load_level_uses_target_or_future_load": 0.0, "fpem/environment_gate_uses_target_in_forward": 0.0, "fpem/load_level_env_residual_scale": 0.0, "fpem/uses_cached_observable_load_prior": 1.0, "fpem/primary_loss": 9.02462587810698, "fpem/inv_pred_loss": 9.21186231431507, "fpem/primary_uses_route": 1.0, "fpem/primary_uses_env_fusion": 0.0, "fpem/backbone_agcrn": 1.0, "fpem/backbone_graphwavenet": 0.0, "fpem/backbone_staeformer": 0.0, "fpem/gc_pred_loss_only": 1.0, "fpem/env_route_head_mode_hyper_proto": 1.0, "fpem/fpem_force_uniform_route": 0.0, "fpem/hard_prediction_sinkhorn_total_replaces_primary": 0.0, "fpem/hard_prediction_environment_sinkhorn_total_replaces_primary": 0.0, "fpem/warmup_risk_sinkhorn_total_replaces_primary": 0.0, "fpem/lambda_club_mi": 0.0}, "conservative_override_threshold_selection": {"split": "val", "threshold": 0.5, "margin": 0.0, "mae": 11.612655639648438, "loss": 11.823378059599134, "mape": 0.1835722029209137, "confirmed_result": {"loss": 11.823378059599134, "mae": 11.612655639648438, "mape": 0.1835722029209137}}}
CONSERVATIVE_OVERRIDE_THRESHOLD_SELECTION {"split": "val", "threshold": 0.5, "margin": 0.0, "mae": 11.639226913452148, "loss": 11.857617537180582, "mape": 0.18705344200134277, "confirmed_result": {"loss": 11.857617537180582, "mae": 11.639226913452148, "mape": 0.18705344200134277}}
EPOCH {"epoch": 20, "train_loss": 11.290025574820381, "val": {"loss": 11.857617537180582, "mae": 11.639226913452148, "mape": 0.18705344200134277}, "test_mixed": {"loss": 10.64387149810791, "mae": 10.636528968811035, "mape": 0.1725679337978363}, "test_workday": {"loss": 10.522051624629809, "mae": 10.55225944519043, "mape": 0.1737205684185028}, "test_holiday": {"loss": 10.844892462094625, "mae": 10.782659530639648, "mape": 0.17056919634342194}, "test_avg_mae": 10.667459487915039, "best_selection_value": 10.667459487915039, "best_selection_split": "test_avg_DIAGNOSTIC", "best_selection_metric": "test_avg_mae", "lr": 0.001, "fpem_logs": {"fpem/fpem_env_use_exogenous": 1.0, "fpem/env_exogenous_available": 1.0, "fpem/env_exogenous_time_available": 1.0, "fpem/env_exogenous_load_available": 1.0, "fpem/env_exogenous_feature_dim": 32.0, "fpem/env_exogenous_embedding_norm": 2.7310372284480504, "fpem/env_exogenous_load_embedding_norm": 1.9398615235374088, "fpem/env_rep_ablation_normal": 1.0, "fpem/env_rep_ablation_zero": 0.0, "fpem/env_rep_ablation_shuffle_batch": 0.0, "fpem/env_rep_ablation_mode_id": 0.0, "fpem/mask_loss": 0.0, "fpem/mask_sparse_loss": 0.0, "fpem/mask_entropy_loss": 0.0, "fpem/mask_mean": 1.0, "fpem/mask_entropy": 0.0, "fpem/mask_active_ratio": 1.0, "fpem/fusion_alpha_mean": 0.0, "fpem/fusion_alpha_std": 0.0, "fpem/fusion_alpha_min": 0.0, "fpem/fusion_alpha_max": 0.0, "fpem/env_route_loss": 2.2215415239334106, "fpem/env_route_L_final": 9.031752391088576, "fpem/env_route_L_global": 0.0, "fpem/env_route_L_route_soft": 0.0, "fpem/env_route_L_expert": 9.447411700657435, "fpem/env_route_L_router_oracle": 0.3320591593782107, "fpem/env_route_L_balance": 0.0, "fpem/env_route_L_diverse": 0.0, "fpem/env_route_L_proto_align": 0.0, "fpem/env_route_entropy": 0.0, "fpem/env_route_q_max_mean": 0.0, "fpem/hyper_alpha_mean": 0.0, "fpem/hyper_delta_norm": 0.0, "fpem/hyper_route_proto_mode_uniform_warmup": 0.0, "fpem/hyper_route_proto_mode_uniform_fixed": 0.0, "fpem/hyper_route_proto_mode_sinkhorn": 0.0, "fpem/hyper_route_proto_mode_softmax": 0.0, "fpem/fallback_q_mean": 0.0, "fpem/fallback_q_max": 0.0, "fpem/env_q_sum_mean": 1.0, "fpem/oracle_fallback_rate": 0.0, "fpem/route_count_fallback": 0.0, "fpem/env_route_head_mode": 1.0, "fpem/route_entropy_mean": 0.0, "fpem/route_mean_distribution_entropy": 0.0, "fpem/effective_expert_number": 1.0, "fpem/max_expert_usage_ratio": 0.0, "fpem/min_expert_usage_ratio": 0.0, "fpem/prototype_pairwise_cosine": 0.0, "fpem/expert_prediction_pairwise_cosine": 0.0, "fpem/expert_collapse_warning": 0.0, "fpem/env_route_target_mode_env_prototype": 0.0, "fpem/env_route_target_mode_hybrid": 0.0, "fpem/env_route_hybrid_alpha": 0.0, "fpem/env_route_train_mode_warmup_risk_sinkhorn": 0.0, "fpem/warmup_risk_stage_warmup": 0.0, "fpem/warmup_risk_stage_soft": 0.0, "fpem/warmup_risk_stage_hard": 0.0, "fpem/warmup_risk_selected_loss": 0.0, "fpem/warmup_risk_uniform_common_loss": 0.0, "fpem/warmup_risk_lambda_common": 0.0, "fpem/warmup_risk_total_common_term": 0.0, "fpem/warmup_risk_temperature": 0.0, "fpem/warmup_risk_temperature_progress": 0.0, "fpem/uniform_expert_mae": 0.0, "fpem/risk_routed_mae": 0.0, "fpem/risk_prediction_mae": 0.0, "fpem/risk_loss": 0.0, "fpem/risk_ranking_loss": 0.0, "fpem/risk_ranking_accuracy": 0.0, "fpem/risk_oracle_argmin_accuracy": 0.0, "fpem/risk_router_temperature": 0.0, "fpem/risk_router_lambda": 0.0, "fpem/risk_router_pairwise_lambda": 0.0, "fpem/env_route_train_mode_progressive_gmm_environment": 0.0, "fpem/top_level_prediction_source_progressive_gmm_teacher_hard": 0.0, "fpem/progressive_assignment_uses_target_or_prediction_error": 0.0, "fpem/progressive_partition_ready": 0.0, "fpem/progressive_selected_k": 0.0, "fpem/progressive_active_expert_count": 0.0, "fpem/progressive_last_partition_epoch": 0.0, "fpem/progressive_lambda_common": 0.0, "fpem/progressive_common_term": 0.0, "fpem/progressive_compactness_loss": 0.0, "fpem/progressive_consistency_loss": 0.0, "fpem/progressive_cluster_entropy": 0.0, "fpem/progressive_assignment_change_ratio": 0.0, "fpem/progressive_hungarian_overlap_score": 0.0, "fpem/progressive_partition_update_time_sec": 0.0, "fpem/progressive_routed_mae": 0.0, "fpem/progressive_gmm_environment_total_replaces_primary": 0.0, "fpem/env_route_count_head_0": 16.0, "fpem/env_route_oracle_count_head_0": 16.0, "fpem/route_count_env_head_0": 16.0, "fpem/route_soft_mean_expert_0": 1.0, "fpem/route_hard_count_expert_0": 16.0, "fpem/hard_count_expert_0": 16.0, "fpem/sinkhorn_soft_col_mass_expert_0": 0.0, "fpem/progressive_active_expert_0": 0.0, "fpem/progressive_cluster_size_0": 0.0, "fpem/progressive_cluster_ratio_0": 0.0, "fpem/progressive_cluster_to_expert_0": 0.0, "fpem/progressive_bic_k1": 0.0, "fpem/progressive_bic_score_k1": 0.0, "fpem/progressive_bic_rejected_k1": 0.0, "fpem/hyper_alpha_head_0": 0.0, "fpem/hyper_gamma_norm_head_0": 0.0, "fpem/hyper_beta_norm_head_0": 0.0, "fpem/expert_cross_mae_group_0_expert_0": 9.447411700657435, "fpem/load_expert_loss": 9.447411700657435, "fpem/conservative_override_router_loss": 0.3320591593782107, "fpem/hard_router_loss": 0.3320591593782107, "fpem/load_level_assignment_detached": 1.0, "fpem/load_level_count_0": 1680.0, "fpem/load_level_ratio_0": 1.0, "fpem/expert_0_global_loss": 9.447411700657435, "fpem/expert_0_selected_loss": 9.447411700657435, "fpem/conservative_all_environment_mae": 9.447411700657435, "fpem/conservative_all_invariant_mae": 9.662237467084612, "fpem/conservative_selective_hard_routing_mae": 9.447411700657435, "fpem/conservative_oracle_mae": 9.389964439755394, "fpem/conservative_router_accuracy": 0.7410714285714286, "fpem/conservative_router_balanced_accuracy": 0.5095238095238095, "fpem/conservative_invariant_switch_coverage": 0.0, "fpem/conservative_invariant_switch_precision": 0.0, "fpem/conservative_correct_beneficial_switches": 0.0, "fpem/conservative_harmful_invariant_switches": 0.0, "fpem/conservative_saved_loss_from_correct_switches": 0.0, "fpem/conservative_added_loss_from_harmful_switches": 0.0, "fpem/conservative_net_routing_gain": 0.0, "fpem/conservative_oracle_gap_closed": 0.0, "fpem/conservative_selected_threshold": 0.5, "fpem/conservative_selected_margin": 0.0, "fpem/conservative_delta_mean": -0.21482578274749575, "fpem/conservative_delta_positive_ratio": 0.25892857142857145, "fpem/conservative_target_inv_ratio": 0.25892857142857145, "fpem/conservative_p_inv_mean": 0.09273777433804103, "fpem/conservative_p_inv_min": 0.056229831526676814, "fpem/conservative_p_inv_max": 0.1672693045366378, "fpem/conservative_prediction_is_hard_route": 1.0, "fpem/conservative_prediction_is_soft_fusion": 0.0, "fpem/conservative_router_target_detached": 1.0, "fpem/conservative_delta_detached": 1.0, "fpem/conservative_harmful_switch_weight": 2.0, "fpem/hard_router_predicted_env_ratio": 1.0, "fpem/hard_router_effective_env_ratio": 1.0, "fpem/hard_router_target_env_ratio": 0.7410714285714286, "fpem/hard_router_gain_mean": -0.21482578274749575, "fpem/hard_router_margin_mean": 0.0, "fpem/conservative_router_supervision_enabled": 1.0, "fpem/conservative_router_weight_mean": 0.9999999937557039, "fpem/conservative_router_weight_min": 0.05485651160180125, "fpem/conservative_router_weight_max": 2.991290501185826, "fpem/expert_prediction_pairwise_difference": 0.0, "fpem/delta_pairwise_cosine": 0.0, "fpem/delta_pairwise_l1": 0.0, "fpem/delta_pairwise_l2": 0.0, "fpem/expert_0_parameter_norm": 14.911067853655133, "fpem/hard_binary_router_enabled": 1.0, "fpem/hard_router_uses_target_in_forward": 0.0, "fpem/stored_future_c_loaded": 0.0, "fpem/prediction_is_weighted_complete_fusion": 0.0, "fpem/prediction_is_hard_route": 1.0, "fpem/conservative_inv_override_enabled": 1.0, "fpem/conservative_router_features_detached": 1.0, "fpem/future_mi_loss": 0.0, "fpem/future_mi_valid": 0.0, "fpem/future_mi_logvar_mean": 0.0, "fpem/future_mi_target_mode_env_encoder": 0.0, "fpem/swap_loss": 0.0, "fpem/swap_diff_loss": 0.0, "fpem/swap_same_loss": 0.0, "fpem/swap_gain_mean": 0.0, "fpem/swap_s_gain_mean": 0.0, "fpem/swap_fallback_router_loss": 0.0, "fpem/swap_fallback_q_mean": 0.0, "fpem/swap_prediction_delta": 0.0, "fpem/swap_route_delta": 0.0, "fpem/swap_hyper_alpha_delta": 0.0, "fpem/swap_hyper_delta_norm": 0.0, "fpem/loss_env_day": 0.0, "fpem/loss_env_hour": 0.0, "fpem/loss_env_rush": 0.0, "fpem/env_day_acc": 0.0, "fpem/env_hour_acc": 0.0, "fpem/env_rush_acc": 0.0, "fpem/loss_env_supcon": 0.0, "fpem/env_supcon_valid_pairs": 0.0, "fpem/loss_inv_env_adv": 0.0, "fpem/inv_day_acc": 0.0, "fpem/inv_hour_acc": 0.0, "fpem/inv_rush_acc": 0.0, "fpem/loss_cross_cov_sep": 0.0, "fpem/load_level_experts_enabled": 1.0, "fpem/load_level_uses_target_or_future_load": 0.0, "fpem/environment_gate_uses_target_in_forward": 0.0, "fpem/load_level_env_residual_scale": 0.0, "fpem/uses_cached_observable_load_prior": 1.0, "fpem/primary_loss": 9.031752391088576, "fpem/inv_pred_loss": 9.216624423435755, "fpem/primary_uses_route": 1.0, "fpem/primary_uses_env_fusion": 0.0, "fpem/backbone_agcrn": 1.0, "fpem/backbone_graphwavenet": 0.0, "fpem/backbone_staeformer": 0.0, "fpem/gc_pred_loss_only": 1.0, "fpem/env_route_head_mode_hyper_proto": 1.0, "fpem/fpem_force_uniform_route": 0.0, "fpem/hard_prediction_sinkhorn_total_replaces_primary": 0.0, "fpem/hard_prediction_environment_sinkhorn_total_replaces_primary": 0.0, "fpem/warmup_risk_sinkhorn_total_replaces_primary": 0.0, "fpem/lambda_club_mi": 0.0}, "conservative_override_threshold_selection": {"split": "val", "threshold": 0.5, "margin": 0.0, "mae": 11.639226913452148, "loss": 11.857617537180582, "mape": 0.18705344200134277, "confirmed_result": {"loss": 11.857617537180582, "mae": 11.639226913452148, "mape": 0.18705344200134277}}}
CONSERVATIVE_OVERRIDE_THRESHOLD_SELECTION {"split": "val", "threshold": 0.5, "margin": 0.0, "mae": 11.610123634338379, "loss": 11.814974440468681, "mape": 0.17944619059562683, "confirmed_result": {"loss": 11.814974440468681, "mae": 11.610123634338379, "mape": 0.17944619059562683}}
EPOCH {"epoch": 21, "train_loss": 11.229597137087868, "val": {"loss": 11.814974440468681, "mae": 11.610123634338379, "mape": 0.17944619059562683}, "test_mixed": {"loss": 10.629610919952393, "mae": 10.610522270202637, "mape": 0.16586504876613617}, "test_workday": {"loss": 10.504182753355607, "mae": 10.521832466125488, "mape": 0.1661054939031601}, "test_holiday": {"loss": 10.837060769399008, "mae": 10.764321327209473, "mape": 0.1654481291770935}, "test_avg_mae": 10.64307689666748, "best_selection_value": 10.64307689666748, "best_selection_split": "test_avg_DIAGNOSTIC", "best_selection_metric": "test_avg_mae", "lr": 0.001, "fpem_logs": {"fpem/fpem_env_use_exogenous": 1.0, "fpem/env_exogenous_available": 1.0, "fpem/env_exogenous_time_available": 1.0, "fpem/env_exogenous_load_available": 1.0, "fpem/env_exogenous_feature_dim": 32.0, "fpem/env_exogenous_embedding_norm": 2.7280376865750267, "fpem/env_exogenous_load_embedding_norm": 1.9416179781868343, "fpem/env_rep_ablation_normal": 1.0, "fpem/env_rep_ablation_zero": 0.0, "fpem/env_rep_ablation_shuffle_batch": 0.0, "fpem/env_rep_ablation_mode_id": 0.0, "fpem/mask_loss": 0.0, "fpem/mask_sparse_loss": 0.0, "fpem/mask_entropy_loss": 0.0, "fpem/mask_mean": 1.0, "fpem/mask_entropy": 0.0, "fpem/mask_active_ratio": 1.0, "fpem/fusion_alpha_mean": 0.0, "fpem/fusion_alpha_std": 0.0, "fpem/fusion_alpha_min": 0.0, "fpem/fusion_alpha_max": 0.0, "fpem/env_route_loss": 2.1991163980393185, "fpem/env_route_L_final": 9.019258035932268, "fpem/env_route_L_global": 0.0, "fpem/env_route_L_route_soft": 0.0, "fpem/env_route_L_expert": 9.43526047752017, "fpem/env_route_L_router_oracle": 0.31206426939793996, "fpem/env_route_L_balance": 0.0, "fpem/env_route_L_diverse": 0.0, "fpem/env_route_L_proto_align": 0.0, "fpem/env_route_entropy": 0.0, "fpem/env_route_q_max_mean": 0.0, "fpem/hyper_alpha_mean": 0.0, "fpem/hyper_delta_norm": 0.0, "fpem/hyper_route_proto_mode_uniform_warmup": 0.0, "fpem/hyper_route_proto_mode_uniform_fixed": 0.0, "fpem/hyper_route_proto_mode_sinkhorn": 0.0, "fpem/hyper_route_proto_mode_softmax": 0.0, "fpem/fallback_q_mean": 0.0, "fpem/fallback_q_max": 0.0, "fpem/env_q_sum_mean": 1.0, "fpem/oracle_fallback_rate": 0.0, "fpem/route_count_fallback": 0.0, "fpem/env_route_head_mode": 1.0, "fpem/route_entropy_mean": 0.0, "fpem/route_mean_distribution_entropy": 0.0, "fpem/effective_expert_number": 1.0, "fpem/max_expert_usage_ratio": 0.0, "fpem/min_expert_usage_ratio": 0.0, "fpem/prototype_pairwise_cosine": 0.0, "fpem/expert_prediction_pairwise_cosine": 0.0, "fpem/expert_collapse_warning": 0.0, "fpem/env_route_target_mode_env_prototype": 0.0, "fpem/env_route_target_mode_hybrid": 0.0, "fpem/env_route_hybrid_alpha": 0.0, "fpem/env_route_train_mode_warmup_risk_sinkhorn": 0.0, "fpem/warmup_risk_stage_warmup": 0.0, "fpem/warmup_risk_stage_soft": 0.0, "fpem/warmup_risk_stage_hard": 0.0, "fpem/warmup_risk_selected_loss": 0.0, "fpem/warmup_risk_uniform_common_loss": 0.0, "fpem/warmup_risk_lambda_common": 0.0, "fpem/warmup_risk_total_common_term": 0.0, "fpem/warmup_risk_temperature": 0.0, "fpem/warmup_risk_temperature_progress": 0.0, "fpem/uniform_expert_mae": 0.0, "fpem/risk_routed_mae": 0.0, "fpem/risk_prediction_mae": 0.0, "fpem/risk_loss": 0.0, "fpem/risk_ranking_loss": 0.0, "fpem/risk_ranking_accuracy": 0.0, "fpem/risk_oracle_argmin_accuracy": 0.0, "fpem/risk_router_temperature": 0.0, "fpem/risk_router_lambda": 0.0, "fpem/risk_router_pairwise_lambda": 0.0, "fpem/env_route_train_mode_progressive_gmm_environment": 0.0, "fpem/top_level_prediction_source_progressive_gmm_teacher_hard": 0.0, "fpem/progressive_assignment_uses_target_or_prediction_error": 0.0, "fpem/progressive_partition_ready": 0.0, "fpem/progressive_selected_k": 0.0, "fpem/progressive_active_expert_count": 0.0, "fpem/progressive_last_partition_epoch": 0.0, "fpem/progressive_lambda_common": 0.0, "fpem/progressive_common_term": 0.0, "fpem/progressive_compactness_loss": 0.0, "fpem/progressive_consistency_loss": 0.0, "fpem/progressive_cluster_entropy": 0.0, "fpem/progressive_assignment_change_ratio": 0.0, "fpem/progressive_hungarian_overlap_score": 0.0, "fpem/progressive_partition_update_time_sec": 0.0, "fpem/progressive_routed_mae": 0.0, "fpem/progressive_gmm_environment_total_replaces_primary": 0.0, "fpem/env_route_count_head_0": 16.0, "fpem/env_route_oracle_count_head_0": 16.0, "fpem/route_count_env_head_0": 16.0, "fpem/route_soft_mean_expert_0": 1.0, "fpem/route_hard_count_expert_0": 16.0, "fpem/hard_count_expert_0": 16.0, "fpem/sinkhorn_soft_col_mass_expert_0": 0.0, "fpem/progressive_active_expert_0": 0.0, "fpem/progressive_cluster_size_0": 0.0, "fpem/progressive_cluster_ratio_0": 0.0, "fpem/progressive_cluster_to_expert_0": 0.0, "fpem/progressive_bic_k1": 0.0, "fpem/progressive_bic_score_k1": 0.0, "fpem/progressive_bic_rejected_k1": 0.0, "fpem/hyper_alpha_head_0": 0.0, "fpem/hyper_gamma_norm_head_0": 0.0, "fpem/hyper_beta_norm_head_0": 0.0, "fpem/expert_cross_mae_group_0_expert_0": 9.43526047752017, "fpem/load_expert_loss": 9.43526047752017, "fpem/conservative_override_router_loss": 0.31206426939793996, "fpem/hard_router_loss": 0.31206426939793996, "fpem/load_level_assignment_detached": 1.0, "fpem/load_level_count_0": 1680.0, "fpem/load_level_ratio_0": 1.0, "fpem/expert_0_global_loss": 9.43526047752017, "fpem/expert_0_selected_loss": 9.43526047752017, "fpem/conservative_all_environment_mae": 9.43526047752017, "fpem/conservative_all_invariant_mae": 9.662237430754162, "fpem/conservative_selective_hard_routing_mae": 9.43526047752017, "fpem/conservative_oracle_mae": 9.38410879316784, "fpem/conservative_router_accuracy": 0.7458333333333333, "fpem/conservative_router_balanced_accuracy": 0.5047619047619047, "fpem/conservative_invariant_switch_coverage": 0.0, "fpem/conservative_invariant_switch_precision": 0.0, "fpem/conservative_correct_beneficial_switches": 0.0, "fpem/conservative_harmful_invariant_switches": 0.0, "fpem/conservative_saved_loss_from_correct_switches": 0.0, "fpem/conservative_added_loss_from_harmful_switches": 0.0, "fpem/conservative_net_routing_gain": 0.0, "fpem/conservative_oracle_gap_closed": 0.0, "fpem/conservative_selected_threshold": 0.5, "fpem/conservative_selected_margin": 0.0, "fpem/conservative_delta_mean": -0.22697700205303373, "fpem/conservative_delta_positive_ratio": 0.25416666666666665, "fpem/conservative_target_inv_ratio": 0.25416666666666665, "fpem/conservative_p_inv_mean": 0.08499977287082446, "fpem/conservative_p_inv_min": 0.050652355062110084, "fpem/conservative_p_inv_max": 0.15106765301454636, "fpem/conservative_prediction_is_hard_route": 1.0, "fpem/conservative_prediction_is_soft_fusion": 0.0, "fpem/conservative_router_target_detached": 1.0, "fpem/conservative_delta_detached": 1.0, "fpem/conservative_harmful_switch_weight": 2.0, "fpem/hard_router_predicted_env_ratio": 1.0, "fpem/hard_router_effective_env_ratio": 1.0, "fpem/hard_router_target_env_ratio": 0.7458333333333333, "fpem/hard_router_gain_mean": -0.22697700205303373, "fpem/hard_router_margin_mean": 0.0, "fpem/conservative_router_supervision_enabled": 1.0, "fpem/conservative_router_weight_mean": 0.9999999937557039, "fpem/conservative_router_weight_min": 0.060386790901178586, "fpem/conservative_router_weight_max": 3.0109972352073306, "fpem/expert_prediction_pairwise_difference": 0.0, "fpem/delta_pairwise_cosine": 0.0, "fpem/delta_pairwise_l1": 0.0, "fpem/delta_pairwise_l2": 0.0, "fpem/expert_0_parameter_norm": 14.912768145969936, "fpem/hard_binary_router_enabled": 1.0, "fpem/hard_router_uses_target_in_forward": 0.0, "fpem/stored_future_c_loaded": 0.0, "fpem/prediction_is_weighted_complete_fusion": 0.0, "fpem/prediction_is_hard_route": 1.0, "fpem/conservative_inv_override_enabled": 1.0, "fpem/conservative_router_features_detached": 1.0, "fpem/future_mi_loss": 0.0, "fpem/future_mi_valid": 0.0, "fpem/future_mi_logvar_mean": 0.0, "fpem/future_mi_target_mode_env_encoder": 0.0, "fpem/swap_loss": 0.0, "fpem/swap_diff_loss": 0.0, "fpem/swap_same_loss": 0.0, "fpem/swap_gain_mean": 0.0, "fpem/swap_s_gain_mean": 0.0, "fpem/swap_fallback_router_loss": 0.0, "fpem/swap_fallback_q_mean": 0.0, "fpem/swap_prediction_delta": 0.0, "fpem/swap_route_delta": 0.0, "fpem/swap_hyper_alpha_delta": 0.0, "fpem/swap_hyper_delta_norm": 0.0, "fpem/loss_env_day": 0.0, "fpem/loss_env_hour": 0.0, "fpem/loss_env_rush": 0.0, "fpem/env_day_acc": 0.0, "fpem/env_hour_acc": 0.0, "fpem/env_rush_acc": 0.0, "fpem/loss_env_supcon": 0.0, "fpem/env_supcon_valid_pairs": 0.0, "fpem/loss_inv_env_adv": 0.0, "fpem/inv_day_acc": 0.0, "fpem/inv_hour_acc": 0.0, "fpem/inv_rush_acc": 0.0, "fpem/loss_cross_cov_sep": 0.0, "fpem/load_level_experts_enabled": 1.0, "fpem/load_level_uses_target_or_future_load": 0.0, "fpem/environment_gate_uses_target_in_forward": 0.0, "fpem/load_level_env_residual_scale": 0.0, "fpem/uses_cached_observable_load_prior": 1.0, "fpem/primary_loss": 9.019258035932268, "fpem/inv_pred_loss": 9.22136854898362, "fpem/primary_uses_route": 1.0, "fpem/primary_uses_env_fusion": 0.0, "fpem/backbone_agcrn": 1.0, "fpem/backbone_graphwavenet": 0.0, "fpem/backbone_staeformer": 0.0, "fpem/gc_pred_loss_only": 1.0, "fpem/env_route_head_mode_hyper_proto": 1.0, "fpem/fpem_force_uniform_route": 0.0, "fpem/hard_prediction_sinkhorn_total_replaces_primary": 0.0, "fpem/hard_prediction_environment_sinkhorn_total_replaces_primary": 0.0, "fpem/warmup_risk_sinkhorn_total_replaces_primary": 0.0, "fpem/lambda_club_mi": 0.0}, "conservative_override_threshold_selection": {"split": "val", "threshold": 0.5, "margin": 0.0, "mae": 11.610123634338379, "loss": 11.814974440468681, "mape": 0.17944619059562683, "confirmed_result": {"loss": 11.814974440468681, "mae": 11.610123634338379, "mape": 0.17944619059562683}}}
CONSERVATIVE_OVERRIDE_THRESHOLD_SELECTION {"split": "val", "threshold": 0.5, "margin": 0.0, "mae": 11.590046882629395, "loss": 11.814337465498182, "mape": 0.18944646418094635, "confirmed_result": {"loss": 11.814337465498182, "mae": 11.590046882629395, "mape": 0.18944646418094635}}
EPOCH {"epoch": 22, "train_loss": 11.333093852088565, "val": {"loss": 11.814337465498182, "mae": 11.590046882629395, "mape": 0.18944646418094635}, "test_mixed": {"loss": 10.585365785871232, "mae": 10.572729110717773, "mape": 0.1741332858800888}, "test_workday": {"loss": 10.458920167840045, "mae": 10.482863426208496, "mape": 0.17446573078632355}, "test_holiday": {"loss": 10.794417063395182, "mae": 10.728568077087402, "mape": 0.17355678975582123}, "test_avg_mae": 10.60571575164795, "best_selection_value": 10.60571575164795, "best_selection_split": "test_avg_DIAGNOSTIC", "best_selection_metric": "test_avg_mae", "lr": 0.001, "fpem_logs": {"fpem/fpem_env_use_exogenous": 1.0, "fpem/env_exogenous_available": 1.0, "fpem/env_exogenous_time_available": 1.0, "fpem/env_exogenous_load_available": 1.0, "fpem/env_exogenous_feature_dim": 32.0, "fpem/env_exogenous_embedding_norm": 2.737247712271554, "fpem/env_exogenous_load_embedding_norm": 1.946045821053641, "fpem/env_rep_ablation_normal": 1.0, "fpem/env_rep_ablation_zero": 0.0, "fpem/env_rep_ablation_shuffle_batch": 0.0, "fpem/env_rep_ablation_mode_id": 0.0, "fpem/mask_loss": 0.0, "fpem/mask_sparse_loss": 0.0, "fpem/mask_entropy_loss": 0.0, "fpem/mask_mean": 1.0, "fpem/mask_entropy": 0.0, "fpem/mask_active_ratio": 1.0, "fpem/fusion_alpha_mean": 0.0, "fpem/fusion_alpha_std": 0.0, "fpem/fusion_alpha_min": 0.0, "fpem/fusion_alpha_max": 0.0, "fpem/env_route_loss": 2.278840923309326, "fpem/env_route_L_final": 9.043224589029949, "fpem/env_route_L_global": 0.0, "fpem/env_route_L_route_soft": 0.0, "fpem/env_route_L_expert": 9.456843507857549, "fpem/env_route_L_router_oracle": 0.38747219294309615, "fpem/env_route_L_balance": 0.0, "fpem/env_route_L_diverse": 0.0, "fpem/env_route_L_proto_align": 0.0, "fpem/env_route_entropy": 0.0, "fpem/env_route_q_max_mean": 0.0, "fpem/hyper_alpha_mean": 0.0, "fpem/hyper_delta_norm": 0.0, "fpem/hyper_route_proto_mode_uniform_warmup": 0.0, "fpem/hyper_route_proto_mode_uniform_fixed": 0.0, "fpem/hyper_route_proto_mode_sinkhorn": 0.0, "fpem/hyper_route_proto_mode_softmax": 0.0, "fpem/fallback_q_mean": 0.0, "fpem/fallback_q_max": 0.0, "fpem/env_q_sum_mean": 1.0, "fpem/oracle_fallback_rate": 0.0, "fpem/route_count_fallback": 0.0, "fpem/env_route_head_mode": 1.0, "fpem/route_entropy_mean": 0.0, "fpem/route_mean_distribution_entropy": 0.0, "fpem/effective_expert_number": 1.0, "fpem/max_expert_usage_ratio": 0.0, "fpem/min_expert_usage_ratio": 0.0, "fpem/prototype_pairwise_cosine": 0.0, "fpem/expert_prediction_pairwise_cosine": 0.0, "fpem/expert_collapse_warning": 0.0, "fpem/env_route_target_mode_env_prototype": 0.0, "fpem/env_route_target_mode_hybrid": 0.0, "fpem/env_route_hybrid_alpha": 0.0, "fpem/env_route_train_mode_warmup_risk_sinkhorn": 0.0, "fpem/warmup_risk_stage_warmup": 0.0, "fpem/warmup_risk_stage_soft": 0.0, "fpem/warmup_risk_stage_hard": 0.0, "fpem/warmup_risk_selected_loss": 0.0, "fpem/warmup_risk_uniform_common_loss": 0.0, "fpem/warmup_risk_lambda_common": 0.0, "fpem/warmup_risk_total_common_term": 0.0, "fpem/warmup_risk_temperature": 0.0, "fpem/warmup_risk_temperature_progress": 0.0, "fpem/uniform_expert_mae": 0.0, "fpem/risk_routed_mae": 0.0, "fpem/risk_prediction_mae": 0.0, "fpem/risk_loss": 0.0, "fpem/risk_ranking_loss": 0.0, "fpem/risk_ranking_accuracy": 0.0, "fpem/risk_oracle_argmin_accuracy": 0.0, "fpem/risk_router_temperature": 0.0, "fpem/risk_router_lambda": 0.0, "fpem/risk_router_pairwise_lambda": 0.0, "fpem/env_route_train_mode_progressive_gmm_environment": 0.0, "fpem/top_level_prediction_source_progressive_gmm_teacher_hard": 0.0, "fpem/progressive_assignment_uses_target_or_prediction_error": 0.0, "fpem/progressive_partition_ready": 0.0, "fpem/progressive_selected_k": 0.0, "fpem/progressive_active_expert_count": 0.0, "fpem/progressive_last_partition_epoch": 0.0, "fpem/progressive_lambda_common": 0.0, "fpem/progressive_common_term": 0.0, "fpem/progressive_compactness_loss": 0.0, "fpem/progressive_consistency_loss": 0.0, "fpem/progressive_cluster_entropy": 0.0, "fpem/progressive_assignment_change_ratio": 0.0, "fpem/progressive_hungarian_overlap_score": 0.0, "fpem/progressive_partition_update_time_sec": 0.0, "fpem/progressive_routed_mae": 0.0, "fpem/progressive_gmm_environment_total_replaces_primary": 0.0, "fpem/env_route_count_head_0": 16.0, "fpem/env_route_oracle_count_head_0": 16.0, "fpem/route_count_env_head_0": 16.0, "fpem/route_soft_mean_expert_0": 1.0, "fpem/route_hard_count_expert_0": 16.0, "fpem/hard_count_expert_0": 16.0, "fpem/sinkhorn_soft_col_mass_expert_0": 0.0, "fpem/progressive_active_expert_0": 0.0, "fpem/progressive_cluster_size_0": 0.0, "fpem/progressive_cluster_ratio_0": 0.0, "fpem/progressive_cluster_to_expert_0": 0.0, "fpem/progressive_bic_k1": 0.0, "fpem/progressive_bic_score_k1": 0.0, "fpem/progressive_bic_rejected_k1": 0.0, "fpem/hyper_alpha_head_0": 0.0, "fpem/hyper_gamma_norm_head_0": 0.0, "fpem/hyper_beta_norm_head_0": 0.0, "fpem/expert_cross_mae_group_0_expert_0": 9.456843507857549, "fpem/load_expert_loss": 9.456843507857549, "fpem/conservative_override_router_loss": 0.38747219294309615, "fpem/hard_router_loss": 0.38747219294309615, "fpem/load_level_assignment_detached": 1.0, "fpem/load_level_count_0": 1680.0, "fpem/load_level_ratio_0": 1.0, "fpem/expert_0_global_loss": 9.456843507857549, "fpem/expert_0_selected_loss": 9.456843507857549, "fpem/conservative_all_environment_mae": 9.456843507857549, "fpem/conservative_all_invariant_mae": 9.662237453460694, "fpem/conservative_selective_hard_routing_mae": 9.456843507857549, "fpem/conservative_oracle_mae": 9.385573464348203, "fpem/conservative_router_accuracy": 0.719047619047619, "fpem/conservative_router_balanced_accuracy": 0.5095238095238095, "fpem/conservative_invariant_switch_coverage": 0.0, "fpem/conservative_invariant_switch_precision": 0.0, "fpem/conservative_correct_beneficial_switches": 0.0, "fpem/conservative_harmful_invariant_switches": 0.0, "fpem/conservative_saved_loss_from_correct_switches": 0.0, "fpem/conservative_added_loss_from_harmful_switches": 0.0, "fpem/conservative_net_routing_gain": 0.0, "fpem/conservative_oracle_gap_closed": 0.0, "fpem/conservative_selected_threshold": 0.5, "fpem/conservative_selected_margin": 0.0, "fpem/conservative_delta_mean": -0.20539401301315852, "fpem/conservative_delta_positive_ratio": 0.28095238095238095, "fpem/conservative_target_inv_ratio": 0.28095238095238095, "fpem/conservative_p_inv_mean": 0.10555074619395392, "fpem/conservative_p_inv_min": 0.0664263641905217, "fpem/conservative_p_inv_max": 0.17758654391481762, "fpem/conservative_prediction_is_hard_route": 1.0, "fpem/conservative_prediction_is_soft_fusion": 0.0, "fpem/conservative_router_target_detached": 1.0, "fpem/conservative_delta_detached": 1.0, "fpem/conservative_harmful_switch_weight": 2.0, "fpem/hard_router_predicted_env_ratio": 1.0, "fpem/hard_router_effective_env_ratio": 1.0, "fpem/hard_router_target_env_ratio": 0.719047619047619, "fpem/hard_router_gain_mean": -0.20539401301315852, "fpem/hard_router_margin_mean": 0.0, "fpem/conservative_router_supervision_enabled": 1.0, "fpem/conservative_router_weight_mean": 0.9999999892143976, "fpem/conservative_router_weight_min": 0.062137908427532584, "fpem/conservative_router_weight_max": 3.0151703505288987, "fpem/expert_prediction_pairwise_difference": 0.0, "fpem/delta_pairwise_cosine": 0.0, "fpem/delta_pairwise_l1": 0.0, "fpem/delta_pairwise_l2": 0.0, "fpem/expert_0_parameter_norm": 14.915971238272531, "fpem/hard_binary_router_enabled": 1.0, "fpem/hard_router_uses_target_in_forward": 0.0, "fpem/stored_future_c_loaded": 0.0, "fpem/prediction_is_weighted_complete_fusion": 0.0, "fpem/prediction_is_hard_route": 1.0, "fpem/conservative_inv_override_enabled": 1.0, "fpem/conservative_router_features_detached": 1.0, "fpem/future_mi_loss": 0.0, "fpem/future_mi_valid": 0.0, "fpem/future_mi_logvar_mean": 0.0, "fpem/future_mi_target_mode_env_encoder": 0.0, "fpem/swap_loss": 0.0, "fpem/swap_diff_loss": 0.0, "fpem/swap_same_loss": 0.0, "fpem/swap_gain_mean": 0.0, "fpem/swap_s_gain_mean": 0.0, "fpem/swap_fallback_router_loss": 0.0, "fpem/swap_fallback_q_mean": 0.0, "fpem/swap_prediction_delta": 0.0, "fpem/swap_route_delta": 0.0, "fpem/swap_hyper_alpha_delta": 0.0, "fpem/swap_hyper_delta_norm": 0.0, "fpem/loss_env_day": 0.0, "fpem/loss_env_hour": 0.0, "fpem/loss_env_rush": 0.0, "fpem/env_day_acc": 0.0, "fpem/env_hour_acc": 0.0, "fpem/env_rush_acc": 0.0, "fpem/loss_env_supcon": 0.0, "fpem/env_supcon_valid_pairs": 0.0, "fpem/loss_inv_env_adv": 0.0, "fpem/inv_day_acc": 0.0, "fpem/inv_hour_acc": 0.0, "fpem/inv_rush_acc": 0.0, "fpem/loss_cross_cov_sep": 0.0, "fpem/load_level_experts_enabled": 1.0, "fpem/load_level_uses_target_or_future_load": 0.0, "fpem/environment_gate_uses_target_in_forward": 0.0, "fpem/load_level_env_residual_scale": 0.0, "fpem/uses_cached_observable_load_prior": 1.0, "fpem/primary_loss": 9.043224589029949, "fpem/inv_pred_loss": 9.217746852693104, "fpem/primary_uses_route": 1.0, "fpem/primary_uses_env_fusion": 0.0, "fpem/backbone_agcrn": 1.0, "fpem/backbone_graphwavenet": 0.0, "fpem/backbone_staeformer": 0.0, "fpem/gc_pred_loss_only": 1.0, "fpem/env_route_head_mode_hyper_proto": 1.0, "fpem/fpem_force_uniform_route": 0.0, "fpem/hard_prediction_sinkhorn_total_replaces_primary": 0.0, "fpem/hard_prediction_environment_sinkhorn_total_replaces_primary": 0.0, "fpem/warmup_risk_sinkhorn_total_replaces_primary": 0.0, "fpem/lambda_club_mi": 0.0}, "conservative_override_threshold_selection": {"split": "val", "threshold": 0.5, "margin": 0.0, "mae": 11.590046882629395, "loss": 11.814337465498182, "mape": 0.18944646418094635, "confirmed_result": {"loss": 11.814337465498182, "mae": 11.590046882629395, "mape": 0.18944646418094635}}}
CONSERVATIVE_OVERRIDE_THRESHOLD_SELECTION {"split": "val", "threshold": 0.5, "margin": 0.0, "mae": 11.575861930847168, "loss": 11.782850795321995, "mape": 0.1806895136833191, "confirmed_result": {"loss": 11.782850795321995, "mae": 11.575861930847168, "mape": 0.1806895136833191}}
EPOCH {"epoch": 23, "train_loss": 11.162515958150228, "val": {"loss": 11.782850795321995, "mae": 11.575861930847168, "mape": 0.1806895136833191}, "test_mixed": {"loss": 10.586269814627512, "mae": 10.571016311645508, "mape": 0.16659966111183167}, "test_workday": {"loss": 10.456618993178658, "mae": 10.478436470031738, "mape": 0.16663123667240143}, "test_holiday": {"loss": 10.801465312639872, "mae": 10.731560707092285, "mape": 0.16654492914676666}, "test_avg_mae": 10.604998588562012, "best_selection_value": 10.604998588562012, "best_selection_split": "test_avg_DIAGNOSTIC", "best_selection_metric": "test_avg_mae", "lr": 0.001, "fpem_logs": {"fpem/fpem_env_use_exogenous": 1.0, "fpem/env_exogenous_available": 1.0, "fpem/env_exogenous_time_available": 1.0, "fpem/env_exogenous_load_available": 1.0, "fpem/env_exogenous_feature_dim": 32.0, "fpem/env_exogenous_embedding_norm": 2.744346098672776, "fpem/env_exogenous_load_embedding_norm": 1.9479245810281662, "fpem/env_rep_ablation_normal": 1.0, "fpem/env_rep_ablation_zero": 0.0, "fpem/env_rep_ablation_shuffle_batch": 0.0, "fpem/env_rep_ablation_mode_id": 0.0, "fpem/mask_loss": 0.0, "fpem/mask_sparse_loss": 0.0, "fpem/mask_entropy_loss": 0.0, "fpem/mask_mean": 1.0, "fpem/mask_entropy": 0.0, "fpem/mask_active_ratio": 1.0, "fpem/fusion_alpha_mean": 0.0, "fpem/fusion_alpha_std": 0.0, "fpem/fusion_alpha_min": 0.0, "fpem/fusion_alpha_max": 0.0, "fpem/env_route_loss": 2.2034424497967673, "fpem/env_route_L_final": 9.005696768987747, "fpem/env_route_L_global": 0.0, "fpem/env_route_L_route_soft": 0.0, "fpem/env_route_L_expert": 9.427074654897053, "fpem/env_route_L_router_oracle": 0.3180275089683987, "fpem/env_route_L_balance": 0.0, "fpem/env_route_L_diverse": 0.0, "fpem/env_route_L_proto_align": 0.0, "fpem/env_route_entropy": 0.0, "fpem/env_route_q_max_mean": 0.0, "fpem/hyper_alpha_mean": 0.0, "fpem/hyper_delta_norm": 0.0, "fpem/hyper_route_proto_mode_uniform_warmup": 0.0, "fpem/hyper_route_proto_mode_uniform_fixed": 0.0, "fpem/hyper_route_proto_mode_sinkhorn": 0.0, "fpem/hyper_route_proto_mode_softmax": 0.0, "fpem/fallback_q_mean": 0.0, "fpem/fallback_q_max": 0.0, "fpem/env_q_sum_mean": 1.0, "fpem/oracle_fallback_rate": 0.0, "fpem/route_count_fallback": 0.0, "fpem/env_route_head_mode": 1.0, "fpem/route_entropy_mean": 0.0, "fpem/route_mean_distribution_entropy": 0.0, "fpem/effective_expert_number": 1.0, "fpem/max_expert_usage_ratio": 0.0, "fpem/min_expert_usage_ratio": 0.0, "fpem/prototype_pairwise_cosine": 0.0, "fpem/expert_prediction_pairwise_cosine": 0.0, "fpem/expert_collapse_warning": 0.0, "fpem/env_route_target_mode_env_prototype": 0.0, "fpem/env_route_target_mode_hybrid": 0.0, "fpem/env_route_hybrid_alpha": 0.0, "fpem/env_route_train_mode_warmup_risk_sinkhorn": 0.0, "fpem/warmup_risk_stage_warmup": 0.0, "fpem/warmup_risk_stage_soft": 0.0, "fpem/warmup_risk_stage_hard": 0.0, "fpem/warmup_risk_selected_loss": 0.0, "fpem/warmup_risk_uniform_common_loss": 0.0, "fpem/warmup_risk_lambda_common": 0.0, "fpem/warmup_risk_total_common_term": 0.0, "fpem/warmup_risk_temperature": 0.0, "fpem/warmup_risk_temperature_progress": 0.0, "fpem/uniform_expert_mae": 0.0, "fpem/risk_routed_mae": 0.0, "fpem/risk_prediction_mae": 0.0, "fpem/risk_loss": 0.0, "fpem/risk_ranking_loss": 0.0, "fpem/risk_ranking_accuracy": 0.0, "fpem/risk_oracle_argmin_accuracy": 0.0, "fpem/risk_router_temperature": 0.0, "fpem/risk_router_lambda": 0.0, "fpem/risk_router_pairwise_lambda": 0.0, "fpem/env_route_train_mode_progressive_gmm_environment": 0.0, "fpem/top_level_prediction_source_progressive_gmm_teacher_hard": 0.0, "fpem/progressive_assignment_uses_target_or_prediction_error": 0.0, "fpem/progressive_partition_ready": 0.0, "fpem/progressive_selected_k": 0.0, "fpem/progressive_active_expert_count": 0.0, "fpem/progressive_last_partition_epoch": 0.0, "fpem/progressive_lambda_common": 0.0, "fpem/progressive_common_term": 0.0, "fpem/progressive_compactness_loss": 0.0, "fpem/progressive_consistency_loss": 0.0, "fpem/progressive_cluster_entropy": 0.0, "fpem/progressive_assignment_change_ratio": 0.0, "fpem/progressive_hungarian_overlap_score": 0.0, "fpem/progressive_partition_update_time_sec": 0.0, "fpem/progressive_routed_mae": 0.0, "fpem/progressive_gmm_environment_total_replaces_primary": 0.0, "fpem/env_route_count_head_0": 16.0, "fpem/env_route_oracle_count_head_0": 16.0, "fpem/route_count_env_head_0": 16.0, "fpem/route_soft_mean_expert_0": 1.0, "fpem/route_hard_count_expert_0": 16.0, "fpem/hard_count_expert_0": 16.0, "fpem/sinkhorn_soft_col_mass_expert_0": 0.0, "fpem/progressive_active_expert_0": 0.0, "fpem/progressive_cluster_size_0": 0.0, "fpem/progressive_cluster_ratio_0": 0.0, "fpem/progressive_cluster_to_expert_0": 0.0, "fpem/progressive_bic_k1": 0.0, "fpem/progressive_bic_score_k1": 0.0, "fpem/progressive_bic_rejected_k1": 0.0, "fpem/hyper_alpha_head_0": 0.0, "fpem/hyper_gamma_norm_head_0": 0.0, "fpem/hyper_beta_norm_head_0": 0.0, "fpem/expert_cross_mae_group_0_expert_0": 9.427074654897053, "fpem/load_expert_loss": 9.427074654897053, "fpem/conservative_override_router_loss": 0.3180275089683987, "fpem/hard_router_loss": 0.3180275089683987, "fpem/load_level_assignment_detached": 1.0, "fpem/load_level_count_0": 1680.0, "fpem/load_level_ratio_0": 1.0, "fpem/expert_0_global_loss": 9.427074654897053, "fpem/expert_0_selected_loss": 9.427074654897053, "fpem/conservative_all_environment_mae": 9.427074654897053, "fpem/conservative_all_invariant_mae": 9.662237521580288, "fpem/conservative_selective_hard_routing_mae": 9.427074654897053, "fpem/conservative_oracle_mae": 9.370270397549584, "fpem/conservative_router_accuracy": 0.7446428571428572, "fpem/conservative_router_balanced_accuracy": 0.5142857142857142, "fpem/conservative_invariant_switch_coverage": 0.0, "fpem/conservative_invariant_switch_precision": 0.0, "fpem/conservative_correct_beneficial_switches": 0.0, "fpem/conservative_harmful_invariant_switches": 0.0, "fpem/conservative_saved_loss_from_correct_switches": 0.0, "fpem/conservative_added_loss_from_harmful_switches": 0.0, "fpem/conservative_net_routing_gain": 0.0, "fpem/conservative_oracle_gap_closed": 0.0, "fpem/conservative_selected_threshold": 0.5, "fpem/conservative_selected_margin": 0.0, "fpem/conservative_delta_mean": -0.2351628500790823, "fpem/conservative_delta_positive_ratio": 0.25535714285714284, "fpem/conservative_target_inv_ratio": 0.25535714285714284, "fpem/conservative_p_inv_mean": 0.10150189499060312, "fpem/conservative_p_inv_min": 0.06423179095699674, "fpem/conservative_p_inv_max": 0.1735351270862988, "fpem/conservative_prediction_is_hard_route": 1.0, "fpem/conservative_prediction_is_soft_fusion": 0.0, "fpem/conservative_router_target_detached": 1.0, "fpem/conservative_delta_detached": 1.0, "fpem/conservative_harmful_switch_weight": 2.0, "fpem/hard_router_predicted_env_ratio": 1.0, "fpem/hard_router_effective_env_ratio": 1.0, "fpem/hard_router_target_env_ratio": 0.7446428571428572, "fpem/hard_router_gain_mean": -0.2351628500790823, "fpem/hard_router_margin_mean": 0.0, "fpem/conservative_router_supervision_enabled": 1.0, "fpem/conservative_router_weight_mean": 0.9999999931880406, "fpem/conservative_router_weight_min": 0.06750587820258391, "fpem/conservative_router_weight_max": 2.8984650464284987, "fpem/expert_prediction_pairwise_difference": 0.0, "fpem/delta_pairwise_cosine": 0.0, "fpem/delta_pairwise_l1": 0.0, "fpem/delta_pairwise_l2": 0.0, "fpem/expert_0_parameter_norm": 14.916483179728191, "fpem/hard_binary_router_enabled": 1.0, "fpem/hard_router_uses_target_in_forward": 0.0, "fpem/stored_future_c_loaded": 0.0, "fpem/prediction_is_weighted_complete_fusion": 0.0, "fpem/prediction_is_hard_route": 1.0, "fpem/conservative_inv_override_enabled": 1.0, "fpem/conservative_router_features_detached": 1.0, "fpem/future_mi_loss": 0.0, "fpem/future_mi_valid": 0.0, "fpem/future_mi_logvar_mean": 0.0, "fpem/future_mi_target_mode_env_encoder": 0.0, "fpem/swap_loss": 0.0, "fpem/swap_diff_loss": 0.0, "fpem/swap_same_loss": 0.0, "fpem/swap_gain_mean": 0.0, "fpem/swap_s_gain_mean": 0.0, "fpem/swap_fallback_router_loss": 0.0, "fpem/swap_fallback_q_mean": 0.0, "fpem/swap_prediction_delta": 0.0, "fpem/swap_route_delta": 0.0, "fpem/swap_hyper_alpha_delta": 0.0, "fpem/swap_hyper_delta_norm": 0.0, "fpem/loss_env_day": 0.0, "fpem/loss_env_hour": 0.0, "fpem/loss_env_rush": 0.0, "fpem/env_day_acc": 0.0, "fpem/env_hour_acc": 0.0, "fpem/env_rush_acc": 0.0, "fpem/loss_env_supcon": 0.0, "fpem/env_supcon_valid_pairs": 0.0, "fpem/loss_inv_env_adv": 0.0, "fpem/inv_day_acc": 0.0, "fpem/inv_hour_acc": 0.0, "fpem/inv_rush_acc": 0.0, "fpem/loss_cross_cov_sep": 0.0, "fpem/load_level_experts_enabled": 1.0, "fpem/load_level_uses_target_or_future_load": 0.0, "fpem/environment_gate_uses_target_in_forward": 0.0, "fpem/load_level_env_residual_scale": 0.0, "fpem/uses_cached_observable_load_prior": 1.0, "fpem/primary_loss": 9.005696768987747, "fpem/inv_pred_loss": 9.213444119408017, "fpem/primary_uses_route": 1.0, "fpem/primary_uses_env_fusion": 0.0, "fpem/backbone_agcrn": 1.0, "fpem/backbone_graphwavenet": 0.0, "fpem/backbone_staeformer": 0.0, "fpem/gc_pred_loss_only": 1.0, "fpem/env_route_head_mode_hyper_proto": 1.0, "fpem/fpem_force_uniform_route": 0.0, "fpem/hard_prediction_sinkhorn_total_replaces_primary": 0.0, "fpem/hard_prediction_environment_sinkhorn_total_replaces_primary": 0.0, "fpem/warmup_risk_sinkhorn_total_replaces_primary": 0.0, "fpem/lambda_club_mi": 0.0}, "conservative_override_threshold_selection": {"split": "val", "threshold": 0.5, "margin": 0.0, "mae": 11.575861930847168, "loss": 11.782850795321995, "mape": 0.1806895136833191, "confirmed_result": {"loss": 11.782850795321995, "mae": 11.575861930847168, "mape": 0.1806895136833191}}}
CONSERVATIVE_OVERRIDE_THRESHOLD_SELECTION {"split": "val", "threshold": 0.5, "margin": 0.0, "mae": 11.589905738830566, "loss": 11.799871497684055, "mape": 0.18195350468158722, "confirmed_result": {"loss": 11.799871497684055, "mae": 11.589905738830566, "mape": 0.18195350468158722}}
EPOCH {"epoch": 24, "train_loss": 11.294639151436941, "val": {"loss": 11.799871497684055, "mae": 11.589905738830566, "mape": 0.18195350468158722}, "test_mixed": {"loss": 10.590607139042445, "mae": 10.574859619140625, "mape": 0.16770783066749573}, "test_workday": {"loss": 10.463452587956967, "mae": 10.483394622802734, "mape": 0.16789144277572632}, "test_holiday": {"loss": 10.801010688145956, "mae": 10.733469009399414, "mape": 0.1673894226551056}, "test_avg_mae": 10.608431816101074, "best_selection_value": 10.608431816101074, "best_selection_split": "test_avg_DIAGNOSTIC", "best_selection_metric": "test_avg_mae", "lr": 0.001, "fpem_logs": {"fpem/fpem_env_use_exogenous": 1.0, "fpem/env_exogenous_available": 1.0, "fpem/env_exogenous_time_available": 1.0, "fpem/env_exogenous_load_available": 1.0, "fpem/env_exogenous_feature_dim": 32.0, "fpem/env_exogenous_embedding_norm": 2.747169660386585, "fpem/env_exogenous_load_embedding_norm": 1.954733293397086, "fpem/env_rep_ablation_normal": 1.0, "fpem/env_rep_ablation_zero": 0.0, "fpem/env_rep_ablation_shuffle_batch": 0.0, "fpem/env_rep_ablation_mode_id": 0.0, "fpem/mask_loss": 0.0, "fpem/mask_sparse_loss": 0.0, "fpem/mask_entropy_loss": 0.0, "fpem/mask_mean": 1.0, "fpem/mask_entropy": 0.0, "fpem/mask_active_ratio": 1.0, "fpem/fusion_alpha_mean": 0.0, "fpem/fusion_alpha_std": 0.0, "fpem/fusion_alpha_min": 0.0, "fpem/fusion_alpha_max": 0.0, "fpem/env_route_loss": 2.230995624405997, "fpem/env_route_L_final": 9.02652214141119, "fpem/env_route_L_global": 0.0, "fpem/env_route_L_route_soft": 0.0, "fpem/env_route_L_expert": 9.437345659165155, "fpem/env_route_L_router_oracle": 0.343526463778246, "fpem/env_route_L_balance": 0.0, "fpem/env_route_L_diverse": 0.0, "fpem/env_route_L_proto_align": 0.0, "fpem/env_route_entropy": 0.0, "fpem/env_route_q_max_mean": 0.0, "fpem/hyper_alpha_mean": 0.0, "fpem/hyper_delta_norm": 0.0, "fpem/hyper_route_proto_mode_uniform_warmup": 0.0, "fpem/hyper_route_proto_mode_uniform_fixed": 0.0, "fpem/hyper_route_proto_mode_sinkhorn": 0.0, "fpem/hyper_route_proto_mode_softmax": 0.0, "fpem/fallback_q_mean": 0.0, "fpem/fallback_q_max": 0.0, "fpem/env_q_sum_mean": 1.0, "fpem/oracle_fallback_rate": 0.0, "fpem/route_count_fallback": 0.0, "fpem/env_route_head_mode": 1.0, "fpem/route_entropy_mean": 0.0, "fpem/route_mean_distribution_entropy": 0.0, "fpem/effective_expert_number": 1.0, "fpem/max_expert_usage_ratio": 0.0, "fpem/min_expert_usage_ratio": 0.0, "fpem/prototype_pairwise_cosine": 0.0, "fpem/expert_prediction_pairwise_cosine": 0.0, "fpem/expert_collapse_warning": 0.0, "fpem/env_route_target_mode_env_prototype": 0.0, "fpem/env_route_target_mode_hybrid": 0.0, "fpem/env_route_hybrid_alpha": 0.0, "fpem/env_route_train_mode_warmup_risk_sinkhorn": 0.0, "fpem/warmup_risk_stage_warmup": 0.0, "fpem/warmup_risk_stage_soft": 0.0, "fpem/warmup_risk_stage_hard": 0.0, "fpem/warmup_risk_selected_loss": 0.0, "fpem/warmup_risk_uniform_common_loss": 0.0, "fpem/warmup_risk_lambda_common": 0.0, "fpem/warmup_risk_total_common_term": 0.0, "fpem/warmup_risk_temperature": 0.0, "fpem/warmup_risk_temperature_progress": 0.0, "fpem/uniform_expert_mae": 0.0, "fpem/risk_routed_mae": 0.0, "fpem/risk_prediction_mae": 0.0, "fpem/risk_loss": 0.0, "fpem/risk_ranking_loss": 0.0, "fpem/risk_ranking_accuracy": 0.0, "fpem/risk_oracle_argmin_accuracy": 0.0, "fpem/risk_router_temperature": 0.0, "fpem/risk_router_lambda": 0.0, "fpem/risk_router_pairwise_lambda": 0.0, "fpem/env_route_train_mode_progressive_gmm_environment": 0.0, "fpem/top_level_prediction_source_progressive_gmm_teacher_hard": 0.0, "fpem/progressive_assignment_uses_target_or_prediction_error": 0.0, "fpem/progressive_partition_ready": 0.0, "fpem/progressive_selected_k": 0.0, "fpem/progressive_active_expert_count": 0.0, "fpem/progressive_last_partition_epoch": 0.0, "fpem/progressive_lambda_common": 0.0, "fpem/progressive_common_term": 0.0, "fpem/progressive_compactness_loss": 0.0, "fpem/progressive_consistency_loss": 0.0, "fpem/progressive_cluster_entropy": 0.0, "fpem/progressive_assignment_change_ratio": 0.0, "fpem/progressive_hungarian_overlap_score": 0.0, "fpem/progressive_partition_update_time_sec": 0.0, "fpem/progressive_routed_mae": 0.0, "fpem/progressive_gmm_environment_total_replaces_primary": 0.0, "fpem/env_route_count_head_0": 16.0, "fpem/env_route_oracle_count_head_0": 16.0, "fpem/route_count_env_head_0": 16.0, "fpem/route_soft_mean_expert_0": 1.0, "fpem/route_hard_count_expert_0": 16.0, "fpem/hard_count_expert_0": 16.0, "fpem/sinkhorn_soft_col_mass_expert_0": 0.0, "fpem/progressive_active_expert_0": 0.0, "fpem/progressive_cluster_size_0": 0.0, "fpem/progressive_cluster_ratio_0": 0.0, "fpem/progressive_cluster_to_expert_0": 0.0, "fpem/progressive_bic_k1": 0.0, "fpem/progressive_bic_score_k1": 0.0, "fpem/progressive_bic_rejected_k1": 0.0, "fpem/hyper_alpha_head_0": 0.0, "fpem/hyper_gamma_norm_head_0": 0.0, "fpem/hyper_beta_norm_head_0": 0.0, "fpem/expert_cross_mae_group_0_expert_0": 9.437345659165155, "fpem/load_expert_loss": 9.437345659165155, "fpem/conservative_override_router_loss": 0.343526463778246, "fpem/hard_router_loss": 0.343526463778246, "fpem/load_level_assignment_detached": 1.0, "fpem/load_level_count_0": 1680.0, "fpem/load_level_ratio_0": 1.0, "fpem/expert_0_global_loss": 9.437345659165155, "fpem/expert_0_selected_loss": 9.437345659165155, "fpem/conservative_all_environment_mae": 9.437345659165155, "fpem/conservative_all_invariant_mae": 9.662237512497676, "fpem/conservative_selective_hard_routing_mae": 9.437345659165155, "fpem/conservative_oracle_mae": 9.377140381222679, "fpem/conservative_router_accuracy": 0.7476190476190476, "fpem/conservative_router_balanced_accuracy": 0.5047619047619047, "fpem/conservative_invariant_switch_coverage": 0.0, "fpem/conservative_invariant_switch_precision": 0.0, "fpem/conservative_correct_beneficial_switches": 0.0, "fpem/conservative_harmful_invariant_switches": 0.0, "fpem/conservative_saved_loss_from_correct_switches": 0.0, "fpem/conservative_added_loss_from_harmful_switches": 0.0, "fpem/conservative_net_routing_gain": 0.0, "fpem/conservative_oracle_gap_closed": 0.0, "fpem/conservative_selected_threshold": 0.5, "fpem/conservative_selected_margin": 0.0, "fpem/conservative_delta_mean": -0.2248918123188473, "fpem/conservative_delta_positive_ratio": 0.2523809523809524, "fpem/conservative_target_inv_ratio": 0.2523809523809524, "fpem/conservative_p_inv_mean": 0.08222666322475387, "fpem/conservative_p_inv_min": 0.05081164464354515, "fpem/conservative_p_inv_max": 0.1489550978654907, "fpem/conservative_prediction_is_hard_route": 1.0, "fpem/conservative_prediction_is_soft_fusion": 0.0, "fpem/conservative_router_target_detached": 1.0, "fpem/conservative_delta_detached": 1.0, "fpem/conservative_harmful_switch_weight": 2.0, "fpem/hard_router_predicted_env_ratio": 1.0, "fpem/hard_router_effective_env_ratio": 1.0, "fpem/hard_router_target_env_ratio": 0.7476190476190476, "fpem/hard_router_gain_mean": -0.2248918123188473, "fpem/hard_router_margin_mean": 0.0, "fpem/conservative_router_supervision_enabled": 1.0, "fpem/conservative_router_weight_mean": 0.9999999914850507, "fpem/conservative_router_weight_min": 0.06673389926685819, "fpem/conservative_router_weight_max": 3.1234459547769458, "fpem/expert_prediction_pairwise_difference": 0.0, "fpem/delta_pairwise_cosine": 0.0, "fpem/delta_pairwise_l1": 0.0, "fpem/delta_pairwise_l2": 0.0, "fpem/expert_0_parameter_norm": 14.916578628903343, "fpem/hard_binary_router_enabled": 1.0, "fpem/hard_router_uses_target_in_forward": 0.0, "fpem/stored_future_c_loaded": 0.0, "fpem/prediction_is_weighted_complete_fusion": 0.0, "fpem/prediction_is_hard_route": 1.0, "fpem/conservative_inv_override_enabled": 1.0, "fpem/conservative_router_features_detached": 1.0, "fpem/future_mi_loss": 0.0, "fpem/future_mi_valid": 0.0, "fpem/future_mi_logvar_mean": 0.0, "fpem/future_mi_target_mode_env_encoder": 0.0, "fpem/swap_loss": 0.0, "fpem/swap_diff_loss": 0.0, "fpem/swap_same_loss": 0.0, "fpem/swap_gain_mean": 0.0, "fpem/swap_s_gain_mean": 0.0, "fpem/swap_fallback_router_loss": 0.0, "fpem/swap_fallback_q_mean": 0.0, "fpem/swap_prediction_delta": 0.0, "fpem/swap_route_delta": 0.0, "fpem/swap_hyper_alpha_delta": 0.0, "fpem/swap_hyper_delta_norm": 0.0, "fpem/loss_env_day": 0.0, "fpem/loss_env_hour": 0.0, "fpem/loss_env_rush": 0.0, "fpem/env_day_acc": 0.0, "fpem/env_hour_acc": 0.0, "fpem/env_rush_acc": 0.0, "fpem/loss_env_supcon": 0.0, "fpem/env_supcon_valid_pairs": 0.0, "fpem/loss_inv_env_adv": 0.0, "fpem/inv_day_acc": 0.0, "fpem/inv_hour_acc": 0.0, "fpem/inv_rush_acc": 0.0, "fpem/loss_cross_cov_sep": 0.0, "fpem/load_level_experts_enabled": 1.0, "fpem/load_level_uses_target_or_future_load": 0.0, "fpem/environment_gate_uses_target_in_forward": 0.0, "fpem/load_level_env_residual_scale": 0.0, "fpem/uses_cached_observable_load_prior": 1.0, "fpem/primary_loss": 9.02652214141119, "fpem/inv_pred_loss": 9.221562798817953, "fpem/primary_uses_route": 1.0, "fpem/primary_uses_env_fusion": 0.0, "fpem/backbone_agcrn": 1.0, "fpem/backbone_graphwavenet": 0.0, "fpem/backbone_staeformer": 0.0, "fpem/gc_pred_loss_only": 1.0, "fpem/env_route_head_mode_hyper_proto": 1.0, "fpem/fpem_force_uniform_route": 0.0, "fpem/hard_prediction_sinkhorn_total_replaces_primary": 0.0, "fpem/hard_prediction_environment_sinkhorn_total_replaces_primary": 0.0, "fpem/warmup_risk_sinkhorn_total_replaces_primary": 0.0, "fpem/lambda_club_mi": 0.0}, "conservative_override_threshold_selection": {"split": "val", "threshold": 0.5, "margin": 0.0, "mae": 11.589905738830566, "loss": 11.799871497684055, "mape": 0.18195350468158722, "confirmed_result": {"loss": 11.799871497684055, "mae": 11.589905738830566, "mape": 0.18195350468158722}}}
CONSERVATIVE_OVERRIDE_THRESHOLD_SELECTION {"split": "val", "threshold": 0.5, "margin": 0.0, "mae": 11.565879821777344, "loss": 11.780469470553928, "mape": 0.18351401388645172, "confirmed_result": {"loss": 11.780469470553928, "mae": 11.565879821777344, "mape": 0.18351401388645172}}
EPOCH {"epoch": 25, "train_loss": 11.216745639982678, "val": {"loss": 11.780469470553928, "mae": 11.565879821777344, "mape": 0.18351401388645172}, "test_mixed": {"loss": 10.564606843675886, "mae": 10.55371379852295, "mape": 0.16875772178173065}, "test_workday": {"loss": 10.43505285097205, "mae": 10.460227012634277, "mape": 0.16897833347320557}, "test_holiday": {"loss": 10.779590964317322, "mae": 10.71583080291748, "mape": 0.168375164270401}, "test_avg_mae": 10.588028907775879, "best_selection_value": 10.588028907775879, "best_selection_split": "test_avg_DIAGNOSTIC", "best_selection_metric": "test_avg_mae", "lr": 0.001, "fpem_logs": {"fpem/fpem_env_use_exogenous": 1.0, "fpem/env_exogenous_available": 1.0, "fpem/env_exogenous_time_available": 1.0, "fpem/env_exogenous_load_available": 1.0, "fpem/env_exogenous_feature_dim": 32.0, "fpem/env_exogenous_embedding_norm": 2.748745807011922, "fpem/env_exogenous_load_embedding_norm": 1.953295644124349, "fpem/env_rep_ablation_normal": 1.0, "fpem/env_rep_ablation_zero": 0.0, "fpem/env_rep_ablation_shuffle_batch": 0.0, "fpem/env_rep_ablation_mode_id": 0.0, "fpem/mask_loss": 0.0, "fpem/mask_sparse_loss": 0.0, "fpem/mask_entropy_loss": 0.0, "fpem/mask_mean": 1.0, "fpem/mask_entropy": 0.0, "fpem/mask_active_ratio": 1.0, "fpem/fusion_alpha_mean": 0.0, "fpem/fusion_alpha_std": 0.0, "fpem/fusion_alpha_min": 0.0, "fpem/fusion_alpha_max": 0.0, "fpem/env_route_loss": 2.209722884496053, "fpem/env_route_L_final": 9.018892774127778, "fpem/env_route_L_global": 0.0, "fpem/env_route_L_route_soft": 0.0, "fpem/env_route_L_expert": 9.434550989241828, "fpem/env_route_L_router_oracle": 0.3228126599675133, "fpem/env_route_L_balance": 0.0, "fpem/env_route_L_diverse": 0.0, "fpem/env_route_L_proto_align": 0.0, "fpem/env_route_entropy": 0.0, "fpem/env_route_q_max_mean": 0.0, "fpem/hyper_alpha_mean": 0.0, "fpem/hyper_delta_norm": 0.0, "fpem/hyper_route_proto_mode_uniform_warmup": 0.0, "fpem/hyper_route_proto_mode_uniform_fixed": 0.0, "fpem/hyper_route_proto_mode_sinkhorn": 0.0, "fpem/hyper_route_proto_mode_softmax": 0.0, "fpem/fallback_q_mean": 0.0, "fpem/fallback_q_max": 0.0, "fpem/env_q_sum_mean": 1.0, "fpem/oracle_fallback_rate": 0.0, "fpem/route_count_fallback": 0.0, "fpem/env_route_head_mode": 1.0, "fpem/route_entropy_mean": 0.0, "fpem/route_mean_distribution_entropy": 0.0, "fpem/effective_expert_number": 1.0, "fpem/max_expert_usage_ratio": 0.0, "fpem/min_expert_usage_ratio": 0.0, "fpem/prototype_pairwise_cosine": 0.0, "fpem/expert_prediction_pairwise_cosine": 0.0, "fpem/expert_collapse_warning": 0.0, "fpem/env_route_target_mode_env_prototype": 0.0, "fpem/env_route_target_mode_hybrid": 0.0, "fpem/env_route_hybrid_alpha": 0.0, "fpem/env_route_train_mode_warmup_risk_sinkhorn": 0.0, "fpem/warmup_risk_stage_warmup": 0.0, "fpem/warmup_risk_stage_soft": 0.0, "fpem/warmup_risk_stage_hard": 0.0, "fpem/warmup_risk_selected_loss": 0.0, "fpem/warmup_risk_uniform_common_loss": 0.0, "fpem/warmup_risk_lambda_common": 0.0, "fpem/warmup_risk_total_common_term": 0.0, "fpem/warmup_risk_temperature": 0.0, "fpem/warmup_risk_temperature_progress": 0.0, "fpem/uniform_expert_mae": 0.0, "fpem/risk_routed_mae": 0.0, "fpem/risk_prediction_mae": 0.0, "fpem/risk_loss": 0.0, "fpem/risk_ranking_loss": 0.0, "fpem/risk_ranking_accuracy": 0.0, "fpem/risk_oracle_argmin_accuracy": 0.0, "fpem/risk_router_temperature": 0.0, "fpem/risk_router_lambda": 0.0, "fpem/risk_router_pairwise_lambda": 0.0, "fpem/env_route_train_mode_progressive_gmm_environment": 0.0, "fpem/top_level_prediction_source_progressive_gmm_teacher_hard": 0.0, "fpem/progressive_assignment_uses_target_or_prediction_error": 0.0, "fpem/progressive_partition_ready": 0.0, "fpem/progressive_selected_k": 0.0, "fpem/progressive_active_expert_count": 0.0, "fpem/progressive_last_partition_epoch": 0.0, "fpem/progressive_lambda_common": 0.0, "fpem/progressive_common_term": 0.0, "fpem/progressive_compactness_loss": 0.0, "fpem/progressive_consistency_loss": 0.0, "fpem/progressive_cluster_entropy": 0.0, "fpem/progressive_assignment_change_ratio": 0.0, "fpem/progressive_hungarian_overlap_score": 0.0, "fpem/progressive_partition_update_time_sec": 0.0, "fpem/progressive_routed_mae": 0.0, "fpem/progressive_gmm_environment_total_replaces_primary": 0.0, "fpem/env_route_count_head_0": 16.0, "fpem/env_route_oracle_count_head_0": 16.0, "fpem/route_count_env_head_0": 16.0, "fpem/route_soft_mean_expert_0": 1.0, "fpem/route_hard_count_expert_0": 16.0, "fpem/hard_count_expert_0": 16.0, "fpem/sinkhorn_soft_col_mass_expert_0": 0.0, "fpem/progressive_active_expert_0": 0.0, "fpem/progressive_cluster_size_0": 0.0, "fpem/progressive_cluster_ratio_0": 0.0, "fpem/progressive_cluster_to_expert_0": 0.0, "fpem/progressive_bic_k1": 0.0, "fpem/progressive_bic_score_k1": 0.0, "fpem/progressive_bic_rejected_k1": 0.0, "fpem/hyper_alpha_head_0": 0.0, "fpem/hyper_gamma_norm_head_0": 0.0, "fpem/hyper_beta_norm_head_0": 0.0, "fpem/expert_cross_mae_group_0_expert_0": 9.434550989241828, "fpem/load_expert_loss": 9.434550989241828, "fpem/conservative_override_router_loss": 0.3228126599675133, "fpem/hard_router_loss": 0.3228126599675133, "fpem/load_level_assignment_detached": 1.0, "fpem/load_level_count_0": 1680.0, "fpem/load_level_ratio_0": 1.0, "fpem/expert_0_global_loss": 9.434550989241828, "fpem/expert_0_selected_loss": 9.434550989241828, "fpem/conservative_all_environment_mae": 9.434550989241828, "fpem/conservative_all_invariant_mae": 9.662237539745512, "fpem/conservative_selective_hard_routing_mae": 9.434550989241828, "fpem/conservative_oracle_mae": 9.377819837842669, "fpem/conservative_router_accuracy": 0.7428571428571429, "fpem/conservative_router_balanced_accuracy": 0.5047619047619047, "fpem/conservative_invariant_switch_coverage": 0.0, "fpem/conservative_invariant_switch_precision": 0.0, "fpem/conservative_correct_beneficial_switches": 0.0, "fpem/conservative_harmful_invariant_switches": 0.0, "fpem/conservative_saved_loss_from_correct_switches": 0.0, "fpem/conservative_added_loss_from_harmful_switches": 0.0, "fpem/conservative_net_routing_gain": 0.0, "fpem/conservative_oracle_gap_closed": 0.0, "fpem/conservative_selected_threshold": 0.5, "fpem/conservative_selected_margin": 0.0, "fpem/conservative_delta_mean": -0.22768647968769073, "fpem/conservative_delta_positive_ratio": 0.2571428571428571, "fpem/conservative_target_inv_ratio": 0.2571428571428571, "fpem/conservative_p_inv_mean": 0.0921063710181486, "fpem/conservative_p_inv_min": 0.05721157090294929, "fpem/conservative_p_inv_max": 0.15524757071619943, "fpem/conservative_prediction_is_hard_route": 1.0, "fpem/conservative_prediction_is_soft_fusion": 0.0, "fpem/conservative_router_target_detached": 1.0, "fpem/conservative_delta_detached": 1.0, "fpem/conservative_harmful_switch_weight": 2.0, "fpem/hard_router_predicted_env_ratio": 1.0, "fpem/hard_router_effective_env_ratio": 1.0, "fpem/hard_router_target_env_ratio": 0.7428571428571429, "fpem/hard_router_gain_mean": -0.22768647968769073, "fpem/hard_router_margin_mean": 0.0, "fpem/conservative_router_supervision_enabled": 1.0, "fpem/conservative_router_weight_mean": 0.9999999937557039, "fpem/conservative_router_weight_min": 0.04702529449326297, "fpem/conservative_router_weight_max": 3.0359463498705908, "fpem/expert_prediction_pairwise_difference": 0.0, "fpem/delta_pairwise_cosine": 0.0, "fpem/delta_pairwise_l1": 0.0, "fpem/delta_pairwise_l2": 0.0, "fpem/expert_0_parameter_norm": 14.916602688743955, "fpem/hard_binary_router_enabled": 1.0, "fpem/hard_router_uses_target_in_forward": 0.0, "fpem/stored_future_c_loaded": 0.0, "fpem/prediction_is_weighted_complete_fusion": 0.0, "fpem/prediction_is_hard_route": 1.0, "fpem/conservative_inv_override_enabled": 1.0, "fpem/conservative_router_features_detached": 1.0, "fpem/future_mi_loss": 0.0, "fpem/future_mi_valid": 0.0, "fpem/future_mi_logvar_mean": 0.0, "fpem/future_mi_target_mode_env_encoder": 0.0, "fpem/swap_loss": 0.0, "fpem/swap_diff_loss": 0.0, "fpem/swap_same_loss": 0.0, "fpem/swap_gain_mean": 0.0, "fpem/swap_s_gain_mean": 0.0, "fpem/swap_fallback_router_loss": 0.0, "fpem/swap_fallback_q_mean": 0.0, "fpem/swap_prediction_delta": 0.0, "fpem/swap_route_delta": 0.0, "fpem/swap_hyper_alpha_delta": 0.0, "fpem/swap_hyper_delta_norm": 0.0, "fpem/loss_env_day": 0.0, "fpem/loss_env_hour": 0.0, "fpem/loss_env_rush": 0.0, "fpem/env_day_acc": 0.0, "fpem/env_hour_acc": 0.0, "fpem/env_rush_acc": 0.0, "fpem/loss_env_supcon": 0.0, "fpem/env_supcon_valid_pairs": 0.0, "fpem/loss_inv_env_adv": 0.0, "fpem/inv_day_acc": 0.0, "fpem/inv_hour_acc": 0.0, "fpem/inv_rush_acc": 0.0, "fpem/loss_cross_cov_sep": 0.0, "fpem/load_level_experts_enabled": 1.0, "fpem/load_level_uses_target_or_future_load": 0.0, "fpem/environment_gate_uses_target_in_forward": 0.0, "fpem/load_level_env_residual_scale": 0.0, "fpem/uses_cached_observable_load_prior": 1.0, "fpem/primary_loss": 9.018892774127778, "fpem/inv_pred_loss": 9.210944629850841, "fpem/primary_uses_route": 1.0, "fpem/primary_uses_env_fusion": 0.0, "fpem/backbone_agcrn": 1.0, "fpem/backbone_graphwavenet": 0.0, "fpem/backbone_staeformer": 0.0, "fpem/gc_pred_loss_only": 1.0, "fpem/env_route_head_mode_hyper_proto": 1.0, "fpem/fpem_force_uniform_route": 0.0, "fpem/hard_prediction_sinkhorn_total_replaces_primary": 0.0, "fpem/hard_prediction_environment_sinkhorn_total_replaces_primary": 0.0, "fpem/warmup_risk_sinkhorn_total_replaces_primary": 0.0, "fpem/lambda_club_mi": 0.0}, "conservative_override_threshold_selection": {"split": "val", "threshold": 0.5, "margin": 0.0, "mae": 11.565879821777344, "loss": 11.780469470553928, "mape": 0.18351401388645172, "confirmed_result": {"loss": 11.780469470553928, "mae": 11.565879821777344, "mape": 0.18351401388645172}}}
CONSERVATIVE_OVERRIDE_THRESHOLD_SELECTION {"split": "val", "threshold": 0.5, "margin": 0.0, "mae": 11.581117630004883, "loss": 11.802856233384874, "mape": 0.1934603899717331, "confirmed_result": {"loss": 11.802856233384874, "mae": 11.581117630004883, "mape": 0.1934603899717331}}
EPOCH {"epoch": 26, "train_loss": 11.24144086383638, "val": {"loss": 11.802856233384874, "mae": 11.581117630004883, "mape": 0.1934603899717331}, "test_mixed": {"loss": 10.58595690046038, "mae": 10.573431968688965, "mape": 0.17784525454044342}, "test_workday": {"loss": 10.457261106242305, "mae": 10.480613708496094, "mape": 0.17795602977275848}, "test_holiday": {"loss": 10.799697677294413, "mae": 10.734390258789062, "mape": 0.17765316367149353}, "test_avg_mae": 10.607501983642578, "best_selection_value": 10.607501983642578, "best_selection_split": "test_avg_DIAGNOSTIC", "best_selection_metric": "test_avg_mae", "lr": 0.001, "fpem_logs": {"fpem/fpem_env_use_exogenous": 1.0, "fpem/env_exogenous_available": 1.0, "fpem/env_exogenous_time_available": 1.0, "fpem/env_exogenous_load_available": 1.0, "fpem/env_exogenous_feature_dim": 32.0, "fpem/env_exogenous_embedding_norm": 2.748103514171782, "fpem/env_exogenous_load_embedding_norm": 1.9516808759598505, "fpem/env_rep_ablation_normal": 1.0, "fpem/env_rep_ablation_zero": 0.0, "fpem/env_rep_ablation_shuffle_batch": 0.0, "fpem/env_rep_ablation_mode_id": 0.0, "fpem/mask_loss": 0.0, "fpem/mask_sparse_loss": 0.0, "fpem/mask_entropy_loss": 0.0, "fpem/mask_mean": 1.0, "fpem/mask_entropy": 0.0, "fpem/mask_active_ratio": 1.0, "fpem/fusion_alpha_mean": 0.0, "fpem/fusion_alpha_std": 0.0, "fpem/fusion_alpha_min": 0.0, "fpem/fusion_alpha_max": 0.0, "fpem/env_route_loss": 2.213340793337141, "fpem/env_route_L_final": 9.016324261256626, "fpem/env_route_L_global": 0.0, "fpem/env_route_L_route_soft": 0.0, "fpem/env_route_L_expert": 9.429748648688907, "fpem/env_route_L_router_oracle": 0.32739104621467136, "fpem/env_route_L_balance": 0.0, "fpem/env_route_L_diverse": 0.0, "fpem/env_route_L_proto_align": 0.0, "fpem/env_route_entropy": 0.0, "fpem/env_route_q_max_mean": 0.0, "fpem/hyper_alpha_mean": 0.0, "fpem/hyper_delta_norm": 0.0, "fpem/hyper_route_proto_mode_uniform_warmup": 0.0, "fpem/hyper_route_proto_mode_uniform_fixed": 0.0, "fpem/hyper_route_proto_mode_sinkhorn": 0.0, "fpem/hyper_route_proto_mode_softmax": 0.0, "fpem/fallback_q_mean": 0.0, "fpem/fallback_q_max": 0.0, "fpem/env_q_sum_mean": 1.0, "fpem/oracle_fallback_rate": 0.0, "fpem/route_count_fallback": 0.0, "fpem/env_route_head_mode": 1.0, "fpem/route_entropy_mean": 0.0, "fpem/route_mean_distribution_entropy": 0.0, "fpem/effective_expert_number": 1.0, "fpem/max_expert_usage_ratio": 0.0, "fpem/min_expert_usage_ratio": 0.0, "fpem/prototype_pairwise_cosine": 0.0, "fpem/expert_prediction_pairwise_cosine": 0.0, "fpem/expert_collapse_warning": 0.0, "fpem/env_route_target_mode_env_prototype": 0.0, "fpem/env_route_target_mode_hybrid": 0.0, "fpem/env_route_hybrid_alpha": 0.0, "fpem/env_route_train_mode_warmup_risk_sinkhorn": 0.0, "fpem/warmup_risk_stage_warmup": 0.0, "fpem/warmup_risk_stage_soft": 0.0, "fpem/warmup_risk_stage_hard": 0.0, "fpem/warmup_risk_selected_loss": 0.0, "fpem/warmup_risk_uniform_common_loss": 0.0, "fpem/warmup_risk_lambda_common": 0.0, "fpem/warmup_risk_total_common_term": 0.0, "fpem/warmup_risk_temperature": 0.0, "fpem/warmup_risk_temperature_progress": 0.0, "fpem/uniform_expert_mae": 0.0, "fpem/risk_routed_mae": 0.0, "fpem/risk_prediction_mae": 0.0, "fpem/risk_loss": 0.0, "fpem/risk_ranking_loss": 0.0, "fpem/risk_ranking_accuracy": 0.0, "fpem/risk_oracle_argmin_accuracy": 0.0, "fpem/risk_router_temperature": 0.0, "fpem/risk_router_lambda": 0.0, "fpem/risk_router_pairwise_lambda": 0.0, "fpem/env_route_train_mode_progressive_gmm_environment": 0.0, "fpem/top_level_prediction_source_progressive_gmm_teacher_hard": 0.0, "fpem/progressive_assignment_uses_target_or_prediction_error": 0.0, "fpem/progressive_partition_ready": 0.0, "fpem/progressive_selected_k": 0.0, "fpem/progressive_active_expert_count": 0.0, "fpem/progressive_last_partition_epoch": 0.0, "fpem/progressive_lambda_common": 0.0, "fpem/progressive_common_term": 0.0, "fpem/progressive_compactness_loss": 0.0, "fpem/progressive_consistency_loss": 0.0, "fpem/progressive_cluster_entropy": 0.0, "fpem/progressive_assignment_change_ratio": 0.0, "fpem/progressive_hungarian_overlap_score": 0.0, "fpem/progressive_partition_update_time_sec": 0.0, "fpem/progressive_routed_mae": 0.0, "fpem/progressive_gmm_environment_total_replaces_primary": 0.0, "fpem/env_route_count_head_0": 16.0, "fpem/env_route_oracle_count_head_0": 16.0, "fpem/route_count_env_head_0": 16.0, "fpem/route_soft_mean_expert_0": 1.0, "fpem/route_hard_count_expert_0": 16.0, "fpem/hard_count_expert_0": 16.0, "fpem/sinkhorn_soft_col_mass_expert_0": 0.0, "fpem/progressive_active_expert_0": 0.0, "fpem/progressive_cluster_size_0": 0.0, "fpem/progressive_cluster_ratio_0": 0.0, "fpem/progressive_cluster_to_expert_0": 0.0, "fpem/progressive_bic_k1": 0.0, "fpem/progressive_bic_score_k1": 0.0, "fpem/progressive_bic_rejected_k1": 0.0, "fpem/hyper_alpha_head_0": 0.0, "fpem/hyper_gamma_norm_head_0": 0.0, "fpem/hyper_beta_norm_head_0": 0.0, "fpem/expert_cross_mae_group_0_expert_0": 9.429748648688907, "fpem/load_expert_loss": 9.429748648688907, "fpem/conservative_override_router_loss": 0.32739104621467136, "fpem/hard_router_loss": 0.32739104621467136, "fpem/load_level_assignment_detached": 1.0, "fpem/load_level_count_0": 1680.0, "fpem/load_level_ratio_0": 1.0, "fpem/expert_0_global_loss": 9.429748648688907, "fpem/expert_0_selected_loss": 9.429748648688907, "fpem/conservative_all_environment_mae": 9.429748648688907, "fpem/conservative_all_invariant_mae": 9.662237517038982, "fpem/conservative_selective_hard_routing_mae": 9.429748648688907, "fpem/conservative_oracle_mae": 9.371232146308536, "fpem/conservative_router_accuracy": 0.7416666666666667, "fpem/conservative_router_balanced_accuracy": 0.5047619047619047, "fpem/conservative_invariant_switch_coverage": 0.0, "fpem/conservative_invariant_switch_precision": 0.0, "fpem/conservative_correct_beneficial_switches": 0.0, "fpem/conservative_harmful_invariant_switches": 0.0, "fpem/conservative_saved_loss_from_correct_switches": 0.0, "fpem/conservative_added_loss_from_harmful_switches": 0.0, "fpem/conservative_net_routing_gain": 0.0, "fpem/conservative_oracle_gap_closed": 0.0, "fpem/conservative_selected_threshold": 0.5, "fpem/conservative_selected_margin": 0.0, "fpem/conservative_delta_mean": -0.2324888622476941, "fpem/conservative_delta_positive_ratio": 0.25833333333333336, "fpem/conservative_target_inv_ratio": 0.25833333333333336, "fpem/conservative_p_inv_mean": 0.0883208090705531, "fpem/conservative_p_inv_min": 0.05422192586674577, "fpem/conservative_p_inv_max": 0.15023982908044542, "fpem/conservative_prediction_is_hard_route": 1.0, "fpem/conservative_prediction_is_soft_fusion": 0.0, "fpem/conservative_router_target_detached": 1.0, "fpem/conservative_delta_detached": 1.0, "fpem/conservative_harmful_switch_weight": 2.0, "fpem/hard_router_predicted_env_ratio": 1.0, "fpem/hard_router_effective_env_ratio": 1.0, "fpem/hard_router_target_env_ratio": 0.7416666666666667, "fpem/hard_router_gain_mean": -0.2324888622476941, "fpem/hard_router_margin_mean": 0.0, "fpem/conservative_router_supervision_enabled": 1.0, "fpem/conservative_router_weight_mean": 0.9999999892143976, "fpem/conservative_router_weight_min": 0.061329939184153255, "fpem/conservative_router_weight_max": 3.145810574576968, "fpem/expert_prediction_pairwise_difference": 0.0, "fpem/delta_pairwise_cosine": 0.0, "fpem/delta_pairwise_l1": 0.0, "fpem/delta_pairwise_l2": 0.0, "fpem/expert_0_parameter_norm": 14.916705086117698, "fpem/hard_binary_router_enabled": 1.0, "fpem/hard_router_uses_target_in_forward": 0.0, "fpem/stored_future_c_loaded": 0.0, "fpem/prediction_is_weighted_complete_fusion": 0.0, "fpem/prediction_is_hard_route": 1.0, "fpem/conservative_inv_override_enabled": 1.0, "fpem/conservative_router_features_detached": 1.0, "fpem/future_mi_loss": 0.0, "fpem/future_mi_valid": 0.0, "fpem/future_mi_logvar_mean": 0.0, "fpem/future_mi_target_mode_env_encoder": 0.0, "fpem/swap_loss": 0.0, "fpem/swap_diff_loss": 0.0, "fpem/swap_same_loss": 0.0, "fpem/swap_gain_mean": 0.0, "fpem/swap_s_gain_mean": 0.0, "fpem/swap_fallback_router_loss": 0.0, "fpem/swap_fallback_q_mean": 0.0, "fpem/swap_prediction_delta": 0.0, "fpem/swap_route_delta": 0.0, "fpem/swap_hyper_alpha_delta": 0.0, "fpem/swap_hyper_delta_norm": 0.0, "fpem/loss_env_day": 0.0, "fpem/loss_env_hour": 0.0, "fpem/loss_env_rush": 0.0, "fpem/env_day_acc": 0.0, "fpem/env_hour_acc": 0.0, "fpem/env_rush_acc": 0.0, "fpem/loss_env_supcon": 0.0, "fpem/env_supcon_valid_pairs": 0.0, "fpem/loss_inv_env_adv": 0.0, "fpem/inv_day_acc": 0.0, "fpem/inv_hour_acc": 0.0, "fpem/inv_rush_acc": 0.0, "fpem/loss_cross_cov_sep": 0.0, "fpem/load_level_experts_enabled": 1.0, "fpem/load_level_uses_target_or_future_load": 0.0, "fpem/environment_gate_uses_target_in_forward": 0.0, "fpem/load_level_env_residual_scale": 0.0, "fpem/uses_cached_observable_load_prior": 1.0, "fpem/primary_loss": 9.016324261256626, "fpem/inv_pred_loss": 9.217222127460298, "fpem/primary_uses_route": 1.0, "fpem/primary_uses_env_fusion": 0.0, "fpem/backbone_agcrn": 1.0, "fpem/backbone_graphwavenet": 0.0, "fpem/backbone_staeformer": 0.0, "fpem/gc_pred_loss_only": 1.0, "fpem/env_route_head_mode_hyper_proto": 1.0, "fpem/fpem_force_uniform_route": 0.0, "fpem/hard_prediction_sinkhorn_total_replaces_primary": 0.0, "fpem/hard_prediction_environment_sinkhorn_total_replaces_primary": 0.0, "fpem/warmup_risk_sinkhorn_total_replaces_primary": 0.0, "fpem/lambda_club_mi": 0.0}, "conservative_override_threshold_selection": {"split": "val", "threshold": 0.5, "margin": 0.0, "mae": 11.581117630004883, "loss": 11.802856233384874, "mape": 0.1934603899717331, "confirmed_result": {"loss": 11.802856233384874, "mae": 11.581117630004883, "mape": 0.1934603899717331}}}
CONSERVATIVE_OVERRIDE_THRESHOLD_SELECTION {"split": "val", "threshold": 0.5, "margin": 0.0, "mae": 11.70352554321289, "loss": 11.910214768515694, "mape": 0.18190282583236694, "confirmed_result": {"loss": 11.910214768515694, "mae": 11.70352554321289, "mape": 0.18190282583236694}}
EPOCH {"epoch": 27, "train_loss": 11.234015437534877, "val": {"loss": 11.910214768515694, "mae": 11.70352554321289, "mape": 0.18190282583236694}, "test_mixed": {"loss": 10.735107231140137, "mae": 10.702887535095215, "mape": 0.16905304789543152}, "test_workday": {"loss": 10.60877737791642, "mae": 10.612229347229004, "mape": 0.16920870542526245}, "test_holiday": {"loss": 10.944135348002115, "mae": 10.860101699829102, "mape": 0.16878315806388855}, "test_avg_mae": 10.736165523529053, "best_selection_value": 10.736165523529053, "best_selection_split": "test_avg_DIAGNOSTIC", "best_selection_metric": "test_avg_mae", "lr": 0.001, "fpem_logs": {"fpem/fpem_env_use_exogenous": 1.0, "fpem/env_exogenous_available": 1.0, "fpem/env_exogenous_time_available": 1.0, "fpem/env_exogenous_load_available": 1.0, "fpem/env_exogenous_feature_dim": 32.0, "fpem/env_exogenous_embedding_norm": 2.7518523193541027, "fpem/env_exogenous_load_embedding_norm": 1.9541387614749728, "fpem/env_rep_ablation_normal": 1.0, "fpem/env_rep_ablation_zero": 0.0, "fpem/env_rep_ablation_shuffle_batch": 0.0, "fpem/env_rep_ablation_mode_id": 0.0, "fpem/mask_loss": 0.0, "fpem/mask_sparse_loss": 0.0, "fpem/mask_entropy_loss": 0.0, "fpem/mask_mean": 1.0, "fpem/mask_entropy": 0.0, "fpem/mask_active_ratio": 1.0, "fpem/fusion_alpha_mean": 0.0, "fpem/fusion_alpha_std": 0.0, "fpem/fusion_alpha_min": 0.0, "fpem/fusion_alpha_max": 0.0, "fpem/env_route_loss": 2.212255226998102, "fpem/env_route_L_final": 9.025079322996593, "fpem/env_route_L_global": 0.0, "fpem/env_route_L_route_soft": 0.0, "fpem/env_route_L_expert": 9.433902531578427, "fpem/env_route_L_router_oracle": 0.32547469366164433, "fpem/env_route_L_balance": 0.0, "fpem/env_route_L_diverse": 0.0, "fpem/env_route_L_proto_align": 0.0, "fpem/env_route_entropy": 0.0, "fpem/env_route_q_max_mean": 0.0, "fpem/hyper_alpha_mean": 0.0, "fpem/hyper_delta_norm": 0.0, "fpem/hyper_route_proto_mode_uniform_warmup": 0.0, "fpem/hyper_route_proto_mode_uniform_fixed": 0.0, "fpem/hyper_route_proto_mode_sinkhorn": 0.0, "fpem/hyper_route_proto_mode_softmax": 0.0, "fpem/fallback_q_mean": 0.0, "fpem/fallback_q_max": 0.0, "fpem/env_q_sum_mean": 1.0, "fpem/oracle_fallback_rate": 0.0, "fpem/route_count_fallback": 0.0, "fpem/env_route_head_mode": 1.0, "fpem/route_entropy_mean": 0.0, "fpem/route_mean_distribution_entropy": 0.0, "fpem/effective_expert_number": 1.0, "fpem/max_expert_usage_ratio": 0.0, "fpem/min_expert_usage_ratio": 0.0, "fpem/prototype_pairwise_cosine": 0.0, "fpem/expert_prediction_pairwise_cosine": 0.0, "fpem/expert_collapse_warning": 0.0, "fpem/env_route_target_mode_env_prototype": 0.0, "fpem/env_route_target_mode_hybrid": 0.0, "fpem/env_route_hybrid_alpha": 0.0, "fpem/env_route_train_mode_warmup_risk_sinkhorn": 0.0, "fpem/warmup_risk_stage_warmup": 0.0, "fpem/warmup_risk_stage_soft": 0.0, "fpem/warmup_risk_stage_hard": 0.0, "fpem/warmup_risk_selected_loss": 0.0, "fpem/warmup_risk_uniform_common_loss": 0.0, "fpem/warmup_risk_lambda_common": 0.0, "fpem/warmup_risk_total_common_term": 0.0, "fpem/warmup_risk_temperature": 0.0, "fpem/warmup_risk_temperature_progress": 0.0, "fpem/uniform_expert_mae": 0.0, "fpem/risk_routed_mae": 0.0, "fpem/risk_prediction_mae": 0.0, "fpem/risk_loss": 0.0, "fpem/risk_ranking_loss": 0.0, "fpem/risk_ranking_accuracy": 0.0, "fpem/risk_oracle_argmin_accuracy": 0.0, "fpem/risk_router_temperature": 0.0, "fpem/risk_router_lambda": 0.0, "fpem/risk_router_pairwise_lambda": 0.0, "fpem/env_route_train_mode_progressive_gmm_environment": 0.0, "fpem/top_level_prediction_source_progressive_gmm_teacher_hard": 0.0, "fpem/progressive_assignment_uses_target_or_prediction_error": 0.0, "fpem/progressive_partition_ready": 0.0, "fpem/progressive_selected_k": 0.0, "fpem/progressive_active_expert_count": 0.0, "fpem/progressive_last_partition_epoch": 0.0, "fpem/progressive_lambda_common": 0.0, "fpem/progressive_common_term": 0.0, "fpem/progressive_compactness_loss": 0.0, "fpem/progressive_consistency_loss": 0.0, "fpem/progressive_cluster_entropy": 0.0, "fpem/progressive_assignment_change_ratio": 0.0, "fpem/progressive_hungarian_overlap_score": 0.0, "fpem/progressive_partition_update_time_sec": 0.0, "fpem/progressive_routed_mae": 0.0, "fpem/progressive_gmm_environment_total_replaces_primary": 0.0, "fpem/env_route_count_head_0": 16.0, "fpem/env_route_oracle_count_head_0": 16.0, "fpem/route_count_env_head_0": 16.0, "fpem/route_soft_mean_expert_0": 1.0, "fpem/route_hard_count_expert_0": 16.0, "fpem/hard_count_expert_0": 16.0, "fpem/sinkhorn_soft_col_mass_expert_0": 0.0, "fpem/progressive_active_expert_0": 0.0, "fpem/progressive_cluster_size_0": 0.0, "fpem/progressive_cluster_ratio_0": 0.0, "fpem/progressive_cluster_to_expert_0": 0.0, "fpem/progressive_bic_k1": 0.0, "fpem/progressive_bic_score_k1": 0.0, "fpem/progressive_bic_rejected_k1": 0.0, "fpem/hyper_alpha_head_0": 0.0, "fpem/hyper_gamma_norm_head_0": 0.0, "fpem/hyper_beta_norm_head_0": 0.0, "fpem/expert_cross_mae_group_0_expert_0": 9.433902531578427, "fpem/load_expert_loss": 9.433902531578427, "fpem/conservative_override_router_loss": 0.32547469366164433, "fpem/hard_router_loss": 0.32547469366164433, "fpem/load_level_assignment_detached": 1.0, "fpem/load_level_count_0": 1680.0, "fpem/load_level_ratio_0": 1.0, "fpem/expert_0_global_loss": 9.433902531578427, "fpem/expert_0_selected_loss": 9.433902531578427, "fpem/conservative_all_environment_mae": 9.433902531578427, "fpem/conservative_all_invariant_mae": 9.662237462543306, "fpem/conservative_selective_hard_routing_mae": 9.433902531578427, "fpem/conservative_oracle_mae": 9.373654615311395, "fpem/conservative_router_accuracy": 0.7392857142857143, "fpem/conservative_router_balanced_accuracy": 0.5, "fpem/conservative_invariant_switch_coverage": 0.0, "fpem/conservative_invariant_switch_precision": 0.0, "fpem/conservative_correct_beneficial_switches": 0.0, "fpem/conservative_harmful_invariant_switches": 0.0, "fpem/conservative_saved_loss_from_correct_switches": 0.0, "fpem/conservative_added_loss_from_harmful_switches": 0.0, "fpem/conservative_net_routing_gain": 0.0, "fpem/conservative_oracle_gap_closed": 0.0, "fpem/conservative_selected_threshold": 0.5, "fpem/conservative_selected_margin": 0.0, "fpem/conservative_delta_mean": -0.2283349261397407, "fpem/conservative_delta_positive_ratio": 0.26071428571428573, "fpem/conservative_target_inv_ratio": 0.26071428571428573, "fpem/conservative_p_inv_mean": 0.09000262880609149, "fpem/conservative_p_inv_min": 0.05446329127464976, "fpem/conservative_p_inv_max": 0.1514562970825604, "fpem/conservative_prediction_is_hard_route": 1.0, "fpem/conservative_prediction_is_soft_fusion": 0.0, "fpem/conservative_router_target_detached": 1.0, "fpem/conservative_delta_detached": 1.0, "fpem/conservative_harmful_switch_weight": 2.0, "fpem/hard_router_predicted_env_ratio": 1.0, "fpem/hard_router_effective_env_ratio": 1.0, "fpem/hard_router_target_env_ratio": 0.7392857142857143, "fpem/hard_router_gain_mean": -0.2283349261397407, "fpem/hard_router_margin_mean": 0.0, "fpem/conservative_router_supervision_enabled": 1.0, "fpem/conservative_router_weight_mean": 0.9999999914850507, "fpem/conservative_router_weight_min": 0.07153391794279396, "fpem/conservative_router_weight_max": 2.9558969860985167, "fpem/expert_prediction_pairwise_difference": 0.0, "fpem/delta_pairwise_cosine": 0.0, "fpem/delta_pairwise_l1": 0.0, "fpem/delta_pairwise_l2": 0.0, "fpem/expert_0_parameter_norm": 14.922455160958426, "fpem/hard_binary_router_enabled": 1.0, "fpem/hard_router_uses_target_in_forward": 0.0, "fpem/stored_future_c_loaded": 0.0, "fpem/prediction_is_weighted_complete_fusion": 0.0, "fpem/prediction_is_hard_route": 1.0, "fpem/conservative_inv_override_enabled": 1.0, "fpem/conservative_router_features_detached": 1.0, "fpem/future_mi_loss": 0.0, "fpem/future_mi_valid": 0.0, "fpem/future_mi_logvar_mean": 0.0, "fpem/future_mi_target_mode_env_encoder": 0.0, "fpem/swap_loss": 0.0, "fpem/swap_diff_loss": 0.0, "fpem/swap_same_loss": 0.0, "fpem/swap_gain_mean": 0.0, "fpem/swap_s_gain_mean": 0.0, "fpem/swap_fallback_router_loss": 0.0, "fpem/swap_fallback_q_mean": 0.0, "fpem/swap_prediction_delta": 0.0, "fpem/swap_route_delta": 0.0, "fpem/swap_hyper_alpha_delta": 0.0, "fpem/swap_hyper_delta_norm": 0.0, "fpem/loss_env_day": 0.0, "fpem/loss_env_hour": 0.0, "fpem/loss_env_rush": 0.0, "fpem/env_day_acc": 0.0, "fpem/env_hour_acc": 0.0, "fpem/env_rush_acc": 0.0, "fpem/loss_env_supcon": 0.0, "fpem/env_supcon_valid_pairs": 0.0, "fpem/loss_inv_env_adv": 0.0, "fpem/inv_day_acc": 0.0, "fpem/inv_hour_acc": 0.0, "fpem/inv_rush_acc": 0.0, "fpem/loss_cross_cov_sep": 0.0, "fpem/load_level_experts_enabled": 1.0, "fpem/load_level_uses_target_or_future_load": 0.0, "fpem/environment_gate_uses_target_in_forward": 0.0, "fpem/load_level_env_residual_scale": 0.0, "fpem/uses_cached_observable_load_prior": 1.0, "fpem/primary_loss": 9.025079322996593, "fpem/inv_pred_loss": 9.218105756668818, "fpem/primary_uses_route": 1.0, "fpem/primary_uses_env_fusion": 0.0, "fpem/backbone_agcrn": 1.0, "fpem/backbone_graphwavenet": 0.0, "fpem/backbone_staeformer": 0.0, "fpem/gc_pred_loss_only": 1.0, "fpem/env_route_head_mode_hyper_proto": 1.0, "fpem/fpem_force_uniform_route": 0.0, "fpem/hard_prediction_sinkhorn_total_replaces_primary": 0.0, "fpem/hard_prediction_environment_sinkhorn_total_replaces_primary": 0.0, "fpem/warmup_risk_sinkhorn_total_replaces_primary": 0.0, "fpem/lambda_club_mi": 0.0}, "conservative_override_threshold_selection": {"split": "val", "threshold": 0.5, "margin": 0.0, "mae": 11.70352554321289, "loss": 11.910214768515694, "mape": 0.18190282583236694, "confirmed_result": {"loss": 11.910214768515694, "mae": 11.70352554321289, "mape": 0.18190282583236694}}}
CONSERVATIVE_OVERRIDE_THRESHOLD_SELECTION {"split": "val", "threshold": 0.5, "margin": 0.0, "mae": 11.605183601379395, "loss": 11.82158194647895, "mape": 0.18567854166030884, "confirmed_result": {"loss": 11.82158194647895, "mae": 11.605183601379395, "mape": 0.18567854166030884}}
EPOCH {"epoch": 28, "train_loss": 11.227725337800525, "val": {"loss": 11.82158194647895, "mae": 11.605183601379395, "mape": 0.18567854166030884}, "test_mixed": {"loss": 10.610010964529854, "mae": 10.599235534667969, "mape": 0.1711367815732956}, "test_workday": {"loss": 10.489328778308371, "mae": 10.514501571655273, "mape": 0.17196117341518402}, "test_holiday": {"loss": 10.808824261029562, "mae": 10.746174812316895, "mape": 0.16970717906951904}, "test_avg_mae": 10.630338191986084, "best_selection_value": 10.630338191986084, "best_selection_split": "test_avg_DIAGNOSTIC", "best_selection_metric": "test_avg_mae", "lr": 0.001, "fpem_logs": {"fpem/fpem_env_use_exogenous": 1.0, "fpem/env_exogenous_available": 1.0, "fpem/env_exogenous_time_available": 1.0, "fpem/env_exogenous_load_available": 1.0, "fpem/env_exogenous_feature_dim": 32.0, "fpem/env_exogenous_embedding_norm": 2.757544197354998, "fpem/env_exogenous_load_embedding_norm": 1.955516945748102, "fpem/env_rep_ablation_normal": 1.0, "fpem/env_rep_ablation_zero": 0.0, "fpem/env_rep_ablation_shuffle_batch": 0.0, "fpem/env_rep_ablation_mode_id": 0.0, "fpem/mask_loss": 0.0, "fpem/mask_sparse_loss": 0.0, "fpem/mask_entropy_loss": 0.0, "fpem/mask_mean": 1.0, "fpem/mask_entropy": 0.0, "fpem/mask_active_ratio": 1.0, "fpem/fusion_alpha_mean": 0.0, "fpem/fusion_alpha_std": 0.0, "fpem/fusion_alpha_min": 0.0, "fpem/fusion_alpha_max": 0.0, "fpem/env_route_loss": 2.209927943774632, "fpem/env_route_L_final": 9.014141709463937, "fpem/env_route_L_global": 0.0, "fpem/env_route_L_route_soft": 0.0, "fpem/env_route_L_expert": 9.42658174151466, "fpem/env_route_L_router_oracle": 0.32461157015391756, "fpem/env_route_L_balance": 0.0, "fpem/env_route_L_diverse": 0.0, "fpem/env_route_L_proto_align": 0.0, "fpem/env_route_entropy": 0.0, "fpem/env_route_q_max_mean": 0.0, "fpem/hyper_alpha_mean": 0.0, "fpem/hyper_delta_norm": 0.0, "fpem/hyper_route_proto_mode_uniform_warmup": 0.0, "fpem/hyper_route_proto_mode_uniform_fixed": 0.0, "fpem/hyper_route_proto_mode_sinkhorn": 0.0, "fpem/hyper_route_proto_mode_softmax": 0.0, "fpem/fallback_q_mean": 0.0, "fpem/fallback_q_max": 0.0, "fpem/env_q_sum_mean": 1.0, "fpem/oracle_fallback_rate": 0.0, "fpem/route_count_fallback": 0.0, "fpem/env_route_head_mode": 1.0, "fpem/route_entropy_mean": 0.0, "fpem/route_mean_distribution_entropy": 0.0, "fpem/effective_expert_number": 1.0, "fpem/max_expert_usage_ratio": 0.0, "fpem/min_expert_usage_ratio": 0.0, "fpem/prototype_pairwise_cosine": 0.0, "fpem/expert_prediction_pairwise_cosine": 0.0, "fpem/expert_collapse_warning": 0.0, "fpem/env_route_target_mode_env_prototype": 0.0, "fpem/env_route_target_mode_hybrid": 0.0, "fpem/env_route_hybrid_alpha": 0.0, "fpem/env_route_train_mode_warmup_risk_sinkhorn": 0.0, "fpem/warmup_risk_stage_warmup": 0.0, "fpem/warmup_risk_stage_soft": 0.0, "fpem/warmup_risk_stage_hard": 0.0, "fpem/warmup_risk_selected_loss": 0.0, "fpem/warmup_risk_uniform_common_loss": 0.0, "fpem/warmup_risk_lambda_common": 0.0, "fpem/warmup_risk_total_common_term": 0.0, "fpem/warmup_risk_temperature": 0.0, "fpem/warmup_risk_temperature_progress": 0.0, "fpem/uniform_expert_mae": 0.0, "fpem/risk_routed_mae": 0.0, "fpem/risk_prediction_mae": 0.0, "fpem/risk_loss": 0.0, "fpem/risk_ranking_loss": 0.0, "fpem/risk_ranking_accuracy": 0.0, "fpem/risk_oracle_argmin_accuracy": 0.0, "fpem/risk_router_temperature": 0.0, "fpem/risk_router_lambda": 0.0, "fpem/risk_router_pairwise_lambda": 0.0, "fpem/env_route_train_mode_progressive_gmm_environment": 0.0, "fpem/top_level_prediction_source_progressive_gmm_teacher_hard": 0.0, "fpem/progressive_assignment_uses_target_or_prediction_error": 0.0, "fpem/progressive_partition_ready": 0.0, "fpem/progressive_selected_k": 0.0, "fpem/progressive_active_expert_count": 0.0, "fpem/progressive_last_partition_epoch": 0.0, "fpem/progressive_lambda_common": 0.0, "fpem/progressive_common_term": 0.0, "fpem/progressive_compactness_loss": 0.0, "fpem/progressive_consistency_loss": 0.0, "fpem/progressive_cluster_entropy": 0.0, "fpem/progressive_assignment_change_ratio": 0.0, "fpem/progressive_hungarian_overlap_score": 0.0, "fpem/progressive_partition_update_time_sec": 0.0, "fpem/progressive_routed_mae": 0.0, "fpem/progressive_gmm_environment_total_replaces_primary": 0.0, "fpem/env_route_count_head_0": 16.0, "fpem/env_route_oracle_count_head_0": 16.0, "fpem/route_count_env_head_0": 16.0, "fpem/route_soft_mean_expert_0": 1.0, "fpem/route_hard_count_expert_0": 16.0, "fpem/hard_count_expert_0": 16.0, "fpem/sinkhorn_soft_col_mass_expert_0": 0.0, "fpem/progressive_active_expert_0": 0.0, "fpem/progressive_cluster_size_0": 0.0, "fpem/progressive_cluster_ratio_0": 0.0, "fpem/progressive_cluster_to_expert_0": 0.0, "fpem/progressive_bic_k1": 0.0, "fpem/progressive_bic_score_k1": 0.0, "fpem/progressive_bic_rejected_k1": 0.0, "fpem/hyper_alpha_head_0": 0.0, "fpem/hyper_gamma_norm_head_0": 0.0, "fpem/hyper_beta_norm_head_0": 0.0, "fpem/expert_cross_mae_group_0_expert_0": 9.42658174151466, "fpem/load_expert_loss": 9.42658174151466, "fpem/conservative_override_router_loss": 0.32461157015391756, "fpem/hard_router_loss": 0.32461157015391756, "fpem/load_level_assignment_detached": 1.0, "fpem/load_level_count_0": 1680.0, "fpem/load_level_ratio_0": 1.0, "fpem/expert_0_global_loss": 9.42658174151466, "fpem/expert_0_selected_loss": 9.42658174151466, "fpem/conservative_all_environment_mae": 9.42658174151466, "fpem/conservative_all_invariant_mae": 9.662237462543306, "fpem/conservative_selective_hard_routing_mae": 9.42658174151466, "fpem/conservative_oracle_mae": 9.36645773024786, "fpem/conservative_router_accuracy": 0.7398809523809524, "fpem/conservative_router_balanced_accuracy": 0.5047619047619047, "fpem/conservative_invariant_switch_coverage": 0.0, "fpem/conservative_invariant_switch_precision": 0.0, "fpem/conservative_correct_beneficial_switches": 0.0, "fpem/conservative_harmful_invariant_switches": 0.0, "fpem/conservative_saved_loss_from_correct_switches": 0.0, "fpem/conservative_added_loss_from_harmful_switches": 0.0, "fpem/conservative_net_routing_gain": 0.0, "fpem/conservative_oracle_gap_closed": 0.0, "fpem/conservative_selected_threshold": 0.5, "fpem/conservative_selected_margin": 0.0, "fpem/conservative_delta_mean": -0.23565576644170852, "fpem/conservative_delta_positive_ratio": 0.26011904761904764, "fpem/conservative_target_inv_ratio": 0.26011904761904764, "fpem/conservative_p_inv_mean": 0.09391673420156751, "fpem/conservative_p_inv_min": 0.05770240975987344, "fpem/conservative_p_inv_max": 0.15598285084679014, "fpem/conservative_prediction_is_hard_route": 1.0, "fpem/conservative_prediction_is_soft_fusion": 0.0, "fpem/conservative_router_target_detached": 1.0, "fpem/conservative_delta_detached": 1.0, "fpem/conservative_harmful_switch_weight": 2.0, "fpem/hard_router_predicted_env_ratio": 1.0, "fpem/hard_router_effective_env_ratio": 1.0, "fpem/hard_router_target_env_ratio": 0.7398809523809524, "fpem/hard_router_gain_mean": -0.23565576644170852, "fpem/hard_router_margin_mean": 0.0, "fpem/conservative_router_supervision_enabled": 1.0, "fpem/conservative_router_weight_mean": 0.999999989782061, "fpem/conservative_router_weight_min": 0.05713615824934095, "fpem/conservative_router_weight_max": 3.0197431552977787, "fpem/expert_prediction_pairwise_difference": 0.0, "fpem/delta_pairwise_cosine": 0.0, "fpem/delta_pairwise_l1": 0.0, "fpem/delta_pairwise_l2": 0.0, "fpem/expert_0_parameter_norm": 14.926958320254371, "fpem/hard_binary_router_enabled": 1.0, "fpem/hard_router_uses_target_in_forward": 0.0, "fpem/stored_future_c_loaded": 0.0, "fpem/prediction_is_weighted_complete_fusion": 0.0, "fpem/prediction_is_hard_route": 1.0, "fpem/conservative_inv_override_enabled": 1.0, "fpem/conservative_router_features_detached": 1.0, "fpem/future_mi_loss": 0.0, "fpem/future_mi_valid": 0.0, "fpem/future_mi_logvar_mean": 0.0, "fpem/future_mi_target_mode_env_encoder": 0.0, "fpem/swap_loss": 0.0, "fpem/swap_diff_loss": 0.0, "fpem/swap_same_loss": 0.0, "fpem/swap_gain_mean": 0.0, "fpem/swap_s_gain_mean": 0.0, "fpem/swap_fallback_router_loss": 0.0, "fpem/swap_fallback_q_mean": 0.0, "fpem/swap_prediction_delta": 0.0, "fpem/swap_route_delta": 0.0, "fpem/swap_hyper_alpha_delta": 0.0, "fpem/swap_hyper_delta_norm": 0.0, "fpem/loss_env_day": 0.0, "fpem/loss_env_hour": 0.0, "fpem/loss_env_rush": 0.0, "fpem/env_day_acc": 0.0, "fpem/env_hour_acc": 0.0, "fpem/env_rush_acc": 0.0, "fpem/loss_env_supcon": 0.0, "fpem/env_supcon_valid_pairs": 0.0, "fpem/loss_inv_env_adv": 0.0, "fpem/inv_day_acc": 0.0, "fpem/inv_hour_acc": 0.0, "fpem/inv_rush_acc": 0.0, "fpem/loss_cross_cov_sep": 0.0, "fpem/load_level_experts_enabled": 1.0, "fpem/load_level_uses_target_or_future_load": 0.0, "fpem/environment_gate_uses_target_in_forward": 0.0, "fpem/load_level_env_residual_scale": 0.0, "fpem/uses_cached_observable_load_prior": 1.0, "fpem/primary_loss": 9.014141709463937, "fpem/inv_pred_loss": 9.22018015725272, "fpem/primary_uses_route": 1.0, "fpem/primary_uses_env_fusion": 0.0, "fpem/backbone_agcrn": 1.0, "fpem/backbone_graphwavenet": 0.0, "fpem/backbone_staeformer": 0.0, "fpem/gc_pred_loss_only": 1.0, "fpem/env_route_head_mode_hyper_proto": 1.0, "fpem/fpem_force_uniform_route": 0.0, "fpem/hard_prediction_sinkhorn_total_replaces_primary": 0.0, "fpem/hard_prediction_environment_sinkhorn_total_replaces_primary": 0.0, "fpem/warmup_risk_sinkhorn_total_replaces_primary": 0.0, "fpem/lambda_club_mi": 0.0}, "conservative_override_threshold_selection": {"split": "val", "threshold": 0.5, "margin": 0.0, "mae": 11.605183601379395, "loss": 11.82158194647895, "mape": 0.18567854166030884, "confirmed_result": {"loss": 11.82158194647895, "mae": 11.605183601379395, "mape": 0.18567854166030884}}}
CONSERVATIVE_OVERRIDE_THRESHOLD_SELECTION {"split": "val", "threshold": 0.5, "margin": 0.0, "mae": 11.642443656921387, "loss": 11.847847514682346, "mape": 0.18120738863945007, "confirmed_result": {"loss": 11.847847514682346, "mae": 11.642443656921387, "mape": 0.18120738863945007}}
EPOCH {"epoch": 29, "train_loss": 11.19547058287121, "val": {"loss": 11.847847514682346, "mae": 11.642443656921387, "mape": 0.18120738863945007}, "test_mixed": {"loss": 10.664869553702218, "mae": 10.640702247619629, "mape": 0.16750262677669525}, "test_workday": {"loss": 10.53434069260307, "mae": 10.545612335205078, "mape": 0.1674564778804779}, "test_holiday": {"loss": 10.881843328475952, "mae": 10.805598258972168, "mape": 0.1675826460123062}, "test_avg_mae": 10.675605297088623, "best_selection_value": 10.675605297088623, "best_selection_split": "test_avg_DIAGNOSTIC", "best_selection_metric": "test_avg_mae", "lr": 0.001, "fpem_logs": {"fpem/fpem_env_use_exogenous": 1.0, "fpem/env_exogenous_available": 1.0, "fpem/env_exogenous_time_available": 1.0, "fpem/env_exogenous_load_available": 1.0, "fpem/env_exogenous_feature_dim": 32.0, "fpem/env_exogenous_embedding_norm": 2.7625930513654438, "fpem/env_exogenous_load_embedding_norm": 1.954947204816909, "fpem/env_rep_ablation_normal": 1.0, "fpem/env_rep_ablation_zero": 0.0, "fpem/env_rep_ablation_shuffle_batch": 0.0, "fpem/env_rep_ablation_mode_id": 0.0, "fpem/mask_loss": 0.0, "fpem/mask_sparse_loss": 0.0, "fpem/mask_entropy_loss": 0.0, "fpem/mask_mean": 1.0, "fpem/mask_entropy": 0.0, "fpem/mask_active_ratio": 1.0, "fpem/fusion_alpha_mean": 0.0, "fpem/fusion_alpha_std": 0.0, "fpem/fusion_alpha_min": 0.0, "fpem/fusion_alpha_max": 0.0, "fpem/env_route_loss": 2.192723638670785, "fpem/env_route_L_final": 9.004805782863071, "fpem/env_route_L_global": 0.0, "fpem/env_route_L_route_soft": 0.0, "fpem/env_route_L_expert": 9.413282408033098, "fpem/env_route_L_router_oracle": 0.31006711962677186, "fpem/env_route_L_balance": 0.0, "fpem/env_route_L_diverse": 0.0, "fpem/env_route_L_proto_align": 0.0, "fpem/env_route_entropy": 0.0, "fpem/env_route_q_max_mean": 0.0, "fpem/hyper_alpha_mean": 0.0, "fpem/hyper_delta_norm": 0.0, "fpem/hyper_route_proto_mode_uniform_warmup": 0.0, "fpem/hyper_route_proto_mode_uniform_fixed": 0.0, "fpem/hyper_route_proto_mode_sinkhorn": 0.0, "fpem/hyper_route_proto_mode_softmax": 0.0, "fpem/fallback_q_mean": 0.0, "fpem/fallback_q_max": 0.0, "fpem/env_q_sum_mean": 1.0, "fpem/oracle_fallback_rate": 0.0, "fpem/route_count_fallback": 0.0, "fpem/env_route_head_mode": 1.0, "fpem/route_entropy_mean": 0.0, "fpem/route_mean_distribution_entropy": 0.0, "fpem/effective_expert_number": 1.0, "fpem/max_expert_usage_ratio": 0.0, "fpem/min_expert_usage_ratio": 0.0, "fpem/prototype_pairwise_cosine": 0.0, "fpem/expert_prediction_pairwise_cosine": 0.0, "fpem/expert_collapse_warning": 0.0, "fpem/env_route_target_mode_env_prototype": 0.0, "fpem/env_route_target_mode_hybrid": 0.0, "fpem/env_route_hybrid_alpha": 0.0, "fpem/env_route_train_mode_warmup_risk_sinkhorn": 0.0, "fpem/warmup_risk_stage_warmup": 0.0, "fpem/warmup_risk_stage_soft": 0.0, "fpem/warmup_risk_stage_hard": 0.0, "fpem/warmup_risk_selected_loss": 0.0, "fpem/warmup_risk_uniform_common_loss": 0.0, "fpem/warmup_risk_lambda_common": 0.0, "fpem/warmup_risk_total_common_term": 0.0, "fpem/warmup_risk_temperature": 0.0, "fpem/warmup_risk_temperature_progress": 0.0, "fpem/uniform_expert_mae": 0.0, "fpem/risk_routed_mae": 0.0, "fpem/risk_prediction_mae": 0.0, "fpem/risk_loss": 0.0, "fpem/risk_ranking_loss": 0.0, "fpem/risk_ranking_accuracy": 0.0, "fpem/risk_oracle_argmin_accuracy": 0.0, "fpem/risk_router_temperature": 0.0, "fpem/risk_router_lambda": 0.0, "fpem/risk_router_pairwise_lambda": 0.0, "fpem/env_route_train_mode_progressive_gmm_environment": 0.0, "fpem/top_level_prediction_source_progressive_gmm_teacher_hard": 0.0, "fpem/progressive_assignment_uses_target_or_prediction_error": 0.0, "fpem/progressive_partition_ready": 0.0, "fpem/progressive_selected_k": 0.0, "fpem/progressive_active_expert_count": 0.0, "fpem/progressive_last_partition_epoch": 0.0, "fpem/progressive_lambda_common": 0.0, "fpem/progressive_common_term": 0.0, "fpem/progressive_compactness_loss": 0.0, "fpem/progressive_consistency_loss": 0.0, "fpem/progressive_cluster_entropy": 0.0, "fpem/progressive_assignment_change_ratio": 0.0, "fpem/progressive_hungarian_overlap_score": 0.0, "fpem/progressive_partition_update_time_sec": 0.0, "fpem/progressive_routed_mae": 0.0, "fpem/progressive_gmm_environment_total_replaces_primary": 0.0, "fpem/env_route_count_head_0": 16.0, "fpem/env_route_oracle_count_head_0": 16.0, "fpem/route_count_env_head_0": 16.0, "fpem/route_soft_mean_expert_0": 1.0, "fpem/route_hard_count_expert_0": 16.0, "fpem/hard_count_expert_0": 16.0, "fpem/sinkhorn_soft_col_mass_expert_0": 0.0, "fpem/progressive_active_expert_0": 0.0, "fpem/progressive_cluster_size_0": 0.0, "fpem/progressive_cluster_ratio_0": 0.0, "fpem/progressive_cluster_to_expert_0": 0.0, "fpem/progressive_bic_k1": 0.0, "fpem/progressive_bic_score_k1": 0.0, "fpem/progressive_bic_rejected_k1": 0.0, "fpem/hyper_alpha_head_0": 0.0, "fpem/hyper_gamma_norm_head_0": 0.0, "fpem/hyper_beta_norm_head_0": 0.0, "fpem/expert_cross_mae_group_0_expert_0": 9.413282408033098, "fpem/load_expert_loss": 9.413282408033098, "fpem/conservative_override_router_loss": 0.31006711962677186, "fpem/hard_router_loss": 0.31006711962677186, "fpem/load_level_assignment_detached": 1.0, "fpem/load_level_count_0": 1680.0, "fpem/load_level_ratio_0": 1.0, "fpem/expert_0_global_loss": 9.413282408033098, "fpem/expert_0_selected_loss": 9.413282408033098, "fpem/conservative_all_environment_mae": 9.413282408033098, "fpem/conservative_all_invariant_mae": 9.6622375306629, "fpem/conservative_selective_hard_routing_mae": 9.413282408033098, "fpem/conservative_oracle_mae": 9.358569158826555, "fpem/conservative_router_accuracy": 0.7523809523809524, "fpem/conservative_router_balanced_accuracy": 0.5095238095238095, "fpem/conservative_invariant_switch_coverage": 0.0, "fpem/conservative_invariant_switch_precision": 0.0, "fpem/conservative_correct_beneficial_switches": 0.0, "fpem/conservative_harmful_invariant_switches": 0.0, "fpem/conservative_saved_loss_from_correct_switches": 0.0, "fpem/conservative_added_loss_from_harmful_switches": 0.0, "fpem/conservative_net_routing_gain": 0.0, "fpem/conservative_oracle_gap_closed": 0.0, "fpem/conservative_selected_threshold": 0.5, "fpem/conservative_selected_margin": 0.0, "fpem/conservative_delta_mean": -0.24895507650715964, "fpem/conservative_delta_positive_ratio": 0.24761904761904763, "fpem/conservative_target_inv_ratio": 0.24761904761904763, "fpem/conservative_p_inv_mean": 0.08897005975956009, "fpem/conservative_p_inv_min": 0.05276144414785362, "fpem/conservative_p_inv_max": 0.14504816219920202, "fpem/conservative_prediction_is_hard_route": 1.0, "fpem/conservative_prediction_is_soft_fusion": 0.0, "fpem/conservative_router_target_detached": 1.0, "fpem/conservative_delta_detached": 1.0, "fpem/conservative_harmful_switch_weight": 2.0, "fpem/hard_router_predicted_env_ratio": 1.0, "fpem/hard_router_effective_env_ratio": 1.0, "fpem/hard_router_target_env_ratio": 0.7523809523809524, "fpem/hard_router_gain_mean": -0.24895507650715964, "fpem/hard_router_margin_mean": 0.0, "fpem/conservative_router_supervision_enabled": 1.0, "fpem/conservative_router_weight_mean": 0.9999999914850507, "fpem/conservative_router_weight_min": 0.05385233004025871, "fpem/conservative_router_weight_max": 3.034225709097726, "fpem/expert_prediction_pairwise_difference": 0.0, "fpem/delta_pairwise_cosine": 0.0, "fpem/delta_pairwise_l1": 0.0, "fpem/delta_pairwise_l2": 0.0, "fpem/expert_0_parameter_norm": 14.927448617844355, "fpem/hard_binary_router_enabled": 1.0, "fpem/hard_router_uses_target_in_forward": 0.0, "fpem/stored_future_c_loaded": 0.0, "fpem/prediction_is_weighted_complete_fusion": 0.0, "fpem/prediction_is_hard_route": 1.0, "fpem/conservative_inv_override_enabled": 1.0, "fpem/conservative_router_features_detached": 1.0, "fpem/future_mi_loss": 0.0, "fpem/future_mi_valid": 0.0, "fpem/future_mi_logvar_mean": 0.0, "fpem/future_mi_target_mode_env_encoder": 0.0, "fpem/swap_loss": 0.0, "fpem/swap_diff_loss": 0.0, "fpem/swap_same_loss": 0.0, "fpem/swap_gain_mean": 0.0, "fpem/swap_s_gain_mean": 0.0, "fpem/swap_fallback_router_loss": 0.0, "fpem/swap_fallback_q_mean": 0.0, "fpem/swap_prediction_delta": 0.0, "fpem/swap_route_delta": 0.0, "fpem/swap_hyper_alpha_delta": 0.0, "fpem/swap_hyper_delta_norm": 0.0, "fpem/loss_env_day": 0.0, "fpem/loss_env_hour": 0.0, "fpem/loss_env_rush": 0.0, "fpem/env_day_acc": 0.0, "fpem/env_hour_acc": 0.0, "fpem/env_rush_acc": 0.0, "fpem/loss_env_supcon": 0.0, "fpem/env_supcon_valid_pairs": 0.0, "fpem/loss_inv_env_adv": 0.0, "fpem/inv_day_acc": 0.0, "fpem/inv_hour_acc": 0.0, "fpem/inv_rush_acc": 0.0, "fpem/loss_cross_cov_sep": 0.0, "fpem/load_level_experts_enabled": 1.0, "fpem/load_level_uses_target_or_future_load": 0.0, "fpem/environment_gate_uses_target_in_forward": 0.0, "fpem/load_level_env_residual_scale": 0.0, "fpem/uses_cached_observable_load_prior": 1.0, "fpem/primary_loss": 9.004805782863071, "fpem/inv_pred_loss": 9.223570592062813, "fpem/primary_uses_route": 1.0, "fpem/primary_uses_env_fusion": 0.0, "fpem/backbone_agcrn": 1.0, "fpem/backbone_graphwavenet": 0.0, "fpem/backbone_staeformer": 0.0, "fpem/gc_pred_loss_only": 1.0, "fpem/env_route_head_mode_hyper_proto": 1.0, "fpem/fpem_force_uniform_route": 0.0, "fpem/hard_prediction_sinkhorn_total_replaces_primary": 0.0, "fpem/hard_prediction_environment_sinkhorn_total_replaces_primary": 0.0, "fpem/warmup_risk_sinkhorn_total_replaces_primary": 0.0, "fpem/lambda_club_mi": 0.0}, "conservative_override_threshold_selection": {"split": "val", "threshold": 0.5, "margin": 0.0, "mae": 11.642443656921387, "loss": 11.847847514682346, "mape": 0.18120738863945007, "confirmed_result": {"loss": 11.847847514682346, "mae": 11.642443656921387, "mape": 0.18120738863945007}}}
CONSERVATIVE_OVERRIDE_THRESHOLD_SELECTION {"split": "val", "threshold": 0.5, "margin": 0.0, "mae": 11.590327262878418, "loss": 11.814674827787611, "mape": 0.18568111956119537, "confirmed_result": {"loss": 11.814674827787611, "mae": 11.590327262878418, "mape": 0.18568111956119537}}
EPOCH {"epoch": 30, "train_loss": 11.160381253560384, "val": {"loss": 11.814674827787611, "mae": 11.590327262878418, "mape": 0.18568111956119537}, "test_mixed": {"loss": 10.580325998578752, "mae": 10.567757606506348, "mape": 0.1707017421722412}, "test_workday": {"loss": 10.457473174385402, "mae": 10.481400489807129, "mape": 0.17142435908317566}, "test_holiday": {"loss": 10.782794038454691, "mae": 10.717508316040039, "mape": 0.1694486290216446}, "test_avg_mae": 10.599454402923584, "best_selection_value": 10.599454402923584, "best_selection_split": "test_avg_DIAGNOSTIC", "best_selection_metric": "test_avg_mae", "lr": 0.001, "fpem_logs": {"fpem/fpem_env_use_exogenous": 1.0, "fpem/env_exogenous_available": 1.0, "fpem/env_exogenous_time_available": 1.0, "fpem/env_exogenous_load_available": 1.0, "fpem/env_exogenous_feature_dim": 32.0, "fpem/env_exogenous_embedding_norm": 2.7652811504545665, "fpem/env_exogenous_load_embedding_norm": 1.958596710931687, "fpem/env_rep_ablation_normal": 1.0, "fpem/env_rep_ablation_zero": 0.0, "fpem/env_rep_ablation_shuffle_batch": 0.0, "fpem/env_rep_ablation_mode_id": 0.0, "fpem/mask_loss": 0.0, "fpem/mask_sparse_loss": 0.0, "fpem/mask_entropy_loss": 0.0, "fpem/mask_mean": 1.0, "fpem/mask_entropy": 0.0, "fpem/mask_active_ratio": 1.0, "fpem/fusion_alpha_mean": 0.0, "fpem/fusion_alpha_std": 0.0, "fpem/fusion_alpha_min": 0.0, "fpem/fusion_alpha_max": 0.0, "fpem/env_route_loss": 2.1581344059535437, "fpem/env_route_L_final": 8.993691244579496, "fpem/env_route_L_global": 0.0, "fpem/env_route_L_route_soft": 0.0, "fpem/env_route_L_expert": 9.405743880498976, "fpem/env_route_L_router_oracle": 0.27698559704281034, "fpem/env_route_L_balance": 0.0, "fpem/env_route_L_diverse": 0.0, "fpem/env_route_L_proto_align": 0.0, "fpem/env_route_entropy": 0.0, "fpem/env_route_q_max_mean": 0.0, "fpem/hyper_alpha_mean": 0.0, "fpem/hyper_delta_norm": 0.0, "fpem/hyper_route_proto_mode_uniform_warmup": 0.0, "fpem/hyper_route_proto_mode_uniform_fixed": 0.0, "fpem/hyper_route_proto_mode_sinkhorn": 0.0, "fpem/hyper_route_proto_mode_softmax": 0.0, "fpem/fallback_q_mean": 0.0, "fpem/fallback_q_max": 0.0, "fpem/env_q_sum_mean": 1.0, "fpem/oracle_fallback_rate": 0.0, "fpem/route_count_fallback": 0.0, "fpem/env_route_head_mode": 1.0, "fpem/route_entropy_mean": 0.0, "fpem/route_mean_distribution_entropy": 0.0, "fpem/effective_expert_number": 1.0, "fpem/max_expert_usage_ratio": 0.0, "fpem/min_expert_usage_ratio": 0.0, "fpem/prototype_pairwise_cosine": 0.0, "fpem/expert_prediction_pairwise_cosine": 0.0, "fpem/expert_collapse_warning": 0.0, "fpem/env_route_target_mode_env_prototype": 0.0, "fpem/env_route_target_mode_hybrid": 0.0, "fpem/env_route_hybrid_alpha": 0.0, "fpem/env_route_train_mode_warmup_risk_sinkhorn": 0.0, "fpem/warmup_risk_stage_warmup": 0.0, "fpem/warmup_risk_stage_soft": 0.0, "fpem/warmup_risk_stage_hard": 0.0, "fpem/warmup_risk_selected_loss": 0.0, "fpem/warmup_risk_uniform_common_loss": 0.0, "fpem/warmup_risk_lambda_common": 0.0, "fpem/warmup_risk_total_common_term": 0.0, "fpem/warmup_risk_temperature": 0.0, "fpem/warmup_risk_temperature_progress": 0.0, "fpem/uniform_expert_mae": 0.0, "fpem/risk_routed_mae": 0.0, "fpem/risk_prediction_mae": 0.0, "fpem/risk_loss": 0.0, "fpem/risk_ranking_loss": 0.0, "fpem/risk_ranking_accuracy": 0.0, "fpem/risk_oracle_argmin_accuracy": 0.0, "fpem/risk_router_temperature": 0.0, "fpem/risk_router_lambda": 0.0, "fpem/risk_router_pairwise_lambda": 0.0, "fpem/env_route_train_mode_progressive_gmm_environment": 0.0, "fpem/top_level_prediction_source_progressive_gmm_teacher_hard": 0.0, "fpem/progressive_assignment_uses_target_or_prediction_error": 0.0, "fpem/progressive_partition_ready": 0.0, "fpem/progressive_selected_k": 0.0, "fpem/progressive_active_expert_count": 0.0, "fpem/progressive_last_partition_epoch": 0.0, "fpem/progressive_lambda_common": 0.0, "fpem/progressive_common_term": 0.0, "fpem/progressive_compactness_loss": 0.0, "fpem/progressive_consistency_loss": 0.0, "fpem/progressive_cluster_entropy": 0.0, "fpem/progressive_assignment_change_ratio": 0.0, "fpem/progressive_hungarian_overlap_score": 0.0, "fpem/progressive_partition_update_time_sec": 0.0, "fpem/progressive_routed_mae": 0.0, "fpem/progressive_gmm_environment_total_replaces_primary": 0.0, "fpem/env_route_count_head_0": 16.0, "fpem/env_route_oracle_count_head_0": 16.0, "fpem/route_count_env_head_0": 16.0, "fpem/route_soft_mean_expert_0": 1.0, "fpem/route_hard_count_expert_0": 16.0, "fpem/hard_count_expert_0": 16.0, "fpem/sinkhorn_soft_col_mass_expert_0": 0.0, "fpem/progressive_active_expert_0": 0.0, "fpem/progressive_cluster_size_0": 0.0, "fpem/progressive_cluster_ratio_0": 0.0, "fpem/progressive_cluster_to_expert_0": 0.0, "fpem/progressive_bic_k1": 0.0, "fpem/progressive_bic_score_k1": 0.0, "fpem/progressive_bic_rejected_k1": 0.0, "fpem/hyper_alpha_head_0": 0.0, "fpem/hyper_gamma_norm_head_0": 0.0, "fpem/hyper_beta_norm_head_0": 0.0, "fpem/expert_cross_mae_group_0_expert_0": 9.405743880498976, "fpem/load_expert_loss": 9.405743880498976, "fpem/conservative_override_router_loss": 0.27698559704281034, "fpem/hard_router_loss": 0.27698559704281034, "fpem/load_level_assignment_detached": 1.0, "fpem/load_level_count_0": 1680.0, "fpem/load_level_ratio_0": 1.0, "fpem/expert_0_global_loss": 9.405743880498976, "fpem/expert_0_selected_loss": 9.405743880498976, "fpem/conservative_all_environment_mae": 9.405743880498976, "fpem/conservative_all_invariant_mae": 9.662237448919386, "fpem/conservative_selective_hard_routing_mae": 9.405743880498976, "fpem/conservative_oracle_mae": 9.355315580822172, "fpem/conservative_router_accuracy": 0.7625, "fpem/conservative_router_balanced_accuracy": 0.5142857142857142, "fpem/conservative_invariant_switch_coverage": 0.0, "fpem/conservative_invariant_switch_precision": 0.0, "fpem/conservative_correct_beneficial_switches": 0.0, "fpem/conservative_harmful_invariant_switches": 0.0, "fpem/conservative_saved_loss_from_correct_switches": 0.0, "fpem/conservative_added_loss_from_harmful_switches": 0.0, "fpem/conservative_net_routing_gain": 0.0, "fpem/conservative_oracle_gap_closed": 0.0, "fpem/conservative_selected_threshold": 0.5, "fpem/conservative_selected_margin": 0.0, "fpem/conservative_delta_mean": -0.2564935301031385, "fpem/conservative_delta_positive_ratio": 0.2375, "fpem/conservative_target_inv_ratio": 0.2375, "fpem/conservative_p_inv_mean": 0.07726029913340296, "fpem/conservative_p_inv_min": 0.04519816654778662, "fpem/conservative_p_inv_max": 0.13218552966912586, "fpem/conservative_prediction_is_hard_route": 1.0, "fpem/conservative_prediction_is_soft_fusion": 0.0, "fpem/conservative_router_target_detached": 1.0, "fpem/conservative_delta_detached": 1.0, "fpem/conservative_harmful_switch_weight": 2.0, "fpem/hard_router_predicted_env_ratio": 1.0, "fpem/hard_router_effective_env_ratio": 1.0, "fpem/hard_router_target_env_ratio": 0.7625, "fpem/hard_router_gain_mean": -0.2564935301031385, "fpem/hard_router_margin_mean": 0.0, "fpem/conservative_router_supervision_enabled": 1.0, "fpem/conservative_router_weight_mean": 0.9999999943233672, "fpem/conservative_router_weight_min": 0.05106640015798067, "fpem/conservative_router_weight_max": 2.9426285584767657, "fpem/expert_prediction_pairwise_difference": 0.0, "fpem/delta_pairwise_cosine": 0.0, "fpem/delta_pairwise_l1": 0.0, "fpem/delta_pairwise_l2": 0.0, "fpem/expert_0_parameter_norm": 14.927790369306292, "fpem/hard_binary_router_enabled": 1.0, "fpem/hard_router_uses_target_in_forward": 0.0, "fpem/stored_future_c_loaded": 0.0, "fpem/prediction_is_weighted_complete_fusion": 0.0, "fpem/prediction_is_hard_route": 1.0, "fpem/conservative_inv_override_enabled": 1.0, "fpem/conservative_router_features_detached": 1.0, "fpem/future_mi_loss": 0.0, "fpem/future_mi_valid": 0.0, "fpem/future_mi_logvar_mean": 0.0, "fpem/future_mi_target_mode_env_encoder": 0.0, "fpem/swap_loss": 0.0, "fpem/swap_diff_loss": 0.0, "fpem/swap_same_loss": 0.0, "fpem/swap_gain_mean": 0.0, "fpem/swap_s_gain_mean": 0.0, "fpem/swap_fallback_router_loss": 0.0, "fpem/swap_fallback_q_mean": 0.0, "fpem/swap_prediction_delta": 0.0, "fpem/swap_route_delta": 0.0, "fpem/swap_hyper_alpha_delta": 0.0, "fpem/swap_hyper_delta_norm": 0.0, "fpem/loss_env_day": 0.0, "fpem/loss_env_hour": 0.0, "fpem/loss_env_rush": 0.0, "fpem/env_day_acc": 0.0, "fpem/env_hour_acc": 0.0, "fpem/env_rush_acc": 0.0, "fpem/loss_env_supcon": 0.0, "fpem/env_supcon_valid_pairs": 0.0, "fpem/loss_inv_env_adv": 0.0, "fpem/inv_day_acc": 0.0, "fpem/inv_hour_acc": 0.0, "fpem/inv_rush_acc": 0.0, "fpem/loss_cross_cov_sep": 0.0, "fpem/load_level_experts_enabled": 1.0, "fpem/load_level_uses_target_or_future_load": 0.0, "fpem/environment_gate_uses_target_in_forward": 0.0, "fpem/load_level_env_residual_scale": 0.0, "fpem/uses_cached_observable_load_prior": 1.0, "fpem/primary_loss": 8.993691244579496, "fpem/inv_pred_loss": 9.219319797697521, "fpem/primary_uses_route": 1.0, "fpem/primary_uses_env_fusion": 0.0, "fpem/backbone_agcrn": 1.0, "fpem/backbone_graphwavenet": 0.0, "fpem/backbone_staeformer": 0.0, "fpem/gc_pred_loss_only": 1.0, "fpem/env_route_head_mode_hyper_proto": 1.0, "fpem/fpem_force_uniform_route": 0.0, "fpem/hard_prediction_sinkhorn_total_replaces_primary": 0.0, "fpem/hard_prediction_environment_sinkhorn_total_replaces_primary": 0.0, "fpem/warmup_risk_sinkhorn_total_replaces_primary": 0.0, "fpem/lambda_club_mi": 0.0}, "conservative_override_threshold_selection": {"split": "val", "threshold": 0.5, "margin": 0.0, "mae": 11.590327262878418, "loss": 11.814674827787611, "mape": 0.18568111956119537, "confirmed_result": {"loss": 11.814674827787611, "mae": 11.590327262878418, "mape": 0.18568111956119537}}}
CONSERVATIVE_OVERRIDE_THRESHOLD_SELECTION {"split": "val", "threshold": 0.5, "margin": 0.0, "mae": 11.654825210571289, "loss": 11.850758499569363, "mape": 0.18347503244876862, "confirmed_result": {"loss": 11.850758499569363, "mae": 11.654825210571289, "mape": 0.18347503244876862}}
EPOCH {"epoch": 31, "train_loss": 11.150090408325195, "val": {"loss": 11.850758499569363, "mae": 11.654825210571289, "mape": 0.18347503244876862}, "test_mixed": {"loss": 10.663676929473876, "mae": 10.662142753601074, "mape": 0.16981635987758636}, "test_workday": {"loss": 10.54867582735808, "mae": 10.583345413208008, "mape": 0.1708330661058426}, "test_holiday": {"loss": 10.851797183354696, "mae": 10.798786163330078, "mape": 0.1680532693862915}, "test_avg_mae": 10.691065788269043, "best_selection_value": 10.691065788269043, "best_selection_split": "test_avg_DIAGNOSTIC", "best_selection_metric": "test_avg_mae", "lr": 0.001, "fpem_logs": {"fpem/fpem_env_use_exogenous": 1.0, "fpem/env_exogenous_available": 1.0, "fpem/env_exogenous_time_available": 1.0, "fpem/env_exogenous_load_available": 1.0, "fpem/env_exogenous_feature_dim": 32.0, "fpem/env_exogenous_embedding_norm": 2.7683852286565873, "fpem/env_exogenous_load_embedding_norm": 1.958549802643912, "fpem/env_rep_ablation_normal": 1.0, "fpem/env_rep_ablation_zero": 0.0, "fpem/env_rep_ablation_shuffle_batch": 0.0, "fpem/env_rep_ablation_mode_id": 0.0, "fpem/mask_loss": 0.0, "fpem/mask_sparse_loss": 0.0, "fpem/mask_entropy_loss": 0.0, "fpem/mask_mean": 1.0, "fpem/mask_entropy": 0.0, "fpem/mask_active_ratio": 1.0, "fpem/fusion_alpha_mean": 0.0, "fpem/fusion_alpha_std": 0.0, "fpem/fusion_alpha_min": 0.0, "fpem/fusion_alpha_max": 0.0, "fpem/env_route_loss": 2.147094992228917, "fpem/env_route_L_final": 8.983109396979922, "fpem/env_route_L_global": 0.0, "fpem/env_route_L_route_soft": 0.0, "fpem/env_route_L_expert": 9.39611120223999, "fpem/env_route_L_router_oracle": 0.2678727215954236, "fpem/env_route_L_balance": 0.0, "fpem/env_route_L_diverse": 0.0, "fpem/env_route_L_proto_align": 0.0, "fpem/env_route_entropy": 0.0, "fpem/env_route_q_max_mean": 0.0, "fpem/hyper_alpha_mean": 0.0, "fpem/hyper_delta_norm": 0.0, "fpem/hyper_route_proto_mode_uniform_warmup": 0.0, "fpem/hyper_route_proto_mode_uniform_fixed": 0.0, "fpem/hyper_route_proto_mode_sinkhorn": 0.0, "fpem/hyper_route_proto_mode_softmax": 0.0, "fpem/fallback_q_mean": 0.0, "fpem/fallback_q_max": 0.0, "fpem/env_q_sum_mean": 1.0, "fpem/oracle_fallback_rate": 0.0, "fpem/route_count_fallback": 0.0, "fpem/env_route_head_mode": 1.0, "fpem/route_entropy_mean": 0.0, "fpem/route_mean_distribution_entropy": 0.0, "fpem/effective_expert_number": 1.0, "fpem/max_expert_usage_ratio": 0.0, "fpem/min_expert_usage_ratio": 0.0, "fpem/prototype_pairwise_cosine": 0.0, "fpem/expert_prediction_pairwise_cosine": 0.0, "fpem/expert_collapse_warning": 0.0, "fpem/env_route_target_mode_env_prototype": 0.0, "fpem/env_route_target_mode_hybrid": 0.0, "fpem/env_route_hybrid_alpha": 0.0, "fpem/env_route_train_mode_warmup_risk_sinkhorn": 0.0, "fpem/warmup_risk_stage_warmup": 0.0, "fpem/warmup_risk_stage_soft": 0.0, "fpem/warmup_risk_stage_hard": 0.0, "fpem/warmup_risk_selected_loss": 0.0, "fpem/warmup_risk_uniform_common_loss": 0.0, "fpem/warmup_risk_lambda_common": 0.0, "fpem/warmup_risk_total_common_term": 0.0, "fpem/warmup_risk_temperature": 0.0, "fpem/warmup_risk_temperature_progress": 0.0, "fpem/uniform_expert_mae": 0.0, "fpem/risk_routed_mae": 0.0, "fpem/risk_prediction_mae": 0.0, "fpem/risk_loss": 0.0, "fpem/risk_ranking_loss": 0.0, "fpem/risk_ranking_accuracy": 0.0, "fpem/risk_oracle_argmin_accuracy": 0.0, "fpem/risk_router_temperature": 0.0, "fpem/risk_router_lambda": 0.0, "fpem/risk_router_pairwise_lambda": 0.0, "fpem/env_route_train_mode_progressive_gmm_environment": 0.0, "fpem/top_level_prediction_source_progressive_gmm_teacher_hard": 0.0, "fpem/progressive_assignment_uses_target_or_prediction_error": 0.0, "fpem/progressive_partition_ready": 0.0, "fpem/progressive_selected_k": 0.0, "fpem/progressive_active_expert_count": 0.0, "fpem/progressive_last_partition_epoch": 0.0, "fpem/progressive_lambda_common": 0.0, "fpem/progressive_common_term": 0.0, "fpem/progressive_compactness_loss": 0.0, "fpem/progressive_consistency_loss": 0.0, "fpem/progressive_cluster_entropy": 0.0, "fpem/progressive_assignment_change_ratio": 0.0, "fpem/progressive_hungarian_overlap_score": 0.0, "fpem/progressive_partition_update_time_sec": 0.0, "fpem/progressive_routed_mae": 0.0, "fpem/progressive_gmm_environment_total_replaces_primary": 0.0, "fpem/env_route_count_head_0": 16.0, "fpem/env_route_oracle_count_head_0": 16.0, "fpem/route_count_env_head_0": 16.0, "fpem/route_soft_mean_expert_0": 1.0, "fpem/route_hard_count_expert_0": 16.0, "fpem/hard_count_expert_0": 16.0, "fpem/sinkhorn_soft_col_mass_expert_0": 0.0, "fpem/progressive_active_expert_0": 0.0, "fpem/progressive_cluster_size_0": 0.0, "fpem/progressive_cluster_ratio_0": 0.0, "fpem/progressive_cluster_to_expert_0": 0.0, "fpem/progressive_bic_k1": 0.0, "fpem/progressive_bic_score_k1": 0.0, "fpem/progressive_bic_rejected_k1": 0.0, "fpem/hyper_alpha_head_0": 0.0, "fpem/hyper_gamma_norm_head_0": 0.0, "fpem/hyper_beta_norm_head_0": 0.0, "fpem/expert_cross_mae_group_0_expert_0": 9.39611120223999, "fpem/load_expert_loss": 9.39611120223999, "fpem/conservative_override_router_loss": 0.2678727215954236, "fpem/hard_router_loss": 0.2678727215954236, "fpem/load_level_assignment_detached": 1.0, "fpem/load_level_count_0": 1680.0, "fpem/load_level_ratio_0": 1.0, "fpem/expert_0_global_loss": 9.39611120223999, "fpem/expert_0_selected_loss": 9.39611120223999, "fpem/conservative_all_environment_mae": 9.39611120223999, "fpem/conservative_all_invariant_mae": 9.662237489791144, "fpem/conservative_selective_hard_routing_mae": 9.39611120223999, "fpem/conservative_oracle_mae": 9.346090580168225, "fpem/conservative_router_accuracy": 0.7767857142857143, "fpem/conservative_router_balanced_accuracy": 0.5095238095238095, "fpem/conservative_invariant_switch_coverage": 0.0, "fpem/conservative_invariant_switch_precision": 0.0, "fpem/conservative_correct_beneficial_switches": 0.0, "fpem/conservative_harmful_invariant_switches": 0.0, "fpem/conservative_saved_loss_from_correct_switches": 0.0, "fpem/conservative_added_loss_from_harmful_switches": 0.0, "fpem/conservative_net_routing_gain": 0.0, "fpem/conservative_oracle_gap_closed": 0.0, "fpem/conservative_selected_threshold": 0.5, "fpem/conservative_selected_margin": 0.0, "fpem/conservative_delta_mean": -0.2661262815906888, "fpem/conservative_delta_positive_ratio": 0.22321428571428573, "fpem/conservative_target_inv_ratio": 0.22321428571428573, "fpem/conservative_p_inv_mean": 0.07587331533432007, "fpem/conservative_p_inv_min": 0.04287314049544789, "fpem/conservative_p_inv_max": 0.1322334390311014, "fpem/conservative_prediction_is_hard_route": 1.0, "fpem/conservative_prediction_is_soft_fusion": 0.0, "fpem/conservative_router_target_detached": 1.0, "fpem/conservative_delta_detached": 1.0, "fpem/conservative_harmful_switch_weight": 2.0, "fpem/hard_router_predicted_env_ratio": 1.0, "fpem/hard_router_effective_env_ratio": 1.0, "fpem/hard_router_target_env_ratio": 0.7767857142857143, "fpem/hard_router_gain_mean": -0.2661262815906888, "fpem/hard_router_margin_mean": 0.0, "fpem/conservative_router_supervision_enabled": 1.0, "fpem/conservative_router_weight_mean": 0.9999999903497242, "fpem/conservative_router_weight_min": 0.06594831710736755, "fpem/conservative_router_weight_max": 3.0491467657543363, "fpem/expert_prediction_pairwise_difference": 0.0, "fpem/delta_pairwise_cosine": 0.0, "fpem/delta_pairwise_l1": 0.0, "fpem/delta_pairwise_l2": 0.0, "fpem/expert_0_parameter_norm": 14.928444054013207, "fpem/hard_binary_router_enabled": 1.0, "fpem/hard_router_uses_target_in_forward": 0.0, "fpem/stored_future_c_loaded": 0.0, "fpem/prediction_is_weighted_complete_fusion": 0.0, "fpem/prediction_is_hard_route": 1.0, "fpem/conservative_inv_override_enabled": 1.0, "fpem/conservative_router_features_detached": 1.0, "fpem/future_mi_loss": 0.0, "fpem/future_mi_valid": 0.0, "fpem/future_mi_logvar_mean": 0.0, "fpem/future_mi_target_mode_env_encoder": 0.0, "fpem/swap_loss": 0.0, "fpem/swap_diff_loss": 0.0, "fpem/swap_same_loss": 0.0, "fpem/swap_gain_mean": 0.0, "fpem/swap_s_gain_mean": 0.0, "fpem/swap_fallback_router_loss": 0.0, "fpem/swap_fallback_q_mean": 0.0, "fpem/swap_prediction_delta": 0.0, "fpem/swap_route_delta": 0.0, "fpem/swap_hyper_alpha_delta": 0.0, "fpem/swap_hyper_delta_norm": 0.0, "fpem/loss_env_day": 0.0, "fpem/loss_env_hour": 0.0, "fpem/loss_env_rush": 0.0, "fpem/env_day_acc": 0.0, "fpem/env_hour_acc": 0.0, "fpem/env_rush_acc": 0.0, "fpem/loss_env_supcon": 0.0, "fpem/env_supcon_valid_pairs": 0.0, "fpem/loss_inv_env_adv": 0.0, "fpem/inv_day_acc": 0.0, "fpem/inv_hour_acc": 0.0, "fpem/inv_rush_acc": 0.0, "fpem/loss_cross_cov_sep": 0.0, "fpem/load_level_experts_enabled": 1.0, "fpem/load_level_uses_target_or_future_load": 0.0, "fpem/environment_gate_uses_target_in_forward": 0.0, "fpem/load_level_env_residual_scale": 0.0, "fpem/uses_cached_observable_load_prior": 1.0, "fpem/primary_loss": 8.983109396979922, "fpem/inv_pred_loss": 9.215816406976609, "fpem/primary_uses_route": 1.0, "fpem/primary_uses_env_fusion": 0.0, "fpem/backbone_agcrn": 1.0, "fpem/backbone_graphwavenet": 0.0, "fpem/backbone_staeformer": 0.0, "fpem/gc_pred_loss_only": 1.0, "fpem/env_route_head_mode_hyper_proto": 1.0, "fpem/fpem_force_uniform_route": 0.0, "fpem/hard_prediction_sinkhorn_total_replaces_primary": 0.0, "fpem/hard_prediction_environment_sinkhorn_total_replaces_primary": 0.0, "fpem/warmup_risk_sinkhorn_total_replaces_primary": 0.0, "fpem/lambda_club_mi": 0.0}, "conservative_override_threshold_selection": {"split": "val", "threshold": 0.5, "margin": 0.0, "mae": 11.654825210571289, "loss": 11.850758499569363, "mape": 0.18347503244876862, "confirmed_result": {"loss": 11.850758499569363, "mae": 11.654825210571289, "mape": 0.18347503244876862}}}
CONSERVATIVE_OVERRIDE_THRESHOLD_SELECTION {"split": "val", "threshold": 0.5, "margin": 0.0, "mae": 11.558371543884277, "loss": 11.76928867234124, "mape": 0.18198640644550323, "confirmed_result": {"loss": 11.76928867234124, "mae": 11.558371543884277, "mape": 0.18198640644550323}}
EPOCH {"epoch": 32, "train_loss": 11.168594551086425, "val": {"loss": 11.76928867234124, "mae": 11.558371543884277, "mape": 0.18198640644550323}, "test_mixed": {"loss": 10.551779311043875, "mae": 10.540306091308594, "mape": 0.16729779541492462}, "test_workday": {"loss": 10.42595336748206, "mae": 10.450809478759766, "mape": 0.16777007281780243}, "test_holiday": {"loss": 10.760098298390707, "mae": 10.695502281188965, "mape": 0.16647879779338837}, "test_avg_mae": 10.573155879974365, "best_selection_value": 10.573155879974365, "best_selection_split": "test_avg_DIAGNOSTIC", "best_selection_metric": "test_avg_mae", "lr": 0.001, "fpem_logs": {"fpem/fpem_env_use_exogenous": 1.0, "fpem/env_exogenous_available": 1.0, "fpem/env_exogenous_time_available": 1.0, "fpem/env_exogenous_load_available": 1.0, "fpem/env_exogenous_feature_dim": 32.0, "fpem/env_exogenous_embedding_norm": 2.772162612279256, "fpem/env_exogenous_load_embedding_norm": 1.9609323660532634, "fpem/env_rep_ablation_normal": 1.0, "fpem/env_rep_ablation_zero": 0.0, "fpem/env_rep_ablation_shuffle_batch": 0.0, "fpem/env_rep_ablation_mode_id": 0.0, "fpem/mask_loss": 0.0, "fpem/mask_sparse_loss": 0.0, "fpem/mask_entropy_loss": 0.0, "fpem/mask_mean": 1.0, "fpem/mask_entropy": 0.0, "fpem/mask_active_ratio": 1.0, "fpem/fusion_alpha_mean": 0.0, "fpem/fusion_alpha_std": 0.0, "fpem/fusion_alpha_min": 0.0, "fpem/fusion_alpha_max": 0.0, "fpem/env_route_loss": 2.162762725920904, "fpem/env_route_L_final": 9.001691845485142, "fpem/env_route_L_global": 0.0, "fpem/env_route_L_route_soft": 0.0, "fpem/env_route_L_expert": 9.407211984906878, "fpem/env_route_L_router_oracle": 0.2813202998467854, "fpem/env_route_L_balance": 0.0, "fpem/env_route_L_diverse": 0.0, "fpem/env_route_L_proto_align": 0.0, "fpem/env_route_entropy": 0.0, "fpem/env_route_q_max_mean": 0.0, "fpem/hyper_alpha_mean": 0.0, "fpem/hyper_delta_norm": 0.0, "fpem/hyper_route_proto_mode_uniform_warmup": 0.0, "fpem/hyper_route_proto_mode_uniform_fixed": 0.0, "fpem/hyper_route_proto_mode_sinkhorn": 0.0, "fpem/hyper_route_proto_mode_softmax": 0.0, "fpem/fallback_q_mean": 0.0, "fpem/fallback_q_max": 0.0, "fpem/env_q_sum_mean": 1.0, "fpem/oracle_fallback_rate": 0.0, "fpem/route_count_fallback": 0.0, "fpem/env_route_head_mode": 1.0, "fpem/route_entropy_mean": 0.0, "fpem/route_mean_distribution_entropy": 0.0, "fpem/effective_expert_number": 1.0, "fpem/max_expert_usage_ratio": 0.0, "fpem/min_expert_usage_ratio": 0.0, "fpem/prototype_pairwise_cosine": 0.0, "fpem/expert_prediction_pairwise_cosine": 0.0, "fpem/expert_collapse_warning": 0.0, "fpem/env_route_target_mode_env_prototype": 0.0, "fpem/env_route_target_mode_hybrid": 0.0, "fpem/env_route_hybrid_alpha": 0.0, "fpem/env_route_train_mode_warmup_risk_sinkhorn": 0.0, "fpem/warmup_risk_stage_warmup": 0.0, "fpem/warmup_risk_stage_soft": 0.0, "fpem/warmup_risk_stage_hard": 0.0, "fpem/warmup_risk_selected_loss": 0.0, "fpem/warmup_risk_uniform_common_loss": 0.0, "fpem/warmup_risk_lambda_common": 0.0, "fpem/warmup_risk_total_common_term": 0.0, "fpem/warmup_risk_temperature": 0.0, "fpem/warmup_risk_temperature_progress": 0.0, "fpem/uniform_expert_mae": 0.0, "fpem/risk_routed_mae": 0.0, "fpem/risk_prediction_mae": 0.0, "fpem/risk_loss": 0.0, "fpem/risk_ranking_loss": 0.0, "fpem/risk_ranking_accuracy": 0.0, "fpem/risk_oracle_argmin_accuracy": 0.0, "fpem/risk_router_temperature": 0.0, "fpem/risk_router_lambda": 0.0, "fpem/risk_router_pairwise_lambda": 0.0, "fpem/env_route_train_mode_progressive_gmm_environment": 0.0, "fpem/top_level_prediction_source_progressive_gmm_teacher_hard": 0.0, "fpem/progressive_assignment_uses_target_or_prediction_error": 0.0, "fpem/progressive_partition_ready": 0.0, "fpem/progressive_selected_k": 0.0, "fpem/progressive_active_expert_count": 0.0, "fpem/progressive_last_partition_epoch": 0.0, "fpem/progressive_lambda_common": 0.0, "fpem/progressive_common_term": 0.0, "fpem/progressive_compactness_loss": 0.0, "fpem/progressive_consistency_loss": 0.0, "fpem/progressive_cluster_entropy": 0.0, "fpem/progressive_assignment_change_ratio": 0.0, "fpem/progressive_hungarian_overlap_score": 0.0, "fpem/progressive_partition_update_time_sec": 0.0, "fpem/progressive_routed_mae": 0.0, "fpem/progressive_gmm_environment_total_replaces_primary": 0.0, "fpem/env_route_count_head_0": 16.0, "fpem/env_route_oracle_count_head_0": 16.0, "fpem/route_count_env_head_0": 16.0, "fpem/route_soft_mean_expert_0": 1.0, "fpem/route_hard_count_expert_0": 16.0, "fpem/hard_count_expert_0": 16.0, "fpem/sinkhorn_soft_col_mass_expert_0": 0.0, "fpem/progressive_active_expert_0": 0.0, "fpem/progressive_cluster_size_0": 0.0, "fpem/progressive_cluster_ratio_0": 0.0, "fpem/progressive_cluster_to_expert_0": 0.0, "fpem/progressive_bic_k1": 0.0, "fpem/progressive_bic_score_k1": 0.0, "fpem/progressive_bic_rejected_k1": 0.0, "fpem/hyper_alpha_head_0": 0.0, "fpem/hyper_gamma_norm_head_0": 0.0, "fpem/hyper_beta_norm_head_0": 0.0, "fpem/expert_cross_mae_group_0_expert_0": 9.407211984906878, "fpem/load_expert_loss": 9.407211984906878, "fpem/conservative_override_router_loss": 0.2813202998467854, "fpem/hard_router_loss": 0.2813202998467854, "fpem/load_level_assignment_detached": 1.0, "fpem/load_level_count_0": 1680.0, "fpem/load_level_ratio_0": 1.0, "fpem/expert_0_global_loss": 9.407211984906878, "fpem/expert_0_selected_loss": 9.407211984906878, "fpem/conservative_all_environment_mae": 9.407211984906878, "fpem/conservative_all_invariant_mae": 9.662237503415062, "fpem/conservative_selective_hard_routing_mae": 9.407211984906878, "fpem/conservative_oracle_mae": 9.356389440808977, "fpem/conservative_router_accuracy": 0.7553571428571428, "fpem/conservative_router_balanced_accuracy": 0.5047619047619047, "fpem/conservative_invariant_switch_coverage": 0.0, "fpem/conservative_invariant_switch_precision": 0.0, "fpem/conservative_correct_beneficial_switches": 0.0, "fpem/conservative_harmful_invariant_switches": 0.0, "fpem/conservative_saved_loss_from_correct_switches": 0.0, "fpem/conservative_added_loss_from_harmful_switches": 0.0, "fpem/conservative_net_routing_gain": 0.0, "fpem/conservative_oracle_gap_closed": 0.0, "fpem/conservative_selected_threshold": 0.5, "fpem/conservative_selected_margin": 0.0, "fpem/conservative_delta_mean": -0.2550255190758478, "fpem/conservative_delta_positive_ratio": 0.24464285714285713, "fpem/conservative_target_inv_ratio": 0.24464285714285713, "fpem/conservative_p_inv_mean": 0.07678709487829889, "fpem/conservative_p_inv_min": 0.04249467420436087, "fpem/conservative_p_inv_max": 0.13377490426812852, "fpem/conservative_prediction_is_hard_route": 1.0, "fpem/conservative_prediction_is_soft_fusion": 0.0, "fpem/conservative_router_target_detached": 1.0, "fpem/conservative_delta_detached": 1.0, "fpem/conservative_harmful_switch_weight": 2.0, "fpem/hard_router_predicted_env_ratio": 1.0, "fpem/hard_router_effective_env_ratio": 1.0, "fpem/hard_router_target_env_ratio": 0.7553571428571428, "fpem/hard_router_gain_mean": -0.2550255190758478, "fpem/hard_router_margin_mean": 0.0, "fpem/conservative_router_supervision_enabled": 1.0, "fpem/conservative_router_weight_mean": 0.9999999931880406, "fpem/conservative_router_weight_min": 0.052919722876755435, "fpem/conservative_router_weight_max": 2.969316037495931, "fpem/expert_prediction_pairwise_difference": 0.0, "fpem/delta_pairwise_cosine": 0.0, "fpem/delta_pairwise_l1": 0.0, "fpem/delta_pairwise_l2": 0.0, "fpem/expert_0_parameter_norm": 14.92965818132673, "fpem/hard_binary_router_enabled": 1.0, "fpem/hard_router_uses_target_in_forward": 0.0, "fpem/stored_future_c_loaded": 0.0, "fpem/prediction_is_weighted_complete_fusion": 0.0, "fpem/prediction_is_hard_route": 1.0, "fpem/conservative_inv_override_enabled": 1.0, "fpem/conservative_router_features_detached": 1.0, "fpem/future_mi_loss": 0.0, "fpem/future_mi_valid": 0.0, "fpem/future_mi_logvar_mean": 0.0, "fpem/future_mi_target_mode_env_encoder": 0.0, "fpem/swap_loss": 0.0, "fpem/swap_diff_loss": 0.0, "fpem/swap_same_loss": 0.0, "fpem/swap_gain_mean": 0.0, "fpem/swap_s_gain_mean": 0.0, "fpem/swap_fallback_router_loss": 0.0, "fpem/swap_fallback_q_mean": 0.0, "fpem/swap_prediction_delta": 0.0, "fpem/swap_route_delta": 0.0, "fpem/swap_hyper_alpha_delta": 0.0, "fpem/swap_hyper_delta_norm": 0.0, "fpem/loss_env_day": 0.0, "fpem/loss_env_hour": 0.0, "fpem/loss_env_rush": 0.0, "fpem/env_day_acc": 0.0, "fpem/env_hour_acc": 0.0, "fpem/env_rush_acc": 0.0, "fpem/loss_env_supcon": 0.0, "fpem/env_supcon_valid_pairs": 0.0, "fpem/loss_inv_env_adv": 0.0, "fpem/inv_day_acc": 0.0, "fpem/inv_hour_acc": 0.0, "fpem/inv_rush_acc": 0.0, "fpem/loss_cross_cov_sep": 0.0, "fpem/load_level_experts_enabled": 1.0, "fpem/load_level_uses_target_or_future_load": 0.0, "fpem/environment_gate_uses_target_in_forward": 0.0, "fpem/load_level_env_residual_scale": 0.0, "fpem/uses_cached_observable_load_prior": 1.0, "fpem/primary_loss": 9.001691845485142, "fpem/inv_pred_loss": 9.218599369412377, "fpem/primary_uses_route": 1.0, "fpem/primary_uses_env_fusion": 0.0, "fpem/backbone_agcrn": 1.0, "fpem/backbone_graphwavenet": 0.0, "fpem/backbone_staeformer": 0.0, "fpem/gc_pred_loss_only": 1.0, "fpem/env_route_head_mode_hyper_proto": 1.0, "fpem/fpem_force_uniform_route": 0.0, "fpem/hard_prediction_sinkhorn_total_replaces_primary": 0.0, "fpem/hard_prediction_environment_sinkhorn_total_replaces_primary": 0.0, "fpem/warmup_risk_sinkhorn_total_replaces_primary": 0.0, "fpem/lambda_club_mi": 0.0}, "conservative_override_threshold_selection": {"split": "val", "threshold": 0.5, "margin": 0.0, "mae": 11.558371543884277, "loss": 11.76928867234124, "mape": 0.18198640644550323, "confirmed_result": {"loss": 11.76928867234124, "mae": 11.558371543884277, "mape": 0.18198640644550323}}}
CONSERVATIVE_OVERRIDE_THRESHOLD_SELECTION {"split": "val", "threshold": 0.5, "margin": 0.0, "mae": 11.627815246582031, "loss": 11.828820652431911, "mape": 0.17901325225830078, "confirmed_result": {"loss": 11.828820652431911, "mae": 11.627815246582031, "mape": 0.17901325225830078}}
EPOCH {"epoch": 33, "train_loss": 11.214762115478516, "val": {"loss": 11.828820652431911, "mae": 11.627815246582031, "mape": 0.17901325225830078}, "test_mixed": {"loss": 10.626785823277064, "mae": 10.611876487731934, "mape": 0.1651383638381958}, "test_workday": {"loss": 10.500162020973537, "mae": 10.523719787597656, "mape": 0.16557244956493378}, "test_holiday": {"loss": 10.836134990056356, "mae": 10.764749526977539, "mape": 0.1643856018781662}, "test_avg_mae": 10.644234657287598, "best_selection_value": 10.644234657287598, "best_selection_split": "test_avg_DIAGNOSTIC", "best_selection_metric": "test_avg_mae", "lr": 0.001, "fpem_logs": {"fpem/fpem_env_use_exogenous": 1.0, "fpem/env_exogenous_available": 1.0, "fpem/env_exogenous_time_available": 1.0, "fpem/env_exogenous_load_available": 1.0, "fpem/env_exogenous_feature_dim": 32.0, "fpem/env_exogenous_embedding_norm": 2.7788834662664503, "fpem/env_exogenous_load_embedding_norm": 1.96488394623711, "fpem/env_rep_ablation_normal": 1.0, "fpem/env_rep_ablation_zero": 0.0, "fpem/env_rep_ablation_shuffle_batch": 0.0, "fpem/env_rep_ablation_mode_id": 0.0, "fpem/mask_loss": 0.0, "fpem/mask_sparse_loss": 0.0, "fpem/mask_entropy_loss": 0.0, "fpem/mask_mean": 1.0, "fpem/mask_entropy": 0.0, "fpem/mask_active_ratio": 1.0, "fpem/fusion_alpha_mean": 0.0, "fpem/fusion_alpha_std": 0.0, "fpem/fusion_alpha_min": 0.0, "fpem/fusion_alpha_max": 0.0, "fpem/env_route_loss": 2.2179727429435365, "fpem/env_route_L_final": 9.001539834340413, "fpem/env_route_L_global": 0.0, "fpem/env_route_L_route_soft": 0.0, "fpem/env_route_L_expert": 9.41945918855213, "fpem/env_route_L_router_oracle": 0.3340808810932296, "fpem/env_route_L_balance": 0.0, "fpem/env_route_L_diverse": 0.0, "fpem/env_route_L_proto_align": 0.0, "fpem/env_route_entropy": 0.0, "fpem/env_route_q_max_mean": 0.0, "fpem/hyper_alpha_mean": 0.0, "fpem/hyper_delta_norm": 0.0, "fpem/hyper_route_proto_mode_uniform_warmup": 0.0, "fpem/hyper_route_proto_mode_uniform_fixed": 0.0, "fpem/hyper_route_proto_mode_sinkhorn": 0.0, "fpem/hyper_route_proto_mode_softmax": 0.0, "fpem/fallback_q_mean": 0.0, "fpem/fallback_q_max": 0.0, "fpem/env_q_sum_mean": 1.0, "fpem/oracle_fallback_rate": 0.0, "fpem/route_count_fallback": 0.0, "fpem/env_route_head_mode": 1.0, "fpem/route_entropy_mean": 0.0, "fpem/route_mean_distribution_entropy": 0.0, "fpem/effective_expert_number": 1.0, "fpem/max_expert_usage_ratio": 0.0, "fpem/min_expert_usage_ratio": 0.0, "fpem/prototype_pairwise_cosine": 0.0, "fpem/expert_prediction_pairwise_cosine": 0.0, "fpem/expert_collapse_warning": 0.0, "fpem/env_route_target_mode_env_prototype": 0.0, "fpem/env_route_target_mode_hybrid": 0.0, "fpem/env_route_hybrid_alpha": 0.0, "fpem/env_route_train_mode_warmup_risk_sinkhorn": 0.0, "fpem/warmup_risk_stage_warmup": 0.0, "fpem/warmup_risk_stage_soft": 0.0, "fpem/warmup_risk_stage_hard": 0.0, "fpem/warmup_risk_selected_loss": 0.0, "fpem/warmup_risk_uniform_common_loss": 0.0, "fpem/warmup_risk_lambda_common": 0.0, "fpem/warmup_risk_total_common_term": 0.0, "fpem/warmup_risk_temperature": 0.0, "fpem/warmup_risk_temperature_progress": 0.0, "fpem/uniform_expert_mae": 0.0, "fpem/risk_routed_mae": 0.0, "fpem/risk_prediction_mae": 0.0, "fpem/risk_loss": 0.0, "fpem/risk_ranking_loss": 0.0, "fpem/risk_ranking_accuracy": 0.0, "fpem/risk_oracle_argmin_accuracy": 0.0, "fpem/risk_router_temperature": 0.0, "fpem/risk_router_lambda": 0.0, "fpem/risk_router_pairwise_lambda": 0.0, "fpem/env_route_train_mode_progressive_gmm_environment": 0.0, "fpem/top_level_prediction_source_progressive_gmm_teacher_hard": 0.0, "fpem/progressive_assignment_uses_target_or_prediction_error": 0.0, "fpem/progressive_partition_ready": 0.0, "fpem/progressive_selected_k": 0.0, "fpem/progressive_active_expert_count": 0.0, "fpem/progressive_last_partition_epoch": 0.0, "fpem/progressive_lambda_common": 0.0, "fpem/progressive_common_term": 0.0, "fpem/progressive_compactness_loss": 0.0, "fpem/progressive_consistency_loss": 0.0, "fpem/progressive_cluster_entropy": 0.0, "fpem/progressive_assignment_change_ratio": 0.0, "fpem/progressive_hungarian_overlap_score": 0.0, "fpem/progressive_partition_update_time_sec": 0.0, "fpem/progressive_routed_mae": 0.0, "fpem/progressive_gmm_environment_total_replaces_primary": 0.0, "fpem/env_route_count_head_0": 16.0, "fpem/env_route_oracle_count_head_0": 16.0, "fpem/route_count_env_head_0": 16.0, "fpem/route_soft_mean_expert_0": 1.0, "fpem/route_hard_count_expert_0": 16.0, "fpem/hard_count_expert_0": 16.0, "fpem/sinkhorn_soft_col_mass_expert_0": 0.0, "fpem/progressive_active_expert_0": 0.0, "fpem/progressive_cluster_size_0": 0.0, "fpem/progressive_cluster_ratio_0": 0.0, "fpem/progressive_cluster_to_expert_0": 0.0, "fpem/progressive_bic_k1": 0.0, "fpem/progressive_bic_score_k1": 0.0, "fpem/progressive_bic_rejected_k1": 0.0, "fpem/hyper_alpha_head_0": 0.0, "fpem/hyper_gamma_norm_head_0": 0.0, "fpem/hyper_beta_norm_head_0": 0.0, "fpem/expert_cross_mae_group_0_expert_0": 9.41945918855213, "fpem/load_expert_loss": 9.41945918855213, "fpem/conservative_override_router_loss": 0.3340808810932296, "fpem/hard_router_loss": 0.3340808810932296, "fpem/load_level_assignment_detached": 1.0, "fpem/load_level_count_0": 1680.0, "fpem/load_level_ratio_0": 1.0, "fpem/expert_0_global_loss": 9.41945918855213, "fpem/expert_0_selected_loss": 9.41945918855213, "fpem/conservative_all_environment_mae": 9.41945918855213, "fpem/conservative_all_invariant_mae": 9.662237467084612, "fpem/conservative_selective_hard_routing_mae": 9.41945918855213, "fpem/conservative_oracle_mae": 9.356033942812966, "fpem/conservative_router_accuracy": 0.7392857142857143, "fpem/conservative_router_balanced_accuracy": 0.5047619047619047, "fpem/conservative_invariant_switch_coverage": 0.0, "fpem/conservative_invariant_switch_precision": 0.0, "fpem/conservative_correct_beneficial_switches": 0.0, "fpem/conservative_harmful_invariant_switches": 0.0, "fpem/conservative_saved_loss_from_correct_switches": 0.0, "fpem/conservative_added_loss_from_harmful_switches": 0.0, "fpem/conservative_net_routing_gain": 0.0, "fpem/conservative_oracle_gap_closed": 0.0, "fpem/conservative_selected_threshold": 0.5, "fpem/conservative_selected_margin": 0.0, "fpem/conservative_delta_mean": -0.24277835218679336, "fpem/conservative_delta_positive_ratio": 0.26071428571428573, "fpem/conservative_target_inv_ratio": 0.26071428571428573, "fpem/conservative_p_inv_mean": 0.08502240794755164, "fpem/conservative_p_inv_min": 0.04826799606283506, "fpem/conservative_p_inv_max": 0.14309999630564735, "fpem/conservative_prediction_is_hard_route": 1.0, "fpem/conservative_prediction_is_soft_fusion": 0.0, "fpem/conservative_router_target_detached": 1.0, "fpem/conservative_delta_detached": 1.0, "fpem/conservative_harmful_switch_weight": 2.0, "fpem/hard_router_predicted_env_ratio": 1.0, "fpem/hard_router_effective_env_ratio": 1.0, "fpem/hard_router_target_env_ratio": 0.7392857142857143, "fpem/hard_router_gain_mean": -0.24277835218679336, "fpem/hard_router_margin_mean": 0.0, "fpem/conservative_router_supervision_enabled": 1.0, "fpem/conservative_router_weight_mean": 0.9999999926203773, "fpem/conservative_router_weight_min": 0.06799468707980677, "fpem/conservative_router_weight_max": 3.016824279512678, "fpem/expert_prediction_pairwise_difference": 0.0, "fpem/delta_pairwise_cosine": 0.0, "fpem/delta_pairwise_l1": 0.0, "fpem/delta_pairwise_l2": 0.0, "fpem/expert_0_parameter_norm": 14.935127621605282, "fpem/hard_binary_router_enabled": 1.0, "fpem/hard_router_uses_target_in_forward": 0.0, "fpem/stored_future_c_loaded": 0.0, "fpem/prediction_is_weighted_complete_fusion": 0.0, "fpem/prediction_is_hard_route": 1.0, "fpem/conservative_inv_override_enabled": 1.0, "fpem/conservative_router_features_detached": 1.0, "fpem/future_mi_loss": 0.0, "fpem/future_mi_valid": 0.0, "fpem/future_mi_logvar_mean": 0.0, "fpem/future_mi_target_mode_env_encoder": 0.0, "fpem/swap_loss": 0.0, "fpem/swap_diff_loss": 0.0, "fpem/swap_same_loss": 0.0, "fpem/swap_gain_mean": 0.0, "fpem/swap_s_gain_mean": 0.0, "fpem/swap_fallback_router_loss": 0.0, "fpem/swap_fallback_q_mean": 0.0, "fpem/swap_prediction_delta": 0.0, "fpem/swap_route_delta": 0.0, "fpem/swap_hyper_alpha_delta": 0.0, "fpem/swap_hyper_delta_norm": 0.0, "fpem/loss_env_day": 0.0, "fpem/loss_env_hour": 0.0, "fpem/loss_env_rush": 0.0, "fpem/env_day_acc": 0.0, "fpem/env_hour_acc": 0.0, "fpem/env_rush_acc": 0.0, "fpem/loss_env_supcon": 0.0, "fpem/env_supcon_valid_pairs": 0.0, "fpem/loss_inv_env_adv": 0.0, "fpem/inv_day_acc": 0.0, "fpem/inv_hour_acc": 0.0, "fpem/inv_rush_acc": 0.0, "fpem/loss_cross_cov_sep": 0.0, "fpem/load_level_experts_enabled": 1.0, "fpem/load_level_uses_target_or_future_load": 0.0, "fpem/environment_gate_uses_target_in_forward": 0.0, "fpem/load_level_env_residual_scale": 0.0, "fpem/uses_cached_observable_load_prior": 1.0, "fpem/primary_loss": 9.001539834340413, "fpem/inv_pred_loss": 9.211406766800653, "fpem/primary_uses_route": 1.0, "fpem/primary_uses_env_fusion": 0.0, "fpem/backbone_agcrn": 1.0, "fpem/backbone_graphwavenet": 0.0, "fpem/backbone_staeformer": 0.0, "fpem/gc_pred_loss_only": 1.0, "fpem/env_route_head_mode_hyper_proto": 1.0, "fpem/fpem_force_uniform_route": 0.0, "fpem/hard_prediction_sinkhorn_total_replaces_primary": 0.0, "fpem/hard_prediction_environment_sinkhorn_total_replaces_primary": 0.0, "fpem/warmup_risk_sinkhorn_total_replaces_primary": 0.0, "fpem/lambda_club_mi": 0.0}, "conservative_override_threshold_selection": {"split": "val", "threshold": 0.5, "margin": 0.0, "mae": 11.627815246582031, "loss": 11.828820652431911, "mape": 0.17901325225830078, "confirmed_result": {"loss": 11.828820652431911, "mae": 11.627815246582031, "mape": 0.17901325225830078}}}
CONSERVATIVE_OVERRIDE_THRESHOLD_SELECTION {"split": "val", "threshold": 0.5, "margin": 0.0, "mae": 11.691524505615234, "loss": 11.911684301164415, "mape": 0.18783771991729736, "confirmed_result": {"loss": 11.911684301164415, "mae": 11.691524505615234, "mape": 0.18783771991729736}}
EPOCH {"epoch": 34, "train_loss": 11.111755970546177, "val": {"loss": 11.911684301164415, "mae": 11.691524505615234, "mape": 0.18783771991729736}, "test_mixed": {"loss": 10.718488543374198, "mae": 10.685298919677734, "mape": 0.1742376983165741}, "test_workday": {"loss": 10.58480808009272, "mae": 10.587471008300781, "mape": 0.17395652830600739}, "test_holiday": {"loss": 10.940779447555542, "mae": 10.85494613647461, "mape": 0.17472529411315918}, "test_avg_mae": 10.721208572387695, "best_selection_value": 10.721208572387695, "best_selection_split": "test_avg_DIAGNOSTIC", "best_selection_metric": "test_avg_mae", "lr": 0.001, "fpem_logs": {"fpem/fpem_env_use_exogenous": 1.0, "fpem/env_exogenous_available": 1.0, "fpem/env_exogenous_time_available": 1.0, "fpem/env_exogenous_load_available": 1.0, "fpem/env_exogenous_feature_dim": 32.0, "fpem/env_exogenous_embedding_norm": 2.782508116676694, "fpem/env_exogenous_load_embedding_norm": 1.96669971488771, "fpem/env_rep_ablation_normal": 1.0, "fpem/env_rep_ablation_zero": 0.0, "fpem/env_rep_ablation_shuffle_batch": 0.0, "fpem/env_rep_ablation_mode_id": 0.0, "fpem/mask_loss": 0.0, "fpem/mask_sparse_loss": 0.0, "fpem/mask_entropy_loss": 0.0, "fpem/mask_mean": 1.0, "fpem/mask_entropy": 0.0, "fpem/mask_active_ratio": 1.0, "fpem/fusion_alpha_mean": 0.0, "fpem/fusion_alpha_std": 0.0, "fpem/fusion_alpha_min": 0.0, "fpem/fusion_alpha_max": 0.0, "fpem/env_route_loss": 2.1702916429156347, "fpem/env_route_L_final": 8.979800265175955, "fpem/env_route_L_global": 0.0, "fpem/env_route_L_route_soft": 0.0, "fpem/env_route_L_expert": 9.40082570938837, "fpem/env_route_L_router_oracle": 0.2901264697313309, "fpem/env_route_L_balance": 0.0, "fpem/env_route_L_diverse": 0.0, "fpem/env_route_L_proto_align": 0.0, "fpem/env_route_entropy": 0.0, "fpem/env_route_q_max_mean": 0.0, "fpem/hyper_alpha_mean": 0.0, "fpem/hyper_delta_norm": 0.0, "fpem/hyper_route_proto_mode_uniform_warmup": 0.0, "fpem/hyper_route_proto_mode_uniform_fixed": 0.0, "fpem/hyper_route_proto_mode_sinkhorn": 0.0, "fpem/hyper_route_proto_mode_softmax": 0.0, "fpem/fallback_q_mean": 0.0, "fpem/fallback_q_max": 0.0, "fpem/env_q_sum_mean": 1.0, "fpem/oracle_fallback_rate": 0.0, "fpem/route_count_fallback": 0.0, "fpem/env_route_head_mode": 1.0, "fpem/route_entropy_mean": 0.0, "fpem/route_mean_distribution_entropy": 0.0, "fpem/effective_expert_number": 1.0, "fpem/max_expert_usage_ratio": 0.0, "fpem/min_expert_usage_ratio": 0.0, "fpem/prototype_pairwise_cosine": 0.0, "fpem/expert_prediction_pairwise_cosine": 0.0, "fpem/expert_collapse_warning": 0.0, "fpem/env_route_target_mode_env_prototype": 0.0, "fpem/env_route_target_mode_hybrid": 0.0, "fpem/env_route_hybrid_alpha": 0.0, "fpem/env_route_train_mode_warmup_risk_sinkhorn": 0.0, "fpem/warmup_risk_stage_warmup": 0.0, "fpem/warmup_risk_stage_soft": 0.0, "fpem/warmup_risk_stage_hard": 0.0, "fpem/warmup_risk_selected_loss": 0.0, "fpem/warmup_risk_uniform_common_loss": 0.0, "fpem/warmup_risk_lambda_common": 0.0, "fpem/warmup_risk_total_common_term": 0.0, "fpem/warmup_risk_temperature": 0.0, "fpem/warmup_risk_temperature_progress": 0.0, "fpem/uniform_expert_mae": 0.0, "fpem/risk_routed_mae": 0.0, "fpem/risk_prediction_mae": 0.0, "fpem/risk_loss": 0.0, "fpem/risk_ranking_loss": 0.0, "fpem/risk_ranking_accuracy": 0.0, "fpem/risk_oracle_argmin_accuracy": 0.0, "fpem/risk_router_temperature": 0.0, "fpem/risk_router_lambda": 0.0, "fpem/risk_router_pairwise_lambda": 0.0, "fpem/env_route_train_mode_progressive_gmm_environment": 0.0, "fpem/top_level_prediction_source_progressive_gmm_teacher_hard": 0.0, "fpem/progressive_assignment_uses_target_or_prediction_error": 0.0, "fpem/progressive_partition_ready": 0.0, "fpem/progressive_selected_k": 0.0, "fpem/progressive_active_expert_count": 0.0, "fpem/progressive_last_partition_epoch": 0.0, "fpem/progressive_lambda_common": 0.0, "fpem/progressive_common_term": 0.0, "fpem/progressive_compactness_loss": 0.0, "fpem/progressive_consistency_loss": 0.0, "fpem/progressive_cluster_entropy": 0.0, "fpem/progressive_assignment_change_ratio": 0.0, "fpem/progressive_hungarian_overlap_score": 0.0, "fpem/progressive_partition_update_time_sec": 0.0, "fpem/progressive_routed_mae": 0.0, "fpem/progressive_gmm_environment_total_replaces_primary": 0.0, "fpem/env_route_count_head_0": 16.0, "fpem/env_route_oracle_count_head_0": 16.0, "fpem/route_count_env_head_0": 16.0, "fpem/route_soft_mean_expert_0": 1.0, "fpem/route_hard_count_expert_0": 16.0, "fpem/hard_count_expert_0": 16.0, "fpem/sinkhorn_soft_col_mass_expert_0": 0.0, "fpem/progressive_active_expert_0": 0.0, "fpem/progressive_cluster_size_0": 0.0, "fpem/progressive_cluster_ratio_0": 0.0, "fpem/progressive_cluster_to_expert_0": 0.0, "fpem/progressive_bic_k1": 0.0, "fpem/progressive_bic_score_k1": 0.0, "fpem/progressive_bic_rejected_k1": 0.0, "fpem/hyper_alpha_head_0": 0.0, "fpem/hyper_gamma_norm_head_0": 0.0, "fpem/hyper_beta_norm_head_0": 0.0, "fpem/expert_cross_mae_group_0_expert_0": 9.40082570938837, "fpem/load_expert_loss": 9.40082570938837, "fpem/conservative_override_router_loss": 0.2901264697313309, "fpem/hard_router_loss": 0.2901264697313309, "fpem/load_level_assignment_detached": 1.0, "fpem/load_level_count_0": 1680.0, "fpem/load_level_ratio_0": 1.0, "fpem/expert_0_global_loss": 9.40082570938837, "fpem/expert_0_selected_loss": 9.40082570938837, "fpem/conservative_all_environment_mae": 9.40082570938837, "fpem/conservative_all_invariant_mae": 9.662237553369431, "fpem/conservative_selective_hard_routing_mae": 9.40082570938837, "fpem/conservative_oracle_mae": 9.345861357734316, "fpem/conservative_router_accuracy": 0.7535714285714286, "fpem/conservative_router_balanced_accuracy": 0.5, "fpem/conservative_invariant_switch_coverage": 0.0, "fpem/conservative_invariant_switch_precision": 0.0, "fpem/conservative_correct_beneficial_switches": 0.0, "fpem/conservative_harmful_invariant_switches": 0.0, "fpem/conservative_saved_loss_from_correct_switches": 0.0, "fpem/conservative_added_loss_from_harmful_switches": 0.0, "fpem/conservative_net_routing_gain": 0.0, "fpem/conservative_oracle_gap_closed": 0.0, "fpem/conservative_selected_threshold": 0.5, "fpem/conservative_selected_margin": 0.0, "fpem/conservative_delta_mean": -0.2614117452076503, "fpem/conservative_delta_positive_ratio": 0.24642857142857144, "fpem/conservative_target_inv_ratio": 0.24642857142857144, "fpem/conservative_p_inv_mean": 0.07699282112575713, "fpem/conservative_p_inv_min": 0.04215801345805327, "fpem/conservative_p_inv_max": 0.1282839352176303, "fpem/conservative_prediction_is_hard_route": 1.0, "fpem/conservative_prediction_is_soft_fusion": 0.0, "fpem/conservative_router_target_detached": 1.0, "fpem/conservative_delta_detached": 1.0, "fpem/conservative_harmful_switch_weight": 2.0, "fpem/hard_router_predicted_env_ratio": 1.0, "fpem/hard_router_effective_env_ratio": 1.0, "fpem/hard_router_target_env_ratio": 0.7535714285714286, "fpem/hard_router_gain_mean": -0.2614117452076503, "fpem/hard_router_margin_mean": 0.0, "fpem/conservative_router_supervision_enabled": 1.0, "fpem/conservative_router_weight_mean": 0.9999999909173874, "fpem/conservative_router_weight_min": 0.05972339352315646, "fpem/conservative_router_weight_max": 2.9741676069441296, "fpem/expert_prediction_pairwise_difference": 0.0, "fpem/delta_pairwise_cosine": 0.0, "fpem/delta_pairwise_l1": 0.0, "fpem/delta_pairwise_l2": 0.0, "fpem/expert_0_parameter_norm": 14.937137758164178, "fpem/hard_binary_router_enabled": 1.0, "fpem/hard_router_uses_target_in_forward": 0.0, "fpem/stored_future_c_loaded": 0.0, "fpem/prediction_is_weighted_complete_fusion": 0.0, "fpem/prediction_is_hard_route": 1.0, "fpem/conservative_inv_override_enabled": 1.0, "fpem/conservative_router_features_detached": 1.0, "fpem/future_mi_loss": 0.0, "fpem/future_mi_valid": 0.0, "fpem/future_mi_logvar_mean": 0.0, "fpem/future_mi_target_mode_env_encoder": 0.0, "fpem/swap_loss": 0.0, "fpem/swap_diff_loss": 0.0, "fpem/swap_same_loss": 0.0, "fpem/swap_gain_mean": 0.0, "fpem/swap_s_gain_mean": 0.0, "fpem/swap_fallback_router_loss": 0.0, "fpem/swap_fallback_q_mean": 0.0, "fpem/swap_prediction_delta": 0.0, "fpem/swap_route_delta": 0.0, "fpem/swap_hyper_alpha_delta": 0.0, "fpem/swap_hyper_delta_norm": 0.0, "fpem/loss_env_day": 0.0, "fpem/loss_env_hour": 0.0, "fpem/loss_env_rush": 0.0, "fpem/env_day_acc": 0.0, "fpem/env_hour_acc": 0.0, "fpem/env_rush_acc": 0.0, "fpem/loss_env_supcon": 0.0, "fpem/env_supcon_valid_pairs": 0.0, "fpem/loss_inv_env_adv": 0.0, "fpem/inv_day_acc": 0.0, "fpem/inv_hour_acc": 0.0, "fpem/inv_rush_acc": 0.0, "fpem/loss_cross_cov_sep": 0.0, "fpem/load_level_experts_enabled": 1.0, "fpem/load_level_uses_target_or_future_load": 0.0, "fpem/environment_gate_uses_target_in_forward": 0.0, "fpem/load_level_env_residual_scale": 0.0, "fpem/uses_cached_observable_load_prior": 1.0, "fpem/primary_loss": 8.979800265175955, "fpem/inv_pred_loss": 9.209957758585611, "fpem/primary_uses_route": 1.0, "fpem/primary_uses_env_fusion": 0.0, "fpem/backbone_agcrn": 1.0, "fpem/backbone_graphwavenet": 0.0, "fpem/backbone_staeformer": 0.0, "fpem/gc_pred_loss_only": 1.0, "fpem/env_route_head_mode_hyper_proto": 1.0, "fpem/fpem_force_uniform_route": 0.0, "fpem/hard_prediction_sinkhorn_total_replaces_primary": 0.0, "fpem/hard_prediction_environment_sinkhorn_total_replaces_primary": 0.0, "fpem/warmup_risk_sinkhorn_total_replaces_primary": 0.0, "fpem/lambda_club_mi": 0.0}, "conservative_override_threshold_selection": {"split": "val", "threshold": 0.5, "margin": 0.0, "mae": 11.691524505615234, "loss": 11.911684301164415, "mape": 0.18783771991729736, "confirmed_result": {"loss": 11.911684301164415, "mae": 11.691524505615234, "mape": 0.18783771991729736}}}
CONSERVATIVE_OVERRIDE_THRESHOLD_SELECTION {"split": "val", "threshold": 0.5, "margin": 0.0, "mae": 11.624716758728027, "loss": 11.858381695217556, "mape": 0.1924324780702591, "confirmed_result": {"loss": 11.858381695217556, "mae": 11.624716758728027, "mape": 0.1924324780702591}}
EPOCH {"epoch": 35, "train_loss": 11.249731227329798, "val": {"loss": 11.858381695217556, "mae": 11.624716758728027, "mape": 0.1924324780702591}, "test_mixed": {"loss": 10.606554453713553, "mae": 10.58808708190918, "mape": 0.17681817710399628}, "test_workday": {"loss": 10.486882831739342, "mae": 10.505574226379395, "mape": 0.17756979167461395}, "test_holiday": {"loss": 10.803020397822062, "mae": 10.73117446899414, "mape": 0.1755148023366928}, "test_avg_mae": 10.618374347686768, "best_selection_value": 10.618374347686768, "best_selection_split": "test_avg_DIAGNOSTIC", "best_selection_metric": "test_avg_mae", "lr": 0.001, "fpem_logs": {"fpem/fpem_env_use_exogenous": 1.0, "fpem/env_exogenous_available": 1.0, "fpem/env_exogenous_time_available": 1.0, "fpem/env_exogenous_load_available": 1.0, "fpem/env_exogenous_feature_dim": 32.0, "fpem/env_exogenous_embedding_norm": 2.7926776454562234, "fpem/env_exogenous_load_embedding_norm": 1.9713899044763474, "fpem/env_rep_ablation_normal": 1.0, "fpem/env_rep_ablation_zero": 0.0, "fpem/env_rep_ablation_shuffle_batch": 0.0, "fpem/env_rep_ablation_mode_id": 0.0, "fpem/mask_loss": 0.0, "fpem/mask_sparse_loss": 0.0, "fpem/mask_entropy_loss": 0.0, "fpem/mask_mean": 1.0, "fpem/mask_entropy": 0.0, "fpem/mask_active_ratio": 1.0, "fpem/fusion_alpha_mean": 0.0, "fpem/fusion_alpha_std": 0.0, "fpem/fusion_alpha_min": 0.0, "fpem/fusion_alpha_max": 0.0, "fpem/env_route_loss": 2.21906210127331, "fpem/env_route_L_final": 9.005721619015649, "fpem/env_route_L_global": 0.0, "fpem/env_route_L_route_soft": 0.0, "fpem/env_route_L_expert": 9.424810677482968, "fpem/env_route_L_router_oracle": 0.3340999489738828, "fpem/env_route_L_balance": 0.0, "fpem/env_route_L_diverse": 0.0, "fpem/env_route_L_proto_align": 0.0, "fpem/env_route_entropy": 0.0, "fpem/env_route_q_max_mean": 0.0, "fpem/hyper_alpha_mean": 0.0, "fpem/hyper_delta_norm": 0.0, "fpem/hyper_route_proto_mode_uniform_warmup": 0.0, "fpem/hyper_route_proto_mode_uniform_fixed": 0.0, "fpem/hyper_route_proto_mode_sinkhorn": 0.0, "fpem/hyper_route_proto_mode_softmax": 0.0, "fpem/fallback_q_mean": 0.0, "fpem/fallback_q_max": 0.0, "fpem/env_q_sum_mean": 1.0, "fpem/oracle_fallback_rate": 0.0, "fpem/route_count_fallback": 0.0, "fpem/env_route_head_mode": 1.0, "fpem/route_entropy_mean": 0.0, "fpem/route_mean_distribution_entropy": 0.0, "fpem/effective_expert_number": 1.0, "fpem/max_expert_usage_ratio": 0.0, "fpem/min_expert_usage_ratio": 0.0, "fpem/prototype_pairwise_cosine": 0.0, "fpem/expert_prediction_pairwise_cosine": 0.0, "fpem/expert_collapse_warning": 0.0, "fpem/env_route_target_mode_env_prototype": 0.0, "fpem/env_route_target_mode_hybrid": 0.0, "fpem/env_route_hybrid_alpha": 0.0, "fpem/env_route_train_mode_warmup_risk_sinkhorn": 0.0, "fpem/warmup_risk_stage_warmup": 0.0, "fpem/warmup_risk_stage_soft": 0.0, "fpem/warmup_risk_stage_hard": 0.0, "fpem/warmup_risk_selected_loss": 0.0, "fpem/warmup_risk_uniform_common_loss": 0.0, "fpem/warmup_risk_lambda_common": 0.0, "fpem/warmup_risk_total_common_term": 0.0, "fpem/warmup_risk_temperature": 0.0, "fpem/warmup_risk_temperature_progress": 0.0, "fpem/uniform_expert_mae": 0.0, "fpem/risk_routed_mae": 0.0, "fpem/risk_prediction_mae": 0.0, "fpem/risk_loss": 0.0, "fpem/risk_ranking_loss": 0.0, "fpem/risk_ranking_accuracy": 0.0, "fpem/risk_oracle_argmin_accuracy": 0.0, "fpem/risk_router_temperature": 0.0, "fpem/risk_router_lambda": 0.0, "fpem/risk_router_pairwise_lambda": 0.0, "fpem/env_route_train_mode_progressive_gmm_environment": 0.0, "fpem/top_level_prediction_source_progressive_gmm_teacher_hard": 0.0, "fpem/progressive_assignment_uses_target_or_prediction_error": 0.0, "fpem/progressive_partition_ready": 0.0, "fpem/progressive_selected_k": 0.0, "fpem/progressive_active_expert_count": 0.0, "fpem/progressive_last_partition_epoch": 0.0, "fpem/progressive_lambda_common": 0.0, "fpem/progressive_common_term": 0.0, "fpem/progressive_compactness_loss": 0.0, "fpem/progressive_consistency_loss": 0.0, "fpem/progressive_cluster_entropy": 0.0, "fpem/progressive_assignment_change_ratio": 0.0, "fpem/progressive_hungarian_overlap_score": 0.0, "fpem/progressive_partition_update_time_sec": 0.0, "fpem/progressive_routed_mae": 0.0, "fpem/progressive_gmm_environment_total_replaces_primary": 0.0, "fpem/env_route_count_head_0": 16.0, "fpem/env_route_oracle_count_head_0": 16.0, "fpem/route_count_env_head_0": 16.0, "fpem/route_soft_mean_expert_0": 1.0, "fpem/route_hard_count_expert_0": 16.0, "fpem/hard_count_expert_0": 16.0, "fpem/sinkhorn_soft_col_mass_expert_0": 0.0, "fpem/progressive_active_expert_0": 0.0, "fpem/progressive_cluster_size_0": 0.0, "fpem/progressive_cluster_ratio_0": 0.0, "fpem/progressive_cluster_to_expert_0": 0.0, "fpem/progressive_bic_k1": 0.0, "fpem/progressive_bic_score_k1": 0.0, "fpem/progressive_bic_rejected_k1": 0.0, "fpem/hyper_alpha_head_0": 0.0, "fpem/hyper_gamma_norm_head_0": 0.0, "fpem/hyper_beta_norm_head_0": 0.0, "fpem/expert_cross_mae_group_0_expert_0": 9.424810677482968, "fpem/load_expert_loss": 9.424810677482968, "fpem/conservative_override_router_loss": 0.3340999489738828, "fpem/hard_router_loss": 0.3340999489738828, "fpem/load_level_assignment_detached": 1.0, "fpem/load_level_count_0": 1680.0, "fpem/load_level_ratio_0": 1.0, "fpem/expert_0_global_loss": 9.424810677482968, "fpem/expert_0_selected_loss": 9.424810677482968, "fpem/conservative_all_environment_mae": 9.424810677482968, "fpem/conservative_all_invariant_mae": 9.662237535204206, "fpem/conservative_selective_hard_routing_mae": 9.424810677482968, "fpem/conservative_oracle_mae": 9.360964402698336, "fpem/conservative_router_accuracy": 0.7398809523809524, "fpem/conservative_router_balanced_accuracy": 0.5, "fpem/conservative_invariant_switch_coverage": 0.0, "fpem/conservative_invariant_switch_precision": 0.0, "fpem/conservative_correct_beneficial_switches": 0.0, "fpem/conservative_harmful_invariant_switches": 0.0, "fpem/conservative_saved_loss_from_correct_switches": 0.0, "fpem/conservative_added_loss_from_harmful_switches": 0.0, "fpem/conservative_net_routing_gain": 0.0, "fpem/conservative_oracle_gap_closed": 0.0, "fpem/conservative_selected_threshold": 0.5, "fpem/conservative_selected_margin": 0.0, "fpem/conservative_delta_mean": -0.23742682238419852, "fpem/conservative_delta_positive_ratio": 0.26011904761904764, "fpem/conservative_target_inv_ratio": 0.26011904761904764, "fpem/conservative_p_inv_mean": 0.08715447300956362, "fpem/conservative_p_inv_min": 0.04803788039301123, "fpem/conservative_p_inv_max": 0.14408976889791944, "fpem/conservative_prediction_is_hard_route": 1.0, "fpem/conservative_prediction_is_soft_fusion": 0.0, "fpem/conservative_router_target_detached": 1.0, "fpem/conservative_delta_detached": 1.0, "fpem/conservative_harmful_switch_weight": 2.0, "fpem/hard_router_predicted_env_ratio": 1.0, "fpem/hard_router_effective_env_ratio": 1.0, "fpem/hard_router_target_env_ratio": 0.7398809523809524, "fpem/hard_router_gain_mean": -0.23742682238419852, "fpem/hard_router_margin_mean": 0.0, "fpem/conservative_router_supervision_enabled": 1.0, "fpem/conservative_router_weight_mean": 0.999999996026357, "fpem/conservative_router_weight_min": 0.05677102559961245, "fpem/conservative_router_weight_max": 3.072401646205357, "fpem/expert_prediction_pairwise_difference": 0.0, "fpem/delta_pairwise_cosine": 0.0, "fpem/delta_pairwise_l1": 0.0, "fpem/delta_pairwise_l2": 0.0, "fpem/expert_0_parameter_norm": 14.937227694193522, "fpem/hard_binary_router_enabled": 1.0, "fpem/hard_router_uses_target_in_forward": 0.0, "fpem/stored_future_c_loaded": 0.0, "fpem/prediction_is_weighted_complete_fusion": 0.0, "fpem/prediction_is_hard_route": 1.0, "fpem/conservative_inv_override_enabled": 1.0, "fpem/conservative_router_features_detached": 1.0, "fpem/future_mi_loss": 0.0, "fpem/future_mi_valid": 0.0, "fpem/future_mi_logvar_mean": 0.0, "fpem/future_mi_target_mode_env_encoder": 0.0, "fpem/swap_loss": 0.0, "fpem/swap_diff_loss": 0.0, "fpem/swap_same_loss": 0.0, "fpem/swap_gain_mean": 0.0, "fpem/swap_s_gain_mean": 0.0, "fpem/swap_fallback_router_loss": 0.0, "fpem/swap_fallback_q_mean": 0.0, "fpem/swap_prediction_delta": 0.0, "fpem/swap_route_delta": 0.0, "fpem/swap_hyper_alpha_delta": 0.0, "fpem/swap_hyper_delta_norm": 0.0, "fpem/loss_env_day": 0.0, "fpem/loss_env_hour": 0.0, "fpem/loss_env_rush": 0.0, "fpem/env_day_acc": 0.0, "fpem/env_hour_acc": 0.0, "fpem/env_rush_acc": 0.0, "fpem/loss_env_supcon": 0.0, "fpem/env_supcon_valid_pairs": 0.0, "fpem/loss_inv_env_adv": 0.0, "fpem/inv_day_acc": 0.0, "fpem/inv_hour_acc": 0.0, "fpem/inv_rush_acc": 0.0, "fpem/loss_cross_cov_sep": 0.0, "fpem/load_level_experts_enabled": 1.0, "fpem/load_level_uses_target_or_future_load": 0.0, "fpem/environment_gate_uses_target_in_forward": 0.0, "fpem/load_level_env_residual_scale": 0.0, "fpem/uses_cached_observable_load_prior": 1.0, "fpem/primary_loss": 9.005721619015649, "fpem/inv_pred_loss": 9.210363333565848, "fpem/primary_uses_route": 1.0, "fpem/primary_uses_env_fusion": 0.0, "fpem/backbone_agcrn": 1.0, "fpem/backbone_graphwavenet": 0.0, "fpem/backbone_staeformer": 0.0, "fpem/gc_pred_loss_only": 1.0, "fpem/env_route_head_mode_hyper_proto": 1.0, "fpem/fpem_force_uniform_route": 0.0, "fpem/hard_prediction_sinkhorn_total_replaces_primary": 0.0, "fpem/hard_prediction_environment_sinkhorn_total_replaces_primary": 0.0, "fpem/warmup_risk_sinkhorn_total_replaces_primary": 0.0, "fpem/lambda_club_mi": 0.0}, "conservative_override_threshold_selection": {"split": "val", "threshold": 0.5, "margin": 0.0, "mae": 11.624716758728027, "loss": 11.858381695217556, "mape": 0.1924324780702591, "confirmed_result": {"loss": 11.858381695217556, "mae": 11.624716758728027, "mape": 0.1924324780702591}}}
CONSERVATIVE_OVERRIDE_THRESHOLD_SELECTION {"split": "val", "threshold": 0.5, "margin": 0.0, "mae": 11.625545501708984, "loss": 11.828433010313246, "mape": 0.17925123870372772, "confirmed_result": {"loss": 11.828433010313246, "mae": 11.625545501708984, "mape": 0.17925123870372772}}
EPOCH {"epoch": 36, "train_loss": 11.16406478881836, "val": {"loss": 11.828433010313246, "mae": 11.625545501708984, "mape": 0.17925123870372772}, "test_mixed": {"loss": 10.6461804662432, "mae": 10.624746322631836, "mape": 0.16594083607196808}, "test_workday": {"loss": 10.522957698158596, "mae": 10.537413597106934, "mape": 0.166214257478714}, "test_holiday": {"loss": 10.849271416664124, "mae": 10.776190757751465, "mape": 0.16546666622161865}, "test_avg_mae": 10.6568021774292, "best_selection_value": 10.6568021774292, "best_selection_split": "test_avg_DIAGNOSTIC", "best_selection_metric": "test_avg_mae", "lr": 0.001, "fpem_logs": {"fpem/fpem_env_use_exogenous": 1.0, "fpem/env_exogenous_available": 1.0, "fpem/env_exogenous_time_available": 1.0, "fpem/env_exogenous_load_available": 1.0, "fpem/env_exogenous_feature_dim": 32.0, "fpem/env_exogenous_embedding_norm": 2.7957616442725772, "fpem/env_exogenous_load_embedding_norm": 1.9698676177433558, "fpem/env_rep_ablation_normal": 1.0, "fpem/env_rep_ablation_zero": 0.0, "fpem/env_rep_ablation_shuffle_batch": 0.0, "fpem/env_rep_ablation_mode_id": 0.0, "fpem/mask_loss": 0.0, "fpem/mask_sparse_loss": 0.0, "fpem/mask_entropy_loss": 0.0, "fpem/mask_mean": 1.0, "fpem/mask_entropy": 0.0, "fpem/mask_active_ratio": 1.0, "fpem/fusion_alpha_mean": 0.0, "fpem/fusion_alpha_std": 0.0, "fpem/fusion_alpha_min": 0.0, "fpem/fusion_alpha_max": 0.0, "fpem/env_route_loss": 2.190547810282026, "fpem/env_route_L_final": 8.99863802137829, "fpem/env_route_L_global": 0.0, "fpem/env_route_L_route_soft": 0.0, "fpem/env_route_L_expert": 9.411111586434501, "fpem/env_route_L_router_oracle": 0.30832546857141313, "fpem/env_route_L_balance": 0.0, "fpem/env_route_L_diverse": 0.0, "fpem/env_route_L_proto_align": 0.0, "fpem/env_route_entropy": 0.0, "fpem/env_route_q_max_mean": 0.0, "fpem/hyper_alpha_mean": 0.0, "fpem/hyper_delta_norm": 0.0, "fpem/hyper_route_proto_mode_uniform_warmup": 0.0, "fpem/hyper_route_proto_mode_uniform_fixed": 0.0, "fpem/hyper_route_proto_mode_sinkhorn": 0.0, "fpem/hyper_route_proto_mode_softmax": 0.0, "fpem/fallback_q_mean": 0.0, "fpem/fallback_q_max": 0.0, "fpem/env_q_sum_mean": 1.0, "fpem/oracle_fallback_rate": 0.0, "fpem/route_count_fallback": 0.0, "fpem/env_route_head_mode": 1.0, "fpem/route_entropy_mean": 0.0, "fpem/route_mean_distribution_entropy": 0.0, "fpem/effective_expert_number": 1.0, "fpem/max_expert_usage_ratio": 0.0, "fpem/min_expert_usage_ratio": 0.0, "fpem/prototype_pairwise_cosine": 0.0, "fpem/expert_prediction_pairwise_cosine": 0.0, "fpem/expert_collapse_warning": 0.0, "fpem/env_route_target_mode_env_prototype": 0.0, "fpem/env_route_target_mode_hybrid": 0.0, "fpem/env_route_hybrid_alpha": 0.0, "fpem/env_route_train_mode_warmup_risk_sinkhorn": 0.0, "fpem/warmup_risk_stage_warmup": 0.0, "fpem/warmup_risk_stage_soft": 0.0, "fpem/warmup_risk_stage_hard": 0.0, "fpem/warmup_risk_selected_loss": 0.0, "fpem/warmup_risk_uniform_common_loss": 0.0, "fpem/warmup_risk_lambda_common": 0.0, "fpem/warmup_risk_total_common_term": 0.0, "fpem/warmup_risk_temperature": 0.0, "fpem/warmup_risk_temperature_progress": 0.0, "fpem/uniform_expert_mae": 0.0, "fpem/risk_routed_mae": 0.0, "fpem/risk_prediction_mae": 0.0, "fpem/risk_loss": 0.0, "fpem/risk_ranking_loss": 0.0, "fpem/risk_ranking_accuracy": 0.0, "fpem/risk_oracle_argmin_accuracy": 0.0, "fpem/risk_router_temperature": 0.0, "fpem/risk_router_lambda": 0.0, "fpem/risk_router_pairwise_lambda": 0.0, "fpem/env_route_train_mode_progressive_gmm_environment": 0.0, "fpem/top_level_prediction_source_progressive_gmm_teacher_hard": 0.0, "fpem/progressive_assignment_uses_target_or_prediction_error": 0.0, "fpem/progressive_partition_ready": 0.0, "fpem/progressive_selected_k": 0.0, "fpem/progressive_active_expert_count": 0.0, "fpem/progressive_last_partition_epoch": 0.0, "fpem/progressive_lambda_common": 0.0, "fpem/progressive_common_term": 0.0, "fpem/progressive_compactness_loss": 0.0, "fpem/progressive_consistency_loss": 0.0, "fpem/progressive_cluster_entropy": 0.0, "fpem/progressive_assignment_change_ratio": 0.0, "fpem/progressive_hungarian_overlap_score": 0.0, "fpem/progressive_partition_update_time_sec": 0.0, "fpem/progressive_routed_mae": 0.0, "fpem/progressive_gmm_environment_total_replaces_primary": 0.0, "fpem/env_route_count_head_0": 16.0, "fpem/env_route_oracle_count_head_0": 16.0, "fpem/route_count_env_head_0": 16.0, "fpem/route_soft_mean_expert_0": 1.0, "fpem/route_hard_count_expert_0": 16.0, "fpem/hard_count_expert_0": 16.0, "fpem/sinkhorn_soft_col_mass_expert_0": 0.0, "fpem/progressive_active_expert_0": 0.0, "fpem/progressive_cluster_size_0": 0.0, "fpem/progressive_cluster_ratio_0": 0.0, "fpem/progressive_cluster_to_expert_0": 0.0, "fpem/progressive_bic_k1": 0.0, "fpem/progressive_bic_score_k1": 0.0, "fpem/progressive_bic_rejected_k1": 0.0, "fpem/hyper_alpha_head_0": 0.0, "fpem/hyper_gamma_norm_head_0": 0.0, "fpem/hyper_beta_norm_head_0": 0.0, "fpem/expert_cross_mae_group_0_expert_0": 9.411111586434501, "fpem/load_expert_loss": 9.411111586434501, "fpem/conservative_override_router_loss": 0.30832546857141313, "fpem/hard_router_loss": 0.30832546857141313, "fpem/load_level_assignment_detached": 1.0, "fpem/load_level_count_0": 1680.0, "fpem/load_level_ratio_0": 1.0, "fpem/expert_0_global_loss": 9.411111586434501, "fpem/expert_0_selected_loss": 9.411111586434501, "fpem/conservative_all_environment_mae": 9.411111586434501, "fpem/conservative_all_invariant_mae": 9.662237448919386, "fpem/conservative_selective_hard_routing_mae": 9.411111586434501, "fpem/conservative_oracle_mae": 9.356773103986468, "fpem/conservative_router_accuracy": 0.7464285714285714, "fpem/conservative_router_balanced_accuracy": 0.5047619047619047, "fpem/conservative_invariant_switch_coverage": 0.0, "fpem/conservative_invariant_switch_precision": 0.0, "fpem/conservative_correct_beneficial_switches": 0.0, "fpem/conservative_harmful_invariant_switches": 0.0, "fpem/conservative_saved_loss_from_correct_switches": 0.0, "fpem/conservative_added_loss_from_harmful_switches": 0.0, "fpem/conservative_net_routing_gain": 0.0, "fpem/conservative_oracle_gap_closed": 0.0, "fpem/conservative_selected_threshold": 0.5, "fpem/conservative_selected_margin": 0.0, "fpem/conservative_delta_mean": -0.2511259179739725, "fpem/conservative_delta_positive_ratio": 0.25357142857142856, "fpem/conservative_target_inv_ratio": 0.25357142857142856, "fpem/conservative_p_inv_mean": 0.09845482284824053, "fpem/conservative_p_inv_min": 0.05531766455443132, "fpem/conservative_p_inv_max": 0.16340729392000608, "fpem/conservative_prediction_is_hard_route": 1.0, "fpem/conservative_prediction_is_soft_fusion": 0.0, "fpem/conservative_router_target_detached": 1.0, "fpem/conservative_delta_detached": 1.0, "fpem/conservative_harmful_switch_weight": 2.0, "fpem/hard_router_predicted_env_ratio": 1.0, "fpem/hard_router_effective_env_ratio": 1.0, "fpem/hard_router_target_env_ratio": 0.7464285714285714, "fpem/hard_router_gain_mean": -0.2511259179739725, "fpem/hard_router_margin_mean": 0.0, "fpem/conservative_router_supervision_enabled": 1.0, "fpem/conservative_router_weight_mean": 0.9999999914850507, "fpem/conservative_router_weight_min": 0.06990298794782056, "fpem/conservative_router_weight_max": 3.0201285793667747, "fpem/expert_prediction_pairwise_difference": 0.0, "fpem/delta_pairwise_cosine": 0.0, "fpem/delta_pairwise_l1": 0.0, "fpem/delta_pairwise_l2": 0.0, "fpem/expert_0_parameter_norm": 14.937622815086728, "fpem/hard_binary_router_enabled": 1.0, "fpem/hard_router_uses_target_in_forward": 0.0, "fpem/stored_future_c_loaded": 0.0, "fpem/prediction_is_weighted_complete_fusion": 0.0, "fpem/prediction_is_hard_route": 1.0, "fpem/conservative_inv_override_enabled": 1.0, "fpem/conservative_router_features_detached": 1.0, "fpem/future_mi_loss": 0.0, "fpem/future_mi_valid": 0.0, "fpem/future_mi_logvar_mean": 0.0, "fpem/future_mi_target_mode_env_encoder": 0.0, "fpem/swap_loss": 0.0, "fpem/swap_diff_loss": 0.0, "fpem/swap_same_loss": 0.0, "fpem/swap_gain_mean": 0.0, "fpem/swap_s_gain_mean": 0.0, "fpem/swap_fallback_router_loss": 0.0, "fpem/swap_fallback_q_mean": 0.0, "fpem/swap_prediction_delta": 0.0, "fpem/swap_route_delta": 0.0, "fpem/swap_hyper_alpha_delta": 0.0, "fpem/swap_hyper_delta_norm": 0.0, "fpem/loss_env_day": 0.0, "fpem/loss_env_hour": 0.0, "fpem/loss_env_rush": 0.0, "fpem/env_day_acc": 0.0, "fpem/env_hour_acc": 0.0, "fpem/env_rush_acc": 0.0, "fpem/loss_env_supcon": 0.0, "fpem/env_supcon_valid_pairs": 0.0, "fpem/loss_inv_env_adv": 0.0, "fpem/inv_day_acc": 0.0, "fpem/inv_hour_acc": 0.0, "fpem/inv_rush_acc": 0.0, "fpem/loss_cross_cov_sep": 0.0, "fpem/load_level_experts_enabled": 1.0, "fpem/load_level_uses_target_or_future_load": 0.0, "fpem/environment_gate_uses_target_in_forward": 0.0, "fpem/load_level_env_residual_scale": 0.0, "fpem/uses_cached_observable_load_prior": 1.0, "fpem/primary_loss": 8.99863802137829, "fpem/inv_pred_loss": 9.2192933400472, "fpem/primary_uses_route": 1.0, "fpem/primary_uses_env_fusion": 0.0, "fpem/backbone_agcrn": 1.0, "fpem/backbone_graphwavenet": 0.0, "fpem/backbone_staeformer": 0.0, "fpem/gc_pred_loss_only": 1.0, "fpem/env_route_head_mode_hyper_proto": 1.0, "fpem/fpem_force_uniform_route": 0.0, "fpem/hard_prediction_sinkhorn_total_replaces_primary": 0.0, "fpem/hard_prediction_environment_sinkhorn_total_replaces_primary": 0.0, "fpem/warmup_risk_sinkhorn_total_replaces_primary": 0.0, "fpem/lambda_club_mi": 0.0}, "conservative_override_threshold_selection": {"split": "val", "threshold": 0.5, "margin": 0.0, "mae": 11.625545501708984, "loss": 11.828433010313246, "mape": 0.17925123870372772, "confirmed_result": {"loss": 11.828433010313246, "mae": 11.625545501708984, "mape": 0.17925123870372772}}}
CONSERVATIVE_OVERRIDE_THRESHOLD_SELECTION {"split": "val", "threshold": 0.5, "margin": 0.0, "mae": 11.616690635681152, "loss": 11.815896775987413, "mape": 0.17871861159801483, "confirmed_result": {"loss": 11.815896775987413, "mae": 11.616690635681152, "mape": 0.17871861159801483}}
EPOCH {"epoch": 37, "train_loss": 11.14124272664388, "val": {"loss": 11.815896775987413, "mae": 11.616690635681152, "mape": 0.17871861159801483}, "test_mixed": {"loss": 10.619210025242397, "mae": 10.60706615447998, "mape": 0.16526338458061218}, "test_workday": {"loss": 10.495933449786643, "mae": 10.51982593536377, "mape": 0.16562674939632416}, "test_holiday": {"loss": 10.822546084721884, "mae": 10.75834846496582, "mape": 0.16463327407836914}, "test_avg_mae": 10.639087200164795, "best_selection_value": 10.639087200164795, "best_selection_split": "test_avg_DIAGNOSTIC", "best_selection_metric": "test_avg_mae", "lr": 0.001, "fpem_logs": {"fpem/fpem_env_use_exogenous": 1.0, "fpem/env_exogenous_available": 1.0, "fpem/env_exogenous_time_available": 1.0, "fpem/env_exogenous_load_available": 1.0, "fpem/env_exogenous_feature_dim": 32.0, "fpem/env_exogenous_embedding_norm": 2.802290410087222, "fpem/env_exogenous_load_embedding_norm": 1.9722931646165394, "fpem/env_rep_ablation_normal": 1.0, "fpem/env_rep_ablation_zero": 0.0, "fpem/env_rep_ablation_shuffle_batch": 0.0, "fpem/env_rep_ablation_mode_id": 0.0, "fpem/mask_loss": 0.0, "fpem/mask_sparse_loss": 0.0, "fpem/mask_entropy_loss": 0.0, "fpem/mask_mean": 1.0, "fpem/mask_entropy": 0.0, "fpem/mask_active_ratio": 1.0, "fpem/fusion_alpha_mean": 0.0, "fpem/fusion_alpha_std": 0.0, "fpem/fusion_alpha_min": 0.0, "fpem/fusion_alpha_max": 0.0, "fpem/env_route_loss": 2.150746488571167, "fpem/env_route_L_final": 8.973654192969912, "fpem/env_route_L_global": 0.0, "fpem/env_route_L_route_soft": 0.0, "fpem/env_route_L_expert": 9.386673332396008, "fpem/env_route_L_router_oracle": 0.2734117939713455, "fpem/env_route_L_balance": 0.0, "fpem/env_route_L_diverse": 0.0, "fpem/env_route_L_proto_align": 0.0, "fpem/env_route_entropy": 0.0, "fpem/env_route_q_max_mean": 0.0, "fpem/hyper_alpha_mean": 0.0, "fpem/hyper_delta_norm": 0.0, "fpem/hyper_route_proto_mode_uniform_warmup": 0.0, "fpem/hyper_route_proto_mode_uniform_fixed": 0.0, "fpem/hyper_route_proto_mode_sinkhorn": 0.0, "fpem/hyper_route_proto_mode_softmax": 0.0, "fpem/fallback_q_mean": 0.0, "fpem/fallback_q_max": 0.0, "fpem/env_q_sum_mean": 1.0, "fpem/oracle_fallback_rate": 0.0, "fpem/route_count_fallback": 0.0, "fpem/env_route_head_mode": 1.0, "fpem/route_entropy_mean": 0.0, "fpem/route_mean_distribution_entropy": 0.0, "fpem/effective_expert_number": 1.0, "fpem/max_expert_usage_ratio": 0.0, "fpem/min_expert_usage_ratio": 0.0, "fpem/prototype_pairwise_cosine": 0.0, "fpem/expert_prediction_pairwise_cosine": 0.0, "fpem/expert_collapse_warning": 0.0, "fpem/env_route_target_mode_env_prototype": 0.0, "fpem/env_route_target_mode_hybrid": 0.0, "fpem/env_route_hybrid_alpha": 0.0, "fpem/env_route_train_mode_warmup_risk_sinkhorn": 0.0, "fpem/warmup_risk_stage_warmup": 0.0, "fpem/warmup_risk_stage_soft": 0.0, "fpem/warmup_risk_stage_hard": 0.0, "fpem/warmup_risk_selected_loss": 0.0, "fpem/warmup_risk_uniform_common_loss": 0.0, "fpem/warmup_risk_lambda_common": 0.0, "fpem/warmup_risk_total_common_term": 0.0, "fpem/warmup_risk_temperature": 0.0, "fpem/warmup_risk_temperature_progress": 0.0, "fpem/uniform_expert_mae": 0.0, "fpem/risk_routed_mae": 0.0, "fpem/risk_prediction_mae": 0.0, "fpem/risk_loss": 0.0, "fpem/risk_ranking_loss": 0.0, "fpem/risk_ranking_accuracy": 0.0, "fpem/risk_oracle_argmin_accuracy": 0.0, "fpem/risk_router_temperature": 0.0, "fpem/risk_router_lambda": 0.0, "fpem/risk_router_pairwise_lambda": 0.0, "fpem/env_route_train_mode_progressive_gmm_environment": 0.0, "fpem/top_level_prediction_source_progressive_gmm_teacher_hard": 0.0, "fpem/progressive_assignment_uses_target_or_prediction_error": 0.0, "fpem/progressive_partition_ready": 0.0, "fpem/progressive_selected_k": 0.0, "fpem/progressive_active_expert_count": 0.0, "fpem/progressive_last_partition_epoch": 0.0, "fpem/progressive_lambda_common": 0.0, "fpem/progressive_common_term": 0.0, "fpem/progressive_compactness_loss": 0.0, "fpem/progressive_consistency_loss": 0.0, "fpem/progressive_cluster_entropy": 0.0, "fpem/progressive_assignment_change_ratio": 0.0, "fpem/progressive_hungarian_overlap_score": 0.0, "fpem/progressive_partition_update_time_sec": 0.0, "fpem/progressive_routed_mae": 0.0, "fpem/progressive_gmm_environment_total_replaces_primary": 0.0, "fpem/env_route_count_head_0": 16.0, "fpem/env_route_oracle_count_head_0": 16.0, "fpem/route_count_env_head_0": 16.0, "fpem/route_soft_mean_expert_0": 1.0, "fpem/route_hard_count_expert_0": 16.0, "fpem/hard_count_expert_0": 16.0, "fpem/sinkhorn_soft_col_mass_expert_0": 0.0, "fpem/progressive_active_expert_0": 0.0, "fpem/progressive_cluster_size_0": 0.0, "fpem/progressive_cluster_ratio_0": 0.0, "fpem/progressive_cluster_to_expert_0": 0.0, "fpem/progressive_bic_k1": 0.0, "fpem/progressive_bic_score_k1": 0.0, "fpem/progressive_bic_rejected_k1": 0.0, "fpem/hyper_alpha_head_0": 0.0, "fpem/hyper_gamma_norm_head_0": 0.0, "fpem/hyper_beta_norm_head_0": 0.0, "fpem/expert_cross_mae_group_0_expert_0": 9.386673332396008, "fpem/load_expert_loss": 9.386673332396008, "fpem/conservative_override_router_loss": 0.2734117939713455, "fpem/hard_router_loss": 0.2734117939713455, "fpem/load_level_assignment_detached": 1.0, "fpem/load_level_count_0": 1680.0, "fpem/load_level_ratio_0": 1.0, "fpem/expert_0_global_loss": 9.386673332396008, "fpem/expert_0_selected_loss": 9.386673332396008, "fpem/conservative_all_environment_mae": 9.386673332396008, "fpem/conservative_all_invariant_mae": 9.662237467084612, "fpem/conservative_selective_hard_routing_mae": 9.386673332396008, "fpem/conservative_oracle_mae": 9.333132416861398, "fpem/conservative_router_accuracy": 0.7708333333333334, "fpem/conservative_router_balanced_accuracy": 0.5190476190476191, "fpem/conservative_invariant_switch_coverage": 0.0, "fpem/conservative_invariant_switch_precision": 0.0, "fpem/conservative_correct_beneficial_switches": 0.0, "fpem/conservative_harmful_invariant_switches": 0.0, "fpem/conservative_saved_loss_from_correct_switches": 0.0, "fpem/conservative_added_loss_from_harmful_switches": 0.0, "fpem/conservative_net_routing_gain": 0.0, "fpem/conservative_oracle_gap_closed": 0.0, "fpem/conservative_selected_threshold": 0.5, "fpem/conservative_selected_margin": 0.0, "fpem/conservative_delta_mean": -0.2755642438218707, "fpem/conservative_delta_positive_ratio": 0.22916666666666666, "fpem/conservative_target_inv_ratio": 0.22916666666666666, "fpem/conservative_p_inv_mean": 0.08470881042026338, "fpem/conservative_p_inv_min": 0.044742542185953686, "fpem/conservative_p_inv_max": 0.14711783613477433, "fpem/conservative_prediction_is_hard_route": 1.0, "fpem/conservative_prediction_is_soft_fusion": 0.0, "fpem/conservative_router_target_detached": 1.0, "fpem/conservative_delta_detached": 1.0, "fpem/conservative_harmful_switch_weight": 2.0, "fpem/hard_router_predicted_env_ratio": 1.0, "fpem/hard_router_effective_env_ratio": 1.0, "fpem/hard_router_target_env_ratio": 0.7708333333333334, "fpem/hard_router_gain_mean": -0.2755642438218707, "fpem/hard_router_margin_mean": 0.0, "fpem/conservative_router_supervision_enabled": 1.0, "fpem/conservative_router_weight_mean": 0.999999989782061, "fpem/conservative_router_weight_min": 0.06668436699519156, "fpem/conservative_router_weight_max": 2.987011572292873, "fpem/expert_prediction_pairwise_difference": 0.0, "fpem/delta_pairwise_cosine": 0.0, "fpem/delta_pairwise_l1": 0.0, "fpem/delta_pairwise_l2": 0.0, "fpem/expert_0_parameter_norm": 14.93796901702881, "fpem/hard_binary_router_enabled": 1.0, "fpem/hard_router_uses_target_in_forward": 0.0, "fpem/stored_future_c_loaded": 0.0, "fpem/prediction_is_weighted_complete_fusion": 0.0, "fpem/prediction_is_hard_route": 1.0, "fpem/conservative_inv_override_enabled": 1.0, "fpem/conservative_router_features_detached": 1.0, "fpem/future_mi_loss": 0.0, "fpem/future_mi_valid": 0.0, "fpem/future_mi_logvar_mean": 0.0, "fpem/future_mi_target_mode_env_encoder": 0.0, "fpem/swap_loss": 0.0, "fpem/swap_diff_loss": 0.0, "fpem/swap_same_loss": 0.0, "fpem/swap_gain_mean": 0.0, "fpem/swap_s_gain_mean": 0.0, "fpem/swap_fallback_router_loss": 0.0, "fpem/swap_fallback_q_mean": 0.0, "fpem/swap_prediction_delta": 0.0, "fpem/swap_route_delta": 0.0, "fpem/swap_hyper_alpha_delta": 0.0, "fpem/swap_hyper_delta_norm": 0.0, "fpem/loss_env_day": 0.0, "fpem/loss_env_hour": 0.0, "fpem/loss_env_rush": 0.0, "fpem/env_day_acc": 0.0, "fpem/env_hour_acc": 0.0, "fpem/env_rush_acc": 0.0, "fpem/loss_env_supcon": 0.0, "fpem/env_supcon_valid_pairs": 0.0, "fpem/loss_inv_env_adv": 0.0, "fpem/inv_day_acc": 0.0, "fpem/inv_hour_acc": 0.0, "fpem/inv_rush_acc": 0.0, "fpem/loss_cross_cov_sep": 0.0, "fpem/load_level_experts_enabled": 1.0, "fpem/load_level_uses_target_or_future_load": 0.0, "fpem/environment_gate_uses_target_in_forward": 0.0, "fpem/load_level_env_residual_scale": 0.0, "fpem/uses_cached_observable_load_prior": 1.0, "fpem/primary_loss": 8.973654192969912, "fpem/inv_pred_loss": 9.213842977796283, "fpem/primary_uses_route": 1.0, "fpem/primary_uses_env_fusion": 0.0, "fpem/backbone_agcrn": 1.0, "fpem/backbone_graphwavenet": 0.0, "fpem/backbone_staeformer": 0.0, "fpem/gc_pred_loss_only": 1.0, "fpem/env_route_head_mode_hyper_proto": 1.0, "fpem/fpem_force_uniform_route": 0.0, "fpem/hard_prediction_sinkhorn_total_replaces_primary": 0.0, "fpem/hard_prediction_environment_sinkhorn_total_replaces_primary": 0.0, "fpem/warmup_risk_sinkhorn_total_replaces_primary": 0.0, "fpem/lambda_club_mi": 0.0}, "conservative_override_threshold_selection": {"split": "val", "threshold": 0.5, "margin": 0.0, "mae": 11.616690635681152, "loss": 11.815896775987413, "mape": 0.17871861159801483, "confirmed_result": {"loss": 11.815896775987413, "mae": 11.616690635681152, "mape": 0.17871861159801483}}}
CONSERVATIVE_OVERRIDE_THRESHOLD_SELECTION {"split": "val", "threshold": 0.5, "margin": 0.0, "mae": 11.558365821838379, "loss": 11.772323926289877, "mape": 0.18052241206169128, "confirmed_result": {"loss": 11.772323926289877, "mae": 11.558365821838379, "mape": 0.18052241206169128}}
EPOCH {"epoch": 38, "train_loss": 11.130066744486491, "val": {"loss": 11.772323926289877, "mae": 11.558365821838379, "mape": 0.18052241206169128}, "test_mixed": {"loss": 10.561989375523158, "mae": 10.548707962036133, "mape": 0.16622252762317657}, "test_workday": {"loss": 10.438588474107826, "mae": 10.461627960205078, "mape": 0.1665145456790924}, "test_holiday": {"loss": 10.765231450398764, "mae": 10.699715614318848, "mape": 0.16571609675884247}, "test_avg_mae": 10.580671787261963, "best_selection_value": 10.580671787261963, "best_selection_split": "test_avg_DIAGNOSTIC", "best_selection_metric": "test_avg_mae", "lr": 0.001, "fpem_logs": {"fpem/fpem_env_use_exogenous": 1.0, "fpem/env_exogenous_available": 1.0, "fpem/env_exogenous_time_available": 1.0, "fpem/env_exogenous_load_available": 1.0, "fpem/env_exogenous_feature_dim": 32.0, "fpem/env_exogenous_embedding_norm": 2.807751603353591, "fpem/env_exogenous_load_embedding_norm": 1.97514697710673, "fpem/env_rep_ablation_normal": 1.0, "fpem/env_rep_ablation_zero": 0.0, "fpem/env_rep_ablation_shuffle_batch": 0.0, "fpem/env_rep_ablation_mode_id": 0.0, "fpem/mask_loss": 0.0, "fpem/mask_sparse_loss": 0.0, "fpem/mask_entropy_loss": 0.0, "fpem/mask_mean": 1.0, "fpem/mask_entropy": 0.0, "fpem/mask_active_ratio": 1.0, "fpem/fusion_alpha_mean": 0.0, "fpem/fusion_alpha_std": 0.0, "fpem/fusion_alpha_min": 0.0, "fpem/fusion_alpha_max": 0.0, "fpem/env_route_loss": 2.1371333678563436, "fpem/env_route_L_final": 8.974114504314604, "fpem/env_route_L_global": 0.0, "fpem/env_route_L_route_soft": 0.0, "fpem/env_route_L_expert": 9.383181004297166, "fpem/env_route_L_router_oracle": 0.26049713570447197, "fpem/env_route_L_balance": 0.0, "fpem/env_route_L_diverse": 0.0, "fpem/env_route_L_proto_align": 0.0, "fpem/env_route_entropy": 0.0, "fpem/env_route_q_max_mean": 0.0, "fpem/hyper_alpha_mean": 0.0, "fpem/hyper_delta_norm": 0.0, "fpem/hyper_route_proto_mode_uniform_warmup": 0.0, "fpem/hyper_route_proto_mode_uniform_fixed": 0.0, "fpem/hyper_route_proto_mode_sinkhorn": 0.0, "fpem/hyper_route_proto_mode_softmax": 0.0, "fpem/fallback_q_mean": 0.0, "fpem/fallback_q_max": 0.0, "fpem/env_q_sum_mean": 1.0, "fpem/oracle_fallback_rate": 0.0, "fpem/route_count_fallback": 0.0, "fpem/env_route_head_mode": 1.0, "fpem/route_entropy_mean": 0.0, "fpem/route_mean_distribution_entropy": 0.0, "fpem/effective_expert_number": 1.0, "fpem/max_expert_usage_ratio": 0.0, "fpem/min_expert_usage_ratio": 0.0, "fpem/prototype_pairwise_cosine": 0.0, "fpem/expert_prediction_pairwise_cosine": 0.0, "fpem/expert_collapse_warning": 0.0, "fpem/env_route_target_mode_env_prototype": 0.0, "fpem/env_route_target_mode_hybrid": 0.0, "fpem/env_route_hybrid_alpha": 0.0, "fpem/env_route_train_mode_warmup_risk_sinkhorn": 0.0, "fpem/warmup_risk_stage_warmup": 0.0, "fpem/warmup_risk_stage_soft": 0.0, "fpem/warmup_risk_stage_hard": 0.0, "fpem/warmup_risk_selected_loss": 0.0, "fpem/warmup_risk_uniform_common_loss": 0.0, "fpem/warmup_risk_lambda_common": 0.0, "fpem/warmup_risk_total_common_term": 0.0, "fpem/warmup_risk_temperature": 0.0, "fpem/warmup_risk_temperature_progress": 0.0, "fpem/uniform_expert_mae": 0.0, "fpem/risk_routed_mae": 0.0, "fpem/risk_prediction_mae": 0.0, "fpem/risk_loss": 0.0, "fpem/risk_ranking_loss": 0.0, "fpem/risk_ranking_accuracy": 0.0, "fpem/risk_oracle_argmin_accuracy": 0.0, "fpem/risk_router_temperature": 0.0, "fpem/risk_router_lambda": 0.0, "fpem/risk_router_pairwise_lambda": 0.0, "fpem/env_route_train_mode_progressive_gmm_environment": 0.0, "fpem/top_level_prediction_source_progressive_gmm_teacher_hard": 0.0, "fpem/progressive_assignment_uses_target_or_prediction_error": 0.0, "fpem/progressive_partition_ready": 0.0, "fpem/progressive_selected_k": 0.0, "fpem/progressive_active_expert_count": 0.0, "fpem/progressive_last_partition_epoch": 0.0, "fpem/progressive_lambda_common": 0.0, "fpem/progressive_common_term": 0.0, "fpem/progressive_compactness_loss": 0.0, "fpem/progressive_consistency_loss": 0.0, "fpem/progressive_cluster_entropy": 0.0, "fpem/progressive_assignment_change_ratio": 0.0, "fpem/progressive_hungarian_overlap_score": 0.0, "fpem/progressive_partition_update_time_sec": 0.0, "fpem/progressive_routed_mae": 0.0, "fpem/progressive_gmm_environment_total_replaces_primary": 0.0, "fpem/env_route_count_head_0": 16.0, "fpem/env_route_oracle_count_head_0": 16.0, "fpem/route_count_env_head_0": 16.0, "fpem/route_soft_mean_expert_0": 1.0, "fpem/route_hard_count_expert_0": 16.0, "fpem/hard_count_expert_0": 16.0, "fpem/sinkhorn_soft_col_mass_expert_0": 0.0, "fpem/progressive_active_expert_0": 0.0, "fpem/progressive_cluster_size_0": 0.0, "fpem/progressive_cluster_ratio_0": 0.0, "fpem/progressive_cluster_to_expert_0": 0.0, "fpem/progressive_bic_k1": 0.0, "fpem/progressive_bic_score_k1": 0.0, "fpem/progressive_bic_rejected_k1": 0.0, "fpem/hyper_alpha_head_0": 0.0, "fpem/hyper_gamma_norm_head_0": 0.0, "fpem/hyper_beta_norm_head_0": 0.0, "fpem/expert_cross_mae_group_0_expert_0": 9.383181004297166, "fpem/load_expert_loss": 9.383181004297166, "fpem/conservative_override_router_loss": 0.26049713570447197, "fpem/hard_router_loss": 0.26049713570447197, "fpem/load_level_assignment_detached": 1.0, "fpem/load_level_count_0": 1680.0, "fpem/load_level_ratio_0": 1.0, "fpem/expert_0_global_loss": 9.383181004297166, "fpem/expert_0_selected_loss": 9.383181004297166, "fpem/conservative_all_environment_mae": 9.383181004297166, "fpem/conservative_all_invariant_mae": 9.662237485249838, "fpem/conservative_selective_hard_routing_mae": 9.383181004297166, "fpem/conservative_oracle_mae": 9.335291880653019, "fpem/conservative_router_accuracy": 0.775, "fpem/conservative_router_balanced_accuracy": 0.5047619047619047, "fpem/conservative_invariant_switch_coverage": 0.0, "fpem/conservative_invariant_switch_precision": 0.0, "fpem/conservative_correct_beneficial_switches": 0.0, "fpem/conservative_harmful_invariant_switches": 0.0, "fpem/conservative_saved_loss_from_correct_switches": 0.0, "fpem/conservative_added_loss_from_harmful_switches": 0.0, "fpem/conservative_net_routing_gain": 0.0, "fpem/conservative_oracle_gap_closed": 0.0, "fpem/conservative_selected_threshold": 0.5, "fpem/conservative_selected_margin": 0.0, "fpem/conservative_delta_mean": -0.27905653204236713, "fpem/conservative_delta_positive_ratio": 0.225, "fpem/conservative_target_inv_ratio": 0.225, "fpem/conservative_p_inv_mean": 0.07244443219332468, "fpem/conservative_p_inv_min": 0.03660713934472629, "fpem/conservative_p_inv_max": 0.12400091191132863, "fpem/conservative_prediction_is_hard_route": 1.0, "fpem/conservative_prediction_is_soft_fusion": 0.0, "fpem/conservative_router_target_detached": 1.0, "fpem/conservative_delta_detached": 1.0, "fpem/conservative_harmful_switch_weight": 2.0, "fpem/hard_router_predicted_env_ratio": 1.0, "fpem/hard_router_effective_env_ratio": 1.0, "fpem/hard_router_target_env_ratio": 0.775, "fpem/hard_router_gain_mean": -0.27905653204236713, "fpem/hard_router_margin_mean": 0.0, "fpem/conservative_router_supervision_enabled": 1.0, "fpem/conservative_router_weight_mean": 0.9999999880790711, "fpem/conservative_router_weight_min": 0.06995336384168782, "fpem/conservative_router_weight_max": 2.9189380293800715, "fpem/expert_prediction_pairwise_difference": 0.0, "fpem/delta_pairwise_cosine": 0.0, "fpem/delta_pairwise_l1": 0.0, "fpem/delta_pairwise_l2": 0.0, "fpem/expert_0_parameter_norm": 14.941135015941802, "fpem/hard_binary_router_enabled": 1.0, "fpem/hard_router_uses_target_in_forward": 0.0, "fpem/stored_future_c_loaded": 0.0, "fpem/prediction_is_weighted_complete_fusion": 0.0, "fpem/prediction_is_hard_route": 1.0, "fpem/conservative_inv_override_enabled": 1.0, "fpem/conservative_router_features_detached": 1.0, "fpem/future_mi_loss": 0.0, "fpem/future_mi_valid": 0.0, "fpem/future_mi_logvar_mean": 0.0, "fpem/future_mi_target_mode_env_encoder": 0.0, "fpem/swap_loss": 0.0, "fpem/swap_diff_loss": 0.0, "fpem/swap_same_loss": 0.0, "fpem/swap_gain_mean": 0.0, "fpem/swap_s_gain_mean": 0.0, "fpem/swap_fallback_router_loss": 0.0, "fpem/swap_fallback_q_mean": 0.0, "fpem/swap_prediction_delta": 0.0, "fpem/swap_route_delta": 0.0, "fpem/swap_hyper_alpha_delta": 0.0, "fpem/swap_hyper_delta_norm": 0.0, "fpem/loss_env_day": 0.0, "fpem/loss_env_hour": 0.0, "fpem/loss_env_rush": 0.0, "fpem/env_day_acc": 0.0, "fpem/env_hour_acc": 0.0, "fpem/env_rush_acc": 0.0, "fpem/loss_env_supcon": 0.0, "fpem/env_supcon_valid_pairs": 0.0, "fpem/loss_inv_env_adv": 0.0, "fpem/inv_day_acc": 0.0, "fpem/inv_hour_acc": 0.0, "fpem/inv_rush_acc": 0.0, "fpem/loss_cross_cov_sep": 0.0, "fpem/load_level_experts_enabled": 1.0, "fpem/load_level_uses_target_or_future_load": 0.0, "fpem/environment_gate_uses_target_in_forward": 0.0, "fpem/load_level_env_residual_scale": 0.0, "fpem/uses_cached_observable_load_prior": 1.0, "fpem/primary_loss": 8.974114504314604, "fpem/inv_pred_loss": 9.217493266151065, "fpem/primary_uses_route": 1.0, "fpem/primary_uses_env_fusion": 0.0, "fpem/backbone_agcrn": 1.0, "fpem/backbone_graphwavenet": 0.0, "fpem/backbone_staeformer": 0.0, "fpem/gc_pred_loss_only": 1.0, "fpem/env_route_head_mode_hyper_proto": 1.0, "fpem/fpem_force_uniform_route": 0.0, "fpem/hard_prediction_sinkhorn_total_replaces_primary": 0.0, "fpem/hard_prediction_environment_sinkhorn_total_replaces_primary": 0.0, "fpem/warmup_risk_sinkhorn_total_replaces_primary": 0.0, "fpem/lambda_club_mi": 0.0}, "conservative_override_threshold_selection": {"split": "val", "threshold": 0.5, "margin": 0.0, "mae": 11.558365821838379, "loss": 11.772323926289877, "mape": 0.18052241206169128, "confirmed_result": {"loss": 11.772323926289877, "mae": 11.558365821838379, "mape": 0.18052241206169128}}}
CONSERVATIVE_OVERRIDE_THRESHOLD_SELECTION {"split": "val", "threshold": 0.5, "margin": 0.0, "mae": 11.589455604553223, "loss": 11.803659915924072, "mape": 0.18127095699310303, "confirmed_result": {"loss": 11.803659915924072, "mae": 11.589455604553223, "mape": 0.18127095699310303}}
EPOCH {"epoch": 39, "train_loss": 11.113474046616327, "val": {"loss": 11.803659915924072, "mae": 11.589455604553223, "mape": 0.18127095699310303}, "test_mixed": {"loss": 10.580149596078055, "mae": 10.564996719360352, "mape": 0.1665821373462677}, "test_workday": {"loss": 10.452801061713178, "mae": 10.473628044128418, "mape": 0.16672982275485992}, "test_holiday": {"loss": 10.790354371070862, "mae": 10.723440170288086, "mape": 0.16632600128650665}, "test_avg_mae": 10.598534107208252, "best_selection_value": 10.598534107208252, "best_selection_split": "test_avg_DIAGNOSTIC", "best_selection_metric": "test_avg_mae", "lr": 0.001, "fpem_logs": {"fpem/fpem_env_use_exogenous": 1.0, "fpem/env_exogenous_available": 1.0, "fpem/env_exogenous_time_available": 1.0, "fpem/env_exogenous_load_available": 1.0, "fpem/env_exogenous_feature_dim": 32.0, "fpem/env_exogenous_embedding_norm": 2.812139186405, "fpem/env_exogenous_load_embedding_norm": 1.9773409184955415, "fpem/env_rep_ablation_normal": 1.0, "fpem/env_rep_ablation_zero": 0.0, "fpem/env_rep_ablation_shuffle_batch": 0.0, "fpem/env_rep_ablation_mode_id": 0.0, "fpem/mask_loss": 0.0, "fpem/mask_sparse_loss": 0.0, "fpem/mask_entropy_loss": 0.0, "fpem/mask_mean": 1.0, "fpem/mask_entropy": 0.0, "fpem/mask_active_ratio": 1.0, "fpem/fusion_alpha_mean": 0.0, "fpem/fusion_alpha_std": 0.0, "fpem/fusion_alpha_min": 0.0, "fpem/fusion_alpha_max": 0.0, "fpem/env_route_loss": 2.13366957846142, "fpem/env_route_L_final": 8.970193222590856, "fpem/env_route_L_global": 0.0, "fpem/env_route_L_route_soft": 0.0, "fpem/env_route_L_expert": 9.381272647494361, "fpem/env_route_L_router_oracle": 0.2574150190466926, "fpem/env_route_L_balance": 0.0, "fpem/env_route_L_diverse": 0.0, "fpem/env_route_L_proto_align": 0.0, "fpem/env_route_entropy": 0.0, "fpem/env_route_q_max_mean": 0.0, "fpem/hyper_alpha_mean": 0.0, "fpem/hyper_delta_norm": 0.0, "fpem/hyper_route_proto_mode_uniform_warmup": 0.0, "fpem/hyper_route_proto_mode_uniform_fixed": 0.0, "fpem/hyper_route_proto_mode_sinkhorn": 0.0, "fpem/hyper_route_proto_mode_softmax": 0.0, "fpem/fallback_q_mean": 0.0, "fpem/fallback_q_max": 0.0, "fpem/env_q_sum_mean": 1.0, "fpem/oracle_fallback_rate": 0.0, "fpem/route_count_fallback": 0.0, "fpem/env_route_head_mode": 1.0, "fpem/route_entropy_mean": 0.0, "fpem/route_mean_distribution_entropy": 0.0, "fpem/effective_expert_number": 1.0, "fpem/max_expert_usage_ratio": 0.0, "fpem/min_expert_usage_ratio": 0.0, "fpem/prototype_pairwise_cosine": 0.0, "fpem/expert_prediction_pairwise_cosine": 0.0, "fpem/expert_collapse_warning": 0.0, "fpem/env_route_target_mode_env_prototype": 0.0, "fpem/env_route_target_mode_hybrid": 0.0, "fpem/env_route_hybrid_alpha": 0.0, "fpem/env_route_train_mode_warmup_risk_sinkhorn": 0.0, "fpem/warmup_risk_stage_warmup": 0.0, "fpem/warmup_risk_stage_soft": 0.0, "fpem/warmup_risk_stage_hard": 0.0, "fpem/warmup_risk_selected_loss": 0.0, "fpem/warmup_risk_uniform_common_loss": 0.0, "fpem/warmup_risk_lambda_common": 0.0, "fpem/warmup_risk_total_common_term": 0.0, "fpem/warmup_risk_temperature": 0.0, "fpem/warmup_risk_temperature_progress": 0.0, "fpem/uniform_expert_mae": 0.0, "fpem/risk_routed_mae": 0.0, "fpem/risk_prediction_mae": 0.0, "fpem/risk_loss": 0.0, "fpem/risk_ranking_loss": 0.0, "fpem/risk_ranking_accuracy": 0.0, "fpem/risk_oracle_argmin_accuracy": 0.0, "fpem/risk_router_temperature": 0.0, "fpem/risk_router_lambda": 0.0, "fpem/risk_router_pairwise_lambda": 0.0, "fpem/env_route_train_mode_progressive_gmm_environment": 0.0, "fpem/top_level_prediction_source_progressive_gmm_teacher_hard": 0.0, "fpem/progressive_assignment_uses_target_or_prediction_error": 0.0, "fpem/progressive_partition_ready": 0.0, "fpem/progressive_selected_k": 0.0, "fpem/progressive_active_expert_count": 0.0, "fpem/progressive_last_partition_epoch": 0.0, "fpem/progressive_lambda_common": 0.0, "fpem/progressive_common_term": 0.0, "fpem/progressive_compactness_loss": 0.0, "fpem/progressive_consistency_loss": 0.0, "fpem/progressive_cluster_entropy": 0.0, "fpem/progressive_assignment_change_ratio": 0.0, "fpem/progressive_hungarian_overlap_score": 0.0, "fpem/progressive_partition_update_time_sec": 0.0, "fpem/progressive_routed_mae": 0.0, "fpem/progressive_gmm_environment_total_replaces_primary": 0.0, "fpem/env_route_count_head_0": 16.0, "fpem/env_route_oracle_count_head_0": 16.0, "fpem/route_count_env_head_0": 16.0, "fpem/route_soft_mean_expert_0": 1.0, "fpem/route_hard_count_expert_0": 16.0, "fpem/hard_count_expert_0": 16.0, "fpem/sinkhorn_soft_col_mass_expert_0": 0.0, "fpem/progressive_active_expert_0": 0.0, "fpem/progressive_cluster_size_0": 0.0, "fpem/progressive_cluster_ratio_0": 0.0, "fpem/progressive_cluster_to_expert_0": 0.0, "fpem/progressive_bic_k1": 0.0, "fpem/progressive_bic_score_k1": 0.0, "fpem/progressive_bic_rejected_k1": 0.0, "fpem/hyper_alpha_head_0": 0.0, "fpem/hyper_gamma_norm_head_0": 0.0, "fpem/hyper_beta_norm_head_0": 0.0, "fpem/expert_cross_mae_group_0_expert_0": 9.381272647494361, "fpem/load_expert_loss": 9.381272647494361, "fpem/conservative_override_router_loss": 0.2574150190466926, "fpem/hard_router_loss": 0.2574150190466926, "fpem/load_level_assignment_detached": 1.0, "fpem/load_level_count_0": 1680.0, "fpem/load_level_ratio_0": 1.0, "fpem/expert_0_global_loss": 9.381272647494361, "fpem/expert_0_selected_loss": 9.381272647494361, "fpem/conservative_all_environment_mae": 9.381272647494361, "fpem/conservative_all_invariant_mae": 9.662237485249838, "fpem/conservative_selective_hard_routing_mae": 9.381272647494361, "fpem/conservative_oracle_mae": 9.333449009486607, "fpem/conservative_router_accuracy": 0.7761904761904762, "fpem/conservative_router_balanced_accuracy": 0.5095238095238095, "fpem/conservative_invariant_switch_coverage": 0.0, "fpem/conservative_invariant_switch_precision": 0.0, "fpem/conservative_correct_beneficial_switches": 0.0, "fpem/conservative_harmful_invariant_switches": 0.0, "fpem/conservative_saved_loss_from_correct_switches": 0.0, "fpem/conservative_added_loss_from_harmful_switches": 0.0, "fpem/conservative_net_routing_gain": 0.0, "fpem/conservative_oracle_gap_closed": 0.0, "fpem/conservative_selected_threshold": 0.5, "fpem/conservative_selected_margin": 0.0, "fpem/conservative_delta_mean": -0.28096483236267455, "fpem/conservative_delta_positive_ratio": 0.22380952380952382, "fpem/conservative_target_inv_ratio": 0.22380952380952382, "fpem/conservative_p_inv_mean": 0.07118813856726601, "fpem/conservative_p_inv_min": 0.03565922501009135, "fpem/conservative_p_inv_max": 0.12619817640100206, "fpem/conservative_prediction_is_hard_route": 1.0, "fpem/conservative_prediction_is_soft_fusion": 0.0, "fpem/conservative_router_target_detached": 1.0, "fpem/conservative_delta_detached": 1.0, "fpem/conservative_harmful_switch_weight": 2.0, "fpem/hard_router_predicted_env_ratio": 1.0, "fpem/hard_router_effective_env_ratio": 1.0, "fpem/hard_router_target_env_ratio": 0.7761904761904762, "fpem/hard_router_gain_mean": -0.28096483236267455, "fpem/hard_router_margin_mean": 0.0, "fpem/conservative_router_supervision_enabled": 1.0, "fpem/conservative_router_weight_mean": 0.9999999875114077, "fpem/conservative_router_weight_min": 0.06112339027846853, "fpem/conservative_router_weight_max": 2.9300414051328385, "fpem/expert_prediction_pairwise_difference": 0.0, "fpem/delta_pairwise_cosine": 0.0, "fpem/delta_pairwise_l1": 0.0, "fpem/delta_pairwise_l2": 0.0, "fpem/expert_0_parameter_norm": 14.943572825477236, "fpem/hard_binary_router_enabled": 1.0, "fpem/hard_router_uses_target_in_forward": 0.0, "fpem/stored_future_c_loaded": 0.0, "fpem/prediction_is_weighted_complete_fusion": 0.0, "fpem/prediction_is_hard_route": 1.0, "fpem/conservative_inv_override_enabled": 1.0, "fpem/conservative_router_features_detached": 1.0, "fpem/future_mi_loss": 0.0, "fpem/future_mi_valid": 0.0, "fpem/future_mi_logvar_mean": 0.0, "fpem/future_mi_target_mode_env_encoder": 0.0, "fpem/swap_loss": 0.0, "fpem/swap_diff_loss": 0.0, "fpem/swap_same_loss": 0.0, "fpem/swap_gain_mean": 0.0, "fpem/swap_s_gain_mean": 0.0, "fpem/swap_fallback_router_loss": 0.0, "fpem/swap_fallback_q_mean": 0.0, "fpem/swap_prediction_delta": 0.0, "fpem/swap_route_delta": 0.0, "fpem/swap_hyper_alpha_delta": 0.0, "fpem/swap_hyper_delta_norm": 0.0, "fpem/loss_env_day": 0.0, "fpem/loss_env_hour": 0.0, "fpem/loss_env_rush": 0.0, "fpem/env_day_acc": 0.0, "fpem/env_hour_acc": 0.0, "fpem/env_rush_acc": 0.0, "fpem/loss_env_supcon": 0.0, "fpem/env_supcon_valid_pairs": 0.0, "fpem/loss_inv_env_adv": 0.0, "fpem/inv_day_acc": 0.0, "fpem/inv_hour_acc": 0.0, "fpem/inv_rush_acc": 0.0, "fpem/loss_cross_cov_sep": 0.0, "fpem/load_level_experts_enabled": 1.0, "fpem/load_level_uses_target_or_future_load": 0.0, "fpem/environment_gate_uses_target_in_forward": 0.0, "fpem/load_level_env_residual_scale": 0.0, "fpem/uses_cached_observable_load_prior": 1.0, "fpem/primary_loss": 8.970193222590856, "fpem/inv_pred_loss": 9.214058553604852, "fpem/primary_uses_route": 1.0, "fpem/primary_uses_env_fusion": 0.0, "fpem/backbone_agcrn": 1.0, "fpem/backbone_graphwavenet": 0.0, "fpem/backbone_staeformer": 0.0, "fpem/gc_pred_loss_only": 1.0, "fpem/env_route_head_mode_hyper_proto": 1.0, "fpem/fpem_force_uniform_route": 0.0, "fpem/hard_prediction_sinkhorn_total_replaces_primary": 0.0, "fpem/hard_prediction_environment_sinkhorn_total_replaces_primary": 0.0, "fpem/warmup_risk_sinkhorn_total_replaces_primary": 0.0, "fpem/lambda_club_mi": 0.0}, "conservative_override_threshold_selection": {"split": "val", "threshold": 0.5, "margin": 0.0, "mae": 11.589455604553223, "loss": 11.803659915924072, "mape": 0.18127095699310303, "confirmed_result": {"loss": 11.803659915924072, "mae": 11.589455604553223, "mape": 0.18127095699310303}}}
CONSERVATIVE_OVERRIDE_THRESHOLD_SELECTION {"split": "val", "threshold": 0.5, "margin": 0.0, "mae": 11.564126968383789, "loss": 11.773611651526558, "mape": 0.18124032020568848, "confirmed_result": {"loss": 11.773611651526558, "mae": 11.564126968383789, "mape": 0.18124032020568848}}
EPOCH {"epoch": 40, "train_loss": 11.166891969953264, "val": {"loss": 11.773611651526558, "mae": 11.564126968383789, "mape": 0.18124032020568848}, "test_mixed": {"loss": 10.55048964364188, "mae": 10.535479545593262, "mape": 0.16648609936237335}, "test_workday": {"loss": 10.424238826917565, "mae": 10.445444107055664, "mape": 0.1666897088289261}, "test_holiday": {"loss": 10.758950471878052, "mae": 10.69161319732666, "mape": 0.16613303124904633}, "test_avg_mae": 10.568528652191162, "best_selection_value": 10.568528652191162, "best_selection_split": "test_avg_DIAGNOSTIC", "best_selection_metric": "test_avg_mae", "lr": 0.001, "fpem_logs": {"fpem/fpem_env_use_exogenous": 1.0, "fpem/env_exogenous_available": 1.0, "fpem/env_exogenous_time_available": 1.0, "fpem/env_exogenous_load_available": 1.0, "fpem/env_exogenous_feature_dim": 32.0, "fpem/env_exogenous_embedding_norm": 2.8116899490356446, "fpem/env_exogenous_load_embedding_norm": 1.9774434384845552, "fpem/env_rep_ablation_normal": 1.0, "fpem/env_rep_ablation_zero": 0.0, "fpem/env_rep_ablation_shuffle_batch": 0.0, "fpem/env_rep_ablation_mode_id": 0.0, "fpem/mask_loss": 0.0, "fpem/mask_sparse_loss": 0.0, "fpem/mask_entropy_loss": 0.0, "fpem/mask_mean": 1.0, "fpem/mask_entropy": 0.0, "fpem/mask_active_ratio": 1.0, "fpem/fusion_alpha_mean": 0.0, "fpem/fusion_alpha_std": 0.0, "fpem/fusion_alpha_min": 0.0, "fpem/fusion_alpha_max": 0.0, "fpem/env_route_loss": 2.1780660901750837, "fpem/env_route_L_final": 8.987707269759404, "fpem/env_route_L_global": 0.0, "fpem/env_route_L_route_soft": 0.0, "fpem/env_route_L_expert": 9.398617362976074, "fpem/env_route_L_router_oracle": 0.2983425963137831, "fpem/env_route_L_balance": 0.0, "fpem/env_route_L_diverse": 0.0, "fpem/env_route_L_proto_align": 0.0, "fpem/env_route_entropy": 0.0, "fpem/env_route_q_max_mean": 0.0, "fpem/hyper_alpha_mean": 0.0, "fpem/hyper_delta_norm": 0.0, "fpem/hyper_route_proto_mode_uniform_warmup": 0.0, "fpem/hyper_route_proto_mode_uniform_fixed": 0.0, "fpem/hyper_route_proto_mode_sinkhorn": 0.0, "fpem/hyper_route_proto_mode_softmax": 0.0, "fpem/fallback_q_mean": 0.0, "fpem/fallback_q_max": 0.0, "fpem/env_q_sum_mean": 1.0, "fpem/oracle_fallback_rate": 0.0, "fpem/route_count_fallback": 0.0, "fpem/env_route_head_mode": 1.0, "fpem/route_entropy_mean": 0.0, "fpem/route_mean_distribution_entropy": 0.0, "fpem/effective_expert_number": 1.0, "fpem/max_expert_usage_ratio": 0.0, "fpem/min_expert_usage_ratio": 0.0, "fpem/prototype_pairwise_cosine": 0.0, "fpem/expert_prediction_pairwise_cosine": 0.0, "fpem/expert_collapse_warning": 0.0, "fpem/env_route_target_mode_env_prototype": 0.0, "fpem/env_route_target_mode_hybrid": 0.0, "fpem/env_route_hybrid_alpha": 0.0, "fpem/env_route_train_mode_warmup_risk_sinkhorn": 0.0, "fpem/warmup_risk_stage_warmup": 0.0, "fpem/warmup_risk_stage_soft": 0.0, "fpem/warmup_risk_stage_hard": 0.0, "fpem/warmup_risk_selected_loss": 0.0, "fpem/warmup_risk_uniform_common_loss": 0.0, "fpem/warmup_risk_lambda_common": 0.0, "fpem/warmup_risk_total_common_term": 0.0, "fpem/warmup_risk_temperature": 0.0, "fpem/warmup_risk_temperature_progress": 0.0, "fpem/uniform_expert_mae": 0.0, "fpem/risk_routed_mae": 0.0, "fpem/risk_prediction_mae": 0.0, "fpem/risk_loss": 0.0, "fpem/risk_ranking_loss": 0.0, "fpem/risk_ranking_accuracy": 0.0, "fpem/risk_oracle_argmin_accuracy": 0.0, "fpem/risk_router_temperature": 0.0, "fpem/risk_router_lambda": 0.0, "fpem/risk_router_pairwise_lambda": 0.0, "fpem/env_route_train_mode_progressive_gmm_environment": 0.0, "fpem/top_level_prediction_source_progressive_gmm_teacher_hard": 0.0, "fpem/progressive_assignment_uses_target_or_prediction_error": 0.0, "fpem/progressive_partition_ready": 0.0, "fpem/progressive_selected_k": 0.0, "fpem/progressive_active_expert_count": 0.0, "fpem/progressive_last_partition_epoch": 0.0, "fpem/progressive_lambda_common": 0.0, "fpem/progressive_common_term": 0.0, "fpem/progressive_compactness_loss": 0.0, "fpem/progressive_consistency_loss": 0.0, "fpem/progressive_cluster_entropy": 0.0, "fpem/progressive_assignment_change_ratio": 0.0, "fpem/progressive_hungarian_overlap_score": 0.0, "fpem/progressive_partition_update_time_sec": 0.0, "fpem/progressive_routed_mae": 0.0, "fpem/progressive_gmm_environment_total_replaces_primary": 0.0, "fpem/env_route_count_head_0": 16.0, "fpem/env_route_oracle_count_head_0": 16.0, "fpem/route_count_env_head_0": 16.0, "fpem/route_soft_mean_expert_0": 1.0, "fpem/route_hard_count_expert_0": 16.0, "fpem/hard_count_expert_0": 16.0, "fpem/sinkhorn_soft_col_mass_expert_0": 0.0, "fpem/progressive_active_expert_0": 0.0, "fpem/progressive_cluster_size_0": 0.0, "fpem/progressive_cluster_ratio_0": 0.0, "fpem/progressive_cluster_to_expert_0": 0.0, "fpem/progressive_bic_k1": 0.0, "fpem/progressive_bic_score_k1": 0.0, "fpem/progressive_bic_rejected_k1": 0.0, "fpem/hyper_alpha_head_0": 0.0, "fpem/hyper_gamma_norm_head_0": 0.0, "fpem/hyper_beta_norm_head_0": 0.0, "fpem/expert_cross_mae_group_0_expert_0": 9.398617362976074, "fpem/load_expert_loss": 9.398617362976074, "fpem/conservative_override_router_loss": 0.2983425963137831, "fpem/hard_router_loss": 0.2983425963137831, "fpem/load_level_assignment_detached": 1.0, "fpem/load_level_count_0": 1680.0, "fpem/load_level_ratio_0": 1.0, "fpem/expert_0_global_loss": 9.398617362976074, "fpem/expert_0_selected_loss": 9.398617362976074, "fpem/conservative_all_environment_mae": 9.398617362976074, "fpem/conservative_all_invariant_mae": 9.662237476167224, "fpem/conservative_selective_hard_routing_mae": 9.398617362976074, "fpem/conservative_oracle_mae": 9.342857978457497, "fpem/conservative_router_accuracy": 0.75, "fpem/conservative_router_balanced_accuracy": 0.5047619047619047, "fpem/conservative_invariant_switch_coverage": 0.0, "fpem/conservative_invariant_switch_precision": 0.0, "fpem/conservative_correct_beneficial_switches": 0.0, "fpem/conservative_harmful_invariant_switches": 0.0, "fpem/conservative_saved_loss_from_correct_switches": 0.0, "fpem/conservative_added_loss_from_harmful_switches": 0.0, "fpem/conservative_net_routing_gain": 0.0, "fpem/conservative_oracle_gap_closed": 0.0, "fpem/conservative_selected_threshold": 0.5, "fpem/conservative_selected_margin": 0.0, "fpem/conservative_delta_mean": -0.26362009020078747, "fpem/conservative_delta_positive_ratio": 0.25, "fpem/conservative_target_inv_ratio": 0.25, "fpem/conservative_p_inv_mean": 0.07769356983758155, "fpem/conservative_p_inv_min": 0.037036726747949916, "fpem/conservative_p_inv_max": 0.13566592066060928, "fpem/conservative_prediction_is_hard_route": 1.0, "fpem/conservative_prediction_is_soft_fusion": 0.0, "fpem/conservative_router_target_detached": 1.0, "fpem/conservative_delta_detached": 1.0, "fpem/conservative_harmful_switch_weight": 2.0, "fpem/hard_router_predicted_env_ratio": 1.0, "fpem/hard_router_effective_env_ratio": 1.0, "fpem/hard_router_target_env_ratio": 0.75, "fpem/hard_router_gain_mean": -0.26362009020078747, "fpem/hard_router_margin_mean": 0.0, "fpem/conservative_router_supervision_enabled": 1.0, "fpem/conservative_router_weight_mean": 0.9999999926203773, "fpem/conservative_router_weight_min": 0.06077761466925343, "fpem/conservative_router_weight_max": 3.0188165255955286, "fpem/expert_prediction_pairwise_difference": 0.0, "fpem/delta_pairwise_cosine": 0.0, "fpem/delta_pairwise_l1": 0.0, "fpem/delta_pairwise_l2": 0.0, "fpem/expert_0_parameter_norm": 14.94394949958438, "fpem/hard_binary_router_enabled": 1.0, "fpem/hard_router_uses_target_in_forward": 0.0, "fpem/stored_future_c_loaded": 0.0, "fpem/prediction_is_weighted_complete_fusion": 0.0, "fpem/prediction_is_hard_route": 1.0, "fpem/conservative_inv_override_enabled": 1.0, "fpem/conservative_router_features_detached": 1.0, "fpem/future_mi_loss": 0.0, "fpem/future_mi_valid": 0.0, "fpem/future_mi_logvar_mean": 0.0, "fpem/future_mi_target_mode_env_encoder": 0.0, "fpem/swap_loss": 0.0, "fpem/swap_diff_loss": 0.0, "fpem/swap_same_loss": 0.0, "fpem/swap_gain_mean": 0.0, "fpem/swap_s_gain_mean": 0.0, "fpem/swap_fallback_router_loss": 0.0, "fpem/swap_fallback_q_mean": 0.0, "fpem/swap_prediction_delta": 0.0, "fpem/swap_route_delta": 0.0, "fpem/swap_hyper_alpha_delta": 0.0, "fpem/swap_hyper_delta_norm": 0.0, "fpem/loss_env_day": 0.0, "fpem/loss_env_hour": 0.0, "fpem/loss_env_rush": 0.0, "fpem/env_day_acc": 0.0, "fpem/env_hour_acc": 0.0, "fpem/env_rush_acc": 0.0, "fpem/loss_env_supcon": 0.0, "fpem/env_supcon_valid_pairs": 0.0, "fpem/loss_inv_env_adv": 0.0, "fpem/inv_day_acc": 0.0, "fpem/inv_hour_acc": 0.0, "fpem/inv_rush_acc": 0.0, "fpem/loss_cross_cov_sep": 0.0, "fpem/load_level_experts_enabled": 1.0, "fpem/load_level_uses_target_or_future_load": 0.0, "fpem/environment_gate_uses_target_in_forward": 0.0, "fpem/load_level_env_residual_scale": 0.0, "fpem/uses_cached_observable_load_prior": 1.0, "fpem/primary_loss": 8.987707269759404, "fpem/inv_pred_loss": 9.214296200161888, "fpem/primary_uses_route": 1.0, "fpem/primary_uses_env_fusion": 0.0, "fpem/backbone_agcrn": 1.0, "fpem/backbone_graphwavenet": 0.0, "fpem/backbone_staeformer": 0.0, "fpem/gc_pred_loss_only": 1.0, "fpem/env_route_head_mode_hyper_proto": 1.0, "fpem/fpem_force_uniform_route": 0.0, "fpem/hard_prediction_sinkhorn_total_replaces_primary": 0.0, "fpem/hard_prediction_environment_sinkhorn_total_replaces_primary": 0.0, "fpem/warmup_risk_sinkhorn_total_replaces_primary": 0.0, "fpem/lambda_club_mi": 0.0}, "conservative_override_threshold_selection": {"split": "val", "threshold": 0.5, "margin": 0.0, "mae": 11.564126968383789, "loss": 11.773611651526558, "mape": 0.18124032020568848, "confirmed_result": {"loss": 11.773611651526558, "mae": 11.564126968383789, "mape": 0.18124032020568848}}}
CONSERVATIVE_OVERRIDE_THRESHOLD_SELECTION {"split": "val", "threshold": 0.5, "margin": 0.0, "mae": 11.624988555908203, "loss": 11.828516218397352, "mape": 0.1848154366016388, "confirmed_result": {"loss": 11.828516218397352, "mae": 11.624988555908203, "mape": 0.1848154366016388}}
EPOCH {"epoch": 41, "train_loss": 11.10555792308989, "val": {"loss": 11.828516218397352, "mae": 11.624988555908203, "mape": 0.1848154366016388}, "test_mixed": {"loss": 10.625555351802282, "mae": 10.618844985961914, "mape": 0.17051056027412415}, "test_workday": {"loss": 10.50592333337535, "mae": 10.535202026367188, "mape": 0.17141593992710114}, "test_holiday": {"loss": 10.822637637456259, "mae": 10.763891220092773, "mape": 0.16894055902957916}, "test_avg_mae": 10.64954662322998, "best_selection_value": 10.64954662322998, "best_selection_split": "test_avg_DIAGNOSTIC", "best_selection_metric": "test_avg_mae", "lr": 0.001, "fpem_logs": {"fpem/fpem_env_use_exogenous": 1.0, "fpem/env_exogenous_available": 1.0, "fpem/env_exogenous_time_available": 1.0, "fpem/env_exogenous_load_available": 1.0, "fpem/env_exogenous_feature_dim": 32.0, "fpem/env_exogenous_embedding_norm": 2.8234360513233003, "fpem/env_exogenous_load_embedding_norm": 1.9848126763389224, "fpem/env_rep_ablation_normal": 1.0, "fpem/env_rep_ablation_zero": 0.0, "fpem/env_rep_ablation_shuffle_batch": 0.0, "fpem/env_rep_ablation_mode_id": 0.0, "fpem/mask_loss": 0.0, "fpem/mask_sparse_loss": 0.0, "fpem/mask_entropy_loss": 0.0, "fpem/mask_mean": 1.0, "fpem/mask_entropy": 0.0, "fpem/mask_active_ratio": 1.0, "fpem/fusion_alpha_mean": 0.0, "fpem/fusion_alpha_std": 0.0, "fpem/fusion_alpha_min": 0.0, "fpem/fusion_alpha_max": 0.0, "fpem/env_route_loss": 2.154488636198498, "fpem/env_route_L_final": 8.976419271741594, "fpem/env_route_L_global": 0.0, "fpem/env_route_L_route_soft": 0.0, "fpem/env_route_L_expert": 9.38176683244251, "fpem/env_route_L_router_oracle": 0.27813524348395213, "fpem/env_route_L_balance": 0.0, "fpem/env_route_L_diverse": 0.0, "fpem/env_route_L_proto_align": 0.0, "fpem/env_route_entropy": 0.0, "fpem/env_route_q_max_mean": 0.0, "fpem/hyper_alpha_mean": 0.0, "fpem/hyper_delta_norm": 0.0, "fpem/hyper_route_proto_mode_uniform_warmup": 0.0, "fpem/hyper_route_proto_mode_uniform_fixed": 0.0, "fpem/hyper_route_proto_mode_sinkhorn": 0.0, "fpem/hyper_route_proto_mode_softmax": 0.0, "fpem/fallback_q_mean": 0.0, "fpem/fallback_q_max": 0.0, "fpem/env_q_sum_mean": 1.0, "fpem/oracle_fallback_rate": 0.0, "fpem/route_count_fallback": 0.0, "fpem/env_route_head_mode": 1.0, "fpem/route_entropy_mean": 0.0, "fpem/route_mean_distribution_entropy": 0.0, "fpem/effective_expert_number": 1.0, "fpem/max_expert_usage_ratio": 0.0, "fpem/min_expert_usage_ratio": 0.0, "fpem/prototype_pairwise_cosine": 0.0, "fpem/expert_prediction_pairwise_cosine": 0.0, "fpem/expert_collapse_warning": 0.0, "fpem/env_route_target_mode_env_prototype": 0.0, "fpem/env_route_target_mode_hybrid": 0.0, "fpem/env_route_hybrid_alpha": 0.0, "fpem/env_route_train_mode_warmup_risk_sinkhorn": 0.0, "fpem/warmup_risk_stage_warmup": 0.0, "fpem/warmup_risk_stage_soft": 0.0, "fpem/warmup_risk_stage_hard": 0.0, "fpem/warmup_risk_selected_loss": 0.0, "fpem/warmup_risk_uniform_common_loss": 0.0, "fpem/warmup_risk_lambda_common": 0.0, "fpem/warmup_risk_total_common_term": 0.0, "fpem/warmup_risk_temperature": 0.0, "fpem/warmup_risk_temperature_progress": 0.0, "fpem/uniform_expert_mae": 0.0, "fpem/risk_routed_mae": 0.0, "fpem/risk_prediction_mae": 0.0, "fpem/risk_loss": 0.0, "fpem/risk_ranking_loss": 0.0, "fpem/risk_ranking_accuracy": 0.0, "fpem/risk_oracle_argmin_accuracy": 0.0, "fpem/risk_router_temperature": 0.0, "fpem/risk_router_lambda": 0.0, "fpem/risk_router_pairwise_lambda": 0.0, "fpem/env_route_train_mode_progressive_gmm_environment": 0.0, "fpem/top_level_prediction_source_progressive_gmm_teacher_hard": 0.0, "fpem/progressive_assignment_uses_target_or_prediction_error": 0.0, "fpem/progressive_partition_ready": 0.0, "fpem/progressive_selected_k": 0.0, "fpem/progressive_active_expert_count": 0.0, "fpem/progressive_last_partition_epoch": 0.0, "fpem/progressive_lambda_common": 0.0, "fpem/progressive_common_term": 0.0, "fpem/progressive_compactness_loss": 0.0, "fpem/progressive_consistency_loss": 0.0, "fpem/progressive_cluster_entropy": 0.0, "fpem/progressive_assignment_change_ratio": 0.0, "fpem/progressive_hungarian_overlap_score": 0.0, "fpem/progressive_partition_update_time_sec": 0.0, "fpem/progressive_routed_mae": 0.0, "fpem/progressive_gmm_environment_total_replaces_primary": 0.0, "fpem/env_route_count_head_0": 16.0, "fpem/env_route_oracle_count_head_0": 16.0, "fpem/route_count_env_head_0": 16.0, "fpem/route_soft_mean_expert_0": 1.0, "fpem/route_hard_count_expert_0": 16.0, "fpem/hard_count_expert_0": 16.0, "fpem/sinkhorn_soft_col_mass_expert_0": 0.0, "fpem/progressive_active_expert_0": 0.0, "fpem/progressive_cluster_size_0": 0.0, "fpem/progressive_cluster_ratio_0": 0.0, "fpem/progressive_cluster_to_expert_0": 0.0, "fpem/progressive_bic_k1": 0.0, "fpem/progressive_bic_score_k1": 0.0, "fpem/progressive_bic_rejected_k1": 0.0, "fpem/hyper_alpha_head_0": 0.0, "fpem/hyper_gamma_norm_head_0": 0.0, "fpem/hyper_beta_norm_head_0": 0.0, "fpem/expert_cross_mae_group_0_expert_0": 9.38176683244251, "fpem/load_expert_loss": 9.38176683244251, "fpem/conservative_override_router_loss": 0.27813524348395213, "fpem/hard_router_loss": 0.27813524348395213, "fpem/load_level_assignment_detached": 1.0, "fpem/load_level_count_0": 1680.0, "fpem/load_level_ratio_0": 1.0, "fpem/expert_0_global_loss": 9.38176683244251, "fpem/expert_0_selected_loss": 9.38176683244251, "fpem/conservative_all_environment_mae": 9.38176683244251, "fpem/conservative_all_invariant_mae": 9.662237526121594, "fpem/conservative_selective_hard_routing_mae": 9.38176683244251, "fpem/conservative_oracle_mae": 9.328787435804095, "fpem/conservative_router_accuracy": 0.7607142857142857, "fpem/conservative_router_balanced_accuracy": 0.5, "fpem/conservative_invariant_switch_coverage": 0.0, "fpem/conservative_invariant_switch_precision": 0.0, "fpem/conservative_correct_beneficial_switches": 0.0, "fpem/conservative_harmful_invariant_switches": 0.0, "fpem/conservative_saved_loss_from_correct_switches": 0.0, "fpem/conservative_added_loss_from_harmful_switches": 0.0, "fpem/conservative_net_routing_gain": 0.0, "fpem/conservative_oracle_gap_closed": 0.0, "fpem/conservative_selected_threshold": 0.5, "fpem/conservative_selected_margin": 0.0, "fpem/conservative_delta_mean": -0.2804706851641337, "fpem/conservative_delta_positive_ratio": 0.2392857142857143, "fpem/conservative_target_inv_ratio": 0.2392857142857143, "fpem/conservative_p_inv_mean": 0.0851143704283805, "fpem/conservative_p_inv_min": 0.042282355949282646, "fpem/conservative_p_inv_max": 0.1496485690275828, "fpem/conservative_prediction_is_hard_route": 1.0, "fpem/conservative_prediction_is_soft_fusion": 0.0, "fpem/conservative_router_target_detached": 1.0, "fpem/conservative_delta_detached": 1.0, "fpem/conservative_harmful_switch_weight": 2.0, "fpem/hard_router_predicted_env_ratio": 1.0, "fpem/hard_router_effective_env_ratio": 1.0, "fpem/hard_router_target_env_ratio": 0.7607142857142857, "fpem/hard_router_gain_mean": -0.2804706851641337, "fpem/hard_router_margin_mean": 0.0, "fpem/conservative_router_supervision_enabled": 1.0, "fpem/conservative_router_weight_mean": 0.9999999948910304, "fpem/conservative_router_weight_min": 0.05179271092860117, "fpem/conservative_router_weight_max": 2.910814312526158, "fpem/expert_prediction_pairwise_difference": 0.0, "fpem/delta_pairwise_cosine": 0.0, "fpem/delta_pairwise_l1": 0.0, "fpem/delta_pairwise_l2": 0.0, "fpem/expert_0_parameter_norm": 14.951664352416993, "fpem/hard_binary_router_enabled": 1.0, "fpem/hard_router_uses_target_in_forward": 0.0, "fpem/stored_future_c_loaded": 0.0, "fpem/prediction_is_weighted_complete_fusion": 0.0, "fpem/prediction_is_hard_route": 1.0, "fpem/conservative_inv_override_enabled": 1.0, "fpem/conservative_router_features_detached": 1.0, "fpem/future_mi_loss": 0.0, "fpem/future_mi_valid": 0.0, "fpem/future_mi_logvar_mean": 0.0, "fpem/future_mi_target_mode_env_encoder": 0.0, "fpem/swap_loss": 0.0, "fpem/swap_diff_loss": 0.0, "fpem/swap_same_loss": 0.0, "fpem/swap_gain_mean": 0.0, "fpem/swap_s_gain_mean": 0.0, "fpem/swap_fallback_router_loss": 0.0, "fpem/swap_fallback_q_mean": 0.0, "fpem/swap_prediction_delta": 0.0, "fpem/swap_route_delta": 0.0, "fpem/swap_hyper_alpha_delta": 0.0, "fpem/swap_hyper_delta_norm": 0.0, "fpem/loss_env_day": 0.0, "fpem/loss_env_hour": 0.0, "fpem/loss_env_rush": 0.0, "fpem/env_day_acc": 0.0, "fpem/env_hour_acc": 0.0, "fpem/env_rush_acc": 0.0, "fpem/loss_env_supcon": 0.0, "fpem/env_supcon_valid_pairs": 0.0, "fpem/loss_inv_env_adv": 0.0, "fpem/inv_day_acc": 0.0, "fpem/inv_hour_acc": 0.0, "fpem/inv_rush_acc": 0.0, "fpem/loss_cross_cov_sep": 0.0, "fpem/load_level_experts_enabled": 1.0, "fpem/load_level_uses_target_or_future_load": 0.0, "fpem/environment_gate_uses_target_in_forward": 0.0, "fpem/load_level_env_residual_scale": 0.0, "fpem/uses_cached_observable_load_prior": 1.0, "fpem/primary_loss": 8.976419271741594, "fpem/inv_pred_loss": 9.216792538052513, "fpem/primary_uses_route": 1.0, "fpem/primary_uses_env_fusion": 0.0, "fpem/backbone_agcrn": 1.0, "fpem/backbone_graphwavenet": 0.0, "fpem/backbone_staeformer": 0.0, "fpem/gc_pred_loss_only": 1.0, "fpem/env_route_head_mode_hyper_proto": 1.0, "fpem/fpem_force_uniform_route": 0.0, "fpem/hard_prediction_sinkhorn_total_replaces_primary": 0.0, "fpem/hard_prediction_environment_sinkhorn_total_replaces_primary": 0.0, "fpem/warmup_risk_sinkhorn_total_replaces_primary": 0.0, "fpem/lambda_club_mi": 0.0}, "conservative_override_threshold_selection": {"split": "val", "threshold": 0.5, "margin": 0.0, "mae": 11.624988555908203, "loss": 11.828516218397352, "mape": 0.1848154366016388, "confirmed_result": {"loss": 11.828516218397352, "mae": 11.624988555908203, "mape": 0.1848154366016388}}}
CONSERVATIVE_OVERRIDE_THRESHOLD_SELECTION {"split": "val", "threshold": 0.5, "margin": 0.0, "mae": 11.648418426513672, "loss": 11.865929232703316, "mape": 0.18698543310165405, "confirmed_result": {"loss": 11.865929232703316, "mae": 11.648418426513672, "mape": 0.18698543310165405}}
EPOCH {"epoch": 42, "train_loss": 11.138824898856027, "val": {"loss": 11.865929232703316, "mae": 11.648418426513672, "mape": 0.18698543310165405}, "test_mixed": {"loss": 10.645452867235456, "mae": 10.636051177978516, "mape": 0.17287591099739075}, "test_workday": {"loss": 10.527331393697988, "mae": 10.553505897521973, "mape": 0.17367258667945862}, "test_holiday": {"loss": 10.839289546012878, "mae": 10.779195785522461, "mape": 0.17149439454078674}, "test_avg_mae": 10.666350841522217, "best_selection_value": 10.666350841522217, "best_selection_split": "test_avg_DIAGNOSTIC", "best_selection_metric": "test_avg_mae", "lr": 0.001, "fpem_logs": {"fpem/fpem_env_use_exogenous": 1.0, "fpem/env_exogenous_available": 1.0, "fpem/env_exogenous_time_available": 1.0, "fpem/env_exogenous_load_available": 1.0, "fpem/env_exogenous_feature_dim": 32.0, "fpem/env_exogenous_embedding_norm": 2.8290332181113107, "fpem/env_exogenous_load_embedding_norm": 1.9877159584136237, "fpem/env_rep_ablation_normal": 1.0, "fpem/env_rep_ablation_zero": 0.0, "fpem/env_rep_ablation_shuffle_batch": 0.0, "fpem/env_rep_ablation_mode_id": 0.0, "fpem/mask_loss": 0.0, "fpem/mask_sparse_loss": 0.0, "fpem/mask_entropy_loss": 0.0, "fpem/mask_mean": 1.0, "fpem/mask_entropy": 0.0, "fpem/mask_active_ratio": 1.0, "fpem/fusion_alpha_mean": 0.0, "fpem/fusion_alpha_std": 0.0, "fpem/fusion_alpha_min": 0.0, "fpem/fusion_alpha_max": 0.0, "fpem/env_route_loss": 2.1507040057863507, "fpem/env_route_L_final": 8.975702626364571, "fpem/env_route_L_global": 0.0, "fpem/env_route_L_route_soft": 0.0, "fpem/env_route_L_expert": 9.38793309983753, "fpem/env_route_L_router_oracle": 0.27311736579452245, "fpem/env_route_L_balance": 0.0, "fpem/env_route_L_diverse": 0.0, "fpem/env_route_L_proto_align": 0.0, "fpem/env_route_entropy": 0.0, "fpem/env_route_q_max_mean": 0.0, "fpem/hyper_alpha_mean": 0.0, "fpem/hyper_delta_norm": 0.0, "fpem/hyper_route_proto_mode_uniform_warmup": 0.0, "fpem/hyper_route_proto_mode_uniform_fixed": 0.0, "fpem/hyper_route_proto_mode_sinkhorn": 0.0, "fpem/hyper_route_proto_mode_softmax": 0.0, "fpem/fallback_q_mean": 0.0, "fpem/fallback_q_max": 0.0, "fpem/env_q_sum_mean": 1.0, "fpem/oracle_fallback_rate": 0.0, "fpem/route_count_fallback": 0.0, "fpem/env_route_head_mode": 1.0, "fpem/route_entropy_mean": 0.0, "fpem/route_mean_distribution_entropy": 0.0, "fpem/effective_expert_number": 1.0, "fpem/max_expert_usage_ratio": 0.0, "fpem/min_expert_usage_ratio": 0.0, "fpem/prototype_pairwise_cosine": 0.0, "fpem/expert_prediction_pairwise_cosine": 0.0, "fpem/expert_collapse_warning": 0.0, "fpem/env_route_target_mode_env_prototype": 0.0, "fpem/env_route_target_mode_hybrid": 0.0, "fpem/env_route_hybrid_alpha": 0.0, "fpem/env_route_train_mode_warmup_risk_sinkhorn": 0.0, "fpem/warmup_risk_stage_warmup": 0.0, "fpem/warmup_risk_stage_soft": 0.0, "fpem/warmup_risk_stage_hard": 0.0, "fpem/warmup_risk_selected_loss": 0.0, "fpem/warmup_risk_uniform_common_loss": 0.0, "fpem/warmup_risk_lambda_common": 0.0, "fpem/warmup_risk_total_common_term": 0.0, "fpem/warmup_risk_temperature": 0.0, "fpem/warmup_risk_temperature_progress": 0.0, "fpem/uniform_expert_mae": 0.0, "fpem/risk_routed_mae": 0.0, "fpem/risk_prediction_mae": 0.0, "fpem/risk_loss": 0.0, "fpem/risk_ranking_loss": 0.0, "fpem/risk_ranking_accuracy": 0.0, "fpem/risk_oracle_argmin_accuracy": 0.0, "fpem/risk_router_temperature": 0.0, "fpem/risk_router_lambda": 0.0, "fpem/risk_router_pairwise_lambda": 0.0, "fpem/env_route_train_mode_progressive_gmm_environment": 0.0, "fpem/top_level_prediction_source_progressive_gmm_teacher_hard": 0.0, "fpem/progressive_assignment_uses_target_or_prediction_error": 0.0, "fpem/progressive_partition_ready": 0.0, "fpem/progressive_selected_k": 0.0, "fpem/progressive_active_expert_count": 0.0, "fpem/progressive_last_partition_epoch": 0.0, "fpem/progressive_lambda_common": 0.0, "fpem/progressive_common_term": 0.0, "fpem/progressive_compactness_loss": 0.0, "fpem/progressive_consistency_loss": 0.0, "fpem/progressive_cluster_entropy": 0.0, "fpem/progressive_assignment_change_ratio": 0.0, "fpem/progressive_hungarian_overlap_score": 0.0, "fpem/progressive_partition_update_time_sec": 0.0, "fpem/progressive_routed_mae": 0.0, "fpem/progressive_gmm_environment_total_replaces_primary": 0.0, "fpem/env_route_count_head_0": 16.0, "fpem/env_route_oracle_count_head_0": 16.0, "fpem/route_count_env_head_0": 16.0, "fpem/route_soft_mean_expert_0": 1.0, "fpem/route_hard_count_expert_0": 16.0, "fpem/hard_count_expert_0": 16.0, "fpem/sinkhorn_soft_col_mass_expert_0": 0.0, "fpem/progressive_active_expert_0": 0.0, "fpem/progressive_cluster_size_0": 0.0, "fpem/progressive_cluster_ratio_0": 0.0, "fpem/progressive_cluster_to_expert_0": 0.0, "fpem/progressive_bic_k1": 0.0, "fpem/progressive_bic_score_k1": 0.0, "fpem/progressive_bic_rejected_k1": 0.0, "fpem/hyper_alpha_head_0": 0.0, "fpem/hyper_gamma_norm_head_0": 0.0, "fpem/hyper_beta_norm_head_0": 0.0, "fpem/expert_cross_mae_group_0_expert_0": 9.38793309983753, "fpem/load_expert_loss": 9.38793309983753, "fpem/conservative_override_router_loss": 0.27311736579452245, "fpem/hard_router_loss": 0.27311736579452245, "fpem/load_level_assignment_detached": 1.0, "fpem/load_level_count_0": 1680.0, "fpem/load_level_ratio_0": 1.0, "fpem/expert_0_global_loss": 9.38793309983753, "fpem/expert_0_selected_loss": 9.38793309983753, "fpem/conservative_all_environment_mae": 9.38793309983753, "fpem/conservative_all_invariant_mae": 9.662237498873756, "fpem/conservative_selective_hard_routing_mae": 9.38793309983753, "fpem/conservative_oracle_mae": 9.335165800367083, "fpem/conservative_router_accuracy": 0.7583333333333333, "fpem/conservative_router_balanced_accuracy": 0.5047619047619047, "fpem/conservative_invariant_switch_coverage": 0.0, "fpem/conservative_invariant_switch_precision": 0.0, "fpem/conservative_correct_beneficial_switches": 0.0, "fpem/conservative_harmful_invariant_switches": 0.0, "fpem/conservative_saved_loss_from_correct_switches": 0.0, "fpem/conservative_added_loss_from_harmful_switches": 0.0, "fpem/conservative_net_routing_gain": 0.0, "fpem/conservative_oracle_gap_closed": 0.0, "fpem/conservative_selected_threshold": 0.5, "fpem/conservative_selected_margin": 0.0, "fpem/conservative_delta_mean": -0.27430442372957864, "fpem/conservative_delta_positive_ratio": 0.24166666666666667, "fpem/conservative_target_inv_ratio": 0.24166666666666667, "fpem/conservative_p_inv_mean": 0.07551563201206071, "fpem/conservative_p_inv_min": 0.03525883733694043, "fpem/conservative_p_inv_max": 0.14090196440617245, "fpem/conservative_prediction_is_hard_route": 1.0, "fpem/conservative_prediction_is_soft_fusion": 0.0, "fpem/conservative_router_target_detached": 1.0, "fpem/conservative_delta_detached": 1.0, "fpem/conservative_harmful_switch_weight": 2.0, "fpem/hard_router_predicted_env_ratio": 1.0, "fpem/hard_router_effective_env_ratio": 1.0, "fpem/hard_router_target_env_ratio": 0.7583333333333333, "fpem/hard_router_gain_mean": -0.27430442372957864, "fpem/hard_router_margin_mean": 0.0, "fpem/conservative_router_supervision_enabled": 1.0, "fpem/conservative_router_weight_mean": 0.9999999909173874, "fpem/conservative_router_weight_min": 0.061311300545709116, "fpem/conservative_router_weight_max": 2.891859025046939, "fpem/expert_prediction_pairwise_difference": 0.0, "fpem/delta_pairwise_cosine": 0.0, "fpem/delta_pairwise_l1": 0.0, "fpem/delta_pairwise_l2": 0.0, "fpem/expert_0_parameter_norm": 14.95481669108073, "fpem/hard_binary_router_enabled": 1.0, "fpem/hard_router_uses_target_in_forward": 0.0, "fpem/stored_future_c_loaded": 0.0, "fpem/prediction_is_weighted_complete_fusion": 0.0, "fpem/prediction_is_hard_route": 1.0, "fpem/conservative_inv_override_enabled": 1.0, "fpem/conservative_router_features_detached": 1.0, "fpem/future_mi_loss": 0.0, "fpem/future_mi_valid": 0.0, "fpem/future_mi_logvar_mean": 0.0, "fpem/future_mi_target_mode_env_encoder": 0.0, "fpem/swap_loss": 0.0, "fpem/swap_diff_loss": 0.0, "fpem/swap_same_loss": 0.0, "fpem/swap_gain_mean": 0.0, "fpem/swap_s_gain_mean": 0.0, "fpem/swap_fallback_router_loss": 0.0, "fpem/swap_fallback_q_mean": 0.0, "fpem/swap_prediction_delta": 0.0, "fpem/swap_route_delta": 0.0, "fpem/swap_hyper_alpha_delta": 0.0, "fpem/swap_hyper_delta_norm": 0.0, "fpem/loss_env_day": 0.0, "fpem/loss_env_hour": 0.0, "fpem/loss_env_rush": 0.0, "fpem/env_day_acc": 0.0, "fpem/env_hour_acc": 0.0, "fpem/env_rush_acc": 0.0, "fpem/loss_env_supcon": 0.0, "fpem/env_supcon_valid_pairs": 0.0, "fpem/loss_inv_env_adv": 0.0, "fpem/inv_day_acc": 0.0, "fpem/inv_hour_acc": 0.0, "fpem/inv_rush_acc": 0.0, "fpem/loss_cross_cov_sep": 0.0, "fpem/load_level_experts_enabled": 1.0, "fpem/load_level_uses_target_or_future_load": 0.0, "fpem/environment_gate_uses_target_in_forward": 0.0, "fpem/load_level_env_residual_scale": 0.0, "fpem/uses_cached_observable_load_prior": 1.0, "fpem/primary_loss": 8.975702626364571, "fpem/inv_pred_loss": 9.212427021208264, "fpem/primary_uses_route": 1.0, "fpem/primary_uses_env_fusion": 0.0, "fpem/backbone_agcrn": 1.0, "fpem/backbone_graphwavenet": 0.0, "fpem/backbone_staeformer": 0.0, "fpem/gc_pred_loss_only": 1.0, "fpem/env_route_head_mode_hyper_proto": 1.0, "fpem/fpem_force_uniform_route": 0.0, "fpem/hard_prediction_sinkhorn_total_replaces_primary": 0.0, "fpem/hard_prediction_environment_sinkhorn_total_replaces_primary": 0.0, "fpem/warmup_risk_sinkhorn_total_replaces_primary": 0.0, "fpem/lambda_club_mi": 0.0}, "conservative_override_threshold_selection": {"split": "val", "threshold": 0.5, "margin": 0.0, "mae": 11.648418426513672, "loss": 11.865929232703316, "mape": 0.18698543310165405, "confirmed_result": {"loss": 11.865929232703316, "mae": 11.648418426513672, "mape": 0.18698543310165405}}}
CONSERVATIVE_OVERRIDE_THRESHOLD_SELECTION {"split": "val", "threshold": 0.5, "margin": 0.0, "mae": 11.616360664367676, "loss": 11.822116269005669, "mape": 0.17971867322921753, "confirmed_result": {"loss": 11.822116269005669, "mae": 11.616360664367676, "mape": 0.17971867322921753}}
EPOCH {"epoch": 43, "train_loss": 11.112631924947102, "val": {"loss": 11.822116269005669, "mae": 11.616360664367676, "mape": 0.17971867322921753}, "test_mixed": {"loss": 10.596210438864572, "mae": 10.585270881652832, "mape": 0.16564281284809113}, "test_workday": {"loss": 10.476627329121465, "mae": 10.502501487731934, "mape": 0.16616672277450562}, "test_holiday": {"loss": 10.792500336964926, "mae": 10.728803634643555, "mape": 0.16473428905010223}, "test_avg_mae": 10.615652561187744, "best_selection_value": 10.615652561187744, "best_selection_split": "test_avg_DIAGNOSTIC", "best_selection_metric": "test_avg_mae", "lr": 0.001, "fpem_logs": {"fpem/fpem_env_use_exogenous": 1.0, "fpem/env_exogenous_available": 1.0, "fpem/env_exogenous_time_available": 1.0, "fpem/env_exogenous_load_available": 1.0, "fpem/env_exogenous_feature_dim": 32.0, "fpem/env_exogenous_embedding_norm": 2.83242959067935, "fpem/env_exogenous_load_embedding_norm": 1.994881212143671, "fpem/env_rep_ablation_normal": 1.0, "fpem/env_rep_ablation_zero": 0.0, "fpem/env_rep_ablation_shuffle_batch": 0.0, "fpem/env_rep_ablation_mode_id": 0.0, "fpem/mask_loss": 0.0, "fpem/mask_sparse_loss": 0.0, "fpem/mask_entropy_loss": 0.0, "fpem/mask_mean": 1.0, "fpem/mask_entropy": 0.0, "fpem/mask_active_ratio": 1.0, "fpem/fusion_alpha_mean": 0.0, "fpem/fusion_alpha_std": 0.0, "fpem/fusion_alpha_min": 0.0, "fpem/fusion_alpha_max": 0.0, "fpem/env_route_loss": 2.141637754440308, "fpem/env_route_L_final": 8.968607793535504, "fpem/env_route_L_global": 0.0, "fpem/env_route_L_route_soft": 0.0, "fpem/env_route_L_expert": 9.379636714571998, "fpem/env_route_L_router_oracle": 0.265710385072799, "fpem/env_route_L_balance": 0.0, "fpem/env_route_L_diverse": 0.0, "fpem/env_route_L_proto_align": 0.0, "fpem/env_route_entropy": 0.0, "fpem/env_route_q_max_mean": 0.0, "fpem/hyper_alpha_mean": 0.0, "fpem/hyper_delta_norm": 0.0, "fpem/hyper_route_proto_mode_uniform_warmup": 0.0, "fpem/hyper_route_proto_mode_uniform_fixed": 0.0, "fpem/hyper_route_proto_mode_sinkhorn": 0.0, "fpem/hyper_route_proto_mode_softmax": 0.0, "fpem/fallback_q_mean": 0.0, "fpem/fallback_q_max": 0.0, "fpem/env_q_sum_mean": 1.0, "fpem/oracle_fallback_rate": 0.0, "fpem/route_count_fallback": 0.0, "fpem/env_route_head_mode": 1.0, "fpem/route_entropy_mean": 0.0, "fpem/route_mean_distribution_entropy": 0.0, "fpem/effective_expert_number": 1.0, "fpem/max_expert_usage_ratio": 0.0, "fpem/min_expert_usage_ratio": 0.0, "fpem/prototype_pairwise_cosine": 0.0, "fpem/expert_prediction_pairwise_cosine": 0.0, "fpem/expert_collapse_warning": 0.0, "fpem/env_route_target_mode_env_prototype": 0.0, "fpem/env_route_target_mode_hybrid": 0.0, "fpem/env_route_hybrid_alpha": 0.0, "fpem/env_route_train_mode_warmup_risk_sinkhorn": 0.0, "fpem/warmup_risk_stage_warmup": 0.0, "fpem/warmup_risk_stage_soft": 0.0, "fpem/warmup_risk_stage_hard": 0.0, "fpem/warmup_risk_selected_loss": 0.0, "fpem/warmup_risk_uniform_common_loss": 0.0, "fpem/warmup_risk_lambda_common": 0.0, "fpem/warmup_risk_total_common_term": 0.0, "fpem/warmup_risk_temperature": 0.0, "fpem/warmup_risk_temperature_progress": 0.0, "fpem/uniform_expert_mae": 0.0, "fpem/risk_routed_mae": 0.0, "fpem/risk_prediction_mae": 0.0, "fpem/risk_loss": 0.0, "fpem/risk_ranking_loss": 0.0, "fpem/risk_ranking_accuracy": 0.0, "fpem/risk_oracle_argmin_accuracy": 0.0, "fpem/risk_router_temperature": 0.0, "fpem/risk_router_lambda": 0.0, "fpem/risk_router_pairwise_lambda": 0.0, "fpem/env_route_train_mode_progressive_gmm_environment": 0.0, "fpem/top_level_prediction_source_progressive_gmm_teacher_hard": 0.0, "fpem/progressive_assignment_uses_target_or_prediction_error": 0.0, "fpem/progressive_partition_ready": 0.0, "fpem/progressive_selected_k": 0.0, "fpem/progressive_active_expert_count": 0.0, "fpem/progressive_last_partition_epoch": 0.0, "fpem/progressive_lambda_common": 0.0, "fpem/progressive_common_term": 0.0, "fpem/progressive_compactness_loss": 0.0, "fpem/progressive_consistency_loss": 0.0, "fpem/progressive_cluster_entropy": 0.0, "fpem/progressive_assignment_change_ratio": 0.0, "fpem/progressive_hungarian_overlap_score": 0.0, "fpem/progressive_partition_update_time_sec": 0.0, "fpem/progressive_routed_mae": 0.0, "fpem/progressive_gmm_environment_total_replaces_primary": 0.0, "fpem/env_route_count_head_0": 16.0, "fpem/env_route_oracle_count_head_0": 16.0, "fpem/route_count_env_head_0": 16.0, "fpem/route_soft_mean_expert_0": 1.0, "fpem/route_hard_count_expert_0": 16.0, "fpem/hard_count_expert_0": 16.0, "fpem/sinkhorn_soft_col_mass_expert_0": 0.0, "fpem/progressive_active_expert_0": 0.0, "fpem/progressive_cluster_size_0": 0.0, "fpem/progressive_cluster_ratio_0": 0.0, "fpem/progressive_cluster_to_expert_0": 0.0, "fpem/progressive_bic_k1": 0.0, "fpem/progressive_bic_score_k1": 0.0, "fpem/progressive_bic_rejected_k1": 0.0, "fpem/hyper_alpha_head_0": 0.0, "fpem/hyper_gamma_norm_head_0": 0.0, "fpem/hyper_beta_norm_head_0": 0.0, "fpem/expert_cross_mae_group_0_expert_0": 9.379636714571998, "fpem/load_expert_loss": 9.379636714571998, "fpem/conservative_override_router_loss": 0.265710385072799, "fpem/hard_router_loss": 0.265710385072799, "fpem/load_level_assignment_detached": 1.0, "fpem/load_level_count_0": 1680.0, "fpem/load_level_ratio_0": 1.0, "fpem/expert_0_global_loss": 9.379636714571998, "fpem/expert_0_selected_loss": 9.379636714571998, "fpem/conservative_all_environment_mae": 9.379636714571998, "fpem/conservative_all_invariant_mae": 9.662237467084612, "fpem/conservative_selective_hard_routing_mae": 9.379636714571998, "fpem/conservative_oracle_mae": 9.328606837136405, "fpem/conservative_router_accuracy": 0.7744047619047619, "fpem/conservative_router_balanced_accuracy": 0.5047619047619047, "fpem/conservative_invariant_switch_coverage": 0.0, "fpem/conservative_invariant_switch_precision": 0.0, "fpem/conservative_correct_beneficial_switches": 0.0, "fpem/conservative_harmful_invariant_switches": 0.0, "fpem/conservative_saved_loss_from_correct_switches": 0.0, "fpem/conservative_added_loss_from_harmful_switches": 0.0, "fpem/conservative_net_routing_gain": 0.0, "fpem/conservative_oracle_gap_closed": 0.0, "fpem/conservative_selected_threshold": 0.5, "fpem/conservative_selected_margin": 0.0, "fpem/conservative_delta_mean": -0.2826007183109011, "fpem/conservative_delta_positive_ratio": 0.2255952380952381, "fpem/conservative_target_inv_ratio": 0.2255952380952381, "fpem/conservative_p_inv_mean": 0.0823896828506674, "fpem/conservative_p_inv_min": 0.04013536492628711, "fpem/conservative_p_inv_max": 0.14570245295763015, "fpem/conservative_prediction_is_hard_route": 1.0, "fpem/conservative_prediction_is_soft_fusion": 0.0, "fpem/conservative_router_target_detached": 1.0, "fpem/conservative_delta_detached": 1.0, "fpem/conservative_harmful_switch_weight": 2.0, "fpem/hard_router_predicted_env_ratio": 1.0, "fpem/hard_router_effective_env_ratio": 1.0, "fpem/hard_router_target_env_ratio": 0.7744047619047619, "fpem/hard_router_gain_mean": -0.2826007183109011, "fpem/hard_router_margin_mean": 0.0, "fpem/conservative_router_supervision_enabled": 1.0, "fpem/conservative_router_weight_mean": 0.9999999954586938, "fpem/conservative_router_weight_min": 0.06827002240877067, "fpem/conservative_router_weight_max": 3.0248869226092383, "fpem/expert_prediction_pairwise_difference": 0.0, "fpem/delta_pairwise_cosine": 0.0, "fpem/delta_pairwise_l1": 0.0, "fpem/delta_pairwise_l2": 0.0, "fpem/expert_0_parameter_norm": 14.956391034807478, "fpem/hard_binary_router_enabled": 1.0, "fpem/hard_router_uses_target_in_forward": 0.0, "fpem/stored_future_c_loaded": 0.0, "fpem/prediction_is_weighted_complete_fusion": 0.0, "fpem/prediction_is_hard_route": 1.0, "fpem/conservative_inv_override_enabled": 1.0, "fpem/conservative_router_features_detached": 1.0, "fpem/future_mi_loss": 0.0, "fpem/future_mi_valid": 0.0, "fpem/future_mi_logvar_mean": 0.0, "fpem/future_mi_target_mode_env_encoder": 0.0, "fpem/swap_loss": 0.0, "fpem/swap_diff_loss": 0.0, "fpem/swap_same_loss": 0.0, "fpem/swap_gain_mean": 0.0, "fpem/swap_s_gain_mean": 0.0, "fpem/swap_fallback_router_loss": 0.0, "fpem/swap_fallback_q_mean": 0.0, "fpem/swap_prediction_delta": 0.0, "fpem/swap_route_delta": 0.0, "fpem/swap_hyper_alpha_delta": 0.0, "fpem/swap_hyper_delta_norm": 0.0, "fpem/loss_env_day": 0.0, "fpem/loss_env_hour": 0.0, "fpem/loss_env_rush": 0.0, "fpem/env_day_acc": 0.0, "fpem/env_hour_acc": 0.0, "fpem/env_rush_acc": 0.0, "fpem/loss_env_supcon": 0.0, "fpem/env_supcon_valid_pairs": 0.0, "fpem/loss_inv_env_adv": 0.0, "fpem/inv_day_acc": 0.0, "fpem/inv_hour_acc": 0.0, "fpem/inv_rush_acc": 0.0, "fpem/loss_cross_cov_sep": 0.0, "fpem/load_level_experts_enabled": 1.0, "fpem/load_level_uses_target_or_future_load": 0.0, "fpem/environment_gate_uses_target_in_forward": 0.0, "fpem/load_level_env_residual_scale": 0.0, "fpem/uses_cached_observable_load_prior": 1.0, "fpem/primary_loss": 8.968607793535504, "fpem/inv_pred_loss": 9.217645826793852, "fpem/primary_uses_route": 1.0, "fpem/primary_uses_env_fusion": 0.0, "fpem/backbone_agcrn": 1.0, "fpem/backbone_graphwavenet": 0.0, "fpem/backbone_staeformer": 0.0, "fpem/gc_pred_loss_only": 1.0, "fpem/env_route_head_mode_hyper_proto": 1.0, "fpem/fpem_force_uniform_route": 0.0, "fpem/hard_prediction_sinkhorn_total_replaces_primary": 0.0, "fpem/hard_prediction_environment_sinkhorn_total_replaces_primary": 0.0, "fpem/warmup_risk_sinkhorn_total_replaces_primary": 0.0, "fpem/lambda_club_mi": 0.0}, "conservative_override_threshold_selection": {"split": "val", "threshold": 0.5, "margin": 0.0, "mae": 11.616360664367676, "loss": 11.822116269005669, "mape": 0.17971867322921753, "confirmed_result": {"loss": 11.822116269005669, "mae": 11.616360664367676, "mape": 0.17971867322921753}}}
CONSERVATIVE_OVERRIDE_THRESHOLD_SELECTION {"split": "val", "threshold": 0.5, "margin": 0.0, "mae": 11.564986228942871, "loss": 11.773225678337944, "mape": 0.18124304711818695, "confirmed_result": {"loss": 11.773225678337944, "mae": 11.564986228942871, "mape": 0.18124304711818695}}
EPOCH {"epoch": 44, "train_loss": 11.1026212873913, "val": {"loss": 11.773225678337944, "mae": 11.564986228942871, "mape": 0.18124304711818695}, "test_mixed": {"loss": 10.561061654772077, "mae": 10.54399299621582, "mape": 0.16663622856140137}, "test_workday": {"loss": 10.445007573003354, "mae": 10.463790893554688, "mape": 0.16676367819309235}, "test_holiday": {"loss": 10.749718427658081, "mae": 10.68307113647461, "mape": 0.16641519963741302}, "test_avg_mae": 10.573431015014648, "best_selection_value": 10.573431015014648, "best_selection_split": "test_avg_DIAGNOSTIC", "best_selection_metric": "test_avg_mae", "lr": 0.001, "fpem_logs": {"fpem/fpem_env_use_exogenous": 1.0, "fpem/env_exogenous_available": 1.0, "fpem/env_exogenous_time_available": 1.0, "fpem/env_exogenous_load_available": 1.0, "fpem/env_exogenous_feature_dim": 32.0, "fpem/env_exogenous_embedding_norm": 2.8419671058654785, "fpem/env_exogenous_load_embedding_norm": 2.0036175739197506, "fpem/env_rep_ablation_normal": 1.0, "fpem/env_rep_ablation_zero": 0.0, "fpem/env_rep_ablation_shuffle_batch": 0.0, "fpem/env_rep_ablation_mode_id": 0.0, "fpem/mask_loss": 0.0, "fpem/mask_sparse_loss": 0.0, "fpem/mask_entropy_loss": 0.0, "fpem/mask_mean": 1.0, "fpem/mask_entropy": 0.0, "fpem/mask_active_ratio": 1.0, "fpem/fusion_alpha_mean": 0.0, "fpem/fusion_alpha_std": 0.0, "fpem/fusion_alpha_min": 0.0, "fpem/fusion_alpha_max": 0.0, "fpem/env_route_loss": 2.1437350295838855, "fpem/env_route_L_final": 8.95495775767735, "fpem/env_route_L_global": 0.0, "fpem/env_route_L_route_soft": 0.0, "fpem/env_route_L_expert": 9.37146221342541, "fpem/env_route_L_router_oracle": 0.2694425512282621, "fpem/env_route_L_balance": 0.0, "fpem/env_route_L_diverse": 0.0, "fpem/env_route_L_proto_align": 0.0, "fpem/env_route_entropy": 0.0, "fpem/env_route_q_max_mean": 0.0, "fpem/hyper_alpha_mean": 0.0, "fpem/hyper_delta_norm": 0.0, "fpem/hyper_route_proto_mode_uniform_warmup": 0.0, "fpem/hyper_route_proto_mode_uniform_fixed": 0.0, "fpem/hyper_route_proto_mode_sinkhorn": 0.0, "fpem/hyper_route_proto_mode_softmax": 0.0, "fpem/fallback_q_mean": 0.0, "fpem/fallback_q_max": 0.0, "fpem/env_q_sum_mean": 1.0, "fpem/oracle_fallback_rate": 0.0, "fpem/route_count_fallback": 0.0, "fpem/env_route_head_mode": 1.0, "fpem/route_entropy_mean": 0.0, "fpem/route_mean_distribution_entropy": 0.0, "fpem/effective_expert_number": 1.0, "fpem/max_expert_usage_ratio": 0.0, "fpem/min_expert_usage_ratio": 0.0, "fpem/prototype_pairwise_cosine": 0.0, "fpem/expert_prediction_pairwise_cosine": 0.0, "fpem/expert_collapse_warning": 0.0, "fpem/env_route_target_mode_env_prototype": 0.0, "fpem/env_route_target_mode_hybrid": 0.0, "fpem/env_route_hybrid_alpha": 0.0, "fpem/env_route_train_mode_warmup_risk_sinkhorn": 0.0, "fpem/warmup_risk_stage_warmup": 0.0, "fpem/warmup_risk_stage_soft": 0.0, "fpem/warmup_risk_stage_hard": 0.0, "fpem/warmup_risk_selected_loss": 0.0, "fpem/warmup_risk_uniform_common_loss": 0.0, "fpem/warmup_risk_lambda_common": 0.0, "fpem/warmup_risk_total_common_term": 0.0, "fpem/warmup_risk_temperature": 0.0, "fpem/warmup_risk_temperature_progress": 0.0, "fpem/uniform_expert_mae": 0.0, "fpem/risk_routed_mae": 0.0, "fpem/risk_prediction_mae": 0.0, "fpem/risk_loss": 0.0, "fpem/risk_ranking_loss": 0.0, "fpem/risk_ranking_accuracy": 0.0, "fpem/risk_oracle_argmin_accuracy": 0.0, "fpem/risk_router_temperature": 0.0, "fpem/risk_router_lambda": 0.0, "fpem/risk_router_pairwise_lambda": 0.0, "fpem/env_route_train_mode_progressive_gmm_environment": 0.0, "fpem/top_level_prediction_source_progressive_gmm_teacher_hard": 0.0, "fpem/progressive_assignment_uses_target_or_prediction_error": 0.0, "fpem/progressive_partition_ready": 0.0, "fpem/progressive_selected_k": 0.0, "fpem/progressive_active_expert_count": 0.0, "fpem/progressive_last_partition_epoch": 0.0, "fpem/progressive_lambda_common": 0.0, "fpem/progressive_common_term": 0.0, "fpem/progressive_compactness_loss": 0.0, "fpem/progressive_consistency_loss": 0.0, "fpem/progressive_cluster_entropy": 0.0, "fpem/progressive_assignment_change_ratio": 0.0, "fpem/progressive_hungarian_overlap_score": 0.0, "fpem/progressive_partition_update_time_sec": 0.0, "fpem/progressive_routed_mae": 0.0, "fpem/progressive_gmm_environment_total_replaces_primary": 0.0, "fpem/env_route_count_head_0": 16.0, "fpem/env_route_oracle_count_head_0": 16.0, "fpem/route_count_env_head_0": 16.0, "fpem/route_soft_mean_expert_0": 1.0, "fpem/route_hard_count_expert_0": 16.0, "fpem/hard_count_expert_0": 16.0, "fpem/sinkhorn_soft_col_mass_expert_0": 0.0, "fpem/progressive_active_expert_0": 0.0, "fpem/progressive_cluster_size_0": 0.0, "fpem/progressive_cluster_ratio_0": 0.0, "fpem/progressive_cluster_to_expert_0": 0.0, "fpem/progressive_bic_k1": 0.0, "fpem/progressive_bic_score_k1": 0.0, "fpem/progressive_bic_rejected_k1": 0.0, "fpem/hyper_alpha_head_0": 0.0, "fpem/hyper_gamma_norm_head_0": 0.0, "fpem/hyper_beta_norm_head_0": 0.0, "fpem/expert_cross_mae_group_0_expert_0": 9.37146221342541, "fpem/load_expert_loss": 9.37146221342541, "fpem/conservative_override_router_loss": 0.2694425512282621, "fpem/hard_router_loss": 0.2694425512282621, "fpem/load_level_assignment_detached": 1.0, "fpem/load_level_count_0": 1680.0, "fpem/load_level_ratio_0": 1.0, "fpem/expert_0_global_loss": 9.37146221342541, "fpem/expert_0_selected_loss": 9.37146221342541, "fpem/conservative_all_environment_mae": 9.37146221342541, "fpem/conservative_all_invariant_mae": 9.66223744437808, "fpem/conservative_selective_hard_routing_mae": 9.37146221342541, "fpem/conservative_oracle_mae": 9.321272768293108, "fpem/conservative_router_accuracy": 0.7619047619047619, "fpem/conservative_router_balanced_accuracy": 0.5142857142857142, "fpem/conservative_invariant_switch_coverage": 0.0, "fpem/conservative_invariant_switch_precision": 0.0, "fpem/conservative_correct_beneficial_switches": 0.0, "fpem/conservative_harmful_invariant_switches": 0.0, "fpem/conservative_saved_loss_from_correct_switches": 0.0, "fpem/conservative_added_loss_from_harmful_switches": 0.0, "fpem/conservative_net_routing_gain": 0.0, "fpem/conservative_oracle_gap_closed": 0.0, "fpem/conservative_selected_threshold": 0.5, "fpem/conservative_selected_margin": 0.0, "fpem/conservative_delta_mean": -0.2907753336997259, "fpem/conservative_delta_positive_ratio": 0.23809523809523808, "fpem/conservative_target_inv_ratio": 0.23809523809523808, "fpem/conservative_p_inv_mean": 0.06796153356276807, "fpem/conservative_p_inv_min": 0.03071813735046557, "fpem/conservative_p_inv_max": 0.1290445681129183, "fpem/conservative_prediction_is_hard_route": 1.0, "fpem/conservative_prediction_is_soft_fusion": 0.0, "fpem/conservative_router_target_detached": 1.0, "fpem/conservative_delta_detached": 1.0, "fpem/conservative_harmful_switch_weight": 2.0, "fpem/hard_router_predicted_env_ratio": 1.0, "fpem/hard_router_effective_env_ratio": 1.0, "fpem/hard_router_target_env_ratio": 0.7619047619047619, "fpem/hard_router_gain_mean": -0.2907753336997259, "fpem/hard_router_margin_mean": 0.0, "fpem/conservative_router_supervision_enabled": 1.0, "fpem/conservative_router_weight_mean": 0.9999999937557039, "fpem/conservative_router_weight_min": 0.06016811567547155, "fpem/conservative_router_weight_max": 3.044016886892773, "fpem/expert_prediction_pairwise_difference": 0.0, "fpem/delta_pairwise_cosine": 0.0, "fpem/delta_pairwise_l1": 0.0, "fpem/delta_pairwise_l2": 0.0, "fpem/expert_0_parameter_norm": 14.95790500640869, "fpem/hard_binary_router_enabled": 1.0, "fpem/hard_router_uses_target_in_forward": 0.0, "fpem/stored_future_c_loaded": 0.0, "fpem/prediction_is_weighted_complete_fusion": 0.0, "fpem/prediction_is_hard_route": 1.0, "fpem/conservative_inv_override_enabled": 1.0, "fpem/conservative_router_features_detached": 1.0, "fpem/future_mi_loss": 0.0, "fpem/future_mi_valid": 0.0, "fpem/future_mi_logvar_mean": 0.0, "fpem/future_mi_target_mode_env_encoder": 0.0, "fpem/swap_loss": 0.0, "fpem/swap_diff_loss": 0.0, "fpem/swap_same_loss": 0.0, "fpem/swap_gain_mean": 0.0, "fpem/swap_s_gain_mean": 0.0, "fpem/swap_fallback_router_loss": 0.0, "fpem/swap_fallback_q_mean": 0.0, "fpem/swap_prediction_delta": 0.0, "fpem/swap_route_delta": 0.0, "fpem/swap_hyper_alpha_delta": 0.0, "fpem/swap_hyper_delta_norm": 0.0, "fpem/loss_env_day": 0.0, "fpem/loss_env_hour": 0.0, "fpem/loss_env_rush": 0.0, "fpem/env_day_acc": 0.0, "fpem/env_hour_acc": 0.0, "fpem/env_rush_acc": 0.0, "fpem/loss_env_supcon": 0.0, "fpem/env_supcon_valid_pairs": 0.0, "fpem/loss_inv_env_adv": 0.0, "fpem/inv_day_acc": 0.0, "fpem/inv_hour_acc": 0.0, "fpem/inv_rush_acc": 0.0, "fpem/loss_cross_cov_sep": 0.0, "fpem/load_level_experts_enabled": 1.0, "fpem/load_level_uses_target_or_future_load": 0.0, "fpem/environment_gate_uses_target_in_forward": 0.0, "fpem/load_level_env_residual_scale": 0.0, "fpem/uses_cached_observable_load_prior": 1.0, "fpem/primary_loss": 8.95495775767735, "fpem/inv_pred_loss": 9.21106751759847, "fpem/primary_uses_route": 1.0, "fpem/primary_uses_env_fusion": 0.0, "fpem/backbone_agcrn": 1.0, "fpem/backbone_graphwavenet": 0.0, "fpem/backbone_staeformer": 0.0, "fpem/gc_pred_loss_only": 1.0, "fpem/env_route_head_mode_hyper_proto": 1.0, "fpem/fpem_force_uniform_route": 0.0, "fpem/hard_prediction_sinkhorn_total_replaces_primary": 0.0, "fpem/hard_prediction_environment_sinkhorn_total_replaces_primary": 0.0, "fpem/warmup_risk_sinkhorn_total_replaces_primary": 0.0, "fpem/lambda_club_mi": 0.0}, "conservative_override_threshold_selection": {"split": "val", "threshold": 0.5, "margin": 0.0, "mae": 11.564986228942871, "loss": 11.773225678337944, "mape": 0.18124304711818695, "confirmed_result": {"loss": 11.773225678337944, "mae": 11.564986228942871, "mape": 0.18124304711818695}}}
CONSERVATIVE_OVERRIDE_THRESHOLD_SELECTION {"split": "val", "threshold": 0.5, "margin": 0.0, "mae": 11.62564468383789, "loss": 11.825910674201118, "mape": 0.1812886893749237, "confirmed_result": {"loss": 11.825910674201118, "mae": 11.62564468383789, "mape": 0.1812886893749237}}
EPOCH {"epoch": 45, "train_loss": 11.114128467014858, "val": {"loss": 11.825910674201118, "mae": 11.62564468383789, "mape": 0.1812886893749237}, "test_mixed": {"loss": 10.627714674813406, "mae": 10.622472763061523, "mape": 0.16738247871398926}, "test_workday": {"loss": 10.504875950191332, "mae": 10.535876274108887, "mape": 0.16811497509479523}, "test_holiday": {"loss": 10.829926331837973, "mae": 10.772640228271484, "mape": 0.1661122590303421}, "test_avg_mae": 10.654258251190186, "best_selection_value": 10.654258251190186, "best_selection_split": "test_avg_DIAGNOSTIC", "best_selection_metric": "test_avg_mae", "lr": 0.001, "fpem_logs": {"fpem/fpem_env_use_exogenous": 1.0, "fpem/env_exogenous_available": 1.0, "fpem/env_exogenous_time_available": 1.0, "fpem/env_exogenous_load_available": 1.0, "fpem/env_exogenous_feature_dim": 32.0, "fpem/env_exogenous_embedding_norm": 2.8479675497327532, "fpem/env_exogenous_load_embedding_norm": 2.004639216831752, "fpem/env_rep_ablation_normal": 1.0, "fpem/env_rep_ablation_zero": 0.0, "fpem/env_rep_ablation_shuffle_batch": 0.0, "fpem/env_rep_ablation_mode_id": 0.0, "fpem/mask_loss": 0.0, "fpem/mask_sparse_loss": 0.0, "fpem/mask_entropy_loss": 0.0, "fpem/mask_mean": 1.0, "fpem/mask_entropy": 0.0, "fpem/mask_active_ratio": 1.0, "fpem/fusion_alpha_mean": 0.0, "fpem/fusion_alpha_std": 0.0, "fpem/fusion_alpha_min": 0.0, "fpem/fusion_alpha_max": 0.0, "fpem/env_route_loss": 2.1452812490009125, "fpem/env_route_L_final": 8.974864228566487, "fpem/env_route_L_global": 0.0, "fpem/env_route_L_route_soft": 0.0, "fpem/env_route_L_expert": 9.376078810010638, "fpem/env_route_L_router_oracle": 0.27006546968505496, "fpem/env_route_L_balance": 0.0, "fpem/env_route_L_diverse": 0.0, "fpem/env_route_L_proto_align": 0.0, "fpem/env_route_entropy": 0.0, "fpem/env_route_q_max_mean": 0.0, "fpem/hyper_alpha_mean": 0.0, "fpem/hyper_delta_norm": 0.0, "fpem/hyper_route_proto_mode_uniform_warmup": 0.0, "fpem/hyper_route_proto_mode_uniform_fixed": 0.0, "fpem/hyper_route_proto_mode_sinkhorn": 0.0, "fpem/hyper_route_proto_mode_softmax": 0.0, "fpem/fallback_q_mean": 0.0, "fpem/fallback_q_max": 0.0, "fpem/env_q_sum_mean": 1.0, "fpem/oracle_fallback_rate": 0.0, "fpem/route_count_fallback": 0.0, "fpem/env_route_head_mode": 1.0, "fpem/route_entropy_mean": 0.0, "fpem/route_mean_distribution_entropy": 0.0, "fpem/effective_expert_number": 1.0, "fpem/max_expert_usage_ratio": 0.0, "fpem/min_expert_usage_ratio": 0.0, "fpem/prototype_pairwise_cosine": 0.0, "fpem/expert_prediction_pairwise_cosine": 0.0, "fpem/expert_collapse_warning": 0.0, "fpem/env_route_target_mode_env_prototype": 0.0, "fpem/env_route_target_mode_hybrid": 0.0, "fpem/env_route_hybrid_alpha": 0.0, "fpem/env_route_train_mode_warmup_risk_sinkhorn": 0.0, "fpem/warmup_risk_stage_warmup": 0.0, "fpem/warmup_risk_stage_soft": 0.0, "fpem/warmup_risk_stage_hard": 0.0, "fpem/warmup_risk_selected_loss": 0.0, "fpem/warmup_risk_uniform_common_loss": 0.0, "fpem/warmup_risk_lambda_common": 0.0, "fpem/warmup_risk_total_common_term": 0.0, "fpem/warmup_risk_temperature": 0.0, "fpem/warmup_risk_temperature_progress": 0.0, "fpem/uniform_expert_mae": 0.0, "fpem/risk_routed_mae": 0.0, "fpem/risk_prediction_mae": 0.0, "fpem/risk_loss": 0.0, "fpem/risk_ranking_loss": 0.0, "fpem/risk_ranking_accuracy": 0.0, "fpem/risk_oracle_argmin_accuracy": 0.0, "fpem/risk_router_temperature": 0.0, "fpem/risk_router_lambda": 0.0, "fpem/risk_router_pairwise_lambda": 0.0, "fpem/env_route_train_mode_progressive_gmm_environment": 0.0, "fpem/top_level_prediction_source_progressive_gmm_teacher_hard": 0.0, "fpem/progressive_assignment_uses_target_or_prediction_error": 0.0, "fpem/progressive_partition_ready": 0.0, "fpem/progressive_selected_k": 0.0, "fpem/progressive_active_expert_count": 0.0, "fpem/progressive_last_partition_epoch": 0.0, "fpem/progressive_lambda_common": 0.0, "fpem/progressive_common_term": 0.0, "fpem/progressive_compactness_loss": 0.0, "fpem/progressive_consistency_loss": 0.0, "fpem/progressive_cluster_entropy": 0.0, "fpem/progressive_assignment_change_ratio": 0.0, "fpem/progressive_hungarian_overlap_score": 0.0, "fpem/progressive_partition_update_time_sec": 0.0, "fpem/progressive_routed_mae": 0.0, "fpem/progressive_gmm_environment_total_replaces_primary": 0.0, "fpem/env_route_count_head_0": 16.0, "fpem/env_route_oracle_count_head_0": 16.0, "fpem/route_count_env_head_0": 16.0, "fpem/route_soft_mean_expert_0": 1.0, "fpem/route_hard_count_expert_0": 16.0, "fpem/hard_count_expert_0": 16.0, "fpem/sinkhorn_soft_col_mass_expert_0": 0.0, "fpem/progressive_active_expert_0": 0.0, "fpem/progressive_cluster_size_0": 0.0, "fpem/progressive_cluster_ratio_0": 0.0, "fpem/progressive_cluster_to_expert_0": 0.0, "fpem/progressive_bic_k1": 0.0, "fpem/progressive_bic_score_k1": 0.0, "fpem/progressive_bic_rejected_k1": 0.0, "fpem/hyper_alpha_head_0": 0.0, "fpem/hyper_gamma_norm_head_0": 0.0, "fpem/hyper_beta_norm_head_0": 0.0, "fpem/expert_cross_mae_group_0_expert_0": 9.376078810010638, "fpem/load_expert_loss": 9.376078810010638, "fpem/conservative_override_router_loss": 0.27006546968505496, "fpem/hard_router_loss": 0.27006546968505496, "fpem/load_level_assignment_detached": 1.0, "fpem/load_level_count_0": 1680.0, "fpem/load_level_ratio_0": 1.0, "fpem/expert_0_global_loss": 9.376078810010638, "fpem/expert_0_selected_loss": 9.376078810010638, "fpem/conservative_all_environment_mae": 9.376078810010638, "fpem/conservative_all_invariant_mae": 9.66223749433245, "fpem/conservative_selective_hard_routing_mae": 9.376078810010638, "fpem/conservative_oracle_mae": 9.322784877958751, "fpem/conservative_router_accuracy": 0.7666666666666667, "fpem/conservative_router_balanced_accuracy": 0.5047619047619047, "fpem/conservative_invariant_switch_coverage": 0.0, "fpem/conservative_invariant_switch_precision": 0.0, "fpem/conservative_correct_beneficial_switches": 0.0, "fpem/conservative_harmful_invariant_switches": 0.0, "fpem/conservative_saved_loss_from_correct_switches": 0.0, "fpem/conservative_added_loss_from_harmful_switches": 0.0, "fpem/conservative_net_routing_gain": 0.0, "fpem/conservative_oracle_gap_closed": 0.0, "fpem/conservative_selected_threshold": 0.5, "fpem/conservative_selected_margin": 0.0, "fpem/conservative_delta_mean": -0.2861586911337716, "fpem/conservative_delta_positive_ratio": 0.23333333333333334, "fpem/conservative_target_inv_ratio": 0.23333333333333334, "fpem/conservative_p_inv_mean": 0.07714909833101999, "fpem/conservative_p_inv_min": 0.03511682514633451, "fpem/conservative_p_inv_max": 0.1343740532086009, "fpem/conservative_prediction_is_hard_route": 1.0, "fpem/conservative_prediction_is_soft_fusion": 0.0, "fpem/conservative_router_target_detached": 1.0, "fpem/conservative_delta_detached": 1.0, "fpem/conservative_harmful_switch_weight": 2.0, "fpem/hard_router_predicted_env_ratio": 1.0, "fpem/hard_router_effective_env_ratio": 1.0, "fpem/hard_router_target_env_ratio": 0.7666666666666667, "fpem/hard_router_gain_mean": -0.2861586911337716, "fpem/hard_router_margin_mean": 0.0, "fpem/conservative_router_supervision_enabled": 1.0, "fpem/conservative_router_weight_mean": 0.9999999903497242, "fpem/conservative_router_weight_min": 0.06091152511847516, "fpem/conservative_router_weight_max": 2.980601548013233, "fpem/expert_prediction_pairwise_difference": 0.0, "fpem/delta_pairwise_cosine": 0.0, "fpem/delta_pairwise_l1": 0.0, "fpem/delta_pairwise_l2": 0.0, "fpem/expert_0_parameter_norm": 14.967524601164317, "fpem/hard_binary_router_enabled": 1.0, "fpem/hard_router_uses_target_in_forward": 0.0, "fpem/stored_future_c_loaded": 0.0, "fpem/prediction_is_weighted_complete_fusion": 0.0, "fpem/prediction_is_hard_route": 1.0, "fpem/conservative_inv_override_enabled": 1.0, "fpem/conservative_router_features_detached": 1.0, "fpem/future_mi_loss": 0.0, "fpem/future_mi_valid": 0.0, "fpem/future_mi_logvar_mean": 0.0, "fpem/future_mi_target_mode_env_encoder": 0.0, "fpem/swap_loss": 0.0, "fpem/swap_diff_loss": 0.0, "fpem/swap_same_loss": 0.0, "fpem/swap_gain_mean": 0.0, "fpem/swap_s_gain_mean": 0.0, "fpem/swap_fallback_router_loss": 0.0, "fpem/swap_fallback_q_mean": 0.0, "fpem/swap_prediction_delta": 0.0, "fpem/swap_route_delta": 0.0, "fpem/swap_hyper_alpha_delta": 0.0, "fpem/swap_hyper_delta_norm": 0.0, "fpem/loss_env_day": 0.0, "fpem/loss_env_hour": 0.0, "fpem/loss_env_rush": 0.0, "fpem/env_day_acc": 0.0, "fpem/env_hour_acc": 0.0, "fpem/env_rush_acc": 0.0, "fpem/loss_env_supcon": 0.0, "fpem/env_supcon_valid_pairs": 0.0, "fpem/loss_inv_env_adv": 0.0, "fpem/inv_day_acc": 0.0, "fpem/inv_hour_acc": 0.0, "fpem/inv_rush_acc": 0.0, "fpem/loss_cross_cov_sep": 0.0, "fpem/load_level_experts_enabled": 1.0, "fpem/load_level_uses_target_or_future_load": 0.0, "fpem/environment_gate_uses_target_in_forward": 0.0, "fpem/load_level_env_residual_scale": 0.0, "fpem/uses_cached_observable_load_prior": 1.0, "fpem/primary_loss": 8.974864228566487, "fpem/inv_pred_loss": 9.22128339040847, "fpem/primary_uses_route": 1.0, "fpem/primary_uses_env_fusion": 0.0, "fpem/backbone_agcrn": 1.0, "fpem/backbone_graphwavenet": 0.0, "fpem/backbone_staeformer": 0.0, "fpem/gc_pred_loss_only": 1.0, "fpem/env_route_head_mode_hyper_proto": 1.0, "fpem/fpem_force_uniform_route": 0.0, "fpem/hard_prediction_sinkhorn_total_replaces_primary": 0.0, "fpem/hard_prediction_environment_sinkhorn_total_replaces_primary": 0.0, "fpem/warmup_risk_sinkhorn_total_replaces_primary": 0.0, "fpem/lambda_club_mi": 0.0}, "conservative_override_threshold_selection": {"split": "val", "threshold": 0.5, "margin": 0.0, "mae": 11.62564468383789, "loss": 11.825910674201118, "mape": 0.1812886893749237, "confirmed_result": {"loss": 11.825910674201118, "mae": 11.62564468383789, "mape": 0.1812886893749237}}}
CONSERVATIVE_OVERRIDE_THRESHOLD_SELECTION {"split": "val", "threshold": 0.5, "margin": 0.0, "mae": 11.542854309082031, "loss": 11.767688327365452, "mape": 0.18529538810253143, "confirmed_result": {"loss": 11.767688327365452, "mae": 11.542854309082031, "mape": 0.18529538810253143}}
EPOCH {"epoch": 46, "train_loss": 11.09180722009568, "val": {"loss": 11.767688327365452, "mae": 11.542854309082031, "mape": 0.18529538810253143}, "test_mixed": {"loss": 10.562190273829868, "mae": 10.547155380249023, "mape": 0.1700890064239502}, "test_workday": {"loss": 10.43697912796684, "mae": 10.457568168640137, "mape": 0.17050744593143463}, "test_holiday": {"loss": 10.768933574358622, "mae": 10.702508926391602, "mape": 0.169363334774971}, "test_avg_mae": 10.58003854751587, "best_selection_value": 10.58003854751587, "best_selection_split": "test_avg_DIAGNOSTIC", "best_selection_metric": "test_avg_mae", "lr": 0.001, "fpem_logs": {"fpem/fpem_env_use_exogenous": 1.0, "fpem/env_exogenous_available": 1.0, "fpem/env_exogenous_time_available": 1.0, "fpem/env_exogenous_load_available": 1.0, "fpem/env_exogenous_feature_dim": 32.0, "fpem/env_exogenous_embedding_norm": 2.853130463191441, "fpem/env_exogenous_load_embedding_norm": 2.0091678222020466, "fpem/env_rep_ablation_normal": 1.0, "fpem/env_rep_ablation_zero": 0.0, "fpem/env_rep_ablation_shuffle_batch": 0.0, "fpem/env_rep_ablation_mode_id": 0.0, "fpem/mask_loss": 0.0, "fpem/mask_sparse_loss": 0.0, "fpem/mask_entropy_loss": 0.0, "fpem/mask_mean": 1.0, "fpem/mask_entropy": 0.0, "fpem/mask_active_ratio": 1.0, "fpem/fusion_alpha_mean": 0.0, "fpem/fusion_alpha_std": 0.0, "fpem/fusion_alpha_min": 0.0, "fpem/fusion_alpha_max": 0.0, "fpem/env_route_loss": 2.13131696837289, "fpem/env_route_L_final": 8.95493061883109, "fpem/env_route_L_global": 0.0, "fpem/env_route_L_route_soft": 0.0, "fpem/env_route_L_expert": 9.363222708020892, "fpem/env_route_L_router_oracle": 0.25867240059943425, "fpem/env_route_L_balance": 0.0, "fpem/env_route_L_diverse": 0.0, "fpem/env_route_L_proto_align": 0.0, "fpem/env_route_entropy": 0.0, "fpem/env_route_q_max_mean": 0.0, "fpem/hyper_alpha_mean": 0.0, "fpem/hyper_delta_norm": 0.0, "fpem/hyper_route_proto_mode_uniform_warmup": 0.0, "fpem/hyper_route_proto_mode_uniform_fixed": 0.0, "fpem/hyper_route_proto_mode_sinkhorn": 0.0, "fpem/hyper_route_proto_mode_softmax": 0.0, "fpem/fallback_q_mean": 0.0, "fpem/fallback_q_max": 0.0, "fpem/env_q_sum_mean": 1.0, "fpem/oracle_fallback_rate": 0.0, "fpem/route_count_fallback": 0.0, "fpem/env_route_head_mode": 1.0, "fpem/route_entropy_mean": 0.0, "fpem/route_mean_distribution_entropy": 0.0, "fpem/effective_expert_number": 1.0, "fpem/max_expert_usage_ratio": 0.0, "fpem/min_expert_usage_ratio": 0.0, "fpem/prototype_pairwise_cosine": 0.0, "fpem/expert_prediction_pairwise_cosine": 0.0, "fpem/expert_collapse_warning": 0.0, "fpem/env_route_target_mode_env_prototype": 0.0, "fpem/env_route_target_mode_hybrid": 0.0, "fpem/env_route_hybrid_alpha": 0.0, "fpem/env_route_train_mode_warmup_risk_sinkhorn": 0.0, "fpem/warmup_risk_stage_warmup": 0.0, "fpem/warmup_risk_stage_soft": 0.0, "fpem/warmup_risk_stage_hard": 0.0, "fpem/warmup_risk_selected_loss": 0.0, "fpem/warmup_risk_uniform_common_loss": 0.0, "fpem/warmup_risk_lambda_common": 0.0, "fpem/warmup_risk_total_common_term": 0.0, "fpem/warmup_risk_temperature": 0.0, "fpem/warmup_risk_temperature_progress": 0.0, "fpem/uniform_expert_mae": 0.0, "fpem/risk_routed_mae": 0.0, "fpem/risk_prediction_mae": 0.0, "fpem/risk_loss": 0.0, "fpem/risk_ranking_loss": 0.0, "fpem/risk_ranking_accuracy": 0.0, "fpem/risk_oracle_argmin_accuracy": 0.0, "fpem/risk_router_temperature": 0.0, "fpem/risk_router_lambda": 0.0, "fpem/risk_router_pairwise_lambda": 0.0, "fpem/env_route_train_mode_progressive_gmm_environment": 0.0, "fpem/top_level_prediction_source_progressive_gmm_teacher_hard": 0.0, "fpem/progressive_assignment_uses_target_or_prediction_error": 0.0, "fpem/progressive_partition_ready": 0.0, "fpem/progressive_selected_k": 0.0, "fpem/progressive_active_expert_count": 0.0, "fpem/progressive_last_partition_epoch": 0.0, "fpem/progressive_lambda_common": 0.0, "fpem/progressive_common_term": 0.0, "fpem/progressive_compactness_loss": 0.0, "fpem/progressive_consistency_loss": 0.0, "fpem/progressive_cluster_entropy": 0.0, "fpem/progressive_assignment_change_ratio": 0.0, "fpem/progressive_hungarian_overlap_score": 0.0, "fpem/progressive_partition_update_time_sec": 0.0, "fpem/progressive_routed_mae": 0.0, "fpem/progressive_gmm_environment_total_replaces_primary": 0.0, "fpem/env_route_count_head_0": 16.0, "fpem/env_route_oracle_count_head_0": 16.0, "fpem/route_count_env_head_0": 16.0, "fpem/route_soft_mean_expert_0": 1.0, "fpem/route_hard_count_expert_0": 16.0, "fpem/hard_count_expert_0": 16.0, "fpem/sinkhorn_soft_col_mass_expert_0": 0.0, "fpem/progressive_active_expert_0": 0.0, "fpem/progressive_cluster_size_0": 0.0, "fpem/progressive_cluster_ratio_0": 0.0, "fpem/progressive_cluster_to_expert_0": 0.0, "fpem/progressive_bic_k1": 0.0, "fpem/progressive_bic_score_k1": 0.0, "fpem/progressive_bic_rejected_k1": 0.0, "fpem/hyper_alpha_head_0": 0.0, "fpem/hyper_gamma_norm_head_0": 0.0, "fpem/hyper_beta_norm_head_0": 0.0, "fpem/expert_cross_mae_group_0_expert_0": 9.363222708020892, "fpem/load_expert_loss": 9.363222708020892, "fpem/conservative_override_router_loss": 0.25867240059943425, "fpem/hard_router_loss": 0.25867240059943425, "fpem/load_level_assignment_detached": 1.0, "fpem/load_level_count_0": 1680.0, "fpem/load_level_ratio_0": 1.0, "fpem/expert_0_global_loss": 9.363222708020892, "fpem/expert_0_selected_loss": 9.363222708020892, "fpem/conservative_all_environment_mae": 9.363222708020892, "fpem/conservative_all_invariant_mae": 9.66223749433245, "fpem/conservative_selective_hard_routing_mae": 9.363222708020892, "fpem/conservative_oracle_mae": 9.312303157079787, "fpem/conservative_router_accuracy": 0.7833333333333333, "fpem/conservative_router_balanced_accuracy": 0.5285714285714286, "fpem/conservative_invariant_switch_coverage": 0.0, "fpem/conservative_invariant_switch_precision": 0.0, "fpem/conservative_correct_beneficial_switches": 0.0, "fpem/conservative_harmful_invariant_switches": 0.0, "fpem/conservative_saved_loss_from_correct_switches": 0.0, "fpem/conservative_added_loss_from_harmful_switches": 0.0, "fpem/conservative_net_routing_gain": 0.0, "fpem/conservative_oracle_gap_closed": 0.0, "fpem/conservative_selected_threshold": 0.5, "fpem/conservative_selected_margin": 0.0, "fpem/conservative_delta_mean": -0.29901480007739295, "fpem/conservative_delta_positive_ratio": 0.21666666666666667, "fpem/conservative_target_inv_ratio": 0.21666666666666667, "fpem/conservative_p_inv_mean": 0.07172231670646441, "fpem/conservative_p_inv_min": 0.031684035311142604, "fpem/conservative_p_inv_max": 0.12759231527646384, "fpem/conservative_prediction_is_hard_route": 1.0, "fpem/conservative_prediction_is_soft_fusion": 0.0, "fpem/conservative_router_target_detached": 1.0, "fpem/conservative_delta_detached": 1.0, "fpem/conservative_harmful_switch_weight": 2.0, "fpem/hard_router_predicted_env_ratio": 1.0, "fpem/hard_router_effective_env_ratio": 1.0, "fpem/hard_router_target_env_ratio": 0.7833333333333333, "fpem/hard_router_gain_mean": -0.29901480007739295, "fpem/hard_router_margin_mean": 0.0, "fpem/conservative_router_supervision_enabled": 1.0, "fpem/conservative_router_weight_mean": 0.9999999937557039, "fpem/conservative_router_weight_min": 0.05083640003784759, "fpem/conservative_router_weight_max": 2.923357734226045, "fpem/expert_prediction_pairwise_difference": 0.0, "fpem/delta_pairwise_cosine": 0.0, "fpem/delta_pairwise_l1": 0.0, "fpem/delta_pairwise_l2": 0.0, "fpem/expert_0_parameter_norm": 14.968528175354004, "fpem/hard_binary_router_enabled": 1.0, "fpem/hard_router_uses_target_in_forward": 0.0, "fpem/stored_future_c_loaded": 0.0, "fpem/prediction_is_weighted_complete_fusion": 0.0, "fpem/prediction_is_hard_route": 1.0, "fpem/conservative_inv_override_enabled": 1.0, "fpem/conservative_router_features_detached": 1.0, "fpem/future_mi_loss": 0.0, "fpem/future_mi_valid": 0.0, "fpem/future_mi_logvar_mean": 0.0, "fpem/future_mi_target_mode_env_encoder": 0.0, "fpem/swap_loss": 0.0, "fpem/swap_diff_loss": 0.0, "fpem/swap_same_loss": 0.0, "fpem/swap_gain_mean": 0.0, "fpem/swap_s_gain_mean": 0.0, "fpem/swap_fallback_router_loss": 0.0, "fpem/swap_fallback_q_mean": 0.0, "fpem/swap_prediction_delta": 0.0, "fpem/swap_route_delta": 0.0, "fpem/swap_hyper_alpha_delta": 0.0, "fpem/swap_hyper_delta_norm": 0.0, "fpem/loss_env_day": 0.0, "fpem/loss_env_hour": 0.0, "fpem/loss_env_rush": 0.0, "fpem/env_day_acc": 0.0, "fpem/env_hour_acc": 0.0, "fpem/env_rush_acc": 0.0, "fpem/loss_env_supcon": 0.0, "fpem/env_supcon_valid_pairs": 0.0, "fpem/loss_inv_env_adv": 0.0, "fpem/inv_day_acc": 0.0, "fpem/inv_hour_acc": 0.0, "fpem/inv_rush_acc": 0.0, "fpem/loss_cross_cov_sep": 0.0, "fpem/load_level_experts_enabled": 1.0, "fpem/load_level_uses_target_or_future_load": 0.0, "fpem/environment_gate_uses_target_in_forward": 0.0, "fpem/load_level_env_residual_scale": 0.0, "fpem/uses_cached_observable_load_prior": 1.0, "fpem/primary_loss": 8.95493061883109, "fpem/inv_pred_loss": 9.216013318016415, "fpem/primary_uses_route": 1.0, "fpem/primary_uses_env_fusion": 0.0, "fpem/backbone_agcrn": 1.0, "fpem/backbone_graphwavenet": 0.0, "fpem/backbone_staeformer": 0.0, "fpem/gc_pred_loss_only": 1.0, "fpem/env_route_head_mode_hyper_proto": 1.0, "fpem/fpem_force_uniform_route": 0.0, "fpem/hard_prediction_sinkhorn_total_replaces_primary": 0.0, "fpem/hard_prediction_environment_sinkhorn_total_replaces_primary": 0.0, "fpem/warmup_risk_sinkhorn_total_replaces_primary": 0.0, "fpem/lambda_club_mi": 0.0}, "conservative_override_threshold_selection": {"split": "val", "threshold": 0.5, "margin": 0.0, "mae": 11.542854309082031, "loss": 11.767688327365452, "mape": 0.18529538810253143, "confirmed_result": {"loss": 11.767688327365452, "mae": 11.542854309082031, "mape": 0.18529538810253143}}}
CONSERVATIVE_OVERRIDE_THRESHOLD_SELECTION {"split": "val", "threshold": 0.5, "margin": 0.0, "mae": 11.712830543518066, "loss": 11.90079755253262, "mape": 0.18181049823760986, "confirmed_result": {"loss": 11.90079755253262, "mae": 11.712830543518066, "mape": 0.18181049823760986}}
EPOCH {"epoch": 47, "train_loss": 11.2464600335984, "val": {"loss": 11.90079755253262, "mae": 11.712830543518066, "mape": 0.18181049823760986}, "test_mixed": {"loss": 10.734984520503453, "mae": 10.718935012817383, "mape": 0.1687520146369934}, "test_workday": {"loss": 10.61560871290124, "mae": 10.63502025604248, "mape": 0.16924968361854553}, "test_holiday": {"loss": 10.930637995402018, "mae": 10.86445140838623, "mape": 0.16788899898529053}, "test_avg_mae": 10.749735832214355, "best_selection_value": 10.749735832214355, "best_selection_split": "test_avg_DIAGNOSTIC", "best_selection_metric": "test_avg_mae", "lr": 0.001, "fpem_logs": {"fpem/fpem_env_use_exogenous": 1.0, "fpem/env_exogenous_available": 1.0, "fpem/env_exogenous_time_available": 1.0, "fpem/env_exogenous_load_available": 1.0, "fpem/env_exogenous_feature_dim": 32.0, "fpem/env_exogenous_embedding_norm": 2.8578657014029365, "fpem/env_exogenous_load_embedding_norm": 2.016546258472261, "fpem/env_rep_ablation_normal": 1.0, "fpem/env_rep_ablation_zero": 0.0, "fpem/env_rep_ablation_shuffle_batch": 0.0, "fpem/env_rep_ablation_mode_id": 0.0, "fpem/mask_loss": 0.0, "fpem/mask_sparse_loss": 0.0, "fpem/mask_entropy_loss": 0.0, "fpem/mask_mean": 1.0, "fpem/mask_entropy": 0.0, "fpem/mask_active_ratio": 1.0, "fpem/fusion_alpha_mean": 0.0, "fpem/fusion_alpha_std": 0.0, "fpem/fusion_alpha_min": 0.0, "fpem/fusion_alpha_max": 0.0, "fpem/env_route_loss": 2.2402810380572364, "fpem/env_route_L_final": 9.003084768567767, "fpem/env_route_L_global": 0.0, "fpem/env_route_L_route_soft": 0.0, "fpem/env_route_L_expert": 9.408451570783342, "fpem/env_route_L_router_oracle": 0.35859069554578693, "fpem/env_route_L_balance": 0.0, "fpem/env_route_L_diverse": 0.0, "fpem/env_route_L_proto_align": 0.0, "fpem/env_route_entropy": 0.0, "fpem/env_route_q_max_mean": 0.0, "fpem/hyper_alpha_mean": 0.0, "fpem/hyper_delta_norm": 0.0, "fpem/hyper_route_proto_mode_uniform_warmup": 0.0, "fpem/hyper_route_proto_mode_uniform_fixed": 0.0, "fpem/hyper_route_proto_mode_sinkhorn": 0.0, "fpem/hyper_route_proto_mode_softmax": 0.0, "fpem/fallback_q_mean": 0.0, "fpem/fallback_q_max": 0.0, "fpem/env_q_sum_mean": 1.0, "fpem/oracle_fallback_rate": 0.0, "fpem/route_count_fallback": 0.0, "fpem/env_route_head_mode": 1.0, "fpem/route_entropy_mean": 0.0, "fpem/route_mean_distribution_entropy": 0.0, "fpem/effective_expert_number": 1.0, "fpem/max_expert_usage_ratio": 0.0, "fpem/min_expert_usage_ratio": 0.0, "fpem/prototype_pairwise_cosine": 0.0, "fpem/expert_prediction_pairwise_cosine": 0.0, "fpem/expert_collapse_warning": 0.0, "fpem/env_route_target_mode_env_prototype": 0.0, "fpem/env_route_target_mode_hybrid": 0.0, "fpem/env_route_hybrid_alpha": 0.0, "fpem/env_route_train_mode_warmup_risk_sinkhorn": 0.0, "fpem/warmup_risk_stage_warmup": 0.0, "fpem/warmup_risk_stage_soft": 0.0, "fpem/warmup_risk_stage_hard": 0.0, "fpem/warmup_risk_selected_loss": 0.0, "fpem/warmup_risk_uniform_common_loss": 0.0, "fpem/warmup_risk_lambda_common": 0.0, "fpem/warmup_risk_total_common_term": 0.0, "fpem/warmup_risk_temperature": 0.0, "fpem/warmup_risk_temperature_progress": 0.0, "fpem/uniform_expert_mae": 0.0, "fpem/risk_routed_mae": 0.0, "fpem/risk_prediction_mae": 0.0, "fpem/risk_loss": 0.0, "fpem/risk_ranking_loss": 0.0, "fpem/risk_ranking_accuracy": 0.0, "fpem/risk_oracle_argmin_accuracy": 0.0, "fpem/risk_router_temperature": 0.0, "fpem/risk_router_lambda": 0.0, "fpem/risk_router_pairwise_lambda": 0.0, "fpem/env_route_train_mode_progressive_gmm_environment": 0.0, "fpem/top_level_prediction_source_progressive_gmm_teacher_hard": 0.0, "fpem/progressive_assignment_uses_target_or_prediction_error": 0.0, "fpem/progressive_partition_ready": 0.0, "fpem/progressive_selected_k": 0.0, "fpem/progressive_active_expert_count": 0.0, "fpem/progressive_last_partition_epoch": 0.0, "fpem/progressive_lambda_common": 0.0, "fpem/progressive_common_term": 0.0, "fpem/progressive_compactness_loss": 0.0, "fpem/progressive_consistency_loss": 0.0, "fpem/progressive_cluster_entropy": 0.0, "fpem/progressive_assignment_change_ratio": 0.0, "fpem/progressive_hungarian_overlap_score": 0.0, "fpem/progressive_partition_update_time_sec": 0.0, "fpem/progressive_routed_mae": 0.0, "fpem/progressive_gmm_environment_total_replaces_primary": 0.0, "fpem/env_route_count_head_0": 16.0, "fpem/env_route_oracle_count_head_0": 16.0, "fpem/route_count_env_head_0": 16.0, "fpem/route_soft_mean_expert_0": 1.0, "fpem/route_hard_count_expert_0": 16.0, "fpem/hard_count_expert_0": 16.0, "fpem/sinkhorn_soft_col_mass_expert_0": 0.0, "fpem/progressive_active_expert_0": 0.0, "fpem/progressive_cluster_size_0": 0.0, "fpem/progressive_cluster_ratio_0": 0.0, "fpem/progressive_cluster_to_expert_0": 0.0, "fpem/progressive_bic_k1": 0.0, "fpem/progressive_bic_score_k1": 0.0, "fpem/progressive_bic_rejected_k1": 0.0, "fpem/hyper_alpha_head_0": 0.0, "fpem/hyper_gamma_norm_head_0": 0.0, "fpem/hyper_beta_norm_head_0": 0.0, "fpem/expert_cross_mae_group_0_expert_0": 9.408451570783342, "fpem/load_expert_loss": 9.408451570783342, "fpem/conservative_override_router_loss": 0.35859069554578693, "fpem/hard_router_loss": 0.35859069554578693, "fpem/load_level_assignment_detached": 1.0, "fpem/load_level_count_0": 1680.0, "fpem/load_level_ratio_0": 1.0, "fpem/expert_0_global_loss": 9.408451570783342, "fpem/expert_0_selected_loss": 9.408451570783342, "fpem/conservative_all_environment_mae": 9.408451570783342, "fpem/conservative_all_invariant_mae": 9.662237448919386, "fpem/conservative_selective_hard_routing_mae": 9.408451570783342, "fpem/conservative_oracle_mae": 9.338876837775821, "fpem/conservative_router_accuracy": 0.7416666666666667, "fpem/conservative_router_balanced_accuracy": 0.5142857142857142, "fpem/conservative_invariant_switch_coverage": 0.0, "fpem/conservative_invariant_switch_precision": 0.0, "fpem/conservative_correct_beneficial_switches": 0.0, "fpem/conservative_harmful_invariant_switches": 0.0, "fpem/conservative_saved_loss_from_correct_switches": 0.0, "fpem/conservative_added_loss_from_harmful_switches": 0.0, "fpem/conservative_net_routing_gain": 0.0, "fpem/conservative_oracle_gap_closed": 0.0, "fpem/conservative_selected_threshold": 0.5, "fpem/conservative_selected_margin": 0.0, "fpem/conservative_delta_mean": -0.25378599535851254, "fpem/conservative_delta_positive_ratio": 0.25833333333333336, "fpem/conservative_target_inv_ratio": 0.25833333333333336, "fpem/conservative_p_inv_mean": 0.09042443689845857, "fpem/conservative_p_inv_min": 0.041632136250180855, "fpem/conservative_p_inv_max": 0.1559471164430891, "fpem/conservative_prediction_is_hard_route": 1.0, "fpem/conservative_prediction_is_soft_fusion": 0.0, "fpem/conservative_router_target_detached": 1.0, "fpem/conservative_delta_detached": 1.0, "fpem/conservative_harmful_switch_weight": 2.0, "fpem/hard_router_predicted_env_ratio": 1.0, "fpem/hard_router_effective_env_ratio": 1.0, "fpem/hard_router_target_env_ratio": 0.7416666666666667, "fpem/hard_router_gain_mean": -0.25378599535851254, "fpem/hard_router_margin_mean": 0.0, "fpem/conservative_router_supervision_enabled": 1.0, "fpem/conservative_router_weight_mean": 0.9999999943233672, "fpem/conservative_router_weight_min": 0.05587902826124004, "fpem/conservative_router_weight_max": 3.0538663069407144, "fpem/expert_prediction_pairwise_difference": 0.0, "fpem/delta_pairwise_cosine": 0.0, "fpem/delta_pairwise_l1": 0.0, "fpem/delta_pairwise_l2": 0.0, "fpem/expert_0_parameter_norm": 14.968555241539365, "fpem/hard_binary_router_enabled": 1.0, "fpem/hard_router_uses_target_in_forward": 0.0, "fpem/stored_future_c_loaded": 0.0, "fpem/prediction_is_weighted_complete_fusion": 0.0, "fpem/prediction_is_hard_route": 1.0, "fpem/conservative_inv_override_enabled": 1.0, "fpem/conservative_router_features_detached": 1.0, "fpem/future_mi_loss": 0.0, "fpem/future_mi_valid": 0.0, "fpem/future_mi_logvar_mean": 0.0, "fpem/future_mi_target_mode_env_encoder": 0.0, "fpem/swap_loss": 0.0, "fpem/swap_diff_loss": 0.0, "fpem/swap_same_loss": 0.0, "fpem/swap_gain_mean": 0.0, "fpem/swap_s_gain_mean": 0.0, "fpem/swap_fallback_router_loss": 0.0, "fpem/swap_fallback_q_mean": 0.0, "fpem/swap_prediction_delta": 0.0, "fpem/swap_route_delta": 0.0, "fpem/swap_hyper_alpha_delta": 0.0, "fpem/swap_hyper_delta_norm": 0.0, "fpem/loss_env_day": 0.0, "fpem/loss_env_hour": 0.0, "fpem/loss_env_rush": 0.0, "fpem/env_day_acc": 0.0, "fpem/env_hour_acc": 0.0, "fpem/env_rush_acc": 0.0, "fpem/loss_env_supcon": 0.0, "fpem/env_supcon_valid_pairs": 0.0, "fpem/loss_inv_env_adv": 0.0, "fpem/inv_day_acc": 0.0, "fpem/inv_hour_acc": 0.0, "fpem/inv_rush_acc": 0.0, "fpem/loss_cross_cov_sep": 0.0, "fpem/load_level_experts_enabled": 1.0, "fpem/load_level_uses_target_or_future_load": 0.0, "fpem/environment_gate_uses_target_in_forward": 0.0, "fpem/load_level_env_residual_scale": 0.0, "fpem/uses_cached_observable_load_prior": 1.0, "fpem/primary_loss": 9.003084768567767, "fpem/inv_pred_loss": 9.216550132206509, "fpem/primary_uses_route": 1.0, "fpem/primary_uses_env_fusion": 0.0, "fpem/backbone_agcrn": 1.0, "fpem/backbone_graphwavenet": 0.0, "fpem/backbone_staeformer": 0.0, "fpem/gc_pred_loss_only": 1.0, "fpem/env_route_head_mode_hyper_proto": 1.0, "fpem/fpem_force_uniform_route": 0.0, "fpem/hard_prediction_sinkhorn_total_replaces_primary": 0.0, "fpem/hard_prediction_environment_sinkhorn_total_replaces_primary": 0.0, "fpem/warmup_risk_sinkhorn_total_replaces_primary": 0.0, "fpem/lambda_club_mi": 0.0}, "conservative_override_threshold_selection": {"split": "val", "threshold": 0.5, "margin": 0.0, "mae": 11.712830543518066, "loss": 11.90079755253262, "mape": 0.18181049823760986, "confirmed_result": {"loss": 11.90079755253262, "mae": 11.712830543518066, "mape": 0.18181049823760986}}}
CONSERVATIVE_OVERRIDE_THRESHOLD_SELECTION {"split": "val", "threshold": 0.5, "margin": 0.0, "mae": 11.559267044067383, "loss": 11.775164604187012, "mape": 0.1818830668926239, "confirmed_result": {"loss": 11.775164604187012, "mae": 11.559267044067383, "mape": 0.1818830668926239}}
EPOCH {"epoch": 48, "train_loss": 11.03407679966518, "val": {"loss": 11.775164604187012, "mae": 11.559267044067383, "mape": 0.1818830668926239}, "test_mixed": {"loss": 10.56582727432251, "mae": 10.553277015686035, "mape": 0.16762490570545197}, "test_workday": {"loss": 10.448596560436746, "mae": 10.472752571105957, "mape": 0.1679663062095642}, "test_holiday": {"loss": 10.757164319356283, "mae": 10.692915916442871, "mape": 0.1670328825712204}, "test_avg_mae": 10.582834243774414, "best_selection_value": 10.582834243774414, "best_selection_split": "test_avg_DIAGNOSTIC", "best_selection_metric": "test_avg_mae", "lr": 0.001, "fpem_logs": {"fpem/fpem_env_use_exogenous": 1.0, "fpem/env_exogenous_available": 1.0, "fpem/env_exogenous_time_available": 1.0, "fpem/env_exogenous_load_available": 1.0, "fpem/env_exogenous_feature_dim": 32.0, "fpem/env_exogenous_embedding_norm": 2.86391586349124, "fpem/env_exogenous_load_embedding_norm": 2.016203973406837, "fpem/env_rep_ablation_normal": 1.0, "fpem/env_rep_ablation_zero": 0.0, "fpem/env_rep_ablation_shuffle_batch": 0.0, "fpem/env_rep_ablation_mode_id": 0.0, "fpem/mask_loss": 0.0, "fpem/mask_sparse_loss": 0.0, "fpem/mask_entropy_loss": 0.0, "fpem/mask_mean": 1.0, "fpem/mask_entropy": 0.0, "fpem/mask_active_ratio": 1.0, "fpem/fusion_alpha_mean": 0.0, "fpem/fusion_alpha_std": 0.0, "fpem/fusion_alpha_min": 0.0, "fpem/fusion_alpha_max": 0.0, "fpem/env_route_loss": 2.1445852711087183, "fpem/env_route_L_final": 8.950096080416724, "fpem/env_route_L_global": 0.0, "fpem/env_route_L_route_soft": 0.0, "fpem/env_route_L_expert": 9.361522933415005, "fpem/env_route_L_router_oracle": 0.2722806560496489, "fpem/env_route_L_balance": 0.0, "fpem/env_route_L_diverse": 0.0, "fpem/env_route_L_proto_align": 0.0, "fpem/env_route_entropy": 0.0, "fpem/env_route_q_max_mean": 0.0, "fpem/hyper_alpha_mean": 0.0, "fpem/hyper_delta_norm": 0.0, "fpem/hyper_route_proto_mode_uniform_warmup": 0.0, "fpem/hyper_route_proto_mode_uniform_fixed": 0.0, "fpem/hyper_route_proto_mode_sinkhorn": 0.0, "fpem/hyper_route_proto_mode_softmax": 0.0, "fpem/fallback_q_mean": 0.0, "fpem/fallback_q_max": 0.0, "fpem/env_q_sum_mean": 1.0, "fpem/oracle_fallback_rate": 0.0, "fpem/route_count_fallback": 0.0, "fpem/env_route_head_mode": 1.0, "fpem/route_entropy_mean": 0.0, "fpem/route_mean_distribution_entropy": 0.0, "fpem/effective_expert_number": 1.0, "fpem/max_expert_usage_ratio": 0.0, "fpem/min_expert_usage_ratio": 0.0, "fpem/prototype_pairwise_cosine": 0.0, "fpem/expert_prediction_pairwise_cosine": 0.0, "fpem/expert_collapse_warning": 0.0, "fpem/env_route_target_mode_env_prototype": 0.0, "fpem/env_route_target_mode_hybrid": 0.0, "fpem/env_route_hybrid_alpha": 0.0, "fpem/env_route_train_mode_warmup_risk_sinkhorn": 0.0, "fpem/warmup_risk_stage_warmup": 0.0, "fpem/warmup_risk_stage_soft": 0.0, "fpem/warmup_risk_stage_hard": 0.0, "fpem/warmup_risk_selected_loss": 0.0, "fpem/warmup_risk_uniform_common_loss": 0.0, "fpem/warmup_risk_lambda_common": 0.0, "fpem/warmup_risk_total_common_term": 0.0, "fpem/warmup_risk_temperature": 0.0, "fpem/warmup_risk_temperature_progress": 0.0, "fpem/uniform_expert_mae": 0.0, "fpem/risk_routed_mae": 0.0, "fpem/risk_prediction_mae": 0.0, "fpem/risk_loss": 0.0, "fpem/risk_ranking_loss": 0.0, "fpem/risk_ranking_accuracy": 0.0, "fpem/risk_oracle_argmin_accuracy": 0.0, "fpem/risk_router_temperature": 0.0, "fpem/risk_router_lambda": 0.0, "fpem/risk_router_pairwise_lambda": 0.0, "fpem/env_route_train_mode_progressive_gmm_environment": 0.0, "fpem/top_level_prediction_source_progressive_gmm_teacher_hard": 0.0, "fpem/progressive_assignment_uses_target_or_prediction_error": 0.0, "fpem/progressive_partition_ready": 0.0, "fpem/progressive_selected_k": 0.0, "fpem/progressive_active_expert_count": 0.0, "fpem/progressive_last_partition_epoch": 0.0, "fpem/progressive_lambda_common": 0.0, "fpem/progressive_common_term": 0.0, "fpem/progressive_compactness_loss": 0.0, "fpem/progressive_consistency_loss": 0.0, "fpem/progressive_cluster_entropy": 0.0, "fpem/progressive_assignment_change_ratio": 0.0, "fpem/progressive_hungarian_overlap_score": 0.0, "fpem/progressive_partition_update_time_sec": 0.0, "fpem/progressive_routed_mae": 0.0, "fpem/progressive_gmm_environment_total_replaces_primary": 0.0, "fpem/env_route_count_head_0": 16.0, "fpem/env_route_oracle_count_head_0": 16.0, "fpem/route_count_env_head_0": 16.0, "fpem/route_soft_mean_expert_0": 1.0, "fpem/route_hard_count_expert_0": 16.0, "fpem/hard_count_expert_0": 16.0, "fpem/sinkhorn_soft_col_mass_expert_0": 0.0, "fpem/progressive_active_expert_0": 0.0, "fpem/progressive_cluster_size_0": 0.0, "fpem/progressive_cluster_ratio_0": 0.0, "fpem/progressive_cluster_to_expert_0": 0.0, "fpem/progressive_bic_k1": 0.0, "fpem/progressive_bic_score_k1": 0.0, "fpem/progressive_bic_rejected_k1": 0.0, "fpem/hyper_alpha_head_0": 0.0, "fpem/hyper_gamma_norm_head_0": 0.0, "fpem/hyper_beta_norm_head_0": 0.0, "fpem/expert_cross_mae_group_0_expert_0": 9.361522933415005, "fpem/load_expert_loss": 9.361522933415005, "fpem/conservative_override_router_loss": 0.2722806560496489, "fpem/hard_router_loss": 0.2722806560496489, "fpem/load_level_assignment_detached": 1.0, "fpem/load_level_count_0": 1680.0, "fpem/load_level_ratio_0": 1.0, "fpem/expert_0_global_loss": 9.361522933415005, "fpem/expert_0_selected_loss": 9.361522933415005, "fpem/conservative_all_environment_mae": 9.361522933415005, "fpem/conservative_all_invariant_mae": 9.662237507956368, "fpem/conservative_selective_hard_routing_mae": 9.361522933415005, "fpem/conservative_oracle_mae": 9.307045250847226, "fpem/conservative_router_accuracy": 0.7791666666666667, "fpem/conservative_router_balanced_accuracy": 0.5142857142857142, "fpem/conservative_invariant_switch_coverage": 0.0, "fpem/conservative_invariant_switch_precision": 0.0, "fpem/conservative_correct_beneficial_switches": 0.0, "fpem/conservative_harmful_invariant_switches": 0.0, "fpem/conservative_saved_loss_from_correct_switches": 0.0, "fpem/conservative_added_loss_from_harmful_switches": 0.0, "fpem/conservative_net_routing_gain": 0.0, "fpem/conservative_oracle_gap_closed": 0.0, "fpem/conservative_selected_threshold": 0.5, "fpem/conservative_selected_margin": 0.0, "fpem/conservative_delta_mean": -0.3007145562342235, "fpem/conservative_delta_positive_ratio": 0.22083333333333333, "fpem/conservative_target_inv_ratio": 0.22083333333333333, "fpem/conservative_p_inv_mean": 0.07323432287999562, "fpem/conservative_p_inv_min": 0.03227250271787246, "fpem/conservative_p_inv_max": 0.13149395223174776, "fpem/conservative_prediction_is_hard_route": 1.0, "fpem/conservative_prediction_is_soft_fusion": 0.0, "fpem/conservative_router_target_detached": 1.0, "fpem/conservative_delta_detached": 1.0, "fpem/conservative_harmful_switch_weight": 2.0, "fpem/hard_router_predicted_env_ratio": 1.0, "fpem/hard_router_effective_env_ratio": 1.0, "fpem/hard_router_target_env_ratio": 0.7791666666666667, "fpem/hard_router_gain_mean": -0.3007145562342235, "fpem/hard_router_margin_mean": 0.0, "fpem/conservative_router_supervision_enabled": 1.0, "fpem/conservative_router_weight_mean": 0.9999999920527141, "fpem/conservative_router_weight_min": 0.0557385344356243, "fpem/conservative_router_weight_max": 2.9267308496293567, "fpem/expert_prediction_pairwise_difference": 0.0, "fpem/delta_pairwise_cosine": 0.0, "fpem/delta_pairwise_l1": 0.0, "fpem/delta_pairwise_l2": 0.0, "fpem/expert_0_parameter_norm": 14.968579810006277, "fpem/hard_binary_router_enabled": 1.0, "fpem/hard_router_uses_target_in_forward": 0.0, "fpem/stored_future_c_loaded": 0.0, "fpem/prediction_is_weighted_complete_fusion": 0.0, "fpem/prediction_is_hard_route": 1.0, "fpem/conservative_inv_override_enabled": 1.0, "fpem/conservative_router_features_detached": 1.0, "fpem/future_mi_loss": 0.0, "fpem/future_mi_valid": 0.0, "fpem/future_mi_logvar_mean": 0.0, "fpem/future_mi_target_mode_env_encoder": 0.0, "fpem/swap_loss": 0.0, "fpem/swap_diff_loss": 0.0, "fpem/swap_same_loss": 0.0, "fpem/swap_gain_mean": 0.0, "fpem/swap_s_gain_mean": 0.0, "fpem/swap_fallback_router_loss": 0.0, "fpem/swap_fallback_q_mean": 0.0, "fpem/swap_prediction_delta": 0.0, "fpem/swap_route_delta": 0.0, "fpem/swap_hyper_alpha_delta": 0.0, "fpem/swap_hyper_delta_norm": 0.0, "fpem/loss_env_day": 0.0, "fpem/loss_env_hour": 0.0, "fpem/loss_env_rush": 0.0, "fpem/env_day_acc": 0.0, "fpem/env_hour_acc": 0.0, "fpem/env_rush_acc": 0.0, "fpem/loss_env_supcon": 0.0, "fpem/env_supcon_valid_pairs": 0.0, "fpem/loss_inv_env_adv": 0.0, "fpem/inv_day_acc": 0.0, "fpem/inv_hour_acc": 0.0, "fpem/inv_rush_acc": 0.0, "fpem/loss_cross_cov_sep": 0.0, "fpem/load_level_experts_enabled": 1.0, "fpem/load_level_uses_target_or_future_load": 0.0, "fpem/environment_gate_uses_target_in_forward": 0.0, "fpem/load_level_env_residual_scale": 0.0, "fpem/uses_cached_observable_load_prior": 1.0, "fpem/primary_loss": 8.950096080416724, "fpem/inv_pred_loss": 9.211400858561198, "fpem/primary_uses_route": 1.0, "fpem/primary_uses_env_fusion": 0.0, "fpem/backbone_agcrn": 1.0, "fpem/backbone_graphwavenet": 0.0, "fpem/backbone_staeformer": 0.0, "fpem/gc_pred_loss_only": 1.0, "fpem/env_route_head_mode_hyper_proto": 1.0, "fpem/fpem_force_uniform_route": 0.0, "fpem/hard_prediction_sinkhorn_total_replaces_primary": 0.0, "fpem/hard_prediction_environment_sinkhorn_total_replaces_primary": 0.0, "fpem/warmup_risk_sinkhorn_total_replaces_primary": 0.0, "fpem/lambda_club_mi": 0.0}, "conservative_override_threshold_selection": {"split": "val", "threshold": 0.5, "margin": 0.0, "mae": 11.559267044067383, "loss": 11.775164604187012, "mape": 0.1818830668926239, "confirmed_result": {"loss": 11.775164604187012, "mae": 11.559267044067383, "mape": 0.1818830668926239}}}
CONSERVATIVE_OVERRIDE_THRESHOLD_SELECTION {"split": "val", "threshold": 0.5, "margin": 0.0, "mae": 11.558545112609863, "loss": 11.768396880891588, "mape": 0.1800956279039383, "confirmed_result": {"loss": 11.768396880891588, "mae": 11.558545112609863, "mape": 0.1800956279039383}}
EPOCH {"epoch": 49, "train_loss": 11.101415852137974, "val": {"loss": 11.768396880891588, "mae": 11.558545112609863, "mape": 0.1800956279039383}, "test_mixed": {"loss": 10.569837651933943, "mae": 10.552800178527832, "mape": 0.16583351790905}, "test_workday": {"loss": 10.448355882064156, "mae": 10.467317581176758, "mape": 0.16619937121868134}, "test_holiday": {"loss": 10.769262591997782, "mae": 10.701040267944336, "mape": 0.1651991307735443}, "test_avg_mae": 10.584178924560547, "best_selection_value": 10.584178924560547, "best_selection_split": "test_avg_DIAGNOSTIC", "best_selection_metric": "test_avg_mae", "lr": 0.001, "fpem_logs": {"fpem/fpem_env_use_exogenous": 1.0, "fpem/env_exogenous_available": 1.0, "fpem/env_exogenous_time_available": 1.0, "fpem/env_exogenous_load_available": 1.0, "fpem/env_exogenous_feature_dim": 32.0, "fpem/env_exogenous_embedding_norm": 2.868989317757743, "fpem/env_exogenous_load_embedding_norm": 2.013893285251799, "fpem/env_rep_ablation_normal": 1.0, "fpem/env_rep_ablation_zero": 0.0, "fpem/env_rep_ablation_shuffle_batch": 0.0, "fpem/env_rep_ablation_mode_id": 0.0, "fpem/mask_loss": 0.0, "fpem/mask_sparse_loss": 0.0, "fpem/mask_entropy_loss": 0.0, "fpem/mask_mean": 1.0, "fpem/mask_entropy": 0.0, "fpem/mask_active_ratio": 1.0, "fpem/fusion_alpha_mean": 0.0, "fpem/fusion_alpha_std": 0.0, "fpem/fusion_alpha_min": 0.0, "fpem/fusion_alpha_max": 0.0, "fpem/env_route_loss": 2.1068534374237062, "fpem/env_route_L_final": 8.948691431681315, "fpem/env_route_L_global": 0.0, "fpem/env_route_L_route_soft": 0.0, "fpem/env_route_L_expert": 9.359250849769229, "fpem/env_route_L_router_oracle": 0.235003243741535, "fpem/env_route_L_balance": 0.0, "fpem/env_route_L_diverse": 0.0, "fpem/env_route_L_proto_align": 0.0, "fpem/env_route_entropy": 0.0, "fpem/env_route_q_max_mean": 0.0, "fpem/hyper_alpha_mean": 0.0, "fpem/hyper_delta_norm": 0.0, "fpem/hyper_route_proto_mode_uniform_warmup": 0.0, "fpem/hyper_route_proto_mode_uniform_fixed": 0.0, "fpem/hyper_route_proto_mode_sinkhorn": 0.0, "fpem/hyper_route_proto_mode_softmax": 0.0, "fpem/fallback_q_mean": 0.0, "fpem/fallback_q_max": 0.0, "fpem/env_q_sum_mean": 1.0, "fpem/oracle_fallback_rate": 0.0, "fpem/route_count_fallback": 0.0, "fpem/env_route_head_mode": 1.0, "fpem/route_entropy_mean": 0.0, "fpem/route_mean_distribution_entropy": 0.0, "fpem/effective_expert_number": 1.0, "fpem/max_expert_usage_ratio": 0.0, "fpem/min_expert_usage_ratio": 0.0, "fpem/prototype_pairwise_cosine": 0.0, "fpem/expert_prediction_pairwise_cosine": 0.0, "fpem/expert_collapse_warning": 0.0, "fpem/env_route_target_mode_env_prototype": 0.0, "fpem/env_route_target_mode_hybrid": 0.0, "fpem/env_route_hybrid_alpha": 0.0, "fpem/env_route_train_mode_warmup_risk_sinkhorn": 0.0, "fpem/warmup_risk_stage_warmup": 0.0, "fpem/warmup_risk_stage_soft": 0.0, "fpem/warmup_risk_stage_hard": 0.0, "fpem/warmup_risk_selected_loss": 0.0, "fpem/warmup_risk_uniform_common_loss": 0.0, "fpem/warmup_risk_lambda_common": 0.0, "fpem/warmup_risk_total_common_term": 0.0, "fpem/warmup_risk_temperature": 0.0, "fpem/warmup_risk_temperature_progress": 0.0, "fpem/uniform_expert_mae": 0.0, "fpem/risk_routed_mae": 0.0, "fpem/risk_prediction_mae": 0.0, "fpem/risk_loss": 0.0, "fpem/risk_ranking_loss": 0.0, "fpem/risk_ranking_accuracy": 0.0, "fpem/risk_oracle_argmin_accuracy": 0.0, "fpem/risk_router_temperature": 0.0, "fpem/risk_router_lambda": 0.0, "fpem/risk_router_pairwise_lambda": 0.0, "fpem/env_route_train_mode_progressive_gmm_environment": 0.0, "fpem/top_level_prediction_source_progressive_gmm_teacher_hard": 0.0, "fpem/progressive_assignment_uses_target_or_prediction_error": 0.0, "fpem/progressive_partition_ready": 0.0, "fpem/progressive_selected_k": 0.0, "fpem/progressive_active_expert_count": 0.0, "fpem/progressive_last_partition_epoch": 0.0, "fpem/progressive_lambda_common": 0.0, "fpem/progressive_common_term": 0.0, "fpem/progressive_compactness_loss": 0.0, "fpem/progressive_consistency_loss": 0.0, "fpem/progressive_cluster_entropy": 0.0, "fpem/progressive_assignment_change_ratio": 0.0, "fpem/progressive_hungarian_overlap_score": 0.0, "fpem/progressive_partition_update_time_sec": 0.0, "fpem/progressive_routed_mae": 0.0, "fpem/progressive_gmm_environment_total_replaces_primary": 0.0, "fpem/env_route_count_head_0": 16.0, "fpem/env_route_oracle_count_head_0": 16.0, "fpem/route_count_env_head_0": 16.0, "fpem/route_soft_mean_expert_0": 1.0, "fpem/route_hard_count_expert_0": 16.0, "fpem/hard_count_expert_0": 16.0, "fpem/sinkhorn_soft_col_mass_expert_0": 0.0, "fpem/progressive_active_expert_0": 0.0, "fpem/progressive_cluster_size_0": 0.0, "fpem/progressive_cluster_ratio_0": 0.0, "fpem/progressive_cluster_to_expert_0": 0.0, "fpem/progressive_bic_k1": 0.0, "fpem/progressive_bic_score_k1": 0.0, "fpem/progressive_bic_rejected_k1": 0.0, "fpem/hyper_alpha_head_0": 0.0, "fpem/hyper_gamma_norm_head_0": 0.0, "fpem/hyper_beta_norm_head_0": 0.0, "fpem/expert_cross_mae_group_0_expert_0": 9.359250849769229, "fpem/load_expert_loss": 9.359250849769229, "fpem/conservative_override_router_loss": 0.235003243741535, "fpem/hard_router_loss": 0.235003243741535, "fpem/load_level_assignment_detached": 1.0, "fpem/load_level_count_0": 1680.0, "fpem/load_level_ratio_0": 1.0, "fpem/expert_0_global_loss": 9.359250849769229, "fpem/expert_0_selected_loss": 9.359250849769229, "fpem/conservative_all_environment_mae": 9.359250849769229, "fpem/conservative_all_invariant_mae": 9.662237458002, "fpem/conservative_selective_hard_routing_mae": 9.359250849769229, "fpem/conservative_oracle_mae": 9.312281445094518, "fpem/conservative_router_accuracy": 0.781547619047619, "fpem/conservative_router_balanced_accuracy": 0.5047619047619047, "fpem/conservative_invariant_switch_coverage": 0.0, "fpem/conservative_invariant_switch_precision": 0.0, "fpem/conservative_correct_beneficial_switches": 0.0, "fpem/conservative_harmful_invariant_switches": 0.0, "fpem/conservative_saved_loss_from_correct_switches": 0.0, "fpem/conservative_added_loss_from_harmful_switches": 0.0, "fpem/conservative_net_routing_gain": 0.0, "fpem/conservative_oracle_gap_closed": 0.0, "fpem/conservative_selected_threshold": 0.5, "fpem/conservative_selected_margin": 0.0, "fpem/conservative_delta_mean": -0.3029866885571253, "fpem/conservative_delta_positive_ratio": 0.21845238095238095, "fpem/conservative_target_inv_ratio": 0.21845238095238095, "fpem/conservative_p_inv_mean": 0.07077918379079728, "fpem/conservative_p_inv_min": 0.030465426366953624, "fpem/conservative_p_inv_max": 0.127902952617123, "fpem/conservative_prediction_is_hard_route": 1.0, "fpem/conservative_prediction_is_soft_fusion": 0.0, "fpem/conservative_router_target_detached": 1.0, "fpem/conservative_delta_detached": 1.0, "fpem/conservative_harmful_switch_weight": 2.0, "fpem/hard_router_predicted_env_ratio": 1.0, "fpem/hard_router_effective_env_ratio": 1.0, "fpem/hard_router_target_env_ratio": 0.781547619047619, "fpem/hard_router_gain_mean": -0.3029866885571253, "fpem/hard_router_margin_mean": 0.0, "fpem/conservative_router_supervision_enabled": 1.0, "fpem/conservative_router_weight_mean": 0.9999999914850507, "fpem/conservative_router_weight_min": 0.06665051056590442, "fpem/conservative_router_weight_max": 2.857306506520226, "fpem/expert_prediction_pairwise_difference": 0.0, "fpem/delta_pairwise_cosine": 0.0, "fpem/delta_pairwise_l1": 0.0, "fpem/delta_pairwise_l2": 0.0, "fpem/expert_0_parameter_norm": 14.96861475989932, "fpem/hard_binary_router_enabled": 1.0, "fpem/hard_router_uses_target_in_forward": 0.0, "fpem/stored_future_c_loaded": 0.0, "fpem/prediction_is_weighted_complete_fusion": 0.0, "fpem/prediction_is_hard_route": 1.0, "fpem/conservative_inv_override_enabled": 1.0, "fpem/conservative_router_features_detached": 1.0, "fpem/future_mi_loss": 0.0, "fpem/future_mi_valid": 0.0, "fpem/future_mi_logvar_mean": 0.0, "fpem/future_mi_target_mode_env_encoder": 0.0, "fpem/swap_loss": 0.0, "fpem/swap_diff_loss": 0.0, "fpem/swap_same_loss": 0.0, "fpem/swap_gain_mean": 0.0, "fpem/swap_s_gain_mean": 0.0, "fpem/swap_fallback_router_loss": 0.0, "fpem/swap_fallback_q_mean": 0.0, "fpem/swap_prediction_delta": 0.0, "fpem/swap_route_delta": 0.0, "fpem/swap_hyper_alpha_delta": 0.0, "fpem/swap_hyper_delta_norm": 0.0, "fpem/loss_env_day": 0.0, "fpem/loss_env_hour": 0.0, "fpem/loss_env_rush": 0.0, "fpem/env_day_acc": 0.0, "fpem/env_hour_acc": 0.0, "fpem/env_rush_acc": 0.0, "fpem/loss_env_supcon": 0.0, "fpem/env_supcon_valid_pairs": 0.0, "fpem/loss_inv_env_adv": 0.0, "fpem/inv_day_acc": 0.0, "fpem/inv_hour_acc": 0.0, "fpem/inv_rush_acc": 0.0, "fpem/loss_cross_cov_sep": 0.0, "fpem/load_level_experts_enabled": 1.0, "fpem/load_level_uses_target_or_future_load": 0.0, "fpem/environment_gate_uses_target_in_forward": 0.0, "fpem/load_level_env_residual_scale": 0.0, "fpem/uses_cached_observable_load_prior": 1.0, "fpem/primary_loss": 8.948691431681315, "fpem/inv_pred_loss": 9.216477230616979, "fpem/primary_uses_route": 1.0, "fpem/primary_uses_env_fusion": 0.0, "fpem/backbone_agcrn": 1.0, "fpem/backbone_graphwavenet": 0.0, "fpem/backbone_staeformer": 0.0, "fpem/gc_pred_loss_only": 1.0, "fpem/env_route_head_mode_hyper_proto": 1.0, "fpem/fpem_force_uniform_route": 0.0, "fpem/hard_prediction_sinkhorn_total_replaces_primary": 0.0, "fpem/hard_prediction_environment_sinkhorn_total_replaces_primary": 0.0, "fpem/warmup_risk_sinkhorn_total_replaces_primary": 0.0, "fpem/lambda_club_mi": 0.0}, "conservative_override_threshold_selection": {"split": "val", "threshold": 0.5, "margin": 0.0, "mae": 11.558545112609863, "loss": 11.768396880891588, "mape": 0.1800956279039383, "confirmed_result": {"loss": 11.768396880891588, "mae": 11.558545112609863, "mape": 0.1800956279039383}}}
CONSERVATIVE_OVERRIDE_THRESHOLD_SELECTION {"split": "val", "threshold": 0.5, "margin": 0.0, "mae": 11.571980476379395, "loss": 11.783707883622911, "mape": 0.18229298293590546, "confirmed_result": {"loss": 11.783707883622911, "mae": 11.571980476379395, "mape": 0.18229298293590546}}
EPOCH {"epoch": 50, "train_loss": 11.061511284964425, "val": {"loss": 11.783707883622911, "mae": 11.571980476379395, "mape": 0.18229298293590546}, "test_mixed": {"loss": 10.551478835514613, "mae": 10.536003112792969, "mape": 0.1673807054758072}, "test_workday": {"loss": 10.428139251211416, "mae": 10.449321746826172, "mape": 0.16748172044754028}, "test_holiday": {"loss": 10.754462758700052, "mae": 10.68631649017334, "mape": 0.1672055423259735}, "test_avg_mae": 10.567819118499756, "best_selection_value": 10.567819118499756, "best_selection_split": "test_avg_DIAGNOSTIC", "best_selection_metric": "test_avg_mae", "lr": 0.001, "fpem_logs": {"fpem/fpem_env_use_exogenous": 1.0, "fpem/env_exogenous_available": 1.0, "fpem/env_exogenous_time_available": 1.0, "fpem/env_exogenous_load_available": 1.0, "fpem/env_exogenous_feature_dim": 32.0, "fpem/env_exogenous_embedding_norm": 2.8735423337845574, "fpem/env_exogenous_load_embedding_norm": 2.019468829745338, "fpem/env_rep_ablation_normal": 1.0, "fpem/env_rep_ablation_zero": 0.0, "fpem/env_rep_ablation_shuffle_batch": 0.0, "fpem/env_rep_ablation_mode_id": 0.0, "fpem/mask_loss": 0.0, "fpem/mask_sparse_loss": 0.0, "fpem/mask_entropy_loss": 0.0, "fpem/mask_mean": 1.0, "fpem/mask_entropy": 0.0, "fpem/mask_active_ratio": 1.0, "fpem/fusion_alpha_mean": 0.0, "fpem/fusion_alpha_std": 0.0, "fpem/fusion_alpha_min": 0.0, "fpem/fusion_alpha_max": 0.0, "fpem/env_route_loss": 2.10053311756679, "fpem/env_route_L_final": 8.935284110477992, "fpem/env_route_L_global": 0.0, "fpem/env_route_L_route_soft": 0.0, "fpem/env_route_L_expert": 9.346490219661169, "fpem/env_route_L_router_oracle": 0.23123503139331228, "fpem/env_route_L_balance": 0.0, "fpem/env_route_L_diverse": 0.0, "fpem/env_route_L_proto_align": 0.0, "fpem/env_route_entropy": 0.0, "fpem/env_route_q_max_mean": 0.0, "fpem/hyper_alpha_mean": 0.0, "fpem/hyper_delta_norm": 0.0, "fpem/hyper_route_proto_mode_uniform_warmup": 0.0, "fpem/hyper_route_proto_mode_uniform_fixed": 0.0, "fpem/hyper_route_proto_mode_sinkhorn": 0.0, "fpem/hyper_route_proto_mode_softmax": 0.0, "fpem/fallback_q_mean": 0.0, "fpem/fallback_q_max": 0.0, "fpem/env_q_sum_mean": 1.0, "fpem/oracle_fallback_rate": 0.0, "fpem/route_count_fallback": 0.0, "fpem/env_route_head_mode": 1.0, "fpem/route_entropy_mean": 0.0, "fpem/route_mean_distribution_entropy": 0.0, "fpem/effective_expert_number": 1.0, "fpem/max_expert_usage_ratio": 0.0, "fpem/min_expert_usage_ratio": 0.0, "fpem/prototype_pairwise_cosine": 0.0, "fpem/expert_prediction_pairwise_cosine": 0.0, "fpem/expert_collapse_warning": 0.0, "fpem/env_route_target_mode_env_prototype": 0.0, "fpem/env_route_target_mode_hybrid": 0.0, "fpem/env_route_hybrid_alpha": 0.0, "fpem/env_route_train_mode_warmup_risk_sinkhorn": 0.0, "fpem/warmup_risk_stage_warmup": 0.0, "fpem/warmup_risk_stage_soft": 0.0, "fpem/warmup_risk_stage_hard": 0.0, "fpem/warmup_risk_selected_loss": 0.0, "fpem/warmup_risk_uniform_common_loss": 0.0, "fpem/warmup_risk_lambda_common": 0.0, "fpem/warmup_risk_total_common_term": 0.0, "fpem/warmup_risk_temperature": 0.0, "fpem/warmup_risk_temperature_progress": 0.0, "fpem/uniform_expert_mae": 0.0, "fpem/risk_routed_mae": 0.0, "fpem/risk_prediction_mae": 0.0, "fpem/risk_loss": 0.0, "fpem/risk_ranking_loss": 0.0, "fpem/risk_ranking_accuracy": 0.0, "fpem/risk_oracle_argmin_accuracy": 0.0, "fpem/risk_router_temperature": 0.0, "fpem/risk_router_lambda": 0.0, "fpem/risk_router_pairwise_lambda": 0.0, "fpem/env_route_train_mode_progressive_gmm_environment": 0.0, "fpem/top_level_prediction_source_progressive_gmm_teacher_hard": 0.0, "fpem/progressive_assignment_uses_target_or_prediction_error": 0.0, "fpem/progressive_partition_ready": 0.0, "fpem/progressive_selected_k": 0.0, "fpem/progressive_active_expert_count": 0.0, "fpem/progressive_last_partition_epoch": 0.0, "fpem/progressive_lambda_common": 0.0, "fpem/progressive_common_term": 0.0, "fpem/progressive_compactness_loss": 0.0, "fpem/progressive_consistency_loss": 0.0, "fpem/progressive_cluster_entropy": 0.0, "fpem/progressive_assignment_change_ratio": 0.0, "fpem/progressive_hungarian_overlap_score": 0.0, "fpem/progressive_partition_update_time_sec": 0.0, "fpem/progressive_routed_mae": 0.0, "fpem/progressive_gmm_environment_total_replaces_primary": 0.0, "fpem/env_route_count_head_0": 16.0, "fpem/env_route_oracle_count_head_0": 16.0, "fpem/route_count_env_head_0": 16.0, "fpem/route_soft_mean_expert_0": 1.0, "fpem/route_hard_count_expert_0": 16.0, "fpem/hard_count_expert_0": 16.0, "fpem/sinkhorn_soft_col_mass_expert_0": 0.0, "fpem/progressive_active_expert_0": 0.0, "fpem/progressive_cluster_size_0": 0.0, "fpem/progressive_cluster_ratio_0": 0.0, "fpem/progressive_cluster_to_expert_0": 0.0, "fpem/progressive_bic_k1": 0.0, "fpem/progressive_bic_score_k1": 0.0, "fpem/progressive_bic_rejected_k1": 0.0, "fpem/hyper_alpha_head_0": 0.0, "fpem/hyper_gamma_norm_head_0": 0.0, "fpem/hyper_beta_norm_head_0": 0.0, "fpem/expert_cross_mae_group_0_expert_0": 9.346490219661169, "fpem/load_expert_loss": 9.346490219661169, "fpem/conservative_override_router_loss": 0.23123503139331228, "fpem/hard_router_loss": 0.23123503139331228, "fpem/load_level_assignment_detached": 1.0, "fpem/load_level_count_0": 1680.0, "fpem/load_level_ratio_0": 1.0, "fpem/expert_0_global_loss": 9.346490219661169, "fpem/expert_0_selected_loss": 9.346490219661169, "fpem/conservative_all_environment_mae": 9.346490219661169, "fpem/conservative_all_invariant_mae": 9.6622375306629, "fpem/conservative_selective_hard_routing_mae": 9.346490219661169, "fpem/conservative_oracle_mae": 9.302955954415458, "fpem/conservative_router_accuracy": 0.7964285714285714, "fpem/conservative_router_balanced_accuracy": 0.5142857142857142, "fpem/conservative_invariant_switch_coverage": 0.0, "fpem/conservative_invariant_switch_precision": 0.0, "fpem/conservative_correct_beneficial_switches": 0.0, "fpem/conservative_harmful_invariant_switches": 0.0, "fpem/conservative_saved_loss_from_correct_switches": 0.0, "fpem/conservative_added_loss_from_harmful_switches": 0.0, "fpem/conservative_net_routing_gain": 0.0, "fpem/conservative_oracle_gap_closed": 0.0, "fpem/conservative_selected_threshold": 0.5, "fpem/conservative_selected_margin": 0.0, "fpem/conservative_delta_mean": -0.31574726998806, "fpem/conservative_delta_positive_ratio": 0.20357142857142857, "fpem/conservative_target_inv_ratio": 0.20357142857142857, "fpem/conservative_p_inv_mean": 0.06182970865851357, "fpem/conservative_p_inv_min": 0.025324654765427113, "fpem/conservative_p_inv_max": 0.11792100919854073, "fpem/conservative_prediction_is_hard_route": 1.0, "fpem/conservative_prediction_is_soft_fusion": 0.0, "fpem/conservative_router_target_detached": 1.0, "fpem/conservative_delta_detached": 1.0, "fpem/conservative_harmful_switch_weight": 2.0, "fpem/hard_router_predicted_env_ratio": 1.0, "fpem/hard_router_effective_env_ratio": 1.0, "fpem/hard_router_target_env_ratio": 0.7964285714285714, "fpem/hard_router_gain_mean": -0.31574726998806, "fpem/hard_router_margin_mean": 0.0, "fpem/conservative_router_supervision_enabled": 1.0, "fpem/conservative_router_weight_mean": 0.9999999903497242, "fpem/conservative_router_weight_min": 0.06260608579593412, "fpem/conservative_router_weight_max": 2.955986101286752, "fpem/expert_prediction_pairwise_difference": 0.0, "fpem/delta_pairwise_cosine": 0.0, "fpem/delta_pairwise_l1": 0.0, "fpem/delta_pairwise_l2": 0.0, "fpem/expert_0_parameter_norm": 14.969288444519043, "fpem/hard_binary_router_enabled": 1.0, "fpem/hard_router_uses_target_in_forward": 0.0, "fpem/stored_future_c_loaded": 0.0, "fpem/prediction_is_weighted_complete_fusion": 0.0, "fpem/prediction_is_hard_route": 1.0, "fpem/conservative_inv_override_enabled": 1.0, "fpem/conservative_router_features_detached": 1.0, "fpem/future_mi_loss": 0.0, "fpem/future_mi_valid": 0.0, "fpem/future_mi_logvar_mean": 0.0, "fpem/future_mi_target_mode_env_encoder": 0.0, "fpem/swap_loss": 0.0, "fpem/swap_diff_loss": 0.0, "fpem/swap_same_loss": 0.0, "fpem/swap_gain_mean": 0.0, "fpem/swap_s_gain_mean": 0.0, "fpem/swap_fallback_router_loss": 0.0, "fpem/swap_fallback_q_mean": 0.0, "fpem/swap_prediction_delta": 0.0, "fpem/swap_route_delta": 0.0, "fpem/swap_hyper_alpha_delta": 0.0, "fpem/swap_hyper_delta_norm": 0.0, "fpem/loss_env_day": 0.0, "fpem/loss_env_hour": 0.0, "fpem/loss_env_rush": 0.0, "fpem/env_day_acc": 0.0, "fpem/env_hour_acc": 0.0, "fpem/env_rush_acc": 0.0, "fpem/loss_env_supcon": 0.0, "fpem/env_supcon_valid_pairs": 0.0, "fpem/loss_inv_env_adv": 0.0, "fpem/inv_day_acc": 0.0, "fpem/inv_hour_acc": 0.0, "fpem/inv_rush_acc": 0.0, "fpem/loss_cross_cov_sep": 0.0, "fpem/load_level_experts_enabled": 1.0, "fpem/load_level_uses_target_or_future_load": 0.0, "fpem/environment_gate_uses_target_in_forward": 0.0, "fpem/load_level_env_residual_scale": 0.0, "fpem/uses_cached_observable_load_prior": 1.0, "fpem/primary_loss": 8.935284110477992, "fpem/inv_pred_loss": 9.214406481243316, "fpem/primary_uses_route": 1.0, "fpem/primary_uses_env_fusion": 0.0, "fpem/backbone_agcrn": 1.0, "fpem/backbone_graphwavenet": 0.0, "fpem/backbone_staeformer": 0.0, "fpem/gc_pred_loss_only": 1.0, "fpem/env_route_head_mode_hyper_proto": 1.0, "fpem/fpem_force_uniform_route": 0.0, "fpem/hard_prediction_sinkhorn_total_replaces_primary": 0.0, "fpem/hard_prediction_environment_sinkhorn_total_replaces_primary": 0.0, "fpem/warmup_risk_sinkhorn_total_replaces_primary": 0.0, "fpem/lambda_club_mi": 0.0}, "conservative_override_threshold_selection": {"split": "val", "threshold": 0.5, "margin": 0.0, "mae": 11.571980476379395, "loss": 11.783707883622911, "mape": 0.18229298293590546, "confirmed_result": {"loss": 11.783707883622911, "mae": 11.571980476379395, "mape": 0.18229298293590546}}}
CONSERVATIVE_OVERRIDE_THRESHOLD_SELECTION {"split": "val", "threshold": 0.5, "margin": 0.0, "mae": 11.70833683013916, "loss": 11.914348708258736, "mape": 0.1829228699207306, "confirmed_result": {"loss": 11.914348708258736, "mae": 11.70833683013916, "mape": 0.1829228699207306}}
EPOCH {"epoch": 51, "train_loss": 11.08562107994443, "val": {"loss": 11.914348708258736, "mae": 11.70833683013916, "mape": 0.1829228699207306}, "test_mixed": {"loss": 10.738354219709123, "mae": 10.707489967346191, "mape": 0.16999226808547974}, "test_workday": {"loss": 10.618527827055559, "mae": 10.622694969177246, "mape": 0.17034806311130524}, "test_holiday": {"loss": 10.934420982996622, "mae": 10.854532241821289, "mape": 0.16937531530857086}, "test_avg_mae": 10.738613605499268, "best_selection_value": 10.738613605499268, "best_selection_split": "test_avg_DIAGNOSTIC", "best_selection_metric": "test_avg_mae", "lr": 0.001, "fpem_logs": {"fpem/fpem_env_use_exogenous": 1.0, "fpem/env_exogenous_available": 1.0, "fpem/env_exogenous_time_available": 1.0, "fpem/env_exogenous_load_available": 1.0, "fpem/env_exogenous_feature_dim": 32.0, "fpem/env_exogenous_embedding_norm": 2.8735071659088134, "fpem/env_exogenous_load_embedding_norm": 2.019946334475563, "fpem/env_rep_ablation_normal": 1.0, "fpem/env_rep_ablation_zero": 0.0, "fpem/env_rep_ablation_shuffle_batch": 0.0, "fpem/env_rep_ablation_mode_id": 0.0, "fpem/mask_loss": 0.0, "fpem/mask_sparse_loss": 0.0, "fpem/mask_entropy_loss": 0.0, "fpem/mask_mean": 1.0, "fpem/mask_entropy": 0.0, "fpem/mask_active_ratio": 1.0, "fpem/fusion_alpha_mean": 0.0, "fpem/fusion_alpha_std": 0.0, "fpem/fusion_alpha_min": 0.0, "fpem/fusion_alpha_max": 0.0, "fpem/env_route_loss": 2.1356687205178395, "fpem/env_route_L_final": 8.949949205489386, "fpem/env_route_L_global": 0.0, "fpem/env_route_L_route_soft": 0.0, "fpem/env_route_L_expert": 9.357592301141649, "fpem/env_route_L_router_oracle": 0.26415023122514997, "fpem/env_route_L_balance": 0.0, "fpem/env_route_L_diverse": 0.0, "fpem/env_route_L_proto_align": 0.0, "fpem/env_route_entropy": 0.0, "fpem/env_route_q_max_mean": 0.0, "fpem/hyper_alpha_mean": 0.0, "fpem/hyper_delta_norm": 0.0, "fpem/hyper_route_proto_mode_uniform_warmup": 0.0, "fpem/hyper_route_proto_mode_uniform_fixed": 0.0, "fpem/hyper_route_proto_mode_sinkhorn": 0.0, "fpem/hyper_route_proto_mode_softmax": 0.0, "fpem/fallback_q_mean": 0.0, "fpem/fallback_q_max": 0.0, "fpem/env_q_sum_mean": 1.0, "fpem/oracle_fallback_rate": 0.0, "fpem/route_count_fallback": 0.0, "fpem/env_route_head_mode": 1.0, "fpem/route_entropy_mean": 0.0, "fpem/route_mean_distribution_entropy": 0.0, "fpem/effective_expert_number": 1.0, "fpem/max_expert_usage_ratio": 0.0, "fpem/min_expert_usage_ratio": 0.0, "fpem/prototype_pairwise_cosine": 0.0, "fpem/expert_prediction_pairwise_cosine": 0.0, "fpem/expert_collapse_warning": 0.0, "fpem/env_route_target_mode_env_prototype": 0.0, "fpem/env_route_target_mode_hybrid": 0.0, "fpem/env_route_hybrid_alpha": 0.0, "fpem/env_route_train_mode_warmup_risk_sinkhorn": 0.0, "fpem/warmup_risk_stage_warmup": 0.0, "fpem/warmup_risk_stage_soft": 0.0, "fpem/warmup_risk_stage_hard": 0.0, "fpem/warmup_risk_selected_loss": 0.0, "fpem/warmup_risk_uniform_common_loss": 0.0, "fpem/warmup_risk_lambda_common": 0.0, "fpem/warmup_risk_total_common_term": 0.0, "fpem/warmup_risk_temperature": 0.0, "fpem/warmup_risk_temperature_progress": 0.0, "fpem/uniform_expert_mae": 0.0, "fpem/risk_routed_mae": 0.0, "fpem/risk_prediction_mae": 0.0, "fpem/risk_loss": 0.0, "fpem/risk_ranking_loss": 0.0, "fpem/risk_ranking_accuracy": 0.0, "fpem/risk_oracle_argmin_accuracy": 0.0, "fpem/risk_router_temperature": 0.0, "fpem/risk_router_lambda": 0.0, "fpem/risk_router_pairwise_lambda": 0.0, "fpem/env_route_train_mode_progressive_gmm_environment": 0.0, "fpem/top_level_prediction_source_progressive_gmm_teacher_hard": 0.0, "fpem/progressive_assignment_uses_target_or_prediction_error": 0.0, "fpem/progressive_partition_ready": 0.0, "fpem/progressive_selected_k": 0.0, "fpem/progressive_active_expert_count": 0.0, "fpem/progressive_last_partition_epoch": 0.0, "fpem/progressive_lambda_common": 0.0, "fpem/progressive_common_term": 0.0, "fpem/progressive_compactness_loss": 0.0, "fpem/progressive_consistency_loss": 0.0, "fpem/progressive_cluster_entropy": 0.0, "fpem/progressive_assignment_change_ratio": 0.0, "fpem/progressive_hungarian_overlap_score": 0.0, "fpem/progressive_partition_update_time_sec": 0.0, "fpem/progressive_routed_mae": 0.0, "fpem/progressive_gmm_environment_total_replaces_primary": 0.0, "fpem/env_route_count_head_0": 16.0, "fpem/env_route_oracle_count_head_0": 16.0, "fpem/route_count_env_head_0": 16.0, "fpem/route_soft_mean_expert_0": 1.0, "fpem/route_hard_count_expert_0": 16.0, "fpem/hard_count_expert_0": 16.0, "fpem/sinkhorn_soft_col_mass_expert_0": 0.0, "fpem/progressive_active_expert_0": 0.0, "fpem/progressive_cluster_size_0": 0.0, "fpem/progressive_cluster_ratio_0": 0.0, "fpem/progressive_cluster_to_expert_0": 0.0, "fpem/progressive_bic_k1": 0.0, "fpem/progressive_bic_score_k1": 0.0, "fpem/progressive_bic_rejected_k1": 0.0, "fpem/hyper_alpha_head_0": 0.0, "fpem/hyper_gamma_norm_head_0": 0.0, "fpem/hyper_beta_norm_head_0": 0.0, "fpem/expert_cross_mae_group_0_expert_0": 9.357592301141649, "fpem/load_expert_loss": 9.357592301141649, "fpem/conservative_override_router_loss": 0.26415023122514997, "fpem/hard_router_loss": 0.26415023122514997, "fpem/load_level_assignment_detached": 1.0, "fpem/load_level_count_0": 1680.0, "fpem/load_level_ratio_0": 1.0, "fpem/expert_0_global_loss": 9.357592301141649, "fpem/expert_0_selected_loss": 9.357592301141649, "fpem/conservative_all_environment_mae": 9.357592301141649, "fpem/conservative_all_invariant_mae": 9.662237439836774, "fpem/conservative_selective_hard_routing_mae": 9.357592301141649, "fpem/conservative_oracle_mae": 9.304853984287806, "fpem/conservative_router_accuracy": 0.7791666666666667, "fpem/conservative_router_balanced_accuracy": 0.5190476190476191, "fpem/conservative_invariant_switch_coverage": 0.0, "fpem/conservative_invariant_switch_precision": 0.0, "fpem/conservative_correct_beneficial_switches": 0.0, "fpem/conservative_harmful_invariant_switches": 0.0, "fpem/conservative_saved_loss_from_correct_switches": 0.0, "fpem/conservative_added_loss_from_harmful_switches": 0.0, "fpem/conservative_net_routing_gain": 0.0, "fpem/conservative_oracle_gap_closed": 0.0, "fpem/conservative_selected_threshold": 0.5, "fpem/conservative_selected_margin": 0.0, "fpem/conservative_delta_mean": -0.3046451640980584, "fpem/conservative_delta_positive_ratio": 0.22083333333333333, "fpem/conservative_target_inv_ratio": 0.22083333333333333, "fpem/conservative_p_inv_mean": 0.07455688523394721, "fpem/conservative_p_inv_min": 0.03092223106927815, "fpem/conservative_p_inv_max": 0.13281501531600953, "fpem/conservative_prediction_is_hard_route": 1.0, "fpem/conservative_prediction_is_soft_fusion": 0.0, "fpem/conservative_router_target_detached": 1.0, "fpem/conservative_delta_detached": 1.0, "fpem/conservative_harmful_switch_weight": 2.0, "fpem/hard_router_predicted_env_ratio": 1.0, "fpem/hard_router_effective_env_ratio": 1.0, "fpem/hard_router_target_env_ratio": 0.7791666666666667, "fpem/hard_router_gain_mean": -0.3046451640980584, "fpem/hard_router_margin_mean": 0.0, "fpem/conservative_router_supervision_enabled": 1.0, "fpem/conservative_router_weight_mean": 0.9999999880790711, "fpem/conservative_router_weight_min": 0.07051675840048119, "fpem/conservative_router_weight_max": 2.9095392760776337, "fpem/expert_prediction_pairwise_difference": 0.0, "fpem/delta_pairwise_cosine": 0.0, "fpem/delta_pairwise_l1": 0.0, "fpem/delta_pairwise_l2": 0.0, "fpem/expert_0_parameter_norm": 14.974561346144903, "fpem/hard_binary_router_enabled": 1.0, "fpem/hard_router_uses_target_in_forward": 0.0, "fpem/stored_future_c_loaded": 0.0, "fpem/prediction_is_weighted_complete_fusion": 0.0, "fpem/prediction_is_hard_route": 1.0, "fpem/conservative_inv_override_enabled": 1.0, "fpem/conservative_router_features_detached": 1.0, "fpem/future_mi_loss": 0.0, "fpem/future_mi_valid": 0.0, "fpem/future_mi_logvar_mean": 0.0, "fpem/future_mi_target_mode_env_encoder": 0.0, "fpem/swap_loss": 0.0, "fpem/swap_diff_loss": 0.0, "fpem/swap_same_loss": 0.0, "fpem/swap_gain_mean": 0.0, "fpem/swap_s_gain_mean": 0.0, "fpem/swap_fallback_router_loss": 0.0, "fpem/swap_fallback_q_mean": 0.0, "fpem/swap_prediction_delta": 0.0, "fpem/swap_route_delta": 0.0, "fpem/swap_hyper_alpha_delta": 0.0, "fpem/swap_hyper_delta_norm": 0.0, "fpem/loss_env_day": 0.0, "fpem/loss_env_hour": 0.0, "fpem/loss_env_rush": 0.0, "fpem/env_day_acc": 0.0, "fpem/env_hour_acc": 0.0, "fpem/env_rush_acc": 0.0, "fpem/loss_env_supcon": 0.0, "fpem/env_supcon_valid_pairs": 0.0, "fpem/loss_inv_env_adv": 0.0, "fpem/inv_day_acc": 0.0, "fpem/inv_hour_acc": 0.0, "fpem/inv_rush_acc": 0.0, "fpem/loss_cross_cov_sep": 0.0, "fpem/load_level_experts_enabled": 1.0, "fpem/load_level_uses_target_or_future_load": 0.0, "fpem/environment_gate_uses_target_in_forward": 0.0, "fpem/load_level_env_residual_scale": 0.0, "fpem/uses_cached_observable_load_prior": 1.0, "fpem/primary_loss": 8.949949205489386, "fpem/inv_pred_loss": 9.214186173393612, "fpem/primary_uses_route": 1.0, "fpem/primary_uses_env_fusion": 0.0, "fpem/backbone_agcrn": 1.0, "fpem/backbone_graphwavenet": 0.0, "fpem/backbone_staeformer": 0.0, "fpem/gc_pred_loss_only": 1.0, "fpem/env_route_head_mode_hyper_proto": 1.0, "fpem/fpem_force_uniform_route": 0.0, "fpem/hard_prediction_sinkhorn_total_replaces_primary": 0.0, "fpem/hard_prediction_environment_sinkhorn_total_replaces_primary": 0.0, "fpem/warmup_risk_sinkhorn_total_replaces_primary": 0.0, "fpem/lambda_club_mi": 0.0}, "conservative_override_threshold_selection": {"split": "val", "threshold": 0.5, "margin": 0.0, "mae": 11.70833683013916, "loss": 11.914348708258736, "mape": 0.1829228699207306, "confirmed_result": {"loss": 11.914348708258736, "mae": 11.70833683013916, "mape": 0.1829228699207306}}}
CONSERVATIVE_OVERRIDE_THRESHOLD_SELECTION {"split": "val", "threshold": 0.5, "margin": 0.0, "mae": 11.600493431091309, "loss": 11.826150205400255, "mape": 0.19337734580039978, "confirmed_result": {"loss": 11.826150205400255, "mae": 11.600493431091309, "mape": 0.19337734580039978}}
EPOCH {"epoch": 52, "train_loss": 11.075959305536179, "val": {"loss": 11.826150205400255, "mae": 11.600493431091309, "mape": 0.19337734580039978}, "test_mixed": {"loss": 10.568808024270194, "mae": 10.554803848266602, "mape": 0.17712588608264923}, "test_workday": {"loss": 10.450836824334186, "mae": 10.472219467163086, "mape": 0.17713555693626404}, "test_holiday": {"loss": 10.760885993639628, "mae": 10.698013305664062, "mape": 0.17710912227630615}, "test_avg_mae": 10.585116386413574, "best_selection_value": 10.585116386413574, "best_selection_split": "test_avg_DIAGNOSTIC", "best_selection_metric": "test_avg_mae", "lr": 0.001, "fpem_logs": {"fpem/fpem_env_use_exogenous": 1.0, "fpem/env_exogenous_available": 1.0, "fpem/env_exogenous_time_available": 1.0, "fpem/env_exogenous_load_available": 1.0, "fpem/env_exogenous_feature_dim": 32.0, "fpem/env_exogenous_embedding_norm": 2.8811715080624536, "fpem/env_exogenous_load_embedding_norm": 2.025781118302118, "fpem/env_rep_ablation_normal": 1.0, "fpem/env_rep_ablation_zero": 0.0, "fpem/env_rep_ablation_shuffle_batch": 0.0, "fpem/env_rep_ablation_mode_id": 0.0, "fpem/mask_loss": 0.0, "fpem/mask_sparse_loss": 0.0, "fpem/mask_entropy_loss": 0.0, "fpem/mask_mean": 1.0, "fpem/mask_entropy": 0.0, "fpem/mask_active_ratio": 1.0, "fpem/fusion_alpha_mean": 0.0, "fpem/fusion_alpha_std": 0.0, "fpem/fusion_alpha_min": 0.0, "fpem/fusion_alpha_max": 0.0, "fpem/env_route_loss": 2.1396465471812656, "fpem/env_route_L_final": 8.956422569638207, "fpem/env_route_L_global": 0.0, "fpem/env_route_L_route_soft": 0.0, "fpem/env_route_L_expert": 9.3629149664016, "fpem/env_route_L_router_oracle": 0.2670635182587873, "fpem/env_route_L_balance": 0.0, "fpem/env_route_L_diverse": 0.0, "fpem/env_route_L_proto_align": 0.0, "fpem/env_route_entropy": 0.0, "fpem/env_route_q_max_mean": 0.0, "fpem/hyper_alpha_mean": 0.0, "fpem/hyper_delta_norm": 0.0, "fpem/hyper_route_proto_mode_uniform_warmup": 0.0, "fpem/hyper_route_proto_mode_uniform_fixed": 0.0, "fpem/hyper_route_proto_mode_sinkhorn": 0.0, "fpem/hyper_route_proto_mode_softmax": 0.0, "fpem/fallback_q_mean": 0.0, "fpem/fallback_q_max": 0.0, "fpem/env_q_sum_mean": 1.0, "fpem/oracle_fallback_rate": 0.0, "fpem/route_count_fallback": 0.0, "fpem/env_route_head_mode": 1.0, "fpem/route_entropy_mean": 0.0, "fpem/route_mean_distribution_entropy": 0.0, "fpem/effective_expert_number": 1.0, "fpem/max_expert_usage_ratio": 0.0, "fpem/min_expert_usage_ratio": 0.0, "fpem/prototype_pairwise_cosine": 0.0, "fpem/expert_prediction_pairwise_cosine": 0.0, "fpem/expert_collapse_warning": 0.0, "fpem/env_route_target_mode_env_prototype": 0.0, "fpem/env_route_target_mode_hybrid": 0.0, "fpem/env_route_hybrid_alpha": 0.0, "fpem/env_route_train_mode_warmup_risk_sinkhorn": 0.0, "fpem/warmup_risk_stage_warmup": 0.0, "fpem/warmup_risk_stage_soft": 0.0, "fpem/warmup_risk_stage_hard": 0.0, "fpem/warmup_risk_selected_loss": 0.0, "fpem/warmup_risk_uniform_common_loss": 0.0, "fpem/warmup_risk_lambda_common": 0.0, "fpem/warmup_risk_total_common_term": 0.0, "fpem/warmup_risk_temperature": 0.0, "fpem/warmup_risk_temperature_progress": 0.0, "fpem/uniform_expert_mae": 0.0, "fpem/risk_routed_mae": 0.0, "fpem/risk_prediction_mae": 0.0, "fpem/risk_loss": 0.0, "fpem/risk_ranking_loss": 0.0, "fpem/risk_ranking_accuracy": 0.0, "fpem/risk_oracle_argmin_accuracy": 0.0, "fpem/risk_router_temperature": 0.0, "fpem/risk_router_lambda": 0.0, "fpem/risk_router_pairwise_lambda": 0.0, "fpem/env_route_train_mode_progressive_gmm_environment": 0.0, "fpem/top_level_prediction_source_progressive_gmm_teacher_hard": 0.0, "fpem/progressive_assignment_uses_target_or_prediction_error": 0.0, "fpem/progressive_partition_ready": 0.0, "fpem/progressive_selected_k": 0.0, "fpem/progressive_active_expert_count": 0.0, "fpem/progressive_last_partition_epoch": 0.0, "fpem/progressive_lambda_common": 0.0, "fpem/progressive_common_term": 0.0, "fpem/progressive_compactness_loss": 0.0, "fpem/progressive_consistency_loss": 0.0, "fpem/progressive_cluster_entropy": 0.0, "fpem/progressive_assignment_change_ratio": 0.0, "fpem/progressive_hungarian_overlap_score": 0.0, "fpem/progressive_partition_update_time_sec": 0.0, "fpem/progressive_routed_mae": 0.0, "fpem/progressive_gmm_environment_total_replaces_primary": 0.0, "fpem/env_route_count_head_0": 16.0, "fpem/env_route_oracle_count_head_0": 16.0, "fpem/route_count_env_head_0": 16.0, "fpem/route_soft_mean_expert_0": 1.0, "fpem/route_hard_count_expert_0": 16.0, "fpem/hard_count_expert_0": 16.0, "fpem/sinkhorn_soft_col_mass_expert_0": 0.0, "fpem/progressive_active_expert_0": 0.0, "fpem/progressive_cluster_size_0": 0.0, "fpem/progressive_cluster_ratio_0": 0.0, "fpem/progressive_cluster_to_expert_0": 0.0, "fpem/progressive_bic_k1": 0.0, "fpem/progressive_bic_score_k1": 0.0, "fpem/progressive_bic_rejected_k1": 0.0, "fpem/hyper_alpha_head_0": 0.0, "fpem/hyper_gamma_norm_head_0": 0.0, "fpem/hyper_beta_norm_head_0": 0.0, "fpem/expert_cross_mae_group_0_expert_0": 9.3629149664016, "fpem/load_expert_loss": 9.3629149664016, "fpem/conservative_override_router_loss": 0.2670635182587873, "fpem/hard_router_loss": 0.2670635182587873, "fpem/load_level_assignment_detached": 1.0, "fpem/load_level_count_0": 1680.0, "fpem/load_level_ratio_0": 1.0, "fpem/expert_0_global_loss": 9.3629149664016, "fpem/expert_0_selected_loss": 9.3629149664016, "fpem/conservative_all_environment_mae": 9.3629149664016, "fpem/conservative_all_invariant_mae": 9.662237517038982, "fpem/conservative_selective_hard_routing_mae": 9.3629149664016, "fpem/conservative_oracle_mae": 9.30992402576265, "fpem/conservative_router_accuracy": 0.7714285714285715, "fpem/conservative_router_balanced_accuracy": 0.5142857142857142, "fpem/conservative_invariant_switch_coverage": 0.0, "fpem/conservative_invariant_switch_precision": 0.0, "fpem/conservative_correct_beneficial_switches": 0.0, "fpem/conservative_harmful_invariant_switches": 0.0, "fpem/conservative_saved_loss_from_correct_switches": 0.0, "fpem/conservative_added_loss_from_harmful_switches": 0.0, "fpem/conservative_net_routing_gain": 0.0, "fpem/conservative_oracle_gap_closed": 0.0, "fpem/conservative_selected_threshold": 0.5, "fpem/conservative_selected_margin": 0.0, "fpem/conservative_delta_mean": -0.2993225212608065, "fpem/conservative_delta_positive_ratio": 0.22857142857142856, "fpem/conservative_target_inv_ratio": 0.22857142857142856, "fpem/conservative_p_inv_mean": 0.08557715674950964, "fpem/conservative_p_inv_min": 0.03538893215535652, "fpem/conservative_p_inv_max": 0.1533281982654617, "fpem/conservative_prediction_is_hard_route": 1.0, "fpem/conservative_prediction_is_soft_fusion": 0.0, "fpem/conservative_router_target_detached": 1.0, "fpem/conservative_delta_detached": 1.0, "fpem/conservative_harmful_switch_weight": 2.0, "fpem/hard_router_predicted_env_ratio": 1.0, "fpem/hard_router_effective_env_ratio": 1.0, "fpem/hard_router_target_env_ratio": 0.7714285714285715, "fpem/hard_router_gain_mean": -0.2993225212608065, "fpem/hard_router_margin_mean": 0.0, "fpem/conservative_router_supervision_enabled": 1.0, "fpem/conservative_router_weight_mean": 0.9999999965940203, "fpem/conservative_router_weight_min": 0.056094807826974874, "fpem/conservative_router_weight_max": 3.0029536076954435, "fpem/expert_prediction_pairwise_difference": 0.0, "fpem/delta_pairwise_cosine": 0.0, "fpem/delta_pairwise_l1": 0.0, "fpem/delta_pairwise_l2": 0.0, "fpem/expert_0_parameter_norm": 14.977181171235584, "fpem/hard_binary_router_enabled": 1.0, "fpem/hard_router_uses_target_in_forward": 0.0, "fpem/stored_future_c_loaded": 0.0, "fpem/prediction_is_weighted_complete_fusion": 0.0, "fpem/prediction_is_hard_route": 1.0, "fpem/conservative_inv_override_enabled": 1.0, "fpem/conservative_router_features_detached": 1.0, "fpem/future_mi_loss": 0.0, "fpem/future_mi_valid": 0.0, "fpem/future_mi_logvar_mean": 0.0, "fpem/future_mi_target_mode_env_encoder": 0.0, "fpem/swap_loss": 0.0, "fpem/swap_diff_loss": 0.0, "fpem/swap_same_loss": 0.0, "fpem/swap_gain_mean": 0.0, "fpem/swap_s_gain_mean": 0.0, "fpem/swap_fallback_router_loss": 0.0, "fpem/swap_fallback_q_mean": 0.0, "fpem/swap_prediction_delta": 0.0, "fpem/swap_route_delta": 0.0, "fpem/swap_hyper_alpha_delta": 0.0, "fpem/swap_hyper_delta_norm": 0.0, "fpem/loss_env_day": 0.0, "fpem/loss_env_hour": 0.0, "fpem/loss_env_rush": 0.0, "fpem/env_day_acc": 0.0, "fpem/env_hour_acc": 0.0, "fpem/env_rush_acc": 0.0, "fpem/loss_env_supcon": 0.0, "fpem/env_supcon_valid_pairs": 0.0, "fpem/loss_inv_env_adv": 0.0, "fpem/inv_day_acc": 0.0, "fpem/inv_hour_acc": 0.0, "fpem/inv_rush_acc": 0.0, "fpem/loss_cross_cov_sep": 0.0, "fpem/load_level_experts_enabled": 1.0, "fpem/load_level_uses_target_or_future_load": 0.0, "fpem/environment_gate_uses_target_in_forward": 0.0, "fpem/load_level_env_residual_scale": 0.0, "fpem/uses_cached_observable_load_prior": 1.0, "fpem/primary_loss": 8.956422569638207, "fpem/inv_pred_loss": 9.2126600310916, "fpem/primary_uses_route": 1.0, "fpem/primary_uses_env_fusion": 0.0, "fpem/backbone_agcrn": 1.0, "fpem/backbone_graphwavenet": 0.0, "fpem/backbone_staeformer": 0.0, "fpem/gc_pred_loss_only": 1.0, "fpem/env_route_head_mode_hyper_proto": 1.0, "fpem/fpem_force_uniform_route": 0.0, "fpem/hard_prediction_sinkhorn_total_replaces_primary": 0.0, "fpem/hard_prediction_environment_sinkhorn_total_replaces_primary": 0.0, "fpem/warmup_risk_sinkhorn_total_replaces_primary": 0.0, "fpem/lambda_club_mi": 0.0}, "conservative_override_threshold_selection": {"split": "val", "threshold": 0.5, "margin": 0.0, "mae": 11.600493431091309, "loss": 11.826150205400255, "mape": 0.19337734580039978, "confirmed_result": {"loss": 11.826150205400255, "mae": 11.600493431091309, "mape": 0.19337734580039978}}}
CONSERVATIVE_OVERRIDE_THRESHOLD_SELECTION {"split": "val", "threshold": 0.5, "margin": 0.0, "mae": 11.567269325256348, "loss": 11.777781963348389, "mape": 0.18066391348838806, "confirmed_result": {"loss": 11.777781963348389, "mae": 11.567269325256348, "mape": 0.18066391348838806}}
EPOCH {"epoch": 53, "train_loss": 11.05261341276623, "val": {"loss": 11.777781963348389, "mae": 11.567269325256348, "mape": 0.18066391348838806}, "test_mixed": {"loss": 10.56196015221732, "mae": 10.543893814086914, "mape": 0.1662910282611847}, "test_workday": {"loss": 10.439569183017896, "mae": 10.457610130310059, "mape": 0.1664573848247528}, "test_holiday": {"loss": 10.762609680493673, "mae": 10.693520545959473, "mape": 0.1660025715827942}, "test_avg_mae": 10.575565338134766, "best_selection_value": 10.575565338134766, "best_selection_split": "test_avg_DIAGNOSTIC", "best_selection_metric": "test_avg_mae", "lr": 0.001, "fpem_logs": {"fpem/fpem_env_use_exogenous": 1.0, "fpem/env_exogenous_available": 1.0, "fpem/env_exogenous_time_available": 1.0, "fpem/env_exogenous_load_available": 1.0, "fpem/env_exogenous_feature_dim": 32.0, "fpem/env_exogenous_embedding_norm": 2.8915668691907612, "fpem/env_exogenous_load_embedding_norm": 2.0314686888740177, "fpem/env_rep_ablation_normal": 1.0, "fpem/env_rep_ablation_zero": 0.0, "fpem/env_rep_ablation_shuffle_batch": 0.0, "fpem/env_rep_ablation_mode_id": 0.0, "fpem/mask_loss": 0.0, "fpem/mask_sparse_loss": 0.0, "fpem/mask_entropy_loss": 0.0, "fpem/mask_mean": 1.0, "fpem/mask_entropy": 0.0, "fpem/mask_active_ratio": 1.0, "fpem/fusion_alpha_mean": 0.0, "fpem/fusion_alpha_std": 0.0, "fpem/fusion_alpha_min": 0.0, "fpem/fusion_alpha_max": 0.0, "fpem/env_route_loss": 2.10973333631243, "fpem/env_route_L_final": 8.94350106375558, "fpem/env_route_L_global": 0.0, "fpem/env_route_L_route_soft": 0.0, "fpem/env_route_L_expert": 9.351395679655528, "fpem/env_route_L_router_oracle": 0.23945417301285835, "fpem/env_route_L_balance": 0.0, "fpem/env_route_L_diverse": 0.0, "fpem/env_route_L_proto_align": 0.0, "fpem/env_route_entropy": 0.0, "fpem/env_route_q_max_mean": 0.0, "fpem/hyper_alpha_mean": 0.0, "fpem/hyper_delta_norm": 0.0, "fpem/hyper_route_proto_mode_uniform_warmup": 0.0, "fpem/hyper_route_proto_mode_uniform_fixed": 0.0, "fpem/hyper_route_proto_mode_sinkhorn": 0.0, "fpem/hyper_route_proto_mode_softmax": 0.0, "fpem/fallback_q_mean": 0.0, "fpem/fallback_q_max": 0.0, "fpem/env_q_sum_mean": 1.0, "fpem/oracle_fallback_rate": 0.0, "fpem/route_count_fallback": 0.0, "fpem/env_route_head_mode": 1.0, "fpem/route_entropy_mean": 0.0, "fpem/route_mean_distribution_entropy": 0.0, "fpem/effective_expert_number": 1.0, "fpem/max_expert_usage_ratio": 0.0, "fpem/min_expert_usage_ratio": 0.0, "fpem/prototype_pairwise_cosine": 0.0, "fpem/expert_prediction_pairwise_cosine": 0.0, "fpem/expert_collapse_warning": 0.0, "fpem/env_route_target_mode_env_prototype": 0.0, "fpem/env_route_target_mode_hybrid": 0.0, "fpem/env_route_hybrid_alpha": 0.0, "fpem/env_route_train_mode_warmup_risk_sinkhorn": 0.0, "fpem/warmup_risk_stage_warmup": 0.0, "fpem/warmup_risk_stage_soft": 0.0, "fpem/warmup_risk_stage_hard": 0.0, "fpem/warmup_risk_selected_loss": 0.0, "fpem/warmup_risk_uniform_common_loss": 0.0, "fpem/warmup_risk_lambda_common": 0.0, "fpem/warmup_risk_total_common_term": 0.0, "fpem/warmup_risk_temperature": 0.0, "fpem/warmup_risk_temperature_progress": 0.0, "fpem/uniform_expert_mae": 0.0, "fpem/risk_routed_mae": 0.0, "fpem/risk_prediction_mae": 0.0, "fpem/risk_loss": 0.0, "fpem/risk_ranking_loss": 0.0, "fpem/risk_ranking_accuracy": 0.0, "fpem/risk_oracle_argmin_accuracy": 0.0, "fpem/risk_router_temperature": 0.0, "fpem/risk_router_lambda": 0.0, "fpem/risk_router_pairwise_lambda": 0.0, "fpem/env_route_train_mode_progressive_gmm_environment": 0.0, "fpem/top_level_prediction_source_progressive_gmm_teacher_hard": 0.0, "fpem/progressive_assignment_uses_target_or_prediction_error": 0.0, "fpem/progressive_partition_ready": 0.0, "fpem/progressive_selected_k": 0.0, "fpem/progressive_active_expert_count": 0.0, "fpem/progressive_last_partition_epoch": 0.0, "fpem/progressive_lambda_common": 0.0, "fpem/progressive_common_term": 0.0, "fpem/progressive_compactness_loss": 0.0, "fpem/progressive_consistency_loss": 0.0, "fpem/progressive_cluster_entropy": 0.0, "fpem/progressive_assignment_change_ratio": 0.0, "fpem/progressive_hungarian_overlap_score": 0.0, "fpem/progressive_partition_update_time_sec": 0.0, "fpem/progressive_routed_mae": 0.0, "fpem/progressive_gmm_environment_total_replaces_primary": 0.0, "fpem/env_route_count_head_0": 16.0, "fpem/env_route_oracle_count_head_0": 16.0, "fpem/route_count_env_head_0": 16.0, "fpem/route_soft_mean_expert_0": 1.0, "fpem/route_hard_count_expert_0": 16.0, "fpem/hard_count_expert_0": 16.0, "fpem/sinkhorn_soft_col_mass_expert_0": 0.0, "fpem/progressive_active_expert_0": 0.0, "fpem/progressive_cluster_size_0": 0.0, "fpem/progressive_cluster_ratio_0": 0.0, "fpem/progressive_cluster_to_expert_0": 0.0, "fpem/progressive_bic_k1": 0.0, "fpem/progressive_bic_score_k1": 0.0, "fpem/progressive_bic_rejected_k1": 0.0, "fpem/hyper_alpha_head_0": 0.0, "fpem/hyper_gamma_norm_head_0": 0.0, "fpem/hyper_beta_norm_head_0": 0.0, "fpem/expert_cross_mae_group_0_expert_0": 9.351395679655528, "fpem/load_expert_loss": 9.351395679655528, "fpem/conservative_override_router_loss": 0.23945417301285835, "fpem/hard_router_loss": 0.23945417301285835, "fpem/load_level_assignment_detached": 1.0, "fpem/load_level_count_0": 1680.0, "fpem/load_level_ratio_0": 1.0, "fpem/expert_0_global_loss": 9.351395679655528, "fpem/expert_0_selected_loss": 9.351395679655528, "fpem/conservative_all_environment_mae": 9.351395679655528, "fpem/conservative_all_invariant_mae": 9.662237557910737, "fpem/conservative_selective_hard_routing_mae": 9.351395679655528, "fpem/conservative_oracle_mae": 9.303725605919247, "fpem/conservative_router_accuracy": 0.7898809523809524, "fpem/conservative_router_balanced_accuracy": 0.5047619047619047, "fpem/conservative_invariant_switch_coverage": 0.0, "fpem/conservative_invariant_switch_precision": 0.0, "fpem/conservative_correct_beneficial_switches": 0.0, "fpem/conservative_harmful_invariant_switches": 0.0, "fpem/conservative_saved_loss_from_correct_switches": 0.0, "fpem/conservative_added_loss_from_harmful_switches": 0.0, "fpem/conservative_net_routing_gain": 0.0, "fpem/conservative_oracle_gap_closed": 0.0, "fpem/conservative_selected_threshold": 0.5, "fpem/conservative_selected_margin": 0.0, "fpem/conservative_delta_mean": -0.31084184433732714, "fpem/conservative_delta_positive_ratio": 0.21011904761904762, "fpem/conservative_target_inv_ratio": 0.21011904761904762, "fpem/conservative_p_inv_mean": 0.063873485937005, "fpem/conservative_p_inv_min": 0.024560811051300594, "fpem/conservative_p_inv_max": 0.12036528715065548, "fpem/conservative_prediction_is_hard_route": 1.0, "fpem/conservative_prediction_is_soft_fusion": 0.0, "fpem/conservative_router_target_detached": 1.0, "fpem/conservative_delta_detached": 1.0, "fpem/conservative_harmful_switch_weight": 2.0, "fpem/hard_router_predicted_env_ratio": 1.0, "fpem/hard_router_effective_env_ratio": 1.0, "fpem/hard_router_target_env_ratio": 0.7898809523809524, "fpem/hard_router_gain_mean": -0.31084184433732714, "fpem/hard_router_margin_mean": 0.0, "fpem/conservative_router_supervision_enabled": 1.0, "fpem/conservative_router_weight_mean": 0.9999999920527141, "fpem/conservative_router_weight_min": 0.05530141884186638, "fpem/conservative_router_weight_max": 2.996020654269627, "fpem/expert_prediction_pairwise_difference": 0.0, "fpem/delta_pairwise_cosine": 0.0, "fpem/delta_pairwise_l1": 0.0, "fpem/delta_pairwise_l2": 0.0, "fpem/expert_0_parameter_norm": 14.97692813873291, "fpem/hard_binary_router_enabled": 1.0, "fpem/hard_router_uses_target_in_forward": 0.0, "fpem/stored_future_c_loaded": 0.0, "fpem/prediction_is_weighted_complete_fusion": 0.0, "fpem/prediction_is_hard_route": 1.0, "fpem/conservative_inv_override_enabled": 1.0, "fpem/conservative_router_features_detached": 1.0, "fpem/future_mi_loss": 0.0, "fpem/future_mi_valid": 0.0, "fpem/future_mi_logvar_mean": 0.0, "fpem/future_mi_target_mode_env_encoder": 0.0, "fpem/swap_loss": 0.0, "fpem/swap_diff_loss": 0.0, "fpem/swap_same_loss": 0.0, "fpem/swap_gain_mean": 0.0, "fpem/swap_s_gain_mean": 0.0, "fpem/swap_fallback_router_loss": 0.0, "fpem/swap_fallback_q_mean": 0.0, "fpem/swap_prediction_delta": 0.0, "fpem/swap_route_delta": 0.0, "fpem/swap_hyper_alpha_delta": 0.0, "fpem/swap_hyper_delta_norm": 0.0, "fpem/loss_env_day": 0.0, "fpem/loss_env_hour": 0.0, "fpem/loss_env_rush": 0.0, "fpem/env_day_acc": 0.0, "fpem/env_hour_acc": 0.0, "fpem/env_rush_acc": 0.0, "fpem/loss_env_supcon": 0.0, "fpem/env_supcon_valid_pairs": 0.0, "fpem/loss_inv_env_adv": 0.0, "fpem/inv_day_acc": 0.0, "fpem/inv_hour_acc": 0.0, "fpem/inv_rush_acc": 0.0, "fpem/loss_cross_cov_sep": 0.0, "fpem/load_level_experts_enabled": 1.0, "fpem/load_level_uses_target_or_future_load": 0.0, "fpem/environment_gate_uses_target_in_forward": 0.0, "fpem/load_level_env_residual_scale": 0.0, "fpem/uses_cached_observable_load_prior": 1.0, "fpem/primary_loss": 8.94350106375558, "fpem/inv_pred_loss": 9.217659577869235, "fpem/primary_uses_route": 1.0, "fpem/primary_uses_env_fusion": 0.0, "fpem/backbone_agcrn": 1.0, "fpem/backbone_graphwavenet": 0.0, "fpem/backbone_staeformer": 0.0, "fpem/gc_pred_loss_only": 1.0, "fpem/env_route_head_mode_hyper_proto": 1.0, "fpem/fpem_force_uniform_route": 0.0, "fpem/hard_prediction_sinkhorn_total_replaces_primary": 0.0, "fpem/hard_prediction_environment_sinkhorn_total_replaces_primary": 0.0, "fpem/warmup_risk_sinkhorn_total_replaces_primary": 0.0, "fpem/lambda_club_mi": 0.0}, "conservative_override_threshold_selection": {"split": "val", "threshold": 0.5, "margin": 0.0, "mae": 11.567269325256348, "loss": 11.777781963348389, "mape": 0.18066391348838806, "confirmed_result": {"loss": 11.777781963348389, "mae": 11.567269325256348, "mape": 0.18066391348838806}}}
CONSERVATIVE_OVERRIDE_THRESHOLD_SELECTION {"split": "val", "threshold": 0.5, "margin": 0.0, "mae": 11.561284065246582, "loss": 11.782993687523735, "mape": 0.18673111498355865, "confirmed_result": {"loss": 11.782993687523735, "mae": 11.561284065246582, "mape": 0.18673111498355865}}
EPOCH {"epoch": 54, "train_loss": 11.071327454703194, "val": {"loss": 11.782993687523735, "mae": 11.561284065246582, "mape": 0.18673111498355865}, "test_mixed": {"loss": 10.539506217411587, "mae": 10.530052185058594, "mape": 0.17141804099082947}, "test_workday": {"loss": 10.409951313682225, "mae": 10.438313484191895, "mape": 0.17151880264282227}, "test_holiday": {"loss": 10.754316250483194, "mae": 10.68913745880127, "mape": 0.17124328017234802}, "test_avg_mae": 10.563725471496582, "best_selection_value": 10.563725471496582, "best_selection_split": "test_avg_DIAGNOSTIC", "best_selection_metric": "test_avg_mae", "lr": 0.001, "fpem_logs": {"fpem/fpem_env_use_exogenous": 1.0, "fpem/env_exogenous_available": 1.0, "fpem/env_exogenous_time_available": 1.0, "fpem/env_exogenous_load_available": 1.0, "fpem/env_exogenous_feature_dim": 32.0, "fpem/env_exogenous_embedding_norm": 2.8919137909298853, "fpem/env_exogenous_load_embedding_norm": 2.0336531389327277, "fpem/env_rep_ablation_normal": 1.0, "fpem/env_rep_ablation_zero": 0.0, "fpem/env_rep_ablation_shuffle_batch": 0.0, "fpem/env_rep_ablation_mode_id": 0.0, "fpem/mask_loss": 0.0, "fpem/mask_sparse_loss": 0.0, "fpem/mask_entropy_loss": 0.0, "fpem/mask_mean": 1.0, "fpem/mask_entropy": 0.0, "fpem/mask_active_ratio": 1.0, "fpem/fusion_alpha_mean": 0.0, "fpem/fusion_alpha_std": 0.0, "fpem/fusion_alpha_min": 0.0, "fpem/fusion_alpha_max": 0.0, "fpem/env_route_loss": 2.1129171995889573, "fpem/env_route_L_final": 8.941902837299166, "fpem/env_route_L_global": 0.0, "fpem/env_route_L_route_soft": 0.0, "fpem/env_route_L_expert": 9.348382005237397, "fpem/env_route_L_router_oracle": 0.2432407806671801, "fpem/env_route_L_balance": 0.0, "fpem/env_route_L_diverse": 0.0, "fpem/env_route_L_proto_align": 0.0, "fpem/env_route_entropy": 0.0, "fpem/env_route_q_max_mean": 0.0, "fpem/hyper_alpha_mean": 0.0, "fpem/hyper_delta_norm": 0.0, "fpem/hyper_route_proto_mode_uniform_warmup": 0.0, "fpem/hyper_route_proto_mode_uniform_fixed": 0.0, "fpem/hyper_route_proto_mode_sinkhorn": 0.0, "fpem/hyper_route_proto_mode_softmax": 0.0, "fpem/fallback_q_mean": 0.0, "fpem/fallback_q_max": 0.0, "fpem/env_q_sum_mean": 1.0, "fpem/oracle_fallback_rate": 0.0, "fpem/route_count_fallback": 0.0, "fpem/env_route_head_mode": 1.0, "fpem/route_entropy_mean": 0.0, "fpem/route_mean_distribution_entropy": 0.0, "fpem/effective_expert_number": 1.0, "fpem/max_expert_usage_ratio": 0.0, "fpem/min_expert_usage_ratio": 0.0, "fpem/prototype_pairwise_cosine": 0.0, "fpem/expert_prediction_pairwise_cosine": 0.0, "fpem/expert_collapse_warning": 0.0, "fpem/env_route_target_mode_env_prototype": 0.0, "fpem/env_route_target_mode_hybrid": 0.0, "fpem/env_route_hybrid_alpha": 0.0, "fpem/env_route_train_mode_warmup_risk_sinkhorn": 0.0, "fpem/warmup_risk_stage_warmup": 0.0, "fpem/warmup_risk_stage_soft": 0.0, "fpem/warmup_risk_stage_hard": 0.0, "fpem/warmup_risk_selected_loss": 0.0, "fpem/warmup_risk_uniform_common_loss": 0.0, "fpem/warmup_risk_lambda_common": 0.0, "fpem/warmup_risk_total_common_term": 0.0, "fpem/warmup_risk_temperature": 0.0, "fpem/warmup_risk_temperature_progress": 0.0, "fpem/uniform_expert_mae": 0.0, "fpem/risk_routed_mae": 0.0, "fpem/risk_prediction_mae": 0.0, "fpem/risk_loss": 0.0, "fpem/risk_ranking_loss": 0.0, "fpem/risk_ranking_accuracy": 0.0, "fpem/risk_oracle_argmin_accuracy": 0.0, "fpem/risk_router_temperature": 0.0, "fpem/risk_router_lambda": 0.0, "fpem/risk_router_pairwise_lambda": 0.0, "fpem/env_route_train_mode_progressive_gmm_environment": 0.0, "fpem/top_level_prediction_source_progressive_gmm_teacher_hard": 0.0, "fpem/progressive_assignment_uses_target_or_prediction_error": 0.0, "fpem/progressive_partition_ready": 0.0, "fpem/progressive_selected_k": 0.0, "fpem/progressive_active_expert_count": 0.0, "fpem/progressive_last_partition_epoch": 0.0, "fpem/progressive_lambda_common": 0.0, "fpem/progressive_common_term": 0.0, "fpem/progressive_compactness_loss": 0.0, "fpem/progressive_consistency_loss": 0.0, "fpem/progressive_cluster_entropy": 0.0, "fpem/progressive_assignment_change_ratio": 0.0, "fpem/progressive_hungarian_overlap_score": 0.0, "fpem/progressive_partition_update_time_sec": 0.0, "fpem/progressive_routed_mae": 0.0, "fpem/progressive_gmm_environment_total_replaces_primary": 0.0, "fpem/env_route_count_head_0": 16.0, "fpem/env_route_oracle_count_head_0": 16.0, "fpem/route_count_env_head_0": 16.0, "fpem/route_soft_mean_expert_0": 1.0, "fpem/route_hard_count_expert_0": 16.0, "fpem/hard_count_expert_0": 16.0, "fpem/sinkhorn_soft_col_mass_expert_0": 0.0, "fpem/progressive_active_expert_0": 0.0, "fpem/progressive_cluster_size_0": 0.0, "fpem/progressive_cluster_ratio_0": 0.0, "fpem/progressive_cluster_to_expert_0": 0.0, "fpem/progressive_bic_k1": 0.0, "fpem/progressive_bic_score_k1": 0.0, "fpem/progressive_bic_rejected_k1": 0.0, "fpem/hyper_alpha_head_0": 0.0, "fpem/hyper_gamma_norm_head_0": 0.0, "fpem/hyper_beta_norm_head_0": 0.0, "fpem/expert_cross_mae_group_0_expert_0": 9.348382005237397, "fpem/load_expert_loss": 9.348382005237397, "fpem/conservative_override_router_loss": 0.2432407806671801, "fpem/hard_router_loss": 0.2432407806671801, "fpem/load_level_assignment_detached": 1.0, "fpem/load_level_count_0": 1680.0, "fpem/load_level_ratio_0": 1.0, "fpem/expert_0_global_loss": 9.348382005237397, "fpem/expert_0_selected_loss": 9.348382005237397, "fpem/conservative_all_environment_mae": 9.348382005237397, "fpem/conservative_all_invariant_mae": 9.662237521580288, "fpem/conservative_selective_hard_routing_mae": 9.348382005237397, "fpem/conservative_oracle_mae": 9.299149431501116, "fpem/conservative_router_accuracy": 0.7886904761904762, "fpem/conservative_router_balanced_accuracy": 0.5047619047619047, "fpem/conservative_invariant_switch_coverage": 0.0, "fpem/conservative_invariant_switch_precision": 0.0, "fpem/conservative_correct_beneficial_switches": 0.0, "fpem/conservative_harmful_invariant_switches": 0.0, "fpem/conservative_saved_loss_from_correct_switches": 0.0, "fpem/conservative_added_loss_from_harmful_switches": 0.0, "fpem/conservative_net_routing_gain": 0.0, "fpem/conservative_oracle_gap_closed": 0.0, "fpem/conservative_selected_threshold": 0.5, "fpem/conservative_selected_margin": 0.0, "fpem/conservative_delta_mean": -0.31385549917107536, "fpem/conservative_delta_positive_ratio": 0.2113095238095238, "fpem/conservative_target_inv_ratio": 0.2113095238095238, "fpem/conservative_p_inv_mean": 0.06274254364626748, "fpem/conservative_p_inv_min": 0.023738197197339366, "fpem/conservative_p_inv_max": 0.11766868293994949, "fpem/conservative_prediction_is_hard_route": 1.0, "fpem/conservative_prediction_is_soft_fusion": 0.0, "fpem/conservative_router_target_detached": 1.0, "fpem/conservative_delta_detached": 1.0, "fpem/conservative_harmful_switch_weight": 2.0, "fpem/hard_router_predicted_env_ratio": 1.0, "fpem/hard_router_effective_env_ratio": 1.0, "fpem/hard_router_target_env_ratio": 0.7886904761904762, "fpem/hard_router_gain_mean": -0.31385549917107536, "fpem/hard_router_margin_mean": 0.0, "fpem/conservative_router_supervision_enabled": 1.0, "fpem/conservative_router_weight_mean": 0.9999999880790711, "fpem/conservative_router_weight_min": 0.05605687261171018, "fpem/conservative_router_weight_max": 2.8530251730056038, "fpem/expert_prediction_pairwise_difference": 0.0, "fpem/delta_pairwise_cosine": 0.0, "fpem/delta_pairwise_l1": 0.0, "fpem/delta_pairwise_l2": 0.0, "fpem/expert_0_parameter_norm": 14.978144445873442, "fpem/hard_binary_router_enabled": 1.0, "fpem/hard_router_uses_target_in_forward": 0.0, "fpem/stored_future_c_loaded": 0.0, "fpem/prediction_is_weighted_complete_fusion": 0.0, "fpem/prediction_is_hard_route": 1.0, "fpem/conservative_inv_override_enabled": 1.0, "fpem/conservative_router_features_detached": 1.0, "fpem/future_mi_loss": 0.0, "fpem/future_mi_valid": 0.0, "fpem/future_mi_logvar_mean": 0.0, "fpem/future_mi_target_mode_env_encoder": 0.0, "fpem/swap_loss": 0.0, "fpem/swap_diff_loss": 0.0, "fpem/swap_same_loss": 0.0, "fpem/swap_gain_mean": 0.0, "fpem/swap_s_gain_mean": 0.0, "fpem/swap_fallback_router_loss": 0.0, "fpem/swap_fallback_q_mean": 0.0, "fpem/swap_prediction_delta": 0.0, "fpem/swap_route_delta": 0.0, "fpem/swap_hyper_alpha_delta": 0.0, "fpem/swap_hyper_delta_norm": 0.0, "fpem/loss_env_day": 0.0, "fpem/loss_env_hour": 0.0, "fpem/loss_env_rush": 0.0, "fpem/env_day_acc": 0.0, "fpem/env_hour_acc": 0.0, "fpem/env_rush_acc": 0.0, "fpem/loss_env_supcon": 0.0, "fpem/env_supcon_valid_pairs": 0.0, "fpem/loss_inv_env_adv": 0.0, "fpem/inv_day_acc": 0.0, "fpem/inv_hour_acc": 0.0, "fpem/inv_rush_acc": 0.0, "fpem/loss_cross_cov_sep": 0.0, "fpem/load_level_experts_enabled": 1.0, "fpem/load_level_uses_target_or_future_load": 0.0, "fpem/environment_gate_uses_target_in_forward": 0.0, "fpem/load_level_env_residual_scale": 0.0, "fpem/uses_cached_observable_load_prior": 1.0, "fpem/primary_loss": 8.941902837299166, "fpem/inv_pred_loss": 9.217943359556653, "fpem/primary_uses_route": 1.0, "fpem/primary_uses_env_fusion": 0.0, "fpem/backbone_agcrn": 1.0, "fpem/backbone_graphwavenet": 0.0, "fpem/backbone_staeformer": 0.0, "fpem/gc_pred_loss_only": 1.0, "fpem/env_route_head_mode_hyper_proto": 1.0, "fpem/fpem_force_uniform_route": 0.0, "fpem/hard_prediction_sinkhorn_total_replaces_primary": 0.0, "fpem/hard_prediction_environment_sinkhorn_total_replaces_primary": 0.0, "fpem/warmup_risk_sinkhorn_total_replaces_primary": 0.0, "fpem/lambda_club_mi": 0.0}, "conservative_override_threshold_selection": {"split": "val", "threshold": 0.5, "margin": 0.0, "mae": 11.561284065246582, "loss": 11.782993687523735, "mape": 0.18673111498355865, "confirmed_result": {"loss": 11.782993687523735, "mae": 11.561284065246582, "mape": 0.18673111498355865}}}
CONSERVATIVE_OVERRIDE_THRESHOLD_SELECTION {"split": "val", "threshold": 0.5, "margin": 0.0, "mae": 11.558241844177246, "loss": 11.78404876920912, "mape": 0.18839383125305176, "confirmed_result": {"loss": 11.78404876920912, "mae": 11.558241844177246, "mape": 0.18839383125305176}}
EPOCH {"epoch": 55, "train_loss": 11.020452054341634, "val": {"loss": 11.78404876920912, "mae": 11.558241844177246, "mape": 0.18839383125305176}, "test_mixed": {"loss": 10.548821571895054, "mae": 10.532500267028809, "mape": 0.17293742299079895}, "test_workday": {"loss": 10.428911851800006, "mae": 10.448690414428711, "mape": 0.17317475378513336}, "test_holiday": {"loss": 10.744964520136515, "mae": 10.677838325500488, "mape": 0.17252586781978607}, "test_avg_mae": 10.5632643699646, "best_selection_value": 10.5632643699646, "best_selection_split": "test_avg_DIAGNOSTIC", "best_selection_metric": "test_avg_mae", "lr": 0.001, "fpem_logs": {"fpem/fpem_env_use_exogenous": 1.0, "fpem/env_exogenous_available": 1.0, "fpem/env_exogenous_time_available": 1.0, "fpem/env_exogenous_load_available": 1.0, "fpem/env_exogenous_feature_dim": 32.0, "fpem/env_exogenous_embedding_norm": 2.900865636553083, "fpem/env_exogenous_load_embedding_norm": 2.0382395006361462, "fpem/env_rep_ablation_normal": 1.0, "fpem/env_rep_ablation_zero": 0.0, "fpem/env_rep_ablation_shuffle_batch": 0.0, "fpem/env_rep_ablation_mode_id": 0.0, "fpem/mask_loss": 0.0, "fpem/mask_sparse_loss": 0.0, "fpem/mask_entropy_loss": 0.0, "fpem/mask_mean": 1.0, "fpem/mask_entropy": 0.0, "fpem/mask_active_ratio": 1.0, "fpem/fusion_alpha_mean": 0.0, "fpem/fusion_alpha_std": 0.0, "fpem/fusion_alpha_min": 0.0, "fpem/fusion_alpha_max": 0.0, "fpem/env_route_loss": 2.089193062555222, "fpem/env_route_L_final": 8.934038666316441, "fpem/env_route_L_global": 0.0, "fpem/env_route_L_route_soft": 0.0, "fpem/env_route_L_expert": 9.336916292281378, "fpem/env_route_L_router_oracle": 0.2218097775464966, "fpem/env_route_L_balance": 0.0, "fpem/env_route_L_diverse": 0.0, "fpem/env_route_L_proto_align": 0.0, "fpem/env_route_entropy": 0.0, "fpem/env_route_q_max_mean": 0.0, "fpem/hyper_alpha_mean": 0.0, "fpem/hyper_delta_norm": 0.0, "fpem/hyper_route_proto_mode_uniform_warmup": 0.0, "fpem/hyper_route_proto_mode_uniform_fixed": 0.0, "fpem/hyper_route_proto_mode_sinkhorn": 0.0, "fpem/hyper_route_proto_mode_softmax": 0.0, "fpem/fallback_q_mean": 0.0, "fpem/fallback_q_max": 0.0, "fpem/env_q_sum_mean": 1.0, "fpem/oracle_fallback_rate": 0.0, "fpem/route_count_fallback": 0.0, "fpem/env_route_head_mode": 1.0, "fpem/route_entropy_mean": 0.0, "fpem/route_mean_distribution_entropy": 0.0, "fpem/effective_expert_number": 1.0, "fpem/max_expert_usage_ratio": 0.0, "fpem/min_expert_usage_ratio": 0.0, "fpem/prototype_pairwise_cosine": 0.0, "fpem/expert_prediction_pairwise_cosine": 0.0, "fpem/expert_collapse_warning": 0.0, "fpem/env_route_target_mode_env_prototype": 0.0, "fpem/env_route_target_mode_hybrid": 0.0, "fpem/env_route_hybrid_alpha": 0.0, "fpem/env_route_train_mode_warmup_risk_sinkhorn": 0.0, "fpem/warmup_risk_stage_warmup": 0.0, "fpem/warmup_risk_stage_soft": 0.0, "fpem/warmup_risk_stage_hard": 0.0, "fpem/warmup_risk_selected_loss": 0.0, "fpem/warmup_risk_uniform_common_loss": 0.0, "fpem/warmup_risk_lambda_common": 0.0, "fpem/warmup_risk_total_common_term": 0.0, "fpem/warmup_risk_temperature": 0.0, "fpem/warmup_risk_temperature_progress": 0.0, "fpem/uniform_expert_mae": 0.0, "fpem/risk_routed_mae": 0.0, "fpem/risk_prediction_mae": 0.0, "fpem/risk_loss": 0.0, "fpem/risk_ranking_loss": 0.0, "fpem/risk_ranking_accuracy": 0.0, "fpem/risk_oracle_argmin_accuracy": 0.0, "fpem/risk_router_temperature": 0.0, "fpem/risk_router_lambda": 0.0, "fpem/risk_router_pairwise_lambda": 0.0, "fpem/env_route_train_mode_progressive_gmm_environment": 0.0, "fpem/top_level_prediction_source_progressive_gmm_teacher_hard": 0.0, "fpem/progressive_assignment_uses_target_or_prediction_error": 0.0, "fpem/progressive_partition_ready": 0.0, "fpem/progressive_selected_k": 0.0, "fpem/progressive_active_expert_count": 0.0, "fpem/progressive_last_partition_epoch": 0.0, "fpem/progressive_lambda_common": 0.0, "fpem/progressive_common_term": 0.0, "fpem/progressive_compactness_loss": 0.0, "fpem/progressive_consistency_loss": 0.0, "fpem/progressive_cluster_entropy": 0.0, "fpem/progressive_assignment_change_ratio": 0.0, "fpem/progressive_hungarian_overlap_score": 0.0, "fpem/progressive_partition_update_time_sec": 0.0, "fpem/progressive_routed_mae": 0.0, "fpem/progressive_gmm_environment_total_replaces_primary": 0.0, "fpem/env_route_count_head_0": 16.0, "fpem/env_route_oracle_count_head_0": 16.0, "fpem/route_count_env_head_0": 16.0, "fpem/route_soft_mean_expert_0": 1.0, "fpem/route_hard_count_expert_0": 16.0, "fpem/hard_count_expert_0": 16.0, "fpem/sinkhorn_soft_col_mass_expert_0": 0.0, "fpem/progressive_active_expert_0": 0.0, "fpem/progressive_cluster_size_0": 0.0, "fpem/progressive_cluster_ratio_0": 0.0, "fpem/progressive_cluster_to_expert_0": 0.0, "fpem/progressive_bic_k1": 0.0, "fpem/progressive_bic_score_k1": 0.0, "fpem/progressive_bic_rejected_k1": 0.0, "fpem/hyper_alpha_head_0": 0.0, "fpem/hyper_gamma_norm_head_0": 0.0, "fpem/hyper_beta_norm_head_0": 0.0, "fpem/expert_cross_mae_group_0_expert_0": 9.336916292281378, "fpem/load_expert_loss": 9.336916292281378, "fpem/conservative_override_router_loss": 0.2218097775464966, "fpem/hard_router_loss": 0.2218097775464966, "fpem/load_level_assignment_detached": 1.0, "fpem/load_level_count_0": 1680.0, "fpem/load_level_ratio_0": 1.0, "fpem/expert_0_global_loss": 9.336916292281378, "fpem/expert_0_selected_loss": 9.336916292281378, "fpem/conservative_all_environment_mae": 9.336916292281378, "fpem/conservative_all_invariant_mae": 9.662237448919386, "fpem/conservative_selective_hard_routing_mae": 9.336916292281378, "fpem/conservative_oracle_mae": 9.292631548926943, "fpem/conservative_router_accuracy": 0.7886904761904762, "fpem/conservative_router_balanced_accuracy": 0.5095238095238095, "fpem/conservative_invariant_switch_coverage": 0.0, "fpem/conservative_invariant_switch_precision": 0.0, "fpem/conservative_correct_beneficial_switches": 0.0, "fpem/conservative_harmful_invariant_switches": 0.0, "fpem/conservative_saved_loss_from_correct_switches": 0.0, "fpem/conservative_added_loss_from_harmful_switches": 0.0, "fpem/conservative_net_routing_gain": 0.0, "fpem/conservative_oracle_gap_closed": 0.0, "fpem/conservative_selected_threshold": 0.5, "fpem/conservative_selected_margin": 0.0, "fpem/conservative_delta_mean": -0.3253212124109268, "fpem/conservative_delta_positive_ratio": 0.2113095238095238, "fpem/conservative_target_inv_ratio": 0.2113095238095238, "fpem/conservative_p_inv_mean": 0.06413905531877563, "fpem/conservative_p_inv_min": 0.02339096384211665, "fpem/conservative_p_inv_max": 0.1214455189094657, "fpem/conservative_prediction_is_hard_route": 1.0, "fpem/conservative_prediction_is_soft_fusion": 0.0, "fpem/conservative_router_target_detached": 1.0, "fpem/conservative_delta_detached": 1.0, "fpem/conservative_harmful_switch_weight": 2.0, "fpem/hard_router_predicted_env_ratio": 1.0, "fpem/hard_router_effective_env_ratio": 1.0, "fpem/hard_router_target_env_ratio": 0.7886904761904762, "fpem/hard_router_gain_mean": -0.3253212124109268, "fpem/hard_router_margin_mean": 0.0, "fpem/conservative_router_supervision_enabled": 1.0, "fpem/conservative_router_weight_mean": 0.9999999880790711, "fpem/conservative_router_weight_min": 0.05937124203496967, "fpem/conservative_router_weight_max": 2.864429211616516, "fpem/expert_prediction_pairwise_difference": 0.0, "fpem/delta_pairwise_cosine": 0.0, "fpem/delta_pairwise_l1": 0.0, "fpem/delta_pairwise_l2": 0.0, "fpem/expert_0_parameter_norm": 14.984466988699777, "fpem/hard_binary_router_enabled": 1.0, "fpem/hard_router_uses_target_in_forward": 0.0, "fpem/stored_future_c_loaded": 0.0, "fpem/prediction_is_weighted_complete_fusion": 0.0, "fpem/prediction_is_hard_route": 1.0, "fpem/conservative_inv_override_enabled": 1.0, "fpem/conservative_router_features_detached": 1.0, "fpem/future_mi_loss": 0.0, "fpem/future_mi_valid": 0.0, "fpem/future_mi_logvar_mean": 0.0, "fpem/future_mi_target_mode_env_encoder": 0.0, "fpem/swap_loss": 0.0, "fpem/swap_diff_loss": 0.0, "fpem/swap_same_loss": 0.0, "fpem/swap_gain_mean": 0.0, "fpem/swap_s_gain_mean": 0.0, "fpem/swap_fallback_router_loss": 0.0, "fpem/swap_fallback_q_mean": 0.0, "fpem/swap_prediction_delta": 0.0, "fpem/swap_route_delta": 0.0, "fpem/swap_hyper_alpha_delta": 0.0, "fpem/swap_hyper_delta_norm": 0.0, "fpem/loss_env_day": 0.0, "fpem/loss_env_hour": 0.0, "fpem/loss_env_rush": 0.0, "fpem/env_day_acc": 0.0, "fpem/env_hour_acc": 0.0, "fpem/env_rush_acc": 0.0, "fpem/loss_env_supcon": 0.0, "fpem/env_supcon_valid_pairs": 0.0, "fpem/loss_inv_env_adv": 0.0, "fpem/inv_day_acc": 0.0, "fpem/inv_hour_acc": 0.0, "fpem/inv_rush_acc": 0.0, "fpem/loss_cross_cov_sep": 0.0, "fpem/load_level_experts_enabled": 1.0, "fpem/load_level_uses_target_or_future_load": 0.0, "fpem/environment_gate_uses_target_in_forward": 0.0, "fpem/load_level_env_residual_scale": 0.0, "fpem/uses_cached_observable_load_prior": 1.0, "fpem/primary_loss": 8.934038666316441, "fpem/inv_pred_loss": 9.219337872096471, "fpem/primary_uses_route": 1.0, "fpem/primary_uses_env_fusion": 0.0, "fpem/backbone_agcrn": 1.0, "fpem/backbone_graphwavenet": 0.0, "fpem/backbone_staeformer": 0.0, "fpem/gc_pred_loss_only": 1.0, "fpem/env_route_head_mode_hyper_proto": 1.0, "fpem/fpem_force_uniform_route": 0.0, "fpem/hard_prediction_sinkhorn_total_replaces_primary": 0.0, "fpem/hard_prediction_environment_sinkhorn_total_replaces_primary": 0.0, "fpem/warmup_risk_sinkhorn_total_replaces_primary": 0.0, "fpem/lambda_club_mi": 0.0}, "conservative_override_threshold_selection": {"split": "val", "threshold": 0.5, "margin": 0.0, "mae": 11.558241844177246, "loss": 11.78404876920912, "mape": 0.18839383125305176, "confirmed_result": {"loss": 11.78404876920912, "mae": 11.558241844177246, "mape": 0.18839383125305176}}}
CONSERVATIVE_OVERRIDE_THRESHOLD_SELECTION {"split": "val", "threshold": 0.5, "margin": 0.0, "mae": 11.540411949157715, "loss": 11.755127747853598, "mape": 0.18462391197681427, "confirmed_result": {"loss": 11.755127747853598, "mae": 11.540411949157715, "mape": 0.18462391197681427}}
EPOCH {"epoch": 56, "train_loss": 11.045669455755325, "val": {"loss": 11.755127747853598, "mae": 11.540411949157715, "mape": 0.18462391197681427}, "test_mixed": {"loss": 10.528693212781633, "mae": 10.51468276977539, "mape": 0.16939936578273773}, "test_workday": {"loss": 10.402481182761814, "mae": 10.42405891418457, "mape": 0.1694236397743225}, "test_holiday": {"loss": 10.737018386522928, "mae": 10.671833992004395, "mape": 0.16935725510120392}, "test_avg_mae": 10.547946453094482, "best_selection_value": 10.547946453094482, "best_selection_split": "test_avg_DIAGNOSTIC", "best_selection_metric": "test_avg_mae", "lr": 0.001, "fpem_logs": {"fpem/fpem_env_use_exogenous": 1.0, "fpem/env_exogenous_available": 1.0, "fpem/env_exogenous_time_available": 1.0, "fpem/env_exogenous_load_available": 1.0, "fpem/env_exogenous_feature_dim": 32.0, "fpem/env_exogenous_embedding_norm": 2.906895435424078, "fpem/env_exogenous_load_embedding_norm": 2.0417052314394994, "fpem/env_rep_ablation_normal": 1.0, "fpem/env_rep_ablation_zero": 0.0, "fpem/env_rep_ablation_shuffle_batch": 0.0, "fpem/env_rep_ablation_mode_id": 0.0, "fpem/mask_loss": 0.0, "fpem/mask_sparse_loss": 0.0, "fpem/mask_entropy_loss": 0.0, "fpem/mask_mean": 1.0, "fpem/mask_entropy": 0.0, "fpem/mask_active_ratio": 1.0, "fpem/fusion_alpha_mean": 0.0, "fpem/fusion_alpha_std": 0.0, "fpem/fusion_alpha_min": 0.0, "fpem/fusion_alpha_max": 0.0, "fpem/env_route_loss": 2.092977720215207, "fpem/env_route_L_final": 8.938602869851248, "fpem/env_route_L_global": 0.0, "fpem/env_route_L_route_soft": 0.0, "fpem/env_route_L_expert": 9.343283580598378, "fpem/env_route_L_router_oracle": 0.22432097253345307, "fpem/env_route_L_balance": 0.0, "fpem/env_route_L_diverse": 0.0, "fpem/env_route_L_proto_align": 0.0, "fpem/env_route_entropy": 0.0, "fpem/env_route_q_max_mean": 0.0, "fpem/hyper_alpha_mean": 0.0, "fpem/hyper_delta_norm": 0.0, "fpem/hyper_route_proto_mode_uniform_warmup": 0.0, "fpem/hyper_route_proto_mode_uniform_fixed": 0.0, "fpem/hyper_route_proto_mode_sinkhorn": 0.0, "fpem/hyper_route_proto_mode_softmax": 0.0, "fpem/fallback_q_mean": 0.0, "fpem/fallback_q_max": 0.0, "fpem/env_q_sum_mean": 1.0, "fpem/oracle_fallback_rate": 0.0, "fpem/route_count_fallback": 0.0, "fpem/env_route_head_mode": 1.0, "fpem/route_entropy_mean": 0.0, "fpem/route_mean_distribution_entropy": 0.0, "fpem/effective_expert_number": 1.0, "fpem/max_expert_usage_ratio": 0.0, "fpem/min_expert_usage_ratio": 0.0, "fpem/prototype_pairwise_cosine": 0.0, "fpem/expert_prediction_pairwise_cosine": 0.0, "fpem/expert_collapse_warning": 0.0, "fpem/env_route_target_mode_env_prototype": 0.0, "fpem/env_route_target_mode_hybrid": 0.0, "fpem/env_route_hybrid_alpha": 0.0, "fpem/env_route_train_mode_warmup_risk_sinkhorn": 0.0, "fpem/warmup_risk_stage_warmup": 0.0, "fpem/warmup_risk_stage_soft": 0.0, "fpem/warmup_risk_stage_hard": 0.0, "fpem/warmup_risk_selected_loss": 0.0, "fpem/warmup_risk_uniform_common_loss": 0.0, "fpem/warmup_risk_lambda_common": 0.0, "fpem/warmup_risk_total_common_term": 0.0, "fpem/warmup_risk_temperature": 0.0, "fpem/warmup_risk_temperature_progress": 0.0, "fpem/uniform_expert_mae": 0.0, "fpem/risk_routed_mae": 0.0, "fpem/risk_prediction_mae": 0.0, "fpem/risk_loss": 0.0, "fpem/risk_ranking_loss": 0.0, "fpem/risk_ranking_accuracy": 0.0, "fpem/risk_oracle_argmin_accuracy": 0.0, "fpem/risk_router_temperature": 0.0, "fpem/risk_router_lambda": 0.0, "fpem/risk_router_pairwise_lambda": 0.0, "fpem/env_route_train_mode_progressive_gmm_environment": 0.0, "fpem/top_level_prediction_source_progressive_gmm_teacher_hard": 0.0, "fpem/progressive_assignment_uses_target_or_prediction_error": 0.0, "fpem/progressive_partition_ready": 0.0, "fpem/progressive_selected_k": 0.0, "fpem/progressive_active_expert_count": 0.0, "fpem/progressive_last_partition_epoch": 0.0, "fpem/progressive_lambda_common": 0.0, "fpem/progressive_common_term": 0.0, "fpem/progressive_compactness_loss": 0.0, "fpem/progressive_consistency_loss": 0.0, "fpem/progressive_cluster_entropy": 0.0, "fpem/progressive_assignment_change_ratio": 0.0, "fpem/progressive_hungarian_overlap_score": 0.0, "fpem/progressive_partition_update_time_sec": 0.0, "fpem/progressive_routed_mae": 0.0, "fpem/progressive_gmm_environment_total_replaces_primary": 0.0, "fpem/env_route_count_head_0": 16.0, "fpem/env_route_oracle_count_head_0": 16.0, "fpem/route_count_env_head_0": 16.0, "fpem/route_soft_mean_expert_0": 1.0, "fpem/route_hard_count_expert_0": 16.0, "fpem/hard_count_expert_0": 16.0, "fpem/sinkhorn_soft_col_mass_expert_0": 0.0, "fpem/progressive_active_expert_0": 0.0, "fpem/progressive_cluster_size_0": 0.0, "fpem/progressive_cluster_ratio_0": 0.0, "fpem/progressive_cluster_to_expert_0": 0.0, "fpem/progressive_bic_k1": 0.0, "fpem/progressive_bic_score_k1": 0.0, "fpem/progressive_bic_rejected_k1": 0.0, "fpem/hyper_alpha_head_0": 0.0, "fpem/hyper_gamma_norm_head_0": 0.0, "fpem/hyper_beta_norm_head_0": 0.0, "fpem/expert_cross_mae_group_0_expert_0": 9.343283580598378, "fpem/load_expert_loss": 9.343283580598378, "fpem/conservative_override_router_loss": 0.22432097253345307, "fpem/hard_router_loss": 0.22432097253345307, "fpem/load_level_assignment_detached": 1.0, "fpem/load_level_count_0": 1680.0, "fpem/load_level_ratio_0": 1.0, "fpem/expert_0_global_loss": 9.343283580598378, "fpem/expert_0_selected_loss": 9.343283580598378, "fpem/conservative_all_environment_mae": 9.343283580598378, "fpem/conservative_all_invariant_mae": 9.662237512497676, "fpem/conservative_selective_hard_routing_mae": 9.343283580598378, "fpem/conservative_oracle_mae": 9.299440188634962, "fpem/conservative_router_accuracy": 0.7886904761904762, "fpem/conservative_router_balanced_accuracy": 0.5095238095238095, "fpem/conservative_invariant_switch_coverage": 0.0, "fpem/conservative_invariant_switch_precision": 0.0, "fpem/conservative_correct_beneficial_switches": 0.0, "fpem/conservative_harmful_invariant_switches": 0.0, "fpem/conservative_saved_loss_from_correct_switches": 0.0, "fpem/conservative_added_loss_from_harmful_switches": 0.0, "fpem/conservative_net_routing_gain": 0.0, "fpem/conservative_oracle_gap_closed": 0.0, "fpem/conservative_selected_threshold": 0.5, "fpem/conservative_selected_margin": 0.0, "fpem/conservative_delta_mean": -0.31895391997836886, "fpem/conservative_delta_positive_ratio": 0.2113095238095238, "fpem/conservative_target_inv_ratio": 0.2113095238095238, "fpem/conservative_p_inv_mean": 0.06439687070392427, "fpem/conservative_p_inv_min": 0.02319944884982847, "fpem/conservative_p_inv_max": 0.11763674389748346, "fpem/conservative_prediction_is_hard_route": 1.0, "fpem/conservative_prediction_is_soft_fusion": 0.0, "fpem/conservative_router_target_detached": 1.0, "fpem/conservative_delta_detached": 1.0, "fpem/conservative_harmful_switch_weight": 2.0, "fpem/hard_router_predicted_env_ratio": 1.0, "fpem/hard_router_effective_env_ratio": 1.0, "fpem/hard_router_target_env_ratio": 0.7886904761904762, "fpem/hard_router_gain_mean": -0.31895391997836886, "fpem/hard_router_margin_mean": 0.0, "fpem/conservative_router_supervision_enabled": 1.0, "fpem/conservative_router_weight_mean": 0.9999999931880406, "fpem/conservative_router_weight_min": 0.05837941578522857, "fpem/conservative_router_weight_max": 2.9238042275110883, "fpem/expert_prediction_pairwise_difference": 0.0, "fpem/delta_pairwise_cosine": 0.0, "fpem/delta_pairwise_l1": 0.0, "fpem/delta_pairwise_l2": 0.0, "fpem/expert_0_parameter_norm": 14.984790520440965, "fpem/hard_binary_router_enabled": 1.0, "fpem/hard_router_uses_target_in_forward": 0.0, "fpem/stored_future_c_loaded": 0.0, "fpem/prediction_is_weighted_complete_fusion": 0.0, "fpem/prediction_is_hard_route": 1.0, "fpem/conservative_inv_override_enabled": 1.0, "fpem/conservative_router_features_detached": 1.0, "fpem/future_mi_loss": 0.0, "fpem/future_mi_valid": 0.0, "fpem/future_mi_logvar_mean": 0.0, "fpem/future_mi_target_mode_env_encoder": 0.0, "fpem/swap_loss": 0.0, "fpem/swap_diff_loss": 0.0, "fpem/swap_same_loss": 0.0, "fpem/swap_gain_mean": 0.0, "fpem/swap_s_gain_mean": 0.0, "fpem/swap_fallback_router_loss": 0.0, "fpem/swap_fallback_q_mean": 0.0, "fpem/swap_prediction_delta": 0.0, "fpem/swap_route_delta": 0.0, "fpem/swap_hyper_alpha_delta": 0.0, "fpem/swap_hyper_delta_norm": 0.0, "fpem/loss_env_day": 0.0, "fpem/loss_env_hour": 0.0, "fpem/loss_env_rush": 0.0, "fpem/env_day_acc": 0.0, "fpem/env_hour_acc": 0.0, "fpem/env_rush_acc": 0.0, "fpem/loss_env_supcon": 0.0, "fpem/env_supcon_valid_pairs": 0.0, "fpem/loss_inv_env_adv": 0.0, "fpem/inv_day_acc": 0.0, "fpem/inv_hour_acc": 0.0, "fpem/inv_rush_acc": 0.0, "fpem/loss_cross_cov_sep": 0.0, "fpem/load_level_experts_enabled": 1.0, "fpem/load_level_uses_target_or_future_load": 0.0, "fpem/environment_gate_uses_target_in_forward": 0.0, "fpem/load_level_env_residual_scale": 0.0, "fpem/uses_cached_observable_load_prior": 1.0, "fpem/primary_loss": 8.938602869851248, "fpem/inv_pred_loss": 9.217385128566198, "fpem/primary_uses_route": 1.0, "fpem/primary_uses_env_fusion": 0.0, "fpem/backbone_agcrn": 1.0, "fpem/backbone_graphwavenet": 0.0, "fpem/backbone_staeformer": 0.0, "fpem/gc_pred_loss_only": 1.0, "fpem/env_route_head_mode_hyper_proto": 1.0, "fpem/fpem_force_uniform_route": 0.0, "fpem/hard_prediction_sinkhorn_total_replaces_primary": 0.0, "fpem/hard_prediction_environment_sinkhorn_total_replaces_primary": 0.0, "fpem/warmup_risk_sinkhorn_total_replaces_primary": 0.0, "fpem/lambda_club_mi": 0.0}, "conservative_override_threshold_selection": {"split": "val", "threshold": 0.5, "margin": 0.0, "mae": 11.540411949157715, "loss": 11.755127747853598, "mape": 0.18462391197681427, "confirmed_result": {"loss": 11.755127747853598, "mae": 11.540411949157715, "mape": 0.18462391197681427}}}
CONSERVATIVE_OVERRIDE_THRESHOLD_SELECTION {"split": "val", "threshold": 0.5, "margin": 0.0, "mae": 11.567076683044434, "loss": 11.784366925557455, "mape": 0.1784326136112213, "confirmed_result": {"loss": 11.784366925557455, "mae": 11.567076683044434, "mape": 0.1784326136112213}}
EPOCH {"epoch": 57, "train_loss": 10.987398038591657, "val": {"loss": 11.784366925557455, "mae": 11.567076683044434, "mape": 0.1784326136112213}, "test_mixed": {"loss": 10.59699296951294, "mae": 10.58434009552002, "mape": 0.16513068974018097}, "test_workday": {"loss": 10.470233792844025, "mae": 10.494499206542969, "mape": 0.16562364995479584}, "test_holiday": {"loss": 10.806509971618652, "mae": 10.740133285522461, "mape": 0.1642758548259735}, "test_avg_mae": 10.617316246032715, "best_selection_value": 10.617316246032715, "best_selection_split": "test_avg_DIAGNOSTIC", "best_selection_metric": "test_avg_mae", "lr": 0.001, "fpem_logs": {"fpem/fpem_env_use_exogenous": 1.0, "fpem/env_exogenous_available": 1.0, "fpem/env_exogenous_time_available": 1.0, "fpem/env_exogenous_load_available": 1.0, "fpem/env_exogenous_feature_dim": 32.0, "fpem/env_exogenous_embedding_norm": 2.910623738879249, "fpem/env_exogenous_load_embedding_norm": 2.049109883535476, "fpem/env_rep_ablation_normal": 1.0, "fpem/env_rep_ablation_zero": 0.0, "fpem/env_rep_ablation_shuffle_batch": 0.0, "fpem/env_rep_ablation_mode_id": 0.0, "fpem/mask_loss": 0.0, "fpem/mask_sparse_loss": 0.0, "fpem/mask_entropy_loss": 0.0, "fpem/mask_mean": 1.0, "fpem/mask_entropy": 0.0, "fpem/mask_active_ratio": 1.0, "fpem/fusion_alpha_mean": 0.0, "fpem/fusion_alpha_std": 0.0, "fpem/fusion_alpha_min": 0.0, "fpem/fusion_alpha_max": 0.0, "fpem/env_route_loss": 2.071471061025347, "fpem/env_route_L_final": 8.917101056235177, "fpem/env_route_L_global": 0.0, "fpem/env_route_L_route_soft": 0.0, "fpem/env_route_L_expert": 9.323974745614189, "fpem/env_route_L_router_oracle": 0.20667608199375018, "fpem/env_route_L_balance": 0.0, "fpem/env_route_L_diverse": 0.0, "fpem/env_route_L_proto_align": 0.0, "fpem/env_route_entropy": 0.0, "fpem/env_route_q_max_mean": 0.0, "fpem/hyper_alpha_mean": 0.0, "fpem/hyper_delta_norm": 0.0, "fpem/hyper_route_proto_mode_uniform_warmup": 0.0, "fpem/hyper_route_proto_mode_uniform_fixed": 0.0, "fpem/hyper_route_proto_mode_sinkhorn": 0.0, "fpem/hyper_route_proto_mode_softmax": 0.0, "fpem/fallback_q_mean": 0.0, "fpem/fallback_q_max": 0.0, "fpem/env_q_sum_mean": 1.0, "fpem/oracle_fallback_rate": 0.0, "fpem/route_count_fallback": 0.0, "fpem/env_route_head_mode": 1.0, "fpem/route_entropy_mean": 0.0, "fpem/route_mean_distribution_entropy": 0.0, "fpem/effective_expert_number": 1.0, "fpem/max_expert_usage_ratio": 0.0, "fpem/min_expert_usage_ratio": 0.0, "fpem/prototype_pairwise_cosine": 0.0, "fpem/expert_prediction_pairwise_cosine": 0.0, "fpem/expert_collapse_warning": 0.0, "fpem/env_route_target_mode_env_prototype": 0.0, "fpem/env_route_target_mode_hybrid": 0.0, "fpem/env_route_hybrid_alpha": 0.0, "fpem/env_route_train_mode_warmup_risk_sinkhorn": 0.0, "fpem/warmup_risk_stage_warmup": 0.0, "fpem/warmup_risk_stage_soft": 0.0, "fpem/warmup_risk_stage_hard": 0.0, "fpem/warmup_risk_selected_loss": 0.0, "fpem/warmup_risk_uniform_common_loss": 0.0, "fpem/warmup_risk_lambda_common": 0.0, "fpem/warmup_risk_total_common_term": 0.0, "fpem/warmup_risk_temperature": 0.0, "fpem/warmup_risk_temperature_progress": 0.0, "fpem/uniform_expert_mae": 0.0, "fpem/risk_routed_mae": 0.0, "fpem/risk_prediction_mae": 0.0, "fpem/risk_loss": 0.0, "fpem/risk_ranking_loss": 0.0, "fpem/risk_ranking_accuracy": 0.0, "fpem/risk_oracle_argmin_accuracy": 0.0, "fpem/risk_router_temperature": 0.0, "fpem/risk_router_lambda": 0.0, "fpem/risk_router_pairwise_lambda": 0.0, "fpem/env_route_train_mode_progressive_gmm_environment": 0.0, "fpem/top_level_prediction_source_progressive_gmm_teacher_hard": 0.0, "fpem/progressive_assignment_uses_target_or_prediction_error": 0.0, "fpem/progressive_partition_ready": 0.0, "fpem/progressive_selected_k": 0.0, "fpem/progressive_active_expert_count": 0.0, "fpem/progressive_last_partition_epoch": 0.0, "fpem/progressive_lambda_common": 0.0, "fpem/progressive_common_term": 0.0, "fpem/progressive_compactness_loss": 0.0, "fpem/progressive_consistency_loss": 0.0, "fpem/progressive_cluster_entropy": 0.0, "fpem/progressive_assignment_change_ratio": 0.0, "fpem/progressive_hungarian_overlap_score": 0.0, "fpem/progressive_partition_update_time_sec": 0.0, "fpem/progressive_routed_mae": 0.0, "fpem/progressive_gmm_environment_total_replaces_primary": 0.0, "fpem/env_route_count_head_0": 16.0, "fpem/env_route_oracle_count_head_0": 16.0, "fpem/route_count_env_head_0": 16.0, "fpem/route_soft_mean_expert_0": 1.0, "fpem/route_hard_count_expert_0": 16.0, "fpem/hard_count_expert_0": 16.0, "fpem/sinkhorn_soft_col_mass_expert_0": 0.0, "fpem/progressive_active_expert_0": 0.0, "fpem/progressive_cluster_size_0": 0.0, "fpem/progressive_cluster_ratio_0": 0.0, "fpem/progressive_cluster_to_expert_0": 0.0, "fpem/progressive_bic_k1": 0.0, "fpem/progressive_bic_score_k1": 0.0, "fpem/progressive_bic_rejected_k1": 0.0, "fpem/hyper_alpha_head_0": 0.0, "fpem/hyper_gamma_norm_head_0": 0.0, "fpem/hyper_beta_norm_head_0": 0.0, "fpem/expert_cross_mae_group_0_expert_0": 9.323974745614189, "fpem/load_expert_loss": 9.323974745614189, "fpem/conservative_override_router_loss": 0.20667608199375018, "fpem/hard_router_loss": 0.20667608199375018, "fpem/load_level_assignment_detached": 1.0, "fpem/load_level_count_0": 1680.0, "fpem/load_level_ratio_0": 1.0, "fpem/expert_0_global_loss": 9.323974745614189, "fpem/expert_0_selected_loss": 9.323974745614189, "fpem/conservative_all_environment_mae": 9.323974745614189, "fpem/conservative_all_invariant_mae": 9.662237489791144, "fpem/conservative_selective_hard_routing_mae": 9.323974745614189, "fpem/conservative_oracle_mae": 9.282445939381917, "fpem/conservative_router_accuracy": 0.8148809523809524, "fpem/conservative_router_balanced_accuracy": 0.5095238095238095, "fpem/conservative_invariant_switch_coverage": 0.0, "fpem/conservative_invariant_switch_precision": 0.0, "fpem/conservative_correct_beneficial_switches": 0.0, "fpem/conservative_harmful_invariant_switches": 0.0, "fpem/conservative_saved_loss_from_correct_switches": 0.0, "fpem/conservative_added_loss_from_harmful_switches": 0.0, "fpem/conservative_net_routing_gain": 0.0, "fpem/conservative_oracle_gap_closed": 0.0, "fpem/conservative_selected_threshold": 0.5, "fpem/conservative_selected_margin": 0.0, "fpem/conservative_delta_mean": -0.3382627275728044, "fpem/conservative_delta_positive_ratio": 0.18511904761904763, "fpem/conservative_target_inv_ratio": 0.18511904761904763, "fpem/conservative_p_inv_mean": 0.05715486684015819, "fpem/conservative_p_inv_min": 0.02008634547569922, "fpem/conservative_p_inv_max": 0.10844062428389277, "fpem/conservative_prediction_is_hard_route": 1.0, "fpem/conservative_prediction_is_soft_fusion": 0.0, "fpem/conservative_router_target_detached": 1.0, "fpem/conservative_delta_detached": 1.0, "fpem/conservative_harmful_switch_weight": 2.0, "fpem/hard_router_predicted_env_ratio": 1.0, "fpem/hard_router_effective_env_ratio": 1.0, "fpem/hard_router_target_env_ratio": 0.8148809523809524, "fpem/hard_router_gain_mean": -0.3382627275728044, "fpem/hard_router_margin_mean": 0.0, "fpem/conservative_router_supervision_enabled": 1.0, "fpem/conservative_router_weight_mean": 0.9999999926203773, "fpem/conservative_router_weight_min": 0.06687736759195104, "fpem/conservative_router_weight_max": 2.8611308234078545, "fpem/expert_prediction_pairwise_difference": 0.0, "fpem/delta_pairwise_cosine": 0.0, "fpem/delta_pairwise_l1": 0.0, "fpem/delta_pairwise_l2": 0.0, "fpem/expert_0_parameter_norm": 14.984868839808874, "fpem/hard_binary_router_enabled": 1.0, "fpem/hard_router_uses_target_in_forward": 0.0, "fpem/stored_future_c_loaded": 0.0, "fpem/prediction_is_weighted_complete_fusion": 0.0, "fpem/prediction_is_hard_route": 1.0, "fpem/conservative_inv_override_enabled": 1.0, "fpem/conservative_router_features_detached": 1.0, "fpem/future_mi_loss": 0.0, "fpem/future_mi_valid": 0.0, "fpem/future_mi_logvar_mean": 0.0, "fpem/future_mi_target_mode_env_encoder": 0.0, "fpem/swap_loss": 0.0, "fpem/swap_diff_loss": 0.0, "fpem/swap_same_loss": 0.0, "fpem/swap_gain_mean": 0.0, "fpem/swap_s_gain_mean": 0.0, "fpem/swap_fallback_router_loss": 0.0, "fpem/swap_fallback_q_mean": 0.0, "fpem/swap_prediction_delta": 0.0, "fpem/swap_route_delta": 0.0, "fpem/swap_hyper_alpha_delta": 0.0, "fpem/swap_hyper_delta_norm": 0.0, "fpem/loss_env_day": 0.0, "fpem/loss_env_hour": 0.0, "fpem/loss_env_rush": 0.0, "fpem/env_day_acc": 0.0, "fpem/env_hour_acc": 0.0, "fpem/env_rush_acc": 0.0, "fpem/loss_env_supcon": 0.0, "fpem/env_supcon_valid_pairs": 0.0, "fpem/loss_inv_env_adv": 0.0, "fpem/inv_day_acc": 0.0, "fpem/inv_hour_acc": 0.0, "fpem/inv_rush_acc": 0.0, "fpem/loss_cross_cov_sep": 0.0, "fpem/load_level_experts_enabled": 1.0, "fpem/load_level_uses_target_or_future_load": 0.0, "fpem/environment_gate_uses_target_in_forward": 0.0, "fpem/load_level_env_residual_scale": 0.0, "fpem/uses_cached_observable_load_prior": 1.0, "fpem/primary_loss": 8.917101056235177, "fpem/inv_pred_loss": 9.218750127156575, "fpem/primary_uses_route": 1.0, "fpem/primary_uses_env_fusion": 0.0, "fpem/backbone_agcrn": 1.0, "fpem/backbone_graphwavenet": 0.0, "fpem/backbone_staeformer": 0.0, "fpem/gc_pred_loss_only": 1.0, "fpem/env_route_head_mode_hyper_proto": 1.0, "fpem/fpem_force_uniform_route": 0.0, "fpem/hard_prediction_sinkhorn_total_replaces_primary": 0.0, "fpem/hard_prediction_environment_sinkhorn_total_replaces_primary": 0.0, "fpem/warmup_risk_sinkhorn_total_replaces_primary": 0.0, "fpem/lambda_club_mi": 0.0}, "conservative_override_threshold_selection": {"split": "val", "threshold": 0.5, "margin": 0.0, "mae": 11.567076683044434, "loss": 11.784366925557455, "mape": 0.1784326136112213, "confirmed_result": {"loss": 11.784366925557455, "mae": 11.567076683044434, "mape": 0.1784326136112213}}}
CONSERVATIVE_OVERRIDE_THRESHOLD_SELECTION {"split": "val", "threshold": 0.5, "margin": 0.0, "mae": 11.552543640136719, "loss": 11.759619818793404, "mape": 0.18093988299369812, "confirmed_result": {"loss": 11.759619818793404, "mae": 11.552543640136719, "mape": 0.18093988299369812}}
EPOCH {"epoch": 58, "train_loss": 11.032680039178757, "val": {"loss": 11.759619818793404, "mae": 11.552543640136719, "mape": 0.18093988299369812}, "test_mixed": {"loss": 10.56310498373849, "mae": 10.55172348022461, "mape": 0.16631287336349487}, "test_workday": {"loss": 10.435496661974037, "mae": 10.460580825805664, "mape": 0.1666433960199356}, "test_holiday": {"loss": 10.774402459462484, "mae": 10.709773063659668, "mape": 0.1657397449016571}, "test_avg_mae": 10.585176944732666, "best_selection_value": 10.585176944732666, "best_selection_split": "test_avg_DIAGNOSTIC", "best_selection_metric": "test_avg_mae", "lr": 0.001, "fpem_logs": {"fpem/fpem_env_use_exogenous": 1.0, "fpem/env_exogenous_available": 1.0, "fpem/env_exogenous_time_available": 1.0, "fpem/env_exogenous_load_available": 1.0, "fpem/env_exogenous_feature_dim": 32.0, "fpem/env_exogenous_embedding_norm": 2.9222941375914075, "fpem/env_exogenous_load_embedding_norm": 2.0604687395549957, "fpem/env_rep_ablation_normal": 1.0, "fpem/env_rep_ablation_zero": 0.0, "fpem/env_rep_ablation_shuffle_batch": 0.0, "fpem/env_rep_ablation_mode_id": 0.0, "fpem/mask_loss": 0.0, "fpem/mask_sparse_loss": 0.0, "fpem/mask_entropy_loss": 0.0, "fpem/mask_mean": 1.0, "fpem/mask_entropy": 0.0, "fpem/mask_active_ratio": 1.0, "fpem/fusion_alpha_mean": 0.0, "fpem/fusion_alpha_std": 0.0, "fpem/fusion_alpha_min": 0.0, "fpem/fusion_alpha_max": 0.0, "fpem/env_route_loss": 2.095535736992246, "fpem/env_route_L_final": 8.929029092334567, "fpem/env_route_L_global": 0.0, "fpem/env_route_L_route_soft": 0.0, "fpem/env_route_L_expert": 9.33513419741676, "fpem/env_route_L_router_oracle": 0.22850887441918963, "fpem/env_route_L_balance": 0.0, "fpem/env_route_L_diverse": 0.0, "fpem/env_route_L_proto_align": 0.0, "fpem/env_route_entropy": 0.0, "fpem/env_route_q_max_mean": 0.0, "fpem/hyper_alpha_mean": 0.0, "fpem/hyper_delta_norm": 0.0, "fpem/hyper_route_proto_mode_uniform_warmup": 0.0, "fpem/hyper_route_proto_mode_uniform_fixed": 0.0, "fpem/hyper_route_proto_mode_sinkhorn": 0.0, "fpem/hyper_route_proto_mode_softmax": 0.0, "fpem/fallback_q_mean": 0.0, "fpem/fallback_q_max": 0.0, "fpem/env_q_sum_mean": 1.0, "fpem/oracle_fallback_rate": 0.0, "fpem/route_count_fallback": 0.0, "fpem/env_route_head_mode": 1.0, "fpem/route_entropy_mean": 0.0, "fpem/route_mean_distribution_entropy": 0.0, "fpem/effective_expert_number": 1.0, "fpem/max_expert_usage_ratio": 0.0, "fpem/min_expert_usage_ratio": 0.0, "fpem/prototype_pairwise_cosine": 0.0, "fpem/expert_prediction_pairwise_cosine": 0.0, "fpem/expert_collapse_warning": 0.0, "fpem/env_route_target_mode_env_prototype": 0.0, "fpem/env_route_target_mode_hybrid": 0.0, "fpem/env_route_hybrid_alpha": 0.0, "fpem/env_route_train_mode_warmup_risk_sinkhorn": 0.0, "fpem/warmup_risk_stage_warmup": 0.0, "fpem/warmup_risk_stage_soft": 0.0, "fpem/warmup_risk_stage_hard": 0.0, "fpem/warmup_risk_selected_loss": 0.0, "fpem/warmup_risk_uniform_common_loss": 0.0, "fpem/warmup_risk_lambda_common": 0.0, "fpem/warmup_risk_total_common_term": 0.0, "fpem/warmup_risk_temperature": 0.0, "fpem/warmup_risk_temperature_progress": 0.0, "fpem/uniform_expert_mae": 0.0, "fpem/risk_routed_mae": 0.0, "fpem/risk_prediction_mae": 0.0, "fpem/risk_loss": 0.0, "fpem/risk_ranking_loss": 0.0, "fpem/risk_ranking_accuracy": 0.0, "fpem/risk_oracle_argmin_accuracy": 0.0, "fpem/risk_router_temperature": 0.0, "fpem/risk_router_lambda": 0.0, "fpem/risk_router_pairwise_lambda": 0.0, "fpem/env_route_train_mode_progressive_gmm_environment": 0.0, "fpem/top_level_prediction_source_progressive_gmm_teacher_hard": 0.0, "fpem/progressive_assignment_uses_target_or_prediction_error": 0.0, "fpem/progressive_partition_ready": 0.0, "fpem/progressive_selected_k": 0.0, "fpem/progressive_active_expert_count": 0.0, "fpem/progressive_last_partition_epoch": 0.0, "fpem/progressive_lambda_common": 0.0, "fpem/progressive_common_term": 0.0, "fpem/progressive_compactness_loss": 0.0, "fpem/progressive_consistency_loss": 0.0, "fpem/progressive_cluster_entropy": 0.0, "fpem/progressive_assignment_change_ratio": 0.0, "fpem/progressive_hungarian_overlap_score": 0.0, "fpem/progressive_partition_update_time_sec": 0.0, "fpem/progressive_routed_mae": 0.0, "fpem/progressive_gmm_environment_total_replaces_primary": 0.0, "fpem/env_route_count_head_0": 16.0, "fpem/env_route_oracle_count_head_0": 16.0, "fpem/route_count_env_head_0": 16.0, "fpem/route_soft_mean_expert_0": 1.0, "fpem/route_hard_count_expert_0": 16.0, "fpem/hard_count_expert_0": 16.0, "fpem/sinkhorn_soft_col_mass_expert_0": 0.0, "fpem/progressive_active_expert_0": 0.0, "fpem/progressive_cluster_size_0": 0.0, "fpem/progressive_cluster_ratio_0": 0.0, "fpem/progressive_cluster_to_expert_0": 0.0, "fpem/progressive_bic_k1": 0.0, "fpem/progressive_bic_score_k1": 0.0, "fpem/progressive_bic_rejected_k1": 0.0, "fpem/hyper_alpha_head_0": 0.0, "fpem/hyper_gamma_norm_head_0": 0.0, "fpem/hyper_beta_norm_head_0": 0.0, "fpem/expert_cross_mae_group_0_expert_0": 9.33513419741676, "fpem/load_expert_loss": 9.33513419741676, "fpem/conservative_override_router_loss": 0.22850887441918963, "fpem/hard_router_loss": 0.22850887441918963, "fpem/load_level_assignment_detached": 1.0, "fpem/load_level_count_0": 1680.0, "fpem/load_level_ratio_0": 1.0, "fpem/expert_0_global_loss": 9.33513419741676, "fpem/expert_0_selected_loss": 9.33513419741676, "fpem/conservative_all_environment_mae": 9.33513419741676, "fpem/conservative_all_invariant_mae": 9.662237512497676, "fpem/conservative_selective_hard_routing_mae": 9.33513419741676, "fpem/conservative_oracle_mae": 9.288289101918538, "fpem/conservative_router_accuracy": 0.7857142857142857, "fpem/conservative_router_balanced_accuracy": 0.5142857142857142, "fpem/conservative_invariant_switch_coverage": 0.0, "fpem/conservative_invariant_switch_precision": 0.0, "fpem/conservative_correct_beneficial_switches": 0.0, "fpem/conservative_harmful_invariant_switches": 0.0, "fpem/conservative_saved_loss_from_correct_switches": 0.0, "fpem/conservative_added_loss_from_harmful_switches": 0.0, "fpem/conservative_net_routing_gain": 0.0, "fpem/conservative_oracle_gap_closed": 0.0, "fpem/conservative_selected_threshold": 0.5, "fpem/conservative_selected_margin": 0.0, "fpem/conservative_delta_mean": -0.32710325036730087, "fpem/conservative_delta_positive_ratio": 0.21428571428571427, "fpem/conservative_target_inv_ratio": 0.21428571428571427, "fpem/conservative_p_inv_mean": 0.0720845932052249, "fpem/conservative_p_inv_min": 0.026627339591227827, "fpem/conservative_p_inv_max": 0.13119816815569288, "fpem/conservative_prediction_is_hard_route": 1.0, "fpem/conservative_prediction_is_soft_fusion": 0.0, "fpem/conservative_router_target_detached": 1.0, "fpem/conservative_delta_detached": 1.0, "fpem/conservative_harmful_switch_weight": 2.0, "fpem/hard_router_predicted_env_ratio": 1.0, "fpem/hard_router_effective_env_ratio": 1.0, "fpem/hard_router_target_env_ratio": 0.7857142857142857, "fpem/hard_router_gain_mean": -0.32710325036730087, "fpem/hard_router_margin_mean": 0.0, "fpem/conservative_router_supervision_enabled": 1.0, "fpem/conservative_router_weight_mean": 0.9999999943233672, "fpem/conservative_router_weight_min": 0.061892139491447735, "fpem/conservative_router_weight_max": 2.922467088699341, "fpem/expert_prediction_pairwise_difference": 0.0, "fpem/delta_pairwise_cosine": 0.0, "fpem/delta_pairwise_l1": 0.0, "fpem/delta_pairwise_l2": 0.0, "fpem/expert_0_parameter_norm": 14.990669059753419, "fpem/hard_binary_router_enabled": 1.0, "fpem/hard_router_uses_target_in_forward": 0.0, "fpem/stored_future_c_loaded": 0.0, "fpem/prediction_is_weighted_complete_fusion": 0.0, "fpem/prediction_is_hard_route": 1.0, "fpem/conservative_inv_override_enabled": 1.0, "fpem/conservative_router_features_detached": 1.0, "fpem/future_mi_loss": 0.0, "fpem/future_mi_valid": 0.0, "fpem/future_mi_logvar_mean": 0.0, "fpem/future_mi_target_mode_env_encoder": 0.0, "fpem/swap_loss": 0.0, "fpem/swap_diff_loss": 0.0, "fpem/swap_same_loss": 0.0, "fpem/swap_gain_mean": 0.0, "fpem/swap_s_gain_mean": 0.0, "fpem/swap_fallback_router_loss": 0.0, "fpem/swap_fallback_q_mean": 0.0, "fpem/swap_prediction_delta": 0.0, "fpem/swap_route_delta": 0.0, "fpem/swap_hyper_alpha_delta": 0.0, "fpem/swap_hyper_delta_norm": 0.0, "fpem/loss_env_day": 0.0, "fpem/loss_env_hour": 0.0, "fpem/loss_env_rush": 0.0, "fpem/env_day_acc": 0.0, "fpem/env_hour_acc": 0.0, "fpem/env_rush_acc": 0.0, "fpem/loss_env_supcon": 0.0, "fpem/env_supcon_valid_pairs": 0.0, "fpem/loss_inv_env_adv": 0.0, "fpem/inv_day_acc": 0.0, "fpem/inv_hour_acc": 0.0, "fpem/inv_rush_acc": 0.0, "fpem/loss_cross_cov_sep": 0.0, "fpem/load_level_experts_enabled": 1.0, "fpem/load_level_uses_target_or_future_load": 0.0, "fpem/environment_gate_uses_target_in_forward": 0.0, "fpem/load_level_env_residual_scale": 0.0, "fpem/uses_cached_observable_load_prior": 1.0, "fpem/primary_loss": 8.929029092334567, "fpem/inv_pred_loss": 9.217749822707404, "fpem/primary_uses_route": 1.0, "fpem/primary_uses_env_fusion": 0.0, "fpem/backbone_agcrn": 1.0, "fpem/backbone_graphwavenet": 0.0, "fpem/backbone_staeformer": 0.0, "fpem/gc_pred_loss_only": 1.0, "fpem/env_route_head_mode_hyper_proto": 1.0, "fpem/fpem_force_uniform_route": 0.0, "fpem/hard_prediction_sinkhorn_total_replaces_primary": 0.0, "fpem/hard_prediction_environment_sinkhorn_total_replaces_primary": 0.0, "fpem/warmup_risk_sinkhorn_total_replaces_primary": 0.0, "fpem/lambda_club_mi": 0.0}, "conservative_override_threshold_selection": {"split": "val", "threshold": 0.5, "margin": 0.0, "mae": 11.552543640136719, "loss": 11.759619818793404, "mape": 0.18093988299369812, "confirmed_result": {"loss": 11.759619818793404, "mae": 11.552543640136719, "mape": 0.18093988299369812}}}
CONSERVATIVE_OVERRIDE_THRESHOLD_SELECTION {"split": "val", "threshold": 0.5, "margin": 0.0, "mae": 11.57223892211914, "loss": 11.808338430192736, "mape": 0.19085590541362762, "confirmed_result": {"loss": 11.808338430192736, "mae": 11.57223892211914, "mape": 0.19085590541362762}}
EPOCH {"epoch": 59, "train_loss": 10.990995824904669, "val": {"loss": 11.808338430192736, "mae": 11.57223892211914, "mape": 0.19085590541362762}, "test_mixed": {"loss": 10.5692992074149, "mae": 10.551197052001953, "mape": 0.17525164783000946}, "test_workday": {"loss": 10.44729241080906, "mae": 10.464456558227539, "mape": 0.17548896372318268}, "test_holiday": {"loss": 10.769509156545004, "mae": 10.701613426208496, "mape": 0.17484009265899658}, "test_avg_mae": 10.583034992218018, "best_selection_value": 10.583034992218018, "best_selection_split": "test_avg_DIAGNOSTIC", "best_selection_metric": "test_avg_mae", "lr": 0.001, "fpem_logs": {"fpem/fpem_env_use_exogenous": 1.0, "fpem/env_exogenous_available": 1.0, "fpem/env_exogenous_time_available": 1.0, "fpem/env_exogenous_load_available": 1.0, "fpem/env_exogenous_feature_dim": 32.0, "fpem/env_exogenous_embedding_norm": 2.9231323696318126, "fpem/env_exogenous_load_embedding_norm": 2.059577163060506, "fpem/env_rep_ablation_normal": 1.0, "fpem/env_rep_ablation_zero": 0.0, "fpem/env_rep_ablation_shuffle_batch": 0.0, "fpem/env_rep_ablation_mode_id": 0.0, "fpem/mask_loss": 0.0, "fpem/mask_sparse_loss": 0.0, "fpem/mask_entropy_loss": 0.0, "fpem/mask_mean": 1.0, "fpem/mask_entropy": 0.0, "fpem/mask_active_ratio": 1.0, "fpem/fusion_alpha_mean": 0.0, "fpem/fusion_alpha_std": 0.0, "fpem/fusion_alpha_min": 0.0, "fpem/fusion_alpha_max": 0.0, "fpem/env_route_loss": 2.0856224639075145, "fpem/env_route_L_final": 8.918685513450987, "fpem/env_route_L_global": 0.0, "fpem/env_route_L_route_soft": 0.0, "fpem/env_route_L_expert": 9.329458395640055, "fpem/env_route_L_router_oracle": 0.21973075628990218, "fpem/env_route_L_balance": 0.0, "fpem/env_route_L_diverse": 0.0, "fpem/env_route_L_proto_align": 0.0, "fpem/env_route_entropy": 0.0, "fpem/env_route_q_max_mean": 0.0, "fpem/hyper_alpha_mean": 0.0, "fpem/hyper_delta_norm": 0.0, "fpem/hyper_route_proto_mode_uniform_warmup": 0.0, "fpem/hyper_route_proto_mode_uniform_fixed": 0.0, "fpem/hyper_route_proto_mode_sinkhorn": 0.0, "fpem/hyper_route_proto_mode_softmax": 0.0, "fpem/fallback_q_mean": 0.0, "fpem/fallback_q_max": 0.0, "fpem/env_q_sum_mean": 1.0, "fpem/oracle_fallback_rate": 0.0, "fpem/route_count_fallback": 0.0, "fpem/env_route_head_mode": 1.0, "fpem/route_entropy_mean": 0.0, "fpem/route_mean_distribution_entropy": 0.0, "fpem/effective_expert_number": 1.0, "fpem/max_expert_usage_ratio": 0.0, "fpem/min_expert_usage_ratio": 0.0, "fpem/prototype_pairwise_cosine": 0.0, "fpem/expert_prediction_pairwise_cosine": 0.0, "fpem/expert_collapse_warning": 0.0, "fpem/env_route_target_mode_env_prototype": 0.0, "fpem/env_route_target_mode_hybrid": 0.0, "fpem/env_route_hybrid_alpha": 0.0, "fpem/env_route_train_mode_warmup_risk_sinkhorn": 0.0, "fpem/warmup_risk_stage_warmup": 0.0, "fpem/warmup_risk_stage_soft": 0.0, "fpem/warmup_risk_stage_hard": 0.0, "fpem/warmup_risk_selected_loss": 0.0, "fpem/warmup_risk_uniform_common_loss": 0.0, "fpem/warmup_risk_lambda_common": 0.0, "fpem/warmup_risk_total_common_term": 0.0, "fpem/warmup_risk_temperature": 0.0, "fpem/warmup_risk_temperature_progress": 0.0, "fpem/uniform_expert_mae": 0.0, "fpem/risk_routed_mae": 0.0, "fpem/risk_prediction_mae": 0.0, "fpem/risk_loss": 0.0, "fpem/risk_ranking_loss": 0.0, "fpem/risk_ranking_accuracy": 0.0, "fpem/risk_oracle_argmin_accuracy": 0.0, "fpem/risk_router_temperature": 0.0, "fpem/risk_router_lambda": 0.0, "fpem/risk_router_pairwise_lambda": 0.0, "fpem/env_route_train_mode_progressive_gmm_environment": 0.0, "fpem/top_level_prediction_source_progressive_gmm_teacher_hard": 0.0, "fpem/progressive_assignment_uses_target_or_prediction_error": 0.0, "fpem/progressive_partition_ready": 0.0, "fpem/progressive_selected_k": 0.0, "fpem/progressive_active_expert_count": 0.0, "fpem/progressive_last_partition_epoch": 0.0, "fpem/progressive_lambda_common": 0.0, "fpem/progressive_common_term": 0.0, "fpem/progressive_compactness_loss": 0.0, "fpem/progressive_consistency_loss": 0.0, "fpem/progressive_cluster_entropy": 0.0, "fpem/progressive_assignment_change_ratio": 0.0, "fpem/progressive_hungarian_overlap_score": 0.0, "fpem/progressive_partition_update_time_sec": 0.0, "fpem/progressive_routed_mae": 0.0, "fpem/progressive_gmm_environment_total_replaces_primary": 0.0, "fpem/env_route_count_head_0": 16.0, "fpem/env_route_oracle_count_head_0": 16.0, "fpem/route_count_env_head_0": 16.0, "fpem/route_soft_mean_expert_0": 1.0, "fpem/route_hard_count_expert_0": 16.0, "fpem/hard_count_expert_0": 16.0, "fpem/sinkhorn_soft_col_mass_expert_0": 0.0, "fpem/progressive_active_expert_0": 0.0, "fpem/progressive_cluster_size_0": 0.0, "fpem/progressive_cluster_ratio_0": 0.0, "fpem/progressive_cluster_to_expert_0": 0.0, "fpem/progressive_bic_k1": 0.0, "fpem/progressive_bic_score_k1": 0.0, "fpem/progressive_bic_rejected_k1": 0.0, "fpem/hyper_alpha_head_0": 0.0, "fpem/hyper_gamma_norm_head_0": 0.0, "fpem/hyper_beta_norm_head_0": 0.0, "fpem/expert_cross_mae_group_0_expert_0": 9.329458395640055, "fpem/load_expert_loss": 9.329458395640055, "fpem/conservative_override_router_loss": 0.21973075628990218, "fpem/hard_router_loss": 0.21973075628990218, "fpem/load_level_assignment_detached": 1.0, "fpem/load_level_count_0": 1680.0, "fpem/load_level_ratio_0": 1.0, "fpem/expert_0_global_loss": 9.329458395640055, "fpem/expert_0_selected_loss": 9.329458395640055, "fpem/conservative_all_environment_mae": 9.329458395640055, "fpem/conservative_all_invariant_mae": 9.662237498873756, "fpem/conservative_selective_hard_routing_mae": 9.329458395640055, "fpem/conservative_oracle_mae": 9.28541449592227, "fpem/conservative_router_accuracy": 0.799404761904762, "fpem/conservative_router_balanced_accuracy": 0.5285714285714286, "fpem/conservative_invariant_switch_coverage": 0.0, "fpem/conservative_invariant_switch_precision": 0.0, "fpem/conservative_correct_beneficial_switches": 0.0, "fpem/conservative_harmful_invariant_switches": 0.0, "fpem/conservative_saved_loss_from_correct_switches": 0.0, "fpem/conservative_added_loss_from_harmful_switches": 0.0, "fpem/conservative_net_routing_gain": 0.0, "fpem/conservative_oracle_gap_closed": 0.0, "fpem/conservative_selected_threshold": 0.5, "fpem/conservative_selected_margin": 0.0, "fpem/conservative_delta_mean": -0.33277908308165416, "fpem/conservative_delta_positive_ratio": 0.2005952380952381, "fpem/conservative_target_inv_ratio": 0.2005952380952381, "fpem/conservative_p_inv_mean": 0.059478906790415446, "fpem/conservative_p_inv_min": 0.019592217240659963, "fpem/conservative_p_inv_max": 0.11601302524407704, "fpem/conservative_prediction_is_hard_route": 1.0, "fpem/conservative_prediction_is_soft_fusion": 0.0, "fpem/conservative_router_target_detached": 1.0, "fpem/conservative_delta_detached": 1.0, "fpem/conservative_harmful_switch_weight": 2.0, "fpem/hard_router_predicted_env_ratio": 1.0, "fpem/hard_router_effective_env_ratio": 1.0, "fpem/hard_router_target_env_ratio": 0.799404761904762, "fpem/hard_router_gain_mean": -0.33277908308165416, "fpem/hard_router_margin_mean": 0.0, "fpem/conservative_router_supervision_enabled": 1.0, "fpem/conservative_router_weight_mean": 0.9999999943233672, "fpem/conservative_router_weight_min": 0.05690139107893975, "fpem/conservative_router_weight_max": 2.905567067010062, "fpem/expert_prediction_pairwise_difference": 0.0, "fpem/delta_pairwise_cosine": 0.0, "fpem/delta_pairwise_l1": 0.0, "fpem/delta_pairwise_l2": 0.0, "fpem/expert_0_parameter_norm": 14.990975725083125, "fpem/hard_binary_router_enabled": 1.0, "fpem/hard_router_uses_target_in_forward": 0.0, "fpem/stored_future_c_loaded": 0.0, "fpem/prediction_is_weighted_complete_fusion": 0.0, "fpem/prediction_is_hard_route": 1.0, "fpem/conservative_inv_override_enabled": 1.0, "fpem/conservative_router_features_detached": 1.0, "fpem/future_mi_loss": 0.0, "fpem/future_mi_valid": 0.0, "fpem/future_mi_logvar_mean": 0.0, "fpem/future_mi_target_mode_env_encoder": 0.0, "fpem/swap_loss": 0.0, "fpem/swap_diff_loss": 0.0, "fpem/swap_same_loss": 0.0, "fpem/swap_gain_mean": 0.0, "fpem/swap_s_gain_mean": 0.0, "fpem/swap_fallback_router_loss": 0.0, "fpem/swap_fallback_q_mean": 0.0, "fpem/swap_prediction_delta": 0.0, "fpem/swap_route_delta": 0.0, "fpem/swap_hyper_alpha_delta": 0.0, "fpem/swap_hyper_delta_norm": 0.0, "fpem/loss_env_day": 0.0, "fpem/loss_env_hour": 0.0, "fpem/loss_env_rush": 0.0, "fpem/env_day_acc": 0.0, "fpem/env_hour_acc": 0.0, "fpem/env_rush_acc": 0.0, "fpem/loss_env_supcon": 0.0, "fpem/env_supcon_valid_pairs": 0.0, "fpem/loss_inv_env_adv": 0.0, "fpem/inv_day_acc": 0.0, "fpem/inv_hour_acc": 0.0, "fpem/inv_rush_acc": 0.0, "fpem/loss_cross_cov_sep": 0.0, "fpem/load_level_experts_enabled": 1.0, "fpem/load_level_uses_target_or_future_load": 0.0, "fpem/environment_gate_uses_target_in_forward": 0.0, "fpem/load_level_env_residual_scale": 0.0, "fpem/uses_cached_observable_load_prior": 1.0, "fpem/primary_loss": 8.918685513450987, "fpem/inv_pred_loss": 9.214213761829194, "fpem/primary_uses_route": 1.0, "fpem/primary_uses_env_fusion": 0.0, "fpem/backbone_agcrn": 1.0, "fpem/backbone_graphwavenet": 0.0, "fpem/backbone_staeformer": 0.0, "fpem/gc_pred_loss_only": 1.0, "fpem/env_route_head_mode_hyper_proto": 1.0, "fpem/fpem_force_uniform_route": 0.0, "fpem/hard_prediction_sinkhorn_total_replaces_primary": 0.0, "fpem/hard_prediction_environment_sinkhorn_total_replaces_primary": 0.0, "fpem/warmup_risk_sinkhorn_total_replaces_primary": 0.0, "fpem/lambda_club_mi": 0.0}, "conservative_override_threshold_selection": {"split": "val", "threshold": 0.5, "margin": 0.0, "mae": 11.57223892211914, "loss": 11.808338430192736, "mape": 0.19085590541362762, "confirmed_result": {"loss": 11.808338430192736, "mae": 11.57223892211914, "mape": 0.19085590541362762}}}
CONSERVATIVE_OVERRIDE_THRESHOLD_SELECTION {"split": "val", "threshold": 0.5, "margin": 0.0, "mae": 11.587567329406738, "loss": 11.809851302040947, "mape": 0.19398927688598633, "confirmed_result": {"loss": 11.809851302040947, "mae": 11.587567329406738, "mape": 0.19398927688598633}}
EPOCH {"epoch": 60, "train_loss": 11.019216101510183, "val": {"loss": 11.809851302040947, "mae": 11.587567329406738, "mape": 0.19398927688598633}, "test_mixed": {"loss": 10.57106648853847, "mae": 10.560929298400879, "mape": 0.1782113015651703}, "test_workday": {"loss": 10.44442253527434, "mae": 10.469465255737305, "mape": 0.17783768475055695}, "test_holiday": {"loss": 10.779773036638895, "mae": 10.719539642333984, "mape": 0.1788591891527176}, "test_avg_mae": 10.594502449035645, "best_selection_value": 10.594502449035645, "best_selection_split": "test_avg_DIAGNOSTIC", "best_selection_metric": "test_avg_mae", "lr": 0.001, "fpem_logs": {"fpem/fpem_env_use_exogenous": 1.0, "fpem/env_exogenous_available": 1.0, "fpem/env_exogenous_time_available": 1.0, "fpem/env_exogenous_load_available": 1.0, "fpem/env_exogenous_feature_dim": 32.0, "fpem/env_exogenous_embedding_norm": 2.931697130203247, "fpem/env_exogenous_load_embedding_norm": 2.066402837208339, "fpem/env_rep_ablation_normal": 1.0, "fpem/env_rep_ablation_zero": 0.0, "fpem/env_rep_ablation_shuffle_batch": 0.0, "fpem/env_rep_ablation_mode_id": 0.0, "fpem/mask_loss": 0.0, "fpem/mask_sparse_loss": 0.0, "fpem/mask_entropy_loss": 0.0, "fpem/mask_mean": 1.0, "fpem/mask_entropy": 0.0, "fpem/mask_active_ratio": 1.0, "fpem/fusion_alpha_mean": 0.0, "fpem/fusion_alpha_std": 0.0, "fpem/fusion_alpha_min": 0.0, "fpem/fusion_alpha_max": 0.0, "fpem/env_route_loss": 2.0970429272878737, "fpem/env_route_L_final": 8.918588066101075, "fpem/env_route_L_global": 0.0, "fpem/env_route_L_route_soft": 0.0, "fpem/env_route_L_expert": 9.323959459577289, "fpem/env_route_L_router_oracle": 0.2322510111899603, "fpem/env_route_L_balance": 0.0, "fpem/env_route_L_diverse": 0.0, "fpem/env_route_L_proto_align": 0.0, "fpem/env_route_entropy": 0.0, "fpem/env_route_q_max_mean": 0.0, "fpem/hyper_alpha_mean": 0.0, "fpem/hyper_delta_norm": 0.0, "fpem/hyper_route_proto_mode_uniform_warmup": 0.0, "fpem/hyper_route_proto_mode_uniform_fixed": 0.0, "fpem/hyper_route_proto_mode_sinkhorn": 0.0, "fpem/hyper_route_proto_mode_softmax": 0.0, "fpem/fallback_q_mean": 0.0, "fpem/fallback_q_max": 0.0, "fpem/env_q_sum_mean": 1.0, "fpem/oracle_fallback_rate": 0.0, "fpem/route_count_fallback": 0.0, "fpem/env_route_head_mode": 1.0, "fpem/route_entropy_mean": 0.0, "fpem/route_mean_distribution_entropy": 0.0, "fpem/effective_expert_number": 1.0, "fpem/max_expert_usage_ratio": 0.0, "fpem/min_expert_usage_ratio": 0.0, "fpem/prototype_pairwise_cosine": 0.0, "fpem/expert_prediction_pairwise_cosine": 0.0, "fpem/expert_collapse_warning": 0.0, "fpem/env_route_target_mode_env_prototype": 0.0, "fpem/env_route_target_mode_hybrid": 0.0, "fpem/env_route_hybrid_alpha": 0.0, "fpem/env_route_train_mode_warmup_risk_sinkhorn": 0.0, "fpem/warmup_risk_stage_warmup": 0.0, "fpem/warmup_risk_stage_soft": 0.0, "fpem/warmup_risk_stage_hard": 0.0, "fpem/warmup_risk_selected_loss": 0.0, "fpem/warmup_risk_uniform_common_loss": 0.0, "fpem/warmup_risk_lambda_common": 0.0, "fpem/warmup_risk_total_common_term": 0.0, "fpem/warmup_risk_temperature": 0.0, "fpem/warmup_risk_temperature_progress": 0.0, "fpem/uniform_expert_mae": 0.0, "fpem/risk_routed_mae": 0.0, "fpem/risk_prediction_mae": 0.0, "fpem/risk_loss": 0.0, "fpem/risk_ranking_loss": 0.0, "fpem/risk_ranking_accuracy": 0.0, "fpem/risk_oracle_argmin_accuracy": 0.0, "fpem/risk_router_temperature": 0.0, "fpem/risk_router_lambda": 0.0, "fpem/risk_router_pairwise_lambda": 0.0, "fpem/env_route_train_mode_progressive_gmm_environment": 0.0, "fpem/top_level_prediction_source_progressive_gmm_teacher_hard": 0.0, "fpem/progressive_assignment_uses_target_or_prediction_error": 0.0, "fpem/progressive_partition_ready": 0.0, "fpem/progressive_selected_k": 0.0, "fpem/progressive_active_expert_count": 0.0, "fpem/progressive_last_partition_epoch": 0.0, "fpem/progressive_lambda_common": 0.0, "fpem/progressive_common_term": 0.0, "fpem/progressive_compactness_loss": 0.0, "fpem/progressive_consistency_loss": 0.0, "fpem/progressive_cluster_entropy": 0.0, "fpem/progressive_assignment_change_ratio": 0.0, "fpem/progressive_hungarian_overlap_score": 0.0, "fpem/progressive_partition_update_time_sec": 0.0, "fpem/progressive_routed_mae": 0.0, "fpem/progressive_gmm_environment_total_replaces_primary": 0.0, "fpem/env_route_count_head_0": 16.0, "fpem/env_route_oracle_count_head_0": 16.0, "fpem/route_count_env_head_0": 16.0, "fpem/route_soft_mean_expert_0": 1.0, "fpem/route_hard_count_expert_0": 16.0, "fpem/hard_count_expert_0": 16.0, "fpem/sinkhorn_soft_col_mass_expert_0": 0.0, "fpem/progressive_active_expert_0": 0.0, "fpem/progressive_cluster_size_0": 0.0, "fpem/progressive_cluster_ratio_0": 0.0, "fpem/progressive_cluster_to_expert_0": 0.0, "fpem/progressive_bic_k1": 0.0, "fpem/progressive_bic_score_k1": 0.0, "fpem/progressive_bic_rejected_k1": 0.0, "fpem/hyper_alpha_head_0": 0.0, "fpem/hyper_gamma_norm_head_0": 0.0, "fpem/hyper_beta_norm_head_0": 0.0, "fpem/expert_cross_mae_group_0_expert_0": 9.323959459577289, "fpem/load_expert_loss": 9.323959459577289, "fpem/conservative_override_router_loss": 0.2322510111899603, "fpem/hard_router_loss": 0.2322510111899603, "fpem/load_level_assignment_detached": 1.0, "fpem/load_level_count_0": 1680.0, "fpem/load_level_ratio_0": 1.0, "fpem/expert_0_global_loss": 9.323959459577289, "fpem/expert_0_selected_loss": 9.323959459577289, "fpem/conservative_all_environment_mae": 9.323959459577289, "fpem/conservative_all_invariant_mae": 9.662237485249838, "fpem/conservative_selective_hard_routing_mae": 9.323959459577289, "fpem/conservative_oracle_mae": 9.275397832053049, "fpem/conservative_router_accuracy": 0.8, "fpem/conservative_router_balanced_accuracy": 0.5095238095238095, "fpem/conservative_invariant_switch_coverage": 0.0, "fpem/conservative_invariant_switch_precision": 0.0, "fpem/conservative_correct_beneficial_switches": 0.0, "fpem/conservative_harmful_invariant_switches": 0.0, "fpem/conservative_saved_loss_from_correct_switches": 0.0, "fpem/conservative_added_loss_from_harmful_switches": 0.0, "fpem/conservative_net_routing_gain": 0.0, "fpem/conservative_oracle_gap_closed": 0.0, "fpem/conservative_selected_threshold": 0.5, "fpem/conservative_selected_margin": 0.0, "fpem/conservative_delta_mean": -0.33827800835881916, "fpem/conservative_delta_positive_ratio": 0.2, "fpem/conservative_target_inv_ratio": 0.2, "fpem/conservative_p_inv_mean": 0.061282791800442195, "fpem/conservative_p_inv_min": 0.020692639682619345, "fpem/conservative_p_inv_max": 0.12127997676531474, "fpem/conservative_prediction_is_hard_route": 1.0, "fpem/conservative_prediction_is_soft_fusion": 0.0, "fpem/conservative_router_target_detached": 1.0, "fpem/conservative_delta_detached": 1.0, "fpem/conservative_harmful_switch_weight": 2.0, "fpem/hard_router_predicted_env_ratio": 1.0, "fpem/hard_router_effective_env_ratio": 1.0, "fpem/hard_router_target_env_ratio": 0.8, "fpem/hard_router_gain_mean": -0.33827800835881916, "fpem/hard_router_margin_mean": 0.0, "fpem/conservative_router_supervision_enabled": 1.0, "fpem/conservative_router_weight_mean": 0.999999996026357, "fpem/conservative_router_weight_min": 0.07338335084551502, "fpem/conservative_router_weight_max": 2.852750471660069, "fpem/expert_prediction_pairwise_difference": 0.0, "fpem/delta_pairwise_cosine": 0.0, "fpem/delta_pairwise_l1": 0.0, "fpem/delta_pairwise_l2": 0.0, "fpem/expert_0_parameter_norm": 14.991042346046084, "fpem/hard_binary_router_enabled": 1.0, "fpem/hard_router_uses_target_in_forward": 0.0, "fpem/stored_future_c_loaded": 0.0, "fpem/prediction_is_weighted_complete_fusion": 0.0, "fpem/prediction_is_hard_route": 1.0, "fpem/conservative_inv_override_enabled": 1.0, "fpem/conservative_router_features_detached": 1.0, "fpem/future_mi_loss": 0.0, "fpem/future_mi_valid": 0.0, "fpem/future_mi_logvar_mean": 0.0, "fpem/future_mi_target_mode_env_encoder": 0.0, "fpem/swap_loss": 0.0, "fpem/swap_diff_loss": 0.0, "fpem/swap_same_loss": 0.0, "fpem/swap_gain_mean": 0.0, "fpem/swap_s_gain_mean": 0.0, "fpem/swap_fallback_router_loss": 0.0, "fpem/swap_fallback_q_mean": 0.0, "fpem/swap_prediction_delta": 0.0, "fpem/swap_route_delta": 0.0, "fpem/swap_hyper_alpha_delta": 0.0, "fpem/swap_hyper_delta_norm": 0.0, "fpem/loss_env_day": 0.0, "fpem/loss_env_hour": 0.0, "fpem/loss_env_rush": 0.0, "fpem/env_day_acc": 0.0, "fpem/env_hour_acc": 0.0, "fpem/env_rush_acc": 0.0, "fpem/loss_env_supcon": 0.0, "fpem/env_supcon_valid_pairs": 0.0, "fpem/loss_inv_env_adv": 0.0, "fpem/inv_day_acc": 0.0, "fpem/inv_hour_acc": 0.0, "fpem/inv_rush_acc": 0.0, "fpem/loss_cross_cov_sep": 0.0, "fpem/load_level_experts_enabled": 1.0, "fpem/load_level_uses_target_or_future_load": 0.0, "fpem/environment_gate_uses_target_in_forward": 0.0, "fpem/load_level_env_residual_scale": 0.0, "fpem/uses_cached_observable_load_prior": 1.0, "fpem/primary_loss": 8.918588066101075, "fpem/inv_pred_loss": 9.211623886653355, "fpem/primary_uses_route": 1.0, "fpem/primary_uses_env_fusion": 0.0, "fpem/backbone_agcrn": 1.0, "fpem/backbone_graphwavenet": 0.0, "fpem/backbone_staeformer": 0.0, "fpem/gc_pred_loss_only": 1.0, "fpem/env_route_head_mode_hyper_proto": 1.0, "fpem/fpem_force_uniform_route": 0.0, "fpem/hard_prediction_sinkhorn_total_replaces_primary": 0.0, "fpem/hard_prediction_environment_sinkhorn_total_replaces_primary": 0.0, "fpem/warmup_risk_sinkhorn_total_replaces_primary": 0.0, "fpem/lambda_club_mi": 0.0}, "conservative_override_threshold_selection": {"split": "val", "threshold": 0.5, "margin": 0.0, "mae": 11.587567329406738, "loss": 11.809851302040947, "mape": 0.19398927688598633, "confirmed_result": {"loss": 11.809851302040947, "mae": 11.587567329406738, "mape": 0.19398927688598633}}}
CONSERVATIVE_OVERRIDE_THRESHOLD_SELECTION {"split": "val", "threshold": 0.5, "margin": 0.0, "mae": 11.581297874450684, "loss": 11.79197202788459, "mape": 0.1811692714691162, "confirmed_result": {"loss": 11.79197202788459, "mae": 11.581297874450684, "mape": 0.1811692714691162}}
EPOCH {"epoch": 61, "train_loss": 11.005184900192987, "val": {"loss": 11.79197202788459, "mae": 11.581297874450684, "mape": 0.1811692714691162}, "test_mixed": {"loss": 10.575653621128627, "mae": 10.564568519592285, "mape": 0.1671186089515686}, "test_workday": {"loss": 10.459982685420824, "mae": 10.484355926513672, "mape": 0.16787198185920715}, "test_holiday": {"loss": 10.764062523841858, "mae": 10.703665733337402, "mape": 0.1658121943473816}, "test_avg_mae": 10.594010829925537, "best_selection_value": 10.594010829925537, "best_selection_split": "test_avg_DIAGNOSTIC", "best_selection_metric": "test_avg_mae", "lr": 0.001, "fpem_logs": {"fpem/fpem_env_use_exogenous": 1.0, "fpem/env_exogenous_available": 1.0, "fpem/env_exogenous_time_available": 1.0, "fpem/env_exogenous_load_available": 1.0, "fpem/env_exogenous_feature_dim": 32.0, "fpem/env_exogenous_embedding_norm": 2.9362526439485097, "fpem/env_exogenous_load_embedding_norm": 2.070334305082049, "fpem/env_rep_ablation_normal": 1.0, "fpem/env_rep_ablation_zero": 0.0, "fpem/env_rep_ablation_shuffle_batch": 0.0, "fpem/env_rep_ablation_mode_id": 0.0, "fpem/mask_loss": 0.0, "fpem/mask_sparse_loss": 0.0, "fpem/mask_entropy_loss": 0.0, "fpem/mask_mean": 1.0, "fpem/mask_entropy": 0.0, "fpem/mask_active_ratio": 1.0, "fpem/fusion_alpha_mean": 0.0, "fpem/fusion_alpha_std": 0.0, "fpem/fusion_alpha_min": 0.0, "fpem/fusion_alpha_max": 0.0, "fpem/env_route_loss": 2.088126080376761, "fpem/env_route_L_final": 8.925240230560302, "fpem/env_route_L_global": 0.0, "fpem/env_route_L_route_soft": 0.0, "fpem/env_route_L_expert": 9.323985158829462, "fpem/env_route_L_router_oracle": 0.22332902703256835, "fpem/env_route_L_balance": 0.0, "fpem/env_route_L_diverse": 0.0, "fpem/env_route_L_proto_align": 0.0, "fpem/env_route_entropy": 0.0, "fpem/env_route_q_max_mean": 0.0, "fpem/hyper_alpha_mean": 0.0, "fpem/hyper_delta_norm": 0.0, "fpem/hyper_route_proto_mode_uniform_warmup": 0.0, "fpem/hyper_route_proto_mode_uniform_fixed": 0.0, "fpem/hyper_route_proto_mode_sinkhorn": 0.0, "fpem/hyper_route_proto_mode_softmax": 0.0, "fpem/fallback_q_mean": 0.0, "fpem/fallback_q_max": 0.0, "fpem/env_q_sum_mean": 1.0, "fpem/oracle_fallback_rate": 0.0, "fpem/route_count_fallback": 0.0, "fpem/env_route_head_mode": 1.0, "fpem/route_entropy_mean": 0.0, "fpem/route_mean_distribution_entropy": 0.0, "fpem/effective_expert_number": 1.0, "fpem/max_expert_usage_ratio": 0.0, "fpem/min_expert_usage_ratio": 0.0, "fpem/prototype_pairwise_cosine": 0.0, "fpem/expert_prediction_pairwise_cosine": 0.0, "fpem/expert_collapse_warning": 0.0, "fpem/env_route_target_mode_env_prototype": 0.0, "fpem/env_route_target_mode_hybrid": 0.0, "fpem/env_route_hybrid_alpha": 0.0, "fpem/env_route_train_mode_warmup_risk_sinkhorn": 0.0, "fpem/warmup_risk_stage_warmup": 0.0, "fpem/warmup_risk_stage_soft": 0.0, "fpem/warmup_risk_stage_hard": 0.0, "fpem/warmup_risk_selected_loss": 0.0, "fpem/warmup_risk_uniform_common_loss": 0.0, "fpem/warmup_risk_lambda_common": 0.0, "fpem/warmup_risk_total_common_term": 0.0, "fpem/warmup_risk_temperature": 0.0, "fpem/warmup_risk_temperature_progress": 0.0, "fpem/uniform_expert_mae": 0.0, "fpem/risk_routed_mae": 0.0, "fpem/risk_prediction_mae": 0.0, "fpem/risk_loss": 0.0, "fpem/risk_ranking_loss": 0.0, "fpem/risk_ranking_accuracy": 0.0, "fpem/risk_oracle_argmin_accuracy": 0.0, "fpem/risk_router_temperature": 0.0, "fpem/risk_router_lambda": 0.0, "fpem/risk_router_pairwise_lambda": 0.0, "fpem/env_route_train_mode_progressive_gmm_environment": 0.0, "fpem/top_level_prediction_source_progressive_gmm_teacher_hard": 0.0, "fpem/progressive_assignment_uses_target_or_prediction_error": 0.0, "fpem/progressive_partition_ready": 0.0, "fpem/progressive_selected_k": 0.0, "fpem/progressive_active_expert_count": 0.0, "fpem/progressive_last_partition_epoch": 0.0, "fpem/progressive_lambda_common": 0.0, "fpem/progressive_common_term": 0.0, "fpem/progressive_compactness_loss": 0.0, "fpem/progressive_consistency_loss": 0.0, "fpem/progressive_cluster_entropy": 0.0, "fpem/progressive_assignment_change_ratio": 0.0, "fpem/progressive_hungarian_overlap_score": 0.0, "fpem/progressive_partition_update_time_sec": 0.0, "fpem/progressive_routed_mae": 0.0, "fpem/progressive_gmm_environment_total_replaces_primary": 0.0, "fpem/env_route_count_head_0": 16.0, "fpem/env_route_oracle_count_head_0": 16.0, "fpem/route_count_env_head_0": 16.0, "fpem/route_soft_mean_expert_0": 1.0, "fpem/route_hard_count_expert_0": 16.0, "fpem/hard_count_expert_0": 16.0, "fpem/sinkhorn_soft_col_mass_expert_0": 0.0, "fpem/progressive_active_expert_0": 0.0, "fpem/progressive_cluster_size_0": 0.0, "fpem/progressive_cluster_ratio_0": 0.0, "fpem/progressive_cluster_to_expert_0": 0.0, "fpem/progressive_bic_k1": 0.0, "fpem/progressive_bic_score_k1": 0.0, "fpem/progressive_bic_rejected_k1": 0.0, "fpem/hyper_alpha_head_0": 0.0, "fpem/hyper_gamma_norm_head_0": 0.0, "fpem/hyper_beta_norm_head_0": 0.0, "fpem/expert_cross_mae_group_0_expert_0": 9.323985158829462, "fpem/load_expert_loss": 9.323985158829462, "fpem/conservative_override_router_loss": 0.22332902703256835, "fpem/hard_router_loss": 0.22332902703256835, "fpem/load_level_assignment_detached": 1.0, "fpem/load_level_count_0": 1680.0, "fpem/load_level_ratio_0": 1.0, "fpem/expert_0_global_loss": 9.323985158829462, "fpem/expert_0_selected_loss": 9.323985158829462, "fpem/conservative_all_environment_mae": 9.323985158829462, "fpem/conservative_all_invariant_mae": 9.662237512497676, "fpem/conservative_selective_hard_routing_mae": 9.323985158829462, "fpem/conservative_oracle_mae": 9.279188451312837, "fpem/conservative_router_accuracy": 0.799404761904762, "fpem/conservative_router_balanced_accuracy": 0.5190476190476191, "fpem/conservative_invariant_switch_coverage": 0.0, "fpem/conservative_invariant_switch_precision": 0.0, "fpem/conservative_correct_beneficial_switches": 0.0, "fpem/conservative_harmful_invariant_switches": 0.0, "fpem/conservative_saved_loss_from_correct_switches": 0.0, "fpem/conservative_added_loss_from_harmful_switches": 0.0, "fpem/conservative_net_routing_gain": 0.0, "fpem/conservative_oracle_gap_closed": 0.0, "fpem/conservative_selected_threshold": 0.5, "fpem/conservative_selected_margin": 0.0, "fpem/conservative_delta_mean": -0.3382523572161084, "fpem/conservative_delta_positive_ratio": 0.2005952380952381, "fpem/conservative_target_inv_ratio": 0.2005952380952381, "fpem/conservative_p_inv_mean": 0.06900512246148927, "fpem/conservative_p_inv_min": 0.023734105821876298, "fpem/conservative_p_inv_max": 0.13083334962526957, "fpem/conservative_prediction_is_hard_route": 1.0, "fpem/conservative_prediction_is_soft_fusion": 0.0, "fpem/conservative_router_target_detached": 1.0, "fpem/conservative_delta_detached": 1.0, "fpem/conservative_harmful_switch_weight": 2.0, "fpem/hard_router_predicted_env_ratio": 1.0, "fpem/hard_router_effective_env_ratio": 1.0, "fpem/hard_router_target_env_ratio": 0.799404761904762, "fpem/hard_router_gain_mean": -0.3382523572161084, "fpem/hard_router_margin_mean": 0.0, "fpem/conservative_router_supervision_enabled": 1.0, "fpem/conservative_router_weight_mean": 0.9999999909173874, "fpem/conservative_router_weight_min": 0.059746601595404736, "fpem/conservative_router_weight_max": 2.8532199291955855, "fpem/expert_prediction_pairwise_difference": 0.0, "fpem/delta_pairwise_cosine": 0.0, "fpem/delta_pairwise_l1": 0.0, "fpem/delta_pairwise_l2": 0.0, "fpem/expert_0_parameter_norm": 14.995028305053712, "fpem/hard_binary_router_enabled": 1.0, "fpem/hard_router_uses_target_in_forward": 0.0, "fpem/stored_future_c_loaded": 0.0, "fpem/prediction_is_weighted_complete_fusion": 0.0, "fpem/prediction_is_hard_route": 1.0, "fpem/conservative_inv_override_enabled": 1.0, "fpem/conservative_router_features_detached": 1.0, "fpem/future_mi_loss": 0.0, "fpem/future_mi_valid": 0.0, "fpem/future_mi_logvar_mean": 0.0, "fpem/future_mi_target_mode_env_encoder": 0.0, "fpem/swap_loss": 0.0, "fpem/swap_diff_loss": 0.0, "fpem/swap_same_loss": 0.0, "fpem/swap_gain_mean": 0.0, "fpem/swap_s_gain_mean": 0.0, "fpem/swap_fallback_router_loss": 0.0, "fpem/swap_fallback_q_mean": 0.0, "fpem/swap_prediction_delta": 0.0, "fpem/swap_route_delta": 0.0, "fpem/swap_hyper_alpha_delta": 0.0, "fpem/swap_hyper_delta_norm": 0.0, "fpem/loss_env_day": 0.0, "fpem/loss_env_hour": 0.0, "fpem/loss_env_rush": 0.0, "fpem/env_day_acc": 0.0, "fpem/env_hour_acc": 0.0, "fpem/env_rush_acc": 0.0, "fpem/loss_env_supcon": 0.0, "fpem/env_supcon_valid_pairs": 0.0, "fpem/loss_inv_env_adv": 0.0, "fpem/inv_day_acc": 0.0, "fpem/inv_hour_acc": 0.0, "fpem/inv_rush_acc": 0.0, "fpem/loss_cross_cov_sep": 0.0, "fpem/load_level_experts_enabled": 1.0, "fpem/load_level_uses_target_or_future_load": 0.0, "fpem/environment_gate_uses_target_in_forward": 0.0, "fpem/load_level_env_residual_scale": 0.0, "fpem/uses_cached_observable_load_prior": 1.0, "fpem/primary_loss": 8.925240230560302, "fpem/inv_pred_loss": 9.224405606587728, "fpem/primary_uses_route": 1.0, "fpem/primary_uses_env_fusion": 0.0, "fpem/backbone_agcrn": 1.0, "fpem/backbone_graphwavenet": 0.0, "fpem/backbone_staeformer": 0.0, "fpem/gc_pred_loss_only": 1.0, "fpem/env_route_head_mode_hyper_proto": 1.0, "fpem/fpem_force_uniform_route": 0.0, "fpem/hard_prediction_sinkhorn_total_replaces_primary": 0.0, "fpem/hard_prediction_environment_sinkhorn_total_replaces_primary": 0.0, "fpem/warmup_risk_sinkhorn_total_replaces_primary": 0.0, "fpem/lambda_club_mi": 0.0}, "conservative_override_threshold_selection": {"split": "val", "threshold": 0.5, "margin": 0.0, "mae": 11.581297874450684, "loss": 11.79197202788459, "mape": 0.1811692714691162, "confirmed_result": {"loss": 11.79197202788459, "mae": 11.581297874450684, "mape": 0.1811692714691162}}}
CONSERVATIVE_OVERRIDE_THRESHOLD_SELECTION {"split": "val", "threshold": 0.5, "margin": 0.0, "mae": 11.689936637878418, "loss": 11.88846731185913, "mape": 0.18779370188713074, "confirmed_result": {"loss": 11.88846731185913, "mae": 11.689936637878418, "mape": 0.18779370188713074}}
EPOCH {"epoch": 62, "train_loss": 11.009076063973563, "val": {"loss": 11.88846731185913, "mae": 11.689936637878418, "mape": 0.18779370188713074}, "test_mixed": {"loss": 10.684917150224958, "mae": 10.679929733276367, "mape": 0.1741955429315567}, "test_workday": {"loss": 10.58147432493127, "mae": 10.612138748168945, "mape": 0.17534302175045013}, "test_holiday": {"loss": 10.850489020347595, "mae": 10.79748821258545, "mape": 0.17220565676689148}, "test_avg_mae": 10.704813480377197, "best_selection_value": 10.704813480377197, "best_selection_split": "test_avg_DIAGNOSTIC", "best_selection_metric": "test_avg_mae", "lr": 0.001, "fpem_logs": {"fpem/fpem_env_use_exogenous": 1.0, "fpem/env_exogenous_available": 1.0, "fpem/env_exogenous_time_available": 1.0, "fpem/env_exogenous_load_available": 1.0, "fpem/env_exogenous_feature_dim": 32.0, "fpem/env_exogenous_embedding_norm": 2.9458311898367744, "fpem/env_exogenous_load_embedding_norm": 2.0764766874767484, "fpem/env_rep_ablation_normal": 1.0, "fpem/env_rep_ablation_zero": 0.0, "fpem/env_rep_ablation_shuffle_batch": 0.0, "fpem/env_rep_ablation_mode_id": 0.0, "fpem/mask_loss": 0.0, "fpem/mask_sparse_loss": 0.0, "fpem/mask_entropy_loss": 0.0, "fpem/mask_mean": 1.0, "fpem/mask_entropy": 0.0, "fpem/mask_active_ratio": 1.0, "fpem/fusion_alpha_mean": 0.0, "fpem/fusion_alpha_std": 0.0, "fpem/fusion_alpha_min": 0.0, "fpem/fusion_alpha_max": 0.0, "fpem/env_route_loss": 2.084831512541998, "fpem/env_route_L_final": 8.915710980551584, "fpem/env_route_L_global": 0.0, "fpem/env_route_L_route_soft": 0.0, "fpem/env_route_L_expert": 9.319434429350354, "fpem/env_route_L_router_oracle": 0.2209445931017399, "fpem/env_route_L_balance": 0.0, "fpem/env_route_L_diverse": 0.0, "fpem/env_route_L_proto_align": 0.0, "fpem/env_route_entropy": 0.0, "fpem/env_route_q_max_mean": 0.0, "fpem/hyper_alpha_mean": 0.0, "fpem/hyper_delta_norm": 0.0, "fpem/hyper_route_proto_mode_uniform_warmup": 0.0, "fpem/hyper_route_proto_mode_uniform_fixed": 0.0, "fpem/hyper_route_proto_mode_sinkhorn": 0.0, "fpem/hyper_route_proto_mode_softmax": 0.0, "fpem/fallback_q_mean": 0.0, "fpem/fallback_q_max": 0.0, "fpem/env_q_sum_mean": 1.0, "fpem/oracle_fallback_rate": 0.0, "fpem/route_count_fallback": 0.0, "fpem/env_route_head_mode": 1.0, "fpem/route_entropy_mean": 0.0, "fpem/route_mean_distribution_entropy": 0.0, "fpem/effective_expert_number": 1.0, "fpem/max_expert_usage_ratio": 0.0, "fpem/min_expert_usage_ratio": 0.0, "fpem/prototype_pairwise_cosine": 0.0, "fpem/expert_prediction_pairwise_cosine": 0.0, "fpem/expert_collapse_warning": 0.0, "fpem/env_route_target_mode_env_prototype": 0.0, "fpem/env_route_target_mode_hybrid": 0.0, "fpem/env_route_hybrid_alpha": 0.0, "fpem/env_route_train_mode_warmup_risk_sinkhorn": 0.0, "fpem/warmup_risk_stage_warmup": 0.0, "fpem/warmup_risk_stage_soft": 0.0, "fpem/warmup_risk_stage_hard": 0.0, "fpem/warmup_risk_selected_loss": 0.0, "fpem/warmup_risk_uniform_common_loss": 0.0, "fpem/warmup_risk_lambda_common": 0.0, "fpem/warmup_risk_total_common_term": 0.0, "fpem/warmup_risk_temperature": 0.0, "fpem/warmup_risk_temperature_progress": 0.0, "fpem/uniform_expert_mae": 0.0, "fpem/risk_routed_mae": 0.0, "fpem/risk_prediction_mae": 0.0, "fpem/risk_loss": 0.0, "fpem/risk_ranking_loss": 0.0, "fpem/risk_ranking_accuracy": 0.0, "fpem/risk_oracle_argmin_accuracy": 0.0, "fpem/risk_router_temperature": 0.0, "fpem/risk_router_lambda": 0.0, "fpem/risk_router_pairwise_lambda": 0.0, "fpem/env_route_train_mode_progressive_gmm_environment": 0.0, "fpem/top_level_prediction_source_progressive_gmm_teacher_hard": 0.0, "fpem/progressive_assignment_uses_target_or_prediction_error": 0.0, "fpem/progressive_partition_ready": 0.0, "fpem/progressive_selected_k": 0.0, "fpem/progressive_active_expert_count": 0.0, "fpem/progressive_last_partition_epoch": 0.0, "fpem/progressive_lambda_common": 0.0, "fpem/progressive_common_term": 0.0, "fpem/progressive_compactness_loss": 0.0, "fpem/progressive_consistency_loss": 0.0, "fpem/progressive_cluster_entropy": 0.0, "fpem/progressive_assignment_change_ratio": 0.0, "fpem/progressive_hungarian_overlap_score": 0.0, "fpem/progressive_partition_update_time_sec": 0.0, "fpem/progressive_routed_mae": 0.0, "fpem/progressive_gmm_environment_total_replaces_primary": 0.0, "fpem/env_route_count_head_0": 16.0, "fpem/env_route_oracle_count_head_0": 16.0, "fpem/route_count_env_head_0": 16.0, "fpem/route_soft_mean_expert_0": 1.0, "fpem/route_hard_count_expert_0": 16.0, "fpem/hard_count_expert_0": 16.0, "fpem/sinkhorn_soft_col_mass_expert_0": 0.0, "fpem/progressive_active_expert_0": 0.0, "fpem/progressive_cluster_size_0": 0.0, "fpem/progressive_cluster_ratio_0": 0.0, "fpem/progressive_cluster_to_expert_0": 0.0, "fpem/progressive_bic_k1": 0.0, "fpem/progressive_bic_score_k1": 0.0, "fpem/progressive_bic_rejected_k1": 0.0, "fpem/hyper_alpha_head_0": 0.0, "fpem/hyper_gamma_norm_head_0": 0.0, "fpem/hyper_beta_norm_head_0": 0.0, "fpem/expert_cross_mae_group_0_expert_0": 9.319434429350354, "fpem/load_expert_loss": 9.319434429350354, "fpem/conservative_override_router_loss": 0.2209445931017399, "fpem/hard_router_loss": 0.2209445931017399, "fpem/load_level_assignment_detached": 1.0, "fpem/load_level_count_0": 1680.0, "fpem/load_level_ratio_0": 1.0, "fpem/expert_0_global_loss": 9.319434429350354, "fpem/expert_0_selected_loss": 9.319434429350354, "fpem/conservative_all_environment_mae": 9.319434429350354, "fpem/conservative_all_invariant_mae": 9.662237435295468, "fpem/conservative_selective_hard_routing_mae": 9.319434429350354, "fpem/conservative_oracle_mae": 9.275847866421653, "fpem/conservative_router_accuracy": 0.8041666666666667, "fpem/conservative_router_balanced_accuracy": 0.5095238095238095, "fpem/conservative_invariant_switch_coverage": 0.0, "fpem/conservative_invariant_switch_precision": 0.0, "fpem/conservative_correct_beneficial_switches": 0.0, "fpem/conservative_harmful_invariant_switches": 0.0, "fpem/conservative_saved_loss_from_correct_switches": 0.0, "fpem/conservative_added_loss_from_harmful_switches": 0.0, "fpem/conservative_net_routing_gain": 0.0, "fpem/conservative_oracle_gap_closed": 0.0, "fpem/conservative_selected_threshold": 0.5, "fpem/conservative_selected_margin": 0.0, "fpem/conservative_delta_mean": -0.34280312004543484, "fpem/conservative_delta_positive_ratio": 0.19583333333333333, "fpem/conservative_target_inv_ratio": 0.19583333333333333, "fpem/conservative_p_inv_mean": 0.05743219487014271, "fpem/conservative_p_inv_min": 0.019879721535281055, "fpem/conservative_p_inv_max": 0.10604826087752978, "fpem/conservative_prediction_is_hard_route": 1.0, "fpem/conservative_prediction_is_soft_fusion": 0.0, "fpem/conservative_router_target_detached": 1.0, "fpem/conservative_delta_detached": 1.0, "fpem/conservative_harmful_switch_weight": 2.0, "fpem/hard_router_predicted_env_ratio": 1.0, "fpem/hard_router_effective_env_ratio": 1.0, "fpem/hard_router_target_env_ratio": 0.8041666666666667, "fpem/hard_router_gain_mean": -0.34280312004543484, "fpem/hard_router_margin_mean": 0.0, "fpem/conservative_router_supervision_enabled": 1.0, "fpem/conservative_router_weight_mean": 0.9999999931880406, "fpem/conservative_router_weight_min": 0.062281857306481385, "fpem/conservative_router_weight_max": 2.877793983050755, "fpem/expert_prediction_pairwise_difference": 0.0, "fpem/delta_pairwise_cosine": 0.0, "fpem/delta_pairwise_l1": 0.0, "fpem/delta_pairwise_l2": 0.0, "fpem/expert_0_parameter_norm": 15.002486456008185, "fpem/hard_binary_router_enabled": 1.0, "fpem/hard_router_uses_target_in_forward": 0.0, "fpem/stored_future_c_loaded": 0.0, "fpem/prediction_is_weighted_complete_fusion": 0.0, "fpem/prediction_is_hard_route": 1.0, "fpem/conservative_inv_override_enabled": 1.0, "fpem/conservative_router_features_detached": 1.0, "fpem/future_mi_loss": 0.0, "fpem/future_mi_valid": 0.0, "fpem/future_mi_logvar_mean": 0.0, "fpem/future_mi_target_mode_env_encoder": 0.0, "fpem/swap_loss": 0.0, "fpem/swap_diff_loss": 0.0, "fpem/swap_same_loss": 0.0, "fpem/swap_gain_mean": 0.0, "fpem/swap_s_gain_mean": 0.0, "fpem/swap_fallback_router_loss": 0.0, "fpem/swap_fallback_q_mean": 0.0, "fpem/swap_prediction_delta": 0.0, "fpem/swap_route_delta": 0.0, "fpem/swap_hyper_alpha_delta": 0.0, "fpem/swap_hyper_delta_norm": 0.0, "fpem/loss_env_day": 0.0, "fpem/loss_env_hour": 0.0, "fpem/loss_env_rush": 0.0, "fpem/env_day_acc": 0.0, "fpem/env_hour_acc": 0.0, "fpem/env_rush_acc": 0.0, "fpem/loss_env_supcon": 0.0, "fpem/env_supcon_valid_pairs": 0.0, "fpem/loss_inv_env_adv": 0.0, "fpem/inv_day_acc": 0.0, "fpem/inv_hour_acc": 0.0, "fpem/inv_rush_acc": 0.0, "fpem/loss_cross_cov_sep": 0.0, "fpem/load_level_experts_enabled": 1.0, "fpem/load_level_uses_target_or_future_load": 0.0, "fpem/environment_gate_uses_target_in_forward": 0.0, "fpem/load_level_env_residual_scale": 0.0, "fpem/uses_cached_observable_load_prior": 1.0, "fpem/primary_loss": 8.915710980551584, "fpem/inv_pred_loss": 9.217530604771206, "fpem/primary_uses_route": 1.0, "fpem/primary_uses_env_fusion": 0.0, "fpem/backbone_agcrn": 1.0, "fpem/backbone_graphwavenet": 0.0, "fpem/backbone_staeformer": 0.0, "fpem/gc_pred_loss_only": 1.0, "fpem/env_route_head_mode_hyper_proto": 1.0, "fpem/fpem_force_uniform_route": 0.0, "fpem/hard_prediction_sinkhorn_total_replaces_primary": 0.0, "fpem/hard_prediction_environment_sinkhorn_total_replaces_primary": 0.0, "fpem/warmup_risk_sinkhorn_total_replaces_primary": 0.0, "fpem/lambda_club_mi": 0.0}, "conservative_override_threshold_selection": {"split": "val", "threshold": 0.5, "margin": 0.0, "mae": 11.689936637878418, "loss": 11.88846731185913, "mape": 0.18779370188713074, "confirmed_result": {"loss": 11.88846731185913, "mae": 11.689936637878418, "mape": 0.18779370188713074}}}
CONSERVATIVE_OVERRIDE_THRESHOLD_SELECTION {"split": "val", "threshold": 0.5, "margin": 0.0, "mae": 11.549473762512207, "loss": 11.762004746331108, "mape": 0.18020367622375488, "confirmed_result": {"loss": 11.762004746331108, "mae": 11.549473762512207, "mape": 0.18020367622375488}}
EPOCH {"epoch": 63, "train_loss": 10.951720764523461, "val": {"loss": 11.762004746331108, "mae": 11.549473762512207, "mape": 0.18020367622375488}, "test_mixed": {"loss": 10.53829732622419, "mae": 10.526330947875977, "mape": 0.16559980809688568}, "test_workday": {"loss": 10.419602808745012, "mae": 10.444175720214844, "mape": 0.1661366969347}, "test_holiday": {"loss": 10.732601324717203, "mae": 10.668798446655273, "mape": 0.1646687537431717}, "test_avg_mae": 10.556487083435059, "best_selection_value": 10.556487083435059, "best_selection_split": "test_avg_DIAGNOSTIC", "best_selection_metric": "test_avg_mae", "lr": 0.001, "fpem_logs": {"fpem/fpem_env_use_exogenous": 1.0, "fpem/env_exogenous_available": 1.0, "fpem/env_exogenous_time_available": 1.0, "fpem/env_exogenous_load_available": 1.0, "fpem/env_exogenous_feature_dim": 32.0, "fpem/env_exogenous_embedding_norm": 2.9502234231858027, "fpem/env_exogenous_load_embedding_norm": 2.0795108431861515, "fpem/env_rep_ablation_normal": 1.0, "fpem/env_rep_ablation_zero": 0.0, "fpem/env_rep_ablation_shuffle_batch": 0.0, "fpem/env_rep_ablation_mode_id": 0.0, "fpem/mask_loss": 0.0, "fpem/mask_sparse_loss": 0.0, "fpem/mask_entropy_loss": 0.0, "fpem/mask_mean": 1.0, "fpem/mask_entropy": 0.0, "fpem/mask_active_ratio": 1.0, "fpem/fusion_alpha_mean": 0.0, "fpem/fusion_alpha_std": 0.0, "fpem/fusion_alpha_min": 0.0, "fpem/fusion_alpha_max": 0.0, "fpem/env_route_loss": 2.0550638573510307, "fpem/env_route_L_final": 8.897484120868501, "fpem/env_route_L_global": 0.0, "fpem/env_route_L_route_soft": 0.0, "fpem/env_route_L_expert": 9.30374009722755, "fpem/env_route_L_router_oracle": 0.1943158080180486, "fpem/env_route_L_balance": 0.0, "fpem/env_route_L_diverse": 0.0, "fpem/env_route_L_proto_align": 0.0, "fpem/env_route_entropy": 0.0, "fpem/env_route_q_max_mean": 0.0, "fpem/hyper_alpha_mean": 0.0, "fpem/hyper_delta_norm": 0.0, "fpem/hyper_route_proto_mode_uniform_warmup": 0.0, "fpem/hyper_route_proto_mode_uniform_fixed": 0.0, "fpem/hyper_route_proto_mode_sinkhorn": 0.0, "fpem/hyper_route_proto_mode_softmax": 0.0, "fpem/fallback_q_mean": 0.0, "fpem/fallback_q_max": 0.0, "fpem/env_q_sum_mean": 1.0, "fpem/oracle_fallback_rate": 0.0, "fpem/route_count_fallback": 0.0, "fpem/env_route_head_mode": 1.0, "fpem/route_entropy_mean": 0.0, "fpem/route_mean_distribution_entropy": 0.0, "fpem/effective_expert_number": 1.0, "fpem/max_expert_usage_ratio": 0.0, "fpem/min_expert_usage_ratio": 0.0, "fpem/prototype_pairwise_cosine": 0.0, "fpem/expert_prediction_pairwise_cosine": 0.0, "fpem/expert_collapse_warning": 0.0, "fpem/env_route_target_mode_env_prototype": 0.0, "fpem/env_route_target_mode_hybrid": 0.0, "fpem/env_route_hybrid_alpha": 0.0, "fpem/env_route_train_mode_warmup_risk_sinkhorn": 0.0, "fpem/warmup_risk_stage_warmup": 0.0, "fpem/warmup_risk_stage_soft": 0.0, "fpem/warmup_risk_stage_hard": 0.0, "fpem/warmup_risk_selected_loss": 0.0, "fpem/warmup_risk_uniform_common_loss": 0.0, "fpem/warmup_risk_lambda_common": 0.0, "fpem/warmup_risk_total_common_term": 0.0, "fpem/warmup_risk_temperature": 0.0, "fpem/warmup_risk_temperature_progress": 0.0, "fpem/uniform_expert_mae": 0.0, "fpem/risk_routed_mae": 0.0, "fpem/risk_prediction_mae": 0.0, "fpem/risk_loss": 0.0, "fpem/risk_ranking_loss": 0.0, "fpem/risk_ranking_accuracy": 0.0, "fpem/risk_oracle_argmin_accuracy": 0.0, "fpem/risk_router_temperature": 0.0, "fpem/risk_router_lambda": 0.0, "fpem/risk_router_pairwise_lambda": 0.0, "fpem/env_route_train_mode_progressive_gmm_environment": 0.0, "fpem/top_level_prediction_source_progressive_gmm_teacher_hard": 0.0, "fpem/progressive_assignment_uses_target_or_prediction_error": 0.0, "fpem/progressive_partition_ready": 0.0, "fpem/progressive_selected_k": 0.0, "fpem/progressive_active_expert_count": 0.0, "fpem/progressive_last_partition_epoch": 0.0, "fpem/progressive_lambda_common": 0.0, "fpem/progressive_common_term": 0.0, "fpem/progressive_compactness_loss": 0.0, "fpem/progressive_consistency_loss": 0.0, "fpem/progressive_cluster_entropy": 0.0, "fpem/progressive_assignment_change_ratio": 0.0, "fpem/progressive_hungarian_overlap_score": 0.0, "fpem/progressive_partition_update_time_sec": 0.0, "fpem/progressive_routed_mae": 0.0, "fpem/progressive_gmm_environment_total_replaces_primary": 0.0, "fpem/env_route_count_head_0": 16.0, "fpem/env_route_oracle_count_head_0": 16.0, "fpem/route_count_env_head_0": 16.0, "fpem/route_soft_mean_expert_0": 1.0, "fpem/route_hard_count_expert_0": 16.0, "fpem/hard_count_expert_0": 16.0, "fpem/sinkhorn_soft_col_mass_expert_0": 0.0, "fpem/progressive_active_expert_0": 0.0, "fpem/progressive_cluster_size_0": 0.0, "fpem/progressive_cluster_ratio_0": 0.0, "fpem/progressive_cluster_to_expert_0": 0.0, "fpem/progressive_bic_k1": 0.0, "fpem/progressive_bic_score_k1": 0.0, "fpem/progressive_bic_rejected_k1": 0.0, "fpem/hyper_alpha_head_0": 0.0, "fpem/hyper_gamma_norm_head_0": 0.0, "fpem/hyper_beta_norm_head_0": 0.0, "fpem/expert_cross_mae_group_0_expert_0": 9.30374009722755, "fpem/load_expert_loss": 9.30374009722755, "fpem/conservative_override_router_loss": 0.1943158080180486, "fpem/hard_router_loss": 0.1943158080180486, "fpem/load_level_assignment_detached": 1.0, "fpem/load_level_count_0": 1680.0, "fpem/load_level_ratio_0": 1.0, "fpem/expert_0_global_loss": 9.30374009722755, "fpem/expert_0_selected_loss": 9.30374009722755, "fpem/conservative_all_environment_mae": 9.30374009722755, "fpem/conservative_all_invariant_mae": 9.662237512497676, "fpem/conservative_selective_hard_routing_mae": 9.30374009722755, "fpem/conservative_oracle_mae": 9.263269705999464, "fpem/conservative_router_accuracy": 0.8130952380952381, "fpem/conservative_router_balanced_accuracy": 0.5285714285714286, "fpem/conservative_invariant_switch_coverage": 0.0, "fpem/conservative_invariant_switch_precision": 0.0, "fpem/conservative_correct_beneficial_switches": 0.0, "fpem/conservative_harmful_invariant_switches": 0.0, "fpem/conservative_saved_loss_from_correct_switches": 0.0, "fpem/conservative_added_loss_from_harmful_switches": 0.0, "fpem/conservative_net_routing_gain": 0.0, "fpem/conservative_oracle_gap_closed": 0.0, "fpem/conservative_selected_threshold": 0.5, "fpem/conservative_selected_margin": 0.0, "fpem/conservative_delta_mean": -0.3584973969629833, "fpem/conservative_delta_positive_ratio": 0.1869047619047619, "fpem/conservative_target_inv_ratio": 0.1869047619047619, "fpem/conservative_p_inv_mean": 0.058884214059937566, "fpem/conservative_p_inv_min": 0.01968881387618326, "fpem/conservative_p_inv_max": 0.11003697017828623, "fpem/conservative_prediction_is_hard_route": 1.0, "fpem/conservative_prediction_is_soft_fusion": 0.0, "fpem/conservative_router_target_detached": 1.0, "fpem/conservative_delta_detached": 1.0, "fpem/conservative_harmful_switch_weight": 2.0, "fpem/hard_router_predicted_env_ratio": 1.0, "fpem/hard_router_effective_env_ratio": 1.0, "fpem/hard_router_target_env_ratio": 0.8130952380952381, "fpem/hard_router_gain_mean": -0.3584973969629833, "fpem/hard_router_margin_mean": 0.0, "fpem/conservative_router_supervision_enabled": 1.0, "fpem/conservative_router_weight_mean": 0.9999999931880406, "fpem/conservative_router_weight_min": 0.05749271137174219, "fpem/conservative_router_weight_max": 2.8743050007593065, "fpem/expert_prediction_pairwise_difference": 0.0, "fpem/delta_pairwise_cosine": 0.0, "fpem/delta_pairwise_l1": 0.0, "fpem/delta_pairwise_l2": 0.0, "fpem/expert_0_parameter_norm": 15.002701114472888, "fpem/hard_binary_router_enabled": 1.0, "fpem/hard_router_uses_target_in_forward": 0.0, "fpem/stored_future_c_loaded": 0.0, "fpem/prediction_is_weighted_complete_fusion": 0.0, "fpem/prediction_is_hard_route": 1.0, "fpem/conservative_inv_override_enabled": 1.0, "fpem/conservative_router_features_detached": 1.0, "fpem/future_mi_loss": 0.0, "fpem/future_mi_valid": 0.0, "fpem/future_mi_logvar_mean": 0.0, "fpem/future_mi_target_mode_env_encoder": 0.0, "fpem/swap_loss": 0.0, "fpem/swap_diff_loss": 0.0, "fpem/swap_same_loss": 0.0, "fpem/swap_gain_mean": 0.0, "fpem/swap_s_gain_mean": 0.0, "fpem/swap_fallback_router_loss": 0.0, "fpem/swap_fallback_q_mean": 0.0, "fpem/swap_prediction_delta": 0.0, "fpem/swap_route_delta": 0.0, "fpem/swap_hyper_alpha_delta": 0.0, "fpem/swap_hyper_delta_norm": 0.0, "fpem/loss_env_day": 0.0, "fpem/loss_env_hour": 0.0, "fpem/loss_env_rush": 0.0, "fpem/env_day_acc": 0.0, "fpem/env_hour_acc": 0.0, "fpem/env_rush_acc": 0.0, "fpem/loss_env_supcon": 0.0, "fpem/env_supcon_valid_pairs": 0.0, "fpem/loss_inv_env_adv": 0.0, "fpem/inv_day_acc": 0.0, "fpem/inv_hour_acc": 0.0, "fpem/inv_rush_acc": 0.0, "fpem/loss_cross_cov_sep": 0.0, "fpem/load_level_experts_enabled": 1.0, "fpem/load_level_uses_target_or_future_load": 0.0, "fpem/environment_gate_uses_target_in_forward": 0.0, "fpem/load_level_env_residual_scale": 0.0, "fpem/uses_cached_observable_load_prior": 1.0, "fpem/primary_loss": 8.897484120868501, "fpem/inv_pred_loss": 9.214014407566616, "fpem/primary_uses_route": 1.0, "fpem/primary_uses_env_fusion": 0.0, "fpem/backbone_agcrn": 1.0, "fpem/backbone_graphwavenet": 0.0, "fpem/backbone_staeformer": 0.0, "fpem/gc_pred_loss_only": 1.0, "fpem/env_route_head_mode_hyper_proto": 1.0, "fpem/fpem_force_uniform_route": 0.0, "fpem/hard_prediction_sinkhorn_total_replaces_primary": 0.0, "fpem/hard_prediction_environment_sinkhorn_total_replaces_primary": 0.0, "fpem/warmup_risk_sinkhorn_total_replaces_primary": 0.0, "fpem/lambda_club_mi": 0.0}, "conservative_override_threshold_selection": {"split": "val", "threshold": 0.5, "margin": 0.0, "mae": 11.549473762512207, "loss": 11.762004746331108, "mape": 0.18020367622375488, "confirmed_result": {"loss": 11.762004746331108, "mae": 11.549473762512207, "mape": 0.18020367622375488}}}
CONSERVATIVE_OVERRIDE_THRESHOLD_SELECTION {"split": "val", "threshold": 0.5, "margin": 0.0, "mae": 11.58201789855957, "loss": 11.794684833950466, "mape": 0.18624897301197052, "confirmed_result": {"loss": 11.794684833950466, "mae": 11.58201789855957, "mape": 0.18624897301197052}}
EPOCH {"epoch": 64, "train_loss": 10.988692901248024, "val": {"loss": 11.794684833950466, "mae": 11.58201789855957, "mape": 0.18624897301197052}, "test_mixed": {"loss": 10.58916690008981, "mae": 10.56804084777832, "mape": 0.17150282859802246}, "test_workday": {"loss": 10.466686808544656, "mae": 10.479438781738281, "mape": 0.17140883207321167}, "test_holiday": {"loss": 10.789883017539978, "mae": 10.721687316894531, "mape": 0.17166581749916077}, "test_avg_mae": 10.600563049316406, "best_selection_value": 10.600563049316406, "best_selection_split": "test_avg_DIAGNOSTIC", "best_selection_metric": "test_avg_mae", "lr": 0.001, "fpem_logs": {"fpem/fpem_env_use_exogenous": 1.0, "fpem/env_exogenous_available": 1.0, "fpem/env_exogenous_time_available": 1.0, "fpem/env_exogenous_load_available": 1.0, "fpem/env_exogenous_feature_dim": 32.0, "fpem/env_exogenous_embedding_norm": 2.9564432257697697, "fpem/env_exogenous_load_embedding_norm": 2.08400981766837, "fpem/env_rep_ablation_normal": 1.0, "fpem/env_rep_ablation_zero": 0.0, "fpem/env_rep_ablation_shuffle_batch": 0.0, "fpem/env_rep_ablation_mode_id": 0.0, "fpem/mask_loss": 0.0, "fpem/mask_sparse_loss": 0.0, "fpem/mask_entropy_loss": 0.0, "fpem/mask_mean": 1.0, "fpem/mask_entropy": 0.0, "fpem/mask_active_ratio": 1.0, "fpem/fusion_alpha_mean": 0.0, "fpem/fusion_alpha_std": 0.0, "fpem/fusion_alpha_min": 0.0, "fpem/fusion_alpha_max": 0.0, "fpem/env_route_loss": 2.0738668748310634, "fpem/env_route_L_final": 8.899743820372082, "fpem/env_route_L_global": 0.0, "fpem/env_route_L_route_soft": 0.0, "fpem/env_route_L_expert": 9.307474163600377, "fpem/env_route_L_router_oracle": 0.21237202151900247, "fpem/env_route_L_balance": 0.0, "fpem/env_route_L_diverse": 0.0, "fpem/env_route_L_proto_align": 0.0, "fpem/env_route_entropy": 0.0, "fpem/env_route_q_max_mean": 0.0, "fpem/hyper_alpha_mean": 0.0, "fpem/hyper_delta_norm": 0.0, "fpem/hyper_route_proto_mode_uniform_warmup": 0.0, "fpem/hyper_route_proto_mode_uniform_fixed": 0.0, "fpem/hyper_route_proto_mode_sinkhorn": 0.0, "fpem/hyper_route_proto_mode_softmax": 0.0, "fpem/fallback_q_mean": 0.0, "fpem/fallback_q_max": 0.0, "fpem/env_q_sum_mean": 1.0, "fpem/oracle_fallback_rate": 0.0, "fpem/route_count_fallback": 0.0, "fpem/env_route_head_mode": 1.0, "fpem/route_entropy_mean": 0.0, "fpem/route_mean_distribution_entropy": 0.0, "fpem/effective_expert_number": 1.0, "fpem/max_expert_usage_ratio": 0.0, "fpem/min_expert_usage_ratio": 0.0, "fpem/prototype_pairwise_cosine": 0.0, "fpem/expert_prediction_pairwise_cosine": 0.0, "fpem/expert_collapse_warning": 0.0, "fpem/env_route_target_mode_env_prototype": 0.0, "fpem/env_route_target_mode_hybrid": 0.0, "fpem/env_route_hybrid_alpha": 0.0, "fpem/env_route_train_mode_warmup_risk_sinkhorn": 0.0, "fpem/warmup_risk_stage_warmup": 0.0, "fpem/warmup_risk_stage_soft": 0.0, "fpem/warmup_risk_stage_hard": 0.0, "fpem/warmup_risk_selected_loss": 0.0, "fpem/warmup_risk_uniform_common_loss": 0.0, "fpem/warmup_risk_lambda_common": 0.0, "fpem/warmup_risk_total_common_term": 0.0, "fpem/warmup_risk_temperature": 0.0, "fpem/warmup_risk_temperature_progress": 0.0, "fpem/uniform_expert_mae": 0.0, "fpem/risk_routed_mae": 0.0, "fpem/risk_prediction_mae": 0.0, "fpem/risk_loss": 0.0, "fpem/risk_ranking_loss": 0.0, "fpem/risk_ranking_accuracy": 0.0, "fpem/risk_oracle_argmin_accuracy": 0.0, "fpem/risk_router_temperature": 0.0, "fpem/risk_router_lambda": 0.0, "fpem/risk_router_pairwise_lambda": 0.0, "fpem/env_route_train_mode_progressive_gmm_environment": 0.0, "fpem/top_level_prediction_source_progressive_gmm_teacher_hard": 0.0, "fpem/progressive_assignment_uses_target_or_prediction_error": 0.0, "fpem/progressive_partition_ready": 0.0, "fpem/progressive_selected_k": 0.0, "fpem/progressive_active_expert_count": 0.0, "fpem/progressive_last_partition_epoch": 0.0, "fpem/progressive_lambda_common": 0.0, "fpem/progressive_common_term": 0.0, "fpem/progressive_compactness_loss": 0.0, "fpem/progressive_consistency_loss": 0.0, "fpem/progressive_cluster_entropy": 0.0, "fpem/progressive_assignment_change_ratio": 0.0, "fpem/progressive_hungarian_overlap_score": 0.0, "fpem/progressive_partition_update_time_sec": 0.0, "fpem/progressive_routed_mae": 0.0, "fpem/progressive_gmm_environment_total_replaces_primary": 0.0, "fpem/env_route_count_head_0": 16.0, "fpem/env_route_oracle_count_head_0": 16.0, "fpem/route_count_env_head_0": 16.0, "fpem/route_soft_mean_expert_0": 1.0, "fpem/route_hard_count_expert_0": 16.0, "fpem/hard_count_expert_0": 16.0, "fpem/sinkhorn_soft_col_mass_expert_0": 0.0, "fpem/progressive_active_expert_0": 0.0, "fpem/progressive_cluster_size_0": 0.0, "fpem/progressive_cluster_ratio_0": 0.0, "fpem/progressive_cluster_to_expert_0": 0.0, "fpem/progressive_bic_k1": 0.0, "fpem/progressive_bic_score_k1": 0.0, "fpem/progressive_bic_rejected_k1": 0.0, "fpem/hyper_alpha_head_0": 0.0, "fpem/hyper_gamma_norm_head_0": 0.0, "fpem/hyper_beta_norm_head_0": 0.0, "fpem/expert_cross_mae_group_0_expert_0": 9.307474163600377, "fpem/load_expert_loss": 9.307474163600377, "fpem/conservative_override_router_loss": 0.21237202151900247, "fpem/hard_router_loss": 0.21237202151900247, "fpem/load_level_assignment_detached": 1.0, "fpem/load_level_count_0": 1680.0, "fpem/load_level_ratio_0": 1.0, "fpem/expert_0_global_loss": 9.307474163600377, "fpem/expert_0_selected_loss": 9.307474163600377, "fpem/conservative_all_environment_mae": 9.307474163600377, "fpem/conservative_all_invariant_mae": 9.662237539745512, "fpem/conservative_selective_hard_routing_mae": 9.307474163600377, "fpem/conservative_oracle_mae": 9.263444210234143, "fpem/conservative_router_accuracy": 0.805952380952381, "fpem/conservative_router_balanced_accuracy": 0.5238095238095238, "fpem/conservative_invariant_switch_coverage": 0.0, "fpem/conservative_invariant_switch_precision": 0.0, "fpem/conservative_correct_beneficial_switches": 0.0, "fpem/conservative_harmful_invariant_switches": 0.0, "fpem/conservative_saved_loss_from_correct_switches": 0.0, "fpem/conservative_added_loss_from_harmful_switches": 0.0, "fpem/conservative_net_routing_gain": 0.0, "fpem/conservative_oracle_gap_closed": 0.0, "fpem/conservative_selected_threshold": 0.5, "fpem/conservative_selected_margin": 0.0, "fpem/conservative_delta_mean": -0.35476336706252326, "fpem/conservative_delta_positive_ratio": 0.19404761904761905, "fpem/conservative_target_inv_ratio": 0.19404761904761905, "fpem/conservative_p_inv_mean": 0.059250747589837935, "fpem/conservative_p_inv_min": 0.02004908530839852, "fpem/conservative_p_inv_max": 0.11119081619239989, "fpem/conservative_prediction_is_hard_route": 1.0, "fpem/conservative_prediction_is_soft_fusion": 0.0, "fpem/conservative_router_target_detached": 1.0, "fpem/conservative_delta_detached": 1.0, "fpem/conservative_harmful_switch_weight": 2.0, "fpem/hard_router_predicted_env_ratio": 1.0, "fpem/hard_router_effective_env_ratio": 1.0, "fpem/hard_router_target_env_ratio": 0.805952380952381, "fpem/hard_router_gain_mean": -0.35476336706252326, "fpem/hard_router_margin_mean": 0.0, "fpem/conservative_router_supervision_enabled": 1.0, "fpem/conservative_router_weight_mean": 0.9999999914850507, "fpem/conservative_router_weight_min": 0.06001908934253845, "fpem/conservative_router_weight_max": 2.8080591996510824, "fpem/expert_prediction_pairwise_difference": 0.0, "fpem/delta_pairwise_cosine": 0.0, "fpem/delta_pairwise_l1": 0.0, "fpem/delta_pairwise_l2": 0.0, "fpem/expert_0_parameter_norm": 15.002541914440336, "fpem/hard_binary_router_enabled": 1.0, "fpem/hard_router_uses_target_in_forward": 0.0, "fpem/stored_future_c_loaded": 0.0, "fpem/prediction_is_weighted_complete_fusion": 0.0, "fpem/prediction_is_hard_route": 1.0, "fpem/conservative_inv_override_enabled": 1.0, "fpem/conservative_router_features_detached": 1.0, "fpem/future_mi_loss": 0.0, "fpem/future_mi_valid": 0.0, "fpem/future_mi_logvar_mean": 0.0, "fpem/future_mi_target_mode_env_encoder": 0.0, "fpem/swap_loss": 0.0, "fpem/swap_diff_loss": 0.0, "fpem/swap_same_loss": 0.0, "fpem/swap_gain_mean": 0.0, "fpem/swap_s_gain_mean": 0.0, "fpem/swap_fallback_router_loss": 0.0, "fpem/swap_fallback_q_mean": 0.0, "fpem/swap_prediction_delta": 0.0, "fpem/swap_route_delta": 0.0, "fpem/swap_hyper_alpha_delta": 0.0, "fpem/swap_hyper_delta_norm": 0.0, "fpem/loss_env_day": 0.0, "fpem/loss_env_hour": 0.0, "fpem/loss_env_rush": 0.0, "fpem/env_day_acc": 0.0, "fpem/env_hour_acc": 0.0, "fpem/env_rush_acc": 0.0, "fpem/loss_env_supcon": 0.0, "fpem/env_supcon_valid_pairs": 0.0, "fpem/loss_inv_env_adv": 0.0, "fpem/inv_day_acc": 0.0, "fpem/inv_hour_acc": 0.0, "fpem/inv_rush_acc": 0.0, "fpem/loss_cross_cov_sep": 0.0, "fpem/load_level_experts_enabled": 1.0, "fpem/load_level_uses_target_or_future_load": 0.0, "fpem/environment_gate_uses_target_in_forward": 0.0, "fpem/load_level_env_residual_scale": 0.0, "fpem/uses_cached_observable_load_prior": 1.0, "fpem/primary_loss": 8.899743820372082, "fpem/inv_pred_loss": 9.214717133839924, "fpem/primary_uses_route": 1.0, "fpem/primary_uses_env_fusion": 0.0, "fpem/backbone_agcrn": 1.0, "fpem/backbone_graphwavenet": 0.0, "fpem/backbone_staeformer": 0.0, "fpem/gc_pred_loss_only": 1.0, "fpem/env_route_head_mode_hyper_proto": 1.0, "fpem/fpem_force_uniform_route": 0.0, "fpem/hard_prediction_sinkhorn_total_replaces_primary": 0.0, "fpem/hard_prediction_environment_sinkhorn_total_replaces_primary": 0.0, "fpem/warmup_risk_sinkhorn_total_replaces_primary": 0.0, "fpem/lambda_club_mi": 0.0}, "conservative_override_threshold_selection": {"split": "val", "threshold": 0.5, "margin": 0.0, "mae": 11.58201789855957, "loss": 11.794684833950466, "mape": 0.18624897301197052, "confirmed_result": {"loss": 11.794684833950466, "mae": 11.58201789855957, "mape": 0.18624897301197052}}}
CONSERVATIVE_OVERRIDE_THRESHOLD_SELECTION {"split": "val", "threshold": 0.5, "margin": 0.0, "mae": 11.626255989074707, "loss": 11.825952159033882, "mape": 0.17998333275318146, "confirmed_result": {"loss": 11.825952159033882, "mae": 11.626255989074707, "mape": 0.17998333275318146}}
EPOCH {"epoch": 65, "train_loss": 10.9441159929548, "val": {"loss": 11.825952159033882, "mae": 11.626255989074707, "mape": 0.17998333275318146}, "test_mixed": {"loss": 10.641231387002128, "mae": 10.627509117126465, "mape": 0.16679739952087402}, "test_workday": {"loss": 10.523795272993004, "mae": 10.544869422912598, "mape": 0.16763293743133545}, "test_holiday": {"loss": 10.832903464635214, "mae": 10.770817756652832, "mape": 0.16534850001335144}, "test_avg_mae": 10.657843589782715, "best_selection_value": 10.657843589782715, "best_selection_split": "test_avg_DIAGNOSTIC", "best_selection_metric": "test_avg_mae", "lr": 0.001, "fpem_logs": {"fpem/fpem_env_use_exogenous": 1.0, "fpem/env_exogenous_available": 1.0, "fpem/env_exogenous_time_available": 1.0, "fpem/env_exogenous_load_available": 1.0, "fpem/env_exogenous_feature_dim": 32.0, "fpem/env_exogenous_embedding_norm": 2.9636869271596273, "fpem/env_exogenous_load_embedding_norm": 2.0901047093527656, "fpem/env_rep_ablation_normal": 1.0, "fpem/env_rep_ablation_zero": 0.0, "fpem/env_rep_ablation_shuffle_batch": 0.0, "fpem/env_rep_ablation_mode_id": 0.0, "fpem/mask_loss": 0.0, "fpem/mask_sparse_loss": 0.0, "fpem/mask_entropy_loss": 0.0, "fpem/mask_mean": 1.0, "fpem/mask_entropy": 0.0, "fpem/mask_active_ratio": 1.0, "fpem/fusion_alpha_mean": 0.0, "fpem/fusion_alpha_std": 0.0, "fpem/fusion_alpha_min": 0.0, "fpem/fusion_alpha_max": 0.0, "fpem/env_route_loss": 2.0648939246223086, "fpem/env_route_L_final": 8.892039712270101, "fpem/env_route_L_global": 0.0, "fpem/env_route_L_route_soft": 0.0, "fpem/env_route_L_expert": 9.295670073372976, "fpem/env_route_L_router_oracle": 0.20575988970342138, "fpem/env_route_L_balance": 0.0, "fpem/env_route_L_diverse": 0.0, "fpem/env_route_L_proto_align": 0.0, "fpem/env_route_entropy": 0.0, "fpem/env_route_q_max_mean": 0.0, "fpem/hyper_alpha_mean": 0.0, "fpem/hyper_delta_norm": 0.0, "fpem/hyper_route_proto_mode_uniform_warmup": 0.0, "fpem/hyper_route_proto_mode_uniform_fixed": 0.0, "fpem/hyper_route_proto_mode_sinkhorn": 0.0, "fpem/hyper_route_proto_mode_softmax": 0.0, "fpem/fallback_q_mean": 0.0, "fpem/fallback_q_max": 0.0, "fpem/env_q_sum_mean": 1.0, "fpem/oracle_fallback_rate": 0.0, "fpem/route_count_fallback": 0.0, "fpem/env_route_head_mode": 1.0, "fpem/route_entropy_mean": 0.0, "fpem/route_mean_distribution_entropy": 0.0, "fpem/effective_expert_number": 1.0, "fpem/max_expert_usage_ratio": 0.0, "fpem/min_expert_usage_ratio": 0.0, "fpem/prototype_pairwise_cosine": 0.0, "fpem/expert_prediction_pairwise_cosine": 0.0, "fpem/expert_collapse_warning": 0.0, "fpem/env_route_target_mode_env_prototype": 0.0, "fpem/env_route_target_mode_hybrid": 0.0, "fpem/env_route_hybrid_alpha": 0.0, "fpem/env_route_train_mode_warmup_risk_sinkhorn": 0.0, "fpem/warmup_risk_stage_warmup": 0.0, "fpem/warmup_risk_stage_soft": 0.0, "fpem/warmup_risk_stage_hard": 0.0, "fpem/warmup_risk_selected_loss": 0.0, "fpem/warmup_risk_uniform_common_loss": 0.0, "fpem/warmup_risk_lambda_common": 0.0, "fpem/warmup_risk_total_common_term": 0.0, "fpem/warmup_risk_temperature": 0.0, "fpem/warmup_risk_temperature_progress": 0.0, "fpem/uniform_expert_mae": 0.0, "fpem/risk_routed_mae": 0.0, "fpem/risk_prediction_mae": 0.0, "fpem/risk_loss": 0.0, "fpem/risk_ranking_loss": 0.0, "fpem/risk_ranking_accuracy": 0.0, "fpem/risk_oracle_argmin_accuracy": 0.0, "fpem/risk_router_temperature": 0.0, "fpem/risk_router_lambda": 0.0, "fpem/risk_router_pairwise_lambda": 0.0, "fpem/env_route_train_mode_progressive_gmm_environment": 0.0, "fpem/top_level_prediction_source_progressive_gmm_teacher_hard": 0.0, "fpem/progressive_assignment_uses_target_or_prediction_error": 0.0, "fpem/progressive_partition_ready": 0.0, "fpem/progressive_selected_k": 0.0, "fpem/progressive_active_expert_count": 0.0, "fpem/progressive_last_partition_epoch": 0.0, "fpem/progressive_lambda_common": 0.0, "fpem/progressive_common_term": 0.0, "fpem/progressive_compactness_loss": 0.0, "fpem/progressive_consistency_loss": 0.0, "fpem/progressive_cluster_entropy": 0.0, "fpem/progressive_assignment_change_ratio": 0.0, "fpem/progressive_hungarian_overlap_score": 0.0, "fpem/progressive_partition_update_time_sec": 0.0, "fpem/progressive_routed_mae": 0.0, "fpem/progressive_gmm_environment_total_replaces_primary": 0.0, "fpem/env_route_count_head_0": 16.0, "fpem/env_route_oracle_count_head_0": 16.0, "fpem/route_count_env_head_0": 16.0, "fpem/route_soft_mean_expert_0": 1.0, "fpem/route_hard_count_expert_0": 16.0, "fpem/hard_count_expert_0": 16.0, "fpem/sinkhorn_soft_col_mass_expert_0": 0.0, "fpem/progressive_active_expert_0": 0.0, "fpem/progressive_cluster_size_0": 0.0, "fpem/progressive_cluster_ratio_0": 0.0, "fpem/progressive_cluster_to_expert_0": 0.0, "fpem/progressive_bic_k1": 0.0, "fpem/progressive_bic_score_k1": 0.0, "fpem/progressive_bic_rejected_k1": 0.0, "fpem/hyper_alpha_head_0": 0.0, "fpem/hyper_gamma_norm_head_0": 0.0, "fpem/hyper_beta_norm_head_0": 0.0, "fpem/expert_cross_mae_group_0_expert_0": 9.295670073372976, "fpem/load_expert_loss": 9.295670073372976, "fpem/conservative_override_router_loss": 0.20575988970342138, "fpem/hard_router_loss": 0.20575988970342138, "fpem/load_level_assignment_detached": 1.0, "fpem/load_level_count_0": 1680.0, "fpem/load_level_ratio_0": 1.0, "fpem/expert_0_global_loss": 9.295670073372976, "fpem/expert_0_selected_loss": 9.295670073372976, "fpem/conservative_all_environment_mae": 9.295670073372976, "fpem/conservative_all_invariant_mae": 9.66223749433245, "fpem/conservative_selective_hard_routing_mae": 9.295670073372976, "fpem/conservative_oracle_mae": 9.253224876948765, "fpem/conservative_router_accuracy": 0.8172619047619047, "fpem/conservative_router_balanced_accuracy": 0.5238095238095238, "fpem/conservative_invariant_switch_coverage": 0.0, "fpem/conservative_invariant_switch_precision": 0.0, "fpem/conservative_correct_beneficial_switches": 0.0, "fpem/conservative_harmful_invariant_switches": 0.0, "fpem/conservative_saved_loss_from_correct_switches": 0.0, "fpem/conservative_added_loss_from_harmful_switches": 0.0, "fpem/conservative_net_routing_gain": 0.0, "fpem/conservative_oracle_gap_closed": 0.0, "fpem/conservative_selected_threshold": 0.5, "fpem/conservative_selected_margin": 0.0, "fpem/conservative_delta_mean": -0.3665673677410398, "fpem/conservative_delta_positive_ratio": 0.18273809523809523, "fpem/conservative_target_inv_ratio": 0.18273809523809523, "fpem/conservative_p_inv_mean": 0.05791039842934836, "fpem/conservative_p_inv_min": 0.018005932415170327, "fpem/conservative_p_inv_max": 0.11175451441889718, "fpem/conservative_prediction_is_hard_route": 1.0, "fpem/conservative_prediction_is_soft_fusion": 0.0, "fpem/conservative_router_target_detached": 1.0, "fpem/conservative_delta_detached": 1.0, "fpem/conservative_harmful_switch_weight": 2.0, "fpem/hard_router_predicted_env_ratio": 1.0, "fpem/hard_router_effective_env_ratio": 1.0, "fpem/hard_router_target_env_ratio": 0.8172619047619047, "fpem/hard_router_gain_mean": -0.3665673677410398, "fpem/hard_router_margin_mean": 0.0, "fpem/conservative_router_supervision_enabled": 1.0, "fpem/conservative_router_weight_mean": 0.9999999914850507, "fpem/conservative_router_weight_min": 0.06589906946977689, "fpem/conservative_router_weight_max": 2.79192640327272, "fpem/expert_prediction_pairwise_difference": 0.0, "fpem/delta_pairwise_cosine": 0.0, "fpem/delta_pairwise_l1": 0.0, "fpem/delta_pairwise_l2": 0.0, "fpem/expert_0_parameter_norm": 15.006494149707613, "fpem/hard_binary_router_enabled": 1.0, "fpem/hard_router_uses_target_in_forward": 0.0, "fpem/stored_future_c_loaded": 0.0, "fpem/prediction_is_weighted_complete_fusion": 0.0, "fpem/prediction_is_hard_route": 1.0, "fpem/conservative_inv_override_enabled": 1.0, "fpem/conservative_router_features_detached": 1.0, "fpem/future_mi_loss": 0.0, "fpem/future_mi_valid": 0.0, "fpem/future_mi_logvar_mean": 0.0, "fpem/future_mi_target_mode_env_encoder": 0.0, "fpem/swap_loss": 0.0, "fpem/swap_diff_loss": 0.0, "fpem/swap_same_loss": 0.0, "fpem/swap_gain_mean": 0.0, "fpem/swap_s_gain_mean": 0.0, "fpem/swap_fallback_router_loss": 0.0, "fpem/swap_fallback_q_mean": 0.0, "fpem/swap_prediction_delta": 0.0, "fpem/swap_route_delta": 0.0, "fpem/swap_hyper_alpha_delta": 0.0, "fpem/swap_hyper_delta_norm": 0.0, "fpem/loss_env_day": 0.0, "fpem/loss_env_hour": 0.0, "fpem/loss_env_rush": 0.0, "fpem/env_day_acc": 0.0, "fpem/env_hour_acc": 0.0, "fpem/env_rush_acc": 0.0, "fpem/loss_env_supcon": 0.0, "fpem/env_supcon_valid_pairs": 0.0, "fpem/loss_inv_env_adv": 0.0, "fpem/inv_day_acc": 0.0, "fpem/inv_hour_acc": 0.0, "fpem/inv_rush_acc": 0.0, "fpem/loss_cross_cov_sep": 0.0, "fpem/load_level_experts_enabled": 1.0, "fpem/load_level_uses_target_or_future_load": 0.0, "fpem/environment_gate_uses_target_in_forward": 0.0, "fpem/load_level_env_residual_scale": 0.0, "fpem/uses_cached_observable_load_prior": 1.0, "fpem/primary_loss": 8.892039712270101, "fpem/inv_pred_loss": 9.218292495182583, "fpem/primary_uses_route": 1.0, "fpem/primary_uses_env_fusion": 0.0, "fpem/backbone_agcrn": 1.0, "fpem/backbone_graphwavenet": 0.0, "fpem/backbone_staeformer": 0.0, "fpem/gc_pred_loss_only": 1.0, "fpem/env_route_head_mode_hyper_proto": 1.0, "fpem/fpem_force_uniform_route": 0.0, "fpem/hard_prediction_sinkhorn_total_replaces_primary": 0.0, "fpem/hard_prediction_environment_sinkhorn_total_replaces_primary": 0.0, "fpem/warmup_risk_sinkhorn_total_replaces_primary": 0.0, "fpem/lambda_club_mi": 0.0}, "conservative_override_threshold_selection": {"split": "val", "threshold": 0.5, "margin": 0.0, "mae": 11.626255989074707, "loss": 11.825952159033882, "mape": 0.17998333275318146, "confirmed_result": {"loss": 11.825952159033882, "mae": 11.626255989074707, "mape": 0.17998333275318146}}}
CONSERVATIVE_OVERRIDE_THRESHOLD_SELECTION {"split": "val", "threshold": 0.5, "margin": 0.0, "mae": 11.602546691894531, "loss": 11.836488405863443, "mape": 0.18905827403068542, "confirmed_result": {"loss": 11.836488405863443, "mae": 11.602546691894531, "mape": 0.18905827403068542}}
EPOCH {"epoch": 66, "train_loss": 10.955952489943732, "val": {"loss": 11.836488405863443, "mae": 11.602546691894531, "mape": 0.18905827403068542}, "test_mixed": {"loss": 10.593010575430734, "mae": 10.574333190917969, "mape": 0.1741333305835724}, "test_workday": {"loss": 10.481804391612178, "mae": 10.499109268188477, "mape": 0.17469125986099243}, "test_holiday": {"loss": 10.772748231887817, "mae": 10.704780578613281, "mape": 0.17316579818725586}, "test_avg_mae": 10.601944923400879, "best_selection_value": 10.601944923400879, "best_selection_split": "test_avg_DIAGNOSTIC", "best_selection_metric": "test_avg_mae", "lr": 0.001, "fpem_logs": {"fpem/fpem_env_use_exogenous": 1.0, "fpem/env_exogenous_available": 1.0, "fpem/env_exogenous_time_available": 1.0, "fpem/env_exogenous_load_available": 1.0, "fpem/env_exogenous_feature_dim": 32.0, "fpem/env_exogenous_embedding_norm": 2.970160218647548, "fpem/env_exogenous_load_embedding_norm": 2.095398321605864, "fpem/env_rep_ablation_normal": 1.0, "fpem/env_rep_ablation_zero": 0.0, "fpem/env_rep_ablation_shuffle_batch": 0.0, "fpem/env_rep_ablation_mode_id": 0.0, "fpem/mask_loss": 0.0, "fpem/mask_sparse_loss": 0.0, "fpem/mask_entropy_loss": 0.0, "fpem/mask_mean": 1.0, "fpem/mask_entropy": 0.0, "fpem/mask_active_ratio": 1.0, "fpem/fusion_alpha_mean": 0.0, "fpem/fusion_alpha_std": 0.0, "fpem/fusion_alpha_min": 0.0, "fpem/fusion_alpha_max": 0.0, "fpem/env_route_loss": 2.063418047768729, "fpem/env_route_L_final": 8.888692247299922, "fpem/env_route_L_global": 0.0, "fpem/env_route_L_route_soft": 0.0, "fpem/env_route_L_expert": 9.29981193996611, "fpem/env_route_L_router_oracle": 0.20345562866755895, "fpem/env_route_L_balance": 0.0, "fpem/env_route_L_diverse": 0.0, "fpem/env_route_L_proto_align": 0.0, "fpem/env_route_entropy": 0.0, "fpem/env_route_q_max_mean": 0.0, "fpem/hyper_alpha_mean": 0.0, "fpem/hyper_delta_norm": 0.0, "fpem/hyper_route_proto_mode_uniform_warmup": 0.0, "fpem/hyper_route_proto_mode_uniform_fixed": 0.0, "fpem/hyper_route_proto_mode_sinkhorn": 0.0, "fpem/hyper_route_proto_mode_softmax": 0.0, "fpem/fallback_q_mean": 0.0, "fpem/fallback_q_max": 0.0, "fpem/env_q_sum_mean": 1.0, "fpem/oracle_fallback_rate": 0.0, "fpem/route_count_fallback": 0.0, "fpem/env_route_head_mode": 1.0, "fpem/route_entropy_mean": 0.0, "fpem/route_mean_distribution_entropy": 0.0, "fpem/effective_expert_number": 1.0, "fpem/max_expert_usage_ratio": 0.0, "fpem/min_expert_usage_ratio": 0.0, "fpem/prototype_pairwise_cosine": 0.0, "fpem/expert_prediction_pairwise_cosine": 0.0, "fpem/expert_collapse_warning": 0.0, "fpem/env_route_target_mode_env_prototype": 0.0, "fpem/env_route_target_mode_hybrid": 0.0, "fpem/env_route_hybrid_alpha": 0.0, "fpem/env_route_train_mode_warmup_risk_sinkhorn": 0.0, "fpem/warmup_risk_stage_warmup": 0.0, "fpem/warmup_risk_stage_soft": 0.0, "fpem/warmup_risk_stage_hard": 0.0, "fpem/warmup_risk_selected_loss": 0.0, "fpem/warmup_risk_uniform_common_loss": 0.0, "fpem/warmup_risk_lambda_common": 0.0, "fpem/warmup_risk_total_common_term": 0.0, "fpem/warmup_risk_temperature": 0.0, "fpem/warmup_risk_temperature_progress": 0.0, "fpem/uniform_expert_mae": 0.0, "fpem/risk_routed_mae": 0.0, "fpem/risk_prediction_mae": 0.0, "fpem/risk_loss": 0.0, "fpem/risk_ranking_loss": 0.0, "fpem/risk_ranking_accuracy": 0.0, "fpem/risk_oracle_argmin_accuracy": 0.0, "fpem/risk_router_temperature": 0.0, "fpem/risk_router_lambda": 0.0, "fpem/risk_router_pairwise_lambda": 0.0, "fpem/env_route_train_mode_progressive_gmm_environment": 0.0, "fpem/top_level_prediction_source_progressive_gmm_teacher_hard": 0.0, "fpem/progressive_assignment_uses_target_or_prediction_error": 0.0, "fpem/progressive_partition_ready": 0.0, "fpem/progressive_selected_k": 0.0, "fpem/progressive_active_expert_count": 0.0, "fpem/progressive_last_partition_epoch": 0.0, "fpem/progressive_lambda_common": 0.0, "fpem/progressive_common_term": 0.0, "fpem/progressive_compactness_loss": 0.0, "fpem/progressive_consistency_loss": 0.0, "fpem/progressive_cluster_entropy": 0.0, "fpem/progressive_assignment_change_ratio": 0.0, "fpem/progressive_hungarian_overlap_score": 0.0, "fpem/progressive_partition_update_time_sec": 0.0, "fpem/progressive_routed_mae": 0.0, "fpem/progressive_gmm_environment_total_replaces_primary": 0.0, "fpem/env_route_count_head_0": 16.0, "fpem/env_route_oracle_count_head_0": 16.0, "fpem/route_count_env_head_0": 16.0, "fpem/route_soft_mean_expert_0": 1.0, "fpem/route_hard_count_expert_0": 16.0, "fpem/hard_count_expert_0": 16.0, "fpem/sinkhorn_soft_col_mass_expert_0": 0.0, "fpem/progressive_active_expert_0": 0.0, "fpem/progressive_cluster_size_0": 0.0, "fpem/progressive_cluster_ratio_0": 0.0, "fpem/progressive_cluster_to_expert_0": 0.0, "fpem/progressive_bic_k1": 0.0, "fpem/progressive_bic_score_k1": 0.0, "fpem/progressive_bic_rejected_k1": 0.0, "fpem/hyper_alpha_head_0": 0.0, "fpem/hyper_gamma_norm_head_0": 0.0, "fpem/hyper_beta_norm_head_0": 0.0, "fpem/expert_cross_mae_group_0_expert_0": 9.29981193996611, "fpem/load_expert_loss": 9.29981193996611, "fpem/conservative_override_router_loss": 0.20345562866755895, "fpem/hard_router_loss": 0.20345562866755895, "fpem/load_level_assignment_detached": 1.0, "fpem/load_level_count_0": 1680.0, "fpem/load_level_ratio_0": 1.0, "fpem/expert_0_global_loss": 9.29981193996611, "fpem/expert_0_selected_loss": 9.29981193996611, "fpem/conservative_all_environment_mae": 9.29981193996611, "fpem/conservative_all_invariant_mae": 9.662237521580288, "fpem/conservative_selective_hard_routing_mae": 9.29981193996611, "fpem/conservative_oracle_mae": 9.258437974112374, "fpem/conservative_router_accuracy": 0.8083333333333333, "fpem/conservative_router_balanced_accuracy": 0.5238095238095238, "fpem/conservative_invariant_switch_coverage": 0.0, "fpem/conservative_invariant_switch_precision": 0.0, "fpem/conservative_correct_beneficial_switches": 0.0, "fpem/conservative_harmful_invariant_switches": 0.0, "fpem/conservative_saved_loss_from_correct_switches": 0.0, "fpem/conservative_added_loss_from_harmful_switches": 0.0, "fpem/conservative_net_routing_gain": 0.0, "fpem/conservative_oracle_gap_closed": 0.0, "fpem/conservative_selected_threshold": 0.5, "fpem/conservative_selected_margin": 0.0, "fpem/conservative_delta_mean": -0.36242555734657106, "fpem/conservative_delta_positive_ratio": 0.19166666666666668, "fpem/conservative_target_inv_ratio": 0.19166666666666668, "fpem/conservative_p_inv_mean": 0.05388041638902256, "fpem/conservative_p_inv_min": 0.01674294492584609, "fpem/conservative_p_inv_max": 0.10472221321293286, "fpem/conservative_prediction_is_hard_route": 1.0, "fpem/conservative_prediction_is_soft_fusion": 0.0, "fpem/conservative_router_target_detached": 1.0, "fpem/conservative_delta_detached": 1.0, "fpem/conservative_harmful_switch_weight": 2.0, "fpem/hard_router_predicted_env_ratio": 1.0, "fpem/hard_router_effective_env_ratio": 1.0, "fpem/hard_router_target_env_ratio": 0.8083333333333333, "fpem/hard_router_gain_mean": -0.36242555734657106, "fpem/hard_router_margin_mean": 0.0, "fpem/conservative_router_supervision_enabled": 1.0, "fpem/conservative_router_weight_mean": 0.9999999903497242, "fpem/conservative_router_weight_min": 0.05433189661097935, "fpem/conservative_router_weight_max": 2.837281408764067, "fpem/expert_prediction_pairwise_difference": 0.0, "fpem/delta_pairwise_cosine": 0.0, "fpem/delta_pairwise_l1": 0.0, "fpem/delta_pairwise_l2": 0.0, "fpem/expert_0_parameter_norm": 15.006621624174572, "fpem/hard_binary_router_enabled": 1.0, "fpem/hard_router_uses_target_in_forward": 0.0, "fpem/stored_future_c_loaded": 0.0, "fpem/prediction_is_weighted_complete_fusion": 0.0, "fpem/prediction_is_hard_route": 1.0, "fpem/conservative_inv_override_enabled": 1.0, "fpem/conservative_router_features_detached": 1.0, "fpem/future_mi_loss": 0.0, "fpem/future_mi_valid": 0.0, "fpem/future_mi_logvar_mean": 0.0, "fpem/future_mi_target_mode_env_encoder": 0.0, "fpem/swap_loss": 0.0, "fpem/swap_diff_loss": 0.0, "fpem/swap_same_loss": 0.0, "fpem/swap_gain_mean": 0.0, "fpem/swap_s_gain_mean": 0.0, "fpem/swap_fallback_router_loss": 0.0, "fpem/swap_fallback_q_mean": 0.0, "fpem/swap_prediction_delta": 0.0, "fpem/swap_route_delta": 0.0, "fpem/swap_hyper_alpha_delta": 0.0, "fpem/swap_hyper_delta_norm": 0.0, "fpem/loss_env_day": 0.0, "fpem/loss_env_hour": 0.0, "fpem/loss_env_rush": 0.0, "fpem/env_day_acc": 0.0, "fpem/env_hour_acc": 0.0, "fpem/env_rush_acc": 0.0, "fpem/loss_env_supcon": 0.0, "fpem/env_supcon_valid_pairs": 0.0, "fpem/loss_inv_env_adv": 0.0, "fpem/inv_day_acc": 0.0, "fpem/inv_hour_acc": 0.0, "fpem/inv_rush_acc": 0.0, "fpem/loss_cross_cov_sep": 0.0, "fpem/load_level_experts_enabled": 1.0, "fpem/load_level_uses_target_or_future_load": 0.0, "fpem/environment_gate_uses_target_in_forward": 0.0, "fpem/load_level_env_residual_scale": 0.0, "fpem/uses_cached_observable_load_prior": 1.0, "fpem/primary_loss": 8.888692247299922, "fpem/inv_pred_loss": 9.21094363530477, "fpem/primary_uses_route": 1.0, "fpem/primary_uses_env_fusion": 0.0, "fpem/backbone_agcrn": 1.0, "fpem/backbone_graphwavenet": 0.0, "fpem/backbone_staeformer": 0.0, "fpem/gc_pred_loss_only": 1.0, "fpem/env_route_head_mode_hyper_proto": 1.0, "fpem/fpem_force_uniform_route": 0.0, "fpem/hard_prediction_sinkhorn_total_replaces_primary": 0.0, "fpem/hard_prediction_environment_sinkhorn_total_replaces_primary": 0.0, "fpem/warmup_risk_sinkhorn_total_replaces_primary": 0.0, "fpem/lambda_club_mi": 0.0}, "conservative_override_threshold_selection": {"split": "val", "threshold": 0.5, "margin": 0.0, "mae": 11.602546691894531, "loss": 11.836488405863443, "mape": 0.18905827403068542, "confirmed_result": {"loss": 11.836488405863443, "mae": 11.602546691894531, "mape": 0.18905827403068542}}}
CONSERVATIVE_OVERRIDE_THRESHOLD_SELECTION {"split": "val", "threshold": 0.5, "margin": 0.0, "mae": 11.537775039672852, "loss": 11.7512174182468, "mape": 0.18113701045513153, "confirmed_result": {"loss": 11.7512174182468, "mae": 11.537775039672852, "mape": 0.18113701045513153}}
EPOCH {"epoch": 67, "train_loss": 10.95557066599528, "val": {"loss": 11.7512174182468, "mae": 11.537775039672852, "mape": 0.18113701045513153}, "test_mixed": {"loss": 10.533811133248465, "mae": 10.518303871154785, "mape": 0.16653037071228027}, "test_workday": {"loss": 10.408880150836447, "mae": 10.430350303649902, "mape": 0.1666494458913803}, "test_holiday": {"loss": 10.73943547407786, "mae": 10.670823097229004, "mape": 0.16632391512393951}, "test_avg_mae": 10.550586700439453, "best_selection_value": 10.550586700439453, "best_selection_split": "test_avg_DIAGNOSTIC", "best_selection_metric": "test_avg_mae", "lr": 0.001, "fpem_logs": {"fpem/fpem_env_use_exogenous": 1.0, "fpem/env_exogenous_available": 1.0, "fpem/env_exogenous_time_available": 1.0, "fpem/env_exogenous_load_available": 1.0, "fpem/env_exogenous_feature_dim": 32.0, "fpem/env_exogenous_embedding_norm": 2.9779770215352377, "fpem/env_exogenous_load_embedding_norm": 2.1012472743079775, "fpem/env_rep_ablation_normal": 1.0, "fpem/env_rep_ablation_zero": 0.0, "fpem/env_rep_ablation_shuffle_batch": 0.0, "fpem/env_rep_ablation_mode_id": 0.0, "fpem/mask_loss": 0.0, "fpem/mask_sparse_loss": 0.0, "fpem/mask_entropy_loss": 0.0, "fpem/mask_mean": 1.0, "fpem/mask_entropy": 0.0, "fpem/mask_active_ratio": 1.0, "fpem/fusion_alpha_mean": 0.0, "fpem/fusion_alpha_std": 0.0, "fpem/fusion_alpha_min": 0.0, "fpem/fusion_alpha_max": 0.0, "fpem/env_route_loss": 2.060713495526995, "fpem/env_route_L_final": 8.894914359138125, "fpem/env_route_L_global": 0.0, "fpem/env_route_L_route_soft": 0.0, "fpem/env_route_L_expert": 9.300304167611259, "fpem/env_route_L_router_oracle": 0.20065263403313502, "fpem/env_route_L_balance": 0.0, "fpem/env_route_L_diverse": 0.0, "fpem/env_route_L_proto_align": 0.0, "fpem/env_route_entropy": 0.0, "fpem/env_route_q_max_mean": 0.0, "fpem/hyper_alpha_mean": 0.0, "fpem/hyper_delta_norm": 0.0, "fpem/hyper_route_proto_mode_uniform_warmup": 0.0, "fpem/hyper_route_proto_mode_uniform_fixed": 0.0, "fpem/hyper_route_proto_mode_sinkhorn": 0.0, "fpem/hyper_route_proto_mode_softmax": 0.0, "fpem/fallback_q_mean": 0.0, "fpem/fallback_q_max": 0.0, "fpem/env_q_sum_mean": 1.0, "fpem/oracle_fallback_rate": 0.0, "fpem/route_count_fallback": 0.0, "fpem/env_route_head_mode": 1.0, "fpem/route_entropy_mean": 0.0, "fpem/route_mean_distribution_entropy": 0.0, "fpem/effective_expert_number": 1.0, "fpem/max_expert_usage_ratio": 0.0, "fpem/min_expert_usage_ratio": 0.0, "fpem/prototype_pairwise_cosine": 0.0, "fpem/expert_prediction_pairwise_cosine": 0.0, "fpem/expert_collapse_warning": 0.0, "fpem/env_route_target_mode_env_prototype": 0.0, "fpem/env_route_target_mode_hybrid": 0.0, "fpem/env_route_hybrid_alpha": 0.0, "fpem/env_route_train_mode_warmup_risk_sinkhorn": 0.0, "fpem/warmup_risk_stage_warmup": 0.0, "fpem/warmup_risk_stage_soft": 0.0, "fpem/warmup_risk_stage_hard": 0.0, "fpem/warmup_risk_selected_loss": 0.0, "fpem/warmup_risk_uniform_common_loss": 0.0, "fpem/warmup_risk_lambda_common": 0.0, "fpem/warmup_risk_total_common_term": 0.0, "fpem/warmup_risk_temperature": 0.0, "fpem/warmup_risk_temperature_progress": 0.0, "fpem/uniform_expert_mae": 0.0, "fpem/risk_routed_mae": 0.0, "fpem/risk_prediction_mae": 0.0, "fpem/risk_loss": 0.0, "fpem/risk_ranking_loss": 0.0, "fpem/risk_ranking_accuracy": 0.0, "fpem/risk_oracle_argmin_accuracy": 0.0, "fpem/risk_router_temperature": 0.0, "fpem/risk_router_lambda": 0.0, "fpem/risk_router_pairwise_lambda": 0.0, "fpem/env_route_train_mode_progressive_gmm_environment": 0.0, "fpem/top_level_prediction_source_progressive_gmm_teacher_hard": 0.0, "fpem/progressive_assignment_uses_target_or_prediction_error": 0.0, "fpem/progressive_partition_ready": 0.0, "fpem/progressive_selected_k": 0.0, "fpem/progressive_active_expert_count": 0.0, "fpem/progressive_last_partition_epoch": 0.0, "fpem/progressive_lambda_common": 0.0, "fpem/progressive_common_term": 0.0, "fpem/progressive_compactness_loss": 0.0, "fpem/progressive_consistency_loss": 0.0, "fpem/progressive_cluster_entropy": 0.0, "fpem/progressive_assignment_change_ratio": 0.0, "fpem/progressive_hungarian_overlap_score": 0.0, "fpem/progressive_partition_update_time_sec": 0.0, "fpem/progressive_routed_mae": 0.0, "fpem/progressive_gmm_environment_total_replaces_primary": 0.0, "fpem/env_route_count_head_0": 16.0, "fpem/env_route_oracle_count_head_0": 16.0, "fpem/route_count_env_head_0": 16.0, "fpem/route_soft_mean_expert_0": 1.0, "fpem/route_hard_count_expert_0": 16.0, "fpem/hard_count_expert_0": 16.0, "fpem/sinkhorn_soft_col_mass_expert_0": 0.0, "fpem/progressive_active_expert_0": 0.0, "fpem/progressive_cluster_size_0": 0.0, "fpem/progressive_cluster_ratio_0": 0.0, "fpem/progressive_cluster_to_expert_0": 0.0, "fpem/progressive_bic_k1": 0.0, "fpem/progressive_bic_score_k1": 0.0, "fpem/progressive_bic_rejected_k1": 0.0, "fpem/hyper_alpha_head_0": 0.0, "fpem/hyper_gamma_norm_head_0": 0.0, "fpem/hyper_beta_norm_head_0": 0.0, "fpem/expert_cross_mae_group_0_expert_0": 9.300304167611259, "fpem/load_expert_loss": 9.300304167611259, "fpem/conservative_override_router_loss": 0.20065263403313502, "fpem/hard_router_loss": 0.20065263403313502, "fpem/load_level_assignment_detached": 1.0, "fpem/load_level_count_0": 1680.0, "fpem/load_level_ratio_0": 1.0, "fpem/expert_0_global_loss": 9.300304167611259, "fpem/expert_0_selected_loss": 9.300304167611259, "fpem/conservative_all_environment_mae": 9.300304167611259, "fpem/conservative_all_invariant_mae": 9.662237476167224, "fpem/conservative_selective_hard_routing_mae": 9.300304167611259, "fpem/conservative_oracle_mae": 9.26096150080363, "fpem/conservative_router_accuracy": 0.8101190476190476, "fpem/conservative_router_balanced_accuracy": 0.5095238095238095, "fpem/conservative_invariant_switch_coverage": 0.0, "fpem/conservative_invariant_switch_precision": 0.0, "fpem/conservative_correct_beneficial_switches": 0.0, "fpem/conservative_harmful_invariant_switches": 0.0, "fpem/conservative_saved_loss_from_correct_switches": 0.0, "fpem/conservative_added_loss_from_harmful_switches": 0.0, "fpem/conservative_net_routing_gain": 0.0, "fpem/conservative_oracle_gap_closed": 0.0, "fpem/conservative_selected_threshold": 0.5, "fpem/conservative_selected_margin": 0.0, "fpem/conservative_delta_mean": -0.3619333326816559, "fpem/conservative_delta_positive_ratio": 0.18988095238095237, "fpem/conservative_target_inv_ratio": 0.18988095238095237, "fpem/conservative_p_inv_mean": 0.061885518899985725, "fpem/conservative_p_inv_min": 0.020391507703988326, "fpem/conservative_p_inv_max": 0.11680738741443271, "fpem/conservative_prediction_is_hard_route": 1.0, "fpem/conservative_prediction_is_soft_fusion": 0.0, "fpem/conservative_router_target_detached": 1.0, "fpem/conservative_delta_detached": 1.0, "fpem/conservative_harmful_switch_weight": 2.0, "fpem/hard_router_predicted_env_ratio": 1.0, "fpem/hard_router_effective_env_ratio": 1.0, "fpem/hard_router_target_env_ratio": 0.8101190476190476, "fpem/hard_router_gain_mean": -0.3619333326816559, "fpem/hard_router_margin_mean": 0.0, "fpem/conservative_router_supervision_enabled": 1.0, "fpem/conservative_router_weight_mean": 0.9999999943233672, "fpem/conservative_router_weight_min": 0.057148692317284824, "fpem/conservative_router_weight_max": 2.842297550610134, "fpem/expert_prediction_pairwise_difference": 0.0, "fpem/delta_pairwise_cosine": 0.0, "fpem/delta_pairwise_l1": 0.0, "fpem/delta_pairwise_l2": 0.0, "fpem/expert_0_parameter_norm": 15.015740657988049, "fpem/hard_binary_router_enabled": 1.0, "fpem/hard_router_uses_target_in_forward": 0.0, "fpem/stored_future_c_loaded": 0.0, "fpem/prediction_is_weighted_complete_fusion": 0.0, "fpem/prediction_is_hard_route": 1.0, "fpem/conservative_inv_override_enabled": 1.0, "fpem/conservative_router_features_detached": 1.0, "fpem/future_mi_loss": 0.0, "fpem/future_mi_valid": 0.0, "fpem/future_mi_logvar_mean": 0.0, "fpem/future_mi_target_mode_env_encoder": 0.0, "fpem/swap_loss": 0.0, "fpem/swap_diff_loss": 0.0, "fpem/swap_same_loss": 0.0, "fpem/swap_gain_mean": 0.0, "fpem/swap_s_gain_mean": 0.0, "fpem/swap_fallback_router_loss": 0.0, "fpem/swap_fallback_q_mean": 0.0, "fpem/swap_prediction_delta": 0.0, "fpem/swap_route_delta": 0.0, "fpem/swap_hyper_alpha_delta": 0.0, "fpem/swap_hyper_delta_norm": 0.0, "fpem/loss_env_day": 0.0, "fpem/loss_env_hour": 0.0, "fpem/loss_env_rush": 0.0, "fpem/env_day_acc": 0.0, "fpem/env_hour_acc": 0.0, "fpem/env_rush_acc": 0.0, "fpem/loss_env_supcon": 0.0, "fpem/env_supcon_valid_pairs": 0.0, "fpem/loss_inv_env_adv": 0.0, "fpem/inv_day_acc": 0.0, "fpem/inv_hour_acc": 0.0, "fpem/inv_rush_acc": 0.0, "fpem/loss_cross_cov_sep": 0.0, "fpem/load_level_experts_enabled": 1.0, "fpem/load_level_uses_target_or_future_load": 0.0, "fpem/environment_gate_uses_target_in_forward": 0.0, "fpem/load_level_env_residual_scale": 0.0, "fpem/uses_cached_observable_load_prior": 1.0, "fpem/primary_loss": 8.894914359138125, "fpem/inv_pred_loss": 9.21797582081386, "fpem/primary_uses_route": 1.0, "fpem/primary_uses_env_fusion": 0.0, "fpem/backbone_agcrn": 1.0, "fpem/backbone_graphwavenet": 0.0, "fpem/backbone_staeformer": 0.0, "fpem/gc_pred_loss_only": 1.0, "fpem/env_route_head_mode_hyper_proto": 1.0, "fpem/fpem_force_uniform_route": 0.0, "fpem/hard_prediction_sinkhorn_total_replaces_primary": 0.0, "fpem/hard_prediction_environment_sinkhorn_total_replaces_primary": 0.0, "fpem/warmup_risk_sinkhorn_total_replaces_primary": 0.0, "fpem/lambda_club_mi": 0.0}, "conservative_override_threshold_selection": {"split": "val", "threshold": 0.5, "margin": 0.0, "mae": 11.537775039672852, "loss": 11.7512174182468, "mape": 0.18113701045513153, "confirmed_result": {"loss": 11.7512174182468, "mae": 11.537775039672852, "mape": 0.18113701045513153}}}
CONSERVATIVE_OVERRIDE_THRESHOLD_SELECTION {"split": "val", "threshold": 0.5, "margin": 0.0, "mae": 11.575926780700684, "loss": 11.782151222229004, "mape": 0.18622975051403046, "confirmed_result": {"loss": 11.782151222229004, "mae": 11.575926780700684, "mape": 0.18622975051403046}}
EPOCH {"epoch": 68, "train_loss": 10.96736280350458, "val": {"loss": 11.782151222229004, "mae": 11.575926780700684, "mape": 0.18622975051403046}, "test_mixed": {"loss": 10.570136683327812, "mae": 10.553483963012695, "mape": 0.1714056432247162}, "test_workday": {"loss": 10.449505038883375, "mae": 10.469307899475098, "mape": 0.17114007472991943}, "test_holiday": {"loss": 10.767165501912435, "mae": 10.699455261230469, "mape": 0.17186616361141205}, "test_avg_mae": 10.584381580352783, "best_selection_value": 10.584381580352783, "best_selection_split": "test_avg_DIAGNOSTIC", "best_selection_metric": "test_avg_mae", "lr": 0.001, "fpem_logs": {"fpem/fpem_env_use_exogenous": 1.0, "fpem/env_exogenous_available": 1.0, "fpem/env_exogenous_time_available": 1.0, "fpem/env_exogenous_load_available": 1.0, "fpem/env_exogenous_feature_dim": 32.0, "fpem/env_exogenous_embedding_norm": 2.982979168210711, "fpem/env_exogenous_load_embedding_norm": 2.1064649264017743, "fpem/env_rep_ablation_normal": 1.0, "fpem/env_rep_ablation_zero": 0.0, "fpem/env_rep_ablation_shuffle_batch": 0.0, "fpem/env_rep_ablation_mode_id": 0.0, "fpem/mask_loss": 0.0, "fpem/mask_sparse_loss": 0.0, "fpem/mask_entropy_loss": 0.0, "fpem/mask_mean": 1.0, "fpem/mask_entropy": 0.0, "fpem/mask_active_ratio": 1.0, "fpem/fusion_alpha_mean": 0.0, "fpem/fusion_alpha_std": 0.0, "fpem/fusion_alpha_min": 0.0, "fpem/fusion_alpha_max": 0.0, "fpem/env_route_loss": 2.070928351084391, "fpem/env_route_L_final": 8.892415814172654, "fpem/env_route_L_global": 0.0, "fpem/env_route_L_route_soft": 0.0, "fpem/env_route_L_expert": 9.298535387856619, "fpem/env_route_L_router_oracle": 0.21122124682934512, "fpem/env_route_L_balance": 0.0, "fpem/env_route_L_diverse": 0.0, "fpem/env_route_L_proto_align": 0.0, "fpem/env_route_entropy": 0.0, "fpem/env_route_q_max_mean": 0.0, "fpem/hyper_alpha_mean": 0.0, "fpem/hyper_delta_norm": 0.0, "fpem/hyper_route_proto_mode_uniform_warmup": 0.0, "fpem/hyper_route_proto_mode_uniform_fixed": 0.0, "fpem/hyper_route_proto_mode_sinkhorn": 0.0, "fpem/hyper_route_proto_mode_softmax": 0.0, "fpem/fallback_q_mean": 0.0, "fpem/fallback_q_max": 0.0, "fpem/env_q_sum_mean": 1.0, "fpem/oracle_fallback_rate": 0.0, "fpem/route_count_fallback": 0.0, "fpem/env_route_head_mode": 1.0, "fpem/route_entropy_mean": 0.0, "fpem/route_mean_distribution_entropy": 0.0, "fpem/effective_expert_number": 1.0, "fpem/max_expert_usage_ratio": 0.0, "fpem/min_expert_usage_ratio": 0.0, "fpem/prototype_pairwise_cosine": 0.0, "fpem/expert_prediction_pairwise_cosine": 0.0, "fpem/expert_collapse_warning": 0.0, "fpem/env_route_target_mode_env_prototype": 0.0, "fpem/env_route_target_mode_hybrid": 0.0, "fpem/env_route_hybrid_alpha": 0.0, "fpem/env_route_train_mode_warmup_risk_sinkhorn": 0.0, "fpem/warmup_risk_stage_warmup": 0.0, "fpem/warmup_risk_stage_soft": 0.0, "fpem/warmup_risk_stage_hard": 0.0, "fpem/warmup_risk_selected_loss": 0.0, "fpem/warmup_risk_uniform_common_loss": 0.0, "fpem/warmup_risk_lambda_common": 0.0, "fpem/warmup_risk_total_common_term": 0.0, "fpem/warmup_risk_temperature": 0.0, "fpem/warmup_risk_temperature_progress": 0.0, "fpem/uniform_expert_mae": 0.0, "fpem/risk_routed_mae": 0.0, "fpem/risk_prediction_mae": 0.0, "fpem/risk_loss": 0.0, "fpem/risk_ranking_loss": 0.0, "fpem/risk_ranking_accuracy": 0.0, "fpem/risk_oracle_argmin_accuracy": 0.0, "fpem/risk_router_temperature": 0.0, "fpem/risk_router_lambda": 0.0, "fpem/risk_router_pairwise_lambda": 0.0, "fpem/env_route_train_mode_progressive_gmm_environment": 0.0, "fpem/top_level_prediction_source_progressive_gmm_teacher_hard": 0.0, "fpem/progressive_assignment_uses_target_or_prediction_error": 0.0, "fpem/progressive_partition_ready": 0.0, "fpem/progressive_selected_k": 0.0, "fpem/progressive_active_expert_count": 0.0, "fpem/progressive_last_partition_epoch": 0.0, "fpem/progressive_lambda_common": 0.0, "fpem/progressive_common_term": 0.0, "fpem/progressive_compactness_loss": 0.0, "fpem/progressive_consistency_loss": 0.0, "fpem/progressive_cluster_entropy": 0.0, "fpem/progressive_assignment_change_ratio": 0.0, "fpem/progressive_hungarian_overlap_score": 0.0, "fpem/progressive_partition_update_time_sec": 0.0, "fpem/progressive_routed_mae": 0.0, "fpem/progressive_gmm_environment_total_replaces_primary": 0.0, "fpem/env_route_count_head_0": 16.0, "fpem/env_route_oracle_count_head_0": 16.0, "fpem/route_count_env_head_0": 16.0, "fpem/route_soft_mean_expert_0": 1.0, "fpem/route_hard_count_expert_0": 16.0, "fpem/hard_count_expert_0": 16.0, "fpem/sinkhorn_soft_col_mass_expert_0": 0.0, "fpem/progressive_active_expert_0": 0.0, "fpem/progressive_cluster_size_0": 0.0, "fpem/progressive_cluster_ratio_0": 0.0, "fpem/progressive_cluster_to_expert_0": 0.0, "fpem/progressive_bic_k1": 0.0, "fpem/progressive_bic_score_k1": 0.0, "fpem/progressive_bic_rejected_k1": 0.0, "fpem/hyper_alpha_head_0": 0.0, "fpem/hyper_gamma_norm_head_0": 0.0, "fpem/hyper_beta_norm_head_0": 0.0, "fpem/expert_cross_mae_group_0_expert_0": 9.298535387856619, "fpem/load_expert_loss": 9.298535387856619, "fpem/conservative_override_router_loss": 0.21122124682934512, "fpem/hard_router_loss": 0.21122124682934512, "fpem/load_level_assignment_detached": 1.0, "fpem/load_level_count_0": 1680.0, "fpem/load_level_ratio_0": 1.0, "fpem/expert_0_global_loss": 9.298535387856619, "fpem/expert_0_selected_loss": 9.298535387856619, "fpem/conservative_all_environment_mae": 9.298535387856619, "fpem/conservative_all_invariant_mae": 9.6622375306629, "fpem/conservative_selective_hard_routing_mae": 9.298535387856619, "fpem/conservative_oracle_mae": 9.254005859011695, "fpem/conservative_router_accuracy": 0.8035714285714286, "fpem/conservative_router_balanced_accuracy": 0.5142857142857142, "fpem/conservative_invariant_switch_coverage": 0.0, "fpem/conservative_invariant_switch_precision": 0.0, "fpem/conservative_correct_beneficial_switches": 0.0, "fpem/conservative_harmful_invariant_switches": 0.0, "fpem/conservative_saved_loss_from_correct_switches": 0.0, "fpem/conservative_added_loss_from_harmful_switches": 0.0, "fpem/conservative_net_routing_gain": 0.0, "fpem/conservative_oracle_gap_closed": 0.0, "fpem/conservative_selected_threshold": 0.5, "fpem/conservative_selected_margin": 0.0, "fpem/conservative_delta_mean": -0.3637020549603871, "fpem/conservative_delta_positive_ratio": 0.19642857142857142, "fpem/conservative_target_inv_ratio": 0.19642857142857142, "fpem/conservative_p_inv_mean": 0.055413780645245596, "fpem/conservative_p_inv_min": 0.017659206683969215, "fpem/conservative_p_inv_max": 0.10718659786950974, "fpem/conservative_prediction_is_hard_route": 1.0, "fpem/conservative_prediction_is_soft_fusion": 0.0, "fpem/conservative_router_target_detached": 1.0, "fpem/conservative_delta_detached": 1.0, "fpem/conservative_harmful_switch_weight": 2.0, "fpem/hard_router_predicted_env_ratio": 1.0, "fpem/hard_router_effective_env_ratio": 1.0, "fpem/hard_router_target_env_ratio": 0.8035714285714286, "fpem/hard_router_gain_mean": -0.3637020549603871, "fpem/hard_router_margin_mean": 0.0, "fpem/conservative_router_supervision_enabled": 1.0, "fpem/conservative_router_weight_mean": 0.999999996026357, "fpem/conservative_router_weight_min": 0.07232595039282128, "fpem/conservative_router_weight_max": 2.8329620168322607, "fpem/expert_prediction_pairwise_difference": 0.0, "fpem/delta_pairwise_cosine": 0.0, "fpem/delta_pairwise_l1": 0.0, "fpem/delta_pairwise_l2": 0.0, "fpem/expert_0_parameter_norm": 15.025725055876233, "fpem/hard_binary_router_enabled": 1.0, "fpem/hard_router_uses_target_in_forward": 0.0, "fpem/stored_future_c_loaded": 0.0, "fpem/prediction_is_weighted_complete_fusion": 0.0, "fpem/prediction_is_hard_route": 1.0, "fpem/conservative_inv_override_enabled": 1.0, "fpem/conservative_router_features_detached": 1.0, "fpem/future_mi_loss": 0.0, "fpem/future_mi_valid": 0.0, "fpem/future_mi_logvar_mean": 0.0, "fpem/future_mi_target_mode_env_encoder": 0.0, "fpem/swap_loss": 0.0, "fpem/swap_diff_loss": 0.0, "fpem/swap_same_loss": 0.0, "fpem/swap_gain_mean": 0.0, "fpem/swap_s_gain_mean": 0.0, "fpem/swap_fallback_router_loss": 0.0, "fpem/swap_fallback_q_mean": 0.0, "fpem/swap_prediction_delta": 0.0, "fpem/swap_route_delta": 0.0, "fpem/swap_hyper_alpha_delta": 0.0, "fpem/swap_hyper_delta_norm": 0.0, "fpem/loss_env_day": 0.0, "fpem/loss_env_hour": 0.0, "fpem/loss_env_rush": 0.0, "fpem/env_day_acc": 0.0, "fpem/env_hour_acc": 0.0, "fpem/env_rush_acc": 0.0, "fpem/loss_env_supcon": 0.0, "fpem/env_supcon_valid_pairs": 0.0, "fpem/loss_inv_env_adv": 0.0, "fpem/inv_day_acc": 0.0, "fpem/inv_hour_acc": 0.0, "fpem/inv_rush_acc": 0.0, "fpem/loss_cross_cov_sep": 0.0, "fpem/load_level_experts_enabled": 1.0, "fpem/load_level_uses_target_or_future_load": 0.0, "fpem/environment_gate_uses_target_in_forward": 0.0, "fpem/load_level_env_residual_scale": 0.0, "fpem/uses_cached_observable_load_prior": 1.0, "fpem/primary_loss": 8.892415814172654, "fpem/inv_pred_loss": 9.215513928731282, "fpem/primary_uses_route": 1.0, "fpem/primary_uses_env_fusion": 0.0, "fpem/backbone_agcrn": 1.0, "fpem/backbone_graphwavenet": 0.0, "fpem/backbone_staeformer": 0.0, "fpem/gc_pred_loss_only": 1.0, "fpem/env_route_head_mode_hyper_proto": 1.0, "fpem/fpem_force_uniform_route": 0.0, "fpem/hard_prediction_sinkhorn_total_replaces_primary": 0.0, "fpem/hard_prediction_environment_sinkhorn_total_replaces_primary": 0.0, "fpem/warmup_risk_sinkhorn_total_replaces_primary": 0.0, "fpem/lambda_club_mi": 0.0}, "conservative_override_threshold_selection": {"split": "val", "threshold": 0.5, "margin": 0.0, "mae": 11.575926780700684, "loss": 11.782151222229004, "mape": 0.18622975051403046, "confirmed_result": {"loss": 11.782151222229004, "mae": 11.575926780700684, "mape": 0.18622975051403046}}}
CONSERVATIVE_OVERRIDE_THRESHOLD_SELECTION {"split": "val", "threshold": 0.5, "margin": 0.0, "mae": 11.540900230407715, "loss": 11.761279741923014, "mape": 0.18231342732906342, "confirmed_result": {"loss": 11.761279741923014, "mae": 11.540900230407715, "mape": 0.18231342732906342}}
EPOCH {"epoch": 69, "train_loss": 10.942894590468633, "val": {"loss": 11.761279741923014, "mae": 11.540900230407715, "mape": 0.18231342732906342}, "test_mixed": {"loss": 10.522773769923619, "mae": 10.50612735748291, "mape": 0.16685976088047028}, "test_workday": {"loss": 10.404537864353346, "mae": 10.422892570495605, "mape": 0.16736559569835663}, "test_holiday": {"loss": 10.716056068738302, "mae": 10.650463104248047, "mape": 0.16598255932331085}, "test_avg_mae": 10.536677837371826, "best_selection_value": 10.536677837371826, "best_selection_split": "test_avg_DIAGNOSTIC", "best_selection_metric": "test_avg_mae", "lr": 0.001, "fpem_logs": {"fpem/fpem_env_use_exogenous": 1.0, "fpem/env_exogenous_available": 1.0, "fpem/env_exogenous_time_available": 1.0, "fpem/env_exogenous_load_available": 1.0, "fpem/env_exogenous_feature_dim": 32.0, "fpem/env_exogenous_embedding_norm": 2.984795636222476, "fpem/env_exogenous_load_embedding_norm": 2.104866867973691, "fpem/env_rep_ablation_normal": 1.0, "fpem/env_rep_ablation_zero": 0.0, "fpem/env_rep_ablation_shuffle_batch": 0.0, "fpem/env_rep_ablation_mode_id": 0.0, "fpem/mask_loss": 0.0, "fpem/mask_sparse_loss": 0.0, "fpem/mask_entropy_loss": 0.0, "fpem/mask_mean": 1.0, "fpem/mask_entropy": 0.0, "fpem/mask_active_ratio": 1.0, "fpem/fusion_alpha_mean": 0.0, "fpem/fusion_alpha_std": 0.0, "fpem/fusion_alpha_min": 0.0, "fpem/fusion_alpha_max": 0.0, "fpem/env_route_loss": 2.0639846211387995, "fpem/env_route_L_final": 8.88708764939081, "fpem/env_route_L_global": 0.0, "fpem/env_route_L_route_soft": 0.0, "fpem/env_route_L_expert": 9.286523460206531, "fpem/env_route_L_router_oracle": 0.206679901267801, "fpem/env_route_L_balance": 0.0, "fpem/env_route_L_diverse": 0.0, "fpem/env_route_L_proto_align": 0.0, "fpem/env_route_entropy": 0.0, "fpem/env_route_q_max_mean": 0.0, "fpem/hyper_alpha_mean": 0.0, "fpem/hyper_delta_norm": 0.0, "fpem/hyper_route_proto_mode_uniform_warmup": 0.0, "fpem/hyper_route_proto_mode_uniform_fixed": 0.0, "fpem/hyper_route_proto_mode_sinkhorn": 0.0, "fpem/hyper_route_proto_mode_softmax": 0.0, "fpem/fallback_q_mean": 0.0, "fpem/fallback_q_max": 0.0, "fpem/env_q_sum_mean": 1.0, "fpem/oracle_fallback_rate": 0.0, "fpem/route_count_fallback": 0.0, "fpem/env_route_head_mode": 1.0, "fpem/route_entropy_mean": 0.0, "fpem/route_mean_distribution_entropy": 0.0, "fpem/effective_expert_number": 1.0, "fpem/max_expert_usage_ratio": 0.0, "fpem/min_expert_usage_ratio": 0.0, "fpem/prototype_pairwise_cosine": 0.0, "fpem/expert_prediction_pairwise_cosine": 0.0, "fpem/expert_collapse_warning": 0.0, "fpem/env_route_target_mode_env_prototype": 0.0, "fpem/env_route_target_mode_hybrid": 0.0, "fpem/env_route_hybrid_alpha": 0.0, "fpem/env_route_train_mode_warmup_risk_sinkhorn": 0.0, "fpem/warmup_risk_stage_warmup": 0.0, "fpem/warmup_risk_stage_soft": 0.0, "fpem/warmup_risk_stage_hard": 0.0, "fpem/warmup_risk_selected_loss": 0.0, "fpem/warmup_risk_uniform_common_loss": 0.0, "fpem/warmup_risk_lambda_common": 0.0, "fpem/warmup_risk_total_common_term": 0.0, "fpem/warmup_risk_temperature": 0.0, "fpem/warmup_risk_temperature_progress": 0.0, "fpem/uniform_expert_mae": 0.0, "fpem/risk_routed_mae": 0.0, "fpem/risk_prediction_mae": 0.0, "fpem/risk_loss": 0.0, "fpem/risk_ranking_loss": 0.0, "fpem/risk_ranking_accuracy": 0.0, "fpem/risk_oracle_argmin_accuracy": 0.0, "fpem/risk_router_temperature": 0.0, "fpem/risk_router_lambda": 0.0, "fpem/risk_router_pairwise_lambda": 0.0, "fpem/env_route_train_mode_progressive_gmm_environment": 0.0, "fpem/top_level_prediction_source_progressive_gmm_teacher_hard": 0.0, "fpem/progressive_assignment_uses_target_or_prediction_error": 0.0, "fpem/progressive_partition_ready": 0.0, "fpem/progressive_selected_k": 0.0, "fpem/progressive_active_expert_count": 0.0, "fpem/progressive_last_partition_epoch": 0.0, "fpem/progressive_lambda_common": 0.0, "fpem/progressive_common_term": 0.0, "fpem/progressive_compactness_loss": 0.0, "fpem/progressive_consistency_loss": 0.0, "fpem/progressive_cluster_entropy": 0.0, "fpem/progressive_assignment_change_ratio": 0.0, "fpem/progressive_hungarian_overlap_score": 0.0, "fpem/progressive_partition_update_time_sec": 0.0, "fpem/progressive_routed_mae": 0.0, "fpem/progressive_gmm_environment_total_replaces_primary": 0.0, "fpem/env_route_count_head_0": 16.0, "fpem/env_route_oracle_count_head_0": 16.0, "fpem/route_count_env_head_0": 16.0, "fpem/route_soft_mean_expert_0": 1.0, "fpem/route_hard_count_expert_0": 16.0, "fpem/hard_count_expert_0": 16.0, "fpem/sinkhorn_soft_col_mass_expert_0": 0.0, "fpem/progressive_active_expert_0": 0.0, "fpem/progressive_cluster_size_0": 0.0, "fpem/progressive_cluster_ratio_0": 0.0, "fpem/progressive_cluster_to_expert_0": 0.0, "fpem/progressive_bic_k1": 0.0, "fpem/progressive_bic_score_k1": 0.0, "fpem/progressive_bic_rejected_k1": 0.0, "fpem/hyper_alpha_head_0": 0.0, "fpem/hyper_gamma_norm_head_0": 0.0, "fpem/hyper_beta_norm_head_0": 0.0, "fpem/expert_cross_mae_group_0_expert_0": 9.286523460206531, "fpem/load_expert_loss": 9.286523460206531, "fpem/conservative_override_router_loss": 0.206679901267801, "fpem/hard_router_loss": 0.206679901267801, "fpem/load_level_assignment_detached": 1.0, "fpem/load_level_count_0": 1680.0, "fpem/load_level_ratio_0": 1.0, "fpem/expert_0_global_loss": 9.286523460206531, "fpem/expert_0_selected_loss": 9.286523460206531, "fpem/conservative_all_environment_mae": 9.286523460206531, "fpem/conservative_all_invariant_mae": 9.66223749433245, "fpem/conservative_selective_hard_routing_mae": 9.286523460206531, "fpem/conservative_oracle_mae": 9.24484310604277, "fpem/conservative_router_accuracy": 0.8113095238095238, "fpem/conservative_router_balanced_accuracy": 0.5238095238095238, "fpem/conservative_invariant_switch_coverage": 0.0, "fpem/conservative_invariant_switch_precision": 0.0, "fpem/conservative_correct_beneficial_switches": 0.0, "fpem/conservative_harmful_invariant_switches": 0.0, "fpem/conservative_saved_loss_from_correct_switches": 0.0, "fpem/conservative_added_loss_from_harmful_switches": 0.0, "fpem/conservative_net_routing_gain": 0.0, "fpem/conservative_oracle_gap_closed": 0.0, "fpem/conservative_selected_threshold": 0.5, "fpem/conservative_selected_margin": 0.0, "fpem/conservative_delta_mean": -0.3757140389510563, "fpem/conservative_delta_positive_ratio": 0.1886904761904762, "fpem/conservative_target_inv_ratio": 0.1886904761904762, "fpem/conservative_p_inv_mean": 0.05132100482781728, "fpem/conservative_p_inv_min": 0.01683382789293925, "fpem/conservative_p_inv_max": 0.10142157872517904, "fpem/conservative_prediction_is_hard_route": 1.0, "fpem/conservative_prediction_is_soft_fusion": 0.0, "fpem/conservative_router_target_detached": 1.0, "fpem/conservative_delta_detached": 1.0, "fpem/conservative_harmful_switch_weight": 2.0, "fpem/hard_router_predicted_env_ratio": 1.0, "fpem/hard_router_effective_env_ratio": 1.0, "fpem/hard_router_target_env_ratio": 0.8113095238095238, "fpem/hard_router_gain_mean": -0.3757140389510563, "fpem/hard_router_margin_mean": 0.0, "fpem/conservative_router_supervision_enabled": 1.0, "fpem/conservative_router_weight_mean": 0.9999999948910304, "fpem/conservative_router_weight_min": 0.06672516167274721, "fpem/conservative_router_weight_max": 2.8237219242822555, "fpem/expert_prediction_pairwise_difference": 0.0, "fpem/delta_pairwise_cosine": 0.0, "fpem/delta_pairwise_l1": 0.0, "fpem/delta_pairwise_l2": 0.0, "fpem/expert_0_parameter_norm": 15.025801840282622, "fpem/hard_binary_router_enabled": 1.0, "fpem/hard_router_uses_target_in_forward": 0.0, "fpem/stored_future_c_loaded": 0.0, "fpem/prediction_is_weighted_complete_fusion": 0.0, "fpem/prediction_is_hard_route": 1.0, "fpem/conservative_inv_override_enabled": 1.0, "fpem/conservative_router_features_detached": 1.0, "fpem/future_mi_loss": 0.0, "fpem/future_mi_valid": 0.0, "fpem/future_mi_logvar_mean": 0.0, "fpem/future_mi_target_mode_env_encoder": 0.0, "fpem/swap_loss": 0.0, "fpem/swap_diff_loss": 0.0, "fpem/swap_same_loss": 0.0, "fpem/swap_gain_mean": 0.0, "fpem/swap_s_gain_mean": 0.0, "fpem/swap_fallback_router_loss": 0.0, "fpem/swap_fallback_q_mean": 0.0, "fpem/swap_prediction_delta": 0.0, "fpem/swap_route_delta": 0.0, "fpem/swap_hyper_alpha_delta": 0.0, "fpem/swap_hyper_delta_norm": 0.0, "fpem/loss_env_day": 0.0, "fpem/loss_env_hour": 0.0, "fpem/loss_env_rush": 0.0, "fpem/env_day_acc": 0.0, "fpem/env_hour_acc": 0.0, "fpem/env_rush_acc": 0.0, "fpem/loss_env_supcon": 0.0, "fpem/env_supcon_valid_pairs": 0.0, "fpem/loss_inv_env_adv": 0.0, "fpem/inv_day_acc": 0.0, "fpem/inv_hour_acc": 0.0, "fpem/inv_rush_acc": 0.0, "fpem/loss_cross_cov_sep": 0.0, "fpem/load_level_experts_enabled": 1.0, "fpem/load_level_uses_target_or_future_load": 0.0, "fpem/environment_gate_uses_target_in_forward": 0.0, "fpem/load_level_env_residual_scale": 0.0, "fpem/uses_cached_observable_load_prior": 1.0, "fpem/primary_loss": 8.88708764939081, "fpem/inv_pred_loss": 9.220958832332066, "fpem/primary_uses_route": 1.0, "fpem/primary_uses_env_fusion": 0.0, "fpem/backbone_agcrn": 1.0, "fpem/backbone_graphwavenet": 0.0, "fpem/backbone_staeformer": 0.0, "fpem/gc_pred_loss_only": 1.0, "fpem/env_route_head_mode_hyper_proto": 1.0, "fpem/fpem_force_uniform_route": 0.0, "fpem/hard_prediction_sinkhorn_total_replaces_primary": 0.0, "fpem/hard_prediction_environment_sinkhorn_total_replaces_primary": 0.0, "fpem/warmup_risk_sinkhorn_total_replaces_primary": 0.0, "fpem/lambda_club_mi": 0.0}, "conservative_override_threshold_selection": {"split": "val", "threshold": 0.5, "margin": 0.0, "mae": 11.540900230407715, "loss": 11.761279741923014, "mape": 0.18231342732906342, "confirmed_result": {"loss": 11.761279741923014, "mae": 11.540900230407715, "mape": 0.18231342732906342}}}
CONSERVATIVE_OVERRIDE_THRESHOLD_SELECTION {"split": "val", "threshold": 0.5, "margin": 0.0, "mae": 11.532556533813477, "loss": 11.758347034454346, "mape": 0.18533015251159668, "confirmed_result": {"loss": 11.758347034454346, "mae": 11.532556533813477, "mape": 0.18533015251159668}}
EPOCH {"epoch": 70, "train_loss": 10.92698838370187, "val": {"loss": 11.758347034454346, "mae": 11.532556533813477, "mape": 0.18533015251159668}, "test_mixed": {"loss": 10.522407232012068, "mae": 10.505877494812012, "mape": 0.17004624009132385}, "test_workday": {"loss": 10.40354525524637, "mae": 10.423123359680176, "mape": 0.17036326229572296}, "test_holiday": {"loss": 10.716798861821493, "mae": 10.649382591247559, "mape": 0.16949647665023804}, "test_avg_mae": 10.536252975463867, "best_selection_value": 10.536252975463867, "best_selection_split": "test_avg_DIAGNOSTIC", "best_selection_metric": "test_avg_mae", "lr": 0.001, "fpem_logs": {"fpem/fpem_env_use_exogenous": 1.0, "fpem/env_exogenous_available": 1.0, "fpem/env_exogenous_time_available": 1.0, "fpem/env_exogenous_load_available": 1.0, "fpem/env_exogenous_feature_dim": 32.0, "fpem/env_exogenous_embedding_norm": 2.996105632327852, "fpem/env_exogenous_load_embedding_norm": 2.113457761492048, "fpem/env_rep_ablation_normal": 1.0, "fpem/env_rep_ablation_zero": 0.0, "fpem/env_rep_ablation_shuffle_batch": 0.0, "fpem/env_rep_ablation_mode_id": 0.0, "fpem/mask_loss": 0.0, "fpem/mask_sparse_loss": 0.0, "fpem/mask_entropy_loss": 0.0, "fpem/mask_mean": 1.0, "fpem/mask_entropy": 0.0, "fpem/mask_active_ratio": 1.0, "fpem/fusion_alpha_mean": 0.0, "fpem/fusion_alpha_std": 0.0, "fpem/fusion_alpha_min": 0.0, "fpem/fusion_alpha_max": 0.0, "fpem/env_route_loss": 2.04381073088873, "fpem/env_route_L_final": 8.879991290682838, "fpem/env_route_L_global": 0.0, "fpem/env_route_L_route_soft": 0.0, "fpem/env_route_L_expert": 9.285314805167062, "fpem/env_route_L_router_oracle": 0.18674773123292696, "fpem/env_route_L_balance": 0.0, "fpem/env_route_L_diverse": 0.0, "fpem/env_route_L_proto_align": 0.0, "fpem/env_route_entropy": 0.0, "fpem/env_route_q_max_mean": 0.0, "fpem/hyper_alpha_mean": 0.0, "fpem/hyper_delta_norm": 0.0, "fpem/hyper_route_proto_mode_uniform_warmup": 0.0, "fpem/hyper_route_proto_mode_uniform_fixed": 0.0, "fpem/hyper_route_proto_mode_sinkhorn": 0.0, "fpem/hyper_route_proto_mode_softmax": 0.0, "fpem/fallback_q_mean": 0.0, "fpem/fallback_q_max": 0.0, "fpem/env_q_sum_mean": 1.0, "fpem/oracle_fallback_rate": 0.0, "fpem/route_count_fallback": 0.0, "fpem/env_route_head_mode": 1.0, "fpem/route_entropy_mean": 0.0, "fpem/route_mean_distribution_entropy": 0.0, "fpem/effective_expert_number": 1.0, "fpem/max_expert_usage_ratio": 0.0, "fpem/min_expert_usage_ratio": 0.0, "fpem/prototype_pairwise_cosine": 0.0, "fpem/expert_prediction_pairwise_cosine": 0.0, "fpem/expert_collapse_warning": 0.0, "fpem/env_route_target_mode_env_prototype": 0.0, "fpem/env_route_target_mode_hybrid": 0.0, "fpem/env_route_hybrid_alpha": 0.0, "fpem/env_route_train_mode_warmup_risk_sinkhorn": 0.0, "fpem/warmup_risk_stage_warmup": 0.0, "fpem/warmup_risk_stage_soft": 0.0, "fpem/warmup_risk_stage_hard": 0.0, "fpem/warmup_risk_selected_loss": 0.0, "fpem/warmup_risk_uniform_common_loss": 0.0, "fpem/warmup_risk_lambda_common": 0.0, "fpem/warmup_risk_total_common_term": 0.0, "fpem/warmup_risk_temperature": 0.0, "fpem/warmup_risk_temperature_progress": 0.0, "fpem/uniform_expert_mae": 0.0, "fpem/risk_routed_mae": 0.0, "fpem/risk_prediction_mae": 0.0, "fpem/risk_loss": 0.0, "fpem/risk_ranking_loss": 0.0, "fpem/risk_ranking_accuracy": 0.0, "fpem/risk_oracle_argmin_accuracy": 0.0, "fpem/risk_router_temperature": 0.0, "fpem/risk_router_lambda": 0.0, "fpem/risk_router_pairwise_lambda": 0.0, "fpem/env_route_train_mode_progressive_gmm_environment": 0.0, "fpem/top_level_prediction_source_progressive_gmm_teacher_hard": 0.0, "fpem/progressive_assignment_uses_target_or_prediction_error": 0.0, "fpem/progressive_partition_ready": 0.0, "fpem/progressive_selected_k": 0.0, "fpem/progressive_active_expert_count": 0.0, "fpem/progressive_last_partition_epoch": 0.0, "fpem/progressive_lambda_common": 0.0, "fpem/progressive_common_term": 0.0, "fpem/progressive_compactness_loss": 0.0, "fpem/progressive_consistency_loss": 0.0, "fpem/progressive_cluster_entropy": 0.0, "fpem/progressive_assignment_change_ratio": 0.0, "fpem/progressive_hungarian_overlap_score": 0.0, "fpem/progressive_partition_update_time_sec": 0.0, "fpem/progressive_routed_mae": 0.0, "fpem/progressive_gmm_environment_total_replaces_primary": 0.0, "fpem/env_route_count_head_0": 16.0, "fpem/env_route_oracle_count_head_0": 16.0, "fpem/route_count_env_head_0": 16.0, "fpem/route_soft_mean_expert_0": 1.0, "fpem/route_hard_count_expert_0": 16.0, "fpem/hard_count_expert_0": 16.0, "fpem/sinkhorn_soft_col_mass_expert_0": 0.0, "fpem/progressive_active_expert_0": 0.0, "fpem/progressive_cluster_size_0": 0.0, "fpem/progressive_cluster_ratio_0": 0.0, "fpem/progressive_cluster_to_expert_0": 0.0, "fpem/progressive_bic_k1": 0.0, "fpem/progressive_bic_score_k1": 0.0, "fpem/progressive_bic_rejected_k1": 0.0, "fpem/hyper_alpha_head_0": 0.0, "fpem/hyper_gamma_norm_head_0": 0.0, "fpem/hyper_beta_norm_head_0": 0.0, "fpem/expert_cross_mae_group_0_expert_0": 9.285314805167062, "fpem/load_expert_loss": 9.285314805167062, "fpem/conservative_override_router_loss": 0.18674773123292696, "fpem/hard_router_loss": 0.18674773123292696, "fpem/load_level_assignment_detached": 1.0, "fpem/load_level_count_0": 1680.0, "fpem/load_level_ratio_0": 1.0, "fpem/expert_0_global_loss": 9.285314805167062, "fpem/expert_0_selected_loss": 9.285314805167062, "fpem/conservative_all_environment_mae": 9.285314805167062, "fpem/conservative_all_invariant_mae": 9.662237458002, "fpem/conservative_selective_hard_routing_mae": 9.285314805167062, "fpem/conservative_oracle_mae": 9.246475632985433, "fpem/conservative_router_accuracy": 0.8232142857142857, "fpem/conservative_router_balanced_accuracy": 0.5380952380952381, "fpem/conservative_invariant_switch_coverage": 0.0, "fpem/conservative_invariant_switch_precision": 0.0, "fpem/conservative_correct_beneficial_switches": 0.0, "fpem/conservative_harmful_invariant_switches": 0.0, "fpem/conservative_saved_loss_from_correct_switches": 0.0, "fpem/conservative_added_loss_from_harmful_switches": 0.0, "fpem/conservative_net_routing_gain": 0.0, "fpem/conservative_oracle_gap_closed": 0.0, "fpem/conservative_selected_threshold": 0.5, "fpem/conservative_selected_margin": 0.0, "fpem/conservative_delta_mean": -0.3769226348116284, "fpem/conservative_delta_positive_ratio": 0.1767857142857143, "fpem/conservative_target_inv_ratio": 0.1767857142857143, "fpem/conservative_p_inv_mean": 0.05123307800718716, "fpem/conservative_p_inv_min": 0.015034889979731469, "fpem/conservative_p_inv_max": 0.09910207972640082, "fpem/conservative_prediction_is_hard_route": 1.0, "fpem/conservative_prediction_is_soft_fusion": 0.0, "fpem/conservative_router_target_detached": 1.0, "fpem/conservative_delta_detached": 1.0, "fpem/conservative_harmful_switch_weight": 2.0, "fpem/hard_router_predicted_env_ratio": 1.0, "fpem/hard_router_effective_env_ratio": 1.0, "fpem/hard_router_target_env_ratio": 0.8232142857142857, "fpem/hard_router_gain_mean": -0.3769226348116284, "fpem/hard_router_margin_mean": 0.0, "fpem/conservative_router_supervision_enabled": 1.0, "fpem/conservative_router_weight_mean": 0.9999999892143976, "fpem/conservative_router_weight_min": 0.061986507238942154, "fpem/conservative_router_weight_max": 2.7830639941351754, "fpem/expert_prediction_pairwise_difference": 0.0, "fpem/delta_pairwise_cosine": 0.0, "fpem/delta_pairwise_l1": 0.0, "fpem/delta_pairwise_l2": 0.0, "fpem/expert_0_parameter_norm": 15.027945918128603, "fpem/hard_binary_router_enabled": 1.0, "fpem/hard_router_uses_target_in_forward": 0.0, "fpem/stored_future_c_loaded": 0.0, "fpem/prediction_is_weighted_complete_fusion": 0.0, "fpem/prediction_is_hard_route": 1.0, "fpem/conservative_inv_override_enabled": 1.0, "fpem/conservative_router_features_detached": 1.0, "fpem/future_mi_loss": 0.0, "fpem/future_mi_valid": 0.0, "fpem/future_mi_logvar_mean": 0.0, "fpem/future_mi_target_mode_env_encoder": 0.0, "fpem/swap_loss": 0.0, "fpem/swap_diff_loss": 0.0, "fpem/swap_same_loss": 0.0, "fpem/swap_gain_mean": 0.0, "fpem/swap_s_gain_mean": 0.0, "fpem/swap_fallback_router_loss": 0.0, "fpem/swap_fallback_q_mean": 0.0, "fpem/swap_prediction_delta": 0.0, "fpem/swap_route_delta": 0.0, "fpem/swap_hyper_alpha_delta": 0.0, "fpem/swap_hyper_delta_norm": 0.0, "fpem/loss_env_day": 0.0, "fpem/loss_env_hour": 0.0, "fpem/loss_env_rush": 0.0, "fpem/env_day_acc": 0.0, "fpem/env_hour_acc": 0.0, "fpem/env_rush_acc": 0.0, "fpem/loss_env_supcon": 0.0, "fpem/env_supcon_valid_pairs": 0.0, "fpem/loss_inv_env_adv": 0.0, "fpem/inv_day_acc": 0.0, "fpem/inv_hour_acc": 0.0, "fpem/inv_rush_acc": 0.0, "fpem/loss_cross_cov_sep": 0.0, "fpem/load_level_experts_enabled": 1.0, "fpem/load_level_uses_target_or_future_load": 0.0, "fpem/environment_gate_uses_target_in_forward": 0.0, "fpem/load_level_env_residual_scale": 0.0, "fpem/uses_cached_observable_load_prior": 1.0, "fpem/primary_loss": 8.879991290682838, "fpem/inv_pred_loss": 9.21811355409168, "fpem/primary_uses_route": 1.0, "fpem/primary_uses_env_fusion": 0.0, "fpem/backbone_agcrn": 1.0, "fpem/backbone_graphwavenet": 0.0, "fpem/backbone_staeformer": 0.0, "fpem/gc_pred_loss_only": 1.0, "fpem/env_route_head_mode_hyper_proto": 1.0, "fpem/fpem_force_uniform_route": 0.0, "fpem/hard_prediction_sinkhorn_total_replaces_primary": 0.0, "fpem/hard_prediction_environment_sinkhorn_total_replaces_primary": 0.0, "fpem/warmup_risk_sinkhorn_total_replaces_primary": 0.0, "fpem/lambda_club_mi": 0.0}, "conservative_override_threshold_selection": {"split": "val", "threshold": 0.5, "margin": 0.0, "mae": 11.532556533813477, "loss": 11.758347034454346, "mape": 0.18533015251159668, "confirmed_result": {"loss": 11.758347034454346, "mae": 11.532556533813477, "mape": 0.18533015251159668}}}
CONSERVATIVE_OVERRIDE_THRESHOLD_SELECTION {"split": "val", "threshold": 0.5, "margin": 0.0, "mae": 11.618907928466797, "loss": 11.812153392367893, "mape": 0.17861132323741913, "confirmed_result": {"loss": 11.812153392367893, "mae": 11.618907928466797, "mape": 0.17861132323741913}}
EPOCH {"epoch": 71, "train_loss": 10.93403606414795, "val": {"loss": 11.812153392367893, "mae": 11.618907928466797, "mape": 0.17861132323741913}, "test_mixed": {"loss": 10.621114703587123, "mae": 10.608321189880371, "mape": 0.16540300846099854}, "test_workday": {"loss": 10.503029450126316, "mae": 10.527424812316895, "mape": 0.16604208946228027}, "test_holiday": {"loss": 10.814409255981445, "mae": 10.748605728149414, "mape": 0.1642947942018509}, "test_avg_mae": 10.638015270233154, "best_selection_value": 10.638015270233154, "best_selection_split": "test_avg_DIAGNOSTIC", "best_selection_metric": "test_avg_mae", "lr": 0.001, "fpem_logs": {"fpem/fpem_env_use_exogenous": 1.0, "fpem/env_exogenous_available": 1.0, "fpem/env_exogenous_time_available": 1.0, "fpem/env_exogenous_load_available": 1.0, "fpem/env_exogenous_feature_dim": 32.0, "fpem/env_exogenous_embedding_norm": 3.005050384430658, "fpem/env_exogenous_load_embedding_norm": 2.1245187259855722, "fpem/env_rep_ablation_normal": 1.0, "fpem/env_rep_ablation_zero": 0.0, "fpem/env_rep_ablation_shuffle_batch": 0.0, "fpem/env_rep_ablation_mode_id": 0.0, "fpem/mask_loss": 0.0, "fpem/mask_sparse_loss": 0.0, "fpem/mask_entropy_loss": 0.0, "fpem/mask_mean": 1.0, "fpem/mask_entropy": 0.0, "fpem/mask_active_ratio": 1.0, "fpem/fusion_alpha_mean": 0.0, "fpem/fusion_alpha_std": 0.0, "fpem/fusion_alpha_min": 0.0, "fpem/fusion_alpha_max": 0.0, "fpem/env_route_loss": 2.0502041794004895, "fpem/env_route_L_final": 8.871755100431896, "fpem/env_route_L_global": 0.0, "fpem/env_route_L_route_soft": 0.0, "fpem/env_route_L_expert": 9.284074533553351, "fpem/env_route_L_router_oracle": 0.19338924810290337, "fpem/env_route_L_balance": 0.0, "fpem/env_route_L_diverse": 0.0, "fpem/env_route_L_proto_align": 0.0, "fpem/env_route_entropy": 0.0, "fpem/env_route_q_max_mean": 0.0, "fpem/hyper_alpha_mean": 0.0, "fpem/hyper_delta_norm": 0.0, "fpem/hyper_route_proto_mode_uniform_warmup": 0.0, "fpem/hyper_route_proto_mode_uniform_fixed": 0.0, "fpem/hyper_route_proto_mode_sinkhorn": 0.0, "fpem/hyper_route_proto_mode_softmax": 0.0, "fpem/fallback_q_mean": 0.0, "fpem/fallback_q_max": 0.0, "fpem/env_q_sum_mean": 1.0, "fpem/oracle_fallback_rate": 0.0, "fpem/route_count_fallback": 0.0, "fpem/env_route_head_mode": 1.0, "fpem/route_entropy_mean": 0.0, "fpem/route_mean_distribution_entropy": 0.0, "fpem/effective_expert_number": 1.0, "fpem/max_expert_usage_ratio": 0.0, "fpem/min_expert_usage_ratio": 0.0, "fpem/prototype_pairwise_cosine": 0.0, "fpem/expert_prediction_pairwise_cosine": 0.0, "fpem/expert_collapse_warning": 0.0, "fpem/env_route_target_mode_env_prototype": 0.0, "fpem/env_route_target_mode_hybrid": 0.0, "fpem/env_route_hybrid_alpha": 0.0, "fpem/env_route_train_mode_warmup_risk_sinkhorn": 0.0, "fpem/warmup_risk_stage_warmup": 0.0, "fpem/warmup_risk_stage_soft": 0.0, "fpem/warmup_risk_stage_hard": 0.0, "fpem/warmup_risk_selected_loss": 0.0, "fpem/warmup_risk_uniform_common_loss": 0.0, "fpem/warmup_risk_lambda_common": 0.0, "fpem/warmup_risk_total_common_term": 0.0, "fpem/warmup_risk_temperature": 0.0, "fpem/warmup_risk_temperature_progress": 0.0, "fpem/uniform_expert_mae": 0.0, "fpem/risk_routed_mae": 0.0, "fpem/risk_prediction_mae": 0.0, "fpem/risk_loss": 0.0, "fpem/risk_ranking_loss": 0.0, "fpem/risk_ranking_accuracy": 0.0, "fpem/risk_oracle_argmin_accuracy": 0.0, "fpem/risk_router_temperature": 0.0, "fpem/risk_router_lambda": 0.0, "fpem/risk_router_pairwise_lambda": 0.0, "fpem/env_route_train_mode_progressive_gmm_environment": 0.0, "fpem/top_level_prediction_source_progressive_gmm_teacher_hard": 0.0, "fpem/progressive_assignment_uses_target_or_prediction_error": 0.0, "fpem/progressive_partition_ready": 0.0, "fpem/progressive_selected_k": 0.0, "fpem/progressive_active_expert_count": 0.0, "fpem/progressive_last_partition_epoch": 0.0, "fpem/progressive_lambda_common": 0.0, "fpem/progressive_common_term": 0.0, "fpem/progressive_compactness_loss": 0.0, "fpem/progressive_consistency_loss": 0.0, "fpem/progressive_cluster_entropy": 0.0, "fpem/progressive_assignment_change_ratio": 0.0, "fpem/progressive_hungarian_overlap_score": 0.0, "fpem/progressive_partition_update_time_sec": 0.0, "fpem/progressive_routed_mae": 0.0, "fpem/progressive_gmm_environment_total_replaces_primary": 0.0, "fpem/env_route_count_head_0": 16.0, "fpem/env_route_oracle_count_head_0": 16.0, "fpem/route_count_env_head_0": 16.0, "fpem/route_soft_mean_expert_0": 1.0, "fpem/route_hard_count_expert_0": 16.0, "fpem/hard_count_expert_0": 16.0, "fpem/sinkhorn_soft_col_mass_expert_0": 0.0, "fpem/progressive_active_expert_0": 0.0, "fpem/progressive_cluster_size_0": 0.0, "fpem/progressive_cluster_ratio_0": 0.0, "fpem/progressive_cluster_to_expert_0": 0.0, "fpem/progressive_bic_k1": 0.0, "fpem/progressive_bic_score_k1": 0.0, "fpem/progressive_bic_rejected_k1": 0.0, "fpem/hyper_alpha_head_0": 0.0, "fpem/hyper_gamma_norm_head_0": 0.0, "fpem/hyper_beta_norm_head_0": 0.0, "fpem/expert_cross_mae_group_0_expert_0": 9.284074533553351, "fpem/load_expert_loss": 9.284074533553351, "fpem/conservative_override_router_loss": 0.19338924810290337, "fpem/hard_router_loss": 0.19338924810290337, "fpem/load_level_assignment_detached": 1.0, "fpem/load_level_count_0": 1680.0, "fpem/load_level_ratio_0": 1.0, "fpem/expert_0_global_loss": 9.284074533553351, "fpem/expert_0_selected_loss": 9.284074533553351, "fpem/conservative_all_environment_mae": 9.284074533553351, "fpem/conservative_all_invariant_mae": 9.66223754428682, "fpem/conservative_selective_hard_routing_mae": 9.284074533553351, "fpem/conservative_oracle_mae": 9.243437294732956, "fpem/conservative_router_accuracy": 0.8130952380952381, "fpem/conservative_router_balanced_accuracy": 0.5095238095238095, "fpem/conservative_invariant_switch_coverage": 0.0, "fpem/conservative_invariant_switch_precision": 0.0, "fpem/conservative_correct_beneficial_switches": 0.0, "fpem/conservative_harmful_invariant_switches": 0.0, "fpem/conservative_saved_loss_from_correct_switches": 0.0, "fpem/conservative_added_loss_from_harmful_switches": 0.0, "fpem/conservative_net_routing_gain": 0.0, "fpem/conservative_oracle_gap_closed": 0.0, "fpem/conservative_selected_threshold": 0.5, "fpem/conservative_selected_margin": 0.0, "fpem/conservative_delta_mean": -0.378163013287953, "fpem/conservative_delta_positive_ratio": 0.1869047619047619, "fpem/conservative_target_inv_ratio": 0.1869047619047619, "fpem/conservative_p_inv_mean": 0.04948896652176266, "fpem/conservative_p_inv_min": 0.014674866212798017, "fpem/conservative_p_inv_max": 0.10147777167814119, "fpem/conservative_prediction_is_hard_route": 1.0, "fpem/conservative_prediction_is_soft_fusion": 0.0, "fpem/conservative_router_target_detached": 1.0, "fpem/conservative_delta_detached": 1.0, "fpem/conservative_harmful_switch_weight": 2.0, "fpem/hard_router_predicted_env_ratio": 1.0, "fpem/hard_router_effective_env_ratio": 1.0, "fpem/hard_router_target_env_ratio": 0.8130952380952381, "fpem/hard_router_gain_mean": -0.378163013287953, "fpem/hard_router_margin_mean": 0.0, "fpem/conservative_router_supervision_enabled": 1.0, "fpem/conservative_router_weight_mean": 0.9999999869437445, "fpem/conservative_router_weight_min": 0.05902265308735271, "fpem/conservative_router_weight_max": 2.9100083657673426, "fpem/expert_prediction_pairwise_difference": 0.0, "fpem/delta_pairwise_cosine": 0.0, "fpem/delta_pairwise_l1": 0.0, "fpem/delta_pairwise_l2": 0.0, "fpem/expert_0_parameter_norm": 15.031670870099749, "fpem/hard_binary_router_enabled": 1.0, "fpem/hard_router_uses_target_in_forward": 0.0, "fpem/stored_future_c_loaded": 0.0, "fpem/prediction_is_weighted_complete_fusion": 0.0, "fpem/prediction_is_hard_route": 1.0, "fpem/conservative_inv_override_enabled": 1.0, "fpem/conservative_router_features_detached": 1.0, "fpem/future_mi_loss": 0.0, "fpem/future_mi_valid": 0.0, "fpem/future_mi_logvar_mean": 0.0, "fpem/future_mi_target_mode_env_encoder": 0.0, "fpem/swap_loss": 0.0, "fpem/swap_diff_loss": 0.0, "fpem/swap_same_loss": 0.0, "fpem/swap_gain_mean": 0.0, "fpem/swap_s_gain_mean": 0.0, "fpem/swap_fallback_router_loss": 0.0, "fpem/swap_fallback_q_mean": 0.0, "fpem/swap_prediction_delta": 0.0, "fpem/swap_route_delta": 0.0, "fpem/swap_hyper_alpha_delta": 0.0, "fpem/swap_hyper_delta_norm": 0.0, "fpem/loss_env_day": 0.0, "fpem/loss_env_hour": 0.0, "fpem/loss_env_rush": 0.0, "fpem/env_day_acc": 0.0, "fpem/env_hour_acc": 0.0, "fpem/env_rush_acc": 0.0, "fpem/loss_env_supcon": 0.0, "fpem/env_supcon_valid_pairs": 0.0, "fpem/loss_inv_env_adv": 0.0, "fpem/inv_day_acc": 0.0, "fpem/inv_hour_acc": 0.0, "fpem/inv_rush_acc": 0.0, "fpem/loss_cross_cov_sep": 0.0, "fpem/load_level_experts_enabled": 1.0, "fpem/load_level_uses_target_or_future_load": 0.0, "fpem/environment_gate_uses_target_in_forward": 0.0, "fpem/load_level_env_residual_scale": 0.0, "fpem/uses_cached_observable_load_prior": 1.0, "fpem/primary_loss": 8.871755100431896, "fpem/inv_pred_loss": 9.208186544690813, "fpem/primary_uses_route": 1.0, "fpem/primary_uses_env_fusion": 0.0, "fpem/backbone_agcrn": 1.0, "fpem/backbone_graphwavenet": 0.0, "fpem/backbone_staeformer": 0.0, "fpem/gc_pred_loss_only": 1.0, "fpem/env_route_head_mode_hyper_proto": 1.0, "fpem/fpem_force_uniform_route": 0.0, "fpem/hard_prediction_sinkhorn_total_replaces_primary": 0.0, "fpem/hard_prediction_environment_sinkhorn_total_replaces_primary": 0.0, "fpem/warmup_risk_sinkhorn_total_replaces_primary": 0.0, "fpem/lambda_club_mi": 0.0}, "conservative_override_threshold_selection": {"split": "val", "threshold": 0.5, "margin": 0.0, "mae": 11.618907928466797, "loss": 11.812153392367893, "mape": 0.17861132323741913, "confirmed_result": {"loss": 11.812153392367893, "mae": 11.618907928466797, "mape": 0.17861132323741913}}}
CONSERVATIVE_OVERRIDE_THRESHOLD_SELECTION {"split": "val", "threshold": 0.5, "margin": 0.0, "mae": 11.564682960510254, "loss": 11.773032320870293, "mape": 0.18585731089115143, "confirmed_result": {"loss": 11.773032320870293, "mae": 11.564682960510254, "mape": 0.18585731089115143}}
EPOCH {"epoch": 72, "train_loss": 10.917888786679223, "val": {"loss": 11.773032320870293, "mae": 11.564682960510254, "mape": 0.18585731089115143}, "test_mixed": {"loss": 10.546993378230503, "mae": 10.532743453979492, "mape": 0.17083042860031128}, "test_workday": {"loss": 10.424084580462912, "mae": 10.446746826171875, "mape": 0.17062436044216156}, "test_holiday": {"loss": 10.748831470807394, "mae": 10.68187141418457, "mape": 0.17118775844573975}, "test_avg_mae": 10.564309120178223, "best_selection_value": 10.564309120178223, "best_selection_split": "test_avg_DIAGNOSTIC", "best_selection_metric": "test_avg_mae", "lr": 0.001, "fpem_logs": {"fpem/fpem_env_use_exogenous": 1.0, "fpem/env_exogenous_available": 1.0, "fpem/env_exogenous_time_available": 1.0, "fpem/env_exogenous_load_available": 1.0, "fpem/env_exogenous_feature_dim": 32.0, "fpem/env_exogenous_embedding_norm": 3.00754919052124, "fpem/env_exogenous_load_embedding_norm": 2.126041267031715, "fpem/env_rep_ablation_normal": 1.0, "fpem/env_rep_ablation_zero": 0.0, "fpem/env_rep_ablation_shuffle_batch": 0.0, "fpem/env_rep_ablation_mode_id": 0.0, "fpem/mask_loss": 0.0, "fpem/mask_sparse_loss": 0.0, "fpem/mask_entropy_loss": 0.0, "fpem/mask_mean": 1.0, "fpem/mask_entropy": 0.0, "fpem/mask_active_ratio": 1.0, "fpem/fusion_alpha_mean": 0.0, "fpem/fusion_alpha_std": 0.0, "fpem/fusion_alpha_min": 0.0, "fpem/fusion_alpha_max": 0.0, "fpem/env_route_loss": 2.0477437359946116, "fpem/env_route_L_final": 8.87751910345895, "fpem/env_route_L_global": 0.0, "fpem/env_route_L_route_soft": 0.0, "fpem/env_route_L_expert": 9.276270607539585, "fpem/env_route_L_router_oracle": 0.19248957637520064, "fpem/env_route_L_balance": 0.0, "fpem/env_route_L_diverse": 0.0, "fpem/env_route_L_proto_align": 0.0, "fpem/env_route_entropy": 0.0, "fpem/env_route_q_max_mean": 0.0, "fpem/hyper_alpha_mean": 0.0, "fpem/hyper_delta_norm": 0.0, "fpem/hyper_route_proto_mode_uniform_warmup": 0.0, "fpem/hyper_route_proto_mode_uniform_fixed": 0.0, "fpem/hyper_route_proto_mode_sinkhorn": 0.0, "fpem/hyper_route_proto_mode_softmax": 0.0, "fpem/fallback_q_mean": 0.0, "fpem/fallback_q_max": 0.0, "fpem/env_q_sum_mean": 1.0, "fpem/oracle_fallback_rate": 0.0, "fpem/route_count_fallback": 0.0, "fpem/env_route_head_mode": 1.0, "fpem/route_entropy_mean": 0.0, "fpem/route_mean_distribution_entropy": 0.0, "fpem/effective_expert_number": 1.0, "fpem/max_expert_usage_ratio": 0.0, "fpem/min_expert_usage_ratio": 0.0, "fpem/prototype_pairwise_cosine": 0.0, "fpem/expert_prediction_pairwise_cosine": 0.0, "fpem/expert_collapse_warning": 0.0, "fpem/env_route_target_mode_env_prototype": 0.0, "fpem/env_route_target_mode_hybrid": 0.0, "fpem/env_route_hybrid_alpha": 0.0, "fpem/env_route_train_mode_warmup_risk_sinkhorn": 0.0, "fpem/warmup_risk_stage_warmup": 0.0, "fpem/warmup_risk_stage_soft": 0.0, "fpem/warmup_risk_stage_hard": 0.0, "fpem/warmup_risk_selected_loss": 0.0, "fpem/warmup_risk_uniform_common_loss": 0.0, "fpem/warmup_risk_lambda_common": 0.0, "fpem/warmup_risk_total_common_term": 0.0, "fpem/warmup_risk_temperature": 0.0, "fpem/warmup_risk_temperature_progress": 0.0, "fpem/uniform_expert_mae": 0.0, "fpem/risk_routed_mae": 0.0, "fpem/risk_prediction_mae": 0.0, "fpem/risk_loss": 0.0, "fpem/risk_ranking_loss": 0.0, "fpem/risk_ranking_accuracy": 0.0, "fpem/risk_oracle_argmin_accuracy": 0.0, "fpem/risk_router_temperature": 0.0, "fpem/risk_router_lambda": 0.0, "fpem/risk_router_pairwise_lambda": 0.0, "fpem/env_route_train_mode_progressive_gmm_environment": 0.0, "fpem/top_level_prediction_source_progressive_gmm_teacher_hard": 0.0, "fpem/progressive_assignment_uses_target_or_prediction_error": 0.0, "fpem/progressive_partition_ready": 0.0, "fpem/progressive_selected_k": 0.0, "fpem/progressive_active_expert_count": 0.0, "fpem/progressive_last_partition_epoch": 0.0, "fpem/progressive_lambda_common": 0.0, "fpem/progressive_common_term": 0.0, "fpem/progressive_compactness_loss": 0.0, "fpem/progressive_consistency_loss": 0.0, "fpem/progressive_cluster_entropy": 0.0, "fpem/progressive_assignment_change_ratio": 0.0, "fpem/progressive_hungarian_overlap_score": 0.0, "fpem/progressive_partition_update_time_sec": 0.0, "fpem/progressive_routed_mae": 0.0, "fpem/progressive_gmm_environment_total_replaces_primary": 0.0, "fpem/env_route_count_head_0": 16.0, "fpem/env_route_oracle_count_head_0": 16.0, "fpem/route_count_env_head_0": 16.0, "fpem/route_soft_mean_expert_0": 1.0, "fpem/route_hard_count_expert_0": 16.0, "fpem/hard_count_expert_0": 16.0, "fpem/sinkhorn_soft_col_mass_expert_0": 0.0, "fpem/progressive_active_expert_0": 0.0, "fpem/progressive_cluster_size_0": 0.0, "fpem/progressive_cluster_ratio_0": 0.0, "fpem/progressive_cluster_to_expert_0": 0.0, "fpem/progressive_bic_k1": 0.0, "fpem/progressive_bic_score_k1": 0.0, "fpem/progressive_bic_rejected_k1": 0.0, "fpem/hyper_alpha_head_0": 0.0, "fpem/hyper_gamma_norm_head_0": 0.0, "fpem/hyper_beta_norm_head_0": 0.0, "fpem/expert_cross_mae_group_0_expert_0": 9.276270607539585, "fpem/load_expert_loss": 9.276270607539585, "fpem/conservative_override_router_loss": 0.19248957637520064, "fpem/hard_router_loss": 0.19248957637520064, "fpem/load_level_assignment_detached": 1.0, "fpem/load_level_count_0": 1680.0, "fpem/load_level_ratio_0": 1.0, "fpem/expert_0_global_loss": 9.276270607539585, "fpem/expert_0_selected_loss": 9.276270607539585, "fpem/conservative_all_environment_mae": 9.276270607539585, "fpem/conservative_all_invariant_mae": 9.662237503415062, "fpem/conservative_selective_hard_routing_mae": 9.276270607539585, "fpem/conservative_oracle_mae": 9.234206562950497, "fpem/conservative_router_accuracy": 0.8196428571428571, "fpem/conservative_router_balanced_accuracy": 0.5190476190476191, "fpem/conservative_invariant_switch_coverage": 0.0, "fpem/conservative_invariant_switch_precision": 0.0, "fpem/conservative_correct_beneficial_switches": 0.0, "fpem/conservative_harmful_invariant_switches": 0.0, "fpem/conservative_saved_loss_from_correct_switches": 0.0, "fpem/conservative_added_loss_from_harmful_switches": 0.0, "fpem/conservative_net_routing_gain": 0.0, "fpem/conservative_oracle_gap_closed": 0.0, "fpem/conservative_selected_threshold": 0.5, "fpem/conservative_selected_margin": 0.0, "fpem/conservative_delta_mean": -0.3859668717497871, "fpem/conservative_delta_positive_ratio": 0.18035714285714285, "fpem/conservative_target_inv_ratio": 0.18035714285714285, "fpem/conservative_p_inv_mean": 0.05073934804115977, "fpem/conservative_p_inv_min": 0.014674287284946158, "fpem/conservative_p_inv_max": 0.10263329765626363, "fpem/conservative_prediction_is_hard_route": 1.0, "fpem/conservative_prediction_is_soft_fusion": 0.0, "fpem/conservative_router_target_detached": 1.0, "fpem/conservative_delta_detached": 1.0, "fpem/conservative_harmful_switch_weight": 2.0, "fpem/hard_router_predicted_env_ratio": 1.0, "fpem/hard_router_effective_env_ratio": 1.0, "fpem/hard_router_target_env_ratio": 0.8196428571428571, "fpem/hard_router_gain_mean": -0.3859668717497871, "fpem/hard_router_margin_mean": 0.0, "fpem/conservative_router_supervision_enabled": 1.0, "fpem/conservative_router_weight_mean": 0.999999989782061, "fpem/conservative_router_weight_min": 0.05820077024746709, "fpem/conservative_router_weight_max": 2.837720875512986, "fpem/expert_prediction_pairwise_difference": 0.0, "fpem/delta_pairwise_cosine": 0.0, "fpem/delta_pairwise_l1": 0.0, "fpem/delta_pairwise_l2": 0.0, "fpem/expert_0_parameter_norm": 15.034288506280808, "fpem/hard_binary_router_enabled": 1.0, "fpem/hard_router_uses_target_in_forward": 0.0, "fpem/stored_future_c_loaded": 0.0, "fpem/prediction_is_weighted_complete_fusion": 0.0, "fpem/prediction_is_hard_route": 1.0, "fpem/conservative_inv_override_enabled": 1.0, "fpem/conservative_router_features_detached": 1.0, "fpem/future_mi_loss": 0.0, "fpem/future_mi_valid": 0.0, "fpem/future_mi_logvar_mean": 0.0, "fpem/future_mi_target_mode_env_encoder": 0.0, "fpem/swap_loss": 0.0, "fpem/swap_diff_loss": 0.0, "fpem/swap_same_loss": 0.0, "fpem/swap_gain_mean": 0.0, "fpem/swap_s_gain_mean": 0.0, "fpem/swap_fallback_router_loss": 0.0, "fpem/swap_fallback_q_mean": 0.0, "fpem/swap_prediction_delta": 0.0, "fpem/swap_route_delta": 0.0, "fpem/swap_hyper_alpha_delta": 0.0, "fpem/swap_hyper_delta_norm": 0.0, "fpem/loss_env_day": 0.0, "fpem/loss_env_hour": 0.0, "fpem/loss_env_rush": 0.0, "fpem/env_day_acc": 0.0, "fpem/env_hour_acc": 0.0, "fpem/env_rush_acc": 0.0, "fpem/loss_env_supcon": 0.0, "fpem/env_supcon_valid_pairs": 0.0, "fpem/loss_inv_env_adv": 0.0, "fpem/inv_day_acc": 0.0, "fpem/inv_hour_acc": 0.0, "fpem/inv_rush_acc": 0.0, "fpem/loss_cross_cov_sep": 0.0, "fpem/load_level_experts_enabled": 1.0, "fpem/load_level_uses_target_or_future_load": 0.0, "fpem/environment_gate_uses_target_in_forward": 0.0, "fpem/load_level_env_residual_scale": 0.0, "fpem/uses_cached_observable_load_prior": 1.0, "fpem/primary_loss": 8.87751910345895, "fpem/inv_pred_loss": 9.217597080412364, "fpem/primary_uses_route": 1.0, "fpem/primary_uses_env_fusion": 0.0, "fpem/backbone_agcrn": 1.0, "fpem/backbone_graphwavenet": 0.0, "fpem/backbone_staeformer": 0.0, "fpem/gc_pred_loss_only": 1.0, "fpem/env_route_head_mode_hyper_proto": 1.0, "fpem/fpem_force_uniform_route": 0.0, "fpem/hard_prediction_sinkhorn_total_replaces_primary": 0.0, "fpem/hard_prediction_environment_sinkhorn_total_replaces_primary": 0.0, "fpem/warmup_risk_sinkhorn_total_replaces_primary": 0.0, "fpem/lambda_club_mi": 0.0}, "conservative_override_threshold_selection": {"split": "val", "threshold": 0.5, "margin": 0.0, "mae": 11.564682960510254, "loss": 11.773032320870293, "mape": 0.18585731089115143, "confirmed_result": {"loss": 11.773032320870293, "mae": 11.564682960510254, "mape": 0.18585731089115143}}}
CONSERVATIVE_OVERRIDE_THRESHOLD_SELECTION {"split": "val", "threshold": 0.5, "margin": 0.0, "mae": 11.540426254272461, "loss": 11.756462785932753, "mape": 0.18833814561367035, "confirmed_result": {"loss": 11.756462785932753, "mae": 11.540426254272461, "mape": 0.18833814561367035}}
EPOCH {"epoch": 73, "train_loss": 10.915127172924223, "val": {"loss": 11.756462785932753, "mae": 11.540426254272461, "mape": 0.18833814561367035}, "test_mixed": {"loss": 10.51849993297032, "mae": 10.507970809936523, "mape": 0.173059344291687}, "test_workday": {"loss": 10.395133827043617, "mae": 10.422125816345215, "mape": 0.17286105453968048}, "test_holiday": {"loss": 10.72106937567393, "mae": 10.656837463378906, "mape": 0.17340315878391266}, "test_avg_mae": 10.53948163986206, "best_selection_value": 10.53948163986206, "best_selection_split": "test_avg_DIAGNOSTIC", "best_selection_metric": "test_avg_mae", "lr": 0.001, "fpem_logs": {"fpem/fpem_env_use_exogenous": 1.0, "fpem/env_exogenous_available": 1.0, "fpem/env_exogenous_time_available": 1.0, "fpem/env_exogenous_load_available": 1.0, "fpem/env_exogenous_feature_dim": 32.0, "fpem/env_exogenous_embedding_norm": 3.0138274124690465, "fpem/env_exogenous_load_embedding_norm": 2.133341330573672, "fpem/env_rep_ablation_normal": 1.0, "fpem/env_rep_ablation_zero": 0.0, "fpem/env_rep_ablation_shuffle_batch": 0.0, "fpem/env_rep_ablation_mode_id": 0.0, "fpem/mask_loss": 0.0, "fpem/mask_sparse_loss": 0.0, "fpem/mask_entropy_loss": 0.0, "fpem/mask_mean": 1.0, "fpem/mask_entropy": 0.0, "fpem/mask_active_ratio": 1.0, "fpem/fusion_alpha_mean": 0.0, "fpem/fusion_alpha_std": 0.0, "fpem/fusion_alpha_min": 0.0, "fpem/fusion_alpha_max": 0.0, "fpem/env_route_loss": 2.0415579443886167, "fpem/env_route_L_final": 8.869874777112688, "fpem/env_route_L_global": 0.0, "fpem/env_route_L_route_soft": 0.0, "fpem/env_route_L_expert": 9.271327672685896, "fpem/env_route_L_router_oracle": 0.18729238909270082, "fpem/env_route_L_balance": 0.0, "fpem/env_route_L_diverse": 0.0, "fpem/env_route_L_proto_align": 0.0, "fpem/env_route_entropy": 0.0, "fpem/env_route_q_max_mean": 0.0, "fpem/hyper_alpha_mean": 0.0, "fpem/hyper_delta_norm": 0.0, "fpem/hyper_route_proto_mode_uniform_warmup": 0.0, "fpem/hyper_route_proto_mode_uniform_fixed": 0.0, "fpem/hyper_route_proto_mode_sinkhorn": 0.0, "fpem/hyper_route_proto_mode_softmax": 0.0, "fpem/fallback_q_mean": 0.0, "fpem/fallback_q_max": 0.0, "fpem/env_q_sum_mean": 1.0, "fpem/oracle_fallback_rate": 0.0, "fpem/route_count_fallback": 0.0, "fpem/env_route_head_mode": 1.0, "fpem/route_entropy_mean": 0.0, "fpem/route_mean_distribution_entropy": 0.0, "fpem/effective_expert_number": 1.0, "fpem/max_expert_usage_ratio": 0.0, "fpem/min_expert_usage_ratio": 0.0, "fpem/prototype_pairwise_cosine": 0.0, "fpem/expert_prediction_pairwise_cosine": 0.0, "fpem/expert_collapse_warning": 0.0, "fpem/env_route_target_mode_env_prototype": 0.0, "fpem/env_route_target_mode_hybrid": 0.0, "fpem/env_route_hybrid_alpha": 0.0, "fpem/env_route_train_mode_warmup_risk_sinkhorn": 0.0, "fpem/warmup_risk_stage_warmup": 0.0, "fpem/warmup_risk_stage_soft": 0.0, "fpem/warmup_risk_stage_hard": 0.0, "fpem/warmup_risk_selected_loss": 0.0, "fpem/warmup_risk_uniform_common_loss": 0.0, "fpem/warmup_risk_lambda_common": 0.0, "fpem/warmup_risk_total_common_term": 0.0, "fpem/warmup_risk_temperature": 0.0, "fpem/warmup_risk_temperature_progress": 0.0, "fpem/uniform_expert_mae": 0.0, "fpem/risk_routed_mae": 0.0, "fpem/risk_prediction_mae": 0.0, "fpem/risk_loss": 0.0, "fpem/risk_ranking_loss": 0.0, "fpem/risk_ranking_accuracy": 0.0, "fpem/risk_oracle_argmin_accuracy": 0.0, "fpem/risk_router_temperature": 0.0, "fpem/risk_router_lambda": 0.0, "fpem/risk_router_pairwise_lambda": 0.0, "fpem/env_route_train_mode_progressive_gmm_environment": 0.0, "fpem/top_level_prediction_source_progressive_gmm_teacher_hard": 0.0, "fpem/progressive_assignment_uses_target_or_prediction_error": 0.0, "fpem/progressive_partition_ready": 0.0, "fpem/progressive_selected_k": 0.0, "fpem/progressive_active_expert_count": 0.0, "fpem/progressive_last_partition_epoch": 0.0, "fpem/progressive_lambda_common": 0.0, "fpem/progressive_common_term": 0.0, "fpem/progressive_compactness_loss": 0.0, "fpem/progressive_consistency_loss": 0.0, "fpem/progressive_cluster_entropy": 0.0, "fpem/progressive_assignment_change_ratio": 0.0, "fpem/progressive_hungarian_overlap_score": 0.0, "fpem/progressive_partition_update_time_sec": 0.0, "fpem/progressive_routed_mae": 0.0, "fpem/progressive_gmm_environment_total_replaces_primary": 0.0, "fpem/env_route_count_head_0": 16.0, "fpem/env_route_oracle_count_head_0": 16.0, "fpem/route_count_env_head_0": 16.0, "fpem/route_soft_mean_expert_0": 1.0, "fpem/route_hard_count_expert_0": 16.0, "fpem/hard_count_expert_0": 16.0, "fpem/sinkhorn_soft_col_mass_expert_0": 0.0, "fpem/progressive_active_expert_0": 0.0, "fpem/progressive_cluster_size_0": 0.0, "fpem/progressive_cluster_ratio_0": 0.0, "fpem/progressive_cluster_to_expert_0": 0.0, "fpem/progressive_bic_k1": 0.0, "fpem/progressive_bic_score_k1": 0.0, "fpem/progressive_bic_rejected_k1": 0.0, "fpem/hyper_alpha_head_0": 0.0, "fpem/hyper_gamma_norm_head_0": 0.0, "fpem/hyper_beta_norm_head_0": 0.0, "fpem/expert_cross_mae_group_0_expert_0": 9.271327672685896, "fpem/load_expert_loss": 9.271327672685896, "fpem/conservative_override_router_loss": 0.18729238909270082, "fpem/hard_router_loss": 0.18729238909270082, "fpem/load_level_assignment_detached": 1.0, "fpem/load_level_count_0": 1680.0, "fpem/load_level_ratio_0": 1.0, "fpem/expert_0_global_loss": 9.271327672685896, "fpem/expert_0_selected_loss": 9.271327672685896, "fpem/conservative_all_environment_mae": 9.271327672685896, "fpem/conservative_all_invariant_mae": 9.662237512497676, "fpem/conservative_selective_hard_routing_mae": 9.271327672685896, "fpem/conservative_oracle_mae": 9.231715760912214, "fpem/conservative_router_accuracy": 0.8273809523809523, "fpem/conservative_router_balanced_accuracy": 0.5095238095238095, "fpem/conservative_invariant_switch_coverage": 0.0, "fpem/conservative_invariant_switch_precision": 0.0, "fpem/conservative_correct_beneficial_switches": 0.0, "fpem/conservative_harmful_invariant_switches": 0.0, "fpem/conservative_saved_loss_from_correct_switches": 0.0, "fpem/conservative_added_loss_from_harmful_switches": 0.0, "fpem/conservative_net_routing_gain": 0.0, "fpem/conservative_oracle_gap_closed": 0.0, "fpem/conservative_selected_threshold": 0.5, "fpem/conservative_selected_margin": 0.0, "fpem/conservative_delta_mean": -0.3909097949663798, "fpem/conservative_delta_positive_ratio": 0.17261904761904762, "fpem/conservative_target_inv_ratio": 0.17261904761904762, "fpem/conservative_p_inv_mean": 0.0478028819142353, "fpem/conservative_p_inv_min": 0.013328017409713495, "fpem/conservative_p_inv_max": 0.09787911258283116, "fpem/conservative_prediction_is_hard_route": 1.0, "fpem/conservative_prediction_is_soft_fusion": 0.0, "fpem/conservative_router_target_detached": 1.0, "fpem/conservative_delta_detached": 1.0, "fpem/conservative_harmful_switch_weight": 2.0, "fpem/hard_router_predicted_env_ratio": 1.0, "fpem/hard_router_effective_env_ratio": 1.0, "fpem/hard_router_target_env_ratio": 0.8273809523809523, "fpem/hard_router_gain_mean": -0.3909097949663798, "fpem/hard_router_margin_mean": 0.0, "fpem/conservative_router_supervision_enabled": 1.0, "fpem/conservative_router_weight_mean": 0.9999999914850507, "fpem/conservative_router_weight_min": 0.06597086132637092, "fpem/conservative_router_weight_max": 2.8226693607511972, "fpem/expert_prediction_pairwise_difference": 0.0, "fpem/delta_pairwise_cosine": 0.0, "fpem/delta_pairwise_l1": 0.0, "fpem/delta_pairwise_l2": 0.0, "fpem/expert_0_parameter_norm": 15.041547057742164, "fpem/hard_binary_router_enabled": 1.0, "fpem/hard_router_uses_target_in_forward": 0.0, "fpem/stored_future_c_loaded": 0.0, "fpem/prediction_is_weighted_complete_fusion": 0.0, "fpem/prediction_is_hard_route": 1.0, "fpem/conservative_inv_override_enabled": 1.0, "fpem/conservative_router_features_detached": 1.0, "fpem/future_mi_loss": 0.0, "fpem/future_mi_valid": 0.0, "fpem/future_mi_logvar_mean": 0.0, "fpem/future_mi_target_mode_env_encoder": 0.0, "fpem/swap_loss": 0.0, "fpem/swap_diff_loss": 0.0, "fpem/swap_same_loss": 0.0, "fpem/swap_gain_mean": 0.0, "fpem/swap_s_gain_mean": 0.0, "fpem/swap_fallback_router_loss": 0.0, "fpem/swap_fallback_q_mean": 0.0, "fpem/swap_prediction_delta": 0.0, "fpem/swap_route_delta": 0.0, "fpem/swap_hyper_alpha_delta": 0.0, "fpem/swap_hyper_delta_norm": 0.0, "fpem/loss_env_day": 0.0, "fpem/loss_env_hour": 0.0, "fpem/loss_env_rush": 0.0, "fpem/env_day_acc": 0.0, "fpem/env_hour_acc": 0.0, "fpem/env_rush_acc": 0.0, "fpem/loss_env_supcon": 0.0, "fpem/env_supcon_valid_pairs": 0.0, "fpem/loss_inv_env_adv": 0.0, "fpem/inv_day_acc": 0.0, "fpem/inv_hour_acc": 0.0, "fpem/inv_rush_acc": 0.0, "fpem/loss_cross_cov_sep": 0.0, "fpem/load_level_experts_enabled": 1.0, "fpem/load_level_uses_target_or_future_load": 0.0, "fpem/environment_gate_uses_target_in_forward": 0.0, "fpem/load_level_env_residual_scale": 0.0, "fpem/uses_cached_observable_load_prior": 1.0, "fpem/primary_loss": 8.869874777112688, "fpem/inv_pred_loss": 9.217366886138915, "fpem/primary_uses_route": 1.0, "fpem/primary_uses_env_fusion": 0.0, "fpem/backbone_agcrn": 1.0, "fpem/backbone_graphwavenet": 0.0, "fpem/backbone_staeformer": 0.0, "fpem/gc_pred_loss_only": 1.0, "fpem/env_route_head_mode_hyper_proto": 1.0, "fpem/fpem_force_uniform_route": 0.0, "fpem/hard_prediction_sinkhorn_total_replaces_primary": 0.0, "fpem/hard_prediction_environment_sinkhorn_total_replaces_primary": 0.0, "fpem/warmup_risk_sinkhorn_total_replaces_primary": 0.0, "fpem/lambda_club_mi": 0.0}, "conservative_override_threshold_selection": {"split": "val", "threshold": 0.5, "margin": 0.0, "mae": 11.540426254272461, "loss": 11.756462785932753, "mape": 0.18833814561367035, "confirmed_result": {"loss": 11.756462785932753, "mae": 11.540426254272461, "mape": 0.18833814561367035}}}
CONSERVATIVE_OVERRIDE_THRESHOLD_SELECTION {"split": "val", "threshold": 0.5, "margin": 0.0, "mae": 11.547626495361328, "loss": 11.762388918134901, "mape": 0.18015234172344208, "confirmed_result": {"loss": 11.762388918134901, "mae": 11.547626495361328, "mape": 0.18015234172344208}}
EPOCH {"epoch": 74, "train_loss": 10.885915392921085, "val": {"loss": 11.762388918134901, "mae": 11.547626495361328, "mape": 0.18015234172344208}, "test_mixed": {"loss": 10.524829169682095, "mae": 10.507279396057129, "mape": 0.16553530097007751}, "test_workday": {"loss": 10.409383566483207, "mae": 10.427413940429688, "mape": 0.16572552919387817}, "test_holiday": {"loss": 10.712144215901693, "mae": 10.645774841308594, "mape": 0.1652054339647293}, "test_avg_mae": 10.53659439086914, "best_selection_value": 10.53659439086914, "best_selection_split": "test_avg_DIAGNOSTIC", "best_selection_metric": "test_avg_mae", "lr": 0.001, "fpem_logs": {"fpem/fpem_env_use_exogenous": 1.0, "fpem/env_exogenous_available": 1.0, "fpem/env_exogenous_time_available": 1.0, "fpem/env_exogenous_load_available": 1.0, "fpem/env_exogenous_feature_dim": 32.0, "fpem/env_exogenous_embedding_norm": 3.014653056008475, "fpem/env_exogenous_load_embedding_norm": 2.132564363025484, "fpem/env_rep_ablation_normal": 1.0, "fpem/env_rep_ablation_zero": 0.0, "fpem/env_rep_ablation_shuffle_batch": 0.0, "fpem/env_rep_ablation_mode_id": 0.0, "fpem/mask_loss": 0.0, "fpem/mask_sparse_loss": 0.0, "fpem/mask_entropy_loss": 0.0, "fpem/mask_mean": 1.0, "fpem/mask_entropy": 0.0, "fpem/mask_active_ratio": 1.0, "fpem/fusion_alpha_mean": 0.0, "fpem/fusion_alpha_std": 0.0, "fpem/fusion_alpha_min": 0.0, "fpem/fusion_alpha_max": 0.0, "fpem/env_route_loss": 2.0285021316437493, "fpem/env_route_L_final": 8.855498277573359, "fpem/env_route_L_global": 0.0, "fpem/env_route_L_route_soft": 0.0, "fpem/env_route_L_expert": 9.261426249004545, "fpem/env_route_L_router_oracle": 0.17621685255851063, "fpem/env_route_L_balance": 0.0, "fpem/env_route_L_diverse": 0.0, "fpem/env_route_L_proto_align": 0.0, "fpem/env_route_entropy": 0.0, "fpem/env_route_q_max_mean": 0.0, "fpem/hyper_alpha_mean": 0.0, "fpem/hyper_delta_norm": 0.0, "fpem/hyper_route_proto_mode_uniform_warmup": 0.0, "fpem/hyper_route_proto_mode_uniform_fixed": 0.0, "fpem/hyper_route_proto_mode_sinkhorn": 0.0, "fpem/hyper_route_proto_mode_softmax": 0.0, "fpem/fallback_q_mean": 0.0, "fpem/fallback_q_max": 0.0, "fpem/env_q_sum_mean": 1.0, "fpem/oracle_fallback_rate": 0.0, "fpem/route_count_fallback": 0.0, "fpem/env_route_head_mode": 1.0, "fpem/route_entropy_mean": 0.0, "fpem/route_mean_distribution_entropy": 0.0, "fpem/effective_expert_number": 1.0, "fpem/max_expert_usage_ratio": 0.0, "fpem/min_expert_usage_ratio": 0.0, "fpem/prototype_pairwise_cosine": 0.0, "fpem/expert_prediction_pairwise_cosine": 0.0, "fpem/expert_collapse_warning": 0.0, "fpem/env_route_target_mode_env_prototype": 0.0, "fpem/env_route_target_mode_hybrid": 0.0, "fpem/env_route_hybrid_alpha": 0.0, "fpem/env_route_train_mode_warmup_risk_sinkhorn": 0.0, "fpem/warmup_risk_stage_warmup": 0.0, "fpem/warmup_risk_stage_soft": 0.0, "fpem/warmup_risk_stage_hard": 0.0, "fpem/warmup_risk_selected_loss": 0.0, "fpem/warmup_risk_uniform_common_loss": 0.0, "fpem/warmup_risk_lambda_common": 0.0, "fpem/warmup_risk_total_common_term": 0.0, "fpem/warmup_risk_temperature": 0.0, "fpem/warmup_risk_temperature_progress": 0.0, "fpem/uniform_expert_mae": 0.0, "fpem/risk_routed_mae": 0.0, "fpem/risk_prediction_mae": 0.0, "fpem/risk_loss": 0.0, "fpem/risk_ranking_loss": 0.0, "fpem/risk_ranking_accuracy": 0.0, "fpem/risk_oracle_argmin_accuracy": 0.0, "fpem/risk_router_temperature": 0.0, "fpem/risk_router_lambda": 0.0, "fpem/risk_router_pairwise_lambda": 0.0, "fpem/env_route_train_mode_progressive_gmm_environment": 0.0, "fpem/top_level_prediction_source_progressive_gmm_teacher_hard": 0.0, "fpem/progressive_assignment_uses_target_or_prediction_error": 0.0, "fpem/progressive_partition_ready": 0.0, "fpem/progressive_selected_k": 0.0, "fpem/progressive_active_expert_count": 0.0, "fpem/progressive_last_partition_epoch": 0.0, "fpem/progressive_lambda_common": 0.0, "fpem/progressive_common_term": 0.0, "fpem/progressive_compactness_loss": 0.0, "fpem/progressive_consistency_loss": 0.0, "fpem/progressive_cluster_entropy": 0.0, "fpem/progressive_assignment_change_ratio": 0.0, "fpem/progressive_hungarian_overlap_score": 0.0, "fpem/progressive_partition_update_time_sec": 0.0, "fpem/progressive_routed_mae": 0.0, "fpem/progressive_gmm_environment_total_replaces_primary": 0.0, "fpem/env_route_count_head_0": 16.0, "fpem/env_route_oracle_count_head_0": 16.0, "fpem/route_count_env_head_0": 16.0, "fpem/route_soft_mean_expert_0": 1.0, "fpem/route_hard_count_expert_0": 16.0, "fpem/hard_count_expert_0": 16.0, "fpem/sinkhorn_soft_col_mass_expert_0": 0.0, "fpem/progressive_active_expert_0": 0.0, "fpem/progressive_cluster_size_0": 0.0, "fpem/progressive_cluster_ratio_0": 0.0, "fpem/progressive_cluster_to_expert_0": 0.0, "fpem/progressive_bic_k1": 0.0, "fpem/progressive_bic_score_k1": 0.0, "fpem/progressive_bic_rejected_k1": 0.0, "fpem/hyper_alpha_head_0": 0.0, "fpem/hyper_gamma_norm_head_0": 0.0, "fpem/hyper_beta_norm_head_0": 0.0, "fpem/expert_cross_mae_group_0_expert_0": 9.261426249004545, "fpem/load_expert_loss": 9.261426249004545, "fpem/conservative_override_router_loss": 0.17621685255851063, "fpem/hard_router_loss": 0.17621685255851063, "fpem/load_level_assignment_detached": 1.0, "fpem/load_level_count_0": 1680.0, "fpem/load_level_ratio_0": 1.0, "fpem/expert_0_global_loss": 9.261426249004545, "fpem/expert_0_selected_loss": 9.261426249004545, "fpem/conservative_all_environment_mae": 9.261426249004545, "fpem/conservative_all_invariant_mae": 9.662237498873756, "fpem/conservative_selective_hard_routing_mae": 9.261426249004545, "fpem/conservative_oracle_mae": 9.22307018098377, "fpem/conservative_router_accuracy": 0.8315476190476191, "fpem/conservative_router_balanced_accuracy": 0.5, "fpem/conservative_invariant_switch_coverage": 0.0, "fpem/conservative_invariant_switch_precision": 0.0, "fpem/conservative_correct_beneficial_switches": 0.0, "fpem/conservative_harmful_invariant_switches": 0.0, "fpem/conservative_saved_loss_from_correct_switches": 0.0, "fpem/conservative_added_loss_from_harmful_switches": 0.0, "fpem/conservative_net_routing_gain": 0.0, "fpem/conservative_oracle_gap_closed": 0.0, "fpem/conservative_selected_threshold": 0.5, "fpem/conservative_selected_margin": 0.0, "fpem/conservative_delta_mean": -0.40081123596145996, "fpem/conservative_delta_positive_ratio": 0.16845238095238096, "fpem/conservative_target_inv_ratio": 0.16845238095238096, "fpem/conservative_p_inv_mean": 0.0477592167754968, "fpem/conservative_p_inv_min": 0.013549194338598422, "fpem/conservative_p_inv_max": 0.09888697316249212, "fpem/conservative_prediction_is_hard_route": 1.0, "fpem/conservative_prediction_is_soft_fusion": 0.0, "fpem/conservative_router_target_detached": 1.0, "fpem/conservative_delta_detached": 1.0, "fpem/conservative_harmful_switch_weight": 2.0, "fpem/hard_router_predicted_env_ratio": 1.0, "fpem/hard_router_effective_env_ratio": 1.0, "fpem/hard_router_target_env_ratio": 0.8315476190476191, "fpem/hard_router_gain_mean": -0.40081123596145996, "fpem/hard_router_margin_mean": 0.0, "fpem/conservative_router_supervision_enabled": 1.0, "fpem/conservative_router_weight_mean": 0.9999999903497242, "fpem/conservative_router_weight_min": 0.07159006557161601, "fpem/conservative_router_weight_max": 2.784622045925685, "fpem/expert_prediction_pairwise_difference": 0.0, "fpem/delta_pairwise_cosine": 0.0, "fpem/delta_pairwise_l1": 0.0, "fpem/delta_pairwise_l2": 0.0, "fpem/expert_0_parameter_norm": 15.041550282069615, "fpem/hard_binary_router_enabled": 1.0, "fpem/hard_router_uses_target_in_forward": 0.0, "fpem/stored_future_c_loaded": 0.0, "fpem/prediction_is_weighted_complete_fusion": 0.0, "fpem/prediction_is_hard_route": 1.0, "fpem/conservative_inv_override_enabled": 1.0, "fpem/conservative_router_features_detached": 1.0, "fpem/future_mi_loss": 0.0, "fpem/future_mi_valid": 0.0, "fpem/future_mi_logvar_mean": 0.0, "fpem/future_mi_target_mode_env_encoder": 0.0, "fpem/swap_loss": 0.0, "fpem/swap_diff_loss": 0.0, "fpem/swap_same_loss": 0.0, "fpem/swap_gain_mean": 0.0, "fpem/swap_s_gain_mean": 0.0, "fpem/swap_fallback_router_loss": 0.0, "fpem/swap_fallback_q_mean": 0.0, "fpem/swap_prediction_delta": 0.0, "fpem/swap_route_delta": 0.0, "fpem/swap_hyper_alpha_delta": 0.0, "fpem/swap_hyper_delta_norm": 0.0, "fpem/loss_env_day": 0.0, "fpem/loss_env_hour": 0.0, "fpem/loss_env_rush": 0.0, "fpem/env_day_acc": 0.0, "fpem/env_hour_acc": 0.0, "fpem/env_rush_acc": 0.0, "fpem/loss_env_supcon": 0.0, "fpem/env_supcon_valid_pairs": 0.0, "fpem/loss_inv_env_adv": 0.0, "fpem/inv_day_acc": 0.0, "fpem/inv_hour_acc": 0.0, "fpem/inv_rush_acc": 0.0, "fpem/loss_cross_cov_sep": 0.0, "fpem/load_level_experts_enabled": 1.0, "fpem/load_level_uses_target_or_future_load": 0.0, "fpem/environment_gate_uses_target_in_forward": 0.0, "fpem/load_level_env_residual_scale": 0.0, "fpem/uses_cached_observable_load_prior": 1.0, "fpem/primary_loss": 8.855498277573359, "fpem/inv_pred_loss": 9.215810907454717, "fpem/primary_uses_route": 1.0, "fpem/primary_uses_env_fusion": 0.0, "fpem/backbone_agcrn": 1.0, "fpem/backbone_graphwavenet": 0.0, "fpem/backbone_staeformer": 0.0, "fpem/gc_pred_loss_only": 1.0, "fpem/env_route_head_mode_hyper_proto": 1.0, "fpem/fpem_force_uniform_route": 0.0, "fpem/hard_prediction_sinkhorn_total_replaces_primary": 0.0, "fpem/hard_prediction_environment_sinkhorn_total_replaces_primary": 0.0, "fpem/warmup_risk_sinkhorn_total_replaces_primary": 0.0, "fpem/lambda_club_mi": 0.0}, "conservative_override_threshold_selection": {"split": "val", "threshold": 0.5, "margin": 0.0, "mae": 11.547626495361328, "loss": 11.762388918134901, "mape": 0.18015234172344208, "confirmed_result": {"loss": 11.762388918134901, "mae": 11.547626495361328, "mape": 0.18015234172344208}}}
CONSERVATIVE_OVERRIDE_THRESHOLD_SELECTION {"split": "val", "threshold": 0.5, "margin": 0.0, "mae": 11.554194450378418, "loss": 11.76148804028829, "mape": 0.1787942349910736, "confirmed_result": {"loss": 11.76148804028829, "mae": 11.554194450378418, "mape": 0.1787942349910736}}
EPOCH {"epoch": 75, "train_loss": 10.867533829098656, "val": {"loss": 11.76148804028829, "mae": 11.554194450378418, "mape": 0.1787942349910736}, "test_mixed": {"loss": 10.5370388848441, "mae": 10.521227836608887, "mape": 0.1644221395254135}, "test_workday": {"loss": 10.421278538911238, "mae": 10.442885398864746, "mape": 0.16477487981319427}, "test_holiday": {"loss": 10.725145618120829, "mae": 10.65708065032959, "mape": 0.16381044685840607}, "test_avg_mae": 10.549983024597168, "best_selection_value": 10.549983024597168, "best_selection_split": "test_avg_DIAGNOSTIC", "best_selection_metric": "test_avg_mae", "lr": 0.001, "fpem_logs": {"fpem/fpem_env_use_exogenous": 1.0, "fpem/env_exogenous_available": 1.0, "fpem/env_exogenous_time_available": 1.0, "fpem/env_exogenous_load_available": 1.0, "fpem/env_exogenous_feature_dim": 32.0, "fpem/env_exogenous_embedding_norm": 3.0165266513824465, "fpem/env_exogenous_load_embedding_norm": 2.136570201601301, "fpem/env_rep_ablation_normal": 1.0, "fpem/env_rep_ablation_zero": 0.0, "fpem/env_rep_ablation_shuffle_batch": 0.0, "fpem/env_rep_ablation_mode_id": 0.0, "fpem/mask_loss": 0.0, "fpem/mask_sparse_loss": 0.0, "fpem/mask_entropy_loss": 0.0, "fpem/mask_mean": 1.0, "fpem/mask_entropy": 0.0, "fpem/mask_active_ratio": 1.0, "fpem/fusion_alpha_mean": 0.0, "fpem/fusion_alpha_std": 0.0, "fpem/fusion_alpha_min": 0.0, "fpem/fusion_alpha_max": 0.0, "fpem/env_route_loss": 2.0128369399479458, "fpem/env_route_L_final": 8.85005271094186, "fpem/env_route_L_global": 0.0, "fpem/env_route_L_route_soft": 0.0, "fpem/env_route_L_expert": 9.252129364013673, "fpem/env_route_L_router_oracle": 0.16241103960644632, "fpem/env_route_L_balance": 0.0, "fpem/env_route_L_diverse": 0.0, "fpem/env_route_L_proto_align": 0.0, "fpem/env_route_entropy": 0.0, "fpem/env_route_q_max_mean": 0.0, "fpem/hyper_alpha_mean": 0.0, "fpem/hyper_delta_norm": 0.0, "fpem/hyper_route_proto_mode_uniform_warmup": 0.0, "fpem/hyper_route_proto_mode_uniform_fixed": 0.0, "fpem/hyper_route_proto_mode_sinkhorn": 0.0, "fpem/hyper_route_proto_mode_softmax": 0.0, "fpem/fallback_q_mean": 0.0, "fpem/fallback_q_max": 0.0, "fpem/env_q_sum_mean": 1.0, "fpem/oracle_fallback_rate": 0.0, "fpem/route_count_fallback": 0.0, "fpem/env_route_head_mode": 1.0, "fpem/route_entropy_mean": 0.0, "fpem/route_mean_distribution_entropy": 0.0, "fpem/effective_expert_number": 1.0, "fpem/max_expert_usage_ratio": 0.0, "fpem/min_expert_usage_ratio": 0.0, "fpem/prototype_pairwise_cosine": 0.0, "fpem/expert_prediction_pairwise_cosine": 0.0, "fpem/expert_collapse_warning": 0.0, "fpem/env_route_target_mode_env_prototype": 0.0, "fpem/env_route_target_mode_hybrid": 0.0, "fpem/env_route_hybrid_alpha": 0.0, "fpem/env_route_train_mode_warmup_risk_sinkhorn": 0.0, "fpem/warmup_risk_stage_warmup": 0.0, "fpem/warmup_risk_stage_soft": 0.0, "fpem/warmup_risk_stage_hard": 0.0, "fpem/warmup_risk_selected_loss": 0.0, "fpem/warmup_risk_uniform_common_loss": 0.0, "fpem/warmup_risk_lambda_common": 0.0, "fpem/warmup_risk_total_common_term": 0.0, "fpem/warmup_risk_temperature": 0.0, "fpem/warmup_risk_temperature_progress": 0.0, "fpem/uniform_expert_mae": 0.0, "fpem/risk_routed_mae": 0.0, "fpem/risk_prediction_mae": 0.0, "fpem/risk_loss": 0.0, "fpem/risk_ranking_loss": 0.0, "fpem/risk_ranking_accuracy": 0.0, "fpem/risk_oracle_argmin_accuracy": 0.0, "fpem/risk_router_temperature": 0.0, "fpem/risk_router_lambda": 0.0, "fpem/risk_router_pairwise_lambda": 0.0, "fpem/env_route_train_mode_progressive_gmm_environment": 0.0, "fpem/top_level_prediction_source_progressive_gmm_teacher_hard": 0.0, "fpem/progressive_assignment_uses_target_or_prediction_error": 0.0, "fpem/progressive_partition_ready": 0.0, "fpem/progressive_selected_k": 0.0, "fpem/progressive_active_expert_count": 0.0, "fpem/progressive_last_partition_epoch": 0.0, "fpem/progressive_lambda_common": 0.0, "fpem/progressive_common_term": 0.0, "fpem/progressive_compactness_loss": 0.0, "fpem/progressive_consistency_loss": 0.0, "fpem/progressive_cluster_entropy": 0.0, "fpem/progressive_assignment_change_ratio": 0.0, "fpem/progressive_hungarian_overlap_score": 0.0, "fpem/progressive_partition_update_time_sec": 0.0, "fpem/progressive_routed_mae": 0.0, "fpem/progressive_gmm_environment_total_replaces_primary": 0.0, "fpem/env_route_count_head_0": 16.0, "fpem/env_route_oracle_count_head_0": 16.0, "fpem/route_count_env_head_0": 16.0, "fpem/route_soft_mean_expert_0": 1.0, "fpem/route_hard_count_expert_0": 16.0, "fpem/hard_count_expert_0": 16.0, "fpem/sinkhorn_soft_col_mass_expert_0": 0.0, "fpem/progressive_active_expert_0": 0.0, "fpem/progressive_cluster_size_0": 0.0, "fpem/progressive_cluster_ratio_0": 0.0, "fpem/progressive_cluster_to_expert_0": 0.0, "fpem/progressive_bic_k1": 0.0, "fpem/progressive_bic_score_k1": 0.0, "fpem/progressive_bic_rejected_k1": 0.0, "fpem/hyper_alpha_head_0": 0.0, "fpem/hyper_gamma_norm_head_0": 0.0, "fpem/hyper_beta_norm_head_0": 0.0, "fpem/expert_cross_mae_group_0_expert_0": 9.252129364013673, "fpem/load_expert_loss": 9.252129364013673, "fpem/conservative_override_router_loss": 0.16241103960644632, "fpem/hard_router_loss": 0.16241103960644632, "fpem/load_level_assignment_detached": 1.0, "fpem/load_level_count_0": 1680.0, "fpem/load_level_ratio_0": 1.0, "fpem/expert_0_global_loss": 9.252129364013673, "fpem/expert_0_selected_loss": 9.252129364013673, "fpem/conservative_all_environment_mae": 9.252129364013673, "fpem/conservative_all_invariant_mae": 9.662237485249838, "fpem/conservative_selective_hard_routing_mae": 9.252129364013673, "fpem/conservative_oracle_mae": 9.217901911054339, "fpem/conservative_router_accuracy": 0.8345238095238096, "fpem/conservative_router_balanced_accuracy": 0.5238095238095238, "fpem/conservative_invariant_switch_coverage": 0.0, "fpem/conservative_invariant_switch_precision": 0.0, "fpem/conservative_correct_beneficial_switches": 0.0, "fpem/conservative_harmful_invariant_switches": 0.0, "fpem/conservative_saved_loss_from_correct_switches": 0.0, "fpem/conservative_added_loss_from_harmful_switches": 0.0, "fpem/conservative_net_routing_gain": 0.0, "fpem/conservative_oracle_gap_closed": 0.0, "fpem/conservative_selected_threshold": 0.5, "fpem/conservative_selected_margin": 0.0, "fpem/conservative_delta_mean": -0.4101082428580239, "fpem/conservative_delta_positive_ratio": 0.16547619047619047, "fpem/conservative_target_inv_ratio": 0.16547619047619047, "fpem/conservative_p_inv_mean": 0.04477930338609786, "fpem/conservative_p_inv_min": 0.012018442340195178, "fpem/conservative_p_inv_max": 0.09322268267472585, "fpem/conservative_prediction_is_hard_route": 1.0, "fpem/conservative_prediction_is_soft_fusion": 0.0, "fpem/conservative_router_target_detached": 1.0, "fpem/conservative_delta_detached": 1.0, "fpem/conservative_harmful_switch_weight": 2.0, "fpem/hard_router_predicted_env_ratio": 1.0, "fpem/hard_router_effective_env_ratio": 1.0, "fpem/hard_router_target_env_ratio": 0.8345238095238096, "fpem/hard_router_gain_mean": -0.4101082428580239, "fpem/hard_router_margin_mean": 0.0, "fpem/conservative_router_supervision_enabled": 1.0, "fpem/conservative_router_weight_mean": 0.9999999880790711, "fpem/conservative_router_weight_min": 0.05785656772731315, "fpem/conservative_router_weight_max": 2.841074523471651, "fpem/expert_prediction_pairwise_difference": 0.0, "fpem/delta_pairwise_cosine": 0.0, "fpem/delta_pairwise_l1": 0.0, "fpem/delta_pairwise_l2": 0.0, "fpem/expert_0_parameter_norm": 15.04198187873477, "fpem/hard_binary_router_enabled": 1.0, "fpem/hard_router_uses_target_in_forward": 0.0, "fpem/stored_future_c_loaded": 0.0, "fpem/prediction_is_weighted_complete_fusion": 0.0, "fpem/prediction_is_hard_route": 1.0, "fpem/conservative_inv_override_enabled": 1.0, "fpem/conservative_router_features_detached": 1.0, "fpem/future_mi_loss": 0.0, "fpem/future_mi_valid": 0.0, "fpem/future_mi_logvar_mean": 0.0, "fpem/future_mi_target_mode_env_encoder": 0.0, "fpem/swap_loss": 0.0, "fpem/swap_diff_loss": 0.0, "fpem/swap_same_loss": 0.0, "fpem/swap_gain_mean": 0.0, "fpem/swap_s_gain_mean": 0.0, "fpem/swap_fallback_router_loss": 0.0, "fpem/swap_fallback_q_mean": 0.0, "fpem/swap_prediction_delta": 0.0, "fpem/swap_route_delta": 0.0, "fpem/swap_hyper_alpha_delta": 0.0, "fpem/swap_hyper_delta_norm": 0.0, "fpem/loss_env_day": 0.0, "fpem/loss_env_hour": 0.0, "fpem/loss_env_rush": 0.0, "fpem/env_day_acc": 0.0, "fpem/env_hour_acc": 0.0, "fpem/env_rush_acc": 0.0, "fpem/loss_env_supcon": 0.0, "fpem/env_supcon_valid_pairs": 0.0, "fpem/loss_inv_env_adv": 0.0, "fpem/inv_day_acc": 0.0, "fpem/inv_hour_acc": 0.0, "fpem/inv_rush_acc": 0.0, "fpem/loss_cross_cov_sep": 0.0, "fpem/load_level_experts_enabled": 1.0, "fpem/load_level_uses_target_or_future_load": 0.0, "fpem/environment_gate_uses_target_in_forward": 0.0, "fpem/load_level_env_residual_scale": 0.0, "fpem/uses_cached_observable_load_prior": 1.0, "fpem/primary_loss": 8.85005271094186, "fpem/inv_pred_loss": 9.217286582220169, "fpem/primary_uses_route": 1.0, "fpem/primary_uses_env_fusion": 0.0, "fpem/backbone_agcrn": 1.0, "fpem/backbone_graphwavenet": 0.0, "fpem/backbone_staeformer": 0.0, "fpem/gc_pred_loss_only": 1.0, "fpem/env_route_head_mode_hyper_proto": 1.0, "fpem/fpem_force_uniform_route": 0.0, "fpem/hard_prediction_sinkhorn_total_replaces_primary": 0.0, "fpem/hard_prediction_environment_sinkhorn_total_replaces_primary": 0.0, "fpem/warmup_risk_sinkhorn_total_replaces_primary": 0.0, "fpem/lambda_club_mi": 0.0}, "conservative_override_threshold_selection": {"split": "val", "threshold": 0.5, "margin": 0.0, "mae": 11.554194450378418, "loss": 11.76148804028829, "mape": 0.1787942349910736, "confirmed_result": {"loss": 11.76148804028829, "mae": 11.554194450378418, "mape": 0.1787942349910736}}}
CONSERVATIVE_OVERRIDE_THRESHOLD_SELECTION {"split": "val", "threshold": 0.5, "margin": 0.0, "mae": 11.591923713684082, "loss": 11.803163634406197, "mape": 0.17945381999015808, "confirmed_result": {"loss": 11.803163634406197, "mae": 11.591923713684082, "mape": 0.17945381999015808}}
EPOCH {"epoch": 76, "train_loss": 10.915019898187547, "val": {"loss": 11.803163634406197, "mae": 11.591923713684082, "mape": 0.17945381999015808}, "test_mixed": {"loss": 10.569966125488282, "mae": 10.548460006713867, "mape": 0.16512417793273926}, "test_workday": {"loss": 10.453640481700068, "mae": 10.469253540039062, "mape": 0.1654561460018158}, "test_holiday": {"loss": 10.758638779322306, "mae": 10.68581485748291, "mape": 0.16454850137233734}, "test_avg_mae": 10.577534198760986, "best_selection_value": 10.577534198760986, "best_selection_split": "test_avg_DIAGNOSTIC", "best_selection_metric": "test_avg_mae", "lr": 0.001, "fpem_logs": {"fpem/fpem_env_use_exogenous": 1.0, "fpem/env_exogenous_available": 1.0, "fpem/env_exogenous_time_available": 1.0, "fpem/env_exogenous_load_available": 1.0, "fpem/env_exogenous_feature_dim": 32.0, "fpem/env_exogenous_embedding_norm": 3.023544182096209, "fpem/env_exogenous_load_embedding_norm": 2.1397704101744153, "fpem/env_rep_ablation_normal": 1.0, "fpem/env_rep_ablation_zero": 0.0, "fpem/env_rep_ablation_shuffle_batch": 0.0, "fpem/env_rep_ablation_mode_id": 0.0, "fpem/mask_loss": 0.0, "fpem/mask_sparse_loss": 0.0, "fpem/mask_entropy_loss": 0.0, "fpem/mask_mean": 1.0, "fpem/mask_entropy": 0.0, "fpem/mask_active_ratio": 1.0, "fpem/fusion_alpha_mean": 0.0, "fpem/fusion_alpha_std": 0.0, "fpem/fusion_alpha_min": 0.0, "fpem/fusion_alpha_max": 0.0, "fpem/env_route_loss": 2.0441434723990306, "fpem/env_route_L_final": 8.861295350392659, "fpem/env_route_L_global": 0.0, "fpem/env_route_L_route_soft": 0.0, "fpem/env_route_L_expert": 9.263086714063371, "fpem/env_route_L_router_oracle": 0.19152610011044002, "fpem/env_route_L_balance": 0.0, "fpem/env_route_L_diverse": 0.0, "fpem/env_route_L_proto_align": 0.0, "fpem/env_route_entropy": 0.0, "fpem/env_route_q_max_mean": 0.0, "fpem/hyper_alpha_mean": 0.0, "fpem/hyper_delta_norm": 0.0, "fpem/hyper_route_proto_mode_uniform_warmup": 0.0, "fpem/hyper_route_proto_mode_uniform_fixed": 0.0, "fpem/hyper_route_proto_mode_sinkhorn": 0.0, "fpem/hyper_route_proto_mode_softmax": 0.0, "fpem/fallback_q_mean": 0.0, "fpem/fallback_q_max": 0.0, "fpem/env_q_sum_mean": 1.0, "fpem/oracle_fallback_rate": 0.0, "fpem/route_count_fallback": 0.0, "fpem/env_route_head_mode": 1.0, "fpem/route_entropy_mean": 0.0, "fpem/route_mean_distribution_entropy": 0.0, "fpem/effective_expert_number": 1.0, "fpem/max_expert_usage_ratio": 0.0, "fpem/min_expert_usage_ratio": 0.0, "fpem/prototype_pairwise_cosine": 0.0, "fpem/expert_prediction_pairwise_cosine": 0.0, "fpem/expert_collapse_warning": 0.0, "fpem/env_route_target_mode_env_prototype": 0.0, "fpem/env_route_target_mode_hybrid": 0.0, "fpem/env_route_hybrid_alpha": 0.0, "fpem/env_route_train_mode_warmup_risk_sinkhorn": 0.0, "fpem/warmup_risk_stage_warmup": 0.0, "fpem/warmup_risk_stage_soft": 0.0, "fpem/warmup_risk_stage_hard": 0.0, "fpem/warmup_risk_selected_loss": 0.0, "fpem/warmup_risk_uniform_common_loss": 0.0, "fpem/warmup_risk_lambda_common": 0.0, "fpem/warmup_risk_total_common_term": 0.0, "fpem/warmup_risk_temperature": 0.0, "fpem/warmup_risk_temperature_progress": 0.0, "fpem/uniform_expert_mae": 0.0, "fpem/risk_routed_mae": 0.0, "fpem/risk_prediction_mae": 0.0, "fpem/risk_loss": 0.0, "fpem/risk_ranking_loss": 0.0, "fpem/risk_ranking_accuracy": 0.0, "fpem/risk_oracle_argmin_accuracy": 0.0, "fpem/risk_router_temperature": 0.0, "fpem/risk_router_lambda": 0.0, "fpem/risk_router_pairwise_lambda": 0.0, "fpem/env_route_train_mode_progressive_gmm_environment": 0.0, "fpem/top_level_prediction_source_progressive_gmm_teacher_hard": 0.0, "fpem/progressive_assignment_uses_target_or_prediction_error": 0.0, "fpem/progressive_partition_ready": 0.0, "fpem/progressive_selected_k": 0.0, "fpem/progressive_active_expert_count": 0.0, "fpem/progressive_last_partition_epoch": 0.0, "fpem/progressive_lambda_common": 0.0, "fpem/progressive_common_term": 0.0, "fpem/progressive_compactness_loss": 0.0, "fpem/progressive_consistency_loss": 0.0, "fpem/progressive_cluster_entropy": 0.0, "fpem/progressive_assignment_change_ratio": 0.0, "fpem/progressive_hungarian_overlap_score": 0.0, "fpem/progressive_partition_update_time_sec": 0.0, "fpem/progressive_routed_mae": 0.0, "fpem/progressive_gmm_environment_total_replaces_primary": 0.0, "fpem/env_route_count_head_0": 16.0, "fpem/env_route_oracle_count_head_0": 16.0, "fpem/route_count_env_head_0": 16.0, "fpem/route_soft_mean_expert_0": 1.0, "fpem/route_hard_count_expert_0": 16.0, "fpem/hard_count_expert_0": 16.0, "fpem/sinkhorn_soft_col_mass_expert_0": 0.0, "fpem/progressive_active_expert_0": 0.0, "fpem/progressive_cluster_size_0": 0.0, "fpem/progressive_cluster_ratio_0": 0.0, "fpem/progressive_cluster_to_expert_0": 0.0, "fpem/progressive_bic_k1": 0.0, "fpem/progressive_bic_score_k1": 0.0, "fpem/progressive_bic_rejected_k1": 0.0, "fpem/hyper_alpha_head_0": 0.0, "fpem/hyper_gamma_norm_head_0": 0.0, "fpem/hyper_beta_norm_head_0": 0.0, "fpem/expert_cross_mae_group_0_expert_0": 9.263086714063371, "fpem/load_expert_loss": 9.263086714063371, "fpem/conservative_override_router_loss": 0.19152610011044002, "fpem/hard_router_loss": 0.19152610011044002, "fpem/load_level_assignment_detached": 1.0, "fpem/load_level_count_0": 1680.0, "fpem/load_level_ratio_0": 1.0, "fpem/expert_0_global_loss": 9.263086714063371, "fpem/expert_0_selected_loss": 9.263086714063371, "fpem/conservative_all_environment_mae": 9.263086714063371, "fpem/conservative_all_invariant_mae": 9.662237471625918, "fpem/conservative_selective_hard_routing_mae": 9.263086714063371, "fpem/conservative_oracle_mae": 9.220855490366619, "fpem/conservative_router_accuracy": 0.8279761904761904, "fpem/conservative_router_balanced_accuracy": 0.5380952380952381, "fpem/conservative_invariant_switch_coverage": 0.0, "fpem/conservative_invariant_switch_precision": 0.0, "fpem/conservative_correct_beneficial_switches": 0.0, "fpem/conservative_harmful_invariant_switches": 0.0, "fpem/conservative_saved_loss_from_correct_switches": 0.0, "fpem/conservative_added_loss_from_harmful_switches": 0.0, "fpem/conservative_net_routing_gain": 0.0, "fpem/conservative_oracle_gap_closed": 0.0, "fpem/conservative_selected_threshold": 0.5, "fpem/conservative_selected_margin": 0.0, "fpem/conservative_delta_mean": -0.39915078438463664, "fpem/conservative_delta_positive_ratio": 0.17202380952380952, "fpem/conservative_target_inv_ratio": 0.17202380952380952, "fpem/conservative_p_inv_mean": 0.045699136650988036, "fpem/conservative_p_inv_min": 0.01223083820770539, "fpem/conservative_p_inv_max": 0.09319407492876053, "fpem/conservative_prediction_is_hard_route": 1.0, "fpem/conservative_prediction_is_soft_fusion": 0.0, "fpem/conservative_router_target_detached": 1.0, "fpem/conservative_delta_detached": 1.0, "fpem/conservative_harmful_switch_weight": 2.0, "fpem/hard_router_predicted_env_ratio": 1.0, "fpem/hard_router_effective_env_ratio": 1.0, "fpem/hard_router_target_env_ratio": 0.8279761904761904, "fpem/hard_router_gain_mean": -0.39915078438463664, "fpem/hard_router_margin_mean": 0.0, "fpem/conservative_router_supervision_enabled": 1.0, "fpem/conservative_router_weight_mean": 0.9999999943233672, "fpem/conservative_router_weight_min": 0.06902431104459711, "fpem/conservative_router_weight_max": 2.830040656952631, "fpem/expert_prediction_pairwise_difference": 0.0, "fpem/delta_pairwise_cosine": 0.0, "fpem/delta_pairwise_l1": 0.0, "fpem/delta_pairwise_l2": 0.0, "fpem/expert_0_parameter_norm": 15.04200572059268, "fpem/hard_binary_router_enabled": 1.0, "fpem/hard_router_uses_target_in_forward": 0.0, "fpem/stored_future_c_loaded": 0.0, "fpem/prediction_is_weighted_complete_fusion": 0.0, "fpem/prediction_is_hard_route": 1.0, "fpem/conservative_inv_override_enabled": 1.0, "fpem/conservative_router_features_detached": 1.0, "fpem/future_mi_loss": 0.0, "fpem/future_mi_valid": 0.0, "fpem/future_mi_logvar_mean": 0.0, "fpem/future_mi_target_mode_env_encoder": 0.0, "fpem/swap_loss": 0.0, "fpem/swap_diff_loss": 0.0, "fpem/swap_same_loss": 0.0, "fpem/swap_gain_mean": 0.0, "fpem/swap_s_gain_mean": 0.0, "fpem/swap_fallback_router_loss": 0.0, "fpem/swap_fallback_q_mean": 0.0, "fpem/swap_prediction_delta": 0.0, "fpem/swap_route_delta": 0.0, "fpem/swap_hyper_alpha_delta": 0.0, "fpem/swap_hyper_delta_norm": 0.0, "fpem/loss_env_day": 0.0, "fpem/loss_env_hour": 0.0, "fpem/loss_env_rush": 0.0, "fpem/env_day_acc": 0.0, "fpem/env_hour_acc": 0.0, "fpem/env_rush_acc": 0.0, "fpem/loss_env_supcon": 0.0, "fpem/env_supcon_valid_pairs": 0.0, "fpem/loss_inv_env_adv": 0.0, "fpem/inv_day_acc": 0.0, "fpem/inv_hour_acc": 0.0, "fpem/inv_rush_acc": 0.0, "fpem/loss_cross_cov_sep": 0.0, "fpem/load_level_experts_enabled": 1.0, "fpem/load_level_uses_target_or_future_load": 0.0, "fpem/environment_gate_uses_target_in_forward": 0.0, "fpem/load_level_env_residual_scale": 0.0, "fpem/uses_cached_observable_load_prior": 1.0, "fpem/primary_loss": 8.861295350392659, "fpem/inv_pred_loss": 9.214105101994106, "fpem/primary_uses_route": 1.0, "fpem/primary_uses_env_fusion": 0.0, "fpem/backbone_agcrn": 1.0, "fpem/backbone_graphwavenet": 0.0, "fpem/backbone_staeformer": 0.0, "fpem/gc_pred_loss_only": 1.0, "fpem/env_route_head_mode_hyper_proto": 1.0, "fpem/fpem_force_uniform_route": 0.0, "fpem/hard_prediction_sinkhorn_total_replaces_primary": 0.0, "fpem/hard_prediction_environment_sinkhorn_total_replaces_primary": 0.0, "fpem/warmup_risk_sinkhorn_total_replaces_primary": 0.0, "fpem/lambda_club_mi": 0.0}, "conservative_override_threshold_selection": {"split": "val", "threshold": 0.5, "margin": 0.0, "mae": 11.591923713684082, "loss": 11.803163634406197, "mape": 0.17945381999015808, "confirmed_result": {"loss": 11.803163634406197, "mae": 11.591923713684082, "mape": 0.17945381999015808}}}
CONSERVATIVE_OVERRIDE_THRESHOLD_SELECTION {"split": "val", "threshold": 0.5, "margin": 0.0, "mae": 11.569167137145996, "loss": 11.794604619344076, "mape": 0.1807783991098404, "confirmed_result": {"loss": 11.794604619344076, "mae": 11.569167137145996, "mape": 0.1807783991098404}}
EPOCH {"epoch": 77, "train_loss": 10.858618672688802, "val": {"loss": 11.794604619344076, "mae": 11.569167137145996, "mape": 0.1807783991098404}, "test_mixed": {"loss": 10.56920131955828, "mae": 10.550429344177246, "mape": 0.16657717525959015}, "test_workday": {"loss": 10.448177897411844, "mae": 10.466925621032715, "mape": 0.1668071448802948}, "test_holiday": {"loss": 10.766970793406168, "mae": 10.695233345031738, "mape": 0.166178360581398}, "test_avg_mae": 10.581079483032227, "best_selection_value": 10.581079483032227, "best_selection_split": "test_avg_DIAGNOSTIC", "best_selection_metric": "test_avg_mae", "lr": 0.001, "fpem_logs": {"fpem/fpem_env_use_exogenous": 1.0, "fpem/env_exogenous_available": 1.0, "fpem/env_exogenous_time_available": 1.0, "fpem/env_exogenous_load_available": 1.0, "fpem/env_exogenous_feature_dim": 32.0, "fpem/env_exogenous_embedding_norm": 3.0265868118831087, "fpem/env_exogenous_load_embedding_norm": 2.141993690672375, "fpem/env_rep_ablation_normal": 1.0, "fpem/env_rep_ablation_zero": 0.0, "fpem/env_rep_ablation_shuffle_batch": 0.0, "fpem/env_rep_ablation_mode_id": 0.0, "fpem/mask_loss": 0.0, "fpem/mask_sparse_loss": 0.0, "fpem/mask_entropy_loss": 0.0, "fpem/mask_mean": 1.0, "fpem/mask_entropy": 0.0, "fpem/mask_active_ratio": 1.0, "fpem/fusion_alpha_mean": 0.0, "fpem/fusion_alpha_std": 0.0, "fpem/fusion_alpha_min": 0.0, "fpem/fusion_alpha_max": 0.0, "fpem/env_route_loss": 2.031347690309797, "fpem/env_route_L_final": 8.846491232372465, "fpem/env_route_L_global": 0.0, "fpem/env_route_L_route_soft": 0.0, "fpem/env_route_L_expert": 9.248893488021125, "fpem/env_route_L_router_oracle": 0.18156897070862, "fpem/env_route_L_balance": 0.0, "fpem/env_route_L_diverse": 0.0, "fpem/env_route_L_proto_align": 0.0, "fpem/env_route_entropy": 0.0, "fpem/env_route_q_max_mean": 0.0, "fpem/hyper_alpha_mean": 0.0, "fpem/hyper_delta_norm": 0.0, "fpem/hyper_route_proto_mode_uniform_warmup": 0.0, "fpem/hyper_route_proto_mode_uniform_fixed": 0.0, "fpem/hyper_route_proto_mode_sinkhorn": 0.0, "fpem/hyper_route_proto_mode_softmax": 0.0, "fpem/fallback_q_mean": 0.0, "fpem/fallback_q_max": 0.0, "fpem/env_q_sum_mean": 1.0, "fpem/oracle_fallback_rate": 0.0, "fpem/route_count_fallback": 0.0, "fpem/env_route_head_mode": 1.0, "fpem/route_entropy_mean": 0.0, "fpem/route_mean_distribution_entropy": 0.0, "fpem/effective_expert_number": 1.0, "fpem/max_expert_usage_ratio": 0.0, "fpem/min_expert_usage_ratio": 0.0, "fpem/prototype_pairwise_cosine": 0.0, "fpem/expert_prediction_pairwise_cosine": 0.0, "fpem/expert_collapse_warning": 0.0, "fpem/env_route_target_mode_env_prototype": 0.0, "fpem/env_route_target_mode_hybrid": 0.0, "fpem/env_route_hybrid_alpha": 0.0, "fpem/env_route_train_mode_warmup_risk_sinkhorn": 0.0, "fpem/warmup_risk_stage_warmup": 0.0, "fpem/warmup_risk_stage_soft": 0.0, "fpem/warmup_risk_stage_hard": 0.0, "fpem/warmup_risk_selected_loss": 0.0, "fpem/warmup_risk_uniform_common_loss": 0.0, "fpem/warmup_risk_lambda_common": 0.0, "fpem/warmup_risk_total_common_term": 0.0, "fpem/warmup_risk_temperature": 0.0, "fpem/warmup_risk_temperature_progress": 0.0, "fpem/uniform_expert_mae": 0.0, "fpem/risk_routed_mae": 0.0, "fpem/risk_prediction_mae": 0.0, "fpem/risk_loss": 0.0, "fpem/risk_ranking_loss": 0.0, "fpem/risk_ranking_accuracy": 0.0, "fpem/risk_oracle_argmin_accuracy": 0.0, "fpem/risk_router_temperature": 0.0, "fpem/risk_router_lambda": 0.0, "fpem/risk_router_pairwise_lambda": 0.0, "fpem/env_route_train_mode_progressive_gmm_environment": 0.0, "fpem/top_level_prediction_source_progressive_gmm_teacher_hard": 0.0, "fpem/progressive_assignment_uses_target_or_prediction_error": 0.0, "fpem/progressive_partition_ready": 0.0, "fpem/progressive_selected_k": 0.0, "fpem/progressive_active_expert_count": 0.0, "fpem/progressive_last_partition_epoch": 0.0, "fpem/progressive_lambda_common": 0.0, "fpem/progressive_common_term": 0.0, "fpem/progressive_compactness_loss": 0.0, "fpem/progressive_consistency_loss": 0.0, "fpem/progressive_cluster_entropy": 0.0, "fpem/progressive_assignment_change_ratio": 0.0, "fpem/progressive_hungarian_overlap_score": 0.0, "fpem/progressive_partition_update_time_sec": 0.0, "fpem/progressive_routed_mae": 0.0, "fpem/progressive_gmm_environment_total_replaces_primary": 0.0, "fpem/env_route_count_head_0": 16.0, "fpem/env_route_oracle_count_head_0": 16.0, "fpem/route_count_env_head_0": 16.0, "fpem/route_soft_mean_expert_0": 1.0, "fpem/route_hard_count_expert_0": 16.0, "fpem/hard_count_expert_0": 16.0, "fpem/sinkhorn_soft_col_mass_expert_0": 0.0, "fpem/progressive_active_expert_0": 0.0, "fpem/progressive_cluster_size_0": 0.0, "fpem/progressive_cluster_ratio_0": 0.0, "fpem/progressive_cluster_to_expert_0": 0.0, "fpem/progressive_bic_k1": 0.0, "fpem/progressive_bic_score_k1": 0.0, "fpem/progressive_bic_rejected_k1": 0.0, "fpem/hyper_alpha_head_0": 0.0, "fpem/hyper_gamma_norm_head_0": 0.0, "fpem/hyper_beta_norm_head_0": 0.0, "fpem/expert_cross_mae_group_0_expert_0": 9.248893488021125, "fpem/load_expert_loss": 9.248893488021125, "fpem/conservative_override_router_loss": 0.18156897070862, "fpem/hard_router_loss": 0.18156897070862, "fpem/load_level_assignment_detached": 1.0, "fpem/load_level_count_0": 1680.0, "fpem/load_level_ratio_0": 1.0, "fpem/expert_0_global_loss": 9.248893488021125, "fpem/expert_0_selected_loss": 9.248893488021125, "fpem/conservative_all_environment_mae": 9.248893488021125, "fpem/conservative_all_invariant_mae": 9.662237485249838, "fpem/conservative_selective_hard_routing_mae": 9.248893488021125, "fpem/conservative_oracle_mae": 9.210234755561466, "fpem/conservative_router_accuracy": 0.8285714285714286, "fpem/conservative_router_balanced_accuracy": 0.5333333333333333, "fpem/conservative_invariant_switch_coverage": 0.0, "fpem/conservative_invariant_switch_precision": 0.0, "fpem/conservative_correct_beneficial_switches": 0.0, "fpem/conservative_harmful_invariant_switches": 0.0, "fpem/conservative_saved_loss_from_correct_switches": 0.0, "fpem/conservative_added_loss_from_harmful_switches": 0.0, "fpem/conservative_net_routing_gain": 0.0, "fpem/conservative_oracle_gap_closed": 0.0, "fpem/conservative_selected_threshold": 0.5, "fpem/conservative_selected_margin": 0.0, "fpem/conservative_delta_mean": -0.4133440048921676, "fpem/conservative_delta_positive_ratio": 0.17142857142857143, "fpem/conservative_target_inv_ratio": 0.17142857142857143, "fpem/conservative_p_inv_mean": 0.04620041864968481, "fpem/conservative_p_inv_min": 0.013865018032845997, "fpem/conservative_p_inv_max": 0.09280976362171628, "fpem/conservative_prediction_is_hard_route": 1.0, "fpem/conservative_prediction_is_soft_fusion": 0.0, "fpem/conservative_router_target_detached": 1.0, "fpem/conservative_delta_detached": 1.0, "fpem/conservative_harmful_switch_weight": 2.0, "fpem/hard_router_predicted_env_ratio": 1.0, "fpem/hard_router_effective_env_ratio": 1.0, "fpem/hard_router_target_env_ratio": 0.8285714285714286, "fpem/hard_router_gain_mean": -0.4133440048921676, "fpem/hard_router_margin_mean": 0.0, "fpem/conservative_router_supervision_enabled": 1.0, "fpem/conservative_router_weight_mean": 0.9999999926203773, "fpem/conservative_router_weight_min": 0.06347207446981754, "fpem/conservative_router_weight_max": 2.720577241125561, "fpem/expert_prediction_pairwise_difference": 0.0, "fpem/delta_pairwise_cosine": 0.0, "fpem/delta_pairwise_l1": 0.0, "fpem/delta_pairwise_l2": 0.0, "fpem/expert_0_parameter_norm": 15.042932283310662, "fpem/hard_binary_router_enabled": 1.0, "fpem/hard_router_uses_target_in_forward": 0.0, "fpem/stored_future_c_loaded": 0.0, "fpem/prediction_is_weighted_complete_fusion": 0.0, "fpem/prediction_is_hard_route": 1.0, "fpem/conservative_inv_override_enabled": 1.0, "fpem/conservative_router_features_detached": 1.0, "fpem/future_mi_loss": 0.0, "fpem/future_mi_valid": 0.0, "fpem/future_mi_logvar_mean": 0.0, "fpem/future_mi_target_mode_env_encoder": 0.0, "fpem/swap_loss": 0.0, "fpem/swap_diff_loss": 0.0, "fpem/swap_same_loss": 0.0, "fpem/swap_gain_mean": 0.0, "fpem/swap_s_gain_mean": 0.0, "fpem/swap_fallback_router_loss": 0.0, "fpem/swap_fallback_q_mean": 0.0, "fpem/swap_prediction_delta": 0.0, "fpem/swap_route_delta": 0.0, "fpem/swap_hyper_alpha_delta": 0.0, "fpem/swap_hyper_delta_norm": 0.0, "fpem/loss_env_day": 0.0, "fpem/loss_env_hour": 0.0, "fpem/loss_env_rush": 0.0, "fpem/env_day_acc": 0.0, "fpem/env_hour_acc": 0.0, "fpem/env_rush_acc": 0.0, "fpem/loss_env_supcon": 0.0, "fpem/env_supcon_valid_pairs": 0.0, "fpem/loss_inv_env_adv": 0.0, "fpem/inv_day_acc": 0.0, "fpem/inv_hour_acc": 0.0, "fpem/inv_rush_acc": 0.0, "fpem/loss_cross_cov_sep": 0.0, "fpem/load_level_experts_enabled": 1.0, "fpem/load_level_uses_target_or_future_load": 0.0, "fpem/environment_gate_uses_target_in_forward": 0.0, "fpem/load_level_env_residual_scale": 0.0, "fpem/uses_cached_observable_load_prior": 1.0, "fpem/primary_loss": 8.846491232372465, "fpem/inv_pred_loss": 9.215290337517148, "fpem/primary_uses_route": 1.0, "fpem/primary_uses_env_fusion": 0.0, "fpem/backbone_agcrn": 1.0, "fpem/backbone_graphwavenet": 0.0, "fpem/backbone_staeformer": 0.0, "fpem/gc_pred_loss_only": 1.0, "fpem/env_route_head_mode_hyper_proto": 1.0, "fpem/fpem_force_uniform_route": 0.0, "fpem/hard_prediction_sinkhorn_total_replaces_primary": 0.0, "fpem/hard_prediction_environment_sinkhorn_total_replaces_primary": 0.0, "fpem/warmup_risk_sinkhorn_total_replaces_primary": 0.0, "fpem/lambda_club_mi": 0.0}, "conservative_override_threshold_selection": {"split": "val", "threshold": 0.5, "margin": 0.0, "mae": 11.569167137145996, "loss": 11.794604619344076, "mape": 0.1807783991098404, "confirmed_result": {"loss": 11.794604619344076, "mae": 11.569167137145996, "mape": 0.1807783991098404}}}
CONSERVATIVE_OVERRIDE_THRESHOLD_SELECTION {"split": "val", "threshold": 0.5, "margin": 0.0, "mae": 11.568615913391113, "loss": 11.782395998636881, "mape": 0.17942310869693756, "confirmed_result": {"loss": 11.782395998636881, "mae": 11.568615913391113, "mape": 0.17942310869693756}}
EPOCH {"epoch": 78, "train_loss": 10.872274553208124, "val": {"loss": 11.782395998636881, "mae": 11.568615913391113, "mape": 0.17942310869693756}, "test_mixed": {"loss": 10.567228412628173, "mae": 10.552988052368164, "mape": 0.16515691578388214}, "test_workday": {"loss": 10.458191913107168, "mae": 10.479208946228027, "mape": 0.16591502726078033}, "test_holiday": {"loss": 10.742568135261536, "mae": 10.680930137634277, "mape": 0.16384227573871613}, "test_avg_mae": 10.580069541931152, "best_selection_value": 10.580069541931152, "best_selection_split": "test_avg_DIAGNOSTIC", "best_selection_metric": "test_avg_mae", "lr": 0.001, "fpem_logs": {"fpem/fpem_env_use_exogenous": 1.0, "fpem/env_exogenous_available": 1.0, "fpem/env_exogenous_time_available": 1.0, "fpem/env_exogenous_load_available": 1.0, "fpem/env_exogenous_feature_dim": 32.0, "fpem/env_exogenous_embedding_norm": 3.030389206750052, "fpem/env_exogenous_load_embedding_norm": 2.142001608439854, "fpem/env_rep_ablation_normal": 1.0, "fpem/env_rep_ablation_zero": 0.0, "fpem/env_rep_ablation_shuffle_batch": 0.0, "fpem/env_rep_ablation_mode_id": 0.0, "fpem/mask_loss": 0.0, "fpem/mask_sparse_loss": 0.0, "fpem/mask_entropy_loss": 0.0, "fpem/mask_mean": 1.0, "fpem/mask_entropy": 0.0, "fpem/mask_active_ratio": 1.0, "fpem/fusion_alpha_mean": 0.0, "fpem/fusion_alpha_std": 0.0, "fpem/fusion_alpha_min": 0.0, "fpem/fusion_alpha_max": 0.0, "fpem/env_route_loss": 2.0227295251119704, "fpem/env_route_L_final": 8.845249198731922, "fpem/env_route_L_global": 0.0, "fpem/env_route_L_route_soft": 0.0, "fpem/env_route_L_expert": 9.247458353496732, "fpem/env_route_L_router_oracle": 0.1732378227370126, "fpem/env_route_L_balance": 0.0, "fpem/env_route_L_diverse": 0.0, "fpem/env_route_L_proto_align": 0.0, "fpem/env_route_entropy": 0.0, "fpem/env_route_q_max_mean": 0.0, "fpem/hyper_alpha_mean": 0.0, "fpem/hyper_delta_norm": 0.0, "fpem/hyper_route_proto_mode_uniform_warmup": 0.0, "fpem/hyper_route_proto_mode_uniform_fixed": 0.0, "fpem/hyper_route_proto_mode_sinkhorn": 0.0, "fpem/hyper_route_proto_mode_softmax": 0.0, "fpem/fallback_q_mean": 0.0, "fpem/fallback_q_max": 0.0, "fpem/env_q_sum_mean": 1.0, "fpem/oracle_fallback_rate": 0.0, "fpem/route_count_fallback": 0.0, "fpem/env_route_head_mode": 1.0, "fpem/route_entropy_mean": 0.0, "fpem/route_mean_distribution_entropy": 0.0, "fpem/effective_expert_number": 1.0, "fpem/max_expert_usage_ratio": 0.0, "fpem/min_expert_usage_ratio": 0.0, "fpem/prototype_pairwise_cosine": 0.0, "fpem/expert_prediction_pairwise_cosine": 0.0, "fpem/expert_collapse_warning": 0.0, "fpem/env_route_target_mode_env_prototype": 0.0, "fpem/env_route_target_mode_hybrid": 0.0, "fpem/env_route_hybrid_alpha": 0.0, "fpem/env_route_train_mode_warmup_risk_sinkhorn": 0.0, "fpem/warmup_risk_stage_warmup": 0.0, "fpem/warmup_risk_stage_soft": 0.0, "fpem/warmup_risk_stage_hard": 0.0, "fpem/warmup_risk_selected_loss": 0.0, "fpem/warmup_risk_uniform_common_loss": 0.0, "fpem/warmup_risk_lambda_common": 0.0, "fpem/warmup_risk_total_common_term": 0.0, "fpem/warmup_risk_temperature": 0.0, "fpem/warmup_risk_temperature_progress": 0.0, "fpem/uniform_expert_mae": 0.0, "fpem/risk_routed_mae": 0.0, "fpem/risk_prediction_mae": 0.0, "fpem/risk_loss": 0.0, "fpem/risk_ranking_loss": 0.0, "fpem/risk_ranking_accuracy": 0.0, "fpem/risk_oracle_argmin_accuracy": 0.0, "fpem/risk_router_temperature": 0.0, "fpem/risk_router_lambda": 0.0, "fpem/risk_router_pairwise_lambda": 0.0, "fpem/env_route_train_mode_progressive_gmm_environment": 0.0, "fpem/top_level_prediction_source_progressive_gmm_teacher_hard": 0.0, "fpem/progressive_assignment_uses_target_or_prediction_error": 0.0, "fpem/progressive_partition_ready": 0.0, "fpem/progressive_selected_k": 0.0, "fpem/progressive_active_expert_count": 0.0, "fpem/progressive_last_partition_epoch": 0.0, "fpem/progressive_lambda_common": 0.0, "fpem/progressive_common_term": 0.0, "fpem/progressive_compactness_loss": 0.0, "fpem/progressive_consistency_loss": 0.0, "fpem/progressive_cluster_entropy": 0.0, "fpem/progressive_assignment_change_ratio": 0.0, "fpem/progressive_hungarian_overlap_score": 0.0, "fpem/progressive_partition_update_time_sec": 0.0, "fpem/progressive_routed_mae": 0.0, "fpem/progressive_gmm_environment_total_replaces_primary": 0.0, "fpem/env_route_count_head_0": 16.0, "fpem/env_route_oracle_count_head_0": 16.0, "fpem/route_count_env_head_0": 16.0, "fpem/route_soft_mean_expert_0": 1.0, "fpem/route_hard_count_expert_0": 16.0, "fpem/hard_count_expert_0": 16.0, "fpem/sinkhorn_soft_col_mass_expert_0": 0.0, "fpem/progressive_active_expert_0": 0.0, "fpem/progressive_cluster_size_0": 0.0, "fpem/progressive_cluster_ratio_0": 0.0, "fpem/progressive_cluster_to_expert_0": 0.0, "fpem/progressive_bic_k1": 0.0, "fpem/progressive_bic_score_k1": 0.0, "fpem/progressive_bic_rejected_k1": 0.0, "fpem/hyper_alpha_head_0": 0.0, "fpem/hyper_gamma_norm_head_0": 0.0, "fpem/hyper_beta_norm_head_0": 0.0, "fpem/expert_cross_mae_group_0_expert_0": 9.247458353496732, "fpem/load_expert_loss": 9.247458353496732, "fpem/conservative_override_router_loss": 0.1732378227370126, "fpem/hard_router_loss": 0.1732378227370126, "fpem/load_level_assignment_detached": 1.0, "fpem/load_level_count_0": 1680.0, "fpem/load_level_ratio_0": 1.0, "fpem/expert_0_global_loss": 9.247458353496732, "fpem/expert_0_selected_loss": 9.247458353496732, "fpem/conservative_all_environment_mae": 9.247458353496732, "fpem/conservative_all_invariant_mae": 9.662237430754162, "fpem/conservative_selective_hard_routing_mae": 9.247458353496732, "fpem/conservative_oracle_mae": 9.209650620960055, "fpem/conservative_router_accuracy": 0.8363095238095238, "fpem/conservative_router_balanced_accuracy": 0.5285714285714286, "fpem/conservative_invariant_switch_coverage": 0.0, "fpem/conservative_invariant_switch_precision": 0.0, "fpem/conservative_correct_beneficial_switches": 0.0, "fpem/conservative_harmful_invariant_switches": 0.0, "fpem/conservative_saved_loss_from_correct_switches": 0.0, "fpem/conservative_added_loss_from_harmful_switches": 0.0, "fpem/conservative_net_routing_gain": 0.0, "fpem/conservative_oracle_gap_closed": 0.0, "fpem/conservative_selected_threshold": 0.5, "fpem/conservative_selected_margin": 0.0, "fpem/conservative_delta_mean": -0.4147791821332205, "fpem/conservative_delta_positive_ratio": 0.1636904761904762, "fpem/conservative_target_inv_ratio": 0.1636904761904762, "fpem/conservative_p_inv_mean": 0.044962151366330326, "fpem/conservative_p_inv_min": 0.012126627078812038, "fpem/conservative_p_inv_max": 0.09414053122912135, "fpem/conservative_prediction_is_hard_route": 1.0, "fpem/conservative_prediction_is_soft_fusion": 0.0, "fpem/conservative_router_target_detached": 1.0, "fpem/conservative_delta_detached": 1.0, "fpem/conservative_harmful_switch_weight": 2.0, "fpem/hard_router_predicted_env_ratio": 1.0, "fpem/hard_router_effective_env_ratio": 1.0, "fpem/hard_router_target_env_ratio": 0.8363095238095238, "fpem/hard_router_gain_mean": -0.4147791821332205, "fpem/hard_router_margin_mean": 0.0, "fpem/conservative_router_supervision_enabled": 1.0, "fpem/conservative_router_weight_mean": 0.9999999926203773, "fpem/conservative_router_weight_min": 0.0680364825457911, "fpem/conservative_router_weight_max": 2.845314627601987, "fpem/expert_prediction_pairwise_difference": 0.0, "fpem/delta_pairwise_cosine": 0.0, "fpem/delta_pairwise_l1": 0.0, "fpem/delta_pairwise_l2": 0.0, "fpem/expert_0_parameter_norm": 15.046326564607167, "fpem/hard_binary_router_enabled": 1.0, "fpem/hard_router_uses_target_in_forward": 0.0, "fpem/stored_future_c_loaded": 0.0, "fpem/prediction_is_weighted_complete_fusion": 0.0, "fpem/prediction_is_hard_route": 1.0, "fpem/conservative_inv_override_enabled": 1.0, "fpem/conservative_router_features_detached": 1.0, "fpem/future_mi_loss": 0.0, "fpem/future_mi_valid": 0.0, "fpem/future_mi_logvar_mean": 0.0, "fpem/future_mi_target_mode_env_encoder": 0.0, "fpem/swap_loss": 0.0, "fpem/swap_diff_loss": 0.0, "fpem/swap_same_loss": 0.0, "fpem/swap_gain_mean": 0.0, "fpem/swap_s_gain_mean": 0.0, "fpem/swap_fallback_router_loss": 0.0, "fpem/swap_fallback_q_mean": 0.0, "fpem/swap_prediction_delta": 0.0, "fpem/swap_route_delta": 0.0, "fpem/swap_hyper_alpha_delta": 0.0, "fpem/swap_hyper_delta_norm": 0.0, "fpem/loss_env_day": 0.0, "fpem/loss_env_hour": 0.0, "fpem/loss_env_rush": 0.0, "fpem/env_day_acc": 0.0, "fpem/env_hour_acc": 0.0, "fpem/env_rush_acc": 0.0, "fpem/loss_env_supcon": 0.0, "fpem/env_supcon_valid_pairs": 0.0, "fpem/loss_inv_env_adv": 0.0, "fpem/inv_day_acc": 0.0, "fpem/inv_hour_acc": 0.0, "fpem/inv_rush_acc": 0.0, "fpem/loss_cross_cov_sep": 0.0, "fpem/load_level_experts_enabled": 1.0, "fpem/load_level_uses_target_or_future_load": 0.0, "fpem/environment_gate_uses_target_in_forward": 0.0, "fpem/load_level_env_residual_scale": 0.0, "fpem/uses_cached_observable_load_prior": 1.0, "fpem/primary_loss": 8.845249198731922, "fpem/inv_pred_loss": 9.218412154061454, "fpem/primary_uses_route": 1.0, "fpem/primary_uses_env_fusion": 0.0, "fpem/backbone_agcrn": 1.0, "fpem/backbone_graphwavenet": 0.0, "fpem/backbone_staeformer": 0.0, "fpem/gc_pred_loss_only": 1.0, "fpem/env_route_head_mode_hyper_proto": 1.0, "fpem/fpem_force_uniform_route": 0.0, "fpem/hard_prediction_sinkhorn_total_replaces_primary": 0.0, "fpem/hard_prediction_environment_sinkhorn_total_replaces_primary": 0.0, "fpem/warmup_risk_sinkhorn_total_replaces_primary": 0.0, "fpem/lambda_club_mi": 0.0}, "conservative_override_threshold_selection": {"split": "val", "threshold": 0.5, "margin": 0.0, "mae": 11.568615913391113, "loss": 11.782395998636881, "mape": 0.17942310869693756, "confirmed_result": {"loss": 11.782395998636881, "mae": 11.568615913391113, "mape": 0.17942310869693756}}}
CONSERVATIVE_OVERRIDE_THRESHOLD_SELECTION {"split": "val", "threshold": 0.5, "margin": 0.0, "mae": 11.61641788482666, "loss": 11.82062996758355, "mape": 0.1790936440229416, "confirmed_result": {"loss": 11.82062996758355, "mae": 11.61641788482666, "mape": 0.1790936440229416}}
EPOCH {"epoch": 79, "train_loss": 10.85188453311012, "val": {"loss": 11.82062996758355, "mae": 11.61641788482666, "mape": 0.1790936440229416}, "test_mixed": {"loss": 10.606360135759626, "mae": 10.58768367767334, "mape": 0.16544179618358612}, "test_workday": {"loss": 10.489203121351158, "mae": 10.50743579864502, "mape": 0.165850430727005}, "test_holiday": {"loss": 10.796864032745361, "mae": 10.72684383392334, "mape": 0.16473320126533508}, "test_avg_mae": 10.61713981628418, "best_selection_value": 10.61713981628418, "best_selection_split": "test_avg_DIAGNOSTIC", "best_selection_metric": "test_avg_mae", "lr": 0.001, "fpem_logs": {"fpem/fpem_env_use_exogenous": 1.0, "fpem/env_exogenous_available": 1.0, "fpem/env_exogenous_time_available": 1.0, "fpem/env_exogenous_load_available": 1.0, "fpem/env_exogenous_feature_dim": 32.0, "fpem/env_exogenous_embedding_norm": 3.037796690350487, "fpem/env_exogenous_load_embedding_norm": 2.1511946768987746, "fpem/env_rep_ablation_normal": 1.0, "fpem/env_rep_ablation_zero": 0.0, "fpem/env_rep_ablation_shuffle_batch": 0.0, "fpem/env_rep_ablation_mode_id": 0.0, "fpem/mask_loss": 0.0, "fpem/mask_sparse_loss": 0.0, "fpem/mask_entropy_loss": 0.0, "fpem/mask_mean": 1.0, "fpem/mask_entropy": 0.0, "fpem/mask_active_ratio": 1.0, "fpem/fusion_alpha_mean": 0.0, "fpem/fusion_alpha_std": 0.0, "fpem/fusion_alpha_min": 0.0, "fpem/fusion_alpha_max": 0.0, "fpem/env_route_loss": 2.010954567364284, "fpem/env_route_L_final": 8.835098203023275, "fpem/env_route_L_global": 0.0, "fpem/env_route_L_route_soft": 0.0, "fpem/env_route_L_expert": 9.234967699505034, "fpem/env_route_L_router_oracle": 0.1639609998712937, "fpem/env_route_L_balance": 0.0, "fpem/env_route_L_diverse": 0.0, "fpem/env_route_L_proto_align": 0.0, "fpem/env_route_entropy": 0.0, "fpem/env_route_q_max_mean": 0.0, "fpem/hyper_alpha_mean": 0.0, "fpem/hyper_delta_norm": 0.0, "fpem/hyper_route_proto_mode_uniform_warmup": 0.0, "fpem/hyper_route_proto_mode_uniform_fixed": 0.0, "fpem/hyper_route_proto_mode_sinkhorn": 0.0, "fpem/hyper_route_proto_mode_softmax": 0.0, "fpem/fallback_q_mean": 0.0, "fpem/fallback_q_max": 0.0, "fpem/env_q_sum_mean": 1.0, "fpem/oracle_fallback_rate": 0.0, "fpem/route_count_fallback": 0.0, "fpem/env_route_head_mode": 1.0, "fpem/route_entropy_mean": 0.0, "fpem/route_mean_distribution_entropy": 0.0, "fpem/effective_expert_number": 1.0, "fpem/max_expert_usage_ratio": 0.0, "fpem/min_expert_usage_ratio": 0.0, "fpem/prototype_pairwise_cosine": 0.0, "fpem/expert_prediction_pairwise_cosine": 0.0, "fpem/expert_collapse_warning": 0.0, "fpem/env_route_target_mode_env_prototype": 0.0, "fpem/env_route_target_mode_hybrid": 0.0, "fpem/env_route_hybrid_alpha": 0.0, "fpem/env_route_train_mode_warmup_risk_sinkhorn": 0.0, "fpem/warmup_risk_stage_warmup": 0.0, "fpem/warmup_risk_stage_soft": 0.0, "fpem/warmup_risk_stage_hard": 0.0, "fpem/warmup_risk_selected_loss": 0.0, "fpem/warmup_risk_uniform_common_loss": 0.0, "fpem/warmup_risk_lambda_common": 0.0, "fpem/warmup_risk_total_common_term": 0.0, "fpem/warmup_risk_temperature": 0.0, "fpem/warmup_risk_temperature_progress": 0.0, "fpem/uniform_expert_mae": 0.0, "fpem/risk_routed_mae": 0.0, "fpem/risk_prediction_mae": 0.0, "fpem/risk_loss": 0.0, "fpem/risk_ranking_loss": 0.0, "fpem/risk_ranking_accuracy": 0.0, "fpem/risk_oracle_argmin_accuracy": 0.0, "fpem/risk_router_temperature": 0.0, "fpem/risk_router_lambda": 0.0, "fpem/risk_router_pairwise_lambda": 0.0, "fpem/env_route_train_mode_progressive_gmm_environment": 0.0, "fpem/top_level_prediction_source_progressive_gmm_teacher_hard": 0.0, "fpem/progressive_assignment_uses_target_or_prediction_error": 0.0, "fpem/progressive_partition_ready": 0.0, "fpem/progressive_selected_k": 0.0, "fpem/progressive_active_expert_count": 0.0, "fpem/progressive_last_partition_epoch": 0.0, "fpem/progressive_lambda_common": 0.0, "fpem/progressive_common_term": 0.0, "fpem/progressive_compactness_loss": 0.0, "fpem/progressive_consistency_loss": 0.0, "fpem/progressive_cluster_entropy": 0.0, "fpem/progressive_assignment_change_ratio": 0.0, "fpem/progressive_hungarian_overlap_score": 0.0, "fpem/progressive_partition_update_time_sec": 0.0, "fpem/progressive_routed_mae": 0.0, "fpem/progressive_gmm_environment_total_replaces_primary": 0.0, "fpem/env_route_count_head_0": 16.0, "fpem/env_route_oracle_count_head_0": 16.0, "fpem/route_count_env_head_0": 16.0, "fpem/route_soft_mean_expert_0": 1.0, "fpem/route_hard_count_expert_0": 16.0, "fpem/hard_count_expert_0": 16.0, "fpem/sinkhorn_soft_col_mass_expert_0": 0.0, "fpem/progressive_active_expert_0": 0.0, "fpem/progressive_cluster_size_0": 0.0, "fpem/progressive_cluster_ratio_0": 0.0, "fpem/progressive_cluster_to_expert_0": 0.0, "fpem/progressive_bic_k1": 0.0, "fpem/progressive_bic_score_k1": 0.0, "fpem/progressive_bic_rejected_k1": 0.0, "fpem/hyper_alpha_head_0": 0.0, "fpem/hyper_gamma_norm_head_0": 0.0, "fpem/hyper_beta_norm_head_0": 0.0, "fpem/expert_cross_mae_group_0_expert_0": 9.234967699505034, "fpem/load_expert_loss": 9.234967699505034, "fpem/conservative_override_router_loss": 0.1639609998712937, "fpem/hard_router_loss": 0.1639609998712937, "fpem/load_level_assignment_detached": 1.0, "fpem/load_level_count_0": 1680.0, "fpem/load_level_ratio_0": 1.0, "fpem/expert_0_global_loss": 9.234967699505034, "fpem/expert_0_selected_loss": 9.234967699505034, "fpem/conservative_all_environment_mae": 9.234967699505034, "fpem/conservative_all_invariant_mae": 9.662237562452043, "fpem/conservative_selective_hard_routing_mae": 9.234967699505034, "fpem/conservative_oracle_mae": 9.198172228676933, "fpem/conservative_router_accuracy": 0.8482142857142857, "fpem/conservative_router_balanced_accuracy": 0.5380952380952381, "fpem/conservative_invariant_switch_coverage": 0.0, "fpem/conservative_invariant_switch_precision": 0.0, "fpem/conservative_correct_beneficial_switches": 0.0, "fpem/conservative_harmful_invariant_switches": 0.0, "fpem/conservative_saved_loss_from_correct_switches": 0.0, "fpem/conservative_added_loss_from_harmful_switches": 0.0, "fpem/conservative_net_routing_gain": 0.0, "fpem/conservative_oracle_gap_closed": 0.0, "fpem/conservative_selected_threshold": 0.5, "fpem/conservative_selected_margin": 0.0, "fpem/conservative_delta_mean": -0.4272697803520021, "fpem/conservative_delta_positive_ratio": 0.15178571428571427, "fpem/conservative_target_inv_ratio": 0.15178571428571427, "fpem/conservative_p_inv_mean": 0.046761486963147206, "fpem/conservative_p_inv_min": 0.011737464401604874, "fpem/conservative_p_inv_max": 0.09849481870021139, "fpem/conservative_prediction_is_hard_route": 1.0, "fpem/conservative_prediction_is_soft_fusion": 0.0, "fpem/conservative_router_target_detached": 1.0, "fpem/conservative_delta_detached": 1.0, "fpem/conservative_harmful_switch_weight": 2.0, "fpem/hard_router_predicted_env_ratio": 1.0, "fpem/hard_router_effective_env_ratio": 1.0, "fpem/hard_router_target_env_ratio": 0.8482142857142857, "fpem/hard_router_gain_mean": -0.4272697803520021, "fpem/hard_router_margin_mean": 0.0, "fpem/conservative_router_supervision_enabled": 1.0, "fpem/conservative_router_weight_mean": 0.9999999948910304, "fpem/conservative_router_weight_min": 0.0798610693714138, "fpem/conservative_router_weight_max": 2.863191672733852, "fpem/expert_prediction_pairwise_difference": 0.0, "fpem/delta_pairwise_cosine": 0.0, "fpem/delta_pairwise_l1": 0.0, "fpem/delta_pairwise_l2": 0.0, "fpem/expert_0_parameter_norm": 15.046382259187244, "fpem/hard_binary_router_enabled": 1.0, "fpem/hard_router_uses_target_in_forward": 0.0, "fpem/stored_future_c_loaded": 0.0, "fpem/prediction_is_weighted_complete_fusion": 0.0, "fpem/prediction_is_hard_route": 1.0, "fpem/conservative_inv_override_enabled": 1.0, "fpem/conservative_router_features_detached": 1.0, "fpem/future_mi_loss": 0.0, "fpem/future_mi_valid": 0.0, "fpem/future_mi_logvar_mean": 0.0, "fpem/future_mi_target_mode_env_encoder": 0.0, "fpem/swap_loss": 0.0, "fpem/swap_diff_loss": 0.0, "fpem/swap_same_loss": 0.0, "fpem/swap_gain_mean": 0.0, "fpem/swap_s_gain_mean": 0.0, "fpem/swap_fallback_router_loss": 0.0, "fpem/swap_fallback_q_mean": 0.0, "fpem/swap_prediction_delta": 0.0, "fpem/swap_route_delta": 0.0, "fpem/swap_hyper_alpha_delta": 0.0, "fpem/swap_hyper_delta_norm": 0.0, "fpem/loss_env_day": 0.0, "fpem/loss_env_hour": 0.0, "fpem/loss_env_rush": 0.0, "fpem/env_day_acc": 0.0, "fpem/env_hour_acc": 0.0, "fpem/env_rush_acc": 0.0, "fpem/loss_env_supcon": 0.0, "fpem/env_supcon_valid_pairs": 0.0, "fpem/loss_inv_env_adv": 0.0, "fpem/inv_day_acc": 0.0, "fpem/inv_hour_acc": 0.0, "fpem/inv_rush_acc": 0.0, "fpem/loss_cross_cov_sep": 0.0, "fpem/load_level_experts_enabled": 1.0, "fpem/load_level_uses_target_or_future_load": 0.0, "fpem/environment_gate_uses_target_in_forward": 0.0, "fpem/load_level_env_residual_scale": 0.0, "fpem/uses_cached_observable_load_prior": 1.0, "fpem/primary_loss": 8.835098203023275, "fpem/inv_pred_loss": 9.214204302288238, "fpem/primary_uses_route": 1.0, "fpem/primary_uses_env_fusion": 0.0, "fpem/backbone_agcrn": 1.0, "fpem/backbone_graphwavenet": 0.0, "fpem/backbone_staeformer": 0.0, "fpem/gc_pred_loss_only": 1.0, "fpem/env_route_head_mode_hyper_proto": 1.0, "fpem/fpem_force_uniform_route": 0.0, "fpem/hard_prediction_sinkhorn_total_replaces_primary": 0.0, "fpem/hard_prediction_environment_sinkhorn_total_replaces_primary": 0.0, "fpem/warmup_risk_sinkhorn_total_replaces_primary": 0.0, "fpem/lambda_club_mi": 0.0}, "conservative_override_threshold_selection": {"split": "val", "threshold": 0.5, "margin": 0.0, "mae": 11.61641788482666, "loss": 11.82062996758355, "mape": 0.1790936440229416, "confirmed_result": {"loss": 11.82062996758355, "mae": 11.61641788482666, "mape": 0.1790936440229416}}}
CONSERVATIVE_OVERRIDE_THRESHOLD_SELECTION {"split": "val", "threshold": 0.5, "margin": 0.0, "mae": 11.560433387756348, "loss": 11.787332269880507, "mape": 0.18870213627815247, "confirmed_result": {"loss": 11.787332269880507, "mae": 11.560433387756348, "mape": 0.18870213627815247}}
EPOCH {"epoch": 80, "train_loss": 10.83877281915574, "val": {"loss": 11.787332269880507, "mae": 11.560433387756348, "mape": 0.18870213627815247}, "test_mixed": {"loss": 10.521380301884243, "mae": 10.506621360778809, "mape": 0.1730726957321167}, "test_workday": {"loss": 10.40640287813933, "mae": 10.426980972290039, "mape": 0.172967329621315}, "test_holiday": {"loss": 10.707621375719706, "mae": 10.644726753234863, "mape": 0.17325541377067566}, "test_avg_mae": 10.535853862762451, "best_selection_value": 10.535853862762451, "best_selection_split": "test_avg_DIAGNOSTIC", "best_selection_metric": "test_avg_mae", "lr": 0.001, "fpem_logs": {"fpem/fpem_env_use_exogenous": 1.0, "fpem/env_exogenous_available": 1.0, "fpem/env_exogenous_time_available": 1.0, "fpem/env_exogenous_load_available": 1.0, "fpem/env_exogenous_feature_dim": 32.0, "fpem/env_exogenous_embedding_norm": 3.0423430374690463, "fpem/env_exogenous_load_embedding_norm": 2.1537001768747968, "fpem/env_rep_ablation_normal": 1.0, "fpem/env_rep_ablation_zero": 0.0, "fpem/env_rep_ablation_shuffle_batch": 0.0, "fpem/env_rep_ablation_mode_id": 0.0, "fpem/mask_loss": 0.0, "fpem/mask_sparse_loss": 0.0, "fpem/mask_entropy_loss": 0.0, "fpem/mask_mean": 1.0, "fpem/mask_entropy": 0.0, "fpem/mask_active_ratio": 1.0, "fpem/fusion_alpha_mean": 0.0, "fpem/fusion_alpha_std": 0.0, "fpem/fusion_alpha_min": 0.0, "fpem/fusion_alpha_max": 0.0, "fpem/env_route_loss": 2.005566595849537, "fpem/env_route_L_final": 8.828023124876477, "fpem/env_route_L_global": 0.0, "fpem/env_route_L_route_soft": 0.0, "fpem/env_route_L_expert": 9.22645710536412, "fpem/env_route_L_router_oracle": 0.16027515090647199, "fpem/env_route_L_balance": 0.0, "fpem/env_route_L_diverse": 0.0, "fpem/env_route_L_proto_align": 0.0, "fpem/env_route_entropy": 0.0, "fpem/env_route_q_max_mean": 0.0, "fpem/hyper_alpha_mean": 0.0, "fpem/hyper_delta_norm": 0.0, "fpem/hyper_route_proto_mode_uniform_warmup": 0.0, "fpem/hyper_route_proto_mode_uniform_fixed": 0.0, "fpem/hyper_route_proto_mode_sinkhorn": 0.0, "fpem/hyper_route_proto_mode_softmax": 0.0, "fpem/fallback_q_mean": 0.0, "fpem/fallback_q_max": 0.0, "fpem/env_q_sum_mean": 1.0, "fpem/oracle_fallback_rate": 0.0, "fpem/route_count_fallback": 0.0, "fpem/env_route_head_mode": 1.0, "fpem/route_entropy_mean": 0.0, "fpem/route_mean_distribution_entropy": 0.0, "fpem/effective_expert_number": 1.0, "fpem/max_expert_usage_ratio": 0.0, "fpem/min_expert_usage_ratio": 0.0, "fpem/prototype_pairwise_cosine": 0.0, "fpem/expert_prediction_pairwise_cosine": 0.0, "fpem/expert_collapse_warning": 0.0, "fpem/env_route_target_mode_env_prototype": 0.0, "fpem/env_route_target_mode_hybrid": 0.0, "fpem/env_route_hybrid_alpha": 0.0, "fpem/env_route_train_mode_warmup_risk_sinkhorn": 0.0, "fpem/warmup_risk_stage_warmup": 0.0, "fpem/warmup_risk_stage_soft": 0.0, "fpem/warmup_risk_stage_hard": 0.0, "fpem/warmup_risk_selected_loss": 0.0, "fpem/warmup_risk_uniform_common_loss": 0.0, "fpem/warmup_risk_lambda_common": 0.0, "fpem/warmup_risk_total_common_term": 0.0, "fpem/warmup_risk_temperature": 0.0, "fpem/warmup_risk_temperature_progress": 0.0, "fpem/uniform_expert_mae": 0.0, "fpem/risk_routed_mae": 0.0, "fpem/risk_prediction_mae": 0.0, "fpem/risk_loss": 0.0, "fpem/risk_ranking_loss": 0.0, "fpem/risk_ranking_accuracy": 0.0, "fpem/risk_oracle_argmin_accuracy": 0.0, "fpem/risk_router_temperature": 0.0, "fpem/risk_router_lambda": 0.0, "fpem/risk_router_pairwise_lambda": 0.0, "fpem/env_route_train_mode_progressive_gmm_environment": 0.0, "fpem/top_level_prediction_source_progressive_gmm_teacher_hard": 0.0, "fpem/progressive_assignment_uses_target_or_prediction_error": 0.0, "fpem/progressive_partition_ready": 0.0, "fpem/progressive_selected_k": 0.0, "fpem/progressive_active_expert_count": 0.0, "fpem/progressive_last_partition_epoch": 0.0, "fpem/progressive_lambda_common": 0.0, "fpem/progressive_common_term": 0.0, "fpem/progressive_compactness_loss": 0.0, "fpem/progressive_consistency_loss": 0.0, "fpem/progressive_cluster_entropy": 0.0, "fpem/progressive_assignment_change_ratio": 0.0, "fpem/progressive_hungarian_overlap_score": 0.0, "fpem/progressive_partition_update_time_sec": 0.0, "fpem/progressive_routed_mae": 0.0, "fpem/progressive_gmm_environment_total_replaces_primary": 0.0, "fpem/env_route_count_head_0": 16.0, "fpem/env_route_oracle_count_head_0": 16.0, "fpem/route_count_env_head_0": 16.0, "fpem/route_soft_mean_expert_0": 1.0, "fpem/route_hard_count_expert_0": 16.0, "fpem/hard_count_expert_0": 16.0, "fpem/sinkhorn_soft_col_mass_expert_0": 0.0, "fpem/progressive_active_expert_0": 0.0, "fpem/progressive_cluster_size_0": 0.0, "fpem/progressive_cluster_ratio_0": 0.0, "fpem/progressive_cluster_to_expert_0": 0.0, "fpem/progressive_bic_k1": 0.0, "fpem/progressive_bic_score_k1": 0.0, "fpem/progressive_bic_rejected_k1": 0.0, "fpem/hyper_alpha_head_0": 0.0, "fpem/hyper_gamma_norm_head_0": 0.0, "fpem/hyper_beta_norm_head_0": 0.0, "fpem/expert_cross_mae_group_0_expert_0": 9.22645710536412, "fpem/load_expert_loss": 9.22645710536412, "fpem/conservative_override_router_loss": 0.16027515090647199, "fpem/hard_router_loss": 0.16027515090647199, "fpem/load_level_assignment_detached": 1.0, "fpem/load_level_count_0": 1680.0, "fpem/load_level_ratio_0": 1.0, "fpem/expert_0_global_loss": 9.22645710536412, "fpem/expert_0_selected_loss": 9.22645710536412, "fpem/conservative_all_environment_mae": 9.22645710536412, "fpem/conservative_all_invariant_mae": 9.662237458002, "fpem/conservative_selective_hard_routing_mae": 9.22645710536412, "fpem/conservative_oracle_mae": 9.191495250520251, "fpem/conservative_router_accuracy": 0.8464285714285714, "fpem/conservative_router_balanced_accuracy": 0.5476190476190477, "fpem/conservative_invariant_switch_coverage": 0.0, "fpem/conservative_invariant_switch_precision": 0.0, "fpem/conservative_correct_beneficial_switches": 0.0, "fpem/conservative_harmful_invariant_switches": 0.0, "fpem/conservative_saved_loss_from_correct_switches": 0.0, "fpem/conservative_added_loss_from_harmful_switches": 0.0, "fpem/conservative_net_routing_gain": 0.0, "fpem/conservative_oracle_gap_closed": 0.0, "fpem/conservative_selected_threshold": 0.5, "fpem/conservative_selected_margin": 0.0, "fpem/conservative_delta_mean": -0.43578041777724313, "fpem/conservative_delta_positive_ratio": 0.15357142857142858, "fpem/conservative_target_inv_ratio": 0.15357142857142858, "fpem/conservative_p_inv_mean": 0.04270678925372305, "fpem/conservative_p_inv_min": 0.011165171245201713, "fpem/conservative_p_inv_max": 0.09113883911853744, "fpem/conservative_prediction_is_hard_route": 1.0, "fpem/conservative_prediction_is_soft_fusion": 0.0, "fpem/conservative_router_target_detached": 1.0, "fpem/conservative_delta_detached": 1.0, "fpem/conservative_harmful_switch_weight": 2.0, "fpem/hard_router_predicted_env_ratio": 1.0, "fpem/hard_router_effective_env_ratio": 1.0, "fpem/hard_router_target_env_ratio": 0.8464285714285714, "fpem/hard_router_gain_mean": -0.43578041777724313, "fpem/hard_router_margin_mean": 0.0, "fpem/conservative_router_supervision_enabled": 1.0, "fpem/conservative_router_weight_mean": 0.9999999886467343, "fpem/conservative_router_weight_min": 0.056618052183018464, "fpem/conservative_router_weight_max": 2.8210249389920916, "fpem/expert_prediction_pairwise_difference": 0.0, "fpem/delta_pairwise_cosine": 0.0, "fpem/delta_pairwise_l1": 0.0, "fpem/delta_pairwise_l2": 0.0, "fpem/expert_0_parameter_norm": 15.051179059346516, "fpem/hard_binary_router_enabled": 1.0, "fpem/hard_router_uses_target_in_forward": 0.0, "fpem/stored_future_c_loaded": 0.0, "fpem/prediction_is_weighted_complete_fusion": 0.0, "fpem/prediction_is_hard_route": 1.0, "fpem/conservative_inv_override_enabled": 1.0, "fpem/conservative_router_features_detached": 1.0, "fpem/future_mi_loss": 0.0, "fpem/future_mi_valid": 0.0, "fpem/future_mi_logvar_mean": 0.0, "fpem/future_mi_target_mode_env_encoder": 0.0, "fpem/swap_loss": 0.0, "fpem/swap_diff_loss": 0.0, "fpem/swap_same_loss": 0.0, "fpem/swap_gain_mean": 0.0, "fpem/swap_s_gain_mean": 0.0, "fpem/swap_fallback_router_loss": 0.0, "fpem/swap_fallback_q_mean": 0.0, "fpem/swap_prediction_delta": 0.0, "fpem/swap_route_delta": 0.0, "fpem/swap_hyper_alpha_delta": 0.0, "fpem/swap_hyper_delta_norm": 0.0, "fpem/loss_env_day": 0.0, "fpem/loss_env_hour": 0.0, "fpem/loss_env_rush": 0.0, "fpem/env_day_acc": 0.0, "fpem/env_hour_acc": 0.0, "fpem/env_rush_acc": 0.0, "fpem/loss_env_supcon": 0.0, "fpem/env_supcon_valid_pairs": 0.0, "fpem/loss_inv_env_adv": 0.0, "fpem/inv_day_acc": 0.0, "fpem/inv_hour_acc": 0.0, "fpem/inv_rush_acc": 0.0, "fpem/loss_cross_cov_sep": 0.0, "fpem/load_level_experts_enabled": 1.0, "fpem/load_level_uses_target_or_future_load": 0.0, "fpem/environment_gate_uses_target_in_forward": 0.0, "fpem/load_level_env_residual_scale": 0.0, "fpem/uses_cached_observable_load_prior": 1.0, "fpem/primary_loss": 8.828023124876477, "fpem/inv_pred_loss": 9.214916892278762, "fpem/primary_uses_route": 1.0, "fpem/primary_uses_env_fusion": 0.0, "fpem/backbone_agcrn": 1.0, "fpem/backbone_graphwavenet": 0.0, "fpem/backbone_staeformer": 0.0, "fpem/gc_pred_loss_only": 1.0, "fpem/env_route_head_mode_hyper_proto": 1.0, "fpem/fpem_force_uniform_route": 0.0, "fpem/hard_prediction_sinkhorn_total_replaces_primary": 0.0, "fpem/hard_prediction_environment_sinkhorn_total_replaces_primary": 0.0, "fpem/warmup_risk_sinkhorn_total_replaces_primary": 0.0, "fpem/lambda_club_mi": 0.0}, "conservative_override_threshold_selection": {"split": "val", "threshold": 0.5, "margin": 0.0, "mae": 11.560433387756348, "loss": 11.787332269880507, "mape": 0.18870213627815247, "confirmed_result": {"loss": 11.787332269880507, "mae": 11.560433387756348, "mape": 0.18870213627815247}}}
CONSERVATIVE_OVERRIDE_THRESHOLD_SELECTION {"split": "val", "threshold": 0.5, "margin": 0.0, "mae": 11.569366455078125, "loss": 11.786959515677559, "mape": 0.1853659451007843, "confirmed_result": {"loss": 11.786959515677559, "mae": 11.569366455078125, "mape": 0.1853659451007843}}
EPOCH {"epoch": 81, "train_loss": 10.83206364767892, "val": {"loss": 11.786959515677559, "mae": 11.569366455078125, "mape": 0.1853659451007843}, "test_mixed": {"loss": 10.549009377615793, "mae": 10.530274391174316, "mape": 0.17037738859653473}, "test_workday": {"loss": 10.42962760510652, "mae": 10.447805404663086, "mape": 0.17025265097618103}, "test_holiday": {"loss": 10.743432521820068, "mae": 10.673287391662598, "mape": 0.17059370875358582}, "test_avg_mae": 10.560546398162842, "best_selection_value": 10.560546398162842, "best_selection_split": "test_avg_DIAGNOSTIC", "best_selection_metric": "test_avg_mae", "lr": 0.001, "fpem_logs": {"fpem/fpem_env_use_exogenous": 1.0, "fpem/env_exogenous_available": 1.0, "fpem/env_exogenous_time_available": 1.0, "fpem/env_exogenous_load_available": 1.0, "fpem/env_exogenous_feature_dim": 32.0, "fpem/env_exogenous_embedding_norm": 3.0438195432935444, "fpem/env_exogenous_load_embedding_norm": 2.1544806843712214, "fpem/env_rep_ablation_normal": 1.0, "fpem/env_rep_ablation_zero": 0.0, "fpem/env_rep_ablation_shuffle_batch": 0.0, "fpem/env_rep_ablation_mode_id": 0.0, "fpem/mask_loss": 0.0, "fpem/mask_sparse_loss": 0.0, "fpem/mask_entropy_loss": 0.0, "fpem/mask_mean": 1.0, "fpem/mask_entropy": 0.0, "fpem/mask_active_ratio": 1.0, "fpem/fusion_alpha_mean": 0.0, "fpem/fusion_alpha_std": 0.0, "fpem/fusion_alpha_min": 0.0, "fpem/fusion_alpha_max": 0.0, "fpem/env_route_loss": 2.0023701508839924, "fpem/env_route_L_final": 8.828109600430443, "fpem/env_route_L_global": 0.0, "fpem/env_route_L_route_soft": 0.0, "fpem/env_route_L_expert": 9.231493958972749, "fpem/env_route_L_router_oracle": 0.1560713384477865, "fpem/env_route_L_balance": 0.0, "fpem/env_route_L_diverse": 0.0, "fpem/env_route_L_proto_align": 0.0, "fpem/env_route_entropy": 0.0, "fpem/env_route_q_max_mean": 0.0, "fpem/hyper_alpha_mean": 0.0, "fpem/hyper_delta_norm": 0.0, "fpem/hyper_route_proto_mode_uniform_warmup": 0.0, "fpem/hyper_route_proto_mode_uniform_fixed": 0.0, "fpem/hyper_route_proto_mode_sinkhorn": 0.0, "fpem/hyper_route_proto_mode_softmax": 0.0, "fpem/fallback_q_mean": 0.0, "fpem/fallback_q_max": 0.0, "fpem/env_q_sum_mean": 1.0, "fpem/oracle_fallback_rate": 0.0, "fpem/route_count_fallback": 0.0, "fpem/env_route_head_mode": 1.0, "fpem/route_entropy_mean": 0.0, "fpem/route_mean_distribution_entropy": 0.0, "fpem/effective_expert_number": 1.0, "fpem/max_expert_usage_ratio": 0.0, "fpem/min_expert_usage_ratio": 0.0, "fpem/prototype_pairwise_cosine": 0.0, "fpem/expert_prediction_pairwise_cosine": 0.0, "fpem/expert_collapse_warning": 0.0, "fpem/env_route_target_mode_env_prototype": 0.0, "fpem/env_route_target_mode_hybrid": 0.0, "fpem/env_route_hybrid_alpha": 0.0, "fpem/env_route_train_mode_warmup_risk_sinkhorn": 0.0, "fpem/warmup_risk_stage_warmup": 0.0, "fpem/warmup_risk_stage_soft": 0.0, "fpem/warmup_risk_stage_hard": 0.0, "fpem/warmup_risk_selected_loss": 0.0, "fpem/warmup_risk_uniform_common_loss": 0.0, "fpem/warmup_risk_lambda_common": 0.0, "fpem/warmup_risk_total_common_term": 0.0, "fpem/warmup_risk_temperature": 0.0, "fpem/warmup_risk_temperature_progress": 0.0, "fpem/uniform_expert_mae": 0.0, "fpem/risk_routed_mae": 0.0, "fpem/risk_prediction_mae": 0.0, "fpem/risk_loss": 0.0, "fpem/risk_ranking_loss": 0.0, "fpem/risk_ranking_accuracy": 0.0, "fpem/risk_oracle_argmin_accuracy": 0.0, "fpem/risk_router_temperature": 0.0, "fpem/risk_router_lambda": 0.0, "fpem/risk_router_pairwise_lambda": 0.0, "fpem/env_route_train_mode_progressive_gmm_environment": 0.0, "fpem/top_level_prediction_source_progressive_gmm_teacher_hard": 0.0, "fpem/progressive_assignment_uses_target_or_prediction_error": 0.0, "fpem/progressive_partition_ready": 0.0, "fpem/progressive_selected_k": 0.0, "fpem/progressive_active_expert_count": 0.0, "fpem/progressive_last_partition_epoch": 0.0, "fpem/progressive_lambda_common": 0.0, "fpem/progressive_common_term": 0.0, "fpem/progressive_compactness_loss": 0.0, "fpem/progressive_consistency_loss": 0.0, "fpem/progressive_cluster_entropy": 0.0, "fpem/progressive_assignment_change_ratio": 0.0, "fpem/progressive_hungarian_overlap_score": 0.0, "fpem/progressive_partition_update_time_sec": 0.0, "fpem/progressive_routed_mae": 0.0, "fpem/progressive_gmm_environment_total_replaces_primary": 0.0, "fpem/env_route_count_head_0": 16.0, "fpem/env_route_oracle_count_head_0": 16.0, "fpem/route_count_env_head_0": 16.0, "fpem/route_soft_mean_expert_0": 1.0, "fpem/route_hard_count_expert_0": 16.0, "fpem/hard_count_expert_0": 16.0, "fpem/sinkhorn_soft_col_mass_expert_0": 0.0, "fpem/progressive_active_expert_0": 0.0, "fpem/progressive_cluster_size_0": 0.0, "fpem/progressive_cluster_ratio_0": 0.0, "fpem/progressive_cluster_to_expert_0": 0.0, "fpem/progressive_bic_k1": 0.0, "fpem/progressive_bic_score_k1": 0.0, "fpem/progressive_bic_rejected_k1": 0.0, "fpem/hyper_alpha_head_0": 0.0, "fpem/hyper_gamma_norm_head_0": 0.0, "fpem/hyper_beta_norm_head_0": 0.0, "fpem/expert_cross_mae_group_0_expert_0": 9.231493958972749, "fpem/load_expert_loss": 9.231493958972749, "fpem/conservative_override_router_loss": 0.1560713384477865, "fpem/hard_router_loss": 0.1560713384477865, "fpem/load_level_assignment_detached": 1.0, "fpem/load_level_count_0": 1680.0, "fpem/load_level_ratio_0": 1.0, "fpem/expert_0_global_loss": 9.231493958972749, "fpem/expert_0_selected_loss": 9.231493958972749, "fpem/conservative_all_environment_mae": 9.231493958972749, "fpem/conservative_all_invariant_mae": 9.662237539745512, "fpem/conservative_selective_hard_routing_mae": 9.231493958972749, "fpem/conservative_oracle_mae": 9.197525047120594, "fpem/conservative_router_accuracy": 0.8392857142857143, "fpem/conservative_router_balanced_accuracy": 0.5190476190476191, "fpem/conservative_invariant_switch_coverage": 0.0, "fpem/conservative_invariant_switch_precision": 0.0, "fpem/conservative_correct_beneficial_switches": 0.0, "fpem/conservative_harmful_invariant_switches": 0.0, "fpem/conservative_saved_loss_from_correct_switches": 0.0, "fpem/conservative_added_loss_from_harmful_switches": 0.0, "fpem/conservative_net_routing_gain": 0.0, "fpem/conservative_oracle_gap_closed": 0.0, "fpem/conservative_selected_threshold": 0.5, "fpem/conservative_selected_margin": 0.0, "fpem/conservative_delta_mean": -0.4307435031448092, "fpem/conservative_delta_positive_ratio": 0.16071428571428573, "fpem/conservative_target_inv_ratio": 0.16071428571428573, "fpem/conservative_p_inv_mean": 0.039923939339461784, "fpem/conservative_p_inv_min": 0.010058670322455112, "fpem/conservative_p_inv_max": 0.08663744184942472, "fpem/conservative_prediction_is_hard_route": 1.0, "fpem/conservative_prediction_is_soft_fusion": 0.0, "fpem/conservative_router_target_detached": 1.0, "fpem/conservative_delta_detached": 1.0, "fpem/conservative_harmful_switch_weight": 2.0, "fpem/hard_router_predicted_env_ratio": 1.0, "fpem/hard_router_effective_env_ratio": 1.0, "fpem/hard_router_target_env_ratio": 0.8392857142857143, "fpem/hard_router_gain_mean": -0.4307435031448092, "fpem/hard_router_margin_mean": 0.0, "fpem/conservative_router_supervision_enabled": 1.0, "fpem/conservative_router_weight_mean": 0.9999999892143976, "fpem/conservative_router_weight_min": 0.06708906814622294, "fpem/conservative_router_weight_max": 2.814213178271339, "fpem/expert_prediction_pairwise_difference": 0.0, "fpem/delta_pairwise_cosine": 0.0, "fpem/delta_pairwise_l1": 0.0, "fpem/delta_pairwise_l2": 0.0, "fpem/expert_0_parameter_norm": 15.05387671334403, "fpem/hard_binary_router_enabled": 1.0, "fpem/hard_router_uses_target_in_forward": 0.0, "fpem/stored_future_c_loaded": 0.0, "fpem/prediction_is_weighted_complete_fusion": 0.0, "fpem/prediction_is_hard_route": 1.0, "fpem/conservative_inv_override_enabled": 1.0, "fpem/conservative_router_features_detached": 1.0, "fpem/future_mi_loss": 0.0, "fpem/future_mi_valid": 0.0, "fpem/future_mi_logvar_mean": 0.0, "fpem/future_mi_target_mode_env_encoder": 0.0, "fpem/swap_loss": 0.0, "fpem/swap_diff_loss": 0.0, "fpem/swap_same_loss": 0.0, "fpem/swap_gain_mean": 0.0, "fpem/swap_s_gain_mean": 0.0, "fpem/swap_fallback_router_loss": 0.0, "fpem/swap_fallback_q_mean": 0.0, "fpem/swap_prediction_delta": 0.0, "fpem/swap_route_delta": 0.0, "fpem/swap_hyper_alpha_delta": 0.0, "fpem/swap_hyper_delta_norm": 0.0, "fpem/loss_env_day": 0.0, "fpem/loss_env_hour": 0.0, "fpem/loss_env_rush": 0.0, "fpem/env_day_acc": 0.0, "fpem/env_hour_acc": 0.0, "fpem/env_rush_acc": 0.0, "fpem/loss_env_supcon": 0.0, "fpem/env_supcon_valid_pairs": 0.0, "fpem/loss_inv_env_adv": 0.0, "fpem/inv_day_acc": 0.0, "fpem/inv_hour_acc": 0.0, "fpem/inv_rush_acc": 0.0, "fpem/loss_cross_cov_sep": 0.0, "fpem/load_level_experts_enabled": 1.0, "fpem/load_level_uses_target_or_future_load": 0.0, "fpem/environment_gate_uses_target_in_forward": 0.0, "fpem/load_level_env_residual_scale": 0.0, "fpem/uses_cached_observable_load_prior": 1.0, "fpem/primary_loss": 8.828109600430443, "fpem/inv_pred_loss": 9.214409092494419, "fpem/primary_uses_route": 1.0, "fpem/primary_uses_env_fusion": 0.0, "fpem/backbone_agcrn": 1.0, "fpem/backbone_graphwavenet": 0.0, "fpem/backbone_staeformer": 0.0, "fpem/gc_pred_loss_only": 1.0, "fpem/env_route_head_mode_hyper_proto": 1.0, "fpem/fpem_force_uniform_route": 0.0, "fpem/hard_prediction_sinkhorn_total_replaces_primary": 0.0, "fpem/hard_prediction_environment_sinkhorn_total_replaces_primary": 0.0, "fpem/warmup_risk_sinkhorn_total_replaces_primary": 0.0, "fpem/lambda_club_mi": 0.0}, "conservative_override_threshold_selection": {"split": "val", "threshold": 0.5, "margin": 0.0, "mae": 11.569366455078125, "loss": 11.786959515677559, "mape": 0.1853659451007843, "confirmed_result": {"loss": 11.786959515677559, "mae": 11.569366455078125, "mape": 0.1853659451007843}}}
CONSERVATIVE_OVERRIDE_THRESHOLD_SELECTION {"split": "val", "threshold": 0.5, "margin": 0.0, "mae": 11.583345413208008, "loss": 11.791145748562283, "mape": 0.17920731008052826, "confirmed_result": {"loss": 11.791145748562283, "mae": 11.583345413208008, "mape": 0.17920731008052826}}
EPOCH {"epoch": 82, "train_loss": 10.818801952543712, "val": {"loss": 11.791145748562283, "mae": 11.583345413208008, "mape": 0.17920731008052826}, "test_mixed": {"loss": 10.570292104993548, "mae": 10.550599098205566, "mape": 0.1649528294801712}, "test_workday": {"loss": 10.455339887867803, "mae": 10.472465515136719, "mape": 0.1653561294078827}, "test_holiday": {"loss": 10.756510774294535, "mae": 10.686090469360352, "mape": 0.16425341367721558}, "test_avg_mae": 10.579277992248535, "best_selection_value": 10.579277992248535, "best_selection_split": "test_avg_DIAGNOSTIC", "best_selection_metric": "test_avg_mae", "lr": 0.001, "fpem_logs": {"fpem/fpem_env_use_exogenous": 1.0, "fpem/env_exogenous_available": 1.0, "fpem/env_exogenous_time_available": 1.0, "fpem/env_exogenous_load_available": 1.0, "fpem/env_exogenous_feature_dim": 32.0, "fpem/env_exogenous_embedding_norm": 3.050805934270223, "fpem/env_exogenous_load_embedding_norm": 2.1595267818087622, "fpem/env_rep_ablation_normal": 1.0, "fpem/env_rep_ablation_zero": 0.0, "fpem/env_rep_ablation_shuffle_batch": 0.0, "fpem/env_rep_ablation_mode_id": 0.0, "fpem/mask_loss": 0.0, "fpem/mask_sparse_loss": 0.0, "fpem/mask_entropy_loss": 0.0, "fpem/mask_mean": 1.0, "fpem/mask_entropy": 0.0, "fpem/mask_active_ratio": 1.0, "fpem/fusion_alpha_mean": 0.0, "fpem/fusion_alpha_std": 0.0, "fpem/fusion_alpha_min": 0.0, "fpem/fusion_alpha_max": 0.0, "fpem/env_route_loss": 1.9975669338589623, "fpem/env_route_L_final": 8.818863192058744, "fpem/env_route_L_global": 0.0, "fpem/env_route_L_route_soft": 0.0, "fpem/env_route_L_expert": 9.21688494001116, "fpem/env_route_L_router_oracle": 0.15418990868188087, "fpem/env_route_L_balance": 0.0, "fpem/env_route_L_diverse": 0.0, "fpem/env_route_L_proto_align": 0.0, "fpem/env_route_entropy": 0.0, "fpem/env_route_q_max_mean": 0.0, "fpem/hyper_alpha_mean": 0.0, "fpem/hyper_delta_norm": 0.0, "fpem/hyper_route_proto_mode_uniform_warmup": 0.0, "fpem/hyper_route_proto_mode_uniform_fixed": 0.0, "fpem/hyper_route_proto_mode_sinkhorn": 0.0, "fpem/hyper_route_proto_mode_softmax": 0.0, "fpem/fallback_q_mean": 0.0, "fpem/fallback_q_max": 0.0, "fpem/env_q_sum_mean": 1.0, "fpem/oracle_fallback_rate": 0.0, "fpem/route_count_fallback": 0.0, "fpem/env_route_head_mode": 1.0, "fpem/route_entropy_mean": 0.0, "fpem/route_mean_distribution_entropy": 0.0, "fpem/effective_expert_number": 1.0, "fpem/max_expert_usage_ratio": 0.0, "fpem/min_expert_usage_ratio": 0.0, "fpem/prototype_pairwise_cosine": 0.0, "fpem/expert_prediction_pairwise_cosine": 0.0, "fpem/expert_collapse_warning": 0.0, "fpem/env_route_target_mode_env_prototype": 0.0, "fpem/env_route_target_mode_hybrid": 0.0, "fpem/env_route_hybrid_alpha": 0.0, "fpem/env_route_train_mode_warmup_risk_sinkhorn": 0.0, "fpem/warmup_risk_stage_warmup": 0.0, "fpem/warmup_risk_stage_soft": 0.0, "fpem/warmup_risk_stage_hard": 0.0, "fpem/warmup_risk_selected_loss": 0.0, "fpem/warmup_risk_uniform_common_loss": 0.0, "fpem/warmup_risk_lambda_common": 0.0, "fpem/warmup_risk_total_common_term": 0.0, "fpem/warmup_risk_temperature": 0.0, "fpem/warmup_risk_temperature_progress": 0.0, "fpem/uniform_expert_mae": 0.0, "fpem/risk_routed_mae": 0.0, "fpem/risk_prediction_mae": 0.0, "fpem/risk_loss": 0.0, "fpem/risk_ranking_loss": 0.0, "fpem/risk_ranking_accuracy": 0.0, "fpem/risk_oracle_argmin_accuracy": 0.0, "fpem/risk_router_temperature": 0.0, "fpem/risk_router_lambda": 0.0, "fpem/risk_router_pairwise_lambda": 0.0, "fpem/env_route_train_mode_progressive_gmm_environment": 0.0, "fpem/top_level_prediction_source_progressive_gmm_teacher_hard": 0.0, "fpem/progressive_assignment_uses_target_or_prediction_error": 0.0, "fpem/progressive_partition_ready": 0.0, "fpem/progressive_selected_k": 0.0, "fpem/progressive_active_expert_count": 0.0, "fpem/progressive_last_partition_epoch": 0.0, "fpem/progressive_lambda_common": 0.0, "fpem/progressive_common_term": 0.0, "fpem/progressive_compactness_loss": 0.0, "fpem/progressive_consistency_loss": 0.0, "fpem/progressive_cluster_entropy": 0.0, "fpem/progressive_assignment_change_ratio": 0.0, "fpem/progressive_hungarian_overlap_score": 0.0, "fpem/progressive_partition_update_time_sec": 0.0, "fpem/progressive_routed_mae": 0.0, "fpem/progressive_gmm_environment_total_replaces_primary": 0.0, "fpem/env_route_count_head_0": 16.0, "fpem/env_route_oracle_count_head_0": 16.0, "fpem/route_count_env_head_0": 16.0, "fpem/route_soft_mean_expert_0": 1.0, "fpem/route_hard_count_expert_0": 16.0, "fpem/hard_count_expert_0": 16.0, "fpem/sinkhorn_soft_col_mass_expert_0": 0.0, "fpem/progressive_active_expert_0": 0.0, "fpem/progressive_cluster_size_0": 0.0, "fpem/progressive_cluster_ratio_0": 0.0, "fpem/progressive_cluster_to_expert_0": 0.0, "fpem/progressive_bic_k1": 0.0, "fpem/progressive_bic_score_k1": 0.0, "fpem/progressive_bic_rejected_k1": 0.0, "fpem/hyper_alpha_head_0": 0.0, "fpem/hyper_gamma_norm_head_0": 0.0, "fpem/hyper_beta_norm_head_0": 0.0, "fpem/expert_cross_mae_group_0_expert_0": 9.21688494001116, "fpem/load_expert_loss": 9.21688494001116, "fpem/conservative_override_router_loss": 0.15418990868188087, "fpem/hard_router_loss": 0.15418990868188087, "fpem/load_level_assignment_detached": 1.0, "fpem/load_level_count_0": 1680.0, "fpem/load_level_ratio_0": 1.0, "fpem/expert_0_global_loss": 9.21688494001116, "fpem/expert_0_selected_loss": 9.21688494001116, "fpem/conservative_all_environment_mae": 9.21688494001116, "fpem/conservative_all_invariant_mae": 9.662237453460694, "fpem/conservative_selective_hard_routing_mae": 9.21688494001116, "fpem/conservative_oracle_mae": 9.184476230258033, "fpem/conservative_router_accuracy": 0.8571428571428571, "fpem/conservative_router_balanced_accuracy": 0.5428571428571428, "fpem/conservative_invariant_switch_coverage": 0.0, "fpem/conservative_invariant_switch_precision": 0.0, "fpem/conservative_correct_beneficial_switches": 0.0, "fpem/conservative_harmful_invariant_switches": 0.0, "fpem/conservative_saved_loss_from_correct_switches": 0.0, "fpem/conservative_added_loss_from_harmful_switches": 0.0, "fpem/conservative_net_routing_gain": 0.0, "fpem/conservative_oracle_gap_closed": 0.0, "fpem/conservative_selected_threshold": 0.5, "fpem/conservative_selected_margin": 0.0, "fpem/conservative_delta_mean": -0.4453525353045691, "fpem/conservative_delta_positive_ratio": 0.14285714285714285, "fpem/conservative_target_inv_ratio": 0.14285714285714285, "fpem/conservative_p_inv_mean": 0.045857697884951316, "fpem/conservative_p_inv_min": 0.011572938268294647, "fpem/conservative_p_inv_max": 0.10124994789560636, "fpem/conservative_prediction_is_hard_route": 1.0, "fpem/conservative_prediction_is_soft_fusion": 0.0, "fpem/conservative_router_target_detached": 1.0, "fpem/conservative_delta_detached": 1.0, "fpem/conservative_harmful_switch_weight": 2.0, "fpem/hard_router_predicted_env_ratio": 1.0, "fpem/hard_router_effective_env_ratio": 1.0, "fpem/hard_router_target_env_ratio": 0.8571428571428571, "fpem/hard_router_gain_mean": -0.4453525353045691, "fpem/hard_router_margin_mean": 0.0, "fpem/conservative_router_supervision_enabled": 1.0, "fpem/conservative_router_weight_mean": 0.999999989782061, "fpem/conservative_router_weight_min": 0.0657535525526674, "fpem/conservative_router_weight_max": 2.7964562268484205, "fpem/expert_prediction_pairwise_difference": 0.0, "fpem/delta_pairwise_cosine": 0.0, "fpem/delta_pairwise_l1": 0.0, "fpem/delta_pairwise_l2": 0.0, "fpem/expert_0_parameter_norm": 15.056994610741025, "fpem/hard_binary_router_enabled": 1.0, "fpem/hard_router_uses_target_in_forward": 0.0, "fpem/stored_future_c_loaded": 0.0, "fpem/prediction_is_weighted_complete_fusion": 0.0, "fpem/prediction_is_hard_route": 1.0, "fpem/conservative_inv_override_enabled": 1.0, "fpem/conservative_router_features_detached": 1.0, "fpem/future_mi_loss": 0.0, "fpem/future_mi_valid": 0.0, "fpem/future_mi_logvar_mean": 0.0, "fpem/future_mi_target_mode_env_encoder": 0.0, "fpem/swap_loss": 0.0, "fpem/swap_diff_loss": 0.0, "fpem/swap_same_loss": 0.0, "fpem/swap_gain_mean": 0.0, "fpem/swap_s_gain_mean": 0.0, "fpem/swap_fallback_router_loss": 0.0, "fpem/swap_fallback_q_mean": 0.0, "fpem/swap_prediction_delta": 0.0, "fpem/swap_route_delta": 0.0, "fpem/swap_hyper_alpha_delta": 0.0, "fpem/swap_hyper_delta_norm": 0.0, "fpem/loss_env_day": 0.0, "fpem/loss_env_hour": 0.0, "fpem/loss_env_rush": 0.0, "fpem/env_day_acc": 0.0, "fpem/env_hour_acc": 0.0, "fpem/env_rush_acc": 0.0, "fpem/loss_env_supcon": 0.0, "fpem/env_supcon_valid_pairs": 0.0, "fpem/loss_inv_env_adv": 0.0, "fpem/inv_day_acc": 0.0, "fpem/inv_hour_acc": 0.0, "fpem/inv_rush_acc": 0.0, "fpem/loss_cross_cov_sep": 0.0, "fpem/load_level_experts_enabled": 1.0, "fpem/load_level_uses_target_or_future_load": 0.0, "fpem/environment_gate_uses_target_in_forward": 0.0, "fpem/load_level_env_residual_scale": 0.0, "fpem/uses_cached_observable_load_prior": 1.0, "fpem/primary_loss": 8.818863192058744, "fpem/inv_pred_loss": 9.21917842683338, "fpem/primary_uses_route": 1.0, "fpem/primary_uses_env_fusion": 0.0, "fpem/backbone_agcrn": 1.0, "fpem/backbone_graphwavenet": 0.0, "fpem/backbone_staeformer": 0.0, "fpem/gc_pred_loss_only": 1.0, "fpem/env_route_head_mode_hyper_proto": 1.0, "fpem/fpem_force_uniform_route": 0.0, "fpem/hard_prediction_sinkhorn_total_replaces_primary": 0.0, "fpem/hard_prediction_environment_sinkhorn_total_replaces_primary": 0.0, "fpem/warmup_risk_sinkhorn_total_replaces_primary": 0.0, "fpem/lambda_club_mi": 0.0}, "conservative_override_threshold_selection": {"split": "val", "threshold": 0.5, "margin": 0.0, "mae": 11.583345413208008, "loss": 11.791145748562283, "mape": 0.17920731008052826, "confirmed_result": {"loss": 11.791145748562283, "mae": 11.583345413208008, "mape": 0.17920731008052826}}}
CONSERVATIVE_OVERRIDE_THRESHOLD_SELECTION {"split": "val", "threshold": 0.5, "margin": 0.0, "mae": 11.590867042541504, "loss": 11.803972217771742, "mape": 0.18223457038402557, "confirmed_result": {"loss": 11.803972217771742, "mae": 11.590867042541504, "mape": 0.18223457038402557}}
EPOCH {"epoch": 83, "train_loss": 10.82907274337042, "val": {"loss": 11.803972217771742, "mae": 11.590867042541504, "mape": 0.18223457038402557}, "test_mixed": {"loss": 10.588097885676794, "mae": 10.561952590942383, "mape": 0.16796566545963287}, "test_workday": {"loss": 10.467688145844832, "mae": 10.477657318115234, "mape": 0.16805443167686462}, "test_holiday": {"loss": 10.784512917200724, "mae": 10.70813274383545, "mape": 0.16781175136566162}, "test_avg_mae": 10.592895030975342, "best_selection_value": 10.592895030975342, "best_selection_split": "test_avg_DIAGNOSTIC", "best_selection_metric": "test_avg_mae", "lr": 0.001, "fpem_logs": {"fpem/fpem_env_use_exogenous": 1.0, "fpem/env_exogenous_available": 1.0, "fpem/env_exogenous_time_available": 1.0, "fpem/env_exogenous_load_available": 1.0, "fpem/env_exogenous_feature_dim": 32.0, "fpem/env_exogenous_embedding_norm": 3.0551016171773275, "fpem/env_exogenous_load_embedding_norm": 2.166087398074922, "fpem/env_rep_ablation_normal": 1.0, "fpem/env_rep_ablation_zero": 0.0, "fpem/env_rep_ablation_shuffle_batch": 0.0, "fpem/env_rep_ablation_mode_id": 0.0, "fpem/mask_loss": 0.0, "fpem/mask_sparse_loss": 0.0, "fpem/mask_entropy_loss": 0.0, "fpem/mask_mean": 1.0, "fpem/mask_entropy": 0.0, "fpem/mask_active_ratio": 1.0, "fpem/fusion_alpha_mean": 0.0, "fpem/fusion_alpha_std": 0.0, "fpem/fusion_alpha_min": 0.0, "fpem/fusion_alpha_max": 0.0, "fpem/env_route_loss": 2.0088219347454253, "fpem/env_route_L_final": 8.81980391911098, "fpem/env_route_L_global": 0.0, "fpem/env_route_L_route_soft": 0.0, "fpem/env_route_L_expert": 9.224070467267717, "fpem/env_route_L_router_oracle": 0.16400781988742805, "fpem/env_route_L_balance": 0.0, "fpem/env_route_L_diverse": 0.0, "fpem/env_route_L_proto_align": 0.0, "fpem/env_route_entropy": 0.0, "fpem/env_route_q_max_mean": 0.0, "fpem/hyper_alpha_mean": 0.0, "fpem/hyper_delta_norm": 0.0, "fpem/hyper_route_proto_mode_uniform_warmup": 0.0, "fpem/hyper_route_proto_mode_uniform_fixed": 0.0, "fpem/hyper_route_proto_mode_sinkhorn": 0.0, "fpem/hyper_route_proto_mode_softmax": 0.0, "fpem/fallback_q_mean": 0.0, "fpem/fallback_q_max": 0.0, "fpem/env_q_sum_mean": 1.0, "fpem/oracle_fallback_rate": 0.0, "fpem/route_count_fallback": 0.0, "fpem/env_route_head_mode": 1.0, "fpem/route_entropy_mean": 0.0, "fpem/route_mean_distribution_entropy": 0.0, "fpem/effective_expert_number": 1.0, "fpem/max_expert_usage_ratio": 0.0, "fpem/min_expert_usage_ratio": 0.0, "fpem/prototype_pairwise_cosine": 0.0, "fpem/expert_prediction_pairwise_cosine": 0.0, "fpem/expert_collapse_warning": 0.0, "fpem/env_route_target_mode_env_prototype": 0.0, "fpem/env_route_target_mode_hybrid": 0.0, "fpem/env_route_hybrid_alpha": 0.0, "fpem/env_route_train_mode_warmup_risk_sinkhorn": 0.0, "fpem/warmup_risk_stage_warmup": 0.0, "fpem/warmup_risk_stage_soft": 0.0, "fpem/warmup_risk_stage_hard": 0.0, "fpem/warmup_risk_selected_loss": 0.0, "fpem/warmup_risk_uniform_common_loss": 0.0, "fpem/warmup_risk_lambda_common": 0.0, "fpem/warmup_risk_total_common_term": 0.0, "fpem/warmup_risk_temperature": 0.0, "fpem/warmup_risk_temperature_progress": 0.0, "fpem/uniform_expert_mae": 0.0, "fpem/risk_routed_mae": 0.0, "fpem/risk_prediction_mae": 0.0, "fpem/risk_loss": 0.0, "fpem/risk_ranking_loss": 0.0, "fpem/risk_ranking_accuracy": 0.0, "fpem/risk_oracle_argmin_accuracy": 0.0, "fpem/risk_router_temperature": 0.0, "fpem/risk_router_lambda": 0.0, "fpem/risk_router_pairwise_lambda": 0.0, "fpem/env_route_train_mode_progressive_gmm_environment": 0.0, "fpem/top_level_prediction_source_progressive_gmm_teacher_hard": 0.0, "fpem/progressive_assignment_uses_target_or_prediction_error": 0.0, "fpem/progressive_partition_ready": 0.0, "fpem/progressive_selected_k": 0.0, "fpem/progressive_active_expert_count": 0.0, "fpem/progressive_last_partition_epoch": 0.0, "fpem/progressive_lambda_common": 0.0, "fpem/progressive_common_term": 0.0, "fpem/progressive_compactness_loss": 0.0, "fpem/progressive_consistency_loss": 0.0, "fpem/progressive_cluster_entropy": 0.0, "fpem/progressive_assignment_change_ratio": 0.0, "fpem/progressive_hungarian_overlap_score": 0.0, "fpem/progressive_partition_update_time_sec": 0.0, "fpem/progressive_routed_mae": 0.0, "fpem/progressive_gmm_environment_total_replaces_primary": 0.0, "fpem/env_route_count_head_0": 16.0, "fpem/env_route_oracle_count_head_0": 16.0, "fpem/route_count_env_head_0": 16.0, "fpem/route_soft_mean_expert_0": 1.0, "fpem/route_hard_count_expert_0": 16.0, "fpem/hard_count_expert_0": 16.0, "fpem/sinkhorn_soft_col_mass_expert_0": 0.0, "fpem/progressive_active_expert_0": 0.0, "fpem/progressive_cluster_size_0": 0.0, "fpem/progressive_cluster_ratio_0": 0.0, "fpem/progressive_cluster_to_expert_0": 0.0, "fpem/progressive_bic_k1": 0.0, "fpem/progressive_bic_score_k1": 0.0, "fpem/progressive_bic_rejected_k1": 0.0, "fpem/hyper_alpha_head_0": 0.0, "fpem/hyper_gamma_norm_head_0": 0.0, "fpem/hyper_beta_norm_head_0": 0.0, "fpem/expert_cross_mae_group_0_expert_0": 9.224070467267717, "fpem/load_expert_loss": 9.224070467267717, "fpem/conservative_override_router_loss": 0.16400781988742805, "fpem/hard_router_loss": 0.16400781988742805, "fpem/load_level_assignment_detached": 1.0, "fpem/load_level_count_0": 1680.0, "fpem/load_level_ratio_0": 1.0, "fpem/expert_0_global_loss": 9.224070467267717, "fpem/expert_0_selected_loss": 9.224070467267717, "fpem/conservative_all_environment_mae": 9.224070467267717, "fpem/conservative_all_invariant_mae": 9.662237458002, "fpem/conservative_selective_hard_routing_mae": 9.224070467267717, "fpem/conservative_oracle_mae": 9.187208348228818, "fpem/conservative_router_accuracy": 0.8333333333333334, "fpem/conservative_router_balanced_accuracy": 0.5428571428571428, "fpem/conservative_invariant_switch_coverage": 0.0, "fpem/conservative_invariant_switch_precision": 0.0, "fpem/conservative_correct_beneficial_switches": 0.0, "fpem/conservative_harmful_invariant_switches": 0.0, "fpem/conservative_saved_loss_from_correct_switches": 0.0, "fpem/conservative_added_loss_from_harmful_switches": 0.0, "fpem/conservative_net_routing_gain": 0.0, "fpem/conservative_oracle_gap_closed": 0.0, "fpem/conservative_selected_threshold": 0.5, "fpem/conservative_selected_margin": 0.0, "fpem/conservative_delta_mean": -0.4381670457976205, "fpem/conservative_delta_positive_ratio": 0.16666666666666666, "fpem/conservative_target_inv_ratio": 0.16666666666666666, "fpem/conservative_p_inv_mean": 0.04277846351088513, "fpem/conservative_p_inv_min": 0.011034512966649519, "fpem/conservative_p_inv_max": 0.09141156364764486, "fpem/conservative_prediction_is_hard_route": 1.0, "fpem/conservative_prediction_is_soft_fusion": 0.0, "fpem/conservative_router_target_detached": 1.0, "fpem/conservative_delta_detached": 1.0, "fpem/conservative_harmful_switch_weight": 2.0, "fpem/hard_router_predicted_env_ratio": 1.0, "fpem/hard_router_effective_env_ratio": 1.0, "fpem/hard_router_target_env_ratio": 0.8333333333333334, "fpem/hard_router_gain_mean": -0.4381670457976205, "fpem/hard_router_margin_mean": 0.0, "fpem/conservative_router_supervision_enabled": 1.0, "fpem/conservative_router_weight_mean": 0.9999999892143976, "fpem/conservative_router_weight_min": 0.05948813304061159, "fpem/conservative_router_weight_max": 2.7923102923801966, "fpem/expert_prediction_pairwise_difference": 0.0, "fpem/delta_pairwise_cosine": 0.0, "fpem/delta_pairwise_l1": 0.0, "fpem/delta_pairwise_l2": 0.0, "fpem/expert_0_parameter_norm": 15.057036781311036, "fpem/hard_binary_router_enabled": 1.0, "fpem/hard_router_uses_target_in_forward": 0.0, "fpem/stored_future_c_loaded": 0.0, "fpem/prediction_is_weighted_complete_fusion": 0.0, "fpem/prediction_is_hard_route": 1.0, "fpem/conservative_inv_override_enabled": 1.0, "fpem/conservative_router_features_detached": 1.0, "fpem/future_mi_loss": 0.0, "fpem/future_mi_valid": 0.0, "fpem/future_mi_logvar_mean": 0.0, "fpem/future_mi_target_mode_env_encoder": 0.0, "fpem/swap_loss": 0.0, "fpem/swap_diff_loss": 0.0, "fpem/swap_same_loss": 0.0, "fpem/swap_gain_mean": 0.0, "fpem/swap_s_gain_mean": 0.0, "fpem/swap_fallback_router_loss": 0.0, "fpem/swap_fallback_q_mean": 0.0, "fpem/swap_prediction_delta": 0.0, "fpem/swap_route_delta": 0.0, "fpem/swap_hyper_alpha_delta": 0.0, "fpem/swap_hyper_delta_norm": 0.0, "fpem/loss_env_day": 0.0, "fpem/loss_env_hour": 0.0, "fpem/loss_env_rush": 0.0, "fpem/env_day_acc": 0.0, "fpem/env_hour_acc": 0.0, "fpem/env_rush_acc": 0.0, "fpem/loss_env_supcon": 0.0, "fpem/env_supcon_valid_pairs": 0.0, "fpem/loss_inv_env_adv": 0.0, "fpem/inv_day_acc": 0.0, "fpem/inv_hour_acc": 0.0, "fpem/inv_rush_acc": 0.0, "fpem/loss_cross_cov_sep": 0.0, "fpem/load_level_experts_enabled": 1.0, "fpem/load_level_uses_target_or_future_load": 0.0, "fpem/environment_gate_uses_target_in_forward": 0.0, "fpem/load_level_env_residual_scale": 0.0, "fpem/uses_cached_observable_load_prior": 1.0, "fpem/primary_loss": 8.81980391911098, "fpem/inv_pred_loss": 9.214909853254046, "fpem/primary_uses_route": 1.0, "fpem/primary_uses_env_fusion": 0.0, "fpem/backbone_agcrn": 1.0, "fpem/backbone_graphwavenet": 0.0, "fpem/backbone_staeformer": 0.0, "fpem/gc_pred_loss_only": 1.0, "fpem/env_route_head_mode_hyper_proto": 1.0, "fpem/fpem_force_uniform_route": 0.0, "fpem/hard_prediction_sinkhorn_total_replaces_primary": 0.0, "fpem/hard_prediction_environment_sinkhorn_total_replaces_primary": 0.0, "fpem/warmup_risk_sinkhorn_total_replaces_primary": 0.0, "fpem/lambda_club_mi": 0.0}, "conservative_override_threshold_selection": {"split": "val", "threshold": 0.5, "margin": 0.0, "mae": 11.590867042541504, "loss": 11.803972217771742, "mape": 0.18223457038402557, "confirmed_result": {"loss": 11.803972217771742, "mae": 11.590867042541504, "mape": 0.18223457038402557}}}
CONSERVATIVE_OVERRIDE_THRESHOLD_SELECTION {"split": "val", "threshold": 0.5, "margin": 0.0, "mae": 11.578452110290527, "loss": 11.81593132019043, "mape": 0.19331404566764832, "confirmed_result": {"loss": 11.81593132019043, "mae": 11.578452110290527, "mape": 0.19331404566764832}}
EPOCH {"epoch": 84, "train_loss": 10.765291768028623, "val": {"loss": 11.81593132019043, "mae": 11.578452110290527, "mape": 0.19331404566764832}, "test_mixed": {"loss": 10.568381472996302, "mae": 10.54983901977539, "mape": 0.17762860655784607}, "test_workday": {"loss": 10.463674607484236, "mae": 10.480316162109375, "mape": 0.17794962227344513}, "test_holiday": {"loss": 10.735898494720459, "mae": 10.670397758483887, "mape": 0.1770719736814499}, "test_avg_mae": 10.57535696029663, "best_selection_value": 10.57535696029663, "best_selection_split": "test_avg_DIAGNOSTIC", "best_selection_metric": "test_avg_mae", "lr": 0.001, "fpem_logs": {"fpem/fpem_env_use_exogenous": 1.0, "fpem/env_exogenous_available": 1.0, "fpem/env_exogenous_time_available": 1.0, "fpem/env_exogenous_load_available": 1.0, "fpem/env_exogenous_feature_dim": 32.0, "fpem/env_exogenous_embedding_norm": 3.059384386880057, "fpem/env_exogenous_load_embedding_norm": 2.169853435243879, "fpem/env_rep_ablation_normal": 1.0, "fpem/env_rep_ablation_zero": 0.0, "fpem/env_rep_ablation_shuffle_batch": 0.0, "fpem/env_rep_ablation_mode_id": 0.0, "fpem/mask_loss": 0.0, "fpem/mask_sparse_loss": 0.0, "fpem/mask_entropy_loss": 0.0, "fpem/mask_mean": 1.0, "fpem/mask_entropy": 0.0, "fpem/mask_active_ratio": 1.0, "fpem/fusion_alpha_mean": 0.0, "fpem/fusion_alpha_std": 0.0, "fpem/fusion_alpha_min": 0.0, "fpem/fusion_alpha_max": 0.0, "fpem/env_route_loss": 1.9770963067100162, "fpem/env_route_L_final": 8.79614678791591, "fpem/env_route_L_global": 0.0, "fpem/env_route_L_route_soft": 0.0, "fpem/env_route_L_expert": 9.196865099952335, "fpem/env_route_L_router_oracle": 0.137723271176219, "fpem/env_route_L_balance": 0.0, "fpem/env_route_L_diverse": 0.0, "fpem/env_route_L_proto_align": 0.0, "fpem/env_route_entropy": 0.0, "fpem/env_route_q_max_mean": 0.0, "fpem/hyper_alpha_mean": 0.0, "fpem/hyper_delta_norm": 0.0, "fpem/hyper_route_proto_mode_uniform_warmup": 0.0, "fpem/hyper_route_proto_mode_uniform_fixed": 0.0, "fpem/hyper_route_proto_mode_sinkhorn": 0.0, "fpem/hyper_route_proto_mode_softmax": 0.0, "fpem/fallback_q_mean": 0.0, "fpem/fallback_q_max": 0.0, "fpem/env_q_sum_mean": 1.0, "fpem/oracle_fallback_rate": 0.0, "fpem/route_count_fallback": 0.0, "fpem/env_route_head_mode": 1.0, "fpem/route_entropy_mean": 0.0, "fpem/route_mean_distribution_entropy": 0.0, "fpem/effective_expert_number": 1.0, "fpem/max_expert_usage_ratio": 0.0, "fpem/min_expert_usage_ratio": 0.0, "fpem/prototype_pairwise_cosine": 0.0, "fpem/expert_prediction_pairwise_cosine": 0.0, "fpem/expert_collapse_warning": 0.0, "fpem/env_route_target_mode_env_prototype": 0.0, "fpem/env_route_target_mode_hybrid": 0.0, "fpem/env_route_hybrid_alpha": 0.0, "fpem/env_route_train_mode_warmup_risk_sinkhorn": 0.0, "fpem/warmup_risk_stage_warmup": 0.0, "fpem/warmup_risk_stage_soft": 0.0, "fpem/warmup_risk_stage_hard": 0.0, "fpem/warmup_risk_selected_loss": 0.0, "fpem/warmup_risk_uniform_common_loss": 0.0, "fpem/warmup_risk_lambda_common": 0.0, "fpem/warmup_risk_total_common_term": 0.0, "fpem/warmup_risk_temperature": 0.0, "fpem/warmup_risk_temperature_progress": 0.0, "fpem/uniform_expert_mae": 0.0, "fpem/risk_routed_mae": 0.0, "fpem/risk_prediction_mae": 0.0, "fpem/risk_loss": 0.0, "fpem/risk_ranking_loss": 0.0, "fpem/risk_ranking_accuracy": 0.0, "fpem/risk_oracle_argmin_accuracy": 0.0, "fpem/risk_router_temperature": 0.0, "fpem/risk_router_lambda": 0.0, "fpem/risk_router_pairwise_lambda": 0.0, "fpem/env_route_train_mode_progressive_gmm_environment": 0.0, "fpem/top_level_prediction_source_progressive_gmm_teacher_hard": 0.0, "fpem/progressive_assignment_uses_target_or_prediction_error": 0.0, "fpem/progressive_partition_ready": 0.0, "fpem/progressive_selected_k": 0.0, "fpem/progressive_active_expert_count": 0.0, "fpem/progressive_last_partition_epoch": 0.0, "fpem/progressive_lambda_common": 0.0, "fpem/progressive_common_term": 0.0, "fpem/progressive_compactness_loss": 0.0, "fpem/progressive_consistency_loss": 0.0, "fpem/progressive_cluster_entropy": 0.0, "fpem/progressive_assignment_change_ratio": 0.0, "fpem/progressive_hungarian_overlap_score": 0.0, "fpem/progressive_partition_update_time_sec": 0.0, "fpem/progressive_routed_mae": 0.0, "fpem/progressive_gmm_environment_total_replaces_primary": 0.0, "fpem/env_route_count_head_0": 16.0, "fpem/env_route_oracle_count_head_0": 16.0, "fpem/route_count_env_head_0": 16.0, "fpem/route_soft_mean_expert_0": 1.0, "fpem/route_hard_count_expert_0": 16.0, "fpem/hard_count_expert_0": 16.0, "fpem/sinkhorn_soft_col_mass_expert_0": 0.0, "fpem/progressive_active_expert_0": 0.0, "fpem/progressive_cluster_size_0": 0.0, "fpem/progressive_cluster_ratio_0": 0.0, "fpem/progressive_cluster_to_expert_0": 0.0, "fpem/progressive_bic_k1": 0.0, "fpem/progressive_bic_score_k1": 0.0, "fpem/progressive_bic_rejected_k1": 0.0, "fpem/hyper_alpha_head_0": 0.0, "fpem/hyper_gamma_norm_head_0": 0.0, "fpem/hyper_beta_norm_head_0": 0.0, "fpem/expert_cross_mae_group_0_expert_0": 9.196865099952335, "fpem/load_expert_loss": 9.196865099952335, "fpem/conservative_override_router_loss": 0.137723271176219, "fpem/hard_router_loss": 0.137723271176219, "fpem/load_level_assignment_detached": 1.0, "fpem/load_level_count_0": 1680.0, "fpem/load_level_ratio_0": 1.0, "fpem/expert_0_global_loss": 9.196865099952335, "fpem/expert_0_selected_loss": 9.196865099952335, "fpem/conservative_all_environment_mae": 9.196865099952335, "fpem/conservative_all_invariant_mae": 9.662237485249838, "fpem/conservative_selective_hard_routing_mae": 9.196865099952335, "fpem/conservative_oracle_mae": 9.165455164228167, "fpem/conservative_router_accuracy": 0.8571428571428571, "fpem/conservative_router_balanced_accuracy": 0.5428571428571428, "fpem/conservative_invariant_switch_coverage": 0.0, "fpem/conservative_invariant_switch_precision": 0.0, "fpem/conservative_correct_beneficial_switches": 0.0, "fpem/conservative_harmful_invariant_switches": 0.0, "fpem/conservative_saved_loss_from_correct_switches": 0.0, "fpem/conservative_added_loss_from_harmful_switches": 0.0, "fpem/conservative_net_routing_gain": 0.0, "fpem/conservative_oracle_gap_closed": 0.0, "fpem/conservative_selected_threshold": 0.5, "fpem/conservative_selected_margin": 0.0, "fpem/conservative_delta_mean": -0.46537235180536907, "fpem/conservative_delta_positive_ratio": 0.14285714285714285, "fpem/conservative_target_inv_ratio": 0.14285714285714285, "fpem/conservative_p_inv_mean": 0.03301144137623764, "fpem/conservative_p_inv_min": 0.008248527802615648, "fpem/conservative_p_inv_max": 0.07612761578389576, "fpem/conservative_prediction_is_hard_route": 1.0, "fpem/conservative_prediction_is_soft_fusion": 0.0, "fpem/conservative_router_target_detached": 1.0, "fpem/conservative_delta_detached": 1.0, "fpem/conservative_harmful_switch_weight": 2.0, "fpem/hard_router_predicted_env_ratio": 1.0, "fpem/hard_router_effective_env_ratio": 1.0, "fpem/hard_router_target_env_ratio": 0.8571428571428571, "fpem/hard_router_gain_mean": -0.46537235180536907, "fpem/hard_router_margin_mean": 0.0, "fpem/conservative_router_supervision_enabled": 1.0, "fpem/conservative_router_weight_mean": 0.9999999943233672, "fpem/conservative_router_weight_min": 0.0652927310488719, "fpem/conservative_router_weight_max": 2.793137410708836, "fpem/expert_prediction_pairwise_difference": 0.0, "fpem/delta_pairwise_cosine": 0.0, "fpem/delta_pairwise_l1": 0.0, "fpem/delta_pairwise_l2": 0.0, "fpem/expert_0_parameter_norm": 15.057075364249092, "fpem/hard_binary_router_enabled": 1.0, "fpem/hard_router_uses_target_in_forward": 0.0, "fpem/stored_future_c_loaded": 0.0, "fpem/prediction_is_weighted_complete_fusion": 0.0, "fpem/prediction_is_hard_route": 1.0, "fpem/conservative_inv_override_enabled": 1.0, "fpem/conservative_router_features_detached": 1.0, "fpem/future_mi_loss": 0.0, "fpem/future_mi_valid": 0.0, "fpem/future_mi_logvar_mean": 0.0, "fpem/future_mi_target_mode_env_encoder": 0.0, "fpem/swap_loss": 0.0, "fpem/swap_diff_loss": 0.0, "fpem/swap_same_loss": 0.0, "fpem/swap_gain_mean": 0.0, "fpem/swap_s_gain_mean": 0.0, "fpem/swap_fallback_router_loss": 0.0, "fpem/swap_fallback_q_mean": 0.0, "fpem/swap_prediction_delta": 0.0, "fpem/swap_route_delta": 0.0, "fpem/swap_hyper_alpha_delta": 0.0, "fpem/swap_hyper_delta_norm": 0.0, "fpem/loss_env_day": 0.0, "fpem/loss_env_hour": 0.0, "fpem/loss_env_rush": 0.0, "fpem/env_day_acc": 0.0, "fpem/env_hour_acc": 0.0, "fpem/env_rush_acc": 0.0, "fpem/loss_env_supcon": 0.0, "fpem/env_supcon_valid_pairs": 0.0, "fpem/loss_inv_env_adv": 0.0, "fpem/inv_day_acc": 0.0, "fpem/inv_hour_acc": 0.0, "fpem/inv_rush_acc": 0.0, "fpem/loss_cross_cov_sep": 0.0, "fpem/load_level_experts_enabled": 1.0, "fpem/load_level_uses_target_or_future_load": 0.0, "fpem/environment_gate_uses_target_in_forward": 0.0, "fpem/load_level_env_residual_scale": 0.0, "fpem/uses_cached_observable_load_prior": 1.0, "fpem/primary_loss": 8.79614678791591, "fpem/inv_pred_loss": 9.214432552882604, "fpem/primary_uses_route": 1.0, "fpem/primary_uses_env_fusion": 0.0, "fpem/backbone_agcrn": 1.0, "fpem/backbone_graphwavenet": 0.0, "fpem/backbone_staeformer": 0.0, "fpem/gc_pred_loss_only": 1.0, "fpem/env_route_head_mode_hyper_proto": 1.0, "fpem/fpem_force_uniform_route": 0.0, "fpem/hard_prediction_sinkhorn_total_replaces_primary": 0.0, "fpem/hard_prediction_environment_sinkhorn_total_replaces_primary": 0.0, "fpem/warmup_risk_sinkhorn_total_replaces_primary": 0.0, "fpem/lambda_club_mi": 0.0}, "conservative_override_threshold_selection": {"split": "val", "threshold": 0.5, "margin": 0.0, "mae": 11.578452110290527, "loss": 11.81593132019043, "mape": 0.19331404566764832, "confirmed_result": {"loss": 11.81593132019043, "mae": 11.578452110290527, "mape": 0.19331404566764832}}}
CONSERVATIVE_OVERRIDE_THRESHOLD_SELECTION {"split": "val", "threshold": 0.5, "margin": 0.0, "mae": 11.602713584899902, "loss": 11.846539285447863, "mape": 0.2005002498626709, "confirmed_result": {"loss": 11.846539285447863, "mae": 11.602713584899902, "mape": 0.2005002498626709}}
EPOCH {"epoch": 85, "train_loss": 10.858018847874233, "val": {"loss": 11.846539285447863, "mae": 11.602713584899902, "mape": 0.2005002498626709}, "test_mixed": {"loss": 10.581710760934012, "mae": 10.562064170837402, "mape": 0.1839735209941864}, "test_workday": {"loss": 10.46583366394043, "mae": 10.483084678649902, "mape": 0.1839708387851715}, "test_holiday": {"loss": 10.770516872406006, "mae": 10.699023246765137, "mape": 0.18397818505764008}, "test_avg_mae": 10.59105396270752, "best_selection_value": 10.59105396270752, "best_selection_split": "test_avg_DIAGNOSTIC", "best_selection_metric": "test_avg_mae", "lr": 0.001, "fpem_logs": {"fpem/fpem_env_use_exogenous": 1.0, "fpem/env_exogenous_available": 1.0, "fpem/env_exogenous_time_available": 1.0, "fpem/env_exogenous_load_available": 1.0, "fpem/env_exogenous_feature_dim": 32.0, "fpem/env_exogenous_embedding_norm": 3.060988644191197, "fpem/env_exogenous_load_embedding_norm": 2.171556490943545, "fpem/env_rep_ablation_normal": 1.0, "fpem/env_rep_ablation_zero": 0.0, "fpem/env_rep_ablation_shuffle_batch": 0.0, "fpem/env_rep_ablation_mode_id": 0.0, "fpem/mask_loss": 0.0, "fpem/mask_sparse_loss": 0.0, "fpem/mask_entropy_loss": 0.0, "fpem/mask_mean": 1.0, "fpem/mask_entropy": 0.0, "fpem/mask_active_ratio": 1.0, "fpem/fusion_alpha_mean": 0.0, "fpem/fusion_alpha_std": 0.0, "fpem/fusion_alpha_min": 0.0, "fpem/fusion_alpha_max": 0.0, "fpem/env_route_loss": 2.0209552481060937, "fpem/env_route_L_final": 8.821769569033668, "fpem/env_route_L_global": 0.0, "fpem/env_route_L_route_soft": 0.0, "fpem/env_route_L_expert": 9.223619161333357, "fpem/env_route_L_router_oracle": 0.17623137230319635, "fpem/env_route_L_balance": 0.0, "fpem/env_route_L_diverse": 0.0, "fpem/env_route_L_proto_align": 0.0, "fpem/env_route_entropy": 0.0, "fpem/env_route_q_max_mean": 0.0, "fpem/hyper_alpha_mean": 0.0, "fpem/hyper_delta_norm": 0.0, "fpem/hyper_route_proto_mode_uniform_warmup": 0.0, "fpem/hyper_route_proto_mode_uniform_fixed": 0.0, "fpem/hyper_route_proto_mode_sinkhorn": 0.0, "fpem/hyper_route_proto_mode_softmax": 0.0, "fpem/fallback_q_mean": 0.0, "fpem/fallback_q_max": 0.0, "fpem/env_q_sum_mean": 1.0, "fpem/oracle_fallback_rate": 0.0, "fpem/route_count_fallback": 0.0, "fpem/env_route_head_mode": 1.0, "fpem/route_entropy_mean": 0.0, "fpem/route_mean_distribution_entropy": 0.0, "fpem/effective_expert_number": 1.0, "fpem/max_expert_usage_ratio": 0.0, "fpem/min_expert_usage_ratio": 0.0, "fpem/prototype_pairwise_cosine": 0.0, "fpem/expert_prediction_pairwise_cosine": 0.0, "fpem/expert_collapse_warning": 0.0, "fpem/env_route_target_mode_env_prototype": 0.0, "fpem/env_route_target_mode_hybrid": 0.0, "fpem/env_route_hybrid_alpha": 0.0, "fpem/env_route_train_mode_warmup_risk_sinkhorn": 0.0, "fpem/warmup_risk_stage_warmup": 0.0, "fpem/warmup_risk_stage_soft": 0.0, "fpem/warmup_risk_stage_hard": 0.0, "fpem/warmup_risk_selected_loss": 0.0, "fpem/warmup_risk_uniform_common_loss": 0.0, "fpem/warmup_risk_lambda_common": 0.0, "fpem/warmup_risk_total_common_term": 0.0, "fpem/warmup_risk_temperature": 0.0, "fpem/warmup_risk_temperature_progress": 0.0, "fpem/uniform_expert_mae": 0.0, "fpem/risk_routed_mae": 0.0, "fpem/risk_prediction_mae": 0.0, "fpem/risk_loss": 0.0, "fpem/risk_ranking_loss": 0.0, "fpem/risk_ranking_accuracy": 0.0, "fpem/risk_oracle_argmin_accuracy": 0.0, "fpem/risk_router_temperature": 0.0, "fpem/risk_router_lambda": 0.0, "fpem/risk_router_pairwise_lambda": 0.0, "fpem/env_route_train_mode_progressive_gmm_environment": 0.0, "fpem/top_level_prediction_source_progressive_gmm_teacher_hard": 0.0, "fpem/progressive_assignment_uses_target_or_prediction_error": 0.0, "fpem/progressive_partition_ready": 0.0, "fpem/progressive_selected_k": 0.0, "fpem/progressive_active_expert_count": 0.0, "fpem/progressive_last_partition_epoch": 0.0, "fpem/progressive_lambda_common": 0.0, "fpem/progressive_common_term": 0.0, "fpem/progressive_compactness_loss": 0.0, "fpem/progressive_consistency_loss": 0.0, "fpem/progressive_cluster_entropy": 0.0, "fpem/progressive_assignment_change_ratio": 0.0, "fpem/progressive_hungarian_overlap_score": 0.0, "fpem/progressive_partition_update_time_sec": 0.0, "fpem/progressive_routed_mae": 0.0, "fpem/progressive_gmm_environment_total_replaces_primary": 0.0, "fpem/env_route_count_head_0": 16.0, "fpem/env_route_oracle_count_head_0": 16.0, "fpem/route_count_env_head_0": 16.0, "fpem/route_soft_mean_expert_0": 1.0, "fpem/route_hard_count_expert_0": 16.0, "fpem/hard_count_expert_0": 16.0, "fpem/sinkhorn_soft_col_mass_expert_0": 0.0, "fpem/progressive_active_expert_0": 0.0, "fpem/progressive_cluster_size_0": 0.0, "fpem/progressive_cluster_ratio_0": 0.0, "fpem/progressive_cluster_to_expert_0": 0.0, "fpem/progressive_bic_k1": 0.0, "fpem/progressive_bic_score_k1": 0.0, "fpem/progressive_bic_rejected_k1": 0.0, "fpem/hyper_alpha_head_0": 0.0, "fpem/hyper_gamma_norm_head_0": 0.0, "fpem/hyper_beta_norm_head_0": 0.0, "fpem/expert_cross_mae_group_0_expert_0": 9.223619161333357, "fpem/load_expert_loss": 9.223619161333357, "fpem/conservative_override_router_loss": 0.17623137230319635, "fpem/hard_router_loss": 0.17623137230319635, "fpem/load_level_assignment_detached": 1.0, "fpem/load_level_count_0": 1680.0, "fpem/load_level_ratio_0": 1.0, "fpem/expert_0_global_loss": 9.223619161333357, "fpem/expert_0_selected_loss": 9.223619161333357, "fpem/conservative_all_environment_mae": 9.223619161333357, "fpem/conservative_all_invariant_mae": 9.662237476167224, "fpem/conservative_selective_hard_routing_mae": 9.223619161333357, "fpem/conservative_oracle_mae": 9.183613413856143, "fpem/conservative_router_accuracy": 0.8363095238095238, "fpem/conservative_router_balanced_accuracy": 0.5238095238095238, "fpem/conservative_invariant_switch_coverage": 0.0, "fpem/conservative_invariant_switch_precision": 0.0, "fpem/conservative_correct_beneficial_switches": 0.0, "fpem/conservative_harmful_invariant_switches": 0.0, "fpem/conservative_saved_loss_from_correct_switches": 0.0, "fpem/conservative_added_loss_from_harmful_switches": 0.0, "fpem/conservative_net_routing_gain": 0.0, "fpem/conservative_oracle_gap_closed": 0.0, "fpem/conservative_selected_threshold": 0.5, "fpem/conservative_selected_margin": 0.0, "fpem/conservative_delta_mean": -0.43861833157993496, "fpem/conservative_delta_positive_ratio": 0.1636904761904762, "fpem/conservative_target_inv_ratio": 0.1636904761904762, "fpem/conservative_p_inv_mean": 0.04434643919978823, "fpem/conservative_p_inv_min": 0.010263542156843912, "fpem/conservative_p_inv_max": 0.0974585575716836, "fpem/conservative_prediction_is_hard_route": 1.0, "fpem/conservative_prediction_is_soft_fusion": 0.0, "fpem/conservative_router_target_detached": 1.0, "fpem/conservative_delta_detached": 1.0, "fpem/conservative_harmful_switch_weight": 2.0, "fpem/hard_router_predicted_env_ratio": 1.0, "fpem/hard_router_effective_env_ratio": 1.0, "fpem/hard_router_target_env_ratio": 0.8363095238095238, "fpem/hard_router_gain_mean": -0.43861833157993496, "fpem/hard_router_margin_mean": 0.0, "fpem/conservative_router_supervision_enabled": 1.0, "fpem/conservative_router_weight_mean": 0.9999999903497242, "fpem/conservative_router_weight_min": 0.06171105434796551, "fpem/conservative_router_weight_max": 2.8009300436292377, "fpem/expert_prediction_pairwise_difference": 0.0, "fpem/delta_pairwise_cosine": 0.0, "fpem/delta_pairwise_l1": 0.0, "fpem/delta_pairwise_l2": 0.0, "fpem/expert_0_parameter_norm": 15.057106735592797, "fpem/hard_binary_router_enabled": 1.0, "fpem/hard_router_uses_target_in_forward": 0.0, "fpem/stored_future_c_loaded": 0.0, "fpem/prediction_is_weighted_complete_fusion": 0.0, "fpem/prediction_is_hard_route": 1.0, "fpem/conservative_inv_override_enabled": 1.0, "fpem/conservative_router_features_detached": 1.0, "fpem/future_mi_loss": 0.0, "fpem/future_mi_valid": 0.0, "fpem/future_mi_logvar_mean": 0.0, "fpem/future_mi_target_mode_env_encoder": 0.0, "fpem/swap_loss": 0.0, "fpem/swap_diff_loss": 0.0, "fpem/swap_same_loss": 0.0, "fpem/swap_gain_mean": 0.0, "fpem/swap_s_gain_mean": 0.0, "fpem/swap_fallback_router_loss": 0.0, "fpem/swap_fallback_q_mean": 0.0, "fpem/swap_prediction_delta": 0.0, "fpem/swap_route_delta": 0.0, "fpem/swap_hyper_alpha_delta": 0.0, "fpem/swap_hyper_delta_norm": 0.0, "fpem/loss_env_day": 0.0, "fpem/loss_env_hour": 0.0, "fpem/loss_env_rush": 0.0, "fpem/env_day_acc": 0.0, "fpem/env_hour_acc": 0.0, "fpem/env_rush_acc": 0.0, "fpem/loss_env_supcon": 0.0, "fpem/env_supcon_valid_pairs": 0.0, "fpem/loss_inv_env_adv": 0.0, "fpem/inv_day_acc": 0.0, "fpem/inv_hour_acc": 0.0, "fpem/inv_rush_acc": 0.0, "fpem/loss_cross_cov_sep": 0.0, "fpem/load_level_experts_enabled": 1.0, "fpem/load_level_uses_target_or_future_load": 0.0, "fpem/environment_gate_uses_target_in_forward": 0.0, "fpem/load_level_env_residual_scale": 0.0, "fpem/uses_cached_observable_load_prior": 1.0, "fpem/primary_loss": 8.821769569033668, "fpem/inv_pred_loss": 9.211169560750326, "fpem/primary_uses_route": 1.0, "fpem/primary_uses_env_fusion": 0.0, "fpem/backbone_agcrn": 1.0, "fpem/backbone_graphwavenet": 0.0, "fpem/backbone_staeformer": 0.0, "fpem/gc_pred_loss_only": 1.0, "fpem/env_route_head_mode_hyper_proto": 1.0, "fpem/fpem_force_uniform_route": 0.0, "fpem/hard_prediction_sinkhorn_total_replaces_primary": 0.0, "fpem/hard_prediction_environment_sinkhorn_total_replaces_primary": 0.0, "fpem/warmup_risk_sinkhorn_total_replaces_primary": 0.0, "fpem/lambda_club_mi": 0.0}, "conservative_override_threshold_selection": {"split": "val", "threshold": 0.5, "margin": 0.0, "mae": 11.602713584899902, "loss": 11.846539285447863, "mape": 0.2005002498626709, "confirmed_result": {"loss": 11.846539285447863, "mae": 11.602713584899902, "mape": 0.2005002498626709}}}
CONSERVATIVE_OVERRIDE_THRESHOLD_SELECTION {"split": "val", "threshold": 0.5, "margin": 0.0, "mae": 11.550345420837402, "loss": 11.77247593137953, "mape": 0.1790575385093689, "confirmed_result": {"loss": 11.77247593137953, "mae": 11.550345420837402, "mape": 0.1790575385093689}}
EPOCH {"epoch": 86, "train_loss": 10.758877336411249, "val": {"loss": 11.77247593137953, "mae": 11.550345420837402, "mape": 0.1790575385093689}, "test_mixed": {"loss": 10.523801721845354, "mae": 10.508238792419434, "mape": 0.16447597742080688}, "test_workday": {"loss": 10.4130597943845, "mae": 10.434144020080566, "mape": 0.16498148441314697}, "test_holiday": {"loss": 10.70221475760142, "mae": 10.636726379394531, "mape": 0.16359934210777283}, "test_avg_mae": 10.535435199737549, "best_selection_value": 10.535435199737549, "best_selection_split": "test_avg_DIAGNOSTIC", "best_selection_metric": "test_avg_mae", "lr": 0.001, "fpem_logs": {"fpem/fpem_env_use_exogenous": 1.0, "fpem/env_exogenous_available": 1.0, "fpem/env_exogenous_time_available": 1.0, "fpem/env_exogenous_load_available": 1.0, "fpem/env_exogenous_feature_dim": 32.0, "fpem/env_exogenous_embedding_norm": 3.063170573824928, "fpem/env_exogenous_load_embedding_norm": 2.1713619890667144, "fpem/env_rep_ablation_normal": 1.0, "fpem/env_rep_ablation_zero": 0.0, "fpem/env_rep_ablation_shuffle_batch": 0.0, "fpem/env_rep_ablation_mode_id": 0.0, "fpem/mask_loss": 0.0, "fpem/mask_sparse_loss": 0.0, "fpem/mask_entropy_loss": 0.0, "fpem/mask_mean": 1.0, "fpem/mask_entropy": 0.0, "fpem/mask_active_ratio": 1.0, "fpem/fusion_alpha_mean": 0.0, "fpem/fusion_alpha_std": 0.0, "fpem/fusion_alpha_min": 0.0, "fpem/fusion_alpha_max": 0.0, "fpem/env_route_loss": 1.9861199685505457, "fpem/env_route_L_final": 8.796814705076672, "fpem/env_route_L_global": 0.0, "fpem/env_route_L_route_soft": 0.0, "fpem/env_route_L_expert": 9.196617358071464, "fpem/env_route_L_router_oracle": 0.1467964647249097, "fpem/env_route_L_balance": 0.0, "fpem/env_route_L_diverse": 0.0, "fpem/env_route_L_proto_align": 0.0, "fpem/env_route_entropy": 0.0, "fpem/env_route_q_max_mean": 0.0, "fpem/hyper_alpha_mean": 0.0, "fpem/hyper_delta_norm": 0.0, "fpem/hyper_route_proto_mode_uniform_warmup": 0.0, "fpem/hyper_route_proto_mode_uniform_fixed": 0.0, "fpem/hyper_route_proto_mode_sinkhorn": 0.0, "fpem/hyper_route_proto_mode_softmax": 0.0, "fpem/fallback_q_mean": 0.0, "fpem/fallback_q_max": 0.0, "fpem/env_q_sum_mean": 1.0, "fpem/oracle_fallback_rate": 0.0, "fpem/route_count_fallback": 0.0, "fpem/env_route_head_mode": 1.0, "fpem/route_entropy_mean": 0.0, "fpem/route_mean_distribution_entropy": 0.0, "fpem/effective_expert_number": 1.0, "fpem/max_expert_usage_ratio": 0.0, "fpem/min_expert_usage_ratio": 0.0, "fpem/prototype_pairwise_cosine": 0.0, "fpem/expert_prediction_pairwise_cosine": 0.0, "fpem/expert_collapse_warning": 0.0, "fpem/env_route_target_mode_env_prototype": 0.0, "fpem/env_route_target_mode_hybrid": 0.0, "fpem/env_route_hybrid_alpha": 0.0, "fpem/env_route_train_mode_warmup_risk_sinkhorn": 0.0, "fpem/warmup_risk_stage_warmup": 0.0, "fpem/warmup_risk_stage_soft": 0.0, "fpem/warmup_risk_stage_hard": 0.0, "fpem/warmup_risk_selected_loss": 0.0, "fpem/warmup_risk_uniform_common_loss": 0.0, "fpem/warmup_risk_lambda_common": 0.0, "fpem/warmup_risk_total_common_term": 0.0, "fpem/warmup_risk_temperature": 0.0, "fpem/warmup_risk_temperature_progress": 0.0, "fpem/uniform_expert_mae": 0.0, "fpem/risk_routed_mae": 0.0, "fpem/risk_prediction_mae": 0.0, "fpem/risk_loss": 0.0, "fpem/risk_ranking_loss": 0.0, "fpem/risk_ranking_accuracy": 0.0, "fpem/risk_oracle_argmin_accuracy": 0.0, "fpem/risk_router_temperature": 0.0, "fpem/risk_router_lambda": 0.0, "fpem/risk_router_pairwise_lambda": 0.0, "fpem/env_route_train_mode_progressive_gmm_environment": 0.0, "fpem/top_level_prediction_source_progressive_gmm_teacher_hard": 0.0, "fpem/progressive_assignment_uses_target_or_prediction_error": 0.0, "fpem/progressive_partition_ready": 0.0, "fpem/progressive_selected_k": 0.0, "fpem/progressive_active_expert_count": 0.0, "fpem/progressive_last_partition_epoch": 0.0, "fpem/progressive_lambda_common": 0.0, "fpem/progressive_common_term": 0.0, "fpem/progressive_compactness_loss": 0.0, "fpem/progressive_consistency_loss": 0.0, "fpem/progressive_cluster_entropy": 0.0, "fpem/progressive_assignment_change_ratio": 0.0, "fpem/progressive_hungarian_overlap_score": 0.0, "fpem/progressive_partition_update_time_sec": 0.0, "fpem/progressive_routed_mae": 0.0, "fpem/progressive_gmm_environment_total_replaces_primary": 0.0, "fpem/env_route_count_head_0": 16.0, "fpem/env_route_oracle_count_head_0": 16.0, "fpem/route_count_env_head_0": 16.0, "fpem/route_soft_mean_expert_0": 1.0, "fpem/route_hard_count_expert_0": 16.0, "fpem/hard_count_expert_0": 16.0, "fpem/sinkhorn_soft_col_mass_expert_0": 0.0, "fpem/progressive_active_expert_0": 0.0, "fpem/progressive_cluster_size_0": 0.0, "fpem/progressive_cluster_ratio_0": 0.0, "fpem/progressive_cluster_to_expert_0": 0.0, "fpem/progressive_bic_k1": 0.0, "fpem/progressive_bic_score_k1": 0.0, "fpem/progressive_bic_rejected_k1": 0.0, "fpem/hyper_alpha_head_0": 0.0, "fpem/hyper_gamma_norm_head_0": 0.0, "fpem/hyper_beta_norm_head_0": 0.0, "fpem/expert_cross_mae_group_0_expert_0": 9.196617358071464, "fpem/load_expert_loss": 9.196617358071464, "fpem/conservative_override_router_loss": 0.1467964647249097, "fpem/hard_router_loss": 0.1467964647249097, "fpem/load_level_assignment_detached": 1.0, "fpem/load_level_count_0": 1680.0, "fpem/load_level_ratio_0": 1.0, "fpem/expert_0_global_loss": 9.196617358071464, "fpem/expert_0_selected_loss": 9.196617358071464, "fpem/conservative_all_environment_mae": 9.196617358071464, "fpem/conservative_all_invariant_mae": 9.662237480708532, "fpem/conservative_selective_hard_routing_mae": 9.196617358071464, "fpem/conservative_oracle_mae": 9.163970570337204, "fpem/conservative_router_accuracy": 0.8601190476190477, "fpem/conservative_router_balanced_accuracy": 0.5476190476190477, "fpem/conservative_invariant_switch_coverage": 0.0, "fpem/conservative_invariant_switch_precision": 0.0, "fpem/conservative_correct_beneficial_switches": 0.0, "fpem/conservative_harmful_invariant_switches": 0.0, "fpem/conservative_saved_loss_from_correct_switches": 0.0, "fpem/conservative_added_loss_from_harmful_switches": 0.0, "fpem/conservative_net_routing_gain": 0.0, "fpem/conservative_oracle_gap_closed": 0.0, "fpem/conservative_selected_threshold": 0.5, "fpem/conservative_selected_margin": 0.0, "fpem/conservative_delta_mean": -0.46562007992040544, "fpem/conservative_delta_positive_ratio": 0.13988095238095238, "fpem/conservative_target_inv_ratio": 0.13988095238095238, "fpem/conservative_p_inv_mean": 0.04076508138151396, "fpem/conservative_p_inv_min": 0.009374471795966937, "fpem/conservative_p_inv_max": 0.08845136147879419, "fpem/conservative_prediction_is_hard_route": 1.0, "fpem/conservative_prediction_is_soft_fusion": 0.0, "fpem/conservative_router_target_detached": 1.0, "fpem/conservative_delta_detached": 1.0, "fpem/conservative_harmful_switch_weight": 2.0, "fpem/hard_router_predicted_env_ratio": 1.0, "fpem/hard_router_effective_env_ratio": 1.0, "fpem/hard_router_target_env_ratio": 0.8601190476190477, "fpem/hard_router_gain_mean": -0.46562007992040544, "fpem/hard_router_margin_mean": 0.0, "fpem/conservative_router_supervision_enabled": 1.0, "fpem/conservative_router_weight_mean": 0.9999999937557039, "fpem/conservative_router_weight_min": 0.07604286286458817, "fpem/conservative_router_weight_max": 2.7794001329512823, "fpem/expert_prediction_pairwise_difference": 0.0, "fpem/delta_pairwise_cosine": 0.0, "fpem/delta_pairwise_l1": 0.0, "fpem/delta_pairwise_l2": 0.0, "fpem/expert_0_parameter_norm": 15.057124819074359, "fpem/hard_binary_router_enabled": 1.0, "fpem/hard_router_uses_target_in_forward": 0.0, "fpem/stored_future_c_loaded": 0.0, "fpem/prediction_is_weighted_complete_fusion": 0.0, "fpem/prediction_is_hard_route": 1.0, "fpem/conservative_inv_override_enabled": 1.0, "fpem/conservative_router_features_detached": 1.0, "fpem/future_mi_loss": 0.0, "fpem/future_mi_valid": 0.0, "fpem/future_mi_logvar_mean": 0.0, "fpem/future_mi_target_mode_env_encoder": 0.0, "fpem/swap_loss": 0.0, "fpem/swap_diff_loss": 0.0, "fpem/swap_same_loss": 0.0, "fpem/swap_gain_mean": 0.0, "fpem/swap_s_gain_mean": 0.0, "fpem/swap_fallback_router_loss": 0.0, "fpem/swap_fallback_q_mean": 0.0, "fpem/swap_prediction_delta": 0.0, "fpem/swap_route_delta": 0.0, "fpem/swap_hyper_alpha_delta": 0.0, "fpem/swap_hyper_delta_norm": 0.0, "fpem/loss_env_day": 0.0, "fpem/loss_env_hour": 0.0, "fpem/loss_env_rush": 0.0, "fpem/env_day_acc": 0.0, "fpem/env_hour_acc": 0.0, "fpem/env_rush_acc": 0.0, "fpem/loss_env_supcon": 0.0, "fpem/env_supcon_valid_pairs": 0.0, "fpem/loss_inv_env_adv": 0.0, "fpem/inv_day_acc": 0.0, "fpem/inv_hour_acc": 0.0, "fpem/inv_rush_acc": 0.0, "fpem/loss_cross_cov_sep": 0.0, "fpem/load_level_experts_enabled": 1.0, "fpem/load_level_uses_target_or_future_load": 0.0, "fpem/environment_gate_uses_target_in_forward": 0.0, "fpem/load_level_env_residual_scale": 0.0, "fpem/uses_cached_observable_load_prior": 1.0, "fpem/primary_loss": 8.796814705076672, "fpem/inv_pred_loss": 9.215379624139695, "fpem/primary_uses_route": 1.0, "fpem/primary_uses_env_fusion": 0.0, "fpem/backbone_agcrn": 1.0, "fpem/backbone_graphwavenet": 0.0, "fpem/backbone_staeformer": 0.0, "fpem/gc_pred_loss_only": 1.0, "fpem/env_route_head_mode_hyper_proto": 1.0, "fpem/fpem_force_uniform_route": 0.0, "fpem/hard_prediction_sinkhorn_total_replaces_primary": 0.0, "fpem/hard_prediction_environment_sinkhorn_total_replaces_primary": 0.0, "fpem/warmup_risk_sinkhorn_total_replaces_primary": 0.0, "fpem/lambda_club_mi": 0.0}, "conservative_override_threshold_selection": {"split": "val", "threshold": 0.5, "margin": 0.0, "mae": 11.550345420837402, "loss": 11.77247593137953, "mape": 0.1790575385093689, "confirmed_result": {"loss": 11.77247593137953, "mae": 11.550345420837402, "mape": 0.1790575385093689}}}
CONSERVATIVE_OVERRIDE_THRESHOLD_SELECTION {"split": "val", "threshold": 0.5, "margin": 0.0, "mae": 11.640364646911621, "loss": 11.853181997934977, "mape": 0.18051360547542572, "confirmed_result": {"loss": 11.853181997934977, "mae": 11.640364646911621, "mape": 0.18051360547542572}}
EPOCH {"epoch": 87, "train_loss": 10.809044810703822, "val": {"loss": 11.853181997934977, "mae": 11.640364646911621, "mape": 0.18051360547542572}, "test_mixed": {"loss": 10.632064873831613, "mae": 10.613855361938477, "mape": 0.16687393188476562}, "test_workday": {"loss": 10.522009434907332, "mae": 10.539994239807129, "mape": 0.16751599311828613}, "test_holiday": {"loss": 10.809636116027832, "mae": 10.741938591003418, "mape": 0.1657605618238449}, "test_avg_mae": 10.640966415405273, "best_selection_value": 10.640966415405273, "best_selection_split": "test_avg_DIAGNOSTIC", "best_selection_metric": "test_avg_mae", "lr": 0.001, "fpem_logs": {"fpem/fpem_env_use_exogenous": 1.0, "fpem/env_exogenous_available": 1.0, "fpem/env_exogenous_time_available": 1.0, "fpem/env_exogenous_load_available": 1.0, "fpem/env_exogenous_feature_dim": 32.0, "fpem/env_exogenous_embedding_norm": 3.0709843726385206, "fpem/env_exogenous_load_embedding_norm": 2.1812617915017265, "fpem/env_rep_ablation_normal": 1.0, "fpem/env_rep_ablation_zero": 0.0, "fpem/env_rep_ablation_shuffle_batch": 0.0, "fpem/env_rep_ablation_mode_id": 0.0, "fpem/mask_loss": 0.0, "fpem/mask_sparse_loss": 0.0, "fpem/mask_entropy_loss": 0.0, "fpem/mask_mean": 1.0, "fpem/mask_entropy": 0.0, "fpem/mask_active_ratio": 1.0, "fpem/fusion_alpha_mean": 0.0, "fpem/fusion_alpha_std": 0.0, "fpem/fusion_alpha_min": 0.0, "fpem/fusion_alpha_max": 0.0, "fpem/env_route_loss": 2.00038944426037, "fpem/env_route_L_final": 8.79173446382795, "fpem/env_route_L_global": 0.0, "fpem/env_route_L_route_soft": 0.0, "fpem/env_route_L_expert": 9.194540273575555, "fpem/env_route_L_router_oracle": 0.1614813647454693, "fpem/env_route_L_balance": 0.0, "fpem/env_route_L_diverse": 0.0, "fpem/env_route_L_proto_align": 0.0, "fpem/env_route_entropy": 0.0, "fpem/env_route_q_max_mean": 0.0, "fpem/hyper_alpha_mean": 0.0, "fpem/hyper_delta_norm": 0.0, "fpem/hyper_route_proto_mode_uniform_warmup": 0.0, "fpem/hyper_route_proto_mode_uniform_fixed": 0.0, "fpem/hyper_route_proto_mode_sinkhorn": 0.0, "fpem/hyper_route_proto_mode_softmax": 0.0, "fpem/fallback_q_mean": 0.0, "fpem/fallback_q_max": 0.0, "fpem/env_q_sum_mean": 1.0, "fpem/oracle_fallback_rate": 0.0, "fpem/route_count_fallback": 0.0, "fpem/env_route_head_mode": 1.0, "fpem/route_entropy_mean": 0.0, "fpem/route_mean_distribution_entropy": 0.0, "fpem/effective_expert_number": 1.0, "fpem/max_expert_usage_ratio": 0.0, "fpem/min_expert_usage_ratio": 0.0, "fpem/prototype_pairwise_cosine": 0.0, "fpem/expert_prediction_pairwise_cosine": 0.0, "fpem/expert_collapse_warning": 0.0, "fpem/env_route_target_mode_env_prototype": 0.0, "fpem/env_route_target_mode_hybrid": 0.0, "fpem/env_route_hybrid_alpha": 0.0, "fpem/env_route_train_mode_warmup_risk_sinkhorn": 0.0, "fpem/warmup_risk_stage_warmup": 0.0, "fpem/warmup_risk_stage_soft": 0.0, "fpem/warmup_risk_stage_hard": 0.0, "fpem/warmup_risk_selected_loss": 0.0, "fpem/warmup_risk_uniform_common_loss": 0.0, "fpem/warmup_risk_lambda_common": 0.0, "fpem/warmup_risk_total_common_term": 0.0, "fpem/warmup_risk_temperature": 0.0, "fpem/warmup_risk_temperature_progress": 0.0, "fpem/uniform_expert_mae": 0.0, "fpem/risk_routed_mae": 0.0, "fpem/risk_prediction_mae": 0.0, "fpem/risk_loss": 0.0, "fpem/risk_ranking_loss": 0.0, "fpem/risk_ranking_accuracy": 0.0, "fpem/risk_oracle_argmin_accuracy": 0.0, "fpem/risk_router_temperature": 0.0, "fpem/risk_router_lambda": 0.0, "fpem/risk_router_pairwise_lambda": 0.0, "fpem/env_route_train_mode_progressive_gmm_environment": 0.0, "fpem/top_level_prediction_source_progressive_gmm_teacher_hard": 0.0, "fpem/progressive_assignment_uses_target_or_prediction_error": 0.0, "fpem/progressive_partition_ready": 0.0, "fpem/progressive_selected_k": 0.0, "fpem/progressive_active_expert_count": 0.0, "fpem/progressive_last_partition_epoch": 0.0, "fpem/progressive_lambda_common": 0.0, "fpem/progressive_common_term": 0.0, "fpem/progressive_compactness_loss": 0.0, "fpem/progressive_consistency_loss": 0.0, "fpem/progressive_cluster_entropy": 0.0, "fpem/progressive_assignment_change_ratio": 0.0, "fpem/progressive_hungarian_overlap_score": 0.0, "fpem/progressive_partition_update_time_sec": 0.0, "fpem/progressive_routed_mae": 0.0, "fpem/progressive_gmm_environment_total_replaces_primary": 0.0, "fpem/env_route_count_head_0": 16.0, "fpem/env_route_oracle_count_head_0": 16.0, "fpem/route_count_env_head_0": 16.0, "fpem/route_soft_mean_expert_0": 1.0, "fpem/route_hard_count_expert_0": 16.0, "fpem/hard_count_expert_0": 16.0, "fpem/sinkhorn_soft_col_mass_expert_0": 0.0, "fpem/progressive_active_expert_0": 0.0, "fpem/progressive_cluster_size_0": 0.0, "fpem/progressive_cluster_ratio_0": 0.0, "fpem/progressive_cluster_to_expert_0": 0.0, "fpem/progressive_bic_k1": 0.0, "fpem/progressive_bic_score_k1": 0.0, "fpem/progressive_bic_rejected_k1": 0.0, "fpem/hyper_alpha_head_0": 0.0, "fpem/hyper_gamma_norm_head_0": 0.0, "fpem/hyper_beta_norm_head_0": 0.0, "fpem/expert_cross_mae_group_0_expert_0": 9.194540273575555, "fpem/load_expert_loss": 9.194540273575555, "fpem/conservative_override_router_loss": 0.1614813647454693, "fpem/hard_router_loss": 0.1614813647454693, "fpem/load_level_assignment_detached": 1.0, "fpem/load_level_count_0": 1680.0, "fpem/load_level_ratio_0": 1.0, "fpem/expert_0_global_loss": 9.194540273575555, "fpem/expert_0_selected_loss": 9.194540273575555, "fpem/conservative_all_environment_mae": 9.194540273575555, "fpem/conservative_all_invariant_mae": 9.662237480708532, "fpem/conservative_selective_hard_routing_mae": 9.194540273575555, "fpem/conservative_oracle_mae": 9.155490847996303, "fpem/conservative_router_accuracy": 0.8446428571428571, "fpem/conservative_router_balanced_accuracy": 0.5428571428571428, "fpem/conservative_invariant_switch_coverage": 0.0, "fpem/conservative_invariant_switch_precision": 0.0, "fpem/conservative_correct_beneficial_switches": 0.0, "fpem/conservative_harmful_invariant_switches": 0.0, "fpem/conservative_saved_loss_from_correct_switches": 0.0, "fpem/conservative_added_loss_from_harmful_switches": 0.0, "fpem/conservative_net_routing_gain": 0.0, "fpem/conservative_oracle_gap_closed": 0.0, "fpem/conservative_selected_threshold": 0.5, "fpem/conservative_selected_margin": 0.0, "fpem/conservative_delta_mean": -0.4676972210407257, "fpem/conservative_delta_positive_ratio": 0.15535714285714286, "fpem/conservative_target_inv_ratio": 0.15535714285714286, "fpem/conservative_p_inv_mean": 0.03710839196684815, "fpem/conservative_p_inv_min": 0.008784303089071598, "fpem/conservative_p_inv_max": 0.08786745912262371, "fpem/conservative_prediction_is_hard_route": 1.0, "fpem/conservative_prediction_is_soft_fusion": 0.0, "fpem/conservative_router_target_detached": 1.0, "fpem/conservative_delta_detached": 1.0, "fpem/conservative_harmful_switch_weight": 2.0, "fpem/hard_router_predicted_env_ratio": 1.0, "fpem/hard_router_effective_env_ratio": 1.0, "fpem/hard_router_target_env_ratio": 0.8446428571428571, "fpem/hard_router_gain_mean": -0.4676972210407257, "fpem/hard_router_margin_mean": 0.0, "fpem/conservative_router_supervision_enabled": 1.0, "fpem/conservative_router_weight_mean": 0.9999999971616835, "fpem/conservative_router_weight_min": 0.06258612799436031, "fpem/conservative_router_weight_max": 2.7686697585242137, "fpem/expert_prediction_pairwise_difference": 0.0, "fpem/delta_pairwise_cosine": 0.0, "fpem/delta_pairwise_l1": 0.0, "fpem/delta_pairwise_l2": 0.0, "fpem/expert_0_parameter_norm": 15.058406938825335, "fpem/hard_binary_router_enabled": 1.0, "fpem/hard_router_uses_target_in_forward": 0.0, "fpem/stored_future_c_loaded": 0.0, "fpem/prediction_is_weighted_complete_fusion": 0.0, "fpem/prediction_is_hard_route": 1.0, "fpem/conservative_inv_override_enabled": 1.0, "fpem/conservative_router_features_detached": 1.0, "fpem/future_mi_loss": 0.0, "fpem/future_mi_valid": 0.0, "fpem/future_mi_logvar_mean": 0.0, "fpem/future_mi_target_mode_env_encoder": 0.0, "fpem/swap_loss": 0.0, "fpem/swap_diff_loss": 0.0, "fpem/swap_same_loss": 0.0, "fpem/swap_gain_mean": 0.0, "fpem/swap_s_gain_mean": 0.0, "fpem/swap_fallback_router_loss": 0.0, "fpem/swap_fallback_q_mean": 0.0, "fpem/swap_prediction_delta": 0.0, "fpem/swap_route_delta": 0.0, "fpem/swap_hyper_alpha_delta": 0.0, "fpem/swap_hyper_delta_norm": 0.0, "fpem/loss_env_day": 0.0, "fpem/loss_env_hour": 0.0, "fpem/loss_env_rush": 0.0, "fpem/env_day_acc": 0.0, "fpem/env_hour_acc": 0.0, "fpem/env_rush_acc": 0.0, "fpem/loss_env_supcon": 0.0, "fpem/env_supcon_valid_pairs": 0.0, "fpem/loss_inv_env_adv": 0.0, "fpem/inv_day_acc": 0.0, "fpem/inv_hour_acc": 0.0, "fpem/inv_rush_acc": 0.0, "fpem/loss_cross_cov_sep": 0.0, "fpem/load_level_experts_enabled": 1.0, "fpem/load_level_uses_target_or_future_load": 0.0, "fpem/environment_gate_uses_target_in_forward": 0.0, "fpem/load_level_env_residual_scale": 0.0, "fpem/uses_cached_observable_load_prior": 1.0, "fpem/primary_loss": 8.79173446382795, "fpem/inv_pred_loss": 9.209155146280924, "fpem/primary_uses_route": 1.0, "fpem/primary_uses_env_fusion": 0.0, "fpem/backbone_agcrn": 1.0, "fpem/backbone_graphwavenet": 0.0, "fpem/backbone_staeformer": 0.0, "fpem/gc_pred_loss_only": 1.0, "fpem/env_route_head_mode_hyper_proto": 1.0, "fpem/fpem_force_uniform_route": 0.0, "fpem/hard_prediction_sinkhorn_total_replaces_primary": 0.0, "fpem/hard_prediction_environment_sinkhorn_total_replaces_primary": 0.0, "fpem/warmup_risk_sinkhorn_total_replaces_primary": 0.0, "fpem/lambda_club_mi": 0.0}, "conservative_override_threshold_selection": {"split": "val", "threshold": 0.5, "margin": 0.0, "mae": 11.640364646911621, "loss": 11.853181997934977, "mape": 0.18051360547542572, "confirmed_result": {"loss": 11.853181997934977, "mae": 11.640364646911621, "mape": 0.18051360547542572}}}
CONSERVATIVE_OVERRIDE_THRESHOLD_SELECTION {"split": "val", "threshold": 0.5, "margin": 0.0, "mae": 11.596274375915527, "loss": 11.807822042041355, "mape": 0.17877183854579926, "confirmed_result": {"loss": 11.807822042041355, "mae": 11.596274375915527, "mape": 0.17877183854579926}}
EPOCH {"epoch": 88, "train_loss": 10.754044959658668, "val": {"loss": 11.807822042041355, "mae": 11.596274375915527, "mape": 0.17877183854579926}, "test_mixed": {"loss": 10.577278436933245, "mae": 10.557621002197266, "mape": 0.1646910160779953}, "test_workday": {"loss": 10.461495668991752, "mae": 10.47892951965332, "mape": 0.16508172452449799}, "test_holiday": {"loss": 10.76575255393982, "mae": 10.694080352783203, "mape": 0.16401344537734985}, "test_avg_mae": 10.586504936218262, "best_selection_value": 10.586504936218262, "best_selection_split": "test_avg_DIAGNOSTIC", "best_selection_metric": "test_avg_mae", "lr": 0.0005, "fpem_logs": {"fpem/fpem_env_use_exogenous": 1.0, "fpem/env_exogenous_available": 1.0, "fpem/env_exogenous_time_available": 1.0, "fpem/env_exogenous_load_available": 1.0, "fpem/env_exogenous_feature_dim": 32.0, "fpem/env_exogenous_embedding_norm": 3.0719176814669655, "fpem/env_exogenous_load_embedding_norm": 2.183638599940709, "fpem/env_rep_ablation_normal": 1.0, "fpem/env_rep_ablation_zero": 0.0, "fpem/env_rep_ablation_shuffle_batch": 0.0, "fpem/env_rep_ablation_mode_id": 0.0, "fpem/mask_loss": 0.0, "fpem/mask_sparse_loss": 0.0, "fpem/mask_entropy_loss": 0.0, "fpem/mask_mean": 1.0, "fpem/mask_entropy": 0.0, "fpem/mask_active_ratio": 1.0, "fpem/fusion_alpha_mean": 0.0, "fpem/fusion_alpha_std": 0.0, "fpem/fusion_alpha_min": 0.0, "fpem/fusion_alpha_max": 0.0, "fpem/env_route_loss": 1.9801556053615752, "fpem/env_route_L_final": 8.786106554667155, "fpem/env_route_L_global": 0.0, "fpem/env_route_L_route_soft": 0.0, "fpem/env_route_L_expert": 9.180215122586205, "fpem/env_route_L_router_oracle": 0.14411254876426288, "fpem/env_route_L_balance": 0.0, "fpem/env_route_L_diverse": 0.0, "fpem/env_route_L_proto_align": 0.0, "fpem/env_route_entropy": 0.0, "fpem/env_route_q_max_mean": 0.0, "fpem/hyper_alpha_mean": 0.0, "fpem/hyper_delta_norm": 0.0, "fpem/hyper_route_proto_mode_uniform_warmup": 0.0, "fpem/hyper_route_proto_mode_uniform_fixed": 0.0, "fpem/hyper_route_proto_mode_sinkhorn": 0.0, "fpem/hyper_route_proto_mode_softmax": 0.0, "fpem/fallback_q_mean": 0.0, "fpem/fallback_q_max": 0.0, "fpem/env_q_sum_mean": 1.0, "fpem/oracle_fallback_rate": 0.0, "fpem/route_count_fallback": 0.0, "fpem/env_route_head_mode": 1.0, "fpem/route_entropy_mean": 0.0, "fpem/route_mean_distribution_entropy": 0.0, "fpem/effective_expert_number": 1.0, "fpem/max_expert_usage_ratio": 0.0, "fpem/min_expert_usage_ratio": 0.0, "fpem/prototype_pairwise_cosine": 0.0, "fpem/expert_prediction_pairwise_cosine": 0.0, "fpem/expert_collapse_warning": 0.0, "fpem/env_route_target_mode_env_prototype": 0.0, "fpem/env_route_target_mode_hybrid": 0.0, "fpem/env_route_hybrid_alpha": 0.0, "fpem/env_route_train_mode_warmup_risk_sinkhorn": 0.0, "fpem/warmup_risk_stage_warmup": 0.0, "fpem/warmup_risk_stage_soft": 0.0, "fpem/warmup_risk_stage_hard": 0.0, "fpem/warmup_risk_selected_loss": 0.0, "fpem/warmup_risk_uniform_common_loss": 0.0, "fpem/warmup_risk_lambda_common": 0.0, "fpem/warmup_risk_total_common_term": 0.0, "fpem/warmup_risk_temperature": 0.0, "fpem/warmup_risk_temperature_progress": 0.0, "fpem/uniform_expert_mae": 0.0, "fpem/risk_routed_mae": 0.0, "fpem/risk_prediction_mae": 0.0, "fpem/risk_loss": 0.0, "fpem/risk_ranking_loss": 0.0, "fpem/risk_ranking_accuracy": 0.0, "fpem/risk_oracle_argmin_accuracy": 0.0, "fpem/risk_router_temperature": 0.0, "fpem/risk_router_lambda": 0.0, "fpem/risk_router_pairwise_lambda": 0.0, "fpem/env_route_train_mode_progressive_gmm_environment": 0.0, "fpem/top_level_prediction_source_progressive_gmm_teacher_hard": 0.0, "fpem/progressive_assignment_uses_target_or_prediction_error": 0.0, "fpem/progressive_partition_ready": 0.0, "fpem/progressive_selected_k": 0.0, "fpem/progressive_active_expert_count": 0.0, "fpem/progressive_last_partition_epoch": 0.0, "fpem/progressive_lambda_common": 0.0, "fpem/progressive_common_term": 0.0, "fpem/progressive_compactness_loss": 0.0, "fpem/progressive_consistency_loss": 0.0, "fpem/progressive_cluster_entropy": 0.0, "fpem/progressive_assignment_change_ratio": 0.0, "fpem/progressive_hungarian_overlap_score": 0.0, "fpem/progressive_partition_update_time_sec": 0.0, "fpem/progressive_routed_mae": 0.0, "fpem/progressive_gmm_environment_total_replaces_primary": 0.0, "fpem/env_route_count_head_0": 16.0, "fpem/env_route_oracle_count_head_0": 16.0, "fpem/route_count_env_head_0": 16.0, "fpem/route_soft_mean_expert_0": 1.0, "fpem/route_hard_count_expert_0": 16.0, "fpem/hard_count_expert_0": 16.0, "fpem/sinkhorn_soft_col_mass_expert_0": 0.0, "fpem/progressive_active_expert_0": 0.0, "fpem/progressive_cluster_size_0": 0.0, "fpem/progressive_cluster_ratio_0": 0.0, "fpem/progressive_cluster_to_expert_0": 0.0, "fpem/progressive_bic_k1": 0.0, "fpem/progressive_bic_score_k1": 0.0, "fpem/progressive_bic_rejected_k1": 0.0, "fpem/hyper_alpha_head_0": 0.0, "fpem/hyper_gamma_norm_head_0": 0.0, "fpem/hyper_beta_norm_head_0": 0.0, "fpem/expert_cross_mae_group_0_expert_0": 9.180215122586205, "fpem/load_expert_loss": 9.180215122586205, "fpem/conservative_override_router_loss": 0.14411254876426288, "fpem/hard_router_loss": 0.14411254876426288, "fpem/load_level_assignment_detached": 1.0, "fpem/load_level_count_0": 1680.0, "fpem/load_level_ratio_0": 1.0, "fpem/expert_0_global_loss": 9.180215122586205, "fpem/expert_0_selected_loss": 9.180215122586205, "fpem/conservative_all_environment_mae": 9.180215122586205, "fpem/conservative_all_invariant_mae": 9.662237485249838, "fpem/conservative_selective_hard_routing_mae": 9.180215122586205, "fpem/conservative_oracle_mae": 9.14632264091855, "fpem/conservative_router_accuracy": 0.8541666666666666, "fpem/conservative_router_balanced_accuracy": 0.5428571428571428, "fpem/conservative_invariant_switch_coverage": 0.0, "fpem/conservative_invariant_switch_precision": 0.0, "fpem/conservative_correct_beneficial_switches": 0.0, "fpem/conservative_harmful_invariant_switches": 0.0, "fpem/conservative_saved_loss_from_correct_switches": 0.0, "fpem/conservative_added_loss_from_harmful_switches": 0.0, "fpem/conservative_net_routing_gain": 0.0, "fpem/conservative_oracle_gap_closed": 0.0, "fpem/conservative_selected_threshold": 0.5, "fpem/conservative_selected_margin": 0.0, "fpem/conservative_delta_mean": -0.4820223408085959, "fpem/conservative_delta_positive_ratio": 0.14583333333333334, "fpem/conservative_target_inv_ratio": 0.14583333333333334, "fpem/conservative_p_inv_mean": 0.0372025468342361, "fpem/conservative_p_inv_min": 0.008594022850905146, "fpem/conservative_p_inv_max": 0.08233257819499289, "fpem/conservative_prediction_is_hard_route": 1.0, "fpem/conservative_prediction_is_soft_fusion": 0.0, "fpem/conservative_router_target_detached": 1.0, "fpem/conservative_delta_detached": 1.0, "fpem/conservative_harmful_switch_weight": 2.0, "fpem/hard_router_predicted_env_ratio": 1.0, "fpem/hard_router_effective_env_ratio": 1.0, "fpem/hard_router_target_env_ratio": 0.8541666666666666, "fpem/hard_router_gain_mean": -0.4820223408085959, "fpem/hard_router_margin_mean": 0.0, "fpem/conservative_router_supervision_enabled": 1.0, "fpem/conservative_router_weight_mean": 0.9999999880790711, "fpem/conservative_router_weight_min": 0.06578696639543133, "fpem/conservative_router_weight_max": 2.7313035692487446, "fpem/expert_prediction_pairwise_difference": 0.0, "fpem/delta_pairwise_cosine": 0.0, "fpem/delta_pairwise_l1": 0.0, "fpem/delta_pairwise_l2": 0.0, "fpem/expert_0_parameter_norm": 15.073101261683872, "fpem/hard_binary_router_enabled": 1.0, "fpem/hard_router_uses_target_in_forward": 0.0, "fpem/stored_future_c_loaded": 0.0, "fpem/prediction_is_weighted_complete_fusion": 0.0, "fpem/prediction_is_hard_route": 1.0, "fpem/conservative_inv_override_enabled": 1.0, "fpem/conservative_router_features_detached": 1.0, "fpem/future_mi_loss": 0.0, "fpem/future_mi_valid": 0.0, "fpem/future_mi_logvar_mean": 0.0, "fpem/future_mi_target_mode_env_encoder": 0.0, "fpem/swap_loss": 0.0, "fpem/swap_diff_loss": 0.0, "fpem/swap_same_loss": 0.0, "fpem/swap_gain_mean": 0.0, "fpem/swap_s_gain_mean": 0.0, "fpem/swap_fallback_router_loss": 0.0, "fpem/swap_fallback_q_mean": 0.0, "fpem/swap_prediction_delta": 0.0, "fpem/swap_route_delta": 0.0, "fpem/swap_hyper_alpha_delta": 0.0, "fpem/swap_hyper_delta_norm": 0.0, "fpem/loss_env_day": 0.0, "fpem/loss_env_hour": 0.0, "fpem/loss_env_rush": 0.0, "fpem/env_day_acc": 0.0, "fpem/env_hour_acc": 0.0, "fpem/env_rush_acc": 0.0, "fpem/loss_env_supcon": 0.0, "fpem/env_supcon_valid_pairs": 0.0, "fpem/loss_inv_env_adv": 0.0, "fpem/inv_day_acc": 0.0, "fpem/inv_hour_acc": 0.0, "fpem/inv_rush_acc": 0.0, "fpem/loss_cross_cov_sep": 0.0, "fpem/load_level_experts_enabled": 1.0, "fpem/load_level_uses_target_or_future_load": 0.0, "fpem/environment_gate_uses_target_in_forward": 0.0, "fpem/load_level_env_residual_scale": 0.0, "fpem/uses_cached_observable_load_prior": 1.0, "fpem/primary_loss": 8.786106554667155, "fpem/inv_pred_loss": 9.219040584564208, "fpem/primary_uses_route": 1.0, "fpem/primary_uses_env_fusion": 0.0, "fpem/backbone_agcrn": 1.0, "fpem/backbone_graphwavenet": 0.0, "fpem/backbone_staeformer": 0.0, "fpem/gc_pred_loss_only": 1.0, "fpem/env_route_head_mode_hyper_proto": 1.0, "fpem/fpem_force_uniform_route": 0.0, "fpem/hard_prediction_sinkhorn_total_replaces_primary": 0.0, "fpem/hard_prediction_environment_sinkhorn_total_replaces_primary": 0.0, "fpem/warmup_risk_sinkhorn_total_replaces_primary": 0.0, "fpem/lambda_club_mi": 0.0}, "conservative_override_threshold_selection": {"split": "val", "threshold": 0.5, "margin": 0.0, "mae": 11.596274375915527, "loss": 11.807822042041355, "mape": 0.17877183854579926, "confirmed_result": {"loss": 11.807822042041355, "mae": 11.596274375915527, "mape": 0.17877183854579926}}}
CONSERVATIVE_OVERRIDE_THRESHOLD_SELECTION {"split": "val", "threshold": 0.5, "margin": 0.0, "mae": 11.578847885131836, "loss": 11.801085313161215, "mape": 0.18026891350746155, "confirmed_result": {"loss": 11.801085313161215, "mae": 11.578847885131836, "mape": 0.18026891350746155}}
EPOCH {"epoch": 89, "train_loss": 10.681415303548176, "val": {"loss": 11.801085313161215, "mae": 11.578847885131836, "mape": 0.18026891350746155}, "test_mixed": {"loss": 10.541348498208182, "mae": 10.519816398620605, "mape": 0.16539494693279266}, "test_workday": {"loss": 10.428896800331447, "mae": 10.444500923156738, "mape": 0.16564741730690002}, "test_holiday": {"loss": 10.722827037175497, "mae": 10.65042495727539, "mape": 0.16495710611343384}, "test_avg_mae": 10.547462940216064, "best_selection_value": 10.547462940216064, "best_selection_split": "test_avg_DIAGNOSTIC", "best_selection_metric": "test_avg_mae", "lr": 0.0005, "fpem_logs": {"fpem/fpem_env_use_exogenous": 1.0, "fpem/env_exogenous_available": 1.0, "fpem/env_exogenous_time_available": 1.0, "fpem/env_exogenous_load_available": 1.0, "fpem/env_exogenous_feature_dim": 32.0, "fpem/env_exogenous_embedding_norm": 3.072481525511969, "fpem/env_exogenous_load_embedding_norm": 2.190193187622797, "fpem/env_rep_ablation_normal": 1.0, "fpem/env_rep_ablation_zero": 0.0, "fpem/env_rep_ablation_shuffle_batch": 0.0, "fpem/env_rep_ablation_mode_id": 0.0, "fpem/mask_loss": 0.0, "fpem/mask_sparse_loss": 0.0, "fpem/mask_entropy_loss": 0.0, "fpem/mask_mean": 1.0, "fpem/mask_entropy": 0.0, "fpem/mask_active_ratio": 1.0, "fpem/fusion_alpha_mean": 0.0, "fpem/fusion_alpha_std": 0.0, "fpem/fusion_alpha_min": 0.0, "fpem/fusion_alpha_max": 0.0, "fpem/env_route_loss": 1.9432030711855208, "fpem/env_route_L_final": 8.725378776731946, "fpem/env_route_L_global": 0.0, "fpem/env_route_L_route_soft": 0.0, "fpem/env_route_L_expert": 9.129470457349505, "fpem/env_route_L_router_oracle": 0.1173089423704715, "fpem/env_route_L_balance": 0.0, "fpem/env_route_L_diverse": 0.0, "fpem/env_route_L_proto_align": 0.0, "fpem/env_route_entropy": 0.0, "fpem/env_route_q_max_mean": 0.0, "fpem/hyper_alpha_mean": 0.0, "fpem/hyper_delta_norm": 0.0, "fpem/hyper_route_proto_mode_uniform_warmup": 0.0, "fpem/hyper_route_proto_mode_uniform_fixed": 0.0, "fpem/hyper_route_proto_mode_sinkhorn": 0.0, "fpem/hyper_route_proto_mode_softmax": 0.0, "fpem/fallback_q_mean": 0.0, "fpem/fallback_q_max": 0.0, "fpem/env_q_sum_mean": 1.0, "fpem/oracle_fallback_rate": 0.0, "fpem/route_count_fallback": 0.0, "fpem/env_route_head_mode": 1.0, "fpem/route_entropy_mean": 0.0, "fpem/route_mean_distribution_entropy": 0.0, "fpem/effective_expert_number": 1.0, "fpem/max_expert_usage_ratio": 0.0, "fpem/min_expert_usage_ratio": 0.0, "fpem/prototype_pairwise_cosine": 0.0, "fpem/expert_prediction_pairwise_cosine": 0.0, "fpem/expert_collapse_warning": 0.0, "fpem/env_route_target_mode_env_prototype": 0.0, "fpem/env_route_target_mode_hybrid": 0.0, "fpem/env_route_hybrid_alpha": 0.0, "fpem/env_route_train_mode_warmup_risk_sinkhorn": 0.0, "fpem/warmup_risk_stage_warmup": 0.0, "fpem/warmup_risk_stage_soft": 0.0, "fpem/warmup_risk_stage_hard": 0.0, "fpem/warmup_risk_selected_loss": 0.0, "fpem/warmup_risk_uniform_common_loss": 0.0, "fpem/warmup_risk_lambda_common": 0.0, "fpem/warmup_risk_total_common_term": 0.0, "fpem/warmup_risk_temperature": 0.0, "fpem/warmup_risk_temperature_progress": 0.0, "fpem/uniform_expert_mae": 0.0, "fpem/risk_routed_mae": 0.0, "fpem/risk_prediction_mae": 0.0, "fpem/risk_loss": 0.0, "fpem/risk_ranking_loss": 0.0, "fpem/risk_ranking_accuracy": 0.0, "fpem/risk_oracle_argmin_accuracy": 0.0, "fpem/risk_router_temperature": 0.0, "fpem/risk_router_lambda": 0.0, "fpem/risk_router_pairwise_lambda": 0.0, "fpem/env_route_train_mode_progressive_gmm_environment": 0.0, "fpem/top_level_prediction_source_progressive_gmm_teacher_hard": 0.0, "fpem/progressive_assignment_uses_target_or_prediction_error": 0.0, "fpem/progressive_partition_ready": 0.0, "fpem/progressive_selected_k": 0.0, "fpem/progressive_active_expert_count": 0.0, "fpem/progressive_last_partition_epoch": 0.0, "fpem/progressive_lambda_common": 0.0, "fpem/progressive_common_term": 0.0, "fpem/progressive_compactness_loss": 0.0, "fpem/progressive_consistency_loss": 0.0, "fpem/progressive_cluster_entropy": 0.0, "fpem/progressive_assignment_change_ratio": 0.0, "fpem/progressive_hungarian_overlap_score": 0.0, "fpem/progressive_partition_update_time_sec": 0.0, "fpem/progressive_routed_mae": 0.0, "fpem/progressive_gmm_environment_total_replaces_primary": 0.0, "fpem/env_route_count_head_0": 16.0, "fpem/env_route_oracle_count_head_0": 16.0, "fpem/route_count_env_head_0": 16.0, "fpem/route_soft_mean_expert_0": 1.0, "fpem/route_hard_count_expert_0": 16.0, "fpem/hard_count_expert_0": 16.0, "fpem/sinkhorn_soft_col_mass_expert_0": 0.0, "fpem/progressive_active_expert_0": 0.0, "fpem/progressive_cluster_size_0": 0.0, "fpem/progressive_cluster_ratio_0": 0.0, "fpem/progressive_cluster_to_expert_0": 0.0, "fpem/progressive_bic_k1": 0.0, "fpem/progressive_bic_score_k1": 0.0, "fpem/progressive_bic_rejected_k1": 0.0, "fpem/hyper_alpha_head_0": 0.0, "fpem/hyper_gamma_norm_head_0": 0.0, "fpem/hyper_beta_norm_head_0": 0.0, "fpem/expert_cross_mae_group_0_expert_0": 9.129470457349505, "fpem/load_expert_loss": 9.129470457349505, "fpem/conservative_override_router_loss": 0.1173089423704715, "fpem/hard_router_loss": 0.1173089423704715, "fpem/load_level_assignment_detached": 1.0, "fpem/load_level_count_0": 1680.0, "fpem/load_level_ratio_0": 1.0, "fpem/expert_0_global_loss": 9.129470457349505, "fpem/expert_0_selected_loss": 9.129470457349505, "fpem/conservative_all_environment_mae": 9.129470457349505, "fpem/conservative_all_invariant_mae": 9.662237553369431, "fpem/conservative_selective_hard_routing_mae": 9.129470457349505, "fpem/conservative_oracle_mae": 9.102743607475643, "fpem/conservative_router_accuracy": 0.8851190476190476, "fpem/conservative_router_balanced_accuracy": 0.5952380952380952, "fpem/conservative_invariant_switch_coverage": 0.0, "fpem/conservative_invariant_switch_precision": 0.0, "fpem/conservative_correct_beneficial_switches": 0.0, "fpem/conservative_harmful_invariant_switches": 0.0, "fpem/conservative_saved_loss_from_correct_switches": 0.0, "fpem/conservative_added_loss_from_harmful_switches": 0.0, "fpem/conservative_net_routing_gain": 0.0, "fpem/conservative_oracle_gap_closed": 0.0, "fpem/conservative_selected_threshold": 0.5, "fpem/conservative_selected_margin": 0.0, "fpem/conservative_delta_mean": -0.5327670743068059, "fpem/conservative_delta_positive_ratio": 0.11488095238095238, "fpem/conservative_target_inv_ratio": 0.11488095238095238, "fpem/conservative_p_inv_mean": 0.03162036155838342, "fpem/conservative_p_inv_min": 0.00709271344045798, "fpem/conservative_p_inv_max": 0.06980304242599578, "fpem/conservative_prediction_is_hard_route": 1.0, "fpem/conservative_prediction_is_soft_fusion": 0.0, "fpem/conservative_router_target_detached": 1.0, "fpem/conservative_delta_detached": 1.0, "fpem/conservative_harmful_switch_weight": 2.0, "fpem/hard_router_predicted_env_ratio": 1.0, "fpem/hard_router_effective_env_ratio": 1.0, "fpem/hard_router_target_env_ratio": 0.8851190476190476, "fpem/hard_router_gain_mean": -0.5327670743068059, "fpem/hard_router_margin_mean": 0.0, "fpem/conservative_router_supervision_enabled": 1.0, "fpem/conservative_router_weight_mean": 0.9999999875114077, "fpem/conservative_router_weight_min": 0.0800753393033076, "fpem/conservative_router_weight_max": 2.6887710378283547, "fpem/expert_prediction_pairwise_difference": 0.0, "fpem/delta_pairwise_cosine": 0.0, "fpem/delta_pairwise_l1": 0.0, "fpem/delta_pairwise_l2": 0.0, "fpem/expert_0_parameter_norm": 15.073424802507674, "fpem/hard_binary_router_enabled": 1.0, "fpem/hard_router_uses_target_in_forward": 0.0, "fpem/stored_future_c_loaded": 0.0, "fpem/prediction_is_weighted_complete_fusion": 0.0, "fpem/prediction_is_hard_route": 1.0, "fpem/conservative_inv_override_enabled": 1.0, "fpem/conservative_router_features_detached": 1.0, "fpem/future_mi_loss": 0.0, "fpem/future_mi_valid": 0.0, "fpem/future_mi_logvar_mean": 0.0, "fpem/future_mi_target_mode_env_encoder": 0.0, "fpem/swap_loss": 0.0, "fpem/swap_diff_loss": 0.0, "fpem/swap_same_loss": 0.0, "fpem/swap_gain_mean": 0.0, "fpem/swap_s_gain_mean": 0.0, "fpem/swap_fallback_router_loss": 0.0, "fpem/swap_fallback_q_mean": 0.0, "fpem/swap_prediction_delta": 0.0, "fpem/swap_route_delta": 0.0, "fpem/swap_hyper_alpha_delta": 0.0, "fpem/swap_hyper_delta_norm": 0.0, "fpem/loss_env_day": 0.0, "fpem/loss_env_hour": 0.0, "fpem/loss_env_rush": 0.0, "fpem/env_day_acc": 0.0, "fpem/env_hour_acc": 0.0, "fpem/env_rush_acc": 0.0, "fpem/loss_env_supcon": 0.0, "fpem/env_supcon_valid_pairs": 0.0, "fpem/loss_inv_env_adv": 0.0, "fpem/inv_day_acc": 0.0, "fpem/inv_hour_acc": 0.0, "fpem/inv_rush_acc": 0.0, "fpem/loss_cross_cov_sep": 0.0, "fpem/load_level_experts_enabled": 1.0, "fpem/load_level_uses_target_or_future_load": 0.0, "fpem/environment_gate_uses_target_in_forward": 0.0, "fpem/load_level_env_residual_scale": 0.0, "fpem/uses_cached_observable_load_prior": 1.0, "fpem/primary_loss": 8.725378776731946, "fpem/inv_pred_loss": 9.208528246198382, "fpem/primary_uses_route": 1.0, "fpem/primary_uses_env_fusion": 0.0, "fpem/backbone_agcrn": 1.0, "fpem/backbone_graphwavenet": 0.0, "fpem/backbone_staeformer": 0.0, "fpem/gc_pred_loss_only": 1.0, "fpem/env_route_head_mode_hyper_proto": 1.0, "fpem/fpem_force_uniform_route": 0.0, "fpem/hard_prediction_sinkhorn_total_replaces_primary": 0.0, "fpem/hard_prediction_environment_sinkhorn_total_replaces_primary": 0.0, "fpem/warmup_risk_sinkhorn_total_replaces_primary": 0.0, "fpem/lambda_club_mi": 0.0}, "conservative_override_threshold_selection": {"split": "val", "threshold": 0.5, "margin": 0.0, "mae": 11.578847885131836, "loss": 11.801085313161215, "mape": 0.18026891350746155, "confirmed_result": {"loss": 11.801085313161215, "mae": 11.578847885131836, "mape": 0.18026891350746155}}}
CONSERVATIVE_OVERRIDE_THRESHOLD_SELECTION {"split": "val", "threshold": 0.5, "margin": 0.0, "mae": 11.519283294677734, "loss": 11.732973972956339, "mape": 0.18064039945602417, "confirmed_result": {"loss": 11.732973972956339, "mae": 11.519283294677734, "mape": 0.18064039945602417}}
EPOCH {"epoch": 90, "train_loss": 10.675971821376256, "val": {"loss": 11.732973972956339, "mae": 11.519283294677734, "mape": 0.18064039945602417}, "test_mixed": {"loss": 10.479442705426898, "mae": 10.465354919433594, "mape": 0.16532757878303528}, "test_workday": {"loss": 10.362800432288129, "mae": 10.386985778808594, "mape": 0.1655711829662323}, "test_holiday": {"loss": 10.668674071629843, "mae": 10.60125732421875, "mape": 0.1649051308631897}, "test_avg_mae": 10.494121551513672, "best_selection_value": 10.494121551513672, "best_selection_split": "test_avg_DIAGNOSTIC", "best_selection_metric": "test_avg_mae", "lr": 0.0005, "fpem_logs": {"fpem/fpem_env_use_exogenous": 1.0, "fpem/env_exogenous_available": 1.0, "fpem/env_exogenous_time_available": 1.0, "fpem/env_exogenous_load_available": 1.0, "fpem/env_exogenous_feature_dim": 32.0, "fpem/env_exogenous_embedding_norm": 3.076402677808489, "fpem/env_exogenous_load_embedding_norm": 2.1925099100385395, "fpem/env_rep_ablation_normal": 1.0, "fpem/env_rep_ablation_zero": 0.0, "fpem/env_rep_ablation_shuffle_batch": 0.0, "fpem/env_rep_ablation_mode_id": 0.0, "fpem/mask_loss": 0.0, "fpem/mask_sparse_loss": 0.0, "fpem/mask_entropy_loss": 0.0, "fpem/mask_mean": 1.0, "fpem/mask_entropy": 0.0, "fpem/mask_active_ratio": 1.0, "fpem/fusion_alpha_mean": 0.0, "fpem/fusion_alpha_std": 0.0, "fpem/fusion_alpha_min": 0.0, "fpem/fusion_alpha_max": 0.0, "fpem/env_route_loss": 1.9418020520891461, "fpem/env_route_L_final": 8.727195185706728, "fpem/env_route_L_global": 0.0, "fpem/env_route_L_route_soft": 0.0, "fpem/env_route_L_expert": 9.124311206454323, "fpem/env_route_L_router_oracle": 0.11693977804943209, "fpem/env_route_L_balance": 0.0, "fpem/env_route_L_diverse": 0.0, "fpem/env_route_L_proto_align": 0.0, "fpem/env_route_entropy": 0.0, "fpem/env_route_q_max_mean": 0.0, "fpem/hyper_alpha_mean": 0.0, "fpem/hyper_delta_norm": 0.0, "fpem/hyper_route_proto_mode_uniform_warmup": 0.0, "fpem/hyper_route_proto_mode_uniform_fixed": 0.0, "fpem/hyper_route_proto_mode_sinkhorn": 0.0, "fpem/hyper_route_proto_mode_softmax": 0.0, "fpem/fallback_q_mean": 0.0, "fpem/fallback_q_max": 0.0, "fpem/env_q_sum_mean": 1.0, "fpem/oracle_fallback_rate": 0.0, "fpem/route_count_fallback": 0.0, "fpem/env_route_head_mode": 1.0, "fpem/route_entropy_mean": 0.0, "fpem/route_mean_distribution_entropy": 0.0, "fpem/effective_expert_number": 1.0, "fpem/max_expert_usage_ratio": 0.0, "fpem/min_expert_usage_ratio": 0.0, "fpem/prototype_pairwise_cosine": 0.0, "fpem/expert_prediction_pairwise_cosine": 0.0, "fpem/expert_collapse_warning": 0.0, "fpem/env_route_target_mode_env_prototype": 0.0, "fpem/env_route_target_mode_hybrid": 0.0, "fpem/env_route_hybrid_alpha": 0.0, "fpem/env_route_train_mode_warmup_risk_sinkhorn": 0.0, "fpem/warmup_risk_stage_warmup": 0.0, "fpem/warmup_risk_stage_soft": 0.0, "fpem/warmup_risk_stage_hard": 0.0, "fpem/warmup_risk_selected_loss": 0.0, "fpem/warmup_risk_uniform_common_loss": 0.0, "fpem/warmup_risk_lambda_common": 0.0, "fpem/warmup_risk_total_common_term": 0.0, "fpem/warmup_risk_temperature": 0.0, "fpem/warmup_risk_temperature_progress": 0.0, "fpem/uniform_expert_mae": 0.0, "fpem/risk_routed_mae": 0.0, "fpem/risk_prediction_mae": 0.0, "fpem/risk_loss": 0.0, "fpem/risk_ranking_loss": 0.0, "fpem/risk_ranking_accuracy": 0.0, "fpem/risk_oracle_argmin_accuracy": 0.0, "fpem/risk_router_temperature": 0.0, "fpem/risk_router_lambda": 0.0, "fpem/risk_router_pairwise_lambda": 0.0, "fpem/env_route_train_mode_progressive_gmm_environment": 0.0, "fpem/top_level_prediction_source_progressive_gmm_teacher_hard": 0.0, "fpem/progressive_assignment_uses_target_or_prediction_error": 0.0, "fpem/progressive_partition_ready": 0.0, "fpem/progressive_selected_k": 0.0, "fpem/progressive_active_expert_count": 0.0, "fpem/progressive_last_partition_epoch": 0.0, "fpem/progressive_lambda_common": 0.0, "fpem/progressive_common_term": 0.0, "fpem/progressive_compactness_loss": 0.0, "fpem/progressive_consistency_loss": 0.0, "fpem/progressive_cluster_entropy": 0.0, "fpem/progressive_assignment_change_ratio": 0.0, "fpem/progressive_hungarian_overlap_score": 0.0, "fpem/progressive_partition_update_time_sec": 0.0, "fpem/progressive_routed_mae": 0.0, "fpem/progressive_gmm_environment_total_replaces_primary": 0.0, "fpem/env_route_count_head_0": 16.0, "fpem/env_route_oracle_count_head_0": 16.0, "fpem/route_count_env_head_0": 16.0, "fpem/route_soft_mean_expert_0": 1.0, "fpem/route_hard_count_expert_0": 16.0, "fpem/hard_count_expert_0": 16.0, "fpem/sinkhorn_soft_col_mass_expert_0": 0.0, "fpem/progressive_active_expert_0": 0.0, "fpem/progressive_cluster_size_0": 0.0, "fpem/progressive_cluster_ratio_0": 0.0, "fpem/progressive_cluster_to_expert_0": 0.0, "fpem/progressive_bic_k1": 0.0, "fpem/progressive_bic_score_k1": 0.0, "fpem/progressive_bic_rejected_k1": 0.0, "fpem/hyper_alpha_head_0": 0.0, "fpem/hyper_gamma_norm_head_0": 0.0, "fpem/hyper_beta_norm_head_0": 0.0, "fpem/expert_cross_mae_group_0_expert_0": 9.124311206454323, "fpem/load_expert_loss": 9.124311206454323, "fpem/conservative_override_router_loss": 0.11693977804943209, "fpem/hard_router_loss": 0.11693977804943209, "fpem/load_level_assignment_detached": 1.0, "fpem/load_level_count_0": 1680.0, "fpem/load_level_ratio_0": 1.0, "fpem/expert_0_global_loss": 9.124311206454323, "fpem/expert_0_selected_loss": 9.124311206454323, "fpem/conservative_all_environment_mae": 9.124311206454323, "fpem/conservative_all_invariant_mae": 9.66223749433245, "fpem/conservative_selective_hard_routing_mae": 9.124311206454323, "fpem/conservative_oracle_mae": 9.097682748522077, "fpem/conservative_router_accuracy": 0.8779761904761905, "fpem/conservative_router_balanced_accuracy": 0.5619047619047619, "fpem/conservative_invariant_switch_coverage": 0.0, "fpem/conservative_invariant_switch_precision": 0.0, "fpem/conservative_correct_beneficial_switches": 0.0, "fpem/conservative_harmful_invariant_switches": 0.0, "fpem/conservative_saved_loss_from_correct_switches": 0.0, "fpem/conservative_added_loss_from_harmful_switches": 0.0, "fpem/conservative_net_routing_gain": 0.0, "fpem/conservative_oracle_gap_closed": 0.0, "fpem/conservative_selected_threshold": 0.5, "fpem/conservative_selected_margin": 0.0, "fpem/conservative_delta_mean": -0.5379263027792885, "fpem/conservative_delta_positive_ratio": 0.12202380952380952, "fpem/conservative_target_inv_ratio": 0.12202380952380952, "fpem/conservative_p_inv_mean": 0.025332397045124144, "fpem/conservative_p_inv_min": 0.005477033289415496, "fpem/conservative_p_inv_max": 0.059733196241515026, "fpem/conservative_prediction_is_hard_route": 1.0, "fpem/conservative_prediction_is_soft_fusion": 0.0, "fpem/conservative_router_target_detached": 1.0, "fpem/conservative_delta_detached": 1.0, "fpem/conservative_harmful_switch_weight": 2.0, "fpem/hard_router_predicted_env_ratio": 1.0, "fpem/hard_router_effective_env_ratio": 1.0, "fpem/hard_router_target_env_ratio": 0.8779761904761905, "fpem/hard_router_gain_mean": -0.5379263027792885, "fpem/hard_router_margin_mean": 0.0, "fpem/conservative_router_supervision_enabled": 1.0, "fpem/conservative_router_weight_mean": 0.9999999829701015, "fpem/conservative_router_weight_min": 0.062193029141053555, "fpem/conservative_router_weight_max": 2.694596891176133, "fpem/expert_prediction_pairwise_difference": 0.0, "fpem/delta_pairwise_cosine": 0.0, "fpem/delta_pairwise_l1": 0.0, "fpem/delta_pairwise_l2": 0.0, "fpem/expert_0_parameter_norm": 15.073429570879256, "fpem/hard_binary_router_enabled": 1.0, "fpem/hard_router_uses_target_in_forward": 0.0, "fpem/stored_future_c_loaded": 0.0, "fpem/prediction_is_weighted_complete_fusion": 0.0, "fpem/prediction_is_hard_route": 1.0, "fpem/conservative_inv_override_enabled": 1.0, "fpem/conservative_router_features_detached": 1.0, "fpem/future_mi_loss": 0.0, "fpem/future_mi_valid": 0.0, "fpem/future_mi_logvar_mean": 0.0, "fpem/future_mi_target_mode_env_encoder": 0.0, "fpem/swap_loss": 0.0, "fpem/swap_diff_loss": 0.0, "fpem/swap_same_loss": 0.0, "fpem/swap_gain_mean": 0.0, "fpem/swap_s_gain_mean": 0.0, "fpem/swap_fallback_router_loss": 0.0, "fpem/swap_fallback_q_mean": 0.0, "fpem/swap_prediction_delta": 0.0, "fpem/swap_route_delta": 0.0, "fpem/swap_hyper_alpha_delta": 0.0, "fpem/swap_hyper_delta_norm": 0.0, "fpem/loss_env_day": 0.0, "fpem/loss_env_hour": 0.0, "fpem/loss_env_rush": 0.0, "fpem/env_day_acc": 0.0, "fpem/env_hour_acc": 0.0, "fpem/env_rush_acc": 0.0, "fpem/loss_env_supcon": 0.0, "fpem/env_supcon_valid_pairs": 0.0, "fpem/loss_inv_env_adv": 0.0, "fpem/inv_day_acc": 0.0, "fpem/inv_hour_acc": 0.0, "fpem/inv_rush_acc": 0.0, "fpem/loss_cross_cov_sep": 0.0, "fpem/load_level_experts_enabled": 1.0, "fpem/load_level_uses_target_or_future_load": 0.0, "fpem/environment_gate_uses_target_in_forward": 0.0, "fpem/load_level_env_residual_scale": 0.0, "fpem/uses_cached_observable_load_prior": 1.0, "fpem/primary_loss": 8.727195185706728, "fpem/inv_pred_loss": 9.21796330951509, "fpem/primary_uses_route": 1.0, "fpem/primary_uses_env_fusion": 0.0, "fpem/backbone_agcrn": 1.0, "fpem/backbone_graphwavenet": 0.0, "fpem/backbone_staeformer": 0.0, "fpem/gc_pred_loss_only": 1.0, "fpem/env_route_head_mode_hyper_proto": 1.0, "fpem/fpem_force_uniform_route": 0.0, "fpem/hard_prediction_sinkhorn_total_replaces_primary": 0.0, "fpem/hard_prediction_environment_sinkhorn_total_replaces_primary": 0.0, "fpem/warmup_risk_sinkhorn_total_replaces_primary": 0.0, "fpem/lambda_club_mi": 0.0}, "conservative_override_threshold_selection": {"split": "val", "threshold": 0.5, "margin": 0.0, "mae": 11.519283294677734, "loss": 11.732973972956339, "mape": 0.18064039945602417, "confirmed_result": {"loss": 11.732973972956339, "mae": 11.519283294677734, "mape": 0.18064039945602417}}}
CONSERVATIVE_OVERRIDE_THRESHOLD_SELECTION {"split": "val", "threshold": 0.5, "margin": 0.0, "mae": 11.539874076843262, "loss": 11.755367649926079, "mape": 0.17993073165416718, "confirmed_result": {"loss": 11.755367649926079, "mae": 11.539874076843262, "mape": 0.17993073165416718}}
EPOCH {"epoch": 91, "train_loss": 10.63834439232236, "val": {"loss": 11.755367649926079, "mae": 11.539874076843262, "mape": 0.17993073165416718}, "test_mixed": {"loss": 10.50340084348406, "mae": 10.484814643859863, "mape": 0.1647523194551468}, "test_workday": {"loss": 10.388678986093272, "mae": 10.406462669372559, "mape": 0.16496555507183075}, "test_holiday": {"loss": 10.68974264462789, "mae": 10.620686531066895, "mape": 0.16438253223896027}, "test_avg_mae": 10.513574600219727, "best_selection_value": 10.513574600219727, "best_selection_split": "test_avg_DIAGNOSTIC", "best_selection_metric": "test_avg_mae", "lr": 0.0005, "fpem_logs": {"fpem/fpem_env_use_exogenous": 1.0, "fpem/env_exogenous_available": 1.0, "fpem/env_exogenous_time_available": 1.0, "fpem/env_exogenous_load_available": 1.0, "fpem/env_exogenous_feature_dim": 32.0, "fpem/env_exogenous_embedding_norm": 3.078638031369164, "fpem/env_exogenous_load_embedding_norm": 2.193318832488287, "fpem/env_rep_ablation_normal": 1.0, "fpem/env_rep_ablation_zero": 0.0, "fpem/env_rep_ablation_shuffle_batch": 0.0, "fpem/env_rep_ablation_mode_id": 0.0, "fpem/mask_loss": 0.0, "fpem/mask_sparse_loss": 0.0, "fpem/mask_entropy_loss": 0.0, "fpem/mask_mean": 1.0, "fpem/mask_entropy": 0.0, "fpem/mask_active_ratio": 1.0, "fpem/fusion_alpha_mean": 0.0, "fpem/fusion_alpha_std": 0.0, "fpem/fusion_alpha_min": 0.0, "fpem/fusion_alpha_max": 0.0, "fpem/env_route_loss": 1.932093704314459, "fpem/env_route_L_final": 8.704600720178513, "fpem/env_route_L_global": 0.0, "fpem/env_route_L_route_soft": 0.0, "fpem/env_route_L_expert": 9.107055241721017, "fpem/env_route_L_router_oracle": 0.11068263992312409, "fpem/env_route_L_balance": 0.0, "fpem/env_route_L_diverse": 0.0, "fpem/env_route_L_proto_align": 0.0, "fpem/env_route_entropy": 0.0, "fpem/env_route_q_max_mean": 0.0, "fpem/hyper_alpha_mean": 0.0, "fpem/hyper_delta_norm": 0.0, "fpem/hyper_route_proto_mode_uniform_warmup": 0.0, "fpem/hyper_route_proto_mode_uniform_fixed": 0.0, "fpem/hyper_route_proto_mode_sinkhorn": 0.0, "fpem/hyper_route_proto_mode_softmax": 0.0, "fpem/fallback_q_mean": 0.0, "fpem/fallback_q_max": 0.0, "fpem/env_q_sum_mean": 1.0, "fpem/oracle_fallback_rate": 0.0, "fpem/route_count_fallback": 0.0, "fpem/env_route_head_mode": 1.0, "fpem/route_entropy_mean": 0.0, "fpem/route_mean_distribution_entropy": 0.0, "fpem/effective_expert_number": 1.0, "fpem/max_expert_usage_ratio": 0.0, "fpem/min_expert_usage_ratio": 0.0, "fpem/prototype_pairwise_cosine": 0.0, "fpem/expert_prediction_pairwise_cosine": 0.0, "fpem/expert_collapse_warning": 0.0, "fpem/env_route_target_mode_env_prototype": 0.0, "fpem/env_route_target_mode_hybrid": 0.0, "fpem/env_route_hybrid_alpha": 0.0, "fpem/env_route_train_mode_warmup_risk_sinkhorn": 0.0, "fpem/warmup_risk_stage_warmup": 0.0, "fpem/warmup_risk_stage_soft": 0.0, "fpem/warmup_risk_stage_hard": 0.0, "fpem/warmup_risk_selected_loss": 0.0, "fpem/warmup_risk_uniform_common_loss": 0.0, "fpem/warmup_risk_lambda_common": 0.0, "fpem/warmup_risk_total_common_term": 0.0, "fpem/warmup_risk_temperature": 0.0, "fpem/warmup_risk_temperature_progress": 0.0, "fpem/uniform_expert_mae": 0.0, "fpem/risk_routed_mae": 0.0, "fpem/risk_prediction_mae": 0.0, "fpem/risk_loss": 0.0, "fpem/risk_ranking_loss": 0.0, "fpem/risk_ranking_accuracy": 0.0, "fpem/risk_oracle_argmin_accuracy": 0.0, "fpem/risk_router_temperature": 0.0, "fpem/risk_router_lambda": 0.0, "fpem/risk_router_pairwise_lambda": 0.0, "fpem/env_route_train_mode_progressive_gmm_environment": 0.0, "fpem/top_level_prediction_source_progressive_gmm_teacher_hard": 0.0, "fpem/progressive_assignment_uses_target_or_prediction_error": 0.0, "fpem/progressive_partition_ready": 0.0, "fpem/progressive_selected_k": 0.0, "fpem/progressive_active_expert_count": 0.0, "fpem/progressive_last_partition_epoch": 0.0, "fpem/progressive_lambda_common": 0.0, "fpem/progressive_common_term": 0.0, "fpem/progressive_compactness_loss": 0.0, "fpem/progressive_consistency_loss": 0.0, "fpem/progressive_cluster_entropy": 0.0, "fpem/progressive_assignment_change_ratio": 0.0, "fpem/progressive_hungarian_overlap_score": 0.0, "fpem/progressive_partition_update_time_sec": 0.0, "fpem/progressive_routed_mae": 0.0, "fpem/progressive_gmm_environment_total_replaces_primary": 0.0, "fpem/env_route_count_head_0": 16.0, "fpem/env_route_oracle_count_head_0": 16.0, "fpem/route_count_env_head_0": 16.0, "fpem/route_soft_mean_expert_0": 1.0, "fpem/route_hard_count_expert_0": 16.0, "fpem/hard_count_expert_0": 16.0, "fpem/sinkhorn_soft_col_mass_expert_0": 0.0, "fpem/progressive_active_expert_0": 0.0, "fpem/progressive_cluster_size_0": 0.0, "fpem/progressive_cluster_ratio_0": 0.0, "fpem/progressive_cluster_to_expert_0": 0.0, "fpem/progressive_bic_k1": 0.0, "fpem/progressive_bic_score_k1": 0.0, "fpem/progressive_bic_rejected_k1": 0.0, "fpem/hyper_alpha_head_0": 0.0, "fpem/hyper_gamma_norm_head_0": 0.0, "fpem/hyper_beta_norm_head_0": 0.0, "fpem/expert_cross_mae_group_0_expert_0": 9.107055241721017, "fpem/load_expert_loss": 9.107055241721017, "fpem/conservative_override_router_loss": 0.11068263992312409, "fpem/hard_router_loss": 0.11068263992312409, "fpem/load_level_assignment_detached": 1.0, "fpem/load_level_count_0": 1680.0, "fpem/load_level_ratio_0": 1.0, "fpem/expert_0_global_loss": 9.107055241721017, "fpem/expert_0_selected_loss": 9.107055241721017, "fpem/conservative_all_environment_mae": 9.107055241721017, "fpem/conservative_all_invariant_mae": 9.662237503415062, "fpem/conservative_selective_hard_routing_mae": 9.107055241721017, "fpem/conservative_oracle_mae": 9.08008458727882, "fpem/conservative_router_accuracy": 0.8898809523809523, "fpem/conservative_router_balanced_accuracy": 0.580952380952381, "fpem/conservative_invariant_switch_coverage": 0.0, "fpem/conservative_invariant_switch_precision": 0.0, "fpem/conservative_correct_beneficial_switches": 0.0, "fpem/conservative_harmful_invariant_switches": 0.0, "fpem/conservative_saved_loss_from_correct_switches": 0.0, "fpem/conservative_added_loss_from_harmful_switches": 0.0, "fpem/conservative_net_routing_gain": 0.0, "fpem/conservative_oracle_gap_closed": 0.0, "fpem/conservative_selected_threshold": 0.5, "fpem/conservative_selected_margin": 0.0, "fpem/conservative_delta_mean": -0.5551822863873981, "fpem/conservative_delta_positive_ratio": 0.11011904761904762, "fpem/conservative_target_inv_ratio": 0.11011904761904762, "fpem/conservative_p_inv_mean": 0.02430369257926941, "fpem/conservative_p_inv_min": 0.005295415903397259, "fpem/conservative_p_inv_max": 0.05732700613637765, "fpem/conservative_prediction_is_hard_route": 1.0, "fpem/conservative_prediction_is_soft_fusion": 0.0, "fpem/conservative_router_target_detached": 1.0, "fpem/conservative_delta_detached": 1.0, "fpem/conservative_harmful_switch_weight": 2.0, "fpem/hard_router_predicted_env_ratio": 1.0, "fpem/hard_router_effective_env_ratio": 1.0, "fpem/hard_router_target_env_ratio": 0.8898809523809523, "fpem/hard_router_gain_mean": -0.5551822863873981, "fpem/hard_router_margin_mean": 0.0, "fpem/conservative_router_supervision_enabled": 1.0, "fpem/conservative_router_weight_mean": 0.9999999931880406, "fpem/conservative_router_weight_min": 0.07168550822853571, "fpem/conservative_router_weight_max": 2.67817215124766, "fpem/expert_prediction_pairwise_difference": 0.0, "fpem/delta_pairwise_cosine": 0.0, "fpem/delta_pairwise_l1": 0.0, "fpem/delta_pairwise_l2": 0.0, "fpem/expert_0_parameter_norm": 15.07345132373628, "fpem/hard_binary_router_enabled": 1.0, "fpem/hard_router_uses_target_in_forward": 0.0, "fpem/stored_future_c_loaded": 0.0, "fpem/prediction_is_weighted_complete_fusion": 0.0, "fpem/prediction_is_hard_route": 1.0, "fpem/conservative_inv_override_enabled": 1.0, "fpem/conservative_router_features_detached": 1.0, "fpem/future_mi_loss": 0.0, "fpem/future_mi_valid": 0.0, "fpem/future_mi_logvar_mean": 0.0, "fpem/future_mi_target_mode_env_encoder": 0.0, "fpem/swap_loss": 0.0, "fpem/swap_diff_loss": 0.0, "fpem/swap_same_loss": 0.0, "fpem/swap_gain_mean": 0.0, "fpem/swap_s_gain_mean": 0.0, "fpem/swap_fallback_router_loss": 0.0, "fpem/swap_fallback_q_mean": 0.0, "fpem/swap_prediction_delta": 0.0, "fpem/swap_route_delta": 0.0, "fpem/swap_hyper_alpha_delta": 0.0, "fpem/swap_hyper_delta_norm": 0.0, "fpem/loss_env_day": 0.0, "fpem/loss_env_hour": 0.0, "fpem/loss_env_rush": 0.0, "fpem/env_day_acc": 0.0, "fpem/env_hour_acc": 0.0, "fpem/env_rush_acc": 0.0, "fpem/loss_env_supcon": 0.0, "fpem/env_supcon_valid_pairs": 0.0, "fpem/loss_inv_env_adv": 0.0, "fpem/inv_day_acc": 0.0, "fpem/inv_hour_acc": 0.0, "fpem/inv_rush_acc": 0.0, "fpem/loss_cross_cov_sep": 0.0, "fpem/load_level_experts_enabled": 1.0, "fpem/load_level_uses_target_or_future_load": 0.0, "fpem/environment_gate_uses_target_in_forward": 0.0, "fpem/load_level_env_residual_scale": 0.0, "fpem/uses_cached_observable_load_prior": 1.0, "fpem/primary_loss": 8.704600720178513, "fpem/inv_pred_loss": 9.21245683034261, "fpem/primary_uses_route": 1.0, "fpem/primary_uses_env_fusion": 0.0, "fpem/backbone_agcrn": 1.0, "fpem/backbone_graphwavenet": 0.0, "fpem/backbone_staeformer": 0.0, "fpem/gc_pred_loss_only": 1.0, "fpem/env_route_head_mode_hyper_proto": 1.0, "fpem/fpem_force_uniform_route": 0.0, "fpem/hard_prediction_sinkhorn_total_replaces_primary": 0.0, "fpem/hard_prediction_environment_sinkhorn_total_replaces_primary": 0.0, "fpem/warmup_risk_sinkhorn_total_replaces_primary": 0.0, "fpem/lambda_club_mi": 0.0}, "conservative_override_threshold_selection": {"split": "val", "threshold": 0.5, "margin": 0.0, "mae": 11.539874076843262, "loss": 11.755367649926079, "mape": 0.17993073165416718, "confirmed_result": {"loss": 11.755367649926079, "mae": 11.539874076843262, "mape": 0.17993073165416718}}}
CONSERVATIVE_OVERRIDE_THRESHOLD_SELECTION {"split": "val", "threshold": 0.5, "margin": 0.0, "mae": 11.561500549316406, "loss": 11.76659525765313, "mape": 0.18138934671878815, "confirmed_result": {"loss": 11.76659525765313, "mae": 11.561500549316406, "mape": 0.18138934671878815}}
EPOCH {"epoch": 92, "train_loss": 10.637650435311453, "val": {"loss": 11.76659525765313, "mae": 11.561500549316406, "mape": 0.18138934671878815}, "test_mixed": {"loss": 10.531743594578334, "mae": 10.51242446899414, "mape": 0.16656389832496643}, "test_workday": {"loss": 10.411055150239363, "mae": 10.429545402526855, "mape": 0.1666528880596161}, "test_holiday": {"loss": 10.728827079137167, "mae": 10.656147956848145, "mape": 0.16640959680080414}, "test_avg_mae": 10.5428466796875, "best_selection_value": 10.5428466796875, "best_selection_split": "test_avg_DIAGNOSTIC", "best_selection_metric": "test_avg_mae", "lr": 0.0005, "fpem_logs": {"fpem/fpem_env_use_exogenous": 1.0, "fpem/env_exogenous_available": 1.0, "fpem/env_exogenous_time_available": 1.0, "fpem/env_exogenous_load_available": 1.0, "fpem/env_exogenous_feature_dim": 32.0, "fpem/env_exogenous_embedding_norm": 3.0792750449407666, "fpem/env_exogenous_load_embedding_norm": 2.1947917620340984, "fpem/env_rep_ablation_normal": 1.0, "fpem/env_rep_ablation_zero": 0.0, "fpem/env_rep_ablation_shuffle_batch": 0.0, "fpem/env_rep_ablation_mode_id": 0.0, "fpem/mask_loss": 0.0, "fpem/mask_sparse_loss": 0.0, "fpem/mask_entropy_loss": 0.0, "fpem/mask_mean": 1.0, "fpem/mask_entropy": 0.0, "fpem/mask_active_ratio": 1.0, "fpem/fusion_alpha_mean": 0.0, "fpem/fusion_alpha_std": 0.0, "fpem/fusion_alpha_min": 0.0, "fpem/fusion_alpha_max": 0.0, "fpem/env_route_loss": 1.933908140091669, "fpem/env_route_L_final": 8.704005763644265, "fpem/env_route_L_global": 0.0, "fpem/env_route_L_route_soft": 0.0, "fpem/env_route_L_expert": 9.099591568538122, "fpem/env_route_L_router_oracle": 0.11398980161618619, "fpem/env_route_L_balance": 0.0, "fpem/env_route_L_diverse": 0.0, "fpem/env_route_L_proto_align": 0.0, "fpem/env_route_entropy": 0.0, "fpem/env_route_q_max_mean": 0.0, "fpem/hyper_alpha_mean": 0.0, "fpem/hyper_delta_norm": 0.0, "fpem/hyper_route_proto_mode_uniform_warmup": 0.0, "fpem/hyper_route_proto_mode_uniform_fixed": 0.0, "fpem/hyper_route_proto_mode_sinkhorn": 0.0, "fpem/hyper_route_proto_mode_softmax": 0.0, "fpem/fallback_q_mean": 0.0, "fpem/fallback_q_max": 0.0, "fpem/env_q_sum_mean": 1.0, "fpem/oracle_fallback_rate": 0.0, "fpem/route_count_fallback": 0.0, "fpem/env_route_head_mode": 1.0, "fpem/route_entropy_mean": 0.0, "fpem/route_mean_distribution_entropy": 0.0, "fpem/effective_expert_number": 1.0, "fpem/max_expert_usage_ratio": 0.0, "fpem/min_expert_usage_ratio": 0.0, "fpem/prototype_pairwise_cosine": 0.0, "fpem/expert_prediction_pairwise_cosine": 0.0, "fpem/expert_collapse_warning": 0.0, "fpem/env_route_target_mode_env_prototype": 0.0, "fpem/env_route_target_mode_hybrid": 0.0, "fpem/env_route_hybrid_alpha": 0.0, "fpem/env_route_train_mode_warmup_risk_sinkhorn": 0.0, "fpem/warmup_risk_stage_warmup": 0.0, "fpem/warmup_risk_stage_soft": 0.0, "fpem/warmup_risk_stage_hard": 0.0, "fpem/warmup_risk_selected_loss": 0.0, "fpem/warmup_risk_uniform_common_loss": 0.0, "fpem/warmup_risk_lambda_common": 0.0, "fpem/warmup_risk_total_common_term": 0.0, "fpem/warmup_risk_temperature": 0.0, "fpem/warmup_risk_temperature_progress": 0.0, "fpem/uniform_expert_mae": 0.0, "fpem/risk_routed_mae": 0.0, "fpem/risk_prediction_mae": 0.0, "fpem/risk_loss": 0.0, "fpem/risk_ranking_loss": 0.0, "fpem/risk_ranking_accuracy": 0.0, "fpem/risk_oracle_argmin_accuracy": 0.0, "fpem/risk_router_temperature": 0.0, "fpem/risk_router_lambda": 0.0, "fpem/risk_router_pairwise_lambda": 0.0, "fpem/env_route_train_mode_progressive_gmm_environment": 0.0, "fpem/top_level_prediction_source_progressive_gmm_teacher_hard": 0.0, "fpem/progressive_assignment_uses_target_or_prediction_error": 0.0, "fpem/progressive_partition_ready": 0.0, "fpem/progressive_selected_k": 0.0, "fpem/progressive_active_expert_count": 0.0, "fpem/progressive_last_partition_epoch": 0.0, "fpem/progressive_lambda_common": 0.0, "fpem/progressive_common_term": 0.0, "fpem/progressive_compactness_loss": 0.0, "fpem/progressive_consistency_loss": 0.0, "fpem/progressive_cluster_entropy": 0.0, "fpem/progressive_assignment_change_ratio": 0.0, "fpem/progressive_hungarian_overlap_score": 0.0, "fpem/progressive_partition_update_time_sec": 0.0, "fpem/progressive_routed_mae": 0.0, "fpem/progressive_gmm_environment_total_replaces_primary": 0.0, "fpem/env_route_count_head_0": 16.0, "fpem/env_route_oracle_count_head_0": 16.0, "fpem/route_count_env_head_0": 16.0, "fpem/route_soft_mean_expert_0": 1.0, "fpem/route_hard_count_expert_0": 16.0, "fpem/hard_count_expert_0": 16.0, "fpem/sinkhorn_soft_col_mass_expert_0": 0.0, "fpem/progressive_active_expert_0": 0.0, "fpem/progressive_cluster_size_0": 0.0, "fpem/progressive_cluster_ratio_0": 0.0, "fpem/progressive_cluster_to_expert_0": 0.0, "fpem/progressive_bic_k1": 0.0, "fpem/progressive_bic_score_k1": 0.0, "fpem/progressive_bic_rejected_k1": 0.0, "fpem/hyper_alpha_head_0": 0.0, "fpem/hyper_gamma_norm_head_0": 0.0, "fpem/hyper_beta_norm_head_0": 0.0, "fpem/expert_cross_mae_group_0_expert_0": 9.099591568538122, "fpem/load_expert_loss": 9.099591568538122, "fpem/conservative_override_router_loss": 0.11398980161618619, "fpem/hard_router_loss": 0.11398980161618619, "fpem/load_level_assignment_detached": 1.0, "fpem/load_level_count_0": 1680.0, "fpem/load_level_ratio_0": 1.0, "fpem/expert_0_global_loss": 9.099591568538122, "fpem/expert_0_selected_loss": 9.099591568538122, "fpem/conservative_all_environment_mae": 9.099591568538122, "fpem/conservative_all_invariant_mae": 9.662237489791144, "fpem/conservative_selective_hard_routing_mae": 9.099591568538122, "fpem/conservative_oracle_mae": 9.072378272101993, "fpem/conservative_router_accuracy": 0.8845238095238095, "fpem/conservative_router_balanced_accuracy": 0.5666666666666667, "fpem/conservative_invariant_switch_coverage": 0.0, "fpem/conservative_invariant_switch_precision": 0.0, "fpem/conservative_correct_beneficial_switches": 0.0, "fpem/conservative_harmful_invariant_switches": 0.0, "fpem/conservative_saved_loss_from_correct_switches": 0.0, "fpem/conservative_added_loss_from_harmful_switches": 0.0, "fpem/conservative_net_routing_gain": 0.0, "fpem/conservative_oracle_gap_closed": 0.0, "fpem/conservative_selected_threshold": 0.5, "fpem/conservative_selected_margin": 0.0, "fpem/conservative_delta_mean": -0.5626459127380734, "fpem/conservative_delta_positive_ratio": 0.11547619047619048, "fpem/conservative_target_inv_ratio": 0.11547619047619048, "fpem/conservative_p_inv_mean": 0.02871460687546503, "fpem/conservative_p_inv_min": 0.006388744607656484, "fpem/conservative_p_inv_max": 0.0671212371970926, "fpem/conservative_prediction_is_hard_route": 1.0, "fpem/conservative_prediction_is_soft_fusion": 0.0, "fpem/conservative_router_target_detached": 1.0, "fpem/conservative_delta_detached": 1.0, "fpem/conservative_harmful_switch_weight": 2.0, "fpem/hard_router_predicted_env_ratio": 1.0, "fpem/hard_router_effective_env_ratio": 1.0, "fpem/hard_router_target_env_ratio": 0.8845238095238095, "fpem/hard_router_gain_mean": -0.5626459127380734, "fpem/hard_router_margin_mean": 0.0, "fpem/conservative_router_supervision_enabled": 1.0, "fpem/conservative_router_weight_mean": 0.9999999863760812, "fpem/conservative_router_weight_min": 0.07728128769321345, "fpem/conservative_router_weight_max": 2.7107468139557613, "fpem/expert_prediction_pairwise_difference": 0.0, "fpem/delta_pairwise_cosine": 0.0, "fpem/delta_pairwise_l1": 0.0, "fpem/delta_pairwise_l2": 0.0, "fpem/expert_0_parameter_norm": 15.07344680967785, "fpem/hard_binary_router_enabled": 1.0, "fpem/hard_router_uses_target_in_forward": 0.0, "fpem/stored_future_c_loaded": 0.0, "fpem/prediction_is_weighted_complete_fusion": 0.0, "fpem/prediction_is_hard_route": 1.0, "fpem/conservative_inv_override_enabled": 1.0, "fpem/conservative_router_features_detached": 1.0, "fpem/future_mi_loss": 0.0, "fpem/future_mi_valid": 0.0, "fpem/future_mi_logvar_mean": 0.0, "fpem/future_mi_target_mode_env_encoder": 0.0, "fpem/swap_loss": 0.0, "fpem/swap_diff_loss": 0.0, "fpem/swap_same_loss": 0.0, "fpem/swap_gain_mean": 0.0, "fpem/swap_s_gain_mean": 0.0, "fpem/swap_fallback_router_loss": 0.0, "fpem/swap_fallback_q_mean": 0.0, "fpem/swap_prediction_delta": 0.0, "fpem/swap_route_delta": 0.0, "fpem/swap_hyper_alpha_delta": 0.0, "fpem/swap_hyper_delta_norm": 0.0, "fpem/loss_env_day": 0.0, "fpem/loss_env_hour": 0.0, "fpem/loss_env_rush": 0.0, "fpem/env_day_acc": 0.0, "fpem/env_hour_acc": 0.0, "fpem/env_rush_acc": 0.0, "fpem/loss_env_supcon": 0.0, "fpem/env_supcon_valid_pairs": 0.0, "fpem/loss_inv_env_adv": 0.0, "fpem/inv_day_acc": 0.0, "fpem/inv_hour_acc": 0.0, "fpem/inv_rush_acc": 0.0, "fpem/loss_cross_cov_sep": 0.0, "fpem/load_level_experts_enabled": 1.0, "fpem/load_level_uses_target_or_future_load": 0.0, "fpem/environment_gate_uses_target_in_forward": 0.0, "fpem/load_level_env_residual_scale": 0.0, "fpem/uses_cached_observable_load_prior": 1.0, "fpem/primary_loss": 8.704005763644265, "fpem/inv_pred_loss": 9.21827696845645, "fpem/primary_uses_route": 1.0, "fpem/primary_uses_env_fusion": 0.0, "fpem/backbone_agcrn": 1.0, "fpem/backbone_graphwavenet": 0.0, "fpem/backbone_staeformer": 0.0, "fpem/gc_pred_loss_only": 1.0, "fpem/env_route_head_mode_hyper_proto": 1.0, "fpem/fpem_force_uniform_route": 0.0, "fpem/hard_prediction_sinkhorn_total_replaces_primary": 0.0, "fpem/hard_prediction_environment_sinkhorn_total_replaces_primary": 0.0, "fpem/warmup_risk_sinkhorn_total_replaces_primary": 0.0, "fpem/lambda_club_mi": 0.0}, "conservative_override_threshold_selection": {"split": "val", "threshold": 0.5, "margin": 0.0, "mae": 11.561500549316406, "loss": 11.76659525765313, "mape": 0.18138934671878815, "confirmed_result": {"loss": 11.76659525765313, "mae": 11.561500549316406, "mape": 0.18138934671878815}}}
CONSERVATIVE_OVERRIDE_THRESHOLD_SELECTION {"split": "val", "threshold": 0.5, "margin": 0.0, "mae": 11.510787010192871, "loss": 11.731604125764635, "mape": 0.18243323266506195, "confirmed_result": {"loss": 11.731604125764635, "mae": 11.510787010192871, "mape": 0.18243323266506195}}
EPOCH {"epoch": 93, "train_loss": 10.6442592893328, "val": {"loss": 11.731604125764635, "mae": 11.510787010192871, "mape": 0.18243323266506195}, "test_mixed": {"loss": 10.484606306893484, "mae": 10.465710639953613, "mape": 0.1670570969581604}, "test_workday": {"loss": 10.372735666192096, "mae": 10.388936996459961, "mape": 0.167191743850708}, "test_holiday": {"loss": 10.665029048919678, "mae": 10.598844528198242, "mape": 0.16682355105876923}, "test_avg_mae": 10.493890762329102, "best_selection_value": 10.493890762329102, "best_selection_split": "test_avg_DIAGNOSTIC", "best_selection_metric": "test_avg_mae", "lr": 0.0005, "fpem_logs": {"fpem/fpem_env_use_exogenous": 1.0, "fpem/env_exogenous_available": 1.0, "fpem/env_exogenous_time_available": 1.0, "fpem/env_exogenous_load_available": 1.0, "fpem/env_exogenous_feature_dim": 32.0, "fpem/env_exogenous_embedding_norm": 3.080761970792498, "fpem/env_exogenous_load_embedding_norm": 2.1917597452799478, "fpem/env_rep_ablation_normal": 1.0, "fpem/env_rep_ablation_zero": 0.0, "fpem/env_rep_ablation_shuffle_batch": 0.0, "fpem/env_rep_ablation_mode_id": 0.0, "fpem/mask_loss": 0.0, "fpem/mask_sparse_loss": 0.0, "fpem/mask_entropy_loss": 0.0, "fpem/mask_mean": 1.0, "fpem/mask_entropy": 0.0, "fpem/mask_active_ratio": 1.0, "fpem/fusion_alpha_mean": 0.0, "fpem/fusion_alpha_std": 0.0, "fpem/fusion_alpha_min": 0.0, "fpem/fusion_alpha_max": 0.0, "fpem/env_route_loss": 1.9338067497525897, "fpem/env_route_L_final": 8.712013989403134, "fpem/env_route_L_global": 0.0, "fpem/env_route_L_route_soft": 0.0, "fpem/env_route_L_expert": 9.1085008030846, "fpem/env_route_L_router_oracle": 0.11210655585995742, "fpem/env_route_L_balance": 0.0, "fpem/env_route_L_diverse": 0.0, "fpem/env_route_L_proto_align": 0.0, "fpem/env_route_entropy": 0.0, "fpem/env_route_q_max_mean": 0.0, "fpem/hyper_alpha_mean": 0.0, "fpem/hyper_delta_norm": 0.0, "fpem/hyper_route_proto_mode_uniform_warmup": 0.0, "fpem/hyper_route_proto_mode_uniform_fixed": 0.0, "fpem/hyper_route_proto_mode_sinkhorn": 0.0, "fpem/hyper_route_proto_mode_softmax": 0.0, "fpem/fallback_q_mean": 0.0, "fpem/fallback_q_max": 0.0, "fpem/env_q_sum_mean": 1.0, "fpem/oracle_fallback_rate": 0.0, "fpem/route_count_fallback": 0.0, "fpem/env_route_head_mode": 1.0, "fpem/route_entropy_mean": 0.0, "fpem/route_mean_distribution_entropy": 0.0, "fpem/effective_expert_number": 1.0, "fpem/max_expert_usage_ratio": 0.0, "fpem/min_expert_usage_ratio": 0.0, "fpem/prototype_pairwise_cosine": 0.0, "fpem/expert_prediction_pairwise_cosine": 0.0, "fpem/expert_collapse_warning": 0.0, "fpem/env_route_target_mode_env_prototype": 0.0, "fpem/env_route_target_mode_hybrid": 0.0, "fpem/env_route_hybrid_alpha": 0.0, "fpem/env_route_train_mode_warmup_risk_sinkhorn": 0.0, "fpem/warmup_risk_stage_warmup": 0.0, "fpem/warmup_risk_stage_soft": 0.0, "fpem/warmup_risk_stage_hard": 0.0, "fpem/warmup_risk_selected_loss": 0.0, "fpem/warmup_risk_uniform_common_loss": 0.0, "fpem/warmup_risk_lambda_common": 0.0, "fpem/warmup_risk_total_common_term": 0.0, "fpem/warmup_risk_temperature": 0.0, "fpem/warmup_risk_temperature_progress": 0.0, "fpem/uniform_expert_mae": 0.0, "fpem/risk_routed_mae": 0.0, "fpem/risk_prediction_mae": 0.0, "fpem/risk_loss": 0.0, "fpem/risk_ranking_loss": 0.0, "fpem/risk_ranking_accuracy": 0.0, "fpem/risk_oracle_argmin_accuracy": 0.0, "fpem/risk_router_temperature": 0.0, "fpem/risk_router_lambda": 0.0, "fpem/risk_router_pairwise_lambda": 0.0, "fpem/env_route_train_mode_progressive_gmm_environment": 0.0, "fpem/top_level_prediction_source_progressive_gmm_teacher_hard": 0.0, "fpem/progressive_assignment_uses_target_or_prediction_error": 0.0, "fpem/progressive_partition_ready": 0.0, "fpem/progressive_selected_k": 0.0, "fpem/progressive_active_expert_count": 0.0, "fpem/progressive_last_partition_epoch": 0.0, "fpem/progressive_lambda_common": 0.0, "fpem/progressive_common_term": 0.0, "fpem/progressive_compactness_loss": 0.0, "fpem/progressive_consistency_loss": 0.0, "fpem/progressive_cluster_entropy": 0.0, "fpem/progressive_assignment_change_ratio": 0.0, "fpem/progressive_hungarian_overlap_score": 0.0, "fpem/progressive_partition_update_time_sec": 0.0, "fpem/progressive_routed_mae": 0.0, "fpem/progressive_gmm_environment_total_replaces_primary": 0.0, "fpem/env_route_count_head_0": 16.0, "fpem/env_route_oracle_count_head_0": 16.0, "fpem/route_count_env_head_0": 16.0, "fpem/route_soft_mean_expert_0": 1.0, "fpem/route_hard_count_expert_0": 16.0, "fpem/hard_count_expert_0": 16.0, "fpem/sinkhorn_soft_col_mass_expert_0": 0.0, "fpem/progressive_active_expert_0": 0.0, "fpem/progressive_cluster_size_0": 0.0, "fpem/progressive_cluster_ratio_0": 0.0, "fpem/progressive_cluster_to_expert_0": 0.0, "fpem/progressive_bic_k1": 0.0, "fpem/progressive_bic_score_k1": 0.0, "fpem/progressive_bic_rejected_k1": 0.0, "fpem/hyper_alpha_head_0": 0.0, "fpem/hyper_gamma_norm_head_0": 0.0, "fpem/hyper_beta_norm_head_0": 0.0, "fpem/expert_cross_mae_group_0_expert_0": 9.1085008030846, "fpem/load_expert_loss": 9.1085008030846, "fpem/conservative_override_router_loss": 0.11210655585995742, "fpem/hard_router_loss": 0.11210655585995742, "fpem/load_level_assignment_detached": 1.0, "fpem/load_level_count_0": 1680.0, "fpem/load_level_ratio_0": 1.0, "fpem/expert_0_global_loss": 9.1085008030846, "fpem/expert_0_selected_loss": 9.1085008030846, "fpem/conservative_all_environment_mae": 9.1085008030846, "fpem/conservative_all_invariant_mae": 9.662237476167224, "fpem/conservative_selective_hard_routing_mae": 9.1085008030846, "fpem/conservative_oracle_mae": 9.080732000441778, "fpem/conservative_router_accuracy": 0.8863095238095238, "fpem/conservative_router_balanced_accuracy": 0.5619047619047619, "fpem/conservative_invariant_switch_coverage": 0.0, "fpem/conservative_invariant_switch_precision": 0.0, "fpem/conservative_correct_beneficial_switches": 0.0, "fpem/conservative_harmful_invariant_switches": 0.0, "fpem/conservative_saved_loss_from_correct_switches": 0.0, "fpem/conservative_added_loss_from_harmful_switches": 0.0, "fpem/conservative_net_routing_gain": 0.0, "fpem/conservative_oracle_gap_closed": 0.0, "fpem/conservative_selected_threshold": 0.5, "fpem/conservative_selected_margin": 0.0, "fpem/conservative_delta_mean": -0.5537366387389955, "fpem/conservative_delta_positive_ratio": 0.11369047619047619, "fpem/conservative_target_inv_ratio": 0.11369047619047619, "fpem/conservative_p_inv_mean": 0.029179331039388974, "fpem/conservative_p_inv_min": 0.0069349938338356355, "fpem/conservative_p_inv_max": 0.0657075914243857, "fpem/conservative_prediction_is_hard_route": 1.0, "fpem/conservative_prediction_is_soft_fusion": 0.0, "fpem/conservative_router_target_detached": 1.0, "fpem/conservative_delta_detached": 1.0, "fpem/conservative_harmful_switch_weight": 2.0, "fpem/hard_router_predicted_env_ratio": 1.0, "fpem/hard_router_effective_env_ratio": 1.0, "fpem/hard_router_target_env_ratio": 0.8863095238095238, "fpem/hard_router_gain_mean": -0.5537366387389955, "fpem/hard_router_margin_mean": 0.0, "fpem/conservative_router_supervision_enabled": 1.0, "fpem/conservative_router_weight_mean": 0.9999999920527141, "fpem/conservative_router_weight_min": 0.07847795991567962, "fpem/conservative_router_weight_max": 2.629506468772888, "fpem/expert_prediction_pairwise_difference": 0.0, "fpem/delta_pairwise_cosine": 0.0, "fpem/delta_pairwise_l1": 0.0, "fpem/delta_pairwise_l2": 0.0, "fpem/expert_0_parameter_norm": 15.073451886858258, "fpem/hard_binary_router_enabled": 1.0, "fpem/hard_router_uses_target_in_forward": 0.0, "fpem/stored_future_c_loaded": 0.0, "fpem/prediction_is_weighted_complete_fusion": 0.0, "fpem/prediction_is_hard_route": 1.0, "fpem/conservative_inv_override_enabled": 1.0, "fpem/conservative_router_features_detached": 1.0, "fpem/future_mi_loss": 0.0, "fpem/future_mi_valid": 0.0, "fpem/future_mi_logvar_mean": 0.0, "fpem/future_mi_target_mode_env_encoder": 0.0, "fpem/swap_loss": 0.0, "fpem/swap_diff_loss": 0.0, "fpem/swap_same_loss": 0.0, "fpem/swap_gain_mean": 0.0, "fpem/swap_s_gain_mean": 0.0, "fpem/swap_fallback_router_loss": 0.0, "fpem/swap_fallback_q_mean": 0.0, "fpem/swap_prediction_delta": 0.0, "fpem/swap_route_delta": 0.0, "fpem/swap_hyper_alpha_delta": 0.0, "fpem/swap_hyper_delta_norm": 0.0, "fpem/loss_env_day": 0.0, "fpem/loss_env_hour": 0.0, "fpem/loss_env_rush": 0.0, "fpem/env_day_acc": 0.0, "fpem/env_hour_acc": 0.0, "fpem/env_rush_acc": 0.0, "fpem/loss_env_supcon": 0.0, "fpem/env_supcon_valid_pairs": 0.0, "fpem/loss_inv_env_adv": 0.0, "fpem/inv_day_acc": 0.0, "fpem/inv_hour_acc": 0.0, "fpem/inv_rush_acc": 0.0, "fpem/loss_cross_cov_sep": 0.0, "fpem/load_level_experts_enabled": 1.0, "fpem/load_level_uses_target_or_future_load": 0.0, "fpem/environment_gate_uses_target_in_forward": 0.0, "fpem/load_level_env_residual_scale": 0.0, "fpem/uses_cached_observable_load_prior": 1.0, "fpem/primary_loss": 8.712013989403134, "fpem/inv_pred_loss": 9.216711775461834, "fpem/primary_uses_route": 1.0, "fpem/primary_uses_env_fusion": 0.0, "fpem/backbone_agcrn": 1.0, "fpem/backbone_graphwavenet": 0.0, "fpem/backbone_staeformer": 0.0, "fpem/gc_pred_loss_only": 1.0, "fpem/env_route_head_mode_hyper_proto": 1.0, "fpem/fpem_force_uniform_route": 0.0, "fpem/hard_prediction_sinkhorn_total_replaces_primary": 0.0, "fpem/hard_prediction_environment_sinkhorn_total_replaces_primary": 0.0, "fpem/warmup_risk_sinkhorn_total_replaces_primary": 0.0, "fpem/lambda_club_mi": 0.0}, "conservative_override_threshold_selection": {"split": "val", "threshold": 0.5, "margin": 0.0, "mae": 11.510787010192871, "loss": 11.731604125764635, "mape": 0.18243323266506195, "confirmed_result": {"loss": 11.731604125764635, "mae": 11.510787010192871, "mape": 0.18243323266506195}}}
CONSERVATIVE_OVERRIDE_THRESHOLD_SELECTION {"split": "val", "threshold": 0.5, "margin": 0.0, "mae": 11.571222305297852, "loss": 11.77613091468811, "mape": 0.17849454283714294, "confirmed_result": {"loss": 11.77613091468811, "mae": 11.571222305297852, "mape": 0.17849454283714294}}
EPOCH {"epoch": 94, "train_loss": 10.606457728431339, "val": {"loss": 11.77613091468811, "mae": 11.571222305297852, "mape": 0.17849454283714294}, "test_mixed": {"loss": 10.556095913478307, "mae": 10.53759479522705, "mape": 0.16444532573223114}, "test_workday": {"loss": 10.442241834557574, "mae": 10.461624145507812, "mape": 0.1648416966199875}, "test_holiday": {"loss": 10.740294575691223, "mae": 10.66933536529541, "mape": 0.16375800967216492}, "test_avg_mae": 10.565479755401611, "best_selection_value": 10.565479755401611, "best_selection_split": "test_avg_DIAGNOSTIC", "best_selection_metric": "test_avg_mae", "lr": 0.0005, "fpem_logs": {"fpem/fpem_env_use_exogenous": 1.0, "fpem/env_exogenous_available": 1.0, "fpem/env_exogenous_time_available": 1.0, "fpem/env_exogenous_load_available": 1.0, "fpem/env_exogenous_feature_dim": 32.0, "fpem/env_exogenous_embedding_norm": 3.081676335561843, "fpem/env_exogenous_load_embedding_norm": 2.1922476132710775, "fpem/env_rep_ablation_normal": 1.0, "fpem/env_rep_ablation_zero": 0.0, "fpem/env_rep_ablation_shuffle_batch": 0.0, "fpem/env_rep_ablation_mode_id": 0.0, "fpem/mask_loss": 0.0, "fpem/mask_sparse_loss": 0.0, "fpem/mask_entropy_loss": 0.0, "fpem/mask_mean": 1.0, "fpem/mask_entropy": 0.0, "fpem/mask_active_ratio": 1.0, "fpem/fusion_alpha_mean": 0.0, "fpem/fusion_alpha_std": 0.0, "fpem/fusion_alpha_min": 0.0, "fpem/fusion_alpha_max": 0.0, "fpem/env_route_loss": 1.9157250801722208, "fpem/env_route_L_final": 8.687992150442941, "fpem/env_route_L_global": 0.0, "fpem/env_route_L_route_soft": 0.0, "fpem/env_route_L_expert": 9.085693536485945, "fpem/env_route_L_router_oracle": 0.09858634385856845, "fpem/env_route_L_balance": 0.0, "fpem/env_route_L_diverse": 0.0, "fpem/env_route_L_proto_align": 0.0, "fpem/env_route_entropy": 0.0, "fpem/env_route_q_max_mean": 0.0, "fpem/hyper_alpha_mean": 0.0, "fpem/hyper_delta_norm": 0.0, "fpem/hyper_route_proto_mode_uniform_warmup": 0.0, "fpem/hyper_route_proto_mode_uniform_fixed": 0.0, "fpem/hyper_route_proto_mode_sinkhorn": 0.0, "fpem/hyper_route_proto_mode_softmax": 0.0, "fpem/fallback_q_mean": 0.0, "fpem/fallback_q_max": 0.0, "fpem/env_q_sum_mean": 1.0, "fpem/oracle_fallback_rate": 0.0, "fpem/route_count_fallback": 0.0, "fpem/env_route_head_mode": 1.0, "fpem/route_entropy_mean": 0.0, "fpem/route_mean_distribution_entropy": 0.0, "fpem/effective_expert_number": 1.0, "fpem/max_expert_usage_ratio": 0.0, "fpem/min_expert_usage_ratio": 0.0, "fpem/prototype_pairwise_cosine": 0.0, "fpem/expert_prediction_pairwise_cosine": 0.0, "fpem/expert_collapse_warning": 0.0, "fpem/env_route_target_mode_env_prototype": 0.0, "fpem/env_route_target_mode_hybrid": 0.0, "fpem/env_route_hybrid_alpha": 0.0, "fpem/env_route_train_mode_warmup_risk_sinkhorn": 0.0, "fpem/warmup_risk_stage_warmup": 0.0, "fpem/warmup_risk_stage_soft": 0.0, "fpem/warmup_risk_stage_hard": 0.0, "fpem/warmup_risk_selected_loss": 0.0, "fpem/warmup_risk_uniform_common_loss": 0.0, "fpem/warmup_risk_lambda_common": 0.0, "fpem/warmup_risk_total_common_term": 0.0, "fpem/warmup_risk_temperature": 0.0, "fpem/warmup_risk_temperature_progress": 0.0, "fpem/uniform_expert_mae": 0.0, "fpem/risk_routed_mae": 0.0, "fpem/risk_prediction_mae": 0.0, "fpem/risk_loss": 0.0, "fpem/risk_ranking_loss": 0.0, "fpem/risk_ranking_accuracy": 0.0, "fpem/risk_oracle_argmin_accuracy": 0.0, "fpem/risk_router_temperature": 0.0, "fpem/risk_router_lambda": 0.0, "fpem/risk_router_pairwise_lambda": 0.0, "fpem/env_route_train_mode_progressive_gmm_environment": 0.0, "fpem/top_level_prediction_source_progressive_gmm_teacher_hard": 0.0, "fpem/progressive_assignment_uses_target_or_prediction_error": 0.0, "fpem/progressive_partition_ready": 0.0, "fpem/progressive_selected_k": 0.0, "fpem/progressive_active_expert_count": 0.0, "fpem/progressive_last_partition_epoch": 0.0, "fpem/progressive_lambda_common": 0.0, "fpem/progressive_common_term": 0.0, "fpem/progressive_compactness_loss": 0.0, "fpem/progressive_consistency_loss": 0.0, "fpem/progressive_cluster_entropy": 0.0, "fpem/progressive_assignment_change_ratio": 0.0, "fpem/progressive_hungarian_overlap_score": 0.0, "fpem/progressive_partition_update_time_sec": 0.0, "fpem/progressive_routed_mae": 0.0, "fpem/progressive_gmm_environment_total_replaces_primary": 0.0, "fpem/env_route_count_head_0": 16.0, "fpem/env_route_oracle_count_head_0": 16.0, "fpem/route_count_env_head_0": 16.0, "fpem/route_soft_mean_expert_0": 1.0, "fpem/route_hard_count_expert_0": 16.0, "fpem/hard_count_expert_0": 16.0, "fpem/sinkhorn_soft_col_mass_expert_0": 0.0, "fpem/progressive_active_expert_0": 0.0, "fpem/progressive_cluster_size_0": 0.0, "fpem/progressive_cluster_ratio_0": 0.0, "fpem/progressive_cluster_to_expert_0": 0.0, "fpem/progressive_bic_k1": 0.0, "fpem/progressive_bic_score_k1": 0.0, "fpem/progressive_bic_rejected_k1": 0.0, "fpem/hyper_alpha_head_0": 0.0, "fpem/hyper_gamma_norm_head_0": 0.0, "fpem/hyper_beta_norm_head_0": 0.0, "fpem/expert_cross_mae_group_0_expert_0": 9.085693536485945, "fpem/load_expert_loss": 9.085693536485945, "fpem/conservative_override_router_loss": 0.09858634385856845, "fpem/hard_router_loss": 0.09858634385856845, "fpem/load_level_assignment_detached": 1.0, "fpem/load_level_count_0": 1680.0, "fpem/load_level_ratio_0": 1.0, "fpem/expert_0_global_loss": 9.085693536485945, "fpem/expert_0_selected_loss": 9.085693536485945, "fpem/conservative_all_environment_mae": 9.085693536485945, "fpem/conservative_all_invariant_mae": 9.662237439836774, "fpem/conservative_selective_hard_routing_mae": 9.085693536485945, "fpem/conservative_oracle_mae": 9.062625053950718, "fpem/conservative_router_accuracy": 0.8940476190476191, "fpem/conservative_router_balanced_accuracy": 0.6047619047619047, "fpem/conservative_invariant_switch_coverage": 0.0, "fpem/conservative_invariant_switch_precision": 0.0, "fpem/conservative_correct_beneficial_switches": 0.0, "fpem/conservative_harmful_invariant_switches": 0.0, "fpem/conservative_saved_loss_from_correct_switches": 0.0, "fpem/conservative_added_loss_from_harmful_switches": 0.0, "fpem/conservative_net_routing_gain": 0.0, "fpem/conservative_oracle_gap_closed": 0.0, "fpem/conservative_selected_threshold": 0.5, "fpem/conservative_selected_margin": 0.0, "fpem/conservative_delta_mean": -0.5765439044861567, "fpem/conservative_delta_positive_ratio": 0.10595238095238095, "fpem/conservative_target_inv_ratio": 0.10595238095238095, "fpem/conservative_p_inv_mean": 0.023310480896560917, "fpem/conservative_p_inv_min": 0.005076884804293513, "fpem/conservative_p_inv_max": 0.05288418563348907, "fpem/conservative_prediction_is_hard_route": 1.0, "fpem/conservative_prediction_is_soft_fusion": 0.0, "fpem/conservative_router_target_detached": 1.0, "fpem/conservative_delta_detached": 1.0, "fpem/conservative_harmful_switch_weight": 2.0, "fpem/hard_router_predicted_env_ratio": 1.0, "fpem/hard_router_effective_env_ratio": 1.0, "fpem/hard_router_target_env_ratio": 0.8940476190476191, "fpem/hard_router_gain_mean": -0.5765439044861567, "fpem/hard_router_margin_mean": 0.0, "fpem/conservative_router_supervision_enabled": 1.0, "fpem/conservative_router_weight_mean": 0.9999999852407546, "fpem/conservative_router_weight_min": 0.0696219367754349, "fpem/conservative_router_weight_max": 2.6522279864265803, "fpem/expert_prediction_pairwise_difference": 0.0, "fpem/delta_pairwise_cosine": 0.0, "fpem/delta_pairwise_l1": 0.0, "fpem/delta_pairwise_l2": 0.0, "fpem/expert_0_parameter_norm": 15.07345787229992, "fpem/hard_binary_router_enabled": 1.0, "fpem/hard_router_uses_target_in_forward": 0.0, "fpem/stored_future_c_loaded": 0.0, "fpem/prediction_is_weighted_complete_fusion": 0.0, "fpem/prediction_is_hard_route": 1.0, "fpem/conservative_inv_override_enabled": 1.0, "fpem/conservative_router_features_detached": 1.0, "fpem/future_mi_loss": 0.0, "fpem/future_mi_valid": 0.0, "fpem/future_mi_logvar_mean": 0.0, "fpem/future_mi_target_mode_env_encoder": 0.0, "fpem/swap_loss": 0.0, "fpem/swap_diff_loss": 0.0, "fpem/swap_same_loss": 0.0, "fpem/swap_gain_mean": 0.0, "fpem/swap_s_gain_mean": 0.0, "fpem/swap_fallback_router_loss": 0.0, "fpem/swap_fallback_q_mean": 0.0, "fpem/swap_prediction_delta": 0.0, "fpem/swap_route_delta": 0.0, "fpem/swap_hyper_alpha_delta": 0.0, "fpem/swap_hyper_delta_norm": 0.0, "fpem/loss_env_day": 0.0, "fpem/loss_env_hour": 0.0, "fpem/loss_env_rush": 0.0, "fpem/env_day_acc": 0.0, "fpem/env_hour_acc": 0.0, "fpem/env_rush_acc": 0.0, "fpem/loss_env_supcon": 0.0, "fpem/env_supcon_valid_pairs": 0.0, "fpem/loss_inv_env_adv": 0.0, "fpem/inv_day_acc": 0.0, "fpem/inv_hour_acc": 0.0, "fpem/inv_rush_acc": 0.0, "fpem/loss_cross_cov_sep": 0.0, "fpem/load_level_experts_enabled": 1.0, "fpem/load_level_uses_target_or_future_load": 0.0, "fpem/environment_gate_uses_target_in_forward": 0.0, "fpem/load_level_env_residual_scale": 0.0, "fpem/uses_cached_observable_load_prior": 1.0, "fpem/primary_loss": 8.687992150442941, "fpem/inv_pred_loss": 9.214367875598725, "fpem/primary_uses_route": 1.0, "fpem/primary_uses_env_fusion": 0.0, "fpem/backbone_agcrn": 1.0, "fpem/backbone_graphwavenet": 0.0, "fpem/backbone_staeformer": 0.0, "fpem/gc_pred_loss_only": 1.0, "fpem/env_route_head_mode_hyper_proto": 1.0, "fpem/fpem_force_uniform_route": 0.0, "fpem/hard_prediction_sinkhorn_total_replaces_primary": 0.0, "fpem/hard_prediction_environment_sinkhorn_total_replaces_primary": 0.0, "fpem/warmup_risk_sinkhorn_total_replaces_primary": 0.0, "fpem/lambda_club_mi": 0.0}, "conservative_override_threshold_selection": {"split": "val", "threshold": 0.5, "margin": 0.0, "mae": 11.571222305297852, "loss": 11.77613091468811, "mape": 0.17849454283714294, "confirmed_result": {"loss": 11.77613091468811, "mae": 11.571222305297852, "mape": 0.17849454283714294}}}
CONSERVATIVE_OVERRIDE_THRESHOLD_SELECTION {"split": "val", "threshold": 0.5, "margin": 0.0, "mae": 11.546326637268066, "loss": 11.764583243264092, "mape": 0.18214648962020874, "confirmed_result": {"loss": 11.764583243264092, "mae": 11.546326637268066, "mape": 0.18214648962020874}}
EPOCH {"epoch": 95, "train_loss": 10.591520445687431, "val": {"loss": 11.764583243264092, "mae": 11.546326637268066, "mape": 0.18214648962020874}, "test_mixed": {"loss": 10.518710735866001, "mae": 10.50085163116455, "mape": 0.1668669879436493}, "test_workday": {"loss": 10.408686140309209, "mae": 10.4275541305542, "mape": 0.16728457808494568}, "test_holiday": {"loss": 10.695662061373392, "mae": 10.62795639038086, "mape": 0.16614285111427307}, "test_avg_mae": 10.52775526046753, "best_selection_value": 10.52775526046753, "best_selection_split": "test_avg_DIAGNOSTIC", "best_selection_metric": "test_avg_mae", "lr": 0.0005, "fpem_logs": {"fpem/fpem_env_use_exogenous": 1.0, "fpem/env_exogenous_available": 1.0, "fpem/env_exogenous_time_available": 1.0, "fpem/env_exogenous_load_available": 1.0, "fpem/env_exogenous_feature_dim": 32.0, "fpem/env_exogenous_embedding_norm": 3.0849477064041864, "fpem/env_exogenous_load_embedding_norm": 2.195126588003976, "fpem/env_rep_ablation_normal": 1.0, "fpem/env_rep_ablation_zero": 0.0, "fpem/env_rep_ablation_shuffle_batch": 0.0, "fpem/env_rep_ablation_mode_id": 0.0, "fpem/mask_loss": 0.0, "fpem/mask_sparse_loss": 0.0, "fpem/mask_entropy_loss": 0.0, "fpem/mask_mean": 1.0, "fpem/mask_entropy": 0.0, "fpem/mask_active_ratio": 1.0, "fpem/fusion_alpha_mean": 0.0, "fpem/fusion_alpha_std": 0.0, "fpem/fusion_alpha_min": 0.0, "fpem/fusion_alpha_max": 0.0, "fpem/env_route_loss": 1.9079134804861886, "fpem/env_route_L_final": 8.678074355352493, "fpem/env_route_L_global": 0.0, "fpem/env_route_L_route_soft": 0.0, "fpem/env_route_L_expert": 9.073336483183361, "fpem/env_route_L_router_oracle": 0.09324615752945344, "fpem/env_route_L_balance": 0.0, "fpem/env_route_L_diverse": 0.0, "fpem/env_route_L_proto_align": 0.0, "fpem/env_route_entropy": 0.0, "fpem/env_route_q_max_mean": 0.0, "fpem/hyper_alpha_mean": 0.0, "fpem/hyper_delta_norm": 0.0, "fpem/hyper_route_proto_mode_uniform_warmup": 0.0, "fpem/hyper_route_proto_mode_uniform_fixed": 0.0, "fpem/hyper_route_proto_mode_sinkhorn": 0.0, "fpem/hyper_route_proto_mode_softmax": 0.0, "fpem/fallback_q_mean": 0.0, "fpem/fallback_q_max": 0.0, "fpem/env_q_sum_mean": 1.0, "fpem/oracle_fallback_rate": 0.0, "fpem/route_count_fallback": 0.0, "fpem/env_route_head_mode": 1.0, "fpem/route_entropy_mean": 0.0, "fpem/route_mean_distribution_entropy": 0.0, "fpem/effective_expert_number": 1.0, "fpem/max_expert_usage_ratio": 0.0, "fpem/min_expert_usage_ratio": 0.0, "fpem/prototype_pairwise_cosine": 0.0, "fpem/expert_prediction_pairwise_cosine": 0.0, "fpem/expert_collapse_warning": 0.0, "fpem/env_route_target_mode_env_prototype": 0.0, "fpem/env_route_target_mode_hybrid": 0.0, "fpem/env_route_hybrid_alpha": 0.0, "fpem/env_route_train_mode_warmup_risk_sinkhorn": 0.0, "fpem/warmup_risk_stage_warmup": 0.0, "fpem/warmup_risk_stage_soft": 0.0, "fpem/warmup_risk_stage_hard": 0.0, "fpem/warmup_risk_selected_loss": 0.0, "fpem/warmup_risk_uniform_common_loss": 0.0, "fpem/warmup_risk_lambda_common": 0.0, "fpem/warmup_risk_total_common_term": 0.0, "fpem/warmup_risk_temperature": 0.0, "fpem/warmup_risk_temperature_progress": 0.0, "fpem/uniform_expert_mae": 0.0, "fpem/risk_routed_mae": 0.0, "fpem/risk_prediction_mae": 0.0, "fpem/risk_loss": 0.0, "fpem/risk_ranking_loss": 0.0, "fpem/risk_ranking_accuracy": 0.0, "fpem/risk_oracle_argmin_accuracy": 0.0, "fpem/risk_router_temperature": 0.0, "fpem/risk_router_lambda": 0.0, "fpem/risk_router_pairwise_lambda": 0.0, "fpem/env_route_train_mode_progressive_gmm_environment": 0.0, "fpem/top_level_prediction_source_progressive_gmm_teacher_hard": 0.0, "fpem/progressive_assignment_uses_target_or_prediction_error": 0.0, "fpem/progressive_partition_ready": 0.0, "fpem/progressive_selected_k": 0.0, "fpem/progressive_active_expert_count": 0.0, "fpem/progressive_last_partition_epoch": 0.0, "fpem/progressive_lambda_common": 0.0, "fpem/progressive_common_term": 0.0, "fpem/progressive_compactness_loss": 0.0, "fpem/progressive_consistency_loss": 0.0, "fpem/progressive_cluster_entropy": 0.0, "fpem/progressive_assignment_change_ratio": 0.0, "fpem/progressive_hungarian_overlap_score": 0.0, "fpem/progressive_partition_update_time_sec": 0.0, "fpem/progressive_routed_mae": 0.0, "fpem/progressive_gmm_environment_total_replaces_primary": 0.0, "fpem/env_route_count_head_0": 16.0, "fpem/env_route_oracle_count_head_0": 16.0, "fpem/route_count_env_head_0": 16.0, "fpem/route_soft_mean_expert_0": 1.0, "fpem/route_hard_count_expert_0": 16.0, "fpem/hard_count_expert_0": 16.0, "fpem/sinkhorn_soft_col_mass_expert_0": 0.0, "fpem/progressive_active_expert_0": 0.0, "fpem/progressive_cluster_size_0": 0.0, "fpem/progressive_cluster_ratio_0": 0.0, "fpem/progressive_cluster_to_expert_0": 0.0, "fpem/progressive_bic_k1": 0.0, "fpem/progressive_bic_score_k1": 0.0, "fpem/progressive_bic_rejected_k1": 0.0, "fpem/hyper_alpha_head_0": 0.0, "fpem/hyper_gamma_norm_head_0": 0.0, "fpem/hyper_beta_norm_head_0": 0.0, "fpem/expert_cross_mae_group_0_expert_0": 9.073336483183361, "fpem/load_expert_loss": 9.073336483183361, "fpem/conservative_override_router_loss": 0.09324615752945344, "fpem/hard_router_loss": 0.09324615752945344, "fpem/load_level_assignment_detached": 1.0, "fpem/load_level_count_0": 1680.0, "fpem/load_level_ratio_0": 1.0, "fpem/expert_0_global_loss": 9.073336483183361, "fpem/expert_0_selected_loss": 9.073336483183361, "fpem/conservative_all_environment_mae": 9.073336483183361, "fpem/conservative_all_invariant_mae": 9.662237526121594, "fpem/conservative_selective_hard_routing_mae": 9.073336483183361, "fpem/conservative_oracle_mae": 9.050592258998327, "fpem/conservative_router_accuracy": 0.8952380952380953, "fpem/conservative_router_balanced_accuracy": 0.5761904761904761, "fpem/conservative_invariant_switch_coverage": 0.0, "fpem/conservative_invariant_switch_precision": 0.0, "fpem/conservative_correct_beneficial_switches": 0.0, "fpem/conservative_harmful_invariant_switches": 0.0, "fpem/conservative_saved_loss_from_correct_switches": 0.0, "fpem/conservative_added_loss_from_harmful_switches": 0.0, "fpem/conservative_net_routing_gain": 0.0, "fpem/conservative_oracle_gap_closed": 0.0, "fpem/conservative_selected_threshold": 0.5, "fpem/conservative_selected_margin": 0.0, "fpem/conservative_delta_mean": -0.588900948989959, "fpem/conservative_delta_positive_ratio": 0.10476190476190476, "fpem/conservative_target_inv_ratio": 0.10476190476190476, "fpem/conservative_p_inv_mean": 0.023650045107517923, "fpem/conservative_p_inv_min": 0.0056625717474768555, "fpem/conservative_p_inv_max": 0.05521115227824166, "fpem/conservative_prediction_is_hard_route": 1.0, "fpem/conservative_prediction_is_soft_fusion": 0.0, "fpem/conservative_router_target_detached": 1.0, "fpem/conservative_delta_detached": 1.0, "fpem/conservative_harmful_switch_weight": 2.0, "fpem/hard_router_predicted_env_ratio": 1.0, "fpem/hard_router_effective_env_ratio": 1.0, "fpem/hard_router_target_env_ratio": 0.8952380952380953, "fpem/hard_router_gain_mean": -0.588900948989959, "fpem/hard_router_margin_mean": 0.0, "fpem/conservative_router_supervision_enabled": 1.0, "fpem/conservative_router_weight_mean": 0.9999999920527141, "fpem/conservative_router_weight_min": 0.06928555837255858, "fpem/conservative_router_weight_max": 2.615522583325704, "fpem/expert_prediction_pairwise_difference": 0.0, "fpem/delta_pairwise_cosine": 0.0, "fpem/delta_pairwise_l1": 0.0, "fpem/delta_pairwise_l2": 0.0, "fpem/expert_0_parameter_norm": 15.073469171069917, "fpem/hard_binary_router_enabled": 1.0, "fpem/hard_router_uses_target_in_forward": 0.0, "fpem/stored_future_c_loaded": 0.0, "fpem/prediction_is_weighted_complete_fusion": 0.0, "fpem/prediction_is_hard_route": 1.0, "fpem/conservative_inv_override_enabled": 1.0, "fpem/conservative_router_features_detached": 1.0, "fpem/future_mi_loss": 0.0, "fpem/future_mi_valid": 0.0, "fpem/future_mi_logvar_mean": 0.0, "fpem/future_mi_target_mode_env_encoder": 0.0, "fpem/swap_loss": 0.0, "fpem/swap_diff_loss": 0.0, "fpem/swap_same_loss": 0.0, "fpem/swap_gain_mean": 0.0, "fpem/swap_s_gain_mean": 0.0, "fpem/swap_fallback_router_loss": 0.0, "fpem/swap_fallback_q_mean": 0.0, "fpem/swap_prediction_delta": 0.0, "fpem/swap_route_delta": 0.0, "fpem/swap_hyper_alpha_delta": 0.0, "fpem/swap_hyper_delta_norm": 0.0, "fpem/loss_env_day": 0.0, "fpem/loss_env_hour": 0.0, "fpem/loss_env_rush": 0.0, "fpem/env_day_acc": 0.0, "fpem/env_hour_acc": 0.0, "fpem/env_rush_acc": 0.0, "fpem/loss_env_supcon": 0.0, "fpem/env_supcon_valid_pairs": 0.0, "fpem/loss_inv_env_adv": 0.0, "fpem/inv_day_acc": 0.0, "fpem/inv_hour_acc": 0.0, "fpem/inv_rush_acc": 0.0, "fpem/loss_cross_cov_sep": 0.0, "fpem/load_level_experts_enabled": 1.0, "fpem/load_level_uses_target_or_future_load": 0.0, "fpem/environment_gate_uses_target_in_forward": 0.0, "fpem/load_level_env_residual_scale": 0.0, "fpem/uses_cached_observable_load_prior": 1.0, "fpem/primary_loss": 8.678074355352493, "fpem/inv_pred_loss": 9.218288040161132, "fpem/primary_uses_route": 1.0, "fpem/primary_uses_env_fusion": 0.0, "fpem/backbone_agcrn": 1.0, "fpem/backbone_graphwavenet": 0.0, "fpem/backbone_staeformer": 0.0, "fpem/gc_pred_loss_only": 1.0, "fpem/env_route_head_mode_hyper_proto": 1.0, "fpem/fpem_force_uniform_route": 0.0, "fpem/hard_prediction_sinkhorn_total_replaces_primary": 0.0, "fpem/hard_prediction_environment_sinkhorn_total_replaces_primary": 0.0, "fpem/warmup_risk_sinkhorn_total_replaces_primary": 0.0, "fpem/lambda_club_mi": 0.0}, "conservative_override_threshold_selection": {"split": "val", "threshold": 0.5, "margin": 0.0, "mae": 11.546326637268066, "loss": 11.764583243264092, "mape": 0.18214648962020874, "confirmed_result": {"loss": 11.764583243264092, "mae": 11.546326637268066, "mape": 0.18214648962020874}}}
CONSERVATIVE_OVERRIDE_THRESHOLD_SELECTION {"split": "val", "threshold": 0.5, "margin": 0.0, "mae": 11.529025077819824, "loss": 11.738566292656792, "mape": 0.1792304813861847, "confirmed_result": {"loss": 11.738566292656792, "mae": 11.529025077819824, "mape": 0.1792304813861847}}
EPOCH {"epoch": 96, "train_loss": 10.582586442856561, "val": {"loss": 11.738566292656792, "mae": 11.529025077819824, "mape": 0.1792304813861847}, "test_mixed": {"loss": 10.508162307739259, "mae": 10.488123893737793, "mape": 0.16431812942028046}, "test_workday": {"loss": 10.39227699196857, "mae": 10.408182144165039, "mape": 0.16445671021938324}, "test_holiday": {"loss": 10.695894956588745, "mae": 10.626751899719238, "mape": 0.1640777885913849}, "test_avg_mae": 10.517467021942139, "best_selection_value": 10.517467021942139, "best_selection_split": "test_avg_DIAGNOSTIC", "best_selection_metric": "test_avg_mae", "lr": 0.0005, "fpem_logs": {"fpem/fpem_env_use_exogenous": 1.0, "fpem/env_exogenous_available": 1.0, "fpem/env_exogenous_time_available": 1.0, "fpem/env_exogenous_load_available": 1.0, "fpem/env_exogenous_feature_dim": 32.0, "fpem/env_exogenous_embedding_norm": 3.085643261954898, "fpem/env_exogenous_load_embedding_norm": 2.1961289564768474, "fpem/env_rep_ablation_normal": 1.0, "fpem/env_rep_ablation_zero": 0.0, "fpem/env_rep_ablation_shuffle_batch": 0.0, "fpem/env_rep_ablation_mode_id": 0.0, "fpem/mask_loss": 0.0, "fpem/mask_sparse_loss": 0.0, "fpem/mask_entropy_loss": 0.0, "fpem/mask_mean": 1.0, "fpem/mask_entropy": 0.0, "fpem/mask_active_ratio": 1.0, "fpem/fusion_alpha_mean": 0.0, "fpem/fusion_alpha_std": 0.0, "fpem/fusion_alpha_min": 0.0, "fpem/fusion_alpha_max": 0.0, "fpem/env_route_loss": 1.9049841585613432, "fpem/env_route_L_final": 8.675010672069732, "fpem/env_route_L_global": 0.0, "fpem/env_route_L_route_soft": 0.0, "fpem/env_route_L_expert": 9.070087964194162, "fpem/env_route_L_router_oracle": 0.09096654889484247, "fpem/env_route_L_balance": 0.0, "fpem/env_route_L_diverse": 0.0, "fpem/env_route_L_proto_align": 0.0, "fpem/env_route_entropy": 0.0, "fpem/env_route_q_max_mean": 0.0, "fpem/hyper_alpha_mean": 0.0, "fpem/hyper_delta_norm": 0.0, "fpem/hyper_route_proto_mode_uniform_warmup": 0.0, "fpem/hyper_route_proto_mode_uniform_fixed": 0.0, "fpem/hyper_route_proto_mode_sinkhorn": 0.0, "fpem/hyper_route_proto_mode_softmax": 0.0, "fpem/fallback_q_mean": 0.0, "fpem/fallback_q_max": 0.0, "fpem/env_q_sum_mean": 1.0, "fpem/oracle_fallback_rate": 0.0, "fpem/route_count_fallback": 0.0, "fpem/env_route_head_mode": 1.0, "fpem/route_entropy_mean": 0.0, "fpem/route_mean_distribution_entropy": 0.0, "fpem/effective_expert_number": 1.0, "fpem/max_expert_usage_ratio": 0.0, "fpem/min_expert_usage_ratio": 0.0, "fpem/prototype_pairwise_cosine": 0.0, "fpem/expert_prediction_pairwise_cosine": 0.0, "fpem/expert_collapse_warning": 0.0, "fpem/env_route_target_mode_env_prototype": 0.0, "fpem/env_route_target_mode_hybrid": 0.0, "fpem/env_route_hybrid_alpha": 0.0, "fpem/env_route_train_mode_warmup_risk_sinkhorn": 0.0, "fpem/warmup_risk_stage_warmup": 0.0, "fpem/warmup_risk_stage_soft": 0.0, "fpem/warmup_risk_stage_hard": 0.0, "fpem/warmup_risk_selected_loss": 0.0, "fpem/warmup_risk_uniform_common_loss": 0.0, "fpem/warmup_risk_lambda_common": 0.0, "fpem/warmup_risk_total_common_term": 0.0, "fpem/warmup_risk_temperature": 0.0, "fpem/warmup_risk_temperature_progress": 0.0, "fpem/uniform_expert_mae": 0.0, "fpem/risk_routed_mae": 0.0, "fpem/risk_prediction_mae": 0.0, "fpem/risk_loss": 0.0, "fpem/risk_ranking_loss": 0.0, "fpem/risk_ranking_accuracy": 0.0, "fpem/risk_oracle_argmin_accuracy": 0.0, "fpem/risk_router_temperature": 0.0, "fpem/risk_router_lambda": 0.0, "fpem/risk_router_pairwise_lambda": 0.0, "fpem/env_route_train_mode_progressive_gmm_environment": 0.0, "fpem/top_level_prediction_source_progressive_gmm_teacher_hard": 0.0, "fpem/progressive_assignment_uses_target_or_prediction_error": 0.0, "fpem/progressive_partition_ready": 0.0, "fpem/progressive_selected_k": 0.0, "fpem/progressive_active_expert_count": 0.0, "fpem/progressive_last_partition_epoch": 0.0, "fpem/progressive_lambda_common": 0.0, "fpem/progressive_common_term": 0.0, "fpem/progressive_compactness_loss": 0.0, "fpem/progressive_consistency_loss": 0.0, "fpem/progressive_cluster_entropy": 0.0, "fpem/progressive_assignment_change_ratio": 0.0, "fpem/progressive_hungarian_overlap_score": 0.0, "fpem/progressive_partition_update_time_sec": 0.0, "fpem/progressive_routed_mae": 0.0, "fpem/progressive_gmm_environment_total_replaces_primary": 0.0, "fpem/env_route_count_head_0": 16.0, "fpem/env_route_oracle_count_head_0": 16.0, "fpem/route_count_env_head_0": 16.0, "fpem/route_soft_mean_expert_0": 1.0, "fpem/route_hard_count_expert_0": 16.0, "fpem/hard_count_expert_0": 16.0, "fpem/sinkhorn_soft_col_mass_expert_0": 0.0, "fpem/progressive_active_expert_0": 0.0, "fpem/progressive_cluster_size_0": 0.0, "fpem/progressive_cluster_ratio_0": 0.0, "fpem/progressive_cluster_to_expert_0": 0.0, "fpem/progressive_bic_k1": 0.0, "fpem/progressive_bic_score_k1": 0.0, "fpem/progressive_bic_rejected_k1": 0.0, "fpem/hyper_alpha_head_0": 0.0, "fpem/hyper_gamma_norm_head_0": 0.0, "fpem/hyper_beta_norm_head_0": 0.0, "fpem/expert_cross_mae_group_0_expert_0": 9.070087964194162, "fpem/load_expert_loss": 9.070087964194162, "fpem/conservative_override_router_loss": 0.09096654889484247, "fpem/hard_router_loss": 0.09096654889484247, "fpem/load_level_assignment_detached": 1.0, "fpem/load_level_count_0": 1680.0, "fpem/load_level_ratio_0": 1.0, "fpem/expert_0_global_loss": 9.070087964194162, "fpem/expert_0_selected_loss": 9.070087964194162, "fpem/conservative_all_environment_mae": 9.070087964194162, "fpem/conservative_all_invariant_mae": 9.662237489791144, "fpem/conservative_selective_hard_routing_mae": 9.070087964194162, "fpem/conservative_oracle_mae": 9.048231093088786, "fpem/conservative_router_accuracy": 0.8958333333333334, "fpem/conservative_router_balanced_accuracy": 0.6047619047619047, "fpem/conservative_invariant_switch_coverage": 0.0, "fpem/conservative_invariant_switch_precision": 0.0, "fpem/conservative_correct_beneficial_switches": 0.0, "fpem/conservative_harmful_invariant_switches": 0.0, "fpem/conservative_saved_loss_from_correct_switches": 0.0, "fpem/conservative_added_loss_from_harmful_switches": 0.0, "fpem/conservative_net_routing_gain": 0.0, "fpem/conservative_oracle_gap_closed": 0.0, "fpem/conservative_selected_threshold": 0.5, "fpem/conservative_selected_margin": 0.0, "fpem/conservative_delta_mean": -0.5921495045934405, "fpem/conservative_delta_positive_ratio": 0.10416666666666667, "fpem/conservative_target_inv_ratio": 0.10416666666666667, "fpem/conservative_p_inv_mean": 0.021462437528229895, "fpem/conservative_p_inv_min": 0.004760309604794851, "fpem/conservative_p_inv_max": 0.04979847339647157, "fpem/conservative_prediction_is_hard_route": 1.0, "fpem/conservative_prediction_is_soft_fusion": 0.0, "fpem/conservative_router_target_detached": 1.0, "fpem/conservative_delta_detached": 1.0, "fpem/conservative_harmful_switch_weight": 2.0, "fpem/hard_router_predicted_env_ratio": 1.0, "fpem/hard_router_effective_env_ratio": 1.0, "fpem/hard_router_target_env_ratio": 0.8958333333333334, "fpem/hard_router_gain_mean": -0.5921495045934405, "fpem/hard_router_margin_mean": 0.0, "fpem/conservative_router_supervision_enabled": 1.0, "fpem/conservative_router_weight_mean": 0.999999996026357, "fpem/conservative_router_weight_min": 0.08007093641374792, "fpem/conservative_router_weight_max": 2.6275844426382156, "fpem/expert_prediction_pairwise_difference": 0.0, "fpem/delta_pairwise_cosine": 0.0, "fpem/delta_pairwise_l1": 0.0, "fpem/delta_pairwise_l2": 0.0, "fpem/expert_0_parameter_norm": 15.073479425339471, "fpem/hard_binary_router_enabled": 1.0, "fpem/hard_router_uses_target_in_forward": 0.0, "fpem/stored_future_c_loaded": 0.0, "fpem/prediction_is_weighted_complete_fusion": 0.0, "fpem/prediction_is_hard_route": 1.0, "fpem/conservative_inv_override_enabled": 1.0, "fpem/conservative_router_features_detached": 1.0, "fpem/future_mi_loss": 0.0, "fpem/future_mi_valid": 0.0, "fpem/future_mi_logvar_mean": 0.0, "fpem/future_mi_target_mode_env_encoder": 0.0, "fpem/swap_loss": 0.0, "fpem/swap_diff_loss": 0.0, "fpem/swap_same_loss": 0.0, "fpem/swap_gain_mean": 0.0, "fpem/swap_s_gain_mean": 0.0, "fpem/swap_fallback_router_loss": 0.0, "fpem/swap_fallback_q_mean": 0.0, "fpem/swap_prediction_delta": 0.0, "fpem/swap_route_delta": 0.0, "fpem/swap_hyper_alpha_delta": 0.0, "fpem/swap_hyper_delta_norm": 0.0, "fpem/loss_env_day": 0.0, "fpem/loss_env_hour": 0.0, "fpem/loss_env_rush": 0.0, "fpem/env_day_acc": 0.0, "fpem/env_hour_acc": 0.0, "fpem/env_rush_acc": 0.0, "fpem/loss_env_supcon": 0.0, "fpem/env_supcon_valid_pairs": 0.0, "fpem/loss_inv_env_adv": 0.0, "fpem/inv_day_acc": 0.0, "fpem/inv_hour_acc": 0.0, "fpem/inv_rush_acc": 0.0, "fpem/loss_cross_cov_sep": 0.0, "fpem/load_level_experts_enabled": 1.0, "fpem/load_level_uses_target_or_future_load": 0.0, "fpem/environment_gate_uses_target_in_forward": 0.0, "fpem/load_level_env_residual_scale": 0.0, "fpem/uses_cached_observable_load_prior": 1.0, "fpem/primary_loss": 8.675010672069732, "fpem/inv_pred_loss": 9.217900598616827, "fpem/primary_uses_route": 1.0, "fpem/primary_uses_env_fusion": 0.0, "fpem/backbone_agcrn": 1.0, "fpem/backbone_graphwavenet": 0.0, "fpem/backbone_staeformer": 0.0, "fpem/gc_pred_loss_only": 1.0, "fpem/env_route_head_mode_hyper_proto": 1.0, "fpem/fpem_force_uniform_route": 0.0, "fpem/hard_prediction_sinkhorn_total_replaces_primary": 0.0, "fpem/hard_prediction_environment_sinkhorn_total_replaces_primary": 0.0, "fpem/warmup_risk_sinkhorn_total_replaces_primary": 0.0, "fpem/lambda_club_mi": 0.0}, "conservative_override_threshold_selection": {"split": "val", "threshold": 0.5, "margin": 0.0, "mae": 11.529025077819824, "loss": 11.738566292656792, "mape": 0.1792304813861847, "confirmed_result": {"loss": 11.738566292656792, "mae": 11.529025077819824, "mape": 0.1792304813861847}}}
CONSERVATIVE_OVERRIDE_THRESHOLD_SELECTION {"split": "val", "threshold": 0.5, "margin": 0.0, "mae": 11.561362266540527, "loss": 11.76213386323717, "mape": 0.17858074605464935, "confirmed_result": {"loss": 11.76213386323717, "mae": 11.561362266540527, "mape": 0.17858074605464935}}
EPOCH {"epoch": 97, "train_loss": 10.578278260003954, "val": {"loss": 11.76213386323717, "mae": 11.561362266540527, "mape": 0.17858074605464935}, "test_mixed": {"loss": 10.55024264199393, "mae": 10.532114028930664, "mape": 0.1644570380449295}, "test_workday": {"loss": 10.431437865547512, "mae": 10.449583053588867, "mape": 0.16480065882205963}, "test_holiday": {"loss": 10.743853290875753, "mae": 10.675230026245117, "mape": 0.16386118531227112}, "test_avg_mae": 10.562406539916992, "best_selection_value": 10.562406539916992, "best_selection_split": "test_avg_DIAGNOSTIC", "best_selection_metric": "test_avg_mae", "lr": 0.0005, "fpem_logs": {"fpem/fpem_env_use_exogenous": 1.0, "fpem/env_exogenous_available": 1.0, "fpem/env_exogenous_time_available": 1.0, "fpem/env_exogenous_load_available": 1.0, "fpem/env_exogenous_feature_dim": 32.0, "fpem/env_exogenous_embedding_norm": 3.0879994846525647, "fpem/env_exogenous_load_embedding_norm": 2.1971089181445893, "fpem/env_rep_ablation_normal": 1.0, "fpem/env_rep_ablation_zero": 0.0, "fpem/env_rep_ablation_shuffle_batch": 0.0, "fpem/env_rep_ablation_mode_id": 0.0, "fpem/mask_loss": 0.0, "fpem/mask_sparse_loss": 0.0, "fpem/mask_entropy_loss": 0.0, "fpem/mask_mean": 1.0, "fpem/mask_entropy": 0.0, "fpem/mask_active_ratio": 1.0, "fpem/fusion_alpha_mean": 0.0, "fpem/fusion_alpha_std": 0.0, "fpem/fusion_alpha_min": 0.0, "fpem/fusion_alpha_max": 0.0, "fpem/env_route_loss": 1.9036559490930467, "fpem/env_route_L_final": 8.673423898787725, "fpem/env_route_L_global": 0.0, "fpem/env_route_L_route_soft": 0.0, "fpem/env_route_L_expert": 9.063119079953148, "fpem/env_route_L_router_oracle": 0.09103211279781091, "fpem/env_route_L_balance": 0.0, "fpem/env_route_L_diverse": 0.0, "fpem/env_route_L_proto_align": 0.0, "fpem/env_route_entropy": 0.0, "fpem/env_route_q_max_mean": 0.0, "fpem/hyper_alpha_mean": 0.0, "fpem/hyper_delta_norm": 0.0, "fpem/hyper_route_proto_mode_uniform_warmup": 0.0, "fpem/hyper_route_proto_mode_uniform_fixed": 0.0, "fpem/hyper_route_proto_mode_sinkhorn": 0.0, "fpem/hyper_route_proto_mode_softmax": 0.0, "fpem/fallback_q_mean": 0.0, "fpem/fallback_q_max": 0.0, "fpem/env_q_sum_mean": 1.0, "fpem/oracle_fallback_rate": 0.0, "fpem/route_count_fallback": 0.0, "fpem/env_route_head_mode": 1.0, "fpem/route_entropy_mean": 0.0, "fpem/route_mean_distribution_entropy": 0.0, "fpem/effective_expert_number": 1.0, "fpem/max_expert_usage_ratio": 0.0, "fpem/min_expert_usage_ratio": 0.0, "fpem/prototype_pairwise_cosine": 0.0, "fpem/expert_prediction_pairwise_cosine": 0.0, "fpem/expert_collapse_warning": 0.0, "fpem/env_route_target_mode_env_prototype": 0.0, "fpem/env_route_target_mode_hybrid": 0.0, "fpem/env_route_hybrid_alpha": 0.0, "fpem/env_route_train_mode_warmup_risk_sinkhorn": 0.0, "fpem/warmup_risk_stage_warmup": 0.0, "fpem/warmup_risk_stage_soft": 0.0, "fpem/warmup_risk_stage_hard": 0.0, "fpem/warmup_risk_selected_loss": 0.0, "fpem/warmup_risk_uniform_common_loss": 0.0, "fpem/warmup_risk_lambda_common": 0.0, "fpem/warmup_risk_total_common_term": 0.0, "fpem/warmup_risk_temperature": 0.0, "fpem/warmup_risk_temperature_progress": 0.0, "fpem/uniform_expert_mae": 0.0, "fpem/risk_routed_mae": 0.0, "fpem/risk_prediction_mae": 0.0, "fpem/risk_loss": 0.0, "fpem/risk_ranking_loss": 0.0, "fpem/risk_ranking_accuracy": 0.0, "fpem/risk_oracle_argmin_accuracy": 0.0, "fpem/risk_router_temperature": 0.0, "fpem/risk_router_lambda": 0.0, "fpem/risk_router_pairwise_lambda": 0.0, "fpem/env_route_train_mode_progressive_gmm_environment": 0.0, "fpem/top_level_prediction_source_progressive_gmm_teacher_hard": 0.0, "fpem/progressive_assignment_uses_target_or_prediction_error": 0.0, "fpem/progressive_partition_ready": 0.0, "fpem/progressive_selected_k": 0.0, "fpem/progressive_active_expert_count": 0.0, "fpem/progressive_last_partition_epoch": 0.0, "fpem/progressive_lambda_common": 0.0, "fpem/progressive_common_term": 0.0, "fpem/progressive_compactness_loss": 0.0, "fpem/progressive_consistency_loss": 0.0, "fpem/progressive_cluster_entropy": 0.0, "fpem/progressive_assignment_change_ratio": 0.0, "fpem/progressive_hungarian_overlap_score": 0.0, "fpem/progressive_partition_update_time_sec": 0.0, "fpem/progressive_routed_mae": 0.0, "fpem/progressive_gmm_environment_total_replaces_primary": 0.0, "fpem/env_route_count_head_0": 16.0, "fpem/env_route_oracle_count_head_0": 16.0, "fpem/route_count_env_head_0": 16.0, "fpem/route_soft_mean_expert_0": 1.0, "fpem/route_hard_count_expert_0": 16.0, "fpem/hard_count_expert_0": 16.0, "fpem/sinkhorn_soft_col_mass_expert_0": 0.0, "fpem/progressive_active_expert_0": 0.0, "fpem/progressive_cluster_size_0": 0.0, "fpem/progressive_cluster_ratio_0": 0.0, "fpem/progressive_cluster_to_expert_0": 0.0, "fpem/progressive_bic_k1": 0.0, "fpem/progressive_bic_score_k1": 0.0, "fpem/progressive_bic_rejected_k1": 0.0, "fpem/hyper_alpha_head_0": 0.0, "fpem/hyper_gamma_norm_head_0": 0.0, "fpem/hyper_beta_norm_head_0": 0.0, "fpem/expert_cross_mae_group_0_expert_0": 9.063119079953148, "fpem/load_expert_loss": 9.063119079953148, "fpem/conservative_override_router_loss": 0.09103211279781091, "fpem/hard_router_loss": 0.09103211279781091, "fpem/load_level_assignment_detached": 1.0, "fpem/load_level_count_0": 1680.0, "fpem/load_level_ratio_0": 1.0, "fpem/expert_0_global_loss": 9.063119079953148, "fpem/expert_0_selected_loss": 9.063119079953148, "fpem/conservative_all_environment_mae": 9.063119079953148, "fpem/conservative_all_invariant_mae": 9.662237498873756, "fpem/conservative_selective_hard_routing_mae": 9.063119079953148, "fpem/conservative_oracle_mae": 9.040420500437419, "fpem/conservative_router_accuracy": 0.8910714285714286, "fpem/conservative_router_balanced_accuracy": 0.5619047619047619, "fpem/conservative_invariant_switch_coverage": 0.0, "fpem/conservative_invariant_switch_precision": 0.0, "fpem/conservative_correct_beneficial_switches": 0.0, "fpem/conservative_harmful_invariant_switches": 0.0, "fpem/conservative_saved_loss_from_correct_switches": 0.0, "fpem/conservative_added_loss_from_harmful_switches": 0.0, "fpem/conservative_net_routing_gain": 0.0, "fpem/conservative_oracle_gap_closed": 0.0, "fpem/conservative_selected_threshold": 0.5, "fpem/conservative_selected_margin": 0.0, "fpem/conservative_delta_mean": -0.5991184197721027, "fpem/conservative_delta_positive_ratio": 0.10892857142857143, "fpem/conservative_target_inv_ratio": 0.10892857142857143, "fpem/conservative_p_inv_mean": 0.022081441849115348, "fpem/conservative_p_inv_min": 0.004831469144361714, "fpem/conservative_p_inv_max": 0.05172095797246411, "fpem/conservative_prediction_is_hard_route": 1.0, "fpem/conservative_prediction_is_soft_fusion": 0.0, "fpem/conservative_router_target_detached": 1.0, "fpem/conservative_delta_detached": 1.0, "fpem/conservative_harmful_switch_weight": 2.0, "fpem/hard_router_predicted_env_ratio": 1.0, "fpem/hard_router_effective_env_ratio": 1.0, "fpem/hard_router_target_env_ratio": 0.8910714285714286, "fpem/hard_router_gain_mean": -0.5991184197721027, "fpem/hard_router_margin_mean": 0.0, "fpem/conservative_router_supervision_enabled": 1.0, "fpem/conservative_router_weight_mean": 0.9999999903497242, "fpem/conservative_router_weight_min": 0.06328450226601923, "fpem/conservative_router_weight_max": 2.652562970206851, "fpem/expert_prediction_pairwise_difference": 0.0, "fpem/delta_pairwise_cosine": 0.0, "fpem/delta_pairwise_l1": 0.0, "fpem/delta_pairwise_l2": 0.0, "fpem/expert_0_parameter_norm": 15.0734680720738, "fpem/hard_binary_router_enabled": 1.0, "fpem/hard_router_uses_target_in_forward": 0.0, "fpem/stored_future_c_loaded": 0.0, "fpem/prediction_is_weighted_complete_fusion": 0.0, "fpem/prediction_is_hard_route": 1.0, "fpem/conservative_inv_override_enabled": 1.0, "fpem/conservative_router_features_detached": 1.0, "fpem/future_mi_loss": 0.0, "fpem/future_mi_valid": 0.0, "fpem/future_mi_logvar_mean": 0.0, "fpem/future_mi_target_mode_env_encoder": 0.0, "fpem/swap_loss": 0.0, "fpem/swap_diff_loss": 0.0, "fpem/swap_same_loss": 0.0, "fpem/swap_gain_mean": 0.0, "fpem/swap_s_gain_mean": 0.0, "fpem/swap_fallback_router_loss": 0.0, "fpem/swap_fallback_q_mean": 0.0, "fpem/swap_prediction_delta": 0.0, "fpem/swap_route_delta": 0.0, "fpem/swap_hyper_alpha_delta": 0.0, "fpem/swap_hyper_delta_norm": 0.0, "fpem/loss_env_day": 0.0, "fpem/loss_env_hour": 0.0, "fpem/loss_env_rush": 0.0, "fpem/env_day_acc": 0.0, "fpem/env_hour_acc": 0.0, "fpem/env_rush_acc": 0.0, "fpem/loss_env_supcon": 0.0, "fpem/env_supcon_valid_pairs": 0.0, "fpem/loss_inv_env_adv": 0.0, "fpem/inv_day_acc": 0.0, "fpem/inv_hour_acc": 0.0, "fpem/inv_rush_acc": 0.0, "fpem/loss_cross_cov_sep": 0.0, "fpem/load_level_experts_enabled": 1.0, "fpem/load_level_uses_target_or_future_load": 0.0, "fpem/environment_gate_uses_target_in_forward": 0.0, "fpem/load_level_env_residual_scale": 0.0, "fpem/uses_cached_observable_load_prior": 1.0, "fpem/primary_loss": 8.673423898787725, "fpem/inv_pred_loss": 9.219026906149727, "fpem/primary_uses_route": 1.0, "fpem/primary_uses_env_fusion": 0.0, "fpem/backbone_agcrn": 1.0, "fpem/backbone_graphwavenet": 0.0, "fpem/backbone_staeformer": 0.0, "fpem/gc_pred_loss_only": 1.0, "fpem/env_route_head_mode_hyper_proto": 1.0, "fpem/fpem_force_uniform_route": 0.0, "fpem/hard_prediction_sinkhorn_total_replaces_primary": 0.0, "fpem/hard_prediction_environment_sinkhorn_total_replaces_primary": 0.0, "fpem/warmup_risk_sinkhorn_total_replaces_primary": 0.0, "fpem/lambda_club_mi": 0.0}, "conservative_override_threshold_selection": {"split": "val", "threshold": 0.5, "margin": 0.0, "mae": 11.561362266540527, "loss": 11.76213386323717, "mape": 0.17858074605464935, "confirmed_result": {"loss": 11.76213386323717, "mae": 11.561362266540527, "mape": 0.17858074605464935}}}
CONSERVATIVE_OVERRIDE_THRESHOLD_SELECTION {"split": "val", "threshold": 0.5, "margin": 0.0, "mae": 11.52806568145752, "loss": 11.753998809390598, "mape": 0.18328779935836792, "confirmed_result": {"loss": 11.753998809390598, "mae": 11.52806568145752, "mape": 0.18328779935836792}}
EPOCH {"epoch": 98, "train_loss": 10.558326712108794, "val": {"loss": 11.753998809390598, "mae": 11.52806568145752, "mape": 0.18328779935836792}, "test_mixed": {"loss": 10.481138488224575, "mae": 10.46862506866455, "mape": 0.16755267977714539}, "test_workday": {"loss": 10.364805698394775, "mae": 10.390657424926758, "mape": 0.16794288158416748}, "test_holiday": {"loss": 10.669813195864359, "mae": 10.60383129119873, "mape": 0.16687598824501038}, "test_avg_mae": 10.497244358062744, "best_selection_value": 10.497244358062744, "best_selection_split": "test_avg_DIAGNOSTIC", "best_selection_metric": "test_avg_mae", "lr": 0.0005, "fpem_logs": {"fpem/fpem_env_use_exogenous": 1.0, "fpem/env_exogenous_available": 1.0, "fpem/env_exogenous_time_available": 1.0, "fpem/env_exogenous_load_available": 1.0, "fpem/env_exogenous_feature_dim": 32.0, "fpem/env_exogenous_embedding_norm": 3.086942484265282, "fpem/env_exogenous_load_embedding_norm": 2.1972658725011915, "fpem/env_rep_ablation_normal": 1.0, "fpem/env_rep_ablation_zero": 0.0, "fpem/env_rep_ablation_shuffle_batch": 0.0, "fpem/env_rep_ablation_mode_id": 0.0, "fpem/mask_loss": 0.0, "fpem/mask_sparse_loss": 0.0, "fpem/mask_entropy_loss": 0.0, "fpem/mask_mean": 1.0, "fpem/mask_entropy": 0.0, "fpem/mask_active_ratio": 1.0, "fpem/fusion_alpha_mean": 0.0, "fpem/fusion_alpha_std": 0.0, "fpem/fusion_alpha_min": 0.0, "fpem/fusion_alpha_max": 0.0, "fpem/env_route_loss": 1.9010972704206195, "fpem/env_route_L_final": 8.656751532781692, "fpem/env_route_L_global": 0.0, "fpem/env_route_L_route_soft": 0.0, "fpem/env_route_L_expert": 9.048971898215157, "fpem/env_route_L_router_oracle": 0.09130286747323615, "fpem/env_route_L_balance": 0.0, "fpem/env_route_L_diverse": 0.0, "fpem/env_route_L_proto_align": 0.0, "fpem/env_route_entropy": 0.0, "fpem/env_route_q_max_mean": 0.0, "fpem/hyper_alpha_mean": 0.0, "fpem/hyper_delta_norm": 0.0, "fpem/hyper_route_proto_mode_uniform_warmup": 0.0, "fpem/hyper_route_proto_mode_uniform_fixed": 0.0, "fpem/hyper_route_proto_mode_sinkhorn": 0.0, "fpem/hyper_route_proto_mode_softmax": 0.0, "fpem/fallback_q_mean": 0.0, "fpem/fallback_q_max": 0.0, "fpem/env_q_sum_mean": 1.0, "fpem/oracle_fallback_rate": 0.0, "fpem/route_count_fallback": 0.0, "fpem/env_route_head_mode": 1.0, "fpem/route_entropy_mean": 0.0, "fpem/route_mean_distribution_entropy": 0.0, "fpem/effective_expert_number": 1.0, "fpem/max_expert_usage_ratio": 0.0, "fpem/min_expert_usage_ratio": 0.0, "fpem/prototype_pairwise_cosine": 0.0, "fpem/expert_prediction_pairwise_cosine": 0.0, "fpem/expert_collapse_warning": 0.0, "fpem/env_route_target_mode_env_prototype": 0.0, "fpem/env_route_target_mode_hybrid": 0.0, "fpem/env_route_hybrid_alpha": 0.0, "fpem/env_route_train_mode_warmup_risk_sinkhorn": 0.0, "fpem/warmup_risk_stage_warmup": 0.0, "fpem/warmup_risk_stage_soft": 0.0, "fpem/warmup_risk_stage_hard": 0.0, "fpem/warmup_risk_selected_loss": 0.0, "fpem/warmup_risk_uniform_common_loss": 0.0, "fpem/warmup_risk_lambda_common": 0.0, "fpem/warmup_risk_total_common_term": 0.0, "fpem/warmup_risk_temperature": 0.0, "fpem/warmup_risk_temperature_progress": 0.0, "fpem/uniform_expert_mae": 0.0, "fpem/risk_routed_mae": 0.0, "fpem/risk_prediction_mae": 0.0, "fpem/risk_loss": 0.0, "fpem/risk_ranking_loss": 0.0, "fpem/risk_ranking_accuracy": 0.0, "fpem/risk_oracle_argmin_accuracy": 0.0, "fpem/risk_router_temperature": 0.0, "fpem/risk_router_lambda": 0.0, "fpem/risk_router_pairwise_lambda": 0.0, "fpem/env_route_train_mode_progressive_gmm_environment": 0.0, "fpem/top_level_prediction_source_progressive_gmm_teacher_hard": 0.0, "fpem/progressive_assignment_uses_target_or_prediction_error": 0.0, "fpem/progressive_partition_ready": 0.0, "fpem/progressive_selected_k": 0.0, "fpem/progressive_active_expert_count": 0.0, "fpem/progressive_last_partition_epoch": 0.0, "fpem/progressive_lambda_common": 0.0, "fpem/progressive_common_term": 0.0, "fpem/progressive_compactness_loss": 0.0, "fpem/progressive_consistency_loss": 0.0, "fpem/progressive_cluster_entropy": 0.0, "fpem/progressive_assignment_change_ratio": 0.0, "fpem/progressive_hungarian_overlap_score": 0.0, "fpem/progressive_partition_update_time_sec": 0.0, "fpem/progressive_routed_mae": 0.0, "fpem/progressive_gmm_environment_total_replaces_primary": 0.0, "fpem/env_route_count_head_0": 16.0, "fpem/env_route_oracle_count_head_0": 16.0, "fpem/route_count_env_head_0": 16.0, "fpem/route_soft_mean_expert_0": 1.0, "fpem/route_hard_count_expert_0": 16.0, "fpem/hard_count_expert_0": 16.0, "fpem/sinkhorn_soft_col_mass_expert_0": 0.0, "fpem/progressive_active_expert_0": 0.0, "fpem/progressive_cluster_size_0": 0.0, "fpem/progressive_cluster_ratio_0": 0.0, "fpem/progressive_cluster_to_expert_0": 0.0, "fpem/progressive_bic_k1": 0.0, "fpem/progressive_bic_score_k1": 0.0, "fpem/progressive_bic_rejected_k1": 0.0, "fpem/hyper_alpha_head_0": 0.0, "fpem/hyper_gamma_norm_head_0": 0.0, "fpem/hyper_beta_norm_head_0": 0.0, "fpem/expert_cross_mae_group_0_expert_0": 9.048971898215157, "fpem/load_expert_loss": 9.048971898215157, "fpem/conservative_override_router_loss": 0.09130286747323615, "fpem/hard_router_loss": 0.09130286747323615, "fpem/load_level_assignment_detached": 1.0, "fpem/load_level_count_0": 1680.0, "fpem/load_level_ratio_0": 1.0, "fpem/expert_0_global_loss": 9.048971898215157, "fpem/expert_0_selected_loss": 9.048971898215157, "fpem/conservative_all_environment_mae": 9.048971898215157, "fpem/conservative_all_invariant_mae": 9.662237517038982, "fpem/conservative_selective_hard_routing_mae": 9.048971898215157, "fpem/conservative_oracle_mae": 9.02624391374134, "fpem/conservative_router_accuracy": 0.8964285714285715, "fpem/conservative_router_balanced_accuracy": 0.5857142857142857, "fpem/conservative_invariant_switch_coverage": 0.0, "fpem/conservative_invariant_switch_precision": 0.0, "fpem/conservative_correct_beneficial_switches": 0.0, "fpem/conservative_harmful_invariant_switches": 0.0, "fpem/conservative_saved_loss_from_correct_switches": 0.0, "fpem/conservative_added_loss_from_harmful_switches": 0.0, "fpem/conservative_net_routing_gain": 0.0, "fpem/conservative_oracle_gap_closed": 0.0, "fpem/conservative_selected_threshold": 0.5, "fpem/conservative_selected_margin": 0.0, "fpem/conservative_delta_mean": -0.6132655807903835, "fpem/conservative_delta_positive_ratio": 0.10357142857142858, "fpem/conservative_target_inv_ratio": 0.10357142857142858, "fpem/conservative_p_inv_mean": 0.02191450328876575, "fpem/conservative_p_inv_min": 0.005115743726491928, "fpem/conservative_p_inv_max": 0.051130012316363195, "fpem/conservative_prediction_is_hard_route": 1.0, "fpem/conservative_prediction_is_soft_fusion": 0.0, "fpem/conservative_router_target_detached": 1.0, "fpem/conservative_delta_detached": 1.0, "fpem/conservative_harmful_switch_weight": 2.0, "fpem/hard_router_predicted_env_ratio": 1.0, "fpem/hard_router_effective_env_ratio": 1.0, "fpem/hard_router_target_env_ratio": 0.8964285714285715, "fpem/hard_router_gain_mean": -0.6132655807903835, "fpem/hard_router_margin_mean": 0.0, "fpem/conservative_router_supervision_enabled": 1.0, "fpem/conservative_router_weight_mean": 0.999999989782061, "fpem/conservative_router_weight_min": 0.07223161445304174, "fpem/conservative_router_weight_max": 2.591939493588039, "fpem/expert_prediction_pairwise_difference": 0.0, "fpem/delta_pairwise_cosine": 0.0, "fpem/delta_pairwise_l1": 0.0, "fpem/delta_pairwise_l2": 0.0, "fpem/expert_0_parameter_norm": 15.073476264590308, "fpem/hard_binary_router_enabled": 1.0, "fpem/hard_router_uses_target_in_forward": 0.0, "fpem/stored_future_c_loaded": 0.0, "fpem/prediction_is_weighted_complete_fusion": 0.0, "fpem/prediction_is_hard_route": 1.0, "fpem/conservative_inv_override_enabled": 1.0, "fpem/conservative_router_features_detached": 1.0, "fpem/future_mi_loss": 0.0, "fpem/future_mi_valid": 0.0, "fpem/future_mi_logvar_mean": 0.0, "fpem/future_mi_target_mode_env_encoder": 0.0, "fpem/swap_loss": 0.0, "fpem/swap_diff_loss": 0.0, "fpem/swap_same_loss": 0.0, "fpem/swap_gain_mean": 0.0, "fpem/swap_s_gain_mean": 0.0, "fpem/swap_fallback_router_loss": 0.0, "fpem/swap_fallback_q_mean": 0.0, "fpem/swap_prediction_delta": 0.0, "fpem/swap_route_delta": 0.0, "fpem/swap_hyper_alpha_delta": 0.0, "fpem/swap_hyper_delta_norm": 0.0, "fpem/loss_env_day": 0.0, "fpem/loss_env_hour": 0.0, "fpem/loss_env_rush": 0.0, "fpem/env_day_acc": 0.0, "fpem/env_hour_acc": 0.0, "fpem/env_rush_acc": 0.0, "fpem/loss_env_supcon": 0.0, "fpem/env_supcon_valid_pairs": 0.0, "fpem/loss_inv_env_adv": 0.0, "fpem/inv_day_acc": 0.0, "fpem/inv_hour_acc": 0.0, "fpem/inv_rush_acc": 0.0, "fpem/loss_cross_cov_sep": 0.0, "fpem/load_level_experts_enabled": 1.0, "fpem/load_level_uses_target_or_future_load": 0.0, "fpem/environment_gate_uses_target_in_forward": 0.0, "fpem/load_level_env_residual_scale": 0.0, "fpem/uses_cached_observable_load_prior": 1.0, "fpem/primary_loss": 8.656751532781692, "fpem/inv_pred_loss": 9.220966938563755, "fpem/primary_uses_route": 1.0, "fpem/primary_uses_env_fusion": 0.0, "fpem/backbone_agcrn": 1.0, "fpem/backbone_graphwavenet": 0.0, "fpem/backbone_staeformer": 0.0, "fpem/gc_pred_loss_only": 1.0, "fpem/env_route_head_mode_hyper_proto": 1.0, "fpem/fpem_force_uniform_route": 0.0, "fpem/hard_prediction_sinkhorn_total_replaces_primary": 0.0, "fpem/hard_prediction_environment_sinkhorn_total_replaces_primary": 0.0, "fpem/warmup_risk_sinkhorn_total_replaces_primary": 0.0, "fpem/lambda_club_mi": 0.0}, "conservative_override_threshold_selection": {"split": "val", "threshold": 0.5, "margin": 0.0, "mae": 11.52806568145752, "loss": 11.753998809390598, "mape": 0.18328779935836792, "confirmed_result": {"loss": 11.753998809390598, "mae": 11.52806568145752, "mape": 0.18328779935836792}}}
CONSERVATIVE_OVERRIDE_THRESHOLD_SELECTION {"split": "val", "threshold": 0.5, "margin": 0.0, "mae": 11.524168968200684, "loss": 11.745906035105387, "mape": 0.1828455924987793, "confirmed_result": {"loss": 11.745906035105387, "mae": 11.524168968200684, "mape": 0.1828455924987793}}
EPOCH {"epoch": 99, "train_loss": 10.553726178123837, "val": {"loss": 11.745906035105387, "mae": 11.524168968200684, "mape": 0.1828455924987793}, "test_mixed": {"loss": 10.48679929460798, "mae": 10.469280242919922, "mape": 0.16759519279003143}, "test_workday": {"loss": 10.374681058137313, "mae": 10.393394470214844, "mape": 0.1677776575088501}, "test_holiday": {"loss": 10.66752576828003, "mae": 10.600874900817871, "mape": 0.16727878153324127}, "test_avg_mae": 10.497134685516357, "best_selection_value": 10.497134685516357, "best_selection_split": "test_avg_DIAGNOSTIC", "best_selection_metric": "test_avg_mae", "lr": 0.0005, "fpem_logs": {"fpem/fpem_env_use_exogenous": 1.0, "fpem/env_exogenous_available": 1.0, "fpem/env_exogenous_time_available": 1.0, "fpem/env_exogenous_load_available": 1.0, "fpem/env_exogenous_feature_dim": 32.0, "fpem/env_exogenous_embedding_norm": 3.0905194736662365, "fpem/env_exogenous_load_embedding_norm": 2.2005478518349784, "fpem/env_rep_ablation_normal": 1.0, "fpem/env_rep_ablation_zero": 0.0, "fpem/env_rep_ablation_shuffle_batch": 0.0, "fpem/env_rep_ablation_mode_id": 0.0, "fpem/mask_loss": 0.0, "fpem/mask_sparse_loss": 0.0, "fpem/mask_entropy_loss": 0.0, "fpem/mask_mean": 1.0, "fpem/mask_entropy": 0.0, "fpem/mask_active_ratio": 1.0, "fpem/fusion_alpha_mean": 0.0, "fpem/fusion_alpha_std": 0.0, "fpem/fusion_alpha_min": 0.0, "fpem/fusion_alpha_max": 0.0, "fpem/env_route_loss": 1.900483927272615, "fpem/env_route_L_final": 8.656850001925514, "fpem/env_route_L_global": 0.0, "fpem/env_route_L_route_soft": 0.0, "fpem/env_route_L_expert": 9.049515506199429, "fpem/env_route_L_router_oracle": 0.0905807973639596, "fpem/env_route_L_balance": 0.0, "fpem/env_route_L_diverse": 0.0, "fpem/env_route_L_proto_align": 0.0, "fpem/env_route_entropy": 0.0, "fpem/env_route_q_max_mean": 0.0, "fpem/hyper_alpha_mean": 0.0, "fpem/hyper_delta_norm": 0.0, "fpem/hyper_route_proto_mode_uniform_warmup": 0.0, "fpem/hyper_route_proto_mode_uniform_fixed": 0.0, "fpem/hyper_route_proto_mode_sinkhorn": 0.0, "fpem/hyper_route_proto_mode_softmax": 0.0, "fpem/fallback_q_mean": 0.0, "fpem/fallback_q_max": 0.0, "fpem/env_q_sum_mean": 1.0, "fpem/oracle_fallback_rate": 0.0, "fpem/route_count_fallback": 0.0, "fpem/env_route_head_mode": 1.0, "fpem/route_entropy_mean": 0.0, "fpem/route_mean_distribution_entropy": 0.0, "fpem/effective_expert_number": 1.0, "fpem/max_expert_usage_ratio": 0.0, "fpem/min_expert_usage_ratio": 0.0, "fpem/prototype_pairwise_cosine": 0.0, "fpem/expert_prediction_pairwise_cosine": 0.0, "fpem/expert_collapse_warning": 0.0, "fpem/env_route_target_mode_env_prototype": 0.0, "fpem/env_route_target_mode_hybrid": 0.0, "fpem/env_route_hybrid_alpha": 0.0, "fpem/env_route_train_mode_warmup_risk_sinkhorn": 0.0, "fpem/warmup_risk_stage_warmup": 0.0, "fpem/warmup_risk_stage_soft": 0.0, "fpem/warmup_risk_stage_hard": 0.0, "fpem/warmup_risk_selected_loss": 0.0, "fpem/warmup_risk_uniform_common_loss": 0.0, "fpem/warmup_risk_lambda_common": 0.0, "fpem/warmup_risk_total_common_term": 0.0, "fpem/warmup_risk_temperature": 0.0, "fpem/warmup_risk_temperature_progress": 0.0, "fpem/uniform_expert_mae": 0.0, "fpem/risk_routed_mae": 0.0, "fpem/risk_prediction_mae": 0.0, "fpem/risk_loss": 0.0, "fpem/risk_ranking_loss": 0.0, "fpem/risk_ranking_accuracy": 0.0, "fpem/risk_oracle_argmin_accuracy": 0.0, "fpem/risk_router_temperature": 0.0, "fpem/risk_router_lambda": 0.0, "fpem/risk_router_pairwise_lambda": 0.0, "fpem/env_route_train_mode_progressive_gmm_environment": 0.0, "fpem/top_level_prediction_source_progressive_gmm_teacher_hard": 0.0, "fpem/progressive_assignment_uses_target_or_prediction_error": 0.0, "fpem/progressive_partition_ready": 0.0, "fpem/progressive_selected_k": 0.0, "fpem/progressive_active_expert_count": 0.0, "fpem/progressive_last_partition_epoch": 0.0, "fpem/progressive_lambda_common": 0.0, "fpem/progressive_common_term": 0.0, "fpem/progressive_compactness_loss": 0.0, "fpem/progressive_consistency_loss": 0.0, "fpem/progressive_cluster_entropy": 0.0, "fpem/progressive_assignment_change_ratio": 0.0, "fpem/progressive_hungarian_overlap_score": 0.0, "fpem/progressive_partition_update_time_sec": 0.0, "fpem/progressive_routed_mae": 0.0, "fpem/progressive_gmm_environment_total_replaces_primary": 0.0, "fpem/env_route_count_head_0": 16.0, "fpem/env_route_oracle_count_head_0": 16.0, "fpem/route_count_env_head_0": 16.0, "fpem/route_soft_mean_expert_0": 1.0, "fpem/route_hard_count_expert_0": 16.0, "fpem/hard_count_expert_0": 16.0, "fpem/sinkhorn_soft_col_mass_expert_0": 0.0, "fpem/progressive_active_expert_0": 0.0, "fpem/progressive_cluster_size_0": 0.0, "fpem/progressive_cluster_ratio_0": 0.0, "fpem/progressive_cluster_to_expert_0": 0.0, "fpem/progressive_bic_k1": 0.0, "fpem/progressive_bic_score_k1": 0.0, "fpem/progressive_bic_rejected_k1": 0.0, "fpem/hyper_alpha_head_0": 0.0, "fpem/hyper_gamma_norm_head_0": 0.0, "fpem/hyper_beta_norm_head_0": 0.0, "fpem/expert_cross_mae_group_0_expert_0": 9.049515506199429, "fpem/load_expert_loss": 9.049515506199429, "fpem/conservative_override_router_loss": 0.0905807973639596, "fpem/hard_router_loss": 0.0905807973639596, "fpem/load_level_assignment_detached": 1.0, "fpem/load_level_count_0": 1680.0, "fpem/load_level_ratio_0": 1.0, "fpem/expert_0_global_loss": 9.049515506199429, "fpem/expert_0_selected_loss": 9.049515506199429, "fpem/conservative_all_environment_mae": 9.049515506199429, "fpem/conservative_all_invariant_mae": 9.662237430754162, "fpem/conservative_selective_hard_routing_mae": 9.049515506199429, "fpem/conservative_oracle_mae": 9.027742885407948, "fpem/conservative_router_accuracy": 0.9095238095238095, "fpem/conservative_router_balanced_accuracy": 0.6190476190476191, "fpem/conservative_invariant_switch_coverage": 0.0, "fpem/conservative_invariant_switch_precision": 0.0, "fpem/conservative_correct_beneficial_switches": 0.0, "fpem/conservative_harmful_invariant_switches": 0.0, "fpem/conservative_saved_loss_from_correct_switches": 0.0, "fpem/conservative_added_loss_from_harmful_switches": 0.0, "fpem/conservative_net_routing_gain": 0.0, "fpem/conservative_oracle_gap_closed": 0.0, "fpem/conservative_selected_threshold": 0.5, "fpem/conservative_selected_margin": 0.0, "fpem/conservative_delta_mean": -0.6127220332622528, "fpem/conservative_delta_positive_ratio": 0.09047619047619047, "fpem/conservative_target_inv_ratio": 0.09047619047619047, "fpem/conservative_p_inv_mean": 0.021749741796936308, "fpem/conservative_p_inv_min": 0.0048512591104511, "fpem/conservative_p_inv_max": 0.051198828362283254, "fpem/conservative_prediction_is_hard_route": 1.0, "fpem/conservative_prediction_is_soft_fusion": 0.0, "fpem/conservative_router_target_detached": 1.0, "fpem/conservative_delta_detached": 1.0, "fpem/conservative_harmful_switch_weight": 2.0, "fpem/hard_router_predicted_env_ratio": 1.0, "fpem/hard_router_effective_env_ratio": 1.0, "fpem/hard_router_target_env_ratio": 0.9095238095238095, "fpem/hard_router_gain_mean": -0.6127220332622528, "fpem/hard_router_margin_mean": 0.0, "fpem/conservative_router_supervision_enabled": 1.0, "fpem/conservative_router_weight_mean": 0.9999999892143976, "fpem/conservative_router_weight_min": 0.08426400956121229, "fpem/conservative_router_weight_max": 2.538076815151033, "fpem/expert_prediction_pairwise_difference": 0.0, "fpem/delta_pairwise_cosine": 0.0, "fpem/delta_pairwise_l1": 0.0, "fpem/delta_pairwise_l2": 0.0, "fpem/expert_0_parameter_norm": 15.073491977509999, "fpem/hard_binary_router_enabled": 1.0, "fpem/hard_router_uses_target_in_forward": 0.0, "fpem/stored_future_c_loaded": 0.0, "fpem/prediction_is_weighted_complete_fusion": 0.0, "fpem/prediction_is_hard_route": 1.0, "fpem/conservative_inv_override_enabled": 1.0, "fpem/conservative_router_features_detached": 1.0, "fpem/future_mi_loss": 0.0, "fpem/future_mi_valid": 0.0, "fpem/future_mi_logvar_mean": 0.0, "fpem/future_mi_target_mode_env_encoder": 0.0, "fpem/swap_loss": 0.0, "fpem/swap_diff_loss": 0.0, "fpem/swap_same_loss": 0.0, "fpem/swap_gain_mean": 0.0, "fpem/swap_s_gain_mean": 0.0, "fpem/swap_fallback_router_loss": 0.0, "fpem/swap_fallback_q_mean": 0.0, "fpem/swap_prediction_delta": 0.0, "fpem/swap_route_delta": 0.0, "fpem/swap_hyper_alpha_delta": 0.0, "fpem/swap_hyper_delta_norm": 0.0, "fpem/loss_env_day": 0.0, "fpem/loss_env_hour": 0.0, "fpem/loss_env_rush": 0.0, "fpem/env_day_acc": 0.0, "fpem/env_hour_acc": 0.0, "fpem/env_rush_acc": 0.0, "fpem/loss_env_supcon": 0.0, "fpem/env_supcon_valid_pairs": 0.0, "fpem/loss_inv_env_adv": 0.0, "fpem/inv_day_acc": 0.0, "fpem/inv_hour_acc": 0.0, "fpem/inv_rush_acc": 0.0, "fpem/loss_cross_cov_sep": 0.0, "fpem/load_level_experts_enabled": 1.0, "fpem/load_level_uses_target_or_future_load": 0.0, "fpem/environment_gate_uses_target_in_forward": 0.0, "fpem/load_level_env_residual_scale": 0.0, "fpem/uses_cached_observable_load_prior": 1.0, "fpem/primary_loss": 8.656850001925514, "fpem/inv_pred_loss": 9.220280565534319, "fpem/primary_uses_route": 1.0, "fpem/primary_uses_env_fusion": 0.0, "fpem/backbone_agcrn": 1.0, "fpem/backbone_graphwavenet": 0.0, "fpem/backbone_staeformer": 0.0, "fpem/gc_pred_loss_only": 1.0, "fpem/env_route_head_mode_hyper_proto": 1.0, "fpem/fpem_force_uniform_route": 0.0, "fpem/hard_prediction_sinkhorn_total_replaces_primary": 0.0, "fpem/hard_prediction_environment_sinkhorn_total_replaces_primary": 0.0, "fpem/warmup_risk_sinkhorn_total_replaces_primary": 0.0, "fpem/lambda_club_mi": 0.0}, "conservative_override_threshold_selection": {"split": "val", "threshold": 0.5, "margin": 0.0, "mae": 11.524168968200684, "loss": 11.745906035105387, "mape": 0.1828455924987793, "confirmed_result": {"loss": 11.745906035105387, "mae": 11.524168968200684, "mape": 0.1828455924987793}}}
CONSERVATIVE_OVERRIDE_THRESHOLD_SELECTION {"split": "val", "threshold": 0.5, "margin": 0.0, "mae": 11.524059295654297, "loss": 11.728970474667019, "mape": 0.18227747082710266, "confirmed_result": {"loss": 11.728970474667019, "mae": 11.524059295654297, "mape": 0.18227747082710266}}
EPOCH {"epoch": 100, "train_loss": 10.544731803167434, "val": {"loss": 11.728970474667019, "mae": 11.524059295654297, "mape": 0.18227747082710266}, "test_mixed": {"loss": 10.505099378313338, "mae": 10.486979484558105, "mape": 0.16724523901939392}, "test_workday": {"loss": 10.385727011639139, "mae": 10.404047012329102, "mape": 0.16736245155334473}, "test_holiday": {"loss": 10.699544548988342, "mae": 10.6307954788208, "mape": 0.16704194247722626}, "test_avg_mae": 10.517421245574951, "best_selection_value": 10.517421245574951, "best_selection_split": "test_avg_DIAGNOSTIC", "best_selection_metric": "test_avg_mae", "lr": 0.0005, "fpem_logs": {"fpem/fpem_env_use_exogenous": 1.0, "fpem/env_exogenous_available": 1.0, "fpem/env_exogenous_time_available": 1.0, "fpem/env_exogenous_load_available": 1.0, "fpem/env_exogenous_feature_dim": 32.0, "fpem/env_exogenous_embedding_norm": 3.091147450038365, "fpem/env_exogenous_load_embedding_norm": 2.2022741635640464, "fpem/env_rep_ablation_normal": 1.0, "fpem/env_rep_ablation_zero": 0.0, "fpem/env_rep_ablation_shuffle_batch": 0.0, "fpem/env_rep_ablation_mode_id": 0.0, "fpem/mask_loss": 0.0, "fpem/mask_sparse_loss": 0.0, "fpem/mask_entropy_loss": 0.0, "fpem/mask_mean": 1.0, "fpem/mask_entropy": 0.0, "fpem/mask_active_ratio": 1.0, "fpem/fusion_alpha_mean": 0.0, "fpem/fusion_alpha_std": 0.0, "fpem/fusion_alpha_min": 0.0, "fpem/fusion_alpha_max": 0.0, "fpem/env_route_loss": 1.899810993103754, "fpem/env_route_L_final": 8.644424020676386, "fpem/env_route_L_global": 0.0, "fpem/env_route_L_route_soft": 0.0, "fpem/env_route_L_expert": 9.038345600309826, "fpem/env_route_L_router_oracle": 0.09214184710844642, "fpem/env_route_L_balance": 0.0, "fpem/env_route_L_diverse": 0.0, "fpem/env_route_L_proto_align": 0.0, "fpem/env_route_entropy": 0.0, "fpem/env_route_q_max_mean": 0.0, "fpem/hyper_alpha_mean": 0.0, "fpem/hyper_delta_norm": 0.0, "fpem/hyper_route_proto_mode_uniform_warmup": 0.0, "fpem/hyper_route_proto_mode_uniform_fixed": 0.0, "fpem/hyper_route_proto_mode_sinkhorn": 0.0, "fpem/hyper_route_proto_mode_softmax": 0.0, "fpem/fallback_q_mean": 0.0, "fpem/fallback_q_max": 0.0, "fpem/env_q_sum_mean": 1.0, "fpem/oracle_fallback_rate": 0.0, "fpem/route_count_fallback": 0.0, "fpem/env_route_head_mode": 1.0, "fpem/route_entropy_mean": 0.0, "fpem/route_mean_distribution_entropy": 0.0, "fpem/effective_expert_number": 1.0, "fpem/max_expert_usage_ratio": 0.0, "fpem/min_expert_usage_ratio": 0.0, "fpem/prototype_pairwise_cosine": 0.0, "fpem/expert_prediction_pairwise_cosine": 0.0, "fpem/expert_collapse_warning": 0.0, "fpem/env_route_target_mode_env_prototype": 0.0, "fpem/env_route_target_mode_hybrid": 0.0, "fpem/env_route_hybrid_alpha": 0.0, "fpem/env_route_train_mode_warmup_risk_sinkhorn": 0.0, "fpem/warmup_risk_stage_warmup": 0.0, "fpem/warmup_risk_stage_soft": 0.0, "fpem/warmup_risk_stage_hard": 0.0, "fpem/warmup_risk_selected_loss": 0.0, "fpem/warmup_risk_uniform_common_loss": 0.0, "fpem/warmup_risk_lambda_common": 0.0, "fpem/warmup_risk_total_common_term": 0.0, "fpem/warmup_risk_temperature": 0.0, "fpem/warmup_risk_temperature_progress": 0.0, "fpem/uniform_expert_mae": 0.0, "fpem/risk_routed_mae": 0.0, "fpem/risk_prediction_mae": 0.0, "fpem/risk_loss": 0.0, "fpem/risk_ranking_loss": 0.0, "fpem/risk_ranking_accuracy": 0.0, "fpem/risk_oracle_argmin_accuracy": 0.0, "fpem/risk_router_temperature": 0.0, "fpem/risk_router_lambda": 0.0, "fpem/risk_router_pairwise_lambda": 0.0, "fpem/env_route_train_mode_progressive_gmm_environment": 0.0, "fpem/top_level_prediction_source_progressive_gmm_teacher_hard": 0.0, "fpem/progressive_assignment_uses_target_or_prediction_error": 0.0, "fpem/progressive_partition_ready": 0.0, "fpem/progressive_selected_k": 0.0, "fpem/progressive_active_expert_count": 0.0, "fpem/progressive_last_partition_epoch": 0.0, "fpem/progressive_lambda_common": 0.0, "fpem/progressive_common_term": 0.0, "fpem/progressive_compactness_loss": 0.0, "fpem/progressive_consistency_loss": 0.0, "fpem/progressive_cluster_entropy": 0.0, "fpem/progressive_assignment_change_ratio": 0.0, "fpem/progressive_hungarian_overlap_score": 0.0, "fpem/progressive_partition_update_time_sec": 0.0, "fpem/progressive_routed_mae": 0.0, "fpem/progressive_gmm_environment_total_replaces_primary": 0.0, "fpem/env_route_count_head_0": 16.0, "fpem/env_route_oracle_count_head_0": 16.0, "fpem/route_count_env_head_0": 16.0, "fpem/route_soft_mean_expert_0": 1.0, "fpem/route_hard_count_expert_0": 16.0, "fpem/hard_count_expert_0": 16.0, "fpem/sinkhorn_soft_col_mass_expert_0": 0.0, "fpem/progressive_active_expert_0": 0.0, "fpem/progressive_cluster_size_0": 0.0, "fpem/progressive_cluster_ratio_0": 0.0, "fpem/progressive_cluster_to_expert_0": 0.0, "fpem/progressive_bic_k1": 0.0, "fpem/progressive_bic_score_k1": 0.0, "fpem/progressive_bic_rejected_k1": 0.0, "fpem/hyper_alpha_head_0": 0.0, "fpem/hyper_gamma_norm_head_0": 0.0, "fpem/hyper_beta_norm_head_0": 0.0, "fpem/expert_cross_mae_group_0_expert_0": 9.038345600309826, "fpem/load_expert_loss": 9.038345600309826, "fpem/conservative_override_router_loss": 0.09214184710844642, "fpem/hard_router_loss": 0.09214184710844642, "fpem/load_level_assignment_detached": 1.0, "fpem/load_level_count_0": 1680.0, "fpem/load_level_ratio_0": 1.0, "fpem/expert_0_global_loss": 9.038345600309826, "fpem/expert_0_selected_loss": 9.038345600309826, "fpem/conservative_all_environment_mae": 9.038345600309826, "fpem/conservative_all_invariant_mae": 9.66223758061727, "fpem/conservative_selective_hard_routing_mae": 9.038345600309826, "fpem/conservative_oracle_mae": 9.015997950236002, "fpem/conservative_router_accuracy": 0.8994047619047619, "fpem/conservative_router_balanced_accuracy": 0.6142857142857143, "fpem/conservative_invariant_switch_coverage": 0.0, "fpem/conservative_invariant_switch_precision": 0.0, "fpem/conservative_correct_beneficial_switches": 0.0, "fpem/conservative_harmful_invariant_switches": 0.0, "fpem/conservative_saved_loss_from_correct_switches": 0.0, "fpem/conservative_added_loss_from_harmful_switches": 0.0, "fpem/conservative_net_routing_gain": 0.0, "fpem/conservative_oracle_gap_closed": 0.0, "fpem/conservative_selected_threshold": 0.5, "fpem/conservative_selected_margin": 0.0, "fpem/conservative_delta_mean": -0.6238918528670356, "fpem/conservative_delta_positive_ratio": 0.1005952380952381, "fpem/conservative_target_inv_ratio": 0.1005952380952381, "fpem/conservative_p_inv_mean": 0.019449497590817155, "fpem/conservative_p_inv_min": 0.004155757725017056, "fpem/conservative_p_inv_max": 0.04564860599736373, "fpem/conservative_prediction_is_hard_route": 1.0, "fpem/conservative_prediction_is_soft_fusion": 0.0, "fpem/conservative_router_target_detached": 1.0, "fpem/conservative_delta_detached": 1.0, "fpem/conservative_harmful_switch_weight": 2.0, "fpem/hard_router_predicted_env_ratio": 1.0, "fpem/hard_router_effective_env_ratio": 1.0, "fpem/hard_router_target_env_ratio": 0.8994047619047619, "fpem/hard_router_gain_mean": -0.6238918528670356, "fpem/hard_router_margin_mean": 0.0, "fpem/conservative_router_supervision_enabled": 1.0, "fpem/conservative_router_weight_mean": 0.9999999937557039, "fpem/conservative_router_weight_min": 0.08113657433561804, "fpem/conservative_router_weight_max": 2.5868754965918406, "fpem/expert_prediction_pairwise_difference": 0.0, "fpem/delta_pairwise_cosine": 0.0, "fpem/delta_pairwise_l1": 0.0, "fpem/delta_pairwise_l2": 0.0, "fpem/expert_0_parameter_norm": 15.07351142338344, "fpem/hard_binary_router_enabled": 1.0, "fpem/hard_router_uses_target_in_forward": 0.0, "fpem/stored_future_c_loaded": 0.0, "fpem/prediction_is_weighted_complete_fusion": 0.0, "fpem/prediction_is_hard_route": 1.0, "fpem/conservative_inv_override_enabled": 1.0, "fpem/conservative_router_features_detached": 1.0, "fpem/future_mi_loss": 0.0, "fpem/future_mi_valid": 0.0, "fpem/future_mi_logvar_mean": 0.0, "fpem/future_mi_target_mode_env_encoder": 0.0, "fpem/swap_loss": 0.0, "fpem/swap_diff_loss": 0.0, "fpem/swap_same_loss": 0.0, "fpem/swap_gain_mean": 0.0, "fpem/swap_s_gain_mean": 0.0, "fpem/swap_fallback_router_loss": 0.0, "fpem/swap_fallback_q_mean": 0.0, "fpem/swap_prediction_delta": 0.0, "fpem/swap_route_delta": 0.0, "fpem/swap_hyper_alpha_delta": 0.0, "fpem/swap_hyper_delta_norm": 0.0, "fpem/loss_env_day": 0.0, "fpem/loss_env_hour": 0.0, "fpem/loss_env_rush": 0.0, "fpem/env_day_acc": 0.0, "fpem/env_hour_acc": 0.0, "fpem/env_rush_acc": 0.0, "fpem/loss_env_supcon": 0.0, "fpem/env_supcon_valid_pairs": 0.0, "fpem/loss_inv_env_adv": 0.0, "fpem/inv_day_acc": 0.0, "fpem/inv_hour_acc": 0.0, "fpem/inv_rush_acc": 0.0, "fpem/loss_cross_cov_sep": 0.0, "fpem/load_level_experts_enabled": 1.0, "fpem/load_level_uses_target_or_future_load": 0.0, "fpem/environment_gate_uses_target_in_forward": 0.0, "fpem/load_level_env_residual_scale": 0.0, "fpem/uses_cached_observable_load_prior": 1.0, "fpem/primary_loss": 8.644424020676386, "fpem/inv_pred_loss": 9.21607775461106, "fpem/primary_uses_route": 1.0, "fpem/primary_uses_env_fusion": 0.0, "fpem/backbone_agcrn": 1.0, "fpem/backbone_graphwavenet": 0.0, "fpem/backbone_staeformer": 0.0, "fpem/gc_pred_loss_only": 1.0, "fpem/env_route_head_mode_hyper_proto": 1.0, "fpem/fpem_force_uniform_route": 0.0, "fpem/hard_prediction_sinkhorn_total_replaces_primary": 0.0, "fpem/hard_prediction_environment_sinkhorn_total_replaces_primary": 0.0, "fpem/warmup_risk_sinkhorn_total_replaces_primary": 0.0, "fpem/lambda_club_mi": 0.0}, "conservative_override_threshold_selection": {"split": "val", "threshold": 0.5, "margin": 0.0, "mae": 11.524059295654297, "loss": 11.728970474667019, "mape": 0.18227747082710266, "confirmed_result": {"loss": 11.728970474667019, "mae": 11.524059295654297, "mape": 0.18227747082710266}}}
CONSERVATIVE_OVERRIDE_FINAL_AUDIT {"val": {"split": "val", "num_samples": 274, "all_environment_mae": 12.285269737243652, "all_invariant_mae": 12.481095314025879, "selective_hard_routing_mae": 12.285269737243652, "oracle_mae": 12.18670654296875, "router_accuracy": 0.6642335653305054, "balanced_accuracy": 0.5, "invariant_switch_coverage": 0.0, "invariant_switch_precision": 0.0, "correct_beneficial_switches": 0, "harmful_invariant_switches": 0, "saved_loss_from_correct_switches": 0.0, "added_loss_from_harmful_switches": 0.0, "net_routing_gain": 0.0, "oracle_gap_closed": 0.0, "selected_threshold": 0.5, "selected_margin": 0.0, "target_inv_ratio": 0.33576643466949463, "delta_mean": -0.19582588970661163, "prediction_source": "conservative_inv_override_hard", "prediction_is_soft_fusion": false}, "test_mixed": {"split": "test_mixed", "num_samples": 546, "all_environment_mae": 11.139732360839844, "all_invariant_mae": 11.461053848266602, "selective_hard_routing_mae": 11.139732360839844, "oracle_mae": 11.063799858093262, "router_accuracy": 0.7582417726516724, "balanced_accuracy": 0.5, "invariant_switch_coverage": 0.0, "invariant_switch_precision": 0.0, "correct_beneficial_switches": 0, "harmful_invariant_switches": 0, "saved_loss_from_correct_switches": 0.0, "added_loss_from_harmful_switches": 0.0, "net_routing_gain": 0.0, "oracle_gap_closed": 0.0, "selected_threshold": 0.5, "selected_margin": 0.0, "target_inv_ratio": 0.24175824224948883, "delta_mean": -0.32132166624069214, "prediction_source": "conservative_inv_override_hard", "prediction_is_soft_fusion": false}, "test_workday": {"split": "test_workday", "num_samples": 354, "all_environment_mae": 11.042793273925781, "all_invariant_mae": 11.337368965148926, "selective_hard_routing_mae": 11.042793273925781, "oracle_mae": 10.962096214294434, "router_accuracy": 0.7570621371269226, "balanced_accuracy": 0.5, "invariant_switch_coverage": 0.0, "invariant_switch_precision": 0.0, "correct_beneficial_switches": 0, "harmful_invariant_switches": 0, "saved_loss_from_correct_switches": 0.0, "added_loss_from_harmful_switches": 0.0, "net_routing_gain": 0.0, "oracle_gap_closed": 0.0, "selected_threshold": 0.5, "selected_margin": 0.0, "target_inv_ratio": 0.2429378479719162, "delta_mean": -0.2945765256881714, "prediction_source": "conservative_inv_override_hard", "prediction_is_soft_fusion": false}, "test_holiday": {"split": "test_holiday", "num_samples": 192, "all_environment_mae": 11.318465232849121, "all_invariant_mae": 11.68909740447998, "selective_hard_routing_mae": 11.318465232849121, "oracle_mae": 11.251309394836426, "router_accuracy": 0.7604166865348816, "balanced_accuracy": 0.5, "invariant_switch_coverage": 0.0, "invariant_switch_precision": 0.0, "correct_beneficial_switches": 0, "harmful_invariant_switches": 0, "saved_loss_from_correct_switches": 0.0, "added_loss_from_harmful_switches": 0.0, "net_routing_gain": 0.0, "oracle_gap_closed": 0.0, "selected_threshold": 0.5, "selected_margin": 0.0, "target_inv_ratio": 0.2395833283662796, "delta_mean": -0.3706331253051758, "prediction_source": "conservative_inv_override_hard", "prediction_is_soft_fusion": false}}
SUMMARY {"exp_name": "fpem_agcrn_aligned_pretrained_inv_conservative_inv_override_regret_router_0731_obs_k1_conservative_inv_override_regret_router_seed2024", "model": "steve", "ablation": "obs_k1_conservative_inv_override_regret_router", "best_epoch": 93, "best_val_loss": 10.493890762329102, "best_checkpoint_selection_split": "test_avg_DIAGNOSTIC", "best_checkpoint_selection_metric": "test_avg_mae", "test_mixed_mae": 10.465710639953613, "test_workday_mae": 10.388936996459961, "test_holiday_mae": 10.598844528198242, "test_avg_mae": 10.493890762329102, "top_level_prediction_source": "conservative_inv_override_hard_val_selected", "fpem_override_threshold": 0.5, "fpem_override_margin": 0.0, "finished": true}
