{
  "checkpoint_path": "/data/OuXiaoyu/STEVE_CODE/STEVE/experiments/NYCTaxi_TDS/steve_full_reproduce_seed2024/best_model.pth",
  "split": "test",
  "num_samples": 546,
  "base_mae_mean": 74.12229919433594,
  "full_mae_mean": 68.38217163085938,
  "mean_delta_base_minus_full": 5.740133762359619,
  "median_delta": 6.418058395385742,
  "std_delta": 3.5991272926330566,
  "q25_delta": 2.896028518676758,
  "q75_delta": 7.8511857986450195,
  "env_helps_count": 481,
  "env_helps_prop": 0.8809523809523809,
  "env_hurts_count": 17,
  "env_hurts_prop": 0.031135531135531136,
  "env_neutral_count": 48,
  "env_neutral_prop": 0.08791208791208792,
  "metric_mask_value": 5.0,
  "masked_valid_samples": 546,
  "base_global_masked_mae": 32.22602081298828,
  "full_global_masked_mae": 11.961324691772461,
  "global_delta_masked_base_minus_full": 20.26469612121582,
  "base_mae_masked_mean": 31.205092030482263,
  "full_mae_masked_mean": 11.769911180697802,
  "mean_delta_masked_base_minus_full": 19.435180849784455,
  "median_delta_masked": 22.450529057724673,
  "std_delta_masked": 11.871851528564255,
  "q25_delta_masked": 9.196164281142146,
  "q75_delta_masked": 28.809489699745555,
  "env_helps_masked_count": 492,
  "env_helps_masked_prop": 0.9010989010989011,
  "env_hurts_masked_count": 3,
  "env_hurts_masked_prop": 0.005494505494505495,
  "env_neutral_masked_count": 51,
  "env_neutral_masked_prop": 0.09340659340659341,
  "tie_threshold": 1e-06,
  "env_delta_abs_mean": 10.159876823425293
}