{
  "checkpoint": "/data/OuXiaoyu/STEVE_CODE/STEVE/experiments/NYCTaxi_TDS/fpem_agcrn_aligned_pretrained_inv_input_add_module_validity_progressive_gmm_0720_add_progressive_gmm_kmax3_common020_seed2026/best_val_model.pth",
  "seed": 2026,
  "k": 3,
  "mapping_source": "validation",
  "validation_cross_mae": [
    [
      9.851455535333544,
      9.925546806743348,
      10.01893075522423
    ],
    [
      9.207651702623064,
      9.252639929680923,
      9.203535203266489
    ],
    [
      6.155195208495796,
      6.038795553586513,
      6.284568043593792
    ]
  ],
  "identity_mapping": {
    "0": 0,
    "1": 1,
    "2": 2
  },
  "hungarian_mapping": {
    "0": 0,
    "1": 2,
    "2": 1
  },
  "independent_mapping": {
    "0": 0,
    "1": 2,
    "2": 1
  },
  "training_cluster_prior": [
    0.3467765152454376,
    0.3993322253227234,
    0.253891259431839
  ],
  "training_prior_converted_to_expert_prior_by_hungarian_mapping": [
    0.3467765152454376,
    0.253891259431839,
    0.3993322253227234
  ],
  "gmm_fit_source": "training"
}