{
  "temporal_order_verified": true,
  "self_transition_probability_mean": 0.8333888994729155,
  "mean_run_length": 5.934782608695652
}