{
  "temporal_order_verified": true,
  "self_transition_probability_mean": 0.8187577034074086,
  "mean_run_length": 5.870967741935484
}