{
  "exp_name": "fpem_agcrn_aligned_module_build_loo_no_confounder_extractor_seed2025",
  "seed": 2025,
  "dataset": "NYCTaxi_TDS",
  "model": "steve",
  "ablation": "loo_no_confounder_extractor",
  "best_epoch": 79,
  "best_val_loss": 10.987356397840712,
  "test_mixed_mae": 10.321087837219238,
  "test_workday_mae": 10.2935152053833,
  "test_holiday_mae": 10.369088172912598,
  "test_avg_mae": 10.33130168914795,
  "finished": true,
  "counts": {
    "train_total": 1680,
    "train_workday": 1200,
    "train_holiday": 480,
    "train_workday_holiday_ratio": 2.5,
    "val_total": 274,
    "val_workday": 178,
    "val_holiday": 96,
    "test_total": 546,
    "test_workday": 354,
    "test_holiday": 192
  },
  "best": {
    "val": {
      "mae": 10.987356397840712,
      "epoch": 79
    },
    "test_avg": {
      "mae": 10.27303171157837,
      "epoch": 95
    },
    "workday": {
      "mae": 10.221906661987305,
      "epoch": 97
    },
    "holiday": {
      "mae": 10.293673515319824,
      "epoch": 98
    }
  },
  "final": {
    "val": {
      "selected_epoch": 79,
      "val": {
        "loss": 10.987356397840712,
        "mae": 10.782363891601562,
        "mape": 0.19232520461082458
      },
      "test_mixed": {
        "loss": 10.369101824079241,
        "mae": 10.321087837219238,
        "mape": 0.18389056622982025
      },
      "test_workday": {
        "loss": 10.305086529773215,
        "mae": 10.2935152053833,
        "mape": 0.18585191667079926
      },
      "test_holiday": {
        "loss": 10.461345593134562,
        "mae": 10.369088172912598,
        "mape": 0.18047603964805603
      },
      "test_avg_mae": 10.33130168914795
    },
    "test_avg": {
      "selected_epoch": 95,
      "val": {
        "loss": 11.145537323421902,
        "mae": 10.937808990478516,
        "mape": 0.1913839429616928
      },
      "test_mixed": {
        "loss": 10.316684368678501,
        "mae": 10.267230987548828,
        "mape": 0.1812169849872589
      },
      "test_workday": {
        "loss": 10.262924567512844,
        "mae": 10.251567840576172,
        "mape": 0.182191401720047
      },
      "test_holiday": {
        "loss": 10.391643206278482,
        "mae": 10.294495582580566,
        "mape": 0.1795206069946289
      },
      "test_avg_mae": 10.27303171157837
    },
    "workday": {
      "selected_epoch": 97,
      "val": {
        "loss": 11.125584575865004,
        "mae": 10.927518844604492,
        "mape": 0.1927138715982437
      },
      "test_mixed": {
        "loss": 10.299521378108434,
        "mae": 10.26618766784668,
        "mape": 0.18170221149921417
      },
      "test_workday": {
        "loss": 10.209146271581234,
        "mae": 10.221906661987305,
        "mape": 0.18285278975963593
      },
      "test_holiday": {
        "loss": 10.444831331570944,
        "mae": 10.343271255493164,
        "mape": 0.1796990931034088
      },
      "test_avg_mae": 10.282588958740234
    },
    "holiday": {
      "selected_epoch": 98,
      "val": {
        "loss": 11.173539267645943,
        "mae": 10.983174324035645,
        "mape": 0.19207191467285156
      },
      "test_mixed": {
        "loss": 10.3989255632673,
        "mae": 10.340912818908691,
        "mape": 0.18106622993946075
      },
      "test_workday": {
        "loss": 10.386931709621264,
        "mae": 10.368047714233398,
        "mape": 0.1823178082704544
      },
      "test_holiday": {
        "loss": 10.392133831977844,
        "mae": 10.293673515319824,
        "mape": 0.17888733744621277
      },
      "test_avg_mae": 10.330860614776611
    }
  },
  "elapsed_min": 152.30148225227992,
  "args": {
    "seed": 2025,
    "device": "cuda:0",
    "mode": "train",
    "best_path": "/home/zhangwt/remote/StableST/experiments/NYCTaxi/20240510-014845/best_model.pth",
    "debug": false,
    "data_dir": "/data/OuXiaoyu/STEVE_CODE/STEVE/data",
    "dataset": "NYCTaxi_TDS",
    "input_length": 35,
    "batch_size": 16,
    "test_batch_size": 16,
    "graph_file": "/data/OuXiaoyu/STEVE_CODE/STEVE/data/NYCTaxi_TDS/adj_mx.npz",
    "num_nodes": 200,
    "len_closeness": 8,
    "len_period": 27,
    "len_trend": 0,
    "d_input": 2,
    "d_output": 2,
    "d_model": 64,
    "dropout": 0.1,
    "percent": 0.1,
    "shm_temp": 0.5,
    "nmb_prototype": 4,
    "yita": 0.5,
    "layers": 3,
    "K": 64,
    "bank_gamma": 0.2,
    "kw": 1,
    "mi_w": 2,
    "epochs": 100,
    "lr_init": 0.001,
    "early_stop": true,
    "early_stop_patience": 30,
    "grad_norm": true,
    "max_grad_norm": 5,
    "use_dwa": true,
    "temp": 2,
    "MMI": false,
    "lr_patience": 20,
    "lr_mode": "only",
    "use_RevIN": true,
    "ablation": "loo_no_confounder_extractor",
    "config_filename": "/data/OuXiaoyu/STEVE_CODE/STEVE/configs/NYCTaxi.yaml",
    "model": "steve",
    "early_stop_test_avg_mae_epoch": 40,
    "early_stop_test_avg_mae_threshold": 12.0,
    "train_work_per_holiday": 2.5,
    "exp_name": "fpem_agcrn_aligned_module_build_loo_no_confounder_extractor_seed2025",
    "run_name": "fpem_agcrn_aligned_module_build_loo_no_confounder_extractor_seed2025",
    "result_root": "/data/OuXiaoyu/STEVE_CODE/STEVE/experiments/NYCTaxi_TDS",
    "resume": true,
    "resume_reset_patience": true,
    "max_train_batches": null,
    "max_eval_batches": null,
    "agcrn_lr": 0.003,
    "agcrn_embed_dim": 10,
    "agcrn_rnn_units": 64,
    "agcrn_num_layers": 2,
    "agcrn_cheb_k": 2,
    "fpem_backbone": "agcrn",
    "fpem_use_env_mask": true,
    "fpem_confounder_use_mask": false,
    "fpem_env_mask_hidden_dim": 64,
    "fpem_env_mask_temperature": 1.0,
    "fpem_env_mask_warmup_epochs": 5,
    "fpem_lambda_mask_sparse": 0.0005,
    "fpem_lambda_mask_entropy": 0.0005,
    "fpem_use_env_route": true,
    "fpem_use_env_fusion": true,
    "fpem_env_route_k": 1,
    "fpem_env_route_head_mode": "concat_input",
    "fpem_env_route_mode": "confidence_mix",
    "fpem_env_route_use_inv_fallback_expert": false,
    "fpem_env_route_tau": 1.0,
    "fpem_env_route_oracle_tau": 0.3,
    "fpem_env_route_train_mode": "soft_oracle",
    "fpem_env_route_hidden_dim": 64,
    "fpem_env_route_warmup_epochs": 5,
    "fpem_env_route_lambda_final": 1.0,
    "fpem_env_route_lambda_global": 0.0,
    "fpem_env_route_lambda_route_soft": 0.5,
    "fpem_env_route_lambda_expert": 0.2,
    "fpem_env_route_lambda_router_oracle": 1.0,
    "fpem_env_route_lambda_balance": 0.0,
    "fpem_env_route_lambda_diverse": 0.0,
    "fpem_env_route_lambda_entropy": 0.0,
    "fpem_lambda_inv_pred": 0.0,
    "fpem_hyper_alpha_mode": "sample_gate",
    "fpem_lambda_hyper_delta_norm": 0.0001,
    "fpem_use_confounder_extractor": false,
    "fpem_use_club_mi": true,
    "fpem_lambda_club_mi": 0.01,
    "fpem_use_future_mi": true,
    "fpem_lambda_future_mi": 0.02,
    "fpem_future_mi_target_mode": "env_encoder",
    "fpem_future_mi_warmup_epochs": 5,
    "fpem_future_mi_hidden_dim": 64,
    "fpem_future_mi_detach_target": true,
    "fpem_use_swap": true,
    "fpem_lambda_swap": 0.01,
    "fpem_swap_warmup_epochs": 30,
    "fpem_swap_margin": 0.01,
    "fpem_swap_gain_eta": 0.0,
    "fpem_swap_gain_tau": 0.05,
    "fpem_lambda_swap_diff": 1.0,
    "fpem_lambda_swap_same": 0.05,
    "fpem_swap_only_diff_route": true,
    "fpem_swap_detach_inv": true,
    "fpem_swap_detach_env": false,
    "fpem_use_swap_fallback_router_loss": false,
    "fpem_lambda_swap_fallback_router": 0.0,
    "fpem_swap_fallback_warmup_epochs": 30,
    "fpem_use_grad_consensus": false,
    "fpem_gc_pred_loss_only": true,
    "fpem_gc_inv_rho": 0.3,
    "fpem_gc_env_rho": 0.3,
    "fpem_gc_tau": 0.5,
    "fpem_gc_temp": 0.1,
    "fpem_gc_min_keep": 0.2,
    "fpem_gc_warmup_epochs": 10,
    "fpem_gc_route_min_samples": 2,
    "fpem_use_gradcompat_aux": false,
    "fpem_lambda_gradcompat_aux": 0.0,
    "git_commit": "1b38ed8",
    "log_dir": "/data/OuXiaoyu/STEVE_CODE/STEVE/experiments/NYCTaxi_TDS/fpem_agcrn_aligned_module_build_loo_no_confounder_extractor_seed2025"
  },