{
  "temporal_order_verified": true,
  "self_transition_probability_mean": 0.8838245938983628,
  "mean_run_length": 8.806451612903226
}