epoch,train_loss,train_huber,train_target_abs_mean,router_gap_scale_ema,val_routed_mae,val_oracle_mae,val_all_env_mae,val_router_gain,train_routed_mae,train_learned_routing_mae,train_all_environment_mae,train_all_env_mae,train_all_inv_mae,train_oracle_mae,train_router_gain,train_oracle_gain,train_captured_oracle_gain,train_net_gain,train_inv_route_ratio,train_target_inv_ratio,train_inv_switch_precision,train_correct_switch_count,train_wrong_switch_count,train_correct_switch_gain,train_wrong_switch_cost,train_raw_gap_mean,train_raw_gap_abs_mean,train_raw_gap_std,train_relative_gap_mean,train_relative_gap_abs_mean,train_relative_gap_std,train_relative_gap_abs_median,train_relative_gap_abs_p90,train_relative_gap_abs_p95,train_normalized_gap_mean,train_normalized_gap_abs_mean,train_normalized_gap_std,train_router_score_min,train_router_score_mean,train_router_score_max,train_router_score_std,train_inv_auroc,train_inv_auprc,train_relative_gap_pearson,train_relative_gap_spearman,val_learned_routing_mae,val_all_environment_mae,val_all_inv_mae,val_oracle_gain,val_captured_oracle_gain,val_net_gain,val_inv_route_ratio,val_target_inv_ratio,val_inv_switch_precision,val_correct_switch_count,val_wrong_switch_count,val_correct_switch_gain,val_wrong_switch_cost,val_raw_gap_mean,val_raw_gap_abs_mean,val_raw_gap_std,val_relative_gap_mean,val_relative_gap_abs_mean,val_relative_gap_std,val_relative_gap_abs_median,val_relative_gap_abs_p90,val_relative_gap_abs_p95,val_normalized_gap_mean,val_normalized_gap_abs_mean,val_normalized_gap_std,val_router_score_min,val_router_score_mean,val_router_score_max,val_router_score_std,val_inv_auroc,val_inv_auprc,val_relative_gap_pearson,val_relative_gap_spearman
1,0.41948890430586677,0.41948890430586677,1.0082268198331197,0.035137703745710125,12.379131317138672,12.300164222717285,12.379131317138672,0.0,9.42492389678955,9.42492389678955,9.42492389678955,9.42492389678955,9.662238121032715,9.390880584716797,0.0,0.034043312072753906,0.0,0.0,0.0,0.19702380895614624,0.0,0,0,0.0,0.0,-0.23731300234794617,0.30540168285369873,0.304758220911026,-0.02670421451330185,0.03482159227132797,0.03781461715698242,0.027175487019121647,0.07344757243990899,0.09349765069782734,-0.7599874138832092,0.9910036325454712,1.0761834383010864,-1.945022463798523,-0.6799953579902649,-0.0835266262292862,0.41131266951560974,0.5859728253444982,0.2534439208085906,0.34888659145120304,0.3347043480405459,12.379131317138672,12.379131317138672,12.481095314025879,0.07896709442138672,0.0,0.0,0.0,0.34306567907333374,0.0,0,0,0.0,0.0,-0.10196353495121002,0.259897381067276,0.3147825598716736,-0.010284535586833954,0.02320188656449318,0.02981916256248951,0.01796152349561453,0.051316675171256064,0.0572971137240529,-0.29269227385520935,0.660313069820404,0.8486371636390686,-1.7237646579742432,-0.6216846108436584,-0.07672985643148422,0.3991071879863739,0.5630023640661939,0.38612294498599975,0.2616924969423102,0.21202884706534342
2,0.3923429426692781,0.3923429426692781,0.99794450260344,0.03506998021816848,12.379131317138672,12.300164222717285,12.379131317138672,0.0,9.42492389678955,9.42492389678955,9.42492389678955,9.42492389678955,9.662238121032715,9.390880584716797,0.0,0.034043312072753906,0.0,0.0,0.0,0.19702380895614624,0.0,0,0,0.0,0.0,-0.23731300234794617,0.30540168285369873,0.304758220911026,-0.02670421451330185,0.03482159227132797,0.03781461715698242,0.027175487019121647,0.07344757243990899,0.09349765069782734,-0.7614549994468689,0.9929174780845642,1.0782617330551147,-2.4916768074035645,-0.8122356534004211,-0.09902766346931458,0.5029271245002747,0.5943823219168726,0.2634065359442381,0.3630044691136357,0.3476766728340433,12.379131317138672,12.379131317138672,12.481095314025879,0.07896709442138672,0.0,0.0,0.0,0.34306567907333374,0.0,0,0,0.0,0.0,-0.10196353495121002,0.259897381067276,0.3147825598716736,-0.010284535586833954,0.02320188656449318,0.02981916256248951,0.01796152349561453,0.051316675171256064,0.0572971137240529,-0.29325753450393677,0.6615882515907288,0.850275993347168,-2.1247711181640625,-0.7513137459754944,-0.08525516092777252,0.4894038140773773,0.5663120567375887,0.3826060555952913,0.28112013848462,0.21717756695858886
3,0.38718864023685456,0.38718864023685456,1.0018711674781073,0.03514852819158268,12.379131317138672,12.300164222717285,12.379131317138672,0.0,9.42492389678955,9.42492389678955,9.42492389678955,9.42492389678955,9.662238121032715,9.390880584716797,0.0,0.034043312072753906,0.0,0.0,0.0,0.19702380895614624,0.0,0,0,0.0,0.0,-0.23731300234794617,0.30540168285369873,0.304758220911026,-0.02670421451330185,0.03482159227132797,0.03781461715698242,0.027175487019121647,0.07344757243990899,0.09349765069782734,-0.759753406047821,0.9906984567642212,1.0758520364761353,-1.9800533056259155,-0.7200161814689636,-0.088795006275177,0.3518829941749573,0.6567805625292541,0.29766865417866,0.3893327867777468,0.4053539997470023,12.379131317138672,12.379131317138672,12.481095314025879,0.07896709442138672,0.0,0.0,0.0,0.34306567907333374,0.0,0,0,0.0,0.0,-0.10196353495121002,0.259897381067276,0.3147825598716736,-0.010284535586833954,0.02320188656449318,0.02981916256248951,0.01796152349561453,0.051316675171256064,0.0572971137240529,-0.29260218143463135,0.6601097583770752,0.8483758568763733,-1.701229453086853,-0.666784405708313,-0.08820050954818726,0.32710230350494385,0.5673167848699764,0.3905844334511528,0.19160293468239623,0.1995858156442098
4,0.38428986562149864,0.38428986562149864,0.9962446099235898,0.035017084783366514,12.379131317138672,12.300164222717285,12.379131317138672,0.0,9.42492389678955,9.42492389678955,9.42492389678955,9.42492389678955,9.662238121032715,9.390880584716797,0.0,0.034043312072753906,0.0,0.0,0.0,0.19702380895614624,0.0,0,0,0.0,0.0,-0.23731300234794617,0.30540168285369873,0.304758220911026,-0.02670421451330185,0.03482159227132797,0.03781461715698242,0.027175487019121647,0.07344757243990899,0.09349765069782734,-0.7626051902770996,0.9944172501564026,1.079890489578247,-2.301415205001831,-0.8904001712799072,-0.1410154402256012,0.4262503385543823,0.6241011020807625,0.27922624543336305,0.40676952790261034,0.3832621445176335,12.379131317138672,12.379131317138672,12.481095314025879,0.07896709442138672,0.0,0.0,0.0,0.34306567907333374,0.0,0,0,0.0,0.0,-0.10196353495121002,0.259897381067276,0.3147825598716736,-0.010284535586833954,0.02320188656449318,0.02981916256248951,0.01796152349561453,0.051316675171256064,0.0572971137240529,-0.29370051622390747,0.6625876426696777,0.8515604138374329,-1.8412376642227173,-0.8111845254898071,-0.1314026117324829,0.41080203652381897,0.5686761229314421,0.38053129125022106,0.25743064408214894,0.2111882278305636
5,0.3829562633520081,0.3829562633520081,0.9943837529137021,0.034818484384673526,12.379131317138672,12.300164222717285,12.379131317138672,0.0,9.42492389678955,9.42492389678955,9.42492389678955,9.42492389678955,9.662238121032715,9.390880584716797,0.0,0.034043312072753906,0.0,0.0,0.0,0.19702380895614624,0.0,0,0,0.0,0.0,-0.23731300234794617,0.30540168285369873,0.304758220911026,-0.02670421451330185,0.03482159227132797,0.03781461715698242,0.027175487019121647,0.07344757243990899,0.09349765069782734,-0.7669550776481628,1.000089168548584,1.086050033569336,-2.3247764110565186,-0.7198404669761658,-0.09740665555000305,0.426959365606308,0.6431215692949236,0.30494094030318114,0.43319290160272744,0.417860545439565,12.379131317138672,12.379131317138672,12.481095314025879,0.07896709442138672,0.0,0.0,0.0,0.34306567907333374,0.0,0,0,0.0,0.0,-0.10196353495121002,0.259897381067276,0.3147825598716736,-0.010284535586833954,0.02320188656449318,0.02981916256248951,0.01796152349561453,0.051316675171256064,0.0572971137240529,-0.2953757047653198,0.6663668751716614,0.8564175367355347,-2.0212018489837646,-0.6734061241149902,-0.09281104803085327,0.40573662519454956,0.5774822695035461,0.390615345026594,0.27689456131284546,0.23641205509818647
6,0.3873717166128613,0.3873717166128613,0.9969892870812189,0.034716676671694015,12.379131317138672,12.300164222717285,12.379131317138672,0.0,9.42492389678955,9.42492389678955,9.42492389678955,9.42492389678955,9.662238121032715,9.390880584716797,0.0,0.034043312072753906,0.0,0.0,0.0,0.19702380895614624,0.0,0,0,0.0,0.0,-0.23731300234794617,0.30540168285369873,0.304758220911026,-0.02670421451330185,0.03482159227132797,0.03781461715698242,0.027175487019121647,0.07344757243990899,0.09349765069782734,-0.7692041397094727,1.0030220746994019,1.0892349481582642,-1.867988109588623,-0.6417086124420166,-0.11888883262872696,0.2981366515159607,0.6778770892168082,0.329925432158753,0.42864979774990275,0.42819539980691357,12.379131317138672,12.379131317138672,12.481095314025879,0.07896709442138672,0.0,0.0,0.0,0.34306567907333374,0.0,0,0,0.0,0.0,-0.10196353495121002,0.259897381067276,0.3147825598716736,-0.010284535586833954,0.02320188656449318,0.02981916256248951,0.01796152349561453,0.051316675171256064,0.0572971137240529,-0.2962419390678406,0.6683210134506226,0.8589290380477905,-1.635358214378357,-0.597141683101654,-0.1176069974899292,0.27891024947166443,0.5801418439716312,0.3970054397882365,0.2201774907173057,0.21974667668098324
7,0.3775047222773234,0.3775047222773234,0.9983169578370594,0.034664104445260066,12.379131317138672,12.300164222717285,12.379131317138672,0.0,9.42492389678955,9.42492389678955,9.42492389678955,9.42492389678955,9.662238121032715,9.390880584716797,0.0,0.034043312072753906,0.0,0.0,0.0,0.19702380895614624,0.0,0,0,0.0,0.0,-0.23731300234794617,0.30540168285369873,0.304758220911026,-0.02670421451330185,0.03482159227132797,0.03781461715698242,0.027175487019121647,0.07344757243990899,0.09349765069782734,-0.7703707814216614,1.0045433044433594,1.0908868312835693,-2.106015920639038,-0.8031498789787292,-0.10320748388767242,0.39554762840270996,0.6664464446081801,0.3226284604231131,0.43931863305262886,0.4147500594224538,12.379131317138672,12.379131317138672,12.481095314025879,0.07896709442138672,0.0,0.0,0.0,0.34306567907333374,0.0,0,0,0.0,0.0,-0.10196353495121002,0.259897381067276,0.3147825598716736,-0.010284535586833954,0.02320188656449318,0.02981916256248951,0.01796152349561453,0.051316675171256064,0.0572971137240529,-0.2966912090778351,0.6693346500396729,0.8602316975593567,-1.8769313097000122,-0.7720047831535339,-0.11478056758642197,0.3794260323047638,0.5782505910165484,0.39562159758218274,0.24357192678257383,0.22475364052006389
8,0.3750592942748751,0.3750592942748751,0.9948834430603753,0.034484981898803814,12.379131317138672,12.300164222717285,12.379131317138672,0.0,9.42492389678955,9.42492389678955,9.42492389678955,9.42492389678955,9.662238121032715,9.390880584716797,0.0,0.034043312072753906,0.0,0.0,0.0,0.19702380895614624,0.0,0,0,0.0,0.0,-0.23731300234794617,0.30540168285369873,0.304758220911026,-0.02670421451330185,0.03482159227132797,0.03781461715698242,0.027175487019121647,0.07344757243990899,0.09349765069782734,-0.7743722200393677,1.0097609758377075,1.096553087234497,-2.2292511463165283,-0.6752215623855591,-0.07685713469982147,0.387982040643692,0.6484046591522421,0.31033609332882206,0.4285659020614456,0.41959633093741433,12.379131317138672,12.379131317138672,12.481095314025879,0.07896709442138672,0.0,0.0,0.0,0.34306567907333374,0.0,0,0,0.0,0.0,-0.10196353495121002,0.259897381067276,0.3147825598716736,-0.010284535586833954,0.02320188656449318,0.02981916256248951,0.01796152349561453,0.051316675171256064,0.0572971137240529,-0.2982323169708252,0.6728112697601318,0.8646999597549438,-1.9298814535140991,-0.610540509223938,-0.0879332572221756,0.3560734689235687,0.5751182033096927,0.3893285896352874,0.24501073852334498,0.22418544958690947
9,0.38251619601533526,0.38251619601533526,1.0105945723397392,0.034884923061091234,12.379131317138672,12.300164222717285,12.379131317138672,0.0,9.42492389678955,9.42492389678955,9.42492389678955,9.42492389678955,9.662238121032715,9.390880584716797,0.0,0.034043312072753906,0.0,0.0,0.0,0.19702380895614624,0.0,0,0,0.0,0.0,-0.23731300234794617,0.30540168285369873,0.304758220911026,-0.02670421451330185,0.03482159227132797,0.03781461715698242,0.027175487019121647,0.07344757243990899,0.09349765069782734,-0.7654944062232971,0.9981845617294312,1.0839816331863403,-2.6554136276245117,-1.019065022468567,-0.11446759104728699,0.48912784457206726,0.642940166039967,0.29677296208834825,0.4289948064301574,0.38317375971535017,12.379131317138672,12.379131317138672,12.481095314025879,0.07896709442138672,0.0,0.0,0.0,0.34306567907333374,0.0,0,0,0.0,0.0,-0.10196353495121002,0.259897381067276,0.3147825598716736,-0.010284535586833954,0.02320188656449318,0.02981916256248951,0.01796152349561453,0.051316675171256064,0.0572971137240529,-0.2948131859302521,0.6650978326797485,0.8547865748405457,-2.2454214096069336,-0.9476814270019531,-0.1612681746482849,0.474054753780365,0.5809692671394799,0.39401016567374175,0.26192161057686514,0.2363677198713695
10,0.3740644588356926,0.3740644588356926,1.0017581201734997,0.034957027239260884,12.379131317138672,12.300164222717285,12.379131317138672,0.0,9.42492389678955,9.42492389678955,9.42492389678955,9.42492389678955,9.662238121032715,9.390880584716797,0.0,0.034043312072753906,0.0,0.0,0.0,0.19702380895614624,0.0,0,0,0.0,0.0,-0.23731300234794617,0.30540168285369873,0.304758220911026,-0.02670421451330185,0.03482159227132797,0.03781461715698242,0.027175487019121647,0.07344757243990899,0.09349765069782734,-0.7639154195785522,0.9961256384849548,1.0817457437515259,-2.1745355129241943,-0.7603039145469666,-0.06254543364048004,0.4318983852863312,0.6621823483435195,0.3144332095535111,0.4621187395424208,0.4320338573215395,12.379131317138672,12.379131317138672,12.481095314025879,0.07896709442138672,0.0,0.0,0.0,0.34306567907333374,0.0,0,0,0.0,0.0,-0.10196353495121002,0.259897381067276,0.3147825598716736,-0.010284535586833954,0.02320188656449318,0.02981916256248951,0.01796152349561453,0.051316675171256064,0.0572971137240529,-0.29420506954193115,0.6637258529663086,0.8530233502388,-1.8365333080291748,-0.7092099785804749,-0.08295509219169617,0.4190898537635803,0.5778368794326241,0.4056593053621061,0.25234126241514626,0.22885173220939647
11,0.3715470573022252,0.3715470573022252,0.9982287196885972,0.034900198249691886,12.379131317138672,12.300164222717285,12.379131317138672,0.0,9.42492389678955,9.42492389678955,9.42492389678955,9.42492389678955,9.662238121032715,9.390880584716797,0.0,0.034043312072753906,0.0,0.0,0.0,0.19702380895614624,0.0,0,0,0.0,0.0,-0.23731300234794617,0.30540168285369873,0.304758220911026,-0.02670421451330185,0.03482159227132797,0.03781461715698242,0.027175487019121647,0.07344757243990899,0.09349765069782734,-0.7651592493057251,0.9977476596832275,1.0835071802139282,-1.9977681636810303,-0.6547477841377258,-0.08847091346979141,0.3029865622520447,0.6737988752998193,0.33684064187979385,0.4557883545780821,0.4494460910724143,12.379131317138672,12.379131317138672,12.481095314025879,0.07896709442138672,0.0,0.0,0.0,0.34306567907333374,0.0,0,0,0.0,0.0,-0.10196353495121002,0.259897381067276,0.3147825598716736,-0.010284535586833954,0.02320188656449318,0.02981916256248951,0.01796152349561453,0.051316675171256064,0.0572971137240529,-0.29468417167663574,0.664806604385376,0.8544123768806458,-1.6341291666030884,-0.606490433216095,-0.13876119256019592,0.2684370279312134,0.5824468085106383,0.40499963105010156,0.23016396763678462,0.22556392512596893
12,0.36460702759878977,0.36460702759878977,0.994830842812856,0.03471867712345989,12.379131317138672,12.300164222717285,12.379131317138672,0.0,9.42492389678955,9.42492389678955,9.42492389678955,9.42492389678955,9.662238121032715,9.390880584716797,0.0,0.034043312072753906,0.0,0.0,0.0,0.19702380895614624,0.0,0,0,0.0,0.0,-0.23731300234794617,0.30540168285369873,0.304758220911026,-0.02670421451330185,0.03482159227132797,0.03781461715698242,0.027175487019121647,0.07344757243990899,0.09349765069782734,-0.7691598534584045,1.0029642581939697,1.089172124862671,-3.030451774597168,-0.835982084274292,-0.0349355973303318,0.5543514490127563,0.6306719310936377,0.3155150393201699,0.4485934053329032,0.4077765162283928,12.379131317138672,12.379131317138672,12.481095314025879,0.07896709442138672,0.0,0.0,0.0,0.34306567907333374,0.0,0,0,0.0,0.0,-0.10196353495121002,0.259897381067276,0.3147825598716736,-0.010284535586833954,0.02320188656449318,0.02981916256248951,0.01796152349561453,0.051316675171256064,0.0572971137240529,-0.2962248921394348,0.6682825088500977,0.858879566192627,-2.516634941101074,-0.7571962475776672,-0.10796163976192474,0.5258929133415222,0.5776595744680851,0.37987518374640444,0.3172101722606876,0.24256648461028024
13,0.3768616076026644,0.3768616076026644,1.0072606909842718,0.03499615549678532,12.379131317138672,12.300164222717285,12.379131317138672,0.0,9.424952507019043,9.424952507019043,9.42492389678955,9.42492389678955,9.662238121032715,9.390880584716797,-2.86102294921875e-05,0.034043312072753906,-0.0008404067484661937,-2.86102294921875e-05,0.0023809524718672037,0.19702380895614624,0.25,1,3,0.024671554565429688,0.07258033752441406,-0.23731300234794617,0.30540168285369873,0.304758220911026,-0.02670421451330185,0.03482159227132797,0.03781461715698242,0.027175487019121647,0.07344757243990899,0.09349765069782734,-0.7630612850189209,0.9950119853019714,1.0805362462997437,-2.1809158325195312,-0.5567977428436279,0.03733755275607109,0.37024542689323425,0.6789408737366159,0.3195601132728682,0.4546524125874804,0.4436890096558111,12.379131317138672,12.379131317138672,12.481095314025879,0.07896709442138672,0.0,0.0,0.0,0.34306567907333374,0.0,0,0,0.0,0.0,-0.10196353495121002,0.259897381067276,0.3147825598716736,-0.010284535586833954,0.02320188656449318,0.02981916256248951,0.01796152349561453,0.051316675171256064,0.0572971137240529,-0.29387614130973816,0.662983775138855,0.8520696759223938,-1.9019981622695923,-0.53122478723526,-0.006244529038667679,0.3241977393627167,0.5700354609929078,0.43365140355940607,0.2198151318682842,0.20679262343495922
14,0.3623510335172926,0.3623510335172926,0.9995841117132278,0.03499027959111924,12.376962661743164,12.300164222717285,12.379131317138672,0.0021686553955078125,9.424593925476074,9.424593925476074,9.42492389678955,9.42492389678955,9.662238121032715,9.390880584716797,0.0003299713134765625,0.034043312072753906,0.009692691266536713,0.0003299713134765625,0.01785714365541935,0.19702380895614624,0.5,15,15,2.126999855041504,1.572157382965088,-0.23731300234794617,0.30540168285369873,0.304758220911026,-0.02670421451330185,0.03482159227132797,0.03781461715698242,0.027175487019121647,0.07344757243990899,0.09349765069782734,-0.763189435005188,0.9951789379119873,1.08071768283844,-2.204009771347046,-0.6677965521812439,0.12208141386508942,0.4025925397872925,0.6955224749674705,0.35294676071206216,0.43704030104209235,0.4320351227092712,12.376962661743164,12.379131317138672,12.481095314025879,0.07896709442138672,0.027462773025035858,0.0021686553955078125,0.021897809579968452,0.34306567907333374,0.8333333134651184,5,1,0.6899428367614746,0.09569740295410156,-0.10196353495121002,0.259897381067276,0.3147825598716736,-0.010284535586833954,0.02320188656449318,0.02981916256248951,0.01796152349561453,0.051316675171256064,0.0572971137240529,-0.2939254939556122,0.6630951762199402,0.8522127270698547,-1.9051690101623535,-0.6285926699638367,0.09182782471179962,0.3556906580924988,0.5627068557919622,0.45328692152808636,0.1652726054185028,0.15952543806558406
15,0.36120398051681973,0.36120398051681973,0.9984131097793579,0.03493877773341647,12.379131317138672,12.300164222717285,12.379131317138672,0.0,9.424909591674805,9.424909591674805,9.42492389678955,9.42492389678955,9.662238121032715,9.390880584716797,1.430511474609375e-05,0.034043312072753906,0.00042020337423309684,1.430511474609375e-05,0.0005952381179668009,0.19702380895614624,1.0,1,0,0.024671554565429688,0.0,-0.23731300234794617,0.30540168285369873,0.304758220911026,-0.02670421451330185,0.03482159227132797,0.03781461715698242,0.027175487019121647,0.07344757243990899,0.09349765069782734,-0.7643144726753235,0.996645987033844,1.0823107957839966,-2.968317985534668,-0.8728135824203491,0.056607432663440704,0.47405827045440674,0.6719725252452863,0.32720272098150144,0.48649223316499474,0.439740297920956,12.379131317138672,12.379131317138672,12.481095314025879,0.07896709442138672,0.0,0.0,0.0,0.34306567907333374,0.0,0,0,0.0,0.0,-0.10196353495121002,0.259897381067276,0.3147825598716736,-0.010284535586833954,0.02320188656449318,0.02981916256248951,0.01796152349561453,0.051316675171256064,0.0572971137240529,-0.2943587899208069,0.6640725135803223,0.8534689545631409,-2.2793476581573486,-0.8481796383857727,-0.02236195281147957,0.43667861819267273,0.5981087470449172,0.43778154993792867,0.2556955632806899,0.24360544564924128
16,0.356205490231514,0.356205490231514,0.9928235939570835,0.03468329763320258,12.379131317138672,12.300164222717285,12.379131317138672,0.0,9.424909591674805,9.424909591674805,9.42492389678955,9.42492389678955,9.662238121032715,9.390880584716797,1.430511474609375e-05,0.034043312072753906,0.00042020337423309684,1.430511474609375e-05,0.0023809524718672037,0.19702380895614624,0.25,1,3,0.024671554565429688,0.0,-0.23731300234794617,0.30540168285369873,0.304758220911026,-0.02670421451330185,0.03482159227132797,0.03781461715698242,0.027175487019121647,0.07344757243990899,0.09349765069782734,-0.769944429397583,1.0039873123168945,1.0902831554412842,-3.075096368789673,-0.6918359398841858,0.09856636822223663,0.49923190474510193,0.6536631139996283,0.3107317356751769,0.4829276933837992,0.44348320446435296,12.379131317138672,12.379131317138672,12.481095314025879,0.07896709442138672,0.0,0.0,0.0,0.34306567907333374,0.0,0,0,0.0,0.0,-0.10196353495121002,0.259897381067276,0.3147825598716736,-0.010284535586833954,0.02320188656449318,0.02981916256248951,0.01796152349561453,0.051316675171256064,0.0572971137240529,-0.29652702808380127,0.6689642071723938,0.8597556948661804,-2.4993557929992676,-0.636614978313446,-0.01214933767914772,0.4614916741847992,0.5988770685579197,0.4499665790331627,0.31746875034480565,0.2646716786862773
17,0.36488195544197444,0.36488195544197444,1.0040542511712938,0.034840885228203645,12.379131317138672,12.300164222717285,12.379131317138672,0.0,9.42492389678955,9.42492389678955,9.42492389678955,9.42492389678955,9.662238121032715,9.390880584716797,0.0,0.034043312072753906,0.0,0.0,0.0,0.19702380895614624,0.0,0,0,0.0,0.0,-0.23731300234794617,0.30540168285369873,0.304758220911026,-0.02670421451330185,0.03482159227132797,0.03781461715698242,0.027175487019121647,0.07344757243990899,0.09349765069782734,-0.7664619088172913,0.9994461536407471,1.0853517055511475,-2.9298839569091797,-0.7698915600776672,-0.008311871439218521,0.5015721321105957,0.657333730479554,0.33939768147459515,0.48961560101700546,0.44637705256804483,12.379131317138672,12.379131317138672,12.481095314025879,0.07896709442138672,0.0,0.0,0.0,0.34306567907333374,0.0,0,0,0.0,0.0,-0.10196353495121002,0.259897381067276,0.3147825598716736,-0.010284535586833954,0.02320188656449318,0.02981916256248951,0.01796152349561453,0.051316675171256064,0.0572971137240529,-0.2951858341693878,0.6659384369850159,0.8558669686317444,-2.462697744369507,-0.7036623954772949,-0.09309599548578262,0.46058306097984314,0.592434988179669,0.43330251572026834,0.304354900277892,0.2673627102824183
18,0.35550419234094166,0.35550419234094166,1.0026652182851519,0.034948925788221,12.3788480758667,12.300164222717285,12.379131317138672,0.00028324127197265625,9.425015449523926,9.425015449523926,9.42492389678955,9.42492389678955,9.662238121032715,9.390880584716797,-9.1552734375e-05,0.034043312072753906,-0.002689301734790206,-9.1552734375e-05,0.004166666883975267,0.19702380895614624,0.2857142984867096,2,5,0.41027069091796875,0.5622196197509766,-0.23731300234794617,0.30540168285369873,0.304758220911026,-0.02670421451330185,0.03482159227132797,0.03781461715698242,0.027175487019121647,0.07344757243990899,0.09349765069782734,-0.7640925049781799,0.9963565468788147,1.0819964408874512,-3.339005947113037,-0.9393829107284546,0.09358400851488113,0.5802833437919617,0.6925819506000864,0.34635658096778543,0.5096302445091347,0.4836830643580929,12.3788480758667,12.379131317138672,12.481095314025879,0.07896709442138672,0.0035868266131728888,0.00028324127197265625,0.007299270015209913,0.34306567907333374,1.0,2,0,0.07769060134887695,0.0,-0.10196353495121002,0.259897381067276,0.3147825598716736,-0.010284535586833954,0.02320188656449318,0.02981916256248951,0.01796152349561453,0.051316675171256064,0.0572971137240529,-0.2942732274532318,0.6638798117637634,0.8532211184501648,-2.7147278785705566,-0.8753315806388855,0.024238042533397675,0.5217715501785278,0.6028959810874704,0.4556517428189728,0.29386238026133377,0.26680035293173976
19,0.3572885574329467,0.3572885574329467,0.9953037179651715,0.03478322017056809,12.378007888793945,12.300164222717285,12.379131317138672,0.0011234283447265625,9.424230575561523,9.424230575561523,9.42492389678955,9.42492389678955,9.662238121032715,9.390880584716797,0.0006933212280273438,0.034043312072753906,0.02036585658788681,0.0006933212280273438,0.010119047947227955,0.19702380895614624,0.529411792755127,9,8,2.1593198776245117,0.992699146270752,-0.23731300234794617,0.30540168285369873,0.304758220911026,-0.02670421451330185,0.03482159227132797,0.03781461715698242,0.027175487019121647,0.07344757243990899,0.09349765069782734,-0.7677326202392578,1.0011030435562134,1.087151050567627,-2.8581788539886475,-0.7228981852531433,0.14563438296318054,0.4794899523258209,0.6820224895245219,0.3579324410566298,0.5192643758973695,0.4821775591812082,12.378007888793945,12.379131317138672,12.481095314025879,0.07896709442138672,0.014226538129150867,0.0011234283447265625,0.014598540030419827,0.34306567907333374,1.0,4,0,0.3079047203063965,0.0,-0.10196353495121002,0.259897381067276,0.3147825598716736,-0.010284535586833954,0.02320188656449318,0.02981916256248951,0.01796152349561453,0.051316675171256064,0.0572971137240529,-0.2956751883029938,0.6670424342155457,0.8572857975959778,-2.3041341304779053,-0.6799343824386597,0.08872156590223312,0.43078553676605225,0.5889479905437353,0.4520572770550095,0.2947698374483109,0.2608635160459978
20,0.3550644687953449,0.3550644687953449,1.00375816822052,0.034931038880233446,12.379131317138672,12.300164222717285,12.379131317138672,0.0,9.424909591674805,9.424909591674805,9.42492389678955,9.42492389678955,9.662238121032715,9.390880584716797,1.430511474609375e-05,0.034043312072753906,0.00042020337423309684,1.430511474609375e-05,0.0005952381179668009,0.19702380895614624,1.0,1,0,0.024671554565429688,0.0,-0.23731300234794617,0.30540168285369873,0.304758220911026,-0.02670421451330185,0.03482159227132797,0.03781461715698242,0.027175487019121647,0.07344757243990899,0.09349765069782734,-0.7644838690757751,0.9968668818473816,1.0825506448745728,-2.6425044536590576,-0.6636720299720764,0.067762590944767,0.3964473009109497,0.6581668417245403,0.3389405314247458,0.5012260186252676,0.4523161195174447,12.379131317138672,12.379131317138672,12.481095314025879,0.07896709442138672,0.0,0.0,0.0,0.34306567907333374,0.0,0,0,0.0,0.0,-0.10196353495121002,0.259897381067276,0.3147825598716736,-0.010284535586833954,0.02320188656449318,0.02981916256248951,0.01796152349561453,0.051316675171256064,0.0572971137240529,-0.29442399740219116,0.6642197370529175,0.8536580801010132,-2.0667507648468018,-0.597885012626648,-0.055100973695516586,0.33740711212158203,0.601063829787234,0.45123826628024793,0.32100232851085087,0.2756417305322415
21,0.3596108046315965,0.3596108046315965,0.9991507280440558,0.03491056214051183,12.379131317138672,12.300164222717285,12.379131317138672,0.0,9.424640655517578,9.424640655517578,9.42492389678955,9.42492389678955,9.662238121032715,9.390880584716797,0.00028324127197265625,0.034043312072753906,0.008320027031004429,0.00028324127197265625,0.0017857142956927419,0.19702380895614624,0.6666666865348816,2,1,0.4775409698486328,0.0,-0.23731300234794617,0.30540168285369873,0.304758220911026,-0.02670421451330185,0.03482159227132797,0.03781461715698242,0.027175487019121647,0.07344757243990899,0.09349765069782734,-0.7649321556091309,0.9974514245986938,1.0831855535507202,-2.600501775741577,-0.7892105579376221,0.05137745290994644,0.47296491265296936,0.6489533480098272,0.3183905140940584,0.47762601741612665,0.4306979950855166,12.379131317138672,12.379131317138672,12.481095314025879,0.07896709442138672,0.0,0.0,0.0,0.34306567907333374,0.0,0,0,0.0,0.0,-0.10196353495121002,0.259897381067276,0.3147825598716736,-0.010284535586833954,0.02320188656449318,0.02981916256248951,0.01796152349561453,0.051316675171256064,0.0572971137240529,-0.2945966422557831,0.6646092534065247,0.8541587591171265,-2.178232431411743,-0.7255426645278931,-0.012039467692375183,0.4454038441181183,0.5768912529550827,0.4060844417253643,0.27423503651135817,0.23034512932323153
22,0.34909844721357025,0.34909844721357025,0.9971260661170596,0.0348126461261874,12.378007888793945,12.300164222717285,12.379131317138672,0.0011234283447265625,9.424219131469727,9.424219131469727,9.42492389678955,9.42492389678955,9.662238121032715,9.390880584716797,0.0007047653198242188,0.034043312072753906,0.020702019333839417,0.0007047653198242188,0.0077380952425301075,0.19702380895614624,0.692307710647583,9,4,1.8941655158996582,0.7085037231445312,-0.23731300234794617,0.30540168285369873,0.304758220911026,-0.02670421451330185,0.03482159227132797,0.03781461715698242,0.027175487019121647,0.07344757243990899,0.09349765069782734,-0.7670836448669434,1.000256896018982,1.08623206615448,-3.7780282497406006,-0.8713895082473755,0.16098672151565552,0.6147007346153259,0.6779644315247504,0.36950175585911765,0.5212039844404337,0.4813527085959771,12.378007888793945,12.379131317138672,12.481095314025879,0.07896709442138672,0.014226538129150867,0.0011234283447265625,0.014598540030419827,0.34306567907333374,1.0,4,0,0.3079047203063965,0.0,-0.10196353495121002,0.259897381067276,0.3147825598716736,-0.010284535586833954,0.02320188656449318,0.02981916256248951,0.01796152349561453,0.051316675171256064,0.0572971137240529,-0.2954252362251282,0.6664785742759705,0.8565611839294434,-3.032522678375244,-0.8130097985267639,0.09432972967624664,0.546435534954071,0.6007092198581561,0.459665535087382,0.32256211996859707,0.281114797611148
23,0.3396810549355689,0.3396810549355689,1.0006236570222038,0.03484525739749777,12.378007888793945,12.300164222717285,12.379131317138672,0.0011234283447265625,9.423844337463379,9.423844337463379,9.42492389678955,9.42492389678955,9.662238121032715,9.390880584716797,0.001079559326171875,0.034043312072753906,0.03171134740114212,0.001079559326171875,0.012500000186264515,0.19702380895614624,0.4761904776096344,10,11,3.236091136932373,1.4209847450256348,-0.23731300234794617,0.30540168285369873,0.304758220911026,-0.02670421451330185,0.03482159227132797,0.03781461715698242,0.027175487019121647,0.07344757243990899,0.09349765069782734,-0.7663657665252686,0.9993207454681396,1.0852155685424805,-3.8119101524353027,-0.8447381854057312,0.3116336762905121,0.578557014465332,0.6910926522723557,0.34852421461757704,0.5253549468684997,0.48647070340791276,12.378007888793945,12.379131317138672,12.481095314025879,0.07896709442138672,0.014226538129150867,0.0011234283447265625,0.014598540030419827,0.34306567907333374,1.0,4,0,0.3079047203063965,0.0,-0.10196353495121002,0.259897381067276,0.3147825598716736,-0.010284535586833954,0.02320188656449318,0.02981916256248951,0.01796152349561453,0.051316675171256064,0.0572971137240529,-0.2951488196849823,0.6658549308776855,0.8557595014572144,-2.938326597213745,-0.8358800411224365,0.17227420210838318,0.5133589506149292,0.585401891252955,0.464442925764917,0.266945528923126,0.2297238527895462
24,0.34701899744215464,0.34701899744215464,0.9983010695094154,0.034791281678283555,12.378944396972656,12.300164222717285,12.379131317138672,0.000186920166015625,9.422416687011719,9.422416687011719,9.42492389678955,9.42492389678955,9.662238121032715,9.390880584716797,0.0025072097778320312,0.034043312072753906,0.0736476480960846,0.0025072097778320312,0.010714286006987095,0.19702380895614624,0.8333333134651184,15,3,5.002508163452148,0.7884616851806641,-0.23731300234794617,0.30540168285369873,0.304758220911026,-0.02670421451330185,0.03482159227132797,0.03781461715698242,0.027175487019121647,0.07344757243990899,0.09349765069782734,-0.7675546407699585,1.000871181488037,1.0868991613388062,-3.193464994430542,-0.6797083020210266,0.1308574080467224,0.4765753149986267,0.6741684004488051,0.36511054363803175,0.5177482587066201,0.470023930127015,12.378944396972656,12.379131317138672,12.481095314025879,0.07896709442138672,0.0023670638911426067,0.000186920166015625,0.014598540030419827,0.34306567907333374,0.75,3,1,0.28835296630859375,0.23703956604003906,-0.10196353495121002,0.259897381067276,0.3147825598716736,-0.010284535586833954,0.02320188656449318,0.02981916256248951,0.01796152349561453,0.051316675171256064,0.0572971137240529,-0.2956066429615021,0.6668878793716431,0.8570871949195862,-2.4624998569488525,-0.617487907409668,0.15175876021385193,0.4207070469856262,0.6011229314420804,0.446691180445941,0.2666056051356152,0.24899159234925658
25,0.35141205624455496,0.35141205624455496,0.9999093038695199,0.03479543142052075,12.37601089477539,12.300164222717285,12.379131317138672,0.00312042236328125,9.421879768371582,9.421879768371582,9.42492389678955,9.42492389678955,9.662238121032715,9.390880584716797,0.00304412841796875,0.034043312072753906,0.08941927552223206,0.00304412841796875,0.04702381044626236,0.19702380895614624,0.5316455960273743,42,37,9.469062805175781,4.354153633117676,-0.23731300234794617,0.30540168285369873,0.304758220911026,-0.02670421451330185,0.03482159227132797,0.03781461715698242,0.027175487019121647,0.07344757243990899,0.09349765069782734,-0.7674630880355835,1.0007517337799072,1.086769461631775,-2.8083298206329346,-0.6659126877784729,0.4659930467605591,0.5112137794494629,0.7151700151617288,0.38311038400993813,0.5277728305872751,0.5019249267982737,12.37601089477539,12.379131317138672,12.481095314025879,0.07896709442138672,0.039515476673841476,0.00312042236328125,0.025547444820404053,0.34306567907333374,1.0,7,0,0.855018138885498,0.0,-0.10196353495121002,0.259897381067276,0.3147825598716736,-0.010284535586833954,0.02320188656449318,0.02981916256248951,0.01796152349561453,0.051316675171256064,0.0572971137240529,-0.2955714464187622,0.6668084263801575,0.8569849729537964,-2.4615886211395264,-0.6354930400848389,0.3002411127090454,0.4284480810165405,0.5816193853427896,0.47968107531395887,0.25470714413367745,0.21737765883751284
26,0.34096186090083347,0.34096186090083347,1.0034220877147857,0.03492789903515643,12.377796173095703,12.300164222717285,12.379131317138672,0.00133514404296875,9.422463417053223,9.422463417053223,9.42492389678955,9.42492389678955,9.662238121032715,9.390880584716797,0.002460479736328125,0.034043312072753906,0.07227498292922974,0.002460479736328125,0.03214285895228386,0.19702380895614624,0.5740740895271301,31,23,7.347120761871338,3.213019847869873,-0.23731300234794617,0.30540168285369873,0.304758220911026,-0.02670421451330185,0.03482159227132797,0.03781461715698242,0.027175487019121647,0.07344757243990899,0.09349765069782734,-0.7645524740219116,0.996956467628479,1.0826478004455566,-4.2427449226379395,-0.8799704313278198,0.44371578097343445,0.6941330432891846,0.6909941122326262,0.362485585219493,0.5272569712006134,0.5004038016752289,12.377796173095703,12.379131317138672,12.481095314025879,0.07896709442138672,0.016907600685954094,0.00133514404296875,0.018248174339532852,0.34306567907333374,1.0,5,0,0.3660435676574707,0.0,-0.10196353495121002,0.259897381067276,0.3147825598716736,-0.010284535586833954,0.02320188656449318,0.02981916256248951,0.01796152349561453,0.051316675171256064,0.0572971137240529,-0.29445043206214905,0.6642794609069824,0.8537347316741943,-3.354595899581909,-0.8359469771385193,0.181357741355896,0.6121997833251953,0.6008274231678487,0.4751543018693773,0.2932197697590246,0.2617560541648133
27,0.33409551900057566,0.33409551900057566,0.9946307170958746,0.03473907988894241,12.37876033782959,12.300164222717285,12.379131317138672,0.00037097930908203125,9.422103881835938,9.422103881835938,9.42492389678955,9.42492389678955,9.662238121032715,9.390880584716797,0.0028200149536132812,0.034043312072753906,0.0828360915184021,0.0028200149536132812,0.02976190485060215,0.19702380895614624,0.5,25,25,7.023695945739746,2.284829616546631,-0.23731300234794617,0.30540168285369873,0.304758220911026,-0.02670421451330185,0.03482159227132797,0.03781461715698242,0.027175487019121647,0.07344757243990899,0.09349765069782734,-0.7687080502510071,1.0023752450942993,1.0885324478149414,-2.565308094024658,-0.6863172054290771,0.6509002447128296,0.46474161744117737,0.7239087250486541,0.38210853403803,0.5188325120636499,0.502774328436275,12.37876033782959,12.379131317138672,12.481095314025879,0.07896709442138672,0.004697897471487522,0.00037097930908203125,0.018248174339532852,0.34306567907333374,0.800000011920929,4,1,0.33895206451416016,0.23703956604003906,-0.10196353495121002,0.259897381067276,0.3147825598716736,-0.010284535586833954,0.02320188656449318,0.02981916256248951,0.01796152349561453,0.051316675171256064,0.0572971137240529,-0.29605087637901306,0.6678900122642517,0.8583751320838928,-1.9363166093826294,-0.6153632402420044,0.30084162950515747,0.387574166059494,0.5856973995271868,0.4578102786334436,0.20261292492995003,0.19348272165790414
28,0.33399499761206763,0.33399499761206763,1.0038116772969563,0.03488713677168789,12.375542640686035,12.300164222717285,12.379131317138672,0.0035886764526367188,9.422096252441406,9.422096252441406,9.42492389678955,9.42492389678955,9.662238121032715,9.390880584716797,0.0028276443481445312,0.034043312072753906,0.08306019753217697,0.0028276443481445312,0.02738095261156559,0.19702380895614624,0.6739130616188049,31,15,7.3469109535217285,2.5962014198303223,-0.23731300234794617,0.30540168285369873,0.304758220911026,-0.02670421451330185,0.03482159227132797,0.03781461715698242,0.027175487019121647,0.07344757243990899,0.09349765069782734,-0.7654458284378052,0.9981213808059692,1.0839128494262695,-3.550992250442505,-0.7511277794837952,0.33904004096984863,0.5246720314025879,0.7057885554702039,0.41772503734841204,0.5500547999750344,0.5229297253889761,12.375542640686035,12.379131317138672,12.481095314025879,0.07896709442138672,0.045445214956998825,0.0035886764526367188,0.021897809579968452,0.34306567907333374,1.0,6,0,0.9832763671875,0.0,-0.10196353495121002,0.259897381067276,0.3147825598716736,-0.010284535586833954,0.02320188656449318,0.02981916256248951,0.01796152349561453,0.051316675171256064,0.0572971137240529,-0.294794499874115,0.6650556325912476,0.8547323346138,-2.6581614017486572,-0.6692818999290466,0.27001070976257324,0.440934419631958,0.6151300236406619,0.4879040010263908,0.32609067607115655,0.2967161305847437
29,0.34035605149609705,0.34035605149609705,1.0041340050243197,0.035047974940734854,12.375128746032715,12.300164222717285,12.379131317138672,0.004002571105957031,9.422039031982422,9.422039031982422,9.42492389678955,9.42492389678955,9.662238121032715,9.390880584716797,0.0028848648071289062,0.034043312072753906,0.08474101126194,0.0028848648071289062,0.02559523843228817,0.19702380895614624,0.604651153087616,26,17,6.9861884117126465,2.139939785003662,-0.23731300234794617,0.30540168285369873,0.304758220911026,-0.02670421451330185,0.03482159227132797,0.03781461715698242,0.027175487019121647,0.07344757243990899,0.09349765069782734,-0.7619331479072571,0.9935408234596252,1.0789387226104736,-2.6495532989501953,-0.7765346169471741,0.5364784598350525,0.4734274744987488,0.7315522967667669,0.4226977232455935,0.5038833756476682,0.5051509897970444,12.375128746032715,12.379131317138672,12.481095314025879,0.07896709442138672,0.05068656802177429,0.004002571105957031,0.021897809579968452,0.34306567907333374,1.0,6,0,1.0968575477600098,0.0,-0.10196353495121002,0.259897381067276,0.3147825598716736,-0.010284535586833954,0.02320188656449318,0.02981916256248951,0.01796152349561453,0.051316675171256064,0.0572971137240529,-0.29344162344932556,0.6620036363601685,0.8508098721504211,-2.328683614730835,-0.735344648361206,0.3413708806037903,0.4146208167076111,0.5777186761229315,0.47690144725876166,0.18132427620386335,0.17414497910848278
30,0.33193523933490116,0.33193523933490116,0.9971524633112407,0.034951945803366746,12.37891960144043,12.300164222717285,12.379131317138672,0.0002117156982421875,9.422752380371094,9.422752380371094,9.42492389678955,9.42492389678955,9.662238121032715,9.390880584716797,0.0021715164184570312,0.034043312072753906,0.06378687173128128,0.0021715164184570312,0.0071428571827709675,0.19702380895614624,0.8333333134651184,10,2,3.71380615234375,0.06622695922851562,-0.23731300234794617,0.30540168285369873,0.304758220911026,-0.02670421451330185,0.03482159227132797,0.03781461715698242,0.027175487019121647,0.07344757243990899,0.09349765069782734,-0.7640264630317688,0.996270477771759,1.0819029808044434,-3.3001868724823,-0.8343996405601501,0.3056182563304901,0.4890829622745514,0.6933075636199132,0.38432054952586636,0.5488999121661039,0.5130430561715408,12.37891960144043,12.379131317138672,12.481095314025879,0.07896709442138672,0.002681062323972583,0.0002117156982421875,0.0036496350076049566,0.34306567907333374,1.0,1,0,0.05813884735107422,0.0,-0.10196353495121002,0.259897381067276,0.3147825598716736,-0.010284535586833954,0.02320188656449318,0.02981916256248951,0.01796152349561453,0.051316675171256064,0.0572971137240529,-0.2942478656768799,0.6638223528862,0.8531473875045776,-2.4696743488311768,-0.7714948654174805,0.09177141636610031,0.4339456260204315,0.6026004728132388,0.4611191674399872,0.29202294634461895,0.2592009450403611
31,0.33001543737593153,0.33001543737593153,0.9961926488649278,0.03481967343305702,12.37717056274414,12.300164222717285,12.379131317138672,0.00196075439453125,9.421019554138184,9.421019554138184,9.42492389678955,9.42492389678955,9.662238121032715,9.390880584716797,0.0039043426513671875,0.034043312072753906,0.11468750983476639,0.0039043426513671875,0.03333333507180214,0.19702380895614624,0.625,35,21,9.308938980102539,2.748464584350586,-0.23731300234794617,0.30540168285369873,0.304758220911026,-0.02670421451330185,0.03482159227132797,0.03781461715698242,0.027175487019121647,0.07344757243990899,0.09349765069782734,-0.7669288516044617,1.0000550746917725,1.0860129594802856,-3.5690314769744873,-0.7264769077301025,0.41922613978385925,0.5400322079658508,0.7001381800102571,0.396387708821759,0.5512084715521323,0.5197406395505009,12.37717056274414,12.379131317138672,12.481095314025879,0.07896709442138672,0.02483001910150051,0.00196075439453125,0.029197080060839653,0.34306567907333374,0.75,6,2,0.8044190406799316,0.2671222686767578,-0.10196353495121002,0.259897381067276,0.3147825598716736,-0.010284535586833954,0.02320188656449318,0.02981916256248951,0.01796152349561453,0.051316675171256064,0.0572971137240529,-0.2953656315803528,0.6663441061973572,0.8563883304595947,-2.7420542240142822,-0.6608319878578186,0.3476702868938446,0.4579033851623535,0.6010047281323877,0.4762564163230984,0.3061090255705609,0.25902710428257875
32,0.3341433433549745,0.3341433433549745,1.0043103496233623,0.03498856413813034,12.375259399414062,12.300164222717285,12.379131317138672,0.003871917724609375,9.421208381652832,9.421208381652832,9.42492389678955,9.42492389678955,9.662238121032715,9.390880584716797,0.00371551513671875,0.034043312072753906,0.10914082080125809,0.00371551513671875,0.04583333432674408,0.19702380895614624,0.6363636255264282,49,28,10.33292293548584,4.0908331871032715,-0.23731300234794617,0.30540168285369873,0.304758220911026,-0.02670421451330185,0.03482159227132797,0.03781461715698242,0.027175487019121647,0.07344757243990899,0.09349765069782734,-0.7632269263267517,0.9952277541160583,1.08077073097229,-3.8991780281066895,-0.8282287120819092,0.6657784581184387,0.613502562046051,0.7120749620956779,0.4318767890272552,0.5540329298647849,0.5216909538228306,12.375259399414062,12.379131317138672,12.481095314025879,0.07896709442138672,0.04903203994035721,0.003871917724609375,0.029197080060839653,0.34306567907333374,1.0,8,0,1.060966968536377,0.0,-0.10196353495121002,0.259897381067276,0.3147825598716736,-0.010284535586833954,0.02320188656449318,0.02981916256248951,0.01796152349561453,0.051316675171256064,0.0572971137240529,-0.2939399480819702,0.6631277203559875,0.8522545695304871,-3.0682623386383057,-0.7662355899810791,0.506014883518219,0.528555154800415,0.6138297872340426,0.49543733538723655,0.3420516890752644,0.2966997965538112
33,0.32608950968299594,0.32608950968299594,0.998542058467865,0.03494170587032487,12.374171257019043,12.300164222717285,12.379131317138672,0.004960060119628906,9.420753479003906,9.420753479003906,9.42492389678955,9.42492389678955,9.662238121032715,9.390880584716797,0.004170417785644531,0.034043312072753906,0.12250328809022903,0.004170417785644531,0.04404762014746666,0.19702380895614624,0.6216216087341309,46,28,11.10678768157959,4.098775386810303,-0.23731300234794617,0.30540168285369873,0.304758220911026,-0.02670421451330185,0.03482159227132797,0.03781461715698242,0.027175487019121647,0.07344757243990899,0.09349765069782734,-0.7642503976821899,0.9965624809265137,1.0822200775146484,-2.7589492797851562,-0.6599312424659729,0.9066603779792786,0.4619292616844177,0.7304123676708046,0.4396774573763661,0.5436634939054492,0.5298883557262092,12.374171257019043,12.379131317138672,12.481095314025879,0.07896709442138672,0.06281173229217529,0.004960060119628906,0.025547444820404053,0.34306567907333374,1.0,7,0,1.3591437339782715,0.0,-0.10196353495121002,0.259897381067276,0.3147825598716736,-0.010284535586833954,0.02320188656449318,0.02981916256248951,0.01796152349561453,0.051316675171256064,0.0572971137240529,-0.2943340837955475,0.6640169024467468,0.8533974289894104,-1.7907204627990723,-0.6185587644577026,0.5714512467384338,0.3879376947879791,0.614420803782506,0.5216849302922136,0.2423255442817773,0.24953294880302182
34,0.32130503732533683,0.32130503732533683,1.0034446602775937,0.03507785106858655,12.37629508972168,12.300164222717285,12.379131317138672,0.0028362274169921875,9.419705390930176,9.419705390930176,9.42492389678955,9.42492389678955,9.662238121032715,9.390880584716797,0.005218505859375,0.034043312072753906,0.15329019725322723,0.005218505859375,0.04047619178891182,0.19702380895614624,0.6764705777168274,46,22,11.196220397949219,2.4287490844726562,-0.23731300234794617,0.30540168285369873,0.304758220911026,-0.02670421451330185,0.03482159227132797,0.03781461715698242,0.027175487019121647,0.07344757243990899,0.09349765069782734,-0.7612841725349426,0.9926945567131042,1.0780197381973267,-3.786477565765381,-0.7249255776405334,0.7309272289276123,0.5243620872497559,0.7329273782302657,0.4427389186217553,0.5814494364608012,0.5585149541181219,12.37629508972168,12.379131317138672,12.481095314025879,0.07896709442138672,0.03591657429933548,0.0028362274169921875,0.018248174339532852,0.34306567907333374,1.0,5,0,0.7773275375366211,0.0,-0.10196353495121002,0.259897381067276,0.3147825598716736,-0.010284535586833954,0.02320188656449318,0.02981916256248951,0.01796152349561453,0.051316675171256064,0.0572971137240529,-0.29319170117378235,0.6614397764205933,0.8500851988792419,-2.585094451904297,-0.6897096037864685,0.45764797925949097,0.4378892183303833,0.6117612293144208,0.49178658227899624,0.29187184803183075,0.2560228093074809
35,0.3264472702429408,0.3264472702429408,1.0040775855382285,0.0352389754152017,12.376914024353027,12.300164222717285,12.379131317138672,0.0022172927856445312,9.420737266540527,9.420737266540527,9.42492389678955,9.42492389678955,9.662238121032715,9.390880584716797,0.0041866302490234375,0.034043312072753906,0.12297952175140381,0.0041866302490234375,0.03630952537059784,0.19702380895614624,0.6557376980781555,40,21,9.571484565734863,2.537230968475342,-0.23731300234794617,0.30540168285369873,0.304758220911026,-0.02670421451330185,0.03482159227132797,0.03781461715698242,0.027175487019121647,0.07344757243990899,0.09349765069782734,-0.7578033208847046,0.9881556630134583,1.073090672492981,-5.12466287612915,-0.9396259784698486,0.8679869174957275,0.7998342514038086,0.6860111215872113,0.3911410065145655,0.5191510201303324,0.5054727475279086,12.376914024353027,12.379131317138672,12.481095314025879,0.07896709442138672,0.02807869203388691,0.0022172927856445312,0.036496348679065704,0.34306567907333374,0.699999988079071,7,3,0.9540305137634277,0.34636688232421875,-0.10196353495121002,0.259897381067276,0.3147825598716736,-0.010284535586833954,0.02320188656449318,0.02981916256248951,0.01796152349561453,0.051316675171256064,0.0572971137240529,-0.2918511927127838,0.6584154367446899,0.8461983799934387,-4.227898597717285,-0.8922014236450195,0.3708605468273163,0.7078861594200134,0.6119976359338062,0.4747798265558295,0.3382407564126235,0.29365524985962943
36,0.30861758376870835,0.30861758376870835,0.9801885335218339,0.03451536814940636,12.379447937011719,12.300164222717285,12.379131317138672,-0.000316619873046875,9.419240951538086,9.419240951538086,9.42492389678955,9.42492389678955,9.662238121032715,9.390880584716797,0.005682945251464844,0.034043312072753906,0.16693279147148132,0.005682945251464844,0.0505952388048172,0.19702380895614624,0.7176470756530762,61,24,13.171500205993652,3.621915340423584,-0.23731300234794617,0.30540168285369873,0.304758220911026,-0.02670421451330185,0.03482159227132797,0.03781461715698242,0.027175487019121647,0.07344757243990899,0.09349765069782734,-0.7736905217170715,1.0088720321655273,1.0955877304077148,-3.236104965209961,-0.7286977171897888,0.9707387089729309,0.49499478936195374,0.731205167081356,0.46587736123106993,0.5696704217992488,0.5471548601797571,12.379447937011719,12.379131317138672,12.481095314025879,0.07896709442138672,-0.004009516444057226,-0.000316619873046875,0.03284671530127525,0.34306567907333374,0.6666666865348816,6,3,0.9034314155578613,0.9902257919311523,-0.10196353495121002,0.259897381067276,0.3147825598716736,-0.010284535586833954,0.02320188656449318,0.02981916256248951,0.01796152349561453,0.051316675171256064,0.0572971137240529,-0.2979697287082672,0.672218918800354,0.8639386892318726,-2.088818073272705,-0.6748312711715698,0.45063579082489014,0.4177424907684326,0.6094562647754137,0.48526103836069157,0.2844789331276195,0.2593467846022591
37,0.3241058610734485,0.3241058610734485,1.0041596821376255,0.034676622914637356,12.377326965332031,12.300164222717285,12.379131317138672,0.001804351806640625,9.419306755065918,9.419306755065918,9.42492389678955,9.42492389678955,9.662238121032715,9.390880584716797,0.0056171417236328125,0.034043312072753906,0.164999857544899,0.0056171417236328125,0.03750000149011612,0.19702380895614624,0.761904776096344,48,15,11.344449043273926,1.9066615104675293,-0.23731300234794617,0.30540168285369873,0.304758220911026,-0.02670421451330185,0.03482159227132797,0.03781461715698242,0.027175487019121647,0.07344757243990899,0.09349765069782734,-0.7700926065444946,1.0041807889938354,1.090493083000183,-3.0863900184631348,-0.6851391792297363,0.8960158824920654,0.5042833685874939,0.7303115880847175,0.4433138448826554,0.5700877881685107,0.5451659360507766,12.377326965332031,12.379131317138672,12.481095314025879,0.07896709442138672,0.022849414497613907,0.001804351806640625,0.014598540030419827,0.34306567907333374,1.0,4,0,0.49430179595947266,0.0,-0.10196353495121002,0.259897381067276,0.3147825598716736,-0.010284535586833954,0.02320188656449318,0.02981916256248951,0.01796152349561453,0.051316675171256064,0.0572971137240529,-0.2965840995311737,0.6690930128097534,0.8599211573600769,-2.033478021621704,-0.6194958090782166,0.628978967666626,0.4210219085216522,0.6187352245862884,0.5001014417594408,0.2751799173425065,0.25412631164455984
38,0.325320270941371,0.325320270941371,1.001995505605425,0.03475925012846793,12.377228736877441,12.300164222717285,12.379131317138672,0.0019025802612304688,9.419193267822266,9.419193267822266,9.42492389678955,9.42492389678955,9.662238121032715,9.390880584716797,0.005730628967285156,0.034043312072753906,0.16833347082138062,0.005730628967285156,0.04285714402794838,0.19702380895614624,0.625,45,27,11.854318618774414,2.226284980773926,-0.23731300234794617,0.30540168285369873,0.304758220911026,-0.02670421451330185,0.03482159227132797,0.03781461715698242,0.027175487019121647,0.07344757243990899,0.09349765069782734,-0.7682621479034424,1.0017935037612915,1.0879007577896118,-3.1945242881774902,-0.6429805755615234,1.0228599309921265,0.4832676351070404,0.7515581643782235,0.4243798842651611,0.5858024869130437,0.5613306139138724,12.377228736877441,12.379131317138672,12.481095314025879,0.07896709442138672,0.024093329906463623,0.0019025802612304688,0.018248174339532852,0.34306567907333374,1.0,5,0,0.5213932991027832,0.0,-0.10196353495121002,0.259897381067276,0.3147825598716736,-0.010284535586833954,0.02320188656449318,0.02981916256248951,0.01796152349561453,0.051316675171256064,0.0572971137240529,-0.2958791255950928,0.6675024628639221,0.8578770756721497,-2.067019462585449,-0.6090090274810791,0.30726006627082825,0.39611631631851196,0.614775413711584,0.5029586534260071,0.2609060116463617,0.2416226109656767
39,0.31853421614283606,0.31853421614283606,0.993170728569939,0.03451665020171176,12.380941390991211,12.300164222717285,12.379131317138672,-0.0018100738525390625,9.418588638305664,9.418588638305664,9.42492389678955,9.42492389678955,9.662238121032715,9.390880584716797,0.006335258483886719,0.034043312072753906,0.18609407544136047,0.006335258483886719,0.05238095298409462,0.19702380895614624,0.6477272510528564,57,31,13.275971412658691,2.6311702728271484,-0.23731300234794617,0.30540168285369873,0.304758220911026,-0.02670421451330185,0.03482159227132797,0.03781461715698242,0.027175487019121647,0.07344757243990899,0.09349765069782734,-0.773661732673645,1.0088346004486084,1.095547080039978,-3.8570556640625,-0.7389039993286133,1.073465347290039,0.6083275675773621,0.7357850393824227,0.45187763762795624,0.5914944853730721,0.5704818676201773,12.380941390991211,12.379131317138672,12.481095314025879,0.07896709442138672,-0.02292187511920929,-0.0018100738525390625,0.025547444820404053,0.34306567907333374,0.5714285969734192,4,3,0.49430179595947266,0.9902257919311523,-0.10196353495121002,0.259897381067276,0.3147825598716736,-0.010284535586833954,0.02320188656449318,0.02981916256248951,0.01796152349561453,0.051316675171256064,0.0572971137240529,-0.297958642244339,0.6721940040588379,0.8639065623283386,-2.837958335876465,-0.7017055749893188,0.31249797344207764,0.5171265006065369,0.6260047281323877,0.4914557070232454,0.3009028834412327,0.28966041258012065
40,0.3127285713950793,0.3127285713950793,0.9977837642033894,0.0344437560634608,12.376245498657227,12.300164222717285,12.379131317138672,0.0028858184814453125,9.418611526489258,9.418611526489258,9.42492389678955,9.42492389678955,9.662238121032715,9.390880584716797,0.006312370300292969,0.034043312072753906,0.18542174994945526,0.006312370300292969,0.04880952462553978,0.19702380895614624,0.6707317233085632,55,27,12.338930130004883,1.7327156066894531,-0.23731300234794617,0.30540168285369873,0.304758220911026,-0.02670421451330185,0.03482159227132797,0.03781461715698242,0.027175487019121647,0.07344757243990899,0.09349765069782734,-0.7752991318702698,1.0109697580337524,1.0978657007217407,-3.549929141998291,-0.735286295413971,1.1632312536239624,0.5785636305809021,0.742873203603878,0.46091270087661834,0.5924219000084433,0.5692288553804994,12.376245498657227,12.379131317138672,12.481095314025879,0.07896709442138672,0.036544568836688995,0.0028858184814453125,0.025547444820404053,0.34306567907333374,0.8571428656578064,6,1,0.8044190406799316,0.013629913330078125,-0.10196353495121002,0.259897381067276,0.3147825598716736,-0.010284535586833954,0.02320188656449318,0.02981916256248951,0.01796152349561453,0.051316675171256064,0.0572971137240529,-0.298589289188385,0.6736166477203369,0.8657349348068237,-2.6350646018981934,-0.6896525621414185,0.5801180005073547,0.4930157959461212,0.616548463356974,0.48709896408129894,0.2962497817817209,0.27322137716298306
41,0.32323431443600426,0.32323431443600426,1.0084377765655517,0.03476520776082122,12.374529838562012,12.300164222717285,12.379131317138672,0.004601478576660156,9.420766830444336,9.420766830444336,9.42492389678955,9.42492389678955,9.662238121032715,9.390880584716797,0.004157066345214844,0.034043312072753906,0.12211110442876816,0.004157066345214844,0.05119047686457634,0.19702380895614624,0.6279069781303406,54,32,12.405287742614746,5.420899868011475,-0.23731300234794617,0.30540168285369873,0.304758220911026,-0.02670421451330185,0.03482159227132797,0.03781461715698242,0.027175487019121647,0.07344757243990899,0.09349765069782734,-0.7681304216384888,1.001621961593628,1.087714433670044,-4.168684005737305,-0.8574607372283936,0.7960789203643799,0.6724036335945129,0.7328825873031158,0.45304804820824157,0.5819945899457488,0.5561778158777642,12.374529838562012,12.379131317138672,12.481095314025879,0.07896709442138672,0.058270834386348724,0.004601478576660156,0.043795619159936905,0.34306567907333374,0.8333333134651184,10,2,1.789945125579834,0.5290470123291016,-0.10196353495121002,0.259897381067276,0.3147825598716736,-0.010284535586833954,0.02320188656449318,0.02981916256248951,0.01796152349561453,0.051316675171256064,0.0572971137240529,-0.29582837224006653,0.6673880815505981,0.8577300310134888,-3.2864766120910645,-0.8026516437530518,0.5363261699676514,0.5804654359817505,0.6208037825059102,0.5009355220844878,0.30221186975007486,0.27224133530702876
42,0.30822218025014514,0.30822218025014514,0.9951088774771918,0.03459373421772523,12.382518768310547,12.300164222717285,12.379131317138672,-0.003387451171875,9.418148040771484,9.418148040771484,9.42492389678955,9.42492389678955,9.662238121032715,9.390880584716797,0.006775856018066406,0.034043312072753906,0.19903632998466492,0.006775856018066406,0.0625,0.19702380895614624,0.6095238327980042,64,41,13.988717079162598,2.6040868759155273,-0.23731300234794617,0.30540168285369873,0.304758220911026,-0.02670421451330185,0.03482159227132797,0.03781461715698242,0.027175487019121647,0.07344757243990899,0.09349765069782734,-0.7719377875328064,1.0065866708755493,1.0931059122085571,-3.435012102127075,-0.7527370452880859,1.3405245542526245,0.5963401198387146,0.7666616650131349,0.43753128707652356,0.5807718246367131,0.566640497182993,12.382518768310547,12.379131317138672,12.481095314025879,0.07896709442138672,-0.042896997183561325,-0.003387451171875,0.021897809579968452,0.34306567907333374,0.6666666865348816,4,2,0.39528942108154297,1.323298454284668,-0.10196353495121002,0.259897381067276,0.3147825598716736,-0.010284535586833954,0.02320188656449318,0.02981916256248951,0.01796152349561453,0.051316675171256064,0.0572971137240529,-0.2972947657108307,0.6706962585449219,0.8619815707206726,-2.3315889835357666,-0.7321885228157043,0.611047089099884,0.4767369031906128,0.6044326241134752,0.47894379527488584,0.23270687735650825,0.21279946331041222
43,0.31002402433327264,0.31002402433327264,1.002532570702689,0.03469494854787501,12.377030372619629,12.300164222717285,12.379131317138672,0.0021009445190429688,9.41984748840332,9.41984748840332,9.42492389678955,9.42492389678955,9.662238121032715,9.390880584716797,0.005076408386230469,0.034043312072753906,0.1491161733865738,0.005076408386230469,0.05178571492433548,0.19702380895614624,0.6321839094161987,55,32,12.928757667541504,4.399733543395996,-0.23731300234794617,0.30540168285369873,0.304758220911026,-0.02670421451330185,0.03482159227132797,0.03781461715698242,0.027175487019121647,0.07344757243990899,0.09349765069782734,-0.7696858644485474,1.003650188446045,1.0899170637130737,-3.827836751937866,-0.8102825880050659,1.1197459697723389,0.6512681841850281,0.7450074912825658,0.42589317454640585,0.5748800641768473,0.5445640948686037,12.377030372619629,12.379131317138672,12.481095314025879,0.07896709442138672,0.026605315506458282,0.0021009445190429688,0.014598540030419827,0.34306567907333374,1.0,4,0,0.5755615234375,0.0,-0.10196353495121002,0.259897381067276,0.3147825598716736,-0.010284535586833954,0.02320188656449318,0.02981916256248951,0.01796152349561453,0.051316675171256064,0.0572971137240529,-0.29642748832702637,0.6687396168708801,0.8594670295715332,-2.8091537952423096,-0.7607997059822083,0.3280069828033447,0.5393620729446411,0.6033687943262411,0.4981392873168102,0.23535325339171256,0.2180957728402984
44,0.31621702370189486,0.31621702370189486,1.0062644163767496,0.03493393680639255,12.36988353729248,12.300164222717285,12.379131317138672,0.009247779846191406,9.4193696975708,9.4193696975708,9.42492389678955,9.42492389678955,9.662238121032715,9.390880584716797,0.00555419921875,0.034043312072753906,0.16315096616744995,0.00555419921875,0.07976190745830536,0.19702380895614624,0.60447758436203,81,53,16.084806442260742,6.75285005569458,-0.23731300234794617,0.30540168285369873,0.304758220911026,-0.02670421451330185,0.03482159227132797,0.03781461715698242,0.027175487019121647,0.07344757243990899,0.09349765069782734,-0.7644204497337341,0.9967840909957886,1.0824607610702515,-3.604944944381714,-0.6378833055496216,1.6328983306884766,0.5732791423797607,0.7653582490330758,0.4817537074267598,0.604068268948533,0.5878713623535136,12.36988353729248,12.379131317138672,12.481095314025879,0.07896709442138672,0.1171092838048935,0.009247779846191406,0.062043797224760056,0.34306567907333374,0.8235294222831726,14,3,2.9011898040771484,0.36713409423828125,-0.10196353495121002,0.259897381067276,0.3147825598716736,-0.010284535586833954,0.02320188656449318,0.02981916256248951,0.01796152349561453,0.051316675171256064,0.0572971137240529,-0.29439955949783325,0.664164662361145,0.85358726978302,-2.266883611679077,-0.5935367345809937,1.0339488983154297,0.4803331792354584,0.6134160756501182,0.5131056472949421,0.2714775367270301,0.24230105660762596
45,0.308158806179251,0.308158806179251,1.0041565142926716,0.03509982840102092,12.37932014465332,12.300164222717285,12.379131317138672,-0.0001888275146484375,9.419007301330566,9.419007301330566,9.42492389678955,9.42492389678955,9.662238121032715,9.390880584716797,0.005916595458984375,0.034043312072753906,0.17379611730575562,0.005916595458984375,0.06607142835855484,0.19702380895614624,0.6486486196517944,72,39,15.278181076049805,5.335911750793457,-0.23731300234794617,0.30540168285369873,0.304758220911026,-0.02670421451330185,0.03482159227132797,0.03781461715698242,0.027175487019121647,0.07344757243990899,0.09349765069782734,-0.7608075737953186,0.9920729994773865,1.0773447751998901,-5.002844333648682,-0.8181629776954651,1.4745514392852783,0.7977235913276672,0.7198327506780227,0.46081747925114563,0.5551936817315328,0.5484336986368575,12.37932014465332,12.379131317138672,12.481095314025879,0.07896709442138672,-0.002391217742115259,-0.0001888275146484375,0.040145985782146454,0.34306567907333374,0.7272727489471436,8,3,0.9766688346862793,1.0284996032714844,-0.10196353495121002,0.259897381067276,0.3147825598716736,-0.010284535586833954,0.02320188656449318,0.02981916256248951,0.01796152349561453,0.051316675171256064,0.0572971137240529,-0.29300814867019653,0.6610256433486938,0.8495529890060425,-3.9470620155334473,-0.7664665579795837,0.5810739398002625,0.6929826736450195,0.6193262411347518,0.48406606151349635,0.33379197161507534,0.2837504101737679
46,0.3062908148481732,0.3062908148481732,0.9964570976438977,0.03497560911814494,12.378678321838379,12.300164222717285,12.379131317138672,0.00045299530029296875,9.41745662689209,9.41745662689209,9.42492389678955,9.42492389678955,9.662238121032715,9.390880584716797,0.0074672698974609375,0.034043312072753906,0.21934616565704346,0.0074672698974609375,0.06666667014360428,0.19702380895614624,0.6696428656578064,75,37,15.438907623291016,2.891848087310791,-0.23731300234794617,0.30540168285369873,0.304758220911026,-0.02670421451330185,0.03482159227132797,0.03781461715698242,0.027175487019121647,0.07344757243990899,0.09349765069782734,-0.7635095715522766,0.9955964088439941,1.0811710357666016,-3.5917255878448486,-0.7322207689285278,1.7911558151245117,0.6032831072807312,0.7822780217639115,0.5021235604510721,0.6179980098245023,0.6097895987937675,12.378678321838379,12.379131317138672,12.481095314025879,0.07896709442138672,0.005736507009714842,0.00045299530029296875,0.029197080060839653,0.34306567907333374,0.75,6,2,0.9832763671875,0.8590555191040039,-0.10196353495121002,0.259897381067276,0.3147825598716736,-0.010284535586833954,0.02320188656449318,0.02981916256248951,0.01796152349561453,0.051316675171256064,0.0572971137240529,-0.2940487861633301,0.6633732318878174,0.8525701761245728,-2.448087215423584,-0.6976449489593506,0.8339197039604187,0.506663978099823,0.6139479905437353,0.48830792183255306,0.25369165784569336,0.23971152934656587
47,0.3032048107612701,0.3032048107612701,0.997020259357634,0.03487231557835473,12.378382682800293,12.300164222717285,12.379131317138672,0.0007486343383789062,9.417845726013184,9.417845726013184,9.42492389678955,9.42492389678955,9.662238121032715,9.390880584716797,0.0070781707763671875,0.034043312072753906,0.20791663229465485,0.0070781707763671875,0.04583333432674408,0.19702380895614624,0.7402597665786743,57,20,13.988771438598633,2.096776008605957,-0.23731300234794617,0.30540168285369873,0.304758220911026,-0.02670421451330185,0.03482159227132797,0.03781461715698242,0.027175487019121647,0.07344757243990899,0.09349765069782734,-0.7657711505889893,0.9985454678535461,1.0843734741210938,-4.512995719909668,-0.9500765204429626,0.8543075323104858,0.8240171074867249,0.7544427000866705,0.49600481646819555,0.5892315773807044,0.582295894445714,12.378382682800293,12.379131317138672,12.481095314025879,0.07896709442138672,0.00948033295571804,0.0007486343383789062,0.021897809579968452,0.34306567907333374,0.8333333134651184,5,1,0.944737434387207,0.7395563125610352,-0.10196353495121002,0.259897381067276,0.3147825598716736,-0.010284535586833954,0.02320188656449318,0.02981916256248951,0.01796152349561453,0.051316675171256064,0.0572971137240529,-0.2949197590351105,0.6653382778167725,0.8550955653190613,-3.551297903060913,-0.8981273174285889,0.4361923635005951,0.7132657766342163,0.6120567375886525,0.49757561655816407,0.252811895408006,0.24786629428965196
48,0.3066903134187063,0.3066903134187063,1.002432117575691,0.034972192971687126,12.379348754882812,12.300164222717285,12.379131317138672,-0.000217437744140625,9.417760848999023,9.417760848999023,9.42492389678955,9.42492389678955,9.662238121032715,9.390880584716797,0.007163047790527344,0.034043312072753906,0.21040983498096466,0.007163047790527344,0.0535714291036129,0.19702380895614624,0.6777777671813965,61,29,14.141927719116211,2.106024742126465,-0.23731300234794617,0.30540168285369873,0.304758220911026,-0.02670421451330185,0.03482159227132797,0.03781461715698242,0.027175487019121647,0.07344757243990899,0.09349765069782734,-0.7635841965675354,0.9956936836242676,1.0812766551971436,-4.278253555297852,-0.7939192056655884,1.4987545013427734,0.6651734113693237,0.7562141812554449,0.4915820661933172,0.6131236020630046,0.6081778086397468,12.379348754882812,12.379131317138672,12.481095314025879,0.07896709442138672,-0.002753523411229253,-0.000217437744140625,0.021897809579968452,0.34306567907333374,0.8333333134651184,5,1,0.6798276901245117,0.7395563125610352,-0.10196353495121002,0.259897381067276,0.3147825598716736,-0.010284535586833954,0.02320188656449318,0.02981916256248951,0.01796152349561453,0.051316675171256064,0.0572971137240529,-0.2940775156021118,0.6634381413459778,0.852653443813324,-3.293527841567993,-0.7902740836143494,0.866322934627533,0.556237518787384,0.6162529550827424,0.4920406937426564,0.27974101830687176,0.2595585436461349
49,0.2999134436959312,0.2999134436959312,0.9967014397893633,0.034857238960876,12.378475189208984,12.300164222717285,12.379131317138672,0.0006561279296875,9.418110847473145,9.418110847473145,9.42492389678955,9.42492389678955,9.662238121032715,9.390880584716797,0.00681304931640625,0.034043312072753906,0.20012886822223663,0.00681304931640625,0.0535714291036129,0.19702380895614624,0.6777777671813965,61,29,13.004485130310059,1.5572490692138672,-0.23731300234794617,0.30540168285369873,0.304758220911026,-0.02670421451330185,0.03482159227132797,0.03781461715698242,0.027175487019121647,0.07344757243990899,0.09349765069782734,-0.7661023139953613,0.9989773631095886,1.084842562675476,-3.516616106033325,-0.7631159424781799,1.428506851196289,0.564326286315918,0.7812635072639686,0.4945578930467393,0.6188953200500481,0.6121233837566361,12.378475189208984,12.379131317138672,12.481095314025879,0.07896709442138672,0.008308877237141132,0.0006561279296875,0.025547444820404053,0.34306567907333374,0.7142857313156128,5,2,0.7773275375366211,0.5973720550537109,-0.10196353495121002,0.259897381067276,0.3147825598716736,-0.010284535586833954,0.02320188656449318,0.02981916256248951,0.01796152349561453,0.051316675171256064,0.0572971137240529,-0.2950473427772522,0.665626049041748,0.8554654121398926,-2.281996011734009,-0.7462506890296936,0.7652007341384888,0.48693588376045227,0.624645390070922,0.49024423489801494,0.22392501304935214,0.2451087598532854
50,0.29931419023445677,0.29931419023445677,1.0023818197704497,0.03495346334078128,12.377571105957031,12.300164222717285,12.379131317138672,0.001560211181640625,9.416521072387695,9.416521072387695,9.42492389678955,9.42492389678955,9.662238121032715,9.390880584716797,0.008402824401855469,0.034043312072753906,0.24682746827602386,0.008402824401855469,0.0744047611951828,0.19702380895614624,0.671999990940094,84,41,18.19635009765625,4.079801559448242,-0.23731300234794617,0.30540168285369873,0.304758220911026,-0.02670421451330185,0.03482159227132797,0.03781461715698242,0.027175487019121647,0.07344757243990899,0.09349765069782734,-0.7639932632446289,0.9962271451950073,1.0818560123443604,-4.067281723022461,-0.7299216389656067,1.583429217338562,0.6362443566322327,0.7851894320286483,0.49117748552853424,0.6285052501656968,0.6226703500078976,12.377571105957031,12.379131317138672,12.481095314025879,0.07896709442138672,0.019757738336920738,0.001560211181640625,0.047445256263017654,0.34306567907333374,0.7692307829856873,10,3,1.828627586364746,1.4014892578125,-0.10196353495121002,0.259897381067276,0.3147825598716736,-0.010284535586833954,0.02320188656449318,0.02981916256248951,0.01796152349561453,0.051316675171256064,0.0572971137240529,-0.29423508048057556,0.6637935638427734,0.8531103730201721,-2.6572539806365967,-0.6959381103515625,0.8510775566101074,0.5119886994361877,0.5943853427895981,0.4963173160064331,0.2518441816119087,0.206692869174621
51,0.28929625600576403,0.28929625600576403,0.9999785326776051,0.03496048668227719,12.380867004394531,12.300164222717285,12.379131317138672,-0.001735687255859375,9.417319297790527,9.417319297790527,9.42492389678955,9.42492389678955,9.662238121032715,9.390880584716797,0.0076045989990234375,0.034043312072753906,0.22338011860847473,0.0076045989990234375,0.0744047611951828,0.19702380895614624,0.6800000071525574,85,40,18.265525817871094,5.48951530456543,-0.23731300234794617,0.30540168285369873,0.304758220911026,-0.02670421451330185,0.03482159227132797,0.03781461715698242,0.027175487019121647,0.07344757243990899,0.09349765069782734,-0.763839840888977,0.9960270524024963,1.0816386938095093,-4.19235372543335,-0.6870711445808411,1.592115044593811,0.6318466067314148,0.7693424020030503,0.5395744993724363,0.619412177176673,0.6050690723914588,12.380867004394531,12.379131317138672,12.481095314025879,0.07896709442138672,-0.021979879587888718,-0.001735687255859375,0.043795619159936905,0.34306567907333374,0.6666666865348816,8,4,1.2401952743530273,1.7159976959228516,-0.10196353495121002,0.259897381067276,0.3147825598716736,-0.010284535586833954,0.02320188656449318,0.02981916256248951,0.01796152349561453,0.051316675171256064,0.0572971137240529,-0.29417598247528076,0.6636602282524109,0.8529390096664429,-2.8331451416015625,-0.6213127374649048,0.8873637318611145,0.5179353952407837,0.642080378250591,0.5173429517817056,0.3148990566279089,0.29242611403195345
52,0.2991240434703373,0.2991240434703373,1.0003927168392,0.03498479287858599,12.379393577575684,12.300164222717285,12.379131317138672,-0.00026226043701171875,9.417679786682129,9.417679786682129,9.42492389678955,9.42492389678955,9.662238121032715,9.390880584716797,0.007244110107421875,0.034043312072753906,0.21279099583625793,0.007244110107421875,0.06726190447807312,0.19702380895614624,0.6548672318458557,74,39,16.14141845703125,3.970400333404541,-0.23731300234794617,0.30540168285369873,0.304758220911026,-0.02670421451330185,0.03482159227132797,0.03781461715698242,0.027175487019121647,0.07344757243990899,0.09349765069782734,-0.7633090615272522,0.995335042476654,1.0808871984481812,-3.458313465118408,-0.7342867851257324,1.4040746688842773,0.6045590043067932,0.7735437909697012,0.5073247999057506,0.618336157002116,0.6204467752549087,12.379393577575684,12.379131317138672,12.481095314025879,0.07896709442138672,-0.003321135649457574,-0.00026226043701171875,0.040145985782146454,0.34306567907333374,0.6363636255264282,7,4,1.2946901321411133,1.3664283752441406,-0.10196353495121002,0.259897381067276,0.3147825598716736,-0.010284535586833954,0.02320188656449318,0.02981916256248951,0.01796152349561453,0.051316675171256064,0.0572971137240529,-0.29397159814834595,0.6631991267204285,0.8523464202880859,-2.3671813011169434,-0.7239516377449036,1.047013282775879,0.5061134099960327,0.6102836879432624,0.4795585189276112,0.23399816105314772,0.23552885071133245
53,0.2919250402422178,0.2919250402422178,1.0043816753796169,0.03515549749592141,12.37899398803711,12.300164222717285,12.379131317138672,0.0001373291015625,9.416542053222656,9.416542053222656,9.42492389678955,9.42492389678955,9.662238121032715,9.390880584716797,0.008381843566894531,0.034043312072753906,0.24621117115020752,0.008381843566894531,0.04821428656578064,0.19702380895614624,0.8148148059844971,66,15,15.091565132141113,1.0087471008300781,-0.23731300234794617,0.30540168285369873,0.304758220911026,-0.02670421451330185,0.03482159227132797,0.03781461715698242,0.027175487019121647,0.07344757243990899,0.09349765069782734,-0.7596027255058289,0.9905020594596863,1.075638771057129,-4.625065803527832,-0.9294235110282898,1.619216799736023,0.7636380791664124,0.7798145207706727,0.5382935226248069,0.6318516056364327,0.6297908917669519,12.37899398803711,12.379131317138672,12.481095314025879,0.07896709442138672,0.00173906737472862,0.0001373291015625,0.021897809579968452,0.34306567907333374,0.8333333134651184,5,1,0.7773275375366211,0.7395563125610352,-0.10196353495121002,0.259897381067276,0.3147825598716736,-0.010284535586833954,0.02320188656449318,0.02981916256248951,0.01796152349561453,0.051316675171256064,0.0572971137240529,-0.2925441563129425,0.6599788069725037,0.8482076525688171,-3.506242275238037,-0.8837776184082031,1.2449251413345337,0.6481012105941772,0.6274822695035461,0.5159583304533372,0.28147252251601457,0.27285386146700014
54,0.28714035806201754,0.28714035806201754,0.9911712385359265,0.03483439143246655,12.382043838500977,12.300164222717285,12.379131317138672,-0.0029125213623046875,9.418087005615234,9.418087005615234,9.42492389678955,9.42492389678955,9.662238121032715,9.390880584716797,0.006836891174316406,0.034043312072753906,0.20082920789718628,0.006836891174316406,0.0357142873108387,0.19702380895614624,0.8666666746139526,52,8,12.074013710021973,0.58642578125,-0.23731300234794617,0.30540168285369873,0.304758220911026,-0.02670421451330185,0.03482159227132797,0.03781461715698242,0.027175487019121647,0.07344757243990899,0.09349765069782734,-0.7666047811508179,0.9996324777603149,1.0855540037155151,-4.671663284301758,-0.8604762554168701,1.4248157739639282,0.6690009832382202,0.7739737838703392,0.5439907797996074,0.6152666490309299,0.6180889479251377,12.382043838500977,12.379131317138672,12.481095314025879,0.07896709442138672,-0.03688272088766098,-0.0029125213623046875,0.025547444820404053,0.34306567907333374,0.7142857313156128,5,2,0.5254383087158203,1.323298454284668,-0.10196353495121002,0.259897381067276,0.3147825598716736,-0.010284535586833954,0.02320188656449318,0.02981916256248951,0.01796152349561453,0.051316675171256064,0.0572971137240529,-0.2952408492565155,0.6660626530647278,0.8560264706611633,-3.252976894378662,-0.7526686787605286,0.9441405534744263,0.552531898021698,0.631678486997636,0.49996144260029785,0.31265194551514064,0.3025747974653084
55,0.28933915957098916,0.28933915957098916,0.9972705210958208,0.03474237935579426,12.379105567932129,12.300164222717285,12.379131317138672,2.574920654296875e-05,9.416157722473145,9.416157722473145,9.42492389678955,9.42492389678955,9.662238121032715,9.390880584716797,0.00876617431640625,0.034043312072753906,0.25750061869621277,0.00876617431640625,0.04880952462553978,0.19702380895614624,0.8536585569381714,70,12,16.160781860351562,1.4328031539916992,-0.23731300234794617,0.30540168285369873,0.304758220911026,-0.02670421451330185,0.03482159227132797,0.03781461715698242,0.027175487019121647,0.07344757243990899,0.09349765069782734,-0.768635094165802,1.0022801160812378,1.0884290933609009,-3.856498956680298,-0.8380456566810608,1.2135632038116455,0.6308635473251343,0.7911443857932138,0.5676204513184832,0.6294928699768549,0.6289384278906399,12.379105567932129,12.379131317138672,12.481095314025879,0.07896709442138672,0.0003260751545894891,2.574920654296875e-05,0.03284671530127525,0.34306567907333374,0.7777777910232544,7,2,1.330216407775879,1.323298454284668,-0.10196353495121002,0.259897381067276,0.3147825598716736,-0.010284535586833954,0.02320188656449318,0.02981916256248951,0.01796152349561453,0.051316675171256064,0.0572971137240529,-0.29602280259132385,0.6678267121315002,0.8582936525344849,-2.652764320373535,-0.7641555070877075,0.3579210340976715,0.5206071734428406,0.6223404255319149,0.49040734839299494,0.2444133274013587,0.25617214901886437
56,0.2867948700984319,0.2867948700984319,0.9968575128487178,0.03463793176646771,12.383954048156738,12.300164222717285,12.379131317138672,-0.004822731018066406,9.415838241577148,9.415838241577148,9.42492389678955,9.42492389678955,9.662238121032715,9.390880584716797,0.009085655212402344,0.034043312072753906,0.2668851613998413,0.009085655212402344,0.05535714328289032,0.19702380895614624,0.7526881694793701,70,23,16.495759963989258,1.2304091453552246,-0.23731300234794617,0.30540168285369873,0.304758220911026,-0.02670421451330185,0.03482159227132797,0.03781461715698242,0.027175487019121647,0.07344757243990899,0.09349765069782734,-0.7709529399871826,1.0053023099899292,1.091711163520813,-4.330651760101318,-0.8224876523017883,1.7286218404769897,0.713388979434967,0.7802937836911755,0.5382393805293639,0.6360359385605516,0.6305024395346871,12.383954048156738,12.379131317138672,12.481095314025879,0.07896709442138672,-0.06107266619801521,-0.004822731018066406,0.025547444820404053,0.34306567907333374,0.4285714328289032,3,4,0.29102420806884766,1.6122417449951172,-0.10196353495121002,0.259897381067276,0.3147825598716736,-0.010284535586833954,0.02320188656449318,0.02981916256248951,0.01796152349561453,0.051316675171256064,0.0572971137240529,-0.2969154119491577,0.669840395450592,0.8608817458152771,-3.1946163177490234,-0.7553473711013794,0.7264516353607178,0.5938805937767029,0.6195626477541372,0.4656306993427911,0.2568015306704038,0.25738145066612217
57,0.2851063322808061,0.2851063322808061,1.0019356506211416,0.034717421444444715,12.38344669342041,12.300164222717285,12.379131317138672,-0.004315376281738281,9.415132522583008,9.415132522583008,9.42492389678955,9.42492389678955,9.662238121032715,9.390880584716797,0.009791374206542969,0.034043312072753906,0.28761520981788635,0.009791374206542969,0.05714285746216774,0.19702380895614624,0.7916666865348816,76,20,17.377473831176758,0.9285287857055664,-0.23731300234794617,0.30540168285369873,0.304758220911026,-0.02670421451330185,0.03482159227132797,0.03781461715698242,0.027175487019121647,0.07344757243990899,0.09349765069782734,-0.7691876888275146,1.0030004978179932,1.0892114639282227,-4.293358325958252,-0.7871240377426147,1.4200670719146729,0.6469458341598511,0.7769434223403707,0.5516825851829937,0.6356019004546248,0.638386480820189,12.38344669342041,12.379131317138672,12.481095314025879,0.07896709442138672,-0.0546477772295475,-0.004315376281738281,0.029197080060839653,0.34306567907333374,0.5,4,4,0.49430179595947266,1.676802635192871,-0.10196353495121002,0.259897381067276,0.3147825598716736,-0.010284535586833954,0.02320188656449318,0.02981916256248951,0.01796152349561453,0.051316675171256064,0.0572971137240529,-0.2962355613708496,0.6683066487312317,0.8589106202125549,-2.947382688522339,-0.7307553291320801,0.6795992851257324,0.5459657311439514,0.6129432624113476,0.45870711515474183,0.2635243932704485,0.2465572383820559
58,0.2956122642471677,0.2956122642471677,1.00538710242226,0.03492886863965085,12.38042163848877,12.300164222717285,12.379131317138672,-0.0012903213500976562,9.415242195129395,9.415242195129395,9.42492389678955,9.42492389678955,9.662238121032715,9.390880584716797,0.00968170166015625,0.034043312072753906,0.28439363837242126,0.00968170166015625,0.06666667014360428,0.19702380895614624,0.7232142686843872,81,31,18.133329391479492,1.8671083450317383,-0.23731300234794617,0.30540168285369873,0.304758220911026,-0.02670421451330185,0.03482159227132797,0.03781461715698242,0.027175487019121647,0.07344757243990899,0.09349765069782734,-0.7645313143730164,0.9969287514686584,1.0826177597045898,-3.65946364402771,-0.6882287263870239,1.896978497505188,0.5772964358329773,0.7911399067004987,0.5226066650529185,0.6362898111961174,0.6433822138694885,12.38042163848877,12.379131317138672,12.481095314025879,0.07896709442138672,-0.016339987516403198,-0.0012903213500976562,0.03284671530127525,0.34306567907333374,0.6666666865348816,6,3,0.9832763671875,1.336928367614746,-0.10196353495121002,0.259897381067276,0.3147825598716736,-0.010284535586833954,0.02320188656449318,0.02981916256248951,0.01796152349561453,0.051316675171256064,0.0572971137240529,-0.2944422960281372,0.6642610430717468,0.8537110686302185,-2.333597183227539,-0.6626997590065002,1.1932772397994995,0.48093751072883606,0.6203309692671395,0.5175209149968141,0.2308662715684849,0.2415391907362711
59,0.28733064191682,0.28733064191682,1.0019116339229401,0.03500852269616385,12.382156372070312,12.300164222717285,12.379131317138672,-0.003025054931640625,9.416512489318848,9.416512489318848,9.42492389678955,9.42492389678955,9.662238121032715,9.390880584716797,0.008411407470703125,0.034043312072753906,0.24707958102226257,0.008411407470703125,0.04345238208770752,0.19702380895614624,0.7945205569267273,58,15,15.379533767700195,1.2472257614135742,-0.23731300234794617,0.30540168285369873,0.304758220911026,-0.02670421451330185,0.03482159227132797,0.03781461715698242,0.027175487019121647,0.07344757243990899,0.09349765069782734,-0.7627917528152466,0.9946604371070862,1.080154538154602,-5.169779300689697,-0.8503782153129578,1.3915921449661255,0.7908908128738403,0.762693188867663,0.5426500519511598,0.5955014432142934,0.6016531227788945,12.382156372070312,12.379131317138672,12.481095314025879,0.07896709442138672,-0.0383077897131443,-0.003025054931640625,0.021897809579968452,0.34306567907333374,0.6666666865348816,4,2,0.49430179595947266,1.323298454284668,-0.10196353495121002,0.259897381067276,0.3147825598716736,-0.010284535586833954,0.02320188656449318,0.02981916256248951,0.01796152349561453,0.051316675171256064,0.0572971137240529,-0.2937723398208618,0.6627496480941772,0.8517686128616333,-3.829444646835327,-0.7877887487411499,0.7331966161727905,0.6923770308494568,0.6519503546099291,0.513960557771237,0.302117588660176,0.29221960521230594
60,0.28545707831425327,0.28545707831425327,0.996698739698955,0.034894850919748546,12.382002830505371,12.300164222717285,12.379131317138672,-0.0028715133666992188,9.415700912475586,9.415700912475586,9.42492389678955,9.42492389678955,9.662238121032715,9.390880584716797,0.009222984313964844,0.034043312072753906,0.2709191143512726,0.009222984313964844,0.05892857164144516,0.19702380895614624,0.7878788113594055,78,21,17.008378982543945,1.5132818222045898,-0.23731300234794617,0.30540168285369873,0.304758220911026,-0.02670421451330185,0.03482159227132797,0.03781461715698242,0.027175487019121647,0.07344757243990899,0.09349765069782734,-0.7652767300605774,0.9979006052017212,1.0836732387542725,-4.544589519500732,-0.8651615977287292,1.8615458011627197,0.7447807788848877,0.7718977243969461,0.5494053467123192,0.6252853358419072,0.6241483254092917,12.382002830505371,12.379131317138672,12.481095314025879,0.07896709442138672,-0.03636341542005539,-0.0028715133666992188,0.036496348679065704,0.34306567907333374,0.6000000238418579,6,4,0.8254919052124023,1.6122417449951172,-0.10196353495121002,0.259897381067276,0.3147825598716736,-0.010284535586833954,0.02320188656449318,0.02981916256248951,0.01796152349561453,0.051316675171256064,0.0572971137240529,-0.2947292923927307,0.6649086475372314,0.8545433282852173,-3.411700963973999,-0.8555846214294434,1.0106102228164673,0.6282650232315063,0.6323286052009456,0.49948973449463174,0.28581929287779834,0.27060034855655296
61,0.27447909840515683,0.27447909840515683,1.0007230344272795,0.03493109010402342,12.379347801208496,12.300164222717285,12.379131317138672,-0.00021648406982421875,9.41488265991211,9.41488265991211,9.42492389678955,9.42492389678955,9.662238121032715,9.390880584716797,0.010041236877441406,0.034043312072753906,0.29495474696159363,0.010041236877441406,0.07321428507566452,0.19702380895614624,0.7642276287078857,94,29,20.140655517578125,3.2711262702941895,-0.23731300234794617,0.30540168285369873,0.304758220911026,-0.02670421451330185,0.03482159227132797,0.03781461715698242,0.027175487019121647,0.07344757243990899,0.09349765069782734,-0.7644826173782349,0.9968653321266174,1.082548975944519,-4.613344669342041,-0.7342615127563477,1.6415938138961792,0.6959642767906189,0.7917434644438422,0.5751374678409578,0.6569302134416086,0.6597481520687287,12.379347801208496,12.379131317138672,12.481095314025879,0.07896709442138672,-0.0027414464857429266,-0.00021648406982421875,0.036496348679065704,0.34306567907333374,0.699999988079071,7,3,1.2775335311889648,1.336928367614746,-0.10196353495121002,0.259897381067276,0.3147825598716736,-0.010284535586833954,0.02320188656449318,0.02981916256248951,0.01796152349561453,0.051316675171256064,0.0572971137240529,-0.29442355036735535,0.6642187833786011,0.8536568284034729,-2.9393539428710938,-0.6913710832595825,0.9137973785400391,0.5478830933570862,0.6213947990543736,0.48650519699037975,0.27447229761882386,0.26272384549756816
62,0.2740200195284117,0.2740200195284117,0.9937139664377485,0.034708577567301384,12.380654335021973,12.300164222717285,12.379131317138672,-0.0015230178833007812,9.414412498474121,9.414412498474121,9.42492389678955,9.42492389678955,9.662238121032715,9.390880584716797,0.010511398315429688,0.034043312072753906,0.3087654411792755,0.010511398315429688,0.11785714328289032,0.19702380895614624,0.6515151262283325,129,69,24.124422073364258,6.463857650756836,-0.23731300234794617,0.30540168285369873,0.304758220911026,-0.02670421451330185,0.03482159227132797,0.03781461715698242,0.027175487019121647,0.07344757243990899,0.09349765069782734,-0.7693836688995361,1.00325608253479,1.0894891023635864,-3.1619865894317627,-0.5919392108917236,1.9653325080871582,0.6210652589797974,0.8133136551860055,0.5471379377786644,0.6408046370286667,0.6446270086812368,12.380654335021973,12.379131317138672,12.481095314025879,0.07896709442138672,-0.019286740571260452,-0.0015230178833007812,0.08394160866737366,0.34306567907333374,0.5652173757553101,13,10,2.6731200218200684,3.090339183807373,-0.10196353495121002,0.259897381067276,0.3147825598716736,-0.010284535586833954,0.02320188656449318,0.02981916256248951,0.01796152349561453,0.051316675171256064,0.0572971137240529,-0.29631105065345764,0.668476939201355,0.8591294884681702,-2.1121609210968018,-0.5684331059455872,1.2037196159362793,0.4963208734989166,0.6302600472813239,0.4905717804901374,0.22596476482516809,0.2275286757038582
63,0.2790642435706797,0.2790642435706797,1.0080524952638716,0.03501575658253875,12.380621910095215,12.300164222717285,12.379131317138672,-0.0014905929565429688,9.415379524230957,9.415379524230957,9.42492389678955,9.42492389678955,9.662238121032715,9.390880584716797,0.00954437255859375,0.034043312072753906,0.28035968542099,0.00954437255859375,0.06130952388048172,0.19702380895614624,0.7766990065574646,80,23,17.414264678955078,1.3782219886779785,-0.23731300234794617,0.30540168285369873,0.304758220911026,-0.02670421451330185,0.03482159227132797,0.03781461715698242,0.027175487019121647,0.07344757243990899,0.09349765069782734,-0.7626341581344604,0.9944549798965454,1.079931378364563,-3.95753812789917,-0.8357470035552979,1.6447460651397705,0.684800922870636,0.8119520110006517,0.5813024407918316,0.6640319903711618,0.6710505012321082,12.380621910095215,12.379131317138672,12.481095314025879,0.07896709442138672,-0.018876127898693085,-0.0014905929565429688,0.043795619159936905,0.34306567907333374,0.6666666865348816,8,4,1.313136100769043,1.7212953567504883,-0.10196353495121002,0.259897381067276,0.3147825598716736,-0.010284535586833954,0.02320188656449318,0.02981916256248951,0.01796152349561453,0.051316675171256064,0.0572971137240529,-0.2937116324901581,0.6626126170158386,0.8515926599502563,-2.7479360103607178,-0.8135183453559875,1.083845615386963,0.5877506136894226,0.6384751773049645,0.5229887806964344,0.22632260535735155,0.25554503890270314
64,0.2684191577491306,0.2684191577491306,0.9981018401327587,0.03495329574566241,12.376928329467773,12.300164222717285,12.379131317138672,0.0022029876708984375,9.414986610412598,9.414986610412598,9.42492389678955,9.42492389678955,9.662238121032715,9.390880584716797,0.009937286376953125,0.034043312072753906,0.29190129041671753,0.009937286376953125,0.07976190745830536,0.19702380895614624,0.7014925479888916,94,40,19.837200164794922,3.1400513648986816,-0.23731300234794617,0.30540168285369873,0.304758220911026,-0.02670421451330185,0.03482159227132797,0.03781461715698242,0.027175487019121647,0.07344757243990899,0.09349765069782734,-0.7639970183372498,0.9962319731712341,1.0818612575531006,-3.649416446685791,-0.6688241362571716,1.859492301940918,0.6208950281143188,0.8108859869344865,0.5895039020824481,0.6667537056104673,0.6748157560664557,12.376928329467773,12.379131317138672,12.481095314025879,0.07896709442138672,0.027897540479898453,0.0022029876708984375,0.058394160121679306,0.34306567907333374,0.75,12,4,2.2805299758911133,1.676802635192871,-0.10196353495121002,0.259897381067276,0.3147825598716736,-0.010284535586833954,0.02320188656449318,0.02981916256248951,0.01796152349561453,0.051316675171256064,0.0572971137240529,-0.2942364811897278,0.6637967228889465,0.8531144857406616,-2.8407928943634033,-0.608132541179657,1.0917892456054688,0.501804530620575,0.6330378250591017,0.5165044664119534,0.2698922350051227,0.26394773110101577
65,0.27288274679865154,0.27288274679865154,0.9989812203816005,0.03492355104918109,12.380621910095215,12.300164222717285,12.379131317138672,-0.0014905929565429688,9.414445877075195,9.414445877075195,9.42492389678955,9.42492389678955,9.662238121032715,9.390880584716797,0.010478019714355469,0.034043312072753906,0.3077849745750427,0.010478019714355469,0.0773809552192688,0.19702380895614624,0.7461538314819336,97,33,20.38968276977539,2.7852983474731445,-0.23731300234794617,0.30540168285369873,0.304758220911026,-0.02670421451330185,0.03482159227132797,0.03781461715698242,0.027175487019121647,0.07344757243990899,0.09349765069782734,-0.7646477222442627,0.9970805644989014,1.0827827453613281,-4.161856651306152,-0.8098961114883423,1.876330852508545,0.6930558681488037,0.8088547183882433,0.5837443716569516,0.6634883019189485,0.6725686754709627,12.380621910095215,12.379131317138672,12.481095314025879,0.07896709442138672,-0.018876127898693085,-0.0014905929565429688,0.043795619159936905,0.34306567907333374,0.6666666865348816,8,4,1.313136100769043,1.7212953567504883,-0.10196353495121002,0.259897381067276,0.3147825598716736,-0.010284535586833954,0.02320188656449318,0.02981916256248951,0.01796152349561453,0.051316675171256064,0.0572971137240529,-0.2944871485233307,0.6643621325492859,0.8538411259651184,-2.849186658859253,-0.7900424003601074,1.2773900032043457,0.5769100189208984,0.5855200945626478,0.4783436771963812,0.19340145476150342,0.19080160715197214
66,0.26804454170522235,0.26804454170522235,0.9923915948186602,0.03465139111954335,12.381704330444336,12.300164222717285,12.379131317138672,-0.0025730133056640625,9.414779663085938,9.414779663085938,9.42492389678955,9.42492389678955,9.662238121032715,9.390880584716797,0.010144233703613281,0.034043312072753906,0.2979802191257477,0.010144233703613281,0.06607142835855484,0.19702380895614624,0.792792797088623,88,23,18.765892028808594,1.7226881980895996,-0.23731300234794617,0.30540168285369873,0.304758220911026,-0.02670421451330185,0.03482159227132797,0.03781461715698242,0.027175487019121647,0.07344757243990899,0.09349765069782734,-0.770653486251831,1.0049118995666504,1.0912871360778809,-3.890894651412964,-0.6822340488433838,1.7658330202102661,0.6503804326057434,0.8147693603183739,0.5715513691189833,0.6591031454534256,0.6640979768059755,12.381704330444336,12.379131317138672,12.481095314025879,0.07896709442138672,-0.03258335962891579,-0.0025730133056640625,0.025547444820404053,0.34306567907333374,0.7142857313156128,5,2,0.6182126998901367,1.323298454284668,-0.10196353495121002,0.259897381067276,0.3147825598716736,-0.010284535586833954,0.02320188656449318,0.02981916256248951,0.01796152349561453,0.051316675171256064,0.0572971137240529,-0.29680004715919495,0.6695801615715027,0.8605473637580872,-2.524892807006836,-0.6529103517532349,0.7921071648597717,0.513318657875061,0.5927895981087471,0.46615243058070815,0.1997449733250231,0.18260309034031663
67,0.26740801086028415,0.26740801086028415,0.9969183504581451,0.03454872599939124,12.379596710205078,12.300164222717285,12.379131317138672,-0.00046539306640625,9.413602828979492,9.413602828979492,9.42492389678955,9.42492389678955,9.662238121032715,9.390880584716797,0.011321067810058594,0.034043312072753906,0.33254894614219666,0.011321067810058594,0.0684523805975914,0.19702380895614624,0.8173912763595581,94,21,20.00531005859375,0.9852781295776367,-0.23731300234794617,0.30540168285369873,0.304758220911026,-0.02670421451330185,0.03482159227132797,0.03781461715698242,0.027175487019121647,0.07344757243990899,0.09349765069782734,-0.7729434967041016,1.007897973060608,1.0945299863815308,-4.610385894775391,-0.8283904790878296,1.9116194248199463,0.7461092472076416,0.8110797076944094,0.600861453001743,0.6821672524363319,0.6950780470875632,12.379596710205078,12.379131317138672,12.481095314025879,0.07896709442138672,-0.005893506109714508,-0.00046539306640625,0.047445256263017654,0.34306567907333374,0.6153846383094788,8,5,1.7541351318359375,1.8815536499023438,-0.10196353495121002,0.259897381067276,0.3147825598716736,-0.010284535586833954,0.02320188656449318,0.02981916256248951,0.01796152349561453,0.051316675171256064,0.0572971137240529,-0.2976820468902588,0.6715699434280396,0.863104522228241,-2.9245152473449707,-0.7936586737632751,0.7762603163719177,0.6135382056236267,0.6234042553191489,0.49460332655118033,0.24838727336124694,0.2543415708379212
68,0.2703365308188257,0.2703365308188257,1.0039627248332614,0.034704055179270006,12.379218101501465,12.300164222717285,12.379131317138672,-8.678436279296875e-05,9.41336727142334,9.41336727142334,9.42492389678955,9.42492389678955,9.662238121032715,9.390880584716797,0.011556625366210938,0.034043312072753906,0.3394683003425598,0.011556625366210938,0.06369047611951828,0.19702380895614624,0.8785046935081482,94,13,19.953903198242188,0.5379924774169922,-0.23731300234794617,0.30540168285369873,0.304758220911026,-0.02670421451330185,0.03482159227132797,0.03781461715698242,0.027175487019121647,0.07344757243990899,0.09349765069782734,-0.7694839239120483,1.0033868551254272,1.0896310806274414,-3.6224007606506348,-0.6971003413200378,1.9340338706970215,0.5911115407943726,0.8135980775734067,0.6158689914447122,0.6787335181825885,0.6938605323301508,12.379218101501465,12.379131317138672,12.481095314025879,0.07896709442138672,-0.001098994049243629,-8.678436279296875e-05,0.040145985782146454,0.34306567907333374,0.7272727489471436,8,3,1.313136100769043,1.336928367614746,-0.10196353495121002,0.259897381067276,0.3147825598716736,-0.010284535586833954,0.02320188656449318,0.02981916256248951,0.01796152349561453,0.051316675171256064,0.0572971137240529,-0.2963496744632721,0.6685640811920166,0.8592414259910583,-2.182516574859619,-0.6119202375411987,1.2720403671264648,0.4622498154640198,0.6505319148936171,0.526719581101783,0.269881874532558,0.2858598335970599
69,0.26731646710208484,0.26731646710208484,1.008384192557562,0.035024030151727885,12.37625503540039,12.300164222717285,12.379131317138672,0.00287628173828125,9.414196014404297,9.414196014404297,9.42492389678955,9.42492389678955,9.662238121032715,9.390880584716797,0.010727882385253906,0.034043312072753906,0.31512451171875,0.010727882385253906,0.0773809552192688,0.19702380895614624,0.7923076748847961,103,27,21.56389045715332,3.5389575958251953,-0.23731300234794617,0.30540168285369873,0.304758220911026,-0.02670421451330185,0.03482159227132797,0.03781461715698242,0.027175487019121647,0.07344757243990899,0.09349765069782734,-0.7624539136886597,0.9942200183868408,1.0796762704849243,-4.702316761016846,-0.8541456460952759,1.6902440786361694,0.8000896573066711,0.7930233651871477,0.5992600539867149,0.6598621409803984,0.6630650525718047,12.37625503540039,12.379131317138672,12.481095314025879,0.07896709442138672,0.03642380237579346,0.00287628173828125,0.043795619159936905,0.34306567907333374,0.8333333134651184,10,2,2.11154842376709,1.323298454284668,-0.10196353495121002,0.259897381067276,0.3147825598716736,-0.010284535586833954,0.02320188656449318,0.02981916256248951,0.01796152349561453,0.051316675171256064,0.0572971137240529,-0.2936422526836395,0.662456214427948,0.8513914942741394,-3.7630677223205566,-0.805663526058197,1.0475373268127441,0.6543532609939575,0.6281914893617021,0.5249539585443059,0.2826041609521084,0.2631257793301589
70,0.263837821213972,0.263837821213972,0.9998874374798365,0.03502786569598787,12.380637168884277,12.300164222717285,12.379131317138672,-0.0015058517456054688,9.414705276489258,9.414705276489258,9.42492389678955,9.42492389678955,9.662238121032715,9.390880584716797,0.010218620300292969,0.034043312072753906,0.3001652657985687,0.010218620300292969,0.06071428582072258,0.19702380895614624,0.8039215803146362,82,20,18.50982666015625,1.3412799835205078,-0.23731300234794617,0.30540168285369873,0.304758220911026,-0.02670421451330185,0.03482159227132797,0.03781461715698242,0.027175487019121647,0.07344757243990899,0.09349765069782734,-0.7623705863952637,0.9941111207008362,1.0795581340789795,-4.733327388763428,-0.8905453681945801,2.022094964981079,0.7399413585662842,0.7967298144087933,0.5853121919312528,0.6732805671366191,0.6812965582807728,12.380637168884277,12.379131317138672,12.481095314025879,0.07896709442138672,-0.019069356843829155,-0.0015058517456054688,0.03284671530127525,0.34306567907333374,0.6666666865348816,6,3,0.9243326187133789,1.336928367614746,-0.10196353495121002,0.259897381067276,0.3147825598716736,-0.010284535586833954,0.02320188656449318,0.02981916256248951,0.01796152349561453,0.051316675171256064,0.0572971137240529,-0.2936100959777832,0.6623836159706116,0.8512983322143555,-3.388948678970337,-0.843806266784668,0.8312330842018127,0.617393970489502,0.6472222222222223,0.5018008665237257,0.2879573632535374,0.30385643553526764
71,0.2565305157076745,0.2565305157076745,0.9945280568940299,0.03483340174420096,12.379142761230469,12.300164222717285,12.379131317138672,-1.1444091796875e-05,9.413789749145508,9.413789749145508,9.42492389678955,9.42492389678955,9.662238121032715,9.390880584716797,0.011134147644042969,0.034043312072753906,0.3270582854747772,0.011134147644042969,0.05238095298409462,0.19702380895614624,0.9090909361839294,80,8,19.12438201904297,0.4158625602722168,-0.23731300234794617,0.30540168285369873,0.304758220911026,-0.02670421451330185,0.03482159227132797,0.03781461715698242,0.027175487019121647,0.07344757243990899,0.09349765069782734,-0.7666266560554504,0.9996609687805176,1.0855849981307983,-4.369098663330078,-0.8521831631660461,2.0895490646362305,0.7055169343948364,0.7975293324584172,0.605696205564192,0.6821333942645752,0.6837775855555444,12.379142761230469,12.379131317138672,12.481095314025879,0.07896709442138672,-0.00014492229092866182,-1.1444091796875e-05,0.025547444820404053,0.34306567907333374,0.7142857313156128,5,2,0.8147249221801758,0.8177471160888672,-0.10196353495121002,0.259897381067276,0.3147825598716736,-0.010284535586833954,0.02320188656449318,0.02981916256248951,0.01796152349561453,0.051316675171256064,0.0572971137240529,-0.29524925351142883,0.6660814881324768,0.8560508489608765,-3.1346516609191895,-0.8123399615287781,0.5184862613677979,0.5810369849205017,0.6277186761229314,0.49465794817907194,0.2822881447323226,0.27995566477318307
72,0.26515046528407504,0.26515046528407504,1.0002664401417687,0.03485205930936622,12.38233470916748,12.300164222717285,12.379131317138672,-0.0032033920288085938,9.413490295410156,9.413490295410156,9.42492389678955,9.42492389678955,9.662238121032715,9.390880584716797,0.011433601379394531,0.034043312072753906,0.33585456013679504,0.011433601379394531,0.07023809850215912,0.19702380895614624,0.8474576473236084,100,18,20.50609588623047,1.2967863082885742,-0.23731300234794617,0.30540168285369873,0.304758220911026,-0.02670421451330185,0.03482159227132797,0.03781461715698242,0.027175487019121647,0.07344757243990899,0.09349765069782734,-0.7662163376808167,0.9991258978843689,1.0850038528442383,-3.9322826862335205,-0.8267984986305237,1.8047363758087158,0.714971125125885,0.8133270924641505,0.6197228029399964,0.6896627946625554,0.7050752327450344,12.38233470916748,12.379131317138672,12.481095314025879,0.07896709442138672,-0.04056616127490997,-0.0032033920288085938,0.040145985782146454,0.34306567907333374,0.5454545617103577,6,5,0.921661376953125,1.7994861602783203,-0.10196353495121002,0.259897381067276,0.3147825598716736,-0.010284535586833954,0.02320188656449318,0.02981916256248951,0.01796152349561453,0.051316675171256064,0.0572971137240529,-0.2950912117958069,0.6657249331474304,0.8555926084518433,-2.9016685485839844,-0.7893044352531433,0.9094812273979187,0.5685727000236511,0.6221631205673759,0.49496262685930503,0.25422790312901905,0.26268476049497946
73,0.252866400458983,0.252866400458983,0.9943113128344218,0.0346514536862242,12.380752563476562,12.300164222717285,12.379131317138672,-0.001621246337890625,9.413069725036621,9.413069725036621,9.42492389678955,9.42492389678955,9.662238121032715,9.390880584716797,0.011854171752929688,0.034043312072753906,0.34820854663848877,0.011854171752929688,0.0773809552192688,0.19702380895614624,0.800000011920929,104,26,21.82410430908203,1.9084291458129883,-0.23731300234794617,0.30540168285369873,0.304758220911026,-0.02670421451330185,0.03482159227132797,0.03781461715698242,0.027175487019121647,0.07344757243990899,0.09349765069782734,-0.7706520557403564,1.0049099922180176,1.0912851095199585,-3.167137384414673,-0.7160449624061584,2.0342233180999756,0.6333679556846619,0.8225069929835013,0.6214031956060628,0.6846238899909673,0.7020605790503291,12.380752563476562,12.379131317138672,12.481095314025879,0.07896709442138672,-0.020530657842755318,-0.001621246337890625,0.040145985782146454,0.34306567907333374,0.6363636255264282,7,4,1.1983041763305664,1.6425399780273438,-0.10196353495121002,0.259897381067276,0.3147825598716736,-0.010284535586833954,0.02320188656449318,0.02981916256248951,0.01796152349561453,0.051316675171256064,0.0572971137240529,-0.29679951071739197,0.6695789694786072,0.8605457544326782,-2.1766884326934814,-0.698911190032959,0.9003186821937561,0.5056428909301758,0.6059101654846336,0.4976427920495519,0.21135474069696925,0.21529040302762933
74,0.2557852007803463,0.2557852007803463,1.0054931027548655,0.03486328142063241,12.372136116027832,12.300164222717285,12.379131317138672,0.006995201110839844,9.414091110229492,9.414091110229492,9.42492389678955,9.42492389678955,9.662238121032715,9.390880584716797,0.010832786560058594,0.034043312072753906,0.3182060122489929,0.010832786560058594,0.10654761642217636,0.19702380895614624,0.6871508359909058,123,56,24.255443572998047,6.056242942810059,-0.23731300234794617,0.30540168285369873,0.304758220911026,-0.02670421451330185,0.03482159227132797,0.03781461715698242,0.027175487019121647,0.07344757243990899,0.09349765069782734,-0.7659695744514465,0.9988041520118713,1.084654450416565,-3.931601047515869,-0.7802212238311768,2.409071683883667,0.7388671636581421,0.8295302103605894,0.5779986171068836,0.6759327547085021,0.6934098568971816,12.372136116027832,12.379131317138672,12.481095314025879,0.07896709442138672,0.08858374506235123,0.006995201110839844,0.08029197156429291,0.34306567907333374,0.6818181872367859,15,7,4.285553932189941,2.3689680099487305,-0.10196353495121002,0.259897381067276,0.3147825598716736,-0.010284535586833954,0.02320188656449318,0.02981916256248951,0.01796152349561453,0.051316675171256064,0.0572971137240529,-0.2949962019920349,0.6655106544494629,0.8553171157836914,-2.6968348026275635,-0.7918907999992371,0.7293698787689209,0.612461507320404,0.606323877068558,0.5007486411778692,0.1925342815224458,0.18977898014394368
