{
  "exp_name": "fpem_agcrn_aligned_pretrained_inv_best_recipe_no_conf_k4_no_mask_no_swap_no_club_seed2025",
  "seed": 2025,
  "dataset": "NYCTaxi_TDS",
  "model": "steve",
  "ablation": "no_conf_k4_no_mask_no_swap_no_club",
  "best_epoch": 90,
  "best_val_loss": 11.244710763295492,
  "test_mixed_mae": 10.141666412353516,
  "test_workday_mae": 10.02259635925293,
  "test_holiday_mae": 10.348952293395996,
  "test_avg_mae": 10.185774326324463,
  "finished": true,
  "counts": {
    "train_total": 1680,
    "train_workday": 1200,
    "train_holiday": 480,
    "train_workday_holiday_ratio": 2.5,
    "val_total": 274,
    "val_workday": 178,
    "val_holiday": 96,
    "test_total": 546,
    "test_workday": 354,
    "test_holiday": 192
  },
  "best": {
    "val": {
      "mae": 11.244710763295492,
      "epoch": 90
    },
    "test_avg": {
      "mae": 10.14184856414795,
      "epoch": 96
    },
    "workday": {
      "mae": 9.994498252868652,
      "epoch": 96
    },
    "holiday": {
      "mae": 10.270231246948242,
      "epoch": 74
    }
  },
  "final": {
    "val": {
      "selected_epoch": 90,
      "val": {
        "loss": 11.244710763295492,
        "mae": 11.043713569641113,
        "mape": 0.19052892923355103
      },
      "test_mixed": {
        "loss": 10.161372075762067,
        "mae": 10.141666412353516,
        "mape": 0.17763936519622803
      },
      "test_workday": {
        "loss": 10.006102458290432,
        "mae": 10.02259635925293,
        "mape": 0.17793124914169312
      },
      "test_holiday": {
        "loss": 10.428644140561422,
        "mae": 10.348952293395996,
        "mape": 0.17713122069835663
      },
      "test_avg_mae": 10.185774326324463
    },
    "test_avg": {
      "selected_epoch": 96,
      "val": {
        "loss": 11.24942061636183,
        "mae": 11.049033164978027,
        "mape": 0.19822724163532257
      },
      "test_mixed": {
        "loss": 10.124354648590089,
        "mae": 10.102019309997559,
        "mape": 0.1840338408946991
      },
      "test_workday": {
        "loss": 9.982747865759809,
        "mae": 9.994498252868652,
        "mape": 0.18436482548713684
      },
      "test_holiday": {
        "loss": 10.365899284680685,
        "mae": 10.289198875427246,
        "mape": 0.18345756828784943
      },
      "test_avg_mae": 10.14184856414795
    },
    "workday": {
      "selected_epoch": 96,
      "val": {
        "loss": 11.24942061636183,
        "mae": 11.049033164978027,
        "mape": 0.19822724163532257
      },
      "test_mixed": {
        "loss": 10.124354648590089,
        "mae": 10.102019309997559,
        "mape": 0.1840338408946991
      },
      "test_workday": {
        "loss": 9.982747865759809,
        "mae": 9.994498252868652,
        "mape": 0.18436482548713684
      },
      "test_holiday": {
        "loss": 10.365899284680685,
        "mae": 10.289198875427246,
        "mape": 0.18345756828784943
      },
      "test_avg_mae": 10.14184856414795
    },
    "holiday": {
      "selected_epoch": 74,
      "val": {
        "loss": 11.270431412590874,
        "mae": 11.070087432861328,
        "mape": 0.1965455710887909
      },
      "test_mixed": {
        "loss": 10.136859784807477,
        "mae": 10.108829498291016,
        "mape": 0.1825191080570221
      },
      "test_workday": {
        "loss": 10.011718604875648,
        "mae": 10.016119003295898,
        "mape": 0.18342643976211548
      },
      "test_holiday": {
        "loss": 10.34797732035319,
        "mae": 10.270231246948242,
        "mape": 0.1809394806623459
      },
      "test_avg_mae": 10.14317512512207
    }
  },
  "elapsed_min": 100.43465857903162,
  "args": {
    "seed": 2025,
    "device": "cuda:0",
    "mode": "train",
    "best_path": "/home/zhangwt/remote/StableST/experiments/NYCTaxi/20240510-014845/best_model.pth",
    "debug": false,
    "data_dir": "/data/OuXiaoyu/STEVE_CODE/STEVE/data",
    "dataset": "NYCTaxi_TDS",
    "input_length": 35,
    "batch_size": 16,
    "test_batch_size": 16,
    "graph_file": "/data/OuXiaoyu/STEVE_CODE/STEVE/data/NYCTaxi_TDS/adj_mx.npz",
    "num_nodes": 200,
    "len_closeness": 8,
    "len_period": 27,
    "len_trend": 0,
    "d_input": 2,
    "d_output": 2,
    "d_model": 64,
    "dropout": 0.1,
    "percent": 0.1,
    "shm_temp": 0.5,
    "nmb_prototype": 4,
    "yita": 0.5,
    "layers": 3,
    "K": 64,
    "bank_gamma": 0.2,
    "kw": 1,
    "mi_w": 2,
    "epochs": 100,
    "lr_init": 0.001,
    "early_stop": true,
    "early_stop_patience": 30,
    "grad_norm": true,
    "max_grad_norm": 5,
    "use_dwa": true,
    "temp": 2,
    "MMI": false,
    "lr_patience": 20,
    "lr_mode": "only",
    "use_RevIN": true,
    "ablation": "no_conf_k4_no_mask_no_swap_no_club",
    "config_filename": "/data/OuXiaoyu/STEVE_CODE/STEVE/configs/NYCTaxi.yaml",
    "model": "steve",
    "early_stop_test_avg_mae_epoch": 40,
    "early_stop_test_avg_mae_threshold": 12.0,
    "train_work_per_holiday": 2.5,
    "exp_name": "fpem_agcrn_aligned_pretrained_inv_best_recipe_no_conf_k4_no_mask_no_swap_no_club_seed2025",
    "run_name": "fpem_agcrn_aligned_pretrained_inv_best_recipe_no_conf_k4_no_mask_no_swap_no_club_seed2025",
    "result_root": "/data/OuXiaoyu/STEVE_CODE/STEVE/experiments/NYCTaxi_TDS",
    "resume": true,
    "resume_reset_patience": true,
    "max_train_batches": null,
    "max_eval_batches": null,
    "agcrn_lr": 0.003,
    "agcrn_embed_dim": 10,
    "agcrn_rnn_units": 64,
    "agcrn_num_layers": 2,
    "agcrn_cheb_k": 2,
    "fpem_use_pretrained_inv_agcrn": true,
    "fpem_pretrained_inv_agcrn_path": "/data/OuXiaoyu/STEVE_CODE/STEVE/experiments/NYCTaxi_TDS/pure_agcrn_seed2024/best_val_model.pth",
    "fpem_backbone": "agcrn",
    "fpem_use_env_mask": false,
    "fpem_confounder_use_mask": false,
    "fpem_env_mask_hidden_dim": 64,
    "fpem_env_mask_temperature": 1.0,
    "fpem_env_mask_warmup_epochs": 5,
    "fpem_lambda_mask_sparse": 0.0,
    "fpem_lambda_mask_entropy": 0.0,
    "fpem_use_env_route": true,
    "fpem_use_env_fusion": true,
    "fpem_env_route_k": 4,
    "fpem_env_route_head_mode": "concat_input",
    "fpem_env_route_mode": "confidence_mix",
    "fpem_env_route_use_inv_fallback_expert": false,
    "fpem_env_route_tau": 1.0,
    "fpem_env_route_oracle_tau": 0.3,
    "fpem_env_route_train_mode": "soft_oracle",
    "fpem_env_route_hidden_dim": 64,
    "fpem_env_route_warmup_epochs": 5,
    "fpem_env_route_lambda_final": 1.0,
    "fpem_env_route_lambda_global": 0.0,
    "fpem_env_route_lambda_route_soft": 0.5,
    "fpem_env_route_lambda_expert": 0.2,
    "fpem_env_route_lambda_router_oracle": 1.0,
    "fpem_env_route_lambda_balance": 0.01,
    "fpem_env_route_lambda_diverse": 0.01,
    "fpem_env_route_lambda_entropy": 0.0,
    "fpem_lambda_inv_pred": 0.0,
    "fpem_hyper_alpha_mode": "sample_gate",
    "fpem_lambda_hyper_delta_norm": 0.0001,
    "fpem_use_confounder_extractor": false,
    "fpem_use_club_mi": false,
    "fpem_lambda_club_mi": 0.0,
    "fpem_use_future_mi": true,
    "fpem_lambda_future_mi": 0.02,
    "fpem_future_mi_target_mode": "env_encoder",
    "fpem_future_mi_warmup_epochs": 5,
    "fpem_future_mi_hidden_dim": 64,
    "fpem_future_mi_detach_target": true,
    "fpem_use_swap": false,
    "fpem_lambda_swap": 0.0,
    "fpem_swap_warmup_epochs": 30,
    "fpem_swap_margin": 0.01,
    "fpem_swap_gain_eta": 0.0,
    "fpem_swap_gain_tau": 0.05,
    "fpem_lambda_swap_diff": 1.0,
    "fpem_lambda_swap_same": 0.05,
    "fpem_swap_only_diff_route": true,
    "fpem_swap_detach_inv": true,
    "fpem_swap_detach_env": false,
    "fpem_use_swap_fallback_router_loss": false,
    "fpem_lambda_swap_fallback_router": 0.0,
    "fpem_swap_fallback_warmup_epochs": 30,
    "fpem_use_grad_consensus": false,
    "fpem_gc_pred_loss_only": true,
    "fpem_gc_inv_rho": 0.3,
    "fpem_gc_env_rho": 0.3,
    "fpem_gc_tau": 0.5,
    "fpem_gc_temp": 0.1,
    "fpem_gc_min_keep": 0.2,
    "fpem_gc_warmup_epochs": 10,
    "fpem_gc_route_min_samples": 2,