[StableST] loaded pretrained invariant AGCRN encoder and prediction head from /data/OuXiaoyu/STEVE_CODE/STEVE/experiments/NYCTaxi_TDS/pure_agcrn_seed2024/best_val_model.pth; missing=[] unexpected=[]
/data/OuXiaoyu/miniconda3/envs/basicts/lib/python3.11/site-packages/torch/optim/lr_scheduler.py:62: UserWarning: The verbose parameter is deprecated. Please use get_last_lr() to access the learning rate.
  warnings.warn(
{
  "args": {
    "seed": 2025,
    "device": "cuda:0",
    "mode": "train",
    "best_path": "/home/zhangwt/remote/StableST/experiments/NYCTaxi/20240510-014845/best_model.pth",
    "debug": false,
    "data_dir": "/data/OuXiaoyu/STEVE_CODE/STEVE/data",
    "dataset": "NYCTaxi_TDS",
    "input_length": 35,
    "batch_size": 16,
    "test_batch_size": 16,
    "graph_file": "/data/OuXiaoyu/STEVE_CODE/STEVE/data/NYCTaxi_TDS/adj_mx.npz",
    "num_nodes": 200,
    "len_closeness": 8,
    "len_period": 27,
    "len_trend": 0,
    "d_input": 2,
    "d_output": 2,
    "d_model": 64,
    "dropout": 0.1,
    "percent": 0.1,
    "shm_temp": 0.5,
    "nmb_prototype": 4,
    "yita": 0.5,
    "layers": 3,
    "K": 64,
    "bank_gamma": 0.2,
    "kw": 1,
    "mi_w": 2,
    "epochs": 100,
    "lr_init": 0.001,
    "early_stop": true,
    "early_stop_patience": 30,
    "grad_norm": true,
    "max_grad_norm": 5,
    "use_dwa": true,
    "temp": 2,
    "MMI": false,
    "lr_patience": 20,
    "lr_mode": "only",
    "use_RevIN": true,
    "ablation": "obs_k1_environment_hard_router",
    "config_filename": "/data/OuXiaoyu/STEVE_CODE/STEVE/configs/NYCTaxi.yaml",
    "model": "steve",
    "data_seed": 2025,
    "early_stop_test_avg_mae_epoch": 0,
    "early_stop_test_avg_mae_threshold": 12.0,
    "train_work_per_holiday": 2.5,
    "exp_name": "fpem_agcrn_aligned_pretrained_inv_observable_load_hard_router_0727_v1_obs_k1_environment_hard_router_seed2025",
    "run_name": "fpem_agcrn_aligned_pretrained_inv_observable_load_hard_router_0727_v1_obs_k1_environment_hard_router_seed2025",
    "result_root": "/data/OuXiaoyu/STEVE_CODE/STEVE/experiments/NYCTaxi_TDS",
    "resume": true,
    "resume_reset_patience": true,
    "max_train_batches": null,
    "max_eval_batches": null,
    "fpem_backbone": "agcrn",
    "agcrn_lr": 0.003,
    "agcrn_embed_dim": 10,
    "agcrn_rnn_units": 64,
    "agcrn_num_layers": 2,
    "agcrn_cheb_k": 2,
    "graphwavenet_layers": 4,
    "graphwavenet_kernel_size": 2,
    "graphwavenet_dropout": 0.1,
    "staeformer_layers": 2,
    "staeformer_heads": 4,
    "staeformer_dropout": 0.1,
    "staeformer_mlp_ratio": 2.0,
    "staeformer_input_length_max": 512,
    "fpem_use_pretrained_inv_agcrn": true,
    "fpem_pretrained_inv_agcrn_path": "/data/OuXiaoyu/STEVE_CODE/STEVE/experiments/NYCTaxi_TDS/pure_agcrn_seed2024/best_val_model.pth",
    "fpem_use_env_supervision": false,
    "fpem_lambda_env_day_cls": 0.0,
    "fpem_lambda_env_hour_cls": 0.0,
    "fpem_lambda_env_rush_cls": 0.0,
    "fpem_env_use_exogenous": true,
    "fpem_env_exogenous_hour_dim": 8,
    "fpem_env_exogenous_day_dim": 4,
    "fpem_env_exogenous_rush_dim": 4,
    "fpem_env_exogenous_load_dim": 8,
    "fpem_env_exogenous_load_num_embeddings": 6,
    "fpem_env_exogenous_scale": 0.1,
    "fpem_ignore_future_c": true,
    "fpem_use_load_level_experts": true,
    "fpem_load_level_k": 1,
    "fpem_load_level_mode": "train_quantile",
    "fpem_randomize_train_load_level": false,
    "fpem_random_load_level_seed": 20260727,
    "fpem_use_environment_gate": false,
    "fpem_environment_gate_hidden_dim": 64,
    "fpem_environment_gate_warmup_epochs": 5,
    "fpem_environment_gate_margin_relative": 0.01,
    "fpem_environment_gate_temperature": 0.05,
    "fpem_lambda_environment_gate": 1.0,
    "fpem_lambda_load_expert": 0.2,
    "fpem_use_env_supcon": false,
    "fpem_lambda_env_supcon": 0.0,
    "fpem_env_supcon_temperature": 0.1,
    "fpem_use_inv_projector": false,
    "fpem_use_inv_env_adversarial": false,
    "fpem_lambda_inv_env_adv": 0.0,
    "fpem_grl_alpha": 1.0,
    "fpem_env_route_head_mode": "hyper_inv_film_proto_input_add",
    "fpem_use_env_prototype_router": false,
    "fpem_env_route_target_mode": "env_prototype",
    "fpem_env_route_train_mode": "soft_oracle",
    "fpem_env_route_inference_mode": "mlp",
    "fpem_env_prototype_temperature": 1.0,
    "fpem_env_route_hybrid_alpha": 1.0,
    "fpem_env_route_hybrid_alpha_start": 1.0,
    "fpem_env_route_hybrid_alpha_end": 0.5,
    "fpem_env_route_hybrid_alpha_decay_epochs": 30,
    "fpem_use_sinkhorn_route": false,
    "fpem_force_uniform_route": false,
    "fpem_env_rep_ablation": "normal",
    "fpem_env_route_sinkhorn_tau": 1.0,
    "fpem_env_route_sinkhorn_iters": 5,
    "fpem_env_sinkhorn_prediction_alpha_start": 0.2,
    "fpem_env_sinkhorn_prediction_alpha_final": 1.0,
    "fpem_env_sinkhorn_environment_beta_start": 1.0,
    "fpem_env_sinkhorn_environment_beta_final": 0.2,
    "fpem_env_sinkhorn_schedule_start_epoch": 5,
    "fpem_env_sinkhorn_schedule_end_epoch": 15,
    "fpem_env_sinkhorn_temporal_lambda": 0.05,
    "fpem_env_sinkhorn_gaussian_ema": 0.05,
    "fpem_env_sinkhorn_gaussian_min_var": 0.0001,
    "fpem_sinkhorn_warmup_epochs": 10,
    "fpem_sinkhorn_soft_end_epoch": 20,
    "fpem_sinkhorn_temperature_start": 1.0,
    "fpem_sinkhorn_temperature_final": 0.3,
    "fpem_sinkhorn_lambda_common": 0.1,
    "fpem_risk_router_temperature": 1.0,
    "fpem_risk_router_lambda": 0.5,
    "fpem_risk_router_pairwise_lambda": 0.0,
    "fpem_env_teacher_ema_momentum": 0.995,
    "fpem_env_partition_start_epoch": 5,
    "fpem_env_partition_update_interval": 5,
    "fpem_env_partition_freeze_last_epochs": 15,
    "fpem_env_partition_max_batches": -1,
    "fpem_env_max_clusters": 6,
    "fpem_env_min_cluster_ratio": 0.08,
    "fpem_env_gmm_n_init": 10,
    "fpem_env_gmm_variance_floor": 0.0001,
    "fpem_env_progressive_lambda_common": 0.2,
    "fpem_env_cluster_compactness_lambda": 0.01,
    "fpem_env_cluster_consistency_lambda": 0.05,
    "fpem_env_split_perturb_std": 1e-05,
    "fpem_sinkhorn_iters": 3,
    "fpem_sinkhorn_epsilon": 0.05,
    "fpem_expert_uniform_warmup_epochs": 5,
    "fpem_env_route_balance_warmup_epochs": 10,
    "fpem_env_route_initial_temperature": 1.0,
    "fpem_env_route_final_temperature": 0.3,
    "fpem_use_cross_cov_sep": false,
    "fpem_lambda_cross_cov_sep": 0.0,
    "save_test_selected_checkpoints": false,
    "fpem_use_confounder_extractor": false,
    "fpem_use_env_mask": false,
    "fpem_confounder_use_mask": false,
    "fpem_lambda_mask_sparse": 0.0,
    "fpem_lambda_mask_entropy": 0.0,
    "fpem_lambda_inv_pred": 0.0,
    "fpem_use_env_route": true,
    "fpem_env_route_k": 1,
    "fpem_env_route_warmup_epochs": 0,
    "fpem_env_route_tau": 1.0,
    "fpem_env_route_oracle_tau": 0.3,
    "fpem_env_route_hidden_dim": 64,
    "fpem_env_route_lambda_final": 1.0,
    "fpem_env_route_lambda_global": 0.0,
    "fpem_env_route_lambda_route_soft": 0.5,
    "fpem_env_route_lambda_expert": 0.2,
    "fpem_env_route_lambda_router_oracle": 1.0,
    "fpem_env_route_lambda_balance": 0.1,
    "fpem_env_route_lambda_diverse": 0.02,
    "fpem_env_route_lambda_proto_align": 0.01,
    "fpem_env_route_lambda_entropy": 0.0,
    "fpem_hyper_alpha_mode": "fixed_one",
    "fpem_lambda_hyper_delta_norm": 0.0001,
    "fpem_use_club_mi": false,
    "fpem_lambda_club_mi": 0.0,
    "fpem_use_env_fusion": false,
    "fpem_env_route_use_inv_fallback_expert": false,
    "fpem_use_future_mi": false,
    "fpem_lambda_future_mi": 0.0,
    "fpem_future_mi_target_mode": "env_encoder",
    "fpem_future_mi_warmup_epochs": 5,
    "fpem_future_mi_hidden_dim": 64,
    "fpem_future_mi_detach_target": true,
    "fpem_use_swap": false,
    "fpem_lambda_swap": 0.0,
    "fpem_swap_warmup_epochs": 30,
    "fpem_swap_margin": 0.01,
    "fpem_swap_gain_eta": 0.0,
    "fpem_swap_gain_tau": 0.05,
    "fpem_lambda_swap_diff": 1.0,
    "fpem_lambda_swap_same": 0.05,
    "fpem_swap_only_diff_route": true,
    "fpem_swap_detach_inv": true,
    "fpem_swap_detach_env": false,
    "fpem_use_swap_fallback_router_loss": false,
    "fpem_lambda_swap_fallback_router": 0.0,
    "fpem_use_grad_consensus": false,
    "fpem_gc_pred_loss_only": true,
    "fpem_use_observable_load_prior": true,
    "fpem_observable_load_prior_cache": "/data/OuXiaoyu/STEVE_CODE/STEVE/data/NYCTaxi/observable_load_prior_k3_v1.npz",
    "fpem_observable_load_random_seed": 314159,
    "fpem_use_random_balanced_assignment": false,
    "fpem_use_hard_environment_router": true,
    "fpem_hard_router_hidden_dim": 64,
    "fpem_hard_router_warmup_epochs": 5,
    "fpem_hard_router_relative_margin": 0.01,
    "fpem_lambda_hard_router": 1.0,
    "git_commit": "1b38ed8",
    "log_dir": "/data/OuXiaoyu/STEVE_CODE/STEVE/experiments/NYCTaxi_TDS/fpem_agcrn_aligned_pretrained_inv_observable_load_hard_router_0727_v1_obs_k1_environment_hard_router_seed2025",
    "fpem_observable_load_prior_summary": {
      "path": "/data/OuXiaoyu/STEVE_CODE/STEVE/data/NYCTaxi/observable_load_prior_k3_v1.npz",
      "cache_version": 1,
      "created": false,
      "CP_shape": [
        200,
        2
      ],
      "CP_zero_count": 0,
      "thresholds": [
        0.165,
        0.20350000000000001
      ],
      "random_assignment_seed": 314159,
      "metadata": {
        "cache_version": 1,
        "formula": "c_obs=clip(ceil(5*x[:,-1]/CP),0,5); CP=max(train_x,axis=(0,1)); CP==0 -> c_obs=0",
        "load_score": "mean(c_obs/5 over nodes and channels)",
        "quantiles": [
          0.3333333333333333,
          0.6666666666666666
        ],
        "random_assignment_seed": 314159,
        "source_x_shapes": {
          "test": [
            546,
            35,
            200,
            2
          ],
          "train": [
            1912,
            35,
            200,
            2
          ],
          "val": [
            274,
            35,
            200,
            2
          ]
        },
        "threshold_fit_split": "train",
        "uses_stored_c": false,
        "uses_target_y": false
      },
      "splits": {
        "train": {
          "samples": 1912,
          "c_obs_shape": [
            1912,
            200,
            2
          ],
          "score_min": 0.005,
          "score_max": 0.32,
          "expert_counts": [
            639,
            636,
            637
          ],
          "random_expert_counts": [
            639,
            636,
            637
          ]
        },
        "val": {
          "samples": 274,
          "c_obs_shape": [
            274,
            200,
            2
          ],
          "score_min": 0.0925,
          "score_max": 0.311,
          "expert_counts": [
            73,
            81,
            120
          ],
          "random_expert_counts": [
            73,
            81,
            120
          ]
        },
        "test": {
          "samples": 546,
          "c_obs_shape": [
            546,
            200,
            2
          ],
          "score_min": 0.08850000000000001,
          "score_max": 0.331,
          "expert_counts": [
            125,
            183,
            238
          ],
          "random_expert_counts": [
            125,
            183,
            238
          ]
        }
      }
    },
    "fpem_load_level_thresholds": [],
    "fpem_load_level_train_counts": [
      1912
    ],
    "fpem_load_level_source": "cached c_obs=clip(ceil(5*x[:, -1]/train-only CP),0,5)",
    "fpem_load_level_threshold_fit_split": "raw train",
    "fpem_load_level_uses_target_or_future_load": false,
    "fpem_input_scaler_mean": 38.57557819125603,
    "fpem_input_scaler_std": 103.88843068867193
  },
  "counts": {
    "train_total": 1680,
    "train_workday": 1200,
    "train_holiday": 480,
    "train_workday_holiday_ratio": 2.5,
    "val_total": 274,
    "val_workday": 178,
    "val_holiday": 96,
    "test_total": 546,
    "test_workday": 354,
    "test_holiday": 192,
    "train_shuffle": true,
    "train_chronological_for_env_sinkhorn_temporal": false,
    "traffic_load_c_audit": {
      "ignored": true,
      "loaded_into_training_or_inference": false,
      "reason": "stored c is derived from future y[:,0]"
    },
    "observable_load_prior": {
      "path": "/data/OuXiaoyu/STEVE_CODE/STEVE/data/NYCTaxi/observable_load_prior_k3_v1.npz",
      "cache_version": 1,
      "created": false,
      "CP_shape": [
        200,
        2
      ],
      "CP_zero_count": 0,
      "thresholds": [
        0.165,
        0.20350000000000001
      ],
      "random_assignment_seed": 314159,
      "metadata": {
        "cache_version": 1,
        "formula": "c_obs=clip(ceil(5*x[:,-1]/CP),0,5); CP=max(train_x,axis=(0,1)); CP==0 -> c_obs=0",
        "load_score": "mean(c_obs/5 over nodes and channels)",
        "quantiles": [
          0.3333333333333333,
          0.6666666666666666
        ],
        "random_assignment_seed": 314159,
        "source_x_shapes": {
          "test": [
            546,
            35,
            200,
            2
          ],
          "train": [
            1912,
            35,
            200,
            2
          ],
          "val": [
            274,
            35,
            200,
            2
          ]
        },
        "threshold_fit_split": "train",
        "uses_stored_c": false,
        "uses_target_y": false
      },
      "splits": {
        "train": {
          "samples": 1912,
          "c_obs_shape": [
            1912,
            200,
            2
          ],
          "score_min": 0.005,
          "score_max": 0.32,
          "expert_counts": [
            639,
            636,
            637
          ],
          "random_expert_counts": [
            639,
            636,
            637
          ]
        },
        "val": {
          "samples": 274,
          "c_obs_shape": [
            274,
            200,
            2
          ],
          "score_min": 0.0925,
          "score_max": 0.311,
          "expert_counts": [
            73,
            81,
            120
          ],
          "random_expert_counts": [
            73,
            81,
            120
          ]
        },
        "test": {
          "samples": 546,
          "c_obs_shape": [
            546,
            200,
            2
          ],
          "score_min": 0.08850000000000001,
          "score_max": 0.331,
          "expert_counts": [
            125,
            183,
            238
          ],
          "random_expert_counts": [
            125,
            183,
            238
          ]
        }
      }
    },
    "load_level_source": "cached c_obs=clip(ceil(5*x[:, -1]/train-only CP),0,5)",
    "load_level_threshold_fit_split": "raw train",
    "load_level_thresholds": [],
    "load_level_train_counts": [
      1912
    ],
    "load_level_uses_target_or_future_load": false
  },
  "trainable_params": 844094,
  "frozen_params": 1625073,
  "optimizer_params": 844094,
  "resume_start_epoch": 1,
  "top_level_prediction_source": "observable_load_selected_expert_with_hard_binary_router",
  "frozen_invariant_parameters": [
    "encoder_inv.node_embeddings",
    "encoder_inv.cells.0.gate.weights_pool",
    "encoder_inv.cells.0.gate.bias_pool",
    "encoder_inv.cells.0.update.weights_pool",
    "encoder_inv.cells.0.update.bias_pool",
    "encoder_inv.cells.1.gate.weights_pool",
    "encoder_inv.cells.1.gate.bias_pool",
    "encoder_inv.cells.1.update.weights_pool",
    "encoder_inv.cells.1.update.bias_pool",
    "tcl4h.weight",
    "tcl4h.bias",
    "invariant_predict_conv_2.weight",
    "invariant_predict_conv_2.bias"
  ],
  "trainable_invariant_parameters": [],
  "invariant_candidate_val": {
    "mae": 11.224043846130371,
    "mape": 0.21232888102531433
  }
}
EPOCH {"epoch": 1, "train_loss": 11.864027250380744, "val": {"loss": 12.310621738433838, "mae": 12.1200532913208, "mape": 0.24792535603046417}, "test_mixed": {"loss": NaN, "mae": NaN, "mape": NaN}, "test_workday": {"loss": NaN, "mae": NaN, "mape": NaN}, "test_holiday": {"loss": NaN, "mae": NaN, "mape": NaN}, "test_avg_mae": NaN, "lr": 0.001, "fpem_logs": {"fpem/fpem_env_use_exogenous": 1.0, "fpem/env_exogenous_available": 1.0, "fpem/env_exogenous_time_available": 1.0, "fpem/env_exogenous_load_available": 1.0, "fpem/env_exogenous_feature_dim": 32.0, "fpem/env_exogenous_embedding_norm": 2.2988421962374734, "fpem/env_exogenous_load_embedding_norm": 1.3997009913126628, "fpem/env_rep_ablation_normal": 1.0, "fpem/env_rep_ablation_zero": 0.0, "fpem/env_rep_ablation_shuffle_batch": 0.0, "fpem/env_rep_ablation_mode_id": 0.0, "fpem/mask_loss": 0.0, "fpem/mask_sparse_loss": 0.0, "fpem/mask_entropy_loss": 0.0, "fpem/mask_mean": 1.0, "fpem/mask_entropy": 0.0, "fpem/mask_active_ratio": 1.0, "fpem/fusion_alpha_mean": 0.0, "fpem/fusion_alpha_std": 0.0, "fpem/fusion_alpha_min": 0.0, "fpem/fusion_alpha_max": 0.0, "fpem/env_route_loss": 2.0439542043776737, "fpem/env_route_L_final": 9.820073091416132, "fpem/env_route_L_global": 0.0, "fpem/env_route_L_route_soft": 0.0, "fpem/env_route_L_expert": 10.219770912897019, "fpem/env_route_L_router_oracle": 0.0, "fpem/env_route_L_balance": 0.0, "fpem/env_route_L_diverse": 0.0, "fpem/env_route_L_proto_align": 0.0, "fpem/env_route_entropy": 0.0, "fpem/env_route_q_max_mean": 0.0, "fpem/hyper_alpha_mean": 0.0, "fpem/hyper_delta_norm": 0.0, "fpem/hyper_route_proto_mode_uniform_warmup": 0.0, "fpem/hyper_route_proto_mode_uniform_fixed": 0.0, "fpem/hyper_route_proto_mode_sinkhorn": 0.0, "fpem/hyper_route_proto_mode_softmax": 0.0, "fpem/fallback_q_mean": 0.0, "fpem/fallback_q_max": 0.0, "fpem/env_q_sum_mean": 1.0, "fpem/oracle_fallback_rate": 0.0, "fpem/route_count_fallback": 0.0, "fpem/env_route_head_mode": 1.0, "fpem/route_entropy_mean": 0.0, "fpem/route_mean_distribution_entropy": 0.0, "fpem/effective_expert_number": 1.0, "fpem/max_expert_usage_ratio": 0.0, "fpem/min_expert_usage_ratio": 0.0, "fpem/prototype_pairwise_cosine": 0.0, "fpem/expert_prediction_pairwise_cosine": 0.0, "fpem/expert_collapse_warning": 0.0, "fpem/env_route_target_mode_env_prototype": 0.0, "fpem/env_route_target_mode_hybrid": 0.0, "fpem/env_route_hybrid_alpha": 0.0, "fpem/env_route_train_mode_warmup_risk_sinkhorn": 0.0, "fpem/warmup_risk_stage_warmup": 0.0, "fpem/warmup_risk_stage_soft": 0.0, "fpem/warmup_risk_stage_hard": 0.0, "fpem/warmup_risk_selected_loss": 0.0, "fpem/warmup_risk_uniform_common_loss": 0.0, "fpem/warmup_risk_lambda_common": 0.0, "fpem/warmup_risk_total_common_term": 0.0, "fpem/warmup_risk_temperature": 0.0, "fpem/warmup_risk_temperature_progress": 0.0, "fpem/uniform_expert_mae": 0.0, "fpem/risk_routed_mae": 0.0, "fpem/risk_prediction_mae": 0.0, "fpem/risk_loss": 0.0, "fpem/risk_ranking_loss": 0.0, "fpem/risk_ranking_accuracy": 0.0, "fpem/risk_oracle_argmin_accuracy": 0.0, "fpem/risk_router_temperature": 0.0, "fpem/risk_router_lambda": 0.0, "fpem/risk_router_pairwise_lambda": 0.0, "fpem/env_route_train_mode_progressive_gmm_environment": 0.0, "fpem/top_level_prediction_source_progressive_gmm_teacher_hard": 0.0, "fpem/progressive_assignment_uses_target_or_prediction_error": 0.0, "fpem/progressive_partition_ready": 0.0, "fpem/progressive_selected_k": 0.0, "fpem/progressive_active_expert_count": 0.0, "fpem/progressive_last_partition_epoch": 0.0, "fpem/progressive_lambda_common": 0.0, "fpem/progressive_common_term": 0.0, "fpem/progressive_compactness_loss": 0.0, "fpem/progressive_consistency_loss": 0.0, "fpem/progressive_cluster_entropy": 0.0, "fpem/progressive_assignment_change_ratio": 0.0, "fpem/progressive_hungarian_overlap_score": 0.0, "fpem/progressive_partition_update_time_sec": 0.0, "fpem/progressive_routed_mae": 0.0, "fpem/progressive_gmm_environment_total_replaces_primary": 0.0, "fpem/env_route_count_head_0": 16.0, "fpem/env_route_oracle_count_head_0": 16.0, "fpem/route_count_env_head_0": 16.0, "fpem/route_soft_mean_expert_0": 1.0, "fpem/route_hard_count_expert_0": 16.0, "fpem/hard_count_expert_0": 16.0, "fpem/sinkhorn_soft_col_mass_expert_0": 0.0, "fpem/progressive_active_expert_0": 0.0, "fpem/progressive_cluster_size_0": 0.0, "fpem/progressive_cluster_ratio_0": 0.0, "fpem/progressive_cluster_to_expert_0": 0.0, "fpem/progressive_bic_k1": 0.0, "fpem/progressive_bic_score_k1": 0.0, "fpem/progressive_bic_rejected_k1": 0.0, "fpem/hyper_alpha_head_0": 0.0, "fpem/hyper_gamma_norm_head_0": 0.0, "fpem/hyper_beta_norm_head_0": 0.0, "fpem/expert_cross_mae_group_0_expert_0": 10.219770912897019, "fpem/load_expert_loss": 10.219770912897019, "fpem/hard_router_loss": 0.0, "fpem/hard_router_target_env_ratio": 0.24047619047619048, "fpem/hard_router_predicted_env_ratio": 0.9041666666666667, "fpem/hard_router_effective_env_ratio": 1.0, "fpem/hard_router_supervision_enabled": 0.0, "fpem/hard_router_warmup_active": 1.0, "fpem/load_level_assignment_detached": 1.0, "fpem/load_level_count_0": 1680.0, "fpem/load_level_ratio_0": 1.0, "fpem/expert_0_global_loss": 10.219770912897019, "fpem/expert_0_selected_loss": 10.219770912897019, "fpem/hard_router_margin_mean": 0.09556804242588225, "fpem/hard_router_gain_mean": -0.662966421814192, "fpem/hard_router_class_weight_invariant": 0.0, "fpem/hard_router_class_weight_environment": 0.0, "fpem/expert_prediction_pairwise_difference": 0.0, "fpem/delta_pairwise_cosine": 0.0, "fpem/delta_pairwise_l1": 0.0, "fpem/delta_pairwise_l2": 0.0, "fpem/expert_0_parameter_norm": 14.906498591105143, "fpem/hard_binary_router_enabled": 1.0, "fpem/hard_router_uses_target_in_forward": 0.0, "fpem/stored_future_c_loaded": 0.0, "fpem/prediction_is_weighted_complete_fusion": 0.0, "fpem/future_mi_loss": 0.0, "fpem/future_mi_valid": 0.0, "fpem/future_mi_logvar_mean": 0.0, "fpem/future_mi_target_mode_env_encoder": 0.0, "fpem/swap_loss": 0.0, "fpem/swap_diff_loss": 0.0, "fpem/swap_same_loss": 0.0, "fpem/swap_gain_mean": 0.0, "fpem/swap_s_gain_mean": 0.0, "fpem/swap_fallback_router_loss": 0.0, "fpem/swap_fallback_q_mean": 0.0, "fpem/swap_prediction_delta": 0.0, "fpem/swap_route_delta": 0.0, "fpem/swap_hyper_alpha_delta": 0.0, "fpem/swap_hyper_delta_norm": 0.0, "fpem/loss_env_day": 0.0, "fpem/loss_env_hour": 0.0, "fpem/loss_env_rush": 0.0, "fpem/env_day_acc": 0.0, "fpem/env_hour_acc": 0.0, "fpem/env_rush_acc": 0.0, "fpem/loss_env_supcon": 0.0, "fpem/env_supcon_valid_pairs": 0.0, "fpem/loss_inv_env_adv": 0.0, "fpem/inv_day_acc": 0.0, "fpem/inv_hour_acc": 0.0, "fpem/inv_rush_acc": 0.0, "fpem/loss_cross_cov_sep": 0.0, "fpem/load_level_experts_enabled": 1.0, "fpem/load_level_uses_target_or_future_load": 0.0, "fpem/environment_gate_uses_target_in_forward": 0.0, "fpem/load_level_env_residual_scale": 0.0, "fpem/uses_cached_observable_load_prior": 1.0, "fpem/primary_loss": 9.820073091416132, "fpem/inv_pred_loss": 9.069027850741431, "fpem/primary_uses_route": 1.0, "fpem/primary_uses_env_fusion": 0.0, "fpem/backbone_agcrn": 1.0, "fpem/backbone_graphwavenet": 0.0, "fpem/backbone_staeformer": 0.0, "fpem/gc_pred_loss_only": 1.0, "fpem/env_route_head_mode_hyper_proto": 1.0, "fpem/fpem_force_uniform_route": 0.0, "fpem/hard_prediction_sinkhorn_total_replaces_primary": 0.0, "fpem/hard_prediction_environment_sinkhorn_total_replaces_primary": 0.0, "fpem/warmup_risk_sinkhorn_total_replaces_primary": 0.0, "fpem/lambda_club_mi": 0.0}}
EPOCH {"epoch": 2, "train_loss": 10.927787054152716, "val": {"loss": 11.377528508504232, "mae": 11.184040069580078, "mape": 0.19473202526569366}, "test_mixed": {"loss": NaN, "mae": NaN, "mape": NaN}, "test_workday": {"loss": NaN, "mae": NaN, "mape": NaN}, "test_holiday": {"loss": NaN, "mae": NaN, "mape": NaN}, "test_avg_mae": NaN, "lr": 0.001, "fpem_logs": {"fpem/fpem_env_use_exogenous": 1.0, "fpem/env_exogenous_available": 1.0, "fpem/env_exogenous_time_available": 1.0, "fpem/env_exogenous_load_available": 1.0, "fpem/env_exogenous_feature_dim": 32.0, "fpem/env_exogenous_embedding_norm": 2.3034694966815765, "fpem/env_exogenous_load_embedding_norm": 1.4236493530727568, "fpem/env_rep_ablation_normal": 1.0, "fpem/env_rep_ablation_zero": 0.0, "fpem/env_rep_ablation_shuffle_batch": 0.0, "fpem/env_rep_ablation_mode_id": 0.0, "fpem/mask_loss": 0.0, "fpem/mask_sparse_loss": 0.0, "fpem/mask_entropy_loss": 0.0, "fpem/mask_mean": 1.0, "fpem/mask_entropy": 0.0, "fpem/mask_active_ratio": 1.0, "fpem/fusion_alpha_mean": 0.0, "fpem/fusion_alpha_std": 0.0, "fpem/fusion_alpha_min": 0.0, "fpem/fusion_alpha_max": 0.0, "fpem/env_route_loss": 1.8979415904907952, "fpem/env_route_L_final": 9.029845446632022, "fpem/env_route_L_global": 0.0, "fpem/env_route_L_route_soft": 0.0, "fpem/env_route_L_expert": 9.489707801455543, "fpem/env_route_L_router_oracle": 0.0, "fpem/env_route_L_balance": 0.0, "fpem/env_route_L_diverse": 0.0, "fpem/env_route_L_proto_align": 0.0, "fpem/env_route_entropy": 0.0, "fpem/env_route_q_max_mean": 0.0, "fpem/hyper_alpha_mean": 0.0, "fpem/hyper_delta_norm": 0.0, "fpem/hyper_route_proto_mode_uniform_warmup": 0.0, "fpem/hyper_route_proto_mode_uniform_fixed": 0.0, "fpem/hyper_route_proto_mode_sinkhorn": 0.0, "fpem/hyper_route_proto_mode_softmax": 0.0, "fpem/fallback_q_mean": 0.0, "fpem/fallback_q_max": 0.0, "fpem/env_q_sum_mean": 1.0, "fpem/oracle_fallback_rate": 0.0, "fpem/route_count_fallback": 0.0, "fpem/env_route_head_mode": 1.0, "fpem/route_entropy_mean": 0.0, "fpem/route_mean_distribution_entropy": 0.0, "fpem/effective_expert_number": 1.0, "fpem/max_expert_usage_ratio": 0.0, "fpem/min_expert_usage_ratio": 0.0, "fpem/prototype_pairwise_cosine": 0.0, "fpem/expert_prediction_pairwise_cosine": 0.0, "fpem/expert_collapse_warning": 0.0, "fpem/env_route_target_mode_env_prototype": 0.0, "fpem/env_route_target_mode_hybrid": 0.0, "fpem/env_route_hybrid_alpha": 0.0, "fpem/env_route_train_mode_warmup_risk_sinkhorn": 0.0, "fpem/warmup_risk_stage_warmup": 0.0, "fpem/warmup_risk_stage_soft": 0.0, "fpem/warmup_risk_stage_hard": 0.0, "fpem/warmup_risk_selected_loss": 0.0, "fpem/warmup_risk_uniform_common_loss": 0.0, "fpem/warmup_risk_lambda_common": 0.0, "fpem/warmup_risk_total_common_term": 0.0, "fpem/warmup_risk_temperature": 0.0, "fpem/warmup_risk_temperature_progress": 0.0, "fpem/uniform_expert_mae": 0.0, "fpem/risk_routed_mae": 0.0, "fpem/risk_prediction_mae": 0.0, "fpem/risk_loss": 0.0, "fpem/risk_ranking_loss": 0.0, "fpem/risk_ranking_accuracy": 0.0, "fpem/risk_oracle_argmin_accuracy": 0.0, "fpem/risk_router_temperature": 0.0, "fpem/risk_router_lambda": 0.0, "fpem/risk_router_pairwise_lambda": 0.0, "fpem/env_route_train_mode_progressive_gmm_environment": 0.0, "fpem/top_level_prediction_source_progressive_gmm_teacher_hard": 0.0, "fpem/progressive_assignment_uses_target_or_prediction_error": 0.0, "fpem/progressive_partition_ready": 0.0, "fpem/progressive_selected_k": 0.0, "fpem/progressive_active_expert_count": 0.0, "fpem/progressive_last_partition_epoch": 0.0, "fpem/progressive_lambda_common": 0.0, "fpem/progressive_common_term": 0.0, "fpem/progressive_compactness_loss": 0.0, "fpem/progressive_consistency_loss": 0.0, "fpem/progressive_cluster_entropy": 0.0, "fpem/progressive_assignment_change_ratio": 0.0, "fpem/progressive_hungarian_overlap_score": 0.0, "fpem/progressive_partition_update_time_sec": 0.0, "fpem/progressive_routed_mae": 0.0, "fpem/progressive_gmm_environment_total_replaces_primary": 0.0, "fpem/env_route_count_head_0": 16.0, "fpem/env_route_oracle_count_head_0": 16.0, "fpem/route_count_env_head_0": 16.0, "fpem/route_soft_mean_expert_0": 1.0, "fpem/route_hard_count_expert_0": 16.0, "fpem/hard_count_expert_0": 16.0, "fpem/sinkhorn_soft_col_mass_expert_0": 0.0, "fpem/progressive_active_expert_0": 0.0, "fpem/progressive_cluster_size_0": 0.0, "fpem/progressive_cluster_ratio_0": 0.0, "fpem/progressive_cluster_to_expert_0": 0.0, "fpem/progressive_bic_k1": 0.0, "fpem/progressive_bic_score_k1": 0.0, "fpem/progressive_bic_rejected_k1": 0.0, "fpem/hyper_alpha_head_0": 0.0, "fpem/hyper_gamma_norm_head_0": 0.0, "fpem/hyper_beta_norm_head_0": 0.0, "fpem/expert_cross_mae_group_0_expert_0": 9.489707801455543, "fpem/load_expert_loss": 9.489707801455543, "fpem/hard_router_loss": 0.0, "fpem/hard_router_target_env_ratio": 0.4922619047619048, "fpem/hard_router_predicted_env_ratio": 0.9041666666666667, "fpem/hard_router_effective_env_ratio": 1.0, "fpem/hard_router_supervision_enabled": 0.0, "fpem/hard_router_warmup_active": 1.0, "fpem/load_level_assignment_detached": 1.0, "fpem/load_level_count_0": 1680.0, "fpem/load_level_ratio_0": 1.0, "fpem/expert_0_global_loss": 9.489707801455543, "fpem/expert_0_selected_loss": 9.489707801455543, "fpem/hard_router_margin_mean": 0.0955680434902509, "fpem/hard_router_gain_mean": 0.06709674639361245, "fpem/hard_router_class_weight_invariant": 0.0, "fpem/hard_router_class_weight_environment": 0.0, "fpem/expert_prediction_pairwise_difference": 0.0, "fpem/delta_pairwise_cosine": 0.0, "fpem/delta_pairwise_l1": 0.0, "fpem/delta_pairwise_l2": 0.0, "fpem/expert_0_parameter_norm": 15.036110305786133, "fpem/hard_binary_router_enabled": 1.0, "fpem/hard_router_uses_target_in_forward": 0.0, "fpem/stored_future_c_loaded": 0.0, "fpem/prediction_is_weighted_complete_fusion": 0.0, "fpem/future_mi_loss": 0.0, "fpem/future_mi_valid": 0.0, "fpem/future_mi_logvar_mean": 0.0, "fpem/future_mi_target_mode_env_encoder": 0.0, "fpem/swap_loss": 0.0, "fpem/swap_diff_loss": 0.0, "fpem/swap_same_loss": 0.0, "fpem/swap_gain_mean": 0.0, "fpem/swap_s_gain_mean": 0.0, "fpem/swap_fallback_router_loss": 0.0, "fpem/swap_fallback_q_mean": 0.0, "fpem/swap_prediction_delta": 0.0, "fpem/swap_route_delta": 0.0, "fpem/swap_hyper_alpha_delta": 0.0, "fpem/swap_hyper_delta_norm": 0.0, "fpem/loss_env_day": 0.0, "fpem/loss_env_hour": 0.0, "fpem/loss_env_rush": 0.0, "fpem/env_day_acc": 0.0, "fpem/env_hour_acc": 0.0, "fpem/env_rush_acc": 0.0, "fpem/loss_env_supcon": 0.0, "fpem/env_supcon_valid_pairs": 0.0, "fpem/loss_inv_env_adv": 0.0, "fpem/inv_day_acc": 0.0, "fpem/inv_hour_acc": 0.0, "fpem/inv_rush_acc": 0.0, "fpem/loss_cross_cov_sep": 0.0, "fpem/load_level_experts_enabled": 1.0, "fpem/load_level_uses_target_or_future_load": 0.0, "fpem/environment_gate_uses_target_in_forward": 0.0, "fpem/load_level_env_residual_scale": 0.0, "fpem/uses_cached_observable_load_prior": 1.0, "fpem/primary_loss": 9.029845446632022, "fpem/inv_pred_loss": 9.070787693205334, "fpem/primary_uses_route": 1.0, "fpem/primary_uses_env_fusion": 0.0, "fpem/backbone_agcrn": 1.0, "fpem/backbone_graphwavenet": 0.0, "fpem/backbone_staeformer": 0.0, "fpem/gc_pred_loss_only": 1.0, "fpem/env_route_head_mode_hyper_proto": 1.0, "fpem/fpem_force_uniform_route": 0.0, "fpem/hard_prediction_sinkhorn_total_replaces_primary": 0.0, "fpem/hard_prediction_environment_sinkhorn_total_replaces_primary": 0.0, "fpem/warmup_risk_sinkhorn_total_replaces_primary": 0.0, "fpem/lambda_club_mi": 0.0}}
EPOCH {"epoch": 3, "train_loss": 10.67098904564267, "val": {"loss": 11.388824224472046, "mae": 11.198573112487793, "mape": 0.19440601766109467}, "test_mixed": {"loss": NaN, "mae": NaN, "mape": NaN}, "test_workday": {"loss": NaN, "mae": NaN, "mape": NaN}, "test_holiday": {"loss": NaN, "mae": NaN, "mape": NaN}, "test_avg_mae": NaN, "lr": 0.001, "fpem_logs": {"fpem/fpem_env_use_exogenous": 1.0, "fpem/env_exogenous_available": 1.0, "fpem/env_exogenous_time_available": 1.0, "fpem/env_exogenous_load_available": 1.0, "fpem/env_exogenous_feature_dim": 32.0, "fpem/env_exogenous_embedding_norm": 2.3382723830995107, "fpem/env_exogenous_load_embedding_norm": 1.484623995281401, "fpem/env_rep_ablation_normal": 1.0, "fpem/env_rep_ablation_zero": 0.0, "fpem/env_rep_ablation_shuffle_batch": 0.0, "fpem/env_rep_ablation_mode_id": 0.0, "fpem/mask_loss": 0.0, "fpem/mask_sparse_loss": 0.0, "fpem/mask_entropy_loss": 0.0, "fpem/mask_mean": 1.0, "fpem/mask_entropy": 0.0, "fpem/mask_active_ratio": 1.0, "fpem/fusion_alpha_mean": 0.0, "fpem/fusion_alpha_std": 0.0, "fpem/fusion_alpha_min": 0.0, "fpem/fusion_alpha_max": 0.0, "fpem/env_route_loss": 1.88021681422279, "fpem/env_route_L_final": 8.924342527843656, "fpem/env_route_L_global": 0.0, "fpem/env_route_L_route_soft": 0.0, "fpem/env_route_L_expert": 9.40108391898019, "fpem/env_route_L_router_oracle": 0.0, "fpem/env_route_L_balance": 0.0, "fpem/env_route_L_diverse": 0.0, "fpem/env_route_L_proto_align": 0.0, "fpem/env_route_entropy": 0.0, "fpem/env_route_q_max_mean": 0.0, "fpem/hyper_alpha_mean": 0.0, "fpem/hyper_delta_norm": 0.0, "fpem/hyper_route_proto_mode_uniform_warmup": 0.0, "fpem/hyper_route_proto_mode_uniform_fixed": 0.0, "fpem/hyper_route_proto_mode_sinkhorn": 0.0, "fpem/hyper_route_proto_mode_softmax": 0.0, "fpem/fallback_q_mean": 0.0, "fpem/fallback_q_max": 0.0, "fpem/env_q_sum_mean": 1.0, "fpem/oracle_fallback_rate": 0.0, "fpem/route_count_fallback": 0.0, "fpem/env_route_head_mode": 1.0, "fpem/route_entropy_mean": 0.0, "fpem/route_mean_distribution_entropy": 0.0, "fpem/effective_expert_number": 1.0, "fpem/max_expert_usage_ratio": 0.0, "fpem/min_expert_usage_ratio": 0.0, "fpem/prototype_pairwise_cosine": 0.0, "fpem/expert_prediction_pairwise_cosine": 0.0, "fpem/expert_collapse_warning": 0.0, "fpem/env_route_target_mode_env_prototype": 0.0, "fpem/env_route_target_mode_hybrid": 0.0, "fpem/env_route_hybrid_alpha": 0.0, "fpem/env_route_train_mode_warmup_risk_sinkhorn": 0.0, "fpem/warmup_risk_stage_warmup": 0.0, "fpem/warmup_risk_stage_soft": 0.0, "fpem/warmup_risk_stage_hard": 0.0, "fpem/warmup_risk_selected_loss": 0.0, "fpem/warmup_risk_uniform_common_loss": 0.0, "fpem/warmup_risk_lambda_common": 0.0, "fpem/warmup_risk_total_common_term": 0.0, "fpem/warmup_risk_temperature": 0.0, "fpem/warmup_risk_temperature_progress": 0.0, "fpem/uniform_expert_mae": 0.0, "fpem/risk_routed_mae": 0.0, "fpem/risk_prediction_mae": 0.0, "fpem/risk_loss": 0.0, "fpem/risk_ranking_loss": 0.0, "fpem/risk_ranking_accuracy": 0.0, "fpem/risk_oracle_argmin_accuracy": 0.0, "fpem/risk_router_temperature": 0.0, "fpem/risk_router_lambda": 0.0, "fpem/risk_router_pairwise_lambda": 0.0, "fpem/env_route_train_mode_progressive_gmm_environment": 0.0, "fpem/top_level_prediction_source_progressive_gmm_teacher_hard": 0.0, "fpem/progressive_assignment_uses_target_or_prediction_error": 0.0, "fpem/progressive_partition_ready": 0.0, "fpem/progressive_selected_k": 0.0, "fpem/progressive_active_expert_count": 0.0, "fpem/progressive_last_partition_epoch": 0.0, "fpem/progressive_lambda_common": 0.0, "fpem/progressive_common_term": 0.0, "fpem/progressive_compactness_loss": 0.0, "fpem/progressive_consistency_loss": 0.0, "fpem/progressive_cluster_entropy": 0.0, "fpem/progressive_assignment_change_ratio": 0.0, "fpem/progressive_hungarian_overlap_score": 0.0, "fpem/progressive_partition_update_time_sec": 0.0, "fpem/progressive_routed_mae": 0.0, "fpem/progressive_gmm_environment_total_replaces_primary": 0.0, "fpem/env_route_count_head_0": 16.0, "fpem/env_route_oracle_count_head_0": 16.0, "fpem/route_count_env_head_0": 16.0, "fpem/route_soft_mean_expert_0": 1.0, "fpem/route_hard_count_expert_0": 16.0, "fpem/hard_count_expert_0": 16.0, "fpem/sinkhorn_soft_col_mass_expert_0": 0.0, "fpem/progressive_active_expert_0": 0.0, "fpem/progressive_cluster_size_0": 0.0, "fpem/progressive_cluster_ratio_0": 0.0, "fpem/progressive_cluster_to_expert_0": 0.0, "fpem/progressive_bic_k1": 0.0, "fpem/progressive_bic_score_k1": 0.0, "fpem/progressive_bic_rejected_k1": 0.0, "fpem/hyper_alpha_head_0": 0.0, "fpem/hyper_gamma_norm_head_0": 0.0, "fpem/hyper_beta_norm_head_0": 0.0, "fpem/expert_cross_mae_group_0_expert_0": 9.40108391898019, "fpem/load_expert_loss": 9.40108391898019, "fpem/hard_router_loss": 0.0, "fpem/hard_router_target_env_ratio": 0.5779761904761904, "fpem/hard_router_predicted_env_ratio": 0.8916666666666667, "fpem/hard_router_effective_env_ratio": 1.0, "fpem/hard_router_supervision_enabled": 0.0, "fpem/hard_router_warmup_active": 1.0, "fpem/load_level_assignment_detached": 1.0, "fpem/load_level_count_0": 1680.0, "fpem/load_level_ratio_0": 1.0, "fpem/expert_0_global_loss": 9.40108391898019, "fpem/expert_0_selected_loss": 9.40108391898019, "fpem/hard_router_margin_mean": 0.09556804263875598, "fpem/hard_router_gain_mean": 0.15572058444931394, "fpem/hard_router_class_weight_invariant": 0.0, "fpem/hard_router_class_weight_environment": 0.0, "fpem/expert_prediction_pairwise_difference": 0.0, "fpem/delta_pairwise_cosine": 0.0, "fpem/delta_pairwise_l1": 0.0, "fpem/delta_pairwise_l2": 0.0, "fpem/expert_0_parameter_norm": 15.147192146664574, "fpem/hard_binary_router_enabled": 1.0, "fpem/hard_router_uses_target_in_forward": 0.0, "fpem/stored_future_c_loaded": 0.0, "fpem/prediction_is_weighted_complete_fusion": 0.0, "fpem/future_mi_loss": 0.0, "fpem/future_mi_valid": 0.0, "fpem/future_mi_logvar_mean": 0.0, "fpem/future_mi_target_mode_env_encoder": 0.0, "fpem/swap_loss": 0.0, "fpem/swap_diff_loss": 0.0, "fpem/swap_same_loss": 0.0, "fpem/swap_gain_mean": 0.0, "fpem/swap_s_gain_mean": 0.0, "fpem/swap_fallback_router_loss": 0.0, "fpem/swap_fallback_q_mean": 0.0, "fpem/swap_prediction_delta": 0.0, "fpem/swap_route_delta": 0.0, "fpem/swap_hyper_alpha_delta": 0.0, "fpem/swap_hyper_delta_norm": 0.0, "fpem/loss_env_day": 0.0, "fpem/loss_env_hour": 0.0, "fpem/loss_env_rush": 0.0, "fpem/env_day_acc": 0.0, "fpem/env_hour_acc": 0.0, "fpem/env_rush_acc": 0.0, "fpem/loss_env_supcon": 0.0, "fpem/env_supcon_valid_pairs": 0.0, "fpem/loss_inv_env_adv": 0.0, "fpem/inv_day_acc": 0.0, "fpem/inv_hour_acc": 0.0, "fpem/inv_rush_acc": 0.0, "fpem/loss_cross_cov_sep": 0.0, "fpem/load_level_experts_enabled": 1.0, "fpem/load_level_uses_target_or_future_load": 0.0, "fpem/environment_gate_uses_target_in_forward": 0.0, "fpem/load_level_env_residual_scale": 0.0, "fpem/uses_cached_observable_load_prior": 1.0, "fpem/primary_loss": 8.924342527843656, "fpem/inv_pred_loss": 9.068183272225516, "fpem/primary_uses_route": 1.0, "fpem/primary_uses_env_fusion": 0.0, "fpem/backbone_agcrn": 1.0, "fpem/backbone_graphwavenet": 0.0, "fpem/backbone_staeformer": 0.0, "fpem/gc_pred_loss_only": 1.0, "fpem/env_route_head_mode_hyper_proto": 1.0, "fpem/fpem_force_uniform_route": 0.0, "fpem/hard_prediction_sinkhorn_total_replaces_primary": 0.0, "fpem/hard_prediction_environment_sinkhorn_total_replaces_primary": 0.0, "fpem/warmup_risk_sinkhorn_total_replaces_primary": 0.0, "fpem/lambda_club_mi": 0.0}}
EPOCH {"epoch": 4, "train_loss": 10.752186393737793, "val": {"loss": 11.309056414498222, "mae": 11.111153602600098, "mape": 0.19394256174564362}, "test_mixed": {"loss": NaN, "mae": NaN, "mape": NaN}, "test_workday": {"loss": NaN, "mae": NaN, "mape": NaN}, "test_holiday": {"loss": NaN, "mae": NaN, "mape": NaN}, "test_avg_mae": NaN, "lr": 0.001, "fpem_logs": {"fpem/fpem_env_use_exogenous": 1.0, "fpem/env_exogenous_available": 1.0, "fpem/env_exogenous_time_available": 1.0, "fpem/env_exogenous_load_available": 1.0, "fpem/env_exogenous_feature_dim": 32.0, "fpem/env_exogenous_embedding_norm": 2.3951064700172062, "fpem/env_exogenous_load_embedding_norm": 1.5672519513538905, "fpem/env_rep_ablation_normal": 1.0, "fpem/env_rep_ablation_zero": 0.0, "fpem/env_rep_ablation_shuffle_batch": 0.0, "fpem/env_rep_ablation_mode_id": 0.0, "fpem/mask_loss": 0.0, "fpem/mask_sparse_loss": 0.0, "fpem/mask_entropy_loss": 0.0, "fpem/mask_mean": 1.0, "fpem/mask_entropy": 0.0, "fpem/mask_active_ratio": 1.0, "fpem/fusion_alpha_mean": 0.0, "fpem/fusion_alpha_std": 0.0, "fpem/fusion_alpha_min": 0.0, "fpem/fusion_alpha_max": 0.0, "fpem/env_route_loss": 1.8749923183804467, "fpem/env_route_L_final": 8.898002338409423, "fpem/env_route_L_global": 0.0, "fpem/env_route_L_route_soft": 0.0, "fpem/env_route_L_expert": 9.374961453392393, "fpem/env_route_L_router_oracle": 0.0, "fpem/env_route_L_balance": 0.0, "fpem/env_route_L_diverse": 0.0, "fpem/env_route_L_proto_align": 0.0, "fpem/env_route_entropy": 0.0, "fpem/env_route_q_max_mean": 0.0, "fpem/hyper_alpha_mean": 0.0, "fpem/hyper_delta_norm": 0.0, "fpem/hyper_route_proto_mode_uniform_warmup": 0.0, "fpem/hyper_route_proto_mode_uniform_fixed": 0.0, "fpem/hyper_route_proto_mode_sinkhorn": 0.0, "fpem/hyper_route_proto_mode_softmax": 0.0, "fpem/fallback_q_mean": 0.0, "fpem/fallback_q_max": 0.0, "fpem/env_q_sum_mean": 1.0, "fpem/oracle_fallback_rate": 0.0, "fpem/route_count_fallback": 0.0, "fpem/env_route_head_mode": 1.0, "fpem/route_entropy_mean": 0.0, "fpem/route_mean_distribution_entropy": 0.0, "fpem/effective_expert_number": 1.0, "fpem/max_expert_usage_ratio": 0.0, "fpem/min_expert_usage_ratio": 0.0, "fpem/prototype_pairwise_cosine": 0.0, "fpem/expert_prediction_pairwise_cosine": 0.0, "fpem/expert_collapse_warning": 0.0, "fpem/env_route_target_mode_env_prototype": 0.0, "fpem/env_route_target_mode_hybrid": 0.0, "fpem/env_route_hybrid_alpha": 0.0, "fpem/env_route_train_mode_warmup_risk_sinkhorn": 0.0, "fpem/warmup_risk_stage_warmup": 0.0, "fpem/warmup_risk_stage_soft": 0.0, "fpem/warmup_risk_stage_hard": 0.0, "fpem/warmup_risk_selected_loss": 0.0, "fpem/warmup_risk_uniform_common_loss": 0.0, "fpem/warmup_risk_lambda_common": 0.0, "fpem/warmup_risk_total_common_term": 0.0, "fpem/warmup_risk_temperature": 0.0, "fpem/warmup_risk_temperature_progress": 0.0, "fpem/uniform_expert_mae": 0.0, "fpem/risk_routed_mae": 0.0, "fpem/risk_prediction_mae": 0.0, "fpem/risk_loss": 0.0, "fpem/risk_ranking_loss": 0.0, "fpem/risk_ranking_accuracy": 0.0, "fpem/risk_oracle_argmin_accuracy": 0.0, "fpem/risk_router_temperature": 0.0, "fpem/risk_router_lambda": 0.0, "fpem/risk_router_pairwise_lambda": 0.0, "fpem/env_route_train_mode_progressive_gmm_environment": 0.0, "fpem/top_level_prediction_source_progressive_gmm_teacher_hard": 0.0, "fpem/progressive_assignment_uses_target_or_prediction_error": 0.0, "fpem/progressive_partition_ready": 0.0, "fpem/progressive_selected_k": 0.0, "fpem/progressive_active_expert_count": 0.0, "fpem/progressive_last_partition_epoch": 0.0, "fpem/progressive_lambda_common": 0.0, "fpem/progressive_common_term": 0.0, "fpem/progressive_compactness_loss": 0.0, "fpem/progressive_consistency_loss": 0.0, "fpem/progressive_cluster_entropy": 0.0, "fpem/progressive_assignment_change_ratio": 0.0, "fpem/progressive_hungarian_overlap_score": 0.0, "fpem/progressive_partition_update_time_sec": 0.0, "fpem/progressive_routed_mae": 0.0, "fpem/progressive_gmm_environment_total_replaces_primary": 0.0, "fpem/env_route_count_head_0": 16.0, "fpem/env_route_oracle_count_head_0": 16.0, "fpem/route_count_env_head_0": 16.0, "fpem/route_soft_mean_expert_0": 1.0, "fpem/route_hard_count_expert_0": 16.0, "fpem/hard_count_expert_0": 16.0, "fpem/sinkhorn_soft_col_mass_expert_0": 0.0, "fpem/progressive_active_expert_0": 0.0, "fpem/progressive_cluster_size_0": 0.0, "fpem/progressive_cluster_ratio_0": 0.0, "fpem/progressive_cluster_to_expert_0": 0.0, "fpem/progressive_bic_k1": 0.0, "fpem/progressive_bic_score_k1": 0.0, "fpem/progressive_bic_rejected_k1": 0.0, "fpem/hyper_alpha_head_0": 0.0, "fpem/hyper_gamma_norm_head_0": 0.0, "fpem/hyper_beta_norm_head_0": 0.0, "fpem/expert_cross_mae_group_0_expert_0": 9.374961453392393, "fpem/load_expert_loss": 9.374961453392393, "fpem/hard_router_loss": 0.0, "fpem/hard_router_target_env_ratio": 0.6148809523809524, "fpem/hard_router_predicted_env_ratio": 0.8970238095238096, "fpem/hard_router_effective_env_ratio": 1.0, "fpem/hard_router_supervision_enabled": 0.0, "fpem/hard_router_warmup_active": 1.0, "fpem/load_level_assignment_detached": 1.0, "fpem/load_level_count_0": 1680.0, "fpem/load_level_ratio_0": 1.0, "fpem/expert_0_global_loss": 9.374961453392393, "fpem/expert_0_selected_loss": 9.374961453392393, "fpem/hard_router_margin_mean": 0.09556804313546136, "fpem/hard_router_gain_mean": 0.18184298120793843, "fpem/hard_router_class_weight_invariant": 0.0, "fpem/hard_router_class_weight_environment": 0.0, "fpem/expert_prediction_pairwise_difference": 0.0, "fpem/delta_pairwise_cosine": 0.0, "fpem/delta_pairwise_l1": 0.0, "fpem/delta_pairwise_l2": 0.0, "fpem/expert_0_parameter_norm": 15.22291539510091, "fpem/hard_binary_router_enabled": 1.0, "fpem/hard_router_uses_target_in_forward": 0.0, "fpem/stored_future_c_loaded": 0.0, "fpem/prediction_is_weighted_complete_fusion": 0.0, "fpem/future_mi_loss": 0.0, "fpem/future_mi_valid": 0.0, "fpem/future_mi_logvar_mean": 0.0, "fpem/future_mi_target_mode_env_encoder": 0.0, "fpem/swap_loss": 0.0, "fpem/swap_diff_loss": 0.0, "fpem/swap_same_loss": 0.0, "fpem/swap_gain_mean": 0.0, "fpem/swap_s_gain_mean": 0.0, "fpem/swap_fallback_router_loss": 0.0, "fpem/swap_fallback_q_mean": 0.0, "fpem/swap_prediction_delta": 0.0, "fpem/swap_route_delta": 0.0, "fpem/swap_hyper_alpha_delta": 0.0, "fpem/swap_hyper_delta_norm": 0.0, "fpem/loss_env_day": 0.0, "fpem/loss_env_hour": 0.0, "fpem/loss_env_rush": 0.0, "fpem/env_day_acc": 0.0, "fpem/env_hour_acc": 0.0, "fpem/env_rush_acc": 0.0, "fpem/loss_env_supcon": 0.0, "fpem/env_supcon_valid_pairs": 0.0, "fpem/loss_inv_env_adv": 0.0, "fpem/inv_day_acc": 0.0, "fpem/inv_hour_acc": 0.0, "fpem/inv_rush_acc": 0.0, "fpem/loss_cross_cov_sep": 0.0, "fpem/load_level_experts_enabled": 1.0, "fpem/load_level_uses_target_or_future_load": 0.0, "fpem/environment_gate_uses_target_in_forward": 0.0, "fpem/load_level_env_residual_scale": 0.0, "fpem/uses_cached_observable_load_prior": 1.0, "fpem/primary_loss": 8.898002338409423, "fpem/inv_pred_loss": 9.068814409346807, "fpem/primary_uses_route": 1.0, "fpem/primary_uses_env_fusion": 0.0, "fpem/backbone_agcrn": 1.0, "fpem/backbone_graphwavenet": 0.0, "fpem/backbone_staeformer": 0.0, "fpem/gc_pred_loss_only": 1.0, "fpem/env_route_head_mode_hyper_proto": 1.0, "fpem/fpem_force_uniform_route": 0.0, "fpem/hard_prediction_sinkhorn_total_replaces_primary": 0.0, "fpem/hard_prediction_environment_sinkhorn_total_replaces_primary": 0.0, "fpem/warmup_risk_sinkhorn_total_replaces_primary": 0.0, "fpem/lambda_club_mi": 0.0}}
EPOCH {"epoch": 5, "train_loss": 10.743548947288877, "val": {"loss": 11.343922562069363, "mae": 11.146347999572754, "mape": 0.19257616996765137}, "test_mixed": {"loss": NaN, "mae": NaN, "mape": NaN}, "test_workday": {"loss": NaN, "mae": NaN, "mape": NaN}, "test_holiday": {"loss": NaN, "mae": NaN, "mape": NaN}, "test_avg_mae": NaN, "lr": 0.001, "fpem_logs": {"fpem/fpem_env_use_exogenous": 1.0, "fpem/env_exogenous_available": 1.0, "fpem/env_exogenous_time_available": 1.0, "fpem/env_exogenous_load_available": 1.0, "fpem/env_exogenous_feature_dim": 32.0, "fpem/env_exogenous_embedding_norm": 2.4702177274794805, "fpem/env_exogenous_load_embedding_norm": 1.6374898978642054, "fpem/env_rep_ablation_normal": 1.0, "fpem/env_rep_ablation_zero": 0.0, "fpem/env_rep_ablation_shuffle_batch": 0.0, "fpem/env_rep_ablation_mode_id": 0.0, "fpem/mask_loss": 0.0, "fpem/mask_sparse_loss": 0.0, "fpem/mask_entropy_loss": 0.0, "fpem/mask_mean": 1.0, "fpem/mask_entropy": 0.0, "fpem/mask_active_ratio": 1.0, "fpem/fusion_alpha_mean": 0.0, "fpem/fusion_alpha_std": 0.0, "fpem/fusion_alpha_min": 0.0, "fpem/fusion_alpha_max": 0.0, "fpem/env_route_loss": 1.8707707711628505, "fpem/env_route_L_final": 8.87740125656128, "fpem/env_route_L_global": 0.0, "fpem/env_route_L_route_soft": 0.0, "fpem/env_route_L_expert": 9.353853720710392, "fpem/env_route_L_router_oracle": 0.0, "fpem/env_route_L_balance": 0.0, "fpem/env_route_L_diverse": 0.0, "fpem/env_route_L_proto_align": 0.0, "fpem/env_route_entropy": 0.0, "fpem/env_route_q_max_mean": 0.0, "fpem/hyper_alpha_mean": 0.0, "fpem/hyper_delta_norm": 0.0, "fpem/hyper_route_proto_mode_uniform_warmup": 0.0, "fpem/hyper_route_proto_mode_uniform_fixed": 0.0, "fpem/hyper_route_proto_mode_sinkhorn": 0.0, "fpem/hyper_route_proto_mode_softmax": 0.0, "fpem/fallback_q_mean": 0.0, "fpem/fallback_q_max": 0.0, "fpem/env_q_sum_mean": 1.0, "fpem/oracle_fallback_rate": 0.0, "fpem/route_count_fallback": 0.0, "fpem/env_route_head_mode": 1.0, "fpem/route_entropy_mean": 0.0, "fpem/route_mean_distribution_entropy": 0.0, "fpem/effective_expert_number": 1.0, "fpem/max_expert_usage_ratio": 0.0, "fpem/min_expert_usage_ratio": 0.0, "fpem/prototype_pairwise_cosine": 0.0, "fpem/expert_prediction_pairwise_cosine": 0.0, "fpem/expert_collapse_warning": 0.0, "fpem/env_route_target_mode_env_prototype": 0.0, "fpem/env_route_target_mode_hybrid": 0.0, "fpem/env_route_hybrid_alpha": 0.0, "fpem/env_route_train_mode_warmup_risk_sinkhorn": 0.0, "fpem/warmup_risk_stage_warmup": 0.0, "fpem/warmup_risk_stage_soft": 0.0, "fpem/warmup_risk_stage_hard": 0.0, "fpem/warmup_risk_selected_loss": 0.0, "fpem/warmup_risk_uniform_common_loss": 0.0, "fpem/warmup_risk_lambda_common": 0.0, "fpem/warmup_risk_total_common_term": 0.0, "fpem/warmup_risk_temperature": 0.0, "fpem/warmup_risk_temperature_progress": 0.0, "fpem/uniform_expert_mae": 0.0, "fpem/risk_routed_mae": 0.0, "fpem/risk_prediction_mae": 0.0, "fpem/risk_loss": 0.0, "fpem/risk_ranking_loss": 0.0, "fpem/risk_ranking_accuracy": 0.0, "fpem/risk_oracle_argmin_accuracy": 0.0, "fpem/risk_router_temperature": 0.0, "fpem/risk_router_lambda": 0.0, "fpem/risk_router_pairwise_lambda": 0.0, "fpem/env_route_train_mode_progressive_gmm_environment": 0.0, "fpem/top_level_prediction_source_progressive_gmm_teacher_hard": 0.0, "fpem/progressive_assignment_uses_target_or_prediction_error": 0.0, "fpem/progressive_partition_ready": 0.0, "fpem/progressive_selected_k": 0.0, "fpem/progressive_active_expert_count": 0.0, "fpem/progressive_last_partition_epoch": 0.0, "fpem/progressive_lambda_common": 0.0, "fpem/progressive_common_term": 0.0, "fpem/progressive_compactness_loss": 0.0, "fpem/progressive_consistency_loss": 0.0, "fpem/progressive_cluster_entropy": 0.0, "fpem/progressive_assignment_change_ratio": 0.0, "fpem/progressive_hungarian_overlap_score": 0.0, "fpem/progressive_partition_update_time_sec": 0.0, "fpem/progressive_routed_mae": 0.0, "fpem/progressive_gmm_environment_total_replaces_primary": 0.0, "fpem/env_route_count_head_0": 16.0, "fpem/env_route_oracle_count_head_0": 16.0, "fpem/route_count_env_head_0": 16.0, "fpem/route_soft_mean_expert_0": 1.0, "fpem/route_hard_count_expert_0": 16.0, "fpem/hard_count_expert_0": 16.0, "fpem/sinkhorn_soft_col_mass_expert_0": 0.0, "fpem/progressive_active_expert_0": 0.0, "fpem/progressive_cluster_size_0": 0.0, "fpem/progressive_cluster_ratio_0": 0.0, "fpem/progressive_cluster_to_expert_0": 0.0, "fpem/progressive_bic_k1": 0.0, "fpem/progressive_bic_score_k1": 0.0, "fpem/progressive_bic_rejected_k1": 0.0, "fpem/hyper_alpha_head_0": 0.0, "fpem/hyper_gamma_norm_head_0": 0.0, "fpem/hyper_beta_norm_head_0": 0.0, "fpem/expert_cross_mae_group_0_expert_0": 9.353853720710392, "fpem/load_expert_loss": 9.353853720710392, "fpem/hard_router_loss": 0.0, "fpem/hard_router_target_env_ratio": 0.6303571428571428, "fpem/hard_router_predicted_env_ratio": 0.8892857142857142, "fpem/hard_router_effective_env_ratio": 1.0, "fpem/hard_router_supervision_enabled": 0.0, "fpem/hard_router_warmup_active": 1.0, "fpem/load_level_assignment_detached": 1.0, "fpem/load_level_count_0": 1680.0, "fpem/load_level_ratio_0": 1.0, "fpem/expert_0_global_loss": 9.353853720710392, "fpem/expert_0_selected_loss": 9.353853720710392, "fpem/hard_router_margin_mean": 0.09556804299354553, "fpem/hard_router_gain_mean": 0.2029507462467466, "fpem/hard_router_class_weight_invariant": 0.0, "fpem/hard_router_class_weight_environment": 0.0, "fpem/expert_prediction_pairwise_difference": 0.0, "fpem/delta_pairwise_cosine": 0.0, "fpem/delta_pairwise_l1": 0.0, "fpem/delta_pairwise_l2": 0.0, "fpem/expert_0_parameter_norm": 15.268680826822917, "fpem/hard_binary_router_enabled": 1.0, "fpem/hard_router_uses_target_in_forward": 0.0, "fpem/stored_future_c_loaded": 0.0, "fpem/prediction_is_weighted_complete_fusion": 0.0, "fpem/future_mi_loss": 0.0, "fpem/future_mi_valid": 0.0, "fpem/future_mi_logvar_mean": 0.0, "fpem/future_mi_target_mode_env_encoder": 0.0, "fpem/swap_loss": 0.0, "fpem/swap_diff_loss": 0.0, "fpem/swap_same_loss": 0.0, "fpem/swap_gain_mean": 0.0, "fpem/swap_s_gain_mean": 0.0, "fpem/swap_fallback_router_loss": 0.0, "fpem/swap_fallback_q_mean": 0.0, "fpem/swap_prediction_delta": 0.0, "fpem/swap_route_delta": 0.0, "fpem/swap_hyper_alpha_delta": 0.0, "fpem/swap_hyper_delta_norm": 0.0, "fpem/loss_env_day": 0.0, "fpem/loss_env_hour": 0.0, "fpem/loss_env_rush": 0.0, "fpem/env_day_acc": 0.0, "fpem/env_hour_acc": 0.0, "fpem/env_rush_acc": 0.0, "fpem/loss_env_supcon": 0.0, "fpem/env_supcon_valid_pairs": 0.0, "fpem/loss_inv_env_adv": 0.0, "fpem/inv_day_acc": 0.0, "fpem/inv_hour_acc": 0.0, "fpem/inv_rush_acc": 0.0, "fpem/loss_cross_cov_sep": 0.0, "fpem/load_level_experts_enabled": 1.0, "fpem/load_level_uses_target_or_future_load": 0.0, "fpem/environment_gate_uses_target_in_forward": 0.0, "fpem/load_level_env_residual_scale": 0.0, "fpem/uses_cached_observable_load_prior": 1.0, "fpem/primary_loss": 8.87740125656128, "fpem/inv_pred_loss": 9.063049825032552, "fpem/primary_uses_route": 1.0, "fpem/primary_uses_env_fusion": 0.0, "fpem/backbone_agcrn": 1.0, "fpem/backbone_graphwavenet": 0.0, "fpem/backbone_staeformer": 0.0, "fpem/gc_pred_loss_only": 1.0, "fpem/env_route_head_mode_hyper_proto": 1.0, "fpem/fpem_force_uniform_route": 0.0, "fpem/hard_prediction_sinkhorn_total_replaces_primary": 0.0, "fpem/hard_prediction_environment_sinkhorn_total_replaces_primary": 0.0, "fpem/warmup_risk_sinkhorn_total_replaces_primary": 0.0, "fpem/lambda_club_mi": 0.0}}
EPOCH {"epoch": 6, "train_loss": 11.529599989028204, "val": {"loss": 11.377025392320421, "mae": 11.177806854248047, "mape": 0.20605868101119995}, "test_mixed": {"loss": NaN, "mae": NaN, "mape": NaN}, "test_workday": {"loss": NaN, "mae": NaN, "mape": NaN}, "test_holiday": {"loss": NaN, "mae": NaN, "mape": NaN}, "test_avg_mae": NaN, "lr": 0.001, "fpem_logs": {"fpem/fpem_env_use_exogenous": 1.0, "fpem/env_exogenous_available": 1.0, "fpem/env_exogenous_time_available": 1.0, "fpem/env_exogenous_load_available": 1.0, "fpem/env_exogenous_feature_dim": 32.0, "fpem/env_exogenous_embedding_norm": 2.5442730994451614, "fpem/env_exogenous_load_embedding_norm": 1.6943506729035152, "fpem/env_rep_ablation_normal": 1.0, "fpem/env_rep_ablation_zero": 0.0, "fpem/env_rep_ablation_shuffle_batch": 0.0, "fpem/env_rep_ablation_mode_id": 0.0, "fpem/mask_loss": 0.0, "fpem/mask_sparse_loss": 0.0, "fpem/mask_entropy_loss": 0.0, "fpem/mask_mean": 1.0, "fpem/mask_entropy": 0.0, "fpem/mask_active_ratio": 1.0, "fpem/fusion_alpha_mean": 0.0, "fpem/fusion_alpha_std": 0.0, "fpem/fusion_alpha_min": 0.0, "fpem/fusion_alpha_max": 0.0, "fpem/env_route_loss": 2.5672833578927174, "fpem/env_route_L_final": 8.965872564769926, "fpem/env_route_L_global": 0.0, "fpem/env_route_L_route_soft": 0.0, "fpem/env_route_L_expert": 9.348214903331938, "fpem/env_route_L_router_oracle": 0.6976403338568551, "fpem/env_route_L_balance": 0.0, "fpem/env_route_L_diverse": 0.0, "fpem/env_route_L_proto_align": 0.0, "fpem/env_route_entropy": 0.0, "fpem/env_route_q_max_mean": 0.0, "fpem/hyper_alpha_mean": 0.0, "fpem/hyper_delta_norm": 0.0, "fpem/hyper_route_proto_mode_uniform_warmup": 0.0, "fpem/hyper_route_proto_mode_uniform_fixed": 0.0, "fpem/hyper_route_proto_mode_sinkhorn": 0.0, "fpem/hyper_route_proto_mode_softmax": 0.0, "fpem/fallback_q_mean": 0.4875, "fpem/fallback_q_max": 0.0, "fpem/env_q_sum_mean": 0.5125, "fpem/oracle_fallback_rate": 0.0, "fpem/route_count_fallback": 0.0, "fpem/env_route_head_mode": 1.0, "fpem/route_entropy_mean": 0.0, "fpem/route_mean_distribution_entropy": 0.0, "fpem/effective_expert_number": 1.0, "fpem/max_expert_usage_ratio": 0.0, "fpem/min_expert_usage_ratio": 0.0, "fpem/prototype_pairwise_cosine": 0.0, "fpem/expert_prediction_pairwise_cosine": 0.0, "fpem/expert_collapse_warning": 0.0, "fpem/env_route_target_mode_env_prototype": 0.0, "fpem/env_route_target_mode_hybrid": 0.0, "fpem/env_route_hybrid_alpha": 0.0, "fpem/env_route_train_mode_warmup_risk_sinkhorn": 0.0, "fpem/warmup_risk_stage_warmup": 0.0, "fpem/warmup_risk_stage_soft": 0.0, "fpem/warmup_risk_stage_hard": 0.0, "fpem/warmup_risk_selected_loss": 0.0, "fpem/warmup_risk_uniform_common_loss": 0.0, "fpem/warmup_risk_lambda_common": 0.0, "fpem/warmup_risk_total_common_term": 0.0, "fpem/warmup_risk_temperature": 0.0, "fpem/warmup_risk_temperature_progress": 0.0, "fpem/uniform_expert_mae": 0.0, "fpem/risk_routed_mae": 0.0, "fpem/risk_prediction_mae": 0.0, "fpem/risk_loss": 0.0, "fpem/risk_ranking_loss": 0.0, "fpem/risk_ranking_accuracy": 0.0, "fpem/risk_oracle_argmin_accuracy": 0.0, "fpem/risk_router_temperature": 0.0, "fpem/risk_router_lambda": 0.0, "fpem/risk_router_pairwise_lambda": 0.0, "fpem/env_route_train_mode_progressive_gmm_environment": 0.0, "fpem/top_level_prediction_source_progressive_gmm_teacher_hard": 0.0, "fpem/progressive_assignment_uses_target_or_prediction_error": 0.0, "fpem/progressive_partition_ready": 0.0, "fpem/progressive_selected_k": 0.0, "fpem/progressive_active_expert_count": 0.0, "fpem/progressive_last_partition_epoch": 0.0, "fpem/progressive_lambda_common": 0.0, "fpem/progressive_common_term": 0.0, "fpem/progressive_compactness_loss": 0.0, "fpem/progressive_consistency_loss": 0.0, "fpem/progressive_cluster_entropy": 0.0, "fpem/progressive_assignment_change_ratio": 0.0, "fpem/progressive_hungarian_overlap_score": 0.0, "fpem/progressive_partition_update_time_sec": 0.0, "fpem/progressive_routed_mae": 0.0, "fpem/progressive_gmm_environment_total_replaces_primary": 0.0, "fpem/env_route_count_head_0": 16.0, "fpem/env_route_oracle_count_head_0": 16.0, "fpem/route_count_env_head_0": 16.0, "fpem/route_soft_mean_expert_0": 1.0, "fpem/route_hard_count_expert_0": 16.0, "fpem/hard_count_expert_0": 16.0, "fpem/sinkhorn_soft_col_mass_expert_0": 0.0, "fpem/progressive_active_expert_0": 0.0, "fpem/progressive_cluster_size_0": 0.0, "fpem/progressive_cluster_ratio_0": 0.0, "fpem/progressive_cluster_to_expert_0": 0.0, "fpem/progressive_bic_k1": 0.0, "fpem/progressive_bic_score_k1": 0.0, "fpem/progressive_bic_rejected_k1": 0.0, "fpem/hyper_alpha_head_0": 0.0, "fpem/hyper_gamma_norm_head_0": 0.0, "fpem/hyper_beta_norm_head_0": 0.0, "fpem/expert_cross_mae_group_0_expert_0": 9.348214903331938, "fpem/load_expert_loss": 9.348214903331938, "fpem/hard_router_loss": 0.6976403338568551, "fpem/hard_router_target_env_ratio": 0.6464285714285715, "fpem/hard_router_predicted_env_ratio": 0.5125, "fpem/hard_router_effective_env_ratio": 0.5125, "fpem/hard_router_supervision_enabled": 1.0, "fpem/hard_router_warmup_active": 0.0, "fpem/load_level_assignment_detached": 1.0, "fpem/load_level_count_0": 1680.0, "fpem/load_level_ratio_0": 1.0, "fpem/expert_0_global_loss": 9.348214903331938, "fpem/expert_0_selected_loss": 9.348214903331938, "fpem/hard_router_margin_mean": 0.09556804285162972, "fpem/hard_router_gain_mean": 0.20858954517614273, "fpem/hard_router_class_weight_invariant": 1.6361410294260297, "fpem/hard_router_class_weight_environment": 0.812255486987886, "fpem/expert_prediction_pairwise_difference": 0.0, "fpem/delta_pairwise_cosine": 0.0, "fpem/delta_pairwise_l1": 0.0, "fpem/delta_pairwise_l2": 0.0, "fpem/expert_0_parameter_norm": 15.30446572984968, "fpem/hard_binary_router_enabled": 1.0, "fpem/hard_router_uses_target_in_forward": 0.0, "fpem/stored_future_c_loaded": 0.0, "fpem/prediction_is_weighted_complete_fusion": 0.0, "fpem/future_mi_loss": 0.0, "fpem/future_mi_valid": 0.0, "fpem/future_mi_logvar_mean": 0.0, "fpem/future_mi_target_mode_env_encoder": 0.0, "fpem/swap_loss": 0.0, "fpem/swap_diff_loss": 0.0, "fpem/swap_same_loss": 0.0, "fpem/swap_gain_mean": 0.0, "fpem/swap_s_gain_mean": 0.0, "fpem/swap_fallback_router_loss": 0.0, "fpem/swap_fallback_q_mean": 0.0, "fpem/swap_prediction_delta": 0.0, "fpem/swap_route_delta": 0.0, "fpem/swap_hyper_alpha_delta": 0.0, "fpem/swap_hyper_delta_norm": 0.0, "fpem/loss_env_day": 0.0, "fpem/loss_env_hour": 0.0, "fpem/loss_env_rush": 0.0, "fpem/env_day_acc": 0.0, "fpem/env_hour_acc": 0.0, "fpem/env_rush_acc": 0.0, "fpem/loss_env_supcon": 0.0, "fpem/env_supcon_valid_pairs": 0.0, "fpem/loss_inv_env_adv": 0.0, "fpem/inv_day_acc": 0.0, "fpem/inv_hour_acc": 0.0, "fpem/inv_rush_acc": 0.0, "fpem/loss_cross_cov_sep": 0.0, "fpem/load_level_experts_enabled": 1.0, "fpem/load_level_uses_target_or_future_load": 0.0, "fpem/environment_gate_uses_target_in_forward": 0.0, "fpem/load_level_env_residual_scale": 0.0, "fpem/uses_cached_observable_load_prior": 1.0, "fpem/primary_loss": 8.965872564769926, "fpem/inv_pred_loss": 9.063102231706893, "fpem/primary_uses_route": 1.0, "fpem/primary_uses_env_fusion": 0.0, "fpem/backbone_agcrn": 1.0, "fpem/backbone_graphwavenet": 0.0, "fpem/backbone_staeformer": 0.0, "fpem/gc_pred_loss_only": 1.0, "fpem/env_route_head_mode_hyper_proto": 1.0, "fpem/fpem_force_uniform_route": 0.0, "fpem/hard_prediction_sinkhorn_total_replaces_primary": 0.0, "fpem/hard_prediction_environment_sinkhorn_total_replaces_primary": 0.0, "fpem/warmup_risk_sinkhorn_total_replaces_primary": 0.0, "fpem/lambda_club_mi": 0.0}}
EPOCH {"epoch": 7, "train_loss": 10.982324100676037, "val": {"loss": 11.338802072736952, "mae": 11.144492149353027, "mape": 0.1994514912366867}, "test_mixed": {"loss": NaN, "mae": NaN, "mape": NaN}, "test_workday": {"loss": NaN, "mae": NaN, "mape": NaN}, "test_holiday": {"loss": NaN, "mae": NaN, "mape": NaN}, "test_avg_mae": NaN, "lr": 0.001, "fpem_logs": {"fpem/fpem_env_use_exogenous": 1.0, "fpem/env_exogenous_available": 1.0, "fpem/env_exogenous_time_available": 1.0, "fpem/env_exogenous_load_available": 1.0, "fpem/env_exogenous_feature_dim": 32.0, "fpem/env_exogenous_embedding_norm": 2.592026428949265, "fpem/env_exogenous_load_embedding_norm": 1.731910635176159, "fpem/env_rep_ablation_normal": 1.0, "fpem/env_rep_ablation_zero": 0.0, "fpem/env_rep_ablation_shuffle_batch": 0.0, "fpem/env_rep_ablation_mode_id": 0.0, "fpem/mask_loss": 0.0, "fpem/mask_sparse_loss": 0.0, "fpem/mask_entropy_loss": 0.0, "fpem/mask_mean": 1.0, "fpem/mask_entropy": 0.0, "fpem/mask_active_ratio": 1.0, "fpem/fusion_alpha_mean": 0.0, "fpem/fusion_alpha_std": 0.0, "fpem/fusion_alpha_min": 0.0, "fpem/fusion_alpha_max": 0.0, "fpem/env_route_loss": 2.5631456170763287, "fpem/env_route_L_final": 8.962643055688767, "fpem/env_route_L_global": 0.0, "fpem/env_route_L_route_soft": 0.0, "fpem/env_route_L_expert": 9.340636180696034, "fpem/env_route_L_router_oracle": 0.6950183612959725, "fpem/env_route_L_balance": 0.0, "fpem/env_route_L_diverse": 0.0, "fpem/env_route_L_proto_align": 0.0, "fpem/env_route_entropy": 0.0, "fpem/env_route_q_max_mean": 0.0, "fpem/hyper_alpha_mean": 0.0, "fpem/hyper_delta_norm": 0.0, "fpem/hyper_route_proto_mode_uniform_warmup": 0.0, "fpem/hyper_route_proto_mode_uniform_fixed": 0.0, "fpem/hyper_route_proto_mode_sinkhorn": 0.0, "fpem/hyper_route_proto_mode_softmax": 0.0, "fpem/fallback_q_mean": 0.4523809523809524, "fpem/fallback_q_max": 0.0, "fpem/env_q_sum_mean": 0.5476190476190477, "fpem/oracle_fallback_rate": 0.0, "fpem/route_count_fallback": 0.0, "fpem/env_route_head_mode": 1.0, "fpem/route_entropy_mean": 0.0, "fpem/route_mean_distribution_entropy": 0.0, "fpem/effective_expert_number": 1.0, "fpem/max_expert_usage_ratio": 0.0, "fpem/min_expert_usage_ratio": 0.0, "fpem/prototype_pairwise_cosine": 0.0, "fpem/expert_prediction_pairwise_cosine": 0.0, "fpem/expert_collapse_warning": 0.0, "fpem/env_route_target_mode_env_prototype": 0.0, "fpem/env_route_target_mode_hybrid": 0.0, "fpem/env_route_hybrid_alpha": 0.0, "fpem/env_route_train_mode_warmup_risk_sinkhorn": 0.0, "fpem/warmup_risk_stage_warmup": 0.0, "fpem/warmup_risk_stage_soft": 0.0, "fpem/warmup_risk_stage_hard": 0.0, "fpem/warmup_risk_selected_loss": 0.0, "fpem/warmup_risk_uniform_common_loss": 0.0, "fpem/warmup_risk_lambda_common": 0.0, "fpem/warmup_risk_total_common_term": 0.0, "fpem/warmup_risk_temperature": 0.0, "fpem/warmup_risk_temperature_progress": 0.0, "fpem/uniform_expert_mae": 0.0, "fpem/risk_routed_mae": 0.0, "fpem/risk_prediction_mae": 0.0, "fpem/risk_loss": 0.0, "fpem/risk_ranking_loss": 0.0, "fpem/risk_ranking_accuracy": 0.0, "fpem/risk_oracle_argmin_accuracy": 0.0, "fpem/risk_router_temperature": 0.0, "fpem/risk_router_lambda": 0.0, "fpem/risk_router_pairwise_lambda": 0.0, "fpem/env_route_train_mode_progressive_gmm_environment": 0.0, "fpem/top_level_prediction_source_progressive_gmm_teacher_hard": 0.0, "fpem/progressive_assignment_uses_target_or_prediction_error": 0.0, "fpem/progressive_partition_ready": 0.0, "fpem/progressive_selected_k": 0.0, "fpem/progressive_active_expert_count": 0.0, "fpem/progressive_last_partition_epoch": 0.0, "fpem/progressive_lambda_common": 0.0, "fpem/progressive_common_term": 0.0, "fpem/progressive_compactness_loss": 0.0, "fpem/progressive_consistency_loss": 0.0, "fpem/progressive_cluster_entropy": 0.0, "fpem/progressive_assignment_change_ratio": 0.0, "fpem/progressive_hungarian_overlap_score": 0.0, "fpem/progressive_partition_update_time_sec": 0.0, "fpem/progressive_routed_mae": 0.0, "fpem/progressive_gmm_environment_total_replaces_primary": 0.0, "fpem/env_route_count_head_0": 16.0, "fpem/env_route_oracle_count_head_0": 16.0, "fpem/route_count_env_head_0": 16.0, "fpem/route_soft_mean_expert_0": 1.0, "fpem/route_hard_count_expert_0": 16.0, "fpem/hard_count_expert_0": 16.0, "fpem/sinkhorn_soft_col_mass_expert_0": 0.0, "fpem/progressive_active_expert_0": 0.0, "fpem/progressive_cluster_size_0": 0.0, "fpem/progressive_cluster_ratio_0": 0.0, "fpem/progressive_cluster_to_expert_0": 0.0, "fpem/progressive_bic_k1": 0.0, "fpem/progressive_bic_score_k1": 0.0, "fpem/progressive_bic_rejected_k1": 0.0, "fpem/hyper_alpha_head_0": 0.0, "fpem/hyper_gamma_norm_head_0": 0.0, "fpem/hyper_beta_norm_head_0": 0.0, "fpem/expert_cross_mae_group_0_expert_0": 9.340636180696034, "fpem/load_expert_loss": 9.340636180696034, "fpem/hard_router_loss": 0.6950183612959725, "fpem/hard_router_target_env_ratio": 0.6535714285714286, "fpem/hard_router_predicted_env_ratio": 0.5476190476190477, "fpem/hard_router_effective_env_ratio": 0.5476190476190477, "fpem/hard_router_supervision_enabled": 1.0, "fpem/hard_router_warmup_active": 0.0, "fpem/load_level_assignment_detached": 1.0, "fpem/load_level_count_0": 1680.0, "fpem/load_level_ratio_0": 1.0, "fpem/expert_0_global_loss": 9.340636180696034, "fpem/expert_0_selected_loss": 9.340636180696034, "fpem/hard_router_margin_mean": 0.09556804306450345, "fpem/hard_router_gain_mean": 0.21616829307306382, "fpem/hard_router_class_weight_invariant": 1.6300584407079788, "fpem/hard_router_class_weight_environment": 0.8040044784545899, "fpem/expert_prediction_pairwise_difference": 0.0, "fpem/delta_pairwise_cosine": 0.0, "fpem/delta_pairwise_l1": 0.0, "fpem/delta_pairwise_l2": 0.0, "fpem/expert_0_parameter_norm": 15.344386345999581, "fpem/hard_binary_router_enabled": 1.0, "fpem/hard_router_uses_target_in_forward": 0.0, "fpem/stored_future_c_loaded": 0.0, "fpem/prediction_is_weighted_complete_fusion": 0.0, "fpem/future_mi_loss": 0.0, "fpem/future_mi_valid": 0.0, "fpem/future_mi_logvar_mean": 0.0, "fpem/future_mi_target_mode_env_encoder": 0.0, "fpem/swap_loss": 0.0, "fpem/swap_diff_loss": 0.0, "fpem/swap_same_loss": 0.0, "fpem/swap_gain_mean": 0.0, "fpem/swap_s_gain_mean": 0.0, "fpem/swap_fallback_router_loss": 0.0, "fpem/swap_fallback_q_mean": 0.0, "fpem/swap_prediction_delta": 0.0, "fpem/swap_route_delta": 0.0, "fpem/swap_hyper_alpha_delta": 0.0, "fpem/swap_hyper_delta_norm": 0.0, "fpem/loss_env_day": 0.0, "fpem/loss_env_hour": 0.0, "fpem/loss_env_rush": 0.0, "fpem/env_day_acc": 0.0, "fpem/env_hour_acc": 0.0, "fpem/env_rush_acc": 0.0, "fpem/loss_env_supcon": 0.0, "fpem/env_supcon_valid_pairs": 0.0, "fpem/loss_inv_env_adv": 0.0, "fpem/inv_day_acc": 0.0, "fpem/inv_hour_acc": 0.0, "fpem/inv_rush_acc": 0.0, "fpem/loss_cross_cov_sep": 0.0, "fpem/load_level_experts_enabled": 1.0, "fpem/load_level_uses_target_or_future_load": 0.0, "fpem/environment_gate_uses_target_in_forward": 0.0, "fpem/load_level_env_residual_scale": 0.0, "fpem/uses_cached_observable_load_prior": 1.0, "fpem/primary_loss": 8.962643055688767, "fpem/inv_pred_loss": 9.070035861787343, "fpem/primary_uses_route": 1.0, "fpem/primary_uses_env_fusion": 0.0, "fpem/backbone_agcrn": 1.0, "fpem/backbone_graphwavenet": 0.0, "fpem/backbone_staeformer": 0.0, "fpem/gc_pred_loss_only": 1.0, "fpem/env_route_head_mode_hyper_proto": 1.0, "fpem/fpem_force_uniform_route": 0.0, "fpem/hard_prediction_sinkhorn_total_replaces_primary": 0.0, "fpem/hard_prediction_environment_sinkhorn_total_replaces_primary": 0.0, "fpem/warmup_risk_sinkhorn_total_replaces_primary": 0.0, "fpem/lambda_club_mi": 0.0}}
EPOCH {"epoch": 8, "train_loss": 11.492737415858677, "val": {"loss": 11.373151620229086, "mae": 11.17300033569336, "mape": 0.20637214183807373}, "test_mixed": {"loss": NaN, "mae": NaN, "mape": NaN}, "test_workday": {"loss": NaN, "mae": NaN, "mape": NaN}, "test_holiday": {"loss": NaN, "mae": NaN, "mape": NaN}, "test_avg_mae": NaN, "lr": 0.001, "fpem_logs": {"fpem/fpem_env_use_exogenous": 1.0, "fpem/env_exogenous_available": 1.0, "fpem/env_exogenous_time_available": 1.0, "fpem/env_exogenous_load_available": 1.0, "fpem/env_exogenous_feature_dim": 32.0, "fpem/env_exogenous_embedding_norm": 2.6300108591715494, "fpem/env_exogenous_load_embedding_norm": 1.7524855591001964, "fpem/env_rep_ablation_normal": 1.0, "fpem/env_rep_ablation_zero": 0.0, "fpem/env_rep_ablation_shuffle_batch": 0.0, "fpem/env_rep_ablation_mode_id": 0.0, "fpem/mask_loss": 0.0, "fpem/mask_sparse_loss": 0.0, "fpem/mask_entropy_loss": 0.0, "fpem/mask_mean": 1.0, "fpem/mask_entropy": 0.0, "fpem/mask_active_ratio": 1.0, "fpem/fusion_alpha_mean": 0.0, "fpem/fusion_alpha_std": 0.0, "fpem/fusion_alpha_min": 0.0, "fpem/fusion_alpha_max": 0.0, "fpem/env_route_loss": 2.5412438483465287, "fpem/env_route_L_final": 8.950164159138998, "fpem/env_route_L_global": 0.0, "fpem/env_route_L_route_soft": 0.0, "fpem/env_route_L_expert": 9.333878067561558, "fpem/env_route_L_router_oracle": 0.6744682107652936, "fpem/env_route_L_balance": 0.0, "fpem/env_route_L_diverse": 0.0, "fpem/env_route_L_proto_align": 0.0, "fpem/env_route_entropy": 0.0, "fpem/env_route_q_max_mean": 0.0, "fpem/hyper_alpha_mean": 0.0, "fpem/hyper_delta_norm": 0.0, "fpem/hyper_route_proto_mode_uniform_warmup": 0.0, "fpem/hyper_route_proto_mode_uniform_fixed": 0.0, "fpem/hyper_route_proto_mode_sinkhorn": 0.0, "fpem/hyper_route_proto_mode_softmax": 0.0, "fpem/fallback_q_mean": 0.48035714285714287, "fpem/fallback_q_max": 0.0, "fpem/env_q_sum_mean": 0.5196428571428572, "fpem/oracle_fallback_rate": 0.0, "fpem/route_count_fallback": 0.0, "fpem/env_route_head_mode": 1.0, "fpem/route_entropy_mean": 0.0, "fpem/route_mean_distribution_entropy": 0.0, "fpem/effective_expert_number": 1.0, "fpem/max_expert_usage_ratio": 0.0, "fpem/min_expert_usage_ratio": 0.0, "fpem/prototype_pairwise_cosine": 0.0, "fpem/expert_prediction_pairwise_cosine": 0.0, "fpem/expert_collapse_warning": 0.0, "fpem/env_route_target_mode_env_prototype": 0.0, "fpem/env_route_target_mode_hybrid": 0.0, "fpem/env_route_hybrid_alpha": 0.0, "fpem/env_route_train_mode_warmup_risk_sinkhorn": 0.0, "fpem/warmup_risk_stage_warmup": 0.0, "fpem/warmup_risk_stage_soft": 0.0, "fpem/warmup_risk_stage_hard": 0.0, "fpem/warmup_risk_selected_loss": 0.0, "fpem/warmup_risk_uniform_common_loss": 0.0, "fpem/warmup_risk_lambda_common": 0.0, "fpem/warmup_risk_total_common_term": 0.0, "fpem/warmup_risk_temperature": 0.0, "fpem/warmup_risk_temperature_progress": 0.0, "fpem/uniform_expert_mae": 0.0, "fpem/risk_routed_mae": 0.0, "fpem/risk_prediction_mae": 0.0, "fpem/risk_loss": 0.0, "fpem/risk_ranking_loss": 0.0, "fpem/risk_ranking_accuracy": 0.0, "fpem/risk_oracle_argmin_accuracy": 0.0, "fpem/risk_router_temperature": 0.0, "fpem/risk_router_lambda": 0.0, "fpem/risk_router_pairwise_lambda": 0.0, "fpem/env_route_train_mode_progressive_gmm_environment": 0.0, "fpem/top_level_prediction_source_progressive_gmm_teacher_hard": 0.0, "fpem/progressive_assignment_uses_target_or_prediction_error": 0.0, "fpem/progressive_partition_ready": 0.0, "fpem/progressive_selected_k": 0.0, "fpem/progressive_active_expert_count": 0.0, "fpem/progressive_last_partition_epoch": 0.0, "fpem/progressive_lambda_common": 0.0, "fpem/progressive_common_term": 0.0, "fpem/progressive_compactness_loss": 0.0, "fpem/progressive_consistency_loss": 0.0, "fpem/progressive_cluster_entropy": 0.0, "fpem/progressive_assignment_change_ratio": 0.0, "fpem/progressive_hungarian_overlap_score": 0.0, "fpem/progressive_partition_update_time_sec": 0.0, "fpem/progressive_routed_mae": 0.0, "fpem/progressive_gmm_environment_total_replaces_primary": 0.0, "fpem/env_route_count_head_0": 16.0, "fpem/env_route_oracle_count_head_0": 16.0, "fpem/route_count_env_head_0": 16.0, "fpem/route_soft_mean_expert_0": 1.0, "fpem/route_hard_count_expert_0": 16.0, "fpem/hard_count_expert_0": 16.0, "fpem/sinkhorn_soft_col_mass_expert_0": 0.0, "fpem/progressive_active_expert_0": 0.0, "fpem/progressive_cluster_size_0": 0.0, "fpem/progressive_cluster_ratio_0": 0.0, "fpem/progressive_cluster_to_expert_0": 0.0, "fpem/progressive_bic_k1": 0.0, "fpem/progressive_bic_score_k1": 0.0, "fpem/progressive_bic_rejected_k1": 0.0, "fpem/hyper_alpha_head_0": 0.0, "fpem/hyper_gamma_norm_head_0": 0.0, "fpem/hyper_beta_norm_head_0": 0.0, "fpem/expert_cross_mae_group_0_expert_0": 9.333878067561558, "fpem/load_expert_loss": 9.333878067561558, "fpem/hard_router_loss": 0.6744682107652936, "fpem/hard_router_target_env_ratio": 0.6535714285714286, "fpem/hard_router_predicted_env_ratio": 0.5196428571428572, "fpem/hard_router_effective_env_ratio": 0.5196428571428572, "fpem/hard_router_supervision_enabled": 1.0, "fpem/hard_router_warmup_active": 0.0, "fpem/load_level_assignment_detached": 1.0, "fpem/load_level_count_0": 1680.0, "fpem/load_level_ratio_0": 1.0, "fpem/expert_0_global_loss": 9.333878067561558, "fpem/expert_0_selected_loss": 9.333878067561558, "fpem/hard_router_margin_mean": 0.09556804292258762, "fpem/hard_router_gain_mean": 0.22292644069308326, "fpem/hard_router_class_weight_invariant": 1.7530461362430028, "fpem/hard_router_class_weight_environment": 0.7962852109046209, "fpem/expert_prediction_pairwise_difference": 0.0, "fpem/delta_pairwise_cosine": 0.0, "fpem/delta_pairwise_l1": 0.0, "fpem/delta_pairwise_l2": 0.0, "fpem/expert_0_parameter_norm": 15.384425571986608, "fpem/hard_binary_router_enabled": 1.0, "fpem/hard_router_uses_target_in_forward": 0.0, "fpem/stored_future_c_loaded": 0.0, "fpem/prediction_is_weighted_complete_fusion": 0.0, "fpem/future_mi_loss": 0.0, "fpem/future_mi_valid": 0.0, "fpem/future_mi_logvar_mean": 0.0, "fpem/future_mi_target_mode_env_encoder": 0.0, "fpem/swap_loss": 0.0, "fpem/swap_diff_loss": 0.0, "fpem/swap_same_loss": 0.0, "fpem/swap_gain_mean": 0.0, "fpem/swap_s_gain_mean": 0.0, "fpem/swap_fallback_router_loss": 0.0, "fpem/swap_fallback_q_mean": 0.0, "fpem/swap_prediction_delta": 0.0, "fpem/swap_route_delta": 0.0, "fpem/swap_hyper_alpha_delta": 0.0, "fpem/swap_hyper_delta_norm": 0.0, "fpem/loss_env_day": 0.0, "fpem/loss_env_hour": 0.0, "fpem/loss_env_rush": 0.0, "fpem/env_day_acc": 0.0, "fpem/env_hour_acc": 0.0, "fpem/env_rush_acc": 0.0, "fpem/loss_env_supcon": 0.0, "fpem/env_supcon_valid_pairs": 0.0, "fpem/loss_inv_env_adv": 0.0, "fpem/inv_day_acc": 0.0, "fpem/inv_hour_acc": 0.0, "fpem/inv_rush_acc": 0.0, "fpem/loss_cross_cov_sep": 0.0, "fpem/load_level_experts_enabled": 1.0, "fpem/load_level_uses_target_or_future_load": 0.0, "fpem/environment_gate_uses_target_in_forward": 0.0, "fpem/load_level_env_residual_scale": 0.0, "fpem/uses_cached_observable_load_prior": 1.0, "fpem/primary_loss": 8.950164159138998, "fpem/inv_pred_loss": 9.066164929526193, "fpem/primary_uses_route": 1.0, "fpem/primary_uses_env_fusion": 0.0, "fpem/backbone_agcrn": 1.0, "fpem/backbone_graphwavenet": 0.0, "fpem/backbone_staeformer": 0.0, "fpem/gc_pred_loss_only": 1.0, "fpem/env_route_head_mode_hyper_proto": 1.0, "fpem/fpem_force_uniform_route": 0.0, "fpem/hard_prediction_sinkhorn_total_replaces_primary": 0.0, "fpem/hard_prediction_environment_sinkhorn_total_replaces_primary": 0.0, "fpem/warmup_risk_sinkhorn_total_replaces_primary": 0.0, "fpem/lambda_club_mi": 0.0}}
EPOCH {"epoch": 9, "train_loss": 11.478105336143857, "val": {"loss": 11.342768086327446, "mae": 11.149351119995117, "mape": 0.20435479283332825}, "test_mixed": {"loss": NaN, "mae": NaN, "mape": NaN}, "test_workday": {"loss": NaN, "mae": NaN, "mape": NaN}, "test_holiday": {"loss": NaN, "mae": NaN, "mape": NaN}, "test_avg_mae": NaN, "lr": 0.001, "fpem_logs": {"fpem/fpem_env_use_exogenous": 1.0, "fpem/env_exogenous_available": 1.0, "fpem/env_exogenous_time_available": 1.0, "fpem/env_exogenous_load_available": 1.0, "fpem/env_exogenous_feature_dim": 32.0, "fpem/env_exogenous_embedding_norm": 2.6472658021109443, "fpem/env_exogenous_load_embedding_norm": 1.7593193610509237, "fpem/env_rep_ablation_normal": 1.0, "fpem/env_rep_ablation_zero": 0.0, "fpem/env_rep_ablation_shuffle_batch": 0.0, "fpem/env_rep_ablation_mode_id": 0.0, "fpem/mask_loss": 0.0, "fpem/mask_sparse_loss": 0.0, "fpem/mask_entropy_loss": 0.0, "fpem/mask_mean": 1.0, "fpem/mask_entropy": 0.0, "fpem/mask_active_ratio": 1.0, "fpem/fusion_alpha_mean": 0.0, "fpem/fusion_alpha_std": 0.0, "fpem/fusion_alpha_min": 0.0, "fpem/fusion_alpha_max": 0.0, "fpem/env_route_loss": 2.535700682231358, "fpem/env_route_L_final": 8.933839888799758, "fpem/env_route_L_global": 0.0, "fpem/env_route_L_route_soft": 0.0, "fpem/env_route_L_expert": 9.33563130242484, "fpem/env_route_L_router_oracle": 0.6685744075548081, "fpem/env_route_L_balance": 0.0, "fpem/env_route_L_diverse": 0.0, "fpem/env_route_L_proto_align": 0.0, "fpem/env_route_entropy": 0.0, "fpem/env_route_q_max_mean": 0.0, "fpem/hyper_alpha_mean": 0.0, "fpem/hyper_delta_norm": 0.0, "fpem/hyper_route_proto_mode_uniform_warmup": 0.0, "fpem/hyper_route_proto_mode_uniform_fixed": 0.0, "fpem/hyper_route_proto_mode_sinkhorn": 0.0, "fpem/hyper_route_proto_mode_softmax": 0.0, "fpem/fallback_q_mean": 0.49642857142857144, "fpem/fallback_q_max": 0.0, "fpem/env_q_sum_mean": 0.5035714285714286, "fpem/oracle_fallback_rate": 0.0, "fpem/route_count_fallback": 0.0, "fpem/env_route_head_mode": 1.0, "fpem/route_entropy_mean": 0.0, "fpem/route_mean_distribution_entropy": 0.0, "fpem/effective_expert_number": 1.0, "fpem/max_expert_usage_ratio": 0.0, "fpem/min_expert_usage_ratio": 0.0, "fpem/prototype_pairwise_cosine": 0.0, "fpem/expert_prediction_pairwise_cosine": 0.0, "fpem/expert_collapse_warning": 0.0, "fpem/env_route_target_mode_env_prototype": 0.0, "fpem/env_route_target_mode_hybrid": 0.0, "fpem/env_route_hybrid_alpha": 0.0, "fpem/env_route_train_mode_warmup_risk_sinkhorn": 0.0, "fpem/warmup_risk_stage_warmup": 0.0, "fpem/warmup_risk_stage_soft": 0.0, "fpem/warmup_risk_stage_hard": 0.0, "fpem/warmup_risk_selected_loss": 0.0, "fpem/warmup_risk_uniform_common_loss": 0.0, "fpem/warmup_risk_lambda_common": 0.0, "fpem/warmup_risk_total_common_term": 0.0, "fpem/warmup_risk_temperature": 0.0, "fpem/warmup_risk_temperature_progress": 0.0, "fpem/uniform_expert_mae": 0.0, "fpem/risk_routed_mae": 0.0, "fpem/risk_prediction_mae": 0.0, "fpem/risk_loss": 0.0, "fpem/risk_ranking_loss": 0.0, "fpem/risk_ranking_accuracy": 0.0, "fpem/risk_oracle_argmin_accuracy": 0.0, "fpem/risk_router_temperature": 0.0, "fpem/risk_router_lambda": 0.0, "fpem/risk_router_pairwise_lambda": 0.0, "fpem/env_route_train_mode_progressive_gmm_environment": 0.0, "fpem/top_level_prediction_source_progressive_gmm_teacher_hard": 0.0, "fpem/progressive_assignment_uses_target_or_prediction_error": 0.0, "fpem/progressive_partition_ready": 0.0, "fpem/progressive_selected_k": 0.0, "fpem/progressive_active_expert_count": 0.0, "fpem/progressive_last_partition_epoch": 0.0, "fpem/progressive_lambda_common": 0.0, "fpem/progressive_common_term": 0.0, "fpem/progressive_compactness_loss": 0.0, "fpem/progressive_consistency_loss": 0.0, "fpem/progressive_cluster_entropy": 0.0, "fpem/progressive_assignment_change_ratio": 0.0, "fpem/progressive_hungarian_overlap_score": 0.0, "fpem/progressive_partition_update_time_sec": 0.0, "fpem/progressive_routed_mae": 0.0, "fpem/progressive_gmm_environment_total_replaces_primary": 0.0, "fpem/env_route_count_head_0": 16.0, "fpem/env_route_oracle_count_head_0": 16.0, "fpem/route_count_env_head_0": 16.0, "fpem/route_soft_mean_expert_0": 1.0, "fpem/route_hard_count_expert_0": 16.0, "fpem/hard_count_expert_0": 16.0, "fpem/sinkhorn_soft_col_mass_expert_0": 0.0, "fpem/progressive_active_expert_0": 0.0, "fpem/progressive_cluster_size_0": 0.0, "fpem/progressive_cluster_ratio_0": 0.0, "fpem/progressive_cluster_to_expert_0": 0.0, "fpem/progressive_bic_k1": 0.0, "fpem/progressive_bic_score_k1": 0.0, "fpem/progressive_bic_rejected_k1": 0.0, "fpem/hyper_alpha_head_0": 0.0, "fpem/hyper_gamma_norm_head_0": 0.0, "fpem/hyper_beta_norm_head_0": 0.0, "fpem/expert_cross_mae_group_0_expert_0": 9.33563130242484, "fpem/load_expert_loss": 9.33563130242484, "fpem/hard_router_loss": 0.6685744075548081, "fpem/hard_router_target_env_ratio": 0.6476190476190476, "fpem/hard_router_predicted_env_ratio": 0.5035714285714286, "fpem/hard_router_effective_env_ratio": 0.5035714285714286, "fpem/hard_router_supervision_enabled": 1.0, "fpem/hard_router_warmup_active": 0.0, "fpem/load_level_assignment_detached": 1.0, "fpem/load_level_count_0": 1680.0, "fpem/load_level_ratio_0": 1.0, "fpem/expert_0_global_loss": 9.33563130242484, "fpem/expert_0_selected_loss": 9.33563130242484, "fpem/hard_router_margin_mean": 0.09556804320641926, "fpem/hard_router_gain_mean": 0.22117317716280618, "fpem/hard_router_class_weight_invariant": 1.6810884651683626, "fpem/hard_router_class_weight_environment": 0.7996071809814089, "fpem/expert_prediction_pairwise_difference": 0.0, "fpem/delta_pairwise_cosine": 0.0, "fpem/delta_pairwise_l1": 0.0, "fpem/delta_pairwise_l2": 0.0, "fpem/expert_0_parameter_norm": 15.438991492135184, "fpem/hard_binary_router_enabled": 1.0, "fpem/hard_router_uses_target_in_forward": 0.0, "fpem/stored_future_c_loaded": 0.0, "fpem/prediction_is_weighted_complete_fusion": 0.0, "fpem/future_mi_loss": 0.0, "fpem/future_mi_valid": 0.0, "fpem/future_mi_logvar_mean": 0.0, "fpem/future_mi_target_mode_env_encoder": 0.0, "fpem/swap_loss": 0.0, "fpem/swap_diff_loss": 0.0, "fpem/swap_same_loss": 0.0, "fpem/swap_gain_mean": 0.0, "fpem/swap_s_gain_mean": 0.0, "fpem/swap_fallback_router_loss": 0.0, "fpem/swap_fallback_q_mean": 0.0, "fpem/swap_prediction_delta": 0.0, "fpem/swap_route_delta": 0.0, "fpem/swap_hyper_alpha_delta": 0.0, "fpem/swap_hyper_delta_norm": 0.0, "fpem/loss_env_day": 0.0, "fpem/loss_env_hour": 0.0, "fpem/loss_env_rush": 0.0, "fpem/env_day_acc": 0.0, "fpem/env_hour_acc": 0.0, "fpem/env_rush_acc": 0.0, "fpem/loss_env_supcon": 0.0, "fpem/env_supcon_valid_pairs": 0.0, "fpem/loss_inv_env_adv": 0.0, "fpem/inv_day_acc": 0.0, "fpem/inv_hour_acc": 0.0, "fpem/inv_rush_acc": 0.0, "fpem/loss_cross_cov_sep": 0.0, "fpem/load_level_experts_enabled": 1.0, "fpem/load_level_uses_target_or_future_load": 0.0, "fpem/environment_gate_uses_target_in_forward": 0.0, "fpem/load_level_env_residual_scale": 0.0, "fpem/uses_cached_observable_load_prior": 1.0, "fpem/primary_loss": 8.933839888799758, "fpem/inv_pred_loss": 9.056194509778704, "fpem/primary_uses_route": 1.0, "fpem/primary_uses_env_fusion": 0.0, "fpem/backbone_agcrn": 1.0, "fpem/backbone_graphwavenet": 0.0, "fpem/backbone_staeformer": 0.0, "fpem/gc_pred_loss_only": 1.0, "fpem/env_route_head_mode_hyper_proto": 1.0, "fpem/fpem_force_uniform_route": 0.0, "fpem/hard_prediction_sinkhorn_total_replaces_primary": 0.0, "fpem/hard_prediction_environment_sinkhorn_total_replaces_primary": 0.0, "fpem/warmup_risk_sinkhorn_total_replaces_primary": 0.0, "fpem/lambda_club_mi": 0.0}}
EPOCH {"epoch": 10, "train_loss": 11.456778326488676, "val": {"loss": 11.364751868777805, "mae": 11.167563438415527, "mape": 0.20588964223861694}, "test_mixed": {"loss": NaN, "mae": NaN, "mape": NaN}, "test_workday": {"loss": NaN, "mae": NaN, "mape": NaN}, "test_holiday": {"loss": NaN, "mae": NaN, "mape": NaN}, "test_avg_mae": NaN, "lr": 0.001, "fpem_logs": {"fpem/fpem_env_use_exogenous": 1.0, "fpem/env_exogenous_available": 1.0, "fpem/env_exogenous_time_available": 1.0, "fpem/env_exogenous_load_available": 1.0, "fpem/env_exogenous_feature_dim": 32.0, "fpem/env_exogenous_embedding_norm": 2.665529423668271, "fpem/env_exogenous_load_embedding_norm": 1.7686204581033615, "fpem/env_rep_ablation_normal": 1.0, "fpem/env_rep_ablation_zero": 0.0, "fpem/env_rep_ablation_shuffle_batch": 0.0, "fpem/env_rep_ablation_mode_id": 0.0, "fpem/mask_loss": 0.0, "fpem/mask_sparse_loss": 0.0, "fpem/mask_entropy_loss": 0.0, "fpem/mask_mean": 1.0, "fpem/mask_entropy": 0.0, "fpem/mask_active_ratio": 1.0, "fpem/fusion_alpha_mean": 0.0, "fpem/fusion_alpha_std": 0.0, "fpem/fusion_alpha_min": 0.0, "fpem/fusion_alpha_max": 0.0, "fpem/env_route_loss": 2.5247857820420037, "fpem/env_route_L_final": 8.934176930927094, "fpem/env_route_L_global": 0.0, "fpem/env_route_L_route_soft": 0.0, "fpem/env_route_L_expert": 9.327414830525717, "fpem/env_route_L_router_oracle": 0.6593028000422887, "fpem/env_route_L_balance": 0.0, "fpem/env_route_L_diverse": 0.0, "fpem/env_route_L_proto_align": 0.0, "fpem/env_route_entropy": 0.0, "fpem/env_route_q_max_mean": 0.0, "fpem/hyper_alpha_mean": 0.0, "fpem/hyper_delta_norm": 0.0, "fpem/hyper_route_proto_mode_uniform_warmup": 0.0, "fpem/hyper_route_proto_mode_uniform_fixed": 0.0, "fpem/hyper_route_proto_mode_sinkhorn": 0.0, "fpem/hyper_route_proto_mode_softmax": 0.0, "fpem/fallback_q_mean": 0.5154761904761904, "fpem/fallback_q_max": 0.0, "fpem/env_q_sum_mean": 0.4845238095238095, "fpem/oracle_fallback_rate": 0.0, "fpem/route_count_fallback": 0.0, "fpem/env_route_head_mode": 1.0, "fpem/route_entropy_mean": 0.0, "fpem/route_mean_distribution_entropy": 0.0, "fpem/effective_expert_number": 1.0, "fpem/max_expert_usage_ratio": 0.0, "fpem/min_expert_usage_ratio": 0.0, "fpem/prototype_pairwise_cosine": 0.0, "fpem/expert_prediction_pairwise_cosine": 0.0, "fpem/expert_collapse_warning": 0.0, "fpem/env_route_target_mode_env_prototype": 0.0, "fpem/env_route_target_mode_hybrid": 0.0, "fpem/env_route_hybrid_alpha": 0.0, "fpem/env_route_train_mode_warmup_risk_sinkhorn": 0.0, "fpem/warmup_risk_stage_warmup": 0.0, "fpem/warmup_risk_stage_soft": 0.0, "fpem/warmup_risk_stage_hard": 0.0, "fpem/warmup_risk_selected_loss": 0.0, "fpem/warmup_risk_uniform_common_loss": 0.0, "fpem/warmup_risk_lambda_common": 0.0, "fpem/warmup_risk_total_common_term": 0.0, "fpem/warmup_risk_temperature": 0.0, "fpem/warmup_risk_temperature_progress": 0.0, "fpem/uniform_expert_mae": 0.0, "fpem/risk_routed_mae": 0.0, "fpem/risk_prediction_mae": 0.0, "fpem/risk_loss": 0.0, "fpem/risk_ranking_loss": 0.0, "fpem/risk_ranking_accuracy": 0.0, "fpem/risk_oracle_argmin_accuracy": 0.0, "fpem/risk_router_temperature": 0.0, "fpem/risk_router_lambda": 0.0, "fpem/risk_router_pairwise_lambda": 0.0, "fpem/env_route_train_mode_progressive_gmm_environment": 0.0, "fpem/top_level_prediction_source_progressive_gmm_teacher_hard": 0.0, "fpem/progressive_assignment_uses_target_or_prediction_error": 0.0, "fpem/progressive_partition_ready": 0.0, "fpem/progressive_selected_k": 0.0, "fpem/progressive_active_expert_count": 0.0, "fpem/progressive_last_partition_epoch": 0.0, "fpem/progressive_lambda_common": 0.0, "fpem/progressive_common_term": 0.0, "fpem/progressive_compactness_loss": 0.0, "fpem/progressive_consistency_loss": 0.0, "fpem/progressive_cluster_entropy": 0.0, "fpem/progressive_assignment_change_ratio": 0.0, "fpem/progressive_hungarian_overlap_score": 0.0, "fpem/progressive_partition_update_time_sec": 0.0, "fpem/progressive_routed_mae": 0.0, "fpem/progressive_gmm_environment_total_replaces_primary": 0.0, "fpem/env_route_count_head_0": 16.0, "fpem/env_route_oracle_count_head_0": 16.0, "fpem/route_count_env_head_0": 16.0, "fpem/route_soft_mean_expert_0": 1.0, "fpem/route_hard_count_expert_0": 16.0, "fpem/hard_count_expert_0": 16.0, "fpem/sinkhorn_soft_col_mass_expert_0": 0.0, "fpem/progressive_active_expert_0": 0.0, "fpem/progressive_cluster_size_0": 0.0, "fpem/progressive_cluster_ratio_0": 0.0, "fpem/progressive_cluster_to_expert_0": 0.0, "fpem/progressive_bic_k1": 0.0, "fpem/progressive_bic_score_k1": 0.0, "fpem/progressive_bic_rejected_k1": 0.0, "fpem/hyper_alpha_head_0": 0.0, "fpem/hyper_gamma_norm_head_0": 0.0, "fpem/hyper_beta_norm_head_0": 0.0, "fpem/expert_cross_mae_group_0_expert_0": 9.327414830525717, "fpem/load_expert_loss": 9.327414830525717, "fpem/hard_router_loss": 0.6593028000422887, "fpem/hard_router_target_env_ratio": 0.6351190476190476, "fpem/hard_router_predicted_env_ratio": 0.4845238095238095, "fpem/hard_router_effective_env_ratio": 0.4845238095238095, "fpem/hard_router_supervision_enabled": 1.0, "fpem/hard_router_warmup_active": 0.0, "fpem/load_level_assignment_detached": 1.0, "fpem/load_level_count_0": 1680.0, "fpem/load_level_ratio_0": 1.0, "fpem/expert_0_global_loss": 9.327414830525717, "fpem/expert_0_selected_loss": 9.327414830525717, "fpem/hard_router_margin_mean": 0.09556804256779806, "fpem/hard_router_gain_mean": 0.22938970114503587, "fpem/hard_router_class_weight_invariant": 1.549629655338469, "fpem/hard_router_class_weight_environment": 0.8141619381450471, "fpem/expert_prediction_pairwise_difference": 0.0, "fpem/delta_pairwise_cosine": 0.0, "fpem/delta_pairwise_l1": 0.0, "fpem/delta_pairwise_l2": 0.0, "fpem/expert_0_parameter_norm": 15.474267096746535, "fpem/hard_binary_router_enabled": 1.0, "fpem/hard_router_uses_target_in_forward": 0.0, "fpem/stored_future_c_loaded": 0.0, "fpem/prediction_is_weighted_complete_fusion": 0.0, "fpem/future_mi_loss": 0.0, "fpem/future_mi_valid": 0.0, "fpem/future_mi_logvar_mean": 0.0, "fpem/future_mi_target_mode_env_encoder": 0.0, "fpem/swap_loss": 0.0, "fpem/swap_diff_loss": 0.0, "fpem/swap_same_loss": 0.0, "fpem/swap_gain_mean": 0.0, "fpem/swap_s_gain_mean": 0.0, "fpem/swap_fallback_router_loss": 0.0, "fpem/swap_fallback_q_mean": 0.0, "fpem/swap_prediction_delta": 0.0, "fpem/swap_route_delta": 0.0, "fpem/swap_hyper_alpha_delta": 0.0, "fpem/swap_hyper_delta_norm": 0.0, "fpem/loss_env_day": 0.0, "fpem/loss_env_hour": 0.0, "fpem/loss_env_rush": 0.0, "fpem/env_day_acc": 0.0, "fpem/env_hour_acc": 0.0, "fpem/env_rush_acc": 0.0, "fpem/loss_env_supcon": 0.0, "fpem/env_supcon_valid_pairs": 0.0, "fpem/loss_inv_env_adv": 0.0, "fpem/inv_day_acc": 0.0, "fpem/inv_hour_acc": 0.0, "fpem/inv_rush_acc": 0.0, "fpem/loss_cross_cov_sep": 0.0, "fpem/load_level_experts_enabled": 1.0, "fpem/load_level_uses_target_or_future_load": 0.0, "fpem/environment_gate_uses_target_in_forward": 0.0, "fpem/load_level_env_residual_scale": 0.0, "fpem/uses_cached_observable_load_prior": 1.0, "fpem/primary_loss": 8.934176930927094, "fpem/inv_pred_loss": 9.070217772892542, "fpem/primary_uses_route": 1.0, "fpem/primary_uses_env_fusion": 0.0, "fpem/backbone_agcrn": 1.0, "fpem/backbone_graphwavenet": 0.0, "fpem/backbone_staeformer": 0.0, "fpem/gc_pred_loss_only": 1.0, "fpem/env_route_head_mode_hyper_proto": 1.0, "fpem/fpem_force_uniform_route": 0.0, "fpem/hard_prediction_sinkhorn_total_replaces_primary": 0.0, "fpem/hard_prediction_environment_sinkhorn_total_replaces_primary": 0.0, "fpem/warmup_risk_sinkhorn_total_replaces_primary": 0.0, "fpem/lambda_club_mi": 0.0}}
EPOCH {"epoch": 11, "train_loss": 11.450152996608189, "val": {"loss": 11.375305043326485, "mae": 11.177108764648438, "mape": 0.20403149724006653}, "test_mixed": {"loss": NaN, "mae": NaN, "mape": NaN}, "test_workday": {"loss": NaN, "mae": NaN, "mape": NaN}, "test_holiday": {"loss": NaN, "mae": NaN, "mape": NaN}, "test_avg_mae": NaN, "lr": 0.001, "fpem_logs": {"fpem/fpem_env_use_exogenous": 1.0, "fpem/env_exogenous_available": 1.0, "fpem/env_exogenous_time_available": 1.0, "fpem/env_exogenous_load_available": 1.0, "fpem/env_exogenous_feature_dim": 32.0, "fpem/env_exogenous_embedding_norm": 2.683730445589338, "fpem/env_exogenous_load_embedding_norm": 1.7801080749148415, "fpem/env_rep_ablation_normal": 1.0, "fpem/env_rep_ablation_zero": 0.0, "fpem/env_rep_ablation_shuffle_batch": 0.0, "fpem/env_rep_ablation_mode_id": 0.0, "fpem/mask_loss": 0.0, "fpem/mask_sparse_loss": 0.0, "fpem/mask_entropy_loss": 0.0, "fpem/mask_mean": 1.0, "fpem/mask_entropy": 0.0, "fpem/mask_active_ratio": 1.0, "fpem/fusion_alpha_mean": 0.0, "fpem/fusion_alpha_std": 0.0, "fpem/fusion_alpha_min": 0.0, "fpem/fusion_alpha_max": 0.0, "fpem/env_route_loss": 2.5171661717551097, "fpem/env_route_L_final": 8.926472273327056, "fpem/env_route_L_global": 0.0, "fpem/env_route_L_route_soft": 0.0, "fpem/env_route_L_expert": 9.31812105178833, "fpem/env_route_L_router_oracle": 0.6535419435728164, "fpem/env_route_L_balance": 0.0, "fpem/env_route_L_diverse": 0.0, "fpem/env_route_L_proto_align": 0.0, "fpem/env_route_entropy": 0.0, "fpem/env_route_q_max_mean": 0.0, "fpem/hyper_alpha_mean": 0.0, "fpem/hyper_delta_norm": 0.0, "fpem/hyper_route_proto_mode_uniform_warmup": 0.0, "fpem/hyper_route_proto_mode_uniform_fixed": 0.0, "fpem/hyper_route_proto_mode_sinkhorn": 0.0, "fpem/hyper_route_proto_mode_softmax": 0.0, "fpem/fallback_q_mean": 0.49404761904761907, "fpem/fallback_q_max": 0.0, "fpem/env_q_sum_mean": 0.5059523809523809, "fpem/oracle_fallback_rate": 0.0, "fpem/route_count_fallback": 0.0, "fpem/env_route_head_mode": 1.0, "fpem/route_entropy_mean": 0.0, "fpem/route_mean_distribution_entropy": 0.0, "fpem/effective_expert_number": 1.0, "fpem/max_expert_usage_ratio": 0.0, "fpem/min_expert_usage_ratio": 0.0, "fpem/prototype_pairwise_cosine": 0.0, "fpem/expert_prediction_pairwise_cosine": 0.0, "fpem/expert_collapse_warning": 0.0, "fpem/env_route_target_mode_env_prototype": 0.0, "fpem/env_route_target_mode_hybrid": 0.0, "fpem/env_route_hybrid_alpha": 0.0, "fpem/env_route_train_mode_warmup_risk_sinkhorn": 0.0, "fpem/warmup_risk_stage_warmup": 0.0, "fpem/warmup_risk_stage_soft": 0.0, "fpem/warmup_risk_stage_hard": 0.0, "fpem/warmup_risk_selected_loss": 0.0, "fpem/warmup_risk_uniform_common_loss": 0.0, "fpem/warmup_risk_lambda_common": 0.0, "fpem/warmup_risk_total_common_term": 0.0, "fpem/warmup_risk_temperature": 0.0, "fpem/warmup_risk_temperature_progress": 0.0, "fpem/uniform_expert_mae": 0.0, "fpem/risk_routed_mae": 0.0, "fpem/risk_prediction_mae": 0.0, "fpem/risk_loss": 0.0, "fpem/risk_ranking_loss": 0.0, "fpem/risk_ranking_accuracy": 0.0, "fpem/risk_oracle_argmin_accuracy": 0.0, "fpem/risk_router_temperature": 0.0, "fpem/risk_router_lambda": 0.0, "fpem/risk_router_pairwise_lambda": 0.0, "fpem/env_route_train_mode_progressive_gmm_environment": 0.0, "fpem/top_level_prediction_source_progressive_gmm_teacher_hard": 0.0, "fpem/progressive_assignment_uses_target_or_prediction_error": 0.0, "fpem/progressive_partition_ready": 0.0, "fpem/progressive_selected_k": 0.0, "fpem/progressive_active_expert_count": 0.0, "fpem/progressive_last_partition_epoch": 0.0, "fpem/progressive_lambda_common": 0.0, "fpem/progressive_common_term": 0.0, "fpem/progressive_compactness_loss": 0.0, "fpem/progressive_consistency_loss": 0.0, "fpem/progressive_cluster_entropy": 0.0, "fpem/progressive_assignment_change_ratio": 0.0, "fpem/progressive_hungarian_overlap_score": 0.0, "fpem/progressive_partition_update_time_sec": 0.0, "fpem/progressive_routed_mae": 0.0, "fpem/progressive_gmm_environment_total_replaces_primary": 0.0, "fpem/env_route_count_head_0": 16.0, "fpem/env_route_oracle_count_head_0": 16.0, "fpem/route_count_env_head_0": 16.0, "fpem/route_soft_mean_expert_0": 1.0, "fpem/route_hard_count_expert_0": 16.0, "fpem/hard_count_expert_0": 16.0, "fpem/sinkhorn_soft_col_mass_expert_0": 0.0, "fpem/progressive_active_expert_0": 0.0, "fpem/progressive_cluster_size_0": 0.0, "fpem/progressive_cluster_ratio_0": 0.0, "fpem/progressive_cluster_to_expert_0": 0.0, "fpem/progressive_bic_k1": 0.0, "fpem/progressive_bic_score_k1": 0.0, "fpem/progressive_bic_rejected_k1": 0.0, "fpem/hyper_alpha_head_0": 0.0, "fpem/hyper_gamma_norm_head_0": 0.0, "fpem/hyper_beta_norm_head_0": 0.0, "fpem/expert_cross_mae_group_0_expert_0": 9.31812105178833, "fpem/load_expert_loss": 9.31812105178833, "fpem/hard_router_loss": 0.6535419435728164, "fpem/hard_router_target_env_ratio": 0.6636904761904762, "fpem/hard_router_predicted_env_ratio": 0.5059523809523809, "fpem/hard_router_effective_env_ratio": 0.5059523809523809, "fpem/hard_router_supervision_enabled": 1.0, "fpem/hard_router_warmup_active": 0.0, "fpem/load_level_assignment_detached": 1.0, "fpem/load_level_count_0": 1680.0, "fpem/load_level_ratio_0": 1.0, "fpem/expert_0_global_loss": 9.31812105178833, "fpem/expert_0_selected_loss": 9.31812105178833, "fpem/hard_router_margin_mean": 0.09556804214205061, "fpem/hard_router_gain_mean": 0.23868347647644225, "fpem/hard_router_class_weight_invariant": 1.7042479503722419, "fpem/hard_router_class_weight_environment": 0.7748332262039185, "fpem/expert_prediction_pairwise_difference": 0.0, "fpem/delta_pairwise_cosine": 0.0, "fpem/delta_pairwise_l1": 0.0, "fpem/delta_pairwise_l2": 0.0, "fpem/expert_0_parameter_norm": 15.507676769438245, "fpem/hard_binary_router_enabled": 1.0, "fpem/hard_router_uses_target_in_forward": 0.0, "fpem/stored_future_c_loaded": 0.0, "fpem/prediction_is_weighted_complete_fusion": 0.0, "fpem/future_mi_loss": 0.0, "fpem/future_mi_valid": 0.0, "fpem/future_mi_logvar_mean": 0.0, "fpem/future_mi_target_mode_env_encoder": 0.0, "fpem/swap_loss": 0.0, "fpem/swap_diff_loss": 0.0, "fpem/swap_same_loss": 0.0, "fpem/swap_gain_mean": 0.0, "fpem/swap_s_gain_mean": 0.0, "fpem/swap_fallback_router_loss": 0.0, "fpem/swap_fallback_q_mean": 0.0, "fpem/swap_prediction_delta": 0.0, "fpem/swap_route_delta": 0.0, "fpem/swap_hyper_alpha_delta": 0.0, "fpem/swap_hyper_delta_norm": 0.0, "fpem/loss_env_day": 0.0, "fpem/loss_env_hour": 0.0, "fpem/loss_env_rush": 0.0, "fpem/env_day_acc": 0.0, "fpem/env_hour_acc": 0.0, "fpem/env_rush_acc": 0.0, "fpem/loss_env_supcon": 0.0, "fpem/env_supcon_valid_pairs": 0.0, "fpem/loss_inv_env_adv": 0.0, "fpem/inv_day_acc": 0.0, "fpem/inv_hour_acc": 0.0, "fpem/inv_rush_acc": 0.0, "fpem/loss_cross_cov_sep": 0.0, "fpem/load_level_experts_enabled": 1.0, "fpem/load_level_uses_target_or_future_load": 0.0, "fpem/environment_gate_uses_target_in_forward": 0.0, "fpem/load_level_env_residual_scale": 0.0, "fpem/uses_cached_observable_load_prior": 1.0, "fpem/primary_loss": 8.926472273327056, "fpem/inv_pred_loss": 9.065719708942233, "fpem/primary_uses_route": 1.0, "fpem/primary_uses_env_fusion": 0.0, "fpem/backbone_agcrn": 1.0, "fpem/backbone_graphwavenet": 0.0, "fpem/backbone_staeformer": 0.0, "fpem/gc_pred_loss_only": 1.0, "fpem/env_route_head_mode_hyper_proto": 1.0, "fpem/fpem_force_uniform_route": 0.0, "fpem/hard_prediction_sinkhorn_total_replaces_primary": 0.0, "fpem/hard_prediction_environment_sinkhorn_total_replaces_primary": 0.0, "fpem/warmup_risk_sinkhorn_total_replaces_primary": 0.0, "fpem/lambda_club_mi": 0.0}}
EPOCH {"epoch": 12, "train_loss": 11.449837457566034, "val": {"loss": 11.357099241680569, "mae": 11.160728454589844, "mape": 0.2060273438692093}, "test_mixed": {"loss": NaN, "mae": NaN, "mape": NaN}, "test_workday": {"loss": NaN, "mae": NaN, "mape": NaN}, "test_holiday": {"loss": NaN, "mae": NaN, "mape": NaN}, "test_avg_mae": NaN, "lr": 0.001, "fpem_logs": {"fpem/fpem_env_use_exogenous": 1.0, "fpem/env_exogenous_available": 1.0, "fpem/env_exogenous_time_available": 1.0, "fpem/env_exogenous_load_available": 1.0, "fpem/env_exogenous_feature_dim": 32.0, "fpem/env_exogenous_embedding_norm": 2.7028001035962785, "fpem/env_exogenous_load_embedding_norm": 1.794371439161755, "fpem/env_rep_ablation_normal": 1.0, "fpem/env_rep_ablation_zero": 0.0, "fpem/env_rep_ablation_shuffle_batch": 0.0, "fpem/env_rep_ablation_mode_id": 0.0, "fpem/mask_loss": 0.0, "fpem/mask_sparse_loss": 0.0, "fpem/mask_entropy_loss": 0.0, "fpem/mask_mean": 1.0, "fpem/mask_entropy": 0.0, "fpem/mask_active_ratio": 1.0, "fpem/fusion_alpha_mean": 0.0, "fpem/fusion_alpha_std": 0.0, "fpem/fusion_alpha_min": 0.0, "fpem/fusion_alpha_max": 0.0, "fpem/env_route_loss": 2.522956518899827, "fpem/env_route_L_final": 8.924958347138904, "fpem/env_route_L_global": 0.0, "fpem/env_route_L_route_soft": 0.0, "fpem/env_route_L_expert": 9.315038681030273, "fpem/env_route_L_router_oracle": 0.6599487503369649, "fpem/env_route_L_balance": 0.0, "fpem/env_route_L_diverse": 0.0, "fpem/env_route_L_proto_align": 0.0, "fpem/env_route_entropy": 0.0, "fpem/env_route_q_max_mean": 0.0, "fpem/hyper_alpha_mean": 0.0, "fpem/hyper_delta_norm": 0.0, "fpem/hyper_route_proto_mode_uniform_warmup": 0.0, "fpem/hyper_route_proto_mode_uniform_fixed": 0.0, "fpem/hyper_route_proto_mode_sinkhorn": 0.0, "fpem/hyper_route_proto_mode_softmax": 0.0, "fpem/fallback_q_mean": 0.48988095238095236, "fpem/fallback_q_max": 0.0, "fpem/env_q_sum_mean": 0.5101190476190476, "fpem/oracle_fallback_rate": 0.0, "fpem/route_count_fallback": 0.0, "fpem/env_route_head_mode": 1.0, "fpem/route_entropy_mean": 0.0, "fpem/route_mean_distribution_entropy": 0.0, "fpem/effective_expert_number": 1.0, "fpem/max_expert_usage_ratio": 0.0, "fpem/min_expert_usage_ratio": 0.0, "fpem/prototype_pairwise_cosine": 0.0, "fpem/expert_prediction_pairwise_cosine": 0.0, "fpem/expert_collapse_warning": 0.0, "fpem/env_route_target_mode_env_prototype": 0.0, "fpem/env_route_target_mode_hybrid": 0.0, "fpem/env_route_hybrid_alpha": 0.0, "fpem/env_route_train_mode_warmup_risk_sinkhorn": 0.0, "fpem/warmup_risk_stage_warmup": 0.0, "fpem/warmup_risk_stage_soft": 0.0, "fpem/warmup_risk_stage_hard": 0.0, "fpem/warmup_risk_selected_loss": 0.0, "fpem/warmup_risk_uniform_common_loss": 0.0, "fpem/warmup_risk_lambda_common": 0.0, "fpem/warmup_risk_total_common_term": 0.0, "fpem/warmup_risk_temperature": 0.0, "fpem/warmup_risk_temperature_progress": 0.0, "fpem/uniform_expert_mae": 0.0, "fpem/risk_routed_mae": 0.0, "fpem/risk_prediction_mae": 0.0, "fpem/risk_loss": 0.0, "fpem/risk_ranking_loss": 0.0, "fpem/risk_ranking_accuracy": 0.0, "fpem/risk_oracle_argmin_accuracy": 0.0, "fpem/risk_router_temperature": 0.0, "fpem/risk_router_lambda": 0.0, "fpem/risk_router_pairwise_lambda": 0.0, "fpem/env_route_train_mode_progressive_gmm_environment": 0.0, "fpem/top_level_prediction_source_progressive_gmm_teacher_hard": 0.0, "fpem/progressive_assignment_uses_target_or_prediction_error": 0.0, "fpem/progressive_partition_ready": 0.0, "fpem/progressive_selected_k": 0.0, "fpem/progressive_active_expert_count": 0.0, "fpem/progressive_last_partition_epoch": 0.0, "fpem/progressive_lambda_common": 0.0, "fpem/progressive_common_term": 0.0, "fpem/progressive_compactness_loss": 0.0, "fpem/progressive_consistency_loss": 0.0, "fpem/progressive_cluster_entropy": 0.0, "fpem/progressive_assignment_change_ratio": 0.0, "fpem/progressive_hungarian_overlap_score": 0.0, "fpem/progressive_partition_update_time_sec": 0.0, "fpem/progressive_routed_mae": 0.0, "fpem/progressive_gmm_environment_total_replaces_primary": 0.0, "fpem/env_route_count_head_0": 16.0, "fpem/env_route_oracle_count_head_0": 16.0, "fpem/route_count_env_head_0": 16.0, "fpem/route_soft_mean_expert_0": 1.0, "fpem/route_hard_count_expert_0": 16.0, "fpem/hard_count_expert_0": 16.0, "fpem/sinkhorn_soft_col_mass_expert_0": 0.0, "fpem/progressive_active_expert_0": 0.0, "fpem/progressive_cluster_size_0": 0.0, "fpem/progressive_cluster_ratio_0": 0.0, "fpem/progressive_cluster_to_expert_0": 0.0, "fpem/progressive_bic_k1": 0.0, "fpem/progressive_bic_score_k1": 0.0, "fpem/progressive_bic_rejected_k1": 0.0, "fpem/hyper_alpha_head_0": 0.0, "fpem/hyper_gamma_norm_head_0": 0.0, "fpem/hyper_beta_norm_head_0": 0.0, "fpem/expert_cross_mae_group_0_expert_0": 9.315038681030273, "fpem/load_expert_loss": 9.315038681030273, "fpem/hard_router_loss": 0.6599487503369649, "fpem/hard_router_target_env_ratio": 0.656547619047619, "fpem/hard_router_predicted_env_ratio": 0.5101190476190476, "fpem/hard_router_effective_env_ratio": 0.5101190476190476, "fpem/hard_router_supervision_enabled": 1.0, "fpem/hard_router_warmup_active": 0.0, "fpem/load_level_assignment_detached": 1.0, "fpem/load_level_count_0": 1680.0, "fpem/load_level_ratio_0": 1.0, "fpem/expert_0_global_loss": 9.315038681030273, "fpem/expert_0_selected_loss": 9.315038681030273, "fpem/hard_router_margin_mean": 0.09556804228396643, "fpem/hard_router_gain_mean": 0.24176575953052157, "fpem/hard_router_class_weight_invariant": 1.6903703962053571, "fpem/hard_router_class_weight_environment": 0.7937829545566014, "fpem/expert_prediction_pairwise_difference": 0.0, "fpem/delta_pairwise_cosine": 0.0, "fpem/delta_pairwise_l1": 0.0, "fpem/delta_pairwise_l2": 0.0, "fpem/expert_0_parameter_norm": 15.546027574085054, "fpem/hard_binary_router_enabled": 1.0, "fpem/hard_router_uses_target_in_forward": 0.0, "fpem/stored_future_c_loaded": 0.0, "fpem/prediction_is_weighted_complete_fusion": 0.0, "fpem/future_mi_loss": 0.0, "fpem/future_mi_valid": 0.0, "fpem/future_mi_logvar_mean": 0.0, "fpem/future_mi_target_mode_env_encoder": 0.0, "fpem/swap_loss": 0.0, "fpem/swap_diff_loss": 0.0, "fpem/swap_same_loss": 0.0, "fpem/swap_gain_mean": 0.0, "fpem/swap_s_gain_mean": 0.0, "fpem/swap_fallback_router_loss": 0.0, "fpem/swap_fallback_q_mean": 0.0, "fpem/swap_prediction_delta": 0.0, "fpem/swap_route_delta": 0.0, "fpem/swap_hyper_alpha_delta": 0.0, "fpem/swap_hyper_delta_norm": 0.0, "fpem/loss_env_day": 0.0, "fpem/loss_env_hour": 0.0, "fpem/loss_env_rush": 0.0, "fpem/env_day_acc": 0.0, "fpem/env_hour_acc": 0.0, "fpem/env_rush_acc": 0.0, "fpem/loss_env_supcon": 0.0, "fpem/env_supcon_valid_pairs": 0.0, "fpem/loss_inv_env_adv": 0.0, "fpem/inv_day_acc": 0.0, "fpem/inv_hour_acc": 0.0, "fpem/inv_rush_acc": 0.0, "fpem/loss_cross_cov_sep": 0.0, "fpem/load_level_experts_enabled": 1.0, "fpem/load_level_uses_target_or_future_load": 0.0, "fpem/environment_gate_uses_target_in_forward": 0.0, "fpem/load_level_env_residual_scale": 0.0, "fpem/uses_cached_observable_load_prior": 1.0, "fpem/primary_loss": 8.924958347138904, "fpem/inv_pred_loss": 9.067177645365398, "fpem/primary_uses_route": 1.0, "fpem/primary_uses_env_fusion": 0.0, "fpem/backbone_agcrn": 1.0, "fpem/backbone_graphwavenet": 0.0, "fpem/backbone_staeformer": 0.0, "fpem/gc_pred_loss_only": 1.0, "fpem/env_route_head_mode_hyper_proto": 1.0, "fpem/fpem_force_uniform_route": 0.0, "fpem/hard_prediction_sinkhorn_total_replaces_primary": 0.0, "fpem/hard_prediction_environment_sinkhorn_total_replaces_primary": 0.0, "fpem/warmup_risk_sinkhorn_total_replaces_primary": 0.0, "fpem/lambda_club_mi": 0.0}}
EPOCH {"epoch": 13, "train_loss": 11.416466858273461, "val": {"loss": 11.329174836476644, "mae": 11.127941131591797, "mape": 0.19993560016155243}, "test_mixed": {"loss": NaN, "mae": NaN, "mape": NaN}, "test_workday": {"loss": NaN, "mae": NaN, "mape": NaN}, "test_holiday": {"loss": NaN, "mae": NaN, "mape": NaN}, "test_avg_mae": NaN, "lr": 0.001, "fpem_logs": {"fpem/fpem_env_use_exogenous": 1.0, "fpem/env_exogenous_available": 1.0, "fpem/env_exogenous_time_available": 1.0, "fpem/env_exogenous_load_available": 1.0, "fpem/env_exogenous_feature_dim": 32.0, "fpem/env_exogenous_embedding_norm": 2.707302193414597, "fpem/env_exogenous_load_embedding_norm": 1.8001228673117502, "fpem/env_rep_ablation_normal": 1.0, "fpem/env_rep_ablation_zero": 0.0, "fpem/env_rep_ablation_shuffle_batch": 0.0, "fpem/env_rep_ablation_mode_id": 0.0, "fpem/mask_loss": 0.0, "fpem/mask_sparse_loss": 0.0, "fpem/mask_entropy_loss": 0.0, "fpem/mask_mean": 1.0, "fpem/mask_entropy": 0.0, "fpem/mask_active_ratio": 1.0, "fpem/fusion_alpha_mean": 0.0, "fpem/fusion_alpha_std": 0.0, "fpem/fusion_alpha_min": 0.0, "fpem/fusion_alpha_max": 0.0, "fpem/env_route_loss": 2.5118506567818777, "fpem/env_route_L_final": 8.90853600274949, "fpem/env_route_L_global": 0.0, "fpem/env_route_L_route_soft": 0.0, "fpem/env_route_L_expert": 9.309163788386753, "fpem/env_route_L_router_oracle": 0.6500178654988606, "fpem/env_route_L_balance": 0.0, "fpem/env_route_L_diverse": 0.0, "fpem/env_route_L_proto_align": 0.0, "fpem/env_route_entropy": 0.0, "fpem/env_route_q_max_mean": 0.0, "fpem/hyper_alpha_mean": 0.0, "fpem/hyper_delta_norm": 0.0, "fpem/hyper_route_proto_mode_uniform_warmup": 0.0, "fpem/hyper_route_proto_mode_uniform_fixed": 0.0, "fpem/hyper_route_proto_mode_sinkhorn": 0.0, "fpem/hyper_route_proto_mode_softmax": 0.0, "fpem/fallback_q_mean": 0.49642857142857144, "fpem/fallback_q_max": 0.0, "fpem/env_q_sum_mean": 0.5035714285714286, "fpem/oracle_fallback_rate": 0.0, "fpem/route_count_fallback": 0.0, "fpem/env_route_head_mode": 1.0, "fpem/route_entropy_mean": 0.0, "fpem/route_mean_distribution_entropy": 0.0, "fpem/effective_expert_number": 1.0, "fpem/max_expert_usage_ratio": 0.0, "fpem/min_expert_usage_ratio": 0.0, "fpem/prototype_pairwise_cosine": 0.0, "fpem/expert_prediction_pairwise_cosine": 0.0, "fpem/expert_collapse_warning": 0.0, "fpem/env_route_target_mode_env_prototype": 0.0, "fpem/env_route_target_mode_hybrid": 0.0, "fpem/env_route_hybrid_alpha": 0.0, "fpem/env_route_train_mode_warmup_risk_sinkhorn": 0.0, "fpem/warmup_risk_stage_warmup": 0.0, "fpem/warmup_risk_stage_soft": 0.0, "fpem/warmup_risk_stage_hard": 0.0, "fpem/warmup_risk_selected_loss": 0.0, "fpem/warmup_risk_uniform_common_loss": 0.0, "fpem/warmup_risk_lambda_common": 0.0, "fpem/warmup_risk_total_common_term": 0.0, "fpem/warmup_risk_temperature": 0.0, "fpem/warmup_risk_temperature_progress": 0.0, "fpem/uniform_expert_mae": 0.0, "fpem/risk_routed_mae": 0.0, "fpem/risk_prediction_mae": 0.0, "fpem/risk_loss": 0.0, "fpem/risk_ranking_loss": 0.0, "fpem/risk_ranking_accuracy": 0.0, "fpem/risk_oracle_argmin_accuracy": 0.0, "fpem/risk_router_temperature": 0.0, "fpem/risk_router_lambda": 0.0, "fpem/risk_router_pairwise_lambda": 0.0, "fpem/env_route_train_mode_progressive_gmm_environment": 0.0, "fpem/top_level_prediction_source_progressive_gmm_teacher_hard": 0.0, "fpem/progressive_assignment_uses_target_or_prediction_error": 0.0, "fpem/progressive_partition_ready": 0.0, "fpem/progressive_selected_k": 0.0, "fpem/progressive_active_expert_count": 0.0, "fpem/progressive_last_partition_epoch": 0.0, "fpem/progressive_lambda_common": 0.0, "fpem/progressive_common_term": 0.0, "fpem/progressive_compactness_loss": 0.0, "fpem/progressive_consistency_loss": 0.0, "fpem/progressive_cluster_entropy": 0.0, "fpem/progressive_assignment_change_ratio": 0.0, "fpem/progressive_hungarian_overlap_score": 0.0, "fpem/progressive_partition_update_time_sec": 0.0, "fpem/progressive_routed_mae": 0.0, "fpem/progressive_gmm_environment_total_replaces_primary": 0.0, "fpem/env_route_count_head_0": 16.0, "fpem/env_route_oracle_count_head_0": 16.0, "fpem/route_count_env_head_0": 16.0, "fpem/route_soft_mean_expert_0": 1.0, "fpem/route_hard_count_expert_0": 16.0, "fpem/hard_count_expert_0": 16.0, "fpem/sinkhorn_soft_col_mass_expert_0": 0.0, "fpem/progressive_active_expert_0": 0.0, "fpem/progressive_cluster_size_0": 0.0, "fpem/progressive_cluster_ratio_0": 0.0, "fpem/progressive_cluster_to_expert_0": 0.0, "fpem/progressive_bic_k1": 0.0, "fpem/progressive_bic_score_k1": 0.0, "fpem/progressive_bic_rejected_k1": 0.0, "fpem/hyper_alpha_head_0": 0.0, "fpem/hyper_gamma_norm_head_0": 0.0, "fpem/hyper_beta_norm_head_0": 0.0, "fpem/expert_cross_mae_group_0_expert_0": 9.309163788386753, "fpem/load_expert_loss": 9.309163788386753, "fpem/hard_router_loss": 0.6500178654988606, "fpem/hard_router_target_env_ratio": 0.6529761904761905, "fpem/hard_router_predicted_env_ratio": 0.5035714285714286, "fpem/hard_router_effective_env_ratio": 0.5035714285714286, "fpem/hard_router_supervision_enabled": 1.0, "fpem/hard_router_warmup_active": 0.0, "fpem/load_level_assignment_detached": 1.0, "fpem/load_level_count_0": 1680.0, "fpem/load_level_ratio_0": 1.0, "fpem/expert_0_global_loss": 9.309163788386753, "fpem/expert_0_selected_loss": 9.309163788386753, "fpem/hard_router_margin_mean": 0.09556804249684016, "fpem/hard_router_gain_mean": 0.2476407655647823, "fpem/hard_router_class_weight_invariant": 1.7793499884151278, "fpem/hard_router_class_weight_environment": 0.7993911033584958, "fpem/expert_prediction_pairwise_difference": 0.0, "fpem/delta_pairwise_cosine": 0.0, "fpem/delta_pairwise_l1": 0.0, "fpem/delta_pairwise_l2": 0.0, "fpem/expert_0_parameter_norm": 15.58552299681164, "fpem/hard_binary_router_enabled": 1.0, "fpem/hard_router_uses_target_in_forward": 0.0, "fpem/stored_future_c_loaded": 0.0, "fpem/prediction_is_weighted_complete_fusion": 0.0, "fpem/future_mi_loss": 0.0, "fpem/future_mi_valid": 0.0, "fpem/future_mi_logvar_mean": 0.0, "fpem/future_mi_target_mode_env_encoder": 0.0, "fpem/swap_loss": 0.0, "fpem/swap_diff_loss": 0.0, "fpem/swap_same_loss": 0.0, "fpem/swap_gain_mean": 0.0, "fpem/swap_s_gain_mean": 0.0, "fpem/swap_fallback_router_loss": 0.0, "fpem/swap_fallback_q_mean": 0.0, "fpem/swap_prediction_delta": 0.0, "fpem/swap_route_delta": 0.0, "fpem/swap_hyper_alpha_delta": 0.0, "fpem/swap_hyper_delta_norm": 0.0, "fpem/loss_env_day": 0.0, "fpem/loss_env_hour": 0.0, "fpem/loss_env_rush": 0.0, "fpem/env_day_acc": 0.0, "fpem/env_hour_acc": 0.0, "fpem/env_rush_acc": 0.0, "fpem/loss_env_supcon": 0.0, "fpem/env_supcon_valid_pairs": 0.0, "fpem/loss_inv_env_adv": 0.0, "fpem/inv_day_acc": 0.0, "fpem/inv_hour_acc": 0.0, "fpem/inv_rush_acc": 0.0, "fpem/loss_cross_cov_sep": 0.0, "fpem/load_level_experts_enabled": 1.0, "fpem/load_level_uses_target_or_future_load": 0.0, "fpem/environment_gate_uses_target_in_forward": 0.0, "fpem/load_level_env_residual_scale": 0.0, "fpem/uses_cached_observable_load_prior": 1.0, "fpem/primary_loss": 8.90853600274949, "fpem/inv_pred_loss": 9.059404191516695, "fpem/primary_uses_route": 1.0, "fpem/primary_uses_env_fusion": 0.0, "fpem/backbone_agcrn": 1.0, "fpem/backbone_graphwavenet": 0.0, "fpem/backbone_staeformer": 0.0, "fpem/gc_pred_loss_only": 1.0, "fpem/env_route_head_mode_hyper_proto": 1.0, "fpem/fpem_force_uniform_route": 0.0, "fpem/hard_prediction_sinkhorn_total_replaces_primary": 0.0, "fpem/hard_prediction_environment_sinkhorn_total_replaces_primary": 0.0, "fpem/warmup_risk_sinkhorn_total_replaces_primary": 0.0, "fpem/lambda_club_mi": 0.0}}
EPOCH {"epoch": 14, "train_loss": 11.42532393137614, "val": {"loss": 11.37878942489624, "mae": 11.176854133605957, "mape": 0.20780247449874878}, "test_mixed": {"loss": NaN, "mae": NaN, "mape": NaN}, "test_workday": {"loss": NaN, "mae": NaN, "mape": NaN}, "test_holiday": {"loss": NaN, "mae": NaN, "mape": NaN}, "test_avg_mae": NaN, "lr": 0.001, "fpem_logs": {"fpem/fpem_env_use_exogenous": 1.0, "fpem/env_exogenous_available": 1.0, "fpem/env_exogenous_time_available": 1.0, "fpem/env_exogenous_load_available": 1.0, "fpem/env_exogenous_feature_dim": 32.0, "fpem/env_exogenous_embedding_norm": 2.7146566436404274, "fpem/env_exogenous_load_embedding_norm": 1.8080592178163075, "fpem/env_rep_ablation_normal": 1.0, "fpem/env_rep_ablation_zero": 0.0, "fpem/env_rep_ablation_shuffle_batch": 0.0, "fpem/env_rep_ablation_mode_id": 0.0, "fpem/mask_loss": 0.0, "fpem/mask_sparse_loss": 0.0, "fpem/mask_entropy_loss": 0.0, "fpem/mask_mean": 1.0, "fpem/mask_entropy": 0.0, "fpem/mask_active_ratio": 1.0, "fpem/fusion_alpha_mean": 0.0, "fpem/fusion_alpha_std": 0.0, "fpem/fusion_alpha_min": 0.0, "fpem/fusion_alpha_max": 0.0, "fpem/env_route_loss": 2.5121009304409934, "fpem/env_route_L_final": 8.912154238564627, "fpem/env_route_L_global": 0.0, "fpem/env_route_L_route_soft": 0.0, "fpem/env_route_L_expert": 9.30970085234869, "fpem/env_route_L_router_oracle": 0.6501607236408052, "fpem/env_route_L_balance": 0.0, "fpem/env_route_L_diverse": 0.0, "fpem/env_route_L_proto_align": 0.0, "fpem/env_route_entropy": 0.0, "fpem/env_route_q_max_mean": 0.0, "fpem/hyper_alpha_mean": 0.0, "fpem/hyper_delta_norm": 0.0, "fpem/hyper_route_proto_mode_uniform_warmup": 0.0, "fpem/hyper_route_proto_mode_uniform_fixed": 0.0, "fpem/hyper_route_proto_mode_sinkhorn": 0.0, "fpem/hyper_route_proto_mode_softmax": 0.0, "fpem/fallback_q_mean": 0.46964285714285714, "fpem/fallback_q_max": 0.0, "fpem/env_q_sum_mean": 0.5303571428571429, "fpem/oracle_fallback_rate": 0.0, "fpem/route_count_fallback": 0.0, "fpem/env_route_head_mode": 1.0, "fpem/route_entropy_mean": 0.0, "fpem/route_mean_distribution_entropy": 0.0, "fpem/effective_expert_number": 1.0, "fpem/max_expert_usage_ratio": 0.0, "fpem/min_expert_usage_ratio": 0.0, "fpem/prototype_pairwise_cosine": 0.0, "fpem/expert_prediction_pairwise_cosine": 0.0, "fpem/expert_collapse_warning": 0.0, "fpem/env_route_target_mode_env_prototype": 0.0, "fpem/env_route_target_mode_hybrid": 0.0, "fpem/env_route_hybrid_alpha": 0.0, "fpem/env_route_train_mode_warmup_risk_sinkhorn": 0.0, "fpem/warmup_risk_stage_warmup": 0.0, "fpem/warmup_risk_stage_soft": 0.0, "fpem/warmup_risk_stage_hard": 0.0, "fpem/warmup_risk_selected_loss": 0.0, "fpem/warmup_risk_uniform_common_loss": 0.0, "fpem/warmup_risk_lambda_common": 0.0, "fpem/warmup_risk_total_common_term": 0.0, "fpem/warmup_risk_temperature": 0.0, "fpem/warmup_risk_temperature_progress": 0.0, "fpem/uniform_expert_mae": 0.0, "fpem/risk_routed_mae": 0.0, "fpem/risk_prediction_mae": 0.0, "fpem/risk_loss": 0.0, "fpem/risk_ranking_loss": 0.0, "fpem/risk_ranking_accuracy": 0.0, "fpem/risk_oracle_argmin_accuracy": 0.0, "fpem/risk_router_temperature": 0.0, "fpem/risk_router_lambda": 0.0, "fpem/risk_router_pairwise_lambda": 0.0, "fpem/env_route_train_mode_progressive_gmm_environment": 0.0, "fpem/top_level_prediction_source_progressive_gmm_teacher_hard": 0.0, "fpem/progressive_assignment_uses_target_or_prediction_error": 0.0, "fpem/progressive_partition_ready": 0.0, "fpem/progressive_selected_k": 0.0, "fpem/progressive_active_expert_count": 0.0, "fpem/progressive_last_partition_epoch": 0.0, "fpem/progressive_lambda_common": 0.0, "fpem/progressive_common_term": 0.0, "fpem/progressive_compactness_loss": 0.0, "fpem/progressive_consistency_loss": 0.0, "fpem/progressive_cluster_entropy": 0.0, "fpem/progressive_assignment_change_ratio": 0.0, "fpem/progressive_hungarian_overlap_score": 0.0, "fpem/progressive_partition_update_time_sec": 0.0, "fpem/progressive_routed_mae": 0.0, "fpem/progressive_gmm_environment_total_replaces_primary": 0.0, "fpem/env_route_count_head_0": 16.0, "fpem/env_route_oracle_count_head_0": 16.0, "fpem/route_count_env_head_0": 16.0, "fpem/route_soft_mean_expert_0": 1.0, "fpem/route_hard_count_expert_0": 16.0, "fpem/hard_count_expert_0": 16.0, "fpem/sinkhorn_soft_col_mass_expert_0": 0.0, "fpem/progressive_active_expert_0": 0.0, "fpem/progressive_cluster_size_0": 0.0, "fpem/progressive_cluster_ratio_0": 0.0, "fpem/progressive_cluster_to_expert_0": 0.0, "fpem/progressive_bic_k1": 0.0, "fpem/progressive_bic_score_k1": 0.0, "fpem/progressive_bic_rejected_k1": 0.0, "fpem/hyper_alpha_head_0": 0.0, "fpem/hyper_gamma_norm_head_0": 0.0, "fpem/hyper_beta_norm_head_0": 0.0, "fpem/expert_cross_mae_group_0_expert_0": 9.30970085234869, "fpem/load_expert_loss": 9.30970085234869, "fpem/hard_router_loss": 0.6501607236408052, "fpem/hard_router_target_env_ratio": 0.6517857142857143, "fpem/hard_router_predicted_env_ratio": 0.5303571428571429, "fpem/hard_router_effective_env_ratio": 0.5303571428571429, "fpem/hard_router_supervision_enabled": 1.0, "fpem/hard_router_warmup_active": 0.0, "fpem/load_level_assignment_detached": 1.0, "fpem/load_level_count_0": 1680.0, "fpem/load_level_ratio_0": 1.0, "fpem/expert_0_global_loss": 9.30970085234869, "fpem/expert_0_selected_loss": 9.30970085234869, "fpem/hard_router_margin_mean": 0.09556804221300852, "fpem/hard_router_gain_mean": 0.24710363107068198, "fpem/hard_router_class_weight_invariant": 1.6280574764524187, "fpem/hard_router_class_weight_environment": 0.7928317353838966, "fpem/expert_prediction_pairwise_difference": 0.0, "fpem/delta_pairwise_cosine": 0.0, "fpem/delta_pairwise_l1": 0.0, "fpem/delta_pairwise_l2": 0.0, "fpem/expert_0_parameter_norm": 15.626269049871535, "fpem/hard_binary_router_enabled": 1.0, "fpem/hard_router_uses_target_in_forward": 0.0, "fpem/stored_future_c_loaded": 0.0, "fpem/prediction_is_weighted_complete_fusion": 0.0, "fpem/future_mi_loss": 0.0, "fpem/future_mi_valid": 0.0, "fpem/future_mi_logvar_mean": 0.0, "fpem/future_mi_target_mode_env_encoder": 0.0, "fpem/swap_loss": 0.0, "fpem/swap_diff_loss": 0.0, "fpem/swap_same_loss": 0.0, "fpem/swap_gain_mean": 0.0, "fpem/swap_s_gain_mean": 0.0, "fpem/swap_fallback_router_loss": 0.0, "fpem/swap_fallback_q_mean": 0.0, "fpem/swap_prediction_delta": 0.0, "fpem/swap_route_delta": 0.0, "fpem/swap_hyper_alpha_delta": 0.0, "fpem/swap_hyper_delta_norm": 0.0, "fpem/loss_env_day": 0.0, "fpem/loss_env_hour": 0.0, "fpem/loss_env_rush": 0.0, "fpem/env_day_acc": 0.0, "fpem/env_hour_acc": 0.0, "fpem/env_rush_acc": 0.0, "fpem/loss_env_supcon": 0.0, "fpem/env_supcon_valid_pairs": 0.0, "fpem/loss_inv_env_adv": 0.0, "fpem/inv_day_acc": 0.0, "fpem/inv_hour_acc": 0.0, "fpem/inv_rush_acc": 0.0, "fpem/loss_cross_cov_sep": 0.0, "fpem/load_level_experts_enabled": 1.0, "fpem/load_level_uses_target_or_future_load": 0.0, "fpem/environment_gate_uses_target_in_forward": 0.0, "fpem/load_level_env_residual_scale": 0.0, "fpem/uses_cached_observable_load_prior": 1.0, "fpem/primary_loss": 8.912154238564627, "fpem/inv_pred_loss": 9.069639487493605, "fpem/primary_uses_route": 1.0, "fpem/primary_uses_env_fusion": 0.0, "fpem/backbone_agcrn": 1.0, "fpem/backbone_graphwavenet": 0.0, "fpem/backbone_staeformer": 0.0, "fpem/gc_pred_loss_only": 1.0, "fpem/env_route_head_mode_hyper_proto": 1.0, "fpem/fpem_force_uniform_route": 0.0, "fpem/hard_prediction_sinkhorn_total_replaces_primary": 0.0, "fpem/hard_prediction_environment_sinkhorn_total_replaces_primary": 0.0, "fpem/warmup_risk_sinkhorn_total_replaces_primary": 0.0, "fpem/lambda_club_mi": 0.0}}
EPOCH {"epoch": 15, "train_loss": 11.423749142601377, "val": {"loss": 11.371079789267647, "mae": 11.172955513000488, "mape": 0.20510588586330414}, "test_mixed": {"loss": NaN, "mae": NaN, "mape": NaN}, "test_workday": {"loss": NaN, "mae": NaN, "mape": NaN}, "test_holiday": {"loss": NaN, "mae": NaN, "mape": NaN}, "test_avg_mae": NaN, "lr": 0.001, "fpem_logs": {"fpem/fpem_env_use_exogenous": 1.0, "fpem/env_exogenous_available": 1.0, "fpem/env_exogenous_time_available": 1.0, "fpem/env_exogenous_load_available": 1.0, "fpem/env_exogenous_feature_dim": 32.0, "fpem/env_exogenous_embedding_norm": 2.731079505738758, "fpem/env_exogenous_load_embedding_norm": 1.8189458563214256, "fpem/env_rep_ablation_normal": 1.0, "fpem/env_rep_ablation_zero": 0.0, "fpem/env_rep_ablation_shuffle_batch": 0.0, "fpem/env_rep_ablation_mode_id": 0.0, "fpem/mask_loss": 0.0, "fpem/mask_sparse_loss": 0.0, "fpem/mask_entropy_loss": 0.0, "fpem/mask_mean": 1.0, "fpem/mask_entropy": 0.0, "fpem/mask_active_ratio": 1.0, "fpem/fusion_alpha_mean": 0.0, "fpem/fusion_alpha_std": 0.0, "fpem/fusion_alpha_min": 0.0, "fpem/fusion_alpha_max": 0.0, "fpem/env_route_loss": 2.5067882560548327, "fpem/env_route_L_final": 8.915901224953787, "fpem/env_route_L_global": 0.0, "fpem/env_route_L_route_soft": 0.0, "fpem/env_route_L_expert": 9.297204903193883, "fpem/env_route_L_router_oracle": 0.6473472592376527, "fpem/env_route_L_balance": 0.0, "fpem/env_route_L_diverse": 0.0, "fpem/env_route_L_proto_align": 0.0, "fpem/env_route_entropy": 0.0, "fpem/env_route_q_max_mean": 0.0, "fpem/hyper_alpha_mean": 0.0, "fpem/hyper_delta_norm": 0.0, "fpem/hyper_route_proto_mode_uniform_warmup": 0.0, "fpem/hyper_route_proto_mode_uniform_fixed": 0.0, "fpem/hyper_route_proto_mode_sinkhorn": 0.0, "fpem/hyper_route_proto_mode_softmax": 0.0, "fpem/fallback_q_mean": 0.4785714285714286, "fpem/fallback_q_max": 0.0, "fpem/env_q_sum_mean": 0.5214285714285715, "fpem/oracle_fallback_rate": 0.0, "fpem/route_count_fallback": 0.0, "fpem/env_route_head_mode": 1.0, "fpem/route_entropy_mean": 0.0, "fpem/route_mean_distribution_entropy": 0.0, "fpem/effective_expert_number": 1.0, "fpem/max_expert_usage_ratio": 0.0, "fpem/min_expert_usage_ratio": 0.0, "fpem/prototype_pairwise_cosine": 0.0, "fpem/expert_prediction_pairwise_cosine": 0.0, "fpem/expert_collapse_warning": 0.0, "fpem/env_route_target_mode_env_prototype": 0.0, "fpem/env_route_target_mode_hybrid": 0.0, "fpem/env_route_hybrid_alpha": 0.0, "fpem/env_route_train_mode_warmup_risk_sinkhorn": 0.0, "fpem/warmup_risk_stage_warmup": 0.0, "fpem/warmup_risk_stage_soft": 0.0, "fpem/warmup_risk_stage_hard": 0.0, "fpem/warmup_risk_selected_loss": 0.0, "fpem/warmup_risk_uniform_common_loss": 0.0, "fpem/warmup_risk_lambda_common": 0.0, "fpem/warmup_risk_total_common_term": 0.0, "fpem/warmup_risk_temperature": 0.0, "fpem/warmup_risk_temperature_progress": 0.0, "fpem/uniform_expert_mae": 0.0, "fpem/risk_routed_mae": 0.0, "fpem/risk_prediction_mae": 0.0, "fpem/risk_loss": 0.0, "fpem/risk_ranking_loss": 0.0, "fpem/risk_ranking_accuracy": 0.0, "fpem/risk_oracle_argmin_accuracy": 0.0, "fpem/risk_router_temperature": 0.0, "fpem/risk_router_lambda": 0.0, "fpem/risk_router_pairwise_lambda": 0.0, "fpem/env_route_train_mode_progressive_gmm_environment": 0.0, "fpem/top_level_prediction_source_progressive_gmm_teacher_hard": 0.0, "fpem/progressive_assignment_uses_target_or_prediction_error": 0.0, "fpem/progressive_partition_ready": 0.0, "fpem/progressive_selected_k": 0.0, "fpem/progressive_active_expert_count": 0.0, "fpem/progressive_last_partition_epoch": 0.0, "fpem/progressive_lambda_common": 0.0, "fpem/progressive_common_term": 0.0, "fpem/progressive_compactness_loss": 0.0, "fpem/progressive_consistency_loss": 0.0, "fpem/progressive_cluster_entropy": 0.0, "fpem/progressive_assignment_change_ratio": 0.0, "fpem/progressive_hungarian_overlap_score": 0.0, "fpem/progressive_partition_update_time_sec": 0.0, "fpem/progressive_routed_mae": 0.0, "fpem/progressive_gmm_environment_total_replaces_primary": 0.0, "fpem/env_route_count_head_0": 16.0, "fpem/env_route_oracle_count_head_0": 16.0, "fpem/route_count_env_head_0": 16.0, "fpem/route_soft_mean_expert_0": 1.0, "fpem/route_hard_count_expert_0": 16.0, "fpem/hard_count_expert_0": 16.0, "fpem/sinkhorn_soft_col_mass_expert_0": 0.0, "fpem/progressive_active_expert_0": 0.0, "fpem/progressive_cluster_size_0": 0.0, "fpem/progressive_cluster_ratio_0": 0.0, "fpem/progressive_cluster_to_expert_0": 0.0, "fpem/progressive_bic_k1": 0.0, "fpem/progressive_bic_score_k1": 0.0, "fpem/progressive_bic_rejected_k1": 0.0, "fpem/hyper_alpha_head_0": 0.0, "fpem/hyper_gamma_norm_head_0": 0.0, "fpem/hyper_beta_norm_head_0": 0.0, "fpem/expert_cross_mae_group_0_expert_0": 9.297204903193883, "fpem/load_expert_loss": 9.297204903193883, "fpem/hard_router_loss": 0.6473472592376527, "fpem/hard_router_target_env_ratio": 0.6672619047619047, "fpem/hard_router_predicted_env_ratio": 0.5214285714285715, "fpem/hard_router_effective_env_ratio": 0.5214285714285715, "fpem/hard_router_supervision_enabled": 1.0, "fpem/hard_router_warmup_active": 0.0, "fpem/load_level_assignment_detached": 1.0, "fpem/load_level_count_0": 1680.0, "fpem/load_level_ratio_0": 1.0, "fpem/expert_0_global_loss": 9.297204903193883, "fpem/expert_0_selected_loss": 9.297204903193883, "fpem/hard_router_margin_mean": 0.09556804235492433, "fpem/hard_router_gain_mean": 0.2595995190597716, "fpem/hard_router_class_weight_invariant": 1.7849131067593893, "fpem/hard_router_class_weight_environment": 0.7731096579915001, "fpem/expert_prediction_pairwise_difference": 0.0, "fpem/delta_pairwise_cosine": 0.0, "fpem/delta_pairwise_l1": 0.0, "fpem/delta_pairwise_l2": 0.0, "fpem/expert_0_parameter_norm": 15.668157377697172, "fpem/hard_binary_router_enabled": 1.0, "fpem/hard_router_uses_target_in_forward": 0.0, "fpem/stored_future_c_loaded": 0.0, "fpem/prediction_is_weighted_complete_fusion": 0.0, "fpem/future_mi_loss": 0.0, "fpem/future_mi_valid": 0.0, "fpem/future_mi_logvar_mean": 0.0, "fpem/future_mi_target_mode_env_encoder": 0.0, "fpem/swap_loss": 0.0, "fpem/swap_diff_loss": 0.0, "fpem/swap_same_loss": 0.0, "fpem/swap_gain_mean": 0.0, "fpem/swap_s_gain_mean": 0.0, "fpem/swap_fallback_router_loss": 0.0, "fpem/swap_fallback_q_mean": 0.0, "fpem/swap_prediction_delta": 0.0, "fpem/swap_route_delta": 0.0, "fpem/swap_hyper_alpha_delta": 0.0, "fpem/swap_hyper_delta_norm": 0.0, "fpem/loss_env_day": 0.0, "fpem/loss_env_hour": 0.0, "fpem/loss_env_rush": 0.0, "fpem/env_day_acc": 0.0, "fpem/env_hour_acc": 0.0, "fpem/env_rush_acc": 0.0, "fpem/loss_env_supcon": 0.0, "fpem/env_supcon_valid_pairs": 0.0, "fpem/loss_inv_env_adv": 0.0, "fpem/inv_day_acc": 0.0, "fpem/inv_hour_acc": 0.0, "fpem/inv_rush_acc": 0.0, "fpem/loss_cross_cov_sep": 0.0, "fpem/load_level_experts_enabled": 1.0, "fpem/load_level_uses_target_or_future_load": 0.0, "fpem/environment_gate_uses_target_in_forward": 0.0, "fpem/load_level_env_residual_scale": 0.0, "fpem/uses_cached_observable_load_prior": 1.0, "fpem/primary_loss": 8.915901224953787, "fpem/inv_pred_loss": 9.071007101876395, "fpem/primary_uses_route": 1.0, "fpem/primary_uses_env_fusion": 0.0, "fpem/backbone_agcrn": 1.0, "fpem/backbone_graphwavenet": 0.0, "fpem/backbone_staeformer": 0.0, "fpem/gc_pred_loss_only": 1.0, "fpem/env_route_head_mode_hyper_proto": 1.0, "fpem/fpem_force_uniform_route": 0.0, "fpem/hard_prediction_sinkhorn_total_replaces_primary": 0.0, "fpem/hard_prediction_environment_sinkhorn_total_replaces_primary": 0.0, "fpem/warmup_risk_sinkhorn_total_replaces_primary": 0.0, "fpem/lambda_club_mi": 0.0}}
EPOCH {"epoch": 16, "train_loss": 11.412958808172316, "val": {"loss": 11.357652611202663, "mae": 11.160581588745117, "mape": 0.20482134819030762}, "test_mixed": {"loss": NaN, "mae": NaN, "mape": NaN}, "test_workday": {"loss": NaN, "mae": NaN, "mape": NaN}, "test_holiday": {"loss": NaN, "mae": NaN, "mape": NaN}, "test_avg_mae": NaN, "lr": 0.001, "fpem_logs": {"fpem/fpem_env_use_exogenous": 1.0, "fpem/env_exogenous_available": 1.0, "fpem/env_exogenous_time_available": 1.0, "fpem/env_exogenous_load_available": 1.0, "fpem/env_exogenous_feature_dim": 32.0, "fpem/env_exogenous_embedding_norm": 2.7369003205072313, "fpem/env_exogenous_load_embedding_norm": 1.8284220457077027, "fpem/env_rep_ablation_normal": 1.0, "fpem/env_rep_ablation_zero": 0.0, "fpem/env_rep_ablation_shuffle_batch": 0.0, "fpem/env_rep_ablation_mode_id": 0.0, "fpem/mask_loss": 0.0, "fpem/mask_sparse_loss": 0.0, "fpem/mask_entropy_loss": 0.0, "fpem/mask_mean": 1.0, "fpem/mask_entropy": 0.0, "fpem/mask_active_ratio": 1.0, "fpem/fusion_alpha_mean": 0.0, "fpem/fusion_alpha_std": 0.0, "fpem/fusion_alpha_min": 0.0, "fpem/fusion_alpha_max": 0.0, "fpem/env_route_loss": 2.5055684611910864, "fpem/env_route_L_final": 8.90300504593622, "fpem/env_route_L_global": 0.0, "fpem/env_route_L_route_soft": 0.0, "fpem/env_route_L_expert": 9.29131639571417, "fpem/env_route_L_router_oracle": 0.647305142879486, "fpem/env_route_L_balance": 0.0, "fpem/env_route_L_diverse": 0.0, "fpem/env_route_L_proto_align": 0.0, "fpem/env_route_entropy": 0.0, "fpem/env_route_q_max_mean": 0.0, "fpem/hyper_alpha_mean": 0.0, "fpem/hyper_delta_norm": 0.0, "fpem/hyper_route_proto_mode_uniform_warmup": 0.0, "fpem/hyper_route_proto_mode_uniform_fixed": 0.0, "fpem/hyper_route_proto_mode_sinkhorn": 0.0, "fpem/hyper_route_proto_mode_softmax": 0.0, "fpem/fallback_q_mean": 0.4857142857142857, "fpem/fallback_q_max": 0.0, "fpem/env_q_sum_mean": 0.5142857142857142, "fpem/oracle_fallback_rate": 0.0, "fpem/route_count_fallback": 0.0, "fpem/env_route_head_mode": 1.0, "fpem/route_entropy_mean": 0.0, "fpem/route_mean_distribution_entropy": 0.0, "fpem/effective_expert_number": 1.0, "fpem/max_expert_usage_ratio": 0.0, "fpem/min_expert_usage_ratio": 0.0, "fpem/prototype_pairwise_cosine": 0.0, "fpem/expert_prediction_pairwise_cosine": 0.0, "fpem/expert_collapse_warning": 0.0, "fpem/env_route_target_mode_env_prototype": 0.0, "fpem/env_route_target_mode_hybrid": 0.0, "fpem/env_route_hybrid_alpha": 0.0, "fpem/env_route_train_mode_warmup_risk_sinkhorn": 0.0, "fpem/warmup_risk_stage_warmup": 0.0, "fpem/warmup_risk_stage_soft": 0.0, "fpem/warmup_risk_stage_hard": 0.0, "fpem/warmup_risk_selected_loss": 0.0, "fpem/warmup_risk_uniform_common_loss": 0.0, "fpem/warmup_risk_lambda_common": 0.0, "fpem/warmup_risk_total_common_term": 0.0, "fpem/warmup_risk_temperature": 0.0, "fpem/warmup_risk_temperature_progress": 0.0, "fpem/uniform_expert_mae": 0.0, "fpem/risk_routed_mae": 0.0, "fpem/risk_prediction_mae": 0.0, "fpem/risk_loss": 0.0, "fpem/risk_ranking_loss": 0.0, "fpem/risk_ranking_accuracy": 0.0, "fpem/risk_oracle_argmin_accuracy": 0.0, "fpem/risk_router_temperature": 0.0, "fpem/risk_router_lambda": 0.0, "fpem/risk_router_pairwise_lambda": 0.0, "fpem/env_route_train_mode_progressive_gmm_environment": 0.0, "fpem/top_level_prediction_source_progressive_gmm_teacher_hard": 0.0, "fpem/progressive_assignment_uses_target_or_prediction_error": 0.0, "fpem/progressive_partition_ready": 0.0, "fpem/progressive_selected_k": 0.0, "fpem/progressive_active_expert_count": 0.0, "fpem/progressive_last_partition_epoch": 0.0, "fpem/progressive_lambda_common": 0.0, "fpem/progressive_common_term": 0.0, "fpem/progressive_compactness_loss": 0.0, "fpem/progressive_consistency_loss": 0.0, "fpem/progressive_cluster_entropy": 0.0, "fpem/progressive_assignment_change_ratio": 0.0, "fpem/progressive_hungarian_overlap_score": 0.0, "fpem/progressive_partition_update_time_sec": 0.0, "fpem/progressive_routed_mae": 0.0, "fpem/progressive_gmm_environment_total_replaces_primary": 0.0, "fpem/env_route_count_head_0": 16.0, "fpem/env_route_oracle_count_head_0": 16.0, "fpem/route_count_env_head_0": 16.0, "fpem/route_soft_mean_expert_0": 1.0, "fpem/route_hard_count_expert_0": 16.0, "fpem/hard_count_expert_0": 16.0, "fpem/sinkhorn_soft_col_mass_expert_0": 0.0, "fpem/progressive_active_expert_0": 0.0, "fpem/progressive_cluster_size_0": 0.0, "fpem/progressive_cluster_ratio_0": 0.0, "fpem/progressive_cluster_to_expert_0": 0.0, "fpem/progressive_bic_k1": 0.0, "fpem/progressive_bic_score_k1": 0.0, "fpem/progressive_bic_rejected_k1": 0.0, "fpem/hyper_alpha_head_0": 0.0, "fpem/hyper_gamma_norm_head_0": 0.0, "fpem/hyper_beta_norm_head_0": 0.0, "fpem/expert_cross_mae_group_0_expert_0": 9.29131639571417, "fpem/load_expert_loss": 9.29131639571417, "fpem/hard_router_loss": 0.647305142879486, "fpem/hard_router_target_env_ratio": 0.6761904761904762, "fpem/hard_router_predicted_env_ratio": 0.5142857142857142, "fpem/hard_router_effective_env_ratio": 0.5142857142857142, "fpem/hard_router_supervision_enabled": 1.0, "fpem/hard_router_warmup_active": 0.0, "fpem/load_level_assignment_detached": 1.0, "fpem/load_level_count_0": 1680.0, "fpem/load_level_ratio_0": 1.0, "fpem/expert_0_global_loss": 9.29131639571417, "fpem/expert_0_selected_loss": 9.29131639571417, "fpem/hard_router_margin_mean": 0.09556804320641926, "fpem/hard_router_gain_mean": 0.2654880647148405, "fpem/hard_router_class_weight_invariant": 1.784127011753264, "fpem/hard_router_class_weight_environment": 0.7590602170853388, "fpem/expert_prediction_pairwise_difference": 0.0, "fpem/delta_pairwise_cosine": 0.0, "fpem/delta_pairwise_l1": 0.0, "fpem/delta_pairwise_l2": 0.0, "fpem/expert_0_parameter_norm": 15.69839901697068, "fpem/hard_binary_router_enabled": 1.0, "fpem/hard_router_uses_target_in_forward": 0.0, "fpem/stored_future_c_loaded": 0.0, "fpem/prediction_is_weighted_complete_fusion": 0.0, "fpem/future_mi_loss": 0.0, "fpem/future_mi_valid": 0.0, "fpem/future_mi_logvar_mean": 0.0, "fpem/future_mi_target_mode_env_encoder": 0.0, "fpem/swap_loss": 0.0, "fpem/swap_diff_loss": 0.0, "fpem/swap_same_loss": 0.0, "fpem/swap_gain_mean": 0.0, "fpem/swap_s_gain_mean": 0.0, "fpem/swap_fallback_router_loss": 0.0, "fpem/swap_fallback_q_mean": 0.0, "fpem/swap_prediction_delta": 0.0, "fpem/swap_route_delta": 0.0, "fpem/swap_hyper_alpha_delta": 0.0, "fpem/swap_hyper_delta_norm": 0.0, "fpem/loss_env_day": 0.0, "fpem/loss_env_hour": 0.0, "fpem/loss_env_rush": 0.0, "fpem/env_day_acc": 0.0, "fpem/env_hour_acc": 0.0, "fpem/env_rush_acc": 0.0, "fpem/loss_env_supcon": 0.0, "fpem/env_supcon_valid_pairs": 0.0, "fpem/loss_inv_env_adv": 0.0, "fpem/inv_day_acc": 0.0, "fpem/inv_hour_acc": 0.0, "fpem/inv_rush_acc": 0.0, "fpem/loss_cross_cov_sep": 0.0, "fpem/load_level_experts_enabled": 1.0, "fpem/load_level_uses_target_or_future_load": 0.0, "fpem/environment_gate_uses_target_in_forward": 0.0, "fpem/load_level_env_residual_scale": 0.0, "fpem/uses_cached_observable_load_prior": 1.0, "fpem/primary_loss": 8.90300504593622, "fpem/inv_pred_loss": 9.063542970021565, "fpem/primary_uses_route": 1.0, "fpem/primary_uses_env_fusion": 0.0, "fpem/backbone_agcrn": 1.0, "fpem/backbone_graphwavenet": 0.0, "fpem/backbone_staeformer": 0.0, "fpem/gc_pred_loss_only": 1.0, "fpem/env_route_head_mode_hyper_proto": 1.0, "fpem/fpem_force_uniform_route": 0.0, "fpem/hard_prediction_sinkhorn_total_replaces_primary": 0.0, "fpem/hard_prediction_environment_sinkhorn_total_replaces_primary": 0.0, "fpem/warmup_risk_sinkhorn_total_replaces_primary": 0.0, "fpem/lambda_club_mi": 0.0}}
EPOCH {"epoch": 17, "train_loss": 11.399526723225911, "val": {"loss": 11.343813684251574, "mae": 11.152276039123535, "mape": 0.20034341514110565}, "test_mixed": {"loss": NaN, "mae": NaN, "mape": NaN}, "test_workday": {"loss": NaN, "mae": NaN, "mape": NaN}, "test_holiday": {"loss": NaN, "mae": NaN, "mape": NaN}, "test_avg_mae": NaN, "lr": 0.001, "fpem_logs": {"fpem/fpem_env_use_exogenous": 1.0, "fpem/env_exogenous_available": 1.0, "fpem/env_exogenous_time_available": 1.0, "fpem/env_exogenous_load_available": 1.0, "fpem/env_exogenous_feature_dim": 32.0, "fpem/env_exogenous_embedding_norm": 2.7550324667067754, "fpem/env_exogenous_load_embedding_norm": 1.8344259489150274, "fpem/env_rep_ablation_normal": 1.0, "fpem/env_rep_ablation_zero": 0.0, "fpem/env_rep_ablation_shuffle_batch": 0.0, "fpem/env_rep_ablation_mode_id": 0.0, "fpem/mask_loss": 0.0, "fpem/mask_sparse_loss": 0.0, "fpem/mask_entropy_loss": 0.0, "fpem/mask_mean": 1.0, "fpem/mask_entropy": 0.0, "fpem/mask_active_ratio": 1.0, "fpem/fusion_alpha_mean": 0.0, "fpem/fusion_alpha_std": 0.0, "fpem/fusion_alpha_min": 0.0, "fpem/fusion_alpha_max": 0.0, "fpem/env_route_loss": 2.497596513657343, "fpem/env_route_L_final": 8.905501447405134, "fpem/env_route_L_global": 0.0, "fpem/env_route_L_route_soft": 0.0, "fpem/env_route_L_expert": 9.288805116925921, "fpem/env_route_L_router_oracle": 0.6398354689280192, "fpem/env_route_L_balance": 0.0, "fpem/env_route_L_diverse": 0.0, "fpem/env_route_L_proto_align": 0.0, "fpem/env_route_entropy": 0.0, "fpem/env_route_q_max_mean": 0.0, "fpem/hyper_alpha_mean": 0.0, "fpem/hyper_delta_norm": 0.0, "fpem/hyper_route_proto_mode_uniform_warmup": 0.0, "fpem/hyper_route_proto_mode_uniform_fixed": 0.0, "fpem/hyper_route_proto_mode_sinkhorn": 0.0, "fpem/hyper_route_proto_mode_softmax": 0.0, "fpem/fallback_q_mean": 0.48095238095238096, "fpem/fallback_q_max": 0.0, "fpem/env_q_sum_mean": 0.5190476190476191, "fpem/oracle_fallback_rate": 0.0, "fpem/route_count_fallback": 0.0, "fpem/env_route_head_mode": 1.0, "fpem/route_entropy_mean": 0.0, "fpem/route_mean_distribution_entropy": 0.0, "fpem/effective_expert_number": 1.0, "fpem/max_expert_usage_ratio": 0.0, "fpem/min_expert_usage_ratio": 0.0, "fpem/prototype_pairwise_cosine": 0.0, "fpem/expert_prediction_pairwise_cosine": 0.0, "fpem/expert_collapse_warning": 0.0, "fpem/env_route_target_mode_env_prototype": 0.0, "fpem/env_route_target_mode_hybrid": 0.0, "fpem/env_route_hybrid_alpha": 0.0, "fpem/env_route_train_mode_warmup_risk_sinkhorn": 0.0, "fpem/warmup_risk_stage_warmup": 0.0, "fpem/warmup_risk_stage_soft": 0.0, "fpem/warmup_risk_stage_hard": 0.0, "fpem/warmup_risk_selected_loss": 0.0, "fpem/warmup_risk_uniform_common_loss": 0.0, "fpem/warmup_risk_lambda_common": 0.0, "fpem/warmup_risk_total_common_term": 0.0, "fpem/warmup_risk_temperature": 0.0, "fpem/warmup_risk_temperature_progress": 0.0, "fpem/uniform_expert_mae": 0.0, "fpem/risk_routed_mae": 0.0, "fpem/risk_prediction_mae": 0.0, "fpem/risk_loss": 0.0, "fpem/risk_ranking_loss": 0.0, "fpem/risk_ranking_accuracy": 0.0, "fpem/risk_oracle_argmin_accuracy": 0.0, "fpem/risk_router_temperature": 0.0, "fpem/risk_router_lambda": 0.0, "fpem/risk_router_pairwise_lambda": 0.0, "fpem/env_route_train_mode_progressive_gmm_environment": 0.0, "fpem/top_level_prediction_source_progressive_gmm_teacher_hard": 0.0, "fpem/progressive_assignment_uses_target_or_prediction_error": 0.0, "fpem/progressive_partition_ready": 0.0, "fpem/progressive_selected_k": 0.0, "fpem/progressive_active_expert_count": 0.0, "fpem/progressive_last_partition_epoch": 0.0, "fpem/progressive_lambda_common": 0.0, "fpem/progressive_common_term": 0.0, "fpem/progressive_compactness_loss": 0.0, "fpem/progressive_consistency_loss": 0.0, "fpem/progressive_cluster_entropy": 0.0, "fpem/progressive_assignment_change_ratio": 0.0, "fpem/progressive_hungarian_overlap_score": 0.0, "fpem/progressive_partition_update_time_sec": 0.0, "fpem/progressive_routed_mae": 0.0, "fpem/progressive_gmm_environment_total_replaces_primary": 0.0, "fpem/env_route_count_head_0": 16.0, "fpem/env_route_oracle_count_head_0": 16.0, "fpem/route_count_env_head_0": 16.0, "fpem/route_soft_mean_expert_0": 1.0, "fpem/route_hard_count_expert_0": 16.0, "fpem/hard_count_expert_0": 16.0, "fpem/sinkhorn_soft_col_mass_expert_0": 0.0, "fpem/progressive_active_expert_0": 0.0, "fpem/progressive_cluster_size_0": 0.0, "fpem/progressive_cluster_ratio_0": 0.0, "fpem/progressive_cluster_to_expert_0": 0.0, "fpem/progressive_bic_k1": 0.0, "fpem/progressive_bic_score_k1": 0.0, "fpem/progressive_bic_rejected_k1": 0.0, "fpem/hyper_alpha_head_0": 0.0, "fpem/hyper_gamma_norm_head_0": 0.0, "fpem/hyper_beta_norm_head_0": 0.0, "fpem/expert_cross_mae_group_0_expert_0": 9.288805116925921, "fpem/load_expert_loss": 9.288805116925921, "fpem/hard_router_loss": 0.6398354689280192, "fpem/hard_router_target_env_ratio": 0.6738095238095239, "fpem/hard_router_predicted_env_ratio": 0.5190476190476191, "fpem/hard_router_effective_env_ratio": 0.5190476190476191, "fpem/hard_router_supervision_enabled": 1.0, "fpem/hard_router_warmup_active": 0.0, "fpem/load_level_assignment_detached": 1.0, "fpem/load_level_count_0": 1680.0, "fpem/load_level_ratio_0": 1.0, "fpem/expert_0_global_loss": 9.288805116925921, "fpem/expert_0_selected_loss": 9.288805116925921, "fpem/hard_router_margin_mean": 0.09556804235492433, "fpem/hard_router_gain_mean": 0.2679993393875304, "fpem/hard_router_class_weight_invariant": 1.8202900012334189, "fpem/hard_router_class_weight_environment": 0.7772475316410973, "fpem/expert_prediction_pairwise_difference": 0.0, "fpem/delta_pairwise_cosine": 0.0, "fpem/delta_pairwise_l1": 0.0, "fpem/delta_pairwise_l2": 0.0, "fpem/expert_0_parameter_norm": 15.736706960768927, "fpem/hard_binary_router_enabled": 1.0, "fpem/hard_router_uses_target_in_forward": 0.0, "fpem/stored_future_c_loaded": 0.0, "fpem/prediction_is_weighted_complete_fusion": 0.0, "fpem/future_mi_loss": 0.0, "fpem/future_mi_valid": 0.0, "fpem/future_mi_logvar_mean": 0.0, "fpem/future_mi_target_mode_env_encoder": 0.0, "fpem/swap_loss": 0.0, "fpem/swap_diff_loss": 0.0, "fpem/swap_same_loss": 0.0, "fpem/swap_gain_mean": 0.0, "fpem/swap_s_gain_mean": 0.0, "fpem/swap_fallback_router_loss": 0.0, "fpem/swap_fallback_q_mean": 0.0, "fpem/swap_prediction_delta": 0.0, "fpem/swap_route_delta": 0.0, "fpem/swap_hyper_alpha_delta": 0.0, "fpem/swap_hyper_delta_norm": 0.0, "fpem/loss_env_day": 0.0, "fpem/loss_env_hour": 0.0, "fpem/loss_env_rush": 0.0, "fpem/env_day_acc": 0.0, "fpem/env_hour_acc": 0.0, "fpem/env_rush_acc": 0.0, "fpem/loss_env_supcon": 0.0, "fpem/env_supcon_valid_pairs": 0.0, "fpem/loss_inv_env_adv": 0.0, "fpem/inv_day_acc": 0.0, "fpem/inv_hour_acc": 0.0, "fpem/inv_rush_acc": 0.0, "fpem/loss_cross_cov_sep": 0.0, "fpem/load_level_experts_enabled": 1.0, "fpem/load_level_uses_target_or_future_load": 0.0, "fpem/environment_gate_uses_target_in_forward": 0.0, "fpem/load_level_env_residual_scale": 0.0, "fpem/uses_cached_observable_load_prior": 1.0, "fpem/primary_loss": 8.905501447405134, "fpem/inv_pred_loss": 9.06606284550258, "fpem/primary_uses_route": 1.0, "fpem/primary_uses_env_fusion": 0.0, "fpem/backbone_agcrn": 1.0, "fpem/backbone_graphwavenet": 0.0, "fpem/backbone_staeformer": 0.0, "fpem/gc_pred_loss_only": 1.0, "fpem/env_route_head_mode_hyper_proto": 1.0, "fpem/fpem_force_uniform_route": 0.0, "fpem/hard_prediction_sinkhorn_total_replaces_primary": 0.0, "fpem/hard_prediction_environment_sinkhorn_total_replaces_primary": 0.0, "fpem/warmup_risk_sinkhorn_total_replaces_primary": 0.0, "fpem/lambda_club_mi": 0.0}}
EPOCH {"epoch": 18, "train_loss": 11.422198776971726, "val": {"loss": 11.365889231363932, "mae": 11.172453880310059, "mape": 0.21034379303455353}, "test_mixed": {"loss": NaN, "mae": NaN, "mape": NaN}, "test_workday": {"loss": NaN, "mae": NaN, "mape": NaN}, "test_holiday": {"loss": NaN, "mae": NaN, "mape": NaN}, "test_avg_mae": NaN, "lr": 0.001, "fpem_logs": {"fpem/fpem_env_use_exogenous": 1.0, "fpem/env_exogenous_available": 1.0, "fpem/env_exogenous_time_available": 1.0, "fpem/env_exogenous_load_available": 1.0, "fpem/env_exogenous_feature_dim": 32.0, "fpem/env_exogenous_embedding_norm": 2.761440981002081, "fpem/env_exogenous_load_embedding_norm": 1.8456384976704916, "fpem/env_rep_ablation_normal": 1.0, "fpem/env_rep_ablation_zero": 0.0, "fpem/env_rep_ablation_shuffle_batch": 0.0, "fpem/env_rep_ablation_mode_id": 0.0, "fpem/mask_loss": 0.0, "fpem/mask_sparse_loss": 0.0, "fpem/mask_entropy_loss": 0.0, "fpem/mask_mean": 1.0, "fpem/mask_entropy": 0.0, "fpem/mask_active_ratio": 1.0, "fpem/fusion_alpha_mean": 0.0, "fpem/fusion_alpha_std": 0.0, "fpem/fusion_alpha_min": 0.0, "fpem/fusion_alpha_max": 0.0, "fpem/env_route_loss": 2.5042150679088775, "fpem/env_route_L_final": 8.912425036657424, "fpem/env_route_L_global": 0.0, "fpem/env_route_L_route_soft": 0.0, "fpem/env_route_L_expert": 9.292752701895578, "fpem/env_route_L_router_oracle": 0.645664491256078, "fpem/env_route_L_balance": 0.0, "fpem/env_route_L_diverse": 0.0, "fpem/env_route_L_proto_align": 0.0, "fpem/env_route_entropy": 0.0, "fpem/env_route_q_max_mean": 0.0, "fpem/hyper_alpha_mean": 0.0, "fpem/hyper_delta_norm": 0.0, "fpem/hyper_route_proto_mode_uniform_warmup": 0.0, "fpem/hyper_route_proto_mode_uniform_fixed": 0.0, "fpem/hyper_route_proto_mode_sinkhorn": 0.0, "fpem/hyper_route_proto_mode_softmax": 0.0, "fpem/fallback_q_mean": 0.49166666666666664, "fpem/fallback_q_max": 0.0, "fpem/env_q_sum_mean": 0.5083333333333333, "fpem/oracle_fallback_rate": 0.0, "fpem/route_count_fallback": 0.0, "fpem/env_route_head_mode": 1.0, "fpem/route_entropy_mean": 0.0, "fpem/route_mean_distribution_entropy": 0.0, "fpem/effective_expert_number": 1.0, "fpem/max_expert_usage_ratio": 0.0, "fpem/min_expert_usage_ratio": 0.0, "fpem/prototype_pairwise_cosine": 0.0, "fpem/expert_prediction_pairwise_cosine": 0.0, "fpem/expert_collapse_warning": 0.0, "fpem/env_route_target_mode_env_prototype": 0.0, "fpem/env_route_target_mode_hybrid": 0.0, "fpem/env_route_hybrid_alpha": 0.0, "fpem/env_route_train_mode_warmup_risk_sinkhorn": 0.0, "fpem/warmup_risk_stage_warmup": 0.0, "fpem/warmup_risk_stage_soft": 0.0, "fpem/warmup_risk_stage_hard": 0.0, "fpem/warmup_risk_selected_loss": 0.0, "fpem/warmup_risk_uniform_common_loss": 0.0, "fpem/warmup_risk_lambda_common": 0.0, "fpem/warmup_risk_total_common_term": 0.0, "fpem/warmup_risk_temperature": 0.0, "fpem/warmup_risk_temperature_progress": 0.0, "fpem/uniform_expert_mae": 0.0, "fpem/risk_routed_mae": 0.0, "fpem/risk_prediction_mae": 0.0, "fpem/risk_loss": 0.0, "fpem/risk_ranking_loss": 0.0, "fpem/risk_ranking_accuracy": 0.0, "fpem/risk_oracle_argmin_accuracy": 0.0, "fpem/risk_router_temperature": 0.0, "fpem/risk_router_lambda": 0.0, "fpem/risk_router_pairwise_lambda": 0.0, "fpem/env_route_train_mode_progressive_gmm_environment": 0.0, "fpem/top_level_prediction_source_progressive_gmm_teacher_hard": 0.0, "fpem/progressive_assignment_uses_target_or_prediction_error": 0.0, "fpem/progressive_partition_ready": 0.0, "fpem/progressive_selected_k": 0.0, "fpem/progressive_active_expert_count": 0.0, "fpem/progressive_last_partition_epoch": 0.0, "fpem/progressive_lambda_common": 0.0, "fpem/progressive_common_term": 0.0, "fpem/progressive_compactness_loss": 0.0, "fpem/progressive_consistency_loss": 0.0, "fpem/progressive_cluster_entropy": 0.0, "fpem/progressive_assignment_change_ratio": 0.0, "fpem/progressive_hungarian_overlap_score": 0.0, "fpem/progressive_partition_update_time_sec": 0.0, "fpem/progressive_routed_mae": 0.0, "fpem/progressive_gmm_environment_total_replaces_primary": 0.0, "fpem/env_route_count_head_0": 16.0, "fpem/env_route_oracle_count_head_0": 16.0, "fpem/route_count_env_head_0": 16.0, "fpem/route_soft_mean_expert_0": 1.0, "fpem/route_hard_count_expert_0": 16.0, "fpem/hard_count_expert_0": 16.0, "fpem/sinkhorn_soft_col_mass_expert_0": 0.0, "fpem/progressive_active_expert_0": 0.0, "fpem/progressive_cluster_size_0": 0.0, "fpem/progressive_cluster_ratio_0": 0.0, "fpem/progressive_cluster_to_expert_0": 0.0, "fpem/progressive_bic_k1": 0.0, "fpem/progressive_bic_score_k1": 0.0, "fpem/progressive_bic_rejected_k1": 0.0, "fpem/hyper_alpha_head_0": 0.0, "fpem/hyper_gamma_norm_head_0": 0.0, "fpem/hyper_beta_norm_head_0": 0.0, "fpem/expert_cross_mae_group_0_expert_0": 9.292752701895578, "fpem/load_expert_loss": 9.292752701895578, "fpem/hard_router_loss": 0.645664491256078, "fpem/hard_router_target_env_ratio": 0.6660714285714285, "fpem/hard_router_predicted_env_ratio": 0.5083333333333333, "fpem/hard_router_effective_env_ratio": 0.5083333333333333, "fpem/hard_router_supervision_enabled": 1.0, "fpem/hard_router_warmup_active": 0.0, "fpem/load_level_assignment_detached": 1.0, "fpem/load_level_count_0": 1680.0, "fpem/load_level_ratio_0": 1.0, "fpem/expert_0_global_loss": 9.292752701895578, "fpem/expert_0_selected_loss": 9.292752701895578, "fpem/hard_router_margin_mean": 0.09556804292258762, "fpem/hard_router_gain_mean": 0.26405180579140075, "fpem/hard_router_class_weight_invariant": 1.7777503189586459, "fpem/hard_router_class_weight_environment": 0.7783966473170689, "fpem/expert_prediction_pairwise_difference": 0.0, "fpem/delta_pairwise_cosine": 0.0, "fpem/delta_pairwise_l1": 0.0, "fpem/delta_pairwise_l2": 0.0, "fpem/expert_0_parameter_norm": 15.770440319606235, "fpem/hard_binary_router_enabled": 1.0, "fpem/hard_router_uses_target_in_forward": 0.0, "fpem/stored_future_c_loaded": 0.0, "fpem/prediction_is_weighted_complete_fusion": 0.0, "fpem/future_mi_loss": 0.0, "fpem/future_mi_valid": 0.0, "fpem/future_mi_logvar_mean": 0.0, "fpem/future_mi_target_mode_env_encoder": 0.0, "fpem/swap_loss": 0.0, "fpem/swap_diff_loss": 0.0, "fpem/swap_same_loss": 0.0, "fpem/swap_gain_mean": 0.0, "fpem/swap_s_gain_mean": 0.0, "fpem/swap_fallback_router_loss": 0.0, "fpem/swap_fallback_q_mean": 0.0, "fpem/swap_prediction_delta": 0.0, "fpem/swap_route_delta": 0.0, "fpem/swap_hyper_alpha_delta": 0.0, "fpem/swap_hyper_delta_norm": 0.0, "fpem/loss_env_day": 0.0, "fpem/loss_env_hour": 0.0, "fpem/loss_env_rush": 0.0, "fpem/env_day_acc": 0.0, "fpem/env_hour_acc": 0.0, "fpem/env_rush_acc": 0.0, "fpem/loss_env_supcon": 0.0, "fpem/env_supcon_valid_pairs": 0.0, "fpem/loss_inv_env_adv": 0.0, "fpem/inv_day_acc": 0.0, "fpem/inv_hour_acc": 0.0, "fpem/inv_rush_acc": 0.0, "fpem/loss_cross_cov_sep": 0.0, "fpem/load_level_experts_enabled": 1.0, "fpem/load_level_uses_target_or_future_load": 0.0, "fpem/environment_gate_uses_target_in_forward": 0.0, "fpem/load_level_env_residual_scale": 0.0, "fpem/uses_cached_observable_load_prior": 1.0, "fpem/primary_loss": 8.912425036657424, "fpem/inv_pred_loss": 9.070294643583752, "fpem/primary_uses_route": 1.0, "fpem/primary_uses_env_fusion": 0.0, "fpem/backbone_agcrn": 1.0, "fpem/backbone_graphwavenet": 0.0, "fpem/backbone_staeformer": 0.0, "fpem/gc_pred_loss_only": 1.0, "fpem/env_route_head_mode_hyper_proto": 1.0, "fpem/fpem_force_uniform_route": 0.0, "fpem/hard_prediction_sinkhorn_total_replaces_primary": 0.0, "fpem/hard_prediction_environment_sinkhorn_total_replaces_primary": 0.0, "fpem/warmup_risk_sinkhorn_total_replaces_primary": 0.0, "fpem/lambda_club_mi": 0.0}}
EPOCH {"epoch": 19, "train_loss": 11.400367091950915, "val": {"loss": 11.371204323238796, "mae": 11.174262046813965, "mape": 0.20443396270275116}, "test_mixed": {"loss": NaN, "mae": NaN, "mape": NaN}, "test_workday": {"loss": NaN, "mae": NaN, "mape": NaN}, "test_holiday": {"loss": NaN, "mae": NaN, "mape": NaN}, "test_avg_mae": NaN, "lr": 0.001, "fpem_logs": {"fpem/fpem_env_use_exogenous": 1.0, "fpem/env_exogenous_available": 1.0, "fpem/env_exogenous_time_available": 1.0, "fpem/env_exogenous_load_available": 1.0, "fpem/env_exogenous_feature_dim": 32.0, "fpem/env_exogenous_embedding_norm": 2.7671008064633322, "fpem/env_exogenous_load_embedding_norm": 1.8546862136749995, "fpem/env_rep_ablation_normal": 1.0, "fpem/env_rep_ablation_zero": 0.0, "fpem/env_rep_ablation_shuffle_batch": 0.0, "fpem/env_rep_ablation_mode_id": 0.0, "fpem/mask_loss": 0.0, "fpem/mask_sparse_loss": 0.0, "fpem/mask_entropy_loss": 0.0, "fpem/mask_mean": 1.0, "fpem/mask_entropy": 0.0, "fpem/mask_active_ratio": 1.0, "fpem/fusion_alpha_mean": 0.0, "fpem/fusion_alpha_std": 0.0, "fpem/fusion_alpha_min": 0.0, "fpem/fusion_alpha_max": 0.0, "fpem/env_route_loss": 2.502901063646589, "fpem/env_route_L_final": 8.899092279161726, "fpem/env_route_L_global": 0.0, "fpem/env_route_L_route_soft": 0.0, "fpem/env_route_L_expert": 9.293834550040108, "fpem/env_route_L_router_oracle": 0.6441341303643726, "fpem/env_route_L_balance": 0.0, "fpem/env_route_L_diverse": 0.0, "fpem/env_route_L_proto_align": 0.0, "fpem/env_route_entropy": 0.0, "fpem/env_route_q_max_mean": 0.0, "fpem/hyper_alpha_mean": 0.0, "fpem/hyper_delta_norm": 0.0, "fpem/hyper_route_proto_mode_uniform_warmup": 0.0, "fpem/hyper_route_proto_mode_uniform_fixed": 0.0, "fpem/hyper_route_proto_mode_sinkhorn": 0.0, "fpem/hyper_route_proto_mode_softmax": 0.0, "fpem/fallback_q_mean": 0.49107142857142855, "fpem/fallback_q_max": 0.0, "fpem/env_q_sum_mean": 0.5089285714285714, "fpem/oracle_fallback_rate": 0.0, "fpem/route_count_fallback": 0.0, "fpem/env_route_head_mode": 1.0, "fpem/route_entropy_mean": 0.0, "fpem/route_mean_distribution_entropy": 0.0, "fpem/effective_expert_number": 1.0, "fpem/max_expert_usage_ratio": 0.0, "fpem/min_expert_usage_ratio": 0.0, "fpem/prototype_pairwise_cosine": 0.0, "fpem/expert_prediction_pairwise_cosine": 0.0, "fpem/expert_collapse_warning": 0.0, "fpem/env_route_target_mode_env_prototype": 0.0, "fpem/env_route_target_mode_hybrid": 0.0, "fpem/env_route_hybrid_alpha": 0.0, "fpem/env_route_train_mode_warmup_risk_sinkhorn": 0.0, "fpem/warmup_risk_stage_warmup": 0.0, "fpem/warmup_risk_stage_soft": 0.0, "fpem/warmup_risk_stage_hard": 0.0, "fpem/warmup_risk_selected_loss": 0.0, "fpem/warmup_risk_uniform_common_loss": 0.0, "fpem/warmup_risk_lambda_common": 0.0, "fpem/warmup_risk_total_common_term": 0.0, "fpem/warmup_risk_temperature": 0.0, "fpem/warmup_risk_temperature_progress": 0.0, "fpem/uniform_expert_mae": 0.0, "fpem/risk_routed_mae": 0.0, "fpem/risk_prediction_mae": 0.0, "fpem/risk_loss": 0.0, "fpem/risk_ranking_loss": 0.0, "fpem/risk_ranking_accuracy": 0.0, "fpem/risk_oracle_argmin_accuracy": 0.0, "fpem/risk_router_temperature": 0.0, "fpem/risk_router_lambda": 0.0, "fpem/risk_router_pairwise_lambda": 0.0, "fpem/env_route_train_mode_progressive_gmm_environment": 0.0, "fpem/top_level_prediction_source_progressive_gmm_teacher_hard": 0.0, "fpem/progressive_assignment_uses_target_or_prediction_error": 0.0, "fpem/progressive_partition_ready": 0.0, "fpem/progressive_selected_k": 0.0, "fpem/progressive_active_expert_count": 0.0, "fpem/progressive_last_partition_epoch": 0.0, "fpem/progressive_lambda_common": 0.0, "fpem/progressive_common_term": 0.0, "fpem/progressive_compactness_loss": 0.0, "fpem/progressive_consistency_loss": 0.0, "fpem/progressive_cluster_entropy": 0.0, "fpem/progressive_assignment_change_ratio": 0.0, "fpem/progressive_hungarian_overlap_score": 0.0, "fpem/progressive_partition_update_time_sec": 0.0, "fpem/progressive_routed_mae": 0.0, "fpem/progressive_gmm_environment_total_replaces_primary": 0.0, "fpem/env_route_count_head_0": 16.0, "fpem/env_route_oracle_count_head_0": 16.0, "fpem/route_count_env_head_0": 16.0, "fpem/route_soft_mean_expert_0": 1.0, "fpem/route_hard_count_expert_0": 16.0, "fpem/hard_count_expert_0": 16.0, "fpem/sinkhorn_soft_col_mass_expert_0": 0.0, "fpem/progressive_active_expert_0": 0.0, "fpem/progressive_cluster_size_0": 0.0, "fpem/progressive_cluster_ratio_0": 0.0, "fpem/progressive_cluster_to_expert_0": 0.0, "fpem/progressive_bic_k1": 0.0, "fpem/progressive_bic_score_k1": 0.0, "fpem/progressive_bic_rejected_k1": 0.0, "fpem/hyper_alpha_head_0": 0.0, "fpem/hyper_gamma_norm_head_0": 0.0, "fpem/hyper_beta_norm_head_0": 0.0, "fpem/expert_cross_mae_group_0_expert_0": 9.293834550040108, "fpem/load_expert_loss": 9.293834550040108, "fpem/hard_router_loss": 0.6441341303643726, "fpem/hard_router_target_env_ratio": 0.6815476190476191, "fpem/hard_router_predicted_env_ratio": 0.5089285714285714, "fpem/hard_router_effective_env_ratio": 0.5089285714285714, "fpem/hard_router_supervision_enabled": 1.0, "fpem/hard_router_warmup_active": 0.0, "fpem/load_level_assignment_detached": 1.0, "fpem/load_level_count_0": 1680.0, "fpem/load_level_ratio_0": 1.0, "fpem/expert_0_global_loss": 9.293834550040108, "fpem/expert_0_selected_loss": 9.293834550040108, "fpem/hard_router_margin_mean": 0.09556804292258762, "fpem/hard_router_gain_mean": 0.2629699638911656, "fpem/hard_router_class_weight_invariant": 1.8537896230107263, "fpem/hard_router_class_weight_environment": 0.7590418225242979, "fpem/expert_prediction_pairwise_difference": 0.0, "fpem/delta_pairwise_cosine": 0.0, "fpem/delta_pairwise_l1": 0.0, "fpem/delta_pairwise_l2": 0.0, "fpem/expert_0_parameter_norm": 15.802949641999744, "fpem/hard_binary_router_enabled": 1.0, "fpem/hard_router_uses_target_in_forward": 0.0, "fpem/stored_future_c_loaded": 0.0, "fpem/prediction_is_weighted_complete_fusion": 0.0, "fpem/future_mi_loss": 0.0, "fpem/future_mi_valid": 0.0, "fpem/future_mi_logvar_mean": 0.0, "fpem/future_mi_target_mode_env_encoder": 0.0, "fpem/swap_loss": 0.0, "fpem/swap_diff_loss": 0.0, "fpem/swap_same_loss": 0.0, "fpem/swap_gain_mean": 0.0, "fpem/swap_s_gain_mean": 0.0, "fpem/swap_fallback_router_loss": 0.0, "fpem/swap_fallback_q_mean": 0.0, "fpem/swap_prediction_delta": 0.0, "fpem/swap_route_delta": 0.0, "fpem/swap_hyper_alpha_delta": 0.0, "fpem/swap_hyper_delta_norm": 0.0, "fpem/loss_env_day": 0.0, "fpem/loss_env_hour": 0.0, "fpem/loss_env_rush": 0.0, "fpem/env_day_acc": 0.0, "fpem/env_hour_acc": 0.0, "fpem/env_rush_acc": 0.0, "fpem/loss_env_supcon": 0.0, "fpem/env_supcon_valid_pairs": 0.0, "fpem/loss_inv_env_adv": 0.0, "fpem/inv_day_acc": 0.0, "fpem/inv_hour_acc": 0.0, "fpem/inv_rush_acc": 0.0, "fpem/loss_cross_cov_sep": 0.0, "fpem/load_level_experts_enabled": 1.0, "fpem/load_level_uses_target_or_future_load": 0.0, "fpem/environment_gate_uses_target_in_forward": 0.0, "fpem/load_level_env_residual_scale": 0.0, "fpem/uses_cached_observable_load_prior": 1.0, "fpem/primary_loss": 8.899092279161726, "fpem/inv_pred_loss": 9.05866701489403, "fpem/primary_uses_route": 1.0, "fpem/primary_uses_env_fusion": 0.0, "fpem/backbone_agcrn": 1.0, "fpem/backbone_graphwavenet": 0.0, "fpem/backbone_staeformer": 0.0, "fpem/gc_pred_loss_only": 1.0, "fpem/env_route_head_mode_hyper_proto": 1.0, "fpem/fpem_force_uniform_route": 0.0, "fpem/hard_prediction_sinkhorn_total_replaces_primary": 0.0, "fpem/hard_prediction_environment_sinkhorn_total_replaces_primary": 0.0, "fpem/warmup_risk_sinkhorn_total_replaces_primary": 0.0, "fpem/lambda_club_mi": 0.0}}
EPOCH {"epoch": 20, "train_loss": 11.373935163588751, "val": {"loss": 11.337621635860867, "mae": 11.147480964660645, "mape": 0.19982217252254486}, "test_mixed": {"loss": NaN, "mae": NaN, "mape": NaN}, "test_workday": {"loss": NaN, "mae": NaN, "mape": NaN}, "test_holiday": {"loss": NaN, "mae": NaN, "mape": NaN}, "test_avg_mae": NaN, "lr": 0.001, "fpem_logs": {"fpem/fpem_env_use_exogenous": 1.0, "fpem/env_exogenous_available": 1.0, "fpem/env_exogenous_time_available": 1.0, "fpem/env_exogenous_load_available": 1.0, "fpem/env_exogenous_feature_dim": 32.0, "fpem/env_exogenous_embedding_norm": 2.7716617470695857, "fpem/env_exogenous_load_embedding_norm": 1.8624383336021786, "fpem/env_rep_ablation_normal": 1.0, "fpem/env_rep_ablation_zero": 0.0, "fpem/env_rep_ablation_shuffle_batch": 0.0, "fpem/env_rep_ablation_mode_id": 0.0, "fpem/mask_loss": 0.0, "fpem/mask_sparse_loss": 0.0, "fpem/mask_entropy_loss": 0.0, "fpem/mask_mean": 1.0, "fpem/mask_entropy": 0.0, "fpem/mask_active_ratio": 1.0, "fpem/fusion_alpha_mean": 0.0, "fpem/fusion_alpha_std": 0.0, "fpem/fusion_alpha_min": 0.0, "fpem/fusion_alpha_max": 0.0, "fpem/env_route_loss": 2.4894852547418505, "fpem/env_route_L_final": 8.888104298001243, "fpem/env_route_L_global": 0.0, "fpem/env_route_L_route_soft": 0.0, "fpem/env_route_L_expert": 9.276210566929409, "fpem/env_route_L_router_oracle": 0.6342431125186738, "fpem/env_route_L_balance": 0.0, "fpem/env_route_L_diverse": 0.0, "fpem/env_route_L_proto_align": 0.0, "fpem/env_route_entropy": 0.0, "fpem/env_route_q_max_mean": 0.0, "fpem/hyper_alpha_mean": 0.0, "fpem/hyper_delta_norm": 0.0, "fpem/hyper_route_proto_mode_uniform_warmup": 0.0, "fpem/hyper_route_proto_mode_uniform_fixed": 0.0, "fpem/hyper_route_proto_mode_sinkhorn": 0.0, "fpem/hyper_route_proto_mode_softmax": 0.0, "fpem/fallback_q_mean": 0.4630952380952381, "fpem/fallback_q_max": 0.0, "fpem/env_q_sum_mean": 0.5369047619047619, "fpem/oracle_fallback_rate": 0.0, "fpem/route_count_fallback": 0.0, "fpem/env_route_head_mode": 1.0, "fpem/route_entropy_mean": 0.0, "fpem/route_mean_distribution_entropy": 0.0, "fpem/effective_expert_number": 1.0, "fpem/max_expert_usage_ratio": 0.0, "fpem/min_expert_usage_ratio": 0.0, "fpem/prototype_pairwise_cosine": 0.0, "fpem/expert_prediction_pairwise_cosine": 0.0, "fpem/expert_collapse_warning": 0.0, "fpem/env_route_target_mode_env_prototype": 0.0, "fpem/env_route_target_mode_hybrid": 0.0, "fpem/env_route_hybrid_alpha": 0.0, "fpem/env_route_train_mode_warmup_risk_sinkhorn": 0.0, "fpem/warmup_risk_stage_warmup": 0.0, "fpem/warmup_risk_stage_soft": 0.0, "fpem/warmup_risk_stage_hard": 0.0, "fpem/warmup_risk_selected_loss": 0.0, "fpem/warmup_risk_uniform_common_loss": 0.0, "fpem/warmup_risk_lambda_common": 0.0, "fpem/warmup_risk_total_common_term": 0.0, "fpem/warmup_risk_temperature": 0.0, "fpem/warmup_risk_temperature_progress": 0.0, "fpem/uniform_expert_mae": 0.0, "fpem/risk_routed_mae": 0.0, "fpem/risk_prediction_mae": 0.0, "fpem/risk_loss": 0.0, "fpem/risk_ranking_loss": 0.0, "fpem/risk_ranking_accuracy": 0.0, "fpem/risk_oracle_argmin_accuracy": 0.0, "fpem/risk_router_temperature": 0.0, "fpem/risk_router_lambda": 0.0, "fpem/risk_router_pairwise_lambda": 0.0, "fpem/env_route_train_mode_progressive_gmm_environment": 0.0, "fpem/top_level_prediction_source_progressive_gmm_teacher_hard": 0.0, "fpem/progressive_assignment_uses_target_or_prediction_error": 0.0, "fpem/progressive_partition_ready": 0.0, "fpem/progressive_selected_k": 0.0, "fpem/progressive_active_expert_count": 0.0, "fpem/progressive_last_partition_epoch": 0.0, "fpem/progressive_lambda_common": 0.0, "fpem/progressive_common_term": 0.0, "fpem/progressive_compactness_loss": 0.0, "fpem/progressive_consistency_loss": 0.0, "fpem/progressive_cluster_entropy": 0.0, "fpem/progressive_assignment_change_ratio": 0.0, "fpem/progressive_hungarian_overlap_score": 0.0, "fpem/progressive_partition_update_time_sec": 0.0, "fpem/progressive_routed_mae": 0.0, "fpem/progressive_gmm_environment_total_replaces_primary": 0.0, "fpem/env_route_count_head_0": 16.0, "fpem/env_route_oracle_count_head_0": 16.0, "fpem/route_count_env_head_0": 16.0, "fpem/route_soft_mean_expert_0": 1.0, "fpem/route_hard_count_expert_0": 16.0, "fpem/hard_count_expert_0": 16.0, "fpem/sinkhorn_soft_col_mass_expert_0": 0.0, "fpem/progressive_active_expert_0": 0.0, "fpem/progressive_cluster_size_0": 0.0, "fpem/progressive_cluster_ratio_0": 0.0, "fpem/progressive_cluster_to_expert_0": 0.0, "fpem/progressive_bic_k1": 0.0, "fpem/progressive_bic_score_k1": 0.0, "fpem/progressive_bic_rejected_k1": 0.0, "fpem/hyper_alpha_head_0": 0.0, "fpem/hyper_gamma_norm_head_0": 0.0, "fpem/hyper_beta_norm_head_0": 0.0, "fpem/expert_cross_mae_group_0_expert_0": 9.276210566929409, "fpem/load_expert_loss": 9.276210566929409, "fpem/hard_router_loss": 0.6342431125186738, "fpem/hard_router_target_env_ratio": 0.6922619047619047, "fpem/hard_router_predicted_env_ratio": 0.5369047619047619, "fpem/hard_router_effective_env_ratio": 0.5369047619047619, "fpem/hard_router_supervision_enabled": 1.0, "fpem/hard_router_warmup_active": 0.0, "fpem/load_level_assignment_detached": 1.0, "fpem/load_level_count_0": 1680.0, "fpem/load_level_ratio_0": 1.0, "fpem/expert_0_global_loss": 9.276210566929409, "fpem/expert_0_selected_loss": 9.276210566929409, "fpem/hard_router_margin_mean": 0.09556804270971389, "fpem/hard_router_gain_mean": 0.28059386312961576, "fpem/hard_router_class_weight_invariant": 1.9547694898786998, "fpem/hard_router_class_weight_environment": 0.7449367738905407, "fpem/expert_prediction_pairwise_difference": 0.0, "fpem/delta_pairwise_cosine": 0.0, "fpem/delta_pairwise_l1": 0.0, "fpem/delta_pairwise_l2": 0.0, "fpem/expert_0_parameter_norm": 15.835728872390021, "fpem/hard_binary_router_enabled": 1.0, "fpem/hard_router_uses_target_in_forward": 0.0, "fpem/stored_future_c_loaded": 0.0, "fpem/prediction_is_weighted_complete_fusion": 0.0, "fpem/future_mi_loss": 0.0, "fpem/future_mi_valid": 0.0, "fpem/future_mi_logvar_mean": 0.0, "fpem/future_mi_target_mode_env_encoder": 0.0, "fpem/swap_loss": 0.0, "fpem/swap_diff_loss": 0.0, "fpem/swap_same_loss": 0.0, "fpem/swap_gain_mean": 0.0, "fpem/swap_s_gain_mean": 0.0, "fpem/swap_fallback_router_loss": 0.0, "fpem/swap_fallback_q_mean": 0.0, "fpem/swap_prediction_delta": 0.0, "fpem/swap_route_delta": 0.0, "fpem/swap_hyper_alpha_delta": 0.0, "fpem/swap_hyper_delta_norm": 0.0, "fpem/loss_env_day": 0.0, "fpem/loss_env_hour": 0.0, "fpem/loss_env_rush": 0.0, "fpem/env_day_acc": 0.0, "fpem/env_hour_acc": 0.0, "fpem/env_rush_acc": 0.0, "fpem/loss_env_supcon": 0.0, "fpem/env_supcon_valid_pairs": 0.0, "fpem/loss_inv_env_adv": 0.0, "fpem/inv_day_acc": 0.0, "fpem/inv_hour_acc": 0.0, "fpem/inv_rush_acc": 0.0, "fpem/loss_cross_cov_sep": 0.0, "fpem/load_level_experts_enabled": 1.0, "fpem/load_level_uses_target_or_future_load": 0.0, "fpem/environment_gate_uses_target_in_forward": 0.0, "fpem/load_level_env_residual_scale": 0.0, "fpem/uses_cached_observable_load_prior": 1.0, "fpem/primary_loss": 8.888104298001243, "fpem/inv_pred_loss": 9.058166385832287, "fpem/primary_uses_route": 1.0, "fpem/primary_uses_env_fusion": 0.0, "fpem/backbone_agcrn": 1.0, "fpem/backbone_graphwavenet": 0.0, "fpem/backbone_staeformer": 0.0, "fpem/gc_pred_loss_only": 1.0, "fpem/env_route_head_mode_hyper_proto": 1.0, "fpem/fpem_force_uniform_route": 0.0, "fpem/hard_prediction_sinkhorn_total_replaces_primary": 0.0, "fpem/hard_prediction_environment_sinkhorn_total_replaces_primary": 0.0, "fpem/warmup_risk_sinkhorn_total_replaces_primary": 0.0, "fpem/lambda_club_mi": 0.0}}
EPOCH {"epoch": 21, "train_loss": 11.3783476965768, "val": {"loss": 11.36059339841207, "mae": 11.169251441955566, "mape": 0.2032971829175949}, "test_mixed": {"loss": NaN, "mae": NaN, "mape": NaN}, "test_workday": {"loss": NaN, "mae": NaN, "mape": NaN}, "test_holiday": {"loss": NaN, "mae": NaN, "mape": NaN}, "test_avg_mae": NaN, "lr": 0.001, "fpem_logs": {"fpem/fpem_env_use_exogenous": 1.0, "fpem/env_exogenous_available": 1.0, "fpem/env_exogenous_time_available": 1.0, "fpem/env_exogenous_load_available": 1.0, "fpem/env_exogenous_feature_dim": 32.0, "fpem/env_exogenous_embedding_norm": 2.7811239673977806, "fpem/env_exogenous_load_embedding_norm": 1.8712612265632267, "fpem/env_rep_ablation_normal": 1.0, "fpem/env_rep_ablation_zero": 0.0, "fpem/env_rep_ablation_shuffle_batch": 0.0, "fpem/env_rep_ablation_mode_id": 0.0, "fpem/mask_loss": 0.0, "fpem/mask_sparse_loss": 0.0, "fpem/mask_entropy_loss": 0.0, "fpem/mask_mean": 1.0, "fpem/mask_entropy": 0.0, "fpem/mask_active_ratio": 1.0, "fpem/fusion_alpha_mean": 0.0, "fpem/fusion_alpha_std": 0.0, "fpem/fusion_alpha_min": 0.0, "fpem/fusion_alpha_max": 0.0, "fpem/env_route_loss": 2.4910903431120373, "fpem/env_route_L_final": 8.882982399350121, "fpem/env_route_L_global": 0.0, "fpem/env_route_L_route_soft": 0.0, "fpem/env_route_L_expert": 9.269381786528088, "fpem/env_route_L_router_oracle": 0.6372139573097229, "fpem/env_route_L_balance": 0.0, "fpem/env_route_L_diverse": 0.0, "fpem/env_route_L_proto_align": 0.0, "fpem/env_route_entropy": 0.0, "fpem/env_route_q_max_mean": 0.0, "fpem/hyper_alpha_mean": 0.0, "fpem/hyper_delta_norm": 0.0, "fpem/hyper_route_proto_mode_uniform_warmup": 0.0, "fpem/hyper_route_proto_mode_uniform_fixed": 0.0, "fpem/hyper_route_proto_mode_sinkhorn": 0.0, "fpem/hyper_route_proto_mode_softmax": 0.0, "fpem/fallback_q_mean": 0.4773809523809524, "fpem/fallback_q_max": 0.0, "fpem/env_q_sum_mean": 0.5226190476190476, "fpem/oracle_fallback_rate": 0.0, "fpem/route_count_fallback": 0.0, "fpem/env_route_head_mode": 1.0, "fpem/route_entropy_mean": 0.0, "fpem/route_mean_distribution_entropy": 0.0, "fpem/effective_expert_number": 1.0, "fpem/max_expert_usage_ratio": 0.0, "fpem/min_expert_usage_ratio": 0.0, "fpem/prototype_pairwise_cosine": 0.0, "fpem/expert_prediction_pairwise_cosine": 0.0, "fpem/expert_collapse_warning": 0.0, "fpem/env_route_target_mode_env_prototype": 0.0, "fpem/env_route_target_mode_hybrid": 0.0, "fpem/env_route_hybrid_alpha": 0.0, "fpem/env_route_train_mode_warmup_risk_sinkhorn": 0.0, "fpem/warmup_risk_stage_warmup": 0.0, "fpem/warmup_risk_stage_soft": 0.0, "fpem/warmup_risk_stage_hard": 0.0, "fpem/warmup_risk_selected_loss": 0.0, "fpem/warmup_risk_uniform_common_loss": 0.0, "fpem/warmup_risk_lambda_common": 0.0, "fpem/warmup_risk_total_common_term": 0.0, "fpem/warmup_risk_temperature": 0.0, "fpem/warmup_risk_temperature_progress": 0.0, "fpem/uniform_expert_mae": 0.0, "fpem/risk_routed_mae": 0.0, "fpem/risk_prediction_mae": 0.0, "fpem/risk_loss": 0.0, "fpem/risk_ranking_loss": 0.0, "fpem/risk_ranking_accuracy": 0.0, "fpem/risk_oracle_argmin_accuracy": 0.0, "fpem/risk_router_temperature": 0.0, "fpem/risk_router_lambda": 0.0, "fpem/risk_router_pairwise_lambda": 0.0, "fpem/env_route_train_mode_progressive_gmm_environment": 0.0, "fpem/top_level_prediction_source_progressive_gmm_teacher_hard": 0.0, "fpem/progressive_assignment_uses_target_or_prediction_error": 0.0, "fpem/progressive_partition_ready": 0.0, "fpem/progressive_selected_k": 0.0, "fpem/progressive_active_expert_count": 0.0, "fpem/progressive_last_partition_epoch": 0.0, "fpem/progressive_lambda_common": 0.0, "fpem/progressive_common_term": 0.0, "fpem/progressive_compactness_loss": 0.0, "fpem/progressive_consistency_loss": 0.0, "fpem/progressive_cluster_entropy": 0.0, "fpem/progressive_assignment_change_ratio": 0.0, "fpem/progressive_hungarian_overlap_score": 0.0, "fpem/progressive_partition_update_time_sec": 0.0, "fpem/progressive_routed_mae": 0.0, "fpem/progressive_gmm_environment_total_replaces_primary": 0.0, "fpem/env_route_count_head_0": 16.0, "fpem/env_route_oracle_count_head_0": 16.0, "fpem/route_count_env_head_0": 16.0, "fpem/route_soft_mean_expert_0": 1.0, "fpem/route_hard_count_expert_0": 16.0, "fpem/hard_count_expert_0": 16.0, "fpem/sinkhorn_soft_col_mass_expert_0": 0.0, "fpem/progressive_active_expert_0": 0.0, "fpem/progressive_cluster_size_0": 0.0, "fpem/progressive_cluster_ratio_0": 0.0, "fpem/progressive_cluster_to_expert_0": 0.0, "fpem/progressive_bic_k1": 0.0, "fpem/progressive_bic_score_k1": 0.0, "fpem/progressive_bic_rejected_k1": 0.0, "fpem/hyper_alpha_head_0": 0.0, "fpem/hyper_gamma_norm_head_0": 0.0, "fpem/hyper_beta_norm_head_0": 0.0, "fpem/expert_cross_mae_group_0_expert_0": 9.269381786528088, "fpem/load_expert_loss": 9.269381786528088, "fpem/hard_router_loss": 0.6372139573097229, "fpem/hard_router_target_env_ratio": 0.6863095238095238, "fpem/hard_router_predicted_env_ratio": 0.5226190476190476, "fpem/hard_router_effective_env_ratio": 0.5226190476190476, "fpem/hard_router_supervision_enabled": 1.0, "fpem/hard_router_warmup_active": 0.0, "fpem/load_level_assignment_detached": 1.0, "fpem/load_level_count_0": 1680.0, "fpem/load_level_ratio_0": 1.0, "fpem/expert_0_global_loss": 9.269381786528088, "fpem/expert_0_selected_loss": 9.269381786528088, "fpem/hard_router_margin_mean": 0.09556804249684016, "fpem/hard_router_gain_mean": 0.28742268497035617, "fpem/hard_router_class_weight_invariant": 2.102101310661861, "fpem/hard_router_class_weight_environment": 0.7602118707838512, "fpem/expert_prediction_pairwise_difference": 0.0, "fpem/delta_pairwise_cosine": 0.0, "fpem/delta_pairwise_l1": 0.0, "fpem/delta_pairwise_l2": 0.0, "fpem/expert_0_parameter_norm": 15.871763084048316, "fpem/hard_binary_router_enabled": 1.0, "fpem/hard_router_uses_target_in_forward": 0.0, "fpem/stored_future_c_loaded": 0.0, "fpem/prediction_is_weighted_complete_fusion": 0.0, "fpem/future_mi_loss": 0.0, "fpem/future_mi_valid": 0.0, "fpem/future_mi_logvar_mean": 0.0, "fpem/future_mi_target_mode_env_encoder": 0.0, "fpem/swap_loss": 0.0, "fpem/swap_diff_loss": 0.0, "fpem/swap_same_loss": 0.0, "fpem/swap_gain_mean": 0.0, "fpem/swap_s_gain_mean": 0.0, "fpem/swap_fallback_router_loss": 0.0, "fpem/swap_fallback_q_mean": 0.0, "fpem/swap_prediction_delta": 0.0, "fpem/swap_route_delta": 0.0, "fpem/swap_hyper_alpha_delta": 0.0, "fpem/swap_hyper_delta_norm": 0.0, "fpem/loss_env_day": 0.0, "fpem/loss_env_hour": 0.0, "fpem/loss_env_rush": 0.0, "fpem/env_day_acc": 0.0, "fpem/env_hour_acc": 0.0, "fpem/env_rush_acc": 0.0, "fpem/loss_env_supcon": 0.0, "fpem/env_supcon_valid_pairs": 0.0, "fpem/loss_inv_env_adv": 0.0, "fpem/inv_day_acc": 0.0, "fpem/inv_hour_acc": 0.0, "fpem/inv_rush_acc": 0.0, "fpem/loss_cross_cov_sep": 0.0, "fpem/load_level_experts_enabled": 1.0, "fpem/load_level_uses_target_or_future_load": 0.0, "fpem/environment_gate_uses_target_in_forward": 0.0, "fpem/load_level_env_residual_scale": 0.0, "fpem/uses_cached_observable_load_prior": 1.0, "fpem/primary_loss": 8.882982399350121, "fpem/inv_pred_loss": 9.056645892915272, "fpem/primary_uses_route": 1.0, "fpem/primary_uses_env_fusion": 0.0, "fpem/backbone_agcrn": 1.0, "fpem/backbone_graphwavenet": 0.0, "fpem/backbone_staeformer": 0.0, "fpem/gc_pred_loss_only": 1.0, "fpem/env_route_head_mode_hyper_proto": 1.0, "fpem/fpem_force_uniform_route": 0.0, "fpem/hard_prediction_sinkhorn_total_replaces_primary": 0.0, "fpem/hard_prediction_environment_sinkhorn_total_replaces_primary": 0.0, "fpem/warmup_risk_sinkhorn_total_replaces_primary": 0.0, "fpem/lambda_club_mi": 0.0}}
EPOCH {"epoch": 22, "train_loss": 11.392129316784086, "val": {"loss": 11.314562108781603, "mae": 11.120246887207031, "mape": 0.20339111983776093}, "test_mixed": {"loss": NaN, "mae": NaN, "mape": NaN}, "test_workday": {"loss": NaN, "mae": NaN, "mape": NaN}, "test_holiday": {"loss": NaN, "mae": NaN, "mape": NaN}, "test_avg_mae": NaN, "lr": 0.001, "fpem_logs": {"fpem/fpem_env_use_exogenous": 1.0, "fpem/env_exogenous_available": 1.0, "fpem/env_exogenous_time_available": 1.0, "fpem/env_exogenous_load_available": 1.0, "fpem/env_exogenous_feature_dim": 32.0, "fpem/env_exogenous_embedding_norm": 2.7827635515303837, "fpem/env_exogenous_load_embedding_norm": 1.8754706757409232, "fpem/env_rep_ablation_normal": 1.0, "fpem/env_rep_ablation_zero": 0.0, "fpem/env_rep_ablation_shuffle_batch": 0.0, "fpem/env_rep_ablation_mode_id": 0.0, "fpem/mask_loss": 0.0, "fpem/mask_sparse_loss": 0.0, "fpem/mask_entropy_loss": 0.0, "fpem/mask_mean": 1.0, "fpem/mask_entropy": 0.0, "fpem/mask_active_ratio": 1.0, "fpem/fusion_alpha_mean": 0.0, "fpem/fusion_alpha_std": 0.0, "fpem/fusion_alpha_min": 0.0, "fpem/fusion_alpha_max": 0.0, "fpem/env_route_loss": 2.495877597445533, "fpem/env_route_L_final": 8.898916589646113, "fpem/env_route_L_global": 0.0, "fpem/env_route_L_route_soft": 0.0, "fpem/env_route_L_expert": 9.280138996669224, "fpem/env_route_L_router_oracle": 0.6398497635409945, "fpem/env_route_L_balance": 0.0, "fpem/env_route_L_diverse": 0.0, "fpem/env_route_L_proto_align": 0.0, "fpem/env_route_entropy": 0.0, "fpem/env_route_q_max_mean": 0.0, "fpem/hyper_alpha_mean": 0.0, "fpem/hyper_delta_norm": 0.0, "fpem/hyper_route_proto_mode_uniform_warmup": 0.0, "fpem/hyper_route_proto_mode_uniform_fixed": 0.0, "fpem/hyper_route_proto_mode_sinkhorn": 0.0, "fpem/hyper_route_proto_mode_softmax": 0.0, "fpem/fallback_q_mean": 0.4875, "fpem/fallback_q_max": 0.0, "fpem/env_q_sum_mean": 0.5125, "fpem/oracle_fallback_rate": 0.0, "fpem/route_count_fallback": 0.0, "fpem/env_route_head_mode": 1.0, "fpem/route_entropy_mean": 0.0, "fpem/route_mean_distribution_entropy": 0.0, "fpem/effective_expert_number": 1.0, "fpem/max_expert_usage_ratio": 0.0, "fpem/min_expert_usage_ratio": 0.0, "fpem/prototype_pairwise_cosine": 0.0, "fpem/expert_prediction_pairwise_cosine": 0.0, "fpem/expert_collapse_warning": 0.0, "fpem/env_route_target_mode_env_prototype": 0.0, "fpem/env_route_target_mode_hybrid": 0.0, "fpem/env_route_hybrid_alpha": 0.0, "fpem/env_route_train_mode_warmup_risk_sinkhorn": 0.0, "fpem/warmup_risk_stage_warmup": 0.0, "fpem/warmup_risk_stage_soft": 0.0, "fpem/warmup_risk_stage_hard": 0.0, "fpem/warmup_risk_selected_loss": 0.0, "fpem/warmup_risk_uniform_common_loss": 0.0, "fpem/warmup_risk_lambda_common": 0.0, "fpem/warmup_risk_total_common_term": 0.0, "fpem/warmup_risk_temperature": 0.0, "fpem/warmup_risk_temperature_progress": 0.0, "fpem/uniform_expert_mae": 0.0, "fpem/risk_routed_mae": 0.0, "fpem/risk_prediction_mae": 0.0, "fpem/risk_loss": 0.0, "fpem/risk_ranking_loss": 0.0, "fpem/risk_ranking_accuracy": 0.0, "fpem/risk_oracle_argmin_accuracy": 0.0, "fpem/risk_router_temperature": 0.0, "fpem/risk_router_lambda": 0.0, "fpem/risk_router_pairwise_lambda": 0.0, "fpem/env_route_train_mode_progressive_gmm_environment": 0.0, "fpem/top_level_prediction_source_progressive_gmm_teacher_hard": 0.0, "fpem/progressive_assignment_uses_target_or_prediction_error": 0.0, "fpem/progressive_partition_ready": 0.0, "fpem/progressive_selected_k": 0.0, "fpem/progressive_active_expert_count": 0.0, "fpem/progressive_last_partition_epoch": 0.0, "fpem/progressive_lambda_common": 0.0, "fpem/progressive_common_term": 0.0, "fpem/progressive_compactness_loss": 0.0, "fpem/progressive_consistency_loss": 0.0, "fpem/progressive_cluster_entropy": 0.0, "fpem/progressive_assignment_change_ratio": 0.0, "fpem/progressive_hungarian_overlap_score": 0.0, "fpem/progressive_partition_update_time_sec": 0.0, "fpem/progressive_routed_mae": 0.0, "fpem/progressive_gmm_environment_total_replaces_primary": 0.0, "fpem/env_route_count_head_0": 16.0, "fpem/env_route_oracle_count_head_0": 16.0, "fpem/route_count_env_head_0": 16.0, "fpem/route_soft_mean_expert_0": 1.0, "fpem/route_hard_count_expert_0": 16.0, "fpem/hard_count_expert_0": 16.0, "fpem/sinkhorn_soft_col_mass_expert_0": 0.0, "fpem/progressive_active_expert_0": 0.0, "fpem/progressive_cluster_size_0": 0.0, "fpem/progressive_cluster_ratio_0": 0.0, "fpem/progressive_cluster_to_expert_0": 0.0, "fpem/progressive_bic_k1": 0.0, "fpem/progressive_bic_score_k1": 0.0, "fpem/progressive_bic_rejected_k1": 0.0, "fpem/hyper_alpha_head_0": 0.0, "fpem/hyper_gamma_norm_head_0": 0.0, "fpem/hyper_beta_norm_head_0": 0.0, "fpem/expert_cross_mae_group_0_expert_0": 9.280138996669224, "fpem/load_expert_loss": 9.280138996669224, "fpem/hard_router_loss": 0.6398497635409945, "fpem/hard_router_target_env_ratio": 0.6767857142857143, "fpem/hard_router_predicted_env_ratio": 0.5125, "fpem/hard_router_effective_env_ratio": 0.5125, "fpem/hard_router_supervision_enabled": 1.0, "fpem/hard_router_warmup_active": 0.0, "fpem/load_level_assignment_detached": 1.0, "fpem/load_level_count_0": 1680.0, "fpem/load_level_ratio_0": 1.0, "fpem/expert_0_global_loss": 9.280138996669224, "fpem/expert_0_selected_loss": 9.280138996669224, "fpem/hard_router_margin_mean": 0.0955680427806718, "fpem/hard_router_gain_mean": 0.2766655050572895, "fpem/hard_router_class_weight_invariant": 1.8148450806027367, "fpem/hard_router_class_weight_environment": 0.7604598766281492, "fpem/expert_prediction_pairwise_difference": 0.0, "fpem/delta_pairwise_cosine": 0.0, "fpem/delta_pairwise_l1": 0.0, "fpem/delta_pairwise_l2": 0.0, "fpem/expert_0_parameter_norm": 15.893702234540667, "fpem/hard_binary_router_enabled": 1.0, "fpem/hard_router_uses_target_in_forward": 0.0, "fpem/stored_future_c_loaded": 0.0, "fpem/prediction_is_weighted_complete_fusion": 0.0, "fpem/future_mi_loss": 0.0, "fpem/future_mi_valid": 0.0, "fpem/future_mi_logvar_mean": 0.0, "fpem/future_mi_target_mode_env_encoder": 0.0, "fpem/swap_loss": 0.0, "fpem/swap_diff_loss": 0.0, "fpem/swap_same_loss": 0.0, "fpem/swap_gain_mean": 0.0, "fpem/swap_s_gain_mean": 0.0, "fpem/swap_fallback_router_loss": 0.0, "fpem/swap_fallback_q_mean": 0.0, "fpem/swap_prediction_delta": 0.0, "fpem/swap_route_delta": 0.0, "fpem/swap_hyper_alpha_delta": 0.0, "fpem/swap_hyper_delta_norm": 0.0, "fpem/loss_env_day": 0.0, "fpem/loss_env_hour": 0.0, "fpem/loss_env_rush": 0.0, "fpem/env_day_acc": 0.0, "fpem/env_hour_acc": 0.0, "fpem/env_rush_acc": 0.0, "fpem/loss_env_supcon": 0.0, "fpem/env_supcon_valid_pairs": 0.0, "fpem/loss_inv_env_adv": 0.0, "fpem/inv_day_acc": 0.0, "fpem/inv_hour_acc": 0.0, "fpem/inv_rush_acc": 0.0, "fpem/loss_cross_cov_sep": 0.0, "fpem/load_level_experts_enabled": 1.0, "fpem/load_level_uses_target_or_future_load": 0.0, "fpem/environment_gate_uses_target_in_forward": 0.0, "fpem/load_level_env_residual_scale": 0.0, "fpem/uses_cached_observable_load_prior": 1.0, "fpem/primary_loss": 8.898916589646113, "fpem/inv_pred_loss": 9.06877928234282, "fpem/primary_uses_route": 1.0, "fpem/primary_uses_env_fusion": 0.0, "fpem/backbone_agcrn": 1.0, "fpem/backbone_graphwavenet": 0.0, "fpem/backbone_staeformer": 0.0, "fpem/gc_pred_loss_only": 1.0, "fpem/env_route_head_mode_hyper_proto": 1.0, "fpem/fpem_force_uniform_route": 0.0, "fpem/hard_prediction_sinkhorn_total_replaces_primary": 0.0, "fpem/hard_prediction_environment_sinkhorn_total_replaces_primary": 0.0, "fpem/warmup_risk_sinkhorn_total_replaces_primary": 0.0, "fpem/lambda_club_mi": 0.0}}
EPOCH {"epoch": 23, "train_loss": 11.376268868219285, "val": {"loss": 11.343909687466091, "mae": 11.156695365905762, "mape": 0.20498375594615936}, "test_mixed": {"loss": NaN, "mae": NaN, "mape": NaN}, "test_workday": {"loss": NaN, "mae": NaN, "mape": NaN}, "test_holiday": {"loss": NaN, "mae": NaN, "mape": NaN}, "test_avg_mae": NaN, "lr": 0.001, "fpem_logs": {"fpem/fpem_env_use_exogenous": 1.0, "fpem/env_exogenous_available": 1.0, "fpem/env_exogenous_time_available": 1.0, "fpem/env_exogenous_load_available": 1.0, "fpem/env_exogenous_feature_dim": 32.0, "fpem/env_exogenous_embedding_norm": 2.7895220279693604, "fpem/env_exogenous_load_embedding_norm": 1.881362483614967, "fpem/env_rep_ablation_normal": 1.0, "fpem/env_rep_ablation_zero": 0.0, "fpem/env_rep_ablation_shuffle_batch": 0.0, "fpem/env_rep_ablation_mode_id": 0.0, "fpem/mask_loss": 0.0, "fpem/mask_sparse_loss": 0.0, "fpem/mask_entropy_loss": 0.0, "fpem/mask_mean": 1.0, "fpem/mask_entropy": 0.0, "fpem/mask_active_ratio": 1.0, "fpem/fusion_alpha_mean": 0.0, "fpem/fusion_alpha_std": 0.0, "fpem/fusion_alpha_min": 0.0, "fpem/fusion_alpha_max": 0.0, "fpem/env_route_loss": 2.4890799908410934, "fpem/env_route_L_final": 8.88472218740554, "fpem/env_route_L_global": 0.0, "fpem/env_route_L_route_soft": 0.0, "fpem/env_route_L_expert": 9.26844219480242, "fpem/env_route_L_router_oracle": 0.6353915282658168, "fpem/env_route_L_balance": 0.0, "fpem/env_route_L_diverse": 0.0, "fpem/env_route_L_proto_align": 0.0, "fpem/env_route_entropy": 0.0, "fpem/env_route_q_max_mean": 0.0, "fpem/hyper_alpha_mean": 0.0, "fpem/hyper_delta_norm": 0.0, "fpem/hyper_route_proto_mode_uniform_warmup": 0.0, "fpem/hyper_route_proto_mode_uniform_fixed": 0.0, "fpem/hyper_route_proto_mode_sinkhorn": 0.0, "fpem/hyper_route_proto_mode_softmax": 0.0, "fpem/fallback_q_mean": 0.4648809523809524, "fpem/fallback_q_max": 0.0, "fpem/env_q_sum_mean": 0.5351190476190476, "fpem/oracle_fallback_rate": 0.0, "fpem/route_count_fallback": 0.0, "fpem/env_route_head_mode": 1.0, "fpem/route_entropy_mean": 0.0, "fpem/route_mean_distribution_entropy": 0.0, "fpem/effective_expert_number": 1.0, "fpem/max_expert_usage_ratio": 0.0, "fpem/min_expert_usage_ratio": 0.0, "fpem/prototype_pairwise_cosine": 0.0, "fpem/expert_prediction_pairwise_cosine": 0.0, "fpem/expert_collapse_warning": 0.0, "fpem/env_route_target_mode_env_prototype": 0.0, "fpem/env_route_target_mode_hybrid": 0.0, "fpem/env_route_hybrid_alpha": 0.0, "fpem/env_route_train_mode_warmup_risk_sinkhorn": 0.0, "fpem/warmup_risk_stage_warmup": 0.0, "fpem/warmup_risk_stage_soft": 0.0, "fpem/warmup_risk_stage_hard": 0.0, "fpem/warmup_risk_selected_loss": 0.0, "fpem/warmup_risk_uniform_common_loss": 0.0, "fpem/warmup_risk_lambda_common": 0.0, "fpem/warmup_risk_total_common_term": 0.0, "fpem/warmup_risk_temperature": 0.0, "fpem/warmup_risk_temperature_progress": 0.0, "fpem/uniform_expert_mae": 0.0, "fpem/risk_routed_mae": 0.0, "fpem/risk_prediction_mae": 0.0, "fpem/risk_loss": 0.0, "fpem/risk_ranking_loss": 0.0, "fpem/risk_ranking_accuracy": 0.0, "fpem/risk_oracle_argmin_accuracy": 0.0, "fpem/risk_router_temperature": 0.0, "fpem/risk_router_lambda": 0.0, "fpem/risk_router_pairwise_lambda": 0.0, "fpem/env_route_train_mode_progressive_gmm_environment": 0.0, "fpem/top_level_prediction_source_progressive_gmm_teacher_hard": 0.0, "fpem/progressive_assignment_uses_target_or_prediction_error": 0.0, "fpem/progressive_partition_ready": 0.0, "fpem/progressive_selected_k": 0.0, "fpem/progressive_active_expert_count": 0.0, "fpem/progressive_last_partition_epoch": 0.0, "fpem/progressive_lambda_common": 0.0, "fpem/progressive_common_term": 0.0, "fpem/progressive_compactness_loss": 0.0, "fpem/progressive_consistency_loss": 0.0, "fpem/progressive_cluster_entropy": 0.0, "fpem/progressive_assignment_change_ratio": 0.0, "fpem/progressive_hungarian_overlap_score": 0.0, "fpem/progressive_partition_update_time_sec": 0.0, "fpem/progressive_routed_mae": 0.0, "fpem/progressive_gmm_environment_total_replaces_primary": 0.0, "fpem/env_route_count_head_0": 16.0, "fpem/env_route_oracle_count_head_0": 16.0, "fpem/route_count_env_head_0": 16.0, "fpem/route_soft_mean_expert_0": 1.0, "fpem/route_hard_count_expert_0": 16.0, "fpem/hard_count_expert_0": 16.0, "fpem/sinkhorn_soft_col_mass_expert_0": 0.0, "fpem/progressive_active_expert_0": 0.0, "fpem/progressive_cluster_size_0": 0.0, "fpem/progressive_cluster_ratio_0": 0.0, "fpem/progressive_cluster_to_expert_0": 0.0, "fpem/progressive_bic_k1": 0.0, "fpem/progressive_bic_score_k1": 0.0, "fpem/progressive_bic_rejected_k1": 0.0, "fpem/hyper_alpha_head_0": 0.0, "fpem/hyper_gamma_norm_head_0": 0.0, "fpem/hyper_beta_norm_head_0": 0.0, "fpem/expert_cross_mae_group_0_expert_0": 9.26844219480242, "fpem/load_expert_loss": 9.26844219480242, "fpem/hard_router_loss": 0.6353915282658168, "fpem/hard_router_target_env_ratio": 0.6964285714285714, "fpem/hard_router_predicted_env_ratio": 0.5351190476190476, "fpem/hard_router_effective_env_ratio": 0.5351190476190476, "fpem/hard_router_supervision_enabled": 1.0, "fpem/hard_router_warmup_active": 0.0, "fpem/load_level_assignment_detached": 1.0, "fpem/load_level_count_0": 1680.0, "fpem/load_level_ratio_0": 1.0, "fpem/expert_0_global_loss": 9.26844219480242, "fpem/expert_0_selected_loss": 9.26844219480242, "fpem/hard_router_margin_mean": 0.09556804356120882, "fpem/hard_router_gain_mean": 0.288362274709202, "fpem/hard_router_class_weight_invariant": 2.030718089285351, "fpem/hard_router_class_weight_environment": 0.7415691375732422, "fpem/expert_prediction_pairwise_difference": 0.0, "fpem/delta_pairwise_cosine": 0.0, "fpem/delta_pairwise_l1": 0.0, "fpem/delta_pairwise_l2": 0.0, "fpem/expert_0_parameter_norm": 15.925972402663458, "fpem/hard_binary_router_enabled": 1.0, "fpem/hard_router_uses_target_in_forward": 0.0, "fpem/stored_future_c_loaded": 0.0, "fpem/prediction_is_weighted_complete_fusion": 0.0, "fpem/future_mi_loss": 0.0, "fpem/future_mi_valid": 0.0, "fpem/future_mi_logvar_mean": 0.0, "fpem/future_mi_target_mode_env_encoder": 0.0, "fpem/swap_loss": 0.0, "fpem/swap_diff_loss": 0.0, "fpem/swap_same_loss": 0.0, "fpem/swap_gain_mean": 0.0, "fpem/swap_s_gain_mean": 0.0, "fpem/swap_fallback_router_loss": 0.0, "fpem/swap_fallback_q_mean": 0.0, "fpem/swap_prediction_delta": 0.0, "fpem/swap_route_delta": 0.0, "fpem/swap_hyper_alpha_delta": 0.0, "fpem/swap_hyper_delta_norm": 0.0, "fpem/loss_env_day": 0.0, "fpem/loss_env_hour": 0.0, "fpem/loss_env_rush": 0.0, "fpem/env_day_acc": 0.0, "fpem/env_hour_acc": 0.0, "fpem/env_rush_acc": 0.0, "fpem/loss_env_supcon": 0.0, "fpem/env_supcon_valid_pairs": 0.0, "fpem/loss_inv_env_adv": 0.0, "fpem/inv_day_acc": 0.0, "fpem/inv_hour_acc": 0.0, "fpem/inv_rush_acc": 0.0, "fpem/loss_cross_cov_sep": 0.0, "fpem/load_level_experts_enabled": 1.0, "fpem/load_level_uses_target_or_future_load": 0.0, "fpem/environment_gate_uses_target_in_forward": 0.0, "fpem/load_level_env_residual_scale": 0.0, "fpem/uses_cached_observable_load_prior": 1.0, "fpem/primary_loss": 8.88472218740554, "fpem/inv_pred_loss": 9.062522334144228, "fpem/primary_uses_route": 1.0, "fpem/primary_uses_env_fusion": 0.0, "fpem/backbone_agcrn": 1.0, "fpem/backbone_graphwavenet": 0.0, "fpem/backbone_staeformer": 0.0, "fpem/gc_pred_loss_only": 1.0, "fpem/env_route_head_mode_hyper_proto": 1.0, "fpem/fpem_force_uniform_route": 0.0, "fpem/hard_prediction_sinkhorn_total_replaces_primary": 0.0, "fpem/hard_prediction_environment_sinkhorn_total_replaces_primary": 0.0, "fpem/warmup_risk_sinkhorn_total_replaces_primary": 0.0, "fpem/lambda_club_mi": 0.0}}
EPOCH {"epoch": 24, "train_loss": 11.40101790655227, "val": {"loss": 11.334936989678276, "mae": 11.149619102478027, "mape": 0.20200318098068237}, "test_mixed": {"loss": NaN, "mae": NaN, "mape": NaN}, "test_workday": {"loss": NaN, "mae": NaN, "mape": NaN}, "test_holiday": {"loss": NaN, "mae": NaN, "mape": NaN}, "test_avg_mae": NaN, "lr": 0.001, "fpem_logs": {"fpem/fpem_env_use_exogenous": 1.0, "fpem/env_exogenous_available": 1.0, "fpem/env_exogenous_time_available": 1.0, "fpem/env_exogenous_load_available": 1.0, "fpem/env_exogenous_feature_dim": 32.0, "fpem/env_exogenous_embedding_norm": 2.791326397941226, "fpem/env_exogenous_load_embedding_norm": 1.8847190856933593, "fpem/env_rep_ablation_normal": 1.0, "fpem/env_rep_ablation_zero": 0.0, "fpem/env_rep_ablation_shuffle_batch": 0.0, "fpem/env_rep_ablation_mode_id": 0.0, "fpem/mask_loss": 0.0, "fpem/mask_sparse_loss": 0.0, "fpem/mask_entropy_loss": 0.0, "fpem/mask_mean": 1.0, "fpem/mask_entropy": 0.0, "fpem/mask_active_ratio": 1.0, "fpem/fusion_alpha_mean": 0.0, "fpem/fusion_alpha_std": 0.0, "fpem/fusion_alpha_min": 0.0, "fpem/fusion_alpha_max": 0.0, "fpem/env_route_loss": 2.5076628753117154, "fpem/env_route_L_final": 8.894047432854062, "fpem/env_route_L_global": 0.0, "fpem/env_route_L_route_soft": 0.0, "fpem/env_route_L_expert": 9.275251715523856, "fpem/env_route_L_router_oracle": 0.6526125147229149, "fpem/env_route_L_balance": 0.0, "fpem/env_route_L_diverse": 0.0, "fpem/env_route_L_proto_align": 0.0, "fpem/env_route_entropy": 0.0, "fpem/env_route_q_max_mean": 0.0, "fpem/hyper_alpha_mean": 0.0, "fpem/hyper_delta_norm": 0.0, "fpem/hyper_route_proto_mode_uniform_warmup": 0.0, "fpem/hyper_route_proto_mode_uniform_fixed": 0.0, "fpem/hyper_route_proto_mode_sinkhorn": 0.0, "fpem/hyper_route_proto_mode_softmax": 0.0, "fpem/fallback_q_mean": 0.48154761904761906, "fpem/fallback_q_max": 0.0, "fpem/env_q_sum_mean": 0.518452380952381, "fpem/oracle_fallback_rate": 0.0, "fpem/route_count_fallback": 0.0, "fpem/env_route_head_mode": 1.0, "fpem/route_entropy_mean": 0.0, "fpem/route_mean_distribution_entropy": 0.0, "fpem/effective_expert_number": 1.0, "fpem/max_expert_usage_ratio": 0.0, "fpem/min_expert_usage_ratio": 0.0, "fpem/prototype_pairwise_cosine": 0.0, "fpem/expert_prediction_pairwise_cosine": 0.0, "fpem/expert_collapse_warning": 0.0, "fpem/env_route_target_mode_env_prototype": 0.0, "fpem/env_route_target_mode_hybrid": 0.0, "fpem/env_route_hybrid_alpha": 0.0, "fpem/env_route_train_mode_warmup_risk_sinkhorn": 0.0, "fpem/warmup_risk_stage_warmup": 0.0, "fpem/warmup_risk_stage_soft": 0.0, "fpem/warmup_risk_stage_hard": 0.0, "fpem/warmup_risk_selected_loss": 0.0, "fpem/warmup_risk_uniform_common_loss": 0.0, "fpem/warmup_risk_lambda_common": 0.0, "fpem/warmup_risk_total_common_term": 0.0, "fpem/warmup_risk_temperature": 0.0, "fpem/warmup_risk_temperature_progress": 0.0, "fpem/uniform_expert_mae": 0.0, "fpem/risk_routed_mae": 0.0, "fpem/risk_prediction_mae": 0.0, "fpem/risk_loss": 0.0, "fpem/risk_ranking_loss": 0.0, "fpem/risk_ranking_accuracy": 0.0, "fpem/risk_oracle_argmin_accuracy": 0.0, "fpem/risk_router_temperature": 0.0, "fpem/risk_router_lambda": 0.0, "fpem/risk_router_pairwise_lambda": 0.0, "fpem/env_route_train_mode_progressive_gmm_environment": 0.0, "fpem/top_level_prediction_source_progressive_gmm_teacher_hard": 0.0, "fpem/progressive_assignment_uses_target_or_prediction_error": 0.0, "fpem/progressive_partition_ready": 0.0, "fpem/progressive_selected_k": 0.0, "fpem/progressive_active_expert_count": 0.0, "fpem/progressive_last_partition_epoch": 0.0, "fpem/progressive_lambda_common": 0.0, "fpem/progressive_common_term": 0.0, "fpem/progressive_compactness_loss": 0.0, "fpem/progressive_consistency_loss": 0.0, "fpem/progressive_cluster_entropy": 0.0, "fpem/progressive_assignment_change_ratio": 0.0, "fpem/progressive_hungarian_overlap_score": 0.0, "fpem/progressive_partition_update_time_sec": 0.0, "fpem/progressive_routed_mae": 0.0, "fpem/progressive_gmm_environment_total_replaces_primary": 0.0, "fpem/env_route_count_head_0": 16.0, "fpem/env_route_oracle_count_head_0": 16.0, "fpem/route_count_env_head_0": 16.0, "fpem/route_soft_mean_expert_0": 1.0, "fpem/route_hard_count_expert_0": 16.0, "fpem/hard_count_expert_0": 16.0, "fpem/sinkhorn_soft_col_mass_expert_0": 0.0, "fpem/progressive_active_expert_0": 0.0, "fpem/progressive_cluster_size_0": 0.0, "fpem/progressive_cluster_ratio_0": 0.0, "fpem/progressive_cluster_to_expert_0": 0.0, "fpem/progressive_bic_k1": 0.0, "fpem/progressive_bic_score_k1": 0.0, "fpem/progressive_bic_rejected_k1": 0.0, "fpem/hyper_alpha_head_0": 0.0, "fpem/hyper_gamma_norm_head_0": 0.0, "fpem/hyper_beta_norm_head_0": 0.0, "fpem/expert_cross_mae_group_0_expert_0": 9.275251715523856, "fpem/load_expert_loss": 9.275251715523856, "fpem/hard_router_loss": 0.6526125147229149, "fpem/hard_router_target_env_ratio": 0.6827380952380953, "fpem/hard_router_predicted_env_ratio": 0.518452380952381, "fpem/hard_router_effective_env_ratio": 0.518452380952381, "fpem/hard_router_supervision_enabled": 1.0, "fpem/hard_router_warmup_active": 0.0, "fpem/load_level_assignment_detached": 1.0, "fpem/load_level_count_0": 1680.0, "fpem/load_level_ratio_0": 1.0, "fpem/expert_0_global_loss": 9.275251715523856, "fpem/expert_0_selected_loss": 9.275251715523856, "fpem/hard_router_margin_mean": 0.09556804313546136, "fpem/hard_router_gain_mean": 0.281552774139813, "fpem/hard_router_class_weight_invariant": 1.863794437476567, "fpem/hard_router_class_weight_environment": 0.7519217457090105, "fpem/expert_prediction_pairwise_difference": 0.0, "fpem/delta_pairwise_cosine": 0.0, "fpem/delta_pairwise_l1": 0.0, "fpem/delta_pairwise_l2": 0.0, "fpem/expert_0_parameter_norm": 15.962059338887533, "fpem/hard_binary_router_enabled": 1.0, "fpem/hard_router_uses_target_in_forward": 0.0, "fpem/stored_future_c_loaded": 0.0, "fpem/prediction_is_weighted_complete_fusion": 0.0, "fpem/future_mi_loss": 0.0, "fpem/future_mi_valid": 0.0, "fpem/future_mi_logvar_mean": 0.0, "fpem/future_mi_target_mode_env_encoder": 0.0, "fpem/swap_loss": 0.0, "fpem/swap_diff_loss": 0.0, "fpem/swap_same_loss": 0.0, "fpem/swap_gain_mean": 0.0, "fpem/swap_s_gain_mean": 0.0, "fpem/swap_fallback_router_loss": 0.0, "fpem/swap_fallback_q_mean": 0.0, "fpem/swap_prediction_delta": 0.0, "fpem/swap_route_delta": 0.0, "fpem/swap_hyper_alpha_delta": 0.0, "fpem/swap_hyper_delta_norm": 0.0, "fpem/loss_env_day": 0.0, "fpem/loss_env_hour": 0.0, "fpem/loss_env_rush": 0.0, "fpem/env_day_acc": 0.0, "fpem/env_hour_acc": 0.0, "fpem/env_rush_acc": 0.0, "fpem/loss_env_supcon": 0.0, "fpem/env_supcon_valid_pairs": 0.0, "fpem/loss_inv_env_adv": 0.0, "fpem/inv_day_acc": 0.0, "fpem/inv_hour_acc": 0.0, "fpem/inv_rush_acc": 0.0, "fpem/loss_cross_cov_sep": 0.0, "fpem/load_level_experts_enabled": 1.0, "fpem/load_level_uses_target_or_future_load": 0.0, "fpem/environment_gate_uses_target_in_forward": 0.0, "fpem/load_level_env_residual_scale": 0.0, "fpem/uses_cached_observable_load_prior": 1.0, "fpem/primary_loss": 8.894047432854062, "fpem/inv_pred_loss": 9.067193517230805, "fpem/primary_uses_route": 1.0, "fpem/primary_uses_env_fusion": 0.0, "fpem/backbone_agcrn": 1.0, "fpem/backbone_graphwavenet": 0.0, "fpem/backbone_staeformer": 0.0, "fpem/gc_pred_loss_only": 1.0, "fpem/env_route_head_mode_hyper_proto": 1.0, "fpem/fpem_force_uniform_route": 0.0, "fpem/hard_prediction_sinkhorn_total_replaces_primary": 0.0, "fpem/hard_prediction_environment_sinkhorn_total_replaces_primary": 0.0, "fpem/warmup_risk_sinkhorn_total_replaces_primary": 0.0, "fpem/lambda_club_mi": 0.0}}
EPOCH {"epoch": 25, "train_loss": 11.377468454270137, "val": {"loss": 11.312599764929878, "mae": 11.122119903564453, "mape": 0.19973887503147125}, "test_mixed": {"loss": NaN, "mae": NaN, "mape": NaN}, "test_workday": {"loss": NaN, "mae": NaN, "mape": NaN}, "test_holiday": {"loss": NaN, "mae": NaN, "mape": NaN}, "test_avg_mae": NaN, "lr": 0.0005, "fpem_logs": {"fpem/fpem_env_use_exogenous": 1.0, "fpem/env_exogenous_available": 1.0, "fpem/env_exogenous_time_available": 1.0, "fpem/env_exogenous_load_available": 1.0, "fpem/env_exogenous_feature_dim": 32.0, "fpem/env_exogenous_embedding_norm": 2.7918228058587937, "fpem/env_exogenous_load_embedding_norm": 1.8852665106455484, "fpem/env_rep_ablation_normal": 1.0, "fpem/env_rep_ablation_zero": 0.0, "fpem/env_rep_ablation_shuffle_batch": 0.0, "fpem/env_rep_ablation_mode_id": 0.0, "fpem/mask_loss": 0.0, "fpem/mask_sparse_loss": 0.0, "fpem/mask_entropy_loss": 0.0, "fpem/mask_mean": 1.0, "fpem/mask_entropy": 0.0, "fpem/mask_active_ratio": 1.0, "fpem/fusion_alpha_mean": 0.0, "fpem/fusion_alpha_std": 0.0, "fpem/fusion_alpha_min": 0.0, "fpem/fusion_alpha_max": 0.0, "fpem/env_route_loss": 2.505727363768078, "fpem/env_route_L_final": 8.879691859654018, "fpem/env_route_L_global": 0.0, "fpem/env_route_L_route_soft": 0.0, "fpem/env_route_L_expert": 9.277466338021414, "fpem/env_route_L_router_oracle": 0.6502340680076962, "fpem/env_route_L_balance": 0.0, "fpem/env_route_L_diverse": 0.0, "fpem/env_route_L_proto_align": 0.0, "fpem/env_route_entropy": 0.0, "fpem/env_route_q_max_mean": 0.0, "fpem/hyper_alpha_mean": 0.0, "fpem/hyper_delta_norm": 0.0, "fpem/hyper_route_proto_mode_uniform_warmup": 0.0, "fpem/hyper_route_proto_mode_uniform_fixed": 0.0, "fpem/hyper_route_proto_mode_sinkhorn": 0.0, "fpem/hyper_route_proto_mode_softmax": 0.0, "fpem/fallback_q_mean": 0.45357142857142857, "fpem/fallback_q_max": 0.0, "fpem/env_q_sum_mean": 0.5464285714285714, "fpem/oracle_fallback_rate": 0.0, "fpem/route_count_fallback": 0.0, "fpem/env_route_head_mode": 1.0, "fpem/route_entropy_mean": 0.0, "fpem/route_mean_distribution_entropy": 0.0, "fpem/effective_expert_number": 1.0, "fpem/max_expert_usage_ratio": 0.0, "fpem/min_expert_usage_ratio": 0.0, "fpem/prototype_pairwise_cosine": 0.0, "fpem/expert_prediction_pairwise_cosine": 0.0, "fpem/expert_collapse_warning": 0.0, "fpem/env_route_target_mode_env_prototype": 0.0, "fpem/env_route_target_mode_hybrid": 0.0, "fpem/env_route_hybrid_alpha": 0.0, "fpem/env_route_train_mode_warmup_risk_sinkhorn": 0.0, "fpem/warmup_risk_stage_warmup": 0.0, "fpem/warmup_risk_stage_soft": 0.0, "fpem/warmup_risk_stage_hard": 0.0, "fpem/warmup_risk_selected_loss": 0.0, "fpem/warmup_risk_uniform_common_loss": 0.0, "fpem/warmup_risk_lambda_common": 0.0, "fpem/warmup_risk_total_common_term": 0.0, "fpem/warmup_risk_temperature": 0.0, "fpem/warmup_risk_temperature_progress": 0.0, "fpem/uniform_expert_mae": 0.0, "fpem/risk_routed_mae": 0.0, "fpem/risk_prediction_mae": 0.0, "fpem/risk_loss": 0.0, "fpem/risk_ranking_loss": 0.0, "fpem/risk_ranking_accuracy": 0.0, "fpem/risk_oracle_argmin_accuracy": 0.0, "fpem/risk_router_temperature": 0.0, "fpem/risk_router_lambda": 0.0, "fpem/risk_router_pairwise_lambda": 0.0, "fpem/env_route_train_mode_progressive_gmm_environment": 0.0, "fpem/top_level_prediction_source_progressive_gmm_teacher_hard": 0.0, "fpem/progressive_assignment_uses_target_or_prediction_error": 0.0, "fpem/progressive_partition_ready": 0.0, "fpem/progressive_selected_k": 0.0, "fpem/progressive_active_expert_count": 0.0, "fpem/progressive_last_partition_epoch": 0.0, "fpem/progressive_lambda_common": 0.0, "fpem/progressive_common_term": 0.0, "fpem/progressive_compactness_loss": 0.0, "fpem/progressive_consistency_loss": 0.0, "fpem/progressive_cluster_entropy": 0.0, "fpem/progressive_assignment_change_ratio": 0.0, "fpem/progressive_hungarian_overlap_score": 0.0, "fpem/progressive_partition_update_time_sec": 0.0, "fpem/progressive_routed_mae": 0.0, "fpem/progressive_gmm_environment_total_replaces_primary": 0.0, "fpem/env_route_count_head_0": 16.0, "fpem/env_route_oracle_count_head_0": 16.0, "fpem/route_count_env_head_0": 16.0, "fpem/route_soft_mean_expert_0": 1.0, "fpem/route_hard_count_expert_0": 16.0, "fpem/hard_count_expert_0": 16.0, "fpem/sinkhorn_soft_col_mass_expert_0": 0.0, "fpem/progressive_active_expert_0": 0.0, "fpem/progressive_cluster_size_0": 0.0, "fpem/progressive_cluster_ratio_0": 0.0, "fpem/progressive_cluster_to_expert_0": 0.0, "fpem/progressive_bic_k1": 0.0, "fpem/progressive_bic_score_k1": 0.0, "fpem/progressive_bic_rejected_k1": 0.0, "fpem/hyper_alpha_head_0": 0.0, "fpem/hyper_gamma_norm_head_0": 0.0, "fpem/hyper_beta_norm_head_0": 0.0, "fpem/expert_cross_mae_group_0_expert_0": 9.277466338021414, "fpem/load_expert_loss": 9.277466338021414, "fpem/hard_router_loss": 0.6502340680076962, "fpem/hard_router_target_env_ratio": 0.6827380952380953, "fpem/hard_router_predicted_env_ratio": 0.5464285714285714, "fpem/hard_router_effective_env_ratio": 0.5464285714285714, "fpem/hard_router_supervision_enabled": 1.0, "fpem/hard_router_warmup_active": 0.0, "fpem/load_level_assignment_detached": 1.0, "fpem/load_level_count_0": 1680.0, "fpem/load_level_ratio_0": 1.0, "fpem/expert_0_global_loss": 9.277466338021414, "fpem/expert_0_selected_loss": 9.277466338021414, "fpem/hard_router_margin_mean": 0.09556804292258762, "fpem/hard_router_gain_mean": 0.27933819379125324, "fpem/hard_router_class_weight_invariant": 1.883144401936304, "fpem/hard_router_class_weight_environment": 0.7646345365615118, "fpem/expert_prediction_pairwise_difference": 0.0, "fpem/delta_pairwise_cosine": 0.0, "fpem/delta_pairwise_l1": 0.0, "fpem/delta_pairwise_l2": 0.0, "fpem/expert_0_parameter_norm": 16.00291930607387, "fpem/hard_binary_router_enabled": 1.0, "fpem/hard_router_uses_target_in_forward": 0.0, "fpem/stored_future_c_loaded": 0.0, "fpem/prediction_is_weighted_complete_fusion": 0.0, "fpem/future_mi_loss": 0.0, "fpem/future_mi_valid": 0.0, "fpem/future_mi_logvar_mean": 0.0, "fpem/future_mi_target_mode_env_encoder": 0.0, "fpem/swap_loss": 0.0, "fpem/swap_diff_loss": 0.0, "fpem/swap_same_loss": 0.0, "fpem/swap_gain_mean": 0.0, "fpem/swap_s_gain_mean": 0.0, "fpem/swap_fallback_router_loss": 0.0, "fpem/swap_fallback_q_mean": 0.0, "fpem/swap_prediction_delta": 0.0, "fpem/swap_route_delta": 0.0, "fpem/swap_hyper_alpha_delta": 0.0, "fpem/swap_hyper_delta_norm": 0.0, "fpem/loss_env_day": 0.0, "fpem/loss_env_hour": 0.0, "fpem/loss_env_rush": 0.0, "fpem/env_day_acc": 0.0, "fpem/env_hour_acc": 0.0, "fpem/env_rush_acc": 0.0, "fpem/loss_env_supcon": 0.0, "fpem/env_supcon_valid_pairs": 0.0, "fpem/loss_inv_env_adv": 0.0, "fpem/inv_day_acc": 0.0, "fpem/inv_hour_acc": 0.0, "fpem/inv_rush_acc": 0.0, "fpem/loss_cross_cov_sep": 0.0, "fpem/load_level_experts_enabled": 1.0, "fpem/load_level_uses_target_or_future_load": 0.0, "fpem/environment_gate_uses_target_in_forward": 0.0, "fpem/load_level_env_residual_scale": 0.0, "fpem/uses_cached_observable_load_prior": 1.0, "fpem/primary_loss": 8.879691859654018, "fpem/inv_pred_loss": 9.058551488603864, "fpem/primary_uses_route": 1.0, "fpem/primary_uses_env_fusion": 0.0, "fpem/backbone_agcrn": 1.0, "fpem/backbone_graphwavenet": 0.0, "fpem/backbone_staeformer": 0.0, "fpem/gc_pred_loss_only": 1.0, "fpem/env_route_head_mode_hyper_proto": 1.0, "fpem/fpem_force_uniform_route": 0.0, "fpem/hard_prediction_sinkhorn_total_replaces_primary": 0.0, "fpem/hard_prediction_environment_sinkhorn_total_replaces_primary": 0.0, "fpem/warmup_risk_sinkhorn_total_replaces_primary": 0.0, "fpem/lambda_club_mi": 0.0}}
EPOCH {"epoch": 26, "train_loss": 11.355635361444383, "val": {"loss": 11.332187308205498, "mae": 11.143436431884766, "mape": 0.20505006611347198}, "test_mixed": {"loss": NaN, "mae": NaN, "mape": NaN}, "test_workday": {"loss": NaN, "mae": NaN, "mape": NaN}, "test_holiday": {"loss": NaN, "mae": NaN, "mape": NaN}, "test_avg_mae": NaN, "lr": 0.0005, "fpem_logs": {"fpem/fpem_env_use_exogenous": 1.0, "fpem/env_exogenous_available": 1.0, "fpem/env_exogenous_time_available": 1.0, "fpem/env_exogenous_load_available": 1.0, "fpem/env_exogenous_feature_dim": 32.0, "fpem/env_exogenous_embedding_norm": 2.7954045999617803, "fpem/env_exogenous_load_embedding_norm": 1.891800442196074, "fpem/env_rep_ablation_normal": 1.0, "fpem/env_rep_ablation_zero": 0.0, "fpem/env_rep_ablation_shuffle_batch": 0.0, "fpem/env_rep_ablation_mode_id": 0.0, "fpem/mask_loss": 0.0, "fpem/mask_sparse_loss": 0.0, "fpem/mask_entropy_loss": 0.0, "fpem/mask_mean": 1.0, "fpem/mask_entropy": 0.0, "fpem/mask_active_ratio": 1.0, "fpem/fusion_alpha_mean": 0.0, "fpem/fusion_alpha_std": 0.0, "fpem/fusion_alpha_min": 0.0, "fpem/fusion_alpha_max": 0.0, "fpem/env_route_loss": 2.4879072348276776, "fpem/env_route_L_final": 8.871359738849458, "fpem/env_route_L_global": 0.0, "fpem/env_route_L_route_soft": 0.0, "fpem/env_route_L_expert": 9.241072418576195, "fpem/env_route_L_router_oracle": 0.6396927220480783, "fpem/env_route_L_balance": 0.0, "fpem/env_route_L_diverse": 0.0, "fpem/env_route_L_proto_align": 0.0, "fpem/env_route_entropy": 0.0, "fpem/env_route_q_max_mean": 0.0, "fpem/hyper_alpha_mean": 0.0, "fpem/hyper_delta_norm": 0.0, "fpem/hyper_route_proto_mode_uniform_warmup": 0.0, "fpem/hyper_route_proto_mode_uniform_fixed": 0.0, "fpem/hyper_route_proto_mode_sinkhorn": 0.0, "fpem/hyper_route_proto_mode_softmax": 0.0, "fpem/fallback_q_mean": 0.46785714285714286, "fpem/fallback_q_max": 0.0, "fpem/env_q_sum_mean": 0.5321428571428571, "fpem/oracle_fallback_rate": 0.0, "fpem/route_count_fallback": 0.0, "fpem/env_route_head_mode": 1.0, "fpem/route_entropy_mean": 0.0, "fpem/route_mean_distribution_entropy": 0.0, "fpem/effective_expert_number": 1.0, "fpem/max_expert_usage_ratio": 0.0, "fpem/min_expert_usage_ratio": 0.0, "fpem/prototype_pairwise_cosine": 0.0, "fpem/expert_prediction_pairwise_cosine": 0.0, "fpem/expert_collapse_warning": 0.0, "fpem/env_route_target_mode_env_prototype": 0.0, "fpem/env_route_target_mode_hybrid": 0.0, "fpem/env_route_hybrid_alpha": 0.0, "fpem/env_route_train_mode_warmup_risk_sinkhorn": 0.0, "fpem/warmup_risk_stage_warmup": 0.0, "fpem/warmup_risk_stage_soft": 0.0, "fpem/warmup_risk_stage_hard": 0.0, "fpem/warmup_risk_selected_loss": 0.0, "fpem/warmup_risk_uniform_common_loss": 0.0, "fpem/warmup_risk_lambda_common": 0.0, "fpem/warmup_risk_total_common_term": 0.0, "fpem/warmup_risk_temperature": 0.0, "fpem/warmup_risk_temperature_progress": 0.0, "fpem/uniform_expert_mae": 0.0, "fpem/risk_routed_mae": 0.0, "fpem/risk_prediction_mae": 0.0, "fpem/risk_loss": 0.0, "fpem/risk_ranking_loss": 0.0, "fpem/risk_ranking_accuracy": 0.0, "fpem/risk_oracle_argmin_accuracy": 0.0, "fpem/risk_router_temperature": 0.0, "fpem/risk_router_lambda": 0.0, "fpem/risk_router_pairwise_lambda": 0.0, "fpem/env_route_train_mode_progressive_gmm_environment": 0.0, "fpem/top_level_prediction_source_progressive_gmm_teacher_hard": 0.0, "fpem/progressive_assignment_uses_target_or_prediction_error": 0.0, "fpem/progressive_partition_ready": 0.0, "fpem/progressive_selected_k": 0.0, "fpem/progressive_active_expert_count": 0.0, "fpem/progressive_last_partition_epoch": 0.0, "fpem/progressive_lambda_common": 0.0, "fpem/progressive_common_term": 0.0, "fpem/progressive_compactness_loss": 0.0, "fpem/progressive_consistency_loss": 0.0, "fpem/progressive_cluster_entropy": 0.0, "fpem/progressive_assignment_change_ratio": 0.0, "fpem/progressive_hungarian_overlap_score": 0.0, "fpem/progressive_partition_update_time_sec": 0.0, "fpem/progressive_routed_mae": 0.0, "fpem/progressive_gmm_environment_total_replaces_primary": 0.0, "fpem/env_route_count_head_0": 16.0, "fpem/env_route_oracle_count_head_0": 16.0, "fpem/route_count_env_head_0": 16.0, "fpem/route_soft_mean_expert_0": 1.0, "fpem/route_hard_count_expert_0": 16.0, "fpem/hard_count_expert_0": 16.0, "fpem/sinkhorn_soft_col_mass_expert_0": 0.0, "fpem/progressive_active_expert_0": 0.0, "fpem/progressive_cluster_size_0": 0.0, "fpem/progressive_cluster_ratio_0": 0.0, "fpem/progressive_cluster_to_expert_0": 0.0, "fpem/progressive_bic_k1": 0.0, "fpem/progressive_bic_score_k1": 0.0, "fpem/progressive_bic_rejected_k1": 0.0, "fpem/hyper_alpha_head_0": 0.0, "fpem/hyper_gamma_norm_head_0": 0.0, "fpem/hyper_beta_norm_head_0": 0.0, "fpem/expert_cross_mae_group_0_expert_0": 9.241072418576195, "fpem/load_expert_loss": 9.241072418576195, "fpem/hard_router_loss": 0.6396927220480783, "fpem/hard_router_target_env_ratio": 0.7166666666666667, "fpem/hard_router_predicted_env_ratio": 0.5321428571428571, "fpem/hard_router_effective_env_ratio": 0.5321428571428571, "fpem/hard_router_supervision_enabled": 1.0, "fpem/hard_router_warmup_active": 0.0, "fpem/load_level_assignment_detached": 1.0, "fpem/load_level_count_0": 1680.0, "fpem/load_level_ratio_0": 1.0, "fpem/expert_0_global_loss": 9.241072418576195, "fpem/expert_0_selected_loss": 9.241072418576195, "fpem/hard_router_margin_mean": 0.09556804249684016, "fpem/hard_router_gain_mean": 0.31573201701754616, "fpem/hard_router_class_weight_invariant": 2.196371911253248, "fpem/hard_router_class_weight_environment": 0.7175662631080264, "fpem/expert_prediction_pairwise_difference": 0.0, "fpem/delta_pairwise_cosine": 0.0, "fpem/delta_pairwise_l1": 0.0, "fpem/delta_pairwise_l2": 0.0, "fpem/expert_0_parameter_norm": 16.029122416178385, "fpem/hard_binary_router_enabled": 1.0, "fpem/hard_router_uses_target_in_forward": 0.0, "fpem/stored_future_c_loaded": 0.0, "fpem/prediction_is_weighted_complete_fusion": 0.0, "fpem/future_mi_loss": 0.0, "fpem/future_mi_valid": 0.0, "fpem/future_mi_logvar_mean": 0.0, "fpem/future_mi_target_mode_env_encoder": 0.0, "fpem/swap_loss": 0.0, "fpem/swap_diff_loss": 0.0, "fpem/swap_same_loss": 0.0, "fpem/swap_gain_mean": 0.0, "fpem/swap_s_gain_mean": 0.0, "fpem/swap_fallback_router_loss": 0.0, "fpem/swap_fallback_q_mean": 0.0, "fpem/swap_prediction_delta": 0.0, "fpem/swap_route_delta": 0.0, "fpem/swap_hyper_alpha_delta": 0.0, "fpem/swap_hyper_delta_norm": 0.0, "fpem/loss_env_day": 0.0, "fpem/loss_env_hour": 0.0, "fpem/loss_env_rush": 0.0, "fpem/env_day_acc": 0.0, "fpem/env_hour_acc": 0.0, "fpem/env_rush_acc": 0.0, "fpem/loss_env_supcon": 0.0, "fpem/env_supcon_valid_pairs": 0.0, "fpem/loss_inv_env_adv": 0.0, "fpem/inv_day_acc": 0.0, "fpem/inv_hour_acc": 0.0, "fpem/inv_rush_acc": 0.0, "fpem/loss_cross_cov_sep": 0.0, "fpem/load_level_experts_enabled": 1.0, "fpem/load_level_uses_target_or_future_load": 0.0, "fpem/environment_gate_uses_target_in_forward": 0.0, "fpem/load_level_env_residual_scale": 0.0, "fpem/uses_cached_observable_load_prior": 1.0, "fpem/primary_loss": 8.871359738849458, "fpem/inv_pred_loss": 9.068288303556896, "fpem/primary_uses_route": 1.0, "fpem/primary_uses_env_fusion": 0.0, "fpem/backbone_agcrn": 1.0, "fpem/backbone_graphwavenet": 0.0, "fpem/backbone_staeformer": 0.0, "fpem/gc_pred_loss_only": 1.0, "fpem/env_route_head_mode_hyper_proto": 1.0, "fpem/fpem_force_uniform_route": 0.0, "fpem/hard_prediction_sinkhorn_total_replaces_primary": 0.0, "fpem/hard_prediction_environment_sinkhorn_total_replaces_primary": 0.0, "fpem/warmup_risk_sinkhorn_total_replaces_primary": 0.0, "fpem/lambda_club_mi": 0.0}}
EPOCH {"epoch": 27, "train_loss": 11.355073965163458, "val": {"loss": 11.33638334274292, "mae": 11.149717330932617, "mape": 0.201176255941391}, "test_mixed": {"loss": NaN, "mae": NaN, "mape": NaN}, "test_workday": {"loss": NaN, "mae": NaN, "mape": NaN}, "test_holiday": {"loss": NaN, "mae": NaN, "mape": NaN}, "test_avg_mae": NaN, "lr": 0.0005, "fpem_logs": {"fpem/fpem_env_use_exogenous": 1.0, "fpem/env_exogenous_available": 1.0, "fpem/env_exogenous_time_available": 1.0, "fpem/env_exogenous_load_available": 1.0, "fpem/env_exogenous_feature_dim": 32.0, "fpem/env_exogenous_embedding_norm": 2.804828459875924, "fpem/env_exogenous_load_embedding_norm": 1.897679470834278, "fpem/env_rep_ablation_normal": 1.0, "fpem/env_rep_ablation_zero": 0.0, "fpem/env_rep_ablation_shuffle_batch": 0.0, "fpem/env_rep_ablation_mode_id": 0.0, "fpem/mask_loss": 0.0, "fpem/mask_sparse_loss": 0.0, "fpem/mask_entropy_loss": 0.0, "fpem/mask_mean": 1.0, "fpem/mask_entropy": 0.0, "fpem/mask_active_ratio": 1.0, "fpem/fusion_alpha_mean": 0.0, "fpem/fusion_alpha_std": 0.0, "fpem/fusion_alpha_min": 0.0, "fpem/fusion_alpha_max": 0.0, "fpem/env_route_loss": 2.4801637286231633, "fpem/env_route_L_final": 8.86718111038208, "fpem/env_route_L_global": 0.0, "fpem/env_route_L_route_soft": 0.0, "fpem/env_route_L_expert": 9.245067432948522, "fpem/env_route_L_router_oracle": 0.6311502056462425, "fpem/env_route_L_balance": 0.0, "fpem/env_route_L_diverse": 0.0, "fpem/env_route_L_proto_align": 0.0, "fpem/env_route_entropy": 0.0, "fpem/env_route_q_max_mean": 0.0, "fpem/hyper_alpha_mean": 0.0, "fpem/hyper_delta_norm": 0.0, "fpem/hyper_route_proto_mode_uniform_warmup": 0.0, "fpem/hyper_route_proto_mode_uniform_fixed": 0.0, "fpem/hyper_route_proto_mode_sinkhorn": 0.0, "fpem/hyper_route_proto_mode_softmax": 0.0, "fpem/fallback_q_mean": 0.46904761904761905, "fpem/fallback_q_max": 0.0, "fpem/env_q_sum_mean": 0.530952380952381, "fpem/oracle_fallback_rate": 0.0, "fpem/route_count_fallback": 0.0, "fpem/env_route_head_mode": 1.0, "fpem/route_entropy_mean": 0.0, "fpem/route_mean_distribution_entropy": 0.0, "fpem/effective_expert_number": 1.0, "fpem/max_expert_usage_ratio": 0.0, "fpem/min_expert_usage_ratio": 0.0, "fpem/prototype_pairwise_cosine": 0.0, "fpem/expert_prediction_pairwise_cosine": 0.0, "fpem/expert_collapse_warning": 0.0, "fpem/env_route_target_mode_env_prototype": 0.0, "fpem/env_route_target_mode_hybrid": 0.0, "fpem/env_route_hybrid_alpha": 0.0, "fpem/env_route_train_mode_warmup_risk_sinkhorn": 0.0, "fpem/warmup_risk_stage_warmup": 0.0, "fpem/warmup_risk_stage_soft": 0.0, "fpem/warmup_risk_stage_hard": 0.0, "fpem/warmup_risk_selected_loss": 0.0, "fpem/warmup_risk_uniform_common_loss": 0.0, "fpem/warmup_risk_lambda_common": 0.0, "fpem/warmup_risk_total_common_term": 0.0, "fpem/warmup_risk_temperature": 0.0, "fpem/warmup_risk_temperature_progress": 0.0, "fpem/uniform_expert_mae": 0.0, "fpem/risk_routed_mae": 0.0, "fpem/risk_prediction_mae": 0.0, "fpem/risk_loss": 0.0, "fpem/risk_ranking_loss": 0.0, "fpem/risk_ranking_accuracy": 0.0, "fpem/risk_oracle_argmin_accuracy": 0.0, "fpem/risk_router_temperature": 0.0, "fpem/risk_router_lambda": 0.0, "fpem/risk_router_pairwise_lambda": 0.0, "fpem/env_route_train_mode_progressive_gmm_environment": 0.0, "fpem/top_level_prediction_source_progressive_gmm_teacher_hard": 0.0, "fpem/progressive_assignment_uses_target_or_prediction_error": 0.0, "fpem/progressive_partition_ready": 0.0, "fpem/progressive_selected_k": 0.0, "fpem/progressive_active_expert_count": 0.0, "fpem/progressive_last_partition_epoch": 0.0, "fpem/progressive_lambda_common": 0.0, "fpem/progressive_common_term": 0.0, "fpem/progressive_compactness_loss": 0.0, "fpem/progressive_consistency_loss": 0.0, "fpem/progressive_cluster_entropy": 0.0, "fpem/progressive_assignment_change_ratio": 0.0, "fpem/progressive_hungarian_overlap_score": 0.0, "fpem/progressive_partition_update_time_sec": 0.0, "fpem/progressive_routed_mae": 0.0, "fpem/progressive_gmm_environment_total_replaces_primary": 0.0, "fpem/env_route_count_head_0": 16.0, "fpem/env_route_oracle_count_head_0": 16.0, "fpem/route_count_env_head_0": 16.0, "fpem/route_soft_mean_expert_0": 1.0, "fpem/route_hard_count_expert_0": 16.0, "fpem/hard_count_expert_0": 16.0, "fpem/sinkhorn_soft_col_mass_expert_0": 0.0, "fpem/progressive_active_expert_0": 0.0, "fpem/progressive_cluster_size_0": 0.0, "fpem/progressive_cluster_ratio_0": 0.0, "fpem/progressive_cluster_to_expert_0": 0.0, "fpem/progressive_bic_k1": 0.0, "fpem/progressive_bic_score_k1": 0.0, "fpem/progressive_bic_rejected_k1": 0.0, "fpem/hyper_alpha_head_0": 0.0, "fpem/hyper_gamma_norm_head_0": 0.0, "fpem/hyper_beta_norm_head_0": 0.0, "fpem/expert_cross_mae_group_0_expert_0": 9.245067432948522, "fpem/load_expert_loss": 9.245067432948522, "fpem/hard_router_loss": 0.6311502056462425, "fpem/hard_router_target_env_ratio": 0.7077380952380953, "fpem/hard_router_predicted_env_ratio": 0.530952380952381, "fpem/hard_router_effective_env_ratio": 0.530952380952381, "fpem/hard_router_supervision_enabled": 1.0, "fpem/hard_router_warmup_active": 0.0, "fpem/load_level_assignment_detached": 1.0, "fpem/load_level_count_0": 1680.0, "fpem/load_level_ratio_0": 1.0, "fpem/expert_0_global_loss": 9.245067432948522, "fpem/expert_0_selected_loss": 9.245067432948522, "fpem/hard_router_margin_mean": 0.09556804263875598, "fpem/hard_router_gain_mean": 0.3117370354277747, "fpem/hard_router_class_weight_invariant": 2.103613030342829, "fpem/hard_router_class_weight_environment": 0.7267346592176528, "fpem/expert_prediction_pairwise_difference": 0.0, "fpem/delta_pairwise_cosine": 0.0, "fpem/delta_pairwise_l1": 0.0, "fpem/delta_pairwise_l2": 0.0, "fpem/expert_0_parameter_norm": 16.038520504179456, "fpem/hard_binary_router_enabled": 1.0, "fpem/hard_router_uses_target_in_forward": 0.0, "fpem/stored_future_c_loaded": 0.0, "fpem/prediction_is_weighted_complete_fusion": 0.0, "fpem/future_mi_loss": 0.0, "fpem/future_mi_valid": 0.0, "fpem/future_mi_logvar_mean": 0.0, "fpem/future_mi_target_mode_env_encoder": 0.0, "fpem/swap_loss": 0.0, "fpem/swap_diff_loss": 0.0, "fpem/swap_same_loss": 0.0, "fpem/swap_gain_mean": 0.0, "fpem/swap_s_gain_mean": 0.0, "fpem/swap_fallback_router_loss": 0.0, "fpem/swap_fallback_q_mean": 0.0, "fpem/swap_prediction_delta": 0.0, "fpem/swap_route_delta": 0.0, "fpem/swap_hyper_alpha_delta": 0.0, "fpem/swap_hyper_delta_norm": 0.0, "fpem/loss_env_day": 0.0, "fpem/loss_env_hour": 0.0, "fpem/loss_env_rush": 0.0, "fpem/env_day_acc": 0.0, "fpem/env_hour_acc": 0.0, "fpem/env_rush_acc": 0.0, "fpem/loss_env_supcon": 0.0, "fpem/env_supcon_valid_pairs": 0.0, "fpem/loss_inv_env_adv": 0.0, "fpem/inv_day_acc": 0.0, "fpem/inv_hour_acc": 0.0, "fpem/inv_rush_acc": 0.0, "fpem/loss_cross_cov_sep": 0.0, "fpem/load_level_experts_enabled": 1.0, "fpem/load_level_uses_target_or_future_load": 0.0, "fpem/environment_gate_uses_target_in_forward": 0.0, "fpem/load_level_env_residual_scale": 0.0, "fpem/uses_cached_observable_load_prior": 1.0, "fpem/primary_loss": 8.86718111038208, "fpem/inv_pred_loss": 9.063201055072604, "fpem/primary_uses_route": 1.0, "fpem/primary_uses_env_fusion": 0.0, "fpem/backbone_agcrn": 1.0, "fpem/backbone_graphwavenet": 0.0, "fpem/backbone_staeformer": 0.0, "fpem/gc_pred_loss_only": 1.0, "fpem/env_route_head_mode_hyper_proto": 1.0, "fpem/fpem_force_uniform_route": 0.0, "fpem/hard_prediction_sinkhorn_total_replaces_primary": 0.0, "fpem/hard_prediction_environment_sinkhorn_total_replaces_primary": 0.0, "fpem/warmup_risk_sinkhorn_total_replaces_primary": 0.0, "fpem/lambda_club_mi": 0.0}}
EPOCH {"epoch": 28, "train_loss": 11.338579568408784, "val": {"loss": 11.320822477340698, "mae": 11.135845184326172, "mape": 0.20237915217876434}, "test_mixed": {"loss": NaN, "mae": NaN, "mape": NaN}, "test_workday": {"loss": NaN, "mae": NaN, "mape": NaN}, "test_holiday": {"loss": NaN, "mae": NaN, "mape": NaN}, "test_avg_mae": NaN, "lr": 0.0005, "fpem_logs": {"fpem/fpem_env_use_exogenous": 1.0, "fpem/env_exogenous_available": 1.0, "fpem/env_exogenous_time_available": 1.0, "fpem/env_exogenous_load_available": 1.0, "fpem/env_exogenous_feature_dim": 32.0, "fpem/env_exogenous_embedding_norm": 2.813108208065941, "fpem/env_exogenous_load_embedding_norm": 1.9022544917606172, "fpem/env_rep_ablation_normal": 1.0, "fpem/env_rep_ablation_zero": 0.0, "fpem/env_rep_ablation_shuffle_batch": 0.0, "fpem/env_rep_ablation_mode_id": 0.0, "fpem/mask_loss": 0.0, "fpem/mask_sparse_loss": 0.0, "fpem/mask_entropy_loss": 0.0, "fpem/mask_mean": 1.0, "fpem/mask_entropy": 0.0, "fpem/mask_active_ratio": 1.0, "fpem/fusion_alpha_mean": 0.0, "fpem/fusion_alpha_std": 0.0, "fpem/fusion_alpha_min": 0.0, "fpem/fusion_alpha_max": 0.0, "fpem/env_route_loss": 2.4725817998250323, "fpem/env_route_L_final": 8.862794385637557, "fpem/env_route_L_global": 0.0, "fpem/env_route_L_route_soft": 0.0, "fpem/env_route_L_expert": 9.235742014930361, "fpem/env_route_L_router_oracle": 0.6254333657877785, "fpem/env_route_L_balance": 0.0, "fpem/env_route_L_diverse": 0.0, "fpem/env_route_L_proto_align": 0.0, "fpem/env_route_entropy": 0.0, "fpem/env_route_q_max_mean": 0.0, "fpem/hyper_alpha_mean": 0.0, "fpem/hyper_delta_norm": 0.0, "fpem/hyper_route_proto_mode_uniform_warmup": 0.0, "fpem/hyper_route_proto_mode_uniform_fixed": 0.0, "fpem/hyper_route_proto_mode_sinkhorn": 0.0, "fpem/hyper_route_proto_mode_softmax": 0.0, "fpem/fallback_q_mean": 0.44821428571428573, "fpem/fallback_q_max": 0.0, "fpem/env_q_sum_mean": 0.5517857142857143, "fpem/oracle_fallback_rate": 0.0, "fpem/route_count_fallback": 0.0, "fpem/env_route_head_mode": 1.0, "fpem/route_entropy_mean": 0.0, "fpem/route_mean_distribution_entropy": 0.0, "fpem/effective_expert_number": 1.0, "fpem/max_expert_usage_ratio": 0.0, "fpem/min_expert_usage_ratio": 0.0, "fpem/prototype_pairwise_cosine": 0.0, "fpem/expert_prediction_pairwise_cosine": 0.0, "fpem/expert_collapse_warning": 0.0, "fpem/env_route_target_mode_env_prototype": 0.0, "fpem/env_route_target_mode_hybrid": 0.0, "fpem/env_route_hybrid_alpha": 0.0, "fpem/env_route_train_mode_warmup_risk_sinkhorn": 0.0, "fpem/warmup_risk_stage_warmup": 0.0, "fpem/warmup_risk_stage_soft": 0.0, "fpem/warmup_risk_stage_hard": 0.0, "fpem/warmup_risk_selected_loss": 0.0, "fpem/warmup_risk_uniform_common_loss": 0.0, "fpem/warmup_risk_lambda_common": 0.0, "fpem/warmup_risk_total_common_term": 0.0, "fpem/warmup_risk_temperature": 0.0, "fpem/warmup_risk_temperature_progress": 0.0, "fpem/uniform_expert_mae": 0.0, "fpem/risk_routed_mae": 0.0, "fpem/risk_prediction_mae": 0.0, "fpem/risk_loss": 0.0, "fpem/risk_ranking_loss": 0.0, "fpem/risk_ranking_accuracy": 0.0, "fpem/risk_oracle_argmin_accuracy": 0.0, "fpem/risk_router_temperature": 0.0, "fpem/risk_router_lambda": 0.0, "fpem/risk_router_pairwise_lambda": 0.0, "fpem/env_route_train_mode_progressive_gmm_environment": 0.0, "fpem/top_level_prediction_source_progressive_gmm_teacher_hard": 0.0, "fpem/progressive_assignment_uses_target_or_prediction_error": 0.0, "fpem/progressive_partition_ready": 0.0, "fpem/progressive_selected_k": 0.0, "fpem/progressive_active_expert_count": 0.0, "fpem/progressive_last_partition_epoch": 0.0, "fpem/progressive_lambda_common": 0.0, "fpem/progressive_common_term": 0.0, "fpem/progressive_compactness_loss": 0.0, "fpem/progressive_consistency_loss": 0.0, "fpem/progressive_cluster_entropy": 0.0, "fpem/progressive_assignment_change_ratio": 0.0, "fpem/progressive_hungarian_overlap_score": 0.0, "fpem/progressive_partition_update_time_sec": 0.0, "fpem/progressive_routed_mae": 0.0, "fpem/progressive_gmm_environment_total_replaces_primary": 0.0, "fpem/env_route_count_head_0": 16.0, "fpem/env_route_oracle_count_head_0": 16.0, "fpem/route_count_env_head_0": 16.0, "fpem/route_soft_mean_expert_0": 1.0, "fpem/route_hard_count_expert_0": 16.0, "fpem/hard_count_expert_0": 16.0, "fpem/sinkhorn_soft_col_mass_expert_0": 0.0, "fpem/progressive_active_expert_0": 0.0, "fpem/progressive_cluster_size_0": 0.0, "fpem/progressive_cluster_ratio_0": 0.0, "fpem/progressive_cluster_to_expert_0": 0.0, "fpem/progressive_bic_k1": 0.0, "fpem/progressive_bic_score_k1": 0.0, "fpem/progressive_bic_rejected_k1": 0.0, "fpem/hyper_alpha_head_0": 0.0, "fpem/hyper_gamma_norm_head_0": 0.0, "fpem/hyper_beta_norm_head_0": 0.0, "fpem/expert_cross_mae_group_0_expert_0": 9.235742014930361, "fpem/load_expert_loss": 9.235742014930361, "fpem/hard_router_loss": 0.6254333657877785, "fpem/hard_router_target_env_ratio": 0.7130952380952381, "fpem/hard_router_predicted_env_ratio": 0.5517857142857143, "fpem/hard_router_effective_env_ratio": 0.5517857142857143, "fpem/hard_router_supervision_enabled": 1.0, "fpem/hard_router_warmup_active": 0.0, "fpem/load_level_assignment_detached": 1.0, "fpem/load_level_count_0": 1680.0, "fpem/load_level_ratio_0": 1.0, "fpem/expert_0_global_loss": 9.235742014930361, "fpem/expert_0_selected_loss": 9.235742014930361, "fpem/hard_router_margin_mean": 0.09556804221300852, "fpem/hard_router_gain_mean": 0.3210624711854117, "fpem/hard_router_class_weight_invariant": 2.0540589888890586, "fpem/hard_router_class_weight_environment": 0.7205767955098833, "fpem/expert_prediction_pairwise_difference": 0.0, "fpem/delta_pairwise_cosine": 0.0, "fpem/delta_pairwise_l1": 0.0, "fpem/delta_pairwise_l2": 0.0, "fpem/expert_0_parameter_norm": 16.048677498953683, "fpem/hard_binary_router_enabled": 1.0, "fpem/hard_router_uses_target_in_forward": 0.0, "fpem/stored_future_c_loaded": 0.0, "fpem/prediction_is_weighted_complete_fusion": 0.0, "fpem/future_mi_loss": 0.0, "fpem/future_mi_valid": 0.0, "fpem/future_mi_logvar_mean": 0.0, "fpem/future_mi_target_mode_env_encoder": 0.0, "fpem/swap_loss": 0.0, "fpem/swap_diff_loss": 0.0, "fpem/swap_same_loss": 0.0, "fpem/swap_gain_mean": 0.0, "fpem/swap_s_gain_mean": 0.0, "fpem/swap_fallback_router_loss": 0.0, "fpem/swap_fallback_q_mean": 0.0, "fpem/swap_prediction_delta": 0.0, "fpem/swap_route_delta": 0.0, "fpem/swap_hyper_alpha_delta": 0.0, "fpem/swap_hyper_delta_norm": 0.0, "fpem/loss_env_day": 0.0, "fpem/loss_env_hour": 0.0, "fpem/loss_env_rush": 0.0, "fpem/env_day_acc": 0.0, "fpem/env_hour_acc": 0.0, "fpem/env_rush_acc": 0.0, "fpem/loss_env_supcon": 0.0, "fpem/env_supcon_valid_pairs": 0.0, "fpem/loss_inv_env_adv": 0.0, "fpem/inv_day_acc": 0.0, "fpem/inv_hour_acc": 0.0, "fpem/inv_rush_acc": 0.0, "fpem/loss_cross_cov_sep": 0.0, "fpem/load_level_experts_enabled": 1.0, "fpem/load_level_uses_target_or_future_load": 0.0, "fpem/environment_gate_uses_target_in_forward": 0.0, "fpem/load_level_env_residual_scale": 0.0, "fpem/uses_cached_observable_load_prior": 1.0, "fpem/primary_loss": 8.862794385637557, "fpem/inv_pred_loss": 9.066155669802711, "fpem/primary_uses_route": 1.0, "fpem/primary_uses_env_fusion": 0.0, "fpem/backbone_agcrn": 1.0, "fpem/backbone_graphwavenet": 0.0, "fpem/backbone_staeformer": 0.0, "fpem/gc_pred_loss_only": 1.0, "fpem/env_route_head_mode_hyper_proto": 1.0, "fpem/fpem_force_uniform_route": 0.0, "fpem/hard_prediction_sinkhorn_total_replaces_primary": 0.0, "fpem/hard_prediction_environment_sinkhorn_total_replaces_primary": 0.0, "fpem/warmup_risk_sinkhorn_total_replaces_primary": 0.0, "fpem/lambda_club_mi": 0.0}}
EPOCH {"epoch": 29, "train_loss": 11.348727662222727, "val": {"loss": 11.318718168470594, "mae": 11.13011646270752, "mape": 0.2025582641363144}, "test_mixed": {"loss": NaN, "mae": NaN, "mape": NaN}, "test_workday": {"loss": NaN, "mae": NaN, "mape": NaN}, "test_holiday": {"loss": NaN, "mae": NaN, "mape": NaN}, "test_avg_mae": NaN, "lr": 0.0005, "fpem_logs": {"fpem/fpem_env_use_exogenous": 1.0, "fpem/env_exogenous_available": 1.0, "fpem/env_exogenous_time_available": 1.0, "fpem/env_exogenous_load_available": 1.0, "fpem/env_exogenous_feature_dim": 32.0, "fpem/env_exogenous_embedding_norm": 2.814080974033901, "fpem/env_exogenous_load_embedding_norm": 1.9062666552407401, "fpem/env_rep_ablation_normal": 1.0, "fpem/env_rep_ablation_zero": 0.0, "fpem/env_rep_ablation_shuffle_batch": 0.0, "fpem/env_rep_ablation_mode_id": 0.0, "fpem/mask_loss": 0.0, "fpem/mask_sparse_loss": 0.0, "fpem/mask_entropy_loss": 0.0, "fpem/mask_mean": 1.0, "fpem/mask_entropy": 0.0, "fpem/mask_active_ratio": 1.0, "fpem/fusion_alpha_mean": 0.0, "fpem/fusion_alpha_std": 0.0, "fpem/fusion_alpha_min": 0.0, "fpem/fusion_alpha_max": 0.0, "fpem/env_route_loss": 2.4817843414488294, "fpem/env_route_L_final": 8.863890638805572, "fpem/env_route_L_global": 0.0, "fpem/env_route_L_route_soft": 0.0, "fpem/env_route_L_expert": 9.230906241280692, "fpem/env_route_L_router_oracle": 0.6356030574866703, "fpem/env_route_L_balance": 0.0, "fpem/env_route_L_diverse": 0.0, "fpem/env_route_L_proto_align": 0.0, "fpem/env_route_entropy": 0.0, "fpem/env_route_q_max_mean": 0.0, "fpem/hyper_alpha_mean": 0.0, "fpem/hyper_delta_norm": 0.0, "fpem/hyper_route_proto_mode_uniform_warmup": 0.0, "fpem/hyper_route_proto_mode_uniform_fixed": 0.0, "fpem/hyper_route_proto_mode_sinkhorn": 0.0, "fpem/hyper_route_proto_mode_softmax": 0.0, "fpem/fallback_q_mean": 0.4625, "fpem/fallback_q_max": 0.0, "fpem/env_q_sum_mean": 0.5375, "fpem/oracle_fallback_rate": 0.0, "fpem/route_count_fallback": 0.0, "fpem/env_route_head_mode": 1.0, "fpem/route_entropy_mean": 0.0, "fpem/route_mean_distribution_entropy": 0.0, "fpem/effective_expert_number": 1.0, "fpem/max_expert_usage_ratio": 0.0, "fpem/min_expert_usage_ratio": 0.0, "fpem/prototype_pairwise_cosine": 0.0, "fpem/expert_prediction_pairwise_cosine": 0.0, "fpem/expert_collapse_warning": 0.0, "fpem/env_route_target_mode_env_prototype": 0.0, "fpem/env_route_target_mode_hybrid": 0.0, "fpem/env_route_hybrid_alpha": 0.0, "fpem/env_route_train_mode_warmup_risk_sinkhorn": 0.0, "fpem/warmup_risk_stage_warmup": 0.0, "fpem/warmup_risk_stage_soft": 0.0, "fpem/warmup_risk_stage_hard": 0.0, "fpem/warmup_risk_selected_loss": 0.0, "fpem/warmup_risk_uniform_common_loss": 0.0, "fpem/warmup_risk_lambda_common": 0.0, "fpem/warmup_risk_total_common_term": 0.0, "fpem/warmup_risk_temperature": 0.0, "fpem/warmup_risk_temperature_progress": 0.0, "fpem/uniform_expert_mae": 0.0, "fpem/risk_routed_mae": 0.0, "fpem/risk_prediction_mae": 0.0, "fpem/risk_loss": 0.0, "fpem/risk_ranking_loss": 0.0, "fpem/risk_ranking_accuracy": 0.0, "fpem/risk_oracle_argmin_accuracy": 0.0, "fpem/risk_router_temperature": 0.0, "fpem/risk_router_lambda": 0.0, "fpem/risk_router_pairwise_lambda": 0.0, "fpem/env_route_train_mode_progressive_gmm_environment": 0.0, "fpem/top_level_prediction_source_progressive_gmm_teacher_hard": 0.0, "fpem/progressive_assignment_uses_target_or_prediction_error": 0.0, "fpem/progressive_partition_ready": 0.0, "fpem/progressive_selected_k": 0.0, "fpem/progressive_active_expert_count": 0.0, "fpem/progressive_last_partition_epoch": 0.0, "fpem/progressive_lambda_common": 0.0, "fpem/progressive_common_term": 0.0, "fpem/progressive_compactness_loss": 0.0, "fpem/progressive_consistency_loss": 0.0, "fpem/progressive_cluster_entropy": 0.0, "fpem/progressive_assignment_change_ratio": 0.0, "fpem/progressive_hungarian_overlap_score": 0.0, "fpem/progressive_partition_update_time_sec": 0.0, "fpem/progressive_routed_mae": 0.0, "fpem/progressive_gmm_environment_total_replaces_primary": 0.0, "fpem/env_route_count_head_0": 16.0, "fpem/env_route_oracle_count_head_0": 16.0, "fpem/route_count_env_head_0": 16.0, "fpem/route_soft_mean_expert_0": 1.0, "fpem/route_hard_count_expert_0": 16.0, "fpem/hard_count_expert_0": 16.0, "fpem/sinkhorn_soft_col_mass_expert_0": 0.0, "fpem/progressive_active_expert_0": 0.0, "fpem/progressive_cluster_size_0": 0.0, "fpem/progressive_cluster_ratio_0": 0.0, "fpem/progressive_cluster_to_expert_0": 0.0, "fpem/progressive_bic_k1": 0.0, "fpem/progressive_bic_score_k1": 0.0, "fpem/progressive_bic_rejected_k1": 0.0, "fpem/hyper_alpha_head_0": 0.0, "fpem/hyper_gamma_norm_head_0": 0.0, "fpem/hyper_beta_norm_head_0": 0.0, "fpem/expert_cross_mae_group_0_expert_0": 9.230906241280692, "fpem/load_expert_loss": 9.230906241280692, "fpem/hard_router_loss": 0.6356030574866703, "fpem/hard_router_target_env_ratio": 0.7202380952380952, "fpem/hard_router_predicted_env_ratio": 0.5375, "fpem/hard_router_effective_env_ratio": 0.5375, "fpem/hard_router_supervision_enabled": 1.0, "fpem/hard_router_warmup_active": 0.0, "fpem/load_level_assignment_detached": 1.0, "fpem/load_level_count_0": 1680.0, "fpem/load_level_ratio_0": 1.0, "fpem/expert_0_global_loss": 9.230906241280692, "fpem/expert_0_selected_loss": 9.230906241280692, "fpem/hard_router_margin_mean": 0.09556804228396643, "fpem/hard_router_gain_mean": 0.3258982791787102, "fpem/hard_router_class_weight_invariant": 2.2425397072519573, "fpem/hard_router_class_weight_environment": 0.7126173484893072, "fpem/expert_prediction_pairwise_difference": 0.0, "fpem/delta_pairwise_cosine": 0.0, "fpem/delta_pairwise_l1": 0.0, "fpem/delta_pairwise_l2": 0.0, "fpem/expert_0_parameter_norm": 16.05670641944522, "fpem/hard_binary_router_enabled": 1.0, "fpem/hard_router_uses_target_in_forward": 0.0, "fpem/stored_future_c_loaded": 0.0, "fpem/prediction_is_weighted_complete_fusion": 0.0, "fpem/future_mi_loss": 0.0, "fpem/future_mi_valid": 0.0, "fpem/future_mi_logvar_mean": 0.0, "fpem/future_mi_target_mode_env_encoder": 0.0, "fpem/swap_loss": 0.0, "fpem/swap_diff_loss": 0.0, "fpem/swap_same_loss": 0.0, "fpem/swap_gain_mean": 0.0, "fpem/swap_s_gain_mean": 0.0, "fpem/swap_fallback_router_loss": 0.0, "fpem/swap_fallback_q_mean": 0.0, "fpem/swap_prediction_delta": 0.0, "fpem/swap_route_delta": 0.0, "fpem/swap_hyper_alpha_delta": 0.0, "fpem/swap_hyper_delta_norm": 0.0, "fpem/loss_env_day": 0.0, "fpem/loss_env_hour": 0.0, "fpem/loss_env_rush": 0.0, "fpem/env_day_acc": 0.0, "fpem/env_hour_acc": 0.0, "fpem/env_rush_acc": 0.0, "fpem/loss_env_supcon": 0.0, "fpem/env_supcon_valid_pairs": 0.0, "fpem/loss_inv_env_adv": 0.0, "fpem/inv_day_acc": 0.0, "fpem/inv_hour_acc": 0.0, "fpem/inv_rush_acc": 0.0, "fpem/loss_cross_cov_sep": 0.0, "fpem/load_level_experts_enabled": 1.0, "fpem/load_level_uses_target_or_future_load": 0.0, "fpem/environment_gate_uses_target_in_forward": 0.0, "fpem/load_level_env_residual_scale": 0.0, "fpem/uses_cached_observable_load_prior": 1.0, "fpem/primary_loss": 8.863890638805572, "fpem/inv_pred_loss": 9.065486258552188, "fpem/primary_uses_route": 1.0, "fpem/primary_uses_env_fusion": 0.0, "fpem/backbone_agcrn": 1.0, "fpem/backbone_graphwavenet": 0.0, "fpem/backbone_staeformer": 0.0, "fpem/gc_pred_loss_only": 1.0, "fpem/env_route_head_mode_hyper_proto": 1.0, "fpem/fpem_force_uniform_route": 0.0, "fpem/hard_prediction_sinkhorn_total_replaces_primary": 0.0, "fpem/hard_prediction_environment_sinkhorn_total_replaces_primary": 0.0, "fpem/warmup_risk_sinkhorn_total_replaces_primary": 0.0, "fpem/lambda_club_mi": 0.0}}
EPOCH {"epoch": 30, "train_loss": 11.323382849920364, "val": {"loss": 11.312193287743462, "mae": 11.121969223022461, "mape": 0.19972831010818481}, "test_mixed": {"loss": NaN, "mae": NaN, "mape": NaN}, "test_workday": {"loss": NaN, "mae": NaN, "mape": NaN}, "test_holiday": {"loss": NaN, "mae": NaN, "mape": NaN}, "test_avg_mae": NaN, "lr": 0.0005, "fpem_logs": {"fpem/fpem_env_use_exogenous": 1.0, "fpem/env_exogenous_available": 1.0, "fpem/env_exogenous_time_available": 1.0, "fpem/env_exogenous_load_available": 1.0, "fpem/env_exogenous_feature_dim": 32.0, "fpem/env_exogenous_embedding_norm": 2.8207165445600237, "fpem/env_exogenous_load_embedding_norm": 1.9088325330189295, "fpem/env_rep_ablation_normal": 1.0, "fpem/env_rep_ablation_zero": 0.0, "fpem/env_rep_ablation_shuffle_batch": 0.0, "fpem/env_rep_ablation_mode_id": 0.0, "fpem/mask_loss": 0.0, "fpem/mask_sparse_loss": 0.0, "fpem/mask_entropy_loss": 0.0, "fpem/mask_mean": 1.0, "fpem/mask_entropy": 0.0, "fpem/mask_active_ratio": 1.0, "fpem/fusion_alpha_mean": 0.0, "fpem/fusion_alpha_std": 0.0, "fpem/fusion_alpha_min": 0.0, "fpem/fusion_alpha_max": 0.0, "fpem/env_route_loss": 2.477420761471703, "fpem/env_route_L_final": 8.851090054284958, "fpem/env_route_L_global": 0.0, "fpem/env_route_L_route_soft": 0.0, "fpem/env_route_L_expert": 9.223959123520624, "fpem/env_route_L_router_oracle": 0.6326289037863414, "fpem/env_route_L_balance": 0.0, "fpem/env_route_L_diverse": 0.0, "fpem/env_route_L_proto_align": 0.0, "fpem/env_route_entropy": 0.0, "fpem/env_route_q_max_mean": 0.0, "fpem/hyper_alpha_mean": 0.0, "fpem/hyper_delta_norm": 0.0, "fpem/hyper_route_proto_mode_uniform_warmup": 0.0, "fpem/hyper_route_proto_mode_uniform_fixed": 0.0, "fpem/hyper_route_proto_mode_sinkhorn": 0.0, "fpem/hyper_route_proto_mode_softmax": 0.0, "fpem/fallback_q_mean": 0.4529761904761905, "fpem/fallback_q_max": 0.0, "fpem/env_q_sum_mean": 0.5470238095238096, "fpem/oracle_fallback_rate": 0.0, "fpem/route_count_fallback": 0.0, "fpem/env_route_head_mode": 1.0, "fpem/route_entropy_mean": 0.0, "fpem/route_mean_distribution_entropy": 0.0, "fpem/effective_expert_number": 1.0, "fpem/max_expert_usage_ratio": 0.0, "fpem/min_expert_usage_ratio": 0.0, "fpem/prototype_pairwise_cosine": 0.0, "fpem/expert_prediction_pairwise_cosine": 0.0, "fpem/expert_collapse_warning": 0.0, "fpem/env_route_target_mode_env_prototype": 0.0, "fpem/env_route_target_mode_hybrid": 0.0, "fpem/env_route_hybrid_alpha": 0.0, "fpem/env_route_train_mode_warmup_risk_sinkhorn": 0.0, "fpem/warmup_risk_stage_warmup": 0.0, "fpem/warmup_risk_stage_soft": 0.0, "fpem/warmup_risk_stage_hard": 0.0, "fpem/warmup_risk_selected_loss": 0.0, "fpem/warmup_risk_uniform_common_loss": 0.0, "fpem/warmup_risk_lambda_common": 0.0, "fpem/warmup_risk_total_common_term": 0.0, "fpem/warmup_risk_temperature": 0.0, "fpem/warmup_risk_temperature_progress": 0.0, "fpem/uniform_expert_mae": 0.0, "fpem/risk_routed_mae": 0.0, "fpem/risk_prediction_mae": 0.0, "fpem/risk_loss": 0.0, "fpem/risk_ranking_loss": 0.0, "fpem/risk_ranking_accuracy": 0.0, "fpem/risk_oracle_argmin_accuracy": 0.0, "fpem/risk_router_temperature": 0.0, "fpem/risk_router_lambda": 0.0, "fpem/risk_router_pairwise_lambda": 0.0, "fpem/env_route_train_mode_progressive_gmm_environment": 0.0, "fpem/top_level_prediction_source_progressive_gmm_teacher_hard": 0.0, "fpem/progressive_assignment_uses_target_or_prediction_error": 0.0, "fpem/progressive_partition_ready": 0.0, "fpem/progressive_selected_k": 0.0, "fpem/progressive_active_expert_count": 0.0, "fpem/progressive_last_partition_epoch": 0.0, "fpem/progressive_lambda_common": 0.0, "fpem/progressive_common_term": 0.0, "fpem/progressive_compactness_loss": 0.0, "fpem/progressive_consistency_loss": 0.0, "fpem/progressive_cluster_entropy": 0.0, "fpem/progressive_assignment_change_ratio": 0.0, "fpem/progressive_hungarian_overlap_score": 0.0, "fpem/progressive_partition_update_time_sec": 0.0, "fpem/progressive_routed_mae": 0.0, "fpem/progressive_gmm_environment_total_replaces_primary": 0.0, "fpem/env_route_count_head_0": 16.0, "fpem/env_route_oracle_count_head_0": 16.0, "fpem/route_count_env_head_0": 16.0, "fpem/route_soft_mean_expert_0": 1.0, "fpem/route_hard_count_expert_0": 16.0, "fpem/hard_count_expert_0": 16.0, "fpem/sinkhorn_soft_col_mass_expert_0": 0.0, "fpem/progressive_active_expert_0": 0.0, "fpem/progressive_cluster_size_0": 0.0, "fpem/progressive_cluster_ratio_0": 0.0, "fpem/progressive_cluster_to_expert_0": 0.0, "fpem/progressive_bic_k1": 0.0, "fpem/progressive_bic_score_k1": 0.0, "fpem/progressive_bic_rejected_k1": 0.0, "fpem/hyper_alpha_head_0": 0.0, "fpem/hyper_gamma_norm_head_0": 0.0, "fpem/hyper_beta_norm_head_0": 0.0, "fpem/expert_cross_mae_group_0_expert_0": 9.223959123520624, "fpem/load_expert_loss": 9.223959123520624, "fpem/hard_router_loss": 0.6326289037863414, "fpem/hard_router_target_env_ratio": 0.7327380952380952, "fpem/hard_router_predicted_env_ratio": 0.5470238095238096, "fpem/hard_router_effective_env_ratio": 0.5470238095238096, "fpem/hard_router_supervision_enabled": 1.0, "fpem/hard_router_warmup_active": 0.0, "fpem/load_level_assignment_detached": 1.0, "fpem/load_level_count_0": 1680.0, "fpem/load_level_ratio_0": 1.0, "fpem/expert_0_global_loss": 9.223959123520624, "fpem/expert_0_selected_loss": 9.223959123520624, "fpem/hard_router_margin_mean": 0.09556804292258762, "fpem/hard_router_gain_mean": 0.33284539708069394, "fpem/hard_router_class_weight_invariant": 2.362721119608198, "fpem/hard_router_class_weight_environment": 0.696750253155118, "fpem/expert_prediction_pairwise_difference": 0.0, "fpem/delta_pairwise_cosine": 0.0, "fpem/delta_pairwise_l1": 0.0, "fpem/delta_pairwise_l2": 0.0, "fpem/expert_0_parameter_norm": 16.07290006365095, "fpem/hard_binary_router_enabled": 1.0, "fpem/hard_router_uses_target_in_forward": 0.0, "fpem/stored_future_c_loaded": 0.0, "fpem/prediction_is_weighted_complete_fusion": 0.0, "fpem/future_mi_loss": 0.0, "fpem/future_mi_valid": 0.0, "fpem/future_mi_logvar_mean": 0.0, "fpem/future_mi_target_mode_env_encoder": 0.0, "fpem/swap_loss": 0.0, "fpem/swap_diff_loss": 0.0, "fpem/swap_same_loss": 0.0, "fpem/swap_gain_mean": 0.0, "fpem/swap_s_gain_mean": 0.0, "fpem/swap_fallback_router_loss": 0.0, "fpem/swap_fallback_q_mean": 0.0, "fpem/swap_prediction_delta": 0.0, "fpem/swap_route_delta": 0.0, "fpem/swap_hyper_alpha_delta": 0.0, "fpem/swap_hyper_delta_norm": 0.0, "fpem/loss_env_day": 0.0, "fpem/loss_env_hour": 0.0, "fpem/loss_env_rush": 0.0, "fpem/env_day_acc": 0.0, "fpem/env_hour_acc": 0.0, "fpem/env_rush_acc": 0.0, "fpem/loss_env_supcon": 0.0, "fpem/env_supcon_valid_pairs": 0.0, "fpem/loss_inv_env_adv": 0.0, "fpem/inv_day_acc": 0.0, "fpem/inv_hour_acc": 0.0, "fpem/inv_rush_acc": 0.0, "fpem/loss_cross_cov_sep": 0.0, "fpem/load_level_experts_enabled": 1.0, "fpem/load_level_uses_target_or_future_load": 0.0, "fpem/environment_gate_uses_target_in_forward": 0.0, "fpem/load_level_env_residual_scale": 0.0, "fpem/uses_cached_observable_load_prior": 1.0, "fpem/primary_loss": 8.851090054284958, "fpem/inv_pred_loss": 9.062141522907076, "fpem/primary_uses_route": 1.0, "fpem/primary_uses_env_fusion": 0.0, "fpem/backbone_agcrn": 1.0, "fpem/backbone_graphwavenet": 0.0, "fpem/backbone_staeformer": 0.0, "fpem/gc_pred_loss_only": 1.0, "fpem/env_route_head_mode_hyper_proto": 1.0, "fpem/fpem_force_uniform_route": 0.0, "fpem/hard_prediction_sinkhorn_total_replaces_primary": 0.0, "fpem/hard_prediction_environment_sinkhorn_total_replaces_primary": 0.0, "fpem/warmup_risk_sinkhorn_total_replaces_primary": 0.0, "fpem/lambda_club_mi": 0.0}}
EPOCH {"epoch": 31, "train_loss": 11.33833619980585, "val": {"loss": 11.33186313841078, "mae": 11.145837783813477, "mape": 0.20061059296131134}, "test_mixed": {"loss": NaN, "mae": NaN, "mape": NaN}, "test_workday": {"loss": NaN, "mae": NaN, "mape": NaN}, "test_holiday": {"loss": NaN, "mae": NaN, "mape": NaN}, "test_avg_mae": NaN, "lr": 0.0005, "fpem_logs": {"fpem/fpem_env_use_exogenous": 1.0, "fpem/env_exogenous_available": 1.0, "fpem/env_exogenous_time_available": 1.0, "fpem/env_exogenous_load_available": 1.0, "fpem/env_exogenous_feature_dim": 32.0, "fpem/env_exogenous_embedding_norm": 2.8220961570739744, "fpem/env_exogenous_load_embedding_norm": 1.9087257635025752, "fpem/env_rep_ablation_normal": 1.0, "fpem/env_rep_ablation_zero": 0.0, "fpem/env_rep_ablation_shuffle_batch": 0.0, "fpem/env_rep_ablation_mode_id": 0.0, "fpem/mask_loss": 0.0, "fpem/mask_sparse_loss": 0.0, "fpem/mask_entropy_loss": 0.0, "fpem/mask_mean": 1.0, "fpem/mask_entropy": 0.0, "fpem/mask_active_ratio": 1.0, "fpem/fusion_alpha_mean": 0.0, "fpem/fusion_alpha_std": 0.0, "fpem/fusion_alpha_min": 0.0, "fpem/fusion_alpha_max": 0.0, "fpem/env_route_loss": 2.4820798669542583, "fpem/env_route_L_final": 8.857925841921851, "fpem/env_route_L_global": 0.0, "fpem/env_route_L_route_soft": 0.0, "fpem/env_route_L_expert": 9.229374676658994, "fpem/env_route_L_router_oracle": 0.6362049273082189, "fpem/env_route_L_balance": 0.0, "fpem/env_route_L_diverse": 0.0, "fpem/env_route_L_proto_align": 0.0, "fpem/env_route_entropy": 0.0, "fpem/env_route_q_max_mean": 0.0, "fpem/hyper_alpha_mean": 0.0, "fpem/hyper_delta_norm": 0.0, "fpem/hyper_route_proto_mode_uniform_warmup": 0.0, "fpem/hyper_route_proto_mode_uniform_fixed": 0.0, "fpem/hyper_route_proto_mode_sinkhorn": 0.0, "fpem/hyper_route_proto_mode_softmax": 0.0, "fpem/fallback_q_mean": 0.46785714285714286, "fpem/fallback_q_max": 0.0, "fpem/env_q_sum_mean": 0.5321428571428571, "fpem/oracle_fallback_rate": 0.0, "fpem/route_count_fallback": 0.0, "fpem/env_route_head_mode": 1.0, "fpem/route_entropy_mean": 0.0, "fpem/route_mean_distribution_entropy": 0.0, "fpem/effective_expert_number": 1.0, "fpem/max_expert_usage_ratio": 0.0, "fpem/min_expert_usage_ratio": 0.0, "fpem/prototype_pairwise_cosine": 0.0, "fpem/expert_prediction_pairwise_cosine": 0.0, "fpem/expert_collapse_warning": 0.0, "fpem/env_route_target_mode_env_prototype": 0.0, "fpem/env_route_target_mode_hybrid": 0.0, "fpem/env_route_hybrid_alpha": 0.0, "fpem/env_route_train_mode_warmup_risk_sinkhorn": 0.0, "fpem/warmup_risk_stage_warmup": 0.0, "fpem/warmup_risk_stage_soft": 0.0, "fpem/warmup_risk_stage_hard": 0.0, "fpem/warmup_risk_selected_loss": 0.0, "fpem/warmup_risk_uniform_common_loss": 0.0, "fpem/warmup_risk_lambda_common": 0.0, "fpem/warmup_risk_total_common_term": 0.0, "fpem/warmup_risk_temperature": 0.0, "fpem/warmup_risk_temperature_progress": 0.0, "fpem/uniform_expert_mae": 0.0, "fpem/risk_routed_mae": 0.0, "fpem/risk_prediction_mae": 0.0, "fpem/risk_loss": 0.0, "fpem/risk_ranking_loss": 0.0, "fpem/risk_ranking_accuracy": 0.0, "fpem/risk_oracle_argmin_accuracy": 0.0, "fpem/risk_router_temperature": 0.0, "fpem/risk_router_lambda": 0.0, "fpem/risk_router_pairwise_lambda": 0.0, "fpem/env_route_train_mode_progressive_gmm_environment": 0.0, "fpem/top_level_prediction_source_progressive_gmm_teacher_hard": 0.0, "fpem/progressive_assignment_uses_target_or_prediction_error": 0.0, "fpem/progressive_partition_ready": 0.0, "fpem/progressive_selected_k": 0.0, "fpem/progressive_active_expert_count": 0.0, "fpem/progressive_last_partition_epoch": 0.0, "fpem/progressive_lambda_common": 0.0, "fpem/progressive_common_term": 0.0, "fpem/progressive_compactness_loss": 0.0, "fpem/progressive_consistency_loss": 0.0, "fpem/progressive_cluster_entropy": 0.0, "fpem/progressive_assignment_change_ratio": 0.0, "fpem/progressive_hungarian_overlap_score": 0.0, "fpem/progressive_partition_update_time_sec": 0.0, "fpem/progressive_routed_mae": 0.0, "fpem/progressive_gmm_environment_total_replaces_primary": 0.0, "fpem/env_route_count_head_0": 16.0, "fpem/env_route_oracle_count_head_0": 16.0, "fpem/route_count_env_head_0": 16.0, "fpem/route_soft_mean_expert_0": 1.0, "fpem/route_hard_count_expert_0": 16.0, "fpem/hard_count_expert_0": 16.0, "fpem/sinkhorn_soft_col_mass_expert_0": 0.0, "fpem/progressive_active_expert_0": 0.0, "fpem/progressive_cluster_size_0": 0.0, "fpem/progressive_cluster_ratio_0": 0.0, "fpem/progressive_cluster_to_expert_0": 0.0, "fpem/progressive_bic_k1": 0.0, "fpem/progressive_bic_score_k1": 0.0, "fpem/progressive_bic_rejected_k1": 0.0, "fpem/hyper_alpha_head_0": 0.0, "fpem/hyper_gamma_norm_head_0": 0.0, "fpem/hyper_beta_norm_head_0": 0.0, "fpem/expert_cross_mae_group_0_expert_0": 9.229374676658994, "fpem/load_expert_loss": 9.229374676658994, "fpem/hard_router_loss": 0.6362049273082189, "fpem/hard_router_target_env_ratio": 0.7226190476190476, "fpem/hard_router_predicted_env_ratio": 0.5321428571428571, "fpem/hard_router_effective_env_ratio": 0.5321428571428571, "fpem/hard_router_supervision_enabled": 1.0, "fpem/hard_router_warmup_active": 0.0, "fpem/load_level_assignment_detached": 1.0, "fpem/load_level_count_0": 1680.0, "fpem/load_level_ratio_0": 1.0, "fpem/expert_0_global_loss": 9.229374676658994, "fpem/expert_0_selected_loss": 9.229374676658994, "fpem/hard_router_margin_mean": 0.09556804292258762, "fpem/hard_router_gain_mean": 0.32742977937062584, "fpem/hard_router_class_weight_invariant": 2.32235830057235, "fpem/hard_router_class_weight_environment": 0.7083946931929815, "fpem/expert_prediction_pairwise_difference": 0.0, "fpem/delta_pairwise_cosine": 0.0, "fpem/delta_pairwise_l1": 0.0, "fpem/delta_pairwise_l2": 0.0, "fpem/expert_0_parameter_norm": 16.089575576782227, "fpem/hard_binary_router_enabled": 1.0, "fpem/hard_router_uses_target_in_forward": 0.0, "fpem/stored_future_c_loaded": 0.0, "fpem/prediction_is_weighted_complete_fusion": 0.0, "fpem/future_mi_loss": 0.0, "fpem/future_mi_valid": 0.0, "fpem/future_mi_logvar_mean": 0.0, "fpem/future_mi_target_mode_env_encoder": 0.0, "fpem/swap_loss": 0.0, "fpem/swap_diff_loss": 0.0, "fpem/swap_same_loss": 0.0, "fpem/swap_gain_mean": 0.0, "fpem/swap_s_gain_mean": 0.0, "fpem/swap_fallback_router_loss": 0.0, "fpem/swap_fallback_q_mean": 0.0, "fpem/swap_prediction_delta": 0.0, "fpem/swap_route_delta": 0.0, "fpem/swap_hyper_alpha_delta": 0.0, "fpem/swap_hyper_delta_norm": 0.0, "fpem/loss_env_day": 0.0, "fpem/loss_env_hour": 0.0, "fpem/loss_env_rush": 0.0, "fpem/env_day_acc": 0.0, "fpem/env_hour_acc": 0.0, "fpem/env_rush_acc": 0.0, "fpem/loss_env_supcon": 0.0, "fpem/env_supcon_valid_pairs": 0.0, "fpem/loss_inv_env_adv": 0.0, "fpem/inv_day_acc": 0.0, "fpem/inv_hour_acc": 0.0, "fpem/inv_rush_acc": 0.0, "fpem/loss_cross_cov_sep": 0.0, "fpem/load_level_experts_enabled": 1.0, "fpem/load_level_uses_target_or_future_load": 0.0, "fpem/environment_gate_uses_target_in_forward": 0.0, "fpem/load_level_env_residual_scale": 0.0, "fpem/uses_cached_observable_load_prior": 1.0, "fpem/primary_loss": 8.857925841921851, "fpem/inv_pred_loss": 9.059263265700567, "fpem/primary_uses_route": 1.0, "fpem/primary_uses_env_fusion": 0.0, "fpem/backbone_agcrn": 1.0, "fpem/backbone_graphwavenet": 0.0, "fpem/backbone_staeformer": 0.0, "fpem/gc_pred_loss_only": 1.0, "fpem/env_route_head_mode_hyper_proto": 1.0, "fpem/fpem_force_uniform_route": 0.0, "fpem/hard_prediction_sinkhorn_total_replaces_primary": 0.0, "fpem/hard_prediction_environment_sinkhorn_total_replaces_primary": 0.0, "fpem/warmup_risk_sinkhorn_total_replaces_primary": 0.0, "fpem/lambda_club_mi": 0.0}}
EPOCH {"epoch": 32, "train_loss": 11.330025972638811, "val": {"loss": 11.327936225467258, "mae": 11.143738746643066, "mape": 0.2002086341381073}, "test_mixed": {"loss": NaN, "mae": NaN, "mape": NaN}, "test_workday": {"loss": NaN, "mae": NaN, "mape": NaN}, "test_holiday": {"loss": NaN, "mae": NaN, "mape": NaN}, "test_avg_mae": NaN, "lr": 0.0005, "fpem_logs": {"fpem/fpem_env_use_exogenous": 1.0, "fpem/env_exogenous_available": 1.0, "fpem/env_exogenous_time_available": 1.0, "fpem/env_exogenous_load_available": 1.0, "fpem/env_exogenous_feature_dim": 32.0, "fpem/env_exogenous_embedding_norm": 2.8242468516031902, "fpem/env_exogenous_load_embedding_norm": 1.9120871543884277, "fpem/env_rep_ablation_normal": 1.0, "fpem/env_rep_ablation_zero": 0.0, "fpem/env_rep_ablation_shuffle_batch": 0.0, "fpem/env_rep_ablation_mode_id": 0.0, "fpem/mask_loss": 0.0, "fpem/mask_sparse_loss": 0.0, "fpem/mask_entropy_loss": 0.0, "fpem/mask_mean": 1.0, "fpem/mask_entropy": 0.0, "fpem/mask_active_ratio": 1.0, "fpem/fusion_alpha_mean": 0.0, "fpem/fusion_alpha_std": 0.0, "fpem/fusion_alpha_min": 0.0, "fpem/fusion_alpha_max": 0.0, "fpem/env_route_loss": 2.4727830432710194, "fpem/env_route_L_final": 8.857740302312942, "fpem/env_route_L_global": 0.0, "fpem/env_route_L_route_soft": 0.0, "fpem/env_route_L_expert": 9.226480424971808, "fpem/env_route_L_router_oracle": 0.6274869345483326, "fpem/env_route_L_balance": 0.0, "fpem/env_route_L_diverse": 0.0, "fpem/env_route_L_proto_align": 0.0, "fpem/env_route_entropy": 0.0, "fpem/env_route_q_max_mean": 0.0, "fpem/hyper_alpha_mean": 0.0, "fpem/hyper_delta_norm": 0.0, "fpem/hyper_route_proto_mode_uniform_warmup": 0.0, "fpem/hyper_route_proto_mode_uniform_fixed": 0.0, "fpem/hyper_route_proto_mode_sinkhorn": 0.0, "fpem/hyper_route_proto_mode_softmax": 0.0, "fpem/fallback_q_mean": 0.45714285714285713, "fpem/fallback_q_max": 0.0, "fpem/env_q_sum_mean": 0.5428571428571428, "fpem/oracle_fallback_rate": 0.0, "fpem/route_count_fallback": 0.0, "fpem/env_route_head_mode": 1.0, "fpem/route_entropy_mean": 0.0, "fpem/route_mean_distribution_entropy": 0.0, "fpem/effective_expert_number": 1.0, "fpem/max_expert_usage_ratio": 0.0, "fpem/min_expert_usage_ratio": 0.0, "fpem/prototype_pairwise_cosine": 0.0, "fpem/expert_prediction_pairwise_cosine": 0.0, "fpem/expert_collapse_warning": 0.0, "fpem/env_route_target_mode_env_prototype": 0.0, "fpem/env_route_target_mode_hybrid": 0.0, "fpem/env_route_hybrid_alpha": 0.0, "fpem/env_route_train_mode_warmup_risk_sinkhorn": 0.0, "fpem/warmup_risk_stage_warmup": 0.0, "fpem/warmup_risk_stage_soft": 0.0, "fpem/warmup_risk_stage_hard": 0.0, "fpem/warmup_risk_selected_loss": 0.0, "fpem/warmup_risk_uniform_common_loss": 0.0, "fpem/warmup_risk_lambda_common": 0.0, "fpem/warmup_risk_total_common_term": 0.0, "fpem/warmup_risk_temperature": 0.0, "fpem/warmup_risk_temperature_progress": 0.0, "fpem/uniform_expert_mae": 0.0, "fpem/risk_routed_mae": 0.0, "fpem/risk_prediction_mae": 0.0, "fpem/risk_loss": 0.0, "fpem/risk_ranking_loss": 0.0, "fpem/risk_ranking_accuracy": 0.0, "fpem/risk_oracle_argmin_accuracy": 0.0, "fpem/risk_router_temperature": 0.0, "fpem/risk_router_lambda": 0.0, "fpem/risk_router_pairwise_lambda": 0.0, "fpem/env_route_train_mode_progressive_gmm_environment": 0.0, "fpem/top_level_prediction_source_progressive_gmm_teacher_hard": 0.0, "fpem/progressive_assignment_uses_target_or_prediction_error": 0.0, "fpem/progressive_partition_ready": 0.0, "fpem/progressive_selected_k": 0.0, "fpem/progressive_active_expert_count": 0.0, "fpem/progressive_last_partition_epoch": 0.0, "fpem/progressive_lambda_common": 0.0, "fpem/progressive_common_term": 0.0, "fpem/progressive_compactness_loss": 0.0, "fpem/progressive_consistency_loss": 0.0, "fpem/progressive_cluster_entropy": 0.0, "fpem/progressive_assignment_change_ratio": 0.0, "fpem/progressive_hungarian_overlap_score": 0.0, "fpem/progressive_partition_update_time_sec": 0.0, "fpem/progressive_routed_mae": 0.0, "fpem/progressive_gmm_environment_total_replaces_primary": 0.0, "fpem/env_route_count_head_0": 16.0, "fpem/env_route_oracle_count_head_0": 16.0, "fpem/route_count_env_head_0": 16.0, "fpem/route_soft_mean_expert_0": 1.0, "fpem/route_hard_count_expert_0": 16.0, "fpem/hard_count_expert_0": 16.0, "fpem/sinkhorn_soft_col_mass_expert_0": 0.0, "fpem/progressive_active_expert_0": 0.0, "fpem/progressive_cluster_size_0": 0.0, "fpem/progressive_cluster_ratio_0": 0.0, "fpem/progressive_cluster_to_expert_0": 0.0, "fpem/progressive_bic_k1": 0.0, "fpem/progressive_bic_score_k1": 0.0, "fpem/progressive_bic_rejected_k1": 0.0, "fpem/hyper_alpha_head_0": 0.0, "fpem/hyper_gamma_norm_head_0": 0.0, "fpem/hyper_beta_norm_head_0": 0.0, "fpem/expert_cross_mae_group_0_expert_0": 9.226480424971808, "fpem/load_expert_loss": 9.226480424971808, "fpem/hard_router_loss": 0.6274869345483326, "fpem/hard_router_target_env_ratio": 0.718452380952381, "fpem/hard_router_predicted_env_ratio": 0.5428571428571428, "fpem/hard_router_effective_env_ratio": 0.5428571428571428, "fpem/hard_router_supervision_enabled": 1.0, "fpem/hard_router_warmup_active": 0.0, "fpem/load_level_assignment_detached": 1.0, "fpem/load_level_count_0": 1680.0, "fpem/load_level_ratio_0": 1.0, "fpem/expert_0_global_loss": 9.226480424971808, "fpem/expert_0_selected_loss": 9.226480424971808, "fpem/hard_router_margin_mean": 0.09556804306450345, "fpem/hard_router_gain_mean": 0.3303240293548221, "fpem/hard_router_class_weight_invariant": 2.437158000469208, "fpem/hard_router_class_weight_environment": 0.7279990037282308, "fpem/expert_prediction_pairwise_difference": 0.0, "fpem/delta_pairwise_cosine": 0.0, "fpem/delta_pairwise_l1": 0.0, "fpem/delta_pairwise_l2": 0.0, "fpem/expert_0_parameter_norm": 16.10442675635928, "fpem/hard_binary_router_enabled": 1.0, "fpem/hard_router_uses_target_in_forward": 0.0, "fpem/stored_future_c_loaded": 0.0, "fpem/prediction_is_weighted_complete_fusion": 0.0, "fpem/future_mi_loss": 0.0, "fpem/future_mi_valid": 0.0, "fpem/future_mi_logvar_mean": 0.0, "fpem/future_mi_target_mode_env_encoder": 0.0, "fpem/swap_loss": 0.0, "fpem/swap_diff_loss": 0.0, "fpem/swap_same_loss": 0.0, "fpem/swap_gain_mean": 0.0, "fpem/swap_s_gain_mean": 0.0, "fpem/swap_fallback_router_loss": 0.0, "fpem/swap_fallback_q_mean": 0.0, "fpem/swap_prediction_delta": 0.0, "fpem/swap_route_delta": 0.0, "fpem/swap_hyper_alpha_delta": 0.0, "fpem/swap_hyper_delta_norm": 0.0, "fpem/loss_env_day": 0.0, "fpem/loss_env_hour": 0.0, "fpem/loss_env_rush": 0.0, "fpem/env_day_acc": 0.0, "fpem/env_hour_acc": 0.0, "fpem/env_rush_acc": 0.0, "fpem/loss_env_supcon": 0.0, "fpem/env_supcon_valid_pairs": 0.0, "fpem/loss_inv_env_adv": 0.0, "fpem/inv_day_acc": 0.0, "fpem/inv_hour_acc": 0.0, "fpem/inv_rush_acc": 0.0, "fpem/loss_cross_cov_sep": 0.0, "fpem/load_level_experts_enabled": 1.0, "fpem/load_level_uses_target_or_future_load": 0.0, "fpem/environment_gate_uses_target_in_forward": 0.0, "fpem/load_level_env_residual_scale": 0.0, "fpem/uses_cached_observable_load_prior": 1.0, "fpem/primary_loss": 8.857740302312942, "fpem/inv_pred_loss": 9.067161946069627, "fpem/primary_uses_route": 1.0, "fpem/primary_uses_env_fusion": 0.0, "fpem/backbone_agcrn": 1.0, "fpem/backbone_graphwavenet": 0.0, "fpem/backbone_staeformer": 0.0, "fpem/gc_pred_loss_only": 1.0, "fpem/env_route_head_mode_hyper_proto": 1.0, "fpem/fpem_force_uniform_route": 0.0, "fpem/hard_prediction_sinkhorn_total_replaces_primary": 0.0, "fpem/hard_prediction_environment_sinkhorn_total_replaces_primary": 0.0, "fpem/warmup_risk_sinkhorn_total_replaces_primary": 0.0, "fpem/lambda_club_mi": 0.0}}
EPOCH {"epoch": 33, "train_loss": 11.327884928385417, "val": {"loss": 11.321912129720053, "mae": 11.13477611541748, "mape": 0.20337322354316711}, "test_mixed": {"loss": NaN, "mae": NaN, "mape": NaN}, "test_workday": {"loss": NaN, "mae": NaN, "mape": NaN}, "test_holiday": {"loss": NaN, "mae": NaN, "mape": NaN}, "test_avg_mae": NaN, "lr": 0.0005, "fpem_logs": {"fpem/fpem_env_use_exogenous": 1.0, "fpem/env_exogenous_available": 1.0, "fpem/env_exogenous_time_available": 1.0, "fpem/env_exogenous_load_available": 1.0, "fpem/env_exogenous_feature_dim": 32.0, "fpem/env_exogenous_embedding_norm": 2.8307278292519706, "fpem/env_exogenous_load_embedding_norm": 1.9166342042741322, "fpem/env_rep_ablation_normal": 1.0, "fpem/env_rep_ablation_zero": 0.0, "fpem/env_rep_ablation_shuffle_batch": 0.0, "fpem/env_rep_ablation_mode_id": 0.0, "fpem/mask_loss": 0.0, "fpem/mask_sparse_loss": 0.0, "fpem/mask_entropy_loss": 0.0, "fpem/mask_mean": 1.0, "fpem/mask_entropy": 0.0, "fpem/mask_active_ratio": 1.0, "fpem/fusion_alpha_mean": 0.0, "fpem/fusion_alpha_std": 0.0, "fpem/fusion_alpha_min": 0.0, "fpem/fusion_alpha_max": 0.0, "fpem/env_route_loss": 2.4773085594177244, "fpem/env_route_L_final": 8.84511761438279, "fpem/env_route_L_global": 0.0, "fpem/env_route_L_route_soft": 0.0, "fpem/env_route_L_expert": 9.224953074682327, "fpem/env_route_L_router_oracle": 0.6323179276216597, "fpem/env_route_L_balance": 0.0, "fpem/env_route_L_diverse": 0.0, "fpem/env_route_L_proto_align": 0.0, "fpem/env_route_entropy": 0.0, "fpem/env_route_q_max_mean": 0.0, "fpem/hyper_alpha_mean": 0.0, "fpem/hyper_delta_norm": 0.0, "fpem/hyper_route_proto_mode_uniform_warmup": 0.0, "fpem/hyper_route_proto_mode_uniform_fixed": 0.0, "fpem/hyper_route_proto_mode_sinkhorn": 0.0, "fpem/hyper_route_proto_mode_softmax": 0.0, "fpem/fallback_q_mean": 0.4297619047619048, "fpem/fallback_q_max": 0.0, "fpem/env_q_sum_mean": 0.5702380952380952, "fpem/oracle_fallback_rate": 0.0, "fpem/route_count_fallback": 0.0, "fpem/env_route_head_mode": 1.0, "fpem/route_entropy_mean": 0.0, "fpem/route_mean_distribution_entropy": 0.0, "fpem/effective_expert_number": 1.0, "fpem/max_expert_usage_ratio": 0.0, "fpem/min_expert_usage_ratio": 0.0, "fpem/prototype_pairwise_cosine": 0.0, "fpem/expert_prediction_pairwise_cosine": 0.0, "fpem/expert_collapse_warning": 0.0, "fpem/env_route_target_mode_env_prototype": 0.0, "fpem/env_route_target_mode_hybrid": 0.0, "fpem/env_route_hybrid_alpha": 0.0, "fpem/env_route_train_mode_warmup_risk_sinkhorn": 0.0, "fpem/warmup_risk_stage_warmup": 0.0, "fpem/warmup_risk_stage_soft": 0.0, "fpem/warmup_risk_stage_hard": 0.0, "fpem/warmup_risk_selected_loss": 0.0, "fpem/warmup_risk_uniform_common_loss": 0.0, "fpem/warmup_risk_lambda_common": 0.0, "fpem/warmup_risk_total_common_term": 0.0, "fpem/warmup_risk_temperature": 0.0, "fpem/warmup_risk_temperature_progress": 0.0, "fpem/uniform_expert_mae": 0.0, "fpem/risk_routed_mae": 0.0, "fpem/risk_prediction_mae": 0.0, "fpem/risk_loss": 0.0, "fpem/risk_ranking_loss": 0.0, "fpem/risk_ranking_accuracy": 0.0, "fpem/risk_oracle_argmin_accuracy": 0.0, "fpem/risk_router_temperature": 0.0, "fpem/risk_router_lambda": 0.0, "fpem/risk_router_pairwise_lambda": 0.0, "fpem/env_route_train_mode_progressive_gmm_environment": 0.0, "fpem/top_level_prediction_source_progressive_gmm_teacher_hard": 0.0, "fpem/progressive_assignment_uses_target_or_prediction_error": 0.0, "fpem/progressive_partition_ready": 0.0, "fpem/progressive_selected_k": 0.0, "fpem/progressive_active_expert_count": 0.0, "fpem/progressive_last_partition_epoch": 0.0, "fpem/progressive_lambda_common": 0.0, "fpem/progressive_common_term": 0.0, "fpem/progressive_compactness_loss": 0.0, "fpem/progressive_consistency_loss": 0.0, "fpem/progressive_cluster_entropy": 0.0, "fpem/progressive_assignment_change_ratio": 0.0, "fpem/progressive_hungarian_overlap_score": 0.0, "fpem/progressive_partition_update_time_sec": 0.0, "fpem/progressive_routed_mae": 0.0, "fpem/progressive_gmm_environment_total_replaces_primary": 0.0, "fpem/env_route_count_head_0": 16.0, "fpem/env_route_oracle_count_head_0": 16.0, "fpem/route_count_env_head_0": 16.0, "fpem/route_soft_mean_expert_0": 1.0, "fpem/route_hard_count_expert_0": 16.0, "fpem/hard_count_expert_0": 16.0, "fpem/sinkhorn_soft_col_mass_expert_0": 0.0, "fpem/progressive_active_expert_0": 0.0, "fpem/progressive_cluster_size_0": 0.0, "fpem/progressive_cluster_ratio_0": 0.0, "fpem/progressive_cluster_to_expert_0": 0.0, "fpem/progressive_bic_k1": 0.0, "fpem/progressive_bic_score_k1": 0.0, "fpem/progressive_bic_rejected_k1": 0.0, "fpem/hyper_alpha_head_0": 0.0, "fpem/hyper_gamma_norm_head_0": 0.0, "fpem/hyper_beta_norm_head_0": 0.0, "fpem/expert_cross_mae_group_0_expert_0": 9.224953074682327, "fpem/load_expert_loss": 9.224953074682327, "fpem/hard_router_loss": 0.6323179276216597, "fpem/hard_router_target_env_ratio": 0.7303571428571428, "fpem/hard_router_predicted_env_ratio": 0.5702380952380952, "fpem/hard_router_effective_env_ratio": 0.5702380952380952, "fpem/hard_router_supervision_enabled": 1.0, "fpem/hard_router_warmup_active": 0.0, "fpem/load_level_assignment_detached": 1.0, "fpem/load_level_count_0": 1680.0, "fpem/load_level_ratio_0": 1.0, "fpem/expert_0_global_loss": 9.224953074682327, "fpem/expert_0_selected_loss": 9.224953074682327, "fpem/hard_router_margin_mean": 0.09556804214205061, "fpem/hard_router_gain_mean": 0.3318514327208201, "fpem/hard_router_class_weight_invariant": 2.3534996492522104, "fpem/hard_router_class_weight_environment": 0.7053809875533694, "fpem/expert_prediction_pairwise_difference": 0.0, "fpem/delta_pairwise_cosine": 0.0, "fpem/delta_pairwise_l1": 0.0, "fpem/delta_pairwise_l2": 0.0, "fpem/expert_0_parameter_norm": 16.11687318711054, "fpem/hard_binary_router_enabled": 1.0, "fpem/hard_router_uses_target_in_forward": 0.0, "fpem/stored_future_c_loaded": 0.0, "fpem/prediction_is_weighted_complete_fusion": 0.0, "fpem/future_mi_loss": 0.0, "fpem/future_mi_valid": 0.0, "fpem/future_mi_logvar_mean": 0.0, "fpem/future_mi_target_mode_env_encoder": 0.0, "fpem/swap_loss": 0.0, "fpem/swap_diff_loss": 0.0, "fpem/swap_same_loss": 0.0, "fpem/swap_gain_mean": 0.0, "fpem/swap_s_gain_mean": 0.0, "fpem/swap_fallback_router_loss": 0.0, "fpem/swap_fallback_q_mean": 0.0, "fpem/swap_prediction_delta": 0.0, "fpem/swap_route_delta": 0.0, "fpem/swap_hyper_alpha_delta": 0.0, "fpem/swap_hyper_delta_norm": 0.0, "fpem/loss_env_day": 0.0, "fpem/loss_env_hour": 0.0, "fpem/loss_env_rush": 0.0, "fpem/env_day_acc": 0.0, "fpem/env_hour_acc": 0.0, "fpem/env_rush_acc": 0.0, "fpem/loss_env_supcon": 0.0, "fpem/env_supcon_valid_pairs": 0.0, "fpem/loss_inv_env_adv": 0.0, "fpem/inv_day_acc": 0.0, "fpem/inv_hour_acc": 0.0, "fpem/inv_rush_acc": 0.0, "fpem/loss_cross_cov_sep": 0.0, "fpem/load_level_experts_enabled": 1.0, "fpem/load_level_uses_target_or_future_load": 0.0, "fpem/environment_gate_uses_target_in_forward": 0.0, "fpem/load_level_env_residual_scale": 0.0, "fpem/uses_cached_observable_load_prior": 1.0, "fpem/primary_loss": 8.84511761438279, "fpem/inv_pred_loss": 9.061775988624209, "fpem/primary_uses_route": 1.0, "fpem/primary_uses_env_fusion": 0.0, "fpem/backbone_agcrn": 1.0, "fpem/backbone_graphwavenet": 0.0, "fpem/backbone_staeformer": 0.0, "fpem/gc_pred_loss_only": 1.0, "fpem/env_route_head_mode_hyper_proto": 1.0, "fpem/fpem_force_uniform_route": 0.0, "fpem/hard_prediction_sinkhorn_total_replaces_primary": 0.0, "fpem/hard_prediction_environment_sinkhorn_total_replaces_primary": 0.0, "fpem/warmup_risk_sinkhorn_total_replaces_primary": 0.0, "fpem/lambda_club_mi": 0.0}}
EPOCH {"epoch": 34, "train_loss": 11.321977606273833, "val": {"loss": 11.314515855577257, "mae": 11.131017684936523, "mape": 0.20131710171699524}, "test_mixed": {"loss": NaN, "mae": NaN, "mape": NaN}, "test_workday": {"loss": NaN, "mae": NaN, "mape": NaN}, "test_holiday": {"loss": NaN, "mae": NaN, "mape": NaN}, "test_avg_mae": NaN, "lr": 0.0005, "fpem_logs": {"fpem/fpem_env_use_exogenous": 1.0, "fpem/env_exogenous_available": 1.0, "fpem/env_exogenous_time_available": 1.0, "fpem/env_exogenous_load_available": 1.0, "fpem/env_exogenous_feature_dim": 32.0, "fpem/env_exogenous_embedding_norm": 2.833759357815697, "fpem/env_exogenous_load_embedding_norm": 1.9190529482705252, "fpem/env_rep_ablation_normal": 1.0, "fpem/env_rep_ablation_zero": 0.0, "fpem/env_rep_ablation_shuffle_batch": 0.0, "fpem/env_rep_ablation_mode_id": 0.0, "fpem/mask_loss": 0.0, "fpem/mask_sparse_loss": 0.0, "fpem/mask_entropy_loss": 0.0, "fpem/mask_mean": 1.0, "fpem/mask_entropy": 0.0, "fpem/mask_active_ratio": 1.0, "fpem/fusion_alpha_mean": 0.0, "fpem/fusion_alpha_std": 0.0, "fpem/fusion_alpha_min": 0.0, "fpem/fusion_alpha_max": 0.0, "fpem/env_route_loss": 2.472980995405288, "fpem/env_route_L_final": 8.855904070536296, "fpem/env_route_L_global": 0.0, "fpem/env_route_L_route_soft": 0.0, "fpem/env_route_L_expert": 9.220879759107317, "fpem/env_route_L_router_oracle": 0.6288050222964514, "fpem/env_route_L_balance": 0.0, "fpem/env_route_L_diverse": 0.0, "fpem/env_route_L_proto_align": 0.0, "fpem/env_route_entropy": 0.0, "fpem/env_route_q_max_mean": 0.0, "fpem/hyper_alpha_mean": 0.0, "fpem/hyper_delta_norm": 0.0, "fpem/hyper_route_proto_mode_uniform_warmup": 0.0, "fpem/hyper_route_proto_mode_uniform_fixed": 0.0, "fpem/hyper_route_proto_mode_sinkhorn": 0.0, "fpem/hyper_route_proto_mode_softmax": 0.0, "fpem/fallback_q_mean": 0.4654761904761905, "fpem/fallback_q_max": 0.0, "fpem/env_q_sum_mean": 0.5345238095238095, "fpem/oracle_fallback_rate": 0.0, "fpem/route_count_fallback": 0.0, "fpem/env_route_head_mode": 1.0, "fpem/route_entropy_mean": 0.0, "fpem/route_mean_distribution_entropy": 0.0, "fpem/effective_expert_number": 1.0, "fpem/max_expert_usage_ratio": 0.0, "fpem/min_expert_usage_ratio": 0.0, "fpem/prototype_pairwise_cosine": 0.0, "fpem/expert_prediction_pairwise_cosine": 0.0, "fpem/expert_collapse_warning": 0.0, "fpem/env_route_target_mode_env_prototype": 0.0, "fpem/env_route_target_mode_hybrid": 0.0, "fpem/env_route_hybrid_alpha": 0.0, "fpem/env_route_train_mode_warmup_risk_sinkhorn": 0.0, "fpem/warmup_risk_stage_warmup": 0.0, "fpem/warmup_risk_stage_soft": 0.0, "fpem/warmup_risk_stage_hard": 0.0, "fpem/warmup_risk_selected_loss": 0.0, "fpem/warmup_risk_uniform_common_loss": 0.0, "fpem/warmup_risk_lambda_common": 0.0, "fpem/warmup_risk_total_common_term": 0.0, "fpem/warmup_risk_temperature": 0.0, "fpem/warmup_risk_temperature_progress": 0.0, "fpem/uniform_expert_mae": 0.0, "fpem/risk_routed_mae": 0.0, "fpem/risk_prediction_mae": 0.0, "fpem/risk_loss": 0.0, "fpem/risk_ranking_loss": 0.0, "fpem/risk_ranking_accuracy": 0.0, "fpem/risk_oracle_argmin_accuracy": 0.0, "fpem/risk_router_temperature": 0.0, "fpem/risk_router_lambda": 0.0, "fpem/risk_router_pairwise_lambda": 0.0, "fpem/env_route_train_mode_progressive_gmm_environment": 0.0, "fpem/top_level_prediction_source_progressive_gmm_teacher_hard": 0.0, "fpem/progressive_assignment_uses_target_or_prediction_error": 0.0, "fpem/progressive_partition_ready": 0.0, "fpem/progressive_selected_k": 0.0, "fpem/progressive_active_expert_count": 0.0, "fpem/progressive_last_partition_epoch": 0.0, "fpem/progressive_lambda_common": 0.0, "fpem/progressive_common_term": 0.0, "fpem/progressive_compactness_loss": 0.0, "fpem/progressive_consistency_loss": 0.0, "fpem/progressive_cluster_entropy": 0.0, "fpem/progressive_assignment_change_ratio": 0.0, "fpem/progressive_hungarian_overlap_score": 0.0, "fpem/progressive_partition_update_time_sec": 0.0, "fpem/progressive_routed_mae": 0.0, "fpem/progressive_gmm_environment_total_replaces_primary": 0.0, "fpem/env_route_count_head_0": 16.0, "fpem/env_route_oracle_count_head_0": 16.0, "fpem/route_count_env_head_0": 16.0, "fpem/route_soft_mean_expert_0": 1.0, "fpem/route_hard_count_expert_0": 16.0, "fpem/hard_count_expert_0": 16.0, "fpem/sinkhorn_soft_col_mass_expert_0": 0.0, "fpem/progressive_active_expert_0": 0.0, "fpem/progressive_cluster_size_0": 0.0, "fpem/progressive_cluster_ratio_0": 0.0, "fpem/progressive_cluster_to_expert_0": 0.0, "fpem/progressive_bic_k1": 0.0, "fpem/progressive_bic_score_k1": 0.0, "fpem/progressive_bic_rejected_k1": 0.0, "fpem/hyper_alpha_head_0": 0.0, "fpem/hyper_gamma_norm_head_0": 0.0, "fpem/hyper_beta_norm_head_0": 0.0, "fpem/expert_cross_mae_group_0_expert_0": 9.220879759107317, "fpem/load_expert_loss": 9.220879759107317, "fpem/hard_router_loss": 0.6288050222964514, "fpem/hard_router_target_env_ratio": 0.7172619047619048, "fpem/hard_router_predicted_env_ratio": 0.5345238095238095, "fpem/hard_router_effective_env_ratio": 0.5345238095238095, "fpem/hard_router_supervision_enabled": 1.0, "fpem/hard_router_warmup_active": 0.0, "fpem/load_level_assignment_detached": 1.0, "fpem/load_level_count_0": 1680.0, "fpem/load_level_ratio_0": 1.0, "fpem/expert_0_global_loss": 9.220879759107317, "fpem/expert_0_selected_loss": 9.220879759107317, "fpem/hard_router_margin_mean": 0.09556804285162972, "fpem/hard_router_gain_mean": 0.3359246882654372, "fpem/hard_router_class_weight_invariant": 2.1824338890257335, "fpem/hard_router_class_weight_environment": 0.7179098339307876, "fpem/expert_prediction_pairwise_difference": 0.0, "fpem/delta_pairwise_cosine": 0.0, "fpem/delta_pairwise_l1": 0.0, "fpem/delta_pairwise_l2": 0.0, "fpem/expert_0_parameter_norm": 16.13364092508952, "fpem/hard_binary_router_enabled": 1.0, "fpem/hard_router_uses_target_in_forward": 0.0, "fpem/stored_future_c_loaded": 0.0, "fpem/prediction_is_weighted_complete_fusion": 0.0, "fpem/future_mi_loss": 0.0, "fpem/future_mi_valid": 0.0, "fpem/future_mi_logvar_mean": 0.0, "fpem/future_mi_target_mode_env_encoder": 0.0, "fpem/swap_loss": 0.0, "fpem/swap_diff_loss": 0.0, "fpem/swap_same_loss": 0.0, "fpem/swap_gain_mean": 0.0, "fpem/swap_s_gain_mean": 0.0, "fpem/swap_fallback_router_loss": 0.0, "fpem/swap_fallback_q_mean": 0.0, "fpem/swap_prediction_delta": 0.0, "fpem/swap_route_delta": 0.0, "fpem/swap_hyper_alpha_delta": 0.0, "fpem/swap_hyper_delta_norm": 0.0, "fpem/loss_env_day": 0.0, "fpem/loss_env_hour": 0.0, "fpem/loss_env_rush": 0.0, "fpem/env_day_acc": 0.0, "fpem/env_hour_acc": 0.0, "fpem/env_rush_acc": 0.0, "fpem/loss_env_supcon": 0.0, "fpem/env_supcon_valid_pairs": 0.0, "fpem/loss_inv_env_adv": 0.0, "fpem/inv_day_acc": 0.0, "fpem/inv_hour_acc": 0.0, "fpem/inv_rush_acc": 0.0, "fpem/loss_cross_cov_sep": 0.0, "fpem/load_level_experts_enabled": 1.0, "fpem/load_level_uses_target_or_future_load": 0.0, "fpem/environment_gate_uses_target_in_forward": 0.0, "fpem/load_level_env_residual_scale": 0.0, "fpem/uses_cached_observable_load_prior": 1.0, "fpem/primary_loss": 8.855904070536296, "fpem/inv_pred_loss": 9.066100792657762, "fpem/primary_uses_route": 1.0, "fpem/primary_uses_env_fusion": 0.0, "fpem/backbone_agcrn": 1.0, "fpem/backbone_graphwavenet": 0.0, "fpem/backbone_staeformer": 0.0, "fpem/gc_pred_loss_only": 1.0, "fpem/env_route_head_mode_hyper_proto": 1.0, "fpem/fpem_force_uniform_route": 0.0, "fpem/hard_prediction_sinkhorn_total_replaces_primary": 0.0, "fpem/hard_prediction_environment_sinkhorn_total_replaces_primary": 0.0, "fpem/warmup_risk_sinkhorn_total_replaces_primary": 0.0, "fpem/lambda_club_mi": 0.0}}
EARLY_STOP epoch=34 patience=30
SUMMARY {"exp_name": "fpem_agcrn_aligned_pretrained_inv_observable_load_hard_router_0727_v1_obs_k1_environment_hard_router_seed2025", "model": "steve", "ablation": "obs_k1_environment_hard_router", "best_epoch": 4, "best_val_loss": 11.309056414498222, "test_mixed_mae": 10.180431365966797, "test_workday_mae": 10.078539848327637, "test_holiday_mae": 10.35781192779541, "test_avg_mae": 10.218175888061523, "top_level_prediction_source": "observable_load_selected_expert_with_hard_binary_router", "finished": true}
