[StableST] loaded pretrained invariant AGCRN encoder and prediction head from /data/OuXiaoyu/STEVE_CODE/STEVE/experiments/NYCTaxi_TDS/pure_agcrn_seed2024/best_val_model.pth; missing=[] unexpected=[]
/data/OuXiaoyu/miniconda3/envs/basicts/lib/python3.11/site-packages/torch/optim/lr_scheduler.py:62: UserWarning: The verbose parameter is deprecated. Please use get_last_lr() to access the learning rate.
  warnings.warn(
{
  "args": {
    "seed": 2024,
    "device": "cuda:0",
    "mode": "train",
    "best_path": "/home/zhangwt/remote/StableST/experiments/NYCTaxi/20240510-014845/best_model.pth",
    "debug": false,
    "data_dir": "/data/OuXiaoyu/STEVE_CODE/STEVE/data",
    "dataset": "NYCTaxi_TDS",
    "input_length": 35,
    "batch_size": 16,
    "test_batch_size": 16,
    "graph_file": "/data/OuXiaoyu/STEVE_CODE/STEVE/data/NYCTaxi_TDS/adj_mx.npz",
    "num_nodes": 200,
    "len_closeness": 8,
    "len_period": 27,
    "len_trend": 0,
    "d_input": 2,
    "d_output": 2,
    "d_model": 64,
    "dropout": 0.1,
    "percent": 0.1,
    "shm_temp": 0.5,
    "nmb_prototype": 4,
    "yita": 0.5,
    "layers": 3,
    "K": 64,
    "bank_gamma": 0.2,
    "kw": 1,
    "mi_w": 2,
    "epochs": 100,
    "lr_init": 0.001,
    "early_stop": true,
    "early_stop_patience": 30,
    "grad_norm": true,
    "max_grad_norm": 5,
    "use_dwa": true,
    "temp": 2,
    "MMI": false,
    "lr_patience": 20,
    "lr_mode": "only",
    "use_RevIN": true,
    "ablation": "obs_k1_environment_hard_router",
    "config_filename": "/data/OuXiaoyu/STEVE_CODE/STEVE/configs/NYCTaxi.yaml",
    "model": "steve",
    "data_seed": 2024,
    "early_stop_test_avg_mae_epoch": 0,
    "early_stop_test_avg_mae_threshold": 12.0,
    "train_work_per_holiday": 2.5,
    "exp_name": "fpem_agcrn_aligned_pretrained_inv_observable_load_hard_router_0727_v1_obs_k1_environment_hard_router_seed2024",
    "run_name": "fpem_agcrn_aligned_pretrained_inv_observable_load_hard_router_0727_v1_obs_k1_environment_hard_router_seed2024",
    "result_root": "/data/OuXiaoyu/STEVE_CODE/STEVE/experiments/NYCTaxi_TDS",
    "resume": true,
    "resume_reset_patience": true,
    "max_train_batches": null,
    "max_eval_batches": null,
    "fpem_backbone": "agcrn",
    "agcrn_lr": 0.003,
    "agcrn_embed_dim": 10,
    "agcrn_rnn_units": 64,
    "agcrn_num_layers": 2,
    "agcrn_cheb_k": 2,
    "graphwavenet_layers": 4,
    "graphwavenet_kernel_size": 2,
    "graphwavenet_dropout": 0.1,
    "staeformer_layers": 2,
    "staeformer_heads": 4,
    "staeformer_dropout": 0.1,
    "staeformer_mlp_ratio": 2.0,
    "staeformer_input_length_max": 512,
    "fpem_use_pretrained_inv_agcrn": true,
    "fpem_pretrained_inv_agcrn_path": "/data/OuXiaoyu/STEVE_CODE/STEVE/experiments/NYCTaxi_TDS/pure_agcrn_seed2024/best_val_model.pth",
    "fpem_use_env_supervision": false,
    "fpem_lambda_env_day_cls": 0.0,
    "fpem_lambda_env_hour_cls": 0.0,
    "fpem_lambda_env_rush_cls": 0.0,
    "fpem_env_use_exogenous": true,
    "fpem_env_exogenous_hour_dim": 8,
    "fpem_env_exogenous_day_dim": 4,
    "fpem_env_exogenous_rush_dim": 4,
    "fpem_env_exogenous_load_dim": 8,
    "fpem_env_exogenous_load_num_embeddings": 6,
    "fpem_env_exogenous_scale": 0.1,
    "fpem_ignore_future_c": true,
    "fpem_use_load_level_experts": true,
    "fpem_load_level_k": 1,
    "fpem_load_level_mode": "train_quantile",
    "fpem_randomize_train_load_level": false,
    "fpem_random_load_level_seed": 20260727,
    "fpem_use_environment_gate": false,
    "fpem_environment_gate_hidden_dim": 64,
    "fpem_environment_gate_warmup_epochs": 5,
    "fpem_environment_gate_margin_relative": 0.01,
    "fpem_environment_gate_temperature": 0.05,
    "fpem_lambda_environment_gate": 1.0,
    "fpem_lambda_load_expert": 0.2,
    "fpem_use_env_supcon": false,
    "fpem_lambda_env_supcon": 0.0,
    "fpem_env_supcon_temperature": 0.1,
    "fpem_use_inv_projector": false,
    "fpem_use_inv_env_adversarial": false,
    "fpem_lambda_inv_env_adv": 0.0,
    "fpem_grl_alpha": 1.0,
    "fpem_env_route_head_mode": "hyper_inv_film_proto_input_add",
    "fpem_use_env_prototype_router": false,
    "fpem_env_route_target_mode": "env_prototype",
    "fpem_env_route_train_mode": "soft_oracle",
    "fpem_env_route_inference_mode": "mlp",
    "fpem_env_prototype_temperature": 1.0,
    "fpem_env_route_hybrid_alpha": 1.0,
    "fpem_env_route_hybrid_alpha_start": 1.0,
    "fpem_env_route_hybrid_alpha_end": 0.5,
    "fpem_env_route_hybrid_alpha_decay_epochs": 30,
    "fpem_use_sinkhorn_route": false,
    "fpem_force_uniform_route": false,
    "fpem_env_rep_ablation": "normal",
    "fpem_env_route_sinkhorn_tau": 1.0,
    "fpem_env_route_sinkhorn_iters": 5,
    "fpem_env_sinkhorn_prediction_alpha_start": 0.2,
    "fpem_env_sinkhorn_prediction_alpha_final": 1.0,
    "fpem_env_sinkhorn_environment_beta_start": 1.0,
    "fpem_env_sinkhorn_environment_beta_final": 0.2,
    "fpem_env_sinkhorn_schedule_start_epoch": 5,
    "fpem_env_sinkhorn_schedule_end_epoch": 15,
    "fpem_env_sinkhorn_temporal_lambda": 0.05,
    "fpem_env_sinkhorn_gaussian_ema": 0.05,
    "fpem_env_sinkhorn_gaussian_min_var": 0.0001,
    "fpem_sinkhorn_warmup_epochs": 10,
    "fpem_sinkhorn_soft_end_epoch": 20,
    "fpem_sinkhorn_temperature_start": 1.0,
    "fpem_sinkhorn_temperature_final": 0.3,
    "fpem_sinkhorn_lambda_common": 0.1,
    "fpem_risk_router_temperature": 1.0,
    "fpem_risk_router_lambda": 0.5,
    "fpem_risk_router_pairwise_lambda": 0.0,
    "fpem_env_teacher_ema_momentum": 0.995,
    "fpem_env_partition_start_epoch": 5,
    "fpem_env_partition_update_interval": 5,
    "fpem_env_partition_freeze_last_epochs": 15,
    "fpem_env_partition_max_batches": -1,
    "fpem_env_max_clusters": 6,
    "fpem_env_min_cluster_ratio": 0.08,
    "fpem_env_gmm_n_init": 10,
    "fpem_env_gmm_variance_floor": 0.0001,
    "fpem_env_progressive_lambda_common": 0.2,
    "fpem_env_cluster_compactness_lambda": 0.01,
    "fpem_env_cluster_consistency_lambda": 0.05,
    "fpem_env_split_perturb_std": 1e-05,
    "fpem_sinkhorn_iters": 3,
    "fpem_sinkhorn_epsilon": 0.05,
    "fpem_expert_uniform_warmup_epochs": 5,
    "fpem_env_route_balance_warmup_epochs": 10,
    "fpem_env_route_initial_temperature": 1.0,
    "fpem_env_route_final_temperature": 0.3,
    "fpem_use_cross_cov_sep": false,
    "fpem_lambda_cross_cov_sep": 0.0,
    "save_test_selected_checkpoints": false,
    "fpem_use_confounder_extractor": false,
    "fpem_use_env_mask": false,
    "fpem_confounder_use_mask": false,
    "fpem_lambda_mask_sparse": 0.0,
    "fpem_lambda_mask_entropy": 0.0,
    "fpem_lambda_inv_pred": 0.0,
    "fpem_use_env_route": true,
    "fpem_env_route_k": 1,
    "fpem_env_route_warmup_epochs": 0,
    "fpem_env_route_tau": 1.0,
    "fpem_env_route_oracle_tau": 0.3,
    "fpem_env_route_hidden_dim": 64,
    "fpem_env_route_lambda_final": 1.0,
    "fpem_env_route_lambda_global": 0.0,
    "fpem_env_route_lambda_route_soft": 0.5,
    "fpem_env_route_lambda_expert": 0.2,
    "fpem_env_route_lambda_router_oracle": 1.0,
    "fpem_env_route_lambda_balance": 0.1,
    "fpem_env_route_lambda_diverse": 0.02,
    "fpem_env_route_lambda_proto_align": 0.01,
    "fpem_env_route_lambda_entropy": 0.0,
    "fpem_hyper_alpha_mode": "fixed_one",
    "fpem_lambda_hyper_delta_norm": 0.0001,
    "fpem_use_club_mi": false,
    "fpem_lambda_club_mi": 0.0,
    "fpem_use_env_fusion": false,
    "fpem_env_route_use_inv_fallback_expert": false,
    "fpem_use_future_mi": false,
    "fpem_lambda_future_mi": 0.0,
    "fpem_future_mi_target_mode": "env_encoder",
    "fpem_future_mi_warmup_epochs": 5,
    "fpem_future_mi_hidden_dim": 64,
    "fpem_future_mi_detach_target": true,
    "fpem_use_swap": false,
    "fpem_lambda_swap": 0.0,
    "fpem_swap_warmup_epochs": 30,
    "fpem_swap_margin": 0.01,
    "fpem_swap_gain_eta": 0.0,
    "fpem_swap_gain_tau": 0.05,
    "fpem_lambda_swap_diff": 1.0,
    "fpem_lambda_swap_same": 0.05,
    "fpem_swap_only_diff_route": true,
    "fpem_swap_detach_inv": true,
    "fpem_swap_detach_env": false,
    "fpem_use_swap_fallback_router_loss": false,
    "fpem_lambda_swap_fallback_router": 0.0,
    "fpem_use_grad_consensus": false,
    "fpem_gc_pred_loss_only": true,
    "fpem_use_observable_load_prior": true,
    "fpem_observable_load_prior_cache": "/data/OuXiaoyu/STEVE_CODE/STEVE/data/NYCTaxi/observable_load_prior_k3_v1.npz",
    "fpem_observable_load_random_seed": 314159,
    "fpem_use_random_balanced_assignment": false,
    "fpem_use_hard_environment_router": true,
    "fpem_hard_router_hidden_dim": 64,
    "fpem_hard_router_warmup_epochs": 5,
    "fpem_hard_router_relative_margin": 0.01,
    "fpem_lambda_hard_router": 1.0,
    "git_commit": "1b38ed8",
    "log_dir": "/data/OuXiaoyu/STEVE_CODE/STEVE/experiments/NYCTaxi_TDS/fpem_agcrn_aligned_pretrained_inv_observable_load_hard_router_0727_v1_obs_k1_environment_hard_router_seed2024",
    "fpem_observable_load_prior_summary": {
      "path": "/data/OuXiaoyu/STEVE_CODE/STEVE/data/NYCTaxi/observable_load_prior_k3_v1.npz",
      "cache_version": 1,
      "created": false,
      "CP_shape": [
        200,
        2
      ],
      "CP_zero_count": 0,
      "thresholds": [
        0.165,
        0.20350000000000001
      ],
      "random_assignment_seed": 314159,
      "metadata": {
        "cache_version": 1,
        "formula": "c_obs=clip(ceil(5*x[:,-1]/CP),0,5); CP=max(train_x,axis=(0,1)); CP==0 -> c_obs=0",
        "load_score": "mean(c_obs/5 over nodes and channels)",
        "quantiles": [
          0.3333333333333333,
          0.6666666666666666
        ],
        "random_assignment_seed": 314159,
        "source_x_shapes": {
          "test": [
            546,
            35,
            200,
            2
          ],
          "train": [
            1912,
            35,
            200,
            2
          ],
          "val": [
            274,
            35,
            200,
            2
          ]
        },
        "threshold_fit_split": "train",
        "uses_stored_c": false,
        "uses_target_y": false
      },
      "splits": {
        "train": {
          "samples": 1912,
          "c_obs_shape": [
            1912,
            200,
            2
          ],
          "score_min": 0.005,
          "score_max": 0.32,
          "expert_counts": [
            639,
            636,
            637
          ],
          "random_expert_counts": [
            639,
            636,
            637
          ]
        },
        "val": {
          "samples": 274,
          "c_obs_shape": [
            274,
            200,
            2
          ],
          "score_min": 0.0925,
          "score_max": 0.311,
          "expert_counts": [
            73,
            81,
            120
          ],
          "random_expert_counts": [
            73,
            81,
            120
          ]
        },
        "test": {
          "samples": 546,
          "c_obs_shape": [
            546,
            200,
            2
          ],
          "score_min": 0.08850000000000001,
          "score_max": 0.331,
          "expert_counts": [
            125,
            183,
            238
          ],
          "random_expert_counts": [
            125,
            183,
            238
          ]
        }
      }
    },
    "fpem_load_level_thresholds": [],
    "fpem_load_level_train_counts": [
      1912
    ],
    "fpem_load_level_source": "cached c_obs=clip(ceil(5*x[:, -1]/train-only CP),0,5)",
    "fpem_load_level_threshold_fit_split": "raw train",
    "fpem_load_level_uses_target_or_future_load": false,
    "fpem_input_scaler_mean": 38.48429196519959,
    "fpem_input_scaler_std": 103.72333844876623
  },
  "counts": {
    "train_total": 1680,
    "train_workday": 1200,
    "train_holiday": 480,
    "train_workday_holiday_ratio": 2.5,
    "val_total": 274,
    "val_workday": 178,
    "val_holiday": 96,
    "test_total": 546,
    "test_workday": 354,
    "test_holiday": 192,
    "train_shuffle": true,
    "train_chronological_for_env_sinkhorn_temporal": false,
    "traffic_load_c_audit": {
      "ignored": true,
      "loaded_into_training_or_inference": false,
      "reason": "stored c is derived from future y[:,0]"
    },
    "observable_load_prior": {
      "path": "/data/OuXiaoyu/STEVE_CODE/STEVE/data/NYCTaxi/observable_load_prior_k3_v1.npz",
      "cache_version": 1,
      "created": false,
      "CP_shape": [
        200,
        2
      ],
      "CP_zero_count": 0,
      "thresholds": [
        0.165,
        0.20350000000000001
      ],
      "random_assignment_seed": 314159,
      "metadata": {
        "cache_version": 1,
        "formula": "c_obs=clip(ceil(5*x[:,-1]/CP),0,5); CP=max(train_x,axis=(0,1)); CP==0 -> c_obs=0",
        "load_score": "mean(c_obs/5 over nodes and channels)",
        "quantiles": [
          0.3333333333333333,
          0.6666666666666666
        ],
        "random_assignment_seed": 314159,
        "source_x_shapes": {
          "test": [
            546,
            35,
            200,
            2
          ],
          "train": [
            1912,
            35,
            200,
            2
          ],
          "val": [
            274,
            35,
            200,
            2
          ]
        },
        "threshold_fit_split": "train",
        "uses_stored_c": false,
        "uses_target_y": false
      },
      "splits": {
        "train": {
          "samples": 1912,
          "c_obs_shape": [
            1912,
            200,
            2
          ],
          "score_min": 0.005,
          "score_max": 0.32,
          "expert_counts": [
            639,
            636,
            637
          ],
          "random_expert_counts": [
            639,
            636,
            637
          ]
        },
        "val": {
          "samples": 274,
          "c_obs_shape": [
            274,
            200,
            2
          ],
          "score_min": 0.0925,
          "score_max": 0.311,
          "expert_counts": [
            73,
            81,
            120
          ],
          "random_expert_counts": [
            73,
            81,
            120
          ]
        },
        "test": {
          "samples": 546,
          "c_obs_shape": [
            546,
            200,
            2
          ],
          "score_min": 0.08850000000000001,
          "score_max": 0.331,
          "expert_counts": [
            125,
            183,
            238
          ],
          "random_expert_counts": [
            125,
            183,
            238
          ]
        }
      }
    },
    "load_level_source": "cached c_obs=clip(ceil(5*x[:, -1]/train-only CP),0,5)",
    "load_level_threshold_fit_split": "raw train",
    "load_level_thresholds": [],
    "load_level_train_counts": [
      1912
    ],
    "load_level_uses_target_or_future_load": false
  },
  "trainable_params": 844094,
  "frozen_params": 1625073,
  "optimizer_params": 844094,
  "resume_start_epoch": 1,
  "top_level_prediction_source": "observable_load_selected_expert_with_hard_binary_router",
  "frozen_invariant_parameters": [
    "encoder_inv.node_embeddings",
    "encoder_inv.cells.0.gate.weights_pool",
    "encoder_inv.cells.0.gate.bias_pool",
    "encoder_inv.cells.0.update.weights_pool",
    "encoder_inv.cells.0.update.bias_pool",
    "encoder_inv.cells.1.gate.weights_pool",
    "encoder_inv.cells.1.gate.bias_pool",
    "encoder_inv.cells.1.update.weights_pool",
    "encoder_inv.cells.1.update.bias_pool",
    "tcl4h.weight",
    "tcl4h.bias",
    "invariant_predict_conv_2.weight",
    "invariant_predict_conv_2.bias"
  ],
  "trainable_invariant_parameters": [],
  "invariant_candidate_val": {
    "mae": 11.673948287963867,
    "mape": 0.18977294862270355
  }
}
EPOCH {"epoch": 1, "train_loss": 17.62270700363886, "val": {"loss": 12.279129293229845, "mae": 12.059816360473633, "mape": 0.20595672726631165}, "test_mixed": {"loss": NaN, "mae": NaN, "mape": NaN}, "test_workday": {"loss": NaN, "mae": NaN, "mape": NaN}, "test_holiday": {"loss": NaN, "mae": NaN, "mape": NaN}, "test_avg_mae": NaN, "lr": 0.001, "fpem_logs": {"fpem/fpem_env_use_exogenous": 1.0, "fpem/env_exogenous_available": 1.0, "fpem/env_exogenous_time_available": 1.0, "fpem/env_exogenous_load_available": 1.0, "fpem/env_exogenous_feature_dim": 32.0, "fpem/env_exogenous_embedding_norm": 2.546964204879034, "fpem/env_exogenous_load_embedding_norm": 1.7753592127845401, "fpem/env_rep_ablation_normal": 1.0, "fpem/env_rep_ablation_zero": 0.0, "fpem/env_rep_ablation_shuffle_batch": 0.0, "fpem/env_rep_ablation_mode_id": 0.0, "fpem/mask_loss": 0.0, "fpem/mask_sparse_loss": 0.0, "fpem/mask_entropy_loss": 0.0, "fpem/mask_mean": 1.0, "fpem/mask_entropy": 0.0, "fpem/mask_active_ratio": 1.0, "fpem/fusion_alpha_mean": 0.0, "fpem/fusion_alpha_std": 0.0, "fpem/fusion_alpha_min": 0.0, "fpem/fusion_alpha_max": 0.0, "fpem/env_route_loss": 2.9795448587054296, "fpem/env_route_L_final": 14.643160956246513, "fpem/env_route_L_global": 0.0, "fpem/env_route_L_route_soft": 0.0, "fpem/env_route_L_expert": 14.89772397904169, "fpem/env_route_L_router_oracle": 0.0, "fpem/env_route_L_balance": 0.0, "fpem/env_route_L_diverse": 0.0, "fpem/env_route_L_proto_align": 0.0, "fpem/env_route_entropy": 0.0, "fpem/env_route_q_max_mean": 0.0, "fpem/hyper_alpha_mean": 0.0, "fpem/hyper_delta_norm": 0.0, "fpem/hyper_route_proto_mode_uniform_warmup": 0.0, "fpem/hyper_route_proto_mode_uniform_fixed": 0.0, "fpem/hyper_route_proto_mode_sinkhorn": 0.0, "fpem/hyper_route_proto_mode_softmax": 0.0, "fpem/fallback_q_mean": 0.0, "fpem/fallback_q_max": 0.0, "fpem/env_q_sum_mean": 1.0, "fpem/oracle_fallback_rate": 0.0, "fpem/route_count_fallback": 0.0, "fpem/env_route_head_mode": 1.0, "fpem/route_entropy_mean": 0.0, "fpem/route_mean_distribution_entropy": 0.0, "fpem/effective_expert_number": 1.0, "fpem/max_expert_usage_ratio": 0.0, "fpem/min_expert_usage_ratio": 0.0, "fpem/prototype_pairwise_cosine": 0.0, "fpem/expert_prediction_pairwise_cosine": 0.0, "fpem/expert_collapse_warning": 0.0, "fpem/env_route_target_mode_env_prototype": 0.0, "fpem/env_route_target_mode_hybrid": 0.0, "fpem/env_route_hybrid_alpha": 0.0, "fpem/env_route_train_mode_warmup_risk_sinkhorn": 0.0, "fpem/warmup_risk_stage_warmup": 0.0, "fpem/warmup_risk_stage_soft": 0.0, "fpem/warmup_risk_stage_hard": 0.0, "fpem/warmup_risk_selected_loss": 0.0, "fpem/warmup_risk_uniform_common_loss": 0.0, "fpem/warmup_risk_lambda_common": 0.0, "fpem/warmup_risk_total_common_term": 0.0, "fpem/warmup_risk_temperature": 0.0, "fpem/warmup_risk_temperature_progress": 0.0, "fpem/uniform_expert_mae": 0.0, "fpem/risk_routed_mae": 0.0, "fpem/risk_prediction_mae": 0.0, "fpem/risk_loss": 0.0, "fpem/risk_ranking_loss": 0.0, "fpem/risk_ranking_accuracy": 0.0, "fpem/risk_oracle_argmin_accuracy": 0.0, "fpem/risk_router_temperature": 0.0, "fpem/risk_router_lambda": 0.0, "fpem/risk_router_pairwise_lambda": 0.0, "fpem/env_route_train_mode_progressive_gmm_environment": 0.0, "fpem/top_level_prediction_source_progressive_gmm_teacher_hard": 0.0, "fpem/progressive_assignment_uses_target_or_prediction_error": 0.0, "fpem/progressive_partition_ready": 0.0, "fpem/progressive_selected_k": 0.0, "fpem/progressive_active_expert_count": 0.0, "fpem/progressive_last_partition_epoch": 0.0, "fpem/progressive_lambda_common": 0.0, "fpem/progressive_common_term": 0.0, "fpem/progressive_compactness_loss": 0.0, "fpem/progressive_consistency_loss": 0.0, "fpem/progressive_cluster_entropy": 0.0, "fpem/progressive_assignment_change_ratio": 0.0, "fpem/progressive_hungarian_overlap_score": 0.0, "fpem/progressive_partition_update_time_sec": 0.0, "fpem/progressive_routed_mae": 0.0, "fpem/progressive_gmm_environment_total_replaces_primary": 0.0, "fpem/env_route_count_head_0": 16.0, "fpem/env_route_oracle_count_head_0": 16.0, "fpem/route_count_env_head_0": 16.0, "fpem/route_soft_mean_expert_0": 1.0, "fpem/route_hard_count_expert_0": 16.0, "fpem/hard_count_expert_0": 16.0, "fpem/sinkhorn_soft_col_mass_expert_0": 0.0, "fpem/progressive_active_expert_0": 0.0, "fpem/progressive_cluster_size_0": 0.0, "fpem/progressive_cluster_ratio_0": 0.0, "fpem/progressive_cluster_to_expert_0": 0.0, "fpem/progressive_bic_k1": 0.0, "fpem/progressive_bic_score_k1": 0.0, "fpem/progressive_bic_rejected_k1": 0.0, "fpem/hyper_alpha_head_0": 0.0, "fpem/hyper_gamma_norm_head_0": 0.0, "fpem/hyper_beta_norm_head_0": 0.0, "fpem/expert_cross_mae_group_0_expert_0": 14.89772397904169, "fpem/load_expert_loss": 14.89772397904169, "fpem/hard_router_loss": 0.0, "fpem/hard_router_target_env_ratio": 0.0375, "fpem/hard_router_predicted_env_ratio": 1.0, "fpem/hard_router_effective_env_ratio": 1.0, "fpem/hard_router_supervision_enabled": 0.0, "fpem/hard_router_warmup_active": 1.0, "fpem/load_level_assignment_detached": 1.0, "fpem/load_level_count_0": 1680.0, "fpem/load_level_ratio_0": 1.0, "fpem/expert_0_global_loss": 14.89772397904169, "fpem/expert_0_selected_loss": 14.89772397904169, "fpem/hard_router_margin_mean": 0.09662237302178428, "fpem/hard_router_gain_mean": -5.235486458596729, "fpem/hard_router_class_weight_invariant": 0.0, "fpem/hard_router_class_weight_environment": 0.0, "fpem/expert_prediction_pairwise_difference": 0.0, "fpem/delta_pairwise_cosine": 0.0, "fpem/delta_pairwise_l1": 0.0, "fpem/delta_pairwise_l2": 0.0, "fpem/expert_0_parameter_norm": 14.837985283987862, "fpem/hard_binary_router_enabled": 1.0, "fpem/hard_router_uses_target_in_forward": 0.0, "fpem/stored_future_c_loaded": 0.0, "fpem/prediction_is_weighted_complete_fusion": 0.0, "fpem/future_mi_loss": 0.0, "fpem/future_mi_valid": 0.0, "fpem/future_mi_logvar_mean": 0.0, "fpem/future_mi_target_mode_env_encoder": 0.0, "fpem/swap_loss": 0.0, "fpem/swap_diff_loss": 0.0, "fpem/swap_same_loss": 0.0, "fpem/swap_gain_mean": 0.0, "fpem/swap_s_gain_mean": 0.0, "fpem/swap_fallback_router_loss": 0.0, "fpem/swap_fallback_q_mean": 0.0, "fpem/swap_prediction_delta": 0.0, "fpem/swap_route_delta": 0.0, "fpem/swap_hyper_alpha_delta": 0.0, "fpem/swap_hyper_delta_norm": 0.0, "fpem/loss_env_day": 0.0, "fpem/loss_env_hour": 0.0, "fpem/loss_env_rush": 0.0, "fpem/env_day_acc": 0.0, "fpem/env_hour_acc": 0.0, "fpem/env_rush_acc": 0.0, "fpem/loss_env_supcon": 0.0, "fpem/env_supcon_valid_pairs": 0.0, "fpem/loss_inv_env_adv": 0.0, "fpem/inv_day_acc": 0.0, "fpem/inv_hour_acc": 0.0, "fpem/inv_rush_acc": 0.0, "fpem/loss_cross_cov_sep": 0.0, "fpem/load_level_experts_enabled": 1.0, "fpem/load_level_uses_target_or_future_load": 0.0, "fpem/environment_gate_uses_target_in_forward": 0.0, "fpem/load_level_env_residual_scale": 0.0, "fpem/uses_cached_observable_load_prior": 1.0, "fpem/primary_loss": 14.643160956246513, "fpem/inv_pred_loss": 9.217472698574975, "fpem/primary_uses_route": 1.0, "fpem/primary_uses_env_fusion": 0.0, "fpem/backbone_agcrn": 1.0, "fpem/backbone_graphwavenet": 0.0, "fpem/backbone_staeformer": 0.0, "fpem/gc_pred_loss_only": 1.0, "fpem/env_route_head_mode_hyper_proto": 1.0, "fpem/fpem_force_uniform_route": 0.0, "fpem/hard_prediction_sinkhorn_total_replaces_primary": 0.0, "fpem/hard_prediction_environment_sinkhorn_total_replaces_primary": 0.0, "fpem/warmup_risk_sinkhorn_total_replaces_primary": 0.0, "fpem/lambda_club_mi": 0.0}}
EPOCH {"epoch": 2, "train_loss": 12.306032489594958, "val": {"loss": 12.291198306613499, "mae": 12.072426795959473, "mape": 0.24153953790664673}, "test_mixed": {"loss": NaN, "mae": NaN, "mape": NaN}, "test_workday": {"loss": NaN, "mae": NaN, "mape": NaN}, "test_holiday": {"loss": NaN, "mae": NaN, "mape": NaN}, "test_avg_mae": NaN, "lr": 0.001, "fpem_logs": {"fpem/fpem_env_use_exogenous": 1.0, "fpem/env_exogenous_available": 1.0, "fpem/env_exogenous_time_available": 1.0, "fpem/env_exogenous_load_available": 1.0, "fpem/env_exogenous_feature_dim": 32.0, "fpem/env_exogenous_embedding_norm": 2.545106315612793, "fpem/env_exogenous_load_embedding_norm": 1.7830605495543708, "fpem/env_rep_ablation_normal": 1.0, "fpem/env_rep_ablation_zero": 0.0, "fpem/env_rep_ablation_shuffle_batch": 0.0, "fpem/env_rep_ablation_mode_id": 0.0, "fpem/mask_loss": 0.0, "fpem/mask_sparse_loss": 0.0, "fpem/mask_entropy_loss": 0.0, "fpem/mask_mean": 1.0, "fpem/mask_entropy": 0.0, "fpem/mask_active_ratio": 1.0, "fpem/fusion_alpha_mean": 0.0, "fpem/fusion_alpha_std": 0.0, "fpem/fusion_alpha_min": 0.0, "fpem/fusion_alpha_max": 0.0, "fpem/env_route_loss": 2.1038002252578734, "fpem/env_route_L_final": 10.202232151939755, "fpem/env_route_L_global": 0.0, "fpem/env_route_L_route_soft": 0.0, "fpem/env_route_L_expert": 10.51900090717134, "fpem/env_route_L_router_oracle": 0.0, "fpem/env_route_L_balance": 0.0, "fpem/env_route_L_diverse": 0.0, "fpem/env_route_L_proto_align": 0.0, "fpem/env_route_entropy": 0.0, "fpem/env_route_q_max_mean": 0.0, "fpem/hyper_alpha_mean": 0.0, "fpem/hyper_delta_norm": 0.0, "fpem/hyper_route_proto_mode_uniform_warmup": 0.0, "fpem/hyper_route_proto_mode_uniform_fixed": 0.0, "fpem/hyper_route_proto_mode_sinkhorn": 0.0, "fpem/hyper_route_proto_mode_softmax": 0.0, "fpem/fallback_q_mean": 0.0, "fpem/fallback_q_max": 0.0, "fpem/env_q_sum_mean": 1.0, "fpem/oracle_fallback_rate": 0.0, "fpem/route_count_fallback": 0.0, "fpem/env_route_head_mode": 1.0, "fpem/route_entropy_mean": 0.0, "fpem/route_mean_distribution_entropy": 0.0, "fpem/effective_expert_number": 1.0, "fpem/max_expert_usage_ratio": 0.0, "fpem/min_expert_usage_ratio": 0.0, "fpem/prototype_pairwise_cosine": 0.0, "fpem/expert_prediction_pairwise_cosine": 0.0, "fpem/expert_collapse_warning": 0.0, "fpem/env_route_target_mode_env_prototype": 0.0, "fpem/env_route_target_mode_hybrid": 0.0, "fpem/env_route_hybrid_alpha": 0.0, "fpem/env_route_train_mode_warmup_risk_sinkhorn": 0.0, "fpem/warmup_risk_stage_warmup": 0.0, "fpem/warmup_risk_stage_soft": 0.0, "fpem/warmup_risk_stage_hard": 0.0, "fpem/warmup_risk_selected_loss": 0.0, "fpem/warmup_risk_uniform_common_loss": 0.0, "fpem/warmup_risk_lambda_common": 0.0, "fpem/warmup_risk_total_common_term": 0.0, "fpem/warmup_risk_temperature": 0.0, "fpem/warmup_risk_temperature_progress": 0.0, "fpem/uniform_expert_mae": 0.0, "fpem/risk_routed_mae": 0.0, "fpem/risk_prediction_mae": 0.0, "fpem/risk_loss": 0.0, "fpem/risk_ranking_loss": 0.0, "fpem/risk_ranking_accuracy": 0.0, "fpem/risk_oracle_argmin_accuracy": 0.0, "fpem/risk_router_temperature": 0.0, "fpem/risk_router_lambda": 0.0, "fpem/risk_router_pairwise_lambda": 0.0, "fpem/env_route_train_mode_progressive_gmm_environment": 0.0, "fpem/top_level_prediction_source_progressive_gmm_teacher_hard": 0.0, "fpem/progressive_assignment_uses_target_or_prediction_error": 0.0, "fpem/progressive_partition_ready": 0.0, "fpem/progressive_selected_k": 0.0, "fpem/progressive_active_expert_count": 0.0, "fpem/progressive_last_partition_epoch": 0.0, "fpem/progressive_lambda_common": 0.0, "fpem/progressive_common_term": 0.0, "fpem/progressive_compactness_loss": 0.0, "fpem/progressive_consistency_loss": 0.0, "fpem/progressive_cluster_entropy": 0.0, "fpem/progressive_assignment_change_ratio": 0.0, "fpem/progressive_hungarian_overlap_score": 0.0, "fpem/progressive_partition_update_time_sec": 0.0, "fpem/progressive_routed_mae": 0.0, "fpem/progressive_gmm_environment_total_replaces_primary": 0.0, "fpem/env_route_count_head_0": 16.0, "fpem/env_route_oracle_count_head_0": 16.0, "fpem/route_count_env_head_0": 16.0, "fpem/route_soft_mean_expert_0": 1.0, "fpem/route_hard_count_expert_0": 16.0, "fpem/hard_count_expert_0": 16.0, "fpem/sinkhorn_soft_col_mass_expert_0": 0.0, "fpem/progressive_active_expert_0": 0.0, "fpem/progressive_cluster_size_0": 0.0, "fpem/progressive_cluster_ratio_0": 0.0, "fpem/progressive_cluster_to_expert_0": 0.0, "fpem/progressive_bic_k1": 0.0, "fpem/progressive_bic_score_k1": 0.0, "fpem/progressive_bic_rejected_k1": 0.0, "fpem/hyper_alpha_head_0": 0.0, "fpem/hyper_gamma_norm_head_0": 0.0, "fpem/hyper_beta_norm_head_0": 0.0, "fpem/expert_cross_mae_group_0_expert_0": 10.51900090717134, "fpem/load_expert_loss": 10.51900090717134, "fpem/hard_router_loss": 0.0, "fpem/hard_router_target_env_ratio": 0.1261904761904762, "fpem/hard_router_predicted_env_ratio": 1.0, "fpem/hard_router_effective_env_ratio": 1.0, "fpem/hard_router_supervision_enabled": 0.0, "fpem/hard_router_warmup_active": 1.0, "fpem/load_level_assignment_detached": 1.0, "fpem/load_level_count_0": 1680.0, "fpem/load_level_ratio_0": 1.0, "fpem/expert_0_global_loss": 10.51900090717134, "fpem/expert_0_selected_loss": 10.51900090717134, "fpem/hard_router_margin_mean": 0.09662237295082637, "fpem/hard_router_gain_mean": -0.8567633980796451, "fpem/hard_router_class_weight_invariant": 0.0, "fpem/hard_router_class_weight_environment": 0.0, "fpem/expert_prediction_pairwise_difference": 0.0, "fpem/delta_pairwise_cosine": 0.0, "fpem/delta_pairwise_l1": 0.0, "fpem/delta_pairwise_l2": 0.0, "fpem/expert_0_parameter_norm": 14.829187166123162, "fpem/hard_binary_router_enabled": 1.0, "fpem/hard_router_uses_target_in_forward": 0.0, "fpem/stored_future_c_loaded": 0.0, "fpem/prediction_is_weighted_complete_fusion": 0.0, "fpem/future_mi_loss": 0.0, "fpem/future_mi_valid": 0.0, "fpem/future_mi_logvar_mean": 0.0, "fpem/future_mi_target_mode_env_encoder": 0.0, "fpem/swap_loss": 0.0, "fpem/swap_diff_loss": 0.0, "fpem/swap_same_loss": 0.0, "fpem/swap_gain_mean": 0.0, "fpem/swap_s_gain_mean": 0.0, "fpem/swap_fallback_router_loss": 0.0, "fpem/swap_fallback_q_mean": 0.0, "fpem/swap_prediction_delta": 0.0, "fpem/swap_route_delta": 0.0, "fpem/swap_hyper_alpha_delta": 0.0, "fpem/swap_hyper_delta_norm": 0.0, "fpem/loss_env_day": 0.0, "fpem/loss_env_hour": 0.0, "fpem/loss_env_rush": 0.0, "fpem/env_day_acc": 0.0, "fpem/env_hour_acc": 0.0, "fpem/env_rush_acc": 0.0, "fpem/loss_env_supcon": 0.0, "fpem/env_supcon_valid_pairs": 0.0, "fpem/loss_inv_env_adv": 0.0, "fpem/inv_day_acc": 0.0, "fpem/inv_hour_acc": 0.0, "fpem/inv_rush_acc": 0.0, "fpem/loss_cross_cov_sep": 0.0, "fpem/load_level_experts_enabled": 1.0, "fpem/load_level_uses_target_or_future_load": 0.0, "fpem/environment_gate_uses_target_in_forward": 0.0, "fpem/load_level_env_residual_scale": 0.0, "fpem/uses_cached_observable_load_prior": 1.0, "fpem/primary_loss": 10.202232151939755, "fpem/inv_pred_loss": 9.217511985415504, "fpem/primary_uses_route": 1.0, "fpem/primary_uses_env_fusion": 0.0, "fpem/backbone_agcrn": 1.0, "fpem/backbone_graphwavenet": 0.0, "fpem/backbone_staeformer": 0.0, "fpem/gc_pred_loss_only": 1.0, "fpem/env_route_head_mode_hyper_proto": 1.0, "fpem/fpem_force_uniform_route": 0.0, "fpem/hard_prediction_sinkhorn_total_replaces_primary": 0.0, "fpem/hard_prediction_environment_sinkhorn_total_replaces_primary": 0.0, "fpem/warmup_risk_sinkhorn_total_replaces_primary": 0.0, "fpem/lambda_club_mi": 0.0}}
EPOCH {"epoch": 3, "train_loss": 10.915454537527902, "val": {"loss": 11.897630956437853, "mae": 11.691205978393555, "mape": 0.18466392159461975}, "test_mixed": {"loss": NaN, "mae": NaN, "mape": NaN}, "test_workday": {"loss": NaN, "mae": NaN, "mape": NaN}, "test_holiday": {"loss": NaN, "mae": NaN, "mape": NaN}, "test_avg_mae": NaN, "lr": 0.001, "fpem_logs": {"fpem/fpem_env_use_exogenous": 1.0, "fpem/env_exogenous_available": 1.0, "fpem/env_exogenous_time_available": 1.0, "fpem/env_exogenous_load_available": 1.0, "fpem/env_exogenous_feature_dim": 32.0, "fpem/env_exogenous_embedding_norm": 2.592258662269229, "fpem/env_exogenous_load_embedding_norm": 1.8243167207354591, "fpem/env_rep_ablation_normal": 1.0, "fpem/env_rep_ablation_zero": 0.0, "fpem/env_rep_ablation_shuffle_batch": 0.0, "fpem/env_rep_ablation_mode_id": 0.0, "fpem/mask_loss": 0.0, "fpem/mask_sparse_loss": 0.0, "fpem/mask_entropy_loss": 0.0, "fpem/mask_mean": 1.0, "fpem/mask_entropy": 0.0, "fpem/mask_active_ratio": 1.0, "fpem/fusion_alpha_mean": 0.0, "fpem/fusion_alpha_std": 0.0, "fpem/fusion_alpha_min": 0.0, "fpem/fusion_alpha_max": 0.0, "fpem/env_route_loss": 1.9711863710766746, "fpem/env_route_L_final": 9.446426782153901, "fpem/env_route_L_global": 0.0, "fpem/env_route_L_route_soft": 0.0, "fpem/env_route_L_expert": 9.855931690761022, "fpem/env_route_L_router_oracle": 0.0, "fpem/env_route_L_balance": 0.0, "fpem/env_route_L_diverse": 0.0, "fpem/env_route_L_proto_align": 0.0, "fpem/env_route_entropy": 0.0, "fpem/env_route_q_max_mean": 0.0, "fpem/hyper_alpha_mean": 0.0, "fpem/hyper_delta_norm": 0.0, "fpem/hyper_route_proto_mode_uniform_warmup": 0.0, "fpem/hyper_route_proto_mode_uniform_fixed": 0.0, "fpem/hyper_route_proto_mode_sinkhorn": 0.0, "fpem/hyper_route_proto_mode_softmax": 0.0, "fpem/fallback_q_mean": 0.0, "fpem/fallback_q_max": 0.0, "fpem/env_q_sum_mean": 1.0, "fpem/oracle_fallback_rate": 0.0, "fpem/route_count_fallback": 0.0, "fpem/env_route_head_mode": 1.0, "fpem/route_entropy_mean": 0.0, "fpem/route_mean_distribution_entropy": 0.0, "fpem/effective_expert_number": 1.0, "fpem/max_expert_usage_ratio": 0.0, "fpem/min_expert_usage_ratio": 0.0, "fpem/prototype_pairwise_cosine": 0.0, "fpem/expert_prediction_pairwise_cosine": 0.0, "fpem/expert_collapse_warning": 0.0, "fpem/env_route_target_mode_env_prototype": 0.0, "fpem/env_route_target_mode_hybrid": 0.0, "fpem/env_route_hybrid_alpha": 0.0, "fpem/env_route_train_mode_warmup_risk_sinkhorn": 0.0, "fpem/warmup_risk_stage_warmup": 0.0, "fpem/warmup_risk_stage_soft": 0.0, "fpem/warmup_risk_stage_hard": 0.0, "fpem/warmup_risk_selected_loss": 0.0, "fpem/warmup_risk_uniform_common_loss": 0.0, "fpem/warmup_risk_lambda_common": 0.0, "fpem/warmup_risk_total_common_term": 0.0, "fpem/warmup_risk_temperature": 0.0, "fpem/warmup_risk_temperature_progress": 0.0, "fpem/uniform_expert_mae": 0.0, "fpem/risk_routed_mae": 0.0, "fpem/risk_prediction_mae": 0.0, "fpem/risk_loss": 0.0, "fpem/risk_ranking_loss": 0.0, "fpem/risk_ranking_accuracy": 0.0, "fpem/risk_oracle_argmin_accuracy": 0.0, "fpem/risk_router_temperature": 0.0, "fpem/risk_router_lambda": 0.0, "fpem/risk_router_pairwise_lambda": 0.0, "fpem/env_route_train_mode_progressive_gmm_environment": 0.0, "fpem/top_level_prediction_source_progressive_gmm_teacher_hard": 0.0, "fpem/progressive_assignment_uses_target_or_prediction_error": 0.0, "fpem/progressive_partition_ready": 0.0, "fpem/progressive_selected_k": 0.0, "fpem/progressive_active_expert_count": 0.0, "fpem/progressive_last_partition_epoch": 0.0, "fpem/progressive_lambda_common": 0.0, "fpem/progressive_common_term": 0.0, "fpem/progressive_compactness_loss": 0.0, "fpem/progressive_consistency_loss": 0.0, "fpem/progressive_cluster_entropy": 0.0, "fpem/progressive_assignment_change_ratio": 0.0, "fpem/progressive_hungarian_overlap_score": 0.0, "fpem/progressive_partition_update_time_sec": 0.0, "fpem/progressive_routed_mae": 0.0, "fpem/progressive_gmm_environment_total_replaces_primary": 0.0, "fpem/env_route_count_head_0": 16.0, "fpem/env_route_oracle_count_head_0": 16.0, "fpem/route_count_env_head_0": 16.0, "fpem/route_soft_mean_expert_0": 1.0, "fpem/route_hard_count_expert_0": 16.0, "fpem/hard_count_expert_0": 16.0, "fpem/sinkhorn_soft_col_mass_expert_0": 0.0, "fpem/progressive_active_expert_0": 0.0, "fpem/progressive_cluster_size_0": 0.0, "fpem/progressive_cluster_ratio_0": 0.0, "fpem/progressive_cluster_to_expert_0": 0.0, "fpem/progressive_bic_k1": 0.0, "fpem/progressive_bic_score_k1": 0.0, "fpem/progressive_bic_rejected_k1": 0.0, "fpem/hyper_alpha_head_0": 0.0, "fpem/hyper_gamma_norm_head_0": 0.0, "fpem/hyper_beta_norm_head_0": 0.0, "fpem/expert_cross_mae_group_0_expert_0": 9.855931690761022, "fpem/load_expert_loss": 9.855931690761022, "fpem/hard_router_loss": 0.0, "fpem/hard_router_target_env_ratio": 0.24404761904761904, "fpem/hard_router_predicted_env_ratio": 1.0, "fpem/hard_router_effective_env_ratio": 1.0, "fpem/hard_router_supervision_enabled": 0.0, "fpem/hard_router_warmup_active": 1.0, "fpem/load_level_assignment_detached": 1.0, "fpem/load_level_count_0": 1680.0, "fpem/load_level_ratio_0": 1.0, "fpem/expert_0_global_loss": 9.855931690761022, "fpem/expert_0_selected_loss": 9.855931690761022, "fpem/hard_router_margin_mean": 0.0966223731637001, "fpem/hard_router_gain_mean": -0.19369418025016785, "fpem/hard_router_class_weight_invariant": 0.0, "fpem/hard_router_class_weight_environment": 0.0, "fpem/expert_prediction_pairwise_difference": 0.0, "fpem/delta_pairwise_cosine": 0.0, "fpem/delta_pairwise_l1": 0.0, "fpem/delta_pairwise_l2": 0.0, "fpem/expert_0_parameter_norm": 14.83308538709368, "fpem/hard_binary_router_enabled": 1.0, "fpem/hard_router_uses_target_in_forward": 0.0, "fpem/stored_future_c_loaded": 0.0, "fpem/prediction_is_weighted_complete_fusion": 0.0, "fpem/future_mi_loss": 0.0, "fpem/future_mi_valid": 0.0, "fpem/future_mi_logvar_mean": 0.0, "fpem/future_mi_target_mode_env_encoder": 0.0, "fpem/swap_loss": 0.0, "fpem/swap_diff_loss": 0.0, "fpem/swap_same_loss": 0.0, "fpem/swap_gain_mean": 0.0, "fpem/swap_s_gain_mean": 0.0, "fpem/swap_fallback_router_loss": 0.0, "fpem/swap_fallback_q_mean": 0.0, "fpem/swap_prediction_delta": 0.0, "fpem/swap_route_delta": 0.0, "fpem/swap_hyper_alpha_delta": 0.0, "fpem/swap_hyper_delta_norm": 0.0, "fpem/loss_env_day": 0.0, "fpem/loss_env_hour": 0.0, "fpem/loss_env_rush": 0.0, "fpem/env_day_acc": 0.0, "fpem/env_hour_acc": 0.0, "fpem/env_rush_acc": 0.0, "fpem/loss_env_supcon": 0.0, "fpem/env_supcon_valid_pairs": 0.0, "fpem/loss_inv_env_adv": 0.0, "fpem/inv_day_acc": 0.0, "fpem/inv_hour_acc": 0.0, "fpem/inv_rush_acc": 0.0, "fpem/loss_cross_cov_sep": 0.0, "fpem/load_level_experts_enabled": 1.0, "fpem/load_level_uses_target_or_future_load": 0.0, "fpem/environment_gate_uses_target_in_forward": 0.0, "fpem/load_level_env_residual_scale": 0.0, "fpem/uses_cached_observable_load_prior": 1.0, "fpem/primary_loss": 9.446426782153901, "fpem/inv_pred_loss": 9.216042600359236, "fpem/primary_uses_route": 1.0, "fpem/primary_uses_env_fusion": 0.0, "fpem/backbone_agcrn": 1.0, "fpem/backbone_graphwavenet": 0.0, "fpem/backbone_staeformer": 0.0, "fpem/gc_pred_loss_only": 1.0, "fpem/env_route_head_mode_hyper_proto": 1.0, "fpem/fpem_force_uniform_route": 0.0, "fpem/hard_prediction_sinkhorn_total_replaces_primary": 0.0, "fpem/hard_prediction_environment_sinkhorn_total_replaces_primary": 0.0, "fpem/warmup_risk_sinkhorn_total_replaces_primary": 0.0, "fpem/lambda_club_mi": 0.0}}
EPOCH {"epoch": 4, "train_loss": 11.072620328267416, "val": {"loss": 11.842467175589668, "mae": 11.629900932312012, "mape": 0.1855342835187912}, "test_mixed": {"loss": NaN, "mae": NaN, "mape": NaN}, "test_workday": {"loss": NaN, "mae": NaN, "mape": NaN}, "test_holiday": {"loss": NaN, "mae": NaN, "mape": NaN}, "test_avg_mae": NaN, "lr": 0.001, "fpem_logs": {"fpem/fpem_env_use_exogenous": 1.0, "fpem/env_exogenous_available": 1.0, "fpem/env_exogenous_time_available": 1.0, "fpem/env_exogenous_load_available": 1.0, "fpem/env_exogenous_feature_dim": 32.0, "fpem/env_exogenous_embedding_norm": 2.6294390701112293, "fpem/env_exogenous_load_embedding_norm": 1.8636178391320364, "fpem/env_rep_ablation_normal": 1.0, "fpem/env_rep_ablation_zero": 0.0, "fpem/env_rep_ablation_shuffle_batch": 0.0, "fpem/env_rep_ablation_mode_id": 0.0, "fpem/mask_loss": 0.0, "fpem/mask_sparse_loss": 0.0, "fpem/mask_entropy_loss": 0.0, "fpem/mask_mean": 1.0, "fpem/mask_entropy": 0.0, "fpem/mask_active_ratio": 1.0, "fpem/fusion_alpha_mean": 0.0, "fpem/fusion_alpha_std": 0.0, "fpem/fusion_alpha_min": 0.0, "fpem/fusion_alpha_max": 0.0, "fpem/env_route_loss": 1.93759354863848, "fpem/env_route_L_final": 9.266798414502825, "fpem/env_route_L_global": 0.0, "fpem/env_route_L_route_soft": 0.0, "fpem/env_route_L_expert": 9.687967600141253, "fpem/env_route_L_router_oracle": 0.0, "fpem/env_route_L_balance": 0.0, "fpem/env_route_L_diverse": 0.0, "fpem/env_route_L_proto_align": 0.0, "fpem/env_route_entropy": 0.0, "fpem/env_route_q_max_mean": 0.0, "fpem/hyper_alpha_mean": 0.0, "fpem/hyper_delta_norm": 0.0, "fpem/hyper_route_proto_mode_uniform_warmup": 0.0, "fpem/hyper_route_proto_mode_uniform_fixed": 0.0, "fpem/hyper_route_proto_mode_sinkhorn": 0.0, "fpem/hyper_route_proto_mode_softmax": 0.0, "fpem/fallback_q_mean": 0.0, "fpem/fallback_q_max": 0.0, "fpem/env_q_sum_mean": 1.0, "fpem/oracle_fallback_rate": 0.0, "fpem/route_count_fallback": 0.0, "fpem/env_route_head_mode": 1.0, "fpem/route_entropy_mean": 0.0, "fpem/route_mean_distribution_entropy": 0.0, "fpem/effective_expert_number": 1.0, "fpem/max_expert_usage_ratio": 0.0, "fpem/min_expert_usage_ratio": 0.0, "fpem/prototype_pairwise_cosine": 0.0, "fpem/expert_prediction_pairwise_cosine": 0.0, "fpem/expert_collapse_warning": 0.0, "fpem/env_route_target_mode_env_prototype": 0.0, "fpem/env_route_target_mode_hybrid": 0.0, "fpem/env_route_hybrid_alpha": 0.0, "fpem/env_route_train_mode_warmup_risk_sinkhorn": 0.0, "fpem/warmup_risk_stage_warmup": 0.0, "fpem/warmup_risk_stage_soft": 0.0, "fpem/warmup_risk_stage_hard": 0.0, "fpem/warmup_risk_selected_loss": 0.0, "fpem/warmup_risk_uniform_common_loss": 0.0, "fpem/warmup_risk_lambda_common": 0.0, "fpem/warmup_risk_total_common_term": 0.0, "fpem/warmup_risk_temperature": 0.0, "fpem/warmup_risk_temperature_progress": 0.0, "fpem/uniform_expert_mae": 0.0, "fpem/risk_routed_mae": 0.0, "fpem/risk_prediction_mae": 0.0, "fpem/risk_loss": 0.0, "fpem/risk_ranking_loss": 0.0, "fpem/risk_ranking_accuracy": 0.0, "fpem/risk_oracle_argmin_accuracy": 0.0, "fpem/risk_router_temperature": 0.0, "fpem/risk_router_lambda": 0.0, "fpem/risk_router_pairwise_lambda": 0.0, "fpem/env_route_train_mode_progressive_gmm_environment": 0.0, "fpem/top_level_prediction_source_progressive_gmm_teacher_hard": 0.0, "fpem/progressive_assignment_uses_target_or_prediction_error": 0.0, "fpem/progressive_partition_ready": 0.0, "fpem/progressive_selected_k": 0.0, "fpem/progressive_active_expert_count": 0.0, "fpem/progressive_last_partition_epoch": 0.0, "fpem/progressive_lambda_common": 0.0, "fpem/progressive_common_term": 0.0, "fpem/progressive_compactness_loss": 0.0, "fpem/progressive_consistency_loss": 0.0, "fpem/progressive_cluster_entropy": 0.0, "fpem/progressive_assignment_change_ratio": 0.0, "fpem/progressive_hungarian_overlap_score": 0.0, "fpem/progressive_partition_update_time_sec": 0.0, "fpem/progressive_routed_mae": 0.0, "fpem/progressive_gmm_environment_total_replaces_primary": 0.0, "fpem/env_route_count_head_0": 16.0, "fpem/env_route_oracle_count_head_0": 16.0, "fpem/route_count_env_head_0": 16.0, "fpem/route_soft_mean_expert_0": 1.0, "fpem/route_hard_count_expert_0": 16.0, "fpem/hard_count_expert_0": 16.0, "fpem/sinkhorn_soft_col_mass_expert_0": 0.0, "fpem/progressive_active_expert_0": 0.0, "fpem/progressive_cluster_size_0": 0.0, "fpem/progressive_cluster_ratio_0": 0.0, "fpem/progressive_cluster_to_expert_0": 0.0, "fpem/progressive_bic_k1": 0.0, "fpem/progressive_bic_score_k1": 0.0, "fpem/progressive_bic_rejected_k1": 0.0, "fpem/hyper_alpha_head_0": 0.0, "fpem/hyper_gamma_norm_head_0": 0.0, "fpem/hyper_beta_norm_head_0": 0.0, "fpem/expert_cross_mae_group_0_expert_0": 9.687967600141253, "fpem/load_expert_loss": 9.687967600141253, "fpem/hard_router_loss": 0.0, "fpem/hard_router_target_env_ratio": 0.4005952380952381, "fpem/hard_router_predicted_env_ratio": 1.0, "fpem/hard_router_effective_env_ratio": 1.0, "fpem/hard_router_supervision_enabled": 0.0, "fpem/hard_router_warmup_active": 1.0, "fpem/load_level_assignment_detached": 1.0, "fpem/load_level_count_0": 1680.0, "fpem/load_level_ratio_0": 1.0, "fpem/expert_0_global_loss": 9.687967600141253, "fpem/expert_0_selected_loss": 9.687967600141253, "fpem/hard_router_margin_mean": 0.09662237280891055, "fpem/hard_router_gain_mean": -0.025730103112402418, "fpem/hard_router_class_weight_invariant": 0.0, "fpem/hard_router_class_weight_environment": 0.0, "fpem/expert_prediction_pairwise_difference": 0.0, "fpem/delta_pairwise_cosine": 0.0, "fpem/delta_pairwise_l1": 0.0, "fpem/delta_pairwise_l2": 0.0, "fpem/expert_0_parameter_norm": 14.8390718460083, "fpem/hard_binary_router_enabled": 1.0, "fpem/hard_router_uses_target_in_forward": 0.0, "fpem/stored_future_c_loaded": 0.0, "fpem/prediction_is_weighted_complete_fusion": 0.0, "fpem/future_mi_loss": 0.0, "fpem/future_mi_valid": 0.0, "fpem/future_mi_logvar_mean": 0.0, "fpem/future_mi_target_mode_env_encoder": 0.0, "fpem/swap_loss": 0.0, "fpem/swap_diff_loss": 0.0, "fpem/swap_same_loss": 0.0, "fpem/swap_gain_mean": 0.0, "fpem/swap_s_gain_mean": 0.0, "fpem/swap_fallback_router_loss": 0.0, "fpem/swap_fallback_q_mean": 0.0, "fpem/swap_prediction_delta": 0.0, "fpem/swap_route_delta": 0.0, "fpem/swap_hyper_alpha_delta": 0.0, "fpem/swap_hyper_delta_norm": 0.0, "fpem/loss_env_day": 0.0, "fpem/loss_env_hour": 0.0, "fpem/loss_env_rush": 0.0, "fpem/env_day_acc": 0.0, "fpem/env_hour_acc": 0.0, "fpem/env_rush_acc": 0.0, "fpem/loss_env_supcon": 0.0, "fpem/env_supcon_valid_pairs": 0.0, "fpem/loss_inv_env_adv": 0.0, "fpem/inv_day_acc": 0.0, "fpem/inv_hour_acc": 0.0, "fpem/inv_rush_acc": 0.0, "fpem/loss_cross_cov_sep": 0.0, "fpem/load_level_experts_enabled": 1.0, "fpem/load_level_uses_target_or_future_load": 0.0, "fpem/environment_gate_uses_target_in_forward": 0.0, "fpem/load_level_env_residual_scale": 0.0, "fpem/uses_cached_observable_load_prior": 1.0, "fpem/primary_loss": 9.266798414502825, "fpem/inv_pred_loss": 9.218950548626127, "fpem/primary_uses_route": 1.0, "fpem/primary_uses_env_fusion": 0.0, "fpem/backbone_agcrn": 1.0, "fpem/backbone_graphwavenet": 0.0, "fpem/backbone_staeformer": 0.0, "fpem/gc_pred_loss_only": 1.0, "fpem/env_route_head_mode_hyper_proto": 1.0, "fpem/fpem_force_uniform_route": 0.0, "fpem/hard_prediction_sinkhorn_total_replaces_primary": 0.0, "fpem/hard_prediction_environment_sinkhorn_total_replaces_primary": 0.0, "fpem/warmup_risk_sinkhorn_total_replaces_primary": 0.0, "fpem/lambda_club_mi": 0.0}}
EPOCH {"epoch": 5, "train_loss": 11.094956979297457, "val": {"loss": 11.893933375676474, "mae": 11.690117835998535, "mape": 0.18490616977214813}, "test_mixed": {"loss": NaN, "mae": NaN, "mape": NaN}, "test_workday": {"loss": NaN, "mae": NaN, "mape": NaN}, "test_holiday": {"loss": NaN, "mae": NaN, "mape": NaN}, "test_avg_mae": NaN, "lr": 0.001, "fpem_logs": {"fpem/fpem_env_use_exogenous": 1.0, "fpem/env_exogenous_available": 1.0, "fpem/env_exogenous_time_available": 1.0, "fpem/env_exogenous_load_available": 1.0, "fpem/env_exogenous_feature_dim": 32.0, "fpem/env_exogenous_embedding_norm": 2.648695639201573, "fpem/env_exogenous_load_embedding_norm": 1.8850025290534609, "fpem/env_rep_ablation_normal": 1.0, "fpem/env_rep_ablation_zero": 0.0, "fpem/env_rep_ablation_shuffle_batch": 0.0, "fpem/env_rep_ablation_mode_id": 0.0, "fpem/mask_loss": 0.0, "fpem/mask_sparse_loss": 0.0, "fpem/mask_entropy_loss": 0.0, "fpem/mask_mean": 1.0, "fpem/mask_entropy": 0.0, "fpem/mask_active_ratio": 1.0, "fpem/fusion_alpha_mean": 0.0, "fpem/fusion_alpha_std": 0.0, "fpem/fusion_alpha_min": 0.0, "fpem/fusion_alpha_max": 0.0, "fpem/env_route_loss": 1.9250487372988747, "fpem/env_route_L_final": 9.202127057030088, "fpem/env_route_L_global": 0.0, "fpem/env_route_L_route_soft": 0.0, "fpem/env_route_L_expert": 9.625243513924735, "fpem/env_route_L_router_oracle": 0.0, "fpem/env_route_L_balance": 0.0, "fpem/env_route_L_diverse": 0.0, "fpem/env_route_L_proto_align": 0.0, "fpem/env_route_entropy": 0.0, "fpem/env_route_q_max_mean": 0.0, "fpem/hyper_alpha_mean": 0.0, "fpem/hyper_delta_norm": 0.0, "fpem/hyper_route_proto_mode_uniform_warmup": 0.0, "fpem/hyper_route_proto_mode_uniform_fixed": 0.0, "fpem/hyper_route_proto_mode_sinkhorn": 0.0, "fpem/hyper_route_proto_mode_softmax": 0.0, "fpem/fallback_q_mean": 0.0, "fpem/fallback_q_max": 0.0, "fpem/env_q_sum_mean": 1.0, "fpem/oracle_fallback_rate": 0.0, "fpem/route_count_fallback": 0.0, "fpem/env_route_head_mode": 1.0, "fpem/route_entropy_mean": 0.0, "fpem/route_mean_distribution_entropy": 0.0, "fpem/effective_expert_number": 1.0, "fpem/max_expert_usage_ratio": 0.0, "fpem/min_expert_usage_ratio": 0.0, "fpem/prototype_pairwise_cosine": 0.0, "fpem/expert_prediction_pairwise_cosine": 0.0, "fpem/expert_collapse_warning": 0.0, "fpem/env_route_target_mode_env_prototype": 0.0, "fpem/env_route_target_mode_hybrid": 0.0, "fpem/env_route_hybrid_alpha": 0.0, "fpem/env_route_train_mode_warmup_risk_sinkhorn": 0.0, "fpem/warmup_risk_stage_warmup": 0.0, "fpem/warmup_risk_stage_soft": 0.0, "fpem/warmup_risk_stage_hard": 0.0, "fpem/warmup_risk_selected_loss": 0.0, "fpem/warmup_risk_uniform_common_loss": 0.0, "fpem/warmup_risk_lambda_common": 0.0, "fpem/warmup_risk_total_common_term": 0.0, "fpem/warmup_risk_temperature": 0.0, "fpem/warmup_risk_temperature_progress": 0.0, "fpem/uniform_expert_mae": 0.0, "fpem/risk_routed_mae": 0.0, "fpem/risk_prediction_mae": 0.0, "fpem/risk_loss": 0.0, "fpem/risk_ranking_loss": 0.0, "fpem/risk_ranking_accuracy": 0.0, "fpem/risk_oracle_argmin_accuracy": 0.0, "fpem/risk_router_temperature": 0.0, "fpem/risk_router_lambda": 0.0, "fpem/risk_router_pairwise_lambda": 0.0, "fpem/env_route_train_mode_progressive_gmm_environment": 0.0, "fpem/top_level_prediction_source_progressive_gmm_teacher_hard": 0.0, "fpem/progressive_assignment_uses_target_or_prediction_error": 0.0, "fpem/progressive_partition_ready": 0.0, "fpem/progressive_selected_k": 0.0, "fpem/progressive_active_expert_count": 0.0, "fpem/progressive_last_partition_epoch": 0.0, "fpem/progressive_lambda_common": 0.0, "fpem/progressive_common_term": 0.0, "fpem/progressive_compactness_loss": 0.0, "fpem/progressive_consistency_loss": 0.0, "fpem/progressive_cluster_entropy": 0.0, "fpem/progressive_assignment_change_ratio": 0.0, "fpem/progressive_hungarian_overlap_score": 0.0, "fpem/progressive_partition_update_time_sec": 0.0, "fpem/progressive_routed_mae": 0.0, "fpem/progressive_gmm_environment_total_replaces_primary": 0.0, "fpem/env_route_count_head_0": 16.0, "fpem/env_route_oracle_count_head_0": 16.0, "fpem/route_count_env_head_0": 16.0, "fpem/route_soft_mean_expert_0": 1.0, "fpem/route_hard_count_expert_0": 16.0, "fpem/hard_count_expert_0": 16.0, "fpem/sinkhorn_soft_col_mass_expert_0": 0.0, "fpem/progressive_active_expert_0": 0.0, "fpem/progressive_cluster_size_0": 0.0, "fpem/progressive_cluster_ratio_0": 0.0, "fpem/progressive_cluster_to_expert_0": 0.0, "fpem/progressive_bic_k1": 0.0, "fpem/progressive_bic_score_k1": 0.0, "fpem/progressive_bic_rejected_k1": 0.0, "fpem/hyper_alpha_head_0": 0.0, "fpem/hyper_gamma_norm_head_0": 0.0, "fpem/hyper_beta_norm_head_0": 0.0, "fpem/expert_cross_mae_group_0_expert_0": 9.625243513924735, "fpem/load_expert_loss": 9.625243513924735, "fpem/hard_router_loss": 0.0, "fpem/hard_router_target_env_ratio": 0.44761904761904764, "fpem/hard_router_predicted_env_ratio": 1.0, "fpem/hard_router_effective_env_ratio": 1.0, "fpem/hard_router_supervision_enabled": 0.0, "fpem/hard_router_warmup_active": 1.0, "fpem/load_level_assignment_detached": 1.0, "fpem/load_level_count_0": 1680.0, "fpem/load_level_ratio_0": 1.0, "fpem/expert_0_global_loss": 9.625243513924735, "fpem/expert_0_selected_loss": 9.625243513924735, "fpem/hard_router_margin_mean": 0.0966223731637001, "fpem/hard_router_gain_mean": 0.03699393371740977, "fpem/hard_router_class_weight_invariant": 0.0, "fpem/hard_router_class_weight_environment": 0.0, "fpem/expert_prediction_pairwise_difference": 0.0, "fpem/delta_pairwise_cosine": 0.0, "fpem/delta_pairwise_l1": 0.0, "fpem/delta_pairwise_l2": 0.0, "fpem/expert_0_parameter_norm": 14.843523852030437, "fpem/hard_binary_router_enabled": 1.0, "fpem/hard_router_uses_target_in_forward": 0.0, "fpem/stored_future_c_loaded": 0.0, "fpem/prediction_is_weighted_complete_fusion": 0.0, "fpem/future_mi_loss": 0.0, "fpem/future_mi_valid": 0.0, "fpem/future_mi_logvar_mean": 0.0, "fpem/future_mi_target_mode_env_encoder": 0.0, "fpem/swap_loss": 0.0, "fpem/swap_diff_loss": 0.0, "fpem/swap_same_loss": 0.0, "fpem/swap_gain_mean": 0.0, "fpem/swap_s_gain_mean": 0.0, "fpem/swap_fallback_router_loss": 0.0, "fpem/swap_fallback_q_mean": 0.0, "fpem/swap_prediction_delta": 0.0, "fpem/swap_route_delta": 0.0, "fpem/swap_hyper_alpha_delta": 0.0, "fpem/swap_hyper_delta_norm": 0.0, "fpem/loss_env_day": 0.0, "fpem/loss_env_hour": 0.0, "fpem/loss_env_rush": 0.0, "fpem/env_day_acc": 0.0, "fpem/env_hour_acc": 0.0, "fpem/env_rush_acc": 0.0, "fpem/loss_env_supcon": 0.0, "fpem/env_supcon_valid_pairs": 0.0, "fpem/loss_inv_env_adv": 0.0, "fpem/inv_day_acc": 0.0, "fpem/inv_hour_acc": 0.0, "fpem/inv_rush_acc": 0.0, "fpem/loss_cross_cov_sep": 0.0, "fpem/load_level_experts_enabled": 1.0, "fpem/load_level_uses_target_or_future_load": 0.0, "fpem/environment_gate_uses_target_in_forward": 0.0, "fpem/load_level_env_residual_scale": 0.0, "fpem/uses_cached_observable_load_prior": 1.0, "fpem/primary_loss": 9.202127057030088, "fpem/inv_pred_loss": 9.218950403304326, "fpem/primary_uses_route": 1.0, "fpem/primary_uses_env_fusion": 0.0, "fpem/backbone_agcrn": 1.0, "fpem/backbone_graphwavenet": 0.0, "fpem/backbone_staeformer": 0.0, "fpem/gc_pred_loss_only": 1.0, "fpem/env_route_head_mode_hyper_proto": 1.0, "fpem/fpem_force_uniform_route": 0.0, "fpem/hard_prediction_sinkhorn_total_replaces_primary": 0.0, "fpem/hard_prediction_environment_sinkhorn_total_replaces_primary": 0.0, "fpem/warmup_risk_sinkhorn_total_replaces_primary": 0.0, "fpem/lambda_club_mi": 0.0}}
EPOCH {"epoch": 6, "train_loss": 11.842338770911807, "val": {"loss": 11.889928817749023, "mae": 11.669681549072266, "mape": 0.19017906486988068}, "test_mixed": {"loss": NaN, "mae": NaN, "mape": NaN}, "test_workday": {"loss": NaN, "mae": NaN, "mape": NaN}, "test_holiday": {"loss": NaN, "mae": NaN, "mape": NaN}, "test_avg_mae": NaN, "lr": 0.001, "fpem_logs": {"fpem/fpem_env_use_exogenous": 1.0, "fpem/env_exogenous_available": 1.0, "fpem/env_exogenous_time_available": 1.0, "fpem/env_exogenous_load_available": 1.0, "fpem/env_exogenous_feature_dim": 32.0, "fpem/env_exogenous_embedding_norm": 2.6660449868156797, "fpem/env_exogenous_load_embedding_norm": 1.9008111885615757, "fpem/env_rep_ablation_normal": 1.0, "fpem/env_rep_ablation_zero": 0.0, "fpem/env_rep_ablation_shuffle_batch": 0.0, "fpem/env_rep_ablation_mode_id": 0.0, "fpem/mask_loss": 0.0, "fpem/mask_sparse_loss": 0.0, "fpem/mask_entropy_loss": 0.0, "fpem/mask_mean": 1.0, "fpem/mask_entropy": 0.0, "fpem/mask_active_ratio": 1.0, "fpem/fusion_alpha_mean": 0.0, "fpem/fusion_alpha_std": 0.0, "fpem/fusion_alpha_min": 0.0, "fpem/fusion_alpha_max": 0.0, "fpem/env_route_loss": 2.6782760642823717, "fpem/env_route_L_final": 9.175510547274635, "fpem/env_route_L_global": 0.0, "fpem/env_route_L_route_soft": 0.0, "fpem/env_route_L_expert": 9.577108623867943, "fpem/env_route_L_router_oracle": 0.7628543149857294, "fpem/env_route_L_balance": 0.0, "fpem/env_route_L_diverse": 0.0, "fpem/env_route_L_proto_align": 0.0, "fpem/env_route_entropy": 0.0, "fpem/env_route_q_max_mean": 0.0, "fpem/hyper_alpha_mean": 0.0, "fpem/hyper_delta_norm": 0.0, "fpem/hyper_route_proto_mode_uniform_warmup": 0.0, "fpem/hyper_route_proto_mode_uniform_fixed": 0.0, "fpem/hyper_route_proto_mode_sinkhorn": 0.0, "fpem/hyper_route_proto_mode_softmax": 0.0, "fpem/fallback_q_mean": 0.3827380952380952, "fpem/fallback_q_max": 0.0, "fpem/env_q_sum_mean": 0.6172619047619048, "fpem/oracle_fallback_rate": 0.0, "fpem/route_count_fallback": 0.0, "fpem/env_route_head_mode": 1.0, "fpem/route_entropy_mean": 0.0, "fpem/route_mean_distribution_entropy": 0.0, "fpem/effective_expert_number": 1.0, "fpem/max_expert_usage_ratio": 0.0, "fpem/min_expert_usage_ratio": 0.0, "fpem/prototype_pairwise_cosine": 0.0, "fpem/expert_prediction_pairwise_cosine": 0.0, "fpem/expert_collapse_warning": 0.0, "fpem/env_route_target_mode_env_prototype": 0.0, "fpem/env_route_target_mode_hybrid": 0.0, "fpem/env_route_hybrid_alpha": 0.0, "fpem/env_route_train_mode_warmup_risk_sinkhorn": 0.0, "fpem/warmup_risk_stage_warmup": 0.0, "fpem/warmup_risk_stage_soft": 0.0, "fpem/warmup_risk_stage_hard": 0.0, "fpem/warmup_risk_selected_loss": 0.0, "fpem/warmup_risk_uniform_common_loss": 0.0, "fpem/warmup_risk_lambda_common": 0.0, "fpem/warmup_risk_total_common_term": 0.0, "fpem/warmup_risk_temperature": 0.0, "fpem/warmup_risk_temperature_progress": 0.0, "fpem/uniform_expert_mae": 0.0, "fpem/risk_routed_mae": 0.0, "fpem/risk_prediction_mae": 0.0, "fpem/risk_loss": 0.0, "fpem/risk_ranking_loss": 0.0, "fpem/risk_ranking_accuracy": 0.0, "fpem/risk_oracle_argmin_accuracy": 0.0, "fpem/risk_router_temperature": 0.0, "fpem/risk_router_lambda": 0.0, "fpem/risk_router_pairwise_lambda": 0.0, "fpem/env_route_train_mode_progressive_gmm_environment": 0.0, "fpem/top_level_prediction_source_progressive_gmm_teacher_hard": 0.0, "fpem/progressive_assignment_uses_target_or_prediction_error": 0.0, "fpem/progressive_partition_ready": 0.0, "fpem/progressive_selected_k": 0.0, "fpem/progressive_active_expert_count": 0.0, "fpem/progressive_last_partition_epoch": 0.0, "fpem/progressive_lambda_common": 0.0, "fpem/progressive_common_term": 0.0, "fpem/progressive_compactness_loss": 0.0, "fpem/progressive_consistency_loss": 0.0, "fpem/progressive_cluster_entropy": 0.0, "fpem/progressive_assignment_change_ratio": 0.0, "fpem/progressive_hungarian_overlap_score": 0.0, "fpem/progressive_partition_update_time_sec": 0.0, "fpem/progressive_routed_mae": 0.0, "fpem/progressive_gmm_environment_total_replaces_primary": 0.0, "fpem/env_route_count_head_0": 16.0, "fpem/env_route_oracle_count_head_0": 16.0, "fpem/route_count_env_head_0": 16.0, "fpem/route_soft_mean_expert_0": 1.0, "fpem/route_hard_count_expert_0": 16.0, "fpem/hard_count_expert_0": 16.0, "fpem/sinkhorn_soft_col_mass_expert_0": 0.0, "fpem/progressive_active_expert_0": 0.0, "fpem/progressive_cluster_size_0": 0.0, "fpem/progressive_cluster_ratio_0": 0.0, "fpem/progressive_cluster_to_expert_0": 0.0, "fpem/progressive_bic_k1": 0.0, "fpem/progressive_bic_score_k1": 0.0, "fpem/progressive_bic_rejected_k1": 0.0, "fpem/hyper_alpha_head_0": 0.0, "fpem/hyper_gamma_norm_head_0": 0.0, "fpem/hyper_beta_norm_head_0": 0.0, "fpem/expert_cross_mae_group_0_expert_0": 9.577108623867943, "fpem/load_expert_loss": 9.577108623867943, "fpem/hard_router_loss": 0.7628543149857294, "fpem/hard_router_target_env_ratio": 0.48095238095238096, "fpem/hard_router_predicted_env_ratio": 0.6172619047619048, "fpem/hard_router_effective_env_ratio": 0.6172619047619048, "fpem/hard_router_supervision_enabled": 1.0, "fpem/hard_router_warmup_active": 0.0, "fpem/load_level_assignment_detached": 1.0, "fpem/load_level_count_0": 1680.0, "fpem/load_level_ratio_0": 1.0, "fpem/expert_0_global_loss": 9.577108623867943, "fpem/expert_0_selected_loss": 9.577108623867943, "fpem/hard_router_margin_mean": 0.09662237266699474, "fpem/hard_router_gain_mean": 0.08512888238543556, "fpem/hard_router_class_weight_invariant": 1.0508668258076623, "fpem/hard_router_class_weight_environment": 1.143602875300816, "fpem/expert_prediction_pairwise_difference": 0.0, "fpem/delta_pairwise_cosine": 0.0, "fpem/delta_pairwise_l1": 0.0, "fpem/delta_pairwise_l2": 0.0, "fpem/expert_0_parameter_norm": 14.848497227260046, "fpem/hard_binary_router_enabled": 1.0, "fpem/hard_router_uses_target_in_forward": 0.0, "fpem/stored_future_c_loaded": 0.0, "fpem/prediction_is_weighted_complete_fusion": 0.0, "fpem/future_mi_loss": 0.0, "fpem/future_mi_valid": 0.0, "fpem/future_mi_logvar_mean": 0.0, "fpem/future_mi_target_mode_env_encoder": 0.0, "fpem/swap_loss": 0.0, "fpem/swap_diff_loss": 0.0, "fpem/swap_same_loss": 0.0, "fpem/swap_gain_mean": 0.0, "fpem/swap_s_gain_mean": 0.0, "fpem/swap_fallback_router_loss": 0.0, "fpem/swap_fallback_q_mean": 0.0, "fpem/swap_prediction_delta": 0.0, "fpem/swap_route_delta": 0.0, "fpem/swap_hyper_alpha_delta": 0.0, "fpem/swap_hyper_delta_norm": 0.0, "fpem/loss_env_day": 0.0, "fpem/loss_env_hour": 0.0, "fpem/loss_env_rush": 0.0, "fpem/env_day_acc": 0.0, "fpem/env_hour_acc": 0.0, "fpem/env_rush_acc": 0.0, "fpem/loss_env_supcon": 0.0, "fpem/env_supcon_valid_pairs": 0.0, "fpem/loss_inv_env_adv": 0.0, "fpem/inv_day_acc": 0.0, "fpem/inv_hour_acc": 0.0, "fpem/inv_rush_acc": 0.0, "fpem/loss_cross_cov_sep": 0.0, "fpem/load_level_experts_enabled": 1.0, "fpem/load_level_uses_target_or_future_load": 0.0, "fpem/environment_gate_uses_target_in_forward": 0.0, "fpem/load_level_env_residual_scale": 0.0, "fpem/uses_cached_observable_load_prior": 1.0, "fpem/primary_loss": 9.175510547274635, "fpem/inv_pred_loss": 9.218088213602702, "fpem/primary_uses_route": 1.0, "fpem/primary_uses_env_fusion": 0.0, "fpem/backbone_agcrn": 1.0, "fpem/backbone_graphwavenet": 0.0, "fpem/backbone_staeformer": 0.0, "fpem/gc_pred_loss_only": 1.0, "fpem/env_route_head_mode_hyper_proto": 1.0, "fpem/fpem_force_uniform_route": 0.0, "fpem/hard_prediction_sinkhorn_total_replaces_primary": 0.0, "fpem/hard_prediction_environment_sinkhorn_total_replaces_primary": 0.0, "fpem/warmup_risk_sinkhorn_total_replaces_primary": 0.0, "fpem/lambda_club_mi": 0.0}}
EPOCH {"epoch": 7, "train_loss": 11.197616522652762, "val": {"loss": 12.104566017786661, "mae": 11.892501831054688, "mape": 0.217707097530365}, "test_mixed": {"loss": NaN, "mae": NaN, "mape": NaN}, "test_workday": {"loss": NaN, "mae": NaN, "mape": NaN}, "test_holiday": {"loss": NaN, "mae": NaN, "mape": NaN}, "test_avg_mae": NaN, "lr": 0.001, "fpem_logs": {"fpem/fpem_env_use_exogenous": 1.0, "fpem/env_exogenous_available": 1.0, "fpem/env_exogenous_time_available": 1.0, "fpem/env_exogenous_load_available": 1.0, "fpem/env_exogenous_feature_dim": 32.0, "fpem/env_exogenous_embedding_norm": 2.689030769893101, "fpem/env_exogenous_load_embedding_norm": 1.909272252945673, "fpem/env_rep_ablation_normal": 1.0, "fpem/env_rep_ablation_zero": 0.0, "fpem/env_rep_ablation_shuffle_batch": 0.0, "fpem/env_rep_ablation_mode_id": 0.0, "fpem/mask_loss": 0.0, "fpem/mask_sparse_loss": 0.0, "fpem/mask_entropy_loss": 0.0, "fpem/mask_mean": 1.0, "fpem/mask_entropy": 0.0, "fpem/mask_active_ratio": 1.0, "fpem/fusion_alpha_mean": 0.0, "fpem/fusion_alpha_std": 0.0, "fpem/fusion_alpha_min": 0.0, "fpem/fusion_alpha_max": 0.0, "fpem/env_route_loss": 2.6352620919545493, "fpem/env_route_L_final": 9.188247444516136, "fpem/env_route_L_global": 0.0, "fpem/env_route_L_route_soft": 0.0, "fpem/env_route_L_expert": 9.58194700422741, "fpem/env_route_L_router_oracle": 0.7188726601146517, "fpem/env_route_L_balance": 0.0, "fpem/env_route_L_diverse": 0.0, "fpem/env_route_L_proto_align": 0.0, "fpem/env_route_entropy": 0.0, "fpem/env_route_q_max_mean": 0.0, "fpem/hyper_alpha_mean": 0.0, "fpem/hyper_delta_norm": 0.0, "fpem/hyper_route_proto_mode_uniform_warmup": 0.0, "fpem/hyper_route_proto_mode_uniform_fixed": 0.0, "fpem/hyper_route_proto_mode_sinkhorn": 0.0, "fpem/hyper_route_proto_mode_softmax": 0.0, "fpem/fallback_q_mean": 0.4767857142857143, "fpem/fallback_q_max": 0.0, "fpem/env_q_sum_mean": 0.5232142857142857, "fpem/oracle_fallback_rate": 0.0, "fpem/route_count_fallback": 0.0, "fpem/env_route_head_mode": 1.0, "fpem/route_entropy_mean": 0.0, "fpem/route_mean_distribution_entropy": 0.0, "fpem/effective_expert_number": 1.0, "fpem/max_expert_usage_ratio": 0.0, "fpem/min_expert_usage_ratio": 0.0, "fpem/prototype_pairwise_cosine": 0.0, "fpem/expert_prediction_pairwise_cosine": 0.0, "fpem/expert_collapse_warning": 0.0, "fpem/env_route_target_mode_env_prototype": 0.0, "fpem/env_route_target_mode_hybrid": 0.0, "fpem/env_route_hybrid_alpha": 0.0, "fpem/env_route_train_mode_warmup_risk_sinkhorn": 0.0, "fpem/warmup_risk_stage_warmup": 0.0, "fpem/warmup_risk_stage_soft": 0.0, "fpem/warmup_risk_stage_hard": 0.0, "fpem/warmup_risk_selected_loss": 0.0, "fpem/warmup_risk_uniform_common_loss": 0.0, "fpem/warmup_risk_lambda_common": 0.0, "fpem/warmup_risk_total_common_term": 0.0, "fpem/warmup_risk_temperature": 0.0, "fpem/warmup_risk_temperature_progress": 0.0, "fpem/uniform_expert_mae": 0.0, "fpem/risk_routed_mae": 0.0, "fpem/risk_prediction_mae": 0.0, "fpem/risk_loss": 0.0, "fpem/risk_ranking_loss": 0.0, "fpem/risk_ranking_accuracy": 0.0, "fpem/risk_oracle_argmin_accuracy": 0.0, "fpem/risk_router_temperature": 0.0, "fpem/risk_router_lambda": 0.0, "fpem/risk_router_pairwise_lambda": 0.0, "fpem/env_route_train_mode_progressive_gmm_environment": 0.0, "fpem/top_level_prediction_source_progressive_gmm_teacher_hard": 0.0, "fpem/progressive_assignment_uses_target_or_prediction_error": 0.0, "fpem/progressive_partition_ready": 0.0, "fpem/progressive_selected_k": 0.0, "fpem/progressive_active_expert_count": 0.0, "fpem/progressive_last_partition_epoch": 0.0, "fpem/progressive_lambda_common": 0.0, "fpem/progressive_common_term": 0.0, "fpem/progressive_compactness_loss": 0.0, "fpem/progressive_consistency_loss": 0.0, "fpem/progressive_cluster_entropy": 0.0, "fpem/progressive_assignment_change_ratio": 0.0, "fpem/progressive_hungarian_overlap_score": 0.0, "fpem/progressive_partition_update_time_sec": 0.0, "fpem/progressive_routed_mae": 0.0, "fpem/progressive_gmm_environment_total_replaces_primary": 0.0, "fpem/env_route_count_head_0": 16.0, "fpem/env_route_oracle_count_head_0": 16.0, "fpem/route_count_env_head_0": 16.0, "fpem/route_soft_mean_expert_0": 1.0, "fpem/route_hard_count_expert_0": 16.0, "fpem/hard_count_expert_0": 16.0, "fpem/sinkhorn_soft_col_mass_expert_0": 0.0, "fpem/progressive_active_expert_0": 0.0, "fpem/progressive_cluster_size_0": 0.0, "fpem/progressive_cluster_ratio_0": 0.0, "fpem/progressive_cluster_to_expert_0": 0.0, "fpem/progressive_bic_k1": 0.0, "fpem/progressive_bic_score_k1": 0.0, "fpem/progressive_bic_rejected_k1": 0.0, "fpem/hyper_alpha_head_0": 0.0, "fpem/hyper_gamma_norm_head_0": 0.0, "fpem/hyper_beta_norm_head_0": 0.0, "fpem/expert_cross_mae_group_0_expert_0": 9.58194700422741, "fpem/load_expert_loss": 9.58194700422741, "fpem/hard_router_loss": 0.7188726601146517, "fpem/hard_router_target_env_ratio": 0.4875, "fpem/hard_router_predicted_env_ratio": 0.5232142857142857, "fpem/hard_router_effective_env_ratio": 0.5232142857142857, "fpem/hard_router_supervision_enabled": 1.0, "fpem/hard_router_warmup_active": 0.0, "fpem/load_level_assignment_detached": 1.0, "fpem/load_level_count_0": 1680.0, "fpem/load_level_ratio_0": 1.0, "fpem/expert_0_global_loss": 9.58194700422741, "fpem/expert_0_selected_loss": 9.58194700422741, "fpem/hard_router_margin_mean": 0.09662237287986847, "fpem/hard_router_gain_mean": 0.08029050855409531, "fpem/hard_router_class_weight_invariant": 1.0907109981491452, "fpem/hard_router_class_weight_environment": 1.1334661330495561, "fpem/expert_prediction_pairwise_difference": 0.0, "fpem/delta_pairwise_cosine": 0.0, "fpem/delta_pairwise_l1": 0.0, "fpem/delta_pairwise_l2": 0.0, "fpem/expert_0_parameter_norm": 14.851691454932803, "fpem/hard_binary_router_enabled": 1.0, "fpem/hard_router_uses_target_in_forward": 0.0, "fpem/stored_future_c_loaded": 0.0, "fpem/prediction_is_weighted_complete_fusion": 0.0, "fpem/future_mi_loss": 0.0, "fpem/future_mi_valid": 0.0, "fpem/future_mi_logvar_mean": 0.0, "fpem/future_mi_target_mode_env_encoder": 0.0, "fpem/swap_loss": 0.0, "fpem/swap_diff_loss": 0.0, "fpem/swap_same_loss": 0.0, "fpem/swap_gain_mean": 0.0, "fpem/swap_s_gain_mean": 0.0, "fpem/swap_fallback_router_loss": 0.0, "fpem/swap_fallback_q_mean": 0.0, "fpem/swap_prediction_delta": 0.0, "fpem/swap_route_delta": 0.0, "fpem/swap_hyper_alpha_delta": 0.0, "fpem/swap_hyper_delta_norm": 0.0, "fpem/loss_env_day": 0.0, "fpem/loss_env_hour": 0.0, "fpem/loss_env_rush": 0.0, "fpem/env_day_acc": 0.0, "fpem/env_hour_acc": 0.0, "fpem/env_rush_acc": 0.0, "fpem/loss_env_supcon": 0.0, "fpem/env_supcon_valid_pairs": 0.0, "fpem/loss_inv_env_adv": 0.0, "fpem/inv_day_acc": 0.0, "fpem/inv_hour_acc": 0.0, "fpem/inv_rush_acc": 0.0, "fpem/loss_cross_cov_sep": 0.0, "fpem/load_level_experts_enabled": 1.0, "fpem/load_level_uses_target_or_future_load": 0.0, "fpem/environment_gate_uses_target_in_forward": 0.0, "fpem/load_level_env_residual_scale": 0.0, "fpem/uses_cached_observable_load_prior": 1.0, "fpem/primary_loss": 9.188247444516136, "fpem/inv_pred_loss": 9.219173849196661, "fpem/primary_uses_route": 1.0, "fpem/primary_uses_env_fusion": 0.0, "fpem/backbone_agcrn": 1.0, "fpem/backbone_graphwavenet": 0.0, "fpem/backbone_staeformer": 0.0, "fpem/gc_pred_loss_only": 1.0, "fpem/env_route_head_mode_hyper_proto": 1.0, "fpem/fpem_force_uniform_route": 0.0, "fpem/hard_prediction_sinkhorn_total_replaces_primary": 0.0, "fpem/hard_prediction_environment_sinkhorn_total_replaces_primary": 0.0, "fpem/warmup_risk_sinkhorn_total_replaces_primary": 0.0, "fpem/lambda_club_mi": 0.0}}
EPOCH {"epoch": 8, "train_loss": 11.817137482052757, "val": {"loss": 11.851632992426554, "mae": 11.64443302154541, "mape": 0.1858382672071457}, "test_mixed": {"loss": NaN, "mae": NaN, "mape": NaN}, "test_workday": {"loss": NaN, "mae": NaN, "mape": NaN}, "test_holiday": {"loss": NaN, "mae": NaN, "mape": NaN}, "test_avg_mae": NaN, "lr": 0.001, "fpem_logs": {"fpem/fpem_env_use_exogenous": 1.0, "fpem/env_exogenous_available": 1.0, "fpem/env_exogenous_time_available": 1.0, "fpem/env_exogenous_load_available": 1.0, "fpem/env_exogenous_feature_dim": 32.0, "fpem/env_exogenous_embedding_norm": 2.701753144037156, "fpem/env_exogenous_load_embedding_norm": 1.9167580025536672, "fpem/env_rep_ablation_normal": 1.0, "fpem/env_rep_ablation_zero": 0.0, "fpem/env_rep_ablation_shuffle_batch": 0.0, "fpem/env_rep_ablation_mode_id": 0.0, "fpem/mask_loss": 0.0, "fpem/mask_sparse_loss": 0.0, "fpem/mask_entropy_loss": 0.0, "fpem/mask_mean": 1.0, "fpem/mask_entropy": 0.0, "fpem/mask_active_ratio": 1.0, "fpem/fusion_alpha_mean": 0.0, "fpem/fusion_alpha_std": 0.0, "fpem/fusion_alpha_min": 0.0, "fpem/fusion_alpha_max": 0.0, "fpem/env_route_loss": 2.607542894000099, "fpem/env_route_L_final": 9.18079887571789, "fpem/env_route_L_global": 0.0, "fpem/env_route_L_route_soft": 0.0, "fpem/env_route_L_expert": 9.600652998969668, "fpem/env_route_L_router_oracle": 0.6874122636658805, "fpem/env_route_L_balance": 0.0, "fpem/env_route_L_diverse": 0.0, "fpem/env_route_L_proto_align": 0.0, "fpem/env_route_entropy": 0.0, "fpem/env_route_q_max_mean": 0.0, "fpem/hyper_alpha_mean": 0.0, "fpem/hyper_delta_norm": 0.0, "fpem/hyper_route_proto_mode_uniform_warmup": 0.0, "fpem/hyper_route_proto_mode_uniform_fixed": 0.0, "fpem/hyper_route_proto_mode_sinkhorn": 0.0, "fpem/hyper_route_proto_mode_softmax": 0.0, "fpem/fallback_q_mean": 0.4642857142857143, "fpem/fallback_q_max": 0.0, "fpem/env_q_sum_mean": 0.5357142857142857, "fpem/oracle_fallback_rate": 0.0, "fpem/route_count_fallback": 0.0, "fpem/env_route_head_mode": 1.0, "fpem/route_entropy_mean": 0.0, "fpem/route_mean_distribution_entropy": 0.0, "fpem/effective_expert_number": 1.0, "fpem/max_expert_usage_ratio": 0.0, "fpem/min_expert_usage_ratio": 0.0, "fpem/prototype_pairwise_cosine": 0.0, "fpem/expert_prediction_pairwise_cosine": 0.0, "fpem/expert_collapse_warning": 0.0, "fpem/env_route_target_mode_env_prototype": 0.0, "fpem/env_route_target_mode_hybrid": 0.0, "fpem/env_route_hybrid_alpha": 0.0, "fpem/env_route_train_mode_warmup_risk_sinkhorn": 0.0, "fpem/warmup_risk_stage_warmup": 0.0, "fpem/warmup_risk_stage_soft": 0.0, "fpem/warmup_risk_stage_hard": 0.0, "fpem/warmup_risk_selected_loss": 0.0, "fpem/warmup_risk_uniform_common_loss": 0.0, "fpem/warmup_risk_lambda_common": 0.0, "fpem/warmup_risk_total_common_term": 0.0, "fpem/warmup_risk_temperature": 0.0, "fpem/warmup_risk_temperature_progress": 0.0, "fpem/uniform_expert_mae": 0.0, "fpem/risk_routed_mae": 0.0, "fpem/risk_prediction_mae": 0.0, "fpem/risk_loss": 0.0, "fpem/risk_ranking_loss": 0.0, "fpem/risk_ranking_accuracy": 0.0, "fpem/risk_oracle_argmin_accuracy": 0.0, "fpem/risk_router_temperature": 0.0, "fpem/risk_router_lambda": 0.0, "fpem/risk_router_pairwise_lambda": 0.0, "fpem/env_route_train_mode_progressive_gmm_environment": 0.0, "fpem/top_level_prediction_source_progressive_gmm_teacher_hard": 0.0, "fpem/progressive_assignment_uses_target_or_prediction_error": 0.0, "fpem/progressive_partition_ready": 0.0, "fpem/progressive_selected_k": 0.0, "fpem/progressive_active_expert_count": 0.0, "fpem/progressive_last_partition_epoch": 0.0, "fpem/progressive_lambda_common": 0.0, "fpem/progressive_common_term": 0.0, "fpem/progressive_compactness_loss": 0.0, "fpem/progressive_consistency_loss": 0.0, "fpem/progressive_cluster_entropy": 0.0, "fpem/progressive_assignment_change_ratio": 0.0, "fpem/progressive_hungarian_overlap_score": 0.0, "fpem/progressive_partition_update_time_sec": 0.0, "fpem/progressive_routed_mae": 0.0, "fpem/progressive_gmm_environment_total_replaces_primary": 0.0, "fpem/env_route_count_head_0": 16.0, "fpem/env_route_oracle_count_head_0": 16.0, "fpem/route_count_env_head_0": 16.0, "fpem/route_soft_mean_expert_0": 1.0, "fpem/route_hard_count_expert_0": 16.0, "fpem/hard_count_expert_0": 16.0, "fpem/sinkhorn_soft_col_mass_expert_0": 0.0, "fpem/progressive_active_expert_0": 0.0, "fpem/progressive_cluster_size_0": 0.0, "fpem/progressive_cluster_ratio_0": 0.0, "fpem/progressive_cluster_to_expert_0": 0.0, "fpem/progressive_bic_k1": 0.0, "fpem/progressive_bic_score_k1": 0.0, "fpem/progressive_bic_rejected_k1": 0.0, "fpem/hyper_alpha_head_0": 0.0, "fpem/hyper_gamma_norm_head_0": 0.0, "fpem/hyper_beta_norm_head_0": 0.0, "fpem/expert_cross_mae_group_0_expert_0": 9.600652998969668, "fpem/load_expert_loss": 9.600652998969668, "fpem/hard_router_loss": 0.6874122636658805, "fpem/hard_router_target_env_ratio": 0.46904761904761905, "fpem/hard_router_predicted_env_ratio": 0.5357142857142857, "fpem/hard_router_effective_env_ratio": 0.5357142857142857, "fpem/hard_router_supervision_enabled": 1.0, "fpem/hard_router_warmup_active": 0.0, "fpem/load_level_assignment_detached": 1.0, "fpem/load_level_count_0": 1680.0, "fpem/load_level_ratio_0": 1.0, "fpem/expert_0_global_loss": 9.600652998969668, "fpem/expert_0_selected_loss": 9.600652998969668, "fpem/hard_router_margin_mean": 0.09662237302178428, "fpem/hard_router_gain_mean": 0.06158453524112702, "fpem/hard_router_class_weight_invariant": 1.0687892204239255, "fpem/hard_router_class_weight_environment": 1.4254518173989796, "fpem/expert_prediction_pairwise_difference": 0.0, "fpem/delta_pairwise_cosine": 0.0, "fpem/delta_pairwise_l1": 0.0, "fpem/delta_pairwise_l2": 0.0, "fpem/expert_0_parameter_norm": 14.855542891366142, "fpem/hard_binary_router_enabled": 1.0, "fpem/hard_router_uses_target_in_forward": 0.0, "fpem/stored_future_c_loaded": 0.0, "fpem/prediction_is_weighted_complete_fusion": 0.0, "fpem/future_mi_loss": 0.0, "fpem/future_mi_valid": 0.0, "fpem/future_mi_logvar_mean": 0.0, "fpem/future_mi_target_mode_env_encoder": 0.0, "fpem/swap_loss": 0.0, "fpem/swap_diff_loss": 0.0, "fpem/swap_same_loss": 0.0, "fpem/swap_gain_mean": 0.0, "fpem/swap_s_gain_mean": 0.0, "fpem/swap_fallback_router_loss": 0.0, "fpem/swap_fallback_q_mean": 0.0, "fpem/swap_prediction_delta": 0.0, "fpem/swap_route_delta": 0.0, "fpem/swap_hyper_alpha_delta": 0.0, "fpem/swap_hyper_delta_norm": 0.0, "fpem/loss_env_day": 0.0, "fpem/loss_env_hour": 0.0, "fpem/loss_env_rush": 0.0, "fpem/env_day_acc": 0.0, "fpem/env_hour_acc": 0.0, "fpem/env_rush_acc": 0.0, "fpem/loss_env_supcon": 0.0, "fpem/env_supcon_valid_pairs": 0.0, "fpem/loss_inv_env_adv": 0.0, "fpem/inv_day_acc": 0.0, "fpem/inv_hour_acc": 0.0, "fpem/inv_rush_acc": 0.0, "fpem/loss_cross_cov_sep": 0.0, "fpem/load_level_experts_enabled": 1.0, "fpem/load_level_uses_target_or_future_load": 0.0, "fpem/environment_gate_uses_target_in_forward": 0.0, "fpem/load_level_env_residual_scale": 0.0, "fpem/uses_cached_observable_load_prior": 1.0, "fpem/primary_loss": 9.18079887571789, "fpem/inv_pred_loss": 9.213457461765834, "fpem/primary_uses_route": 1.0, "fpem/primary_uses_env_fusion": 0.0, "fpem/backbone_agcrn": 1.0, "fpem/backbone_graphwavenet": 0.0, "fpem/backbone_staeformer": 0.0, "fpem/gc_pred_loss_only": 1.0, "fpem/env_route_head_mode_hyper_proto": 1.0, "fpem/fpem_force_uniform_route": 0.0, "fpem/hard_prediction_sinkhorn_total_replaces_primary": 0.0, "fpem/hard_prediction_environment_sinkhorn_total_replaces_primary": 0.0, "fpem/warmup_risk_sinkhorn_total_replaces_primary": 0.0, "fpem/lambda_club_mi": 0.0}}
EPOCH {"epoch": 9, "train_loss": 11.7778899147397, "val": {"loss": 11.860053141911825, "mae": 11.655141830444336, "mape": 0.18761573731899261}, "test_mixed": {"loss": NaN, "mae": NaN, "mape": NaN}, "test_workday": {"loss": NaN, "mae": NaN, "mape": NaN}, "test_holiday": {"loss": NaN, "mae": NaN, "mape": NaN}, "test_avg_mae": NaN, "lr": 0.001, "fpem_logs": {"fpem/fpem_env_use_exogenous": 1.0, "fpem/env_exogenous_available": 1.0, "fpem/env_exogenous_time_available": 1.0, "fpem/env_exogenous_load_available": 1.0, "fpem/env_exogenous_feature_dim": 32.0, "fpem/env_exogenous_embedding_norm": 2.7086860770270937, "fpem/env_exogenous_load_embedding_norm": 1.9239597434089297, "fpem/env_rep_ablation_normal": 1.0, "fpem/env_rep_ablation_zero": 0.0, "fpem/env_rep_ablation_shuffle_batch": 0.0, "fpem/env_rep_ablation_mode_id": 0.0, "fpem/mask_loss": 0.0, "fpem/mask_sparse_loss": 0.0, "fpem/mask_entropy_loss": 0.0, "fpem/mask_mean": 1.0, "fpem/mask_entropy": 0.0, "fpem/mask_active_ratio": 1.0, "fpem/fusion_alpha_mean": 0.0, "fpem/fusion_alpha_std": 0.0, "fpem/fusion_alpha_min": 0.0, "fpem/fusion_alpha_max": 0.0, "fpem/env_route_loss": 2.5964832010723295, "fpem/env_route_L_final": 9.167828677949451, "fpem/env_route_L_global": 0.0, "fpem/env_route_L_route_soft": 0.0, "fpem/env_route_L_expert": 9.565531930469332, "fpem/env_route_L_router_oracle": 0.6833767942019872, "fpem/env_route_L_balance": 0.0, "fpem/env_route_L_diverse": 0.0, "fpem/env_route_L_proto_align": 0.0, "fpem/env_route_entropy": 0.0, "fpem/env_route_q_max_mean": 0.0, "fpem/hyper_alpha_mean": 0.0, "fpem/hyper_delta_norm": 0.0, "fpem/hyper_route_proto_mode_uniform_warmup": 0.0, "fpem/hyper_route_proto_mode_uniform_fixed": 0.0, "fpem/hyper_route_proto_mode_sinkhorn": 0.0, "fpem/hyper_route_proto_mode_softmax": 0.0, "fpem/fallback_q_mean": 0.45, "fpem/fallback_q_max": 0.0, "fpem/env_q_sum_mean": 0.55, "fpem/oracle_fallback_rate": 0.0, "fpem/route_count_fallback": 0.0, "fpem/env_route_head_mode": 1.0, "fpem/route_entropy_mean": 0.0, "fpem/route_mean_distribution_entropy": 0.0, "fpem/effective_expert_number": 1.0, "fpem/max_expert_usage_ratio": 0.0, "fpem/min_expert_usage_ratio": 0.0, "fpem/prototype_pairwise_cosine": 0.0, "fpem/expert_prediction_pairwise_cosine": 0.0, "fpem/expert_collapse_warning": 0.0, "fpem/env_route_target_mode_env_prototype": 0.0, "fpem/env_route_target_mode_hybrid": 0.0, "fpem/env_route_hybrid_alpha": 0.0, "fpem/env_route_train_mode_warmup_risk_sinkhorn": 0.0, "fpem/warmup_risk_stage_warmup": 0.0, "fpem/warmup_risk_stage_soft": 0.0, "fpem/warmup_risk_stage_hard": 0.0, "fpem/warmup_risk_selected_loss": 0.0, "fpem/warmup_risk_uniform_common_loss": 0.0, "fpem/warmup_risk_lambda_common": 0.0, "fpem/warmup_risk_total_common_term": 0.0, "fpem/warmup_risk_temperature": 0.0, "fpem/warmup_risk_temperature_progress": 0.0, "fpem/uniform_expert_mae": 0.0, "fpem/risk_routed_mae": 0.0, "fpem/risk_prediction_mae": 0.0, "fpem/risk_loss": 0.0, "fpem/risk_ranking_loss": 0.0, "fpem/risk_ranking_accuracy": 0.0, "fpem/risk_oracle_argmin_accuracy": 0.0, "fpem/risk_router_temperature": 0.0, "fpem/risk_router_lambda": 0.0, "fpem/risk_router_pairwise_lambda": 0.0, "fpem/env_route_train_mode_progressive_gmm_environment": 0.0, "fpem/top_level_prediction_source_progressive_gmm_teacher_hard": 0.0, "fpem/progressive_assignment_uses_target_or_prediction_error": 0.0, "fpem/progressive_partition_ready": 0.0, "fpem/progressive_selected_k": 0.0, "fpem/progressive_active_expert_count": 0.0, "fpem/progressive_last_partition_epoch": 0.0, "fpem/progressive_lambda_common": 0.0, "fpem/progressive_common_term": 0.0, "fpem/progressive_compactness_loss": 0.0, "fpem/progressive_consistency_loss": 0.0, "fpem/progressive_cluster_entropy": 0.0, "fpem/progressive_assignment_change_ratio": 0.0, "fpem/progressive_hungarian_overlap_score": 0.0, "fpem/progressive_partition_update_time_sec": 0.0, "fpem/progressive_routed_mae": 0.0, "fpem/progressive_gmm_environment_total_replaces_primary": 0.0, "fpem/env_route_count_head_0": 16.0, "fpem/env_route_oracle_count_head_0": 16.0, "fpem/route_count_env_head_0": 16.0, "fpem/route_soft_mean_expert_0": 1.0, "fpem/route_hard_count_expert_0": 16.0, "fpem/hard_count_expert_0": 16.0, "fpem/sinkhorn_soft_col_mass_expert_0": 0.0, "fpem/progressive_active_expert_0": 0.0, "fpem/progressive_cluster_size_0": 0.0, "fpem/progressive_cluster_ratio_0": 0.0, "fpem/progressive_cluster_to_expert_0": 0.0, "fpem/progressive_bic_k1": 0.0, "fpem/progressive_bic_score_k1": 0.0, "fpem/progressive_bic_rejected_k1": 0.0, "fpem/hyper_alpha_head_0": 0.0, "fpem/hyper_gamma_norm_head_0": 0.0, "fpem/hyper_beta_norm_head_0": 0.0, "fpem/expert_cross_mae_group_0_expert_0": 9.565531930469332, "fpem/load_expert_loss": 9.565531930469332, "fpem/hard_router_loss": 0.6833767942019872, "fpem/hard_router_target_env_ratio": 0.4982142857142857, "fpem/hard_router_predicted_env_ratio": 0.55, "fpem/hard_router_effective_env_ratio": 0.55, "fpem/hard_router_supervision_enabled": 1.0, "fpem/hard_router_warmup_active": 0.0, "fpem/load_level_assignment_detached": 1.0, "fpem/load_level_count_0": 1680.0, "fpem/load_level_ratio_0": 1.0, "fpem/expert_0_global_loss": 9.565531930469332, "fpem/expert_0_selected_loss": 9.565531930469332, "fpem/hard_router_margin_mean": 0.09662237273795264, "fpem/hard_router_gain_mean": 0.09670551589557103, "fpem/hard_router_class_weight_invariant": 1.112284563268934, "fpem/hard_router_class_weight_environment": 1.172764185496739, "fpem/expert_prediction_pairwise_difference": 0.0, "fpem/delta_pairwise_cosine": 0.0, "fpem/delta_pairwise_l1": 0.0, "fpem/delta_pairwise_l2": 0.0, "fpem/expert_0_parameter_norm": 14.859944388979958, "fpem/hard_binary_router_enabled": 1.0, "fpem/hard_router_uses_target_in_forward": 0.0, "fpem/stored_future_c_loaded": 0.0, "fpem/prediction_is_weighted_complete_fusion": 0.0, "fpem/future_mi_loss": 0.0, "fpem/future_mi_valid": 0.0, "fpem/future_mi_logvar_mean": 0.0, "fpem/future_mi_target_mode_env_encoder": 0.0, "fpem/swap_loss": 0.0, "fpem/swap_diff_loss": 0.0, "fpem/swap_same_loss": 0.0, "fpem/swap_gain_mean": 0.0, "fpem/swap_s_gain_mean": 0.0, "fpem/swap_fallback_router_loss": 0.0, "fpem/swap_fallback_q_mean": 0.0, "fpem/swap_prediction_delta": 0.0, "fpem/swap_route_delta": 0.0, "fpem/swap_hyper_alpha_delta": 0.0, "fpem/swap_hyper_delta_norm": 0.0, "fpem/loss_env_day": 0.0, "fpem/loss_env_hour": 0.0, "fpem/loss_env_rush": 0.0, "fpem/env_day_acc": 0.0, "fpem/env_hour_acc": 0.0, "fpem/env_rush_acc": 0.0, "fpem/loss_env_supcon": 0.0, "fpem/env_supcon_valid_pairs": 0.0, "fpem/loss_inv_env_adv": 0.0, "fpem/inv_day_acc": 0.0, "fpem/inv_hour_acc": 0.0, "fpem/inv_rush_acc": 0.0, "fpem/loss_cross_cov_sep": 0.0, "fpem/load_level_experts_enabled": 1.0, "fpem/load_level_uses_target_or_future_load": 0.0, "fpem/environment_gate_uses_target_in_forward": 0.0, "fpem/load_level_env_residual_scale": 0.0, "fpem/uses_cached_observable_load_prior": 1.0, "fpem/primary_loss": 9.167828677949451, "fpem/inv_pred_loss": 9.218801602863131, "fpem/primary_uses_route": 1.0, "fpem/primary_uses_env_fusion": 0.0, "fpem/backbone_agcrn": 1.0, "fpem/backbone_graphwavenet": 0.0, "fpem/backbone_staeformer": 0.0, "fpem/gc_pred_loss_only": 1.0, "fpem/env_route_head_mode_hyper_proto": 1.0, "fpem/fpem_force_uniform_route": 0.0, "fpem/hard_prediction_sinkhorn_total_replaces_primary": 0.0, "fpem/hard_prediction_environment_sinkhorn_total_replaces_primary": 0.0, "fpem/warmup_risk_sinkhorn_total_replaces_primary": 0.0, "fpem/lambda_club_mi": 0.0}}
EPOCH {"epoch": 10, "train_loss": 11.71661505926223, "val": {"loss": 11.855015277862549, "mae": 11.64757251739502, "mape": 0.1856383979320526}, "test_mixed": {"loss": NaN, "mae": NaN, "mape": NaN}, "test_workday": {"loss": NaN, "mae": NaN, "mape": NaN}, "test_holiday": {"loss": NaN, "mae": NaN, "mape": NaN}, "test_avg_mae": NaN, "lr": 0.001, "fpem_logs": {"fpem/fpem_env_use_exogenous": 1.0, "fpem/env_exogenous_available": 1.0, "fpem/env_exogenous_time_available": 1.0, "fpem/env_exogenous_load_available": 1.0, "fpem/env_exogenous_feature_dim": 32.0, "fpem/env_exogenous_embedding_norm": 2.7163976374126615, "fpem/env_exogenous_load_embedding_norm": 1.9302368175415765, "fpem/env_rep_ablation_normal": 1.0, "fpem/env_rep_ablation_zero": 0.0, "fpem/env_rep_ablation_shuffle_batch": 0.0, "fpem/env_rep_ablation_mode_id": 0.0, "fpem/mask_loss": 0.0, "fpem/mask_sparse_loss": 0.0, "fpem/mask_entropy_loss": 0.0, "fpem/mask_mean": 1.0, "fpem/mask_entropy": 0.0, "fpem/mask_active_ratio": 1.0, "fpem/fusion_alpha_mean": 0.0, "fpem/fusion_alpha_std": 0.0, "fpem/fusion_alpha_min": 0.0, "fpem/fusion_alpha_max": 0.0, "fpem/env_route_loss": 2.58718733333406, "fpem/env_route_L_final": 9.127277869269962, "fpem/env_route_L_global": 0.0, "fpem/env_route_L_route_soft": 0.0, "fpem/env_route_L_expert": 9.529280426388695, "fpem/env_route_L_router_oracle": 0.6813312212626139, "fpem/env_route_L_balance": 0.0, "fpem/env_route_L_diverse": 0.0, "fpem/env_route_L_proto_align": 0.0, "fpem/env_route_entropy": 0.0, "fpem/env_route_q_max_mean": 0.0, "fpem/hyper_alpha_mean": 0.0, "fpem/hyper_delta_norm": 0.0, "fpem/hyper_route_proto_mode_uniform_warmup": 0.0, "fpem/hyper_route_proto_mode_uniform_fixed": 0.0, "fpem/hyper_route_proto_mode_sinkhorn": 0.0, "fpem/hyper_route_proto_mode_softmax": 0.0, "fpem/fallback_q_mean": 0.4380952380952381, "fpem/fallback_q_max": 0.0, "fpem/env_q_sum_mean": 0.5619047619047619, "fpem/oracle_fallback_rate": 0.0, "fpem/route_count_fallback": 0.0, "fpem/env_route_head_mode": 1.0, "fpem/route_entropy_mean": 0.0, "fpem/route_mean_distribution_entropy": 0.0, "fpem/effective_expert_number": 1.0, "fpem/max_expert_usage_ratio": 0.0, "fpem/min_expert_usage_ratio": 0.0, "fpem/prototype_pairwise_cosine": 0.0, "fpem/expert_prediction_pairwise_cosine": 0.0, "fpem/expert_collapse_warning": 0.0, "fpem/env_route_target_mode_env_prototype": 0.0, "fpem/env_route_target_mode_hybrid": 0.0, "fpem/env_route_hybrid_alpha": 0.0, "fpem/env_route_train_mode_warmup_risk_sinkhorn": 0.0, "fpem/warmup_risk_stage_warmup": 0.0, "fpem/warmup_risk_stage_soft": 0.0, "fpem/warmup_risk_stage_hard": 0.0, "fpem/warmup_risk_selected_loss": 0.0, "fpem/warmup_risk_uniform_common_loss": 0.0, "fpem/warmup_risk_lambda_common": 0.0, "fpem/warmup_risk_total_common_term": 0.0, "fpem/warmup_risk_temperature": 0.0, "fpem/warmup_risk_temperature_progress": 0.0, "fpem/uniform_expert_mae": 0.0, "fpem/risk_routed_mae": 0.0, "fpem/risk_prediction_mae": 0.0, "fpem/risk_loss": 0.0, "fpem/risk_ranking_loss": 0.0, "fpem/risk_ranking_accuracy": 0.0, "fpem/risk_oracle_argmin_accuracy": 0.0, "fpem/risk_router_temperature": 0.0, "fpem/risk_router_lambda": 0.0, "fpem/risk_router_pairwise_lambda": 0.0, "fpem/env_route_train_mode_progressive_gmm_environment": 0.0, "fpem/top_level_prediction_source_progressive_gmm_teacher_hard": 0.0, "fpem/progressive_assignment_uses_target_or_prediction_error": 0.0, "fpem/progressive_partition_ready": 0.0, "fpem/progressive_selected_k": 0.0, "fpem/progressive_active_expert_count": 0.0, "fpem/progressive_last_partition_epoch": 0.0, "fpem/progressive_lambda_common": 0.0, "fpem/progressive_common_term": 0.0, "fpem/progressive_compactness_loss": 0.0, "fpem/progressive_consistency_loss": 0.0, "fpem/progressive_cluster_entropy": 0.0, "fpem/progressive_assignment_change_ratio": 0.0, "fpem/progressive_hungarian_overlap_score": 0.0, "fpem/progressive_partition_update_time_sec": 0.0, "fpem/progressive_routed_mae": 0.0, "fpem/progressive_gmm_environment_total_replaces_primary": 0.0, "fpem/env_route_count_head_0": 16.0, "fpem/env_route_oracle_count_head_0": 16.0, "fpem/route_count_env_head_0": 16.0, "fpem/route_soft_mean_expert_0": 1.0, "fpem/route_hard_count_expert_0": 16.0, "fpem/hard_count_expert_0": 16.0, "fpem/sinkhorn_soft_col_mass_expert_0": 0.0, "fpem/progressive_active_expert_0": 0.0, "fpem/progressive_cluster_size_0": 0.0, "fpem/progressive_cluster_ratio_0": 0.0, "fpem/progressive_cluster_to_expert_0": 0.0, "fpem/progressive_bic_k1": 0.0, "fpem/progressive_bic_score_k1": 0.0, "fpem/progressive_bic_rejected_k1": 0.0, "fpem/hyper_alpha_head_0": 0.0, "fpem/hyper_gamma_norm_head_0": 0.0, "fpem/hyper_beta_norm_head_0": 0.0, "fpem/expert_cross_mae_group_0_expert_0": 9.529280426388695, "fpem/load_expert_loss": 9.529280426388695, "fpem/hard_router_loss": 0.6813312212626139, "fpem/hard_router_target_env_ratio": 0.5392857142857143, "fpem/hard_router_predicted_env_ratio": 0.5619047619047619, "fpem/hard_router_effective_env_ratio": 0.5619047619047619, "fpem/hard_router_supervision_enabled": 1.0, "fpem/hard_router_warmup_active": 0.0, "fpem/load_level_assignment_detached": 1.0, "fpem/load_level_count_0": 1680.0, "fpem/load_level_ratio_0": 1.0, "fpem/expert_0_global_loss": 9.529280426388695, "fpem/expert_0_selected_loss": 9.529280426388695, "fpem/hard_router_margin_mean": 0.09662237330561592, "fpem/hard_router_gain_mean": 0.13295712811606272, "fpem/hard_router_class_weight_invariant": 1.2435143936248052, "fpem/hard_router_class_weight_environment": 1.0259490983826773, "fpem/expert_prediction_pairwise_difference": 0.0, "fpem/delta_pairwise_cosine": 0.0, "fpem/delta_pairwise_l1": 0.0, "fpem/delta_pairwise_l2": 0.0, "fpem/expert_0_parameter_norm": 14.864454006013416, "fpem/hard_binary_router_enabled": 1.0, "fpem/hard_router_uses_target_in_forward": 0.0, "fpem/stored_future_c_loaded": 0.0, "fpem/prediction_is_weighted_complete_fusion": 0.0, "fpem/future_mi_loss": 0.0, "fpem/future_mi_valid": 0.0, "fpem/future_mi_logvar_mean": 0.0, "fpem/future_mi_target_mode_env_encoder": 0.0, "fpem/swap_loss": 0.0, "fpem/swap_diff_loss": 0.0, "fpem/swap_same_loss": 0.0, "fpem/swap_gain_mean": 0.0, "fpem/swap_s_gain_mean": 0.0, "fpem/swap_fallback_router_loss": 0.0, "fpem/swap_fallback_q_mean": 0.0, "fpem/swap_prediction_delta": 0.0, "fpem/swap_route_delta": 0.0, "fpem/swap_hyper_alpha_delta": 0.0, "fpem/swap_hyper_delta_norm": 0.0, "fpem/loss_env_day": 0.0, "fpem/loss_env_hour": 0.0, "fpem/loss_env_rush": 0.0, "fpem/env_day_acc": 0.0, "fpem/env_hour_acc": 0.0, "fpem/env_rush_acc": 0.0, "fpem/loss_env_supcon": 0.0, "fpem/env_supcon_valid_pairs": 0.0, "fpem/loss_inv_env_adv": 0.0, "fpem/inv_day_acc": 0.0, "fpem/inv_hour_acc": 0.0, "fpem/inv_rush_acc": 0.0, "fpem/loss_cross_cov_sep": 0.0, "fpem/load_level_experts_enabled": 1.0, "fpem/load_level_uses_target_or_future_load": 0.0, "fpem/environment_gate_uses_target_in_forward": 0.0, "fpem/load_level_env_residual_scale": 0.0, "fpem/uses_cached_observable_load_prior": 1.0, "fpem/primary_loss": 9.127277869269962, "fpem/inv_pred_loss": 9.212939253307525, "fpem/primary_uses_route": 1.0, "fpem/primary_uses_env_fusion": 0.0, "fpem/backbone_agcrn": 1.0, "fpem/backbone_graphwavenet": 0.0, "fpem/backbone_staeformer": 0.0, "fpem/gc_pred_loss_only": 1.0, "fpem/env_route_head_mode_hyper_proto": 1.0, "fpem/fpem_force_uniform_route": 0.0, "fpem/hard_prediction_sinkhorn_total_replaces_primary": 0.0, "fpem/hard_prediction_environment_sinkhorn_total_replaces_primary": 0.0, "fpem/warmup_risk_sinkhorn_total_replaces_primary": 0.0, "fpem/lambda_club_mi": 0.0}}
EPOCH {"epoch": 11, "train_loss": 11.730154573349726, "val": {"loss": 11.815645456314087, "mae": 11.605399131774902, "mape": 0.18112710118293762}, "test_mixed": {"loss": NaN, "mae": NaN, "mape": NaN}, "test_workday": {"loss": NaN, "mae": NaN, "mape": NaN}, "test_holiday": {"loss": NaN, "mae": NaN, "mape": NaN}, "test_avg_mae": NaN, "lr": 0.001, "fpem_logs": {"fpem/fpem_env_use_exogenous": 1.0, "fpem/env_exogenous_available": 1.0, "fpem/env_exogenous_time_available": 1.0, "fpem/env_exogenous_load_available": 1.0, "fpem/env_exogenous_feature_dim": 32.0, "fpem/env_exogenous_embedding_norm": 2.72418212890625, "fpem/env_exogenous_load_embedding_norm": 1.9395814600444976, "fpem/env_rep_ablation_normal": 1.0, "fpem/env_rep_ablation_zero": 0.0, "fpem/env_rep_ablation_shuffle_batch": 0.0, "fpem/env_rep_ablation_mode_id": 0.0, "fpem/mask_loss": 0.0, "fpem/mask_sparse_loss": 0.0, "fpem/mask_entropy_loss": 0.0, "fpem/mask_mean": 1.0, "fpem/mask_entropy": 0.0, "fpem/mask_active_ratio": 1.0, "fpem/fusion_alpha_mean": 0.0, "fpem/fusion_alpha_std": 0.0, "fpem/fusion_alpha_min": 0.0, "fpem/fusion_alpha_max": 0.0, "fpem/env_route_loss": 2.6084559304373607, "fpem/env_route_L_final": 9.1297122047061, "fpem/env_route_L_global": 0.0, "fpem/env_route_L_route_soft": 0.0, "fpem/env_route_L_expert": 9.527186484563918, "fpem/env_route_L_router_oracle": 0.7030186108180455, "fpem/env_route_L_balance": 0.0, "fpem/env_route_L_diverse": 0.0, "fpem/env_route_L_proto_align": 0.0, "fpem/env_route_entropy": 0.0, "fpem/env_route_q_max_mean": 0.0, "fpem/hyper_alpha_mean": 0.0, "fpem/hyper_delta_norm": 0.0, "fpem/hyper_route_proto_mode_uniform_warmup": 0.0, "fpem/hyper_route_proto_mode_uniform_fixed": 0.0, "fpem/hyper_route_proto_mode_sinkhorn": 0.0, "fpem/hyper_route_proto_mode_softmax": 0.0, "fpem/fallback_q_mean": 0.39345238095238094, "fpem/fallback_q_max": 0.0, "fpem/env_q_sum_mean": 0.606547619047619, "fpem/oracle_fallback_rate": 0.0, "fpem/route_count_fallback": 0.0, "fpem/env_route_head_mode": 1.0, "fpem/route_entropy_mean": 0.0, "fpem/route_mean_distribution_entropy": 0.0, "fpem/effective_expert_number": 1.0, "fpem/max_expert_usage_ratio": 0.0, "fpem/min_expert_usage_ratio": 0.0, "fpem/prototype_pairwise_cosine": 0.0, "fpem/expert_prediction_pairwise_cosine": 0.0, "fpem/expert_collapse_warning": 0.0, "fpem/env_route_target_mode_env_prototype": 0.0, "fpem/env_route_target_mode_hybrid": 0.0, "fpem/env_route_hybrid_alpha": 0.0, "fpem/env_route_train_mode_warmup_risk_sinkhorn": 0.0, "fpem/warmup_risk_stage_warmup": 0.0, "fpem/warmup_risk_stage_soft": 0.0, "fpem/warmup_risk_stage_hard": 0.0, "fpem/warmup_risk_selected_loss": 0.0, "fpem/warmup_risk_uniform_common_loss": 0.0, "fpem/warmup_risk_lambda_common": 0.0, "fpem/warmup_risk_total_common_term": 0.0, "fpem/warmup_risk_temperature": 0.0, "fpem/warmup_risk_temperature_progress": 0.0, "fpem/uniform_expert_mae": 0.0, "fpem/risk_routed_mae": 0.0, "fpem/risk_prediction_mae": 0.0, "fpem/risk_loss": 0.0, "fpem/risk_ranking_loss": 0.0, "fpem/risk_ranking_accuracy": 0.0, "fpem/risk_oracle_argmin_accuracy": 0.0, "fpem/risk_router_temperature": 0.0, "fpem/risk_router_lambda": 0.0, "fpem/risk_router_pairwise_lambda": 0.0, "fpem/env_route_train_mode_progressive_gmm_environment": 0.0, "fpem/top_level_prediction_source_progressive_gmm_teacher_hard": 0.0, "fpem/progressive_assignment_uses_target_or_prediction_error": 0.0, "fpem/progressive_partition_ready": 0.0, "fpem/progressive_selected_k": 0.0, "fpem/progressive_active_expert_count": 0.0, "fpem/progressive_last_partition_epoch": 0.0, "fpem/progressive_lambda_common": 0.0, "fpem/progressive_common_term": 0.0, "fpem/progressive_compactness_loss": 0.0, "fpem/progressive_consistency_loss": 0.0, "fpem/progressive_cluster_entropy": 0.0, "fpem/progressive_assignment_change_ratio": 0.0, "fpem/progressive_hungarian_overlap_score": 0.0, "fpem/progressive_partition_update_time_sec": 0.0, "fpem/progressive_routed_mae": 0.0, "fpem/progressive_gmm_environment_total_replaces_primary": 0.0, "fpem/env_route_count_head_0": 16.0, "fpem/env_route_oracle_count_head_0": 16.0, "fpem/route_count_env_head_0": 16.0, "fpem/route_soft_mean_expert_0": 1.0, "fpem/route_hard_count_expert_0": 16.0, "fpem/hard_count_expert_0": 16.0, "fpem/sinkhorn_soft_col_mass_expert_0": 0.0, "fpem/progressive_active_expert_0": 0.0, "fpem/progressive_cluster_size_0": 0.0, "fpem/progressive_cluster_ratio_0": 0.0, "fpem/progressive_cluster_to_expert_0": 0.0, "fpem/progressive_bic_k1": 0.0, "fpem/progressive_bic_score_k1": 0.0, "fpem/progressive_bic_rejected_k1": 0.0, "fpem/hyper_alpha_head_0": 0.0, "fpem/hyper_gamma_norm_head_0": 0.0, "fpem/hyper_beta_norm_head_0": 0.0, "fpem/expert_cross_mae_group_0_expert_0": 9.527186484563918, "fpem/load_expert_loss": 9.527186484563918, "fpem/hard_router_loss": 0.7030186108180455, "fpem/hard_router_target_env_ratio": 0.5488095238095239, "fpem/hard_router_predicted_env_ratio": 0.606547619047619, "fpem/hard_router_effective_env_ratio": 0.606547619047619, "fpem/hard_router_supervision_enabled": 1.0, "fpem/hard_router_warmup_active": 0.0, "fpem/load_level_assignment_detached": 1.0, "fpem/load_level_count_0": 1680.0, "fpem/load_level_ratio_0": 1.0, "fpem/expert_0_global_loss": 9.527186484563918, "fpem/expert_0_selected_loss": 9.527186484563918, "fpem/hard_router_margin_mean": 0.09662237217028936, "fpem/hard_router_gain_mean": 0.13505100167932965, "fpem/hard_router_class_weight_invariant": 1.3115435043970745, "fpem/hard_router_class_weight_environment": 0.9994729286148435, "fpem/expert_prediction_pairwise_difference": 0.0, "fpem/delta_pairwise_cosine": 0.0, "fpem/delta_pairwise_l1": 0.0, "fpem/delta_pairwise_l2": 0.0, "fpem/expert_0_parameter_norm": 14.86997199285598, "fpem/hard_binary_router_enabled": 1.0, "fpem/hard_router_uses_target_in_forward": 0.0, "fpem/stored_future_c_loaded": 0.0, "fpem/prediction_is_weighted_complete_fusion": 0.0, "fpem/future_mi_loss": 0.0, "fpem/future_mi_valid": 0.0, "fpem/future_mi_logvar_mean": 0.0, "fpem/future_mi_target_mode_env_encoder": 0.0, "fpem/swap_loss": 0.0, "fpem/swap_diff_loss": 0.0, "fpem/swap_same_loss": 0.0, "fpem/swap_gain_mean": 0.0, "fpem/swap_s_gain_mean": 0.0, "fpem/swap_fallback_router_loss": 0.0, "fpem/swap_fallback_q_mean": 0.0, "fpem/swap_prediction_delta": 0.0, "fpem/swap_route_delta": 0.0, "fpem/swap_hyper_alpha_delta": 0.0, "fpem/swap_hyper_delta_norm": 0.0, "fpem/loss_env_day": 0.0, "fpem/loss_env_hour": 0.0, "fpem/loss_env_rush": 0.0, "fpem/env_day_acc": 0.0, "fpem/env_hour_acc": 0.0, "fpem/env_rush_acc": 0.0, "fpem/loss_env_supcon": 0.0, "fpem/env_supcon_valid_pairs": 0.0, "fpem/loss_inv_env_adv": 0.0, "fpem/inv_day_acc": 0.0, "fpem/inv_hour_acc": 0.0, "fpem/inv_rush_acc": 0.0, "fpem/loss_cross_cov_sep": 0.0, "fpem/load_level_experts_enabled": 1.0, "fpem/load_level_uses_target_or_future_load": 0.0, "fpem/environment_gate_uses_target_in_forward": 0.0, "fpem/load_level_env_residual_scale": 0.0, "fpem/uses_cached_observable_load_prior": 1.0, "fpem/primary_loss": 9.1297122047061, "fpem/inv_pred_loss": 9.216861125401088, "fpem/primary_uses_route": 1.0, "fpem/primary_uses_env_fusion": 0.0, "fpem/backbone_agcrn": 1.0, "fpem/backbone_graphwavenet": 0.0, "fpem/backbone_staeformer": 0.0, "fpem/gc_pred_loss_only": 1.0, "fpem/env_route_head_mode_hyper_proto": 1.0, "fpem/fpem_force_uniform_route": 0.0, "fpem/hard_prediction_sinkhorn_total_replaces_primary": 0.0, "fpem/hard_prediction_environment_sinkhorn_total_replaces_primary": 0.0, "fpem/warmup_risk_sinkhorn_total_replaces_primary": 0.0, "fpem/lambda_club_mi": 0.0}}
EPOCH {"epoch": 12, "train_loss": 11.67751300448463, "val": {"loss": 11.880665911568535, "mae": 11.673185348510742, "mape": 0.18931005895137787}, "test_mixed": {"loss": NaN, "mae": NaN, "mape": NaN}, "test_workday": {"loss": NaN, "mae": NaN, "mape": NaN}, "test_holiday": {"loss": NaN, "mae": NaN, "mape": NaN}, "test_avg_mae": NaN, "lr": 0.001, "fpem_logs": {"fpem/fpem_env_use_exogenous": 1.0, "fpem/env_exogenous_available": 1.0, "fpem/env_exogenous_time_available": 1.0, "fpem/env_exogenous_load_available": 1.0, "fpem/env_exogenous_feature_dim": 32.0, "fpem/env_exogenous_embedding_norm": 2.7213837101345972, "fpem/env_exogenous_load_embedding_norm": 1.9369977167674473, "fpem/env_rep_ablation_normal": 1.0, "fpem/env_rep_ablation_zero": 0.0, "fpem/env_rep_ablation_shuffle_batch": 0.0, "fpem/env_rep_ablation_mode_id": 0.0, "fpem/mask_loss": 0.0, "fpem/mask_sparse_loss": 0.0, "fpem/mask_entropy_loss": 0.0, "fpem/mask_mean": 1.0, "fpem/mask_entropy": 0.0, "fpem/mask_active_ratio": 1.0, "fpem/fusion_alpha_mean": 0.0, "fpem/fusion_alpha_std": 0.0, "fpem/fusion_alpha_min": 0.0, "fpem/fusion_alpha_max": 0.0, "fpem/env_route_loss": 2.5781307379404703, "fpem/env_route_L_final": 9.111064574832008, "fpem/env_route_L_global": 0.0, "fpem/env_route_L_route_soft": 0.0, "fpem/env_route_L_expert": 9.5038068544297, "fpem/env_route_L_router_oracle": 0.6773693334488642, "fpem/env_route_L_balance": 0.0, "fpem/env_route_L_diverse": 0.0, "fpem/env_route_L_proto_align": 0.0, "fpem/env_route_entropy": 0.0, "fpem/env_route_q_max_mean": 0.0, "fpem/hyper_alpha_mean": 0.0, "fpem/hyper_delta_norm": 0.0, "fpem/hyper_route_proto_mode_uniform_warmup": 0.0, "fpem/hyper_route_proto_mode_uniform_fixed": 0.0, "fpem/hyper_route_proto_mode_sinkhorn": 0.0, "fpem/hyper_route_proto_mode_softmax": 0.0, "fpem/fallback_q_mean": 0.3970238095238095, "fpem/fallback_q_max": 0.0, "fpem/env_q_sum_mean": 0.6029761904761904, "fpem/oracle_fallback_rate": 0.0, "fpem/route_count_fallback": 0.0, "fpem/env_route_head_mode": 1.0, "fpem/route_entropy_mean": 0.0, "fpem/route_mean_distribution_entropy": 0.0, "fpem/effective_expert_number": 1.0, "fpem/max_expert_usage_ratio": 0.0, "fpem/min_expert_usage_ratio": 0.0, "fpem/prototype_pairwise_cosine": 0.0, "fpem/expert_prediction_pairwise_cosine": 0.0, "fpem/expert_collapse_warning": 0.0, "fpem/env_route_target_mode_env_prototype": 0.0, "fpem/env_route_target_mode_hybrid": 0.0, "fpem/env_route_hybrid_alpha": 0.0, "fpem/env_route_train_mode_warmup_risk_sinkhorn": 0.0, "fpem/warmup_risk_stage_warmup": 0.0, "fpem/warmup_risk_stage_soft": 0.0, "fpem/warmup_risk_stage_hard": 0.0, "fpem/warmup_risk_selected_loss": 0.0, "fpem/warmup_risk_uniform_common_loss": 0.0, "fpem/warmup_risk_lambda_common": 0.0, "fpem/warmup_risk_total_common_term": 0.0, "fpem/warmup_risk_temperature": 0.0, "fpem/warmup_risk_temperature_progress": 0.0, "fpem/uniform_expert_mae": 0.0, "fpem/risk_routed_mae": 0.0, "fpem/risk_prediction_mae": 0.0, "fpem/risk_loss": 0.0, "fpem/risk_ranking_loss": 0.0, "fpem/risk_ranking_accuracy": 0.0, "fpem/risk_oracle_argmin_accuracy": 0.0, "fpem/risk_router_temperature": 0.0, "fpem/risk_router_lambda": 0.0, "fpem/risk_router_pairwise_lambda": 0.0, "fpem/env_route_train_mode_progressive_gmm_environment": 0.0, "fpem/top_level_prediction_source_progressive_gmm_teacher_hard": 0.0, "fpem/progressive_assignment_uses_target_or_prediction_error": 0.0, "fpem/progressive_partition_ready": 0.0, "fpem/progressive_selected_k": 0.0, "fpem/progressive_active_expert_count": 0.0, "fpem/progressive_last_partition_epoch": 0.0, "fpem/progressive_lambda_common": 0.0, "fpem/progressive_common_term": 0.0, "fpem/progressive_compactness_loss": 0.0, "fpem/progressive_consistency_loss": 0.0, "fpem/progressive_cluster_entropy": 0.0, "fpem/progressive_assignment_change_ratio": 0.0, "fpem/progressive_hungarian_overlap_score": 0.0, "fpem/progressive_partition_update_time_sec": 0.0, "fpem/progressive_routed_mae": 0.0, "fpem/progressive_gmm_environment_total_replaces_primary": 0.0, "fpem/env_route_count_head_0": 16.0, "fpem/env_route_oracle_count_head_0": 16.0, "fpem/route_count_env_head_0": 16.0, "fpem/route_soft_mean_expert_0": 1.0, "fpem/route_hard_count_expert_0": 16.0, "fpem/hard_count_expert_0": 16.0, "fpem/sinkhorn_soft_col_mass_expert_0": 0.0, "fpem/progressive_active_expert_0": 0.0, "fpem/progressive_cluster_size_0": 0.0, "fpem/progressive_cluster_ratio_0": 0.0, "fpem/progressive_cluster_to_expert_0": 0.0, "fpem/progressive_bic_k1": 0.0, "fpem/progressive_bic_score_k1": 0.0, "fpem/progressive_bic_rejected_k1": 0.0, "fpem/hyper_alpha_head_0": 0.0, "fpem/hyper_gamma_norm_head_0": 0.0, "fpem/hyper_beta_norm_head_0": 0.0, "fpem/expert_cross_mae_group_0_expert_0": 9.5038068544297, "fpem/load_expert_loss": 9.5038068544297, "fpem/hard_router_loss": 0.6773693334488642, "fpem/hard_router_target_env_ratio": 0.5726190476190476, "fpem/hard_router_predicted_env_ratio": 0.6029761904761904, "fpem/hard_router_effective_env_ratio": 0.6029761904761904, "fpem/hard_router_supervision_enabled": 1.0, "fpem/hard_router_warmup_active": 0.0, "fpem/load_level_assignment_detached": 1.0, "fpem/load_level_count_0": 1680.0, "fpem/load_level_ratio_0": 1.0, "fpem/expert_0_global_loss": 9.5038068544297, "fpem/expert_0_selected_loss": 9.5038068544297, "fpem/hard_router_margin_mean": 0.09662237202837354, "fpem/hard_router_gain_mean": 0.15843062273093633, "fpem/hard_router_class_weight_invariant": 1.3332462481090002, "fpem/hard_router_class_weight_environment": 0.9500510227112543, "fpem/expert_prediction_pairwise_difference": 0.0, "fpem/delta_pairwise_cosine": 0.0, "fpem/delta_pairwise_l1": 0.0, "fpem/delta_pairwise_l2": 0.0, "fpem/expert_0_parameter_norm": 14.872617558070592, "fpem/hard_binary_router_enabled": 1.0, "fpem/hard_router_uses_target_in_forward": 0.0, "fpem/stored_future_c_loaded": 0.0, "fpem/prediction_is_weighted_complete_fusion": 0.0, "fpem/future_mi_loss": 0.0, "fpem/future_mi_valid": 0.0, "fpem/future_mi_logvar_mean": 0.0, "fpem/future_mi_target_mode_env_encoder": 0.0, "fpem/swap_loss": 0.0, "fpem/swap_diff_loss": 0.0, "fpem/swap_same_loss": 0.0, "fpem/swap_gain_mean": 0.0, "fpem/swap_s_gain_mean": 0.0, "fpem/swap_fallback_router_loss": 0.0, "fpem/swap_fallback_q_mean": 0.0, "fpem/swap_prediction_delta": 0.0, "fpem/swap_route_delta": 0.0, "fpem/swap_hyper_alpha_delta": 0.0, "fpem/swap_hyper_delta_norm": 0.0, "fpem/loss_env_day": 0.0, "fpem/loss_env_hour": 0.0, "fpem/loss_env_rush": 0.0, "fpem/env_day_acc": 0.0, "fpem/env_hour_acc": 0.0, "fpem/env_rush_acc": 0.0, "fpem/loss_env_supcon": 0.0, "fpem/env_supcon_valid_pairs": 0.0, "fpem/loss_inv_env_adv": 0.0, "fpem/inv_day_acc": 0.0, "fpem/inv_hour_acc": 0.0, "fpem/inv_rush_acc": 0.0, "fpem/loss_cross_cov_sep": 0.0, "fpem/load_level_experts_enabled": 1.0, "fpem/load_level_uses_target_or_future_load": 0.0, "fpem/environment_gate_uses_target_in_forward": 0.0, "fpem/load_level_env_residual_scale": 0.0, "fpem/uses_cached_observable_load_prior": 1.0, "fpem/primary_loss": 9.111064574832008, "fpem/inv_pred_loss": 9.22087169828869, "fpem/primary_uses_route": 1.0, "fpem/primary_uses_env_fusion": 0.0, "fpem/backbone_agcrn": 1.0, "fpem/backbone_graphwavenet": 0.0, "fpem/backbone_staeformer": 0.0, "fpem/gc_pred_loss_only": 1.0, "fpem/env_route_head_mode_hyper_proto": 1.0, "fpem/fpem_force_uniform_route": 0.0, "fpem/hard_prediction_sinkhorn_total_replaces_primary": 0.0, "fpem/hard_prediction_environment_sinkhorn_total_replaces_primary": 0.0, "fpem/warmup_risk_sinkhorn_total_replaces_primary": 0.0, "fpem/lambda_club_mi": 0.0}}
EPOCH {"epoch": 13, "train_loss": 11.700512068612236, "val": {"loss": 11.836481067869398, "mae": 11.632317543029785, "mape": 0.1855541616678238}, "test_mixed": {"loss": NaN, "mae": NaN, "mape": NaN}, "test_workday": {"loss": NaN, "mae": NaN, "mape": NaN}, "test_holiday": {"loss": NaN, "mae": NaN, "mape": NaN}, "test_avg_mae": NaN, "lr": 0.001, "fpem_logs": {"fpem/fpem_env_use_exogenous": 1.0, "fpem/env_exogenous_available": 1.0, "fpem/env_exogenous_time_available": 1.0, "fpem/env_exogenous_load_available": 1.0, "fpem/env_exogenous_feature_dim": 32.0, "fpem/env_exogenous_embedding_norm": 2.725249955767677, "fpem/env_exogenous_load_embedding_norm": 1.9365151087443033, "fpem/env_rep_ablation_normal": 1.0, "fpem/env_rep_ablation_zero": 0.0, "fpem/env_rep_ablation_shuffle_batch": 0.0, "fpem/env_rep_ablation_mode_id": 0.0, "fpem/mask_loss": 0.0, "fpem/mask_sparse_loss": 0.0, "fpem/mask_entropy_loss": 0.0, "fpem/mask_mean": 1.0, "fpem/mask_entropy": 0.0, "fpem/mask_active_ratio": 1.0, "fpem/fusion_alpha_mean": 0.0, "fpem/fusion_alpha_std": 0.0, "fpem/fusion_alpha_min": 0.0, "fpem/fusion_alpha_max": 0.0, "fpem/env_route_loss": 2.585045673733666, "fpem/env_route_L_final": 9.104046017783029, "fpem/env_route_L_global": 0.0, "fpem/env_route_L_route_soft": 0.0, "fpem/env_route_L_expert": 9.504242688133603, "fpem/env_route_L_router_oracle": 0.684197097165244, "fpem/env_route_L_balance": 0.0, "fpem/env_route_L_diverse": 0.0, "fpem/env_route_L_proto_align": 0.0, "fpem/env_route_entropy": 0.0, "fpem/env_route_q_max_mean": 0.0, "fpem/hyper_alpha_mean": 0.0, "fpem/hyper_delta_norm": 0.0, "fpem/hyper_route_proto_mode_uniform_warmup": 0.0, "fpem/hyper_route_proto_mode_uniform_fixed": 0.0, "fpem/hyper_route_proto_mode_sinkhorn": 0.0, "fpem/hyper_route_proto_mode_softmax": 0.0, "fpem/fallback_q_mean": 0.40773809523809523, "fpem/fallback_q_max": 0.0, "fpem/env_q_sum_mean": 0.5922619047619048, "fpem/oracle_fallback_rate": 0.0, "fpem/route_count_fallback": 0.0, "fpem/env_route_head_mode": 1.0, "fpem/route_entropy_mean": 0.0, "fpem/route_mean_distribution_entropy": 0.0, "fpem/effective_expert_number": 1.0, "fpem/max_expert_usage_ratio": 0.0, "fpem/min_expert_usage_ratio": 0.0, "fpem/prototype_pairwise_cosine": 0.0, "fpem/expert_prediction_pairwise_cosine": 0.0, "fpem/expert_collapse_warning": 0.0, "fpem/env_route_target_mode_env_prototype": 0.0, "fpem/env_route_target_mode_hybrid": 0.0, "fpem/env_route_hybrid_alpha": 0.0, "fpem/env_route_train_mode_warmup_risk_sinkhorn": 0.0, "fpem/warmup_risk_stage_warmup": 0.0, "fpem/warmup_risk_stage_soft": 0.0, "fpem/warmup_risk_stage_hard": 0.0, "fpem/warmup_risk_selected_loss": 0.0, "fpem/warmup_risk_uniform_common_loss": 0.0, "fpem/warmup_risk_lambda_common": 0.0, "fpem/warmup_risk_total_common_term": 0.0, "fpem/warmup_risk_temperature": 0.0, "fpem/warmup_risk_temperature_progress": 0.0, "fpem/uniform_expert_mae": 0.0, "fpem/risk_routed_mae": 0.0, "fpem/risk_prediction_mae": 0.0, "fpem/risk_loss": 0.0, "fpem/risk_ranking_loss": 0.0, "fpem/risk_ranking_accuracy": 0.0, "fpem/risk_oracle_argmin_accuracy": 0.0, "fpem/risk_router_temperature": 0.0, "fpem/risk_router_lambda": 0.0, "fpem/risk_router_pairwise_lambda": 0.0, "fpem/env_route_train_mode_progressive_gmm_environment": 0.0, "fpem/top_level_prediction_source_progressive_gmm_teacher_hard": 0.0, "fpem/progressive_assignment_uses_target_or_prediction_error": 0.0, "fpem/progressive_partition_ready": 0.0, "fpem/progressive_selected_k": 0.0, "fpem/progressive_active_expert_count": 0.0, "fpem/progressive_last_partition_epoch": 0.0, "fpem/progressive_lambda_common": 0.0, "fpem/progressive_common_term": 0.0, "fpem/progressive_compactness_loss": 0.0, "fpem/progressive_consistency_loss": 0.0, "fpem/progressive_cluster_entropy": 0.0, "fpem/progressive_assignment_change_ratio": 0.0, "fpem/progressive_hungarian_overlap_score": 0.0, "fpem/progressive_partition_update_time_sec": 0.0, "fpem/progressive_routed_mae": 0.0, "fpem/progressive_gmm_environment_total_replaces_primary": 0.0, "fpem/env_route_count_head_0": 16.0, "fpem/env_route_oracle_count_head_0": 16.0, "fpem/route_count_env_head_0": 16.0, "fpem/route_soft_mean_expert_0": 1.0, "fpem/route_hard_count_expert_0": 16.0, "fpem/hard_count_expert_0": 16.0, "fpem/sinkhorn_soft_col_mass_expert_0": 0.0, "fpem/progressive_active_expert_0": 0.0, "fpem/progressive_cluster_size_0": 0.0, "fpem/progressive_cluster_ratio_0": 0.0, "fpem/progressive_cluster_to_expert_0": 0.0, "fpem/progressive_bic_k1": 0.0, "fpem/progressive_bic_score_k1": 0.0, "fpem/progressive_bic_rejected_k1": 0.0, "fpem/hyper_alpha_head_0": 0.0, "fpem/hyper_gamma_norm_head_0": 0.0, "fpem/hyper_beta_norm_head_0": 0.0, "fpem/expert_cross_mae_group_0_expert_0": 9.504242688133603, "fpem/load_expert_loss": 9.504242688133603, "fpem/hard_router_loss": 0.684197097165244, "fpem/hard_router_target_env_ratio": 0.5625, "fpem/hard_router_predicted_env_ratio": 0.5922619047619048, "fpem/hard_router_effective_env_ratio": 0.5922619047619048, "fpem/hard_router_supervision_enabled": 1.0, "fpem/hard_router_warmup_active": 0.0, "fpem/load_level_assignment_detached": 1.0, "fpem/load_level_count_0": 1680.0, "fpem/load_level_ratio_0": 1.0, "fpem/expert_0_global_loss": 9.504242688133603, "fpem/expert_0_selected_loss": 9.504242688133603, "fpem/hard_router_margin_mean": 0.09662237295082637, "fpem/hard_router_gain_mean": 0.15799484522569748, "fpem/hard_router_class_weight_invariant": 1.2697193015189399, "fpem/hard_router_class_weight_environment": 0.9751710914430164, "fpem/expert_prediction_pairwise_difference": 0.0, "fpem/delta_pairwise_cosine": 0.0, "fpem/delta_pairwise_l1": 0.0, "fpem/delta_pairwise_l2": 0.0, "fpem/expert_0_parameter_norm": 14.881534104120163, "fpem/hard_binary_router_enabled": 1.0, "fpem/hard_router_uses_target_in_forward": 0.0, "fpem/stored_future_c_loaded": 0.0, "fpem/prediction_is_weighted_complete_fusion": 0.0, "fpem/future_mi_loss": 0.0, "fpem/future_mi_valid": 0.0, "fpem/future_mi_logvar_mean": 0.0, "fpem/future_mi_target_mode_env_encoder": 0.0, "fpem/swap_loss": 0.0, "fpem/swap_diff_loss": 0.0, "fpem/swap_same_loss": 0.0, "fpem/swap_gain_mean": 0.0, "fpem/swap_s_gain_mean": 0.0, "fpem/swap_fallback_router_loss": 0.0, "fpem/swap_fallback_q_mean": 0.0, "fpem/swap_prediction_delta": 0.0, "fpem/swap_route_delta": 0.0, "fpem/swap_hyper_alpha_delta": 0.0, "fpem/swap_hyper_delta_norm": 0.0, "fpem/loss_env_day": 0.0, "fpem/loss_env_hour": 0.0, "fpem/loss_env_rush": 0.0, "fpem/env_day_acc": 0.0, "fpem/env_hour_acc": 0.0, "fpem/env_rush_acc": 0.0, "fpem/loss_env_supcon": 0.0, "fpem/env_supcon_valid_pairs": 0.0, "fpem/loss_inv_env_adv": 0.0, "fpem/inv_day_acc": 0.0, "fpem/inv_hour_acc": 0.0, "fpem/inv_rush_acc": 0.0, "fpem/loss_cross_cov_sep": 0.0, "fpem/load_level_experts_enabled": 1.0, "fpem/load_level_uses_target_or_future_load": 0.0, "fpem/environment_gate_uses_target_in_forward": 0.0, "fpem/load_level_env_residual_scale": 0.0, "fpem/uses_cached_observable_load_prior": 1.0, "fpem/primary_loss": 9.104046017783029, "fpem/inv_pred_loss": 9.210523891448975, "fpem/primary_uses_route": 1.0, "fpem/primary_uses_env_fusion": 0.0, "fpem/backbone_agcrn": 1.0, "fpem/backbone_graphwavenet": 0.0, "fpem/backbone_staeformer": 0.0, "fpem/gc_pred_loss_only": 1.0, "fpem/env_route_head_mode_hyper_proto": 1.0, "fpem/fpem_force_uniform_route": 0.0, "fpem/hard_prediction_sinkhorn_total_replaces_primary": 0.0, "fpem/hard_prediction_environment_sinkhorn_total_replaces_primary": 0.0, "fpem/warmup_risk_sinkhorn_total_replaces_primary": 0.0, "fpem/lambda_club_mi": 0.0}}
EPOCH {"epoch": 14, "train_loss": 11.661679222470237, "val": {"loss": 11.869184997346666, "mae": 11.6683988571167, "mape": 0.19006551802158356}, "test_mixed": {"loss": NaN, "mae": NaN, "mape": NaN}, "test_workday": {"loss": NaN, "mae": NaN, "mape": NaN}, "test_holiday": {"loss": NaN, "mae": NaN, "mape": NaN}, "test_avg_mae": NaN, "lr": 0.001, "fpem_logs": {"fpem/fpem_env_use_exogenous": 1.0, "fpem/env_exogenous_available": 1.0, "fpem/env_exogenous_time_available": 1.0, "fpem/env_exogenous_load_available": 1.0, "fpem/env_exogenous_feature_dim": 32.0, "fpem/env_exogenous_embedding_norm": 2.7307459581465947, "fpem/env_exogenous_load_embedding_norm": 1.9452362026487078, "fpem/env_rep_ablation_normal": 1.0, "fpem/env_rep_ablation_zero": 0.0, "fpem/env_rep_ablation_shuffle_batch": 0.0, "fpem/env_rep_ablation_mode_id": 0.0, "fpem/mask_loss": 0.0, "fpem/mask_sparse_loss": 0.0, "fpem/mask_entropy_loss": 0.0, "fpem/mask_mean": 1.0, "fpem/mask_entropy": 0.0, "fpem/mask_active_ratio": 1.0, "fpem/fusion_alpha_mean": 0.0, "fpem/fusion_alpha_std": 0.0, "fpem/fusion_alpha_min": 0.0, "fpem/fusion_alpha_max": 0.0, "fpem/env_route_loss": 2.572232907158988, "fpem/env_route_L_final": 9.095848564874558, "fpem/env_route_L_global": 0.0, "fpem/env_route_L_route_soft": 0.0, "fpem/env_route_L_expert": 9.485457329522996, "fpem/env_route_L_router_oracle": 0.6751414106005714, "fpem/env_route_L_balance": 0.0, "fpem/env_route_L_diverse": 0.0, "fpem/env_route_L_proto_align": 0.0, "fpem/env_route_entropy": 0.0, "fpem/env_route_q_max_mean": 0.0, "fpem/hyper_alpha_mean": 0.0, "fpem/hyper_delta_norm": 0.0, "fpem/hyper_route_proto_mode_uniform_warmup": 0.0, "fpem/hyper_route_proto_mode_uniform_fixed": 0.0, "fpem/hyper_route_proto_mode_sinkhorn": 0.0, "fpem/hyper_route_proto_mode_softmax": 0.0, "fpem/fallback_q_mean": 0.43333333333333335, "fpem/fallback_q_max": 0.0, "fpem/env_q_sum_mean": 0.5666666666666667, "fpem/oracle_fallback_rate": 0.0, "fpem/route_count_fallback": 0.0, "fpem/env_route_head_mode": 1.0, "fpem/route_entropy_mean": 0.0, "fpem/route_mean_distribution_entropy": 0.0, "fpem/effective_expert_number": 1.0, "fpem/max_expert_usage_ratio": 0.0, "fpem/min_expert_usage_ratio": 0.0, "fpem/prototype_pairwise_cosine": 0.0, "fpem/expert_prediction_pairwise_cosine": 0.0, "fpem/expert_collapse_warning": 0.0, "fpem/env_route_target_mode_env_prototype": 0.0, "fpem/env_route_target_mode_hybrid": 0.0, "fpem/env_route_hybrid_alpha": 0.0, "fpem/env_route_train_mode_warmup_risk_sinkhorn": 0.0, "fpem/warmup_risk_stage_warmup": 0.0, "fpem/warmup_risk_stage_soft": 0.0, "fpem/warmup_risk_stage_hard": 0.0, "fpem/warmup_risk_selected_loss": 0.0, "fpem/warmup_risk_uniform_common_loss": 0.0, "fpem/warmup_risk_lambda_common": 0.0, "fpem/warmup_risk_total_common_term": 0.0, "fpem/warmup_risk_temperature": 0.0, "fpem/warmup_risk_temperature_progress": 0.0, "fpem/uniform_expert_mae": 0.0, "fpem/risk_routed_mae": 0.0, "fpem/risk_prediction_mae": 0.0, "fpem/risk_loss": 0.0, "fpem/risk_ranking_loss": 0.0, "fpem/risk_ranking_accuracy": 0.0, "fpem/risk_oracle_argmin_accuracy": 0.0, "fpem/risk_router_temperature": 0.0, "fpem/risk_router_lambda": 0.0, "fpem/risk_router_pairwise_lambda": 0.0, "fpem/env_route_train_mode_progressive_gmm_environment": 0.0, "fpem/top_level_prediction_source_progressive_gmm_teacher_hard": 0.0, "fpem/progressive_assignment_uses_target_or_prediction_error": 0.0, "fpem/progressive_partition_ready": 0.0, "fpem/progressive_selected_k": 0.0, "fpem/progressive_active_expert_count": 0.0, "fpem/progressive_last_partition_epoch": 0.0, "fpem/progressive_lambda_common": 0.0, "fpem/progressive_common_term": 0.0, "fpem/progressive_compactness_loss": 0.0, "fpem/progressive_consistency_loss": 0.0, "fpem/progressive_cluster_entropy": 0.0, "fpem/progressive_assignment_change_ratio": 0.0, "fpem/progressive_hungarian_overlap_score": 0.0, "fpem/progressive_partition_update_time_sec": 0.0, "fpem/progressive_routed_mae": 0.0, "fpem/progressive_gmm_environment_total_replaces_primary": 0.0, "fpem/env_route_count_head_0": 16.0, "fpem/env_route_oracle_count_head_0": 16.0, "fpem/route_count_env_head_0": 16.0, "fpem/route_soft_mean_expert_0": 1.0, "fpem/route_hard_count_expert_0": 16.0, "fpem/hard_count_expert_0": 16.0, "fpem/sinkhorn_soft_col_mass_expert_0": 0.0, "fpem/progressive_active_expert_0": 0.0, "fpem/progressive_cluster_size_0": 0.0, "fpem/progressive_cluster_ratio_0": 0.0, "fpem/progressive_cluster_to_expert_0": 0.0, "fpem/progressive_bic_k1": 0.0, "fpem/progressive_bic_score_k1": 0.0, "fpem/progressive_bic_rejected_k1": 0.0, "fpem/hyper_alpha_head_0": 0.0, "fpem/hyper_gamma_norm_head_0": 0.0, "fpem/hyper_beta_norm_head_0": 0.0, "fpem/expert_cross_mae_group_0_expert_0": 9.485457329522996, "fpem/load_expert_loss": 9.485457329522996, "fpem/hard_router_loss": 0.6751414106005714, "fpem/hard_router_target_env_ratio": 0.5678571428571428, "fpem/hard_router_predicted_env_ratio": 0.5666666666666667, "fpem/hard_router_effective_env_ratio": 0.5666666666666667, "fpem/hard_router_supervision_enabled": 1.0, "fpem/hard_router_warmup_active": 0.0, "fpem/load_level_assignment_detached": 1.0, "fpem/load_level_count_0": 1680.0, "fpem/load_level_ratio_0": 1.0, "fpem/expert_0_global_loss": 9.485457329522996, "fpem/expert_0_selected_loss": 9.485457329522996, "fpem/hard_router_margin_mean": 0.096622372454121, "fpem/hard_router_gain_mean": 0.17678022569134122, "fpem/hard_router_class_weight_invariant": 1.3221823925063723, "fpem/hard_router_class_weight_environment": 0.9475094397862752, "fpem/expert_prediction_pairwise_difference": 0.0, "fpem/delta_pairwise_cosine": 0.0, "fpem/delta_pairwise_l1": 0.0, "fpem/delta_pairwise_l2": 0.0, "fpem/expert_0_parameter_norm": 14.88308997381301, "fpem/hard_binary_router_enabled": 1.0, "fpem/hard_router_uses_target_in_forward": 0.0, "fpem/stored_future_c_loaded": 0.0, "fpem/prediction_is_weighted_complete_fusion": 0.0, "fpem/future_mi_loss": 0.0, "fpem/future_mi_valid": 0.0, "fpem/future_mi_logvar_mean": 0.0, "fpem/future_mi_target_mode_env_encoder": 0.0, "fpem/swap_loss": 0.0, "fpem/swap_diff_loss": 0.0, "fpem/swap_same_loss": 0.0, "fpem/swap_gain_mean": 0.0, "fpem/swap_s_gain_mean": 0.0, "fpem/swap_fallback_router_loss": 0.0, "fpem/swap_fallback_q_mean": 0.0, "fpem/swap_prediction_delta": 0.0, "fpem/swap_route_delta": 0.0, "fpem/swap_hyper_alpha_delta": 0.0, "fpem/swap_hyper_delta_norm": 0.0, "fpem/loss_env_day": 0.0, "fpem/loss_env_hour": 0.0, "fpem/loss_env_rush": 0.0, "fpem/env_day_acc": 0.0, "fpem/env_hour_acc": 0.0, "fpem/env_rush_acc": 0.0, "fpem/loss_env_supcon": 0.0, "fpem/env_supcon_valid_pairs": 0.0, "fpem/loss_inv_env_adv": 0.0, "fpem/inv_day_acc": 0.0, "fpem/inv_hour_acc": 0.0, "fpem/inv_rush_acc": 0.0, "fpem/loss_cross_cov_sep": 0.0, "fpem/load_level_experts_enabled": 1.0, "fpem/load_level_uses_target_or_future_load": 0.0, "fpem/environment_gate_uses_target_in_forward": 0.0, "fpem/load_level_env_residual_scale": 0.0, "fpem/uses_cached_observable_load_prior": 1.0, "fpem/primary_loss": 9.095848564874558, "fpem/inv_pred_loss": 9.215145923977806, "fpem/primary_uses_route": 1.0, "fpem/primary_uses_env_fusion": 0.0, "fpem/backbone_agcrn": 1.0, "fpem/backbone_graphwavenet": 0.0, "fpem/backbone_staeformer": 0.0, "fpem/gc_pred_loss_only": 1.0, "fpem/env_route_head_mode_hyper_proto": 1.0, "fpem/fpem_force_uniform_route": 0.0, "fpem/hard_prediction_sinkhorn_total_replaces_primary": 0.0, "fpem/hard_prediction_environment_sinkhorn_total_replaces_primary": 0.0, "fpem/warmup_risk_sinkhorn_total_replaces_primary": 0.0, "fpem/lambda_club_mi": 0.0}}
EPOCH {"epoch": 15, "train_loss": 11.695113654363723, "val": {"loss": 11.847372929255167, "mae": 11.640839576721191, "mape": 0.18577776849269867}, "test_mixed": {"loss": NaN, "mae": NaN, "mape": NaN}, "test_workday": {"loss": NaN, "mae": NaN, "mape": NaN}, "test_holiday": {"loss": NaN, "mae": NaN, "mape": NaN}, "test_avg_mae": NaN, "lr": 0.001, "fpem_logs": {"fpem/fpem_env_use_exogenous": 1.0, "fpem/env_exogenous_available": 1.0, "fpem/env_exogenous_time_available": 1.0, "fpem/env_exogenous_load_available": 1.0, "fpem/env_exogenous_feature_dim": 32.0, "fpem/env_exogenous_embedding_norm": 2.720018007641747, "fpem/env_exogenous_load_embedding_norm": 1.9345637026287261, "fpem/env_rep_ablation_normal": 1.0, "fpem/env_rep_ablation_zero": 0.0, "fpem/env_rep_ablation_shuffle_batch": 0.0, "fpem/env_rep_ablation_mode_id": 0.0, "fpem/mask_loss": 0.0, "fpem/mask_sparse_loss": 0.0, "fpem/mask_entropy_loss": 0.0, "fpem/mask_mean": 1.0, "fpem/mask_entropy": 0.0, "fpem/mask_active_ratio": 1.0, "fpem/fusion_alpha_mean": 0.0, "fpem/fusion_alpha_std": 0.0, "fpem/fusion_alpha_min": 0.0, "fpem/fusion_alpha_max": 0.0, "fpem/env_route_loss": 2.573142433166504, "fpem/env_route_L_final": 9.117180274781727, "fpem/env_route_L_global": 0.0, "fpem/env_route_L_route_soft": 0.0, "fpem/env_route_L_expert": 9.52813024520874, "fpem/env_route_L_router_oracle": 0.6675163632347471, "fpem/env_route_L_balance": 0.0, "fpem/env_route_L_diverse": 0.0, "fpem/env_route_L_proto_align": 0.0, "fpem/env_route_entropy": 0.0, "fpem/env_route_q_max_mean": 0.0, "fpem/hyper_alpha_mean": 0.0, "fpem/hyper_delta_norm": 0.0, "fpem/hyper_route_proto_mode_uniform_warmup": 0.0, "fpem/hyper_route_proto_mode_uniform_fixed": 0.0, "fpem/hyper_route_proto_mode_sinkhorn": 0.0, "fpem/hyper_route_proto_mode_softmax": 0.0, "fpem/fallback_q_mean": 0.43273809523809526, "fpem/fallback_q_max": 0.0, "fpem/env_q_sum_mean": 0.5672619047619047, "fpem/oracle_fallback_rate": 0.0, "fpem/route_count_fallback": 0.0, "fpem/env_route_head_mode": 1.0, "fpem/route_entropy_mean": 0.0, "fpem/route_mean_distribution_entropy": 0.0, "fpem/effective_expert_number": 1.0, "fpem/max_expert_usage_ratio": 0.0, "fpem/min_expert_usage_ratio": 0.0, "fpem/prototype_pairwise_cosine": 0.0, "fpem/expert_prediction_pairwise_cosine": 0.0, "fpem/expert_collapse_warning": 0.0, "fpem/env_route_target_mode_env_prototype": 0.0, "fpem/env_route_target_mode_hybrid": 0.0, "fpem/env_route_hybrid_alpha": 0.0, "fpem/env_route_train_mode_warmup_risk_sinkhorn": 0.0, "fpem/warmup_risk_stage_warmup": 0.0, "fpem/warmup_risk_stage_soft": 0.0, "fpem/warmup_risk_stage_hard": 0.0, "fpem/warmup_risk_selected_loss": 0.0, "fpem/warmup_risk_uniform_common_loss": 0.0, "fpem/warmup_risk_lambda_common": 0.0, "fpem/warmup_risk_total_common_term": 0.0, "fpem/warmup_risk_temperature": 0.0, "fpem/warmup_risk_temperature_progress": 0.0, "fpem/uniform_expert_mae": 0.0, "fpem/risk_routed_mae": 0.0, "fpem/risk_prediction_mae": 0.0, "fpem/risk_loss": 0.0, "fpem/risk_ranking_loss": 0.0, "fpem/risk_ranking_accuracy": 0.0, "fpem/risk_oracle_argmin_accuracy": 0.0, "fpem/risk_router_temperature": 0.0, "fpem/risk_router_lambda": 0.0, "fpem/risk_router_pairwise_lambda": 0.0, "fpem/env_route_train_mode_progressive_gmm_environment": 0.0, "fpem/top_level_prediction_source_progressive_gmm_teacher_hard": 0.0, "fpem/progressive_assignment_uses_target_or_prediction_error": 0.0, "fpem/progressive_partition_ready": 0.0, "fpem/progressive_selected_k": 0.0, "fpem/progressive_active_expert_count": 0.0, "fpem/progressive_last_partition_epoch": 0.0, "fpem/progressive_lambda_common": 0.0, "fpem/progressive_common_term": 0.0, "fpem/progressive_compactness_loss": 0.0, "fpem/progressive_consistency_loss": 0.0, "fpem/progressive_cluster_entropy": 0.0, "fpem/progressive_assignment_change_ratio": 0.0, "fpem/progressive_hungarian_overlap_score": 0.0, "fpem/progressive_partition_update_time_sec": 0.0, "fpem/progressive_routed_mae": 0.0, "fpem/progressive_gmm_environment_total_replaces_primary": 0.0, "fpem/env_route_count_head_0": 16.0, "fpem/env_route_oracle_count_head_0": 16.0, "fpem/route_count_env_head_0": 16.0, "fpem/route_soft_mean_expert_0": 1.0, "fpem/route_hard_count_expert_0": 16.0, "fpem/hard_count_expert_0": 16.0, "fpem/sinkhorn_soft_col_mass_expert_0": 0.0, "fpem/progressive_active_expert_0": 0.0, "fpem/progressive_cluster_size_0": 0.0, "fpem/progressive_cluster_ratio_0": 0.0, "fpem/progressive_cluster_to_expert_0": 0.0, "fpem/progressive_bic_k1": 0.0, "fpem/progressive_bic_score_k1": 0.0, "fpem/progressive_bic_rejected_k1": 0.0, "fpem/hyper_alpha_head_0": 0.0, "fpem/hyper_gamma_norm_head_0": 0.0, "fpem/hyper_beta_norm_head_0": 0.0, "fpem/expert_cross_mae_group_0_expert_0": 9.52813024520874, "fpem/load_expert_loss": 9.52813024520874, "fpem/hard_router_loss": 0.6675163632347471, "fpem/hard_router_target_env_ratio": 0.530952380952381, "fpem/hard_router_predicted_env_ratio": 0.5672619047619047, "fpem/hard_router_effective_env_ratio": 0.5672619047619047, "fpem/hard_router_supervision_enabled": 1.0, "fpem/hard_router_warmup_active": 0.0, "fpem/load_level_assignment_detached": 1.0, "fpem/load_level_count_0": 1680.0, "fpem/load_level_ratio_0": 1.0, "fpem/expert_0_global_loss": 9.52813024520874, "fpem/expert_0_selected_loss": 9.52813024520874, "fpem/hard_router_margin_mean": 0.09662237252507891, "fpem/hard_router_gain_mean": 0.13410725309735252, "fpem/hard_router_class_weight_invariant": 1.1880050375348046, "fpem/hard_router_class_weight_environment": 1.061142685299828, "fpem/expert_prediction_pairwise_difference": 0.0, "fpem/delta_pairwise_cosine": 0.0, "fpem/delta_pairwise_l1": 0.0, "fpem/delta_pairwise_l2": 0.0, "fpem/expert_0_parameter_norm": 14.884495199294317, "fpem/hard_binary_router_enabled": 1.0, "fpem/hard_router_uses_target_in_forward": 0.0, "fpem/stored_future_c_loaded": 0.0, "fpem/prediction_is_weighted_complete_fusion": 0.0, "fpem/future_mi_loss": 0.0, "fpem/future_mi_valid": 0.0, "fpem/future_mi_logvar_mean": 0.0, "fpem/future_mi_target_mode_env_encoder": 0.0, "fpem/swap_loss": 0.0, "fpem/swap_diff_loss": 0.0, "fpem/swap_same_loss": 0.0, "fpem/swap_gain_mean": 0.0, "fpem/swap_s_gain_mean": 0.0, "fpem/swap_fallback_router_loss": 0.0, "fpem/swap_fallback_q_mean": 0.0, "fpem/swap_prediction_delta": 0.0, "fpem/swap_route_delta": 0.0, "fpem/swap_hyper_alpha_delta": 0.0, "fpem/swap_hyper_delta_norm": 0.0, "fpem/loss_env_day": 0.0, "fpem/loss_env_hour": 0.0, "fpem/loss_env_rush": 0.0, "fpem/env_day_acc": 0.0, "fpem/env_hour_acc": 0.0, "fpem/env_rush_acc": 0.0, "fpem/loss_env_supcon": 0.0, "fpem/env_supcon_valid_pairs": 0.0, "fpem/loss_inv_env_adv": 0.0, "fpem/inv_day_acc": 0.0, "fpem/inv_hour_acc": 0.0, "fpem/inv_rush_acc": 0.0, "fpem/loss_cross_cov_sep": 0.0, "fpem/load_level_experts_enabled": 1.0, "fpem/load_level_uses_target_or_future_load": 0.0, "fpem/environment_gate_uses_target_in_forward": 0.0, "fpem/load_level_env_residual_scale": 0.0, "fpem/uses_cached_observable_load_prior": 1.0, "fpem/primary_loss": 9.117180274781727, "fpem/inv_pred_loss": 9.211762537275042, "fpem/primary_uses_route": 1.0, "fpem/primary_uses_env_fusion": 0.0, "fpem/backbone_agcrn": 1.0, "fpem/backbone_graphwavenet": 0.0, "fpem/backbone_staeformer": 0.0, "fpem/gc_pred_loss_only": 1.0, "fpem/env_route_head_mode_hyper_proto": 1.0, "fpem/fpem_force_uniform_route": 0.0, "fpem/hard_prediction_sinkhorn_total_replaces_primary": 0.0, "fpem/hard_prediction_environment_sinkhorn_total_replaces_primary": 0.0, "fpem/warmup_risk_sinkhorn_total_replaces_primary": 0.0, "fpem/lambda_club_mi": 0.0}}
EPOCH {"epoch": 16, "train_loss": 11.676363118489583, "val": {"loss": 11.948428286446465, "mae": 11.743760108947754, "mape": 0.19504958391189575}, "test_mixed": {"loss": NaN, "mae": NaN, "mape": NaN}, "test_workday": {"loss": NaN, "mae": NaN, "mape": NaN}, "test_holiday": {"loss": NaN, "mae": NaN, "mape": NaN}, "test_avg_mae": NaN, "lr": 0.001, "fpem_logs": {"fpem/fpem_env_use_exogenous": 1.0, "fpem/env_exogenous_available": 1.0, "fpem/env_exogenous_time_available": 1.0, "fpem/env_exogenous_load_available": 1.0, "fpem/env_exogenous_feature_dim": 32.0, "fpem/env_exogenous_embedding_norm": 2.7271616708664665, "fpem/env_exogenous_load_embedding_norm": 1.9391170819600423, "fpem/env_rep_ablation_normal": 1.0, "fpem/env_rep_ablation_zero": 0.0, "fpem/env_rep_ablation_shuffle_batch": 0.0, "fpem/env_rep_ablation_mode_id": 0.0, "fpem/mask_loss": 0.0, "fpem/mask_sparse_loss": 0.0, "fpem/mask_entropy_loss": 0.0, "fpem/mask_mean": 1.0, "fpem/mask_entropy": 0.0, "fpem/mask_active_ratio": 1.0, "fpem/fusion_alpha_mean": 0.0, "fpem/fusion_alpha_std": 0.0, "fpem/fusion_alpha_min": 0.0, "fpem/fusion_alpha_max": 0.0, "fpem/env_route_loss": 2.566205222266061, "fpem/env_route_L_final": 9.103575951712472, "fpem/env_route_L_global": 0.0, "fpem/env_route_L_route_soft": 0.0, "fpem/env_route_L_expert": 9.501969083150227, "fpem/env_route_L_router_oracle": 0.6658113780475798, "fpem/env_route_L_balance": 0.0, "fpem/env_route_L_diverse": 0.0, "fpem/env_route_L_proto_align": 0.0, "fpem/env_route_entropy": 0.0, "fpem/env_route_q_max_mean": 0.0, "fpem/hyper_alpha_mean": 0.0, "fpem/hyper_delta_norm": 0.0, "fpem/hyper_route_proto_mode_uniform_warmup": 0.0, "fpem/hyper_route_proto_mode_uniform_fixed": 0.0, "fpem/hyper_route_proto_mode_sinkhorn": 0.0, "fpem/hyper_route_proto_mode_softmax": 0.0, "fpem/fallback_q_mean": 0.4488095238095238, "fpem/fallback_q_max": 0.0, "fpem/env_q_sum_mean": 0.5511904761904762, "fpem/oracle_fallback_rate": 0.0, "fpem/route_count_fallback": 0.0, "fpem/env_route_head_mode": 1.0, "fpem/route_entropy_mean": 0.0, "fpem/route_mean_distribution_entropy": 0.0, "fpem/effective_expert_number": 1.0, "fpem/max_expert_usage_ratio": 0.0, "fpem/min_expert_usage_ratio": 0.0, "fpem/prototype_pairwise_cosine": 0.0, "fpem/expert_prediction_pairwise_cosine": 0.0, "fpem/expert_collapse_warning": 0.0, "fpem/env_route_target_mode_env_prototype": 0.0, "fpem/env_route_target_mode_hybrid": 0.0, "fpem/env_route_hybrid_alpha": 0.0, "fpem/env_route_train_mode_warmup_risk_sinkhorn": 0.0, "fpem/warmup_risk_stage_warmup": 0.0, "fpem/warmup_risk_stage_soft": 0.0, "fpem/warmup_risk_stage_hard": 0.0, "fpem/warmup_risk_selected_loss": 0.0, "fpem/warmup_risk_uniform_common_loss": 0.0, "fpem/warmup_risk_lambda_common": 0.0, "fpem/warmup_risk_total_common_term": 0.0, "fpem/warmup_risk_temperature": 0.0, "fpem/warmup_risk_temperature_progress": 0.0, "fpem/uniform_expert_mae": 0.0, "fpem/risk_routed_mae": 0.0, "fpem/risk_prediction_mae": 0.0, "fpem/risk_loss": 0.0, "fpem/risk_ranking_loss": 0.0, "fpem/risk_ranking_accuracy": 0.0, "fpem/risk_oracle_argmin_accuracy": 0.0, "fpem/risk_router_temperature": 0.0, "fpem/risk_router_lambda": 0.0, "fpem/risk_router_pairwise_lambda": 0.0, "fpem/env_route_train_mode_progressive_gmm_environment": 0.0, "fpem/top_level_prediction_source_progressive_gmm_teacher_hard": 0.0, "fpem/progressive_assignment_uses_target_or_prediction_error": 0.0, "fpem/progressive_partition_ready": 0.0, "fpem/progressive_selected_k": 0.0, "fpem/progressive_active_expert_count": 0.0, "fpem/progressive_last_partition_epoch": 0.0, "fpem/progressive_lambda_common": 0.0, "fpem/progressive_common_term": 0.0, "fpem/progressive_compactness_loss": 0.0, "fpem/progressive_consistency_loss": 0.0, "fpem/progressive_cluster_entropy": 0.0, "fpem/progressive_assignment_change_ratio": 0.0, "fpem/progressive_hungarian_overlap_score": 0.0, "fpem/progressive_partition_update_time_sec": 0.0, "fpem/progressive_routed_mae": 0.0, "fpem/progressive_gmm_environment_total_replaces_primary": 0.0, "fpem/env_route_count_head_0": 16.0, "fpem/env_route_oracle_count_head_0": 16.0, "fpem/route_count_env_head_0": 16.0, "fpem/route_soft_mean_expert_0": 1.0, "fpem/route_hard_count_expert_0": 16.0, "fpem/hard_count_expert_0": 16.0, "fpem/sinkhorn_soft_col_mass_expert_0": 0.0, "fpem/progressive_active_expert_0": 0.0, "fpem/progressive_cluster_size_0": 0.0, "fpem/progressive_cluster_ratio_0": 0.0, "fpem/progressive_cluster_to_expert_0": 0.0, "fpem/progressive_bic_k1": 0.0, "fpem/progressive_bic_score_k1": 0.0, "fpem/progressive_bic_rejected_k1": 0.0, "fpem/hyper_alpha_head_0": 0.0, "fpem/hyper_gamma_norm_head_0": 0.0, "fpem/hyper_beta_norm_head_0": 0.0, "fpem/expert_cross_mae_group_0_expert_0": 9.501969083150227, "fpem/load_expert_loss": 9.501969083150227, "fpem/hard_router_loss": 0.6658113780475798, "fpem/hard_router_target_env_ratio": 0.5464285714285714, "fpem/hard_router_predicted_env_ratio": 0.5511904761904762, "fpem/hard_router_effective_env_ratio": 0.5511904761904762, "fpem/hard_router_supervision_enabled": 1.0, "fpem/hard_router_warmup_active": 0.0, "fpem/load_level_assignment_detached": 1.0, "fpem/load_level_count_0": 1680.0, "fpem/load_level_ratio_0": 1.0, "fpem/expert_0_global_loss": 9.501969083150227, "fpem/expert_0_selected_loss": 9.501969083150227, "fpem/hard_router_margin_mean": 0.09662237280891055, "fpem/hard_router_gain_mean": 0.16026839798405057, "fpem/hard_router_class_weight_invariant": 1.2321152091026306, "fpem/hard_router_class_weight_environment": 0.9839739288602557, "fpem/expert_prediction_pairwise_difference": 0.0, "fpem/delta_pairwise_cosine": 0.0, "fpem/delta_pairwise_l1": 0.0, "fpem/delta_pairwise_l2": 0.0, "fpem/expert_0_parameter_norm": 14.887428320021856, "fpem/hard_binary_router_enabled": 1.0, "fpem/hard_router_uses_target_in_forward": 0.0, "fpem/stored_future_c_loaded": 0.0, "fpem/prediction_is_weighted_complete_fusion": 0.0, "fpem/future_mi_loss": 0.0, "fpem/future_mi_valid": 0.0, "fpem/future_mi_logvar_mean": 0.0, "fpem/future_mi_target_mode_env_encoder": 0.0, "fpem/swap_loss": 0.0, "fpem/swap_diff_loss": 0.0, "fpem/swap_same_loss": 0.0, "fpem/swap_gain_mean": 0.0, "fpem/swap_s_gain_mean": 0.0, "fpem/swap_fallback_router_loss": 0.0, "fpem/swap_fallback_q_mean": 0.0, "fpem/swap_prediction_delta": 0.0, "fpem/swap_route_delta": 0.0, "fpem/swap_hyper_alpha_delta": 0.0, "fpem/swap_hyper_delta_norm": 0.0, "fpem/loss_env_day": 0.0, "fpem/loss_env_hour": 0.0, "fpem/loss_env_rush": 0.0, "fpem/env_day_acc": 0.0, "fpem/env_hour_acc": 0.0, "fpem/env_rush_acc": 0.0, "fpem/loss_env_supcon": 0.0, "fpem/env_supcon_valid_pairs": 0.0, "fpem/loss_inv_env_adv": 0.0, "fpem/inv_day_acc": 0.0, "fpem/inv_hour_acc": 0.0, "fpem/inv_rush_acc": 0.0, "fpem/loss_cross_cov_sep": 0.0, "fpem/load_level_experts_enabled": 1.0, "fpem/load_level_uses_target_or_future_load": 0.0, "fpem/environment_gate_uses_target_in_forward": 0.0, "fpem/load_level_env_residual_scale": 0.0, "fpem/uses_cached_observable_load_prior": 1.0, "fpem/primary_loss": 9.103575951712472, "fpem/inv_pred_loss": 9.216818187350318, "fpem/primary_uses_route": 1.0, "fpem/primary_uses_env_fusion": 0.0, "fpem/backbone_agcrn": 1.0, "fpem/backbone_graphwavenet": 0.0, "fpem/backbone_staeformer": 0.0, "fpem/gc_pred_loss_only": 1.0, "fpem/env_route_head_mode_hyper_proto": 1.0, "fpem/fpem_force_uniform_route": 0.0, "fpem/hard_prediction_sinkhorn_total_replaces_primary": 0.0, "fpem/hard_prediction_environment_sinkhorn_total_replaces_primary": 0.0, "fpem/warmup_risk_sinkhorn_total_replaces_primary": 0.0, "fpem/lambda_club_mi": 0.0}}
EPOCH {"epoch": 17, "train_loss": 11.647382518223354, "val": {"loss": 11.85498234960768, "mae": 11.651800155639648, "mape": 0.18737134337425232}, "test_mixed": {"loss": NaN, "mae": NaN, "mape": NaN}, "test_workday": {"loss": NaN, "mae": NaN, "mape": NaN}, "test_holiday": {"loss": NaN, "mae": NaN, "mape": NaN}, "test_avg_mae": NaN, "lr": 0.001, "fpem_logs": {"fpem/fpem_env_use_exogenous": 1.0, "fpem/env_exogenous_available": 1.0, "fpem/env_exogenous_time_available": 1.0, "fpem/env_exogenous_load_available": 1.0, "fpem/env_exogenous_feature_dim": 32.0, "fpem/env_exogenous_embedding_norm": 2.7329565933772497, "fpem/env_exogenous_load_embedding_norm": 1.9480728399185907, "fpem/env_rep_ablation_normal": 1.0, "fpem/env_rep_ablation_zero": 0.0, "fpem/env_rep_ablation_shuffle_batch": 0.0, "fpem/env_rep_ablation_mode_id": 0.0, "fpem/mask_loss": 0.0, "fpem/mask_sparse_loss": 0.0, "fpem/mask_entropy_loss": 0.0, "fpem/mask_mean": 1.0, "fpem/mask_entropy": 0.0, "fpem/mask_active_ratio": 1.0, "fpem/fusion_alpha_mean": 0.0, "fpem/fusion_alpha_std": 0.0, "fpem/fusion_alpha_min": 0.0, "fpem/fusion_alpha_max": 0.0, "fpem/env_route_loss": 2.5599493344624835, "fpem/env_route_L_final": 9.087870893024263, "fpem/env_route_L_global": 0.0, "fpem/env_route_L_route_soft": 0.0, "fpem/env_route_L_expert": 9.474020190466018, "fpem/env_route_L_router_oracle": 0.6651452660560608, "fpem/env_route_L_balance": 0.0, "fpem/env_route_L_diverse": 0.0, "fpem/env_route_L_proto_align": 0.0, "fpem/env_route_entropy": 0.0, "fpem/env_route_q_max_mean": 0.0, "fpem/hyper_alpha_mean": 0.0, "fpem/hyper_delta_norm": 0.0, "fpem/hyper_route_proto_mode_uniform_warmup": 0.0, "fpem/hyper_route_proto_mode_uniform_fixed": 0.0, "fpem/hyper_route_proto_mode_sinkhorn": 0.0, "fpem/hyper_route_proto_mode_softmax": 0.0, "fpem/fallback_q_mean": 0.44345238095238093, "fpem/fallback_q_max": 0.0, "fpem/env_q_sum_mean": 0.5565476190476191, "fpem/oracle_fallback_rate": 0.0, "fpem/route_count_fallback": 0.0, "fpem/env_route_head_mode": 1.0, "fpem/route_entropy_mean": 0.0, "fpem/route_mean_distribution_entropy": 0.0, "fpem/effective_expert_number": 1.0, "fpem/max_expert_usage_ratio": 0.0, "fpem/min_expert_usage_ratio": 0.0, "fpem/prototype_pairwise_cosine": 0.0, "fpem/expert_prediction_pairwise_cosine": 0.0, "fpem/expert_collapse_warning": 0.0, "fpem/env_route_target_mode_env_prototype": 0.0, "fpem/env_route_target_mode_hybrid": 0.0, "fpem/env_route_hybrid_alpha": 0.0, "fpem/env_route_train_mode_warmup_risk_sinkhorn": 0.0, "fpem/warmup_risk_stage_warmup": 0.0, "fpem/warmup_risk_stage_soft": 0.0, "fpem/warmup_risk_stage_hard": 0.0, "fpem/warmup_risk_selected_loss": 0.0, "fpem/warmup_risk_uniform_common_loss": 0.0, "fpem/warmup_risk_lambda_common": 0.0, "fpem/warmup_risk_total_common_term": 0.0, "fpem/warmup_risk_temperature": 0.0, "fpem/warmup_risk_temperature_progress": 0.0, "fpem/uniform_expert_mae": 0.0, "fpem/risk_routed_mae": 0.0, "fpem/risk_prediction_mae": 0.0, "fpem/risk_loss": 0.0, "fpem/risk_ranking_loss": 0.0, "fpem/risk_ranking_accuracy": 0.0, "fpem/risk_oracle_argmin_accuracy": 0.0, "fpem/risk_router_temperature": 0.0, "fpem/risk_router_lambda": 0.0, "fpem/risk_router_pairwise_lambda": 0.0, "fpem/env_route_train_mode_progressive_gmm_environment": 0.0, "fpem/top_level_prediction_source_progressive_gmm_teacher_hard": 0.0, "fpem/progressive_assignment_uses_target_or_prediction_error": 0.0, "fpem/progressive_partition_ready": 0.0, "fpem/progressive_selected_k": 0.0, "fpem/progressive_active_expert_count": 0.0, "fpem/progressive_last_partition_epoch": 0.0, "fpem/progressive_lambda_common": 0.0, "fpem/progressive_common_term": 0.0, "fpem/progressive_compactness_loss": 0.0, "fpem/progressive_consistency_loss": 0.0, "fpem/progressive_cluster_entropy": 0.0, "fpem/progressive_assignment_change_ratio": 0.0, "fpem/progressive_hungarian_overlap_score": 0.0, "fpem/progressive_partition_update_time_sec": 0.0, "fpem/progressive_routed_mae": 0.0, "fpem/progressive_gmm_environment_total_replaces_primary": 0.0, "fpem/env_route_count_head_0": 16.0, "fpem/env_route_oracle_count_head_0": 16.0, "fpem/route_count_env_head_0": 16.0, "fpem/route_soft_mean_expert_0": 1.0, "fpem/route_hard_count_expert_0": 16.0, "fpem/hard_count_expert_0": 16.0, "fpem/sinkhorn_soft_col_mass_expert_0": 0.0, "fpem/progressive_active_expert_0": 0.0, "fpem/progressive_cluster_size_0": 0.0, "fpem/progressive_cluster_ratio_0": 0.0, "fpem/progressive_cluster_to_expert_0": 0.0, "fpem/progressive_bic_k1": 0.0, "fpem/progressive_bic_score_k1": 0.0, "fpem/progressive_bic_rejected_k1": 0.0, "fpem/hyper_alpha_head_0": 0.0, "fpem/hyper_gamma_norm_head_0": 0.0, "fpem/hyper_beta_norm_head_0": 0.0, "fpem/expert_cross_mae_group_0_expert_0": 9.474020190466018, "fpem/load_expert_loss": 9.474020190466018, "fpem/hard_router_loss": 0.6651452660560608, "fpem/hard_router_target_env_ratio": 0.5791666666666667, "fpem/hard_router_predicted_env_ratio": 0.5565476190476191, "fpem/hard_router_effective_env_ratio": 0.5565476190476191, "fpem/hard_router_supervision_enabled": 1.0, "fpem/hard_router_warmup_active": 0.0, "fpem/load_level_assignment_detached": 1.0, "fpem/load_level_count_0": 1680.0, "fpem/load_level_ratio_0": 1.0, "fpem/expert_0_global_loss": 9.474020190466018, "fpem/expert_0_selected_loss": 9.474020190466018, "fpem/hard_router_margin_mean": 0.09662237287986847, "fpem/hard_router_gain_mean": 0.18821726413000198, "fpem/hard_router_class_weight_invariant": 1.3260523864201137, "fpem/hard_router_class_weight_environment": 0.9031618260201953, "fpem/expert_prediction_pairwise_difference": 0.0, "fpem/delta_pairwise_cosine": 0.0, "fpem/delta_pairwise_l1": 0.0, "fpem/delta_pairwise_l2": 0.0, "fpem/expert_0_parameter_norm": 14.8874268304734, "fpem/hard_binary_router_enabled": 1.0, "fpem/hard_router_uses_target_in_forward": 0.0, "fpem/stored_future_c_loaded": 0.0, "fpem/prediction_is_weighted_complete_fusion": 0.0, "fpem/future_mi_loss": 0.0, "fpem/future_mi_valid": 0.0, "fpem/future_mi_logvar_mean": 0.0, "fpem/future_mi_target_mode_env_encoder": 0.0, "fpem/swap_loss": 0.0, "fpem/swap_diff_loss": 0.0, "fpem/swap_same_loss": 0.0, "fpem/swap_gain_mean": 0.0, "fpem/swap_s_gain_mean": 0.0, "fpem/swap_fallback_router_loss": 0.0, "fpem/swap_fallback_q_mean": 0.0, "fpem/swap_prediction_delta": 0.0, "fpem/swap_route_delta": 0.0, "fpem/swap_hyper_alpha_delta": 0.0, "fpem/swap_hyper_delta_norm": 0.0, "fpem/loss_env_day": 0.0, "fpem/loss_env_hour": 0.0, "fpem/loss_env_rush": 0.0, "fpem/env_day_acc": 0.0, "fpem/env_hour_acc": 0.0, "fpem/env_rush_acc": 0.0, "fpem/loss_env_supcon": 0.0, "fpem/env_supcon_valid_pairs": 0.0, "fpem/loss_inv_env_adv": 0.0, "fpem/inv_day_acc": 0.0, "fpem/inv_hour_acc": 0.0, "fpem/inv_rush_acc": 0.0, "fpem/loss_cross_cov_sep": 0.0, "fpem/load_level_experts_enabled": 1.0, "fpem/load_level_uses_target_or_future_load": 0.0, "fpem/environment_gate_uses_target_in_forward": 0.0, "fpem/load_level_env_residual_scale": 0.0, "fpem/uses_cached_observable_load_prior": 1.0, "fpem/primary_loss": 9.087870893024263, "fpem/inv_pred_loss": 9.212812555403936, "fpem/primary_uses_route": 1.0, "fpem/primary_uses_env_fusion": 0.0, "fpem/backbone_agcrn": 1.0, "fpem/backbone_graphwavenet": 0.0, "fpem/backbone_staeformer": 0.0, "fpem/gc_pred_loss_only": 1.0, "fpem/env_route_head_mode_hyper_proto": 1.0, "fpem/fpem_force_uniform_route": 0.0, "fpem/hard_prediction_sinkhorn_total_replaces_primary": 0.0, "fpem/hard_prediction_environment_sinkhorn_total_replaces_primary": 0.0, "fpem/warmup_risk_sinkhorn_total_replaces_primary": 0.0, "fpem/lambda_club_mi": 0.0}}
EPOCH {"epoch": 18, "train_loss": 11.64106559753418, "val": {"loss": 11.836181905534533, "mae": 11.627589225769043, "mape": 0.19110345840454102}, "test_mixed": {"loss": NaN, "mae": NaN, "mape": NaN}, "test_workday": {"loss": NaN, "mae": NaN, "mape": NaN}, "test_holiday": {"loss": NaN, "mae": NaN, "mape": NaN}, "test_avg_mae": NaN, "lr": 0.001, "fpem_logs": {"fpem/fpem_env_use_exogenous": 1.0, "fpem/env_exogenous_available": 1.0, "fpem/env_exogenous_time_available": 1.0, "fpem/env_exogenous_load_available": 1.0, "fpem/env_exogenous_feature_dim": 32.0, "fpem/env_exogenous_embedding_norm": 2.737663505190895, "fpem/env_exogenous_load_embedding_norm": 1.948267202150254, "fpem/env_rep_ablation_normal": 1.0, "fpem/env_rep_ablation_zero": 0.0, "fpem/env_rep_ablation_shuffle_batch": 0.0, "fpem/env_rep_ablation_mode_id": 0.0, "fpem/mask_loss": 0.0, "fpem/mask_sparse_loss": 0.0, "fpem/mask_entropy_loss": 0.0, "fpem/mask_mean": 1.0, "fpem/mask_entropy": 0.0, "fpem/mask_active_ratio": 1.0, "fpem/fusion_alpha_mean": 0.0, "fpem/fusion_alpha_std": 0.0, "fpem/fusion_alpha_min": 0.0, "fpem/fusion_alpha_max": 0.0, "fpem/env_route_loss": 2.5593445346468973, "fpem/env_route_L_final": 9.083254950387138, "fpem/env_route_L_global": 0.0, "fpem/env_route_L_route_soft": 0.0, "fpem/env_route_L_expert": 9.465801139104935, "fpem/env_route_L_router_oracle": 0.6661842771938868, "fpem/env_route_L_balance": 0.0, "fpem/env_route_L_diverse": 0.0, "fpem/env_route_L_proto_align": 0.0, "fpem/env_route_entropy": 0.0, "fpem/env_route_q_max_mean": 0.0, "fpem/hyper_alpha_mean": 0.0, "fpem/hyper_delta_norm": 0.0, "fpem/hyper_route_proto_mode_uniform_warmup": 0.0, "fpem/hyper_route_proto_mode_uniform_fixed": 0.0, "fpem/hyper_route_proto_mode_sinkhorn": 0.0, "fpem/hyper_route_proto_mode_softmax": 0.0, "fpem/fallback_q_mean": 0.4488095238095238, "fpem/fallback_q_max": 0.0, "fpem/env_q_sum_mean": 0.5511904761904762, "fpem/oracle_fallback_rate": 0.0, "fpem/route_count_fallback": 0.0, "fpem/env_route_head_mode": 1.0, "fpem/route_entropy_mean": 0.0, "fpem/route_mean_distribution_entropy": 0.0, "fpem/effective_expert_number": 1.0, "fpem/max_expert_usage_ratio": 0.0, "fpem/min_expert_usage_ratio": 0.0, "fpem/prototype_pairwise_cosine": 0.0, "fpem/expert_prediction_pairwise_cosine": 0.0, "fpem/expert_collapse_warning": 0.0, "fpem/env_route_target_mode_env_prototype": 0.0, "fpem/env_route_target_mode_hybrid": 0.0, "fpem/env_route_hybrid_alpha": 0.0, "fpem/env_route_train_mode_warmup_risk_sinkhorn": 0.0, "fpem/warmup_risk_stage_warmup": 0.0, "fpem/warmup_risk_stage_soft": 0.0, "fpem/warmup_risk_stage_hard": 0.0, "fpem/warmup_risk_selected_loss": 0.0, "fpem/warmup_risk_uniform_common_loss": 0.0, "fpem/warmup_risk_lambda_common": 0.0, "fpem/warmup_risk_total_common_term": 0.0, "fpem/warmup_risk_temperature": 0.0, "fpem/warmup_risk_temperature_progress": 0.0, "fpem/uniform_expert_mae": 0.0, "fpem/risk_routed_mae": 0.0, "fpem/risk_prediction_mae": 0.0, "fpem/risk_loss": 0.0, "fpem/risk_ranking_loss": 0.0, "fpem/risk_ranking_accuracy": 0.0, "fpem/risk_oracle_argmin_accuracy": 0.0, "fpem/risk_router_temperature": 0.0, "fpem/risk_router_lambda": 0.0, "fpem/risk_router_pairwise_lambda": 0.0, "fpem/env_route_train_mode_progressive_gmm_environment": 0.0, "fpem/top_level_prediction_source_progressive_gmm_teacher_hard": 0.0, "fpem/progressive_assignment_uses_target_or_prediction_error": 0.0, "fpem/progressive_partition_ready": 0.0, "fpem/progressive_selected_k": 0.0, "fpem/progressive_active_expert_count": 0.0, "fpem/progressive_last_partition_epoch": 0.0, "fpem/progressive_lambda_common": 0.0, "fpem/progressive_common_term": 0.0, "fpem/progressive_compactness_loss": 0.0, "fpem/progressive_consistency_loss": 0.0, "fpem/progressive_cluster_entropy": 0.0, "fpem/progressive_assignment_change_ratio": 0.0, "fpem/progressive_hungarian_overlap_score": 0.0, "fpem/progressive_partition_update_time_sec": 0.0, "fpem/progressive_routed_mae": 0.0, "fpem/progressive_gmm_environment_total_replaces_primary": 0.0, "fpem/env_route_count_head_0": 16.0, "fpem/env_route_oracle_count_head_0": 16.0, "fpem/route_count_env_head_0": 16.0, "fpem/route_soft_mean_expert_0": 1.0, "fpem/route_hard_count_expert_0": 16.0, "fpem/hard_count_expert_0": 16.0, "fpem/sinkhorn_soft_col_mass_expert_0": 0.0, "fpem/progressive_active_expert_0": 0.0, "fpem/progressive_cluster_size_0": 0.0, "fpem/progressive_cluster_ratio_0": 0.0, "fpem/progressive_cluster_to_expert_0": 0.0, "fpem/progressive_bic_k1": 0.0, "fpem/progressive_bic_score_k1": 0.0, "fpem/progressive_bic_rejected_k1": 0.0, "fpem/hyper_alpha_head_0": 0.0, "fpem/hyper_gamma_norm_head_0": 0.0, "fpem/hyper_beta_norm_head_0": 0.0, "fpem/expert_cross_mae_group_0_expert_0": 9.465801139104935, "fpem/load_expert_loss": 9.465801139104935, "fpem/hard_router_loss": 0.6661842771938868, "fpem/hard_router_target_env_ratio": 0.5910714285714286, "fpem/hard_router_predicted_env_ratio": 0.5511904761904762, "fpem/hard_router_effective_env_ratio": 0.5511904761904762, "fpem/hard_router_supervision_enabled": 1.0, "fpem/hard_router_warmup_active": 0.0, "fpem/load_level_assignment_detached": 1.0, "fpem/load_level_count_0": 1680.0, "fpem/load_level_ratio_0": 1.0, "fpem/expert_0_global_loss": 9.465801139104935, "fpem/expert_0_selected_loss": 9.465801139104935, "fpem/hard_router_margin_mean": 0.09662237344753175, "fpem/hard_router_gain_mean": 0.1964363626071385, "fpem/hard_router_class_weight_invariant": 1.3734900264512926, "fpem/hard_router_class_weight_environment": 0.8915702467872983, "fpem/expert_prediction_pairwise_difference": 0.0, "fpem/delta_pairwise_cosine": 0.0, "fpem/delta_pairwise_l1": 0.0, "fpem/delta_pairwise_l2": 0.0, "fpem/expert_0_parameter_norm": 14.890888877142043, "fpem/hard_binary_router_enabled": 1.0, "fpem/hard_router_uses_target_in_forward": 0.0, "fpem/stored_future_c_loaded": 0.0, "fpem/prediction_is_weighted_complete_fusion": 0.0, "fpem/future_mi_loss": 0.0, "fpem/future_mi_valid": 0.0, "fpem/future_mi_logvar_mean": 0.0, "fpem/future_mi_target_mode_env_encoder": 0.0, "fpem/swap_loss": 0.0, "fpem/swap_diff_loss": 0.0, "fpem/swap_same_loss": 0.0, "fpem/swap_gain_mean": 0.0, "fpem/swap_s_gain_mean": 0.0, "fpem/swap_fallback_router_loss": 0.0, "fpem/swap_fallback_q_mean": 0.0, "fpem/swap_prediction_delta": 0.0, "fpem/swap_route_delta": 0.0, "fpem/swap_hyper_alpha_delta": 0.0, "fpem/swap_hyper_delta_norm": 0.0, "fpem/loss_env_day": 0.0, "fpem/loss_env_hour": 0.0, "fpem/loss_env_rush": 0.0, "fpem/env_day_acc": 0.0, "fpem/env_hour_acc": 0.0, "fpem/env_rush_acc": 0.0, "fpem/loss_env_supcon": 0.0, "fpem/env_supcon_valid_pairs": 0.0, "fpem/loss_inv_env_adv": 0.0, "fpem/inv_day_acc": 0.0, "fpem/inv_hour_acc": 0.0, "fpem/inv_rush_acc": 0.0, "fpem/loss_cross_cov_sep": 0.0, "fpem/load_level_experts_enabled": 1.0, "fpem/load_level_uses_target_or_future_load": 0.0, "fpem/environment_gate_uses_target_in_forward": 0.0, "fpem/load_level_env_residual_scale": 0.0, "fpem/uses_cached_observable_load_prior": 1.0, "fpem/primary_loss": 9.083254950387138, "fpem/inv_pred_loss": 9.217726375943139, "fpem/primary_uses_route": 1.0, "fpem/primary_uses_env_fusion": 0.0, "fpem/backbone_agcrn": 1.0, "fpem/backbone_graphwavenet": 0.0, "fpem/backbone_staeformer": 0.0, "fpem/gc_pred_loss_only": 1.0, "fpem/env_route_head_mode_hyper_proto": 1.0, "fpem/fpem_force_uniform_route": 0.0, "fpem/hard_prediction_sinkhorn_total_replaces_primary": 0.0, "fpem/hard_prediction_environment_sinkhorn_total_replaces_primary": 0.0, "fpem/warmup_risk_sinkhorn_total_replaces_primary": 0.0, "fpem/lambda_club_mi": 0.0}}
EPOCH {"epoch": 19, "train_loss": 11.632422474452428, "val": {"loss": 11.829345332251656, "mae": 11.624000549316406, "mape": 0.18531537055969238}, "test_mixed": {"loss": NaN, "mae": NaN, "mape": NaN}, "test_workday": {"loss": NaN, "mae": NaN, "mape": NaN}, "test_holiday": {"loss": NaN, "mae": NaN, "mape": NaN}, "test_avg_mae": NaN, "lr": 0.001, "fpem_logs": {"fpem/fpem_env_use_exogenous": 1.0, "fpem/env_exogenous_available": 1.0, "fpem/env_exogenous_time_available": 1.0, "fpem/env_exogenous_load_available": 1.0, "fpem/env_exogenous_feature_dim": 32.0, "fpem/env_exogenous_embedding_norm": 2.7422325520288378, "fpem/env_exogenous_load_embedding_norm": 1.949293891588847, "fpem/env_rep_ablation_normal": 1.0, "fpem/env_rep_ablation_zero": 0.0, "fpem/env_rep_ablation_shuffle_batch": 0.0, "fpem/env_rep_ablation_mode_id": 0.0, "fpem/mask_loss": 0.0, "fpem/mask_sparse_loss": 0.0, "fpem/mask_entropy_loss": 0.0, "fpem/mask_mean": 1.0, "fpem/mask_entropy": 0.0, "fpem/mask_active_ratio": 1.0, "fpem/fusion_alpha_mean": 0.0, "fpem/fusion_alpha_std": 0.0, "fpem/fusion_alpha_min": 0.0, "fpem/fusion_alpha_max": 0.0, "fpem/env_route_loss": 2.554187415895008, "fpem/env_route_L_final": 9.079414267767044, "fpem/env_route_L_global": 0.0, "fpem/env_route_L_route_soft": 0.0, "fpem/env_route_L_expert": 9.468277200063069, "fpem/env_route_L_router_oracle": 0.6605319477262951, "fpem/env_route_L_balance": 0.0, "fpem/env_route_L_diverse": 0.0, "fpem/env_route_L_proto_align": 0.0, "fpem/env_route_entropy": 0.0, "fpem/env_route_q_max_mean": 0.0, "fpem/hyper_alpha_mean": 0.0, "fpem/hyper_delta_norm": 0.0, "fpem/hyper_route_proto_mode_uniform_warmup": 0.0, "fpem/hyper_route_proto_mode_uniform_fixed": 0.0, "fpem/hyper_route_proto_mode_sinkhorn": 0.0, "fpem/hyper_route_proto_mode_softmax": 0.0, "fpem/fallback_q_mean": 0.4357142857142857, "fpem/fallback_q_max": 0.0, "fpem/env_q_sum_mean": 0.5642857142857143, "fpem/oracle_fallback_rate": 0.0, "fpem/route_count_fallback": 0.0, "fpem/env_route_head_mode": 1.0, "fpem/route_entropy_mean": 0.0, "fpem/route_mean_distribution_entropy": 0.0, "fpem/effective_expert_number": 1.0, "fpem/max_expert_usage_ratio": 0.0, "fpem/min_expert_usage_ratio": 0.0, "fpem/prototype_pairwise_cosine": 0.0, "fpem/expert_prediction_pairwise_cosine": 0.0, "fpem/expert_collapse_warning": 0.0, "fpem/env_route_target_mode_env_prototype": 0.0, "fpem/env_route_target_mode_hybrid": 0.0, "fpem/env_route_hybrid_alpha": 0.0, "fpem/env_route_train_mode_warmup_risk_sinkhorn": 0.0, "fpem/warmup_risk_stage_warmup": 0.0, "fpem/warmup_risk_stage_soft": 0.0, "fpem/warmup_risk_stage_hard": 0.0, "fpem/warmup_risk_selected_loss": 0.0, "fpem/warmup_risk_uniform_common_loss": 0.0, "fpem/warmup_risk_lambda_common": 0.0, "fpem/warmup_risk_total_common_term": 0.0, "fpem/warmup_risk_temperature": 0.0, "fpem/warmup_risk_temperature_progress": 0.0, "fpem/uniform_expert_mae": 0.0, "fpem/risk_routed_mae": 0.0, "fpem/risk_prediction_mae": 0.0, "fpem/risk_loss": 0.0, "fpem/risk_ranking_loss": 0.0, "fpem/risk_ranking_accuracy": 0.0, "fpem/risk_oracle_argmin_accuracy": 0.0, "fpem/risk_router_temperature": 0.0, "fpem/risk_router_lambda": 0.0, "fpem/risk_router_pairwise_lambda": 0.0, "fpem/env_route_train_mode_progressive_gmm_environment": 0.0, "fpem/top_level_prediction_source_progressive_gmm_teacher_hard": 0.0, "fpem/progressive_assignment_uses_target_or_prediction_error": 0.0, "fpem/progressive_partition_ready": 0.0, "fpem/progressive_selected_k": 0.0, "fpem/progressive_active_expert_count": 0.0, "fpem/progressive_last_partition_epoch": 0.0, "fpem/progressive_lambda_common": 0.0, "fpem/progressive_common_term": 0.0, "fpem/progressive_compactness_loss": 0.0, "fpem/progressive_consistency_loss": 0.0, "fpem/progressive_cluster_entropy": 0.0, "fpem/progressive_assignment_change_ratio": 0.0, "fpem/progressive_hungarian_overlap_score": 0.0, "fpem/progressive_partition_update_time_sec": 0.0, "fpem/progressive_routed_mae": 0.0, "fpem/progressive_gmm_environment_total_replaces_primary": 0.0, "fpem/env_route_count_head_0": 16.0, "fpem/env_route_oracle_count_head_0": 16.0, "fpem/route_count_env_head_0": 16.0, "fpem/route_soft_mean_expert_0": 1.0, "fpem/route_hard_count_expert_0": 16.0, "fpem/hard_count_expert_0": 16.0, "fpem/sinkhorn_soft_col_mass_expert_0": 0.0, "fpem/progressive_active_expert_0": 0.0, "fpem/progressive_cluster_size_0": 0.0, "fpem/progressive_cluster_ratio_0": 0.0, "fpem/progressive_cluster_to_expert_0": 0.0, "fpem/progressive_bic_k1": 0.0, "fpem/progressive_bic_score_k1": 0.0, "fpem/progressive_bic_rejected_k1": 0.0, "fpem/hyper_alpha_head_0": 0.0, "fpem/hyper_gamma_norm_head_0": 0.0, "fpem/hyper_beta_norm_head_0": 0.0, "fpem/expert_cross_mae_group_0_expert_0": 9.468277200063069, "fpem/load_expert_loss": 9.468277200063069, "fpem/hard_router_loss": 0.6605319477262951, "fpem/hard_router_target_env_ratio": 0.5863095238095238, "fpem/hard_router_predicted_env_ratio": 0.5642857142857143, "fpem/hard_router_effective_env_ratio": 0.5642857142857143, "fpem/hard_router_supervision_enabled": 1.0, "fpem/hard_router_warmup_active": 0.0, "fpem/load_level_assignment_detached": 1.0, "fpem/load_level_count_0": 1680.0, "fpem/load_level_ratio_0": 1.0, "fpem/expert_0_global_loss": 9.468277200063069, "fpem/expert_0_selected_loss": 9.468277200063069, "fpem/hard_router_margin_mean": 0.09662237231220518, "fpem/hard_router_gain_mean": 0.19396023679347266, "fpem/hard_router_class_weight_invariant": 1.4160937740689232, "fpem/hard_router_class_weight_environment": 0.932163729554131, "fpem/expert_prediction_pairwise_difference": 0.0, "fpem/delta_pairwise_cosine": 0.0, "fpem/delta_pairwise_l1": 0.0, "fpem/delta_pairwise_l2": 0.0, "fpem/expert_0_parameter_norm": 14.895910580952963, "fpem/hard_binary_router_enabled": 1.0, "fpem/hard_router_uses_target_in_forward": 0.0, "fpem/stored_future_c_loaded": 0.0, "fpem/prediction_is_weighted_complete_fusion": 0.0, "fpem/future_mi_loss": 0.0, "fpem/future_mi_valid": 0.0, "fpem/future_mi_logvar_mean": 0.0, "fpem/future_mi_target_mode_env_encoder": 0.0, "fpem/swap_loss": 0.0, "fpem/swap_diff_loss": 0.0, "fpem/swap_same_loss": 0.0, "fpem/swap_gain_mean": 0.0, "fpem/swap_s_gain_mean": 0.0, "fpem/swap_fallback_router_loss": 0.0, "fpem/swap_fallback_q_mean": 0.0, "fpem/swap_prediction_delta": 0.0, "fpem/swap_route_delta": 0.0, "fpem/swap_hyper_alpha_delta": 0.0, "fpem/swap_hyper_delta_norm": 0.0, "fpem/loss_env_day": 0.0, "fpem/loss_env_hour": 0.0, "fpem/loss_env_rush": 0.0, "fpem/env_day_acc": 0.0, "fpem/env_hour_acc": 0.0, "fpem/env_rush_acc": 0.0, "fpem/loss_env_supcon": 0.0, "fpem/env_supcon_valid_pairs": 0.0, "fpem/loss_inv_env_adv": 0.0, "fpem/inv_day_acc": 0.0, "fpem/inv_hour_acc": 0.0, "fpem/inv_rush_acc": 0.0, "fpem/loss_cross_cov_sep": 0.0, "fpem/load_level_experts_enabled": 1.0, "fpem/load_level_uses_target_or_future_load": 0.0, "fpem/environment_gate_uses_target_in_forward": 0.0, "fpem/load_level_env_residual_scale": 0.0, "fpem/uses_cached_observable_load_prior": 1.0, "fpem/primary_loss": 9.079414267767044, "fpem/inv_pred_loss": 9.21398841767084, "fpem/primary_uses_route": 1.0, "fpem/primary_uses_env_fusion": 0.0, "fpem/backbone_agcrn": 1.0, "fpem/backbone_graphwavenet": 0.0, "fpem/backbone_staeformer": 0.0, "fpem/gc_pred_loss_only": 1.0, "fpem/env_route_head_mode_hyper_proto": 1.0, "fpem/fpem_force_uniform_route": 0.0, "fpem/hard_prediction_sinkhorn_total_replaces_primary": 0.0, "fpem/hard_prediction_environment_sinkhorn_total_replaces_primary": 0.0, "fpem/warmup_risk_sinkhorn_total_replaces_primary": 0.0, "fpem/lambda_club_mi": 0.0}}
EPOCH {"epoch": 20, "train_loss": 11.66151420048305, "val": {"loss": 11.898447831471762, "mae": 11.707329750061035, "mape": 0.18733948469161987}, "test_mixed": {"loss": NaN, "mae": NaN, "mape": NaN}, "test_workday": {"loss": NaN, "mae": NaN, "mape": NaN}, "test_holiday": {"loss": NaN, "mae": NaN, "mape": NaN}, "test_avg_mae": NaN, "lr": 0.001, "fpem_logs": {"fpem/fpem_env_use_exogenous": 1.0, "fpem/env_exogenous_available": 1.0, "fpem/env_exogenous_time_available": 1.0, "fpem/env_exogenous_load_available": 1.0, "fpem/env_exogenous_feature_dim": 32.0, "fpem/env_exogenous_embedding_norm": 2.738376490275065, "fpem/env_exogenous_load_embedding_norm": 1.943780931972322, "fpem/env_rep_ablation_normal": 1.0, "fpem/env_rep_ablation_zero": 0.0, "fpem/env_rep_ablation_shuffle_batch": 0.0, "fpem/env_rep_ablation_mode_id": 0.0, "fpem/mask_loss": 0.0, "fpem/mask_sparse_loss": 0.0, "fpem/mask_entropy_loss": 0.0, "fpem/mask_mean": 1.0, "fpem/mask_entropy": 0.0, "fpem/mask_active_ratio": 1.0, "fpem/fusion_alpha_mean": 0.0, "fpem/fusion_alpha_std": 0.0, "fpem/fusion_alpha_min": 0.0, "fpem/fusion_alpha_max": 0.0, "fpem/env_route_loss": 2.552943815503802, "fpem/env_route_L_final": 9.106796478089832, "fpem/env_route_L_global": 0.0, "fpem/env_route_L_route_soft": 0.0, "fpem/env_route_L_expert": 9.492182767958868, "fpem/env_route_L_router_oracle": 0.6545072249003819, "fpem/env_route_L_balance": 0.0, "fpem/env_route_L_diverse": 0.0, "fpem/env_route_L_proto_align": 0.0, "fpem/env_route_entropy": 0.0, "fpem/env_route_q_max_mean": 0.0, "fpem/hyper_alpha_mean": 0.0, "fpem/hyper_delta_norm": 0.0, "fpem/hyper_route_proto_mode_uniform_warmup": 0.0, "fpem/hyper_route_proto_mode_uniform_fixed": 0.0, "fpem/hyper_route_proto_mode_sinkhorn": 0.0, "fpem/hyper_route_proto_mode_softmax": 0.0, "fpem/fallback_q_mean": 0.4386904761904762, "fpem/fallback_q_max": 0.0, "fpem/env_q_sum_mean": 0.5613095238095238, "fpem/oracle_fallback_rate": 0.0, "fpem/route_count_fallback": 0.0, "fpem/env_route_head_mode": 1.0, "fpem/route_entropy_mean": 0.0, "fpem/route_mean_distribution_entropy": 0.0, "fpem/effective_expert_number": 1.0, "fpem/max_expert_usage_ratio": 0.0, "fpem/min_expert_usage_ratio": 0.0, "fpem/prototype_pairwise_cosine": 0.0, "fpem/expert_prediction_pairwise_cosine": 0.0, "fpem/expert_collapse_warning": 0.0, "fpem/env_route_target_mode_env_prototype": 0.0, "fpem/env_route_target_mode_hybrid": 0.0, "fpem/env_route_hybrid_alpha": 0.0, "fpem/env_route_train_mode_warmup_risk_sinkhorn": 0.0, "fpem/warmup_risk_stage_warmup": 0.0, "fpem/warmup_risk_stage_soft": 0.0, "fpem/warmup_risk_stage_hard": 0.0, "fpem/warmup_risk_selected_loss": 0.0, "fpem/warmup_risk_uniform_common_loss": 0.0, "fpem/warmup_risk_lambda_common": 0.0, "fpem/warmup_risk_total_common_term": 0.0, "fpem/warmup_risk_temperature": 0.0, "fpem/warmup_risk_temperature_progress": 0.0, "fpem/uniform_expert_mae": 0.0, "fpem/risk_routed_mae": 0.0, "fpem/risk_prediction_mae": 0.0, "fpem/risk_loss": 0.0, "fpem/risk_ranking_loss": 0.0, "fpem/risk_ranking_accuracy": 0.0, "fpem/risk_oracle_argmin_accuracy": 0.0, "fpem/risk_router_temperature": 0.0, "fpem/risk_router_lambda": 0.0, "fpem/risk_router_pairwise_lambda": 0.0, "fpem/env_route_train_mode_progressive_gmm_environment": 0.0, "fpem/top_level_prediction_source_progressive_gmm_teacher_hard": 0.0, "fpem/progressive_assignment_uses_target_or_prediction_error": 0.0, "fpem/progressive_partition_ready": 0.0, "fpem/progressive_selected_k": 0.0, "fpem/progressive_active_expert_count": 0.0, "fpem/progressive_last_partition_epoch": 0.0, "fpem/progressive_lambda_common": 0.0, "fpem/progressive_common_term": 0.0, "fpem/progressive_compactness_loss": 0.0, "fpem/progressive_consistency_loss": 0.0, "fpem/progressive_cluster_entropy": 0.0, "fpem/progressive_assignment_change_ratio": 0.0, "fpem/progressive_hungarian_overlap_score": 0.0, "fpem/progressive_partition_update_time_sec": 0.0, "fpem/progressive_routed_mae": 0.0, "fpem/progressive_gmm_environment_total_replaces_primary": 0.0, "fpem/env_route_count_head_0": 16.0, "fpem/env_route_oracle_count_head_0": 16.0, "fpem/route_count_env_head_0": 16.0, "fpem/route_soft_mean_expert_0": 1.0, "fpem/route_hard_count_expert_0": 16.0, "fpem/hard_count_expert_0": 16.0, "fpem/sinkhorn_soft_col_mass_expert_0": 0.0, "fpem/progressive_active_expert_0": 0.0, "fpem/progressive_cluster_size_0": 0.0, "fpem/progressive_cluster_ratio_0": 0.0, "fpem/progressive_cluster_to_expert_0": 0.0, "fpem/progressive_bic_k1": 0.0, "fpem/progressive_bic_score_k1": 0.0, "fpem/progressive_bic_rejected_k1": 0.0, "fpem/hyper_alpha_head_0": 0.0, "fpem/hyper_gamma_norm_head_0": 0.0, "fpem/hyper_beta_norm_head_0": 0.0, "fpem/expert_cross_mae_group_0_expert_0": 9.492182767958868, "fpem/load_expert_loss": 9.492182767958868, "fpem/hard_router_loss": 0.6545072249003819, "fpem/hard_router_target_env_ratio": 0.5666666666666667, "fpem/hard_router_predicted_env_ratio": 0.5613095238095238, "fpem/hard_router_effective_env_ratio": 0.5613095238095238, "fpem/hard_router_supervision_enabled": 1.0, "fpem/hard_router_warmup_active": 0.0, "fpem/load_level_assignment_detached": 1.0, "fpem/load_level_count_0": 1680.0, "fpem/load_level_ratio_0": 1.0, "fpem/expert_0_global_loss": 9.492182767958868, "fpem/expert_0_selected_loss": 9.492182767958868, "fpem/hard_router_margin_mean": 0.09662237280891055, "fpem/hard_router_gain_mean": 0.17005478356565748, "fpem/hard_router_class_weight_invariant": 1.414816531113216, "fpem/hard_router_class_weight_environment": 1.0067750431242444, "fpem/expert_prediction_pairwise_difference": 0.0, "fpem/delta_pairwise_cosine": 0.0, "fpem/delta_pairwise_l1": 0.0, "fpem/delta_pairwise_l2": 0.0, "fpem/expert_0_parameter_norm": 14.896033777509416, "fpem/hard_binary_router_enabled": 1.0, "fpem/hard_router_uses_target_in_forward": 0.0, "fpem/stored_future_c_loaded": 0.0, "fpem/prediction_is_weighted_complete_fusion": 0.0, "fpem/future_mi_loss": 0.0, "fpem/future_mi_valid": 0.0, "fpem/future_mi_logvar_mean": 0.0, "fpem/future_mi_target_mode_env_encoder": 0.0, "fpem/swap_loss": 0.0, "fpem/swap_diff_loss": 0.0, "fpem/swap_same_loss": 0.0, "fpem/swap_gain_mean": 0.0, "fpem/swap_s_gain_mean": 0.0, "fpem/swap_fallback_router_loss": 0.0, "fpem/swap_fallback_q_mean": 0.0, "fpem/swap_prediction_delta": 0.0, "fpem/swap_route_delta": 0.0, "fpem/swap_hyper_alpha_delta": 0.0, "fpem/swap_hyper_delta_norm": 0.0, "fpem/loss_env_day": 0.0, "fpem/loss_env_hour": 0.0, "fpem/loss_env_rush": 0.0, "fpem/env_day_acc": 0.0, "fpem/env_hour_acc": 0.0, "fpem/env_rush_acc": 0.0, "fpem/loss_env_supcon": 0.0, "fpem/env_supcon_valid_pairs": 0.0, "fpem/loss_inv_env_adv": 0.0, "fpem/inv_day_acc": 0.0, "fpem/inv_hour_acc": 0.0, "fpem/inv_rush_acc": 0.0, "fpem/loss_cross_cov_sep": 0.0, "fpem/load_level_experts_enabled": 1.0, "fpem/load_level_uses_target_or_future_load": 0.0, "fpem/environment_gate_uses_target_in_forward": 0.0, "fpem/load_level_env_residual_scale": 0.0, "fpem/uses_cached_observable_load_prior": 1.0, "fpem/primary_loss": 9.106796478089832, "fpem/inv_pred_loss": 9.219164330618723, "fpem/primary_uses_route": 1.0, "fpem/primary_uses_env_fusion": 0.0, "fpem/backbone_agcrn": 1.0, "fpem/backbone_graphwavenet": 0.0, "fpem/backbone_staeformer": 0.0, "fpem/gc_pred_loss_only": 1.0, "fpem/env_route_head_mode_hyper_proto": 1.0, "fpem/fpem_force_uniform_route": 0.0, "fpem/hard_prediction_sinkhorn_total_replaces_primary": 0.0, "fpem/hard_prediction_environment_sinkhorn_total_replaces_primary": 0.0, "fpem/warmup_risk_sinkhorn_total_replaces_primary": 0.0, "fpem/lambda_club_mi": 0.0}}
EPOCH {"epoch": 21, "train_loss": 11.651130894252232, "val": {"loss": 11.826265626483494, "mae": 11.625818252563477, "mape": 0.1840467005968094}, "test_mixed": {"loss": NaN, "mae": NaN, "mape": NaN}, "test_workday": {"loss": NaN, "mae": NaN, "mape": NaN}, "test_holiday": {"loss": NaN, "mae": NaN, "mape": NaN}, "test_avg_mae": NaN, "lr": 0.001, "fpem_logs": {"fpem/fpem_env_use_exogenous": 1.0, "fpem/env_exogenous_available": 1.0, "fpem/env_exogenous_time_available": 1.0, "fpem/env_exogenous_load_available": 1.0, "fpem/env_exogenous_feature_dim": 32.0, "fpem/env_exogenous_embedding_norm": 2.7421111538296654, "fpem/env_exogenous_load_embedding_norm": 1.9469684101286389, "fpem/env_rep_ablation_normal": 1.0, "fpem/env_rep_ablation_zero": 0.0, "fpem/env_rep_ablation_shuffle_batch": 0.0, "fpem/env_rep_ablation_mode_id": 0.0, "fpem/mask_loss": 0.0, "fpem/mask_sparse_loss": 0.0, "fpem/mask_entropy_loss": 0.0, "fpem/mask_mean": 1.0, "fpem/mask_entropy": 0.0, "fpem/mask_active_ratio": 1.0, "fpem/fusion_alpha_mean": 0.0, "fpem/fusion_alpha_std": 0.0, "fpem/fusion_alpha_min": 0.0, "fpem/fusion_alpha_max": 0.0, "fpem/env_route_loss": 2.5529555479685464, "fpem/env_route_L_final": 9.08829895655314, "fpem/env_route_L_global": 0.0, "fpem/env_route_L_route_soft": 0.0, "fpem/env_route_L_expert": 9.462129184177943, "fpem/env_route_L_router_oracle": 0.6605296901294163, "fpem/env_route_L_balance": 0.0, "fpem/env_route_L_diverse": 0.0, "fpem/env_route_L_proto_align": 0.0, "fpem/env_route_entropy": 0.0, "fpem/env_route_q_max_mean": 0.0, "fpem/hyper_alpha_mean": 0.0, "fpem/hyper_delta_norm": 0.0, "fpem/hyper_route_proto_mode_uniform_warmup": 0.0, "fpem/hyper_route_proto_mode_uniform_fixed": 0.0, "fpem/hyper_route_proto_mode_sinkhorn": 0.0, "fpem/hyper_route_proto_mode_softmax": 0.0, "fpem/fallback_q_mean": 0.4577380952380952, "fpem/fallback_q_max": 0.0, "fpem/env_q_sum_mean": 0.5422619047619047, "fpem/oracle_fallback_rate": 0.0, "fpem/route_count_fallback": 0.0, "fpem/env_route_head_mode": 1.0, "fpem/route_entropy_mean": 0.0, "fpem/route_mean_distribution_entropy": 0.0, "fpem/effective_expert_number": 1.0, "fpem/max_expert_usage_ratio": 0.0, "fpem/min_expert_usage_ratio": 0.0, "fpem/prototype_pairwise_cosine": 0.0, "fpem/expert_prediction_pairwise_cosine": 0.0, "fpem/expert_collapse_warning": 0.0, "fpem/env_route_target_mode_env_prototype": 0.0, "fpem/env_route_target_mode_hybrid": 0.0, "fpem/env_route_hybrid_alpha": 0.0, "fpem/env_route_train_mode_warmup_risk_sinkhorn": 0.0, "fpem/warmup_risk_stage_warmup": 0.0, "fpem/warmup_risk_stage_soft": 0.0, "fpem/warmup_risk_stage_hard": 0.0, "fpem/warmup_risk_selected_loss": 0.0, "fpem/warmup_risk_uniform_common_loss": 0.0, "fpem/warmup_risk_lambda_common": 0.0, "fpem/warmup_risk_total_common_term": 0.0, "fpem/warmup_risk_temperature": 0.0, "fpem/warmup_risk_temperature_progress": 0.0, "fpem/uniform_expert_mae": 0.0, "fpem/risk_routed_mae": 0.0, "fpem/risk_prediction_mae": 0.0, "fpem/risk_loss": 0.0, "fpem/risk_ranking_loss": 0.0, "fpem/risk_ranking_accuracy": 0.0, "fpem/risk_oracle_argmin_accuracy": 0.0, "fpem/risk_router_temperature": 0.0, "fpem/risk_router_lambda": 0.0, "fpem/risk_router_pairwise_lambda": 0.0, "fpem/env_route_train_mode_progressive_gmm_environment": 0.0, "fpem/top_level_prediction_source_progressive_gmm_teacher_hard": 0.0, "fpem/progressive_assignment_uses_target_or_prediction_error": 0.0, "fpem/progressive_partition_ready": 0.0, "fpem/progressive_selected_k": 0.0, "fpem/progressive_active_expert_count": 0.0, "fpem/progressive_last_partition_epoch": 0.0, "fpem/progressive_lambda_common": 0.0, "fpem/progressive_common_term": 0.0, "fpem/progressive_compactness_loss": 0.0, "fpem/progressive_consistency_loss": 0.0, "fpem/progressive_cluster_entropy": 0.0, "fpem/progressive_assignment_change_ratio": 0.0, "fpem/progressive_hungarian_overlap_score": 0.0, "fpem/progressive_partition_update_time_sec": 0.0, "fpem/progressive_routed_mae": 0.0, "fpem/progressive_gmm_environment_total_replaces_primary": 0.0, "fpem/env_route_count_head_0": 16.0, "fpem/env_route_oracle_count_head_0": 16.0, "fpem/route_count_env_head_0": 16.0, "fpem/route_soft_mean_expert_0": 1.0, "fpem/route_hard_count_expert_0": 16.0, "fpem/hard_count_expert_0": 16.0, "fpem/sinkhorn_soft_col_mass_expert_0": 0.0, "fpem/progressive_active_expert_0": 0.0, "fpem/progressive_cluster_size_0": 0.0, "fpem/progressive_cluster_ratio_0": 0.0, "fpem/progressive_cluster_to_expert_0": 0.0, "fpem/progressive_bic_k1": 0.0, "fpem/progressive_bic_score_k1": 0.0, "fpem/progressive_bic_rejected_k1": 0.0, "fpem/hyper_alpha_head_0": 0.0, "fpem/hyper_gamma_norm_head_0": 0.0, "fpem/hyper_beta_norm_head_0": 0.0, "fpem/expert_cross_mae_group_0_expert_0": 9.462129184177943, "fpem/load_expert_loss": 9.462129184177943, "fpem/hard_router_loss": 0.6605296901294163, "fpem/hard_router_target_env_ratio": 0.5910714285714286, "fpem/hard_router_predicted_env_ratio": 0.5422619047619047, "fpem/hard_router_effective_env_ratio": 0.5422619047619047, "fpem/hard_router_supervision_enabled": 1.0, "fpem/hard_router_warmup_active": 0.0, "fpem/load_level_assignment_detached": 1.0, "fpem/load_level_count_0": 1680.0, "fpem/load_level_ratio_0": 1.0, "fpem/expert_0_global_loss": 9.462129184177943, "fpem/expert_0_selected_loss": 9.462129184177943, "fpem/hard_router_margin_mean": 0.09662237266699474, "fpem/hard_router_gain_mean": 0.2001082854611533, "fpem/hard_router_class_weight_invariant": 1.4231622588066828, "fpem/hard_router_class_weight_environment": 0.9220819581122626, "fpem/expert_prediction_pairwise_difference": 0.0, "fpem/delta_pairwise_cosine": 0.0, "fpem/delta_pairwise_l1": 0.0, "fpem/delta_pairwise_l2": 0.0, "fpem/expert_0_parameter_norm": 14.89745667775472, "fpem/hard_binary_router_enabled": 1.0, "fpem/hard_router_uses_target_in_forward": 0.0, "fpem/stored_future_c_loaded": 0.0, "fpem/prediction_is_weighted_complete_fusion": 0.0, "fpem/future_mi_loss": 0.0, "fpem/future_mi_valid": 0.0, "fpem/future_mi_logvar_mean": 0.0, "fpem/future_mi_target_mode_env_encoder": 0.0, "fpem/swap_loss": 0.0, "fpem/swap_diff_loss": 0.0, "fpem/swap_same_loss": 0.0, "fpem/swap_gain_mean": 0.0, "fpem/swap_s_gain_mean": 0.0, "fpem/swap_fallback_router_loss": 0.0, "fpem/swap_fallback_q_mean": 0.0, "fpem/swap_prediction_delta": 0.0, "fpem/swap_route_delta": 0.0, "fpem/swap_hyper_alpha_delta": 0.0, "fpem/swap_hyper_delta_norm": 0.0, "fpem/loss_env_day": 0.0, "fpem/loss_env_hour": 0.0, "fpem/loss_env_rush": 0.0, "fpem/env_day_acc": 0.0, "fpem/env_hour_acc": 0.0, "fpem/env_rush_acc": 0.0, "fpem/loss_env_supcon": 0.0, "fpem/env_supcon_valid_pairs": 0.0, "fpem/loss_inv_env_adv": 0.0, "fpem/inv_day_acc": 0.0, "fpem/inv_hour_acc": 0.0, "fpem/inv_rush_acc": 0.0, "fpem/loss_cross_cov_sep": 0.0, "fpem/load_level_experts_enabled": 1.0, "fpem/load_level_uses_target_or_future_load": 0.0, "fpem/environment_gate_uses_target_in_forward": 0.0, "fpem/load_level_env_residual_scale": 0.0, "fpem/uses_cached_observable_load_prior": 1.0, "fpem/primary_loss": 9.08829895655314, "fpem/inv_pred_loss": 9.218147423153832, "fpem/primary_uses_route": 1.0, "fpem/primary_uses_env_fusion": 0.0, "fpem/backbone_agcrn": 1.0, "fpem/backbone_graphwavenet": 0.0, "fpem/backbone_staeformer": 0.0, "fpem/gc_pred_loss_only": 1.0, "fpem/env_route_head_mode_hyper_proto": 1.0, "fpem/fpem_force_uniform_route": 0.0, "fpem/hard_prediction_sinkhorn_total_replaces_primary": 0.0, "fpem/hard_prediction_environment_sinkhorn_total_replaces_primary": 0.0, "fpem/warmup_risk_sinkhorn_total_replaces_primary": 0.0, "fpem/lambda_club_mi": 0.0}}
EPOCH {"epoch": 22, "train_loss": 11.640636044456846, "val": {"loss": 11.824154059092203, "mae": 11.618982315063477, "mape": 0.18904702365398407}, "test_mixed": {"loss": NaN, "mae": NaN, "mape": NaN}, "test_workday": {"loss": NaN, "mae": NaN, "mape": NaN}, "test_holiday": {"loss": NaN, "mae": NaN, "mape": NaN}, "test_avg_mae": NaN, "lr": 0.001, "fpem_logs": {"fpem/fpem_env_use_exogenous": 1.0, "fpem/env_exogenous_available": 1.0, "fpem/env_exogenous_time_available": 1.0, "fpem/env_exogenous_load_available": 1.0, "fpem/env_exogenous_feature_dim": 32.0, "fpem/env_exogenous_embedding_norm": 2.7464570272536504, "fpem/env_exogenous_load_embedding_norm": 1.9533378760019937, "fpem/env_rep_ablation_normal": 1.0, "fpem/env_rep_ablation_zero": 0.0, "fpem/env_rep_ablation_shuffle_batch": 0.0, "fpem/env_rep_ablation_mode_id": 0.0, "fpem/mask_loss": 0.0, "fpem/mask_sparse_loss": 0.0, "fpem/mask_entropy_loss": 0.0, "fpem/mask_mean": 1.0, "fpem/mask_entropy": 0.0, "fpem/mask_active_ratio": 1.0, "fpem/fusion_alpha_mean": 0.0, "fpem/fusion_alpha_std": 0.0, "fpem/fusion_alpha_min": 0.0, "fpem/fusion_alpha_max": 0.0, "fpem/env_route_loss": 2.552428695133754, "fpem/env_route_L_final": 9.094370637621198, "fpem/env_route_L_global": 0.0, "fpem/env_route_L_route_soft": 0.0, "fpem/env_route_L_expert": 9.461947268531436, "fpem/env_route_L_router_oracle": 0.6600392301877339, "fpem/env_route_L_balance": 0.0, "fpem/env_route_L_diverse": 0.0, "fpem/env_route_L_proto_align": 0.0, "fpem/env_route_entropy": 0.0, "fpem/env_route_q_max_mean": 0.0, "fpem/hyper_alpha_mean": 0.0, "fpem/hyper_delta_norm": 0.0, "fpem/hyper_route_proto_mode_uniform_warmup": 0.0, "fpem/hyper_route_proto_mode_uniform_fixed": 0.0, "fpem/hyper_route_proto_mode_sinkhorn": 0.0, "fpem/hyper_route_proto_mode_softmax": 0.0, "fpem/fallback_q_mean": 0.4369047619047619, "fpem/fallback_q_max": 0.0, "fpem/env_q_sum_mean": 0.5630952380952381, "fpem/oracle_fallback_rate": 0.0, "fpem/route_count_fallback": 0.0, "fpem/env_route_head_mode": 1.0, "fpem/route_entropy_mean": 0.0, "fpem/route_mean_distribution_entropy": 0.0, "fpem/effective_expert_number": 1.0, "fpem/max_expert_usage_ratio": 0.0, "fpem/min_expert_usage_ratio": 0.0, "fpem/prototype_pairwise_cosine": 0.0, "fpem/expert_prediction_pairwise_cosine": 0.0, "fpem/expert_collapse_warning": 0.0, "fpem/env_route_target_mode_env_prototype": 0.0, "fpem/env_route_target_mode_hybrid": 0.0, "fpem/env_route_hybrid_alpha": 0.0, "fpem/env_route_train_mode_warmup_risk_sinkhorn": 0.0, "fpem/warmup_risk_stage_warmup": 0.0, "fpem/warmup_risk_stage_soft": 0.0, "fpem/warmup_risk_stage_hard": 0.0, "fpem/warmup_risk_selected_loss": 0.0, "fpem/warmup_risk_uniform_common_loss": 0.0, "fpem/warmup_risk_lambda_common": 0.0, "fpem/warmup_risk_total_common_term": 0.0, "fpem/warmup_risk_temperature": 0.0, "fpem/warmup_risk_temperature_progress": 0.0, "fpem/uniform_expert_mae": 0.0, "fpem/risk_routed_mae": 0.0, "fpem/risk_prediction_mae": 0.0, "fpem/risk_loss": 0.0, "fpem/risk_ranking_loss": 0.0, "fpem/risk_ranking_accuracy": 0.0, "fpem/risk_oracle_argmin_accuracy": 0.0, "fpem/risk_router_temperature": 0.0, "fpem/risk_router_lambda": 0.0, "fpem/risk_router_pairwise_lambda": 0.0, "fpem/env_route_train_mode_progressive_gmm_environment": 0.0, "fpem/top_level_prediction_source_progressive_gmm_teacher_hard": 0.0, "fpem/progressive_assignment_uses_target_or_prediction_error": 0.0, "fpem/progressive_partition_ready": 0.0, "fpem/progressive_selected_k": 0.0, "fpem/progressive_active_expert_count": 0.0, "fpem/progressive_last_partition_epoch": 0.0, "fpem/progressive_lambda_common": 0.0, "fpem/progressive_common_term": 0.0, "fpem/progressive_compactness_loss": 0.0, "fpem/progressive_consistency_loss": 0.0, "fpem/progressive_cluster_entropy": 0.0, "fpem/progressive_assignment_change_ratio": 0.0, "fpem/progressive_hungarian_overlap_score": 0.0, "fpem/progressive_partition_update_time_sec": 0.0, "fpem/progressive_routed_mae": 0.0, "fpem/progressive_gmm_environment_total_replaces_primary": 0.0, "fpem/env_route_count_head_0": 16.0, "fpem/env_route_oracle_count_head_0": 16.0, "fpem/route_count_env_head_0": 16.0, "fpem/route_soft_mean_expert_0": 1.0, "fpem/route_hard_count_expert_0": 16.0, "fpem/hard_count_expert_0": 16.0, "fpem/sinkhorn_soft_col_mass_expert_0": 0.0, "fpem/progressive_active_expert_0": 0.0, "fpem/progressive_cluster_size_0": 0.0, "fpem/progressive_cluster_ratio_0": 0.0, "fpem/progressive_cluster_to_expert_0": 0.0, "fpem/progressive_bic_k1": 0.0, "fpem/progressive_bic_score_k1": 0.0, "fpem/progressive_bic_rejected_k1": 0.0, "fpem/hyper_alpha_head_0": 0.0, "fpem/hyper_gamma_norm_head_0": 0.0, "fpem/hyper_beta_norm_head_0": 0.0, "fpem/expert_cross_mae_group_0_expert_0": 9.461947268531436, "fpem/load_expert_loss": 9.461947268531436, "fpem/hard_router_loss": 0.6600392301877339, "fpem/hard_router_target_env_ratio": 0.594047619047619, "fpem/hard_router_predicted_env_ratio": 0.5630952380952381, "fpem/hard_router_effective_env_ratio": 0.5630952380952381, "fpem/hard_router_supervision_enabled": 1.0, "fpem/hard_router_warmup_active": 0.0, "fpem/load_level_assignment_detached": 1.0, "fpem/load_level_count_0": 1680.0, "fpem/load_level_ratio_0": 1.0, "fpem/expert_0_global_loss": 9.461947268531436, "fpem/expert_0_selected_loss": 9.461947268531436, "fpem/hard_router_margin_mean": 0.09662237273795264, "fpem/hard_router_gain_mean": 0.20029016875085376, "fpem/hard_router_class_weight_invariant": 1.4077180198260717, "fpem/hard_router_class_weight_environment": 0.8843818772406805, "fpem/expert_prediction_pairwise_difference": 0.0, "fpem/delta_pairwise_cosine": 0.0, "fpem/delta_pairwise_l1": 0.0, "fpem/delta_pairwise_l2": 0.0, "fpem/expert_0_parameter_norm": 14.903153764633906, "fpem/hard_binary_router_enabled": 1.0, "fpem/hard_router_uses_target_in_forward": 0.0, "fpem/stored_future_c_loaded": 0.0, "fpem/prediction_is_weighted_complete_fusion": 0.0, "fpem/future_mi_loss": 0.0, "fpem/future_mi_valid": 0.0, "fpem/future_mi_logvar_mean": 0.0, "fpem/future_mi_target_mode_env_encoder": 0.0, "fpem/swap_loss": 0.0, "fpem/swap_diff_loss": 0.0, "fpem/swap_same_loss": 0.0, "fpem/swap_gain_mean": 0.0, "fpem/swap_s_gain_mean": 0.0, "fpem/swap_fallback_router_loss": 0.0, "fpem/swap_fallback_q_mean": 0.0, "fpem/swap_prediction_delta": 0.0, "fpem/swap_route_delta": 0.0, "fpem/swap_hyper_alpha_delta": 0.0, "fpem/swap_hyper_delta_norm": 0.0, "fpem/loss_env_day": 0.0, "fpem/loss_env_hour": 0.0, "fpem/loss_env_rush": 0.0, "fpem/env_day_acc": 0.0, "fpem/env_hour_acc": 0.0, "fpem/env_rush_acc": 0.0, "fpem/loss_env_supcon": 0.0, "fpem/env_supcon_valid_pairs": 0.0, "fpem/loss_inv_env_adv": 0.0, "fpem/inv_day_acc": 0.0, "fpem/inv_hour_acc": 0.0, "fpem/inv_rush_acc": 0.0, "fpem/loss_cross_cov_sep": 0.0, "fpem/load_level_experts_enabled": 1.0, "fpem/load_level_uses_target_or_future_load": 0.0, "fpem/environment_gate_uses_target_in_forward": 0.0, "fpem/load_level_env_residual_scale": 0.0, "fpem/uses_cached_observable_load_prior": 1.0, "fpem/primary_loss": 9.094370637621198, "fpem/inv_pred_loss": 9.227640197390603, "fpem/primary_uses_route": 1.0, "fpem/primary_uses_env_fusion": 0.0, "fpem/backbone_agcrn": 1.0, "fpem/backbone_graphwavenet": 0.0, "fpem/backbone_staeformer": 0.0, "fpem/gc_pred_loss_only": 1.0, "fpem/env_route_head_mode_hyper_proto": 1.0, "fpem/fpem_force_uniform_route": 0.0, "fpem/hard_prediction_sinkhorn_total_replaces_primary": 0.0, "fpem/hard_prediction_environment_sinkhorn_total_replaces_primary": 0.0, "fpem/warmup_risk_sinkhorn_total_replaces_primary": 0.0, "fpem/lambda_club_mi": 0.0}}
EPOCH {"epoch": 23, "train_loss": 11.639537275405157, "val": {"loss": 11.809143119388157, "mae": 11.598368644714355, "mape": 0.18655943870544434}, "test_mixed": {"loss": NaN, "mae": NaN, "mape": NaN}, "test_workday": {"loss": NaN, "mae": NaN, "mape": NaN}, "test_holiday": {"loss": NaN, "mae": NaN, "mape": NaN}, "test_avg_mae": NaN, "lr": 0.001, "fpem_logs": {"fpem/fpem_env_use_exogenous": 1.0, "fpem/env_exogenous_available": 1.0, "fpem/env_exogenous_time_available": 1.0, "fpem/env_exogenous_load_available": 1.0, "fpem/env_exogenous_feature_dim": 32.0, "fpem/env_exogenous_embedding_norm": 2.7487408706120084, "fpem/env_exogenous_load_embedding_norm": 1.9532407817386446, "fpem/env_rep_ablation_normal": 1.0, "fpem/env_rep_ablation_zero": 0.0, "fpem/env_rep_ablation_shuffle_batch": 0.0, "fpem/env_rep_ablation_mode_id": 0.0, "fpem/mask_loss": 0.0, "fpem/mask_sparse_loss": 0.0, "fpem/mask_entropy_loss": 0.0, "fpem/mask_mean": 1.0, "fpem/mask_entropy": 0.0, "fpem/mask_active_ratio": 1.0, "fpem/fusion_alpha_mean": 0.0, "fpem/fusion_alpha_std": 0.0, "fpem/fusion_alpha_min": 0.0, "fpem/fusion_alpha_max": 0.0, "fpem/env_route_loss": 2.5553006807963055, "fpem/env_route_L_final": 9.081901295979817, "fpem/env_route_L_global": 0.0, "fpem/env_route_L_route_soft": 0.0, "fpem/env_route_L_expert": 9.461015360695976, "fpem/env_route_L_router_oracle": 0.6630975808416094, "fpem/env_route_L_balance": 0.0, "fpem/env_route_L_diverse": 0.0, "fpem/env_route_L_proto_align": 0.0, "fpem/env_route_entropy": 0.0, "fpem/env_route_q_max_mean": 0.0, "fpem/hyper_alpha_mean": 0.0, "fpem/hyper_delta_norm": 0.0, "fpem/hyper_route_proto_mode_uniform_warmup": 0.0, "fpem/hyper_route_proto_mode_uniform_fixed": 0.0, "fpem/hyper_route_proto_mode_sinkhorn": 0.0, "fpem/hyper_route_proto_mode_softmax": 0.0, "fpem/fallback_q_mean": 0.4523809523809524, "fpem/fallback_q_max": 0.0, "fpem/env_q_sum_mean": 0.5476190476190477, "fpem/oracle_fallback_rate": 0.0, "fpem/route_count_fallback": 0.0, "fpem/env_route_head_mode": 1.0, "fpem/route_entropy_mean": 0.0, "fpem/route_mean_distribution_entropy": 0.0, "fpem/effective_expert_number": 1.0, "fpem/max_expert_usage_ratio": 0.0, "fpem/min_expert_usage_ratio": 0.0, "fpem/prototype_pairwise_cosine": 0.0, "fpem/expert_prediction_pairwise_cosine": 0.0, "fpem/expert_collapse_warning": 0.0, "fpem/env_route_target_mode_env_prototype": 0.0, "fpem/env_route_target_mode_hybrid": 0.0, "fpem/env_route_hybrid_alpha": 0.0, "fpem/env_route_train_mode_warmup_risk_sinkhorn": 0.0, "fpem/warmup_risk_stage_warmup": 0.0, "fpem/warmup_risk_stage_soft": 0.0, "fpem/warmup_risk_stage_hard": 0.0, "fpem/warmup_risk_selected_loss": 0.0, "fpem/warmup_risk_uniform_common_loss": 0.0, "fpem/warmup_risk_lambda_common": 0.0, "fpem/warmup_risk_total_common_term": 0.0, "fpem/warmup_risk_temperature": 0.0, "fpem/warmup_risk_temperature_progress": 0.0, "fpem/uniform_expert_mae": 0.0, "fpem/risk_routed_mae": 0.0, "fpem/risk_prediction_mae": 0.0, "fpem/risk_loss": 0.0, "fpem/risk_ranking_loss": 0.0, "fpem/risk_ranking_accuracy": 0.0, "fpem/risk_oracle_argmin_accuracy": 0.0, "fpem/risk_router_temperature": 0.0, "fpem/risk_router_lambda": 0.0, "fpem/risk_router_pairwise_lambda": 0.0, "fpem/env_route_train_mode_progressive_gmm_environment": 0.0, "fpem/top_level_prediction_source_progressive_gmm_teacher_hard": 0.0, "fpem/progressive_assignment_uses_target_or_prediction_error": 0.0, "fpem/progressive_partition_ready": 0.0, "fpem/progressive_selected_k": 0.0, "fpem/progressive_active_expert_count": 0.0, "fpem/progressive_last_partition_epoch": 0.0, "fpem/progressive_lambda_common": 0.0, "fpem/progressive_common_term": 0.0, "fpem/progressive_compactness_loss": 0.0, "fpem/progressive_consistency_loss": 0.0, "fpem/progressive_cluster_entropy": 0.0, "fpem/progressive_assignment_change_ratio": 0.0, "fpem/progressive_hungarian_overlap_score": 0.0, "fpem/progressive_partition_update_time_sec": 0.0, "fpem/progressive_routed_mae": 0.0, "fpem/progressive_gmm_environment_total_replaces_primary": 0.0, "fpem/env_route_count_head_0": 16.0, "fpem/env_route_oracle_count_head_0": 16.0, "fpem/route_count_env_head_0": 16.0, "fpem/route_soft_mean_expert_0": 1.0, "fpem/route_hard_count_expert_0": 16.0, "fpem/hard_count_expert_0": 16.0, "fpem/sinkhorn_soft_col_mass_expert_0": 0.0, "fpem/progressive_active_expert_0": 0.0, "fpem/progressive_cluster_size_0": 0.0, "fpem/progressive_cluster_ratio_0": 0.0, "fpem/progressive_cluster_to_expert_0": 0.0, "fpem/progressive_bic_k1": 0.0, "fpem/progressive_bic_score_k1": 0.0, "fpem/progressive_bic_rejected_k1": 0.0, "fpem/hyper_alpha_head_0": 0.0, "fpem/hyper_gamma_norm_head_0": 0.0, "fpem/hyper_beta_norm_head_0": 0.0, "fpem/expert_cross_mae_group_0_expert_0": 9.461015360695976, "fpem/load_expert_loss": 9.461015360695976, "fpem/hard_router_loss": 0.6630975808416094, "fpem/hard_router_target_env_ratio": 0.5857142857142857, "fpem/hard_router_predicted_env_ratio": 0.5476190476190477, "fpem/hard_router_effective_env_ratio": 0.5476190476190477, "fpem/hard_router_supervision_enabled": 1.0, "fpem/hard_router_warmup_active": 0.0, "fpem/load_level_assignment_detached": 1.0, "fpem/load_level_count_0": 1680.0, "fpem/load_level_ratio_0": 1.0, "fpem/expert_0_global_loss": 9.461015360695976, "fpem/expert_0_selected_loss": 9.461015360695976, "fpem/hard_router_margin_mean": 0.09662237323465801, "fpem/hard_router_gain_mean": 0.20122218898364475, "fpem/hard_router_class_weight_invariant": 1.344338648092179, "fpem/hard_router_class_weight_environment": 0.8945086825461614, "fpem/expert_prediction_pairwise_difference": 0.0, "fpem/delta_pairwise_cosine": 0.0, "fpem/delta_pairwise_l1": 0.0, "fpem/delta_pairwise_l2": 0.0, "fpem/expert_0_parameter_norm": 14.904611569359188, "fpem/hard_binary_router_enabled": 1.0, "fpem/hard_router_uses_target_in_forward": 0.0, "fpem/stored_future_c_loaded": 0.0, "fpem/prediction_is_weighted_complete_fusion": 0.0, "fpem/future_mi_loss": 0.0, "fpem/future_mi_valid": 0.0, "fpem/future_mi_logvar_mean": 0.0, "fpem/future_mi_target_mode_env_encoder": 0.0, "fpem/swap_loss": 0.0, "fpem/swap_diff_loss": 0.0, "fpem/swap_same_loss": 0.0, "fpem/swap_gain_mean": 0.0, "fpem/swap_s_gain_mean": 0.0, "fpem/swap_fallback_router_loss": 0.0, "fpem/swap_fallback_q_mean": 0.0, "fpem/swap_prediction_delta": 0.0, "fpem/swap_route_delta": 0.0, "fpem/swap_hyper_alpha_delta": 0.0, "fpem/swap_hyper_delta_norm": 0.0, "fpem/loss_env_day": 0.0, "fpem/loss_env_hour": 0.0, "fpem/loss_env_rush": 0.0, "fpem/env_day_acc": 0.0, "fpem/env_hour_acc": 0.0, "fpem/env_rush_acc": 0.0, "fpem/loss_env_supcon": 0.0, "fpem/env_supcon_valid_pairs": 0.0, "fpem/loss_inv_env_adv": 0.0, "fpem/inv_day_acc": 0.0, "fpem/inv_hour_acc": 0.0, "fpem/inv_rush_acc": 0.0, "fpem/loss_cross_cov_sep": 0.0, "fpem/load_level_experts_enabled": 1.0, "fpem/load_level_uses_target_or_future_load": 0.0, "fpem/environment_gate_uses_target_in_forward": 0.0, "fpem/load_level_env_residual_scale": 0.0, "fpem/uses_cached_observable_load_prior": 1.0, "fpem/primary_loss": 9.081901295979817, "fpem/inv_pred_loss": 9.218214116777693, "fpem/primary_uses_route": 1.0, "fpem/primary_uses_env_fusion": 0.0, "fpem/backbone_agcrn": 1.0, "fpem/backbone_graphwavenet": 0.0, "fpem/backbone_staeformer": 0.0, "fpem/gc_pred_loss_only": 1.0, "fpem/env_route_head_mode_hyper_proto": 1.0, "fpem/fpem_force_uniform_route": 0.0, "fpem/hard_prediction_sinkhorn_total_replaces_primary": 0.0, "fpem/hard_prediction_environment_sinkhorn_total_replaces_primary": 0.0, "fpem/warmup_risk_sinkhorn_total_replaces_primary": 0.0, "fpem/lambda_club_mi": 0.0}}
EPOCH {"epoch": 24, "train_loss": 11.605695860726494, "val": {"loss": 11.808106501897177, "mae": 11.602476119995117, "mape": 0.18545103073120117}, "test_mixed": {"loss": NaN, "mae": NaN, "mape": NaN}, "test_workday": {"loss": NaN, "mae": NaN, "mape": NaN}, "test_holiday": {"loss": NaN, "mae": NaN, "mape": NaN}, "test_avg_mae": NaN, "lr": 0.001, "fpem_logs": {"fpem/fpem_env_use_exogenous": 1.0, "fpem/env_exogenous_available": 1.0, "fpem/env_exogenous_time_available": 1.0, "fpem/env_exogenous_load_available": 1.0, "fpem/env_exogenous_feature_dim": 32.0, "fpem/env_exogenous_embedding_norm": 2.7501312732696532, "fpem/env_exogenous_load_embedding_norm": 1.9537886449268886, "fpem/env_rep_ablation_normal": 1.0, "fpem/env_rep_ablation_zero": 0.0, "fpem/env_rep_ablation_shuffle_batch": 0.0, "fpem/env_rep_ablation_mode_id": 0.0, "fpem/mask_loss": 0.0, "fpem/mask_sparse_loss": 0.0, "fpem/mask_entropy_loss": 0.0, "fpem/mask_mean": 1.0, "fpem/mask_entropy": 0.0, "fpem/mask_active_ratio": 1.0, "fpem/fusion_alpha_mean": 0.0, "fpem/fusion_alpha_std": 0.0, "fpem/fusion_alpha_min": 0.0, "fpem/fusion_alpha_max": 0.0, "fpem/env_route_loss": 2.5461838131859187, "fpem/env_route_L_final": 9.065354710533505, "fpem/env_route_L_global": 0.0, "fpem/env_route_L_route_soft": 0.0, "fpem/env_route_L_expert": 9.443667802356538, "fpem/env_route_L_router_oracle": 0.6574502314840044, "fpem/env_route_L_balance": 0.0, "fpem/env_route_L_diverse": 0.0, "fpem/env_route_L_proto_align": 0.0, "fpem/env_route_entropy": 0.0, "fpem/env_route_q_max_mean": 0.0, "fpem/hyper_alpha_mean": 0.0, "fpem/hyper_delta_norm": 0.0, "fpem/hyper_route_proto_mode_uniform_warmup": 0.0, "fpem/hyper_route_proto_mode_uniform_fixed": 0.0, "fpem/hyper_route_proto_mode_sinkhorn": 0.0, "fpem/hyper_route_proto_mode_softmax": 0.0, "fpem/fallback_q_mean": 0.44107142857142856, "fpem/fallback_q_max": 0.0, "fpem/env_q_sum_mean": 0.5589285714285714, "fpem/oracle_fallback_rate": 0.0, "fpem/route_count_fallback": 0.0, "fpem/env_route_head_mode": 1.0, "fpem/route_entropy_mean": 0.0, "fpem/route_mean_distribution_entropy": 0.0, "fpem/effective_expert_number": 1.0, "fpem/max_expert_usage_ratio": 0.0, "fpem/min_expert_usage_ratio": 0.0, "fpem/prototype_pairwise_cosine": 0.0, "fpem/expert_prediction_pairwise_cosine": 0.0, "fpem/expert_collapse_warning": 0.0, "fpem/env_route_target_mode_env_prototype": 0.0, "fpem/env_route_target_mode_hybrid": 0.0, "fpem/env_route_hybrid_alpha": 0.0, "fpem/env_route_train_mode_warmup_risk_sinkhorn": 0.0, "fpem/warmup_risk_stage_warmup": 0.0, "fpem/warmup_risk_stage_soft": 0.0, "fpem/warmup_risk_stage_hard": 0.0, "fpem/warmup_risk_selected_loss": 0.0, "fpem/warmup_risk_uniform_common_loss": 0.0, "fpem/warmup_risk_lambda_common": 0.0, "fpem/warmup_risk_total_common_term": 0.0, "fpem/warmup_risk_temperature": 0.0, "fpem/warmup_risk_temperature_progress": 0.0, "fpem/uniform_expert_mae": 0.0, "fpem/risk_routed_mae": 0.0, "fpem/risk_prediction_mae": 0.0, "fpem/risk_loss": 0.0, "fpem/risk_ranking_loss": 0.0, "fpem/risk_ranking_accuracy": 0.0, "fpem/risk_oracle_argmin_accuracy": 0.0, "fpem/risk_router_temperature": 0.0, "fpem/risk_router_lambda": 0.0, "fpem/risk_router_pairwise_lambda": 0.0, "fpem/env_route_train_mode_progressive_gmm_environment": 0.0, "fpem/top_level_prediction_source_progressive_gmm_teacher_hard": 0.0, "fpem/progressive_assignment_uses_target_or_prediction_error": 0.0, "fpem/progressive_partition_ready": 0.0, "fpem/progressive_selected_k": 0.0, "fpem/progressive_active_expert_count": 0.0, "fpem/progressive_last_partition_epoch": 0.0, "fpem/progressive_lambda_common": 0.0, "fpem/progressive_common_term": 0.0, "fpem/progressive_compactness_loss": 0.0, "fpem/progressive_consistency_loss": 0.0, "fpem/progressive_cluster_entropy": 0.0, "fpem/progressive_assignment_change_ratio": 0.0, "fpem/progressive_hungarian_overlap_score": 0.0, "fpem/progressive_partition_update_time_sec": 0.0, "fpem/progressive_routed_mae": 0.0, "fpem/progressive_gmm_environment_total_replaces_primary": 0.0, "fpem/env_route_count_head_0": 16.0, "fpem/env_route_oracle_count_head_0": 16.0, "fpem/route_count_env_head_0": 16.0, "fpem/route_soft_mean_expert_0": 1.0, "fpem/route_hard_count_expert_0": 16.0, "fpem/hard_count_expert_0": 16.0, "fpem/sinkhorn_soft_col_mass_expert_0": 0.0, "fpem/progressive_active_expert_0": 0.0, "fpem/progressive_cluster_size_0": 0.0, "fpem/progressive_cluster_ratio_0": 0.0, "fpem/progressive_cluster_to_expert_0": 0.0, "fpem/progressive_bic_k1": 0.0, "fpem/progressive_bic_score_k1": 0.0, "fpem/progressive_bic_rejected_k1": 0.0, "fpem/hyper_alpha_head_0": 0.0, "fpem/hyper_gamma_norm_head_0": 0.0, "fpem/hyper_beta_norm_head_0": 0.0, "fpem/expert_cross_mae_group_0_expert_0": 9.443667802356538, "fpem/load_expert_loss": 9.443667802356538, "fpem/hard_router_loss": 0.6574502314840044, "fpem/hard_router_target_env_ratio": 0.6017857142857143, "fpem/hard_router_predicted_env_ratio": 0.5589285714285714, "fpem/hard_router_effective_env_ratio": 0.5589285714285714, "fpem/hard_router_supervision_enabled": 1.0, "fpem/hard_router_warmup_active": 0.0, "fpem/load_level_assignment_detached": 1.0, "fpem/load_level_count_0": 1680.0, "fpem/load_level_ratio_0": 1.0, "fpem/expert_0_global_loss": 9.443667802356538, "fpem/expert_0_selected_loss": 9.443667802356538, "fpem/hard_router_margin_mean": 0.09662237266699474, "fpem/hard_router_gain_mean": 0.218569754135041, "fpem/hard_router_class_weight_invariant": 1.3931065996487935, "fpem/hard_router_class_weight_environment": 0.8627442575636364, "fpem/expert_prediction_pairwise_difference": 0.0, "fpem/delta_pairwise_cosine": 0.0, "fpem/delta_pairwise_l1": 0.0, "fpem/delta_pairwise_l2": 0.0, "fpem/expert_0_parameter_norm": 14.907549413045247, "fpem/hard_binary_router_enabled": 1.0, "fpem/hard_router_uses_target_in_forward": 0.0, "fpem/stored_future_c_loaded": 0.0, "fpem/prediction_is_weighted_complete_fusion": 0.0, "fpem/future_mi_loss": 0.0, "fpem/future_mi_valid": 0.0, "fpem/future_mi_logvar_mean": 0.0, "fpem/future_mi_target_mode_env_encoder": 0.0, "fpem/swap_loss": 0.0, "fpem/swap_diff_loss": 0.0, "fpem/swap_same_loss": 0.0, "fpem/swap_gain_mean": 0.0, "fpem/swap_s_gain_mean": 0.0, "fpem/swap_fallback_router_loss": 0.0, "fpem/swap_fallback_q_mean": 0.0, "fpem/swap_prediction_delta": 0.0, "fpem/swap_route_delta": 0.0, "fpem/swap_hyper_alpha_delta": 0.0, "fpem/swap_hyper_delta_norm": 0.0, "fpem/loss_env_day": 0.0, "fpem/loss_env_hour": 0.0, "fpem/loss_env_rush": 0.0, "fpem/env_day_acc": 0.0, "fpem/env_hour_acc": 0.0, "fpem/env_rush_acc": 0.0, "fpem/loss_env_supcon": 0.0, "fpem/env_supcon_valid_pairs": 0.0, "fpem/loss_inv_env_adv": 0.0, "fpem/inv_day_acc": 0.0, "fpem/inv_hour_acc": 0.0, "fpem/inv_rush_acc": 0.0, "fpem/loss_cross_cov_sep": 0.0, "fpem/load_level_experts_enabled": 1.0, "fpem/load_level_uses_target_or_future_load": 0.0, "fpem/environment_gate_uses_target_in_forward": 0.0, "fpem/load_level_env_residual_scale": 0.0, "fpem/uses_cached_observable_load_prior": 1.0, "fpem/primary_loss": 9.065354710533505, "fpem/inv_pred_loss": 9.215626662118094, "fpem/primary_uses_route": 1.0, "fpem/primary_uses_env_fusion": 0.0, "fpem/backbone_agcrn": 1.0, "fpem/backbone_graphwavenet": 0.0, "fpem/backbone_staeformer": 0.0, "fpem/gc_pred_loss_only": 1.0, "fpem/env_route_head_mode_hyper_proto": 1.0, "fpem/fpem_force_uniform_route": 0.0, "fpem/hard_prediction_sinkhorn_total_replaces_primary": 0.0, "fpem/hard_prediction_environment_sinkhorn_total_replaces_primary": 0.0, "fpem/warmup_risk_sinkhorn_total_replaces_primary": 0.0, "fpem/lambda_club_mi": 0.0}}
EPOCH {"epoch": 25, "train_loss": 11.648603085109166, "val": {"loss": 11.82835414674547, "mae": 11.62671947479248, "mape": 0.1844884306192398}, "test_mixed": {"loss": NaN, "mae": NaN, "mape": NaN}, "test_workday": {"loss": NaN, "mae": NaN, "mape": NaN}, "test_holiday": {"loss": NaN, "mae": NaN, "mape": NaN}, "test_avg_mae": NaN, "lr": 0.001, "fpem_logs": {"fpem/fpem_env_use_exogenous": 1.0, "fpem/env_exogenous_available": 1.0, "fpem/env_exogenous_time_available": 1.0, "fpem/env_exogenous_load_available": 1.0, "fpem/env_exogenous_feature_dim": 32.0, "fpem/env_exogenous_embedding_norm": 2.755024814605713, "fpem/env_exogenous_load_embedding_norm": 1.9576797508058095, "fpem/env_rep_ablation_normal": 1.0, "fpem/env_rep_ablation_zero": 0.0, "fpem/env_rep_ablation_shuffle_batch": 0.0, "fpem/env_rep_ablation_mode_id": 0.0, "fpem/mask_loss": 0.0, "fpem/mask_sparse_loss": 0.0, "fpem/mask_entropy_loss": 0.0, "fpem/mask_mean": 1.0, "fpem/mask_entropy": 0.0, "fpem/mask_active_ratio": 1.0, "fpem/fusion_alpha_mean": 0.0, "fpem/fusion_alpha_std": 0.0, "fpem/fusion_alpha_min": 0.0, "fpem/fusion_alpha_max": 0.0, "fpem/env_route_loss": 2.5606843925657725, "fpem/env_route_L_final": 9.088036241985503, "fpem/env_route_L_global": 0.0, "fpem/env_route_L_route_soft": 0.0, "fpem/env_route_L_expert": 9.482977222260974, "fpem/env_route_L_router_oracle": 0.6640889048576355, "fpem/env_route_L_balance": 0.0, "fpem/env_route_L_diverse": 0.0, "fpem/env_route_L_proto_align": 0.0, "fpem/env_route_entropy": 0.0, "fpem/env_route_q_max_mean": 0.0, "fpem/hyper_alpha_mean": 0.0, "fpem/hyper_delta_norm": 0.0, "fpem/hyper_route_proto_mode_uniform_warmup": 0.0, "fpem/hyper_route_proto_mode_uniform_fixed": 0.0, "fpem/hyper_route_proto_mode_sinkhorn": 0.0, "fpem/hyper_route_proto_mode_softmax": 0.0, "fpem/fallback_q_mean": 0.4446428571428571, "fpem/fallback_q_max": 0.0, "fpem/env_q_sum_mean": 0.5553571428571429, "fpem/oracle_fallback_rate": 0.0, "fpem/route_count_fallback": 0.0, "fpem/env_route_head_mode": 1.0, "fpem/route_entropy_mean": 0.0, "fpem/route_mean_distribution_entropy": 0.0, "fpem/effective_expert_number": 1.0, "fpem/max_expert_usage_ratio": 0.0, "fpem/min_expert_usage_ratio": 0.0, "fpem/prototype_pairwise_cosine": 0.0, "fpem/expert_prediction_pairwise_cosine": 0.0, "fpem/expert_collapse_warning": 0.0, "fpem/env_route_target_mode_env_prototype": 0.0, "fpem/env_route_target_mode_hybrid": 0.0, "fpem/env_route_hybrid_alpha": 0.0, "fpem/env_route_train_mode_warmup_risk_sinkhorn": 0.0, "fpem/warmup_risk_stage_warmup": 0.0, "fpem/warmup_risk_stage_soft": 0.0, "fpem/warmup_risk_stage_hard": 0.0, "fpem/warmup_risk_selected_loss": 0.0, "fpem/warmup_risk_uniform_common_loss": 0.0, "fpem/warmup_risk_lambda_common": 0.0, "fpem/warmup_risk_total_common_term": 0.0, "fpem/warmup_risk_temperature": 0.0, "fpem/warmup_risk_temperature_progress": 0.0, "fpem/uniform_expert_mae": 0.0, "fpem/risk_routed_mae": 0.0, "fpem/risk_prediction_mae": 0.0, "fpem/risk_loss": 0.0, "fpem/risk_ranking_loss": 0.0, "fpem/risk_ranking_accuracy": 0.0, "fpem/risk_oracle_argmin_accuracy": 0.0, "fpem/risk_router_temperature": 0.0, "fpem/risk_router_lambda": 0.0, "fpem/risk_router_pairwise_lambda": 0.0, "fpem/env_route_train_mode_progressive_gmm_environment": 0.0, "fpem/top_level_prediction_source_progressive_gmm_teacher_hard": 0.0, "fpem/progressive_assignment_uses_target_or_prediction_error": 0.0, "fpem/progressive_partition_ready": 0.0, "fpem/progressive_selected_k": 0.0, "fpem/progressive_active_expert_count": 0.0, "fpem/progressive_last_partition_epoch": 0.0, "fpem/progressive_lambda_common": 0.0, "fpem/progressive_common_term": 0.0, "fpem/progressive_compactness_loss": 0.0, "fpem/progressive_consistency_loss": 0.0, "fpem/progressive_cluster_entropy": 0.0, "fpem/progressive_assignment_change_ratio": 0.0, "fpem/progressive_hungarian_overlap_score": 0.0, "fpem/progressive_partition_update_time_sec": 0.0, "fpem/progressive_routed_mae": 0.0, "fpem/progressive_gmm_environment_total_replaces_primary": 0.0, "fpem/env_route_count_head_0": 16.0, "fpem/env_route_oracle_count_head_0": 16.0, "fpem/route_count_env_head_0": 16.0, "fpem/route_soft_mean_expert_0": 1.0, "fpem/route_hard_count_expert_0": 16.0, "fpem/hard_count_expert_0": 16.0, "fpem/sinkhorn_soft_col_mass_expert_0": 0.0, "fpem/progressive_active_expert_0": 0.0, "fpem/progressive_cluster_size_0": 0.0, "fpem/progressive_cluster_ratio_0": 0.0, "fpem/progressive_cluster_to_expert_0": 0.0, "fpem/progressive_bic_k1": 0.0, "fpem/progressive_bic_score_k1": 0.0, "fpem/progressive_bic_rejected_k1": 0.0, "fpem/hyper_alpha_head_0": 0.0, "fpem/hyper_gamma_norm_head_0": 0.0, "fpem/hyper_beta_norm_head_0": 0.0, "fpem/expert_cross_mae_group_0_expert_0": 9.482977222260974, "fpem/load_expert_loss": 9.482977222260974, "fpem/hard_router_loss": 0.6640889048576355, "fpem/hard_router_target_env_ratio": 0.5714285714285714, "fpem/hard_router_predicted_env_ratio": 0.5553571428571429, "fpem/hard_router_effective_env_ratio": 0.5553571428571429, "fpem/hard_router_supervision_enabled": 1.0, "fpem/hard_router_warmup_active": 0.0, "fpem/load_level_assignment_detached": 1.0, "fpem/load_level_count_0": 1680.0, "fpem/load_level_ratio_0": 1.0, "fpem/expert_0_global_loss": 9.482977222260974, "fpem/expert_0_selected_loss": 9.482977222260974, "fpem/hard_router_margin_mean": 0.09662237280891055, "fpem/hard_router_gain_mean": 0.1792603455838703, "fpem/hard_router_class_weight_invariant": 1.4234755936123076, "fpem/hard_router_class_weight_environment": 0.9396174368404207, "fpem/expert_prediction_pairwise_difference": 0.0, "fpem/delta_pairwise_cosine": 0.0, "fpem/delta_pairwise_l1": 0.0, "fpem/delta_pairwise_l2": 0.0, "fpem/expert_0_parameter_norm": 14.911426671346028, "fpem/hard_binary_router_enabled": 1.0, "fpem/hard_router_uses_target_in_forward": 0.0, "fpem/stored_future_c_loaded": 0.0, "fpem/prediction_is_weighted_complete_fusion": 0.0, "fpem/future_mi_loss": 0.0, "fpem/future_mi_valid": 0.0, "fpem/future_mi_logvar_mean": 0.0, "fpem/future_mi_target_mode_env_encoder": 0.0, "fpem/swap_loss": 0.0, "fpem/swap_diff_loss": 0.0, "fpem/swap_same_loss": 0.0, "fpem/swap_gain_mean": 0.0, "fpem/swap_s_gain_mean": 0.0, "fpem/swap_fallback_router_loss": 0.0, "fpem/swap_fallback_q_mean": 0.0, "fpem/swap_prediction_delta": 0.0, "fpem/swap_route_delta": 0.0, "fpem/swap_hyper_alpha_delta": 0.0, "fpem/swap_hyper_delta_norm": 0.0, "fpem/loss_env_day": 0.0, "fpem/loss_env_hour": 0.0, "fpem/loss_env_rush": 0.0, "fpem/env_day_acc": 0.0, "fpem/env_hour_acc": 0.0, "fpem/env_rush_acc": 0.0, "fpem/loss_env_supcon": 0.0, "fpem/env_supcon_valid_pairs": 0.0, "fpem/loss_inv_env_adv": 0.0, "fpem/inv_day_acc": 0.0, "fpem/inv_hour_acc": 0.0, "fpem/inv_rush_acc": 0.0, "fpem/loss_cross_cov_sep": 0.0, "fpem/load_level_experts_enabled": 1.0, "fpem/load_level_uses_target_or_future_load": 0.0, "fpem/environment_gate_uses_target_in_forward": 0.0, "fpem/load_level_env_residual_scale": 0.0, "fpem/uses_cached_observable_load_prior": 1.0, "fpem/primary_loss": 9.088036241985503, "fpem/inv_pred_loss": 9.217205238342284, "fpem/primary_uses_route": 1.0, "fpem/primary_uses_env_fusion": 0.0, "fpem/backbone_agcrn": 1.0, "fpem/backbone_graphwavenet": 0.0, "fpem/backbone_staeformer": 0.0, "fpem/gc_pred_loss_only": 1.0, "fpem/env_route_head_mode_hyper_proto": 1.0, "fpem/fpem_force_uniform_route": 0.0, "fpem/hard_prediction_sinkhorn_total_replaces_primary": 0.0, "fpem/hard_prediction_environment_sinkhorn_total_replaces_primary": 0.0, "fpem/warmup_risk_sinkhorn_total_replaces_primary": 0.0, "fpem/lambda_club_mi": 0.0}}
EPOCH {"epoch": 26, "train_loss": 11.616706648327055, "val": {"loss": 11.888985527886284, "mae": 11.692553520202637, "mape": 0.185848668217659}, "test_mixed": {"loss": NaN, "mae": NaN, "mape": NaN}, "test_workday": {"loss": NaN, "mae": NaN, "mape": NaN}, "test_holiday": {"loss": NaN, "mae": NaN, "mape": NaN}, "test_avg_mae": NaN, "lr": 0.001, "fpem_logs": {"fpem/fpem_env_use_exogenous": 1.0, "fpem/env_exogenous_available": 1.0, "fpem/env_exogenous_time_available": 1.0, "fpem/env_exogenous_load_available": 1.0, "fpem/env_exogenous_feature_dim": 32.0, "fpem/env_exogenous_embedding_norm": 2.7535803159077963, "fpem/env_exogenous_load_embedding_norm": 1.9530627625329153, "fpem/env_rep_ablation_normal": 1.0, "fpem/env_rep_ablation_zero": 0.0, "fpem/env_rep_ablation_shuffle_batch": 0.0, "fpem/env_rep_ablation_mode_id": 0.0, "fpem/mask_loss": 0.0, "fpem/mask_sparse_loss": 0.0, "fpem/mask_entropy_loss": 0.0, "fpem/mask_mean": 1.0, "fpem/mask_entropy": 0.0, "fpem/mask_active_ratio": 1.0, "fpem/fusion_alpha_mean": 0.0, "fpem/fusion_alpha_std": 0.0, "fpem/fusion_alpha_min": 0.0, "fpem/fusion_alpha_max": 0.0, "fpem/env_route_loss": 2.5493736017318, "fpem/env_route_L_final": 9.068382721855526, "fpem/env_route_L_global": 0.0, "fpem/env_route_L_route_soft": 0.0, "fpem/env_route_L_expert": 9.44211517061506, "fpem/env_route_L_router_oracle": 0.6609505341166542, "fpem/env_route_L_balance": 0.0, "fpem/env_route_L_diverse": 0.0, "fpem/env_route_L_proto_align": 0.0, "fpem/env_route_entropy": 0.0, "fpem/env_route_q_max_mean": 0.0, "fpem/hyper_alpha_mean": 0.0, "fpem/hyper_delta_norm": 0.0, "fpem/hyper_route_proto_mode_uniform_warmup": 0.0, "fpem/hyper_route_proto_mode_uniform_fixed": 0.0, "fpem/hyper_route_proto_mode_sinkhorn": 0.0, "fpem/hyper_route_proto_mode_softmax": 0.0, "fpem/fallback_q_mean": 0.43392857142857144, "fpem/fallback_q_max": 0.0, "fpem/env_q_sum_mean": 0.5660714285714286, "fpem/oracle_fallback_rate": 0.0, "fpem/route_count_fallback": 0.0, "fpem/env_route_head_mode": 1.0, "fpem/route_entropy_mean": 0.0, "fpem/route_mean_distribution_entropy": 0.0, "fpem/effective_expert_number": 1.0, "fpem/max_expert_usage_ratio": 0.0, "fpem/min_expert_usage_ratio": 0.0, "fpem/prototype_pairwise_cosine": 0.0, "fpem/expert_prediction_pairwise_cosine": 0.0, "fpem/expert_collapse_warning": 0.0, "fpem/env_route_target_mode_env_prototype": 0.0, "fpem/env_route_target_mode_hybrid": 0.0, "fpem/env_route_hybrid_alpha": 0.0, "fpem/env_route_train_mode_warmup_risk_sinkhorn": 0.0, "fpem/warmup_risk_stage_warmup": 0.0, "fpem/warmup_risk_stage_soft": 0.0, "fpem/warmup_risk_stage_hard": 0.0, "fpem/warmup_risk_selected_loss": 0.0, "fpem/warmup_risk_uniform_common_loss": 0.0, "fpem/warmup_risk_lambda_common": 0.0, "fpem/warmup_risk_total_common_term": 0.0, "fpem/warmup_risk_temperature": 0.0, "fpem/warmup_risk_temperature_progress": 0.0, "fpem/uniform_expert_mae": 0.0, "fpem/risk_routed_mae": 0.0, "fpem/risk_prediction_mae": 0.0, "fpem/risk_loss": 0.0, "fpem/risk_ranking_loss": 0.0, "fpem/risk_ranking_accuracy": 0.0, "fpem/risk_oracle_argmin_accuracy": 0.0, "fpem/risk_router_temperature": 0.0, "fpem/risk_router_lambda": 0.0, "fpem/risk_router_pairwise_lambda": 0.0, "fpem/env_route_train_mode_progressive_gmm_environment": 0.0, "fpem/top_level_prediction_source_progressive_gmm_teacher_hard": 0.0, "fpem/progressive_assignment_uses_target_or_prediction_error": 0.0, "fpem/progressive_partition_ready": 0.0, "fpem/progressive_selected_k": 0.0, "fpem/progressive_active_expert_count": 0.0, "fpem/progressive_last_partition_epoch": 0.0, "fpem/progressive_lambda_common": 0.0, "fpem/progressive_common_term": 0.0, "fpem/progressive_compactness_loss": 0.0, "fpem/progressive_consistency_loss": 0.0, "fpem/progressive_cluster_entropy": 0.0, "fpem/progressive_assignment_change_ratio": 0.0, "fpem/progressive_hungarian_overlap_score": 0.0, "fpem/progressive_partition_update_time_sec": 0.0, "fpem/progressive_routed_mae": 0.0, "fpem/progressive_gmm_environment_total_replaces_primary": 0.0, "fpem/env_route_count_head_0": 16.0, "fpem/env_route_oracle_count_head_0": 16.0, "fpem/route_count_env_head_0": 16.0, "fpem/route_soft_mean_expert_0": 1.0, "fpem/route_hard_count_expert_0": 16.0, "fpem/hard_count_expert_0": 16.0, "fpem/sinkhorn_soft_col_mass_expert_0": 0.0, "fpem/progressive_active_expert_0": 0.0, "fpem/progressive_cluster_size_0": 0.0, "fpem/progressive_cluster_ratio_0": 0.0, "fpem/progressive_cluster_to_expert_0": 0.0, "fpem/progressive_bic_k1": 0.0, "fpem/progressive_bic_score_k1": 0.0, "fpem/progressive_bic_rejected_k1": 0.0, "fpem/hyper_alpha_head_0": 0.0, "fpem/hyper_gamma_norm_head_0": 0.0, "fpem/hyper_beta_norm_head_0": 0.0, "fpem/expert_cross_mae_group_0_expert_0": 9.44211517061506, "fpem/load_expert_loss": 9.44211517061506, "fpem/hard_router_loss": 0.6609505341166542, "fpem/hard_router_target_env_ratio": 0.6053571428571428, "fpem/hard_router_predicted_env_ratio": 0.5660714285714286, "fpem/hard_router_effective_env_ratio": 0.5660714285714286, "fpem/hard_router_supervision_enabled": 1.0, "fpem/hard_router_warmup_active": 0.0, "fpem/load_level_assignment_detached": 1.0, "fpem/load_level_count_0": 1680.0, "fpem/load_level_ratio_0": 1.0, "fpem/expert_0_global_loss": 9.44211517061506, "fpem/expert_0_selected_loss": 9.44211517061506, "fpem/hard_router_margin_mean": 0.09662237217028936, "fpem/hard_router_gain_mean": 0.22012238814717247, "fpem/hard_router_class_weight_invariant": 1.4511894748324439, "fpem/hard_router_class_weight_environment": 0.8619112270218986, "fpem/expert_prediction_pairwise_difference": 0.0, "fpem/delta_pairwise_cosine": 0.0, "fpem/delta_pairwise_l1": 0.0, "fpem/delta_pairwise_l2": 0.0, "fpem/expert_0_parameter_norm": 14.913352802821569, "fpem/hard_binary_router_enabled": 1.0, "fpem/hard_router_uses_target_in_forward": 0.0, "fpem/stored_future_c_loaded": 0.0, "fpem/prediction_is_weighted_complete_fusion": 0.0, "fpem/future_mi_loss": 0.0, "fpem/future_mi_valid": 0.0, "fpem/future_mi_logvar_mean": 0.0, "fpem/future_mi_target_mode_env_encoder": 0.0, "fpem/swap_loss": 0.0, "fpem/swap_diff_loss": 0.0, "fpem/swap_same_loss": 0.0, "fpem/swap_gain_mean": 0.0, "fpem/swap_s_gain_mean": 0.0, "fpem/swap_fallback_router_loss": 0.0, "fpem/swap_fallback_q_mean": 0.0, "fpem/swap_prediction_delta": 0.0, "fpem/swap_route_delta": 0.0, "fpem/swap_hyper_alpha_delta": 0.0, "fpem/swap_hyper_delta_norm": 0.0, "fpem/loss_env_day": 0.0, "fpem/loss_env_hour": 0.0, "fpem/loss_env_rush": 0.0, "fpem/env_day_acc": 0.0, "fpem/env_hour_acc": 0.0, "fpem/env_rush_acc": 0.0, "fpem/loss_env_supcon": 0.0, "fpem/env_supcon_valid_pairs": 0.0, "fpem/loss_inv_env_adv": 0.0, "fpem/inv_day_acc": 0.0, "fpem/inv_hour_acc": 0.0, "fpem/inv_rush_acc": 0.0, "fpem/loss_cross_cov_sep": 0.0, "fpem/load_level_experts_enabled": 1.0, "fpem/load_level_uses_target_or_future_load": 0.0, "fpem/environment_gate_uses_target_in_forward": 0.0, "fpem/load_level_env_residual_scale": 0.0, "fpem/uses_cached_observable_load_prior": 1.0, "fpem/primary_loss": 9.068382721855526, "fpem/inv_pred_loss": 9.221948460170202, "fpem/primary_uses_route": 1.0, "fpem/primary_uses_env_fusion": 0.0, "fpem/backbone_agcrn": 1.0, "fpem/backbone_graphwavenet": 0.0, "fpem/backbone_staeformer": 0.0, "fpem/gc_pred_loss_only": 1.0, "fpem/env_route_head_mode_hyper_proto": 1.0, "fpem/fpem_force_uniform_route": 0.0, "fpem/hard_prediction_sinkhorn_total_replaces_primary": 0.0, "fpem/hard_prediction_environment_sinkhorn_total_replaces_primary": 0.0, "fpem/warmup_risk_sinkhorn_total_replaces_primary": 0.0, "fpem/lambda_club_mi": 0.0}}
EPOCH {"epoch": 27, "train_loss": 11.603121212550572, "val": {"loss": 11.847314251793755, "mae": 11.642911911010742, "mape": 0.18737167119979858}, "test_mixed": {"loss": NaN, "mae": NaN, "mape": NaN}, "test_workday": {"loss": NaN, "mae": NaN, "mape": NaN}, "test_holiday": {"loss": NaN, "mae": NaN, "mape": NaN}, "test_avg_mae": NaN, "lr": 0.001, "fpem_logs": {"fpem/fpem_env_use_exogenous": 1.0, "fpem/env_exogenous_available": 1.0, "fpem/env_exogenous_time_available": 1.0, "fpem/env_exogenous_load_available": 1.0, "fpem/env_exogenous_feature_dim": 32.0, "fpem/env_exogenous_embedding_norm": 2.7664526825859435, "fpem/env_exogenous_load_embedding_norm": 1.9620560384932018, "fpem/env_rep_ablation_normal": 1.0, "fpem/env_rep_ablation_zero": 0.0, "fpem/env_rep_ablation_shuffle_batch": 0.0, "fpem/env_rep_ablation_mode_id": 0.0, "fpem/mask_loss": 0.0, "fpem/mask_sparse_loss": 0.0, "fpem/mask_entropy_loss": 0.0, "fpem/mask_mean": 1.0, "fpem/mask_entropy": 0.0, "fpem/mask_active_ratio": 1.0, "fpem/fusion_alpha_mean": 0.0, "fpem/fusion_alpha_std": 0.0, "fpem/fusion_alpha_min": 0.0, "fpem/fusion_alpha_max": 0.0, "fpem/env_route_loss": 2.545152977534703, "fpem/env_route_L_final": 9.057833294641403, "fpem/env_route_L_global": 0.0, "fpem/env_route_L_route_soft": 0.0, "fpem/env_route_L_expert": 9.43758208865211, "fpem/env_route_L_router_oracle": 0.657636528923398, "fpem/env_route_L_balance": 0.0, "fpem/env_route_L_diverse": 0.0, "fpem/env_route_L_proto_align": 0.0, "fpem/env_route_entropy": 0.0, "fpem/env_route_q_max_mean": 0.0, "fpem/hyper_alpha_mean": 0.0, "fpem/hyper_delta_norm": 0.0, "fpem/hyper_route_proto_mode_uniform_warmup": 0.0, "fpem/hyper_route_proto_mode_uniform_fixed": 0.0, "fpem/hyper_route_proto_mode_sinkhorn": 0.0, "fpem/hyper_route_proto_mode_softmax": 0.0, "fpem/fallback_q_mean": 0.44345238095238093, "fpem/fallback_q_max": 0.0, "fpem/env_q_sum_mean": 0.5565476190476191, "fpem/oracle_fallback_rate": 0.0, "fpem/route_count_fallback": 0.0, "fpem/env_route_head_mode": 1.0, "fpem/route_entropy_mean": 0.0, "fpem/route_mean_distribution_entropy": 0.0, "fpem/effective_expert_number": 1.0, "fpem/max_expert_usage_ratio": 0.0, "fpem/min_expert_usage_ratio": 0.0, "fpem/prototype_pairwise_cosine": 0.0, "fpem/expert_prediction_pairwise_cosine": 0.0, "fpem/expert_collapse_warning": 0.0, "fpem/env_route_target_mode_env_prototype": 0.0, "fpem/env_route_target_mode_hybrid": 0.0, "fpem/env_route_hybrid_alpha": 0.0, "fpem/env_route_train_mode_warmup_risk_sinkhorn": 0.0, "fpem/warmup_risk_stage_warmup": 0.0, "fpem/warmup_risk_stage_soft": 0.0, "fpem/warmup_risk_stage_hard": 0.0, "fpem/warmup_risk_selected_loss": 0.0, "fpem/warmup_risk_uniform_common_loss": 0.0, "fpem/warmup_risk_lambda_common": 0.0, "fpem/warmup_risk_total_common_term": 0.0, "fpem/warmup_risk_temperature": 0.0, "fpem/warmup_risk_temperature_progress": 0.0, "fpem/uniform_expert_mae": 0.0, "fpem/risk_routed_mae": 0.0, "fpem/risk_prediction_mae": 0.0, "fpem/risk_loss": 0.0, "fpem/risk_ranking_loss": 0.0, "fpem/risk_ranking_accuracy": 0.0, "fpem/risk_oracle_argmin_accuracy": 0.0, "fpem/risk_router_temperature": 0.0, "fpem/risk_router_lambda": 0.0, "fpem/risk_router_pairwise_lambda": 0.0, "fpem/env_route_train_mode_progressive_gmm_environment": 0.0, "fpem/top_level_prediction_source_progressive_gmm_teacher_hard": 0.0, "fpem/progressive_assignment_uses_target_or_prediction_error": 0.0, "fpem/progressive_partition_ready": 0.0, "fpem/progressive_selected_k": 0.0, "fpem/progressive_active_expert_count": 0.0, "fpem/progressive_last_partition_epoch": 0.0, "fpem/progressive_lambda_common": 0.0, "fpem/progressive_common_term": 0.0, "fpem/progressive_compactness_loss": 0.0, "fpem/progressive_consistency_loss": 0.0, "fpem/progressive_cluster_entropy": 0.0, "fpem/progressive_assignment_change_ratio": 0.0, "fpem/progressive_hungarian_overlap_score": 0.0, "fpem/progressive_partition_update_time_sec": 0.0, "fpem/progressive_routed_mae": 0.0, "fpem/progressive_gmm_environment_total_replaces_primary": 0.0, "fpem/env_route_count_head_0": 16.0, "fpem/env_route_oracle_count_head_0": 16.0, "fpem/route_count_env_head_0": 16.0, "fpem/route_soft_mean_expert_0": 1.0, "fpem/route_hard_count_expert_0": 16.0, "fpem/hard_count_expert_0": 16.0, "fpem/sinkhorn_soft_col_mass_expert_0": 0.0, "fpem/progressive_active_expert_0": 0.0, "fpem/progressive_cluster_size_0": 0.0, "fpem/progressive_cluster_ratio_0": 0.0, "fpem/progressive_cluster_to_expert_0": 0.0, "fpem/progressive_bic_k1": 0.0, "fpem/progressive_bic_score_k1": 0.0, "fpem/progressive_bic_rejected_k1": 0.0, "fpem/hyper_alpha_head_0": 0.0, "fpem/hyper_gamma_norm_head_0": 0.0, "fpem/hyper_beta_norm_head_0": 0.0, "fpem/expert_cross_mae_group_0_expert_0": 9.43758208865211, "fpem/load_expert_loss": 9.43758208865211, "fpem/hard_router_loss": 0.657636528923398, "fpem/hard_router_target_env_ratio": 0.6101190476190477, "fpem/hard_router_predicted_env_ratio": 0.5565476190476191, "fpem/hard_router_effective_env_ratio": 0.5565476190476191, "fpem/hard_router_supervision_enabled": 1.0, "fpem/hard_router_warmup_active": 0.0, "fpem/load_level_assignment_detached": 1.0, "fpem/load_level_count_0": 1680.0, "fpem/load_level_ratio_0": 1.0, "fpem/expert_0_global_loss": 9.43758208865211, "fpem/expert_0_selected_loss": 9.43758208865211, "fpem/hard_router_margin_mean": 0.096622372454121, "fpem/hard_router_gain_mean": 0.22465537772292182, "fpem/hard_router_class_weight_invariant": 1.4233106857254392, "fpem/hard_router_class_weight_environment": 0.847555422782898, "fpem/expert_prediction_pairwise_difference": 0.0, "fpem/delta_pairwise_cosine": 0.0, "fpem/delta_pairwise_l1": 0.0, "fpem/delta_pairwise_l2": 0.0, "fpem/expert_0_parameter_norm": 14.915925979614258, "fpem/hard_binary_router_enabled": 1.0, "fpem/hard_router_uses_target_in_forward": 0.0, "fpem/stored_future_c_loaded": 0.0, "fpem/prediction_is_weighted_complete_fusion": 0.0, "fpem/future_mi_loss": 0.0, "fpem/future_mi_valid": 0.0, "fpem/future_mi_logvar_mean": 0.0, "fpem/future_mi_target_mode_env_encoder": 0.0, "fpem/swap_loss": 0.0, "fpem/swap_diff_loss": 0.0, "fpem/swap_same_loss": 0.0, "fpem/swap_gain_mean": 0.0, "fpem/swap_s_gain_mean": 0.0, "fpem/swap_fallback_router_loss": 0.0, "fpem/swap_fallback_q_mean": 0.0, "fpem/swap_prediction_delta": 0.0, "fpem/swap_route_delta": 0.0, "fpem/swap_hyper_alpha_delta": 0.0, "fpem/swap_hyper_delta_norm": 0.0, "fpem/loss_env_day": 0.0, "fpem/loss_env_hour": 0.0, "fpem/loss_env_rush": 0.0, "fpem/env_day_acc": 0.0, "fpem/env_hour_acc": 0.0, "fpem/env_rush_acc": 0.0, "fpem/loss_env_supcon": 0.0, "fpem/env_supcon_valid_pairs": 0.0, "fpem/loss_inv_env_adv": 0.0, "fpem/inv_day_acc": 0.0, "fpem/inv_hour_acc": 0.0, "fpem/inv_rush_acc": 0.0, "fpem/loss_cross_cov_sep": 0.0, "fpem/load_level_experts_enabled": 1.0, "fpem/load_level_uses_target_or_future_load": 0.0, "fpem/environment_gate_uses_target_in_forward": 0.0, "fpem/load_level_env_residual_scale": 0.0, "fpem/uses_cached_observable_load_prior": 1.0, "fpem/primary_loss": 9.057833294641403, "fpem/inv_pred_loss": 9.211998998551142, "fpem/primary_uses_route": 1.0, "fpem/primary_uses_env_fusion": 0.0, "fpem/backbone_agcrn": 1.0, "fpem/backbone_graphwavenet": 0.0, "fpem/backbone_staeformer": 0.0, "fpem/gc_pred_loss_only": 1.0, "fpem/env_route_head_mode_hyper_proto": 1.0, "fpem/fpem_force_uniform_route": 0.0, "fpem/hard_prediction_sinkhorn_total_replaces_primary": 0.0, "fpem/hard_prediction_environment_sinkhorn_total_replaces_primary": 0.0, "fpem/warmup_risk_sinkhorn_total_replaces_primary": 0.0, "fpem/lambda_club_mi": 0.0}}
EPOCH {"epoch": 28, "train_loss": 11.62504073551723, "val": {"loss": 11.853150553173489, "mae": 11.656997680664062, "mape": 0.18476502597332}, "test_mixed": {"loss": NaN, "mae": NaN, "mape": NaN}, "test_workday": {"loss": NaN, "mae": NaN, "mape": NaN}, "test_holiday": {"loss": NaN, "mae": NaN, "mape": NaN}, "test_avg_mae": NaN, "lr": 0.001, "fpem_logs": {"fpem/fpem_env_use_exogenous": 1.0, "fpem/env_exogenous_available": 1.0, "fpem/env_exogenous_time_available": 1.0, "fpem/env_exogenous_load_available": 1.0, "fpem/env_exogenous_feature_dim": 32.0, "fpem/env_exogenous_embedding_norm": 2.7734439350309827, "fpem/env_exogenous_load_embedding_norm": 1.9707209235145933, "fpem/env_rep_ablation_normal": 1.0, "fpem/env_rep_ablation_zero": 0.0, "fpem/env_rep_ablation_shuffle_batch": 0.0, "fpem/env_rep_ablation_mode_id": 0.0, "fpem/mask_loss": 0.0, "fpem/mask_sparse_loss": 0.0, "fpem/mask_entropy_loss": 0.0, "fpem/mask_mean": 1.0, "fpem/mask_entropy": 0.0, "fpem/mask_active_ratio": 1.0, "fpem/fusion_alpha_mean": 0.0, "fpem/fusion_alpha_std": 0.0, "fpem/fusion_alpha_min": 0.0, "fpem/fusion_alpha_max": 0.0, "fpem/env_route_loss": 2.5527480942862373, "fpem/env_route_L_final": 9.07330726441883, "fpem/env_route_L_global": 0.0, "fpem/env_route_L_route_soft": 0.0, "fpem/env_route_L_expert": 9.454306457156227, "fpem/env_route_L_router_oracle": 0.6618867669786725, "fpem/env_route_L_balance": 0.0, "fpem/env_route_L_diverse": 0.0, "fpem/env_route_L_proto_align": 0.0, "fpem/env_route_entropy": 0.0, "fpem/env_route_q_max_mean": 0.0, "fpem/hyper_alpha_mean": 0.0, "fpem/hyper_delta_norm": 0.0, "fpem/hyper_route_proto_mode_uniform_warmup": 0.0, "fpem/hyper_route_proto_mode_uniform_fixed": 0.0, "fpem/hyper_route_proto_mode_sinkhorn": 0.0, "fpem/hyper_route_proto_mode_softmax": 0.0, "fpem/fallback_q_mean": 0.4601190476190476, "fpem/fallback_q_max": 0.0, "fpem/env_q_sum_mean": 0.5398809523809524, "fpem/oracle_fallback_rate": 0.0, "fpem/route_count_fallback": 0.0, "fpem/env_route_head_mode": 1.0, "fpem/route_entropy_mean": 0.0, "fpem/route_mean_distribution_entropy": 0.0, "fpem/effective_expert_number": 1.0, "fpem/max_expert_usage_ratio": 0.0, "fpem/min_expert_usage_ratio": 0.0, "fpem/prototype_pairwise_cosine": 0.0, "fpem/expert_prediction_pairwise_cosine": 0.0, "fpem/expert_collapse_warning": 0.0, "fpem/env_route_target_mode_env_prototype": 0.0, "fpem/env_route_target_mode_hybrid": 0.0, "fpem/env_route_hybrid_alpha": 0.0, "fpem/env_route_train_mode_warmup_risk_sinkhorn": 0.0, "fpem/warmup_risk_stage_warmup": 0.0, "fpem/warmup_risk_stage_soft": 0.0, "fpem/warmup_risk_stage_hard": 0.0, "fpem/warmup_risk_selected_loss": 0.0, "fpem/warmup_risk_uniform_common_loss": 0.0, "fpem/warmup_risk_lambda_common": 0.0, "fpem/warmup_risk_total_common_term": 0.0, "fpem/warmup_risk_temperature": 0.0, "fpem/warmup_risk_temperature_progress": 0.0, "fpem/uniform_expert_mae": 0.0, "fpem/risk_routed_mae": 0.0, "fpem/risk_prediction_mae": 0.0, "fpem/risk_loss": 0.0, "fpem/risk_ranking_loss": 0.0, "fpem/risk_ranking_accuracy": 0.0, "fpem/risk_oracle_argmin_accuracy": 0.0, "fpem/risk_router_temperature": 0.0, "fpem/risk_router_lambda": 0.0, "fpem/risk_router_pairwise_lambda": 0.0, "fpem/env_route_train_mode_progressive_gmm_environment": 0.0, "fpem/top_level_prediction_source_progressive_gmm_teacher_hard": 0.0, "fpem/progressive_assignment_uses_target_or_prediction_error": 0.0, "fpem/progressive_partition_ready": 0.0, "fpem/progressive_selected_k": 0.0, "fpem/progressive_active_expert_count": 0.0, "fpem/progressive_last_partition_epoch": 0.0, "fpem/progressive_lambda_common": 0.0, "fpem/progressive_common_term": 0.0, "fpem/progressive_compactness_loss": 0.0, "fpem/progressive_consistency_loss": 0.0, "fpem/progressive_cluster_entropy": 0.0, "fpem/progressive_assignment_change_ratio": 0.0, "fpem/progressive_hungarian_overlap_score": 0.0, "fpem/progressive_partition_update_time_sec": 0.0, "fpem/progressive_routed_mae": 0.0, "fpem/progressive_gmm_environment_total_replaces_primary": 0.0, "fpem/env_route_count_head_0": 16.0, "fpem/env_route_oracle_count_head_0": 16.0, "fpem/route_count_env_head_0": 16.0, "fpem/route_soft_mean_expert_0": 1.0, "fpem/route_hard_count_expert_0": 16.0, "fpem/hard_count_expert_0": 16.0, "fpem/sinkhorn_soft_col_mass_expert_0": 0.0, "fpem/progressive_active_expert_0": 0.0, "fpem/progressive_cluster_size_0": 0.0, "fpem/progressive_cluster_ratio_0": 0.0, "fpem/progressive_cluster_to_expert_0": 0.0, "fpem/progressive_bic_k1": 0.0, "fpem/progressive_bic_score_k1": 0.0, "fpem/progressive_bic_rejected_k1": 0.0, "fpem/hyper_alpha_head_0": 0.0, "fpem/hyper_gamma_norm_head_0": 0.0, "fpem/hyper_beta_norm_head_0": 0.0, "fpem/expert_cross_mae_group_0_expert_0": 9.454306457156227, "fpem/load_expert_loss": 9.454306457156227, "fpem/hard_router_loss": 0.6618867669786725, "fpem/hard_router_target_env_ratio": 0.5886904761904762, "fpem/hard_router_predicted_env_ratio": 0.5398809523809524, "fpem/hard_router_effective_env_ratio": 0.5398809523809524, "fpem/hard_router_supervision_enabled": 1.0, "fpem/hard_router_warmup_active": 0.0, "fpem/load_level_assignment_detached": 1.0, "fpem/load_level_count_0": 1680.0, "fpem/load_level_ratio_0": 1.0, "fpem/expert_0_global_loss": 9.454306457156227, "fpem/expert_0_selected_loss": 9.454306457156227, "fpem/hard_router_margin_mean": 0.09662237302178428, "fpem/hard_router_gain_mean": 0.20793100836731138, "fpem/hard_router_class_weight_invariant": 1.3614851043337868, "fpem/hard_router_class_weight_environment": 0.918044510341826, "fpem/expert_prediction_pairwise_difference": 0.0, "fpem/delta_pairwise_cosine": 0.0, "fpem/delta_pairwise_l1": 0.0, "fpem/delta_pairwise_l2": 0.0, "fpem/expert_0_parameter_norm": 14.918062291826521, "fpem/hard_binary_router_enabled": 1.0, "fpem/hard_router_uses_target_in_forward": 0.0, "fpem/stored_future_c_loaded": 0.0, "fpem/prediction_is_weighted_complete_fusion": 0.0, "fpem/future_mi_loss": 0.0, "fpem/future_mi_valid": 0.0, "fpem/future_mi_logvar_mean": 0.0, "fpem/future_mi_target_mode_env_encoder": 0.0, "fpem/swap_loss": 0.0, "fpem/swap_diff_loss": 0.0, "fpem/swap_same_loss": 0.0, "fpem/swap_gain_mean": 0.0, "fpem/swap_s_gain_mean": 0.0, "fpem/swap_fallback_router_loss": 0.0, "fpem/swap_fallback_q_mean": 0.0, "fpem/swap_prediction_delta": 0.0, "fpem/swap_route_delta": 0.0, "fpem/swap_hyper_alpha_delta": 0.0, "fpem/swap_hyper_delta_norm": 0.0, "fpem/loss_env_day": 0.0, "fpem/loss_env_hour": 0.0, "fpem/loss_env_rush": 0.0, "fpem/env_day_acc": 0.0, "fpem/env_hour_acc": 0.0, "fpem/env_rush_acc": 0.0, "fpem/loss_env_supcon": 0.0, "fpem/env_supcon_valid_pairs": 0.0, "fpem/loss_inv_env_adv": 0.0, "fpem/inv_day_acc": 0.0, "fpem/inv_hour_acc": 0.0, "fpem/inv_rush_acc": 0.0, "fpem/loss_cross_cov_sep": 0.0, "fpem/load_level_experts_enabled": 1.0, "fpem/load_level_uses_target_or_future_load": 0.0, "fpem/environment_gate_uses_target_in_forward": 0.0, "fpem/load_level_env_residual_scale": 0.0, "fpem/uses_cached_observable_load_prior": 1.0, "fpem/primary_loss": 9.07330726441883, "fpem/inv_pred_loss": 9.215856842767625, "fpem/primary_uses_route": 1.0, "fpem/primary_uses_env_fusion": 0.0, "fpem/backbone_agcrn": 1.0, "fpem/backbone_graphwavenet": 0.0, "fpem/backbone_staeformer": 0.0, "fpem/gc_pred_loss_only": 1.0, "fpem/env_route_head_mode_hyper_proto": 1.0, "fpem/fpem_force_uniform_route": 0.0, "fpem/hard_prediction_sinkhorn_total_replaces_primary": 0.0, "fpem/hard_prediction_environment_sinkhorn_total_replaces_primary": 0.0, "fpem/warmup_risk_sinkhorn_total_replaces_primary": 0.0, "fpem/lambda_club_mi": 0.0}}
EPOCH {"epoch": 29, "train_loss": 11.614723350888207, "val": {"loss": 11.8390900293986, "mae": 11.624978065490723, "mape": 0.1898263692855835}, "test_mixed": {"loss": NaN, "mae": NaN, "mape": NaN}, "test_workday": {"loss": NaN, "mae": NaN, "mape": NaN}, "test_holiday": {"loss": NaN, "mae": NaN, "mape": NaN}, "test_avg_mae": NaN, "lr": 0.001, "fpem_logs": {"fpem/fpem_env_use_exogenous": 1.0, "fpem/env_exogenous_available": 1.0, "fpem/env_exogenous_time_available": 1.0, "fpem/env_exogenous_load_available": 1.0, "fpem/env_exogenous_feature_dim": 32.0, "fpem/env_exogenous_embedding_norm": 2.776110685439337, "fpem/env_exogenous_load_embedding_norm": 1.968805894397554, "fpem/env_rep_ablation_normal": 1.0, "fpem/env_rep_ablation_zero": 0.0, "fpem/env_rep_ablation_shuffle_batch": 0.0, "fpem/env_rep_ablation_mode_id": 0.0, "fpem/mask_loss": 0.0, "fpem/mask_sparse_loss": 0.0, "fpem/mask_entropy_loss": 0.0, "fpem/mask_mean": 1.0, "fpem/mask_entropy": 0.0, "fpem/mask_active_ratio": 1.0, "fpem/fusion_alpha_mean": 0.0, "fpem/fusion_alpha_std": 0.0, "fpem/fusion_alpha_min": 0.0, "fpem/fusion_alpha_max": 0.0, "fpem/env_route_loss": 2.546034049987793, "fpem/env_route_L_final": 9.068038540794737, "fpem/env_route_L_global": 0.0, "fpem/env_route_L_route_soft": 0.0, "fpem/env_route_L_expert": 9.45196936016991, "fpem/env_route_L_router_oracle": 0.655640150819506, "fpem/env_route_L_balance": 0.0, "fpem/env_route_L_diverse": 0.0, "fpem/env_route_L_proto_align": 0.0, "fpem/env_route_entropy": 0.0, "fpem/env_route_q_max_mean": 0.0, "fpem/hyper_alpha_mean": 0.0, "fpem/hyper_delta_norm": 0.0, "fpem/hyper_route_proto_mode_uniform_warmup": 0.0, "fpem/hyper_route_proto_mode_uniform_fixed": 0.0, "fpem/hyper_route_proto_mode_sinkhorn": 0.0, "fpem/hyper_route_proto_mode_softmax": 0.0, "fpem/fallback_q_mean": 0.4446428571428571, "fpem/fallback_q_max": 0.0, "fpem/env_q_sum_mean": 0.5553571428571429, "fpem/oracle_fallback_rate": 0.0, "fpem/route_count_fallback": 0.0, "fpem/env_route_head_mode": 1.0, "fpem/route_entropy_mean": 0.0, "fpem/route_mean_distribution_entropy": 0.0, "fpem/effective_expert_number": 1.0, "fpem/max_expert_usage_ratio": 0.0, "fpem/min_expert_usage_ratio": 0.0, "fpem/prototype_pairwise_cosine": 0.0, "fpem/expert_prediction_pairwise_cosine": 0.0, "fpem/expert_collapse_warning": 0.0, "fpem/env_route_target_mode_env_prototype": 0.0, "fpem/env_route_target_mode_hybrid": 0.0, "fpem/env_route_hybrid_alpha": 0.0, "fpem/env_route_train_mode_warmup_risk_sinkhorn": 0.0, "fpem/warmup_risk_stage_warmup": 0.0, "fpem/warmup_risk_stage_soft": 0.0, "fpem/warmup_risk_stage_hard": 0.0, "fpem/warmup_risk_selected_loss": 0.0, "fpem/warmup_risk_uniform_common_loss": 0.0, "fpem/warmup_risk_lambda_common": 0.0, "fpem/warmup_risk_total_common_term": 0.0, "fpem/warmup_risk_temperature": 0.0, "fpem/warmup_risk_temperature_progress": 0.0, "fpem/uniform_expert_mae": 0.0, "fpem/risk_routed_mae": 0.0, "fpem/risk_prediction_mae": 0.0, "fpem/risk_loss": 0.0, "fpem/risk_ranking_loss": 0.0, "fpem/risk_ranking_accuracy": 0.0, "fpem/risk_oracle_argmin_accuracy": 0.0, "fpem/risk_router_temperature": 0.0, "fpem/risk_router_lambda": 0.0, "fpem/risk_router_pairwise_lambda": 0.0, "fpem/env_route_train_mode_progressive_gmm_environment": 0.0, "fpem/top_level_prediction_source_progressive_gmm_teacher_hard": 0.0, "fpem/progressive_assignment_uses_target_or_prediction_error": 0.0, "fpem/progressive_partition_ready": 0.0, "fpem/progressive_selected_k": 0.0, "fpem/progressive_active_expert_count": 0.0, "fpem/progressive_last_partition_epoch": 0.0, "fpem/progressive_lambda_common": 0.0, "fpem/progressive_common_term": 0.0, "fpem/progressive_compactness_loss": 0.0, "fpem/progressive_consistency_loss": 0.0, "fpem/progressive_cluster_entropy": 0.0, "fpem/progressive_assignment_change_ratio": 0.0, "fpem/progressive_hungarian_overlap_score": 0.0, "fpem/progressive_partition_update_time_sec": 0.0, "fpem/progressive_routed_mae": 0.0, "fpem/progressive_gmm_environment_total_replaces_primary": 0.0, "fpem/env_route_count_head_0": 16.0, "fpem/env_route_oracle_count_head_0": 16.0, "fpem/route_count_env_head_0": 16.0, "fpem/route_soft_mean_expert_0": 1.0, "fpem/route_hard_count_expert_0": 16.0, "fpem/hard_count_expert_0": 16.0, "fpem/sinkhorn_soft_col_mass_expert_0": 0.0, "fpem/progressive_active_expert_0": 0.0, "fpem/progressive_cluster_size_0": 0.0, "fpem/progressive_cluster_ratio_0": 0.0, "fpem/progressive_cluster_to_expert_0": 0.0, "fpem/progressive_bic_k1": 0.0, "fpem/progressive_bic_score_k1": 0.0, "fpem/progressive_bic_rejected_k1": 0.0, "fpem/hyper_alpha_head_0": 0.0, "fpem/hyper_gamma_norm_head_0": 0.0, "fpem/hyper_beta_norm_head_0": 0.0, "fpem/expert_cross_mae_group_0_expert_0": 9.45196936016991, "fpem/load_expert_loss": 9.45196936016991, "fpem/hard_router_loss": 0.655640150819506, "fpem/hard_router_target_env_ratio": 0.593452380952381, "fpem/hard_router_predicted_env_ratio": 0.5553571428571429, "fpem/hard_router_effective_env_ratio": 0.5553571428571429, "fpem/hard_router_supervision_enabled": 1.0, "fpem/hard_router_warmup_active": 0.0, "fpem/load_level_assignment_detached": 1.0, "fpem/load_level_count_0": 1680.0, "fpem/load_level_ratio_0": 1.0, "fpem/expert_0_global_loss": 9.45196936016991, "fpem/expert_0_selected_loss": 9.45196936016991, "fpem/hard_router_margin_mean": 0.09662237252507891, "fpem/hard_router_gain_mean": 0.21026812905356998, "fpem/hard_router_class_weight_invariant": 1.3953164588837397, "fpem/hard_router_class_weight_environment": 0.8976012513751075, "fpem/expert_prediction_pairwise_difference": 0.0, "fpem/delta_pairwise_cosine": 0.0, "fpem/delta_pairwise_l1": 0.0, "fpem/delta_pairwise_l2": 0.0, "fpem/expert_0_parameter_norm": 14.925099690755209, "fpem/hard_binary_router_enabled": 1.0, "fpem/hard_router_uses_target_in_forward": 0.0, "fpem/stored_future_c_loaded": 0.0, "fpem/prediction_is_weighted_complete_fusion": 0.0, "fpem/future_mi_loss": 0.0, "fpem/future_mi_valid": 0.0, "fpem/future_mi_logvar_mean": 0.0, "fpem/future_mi_target_mode_env_encoder": 0.0, "fpem/swap_loss": 0.0, "fpem/swap_diff_loss": 0.0, "fpem/swap_same_loss": 0.0, "fpem/swap_gain_mean": 0.0, "fpem/swap_s_gain_mean": 0.0, "fpem/swap_fallback_router_loss": 0.0, "fpem/swap_fallback_q_mean": 0.0, "fpem/swap_prediction_delta": 0.0, "fpem/swap_route_delta": 0.0, "fpem/swap_hyper_alpha_delta": 0.0, "fpem/swap_hyper_delta_norm": 0.0, "fpem/loss_env_day": 0.0, "fpem/loss_env_hour": 0.0, "fpem/loss_env_rush": 0.0, "fpem/env_day_acc": 0.0, "fpem/env_hour_acc": 0.0, "fpem/env_rush_acc": 0.0, "fpem/loss_env_supcon": 0.0, "fpem/env_supcon_valid_pairs": 0.0, "fpem/loss_inv_env_adv": 0.0, "fpem/inv_day_acc": 0.0, "fpem/inv_hour_acc": 0.0, "fpem/inv_rush_acc": 0.0, "fpem/loss_cross_cov_sep": 0.0, "fpem/load_level_experts_enabled": 1.0, "fpem/load_level_uses_target_or_future_load": 0.0, "fpem/environment_gate_uses_target_in_forward": 0.0, "fpem/load_level_env_residual_scale": 0.0, "fpem/uses_cached_observable_load_prior": 1.0, "fpem/primary_loss": 9.068038540794737, "fpem/inv_pred_loss": 9.216096405755906, "fpem/primary_uses_route": 1.0, "fpem/primary_uses_env_fusion": 0.0, "fpem/backbone_agcrn": 1.0, "fpem/backbone_graphwavenet": 0.0, "fpem/backbone_staeformer": 0.0, "fpem/gc_pred_loss_only": 1.0, "fpem/env_route_head_mode_hyper_proto": 1.0, "fpem/fpem_force_uniform_route": 0.0, "fpem/hard_prediction_sinkhorn_total_replaces_primary": 0.0, "fpem/hard_prediction_environment_sinkhorn_total_replaces_primary": 0.0, "fpem/warmup_risk_sinkhorn_total_replaces_primary": 0.0, "fpem/lambda_club_mi": 0.0}}
EPOCH {"epoch": 30, "train_loss": 11.625577835809617, "val": {"loss": 11.83618007765876, "mae": 11.633635520935059, "mape": 0.18516312539577484}, "test_mixed": {"loss": NaN, "mae": NaN, "mape": NaN}, "test_workday": {"loss": NaN, "mae": NaN, "mape": NaN}, "test_holiday": {"loss": NaN, "mae": NaN, "mape": NaN}, "test_avg_mae": NaN, "lr": 0.001, "fpem_logs": {"fpem/fpem_env_use_exogenous": 1.0, "fpem/env_exogenous_available": 1.0, "fpem/env_exogenous_time_available": 1.0, "fpem/env_exogenous_load_available": 1.0, "fpem/env_exogenous_feature_dim": 32.0, "fpem/env_exogenous_embedding_norm": 2.782027085622152, "fpem/env_exogenous_load_embedding_norm": 1.9704545577367147, "fpem/env_rep_ablation_normal": 1.0, "fpem/env_rep_ablation_zero": 0.0, "fpem/env_rep_ablation_shuffle_batch": 0.0, "fpem/env_rep_ablation_mode_id": 0.0, "fpem/mask_loss": 0.0, "fpem/mask_sparse_loss": 0.0, "fpem/mask_entropy_loss": 0.0, "fpem/mask_mean": 1.0, "fpem/mask_entropy": 0.0, "fpem/mask_active_ratio": 1.0, "fpem/fusion_alpha_mean": 0.0, "fpem/fusion_alpha_std": 0.0, "fpem/fusion_alpha_min": 0.0, "fpem/fusion_alpha_max": 0.0, "fpem/env_route_loss": 2.551430132275536, "fpem/env_route_L_final": 9.07192747933524, "fpem/env_route_L_global": 0.0, "fpem/env_route_L_route_soft": 0.0, "fpem/env_route_L_expert": 9.443751262483143, "fpem/env_route_L_router_oracle": 0.6626798442431858, "fpem/env_route_L_balance": 0.0, "fpem/env_route_L_diverse": 0.0, "fpem/env_route_L_proto_align": 0.0, "fpem/env_route_entropy": 0.0, "fpem/env_route_q_max_mean": 0.0, "fpem/hyper_alpha_mean": 0.0, "fpem/hyper_delta_norm": 0.0, "fpem/hyper_route_proto_mode_uniform_warmup": 0.0, "fpem/hyper_route_proto_mode_uniform_fixed": 0.0, "fpem/hyper_route_proto_mode_sinkhorn": 0.0, "fpem/hyper_route_proto_mode_softmax": 0.0, "fpem/fallback_q_mean": 0.45476190476190476, "fpem/fallback_q_max": 0.0, "fpem/env_q_sum_mean": 0.5452380952380952, "fpem/oracle_fallback_rate": 0.0, "fpem/route_count_fallback": 0.0, "fpem/env_route_head_mode": 1.0, "fpem/route_entropy_mean": 0.0, "fpem/route_mean_distribution_entropy": 0.0, "fpem/effective_expert_number": 1.0, "fpem/max_expert_usage_ratio": 0.0, "fpem/min_expert_usage_ratio": 0.0, "fpem/prototype_pairwise_cosine": 0.0, "fpem/expert_prediction_pairwise_cosine": 0.0, "fpem/expert_collapse_warning": 0.0, "fpem/env_route_target_mode_env_prototype": 0.0, "fpem/env_route_target_mode_hybrid": 0.0, "fpem/env_route_hybrid_alpha": 0.0, "fpem/env_route_train_mode_warmup_risk_sinkhorn": 0.0, "fpem/warmup_risk_stage_warmup": 0.0, "fpem/warmup_risk_stage_soft": 0.0, "fpem/warmup_risk_stage_hard": 0.0, "fpem/warmup_risk_selected_loss": 0.0, "fpem/warmup_risk_uniform_common_loss": 0.0, "fpem/warmup_risk_lambda_common": 0.0, "fpem/warmup_risk_total_common_term": 0.0, "fpem/warmup_risk_temperature": 0.0, "fpem/warmup_risk_temperature_progress": 0.0, "fpem/uniform_expert_mae": 0.0, "fpem/risk_routed_mae": 0.0, "fpem/risk_prediction_mae": 0.0, "fpem/risk_loss": 0.0, "fpem/risk_ranking_loss": 0.0, "fpem/risk_ranking_accuracy": 0.0, "fpem/risk_oracle_argmin_accuracy": 0.0, "fpem/risk_router_temperature": 0.0, "fpem/risk_router_lambda": 0.0, "fpem/risk_router_pairwise_lambda": 0.0, "fpem/env_route_train_mode_progressive_gmm_environment": 0.0, "fpem/top_level_prediction_source_progressive_gmm_teacher_hard": 0.0, "fpem/progressive_assignment_uses_target_or_prediction_error": 0.0, "fpem/progressive_partition_ready": 0.0, "fpem/progressive_selected_k": 0.0, "fpem/progressive_active_expert_count": 0.0, "fpem/progressive_last_partition_epoch": 0.0, "fpem/progressive_lambda_common": 0.0, "fpem/progressive_common_term": 0.0, "fpem/progressive_compactness_loss": 0.0, "fpem/progressive_consistency_loss": 0.0, "fpem/progressive_cluster_entropy": 0.0, "fpem/progressive_assignment_change_ratio": 0.0, "fpem/progressive_hungarian_overlap_score": 0.0, "fpem/progressive_partition_update_time_sec": 0.0, "fpem/progressive_routed_mae": 0.0, "fpem/progressive_gmm_environment_total_replaces_primary": 0.0, "fpem/env_route_count_head_0": 16.0, "fpem/env_route_oracle_count_head_0": 16.0, "fpem/route_count_env_head_0": 16.0, "fpem/route_soft_mean_expert_0": 1.0, "fpem/route_hard_count_expert_0": 16.0, "fpem/hard_count_expert_0": 16.0, "fpem/sinkhorn_soft_col_mass_expert_0": 0.0, "fpem/progressive_active_expert_0": 0.0, "fpem/progressive_cluster_size_0": 0.0, "fpem/progressive_cluster_ratio_0": 0.0, "fpem/progressive_cluster_to_expert_0": 0.0, "fpem/progressive_bic_k1": 0.0, "fpem/progressive_bic_score_k1": 0.0, "fpem/progressive_bic_rejected_k1": 0.0, "fpem/hyper_alpha_head_0": 0.0, "fpem/hyper_gamma_norm_head_0": 0.0, "fpem/hyper_beta_norm_head_0": 0.0, "fpem/expert_cross_mae_group_0_expert_0": 9.443751262483143, "fpem/load_expert_loss": 9.443751262483143, "fpem/hard_router_loss": 0.6626798442431858, "fpem/hard_router_target_env_ratio": 0.611904761904762, "fpem/hard_router_predicted_env_ratio": 0.5452380952380952, "fpem/hard_router_effective_env_ratio": 0.5452380952380952, "fpem/hard_router_supervision_enabled": 1.0, "fpem/hard_router_warmup_active": 0.0, "fpem/load_level_assignment_detached": 1.0, "fpem/load_level_count_0": 1680.0, "fpem/load_level_ratio_0": 1.0, "fpem/expert_0_global_loss": 9.443751262483143, "fpem/expert_0_selected_loss": 9.443751262483143, "fpem/hard_router_margin_mean": 0.09662237287986847, "fpem/hard_router_gain_mean": 0.21848624504747846, "fpem/hard_router_class_weight_invariant": 1.5566182221685136, "fpem/hard_router_class_weight_environment": 0.8923250493549165, "fpem/expert_prediction_pairwise_difference": 0.0, "fpem/delta_pairwise_cosine": 0.0, "fpem/delta_pairwise_l1": 0.0, "fpem/delta_pairwise_l2": 0.0, "fpem/expert_0_parameter_norm": 14.92515822819301, "fpem/hard_binary_router_enabled": 1.0, "fpem/hard_router_uses_target_in_forward": 0.0, "fpem/stored_future_c_loaded": 0.0, "fpem/prediction_is_weighted_complete_fusion": 0.0, "fpem/future_mi_loss": 0.0, "fpem/future_mi_valid": 0.0, "fpem/future_mi_logvar_mean": 0.0, "fpem/future_mi_target_mode_env_encoder": 0.0, "fpem/swap_loss": 0.0, "fpem/swap_diff_loss": 0.0, "fpem/swap_same_loss": 0.0, "fpem/swap_gain_mean": 0.0, "fpem/swap_s_gain_mean": 0.0, "fpem/swap_fallback_router_loss": 0.0, "fpem/swap_fallback_q_mean": 0.0, "fpem/swap_prediction_delta": 0.0, "fpem/swap_route_delta": 0.0, "fpem/swap_hyper_alpha_delta": 0.0, "fpem/swap_hyper_delta_norm": 0.0, "fpem/loss_env_day": 0.0, "fpem/loss_env_hour": 0.0, "fpem/loss_env_rush": 0.0, "fpem/env_day_acc": 0.0, "fpem/env_hour_acc": 0.0, "fpem/env_rush_acc": 0.0, "fpem/loss_env_supcon": 0.0, "fpem/env_supcon_valid_pairs": 0.0, "fpem/loss_inv_env_adv": 0.0, "fpem/inv_day_acc": 0.0, "fpem/inv_hour_acc": 0.0, "fpem/inv_rush_acc": 0.0, "fpem/loss_cross_cov_sep": 0.0, "fpem/load_level_experts_enabled": 1.0, "fpem/load_level_uses_target_or_future_load": 0.0, "fpem/environment_gate_uses_target_in_forward": 0.0, "fpem/load_level_env_residual_scale": 0.0, "fpem/uses_cached_observable_load_prior": 1.0, "fpem/primary_loss": 9.07192747933524, "fpem/inv_pred_loss": 9.223050081162226, "fpem/primary_uses_route": 1.0, "fpem/primary_uses_env_fusion": 0.0, "fpem/backbone_agcrn": 1.0, "fpem/backbone_graphwavenet": 0.0, "fpem/backbone_staeformer": 0.0, "fpem/gc_pred_loss_only": 1.0, "fpem/env_route_head_mode_hyper_proto": 1.0, "fpem/fpem_force_uniform_route": 0.0, "fpem/hard_prediction_sinkhorn_total_replaces_primary": 0.0, "fpem/hard_prediction_environment_sinkhorn_total_replaces_primary": 0.0, "fpem/warmup_risk_sinkhorn_total_replaces_primary": 0.0, "fpem/lambda_club_mi": 0.0}}
EPOCH {"epoch": 31, "train_loss": 11.599284108479818, "val": {"loss": 11.876438246832954, "mae": 11.672734260559082, "mape": 0.18604280054569244}, "test_mixed": {"loss": NaN, "mae": NaN, "mape": NaN}, "test_workday": {"loss": NaN, "mae": NaN, "mape": NaN}, "test_holiday": {"loss": NaN, "mae": NaN, "mape": NaN}, "test_avg_mae": NaN, "lr": 0.001, "fpem_logs": {"fpem/fpem_env_use_exogenous": 1.0, "fpem/env_exogenous_available": 1.0, "fpem/env_exogenous_time_available": 1.0, "fpem/env_exogenous_load_available": 1.0, "fpem/env_exogenous_feature_dim": 32.0, "fpem/env_exogenous_embedding_norm": 2.7813531058175225, "fpem/env_exogenous_load_embedding_norm": 1.9693456309182302, "fpem/env_rep_ablation_normal": 1.0, "fpem/env_rep_ablation_zero": 0.0, "fpem/env_rep_ablation_shuffle_batch": 0.0, "fpem/env_rep_ablation_mode_id": 0.0, "fpem/mask_loss": 0.0, "fpem/mask_sparse_loss": 0.0, "fpem/mask_entropy_loss": 0.0, "fpem/mask_mean": 1.0, "fpem/mask_entropy": 0.0, "fpem/mask_active_ratio": 1.0, "fpem/fusion_alpha_mean": 0.0, "fpem/fusion_alpha_std": 0.0, "fpem/fusion_alpha_min": 0.0, "fpem/fusion_alpha_max": 0.0, "fpem/env_route_loss": 2.542850907643636, "fpem/env_route_L_final": 9.05833908262707, "fpem/env_route_L_global": 0.0, "fpem/env_route_L_route_soft": 0.0, "fpem/env_route_L_expert": 9.435127262842087, "fpem/env_route_L_router_oracle": 0.6558254196530297, "fpem/env_route_L_balance": 0.0, "fpem/env_route_L_diverse": 0.0, "fpem/env_route_L_proto_align": 0.0, "fpem/env_route_entropy": 0.0, "fpem/env_route_q_max_mean": 0.0, "fpem/hyper_alpha_mean": 0.0, "fpem/hyper_delta_norm": 0.0, "fpem/hyper_route_proto_mode_uniform_warmup": 0.0, "fpem/hyper_route_proto_mode_uniform_fixed": 0.0, "fpem/hyper_route_proto_mode_sinkhorn": 0.0, "fpem/hyper_route_proto_mode_softmax": 0.0, "fpem/fallback_q_mean": 0.46785714285714286, "fpem/fallback_q_max": 0.0, "fpem/env_q_sum_mean": 0.5321428571428571, "fpem/oracle_fallback_rate": 0.0, "fpem/route_count_fallback": 0.0, "fpem/env_route_head_mode": 1.0, "fpem/route_entropy_mean": 0.0, "fpem/route_mean_distribution_entropy": 0.0, "fpem/effective_expert_number": 1.0, "fpem/max_expert_usage_ratio": 0.0, "fpem/min_expert_usage_ratio": 0.0, "fpem/prototype_pairwise_cosine": 0.0, "fpem/expert_prediction_pairwise_cosine": 0.0, "fpem/expert_collapse_warning": 0.0, "fpem/env_route_target_mode_env_prototype": 0.0, "fpem/env_route_target_mode_hybrid": 0.0, "fpem/env_route_hybrid_alpha": 0.0, "fpem/env_route_train_mode_warmup_risk_sinkhorn": 0.0, "fpem/warmup_risk_stage_warmup": 0.0, "fpem/warmup_risk_stage_soft": 0.0, "fpem/warmup_risk_stage_hard": 0.0, "fpem/warmup_risk_selected_loss": 0.0, "fpem/warmup_risk_uniform_common_loss": 0.0, "fpem/warmup_risk_lambda_common": 0.0, "fpem/warmup_risk_total_common_term": 0.0, "fpem/warmup_risk_temperature": 0.0, "fpem/warmup_risk_temperature_progress": 0.0, "fpem/uniform_expert_mae": 0.0, "fpem/risk_routed_mae": 0.0, "fpem/risk_prediction_mae": 0.0, "fpem/risk_loss": 0.0, "fpem/risk_ranking_loss": 0.0, "fpem/risk_ranking_accuracy": 0.0, "fpem/risk_oracle_argmin_accuracy": 0.0, "fpem/risk_router_temperature": 0.0, "fpem/risk_router_lambda": 0.0, "fpem/risk_router_pairwise_lambda": 0.0, "fpem/env_route_train_mode_progressive_gmm_environment": 0.0, "fpem/top_level_prediction_source_progressive_gmm_teacher_hard": 0.0, "fpem/progressive_assignment_uses_target_or_prediction_error": 0.0, "fpem/progressive_partition_ready": 0.0, "fpem/progressive_selected_k": 0.0, "fpem/progressive_active_expert_count": 0.0, "fpem/progressive_last_partition_epoch": 0.0, "fpem/progressive_lambda_common": 0.0, "fpem/progressive_common_term": 0.0, "fpem/progressive_compactness_loss": 0.0, "fpem/progressive_consistency_loss": 0.0, "fpem/progressive_cluster_entropy": 0.0, "fpem/progressive_assignment_change_ratio": 0.0, "fpem/progressive_hungarian_overlap_score": 0.0, "fpem/progressive_partition_update_time_sec": 0.0, "fpem/progressive_routed_mae": 0.0, "fpem/progressive_gmm_environment_total_replaces_primary": 0.0, "fpem/env_route_count_head_0": 16.0, "fpem/env_route_oracle_count_head_0": 16.0, "fpem/route_count_env_head_0": 16.0, "fpem/route_soft_mean_expert_0": 1.0, "fpem/route_hard_count_expert_0": 16.0, "fpem/hard_count_expert_0": 16.0, "fpem/sinkhorn_soft_col_mass_expert_0": 0.0, "fpem/progressive_active_expert_0": 0.0, "fpem/progressive_cluster_size_0": 0.0, "fpem/progressive_cluster_ratio_0": 0.0, "fpem/progressive_cluster_to_expert_0": 0.0, "fpem/progressive_bic_k1": 0.0, "fpem/progressive_bic_score_k1": 0.0, "fpem/progressive_bic_rejected_k1": 0.0, "fpem/hyper_alpha_head_0": 0.0, "fpem/hyper_gamma_norm_head_0": 0.0, "fpem/hyper_beta_norm_head_0": 0.0, "fpem/expert_cross_mae_group_0_expert_0": 9.435127262842087, "fpem/load_expert_loss": 9.435127262842087, "fpem/hard_router_loss": 0.6558254196530297, "fpem/hard_router_target_env_ratio": 0.618452380952381, "fpem/hard_router_predicted_env_ratio": 0.5321428571428571, "fpem/hard_router_effective_env_ratio": 0.5321428571428571, "fpem/hard_router_supervision_enabled": 1.0, "fpem/hard_router_warmup_active": 0.0, "fpem/load_level_assignment_detached": 1.0, "fpem/load_level_count_0": 1680.0, "fpem/load_level_ratio_0": 1.0, "fpem/expert_0_global_loss": 9.435127262842087, "fpem/expert_0_selected_loss": 9.435127262842087, "fpem/hard_router_margin_mean": 0.0966223731637001, "fpem/hard_router_gain_mean": 0.22711018636113123, "fpem/hard_router_class_weight_invariant": 1.5632103602091472, "fpem/hard_router_class_weight_environment": 0.8546558402833484, "fpem/expert_prediction_pairwise_difference": 0.0, "fpem/delta_pairwise_cosine": 0.0, "fpem/delta_pairwise_l1": 0.0, "fpem/delta_pairwise_l2": 0.0, "fpem/expert_0_parameter_norm": 14.929030590965635, "fpem/hard_binary_router_enabled": 1.0, "fpem/hard_router_uses_target_in_forward": 0.0, "fpem/stored_future_c_loaded": 0.0, "fpem/prediction_is_weighted_complete_fusion": 0.0, "fpem/future_mi_loss": 0.0, "fpem/future_mi_valid": 0.0, "fpem/future_mi_logvar_mean": 0.0, "fpem/future_mi_target_mode_env_encoder": 0.0, "fpem/swap_loss": 0.0, "fpem/swap_diff_loss": 0.0, "fpem/swap_same_loss": 0.0, "fpem/swap_gain_mean": 0.0, "fpem/swap_s_gain_mean": 0.0, "fpem/swap_fallback_router_loss": 0.0, "fpem/swap_fallback_q_mean": 0.0, "fpem/swap_prediction_delta": 0.0, "fpem/swap_route_delta": 0.0, "fpem/swap_hyper_alpha_delta": 0.0, "fpem/swap_hyper_delta_norm": 0.0, "fpem/loss_env_day": 0.0, "fpem/loss_env_hour": 0.0, "fpem/loss_env_rush": 0.0, "fpem/env_day_acc": 0.0, "fpem/env_hour_acc": 0.0, "fpem/env_rush_acc": 0.0, "fpem/loss_env_supcon": 0.0, "fpem/env_supcon_valid_pairs": 0.0, "fpem/loss_inv_env_adv": 0.0, "fpem/inv_day_acc": 0.0, "fpem/inv_hour_acc": 0.0, "fpem/inv_rush_acc": 0.0, "fpem/loss_cross_cov_sep": 0.0, "fpem/load_level_experts_enabled": 1.0, "fpem/load_level_uses_target_or_future_load": 0.0, "fpem/environment_gate_uses_target_in_forward": 0.0, "fpem/load_level_env_residual_scale": 0.0, "fpem/uses_cached_observable_load_prior": 1.0, "fpem/primary_loss": 9.05833908262707, "fpem/inv_pred_loss": 9.211777514503115, "fpem/primary_uses_route": 1.0, "fpem/primary_uses_env_fusion": 0.0, "fpem/backbone_agcrn": 1.0, "fpem/backbone_graphwavenet": 0.0, "fpem/backbone_staeformer": 0.0, "fpem/gc_pred_loss_only": 1.0, "fpem/env_route_head_mode_hyper_proto": 1.0, "fpem/fpem_force_uniform_route": 0.0, "fpem/hard_prediction_sinkhorn_total_replaces_primary": 0.0, "fpem/hard_prediction_environment_sinkhorn_total_replaces_primary": 0.0, "fpem/warmup_risk_sinkhorn_total_replaces_primary": 0.0, "fpem/lambda_club_mi": 0.0}}
EPOCH {"epoch": 32, "train_loss": 11.625187982831683, "val": {"loss": 11.805193159315321, "mae": 11.595904350280762, "mape": 0.18782004714012146}, "test_mixed": {"loss": NaN, "mae": NaN, "mape": NaN}, "test_workday": {"loss": NaN, "mae": NaN, "mape": NaN}, "test_holiday": {"loss": NaN, "mae": NaN, "mape": NaN}, "test_avg_mae": NaN, "lr": 0.001, "fpem_logs": {"fpem/fpem_env_use_exogenous": 1.0, "fpem/env_exogenous_available": 1.0, "fpem/env_exogenous_time_available": 1.0, "fpem/env_exogenous_load_available": 1.0, "fpem/env_exogenous_feature_dim": 32.0, "fpem/env_exogenous_embedding_norm": 2.7809394609360467, "fpem/env_exogenous_load_embedding_norm": 1.9651528142747425, "fpem/env_rep_ablation_normal": 1.0, "fpem/env_rep_ablation_zero": 0.0, "fpem/env_rep_ablation_shuffle_batch": 0.0, "fpem/env_rep_ablation_mode_id": 0.0, "fpem/mask_loss": 0.0, "fpem/mask_sparse_loss": 0.0, "fpem/mask_entropy_loss": 0.0, "fpem/mask_mean": 1.0, "fpem/mask_entropy": 0.0, "fpem/mask_active_ratio": 1.0, "fpem/fusion_alpha_mean": 0.0, "fpem/fusion_alpha_std": 0.0, "fpem/fusion_alpha_min": 0.0, "fpem/fusion_alpha_max": 0.0, "fpem/env_route_loss": 2.5535838172549292, "fpem/env_route_L_final": 9.071051547640845, "fpem/env_route_L_global": 0.0, "fpem/env_route_L_route_soft": 0.0, "fpem/env_route_L_expert": 9.448344080788749, "fpem/env_route_L_router_oracle": 0.6639149512563433, "fpem/env_route_L_balance": 0.0, "fpem/env_route_L_diverse": 0.0, "fpem/env_route_L_proto_align": 0.0, "fpem/env_route_entropy": 0.0, "fpem/env_route_q_max_mean": 0.0, "fpem/hyper_alpha_mean": 0.0, "fpem/hyper_delta_norm": 0.0, "fpem/hyper_route_proto_mode_uniform_warmup": 0.0, "fpem/hyper_route_proto_mode_uniform_fixed": 0.0, "fpem/hyper_route_proto_mode_sinkhorn": 0.0, "fpem/hyper_route_proto_mode_softmax": 0.0, "fpem/fallback_q_mean": 0.41845238095238096, "fpem/fallback_q_max": 0.0, "fpem/env_q_sum_mean": 0.5815476190476191, "fpem/oracle_fallback_rate": 0.0, "fpem/route_count_fallback": 0.0, "fpem/env_route_head_mode": 1.0, "fpem/route_entropy_mean": 0.0, "fpem/route_mean_distribution_entropy": 0.0, "fpem/effective_expert_number": 1.0, "fpem/max_expert_usage_ratio": 0.0, "fpem/min_expert_usage_ratio": 0.0, "fpem/prototype_pairwise_cosine": 0.0, "fpem/expert_prediction_pairwise_cosine": 0.0, "fpem/expert_collapse_warning": 0.0, "fpem/env_route_target_mode_env_prototype": 0.0, "fpem/env_route_target_mode_hybrid": 0.0, "fpem/env_route_hybrid_alpha": 0.0, "fpem/env_route_train_mode_warmup_risk_sinkhorn": 0.0, "fpem/warmup_risk_stage_warmup": 0.0, "fpem/warmup_risk_stage_soft": 0.0, "fpem/warmup_risk_stage_hard": 0.0, "fpem/warmup_risk_selected_loss": 0.0, "fpem/warmup_risk_uniform_common_loss": 0.0, "fpem/warmup_risk_lambda_common": 0.0, "fpem/warmup_risk_total_common_term": 0.0, "fpem/warmup_risk_temperature": 0.0, "fpem/warmup_risk_temperature_progress": 0.0, "fpem/uniform_expert_mae": 0.0, "fpem/risk_routed_mae": 0.0, "fpem/risk_prediction_mae": 0.0, "fpem/risk_loss": 0.0, "fpem/risk_ranking_loss": 0.0, "fpem/risk_ranking_accuracy": 0.0, "fpem/risk_oracle_argmin_accuracy": 0.0, "fpem/risk_router_temperature": 0.0, "fpem/risk_router_lambda": 0.0, "fpem/risk_router_pairwise_lambda": 0.0, "fpem/env_route_train_mode_progressive_gmm_environment": 0.0, "fpem/top_level_prediction_source_progressive_gmm_teacher_hard": 0.0, "fpem/progressive_assignment_uses_target_or_prediction_error": 0.0, "fpem/progressive_partition_ready": 0.0, "fpem/progressive_selected_k": 0.0, "fpem/progressive_active_expert_count": 0.0, "fpem/progressive_last_partition_epoch": 0.0, "fpem/progressive_lambda_common": 0.0, "fpem/progressive_common_term": 0.0, "fpem/progressive_compactness_loss": 0.0, "fpem/progressive_consistency_loss": 0.0, "fpem/progressive_cluster_entropy": 0.0, "fpem/progressive_assignment_change_ratio": 0.0, "fpem/progressive_hungarian_overlap_score": 0.0, "fpem/progressive_partition_update_time_sec": 0.0, "fpem/progressive_routed_mae": 0.0, "fpem/progressive_gmm_environment_total_replaces_primary": 0.0, "fpem/env_route_count_head_0": 16.0, "fpem/env_route_oracle_count_head_0": 16.0, "fpem/route_count_env_head_0": 16.0, "fpem/route_soft_mean_expert_0": 1.0, "fpem/route_hard_count_expert_0": 16.0, "fpem/hard_count_expert_0": 16.0, "fpem/sinkhorn_soft_col_mass_expert_0": 0.0, "fpem/progressive_active_expert_0": 0.0, "fpem/progressive_cluster_size_0": 0.0, "fpem/progressive_cluster_ratio_0": 0.0, "fpem/progressive_cluster_to_expert_0": 0.0, "fpem/progressive_bic_k1": 0.0, "fpem/progressive_bic_score_k1": 0.0, "fpem/progressive_bic_rejected_k1": 0.0, "fpem/hyper_alpha_head_0": 0.0, "fpem/hyper_gamma_norm_head_0": 0.0, "fpem/hyper_beta_norm_head_0": 0.0, "fpem/expert_cross_mae_group_0_expert_0": 9.448344080788749, "fpem/load_expert_loss": 9.448344080788749, "fpem/hard_router_loss": 0.6639149512563433, "fpem/hard_router_target_env_ratio": 0.5916666666666667, "fpem/hard_router_predicted_env_ratio": 0.5815476190476191, "fpem/hard_router_effective_env_ratio": 0.5815476190476191, "fpem/hard_router_supervision_enabled": 1.0, "fpem/hard_router_warmup_active": 0.0, "fpem/load_level_assignment_detached": 1.0, "fpem/load_level_count_0": 1680.0, "fpem/load_level_ratio_0": 1.0, "fpem/expert_0_global_loss": 9.448344080788749, "fpem/expert_0_selected_loss": 9.448344080788749, "fpem/hard_router_margin_mean": 0.09662237266699474, "fpem/hard_router_gain_mean": 0.21389337182044982, "fpem/hard_router_class_weight_invariant": 1.4480780856949942, "fpem/hard_router_class_weight_environment": 0.8975242943990798, "fpem/expert_prediction_pairwise_difference": 0.0, "fpem/delta_pairwise_cosine": 0.0, "fpem/delta_pairwise_l1": 0.0, "fpem/delta_pairwise_l2": 0.0, "fpem/expert_0_parameter_norm": 14.929383595784506, "fpem/hard_binary_router_enabled": 1.0, "fpem/hard_router_uses_target_in_forward": 0.0, "fpem/stored_future_c_loaded": 0.0, "fpem/prediction_is_weighted_complete_fusion": 0.0, "fpem/future_mi_loss": 0.0, "fpem/future_mi_valid": 0.0, "fpem/future_mi_logvar_mean": 0.0, "fpem/future_mi_target_mode_env_encoder": 0.0, "fpem/swap_loss": 0.0, "fpem/swap_diff_loss": 0.0, "fpem/swap_same_loss": 0.0, "fpem/swap_gain_mean": 0.0, "fpem/swap_s_gain_mean": 0.0, "fpem/swap_fallback_router_loss": 0.0, "fpem/swap_fallback_q_mean": 0.0, "fpem/swap_prediction_delta": 0.0, "fpem/swap_route_delta": 0.0, "fpem/swap_hyper_alpha_delta": 0.0, "fpem/swap_hyper_delta_norm": 0.0, "fpem/loss_env_day": 0.0, "fpem/loss_env_hour": 0.0, "fpem/loss_env_rush": 0.0, "fpem/env_day_acc": 0.0, "fpem/env_hour_acc": 0.0, "fpem/env_rush_acc": 0.0, "fpem/loss_env_supcon": 0.0, "fpem/env_supcon_valid_pairs": 0.0, "fpem/loss_inv_env_adv": 0.0, "fpem/inv_day_acc": 0.0, "fpem/inv_hour_acc": 0.0, "fpem/inv_rush_acc": 0.0, "fpem/loss_cross_cov_sep": 0.0, "fpem/load_level_experts_enabled": 1.0, "fpem/load_level_uses_target_or_future_load": 0.0, "fpem/environment_gate_uses_target_in_forward": 0.0, "fpem/load_level_env_residual_scale": 0.0, "fpem/uses_cached_observable_load_prior": 1.0, "fpem/primary_loss": 9.071051547640845, "fpem/inv_pred_loss": 9.218467825935, "fpem/primary_uses_route": 1.0, "fpem/primary_uses_env_fusion": 0.0, "fpem/backbone_agcrn": 1.0, "fpem/backbone_graphwavenet": 0.0, "fpem/backbone_staeformer": 0.0, "fpem/gc_pred_loss_only": 1.0, "fpem/env_route_head_mode_hyper_proto": 1.0, "fpem/fpem_force_uniform_route": 0.0, "fpem/hard_prediction_sinkhorn_total_replaces_primary": 0.0, "fpem/hard_prediction_environment_sinkhorn_total_replaces_primary": 0.0, "fpem/warmup_risk_sinkhorn_total_replaces_primary": 0.0, "fpem/lambda_club_mi": 0.0}}
EPOCH {"epoch": 33, "train_loss": 11.612162599109467, "val": {"loss": 11.900292767418755, "mae": 11.677538871765137, "mape": 0.19452956318855286}, "test_mixed": {"loss": NaN, "mae": NaN, "mape": NaN}, "test_workday": {"loss": NaN, "mae": NaN, "mape": NaN}, "test_holiday": {"loss": NaN, "mae": NaN, "mape": NaN}, "test_avg_mae": NaN, "lr": 0.001, "fpem_logs": {"fpem/fpem_env_use_exogenous": 1.0, "fpem/env_exogenous_available": 1.0, "fpem/env_exogenous_time_available": 1.0, "fpem/env_exogenous_load_available": 1.0, "fpem/env_exogenous_feature_dim": 32.0, "fpem/env_exogenous_embedding_norm": 2.781715994789487, "fpem/env_exogenous_load_embedding_norm": 1.965073291460673, "fpem/env_rep_ablation_normal": 1.0, "fpem/env_rep_ablation_zero": 0.0, "fpem/env_rep_ablation_shuffle_batch": 0.0, "fpem/env_rep_ablation_mode_id": 0.0, "fpem/mask_loss": 0.0, "fpem/mask_sparse_loss": 0.0, "fpem/mask_entropy_loss": 0.0, "fpem/mask_mean": 1.0, "fpem/mask_entropy": 0.0, "fpem/mask_active_ratio": 1.0, "fpem/fusion_alpha_mean": 0.0, "fpem/fusion_alpha_std": 0.0, "fpem/fusion_alpha_min": 0.0, "fpem/fusion_alpha_max": 0.0, "fpem/env_route_loss": 2.553420505069551, "fpem/env_route_L_final": 9.060880801791237, "fpem/env_route_L_global": 0.0, "fpem/env_route_L_route_soft": 0.0, "fpem/env_route_L_expert": 9.434038652692522, "fpem/env_route_L_router_oracle": 0.6666127375194004, "fpem/env_route_L_balance": 0.0, "fpem/env_route_L_diverse": 0.0, "fpem/env_route_L_proto_align": 0.0, "fpem/env_route_entropy": 0.0, "fpem/env_route_q_max_mean": 0.0, "fpem/hyper_alpha_mean": 0.0, "fpem/hyper_delta_norm": 0.0, "fpem/hyper_route_proto_mode_uniform_warmup": 0.0, "fpem/hyper_route_proto_mode_uniform_fixed": 0.0, "fpem/hyper_route_proto_mode_sinkhorn": 0.0, "fpem/hyper_route_proto_mode_softmax": 0.0, "fpem/fallback_q_mean": 0.4636904761904762, "fpem/fallback_q_max": 0.0, "fpem/env_q_sum_mean": 0.5363095238095238, "fpem/oracle_fallback_rate": 0.0, "fpem/route_count_fallback": 0.0, "fpem/env_route_head_mode": 1.0, "fpem/route_entropy_mean": 0.0, "fpem/route_mean_distribution_entropy": 0.0, "fpem/effective_expert_number": 1.0, "fpem/max_expert_usage_ratio": 0.0, "fpem/min_expert_usage_ratio": 0.0, "fpem/prototype_pairwise_cosine": 0.0, "fpem/expert_prediction_pairwise_cosine": 0.0, "fpem/expert_collapse_warning": 0.0, "fpem/env_route_target_mode_env_prototype": 0.0, "fpem/env_route_target_mode_hybrid": 0.0, "fpem/env_route_hybrid_alpha": 0.0, "fpem/env_route_train_mode_warmup_risk_sinkhorn": 0.0, "fpem/warmup_risk_stage_warmup": 0.0, "fpem/warmup_risk_stage_soft": 0.0, "fpem/warmup_risk_stage_hard": 0.0, "fpem/warmup_risk_selected_loss": 0.0, "fpem/warmup_risk_uniform_common_loss": 0.0, "fpem/warmup_risk_lambda_common": 0.0, "fpem/warmup_risk_total_common_term": 0.0, "fpem/warmup_risk_temperature": 0.0, "fpem/warmup_risk_temperature_progress": 0.0, "fpem/uniform_expert_mae": 0.0, "fpem/risk_routed_mae": 0.0, "fpem/risk_prediction_mae": 0.0, "fpem/risk_loss": 0.0, "fpem/risk_ranking_loss": 0.0, "fpem/risk_ranking_accuracy": 0.0, "fpem/risk_oracle_argmin_accuracy": 0.0, "fpem/risk_router_temperature": 0.0, "fpem/risk_router_lambda": 0.0, "fpem/risk_router_pairwise_lambda": 0.0, "fpem/env_route_train_mode_progressive_gmm_environment": 0.0, "fpem/top_level_prediction_source_progressive_gmm_teacher_hard": 0.0, "fpem/progressive_assignment_uses_target_or_prediction_error": 0.0, "fpem/progressive_partition_ready": 0.0, "fpem/progressive_selected_k": 0.0, "fpem/progressive_active_expert_count": 0.0, "fpem/progressive_last_partition_epoch": 0.0, "fpem/progressive_lambda_common": 0.0, "fpem/progressive_common_term": 0.0, "fpem/progressive_compactness_loss": 0.0, "fpem/progressive_consistency_loss": 0.0, "fpem/progressive_cluster_entropy": 0.0, "fpem/progressive_assignment_change_ratio": 0.0, "fpem/progressive_hungarian_overlap_score": 0.0, "fpem/progressive_partition_update_time_sec": 0.0, "fpem/progressive_routed_mae": 0.0, "fpem/progressive_gmm_environment_total_replaces_primary": 0.0, "fpem/env_route_count_head_0": 16.0, "fpem/env_route_oracle_count_head_0": 16.0, "fpem/route_count_env_head_0": 16.0, "fpem/route_soft_mean_expert_0": 1.0, "fpem/route_hard_count_expert_0": 16.0, "fpem/hard_count_expert_0": 16.0, "fpem/sinkhorn_soft_col_mass_expert_0": 0.0, "fpem/progressive_active_expert_0": 0.0, "fpem/progressive_cluster_size_0": 0.0, "fpem/progressive_cluster_ratio_0": 0.0, "fpem/progressive_cluster_to_expert_0": 0.0, "fpem/progressive_bic_k1": 0.0, "fpem/progressive_bic_score_k1": 0.0, "fpem/progressive_bic_rejected_k1": 0.0, "fpem/hyper_alpha_head_0": 0.0, "fpem/hyper_gamma_norm_head_0": 0.0, "fpem/hyper_beta_norm_head_0": 0.0, "fpem/expert_cross_mae_group_0_expert_0": 9.434038652692522, "fpem/load_expert_loss": 9.434038652692522, "fpem/hard_router_loss": 0.6666127375194004, "fpem/hard_router_target_env_ratio": 0.6148809523809524, "fpem/hard_router_predicted_env_ratio": 0.5363095238095238, "fpem/hard_router_effective_env_ratio": 0.5363095238095238, "fpem/hard_router_supervision_enabled": 1.0, "fpem/hard_router_warmup_active": 0.0, "fpem/load_level_assignment_detached": 1.0, "fpem/load_level_count_0": 1680.0, "fpem/load_level_ratio_0": 1.0, "fpem/expert_0_global_loss": 9.434038652692522, "fpem/expert_0_selected_loss": 9.434038652692522, "fpem/hard_router_margin_mean": 0.09662237252507891, "fpem/hard_router_gain_mean": 0.22819881112802595, "fpem/hard_router_class_weight_invariant": 1.5254430492719016, "fpem/hard_router_class_weight_environment": 0.8637885031246003, "fpem/expert_prediction_pairwise_difference": 0.0, "fpem/delta_pairwise_cosine": 0.0, "fpem/delta_pairwise_l1": 0.0, "fpem/delta_pairwise_l2": 0.0, "fpem/expert_0_parameter_norm": 14.933748999096098, "fpem/hard_binary_router_enabled": 1.0, "fpem/hard_router_uses_target_in_forward": 0.0, "fpem/stored_future_c_loaded": 0.0, "fpem/prediction_is_weighted_complete_fusion": 0.0, "fpem/future_mi_loss": 0.0, "fpem/future_mi_valid": 0.0, "fpem/future_mi_logvar_mean": 0.0, "fpem/future_mi_target_mode_env_encoder": 0.0, "fpem/swap_loss": 0.0, "fpem/swap_diff_loss": 0.0, "fpem/swap_same_loss": 0.0, "fpem/swap_gain_mean": 0.0, "fpem/swap_s_gain_mean": 0.0, "fpem/swap_fallback_router_loss": 0.0, "fpem/swap_fallback_q_mean": 0.0, "fpem/swap_prediction_delta": 0.0, "fpem/swap_route_delta": 0.0, "fpem/swap_hyper_alpha_delta": 0.0, "fpem/swap_hyper_delta_norm": 0.0, "fpem/loss_env_day": 0.0, "fpem/loss_env_hour": 0.0, "fpem/loss_env_rush": 0.0, "fpem/env_day_acc": 0.0, "fpem/env_hour_acc": 0.0, "fpem/env_rush_acc": 0.0, "fpem/loss_env_supcon": 0.0, "fpem/env_supcon_valid_pairs": 0.0, "fpem/loss_inv_env_adv": 0.0, "fpem/inv_day_acc": 0.0, "fpem/inv_hour_acc": 0.0, "fpem/inv_rush_acc": 0.0, "fpem/loss_cross_cov_sep": 0.0, "fpem/load_level_experts_enabled": 1.0, "fpem/load_level_uses_target_or_future_load": 0.0, "fpem/environment_gate_uses_target_in_forward": 0.0, "fpem/load_level_env_residual_scale": 0.0, "fpem/uses_cached_observable_load_prior": 1.0, "fpem/primary_loss": 9.060880801791237, "fpem/inv_pred_loss": 9.218015153067453, "fpem/primary_uses_route": 1.0, "fpem/primary_uses_env_fusion": 0.0, "fpem/backbone_agcrn": 1.0, "fpem/backbone_graphwavenet": 0.0, "fpem/backbone_staeformer": 0.0, "fpem/gc_pred_loss_only": 1.0, "fpem/env_route_head_mode_hyper_proto": 1.0, "fpem/fpem_force_uniform_route": 0.0, "fpem/hard_prediction_sinkhorn_total_replaces_primary": 0.0, "fpem/hard_prediction_environment_sinkhorn_total_replaces_primary": 0.0, "fpem/warmup_risk_sinkhorn_total_replaces_primary": 0.0, "fpem/lambda_club_mi": 0.0}}
EPOCH {"epoch": 34, "train_loss": 11.606797999427432, "val": {"loss": 11.788370026482475, "mae": 11.578800201416016, "mape": 0.18549707531929016}, "test_mixed": {"loss": NaN, "mae": NaN, "mape": NaN}, "test_workday": {"loss": NaN, "mae": NaN, "mape": NaN}, "test_holiday": {"loss": NaN, "mae": NaN, "mape": NaN}, "test_avg_mae": NaN, "lr": 0.001, "fpem_logs": {"fpem/fpem_env_use_exogenous": 1.0, "fpem/env_exogenous_available": 1.0, "fpem/env_exogenous_time_available": 1.0, "fpem/env_exogenous_load_available": 1.0, "fpem/env_exogenous_feature_dim": 32.0, "fpem/env_exogenous_embedding_norm": 2.7840086323874336, "fpem/env_exogenous_load_embedding_norm": 1.9654002200989495, "fpem/env_rep_ablation_normal": 1.0, "fpem/env_rep_ablation_zero": 0.0, "fpem/env_rep_ablation_shuffle_batch": 0.0, "fpem/env_rep_ablation_mode_id": 0.0, "fpem/mask_loss": 0.0, "fpem/mask_sparse_loss": 0.0, "fpem/mask_entropy_loss": 0.0, "fpem/mask_mean": 1.0, "fpem/mask_entropy": 0.0, "fpem/mask_active_ratio": 1.0, "fpem/fusion_alpha_mean": 0.0, "fpem/fusion_alpha_std": 0.0, "fpem/fusion_alpha_min": 0.0, "fpem/fusion_alpha_max": 0.0, "fpem/env_route_loss": 2.540067890712193, "fpem/env_route_L_final": 9.070022991725377, "fpem/env_route_L_global": 0.0, "fpem/env_route_L_route_soft": 0.0, "fpem/env_route_L_expert": 9.43041433606829, "fpem/env_route_L_router_oracle": 0.653984987168085, "fpem/env_route_L_balance": 0.0, "fpem/env_route_L_diverse": 0.0, "fpem/env_route_L_proto_align": 0.0, "fpem/env_route_entropy": 0.0, "fpem/env_route_q_max_mean": 0.0, "fpem/hyper_alpha_mean": 0.0, "fpem/hyper_delta_norm": 0.0, "fpem/hyper_route_proto_mode_uniform_warmup": 0.0, "fpem/hyper_route_proto_mode_uniform_fixed": 0.0, "fpem/hyper_route_proto_mode_sinkhorn": 0.0, "fpem/hyper_route_proto_mode_softmax": 0.0, "fpem/fallback_q_mean": 0.44285714285714284, "fpem/fallback_q_max": 0.0, "fpem/env_q_sum_mean": 0.5571428571428572, "fpem/oracle_fallback_rate": 0.0, "fpem/route_count_fallback": 0.0, "fpem/env_route_head_mode": 1.0, "fpem/route_entropy_mean": 0.0, "fpem/route_mean_distribution_entropy": 0.0, "fpem/effective_expert_number": 1.0, "fpem/max_expert_usage_ratio": 0.0, "fpem/min_expert_usage_ratio": 0.0, "fpem/prototype_pairwise_cosine": 0.0, "fpem/expert_prediction_pairwise_cosine": 0.0, "fpem/expert_collapse_warning": 0.0, "fpem/env_route_target_mode_env_prototype": 0.0, "fpem/env_route_target_mode_hybrid": 0.0, "fpem/env_route_hybrid_alpha": 0.0, "fpem/env_route_train_mode_warmup_risk_sinkhorn": 0.0, "fpem/warmup_risk_stage_warmup": 0.0, "fpem/warmup_risk_stage_soft": 0.0, "fpem/warmup_risk_stage_hard": 0.0, "fpem/warmup_risk_selected_loss": 0.0, "fpem/warmup_risk_uniform_common_loss": 0.0, "fpem/warmup_risk_lambda_common": 0.0, "fpem/warmup_risk_total_common_term": 0.0, "fpem/warmup_risk_temperature": 0.0, "fpem/warmup_risk_temperature_progress": 0.0, "fpem/uniform_expert_mae": 0.0, "fpem/risk_routed_mae": 0.0, "fpem/risk_prediction_mae": 0.0, "fpem/risk_loss": 0.0, "fpem/risk_ranking_loss": 0.0, "fpem/risk_ranking_accuracy": 0.0, "fpem/risk_oracle_argmin_accuracy": 0.0, "fpem/risk_router_temperature": 0.0, "fpem/risk_router_lambda": 0.0, "fpem/risk_router_pairwise_lambda": 0.0, "fpem/env_route_train_mode_progressive_gmm_environment": 0.0, "fpem/top_level_prediction_source_progressive_gmm_teacher_hard": 0.0, "fpem/progressive_assignment_uses_target_or_prediction_error": 0.0, "fpem/progressive_partition_ready": 0.0, "fpem/progressive_selected_k": 0.0, "fpem/progressive_active_expert_count": 0.0, "fpem/progressive_last_partition_epoch": 0.0, "fpem/progressive_lambda_common": 0.0, "fpem/progressive_common_term": 0.0, "fpem/progressive_compactness_loss": 0.0, "fpem/progressive_consistency_loss": 0.0, "fpem/progressive_cluster_entropy": 0.0, "fpem/progressive_assignment_change_ratio": 0.0, "fpem/progressive_hungarian_overlap_score": 0.0, "fpem/progressive_partition_update_time_sec": 0.0, "fpem/progressive_routed_mae": 0.0, "fpem/progressive_gmm_environment_total_replaces_primary": 0.0, "fpem/env_route_count_head_0": 16.0, "fpem/env_route_oracle_count_head_0": 16.0, "fpem/route_count_env_head_0": 16.0, "fpem/route_soft_mean_expert_0": 1.0, "fpem/route_hard_count_expert_0": 16.0, "fpem/hard_count_expert_0": 16.0, "fpem/sinkhorn_soft_col_mass_expert_0": 0.0, "fpem/progressive_active_expert_0": 0.0, "fpem/progressive_cluster_size_0": 0.0, "fpem/progressive_cluster_ratio_0": 0.0, "fpem/progressive_cluster_to_expert_0": 0.0, "fpem/progressive_bic_k1": 0.0, "fpem/progressive_bic_score_k1": 0.0, "fpem/progressive_bic_rejected_k1": 0.0, "fpem/hyper_alpha_head_0": 0.0, "fpem/hyper_gamma_norm_head_0": 0.0, "fpem/hyper_beta_norm_head_0": 0.0, "fpem/expert_cross_mae_group_0_expert_0": 9.43041433606829, "fpem/load_expert_loss": 9.43041433606829, "fpem/hard_router_loss": 0.653984987168085, "fpem/hard_router_target_env_ratio": 0.6154761904761905, "fpem/hard_router_predicted_env_ratio": 0.5571428571428572, "fpem/hard_router_effective_env_ratio": 0.5571428571428572, "fpem/hard_router_supervision_enabled": 1.0, "fpem/hard_router_warmup_active": 0.0, "fpem/load_level_assignment_detached": 1.0, "fpem/load_level_count_0": 1680.0, "fpem/load_level_ratio_0": 1.0, "fpem/expert_0_global_loss": 9.43041433606829, "fpem/expert_0_selected_loss": 9.43041433606829, "fpem/hard_router_margin_mean": 0.09662237280891055, "fpem/hard_router_gain_mean": 0.23182316621144614, "fpem/hard_router_class_weight_invariant": 1.5590132877940224, "fpem/hard_router_class_weight_environment": 0.8627385502769833, "fpem/expert_prediction_pairwise_difference": 0.0, "fpem/delta_pairwise_cosine": 0.0, "fpem/delta_pairwise_l1": 0.0, "fpem/delta_pairwise_l2": 0.0, "fpem/expert_0_parameter_norm": 14.936573491777693, "fpem/hard_binary_router_enabled": 1.0, "fpem/hard_router_uses_target_in_forward": 0.0, "fpem/stored_future_c_loaded": 0.0, "fpem/prediction_is_weighted_complete_fusion": 0.0, "fpem/future_mi_loss": 0.0, "fpem/future_mi_valid": 0.0, "fpem/future_mi_logvar_mean": 0.0, "fpem/future_mi_target_mode_env_encoder": 0.0, "fpem/swap_loss": 0.0, "fpem/swap_diff_loss": 0.0, "fpem/swap_same_loss": 0.0, "fpem/swap_gain_mean": 0.0, "fpem/swap_s_gain_mean": 0.0, "fpem/swap_fallback_router_loss": 0.0, "fpem/swap_fallback_q_mean": 0.0, "fpem/swap_prediction_delta": 0.0, "fpem/swap_route_delta": 0.0, "fpem/swap_hyper_alpha_delta": 0.0, "fpem/swap_hyper_delta_norm": 0.0, "fpem/loss_env_day": 0.0, "fpem/loss_env_hour": 0.0, "fpem/loss_env_rush": 0.0, "fpem/env_day_acc": 0.0, "fpem/env_hour_acc": 0.0, "fpem/env_rush_acc": 0.0, "fpem/loss_env_supcon": 0.0, "fpem/env_supcon_valid_pairs": 0.0, "fpem/loss_inv_env_adv": 0.0, "fpem/inv_day_acc": 0.0, "fpem/inv_hour_acc": 0.0, "fpem/inv_rush_acc": 0.0, "fpem/loss_cross_cov_sep": 0.0, "fpem/load_level_experts_enabled": 1.0, "fpem/load_level_uses_target_or_future_load": 0.0, "fpem/environment_gate_uses_target_in_forward": 0.0, "fpem/load_level_env_residual_scale": 0.0, "fpem/uses_cached_observable_load_prior": 1.0, "fpem/primary_loss": 9.070022991725377, "fpem/inv_pred_loss": 9.222245652335031, "fpem/primary_uses_route": 1.0, "fpem/primary_uses_env_fusion": 0.0, "fpem/backbone_agcrn": 1.0, "fpem/backbone_graphwavenet": 0.0, "fpem/backbone_staeformer": 0.0, "fpem/gc_pred_loss_only": 1.0, "fpem/env_route_head_mode_hyper_proto": 1.0, "fpem/fpem_force_uniform_route": 0.0, "fpem/hard_prediction_sinkhorn_total_replaces_primary": 0.0, "fpem/hard_prediction_environment_sinkhorn_total_replaces_primary": 0.0, "fpem/warmup_risk_sinkhorn_total_replaces_primary": 0.0, "fpem/lambda_club_mi": 0.0}}
EPOCH {"epoch": 35, "train_loss": 11.586526707240514, "val": {"loss": 11.803293175167507, "mae": 11.591469764709473, "mape": 0.18485455214977264}, "test_mixed": {"loss": NaN, "mae": NaN, "mape": NaN}, "test_workday": {"loss": NaN, "mae": NaN, "mape": NaN}, "test_holiday": {"loss": NaN, "mae": NaN, "mape": NaN}, "test_avg_mae": NaN, "lr": 0.001, "fpem_logs": {"fpem/fpem_env_use_exogenous": 1.0, "fpem/env_exogenous_available": 1.0, "fpem/env_exogenous_time_available": 1.0, "fpem/env_exogenous_load_available": 1.0, "fpem/env_exogenous_feature_dim": 32.0, "fpem/env_exogenous_embedding_norm": 2.7928049814133415, "fpem/env_exogenous_load_embedding_norm": 1.9705137888590494, "fpem/env_rep_ablation_normal": 1.0, "fpem/env_rep_ablation_zero": 0.0, "fpem/env_rep_ablation_shuffle_batch": 0.0, "fpem/env_rep_ablation_mode_id": 0.0, "fpem/mask_loss": 0.0, "fpem/mask_sparse_loss": 0.0, "fpem/mask_entropy_loss": 0.0, "fpem/mask_mean": 1.0, "fpem/mask_entropy": 0.0, "fpem/mask_active_ratio": 1.0, "fpem/fusion_alpha_mean": 0.0, "fpem/fusion_alpha_std": 0.0, "fpem/fusion_alpha_min": 0.0, "fpem/fusion_alpha_max": 0.0, "fpem/env_route_loss": 2.535941155751546, "fpem/env_route_L_final": 9.039668278467088, "fpem/env_route_L_global": 0.0, "fpem/env_route_L_route_soft": 0.0, "fpem/env_route_L_expert": 9.414774967375255, "fpem/env_route_L_router_oracle": 0.6529861393428984, "fpem/env_route_L_balance": 0.0, "fpem/env_route_L_diverse": 0.0, "fpem/env_route_L_proto_align": 0.0, "fpem/env_route_entropy": 0.0, "fpem/env_route_q_max_mean": 0.0, "fpem/hyper_alpha_mean": 0.0, "fpem/hyper_delta_norm": 0.0, "fpem/hyper_route_proto_mode_uniform_warmup": 0.0, "fpem/hyper_route_proto_mode_uniform_fixed": 0.0, "fpem/hyper_route_proto_mode_sinkhorn": 0.0, "fpem/hyper_route_proto_mode_softmax": 0.0, "fpem/fallback_q_mean": 0.4101190476190476, "fpem/fallback_q_max": 0.0, "fpem/env_q_sum_mean": 0.5898809523809524, "fpem/oracle_fallback_rate": 0.0, "fpem/route_count_fallback": 0.0, "fpem/env_route_head_mode": 1.0, "fpem/route_entropy_mean": 0.0, "fpem/route_mean_distribution_entropy": 0.0, "fpem/effective_expert_number": 1.0, "fpem/max_expert_usage_ratio": 0.0, "fpem/min_expert_usage_ratio": 0.0, "fpem/prototype_pairwise_cosine": 0.0, "fpem/expert_prediction_pairwise_cosine": 0.0, "fpem/expert_collapse_warning": 0.0, "fpem/env_route_target_mode_env_prototype": 0.0, "fpem/env_route_target_mode_hybrid": 0.0, "fpem/env_route_hybrid_alpha": 0.0, "fpem/env_route_train_mode_warmup_risk_sinkhorn": 0.0, "fpem/warmup_risk_stage_warmup": 0.0, "fpem/warmup_risk_stage_soft": 0.0, "fpem/warmup_risk_stage_hard": 0.0, "fpem/warmup_risk_selected_loss": 0.0, "fpem/warmup_risk_uniform_common_loss": 0.0, "fpem/warmup_risk_lambda_common": 0.0, "fpem/warmup_risk_total_common_term": 0.0, "fpem/warmup_risk_temperature": 0.0, "fpem/warmup_risk_temperature_progress": 0.0, "fpem/uniform_expert_mae": 0.0, "fpem/risk_routed_mae": 0.0, "fpem/risk_prediction_mae": 0.0, "fpem/risk_loss": 0.0, "fpem/risk_ranking_loss": 0.0, "fpem/risk_ranking_accuracy": 0.0, "fpem/risk_oracle_argmin_accuracy": 0.0, "fpem/risk_router_temperature": 0.0, "fpem/risk_router_lambda": 0.0, "fpem/risk_router_pairwise_lambda": 0.0, "fpem/env_route_train_mode_progressive_gmm_environment": 0.0, "fpem/top_level_prediction_source_progressive_gmm_teacher_hard": 0.0, "fpem/progressive_assignment_uses_target_or_prediction_error": 0.0, "fpem/progressive_partition_ready": 0.0, "fpem/progressive_selected_k": 0.0, "fpem/progressive_active_expert_count": 0.0, "fpem/progressive_last_partition_epoch": 0.0, "fpem/progressive_lambda_common": 0.0, "fpem/progressive_common_term": 0.0, "fpem/progressive_compactness_loss": 0.0, "fpem/progressive_consistency_loss": 0.0, "fpem/progressive_cluster_entropy": 0.0, "fpem/progressive_assignment_change_ratio": 0.0, "fpem/progressive_hungarian_overlap_score": 0.0, "fpem/progressive_partition_update_time_sec": 0.0, "fpem/progressive_routed_mae": 0.0, "fpem/progressive_gmm_environment_total_replaces_primary": 0.0, "fpem/env_route_count_head_0": 16.0, "fpem/env_route_oracle_count_head_0": 16.0, "fpem/route_count_env_head_0": 16.0, "fpem/route_soft_mean_expert_0": 1.0, "fpem/route_hard_count_expert_0": 16.0, "fpem/hard_count_expert_0": 16.0, "fpem/sinkhorn_soft_col_mass_expert_0": 0.0, "fpem/progressive_active_expert_0": 0.0, "fpem/progressive_cluster_size_0": 0.0, "fpem/progressive_cluster_ratio_0": 0.0, "fpem/progressive_cluster_to_expert_0": 0.0, "fpem/progressive_bic_k1": 0.0, "fpem/progressive_bic_score_k1": 0.0, "fpem/progressive_bic_rejected_k1": 0.0, "fpem/hyper_alpha_head_0": 0.0, "fpem/hyper_gamma_norm_head_0": 0.0, "fpem/hyper_beta_norm_head_0": 0.0, "fpem/expert_cross_mae_group_0_expert_0": 9.414774967375255, "fpem/load_expert_loss": 9.414774967375255, "fpem/hard_router_loss": 0.6529861393428984, "fpem/hard_router_target_env_ratio": 0.631547619047619, "fpem/hard_router_predicted_env_ratio": 0.5898809523809524, "fpem/hard_router_effective_env_ratio": 0.5898809523809524, "fpem/hard_router_supervision_enabled": 1.0, "fpem/hard_router_warmup_active": 0.0, "fpem/load_level_assignment_detached": 1.0, "fpem/load_level_count_0": 1680.0, "fpem/load_level_ratio_0": 1.0, "fpem/expert_0_global_loss": 9.414774967375255, "fpem/expert_0_selected_loss": 9.414774967375255, "fpem/hard_router_margin_mean": 0.09662237287986847, "fpem/hard_router_gain_mean": 0.24746254483858746, "fpem/hard_router_class_weight_invariant": 1.4849886899902707, "fpem/hard_router_class_weight_environment": 0.8271973706427075, "fpem/expert_prediction_pairwise_difference": 0.0, "fpem/delta_pairwise_cosine": 0.0, "fpem/delta_pairwise_l1": 0.0, "fpem/delta_pairwise_l2": 0.0, "fpem/expert_0_parameter_norm": 14.937201854160854, "fpem/hard_binary_router_enabled": 1.0, "fpem/hard_router_uses_target_in_forward": 0.0, "fpem/stored_future_c_loaded": 0.0, "fpem/prediction_is_weighted_complete_fusion": 0.0, "fpem/future_mi_loss": 0.0, "fpem/future_mi_valid": 0.0, "fpem/future_mi_logvar_mean": 0.0, "fpem/future_mi_target_mode_env_encoder": 0.0, "fpem/swap_loss": 0.0, "fpem/swap_diff_loss": 0.0, "fpem/swap_same_loss": 0.0, "fpem/swap_gain_mean": 0.0, "fpem/swap_s_gain_mean": 0.0, "fpem/swap_fallback_router_loss": 0.0, "fpem/swap_fallback_q_mean": 0.0, "fpem/swap_prediction_delta": 0.0, "fpem/swap_route_delta": 0.0, "fpem/swap_hyper_alpha_delta": 0.0, "fpem/swap_hyper_delta_norm": 0.0, "fpem/loss_env_day": 0.0, "fpem/loss_env_hour": 0.0, "fpem/loss_env_rush": 0.0, "fpem/env_day_acc": 0.0, "fpem/env_hour_acc": 0.0, "fpem/env_rush_acc": 0.0, "fpem/loss_env_supcon": 0.0, "fpem/env_supcon_valid_pairs": 0.0, "fpem/loss_inv_env_adv": 0.0, "fpem/inv_day_acc": 0.0, "fpem/inv_hour_acc": 0.0, "fpem/inv_rush_acc": 0.0, "fpem/loss_cross_cov_sep": 0.0, "fpem/load_level_experts_enabled": 1.0, "fpem/load_level_uses_target_or_future_load": 0.0, "fpem/environment_gate_uses_target_in_forward": 0.0, "fpem/load_level_env_residual_scale": 0.0, "fpem/uses_cached_observable_load_prior": 1.0, "fpem/primary_loss": 9.039668278467088, "fpem/inv_pred_loss": 9.21315852119809, "fpem/primary_uses_route": 1.0, "fpem/primary_uses_env_fusion": 0.0, "fpem/backbone_agcrn": 1.0, "fpem/backbone_graphwavenet": 0.0, "fpem/backbone_staeformer": 0.0, "fpem/gc_pred_loss_only": 1.0, "fpem/env_route_head_mode_hyper_proto": 1.0, "fpem/fpem_force_uniform_route": 0.0, "fpem/hard_prediction_sinkhorn_total_replaces_primary": 0.0, "fpem/hard_prediction_environment_sinkhorn_total_replaces_primary": 0.0, "fpem/warmup_risk_sinkhorn_total_replaces_primary": 0.0, "fpem/lambda_club_mi": 0.0}}
EPOCH {"epoch": 36, "train_loss": 11.571878660292853, "val": {"loss": 11.813685682084826, "mae": 11.596755981445312, "mape": 0.18807898461818695}, "test_mixed": {"loss": NaN, "mae": NaN, "mape": NaN}, "test_workday": {"loss": NaN, "mae": NaN, "mape": NaN}, "test_holiday": {"loss": NaN, "mae": NaN, "mape": NaN}, "test_avg_mae": NaN, "lr": 0.001, "fpem_logs": {"fpem/fpem_env_use_exogenous": 1.0, "fpem/env_exogenous_available": 1.0, "fpem/env_exogenous_time_available": 1.0, "fpem/env_exogenous_load_available": 1.0, "fpem/env_exogenous_feature_dim": 32.0, "fpem/env_exogenous_embedding_norm": 2.7999364080883207, "fpem/env_exogenous_load_embedding_norm": 1.9729041837510608, "fpem/env_rep_ablation_normal": 1.0, "fpem/env_rep_ablation_zero": 0.0, "fpem/env_rep_ablation_shuffle_batch": 0.0, "fpem/env_rep_ablation_mode_id": 0.0, "fpem/mask_loss": 0.0, "fpem/mask_sparse_loss": 0.0, "fpem/mask_entropy_loss": 0.0, "fpem/mask_mean": 1.0, "fpem/mask_entropy": 0.0, "fpem/mask_active_ratio": 1.0, "fpem/fusion_alpha_mean": 0.0, "fpem/fusion_alpha_std": 0.0, "fpem/fusion_alpha_min": 0.0, "fpem/fusion_alpha_max": 0.0, "fpem/env_route_loss": 2.5344436872573124, "fpem/env_route_L_final": 9.045075471060617, "fpem/env_route_L_global": 0.0, "fpem/env_route_L_route_soft": 0.0, "fpem/env_route_L_expert": 9.411790389106388, "fpem/env_route_L_router_oracle": 0.6520855895110539, "fpem/env_route_L_balance": 0.0, "fpem/env_route_L_diverse": 0.0, "fpem/env_route_L_proto_align": 0.0, "fpem/env_route_entropy": 0.0, "fpem/env_route_q_max_mean": 0.0, "fpem/hyper_alpha_mean": 0.0, "fpem/hyper_delta_norm": 0.0, "fpem/hyper_route_proto_mode_uniform_warmup": 0.0, "fpem/hyper_route_proto_mode_uniform_fixed": 0.0, "fpem/hyper_route_proto_mode_sinkhorn": 0.0, "fpem/hyper_route_proto_mode_softmax": 0.0, "fpem/fallback_q_mean": 0.45357142857142857, "fpem/fallback_q_max": 0.0, "fpem/env_q_sum_mean": 0.5464285714285714, "fpem/oracle_fallback_rate": 0.0, "fpem/route_count_fallback": 0.0, "fpem/env_route_head_mode": 1.0, "fpem/route_entropy_mean": 0.0, "fpem/route_mean_distribution_entropy": 0.0, "fpem/effective_expert_number": 1.0, "fpem/max_expert_usage_ratio": 0.0, "fpem/min_expert_usage_ratio": 0.0, "fpem/prototype_pairwise_cosine": 0.0, "fpem/expert_prediction_pairwise_cosine": 0.0, "fpem/expert_collapse_warning": 0.0, "fpem/env_route_target_mode_env_prototype": 0.0, "fpem/env_route_target_mode_hybrid": 0.0, "fpem/env_route_hybrid_alpha": 0.0, "fpem/env_route_train_mode_warmup_risk_sinkhorn": 0.0, "fpem/warmup_risk_stage_warmup": 0.0, "fpem/warmup_risk_stage_soft": 0.0, "fpem/warmup_risk_stage_hard": 0.0, "fpem/warmup_risk_selected_loss": 0.0, "fpem/warmup_risk_uniform_common_loss": 0.0, "fpem/warmup_risk_lambda_common": 0.0, "fpem/warmup_risk_total_common_term": 0.0, "fpem/warmup_risk_temperature": 0.0, "fpem/warmup_risk_temperature_progress": 0.0, "fpem/uniform_expert_mae": 0.0, "fpem/risk_routed_mae": 0.0, "fpem/risk_prediction_mae": 0.0, "fpem/risk_loss": 0.0, "fpem/risk_ranking_loss": 0.0, "fpem/risk_ranking_accuracy": 0.0, "fpem/risk_oracle_argmin_accuracy": 0.0, "fpem/risk_router_temperature": 0.0, "fpem/risk_router_lambda": 0.0, "fpem/risk_router_pairwise_lambda": 0.0, "fpem/env_route_train_mode_progressive_gmm_environment": 0.0, "fpem/top_level_prediction_source_progressive_gmm_teacher_hard": 0.0, "fpem/progressive_assignment_uses_target_or_prediction_error": 0.0, "fpem/progressive_partition_ready": 0.0, "fpem/progressive_selected_k": 0.0, "fpem/progressive_active_expert_count": 0.0, "fpem/progressive_last_partition_epoch": 0.0, "fpem/progressive_lambda_common": 0.0, "fpem/progressive_common_term": 0.0, "fpem/progressive_compactness_loss": 0.0, "fpem/progressive_consistency_loss": 0.0, "fpem/progressive_cluster_entropy": 0.0, "fpem/progressive_assignment_change_ratio": 0.0, "fpem/progressive_hungarian_overlap_score": 0.0, "fpem/progressive_partition_update_time_sec": 0.0, "fpem/progressive_routed_mae": 0.0, "fpem/progressive_gmm_environment_total_replaces_primary": 0.0, "fpem/env_route_count_head_0": 16.0, "fpem/env_route_oracle_count_head_0": 16.0, "fpem/route_count_env_head_0": 16.0, "fpem/route_soft_mean_expert_0": 1.0, "fpem/route_hard_count_expert_0": 16.0, "fpem/hard_count_expert_0": 16.0, "fpem/sinkhorn_soft_col_mass_expert_0": 0.0, "fpem/progressive_active_expert_0": 0.0, "fpem/progressive_cluster_size_0": 0.0, "fpem/progressive_cluster_ratio_0": 0.0, "fpem/progressive_cluster_to_expert_0": 0.0, "fpem/progressive_bic_k1": 0.0, "fpem/progressive_bic_score_k1": 0.0, "fpem/progressive_bic_rejected_k1": 0.0, "fpem/hyper_alpha_head_0": 0.0, "fpem/hyper_gamma_norm_head_0": 0.0, "fpem/hyper_beta_norm_head_0": 0.0, "fpem/expert_cross_mae_group_0_expert_0": 9.411790389106388, "fpem/load_expert_loss": 9.411790389106388, "fpem/hard_router_loss": 0.6520855895110539, "fpem/hard_router_target_env_ratio": 0.6327380952380952, "fpem/hard_router_predicted_env_ratio": 0.5464285714285714, "fpem/hard_router_effective_env_ratio": 0.5464285714285714, "fpem/hard_router_supervision_enabled": 1.0, "fpem/hard_router_warmup_active": 0.0, "fpem/load_level_assignment_detached": 1.0, "fpem/load_level_count_0": 1680.0, "fpem/load_level_ratio_0": 1.0, "fpem/expert_0_global_loss": 9.411790389106388, "fpem/expert_0_selected_loss": 9.411790389106388, "fpem/hard_router_margin_mean": 0.09662237302178428, "fpem/hard_router_gain_mean": 0.2504470876285008, "fpem/hard_router_class_weight_invariant": 1.68749813636144, "fpem/hard_router_class_weight_environment": 0.8277492017973037, "fpem/expert_prediction_pairwise_difference": 0.0, "fpem/delta_pairwise_cosine": 0.0, "fpem/delta_pairwise_l1": 0.0, "fpem/delta_pairwise_l2": 0.0, "fpem/expert_0_parameter_norm": 14.942799195789156, "fpem/hard_binary_router_enabled": 1.0, "fpem/hard_router_uses_target_in_forward": 0.0, "fpem/stored_future_c_loaded": 0.0, "fpem/prediction_is_weighted_complete_fusion": 0.0, "fpem/future_mi_loss": 0.0, "fpem/future_mi_valid": 0.0, "fpem/future_mi_logvar_mean": 0.0, "fpem/future_mi_target_mode_env_encoder": 0.0, "fpem/swap_loss": 0.0, "fpem/swap_diff_loss": 0.0, "fpem/swap_same_loss": 0.0, "fpem/swap_gain_mean": 0.0, "fpem/swap_s_gain_mean": 0.0, "fpem/swap_fallback_router_loss": 0.0, "fpem/swap_fallback_q_mean": 0.0, "fpem/swap_prediction_delta": 0.0, "fpem/swap_route_delta": 0.0, "fpem/swap_hyper_alpha_delta": 0.0, "fpem/swap_hyper_delta_norm": 0.0, "fpem/loss_env_day": 0.0, "fpem/loss_env_hour": 0.0, "fpem/loss_env_rush": 0.0, "fpem/env_day_acc": 0.0, "fpem/env_hour_acc": 0.0, "fpem/env_rush_acc": 0.0, "fpem/loss_env_supcon": 0.0, "fpem/env_supcon_valid_pairs": 0.0, "fpem/loss_inv_env_adv": 0.0, "fpem/inv_day_acc": 0.0, "fpem/inv_hour_acc": 0.0, "fpem/inv_rush_acc": 0.0, "fpem/loss_cross_cov_sep": 0.0, "fpem/load_level_experts_enabled": 1.0, "fpem/load_level_uses_target_or_future_load": 0.0, "fpem/environment_gate_uses_target_in_forward": 0.0, "fpem/load_level_env_residual_scale": 0.0, "fpem/uses_cached_observable_load_prior": 1.0, "fpem/primary_loss": 9.045075471060617, "fpem/inv_pred_loss": 9.214354655856178, "fpem/primary_uses_route": 1.0, "fpem/primary_uses_env_fusion": 0.0, "fpem/backbone_agcrn": 1.0, "fpem/backbone_graphwavenet": 0.0, "fpem/backbone_staeformer": 0.0, "fpem/gc_pred_loss_only": 1.0, "fpem/env_route_head_mode_hyper_proto": 1.0, "fpem/fpem_force_uniform_route": 0.0, "fpem/hard_prediction_sinkhorn_total_replaces_primary": 0.0, "fpem/hard_prediction_environment_sinkhorn_total_replaces_primary": 0.0, "fpem/warmup_risk_sinkhorn_total_replaces_primary": 0.0, "fpem/lambda_club_mi": 0.0}}
EPOCH {"epoch": 37, "train_loss": 11.575276474725632, "val": {"loss": 11.909173329671225, "mae": 11.70538330078125, "mape": 0.186306893825531}, "test_mixed": {"loss": NaN, "mae": NaN, "mape": NaN}, "test_workday": {"loss": NaN, "mae": NaN, "mape": NaN}, "test_holiday": {"loss": NaN, "mae": NaN, "mape": NaN}, "test_avg_mae": NaN, "lr": 0.001, "fpem_logs": {"fpem/fpem_env_use_exogenous": 1.0, "fpem/env_exogenous_available": 1.0, "fpem/env_exogenous_time_available": 1.0, "fpem/env_exogenous_load_available": 1.0, "fpem/env_exogenous_feature_dim": 32.0, "fpem/env_exogenous_embedding_norm": 2.8032123384021577, "fpem/env_exogenous_load_embedding_norm": 1.9713957684380667, "fpem/env_rep_ablation_normal": 1.0, "fpem/env_rep_ablation_zero": 0.0, "fpem/env_rep_ablation_shuffle_batch": 0.0, "fpem/env_rep_ablation_mode_id": 0.0, "fpem/mask_loss": 0.0, "fpem/mask_sparse_loss": 0.0, "fpem/mask_entropy_loss": 0.0, "fpem/mask_mean": 1.0, "fpem/mask_entropy": 0.0, "fpem/mask_active_ratio": 1.0, "fpem/fusion_alpha_mean": 0.0, "fpem/fusion_alpha_std": 0.0, "fpem/fusion_alpha_min": 0.0, "fpem/fusion_alpha_max": 0.0, "fpem/env_route_loss": 2.5232554413023447, "fpem/env_route_L_final": 9.049326256343297, "fpem/env_route_L_global": 0.0, "fpem/env_route_L_route_soft": 0.0, "fpem/env_route_L_expert": 9.417215102059501, "fpem/env_route_L_router_oracle": 0.6398123863197508, "fpem/env_route_L_balance": 0.0, "fpem/env_route_L_diverse": 0.0, "fpem/env_route_L_proto_align": 0.0, "fpem/env_route_entropy": 0.0, "fpem/env_route_q_max_mean": 0.0, "fpem/hyper_alpha_mean": 0.0, "fpem/hyper_delta_norm": 0.0, "fpem/hyper_route_proto_mode_uniform_warmup": 0.0, "fpem/hyper_route_proto_mode_uniform_fixed": 0.0, "fpem/hyper_route_proto_mode_sinkhorn": 0.0, "fpem/hyper_route_proto_mode_softmax": 0.0, "fpem/fallback_q_mean": 0.46785714285714286, "fpem/fallback_q_max": 0.0, "fpem/env_q_sum_mean": 0.5321428571428571, "fpem/oracle_fallback_rate": 0.0, "fpem/route_count_fallback": 0.0, "fpem/env_route_head_mode": 1.0, "fpem/route_entropy_mean": 0.0, "fpem/route_mean_distribution_entropy": 0.0, "fpem/effective_expert_number": 1.0, "fpem/max_expert_usage_ratio": 0.0, "fpem/min_expert_usage_ratio": 0.0, "fpem/prototype_pairwise_cosine": 0.0, "fpem/expert_prediction_pairwise_cosine": 0.0, "fpem/expert_collapse_warning": 0.0, "fpem/env_route_target_mode_env_prototype": 0.0, "fpem/env_route_target_mode_hybrid": 0.0, "fpem/env_route_hybrid_alpha": 0.0, "fpem/env_route_train_mode_warmup_risk_sinkhorn": 0.0, "fpem/warmup_risk_stage_warmup": 0.0, "fpem/warmup_risk_stage_soft": 0.0, "fpem/warmup_risk_stage_hard": 0.0, "fpem/warmup_risk_selected_loss": 0.0, "fpem/warmup_risk_uniform_common_loss": 0.0, "fpem/warmup_risk_lambda_common": 0.0, "fpem/warmup_risk_total_common_term": 0.0, "fpem/warmup_risk_temperature": 0.0, "fpem/warmup_risk_temperature_progress": 0.0, "fpem/uniform_expert_mae": 0.0, "fpem/risk_routed_mae": 0.0, "fpem/risk_prediction_mae": 0.0, "fpem/risk_loss": 0.0, "fpem/risk_ranking_loss": 0.0, "fpem/risk_ranking_accuracy": 0.0, "fpem/risk_oracle_argmin_accuracy": 0.0, "fpem/risk_router_temperature": 0.0, "fpem/risk_router_lambda": 0.0, "fpem/risk_router_pairwise_lambda": 0.0, "fpem/env_route_train_mode_progressive_gmm_environment": 0.0, "fpem/top_level_prediction_source_progressive_gmm_teacher_hard": 0.0, "fpem/progressive_assignment_uses_target_or_prediction_error": 0.0, "fpem/progressive_partition_ready": 0.0, "fpem/progressive_selected_k": 0.0, "fpem/progressive_active_expert_count": 0.0, "fpem/progressive_last_partition_epoch": 0.0, "fpem/progressive_lambda_common": 0.0, "fpem/progressive_common_term": 0.0, "fpem/progressive_compactness_loss": 0.0, "fpem/progressive_consistency_loss": 0.0, "fpem/progressive_cluster_entropy": 0.0, "fpem/progressive_assignment_change_ratio": 0.0, "fpem/progressive_hungarian_overlap_score": 0.0, "fpem/progressive_partition_update_time_sec": 0.0, "fpem/progressive_routed_mae": 0.0, "fpem/progressive_gmm_environment_total_replaces_primary": 0.0, "fpem/env_route_count_head_0": 16.0, "fpem/env_route_oracle_count_head_0": 16.0, "fpem/route_count_env_head_0": 16.0, "fpem/route_soft_mean_expert_0": 1.0, "fpem/route_hard_count_expert_0": 16.0, "fpem/hard_count_expert_0": 16.0, "fpem/sinkhorn_soft_col_mass_expert_0": 0.0, "fpem/progressive_active_expert_0": 0.0, "fpem/progressive_cluster_size_0": 0.0, "fpem/progressive_cluster_ratio_0": 0.0, "fpem/progressive_cluster_to_expert_0": 0.0, "fpem/progressive_bic_k1": 0.0, "fpem/progressive_bic_score_k1": 0.0, "fpem/progressive_bic_rejected_k1": 0.0, "fpem/hyper_alpha_head_0": 0.0, "fpem/hyper_gamma_norm_head_0": 0.0, "fpem/hyper_beta_norm_head_0": 0.0, "fpem/expert_cross_mae_group_0_expert_0": 9.417215102059501, "fpem/load_expert_loss": 9.417215102059501, "fpem/hard_router_loss": 0.6398123863197508, "fpem/hard_router_target_env_ratio": 0.6309523809523809, "fpem/hard_router_predicted_env_ratio": 0.5321428571428571, "fpem/hard_router_effective_env_ratio": 0.5321428571428571, "fpem/hard_router_supervision_enabled": 1.0, "fpem/hard_router_warmup_active": 0.0, "fpem/load_level_assignment_detached": 1.0, "fpem/load_level_count_0": 1680.0, "fpem/load_level_ratio_0": 1.0, "fpem/expert_0_global_loss": 9.417215102059501, "fpem/expert_0_selected_loss": 9.417215102059501, "fpem/hard_router_margin_mean": 0.09662237287986847, "fpem/hard_router_gain_mean": 0.24502234700180237, "fpem/hard_router_class_weight_invariant": 1.5218443177995227, "fpem/hard_router_class_weight_environment": 0.8219845936411903, "fpem/expert_prediction_pairwise_difference": 0.0, "fpem/delta_pairwise_cosine": 0.0, "fpem/delta_pairwise_l1": 0.0, "fpem/delta_pairwise_l2": 0.0, "fpem/expert_0_parameter_norm": 14.950964773268927, "fpem/hard_binary_router_enabled": 1.0, "fpem/hard_router_uses_target_in_forward": 0.0, "fpem/stored_future_c_loaded": 0.0, "fpem/prediction_is_weighted_complete_fusion": 0.0, "fpem/future_mi_loss": 0.0, "fpem/future_mi_valid": 0.0, "fpem/future_mi_logvar_mean": 0.0, "fpem/future_mi_target_mode_env_encoder": 0.0, "fpem/swap_loss": 0.0, "fpem/swap_diff_loss": 0.0, "fpem/swap_same_loss": 0.0, "fpem/swap_gain_mean": 0.0, "fpem/swap_s_gain_mean": 0.0, "fpem/swap_fallback_router_loss": 0.0, "fpem/swap_fallback_q_mean": 0.0, "fpem/swap_prediction_delta": 0.0, "fpem/swap_route_delta": 0.0, "fpem/swap_hyper_alpha_delta": 0.0, "fpem/swap_hyper_delta_norm": 0.0, "fpem/loss_env_day": 0.0, "fpem/loss_env_hour": 0.0, "fpem/loss_env_rush": 0.0, "fpem/env_day_acc": 0.0, "fpem/env_hour_acc": 0.0, "fpem/env_rush_acc": 0.0, "fpem/loss_env_supcon": 0.0, "fpem/env_supcon_valid_pairs": 0.0, "fpem/loss_inv_env_adv": 0.0, "fpem/inv_day_acc": 0.0, "fpem/inv_hour_acc": 0.0, "fpem/inv_rush_acc": 0.0, "fpem/loss_cross_cov_sep": 0.0, "fpem/load_level_experts_enabled": 1.0, "fpem/load_level_uses_target_or_future_load": 0.0, "fpem/environment_gate_uses_target_in_forward": 0.0, "fpem/load_level_env_residual_scale": 0.0, "fpem/uses_cached_observable_load_prior": 1.0, "fpem/primary_loss": 9.049326256343297, "fpem/inv_pred_loss": 9.214127027420771, "fpem/primary_uses_route": 1.0, "fpem/primary_uses_env_fusion": 0.0, "fpem/backbone_agcrn": 1.0, "fpem/backbone_graphwavenet": 0.0, "fpem/backbone_staeformer": 0.0, "fpem/gc_pred_loss_only": 1.0, "fpem/env_route_head_mode_hyper_proto": 1.0, "fpem/fpem_force_uniform_route": 0.0, "fpem/hard_prediction_sinkhorn_total_replaces_primary": 0.0, "fpem/hard_prediction_environment_sinkhorn_total_replaces_primary": 0.0, "fpem/warmup_risk_sinkhorn_total_replaces_primary": 0.0, "fpem/lambda_club_mi": 0.0}}
EPOCH {"epoch": 38, "train_loss": 11.589901551746188, "val": {"loss": 11.823587814966837, "mae": 11.613310813903809, "mape": 0.19016484916210175}, "test_mixed": {"loss": NaN, "mae": NaN, "mape": NaN}, "test_workday": {"loss": NaN, "mae": NaN, "mape": NaN}, "test_holiday": {"loss": NaN, "mae": NaN, "mape": NaN}, "test_avg_mae": NaN, "lr": 0.001, "fpem_logs": {"fpem/fpem_env_use_exogenous": 1.0, "fpem/env_exogenous_available": 1.0, "fpem/env_exogenous_time_available": 1.0, "fpem/env_exogenous_load_available": 1.0, "fpem/env_exogenous_feature_dim": 32.0, "fpem/env_exogenous_embedding_norm": 2.809656152271089, "fpem/env_exogenous_load_embedding_norm": 1.9755262181872413, "fpem/env_rep_ablation_normal": 1.0, "fpem/env_rep_ablation_zero": 0.0, "fpem/env_rep_ablation_shuffle_batch": 0.0, "fpem/env_rep_ablation_mode_id": 0.0, "fpem/mask_loss": 0.0, "fpem/mask_sparse_loss": 0.0, "fpem/mask_entropy_loss": 0.0, "fpem/mask_mean": 1.0, "fpem/mask_entropy": 0.0, "fpem/mask_active_ratio": 1.0, "fpem/fusion_alpha_mean": 0.0, "fpem/fusion_alpha_std": 0.0, "fpem/fusion_alpha_min": 0.0, "fpem/fusion_alpha_max": 0.0, "fpem/env_route_loss": 2.5347646826789494, "fpem/env_route_L_final": 9.047065412430536, "fpem/env_route_L_global": 0.0, "fpem/env_route_L_route_soft": 0.0, "fpem/env_route_L_expert": 9.41041177113851, "fpem/env_route_L_router_oracle": 0.6526823120457785, "fpem/env_route_L_balance": 0.0, "fpem/env_route_L_diverse": 0.0, "fpem/env_route_L_proto_align": 0.0, "fpem/env_route_entropy": 0.0, "fpem/env_route_q_max_mean": 0.0, "fpem/hyper_alpha_mean": 0.0, "fpem/hyper_delta_norm": 0.0, "fpem/hyper_route_proto_mode_uniform_warmup": 0.0, "fpem/hyper_route_proto_mode_uniform_fixed": 0.0, "fpem/hyper_route_proto_mode_sinkhorn": 0.0, "fpem/hyper_route_proto_mode_softmax": 0.0, "fpem/fallback_q_mean": 0.4577380952380952, "fpem/fallback_q_max": 0.0, "fpem/env_q_sum_mean": 0.5422619047619047, "fpem/oracle_fallback_rate": 0.0, "fpem/route_count_fallback": 0.0, "fpem/env_route_head_mode": 1.0, "fpem/route_entropy_mean": 0.0, "fpem/route_mean_distribution_entropy": 0.0, "fpem/effective_expert_number": 1.0, "fpem/max_expert_usage_ratio": 0.0, "fpem/min_expert_usage_ratio": 0.0, "fpem/prototype_pairwise_cosine": 0.0, "fpem/expert_prediction_pairwise_cosine": 0.0, "fpem/expert_collapse_warning": 0.0, "fpem/env_route_target_mode_env_prototype": 0.0, "fpem/env_route_target_mode_hybrid": 0.0, "fpem/env_route_hybrid_alpha": 0.0, "fpem/env_route_train_mode_warmup_risk_sinkhorn": 0.0, "fpem/warmup_risk_stage_warmup": 0.0, "fpem/warmup_risk_stage_soft": 0.0, "fpem/warmup_risk_stage_hard": 0.0, "fpem/warmup_risk_selected_loss": 0.0, "fpem/warmup_risk_uniform_common_loss": 0.0, "fpem/warmup_risk_lambda_common": 0.0, "fpem/warmup_risk_total_common_term": 0.0, "fpem/warmup_risk_temperature": 0.0, "fpem/warmup_risk_temperature_progress": 0.0, "fpem/uniform_expert_mae": 0.0, "fpem/risk_routed_mae": 0.0, "fpem/risk_prediction_mae": 0.0, "fpem/risk_loss": 0.0, "fpem/risk_ranking_loss": 0.0, "fpem/risk_ranking_accuracy": 0.0, "fpem/risk_oracle_argmin_accuracy": 0.0, "fpem/risk_router_temperature": 0.0, "fpem/risk_router_lambda": 0.0, "fpem/risk_router_pairwise_lambda": 0.0, "fpem/env_route_train_mode_progressive_gmm_environment": 0.0, "fpem/top_level_prediction_source_progressive_gmm_teacher_hard": 0.0, "fpem/progressive_assignment_uses_target_or_prediction_error": 0.0, "fpem/progressive_partition_ready": 0.0, "fpem/progressive_selected_k": 0.0, "fpem/progressive_active_expert_count": 0.0, "fpem/progressive_last_partition_epoch": 0.0, "fpem/progressive_lambda_common": 0.0, "fpem/progressive_common_term": 0.0, "fpem/progressive_compactness_loss": 0.0, "fpem/progressive_consistency_loss": 0.0, "fpem/progressive_cluster_entropy": 0.0, "fpem/progressive_assignment_change_ratio": 0.0, "fpem/progressive_hungarian_overlap_score": 0.0, "fpem/progressive_partition_update_time_sec": 0.0, "fpem/progressive_routed_mae": 0.0, "fpem/progressive_gmm_environment_total_replaces_primary": 0.0, "fpem/env_route_count_head_0": 16.0, "fpem/env_route_oracle_count_head_0": 16.0, "fpem/route_count_env_head_0": 16.0, "fpem/route_soft_mean_expert_0": 1.0, "fpem/route_hard_count_expert_0": 16.0, "fpem/hard_count_expert_0": 16.0, "fpem/sinkhorn_soft_col_mass_expert_0": 0.0, "fpem/progressive_active_expert_0": 0.0, "fpem/progressive_cluster_size_0": 0.0, "fpem/progressive_cluster_ratio_0": 0.0, "fpem/progressive_cluster_to_expert_0": 0.0, "fpem/progressive_bic_k1": 0.0, "fpem/progressive_bic_score_k1": 0.0, "fpem/progressive_bic_rejected_k1": 0.0, "fpem/hyper_alpha_head_0": 0.0, "fpem/hyper_gamma_norm_head_0": 0.0, "fpem/hyper_beta_norm_head_0": 0.0, "fpem/expert_cross_mae_group_0_expert_0": 9.41041177113851, "fpem/load_expert_loss": 9.41041177113851, "fpem/hard_router_loss": 0.6526823120457785, "fpem/hard_router_target_env_ratio": 0.643452380952381, "fpem/hard_router_predicted_env_ratio": 0.5422619047619047, "fpem/hard_router_effective_env_ratio": 0.5422619047619047, "fpem/hard_router_supervision_enabled": 1.0, "fpem/hard_router_warmup_active": 0.0, "fpem/load_level_assignment_detached": 1.0, "fpem/load_level_count_0": 1680.0, "fpem/load_level_ratio_0": 1.0, "fpem/expert_0_global_loss": 9.41041177113851, "fpem/expert_0_selected_loss": 9.41041177113851, "fpem/hard_router_margin_mean": 0.09662237259603682, "fpem/hard_router_gain_mean": 0.2518257166658129, "fpem/hard_router_class_weight_invariant": 1.6455081718308584, "fpem/hard_router_class_weight_environment": 0.8207371632258097, "fpem/expert_prediction_pairwise_difference": 0.0, "fpem/delta_pairwise_cosine": 0.0, "fpem/delta_pairwise_l1": 0.0, "fpem/delta_pairwise_l2": 0.0, "fpem/expert_0_parameter_norm": 14.960534658886138, "fpem/hard_binary_router_enabled": 1.0, "fpem/hard_router_uses_target_in_forward": 0.0, "fpem/stored_future_c_loaded": 0.0, "fpem/prediction_is_weighted_complete_fusion": 0.0, "fpem/future_mi_loss": 0.0, "fpem/future_mi_valid": 0.0, "fpem/future_mi_logvar_mean": 0.0, "fpem/future_mi_target_mode_env_encoder": 0.0, "fpem/swap_loss": 0.0, "fpem/swap_diff_loss": 0.0, "fpem/swap_same_loss": 0.0, "fpem/swap_gain_mean": 0.0, "fpem/swap_s_gain_mean": 0.0, "fpem/swap_fallback_router_loss": 0.0, "fpem/swap_fallback_q_mean": 0.0, "fpem/swap_prediction_delta": 0.0, "fpem/swap_route_delta": 0.0, "fpem/swap_hyper_alpha_delta": 0.0, "fpem/swap_hyper_delta_norm": 0.0, "fpem/loss_env_day": 0.0, "fpem/loss_env_hour": 0.0, "fpem/loss_env_rush": 0.0, "fpem/env_day_acc": 0.0, "fpem/env_hour_acc": 0.0, "fpem/env_rush_acc": 0.0, "fpem/loss_env_supcon": 0.0, "fpem/env_supcon_valid_pairs": 0.0, "fpem/loss_inv_env_adv": 0.0, "fpem/inv_day_acc": 0.0, "fpem/inv_hour_acc": 0.0, "fpem/inv_rush_acc": 0.0, "fpem/loss_cross_cov_sep": 0.0, "fpem/load_level_experts_enabled": 1.0, "fpem/load_level_uses_target_or_future_load": 0.0, "fpem/environment_gate_uses_target_in_forward": 0.0, "fpem/load_level_env_residual_scale": 0.0, "fpem/uses_cached_observable_load_prior": 1.0, "fpem/primary_loss": 9.047065412430536, "fpem/inv_pred_loss": 9.214718496231805, "fpem/primary_uses_route": 1.0, "fpem/primary_uses_env_fusion": 0.0, "fpem/backbone_agcrn": 1.0, "fpem/backbone_graphwavenet": 0.0, "fpem/backbone_staeformer": 0.0, "fpem/gc_pred_loss_only": 1.0, "fpem/env_route_head_mode_hyper_proto": 1.0, "fpem/fpem_force_uniform_route": 0.0, "fpem/hard_prediction_sinkhorn_total_replaces_primary": 0.0, "fpem/hard_prediction_environment_sinkhorn_total_replaces_primary": 0.0, "fpem/warmup_risk_sinkhorn_total_replaces_primary": 0.0, "fpem/lambda_club_mi": 0.0}}
EPOCH {"epoch": 39, "train_loss": 11.575431596665155, "val": {"loss": 11.924341837565104, "mae": 11.712994575500488, "mape": 0.18956880271434784}, "test_mixed": {"loss": NaN, "mae": NaN, "mape": NaN}, "test_workday": {"loss": NaN, "mae": NaN, "mape": NaN}, "test_holiday": {"loss": NaN, "mae": NaN, "mape": NaN}, "test_avg_mae": NaN, "lr": 0.001, "fpem_logs": {"fpem/fpem_env_use_exogenous": 1.0, "fpem/env_exogenous_available": 1.0, "fpem/env_exogenous_time_available": 1.0, "fpem/env_exogenous_load_available": 1.0, "fpem/env_exogenous_feature_dim": 32.0, "fpem/env_exogenous_embedding_norm": 2.8146473634810674, "fpem/env_exogenous_load_embedding_norm": 1.9720166637783958, "fpem/env_rep_ablation_normal": 1.0, "fpem/env_rep_ablation_zero": 0.0, "fpem/env_rep_ablation_shuffle_batch": 0.0, "fpem/env_rep_ablation_mode_id": 0.0, "fpem/mask_loss": 0.0, "fpem/mask_sparse_loss": 0.0, "fpem/mask_entropy_loss": 0.0, "fpem/mask_mean": 1.0, "fpem/mask_entropy": 0.0, "fpem/mask_active_ratio": 1.0, "fpem/fusion_alpha_mean": 0.0, "fpem/fusion_alpha_std": 0.0, "fpem/fusion_alpha_min": 0.0, "fpem/fusion_alpha_max": 0.0, "fpem/env_route_loss": 2.5367366018749418, "fpem/env_route_L_final": 9.046327409290132, "fpem/env_route_L_global": 0.0, "fpem/env_route_L_route_soft": 0.0, "fpem/env_route_L_expert": 9.408814775376094, "fpem/env_route_L_router_oracle": 0.6549736289750963, "fpem/env_route_L_balance": 0.0, "fpem/env_route_L_diverse": 0.0, "fpem/env_route_L_proto_align": 0.0, "fpem/env_route_entropy": 0.0, "fpem/env_route_q_max_mean": 0.0, "fpem/hyper_alpha_mean": 0.0, "fpem/hyper_delta_norm": 0.0, "fpem/hyper_route_proto_mode_uniform_warmup": 0.0, "fpem/hyper_route_proto_mode_uniform_fixed": 0.0, "fpem/hyper_route_proto_mode_sinkhorn": 0.0, "fpem/hyper_route_proto_mode_softmax": 0.0, "fpem/fallback_q_mean": 0.46726190476190477, "fpem/fallback_q_max": 0.0, "fpem/env_q_sum_mean": 0.5327380952380952, "fpem/oracle_fallback_rate": 0.0, "fpem/route_count_fallback": 0.0, "fpem/env_route_head_mode": 1.0, "fpem/route_entropy_mean": 0.0, "fpem/route_mean_distribution_entropy": 0.0, "fpem/effective_expert_number": 1.0, "fpem/max_expert_usage_ratio": 0.0, "fpem/min_expert_usage_ratio": 0.0, "fpem/prototype_pairwise_cosine": 0.0, "fpem/expert_prediction_pairwise_cosine": 0.0, "fpem/expert_collapse_warning": 0.0, "fpem/env_route_target_mode_env_prototype": 0.0, "fpem/env_route_target_mode_hybrid": 0.0, "fpem/env_route_hybrid_alpha": 0.0, "fpem/env_route_train_mode_warmup_risk_sinkhorn": 0.0, "fpem/warmup_risk_stage_warmup": 0.0, "fpem/warmup_risk_stage_soft": 0.0, "fpem/warmup_risk_stage_hard": 0.0, "fpem/warmup_risk_selected_loss": 0.0, "fpem/warmup_risk_uniform_common_loss": 0.0, "fpem/warmup_risk_lambda_common": 0.0, "fpem/warmup_risk_total_common_term": 0.0, "fpem/warmup_risk_temperature": 0.0, "fpem/warmup_risk_temperature_progress": 0.0, "fpem/uniform_expert_mae": 0.0, "fpem/risk_routed_mae": 0.0, "fpem/risk_prediction_mae": 0.0, "fpem/risk_loss": 0.0, "fpem/risk_ranking_loss": 0.0, "fpem/risk_ranking_accuracy": 0.0, "fpem/risk_oracle_argmin_accuracy": 0.0, "fpem/risk_router_temperature": 0.0, "fpem/risk_router_lambda": 0.0, "fpem/risk_router_pairwise_lambda": 0.0, "fpem/env_route_train_mode_progressive_gmm_environment": 0.0, "fpem/top_level_prediction_source_progressive_gmm_teacher_hard": 0.0, "fpem/progressive_assignment_uses_target_or_prediction_error": 0.0, "fpem/progressive_partition_ready": 0.0, "fpem/progressive_selected_k": 0.0, "fpem/progressive_active_expert_count": 0.0, "fpem/progressive_last_partition_epoch": 0.0, "fpem/progressive_lambda_common": 0.0, "fpem/progressive_common_term": 0.0, "fpem/progressive_compactness_loss": 0.0, "fpem/progressive_consistency_loss": 0.0, "fpem/progressive_cluster_entropy": 0.0, "fpem/progressive_assignment_change_ratio": 0.0, "fpem/progressive_hungarian_overlap_score": 0.0, "fpem/progressive_partition_update_time_sec": 0.0, "fpem/progressive_routed_mae": 0.0, "fpem/progressive_gmm_environment_total_replaces_primary": 0.0, "fpem/env_route_count_head_0": 16.0, "fpem/env_route_oracle_count_head_0": 16.0, "fpem/route_count_env_head_0": 16.0, "fpem/route_soft_mean_expert_0": 1.0, "fpem/route_hard_count_expert_0": 16.0, "fpem/hard_count_expert_0": 16.0, "fpem/sinkhorn_soft_col_mass_expert_0": 0.0, "fpem/progressive_active_expert_0": 0.0, "fpem/progressive_cluster_size_0": 0.0, "fpem/progressive_cluster_ratio_0": 0.0, "fpem/progressive_cluster_to_expert_0": 0.0, "fpem/progressive_bic_k1": 0.0, "fpem/progressive_bic_score_k1": 0.0, "fpem/progressive_bic_rejected_k1": 0.0, "fpem/hyper_alpha_head_0": 0.0, "fpem/hyper_gamma_norm_head_0": 0.0, "fpem/hyper_beta_norm_head_0": 0.0, "fpem/expert_cross_mae_group_0_expert_0": 9.408814775376094, "fpem/load_expert_loss": 9.408814775376094, "fpem/hard_router_loss": 0.6549736289750963, "fpem/hard_router_target_env_ratio": 0.6261904761904762, "fpem/hard_router_predicted_env_ratio": 0.5327380952380952, "fpem/hard_router_effective_env_ratio": 0.5327380952380952, "fpem/hard_router_supervision_enabled": 1.0, "fpem/hard_router_warmup_active": 0.0, "fpem/load_level_assignment_detached": 1.0, "fpem/load_level_count_0": 1680.0, "fpem/load_level_ratio_0": 1.0, "fpem/expert_0_global_loss": 9.408814775376094, "fpem/expert_0_selected_loss": 9.408814775376094, "fpem/hard_router_margin_mean": 0.09662237366040548, "fpem/hard_router_gain_mean": 0.25342270519052235, "fpem/hard_router_class_weight_invariant": 1.583615775903066, "fpem/hard_router_class_weight_environment": 0.8340626733643668, "fpem/expert_prediction_pairwise_difference": 0.0, "fpem/delta_pairwise_cosine": 0.0, "fpem/delta_pairwise_l1": 0.0, "fpem/delta_pairwise_l2": 0.0, "fpem/expert_0_parameter_norm": 14.968399874369304, "fpem/hard_binary_router_enabled": 1.0, "fpem/hard_router_uses_target_in_forward": 0.0, "fpem/stored_future_c_loaded": 0.0, "fpem/prediction_is_weighted_complete_fusion": 0.0, "fpem/future_mi_loss": 0.0, "fpem/future_mi_valid": 0.0, "fpem/future_mi_logvar_mean": 0.0, "fpem/future_mi_target_mode_env_encoder": 0.0, "fpem/swap_loss": 0.0, "fpem/swap_diff_loss": 0.0, "fpem/swap_same_loss": 0.0, "fpem/swap_gain_mean": 0.0, "fpem/swap_s_gain_mean": 0.0, "fpem/swap_fallback_router_loss": 0.0, "fpem/swap_fallback_q_mean": 0.0, "fpem/swap_prediction_delta": 0.0, "fpem/swap_route_delta": 0.0, "fpem/swap_hyper_alpha_delta": 0.0, "fpem/swap_hyper_delta_norm": 0.0, "fpem/loss_env_day": 0.0, "fpem/loss_env_hour": 0.0, "fpem/loss_env_rush": 0.0, "fpem/env_day_acc": 0.0, "fpem/env_hour_acc": 0.0, "fpem/env_rush_acc": 0.0, "fpem/loss_env_supcon": 0.0, "fpem/env_supcon_valid_pairs": 0.0, "fpem/loss_inv_env_adv": 0.0, "fpem/inv_day_acc": 0.0, "fpem/inv_hour_acc": 0.0, "fpem/inv_rush_acc": 0.0, "fpem/loss_cross_cov_sep": 0.0, "fpem/load_level_experts_enabled": 1.0, "fpem/load_level_uses_target_or_future_load": 0.0, "fpem/environment_gate_uses_target_in_forward": 0.0, "fpem/load_level_env_residual_scale": 0.0, "fpem/uses_cached_observable_load_prior": 1.0, "fpem/primary_loss": 9.046327409290132, "fpem/inv_pred_loss": 9.21707645597912, "fpem/primary_uses_route": 1.0, "fpem/primary_uses_env_fusion": 0.0, "fpem/backbone_agcrn": 1.0, "fpem/backbone_graphwavenet": 0.0, "fpem/backbone_staeformer": 0.0, "fpem/gc_pred_loss_only": 1.0, "fpem/env_route_head_mode_hyper_proto": 1.0, "fpem/fpem_force_uniform_route": 0.0, "fpem/hard_prediction_sinkhorn_total_replaces_primary": 0.0, "fpem/hard_prediction_environment_sinkhorn_total_replaces_primary": 0.0, "fpem/warmup_risk_sinkhorn_total_replaces_primary": 0.0, "fpem/lambda_club_mi": 0.0}}
EPOCH {"epoch": 40, "train_loss": 11.590848641168504, "val": {"loss": 11.844274150000679, "mae": 11.637166023254395, "mape": 0.18505573272705078}, "test_mixed": {"loss": NaN, "mae": NaN, "mape": NaN}, "test_workday": {"loss": NaN, "mae": NaN, "mape": NaN}, "test_holiday": {"loss": NaN, "mae": NaN, "mape": NaN}, "test_avg_mae": NaN, "lr": 0.001, "fpem_logs": {"fpem/fpem_env_use_exogenous": 1.0, "fpem/env_exogenous_available": 1.0, "fpem/env_exogenous_time_available": 1.0, "fpem/env_exogenous_load_available": 1.0, "fpem/env_exogenous_feature_dim": 32.0, "fpem/env_exogenous_embedding_norm": 2.8170822098141626, "fpem/env_exogenous_load_embedding_norm": 1.972097034681411, "fpem/env_rep_ablation_normal": 1.0, "fpem/env_rep_ablation_zero": 0.0, "fpem/env_rep_ablation_shuffle_batch": 0.0, "fpem/env_rep_ablation_mode_id": 0.0, "fpem/mask_loss": 0.0, "fpem/mask_sparse_loss": 0.0, "fpem/mask_entropy_loss": 0.0, "fpem/mask_mean": 1.0, "fpem/mask_entropy": 0.0, "fpem/mask_active_ratio": 1.0, "fpem/fusion_alpha_mean": 0.0, "fpem/fusion_alpha_std": 0.0, "fpem/fusion_alpha_min": 0.0, "fpem/fusion_alpha_max": 0.0, "fpem/env_route_loss": 2.5381334577287946, "fpem/env_route_L_final": 9.054135517846971, "fpem/env_route_L_global": 0.0, "fpem/env_route_L_route_soft": 0.0, "fpem/env_route_L_expert": 9.426655601319812, "fpem/env_route_L_router_oracle": 0.6528023072651454, "fpem/env_route_L_balance": 0.0, "fpem/env_route_L_diverse": 0.0, "fpem/env_route_L_proto_align": 0.0, "fpem/env_route_entropy": 0.0, "fpem/env_route_q_max_mean": 0.0, "fpem/hyper_alpha_mean": 0.0, "fpem/hyper_delta_norm": 0.0, "fpem/hyper_route_proto_mode_uniform_warmup": 0.0, "fpem/hyper_route_proto_mode_uniform_fixed": 0.0, "fpem/hyper_route_proto_mode_sinkhorn": 0.0, "fpem/hyper_route_proto_mode_softmax": 0.0, "fpem/fallback_q_mean": 0.48214285714285715, "fpem/fallback_q_max": 0.0, "fpem/env_q_sum_mean": 0.5178571428571429, "fpem/oracle_fallback_rate": 0.0, "fpem/route_count_fallback": 0.0, "fpem/env_route_head_mode": 1.0, "fpem/route_entropy_mean": 0.0, "fpem/route_mean_distribution_entropy": 0.0, "fpem/effective_expert_number": 1.0, "fpem/max_expert_usage_ratio": 0.0, "fpem/min_expert_usage_ratio": 0.0, "fpem/prototype_pairwise_cosine": 0.0, "fpem/expert_prediction_pairwise_cosine": 0.0, "fpem/expert_collapse_warning": 0.0, "fpem/env_route_target_mode_env_prototype": 0.0, "fpem/env_route_target_mode_hybrid": 0.0, "fpem/env_route_hybrid_alpha": 0.0, "fpem/env_route_train_mode_warmup_risk_sinkhorn": 0.0, "fpem/warmup_risk_stage_warmup": 0.0, "fpem/warmup_risk_stage_soft": 0.0, "fpem/warmup_risk_stage_hard": 0.0, "fpem/warmup_risk_selected_loss": 0.0, "fpem/warmup_risk_uniform_common_loss": 0.0, "fpem/warmup_risk_lambda_common": 0.0, "fpem/warmup_risk_total_common_term": 0.0, "fpem/warmup_risk_temperature": 0.0, "fpem/warmup_risk_temperature_progress": 0.0, "fpem/uniform_expert_mae": 0.0, "fpem/risk_routed_mae": 0.0, "fpem/risk_prediction_mae": 0.0, "fpem/risk_loss": 0.0, "fpem/risk_ranking_loss": 0.0, "fpem/risk_ranking_accuracy": 0.0, "fpem/risk_oracle_argmin_accuracy": 0.0, "fpem/risk_router_temperature": 0.0, "fpem/risk_router_lambda": 0.0, "fpem/risk_router_pairwise_lambda": 0.0, "fpem/env_route_train_mode_progressive_gmm_environment": 0.0, "fpem/top_level_prediction_source_progressive_gmm_teacher_hard": 0.0, "fpem/progressive_assignment_uses_target_or_prediction_error": 0.0, "fpem/progressive_partition_ready": 0.0, "fpem/progressive_selected_k": 0.0, "fpem/progressive_active_expert_count": 0.0, "fpem/progressive_last_partition_epoch": 0.0, "fpem/progressive_lambda_common": 0.0, "fpem/progressive_common_term": 0.0, "fpem/progressive_compactness_loss": 0.0, "fpem/progressive_consistency_loss": 0.0, "fpem/progressive_cluster_entropy": 0.0, "fpem/progressive_assignment_change_ratio": 0.0, "fpem/progressive_hungarian_overlap_score": 0.0, "fpem/progressive_partition_update_time_sec": 0.0, "fpem/progressive_routed_mae": 0.0, "fpem/progressive_gmm_environment_total_replaces_primary": 0.0, "fpem/env_route_count_head_0": 16.0, "fpem/env_route_oracle_count_head_0": 16.0, "fpem/route_count_env_head_0": 16.0, "fpem/route_soft_mean_expert_0": 1.0, "fpem/route_hard_count_expert_0": 16.0, "fpem/hard_count_expert_0": 16.0, "fpem/sinkhorn_soft_col_mass_expert_0": 0.0, "fpem/progressive_active_expert_0": 0.0, "fpem/progressive_cluster_size_0": 0.0, "fpem/progressive_cluster_ratio_0": 0.0, "fpem/progressive_cluster_to_expert_0": 0.0, "fpem/progressive_bic_k1": 0.0, "fpem/progressive_bic_score_k1": 0.0, "fpem/progressive_bic_rejected_k1": 0.0, "fpem/hyper_alpha_head_0": 0.0, "fpem/hyper_gamma_norm_head_0": 0.0, "fpem/hyper_beta_norm_head_0": 0.0, "fpem/expert_cross_mae_group_0_expert_0": 9.426655601319812, "fpem/load_expert_loss": 9.426655601319812, "fpem/hard_router_loss": 0.6528023072651454, "fpem/hard_router_target_env_ratio": 0.625, "fpem/hard_router_predicted_env_ratio": 0.5178571428571429, "fpem/hard_router_effective_env_ratio": 0.5178571428571429, "fpem/hard_router_supervision_enabled": 1.0, "fpem/hard_router_warmup_active": 0.0, "fpem/load_level_assignment_detached": 1.0, "fpem/load_level_count_0": 1680.0, "fpem/load_level_ratio_0": 1.0, "fpem/expert_0_global_loss": 9.426655601319812, "fpem/expert_0_selected_loss": 9.426655601319812, "fpem/hard_router_margin_mean": 0.09662237266699474, "fpem/hard_router_gain_mean": 0.23558193941911063, "fpem/hard_router_class_weight_invariant": 1.6077455072175888, "fpem/hard_router_class_weight_environment": 0.8472522372291201, "fpem/expert_prediction_pairwise_difference": 0.0, "fpem/delta_pairwise_cosine": 0.0, "fpem/delta_pairwise_l1": 0.0, "fpem/delta_pairwise_l2": 0.0, "fpem/expert_0_parameter_norm": 14.973209081377302, "fpem/hard_binary_router_enabled": 1.0, "fpem/hard_router_uses_target_in_forward": 0.0, "fpem/stored_future_c_loaded": 0.0, "fpem/prediction_is_weighted_complete_fusion": 0.0, "fpem/future_mi_loss": 0.0, "fpem/future_mi_valid": 0.0, "fpem/future_mi_logvar_mean": 0.0, "fpem/future_mi_target_mode_env_encoder": 0.0, "fpem/swap_loss": 0.0, "fpem/swap_diff_loss": 0.0, "fpem/swap_same_loss": 0.0, "fpem/swap_gain_mean": 0.0, "fpem/swap_s_gain_mean": 0.0, "fpem/swap_fallback_router_loss": 0.0, "fpem/swap_fallback_q_mean": 0.0, "fpem/swap_prediction_delta": 0.0, "fpem/swap_route_delta": 0.0, "fpem/swap_hyper_alpha_delta": 0.0, "fpem/swap_hyper_delta_norm": 0.0, "fpem/loss_env_day": 0.0, "fpem/loss_env_hour": 0.0, "fpem/loss_env_rush": 0.0, "fpem/env_day_acc": 0.0, "fpem/env_hour_acc": 0.0, "fpem/env_rush_acc": 0.0, "fpem/loss_env_supcon": 0.0, "fpem/env_supcon_valid_pairs": 0.0, "fpem/loss_inv_env_adv": 0.0, "fpem/inv_day_acc": 0.0, "fpem/inv_hour_acc": 0.0, "fpem/inv_rush_acc": 0.0, "fpem/loss_cross_cov_sep": 0.0, "fpem/load_level_experts_enabled": 1.0, "fpem/load_level_uses_target_or_future_load": 0.0, "fpem/environment_gate_uses_target_in_forward": 0.0, "fpem/load_level_env_residual_scale": 0.0, "fpem/uses_cached_observable_load_prior": 1.0, "fpem/primary_loss": 9.054135517846971, "fpem/inv_pred_loss": 9.21081987108503, "fpem/primary_uses_route": 1.0, "fpem/primary_uses_env_fusion": 0.0, "fpem/backbone_agcrn": 1.0, "fpem/backbone_graphwavenet": 0.0, "fpem/backbone_staeformer": 0.0, "fpem/gc_pred_loss_only": 1.0, "fpem/env_route_head_mode_hyper_proto": 1.0, "fpem/fpem_force_uniform_route": 0.0, "fpem/hard_prediction_sinkhorn_total_replaces_primary": 0.0, "fpem/hard_prediction_environment_sinkhorn_total_replaces_primary": 0.0, "fpem/warmup_risk_sinkhorn_total_replaces_primary": 0.0, "fpem/lambda_club_mi": 0.0}}
EPOCH {"epoch": 41, "train_loss": 11.59603765578497, "val": {"loss": 11.923471609751383, "mae": 11.727293014526367, "mape": 0.18590028584003448}, "test_mixed": {"loss": NaN, "mae": NaN, "mape": NaN}, "test_workday": {"loss": NaN, "mae": NaN, "mape": NaN}, "test_holiday": {"loss": NaN, "mae": NaN, "mape": NaN}, "test_avg_mae": NaN, "lr": 0.001, "fpem_logs": {"fpem/fpem_env_use_exogenous": 1.0, "fpem/env_exogenous_available": 1.0, "fpem/env_exogenous_time_available": 1.0, "fpem/env_exogenous_load_available": 1.0, "fpem/env_exogenous_feature_dim": 32.0, "fpem/env_exogenous_embedding_norm": 2.8230055127825056, "fpem/env_exogenous_load_embedding_norm": 1.9770836818785895, "fpem/env_rep_ablation_normal": 1.0, "fpem/env_rep_ablation_zero": 0.0, "fpem/env_rep_ablation_shuffle_batch": 0.0, "fpem/env_rep_ablation_mode_id": 0.0, "fpem/mask_loss": 0.0, "fpem/mask_sparse_loss": 0.0, "fpem/mask_entropy_loss": 0.0, "fpem/mask_mean": 1.0, "fpem/mask_entropy": 0.0, "fpem/mask_active_ratio": 1.0, "fpem/fusion_alpha_mean": 0.0, "fpem/fusion_alpha_std": 0.0, "fpem/fusion_alpha_min": 0.0, "fpem/fusion_alpha_max": 0.0, "fpem/env_route_loss": 2.5359463328406924, "fpem/env_route_L_final": 9.058317129952567, "fpem/env_route_L_global": 0.0, "fpem/env_route_L_route_soft": 0.0, "fpem/env_route_L_expert": 9.422315266018822, "fpem/env_route_L_router_oracle": 0.6514832485289801, "fpem/env_route_L_balance": 0.0, "fpem/env_route_L_diverse": 0.0, "fpem/env_route_L_proto_align": 0.0, "fpem/env_route_entropy": 0.0, "fpem/env_route_q_max_mean": 0.0, "fpem/hyper_alpha_mean": 0.0, "fpem/hyper_delta_norm": 0.0, "fpem/hyper_route_proto_mode_uniform_warmup": 0.0, "fpem/hyper_route_proto_mode_uniform_fixed": 0.0, "fpem/hyper_route_proto_mode_sinkhorn": 0.0, "fpem/hyper_route_proto_mode_softmax": 0.0, "fpem/fallback_q_mean": 0.46904761904761905, "fpem/fallback_q_max": 0.0, "fpem/env_q_sum_mean": 0.530952380952381, "fpem/oracle_fallback_rate": 0.0, "fpem/route_count_fallback": 0.0, "fpem/env_route_head_mode": 1.0, "fpem/route_entropy_mean": 0.0, "fpem/route_mean_distribution_entropy": 0.0, "fpem/effective_expert_number": 1.0, "fpem/max_expert_usage_ratio": 0.0, "fpem/min_expert_usage_ratio": 0.0, "fpem/prototype_pairwise_cosine": 0.0, "fpem/expert_prediction_pairwise_cosine": 0.0, "fpem/expert_collapse_warning": 0.0, "fpem/env_route_target_mode_env_prototype": 0.0, "fpem/env_route_target_mode_hybrid": 0.0, "fpem/env_route_hybrid_alpha": 0.0, "fpem/env_route_train_mode_warmup_risk_sinkhorn": 0.0, "fpem/warmup_risk_stage_warmup": 0.0, "fpem/warmup_risk_stage_soft": 0.0, "fpem/warmup_risk_stage_hard": 0.0, "fpem/warmup_risk_selected_loss": 0.0, "fpem/warmup_risk_uniform_common_loss": 0.0, "fpem/warmup_risk_lambda_common": 0.0, "fpem/warmup_risk_total_common_term": 0.0, "fpem/warmup_risk_temperature": 0.0, "fpem/warmup_risk_temperature_progress": 0.0, "fpem/uniform_expert_mae": 0.0, "fpem/risk_routed_mae": 0.0, "fpem/risk_prediction_mae": 0.0, "fpem/risk_loss": 0.0, "fpem/risk_ranking_loss": 0.0, "fpem/risk_ranking_accuracy": 0.0, "fpem/risk_oracle_argmin_accuracy": 0.0, "fpem/risk_router_temperature": 0.0, "fpem/risk_router_lambda": 0.0, "fpem/risk_router_pairwise_lambda": 0.0, "fpem/env_route_train_mode_progressive_gmm_environment": 0.0, "fpem/top_level_prediction_source_progressive_gmm_teacher_hard": 0.0, "fpem/progressive_assignment_uses_target_or_prediction_error": 0.0, "fpem/progressive_partition_ready": 0.0, "fpem/progressive_selected_k": 0.0, "fpem/progressive_active_expert_count": 0.0, "fpem/progressive_last_partition_epoch": 0.0, "fpem/progressive_lambda_common": 0.0, "fpem/progressive_common_term": 0.0, "fpem/progressive_compactness_loss": 0.0, "fpem/progressive_consistency_loss": 0.0, "fpem/progressive_cluster_entropy": 0.0, "fpem/progressive_assignment_change_ratio": 0.0, "fpem/progressive_hungarian_overlap_score": 0.0, "fpem/progressive_partition_update_time_sec": 0.0, "fpem/progressive_routed_mae": 0.0, "fpem/progressive_gmm_environment_total_replaces_primary": 0.0, "fpem/env_route_count_head_0": 16.0, "fpem/env_route_oracle_count_head_0": 16.0, "fpem/route_count_env_head_0": 16.0, "fpem/route_soft_mean_expert_0": 1.0, "fpem/route_hard_count_expert_0": 16.0, "fpem/hard_count_expert_0": 16.0, "fpem/sinkhorn_soft_col_mass_expert_0": 0.0, "fpem/progressive_active_expert_0": 0.0, "fpem/progressive_cluster_size_0": 0.0, "fpem/progressive_cluster_ratio_0": 0.0, "fpem/progressive_cluster_to_expert_0": 0.0, "fpem/progressive_bic_k1": 0.0, "fpem/progressive_bic_score_k1": 0.0, "fpem/progressive_bic_rejected_k1": 0.0, "fpem/hyper_alpha_head_0": 0.0, "fpem/hyper_gamma_norm_head_0": 0.0, "fpem/hyper_beta_norm_head_0": 0.0, "fpem/expert_cross_mae_group_0_expert_0": 9.422315266018822, "fpem/load_expert_loss": 9.422315266018822, "fpem/hard_router_loss": 0.6514832485289801, "fpem/hard_router_target_env_ratio": 0.6172619047619048, "fpem/hard_router_predicted_env_ratio": 0.530952380952381, "fpem/hard_router_effective_env_ratio": 0.530952380952381, "fpem/hard_router_supervision_enabled": 1.0, "fpem/hard_router_warmup_active": 0.0, "fpem/load_level_assignment_detached": 1.0, "fpem/load_level_count_0": 1680.0, "fpem/load_level_ratio_0": 1.0, "fpem/expert_0_global_loss": 9.422315266018822, "fpem/expert_0_selected_loss": 9.422315266018822, "fpem/hard_router_margin_mean": 0.09662237252507891, "fpem/hard_router_gain_mean": 0.23992221837952024, "fpem/hard_router_class_weight_invariant": 1.5310135637010847, "fpem/hard_router_class_weight_environment": 0.8566428445634388, "fpem/expert_prediction_pairwise_difference": 0.0, "fpem/delta_pairwise_cosine": 0.0, "fpem/delta_pairwise_l1": 0.0, "fpem/delta_pairwise_l2": 0.0, "fpem/expert_0_parameter_norm": 14.98022321065267, "fpem/hard_binary_router_enabled": 1.0, "fpem/hard_router_uses_target_in_forward": 0.0, "fpem/stored_future_c_loaded": 0.0, "fpem/prediction_is_weighted_complete_fusion": 0.0, "fpem/future_mi_loss": 0.0, "fpem/future_mi_valid": 0.0, "fpem/future_mi_logvar_mean": 0.0, "fpem/future_mi_target_mode_env_encoder": 0.0, "fpem/swap_loss": 0.0, "fpem/swap_diff_loss": 0.0, "fpem/swap_same_loss": 0.0, "fpem/swap_gain_mean": 0.0, "fpem/swap_s_gain_mean": 0.0, "fpem/swap_fallback_router_loss": 0.0, "fpem/swap_fallback_q_mean": 0.0, "fpem/swap_prediction_delta": 0.0, "fpem/swap_route_delta": 0.0, "fpem/swap_hyper_alpha_delta": 0.0, "fpem/swap_hyper_delta_norm": 0.0, "fpem/loss_env_day": 0.0, "fpem/loss_env_hour": 0.0, "fpem/loss_env_rush": 0.0, "fpem/env_day_acc": 0.0, "fpem/env_hour_acc": 0.0, "fpem/env_rush_acc": 0.0, "fpem/loss_env_supcon": 0.0, "fpem/env_supcon_valid_pairs": 0.0, "fpem/loss_inv_env_adv": 0.0, "fpem/inv_day_acc": 0.0, "fpem/inv_hour_acc": 0.0, "fpem/inv_rush_acc": 0.0, "fpem/loss_cross_cov_sep": 0.0, "fpem/load_level_experts_enabled": 1.0, "fpem/load_level_uses_target_or_future_load": 0.0, "fpem/environment_gate_uses_target_in_forward": 0.0, "fpem/load_level_env_residual_scale": 0.0, "fpem/uses_cached_observable_load_prior": 1.0, "fpem/primary_loss": 9.058317129952567, "fpem/inv_pred_loss": 9.219375655764626, "fpem/primary_uses_route": 1.0, "fpem/primary_uses_env_fusion": 0.0, "fpem/backbone_agcrn": 1.0, "fpem/backbone_graphwavenet": 0.0, "fpem/backbone_staeformer": 0.0, "fpem/gc_pred_loss_only": 1.0, "fpem/env_route_head_mode_hyper_proto": 1.0, "fpem/fpem_force_uniform_route": 0.0, "fpem/hard_prediction_sinkhorn_total_replaces_primary": 0.0, "fpem/hard_prediction_environment_sinkhorn_total_replaces_primary": 0.0, "fpem/warmup_risk_sinkhorn_total_replaces_primary": 0.0, "fpem/lambda_club_mi": 0.0}}
EPOCH {"epoch": 42, "train_loss": 11.600976035708474, "val": {"loss": 11.80493884616428, "mae": 11.590581893920898, "mape": 0.18590976297855377}, "test_mixed": {"loss": NaN, "mae": NaN, "mape": NaN}, "test_workday": {"loss": NaN, "mae": NaN, "mape": NaN}, "test_holiday": {"loss": NaN, "mae": NaN, "mape": NaN}, "test_avg_mae": NaN, "lr": 0.001, "fpem_logs": {"fpem/fpem_env_use_exogenous": 1.0, "fpem/env_exogenous_available": 1.0, "fpem/env_exogenous_time_available": 1.0, "fpem/env_exogenous_load_available": 1.0, "fpem/env_exogenous_feature_dim": 32.0, "fpem/env_exogenous_embedding_norm": 2.8216212181817917, "fpem/env_exogenous_load_embedding_norm": 1.975192259606861, "fpem/env_rep_ablation_normal": 1.0, "fpem/env_rep_ablation_zero": 0.0, "fpem/env_rep_ablation_shuffle_batch": 0.0, "fpem/env_rep_ablation_mode_id": 0.0, "fpem/mask_loss": 0.0, "fpem/mask_sparse_loss": 0.0, "fpem/mask_entropy_loss": 0.0, "fpem/mask_mean": 1.0, "fpem/mask_entropy": 0.0, "fpem/mask_active_ratio": 1.0, "fpem/fusion_alpha_mean": 0.0, "fpem/fusion_alpha_std": 0.0, "fpem/fusion_alpha_min": 0.0, "fpem/fusion_alpha_max": 0.0, "fpem/env_route_loss": 2.5373840286618186, "fpem/env_route_L_final": 9.06089604695638, "fpem/env_route_L_global": 0.0, "fpem/env_route_L_route_soft": 0.0, "fpem/env_route_L_expert": 9.433962853749593, "fpem/env_route_L_router_oracle": 0.6505914216949826, "fpem/env_route_L_balance": 0.0, "fpem/env_route_L_diverse": 0.0, "fpem/env_route_L_proto_align": 0.0, "fpem/env_route_entropy": 0.0, "fpem/env_route_q_max_mean": 0.0, "fpem/hyper_alpha_mean": 0.0, "fpem/hyper_delta_norm": 0.0, "fpem/hyper_route_proto_mode_uniform_warmup": 0.0, "fpem/hyper_route_proto_mode_uniform_fixed": 0.0, "fpem/hyper_route_proto_mode_sinkhorn": 0.0, "fpem/hyper_route_proto_mode_softmax": 0.0, "fpem/fallback_q_mean": 0.4994047619047619, "fpem/fallback_q_max": 0.0, "fpem/env_q_sum_mean": 0.5005952380952381, "fpem/oracle_fallback_rate": 0.0, "fpem/route_count_fallback": 0.0, "fpem/env_route_head_mode": 1.0, "fpem/route_entropy_mean": 0.0, "fpem/route_mean_distribution_entropy": 0.0, "fpem/effective_expert_number": 1.0, "fpem/max_expert_usage_ratio": 0.0, "fpem/min_expert_usage_ratio": 0.0, "fpem/prototype_pairwise_cosine": 0.0, "fpem/expert_prediction_pairwise_cosine": 0.0, "fpem/expert_collapse_warning": 0.0, "fpem/env_route_target_mode_env_prototype": 0.0, "fpem/env_route_target_mode_hybrid": 0.0, "fpem/env_route_hybrid_alpha": 0.0, "fpem/env_route_train_mode_warmup_risk_sinkhorn": 0.0, "fpem/warmup_risk_stage_warmup": 0.0, "fpem/warmup_risk_stage_soft": 0.0, "fpem/warmup_risk_stage_hard": 0.0, "fpem/warmup_risk_selected_loss": 0.0, "fpem/warmup_risk_uniform_common_loss": 0.0, "fpem/warmup_risk_lambda_common": 0.0, "fpem/warmup_risk_total_common_term": 0.0, "fpem/warmup_risk_temperature": 0.0, "fpem/warmup_risk_temperature_progress": 0.0, "fpem/uniform_expert_mae": 0.0, "fpem/risk_routed_mae": 0.0, "fpem/risk_prediction_mae": 0.0, "fpem/risk_loss": 0.0, "fpem/risk_ranking_loss": 0.0, "fpem/risk_ranking_accuracy": 0.0, "fpem/risk_oracle_argmin_accuracy": 0.0, "fpem/risk_router_temperature": 0.0, "fpem/risk_router_lambda": 0.0, "fpem/risk_router_pairwise_lambda": 0.0, "fpem/env_route_train_mode_progressive_gmm_environment": 0.0, "fpem/top_level_prediction_source_progressive_gmm_teacher_hard": 0.0, "fpem/progressive_assignment_uses_target_or_prediction_error": 0.0, "fpem/progressive_partition_ready": 0.0, "fpem/progressive_selected_k": 0.0, "fpem/progressive_active_expert_count": 0.0, "fpem/progressive_last_partition_epoch": 0.0, "fpem/progressive_lambda_common": 0.0, "fpem/progressive_common_term": 0.0, "fpem/progressive_compactness_loss": 0.0, "fpem/progressive_consistency_loss": 0.0, "fpem/progressive_cluster_entropy": 0.0, "fpem/progressive_assignment_change_ratio": 0.0, "fpem/progressive_hungarian_overlap_score": 0.0, "fpem/progressive_partition_update_time_sec": 0.0, "fpem/progressive_routed_mae": 0.0, "fpem/progressive_gmm_environment_total_replaces_primary": 0.0, "fpem/env_route_count_head_0": 16.0, "fpem/env_route_oracle_count_head_0": 16.0, "fpem/route_count_env_head_0": 16.0, "fpem/route_soft_mean_expert_0": 1.0, "fpem/route_hard_count_expert_0": 16.0, "fpem/hard_count_expert_0": 16.0, "fpem/sinkhorn_soft_col_mass_expert_0": 0.0, "fpem/progressive_active_expert_0": 0.0, "fpem/progressive_cluster_size_0": 0.0, "fpem/progressive_cluster_ratio_0": 0.0, "fpem/progressive_cluster_to_expert_0": 0.0, "fpem/progressive_bic_k1": 0.0, "fpem/progressive_bic_score_k1": 0.0, "fpem/progressive_bic_rejected_k1": 0.0, "fpem/hyper_alpha_head_0": 0.0, "fpem/hyper_gamma_norm_head_0": 0.0, "fpem/hyper_beta_norm_head_0": 0.0, "fpem/expert_cross_mae_group_0_expert_0": 9.433962853749593, "fpem/load_expert_loss": 9.433962853749593, "fpem/hard_router_loss": 0.6505914216949826, "fpem/hard_router_target_env_ratio": 0.606547619047619, "fpem/hard_router_predicted_env_ratio": 0.5005952380952381, "fpem/hard_router_effective_env_ratio": 0.5005952380952381, "fpem/hard_router_supervision_enabled": 1.0, "fpem/hard_router_warmup_active": 0.0, "fpem/load_level_assignment_detached": 1.0, "fpem/load_level_count_0": 1680.0, "fpem/load_level_ratio_0": 1.0, "fpem/expert_0_global_loss": 9.433962853749593, "fpem/expert_0_selected_loss": 9.433962853749593, "fpem/hard_router_margin_mean": 0.09662237309274219, "fpem/hard_router_gain_mean": 0.2282746136188507, "fpem/hard_router_class_weight_invariant": 1.464548391387576, "fpem/hard_router_class_weight_environment": 0.8786479331198193, "fpem/expert_prediction_pairwise_difference": 0.0, "fpem/delta_pairwise_cosine": 0.0, "fpem/delta_pairwise_l1": 0.0, "fpem/delta_pairwise_l2": 0.0, "fpem/expert_0_parameter_norm": 14.98368374960763, "fpem/hard_binary_router_enabled": 1.0, "fpem/hard_router_uses_target_in_forward": 0.0, "fpem/stored_future_c_loaded": 0.0, "fpem/prediction_is_weighted_complete_fusion": 0.0, "fpem/future_mi_loss": 0.0, "fpem/future_mi_valid": 0.0, "fpem/future_mi_logvar_mean": 0.0, "fpem/future_mi_target_mode_env_encoder": 0.0, "fpem/swap_loss": 0.0, "fpem/swap_diff_loss": 0.0, "fpem/swap_same_loss": 0.0, "fpem/swap_gain_mean": 0.0, "fpem/swap_s_gain_mean": 0.0, "fpem/swap_fallback_router_loss": 0.0, "fpem/swap_fallback_q_mean": 0.0, "fpem/swap_prediction_delta": 0.0, "fpem/swap_route_delta": 0.0, "fpem/swap_hyper_alpha_delta": 0.0, "fpem/swap_hyper_delta_norm": 0.0, "fpem/loss_env_day": 0.0, "fpem/loss_env_hour": 0.0, "fpem/loss_env_rush": 0.0, "fpem/env_day_acc": 0.0, "fpem/env_hour_acc": 0.0, "fpem/env_rush_acc": 0.0, "fpem/loss_env_supcon": 0.0, "fpem/env_supcon_valid_pairs": 0.0, "fpem/loss_inv_env_adv": 0.0, "fpem/inv_day_acc": 0.0, "fpem/inv_hour_acc": 0.0, "fpem/inv_rush_acc": 0.0, "fpem/loss_cross_cov_sep": 0.0, "fpem/load_level_experts_enabled": 1.0, "fpem/load_level_uses_target_or_future_load": 0.0, "fpem/environment_gate_uses_target_in_forward": 0.0, "fpem/load_level_env_residual_scale": 0.0, "fpem/uses_cached_observable_load_prior": 1.0, "fpem/primary_loss": 9.06089604695638, "fpem/inv_pred_loss": 9.216394242786226, "fpem/primary_uses_route": 1.0, "fpem/primary_uses_env_fusion": 0.0, "fpem/backbone_agcrn": 1.0, "fpem/backbone_graphwavenet": 0.0, "fpem/backbone_staeformer": 0.0, "fpem/gc_pred_loss_only": 1.0, "fpem/env_route_head_mode_hyper_proto": 1.0, "fpem/fpem_force_uniform_route": 0.0, "fpem/hard_prediction_sinkhorn_total_replaces_primary": 0.0, "fpem/hard_prediction_environment_sinkhorn_total_replaces_primary": 0.0, "fpem/warmup_risk_sinkhorn_total_replaces_primary": 0.0, "fpem/lambda_club_mi": 0.0}}
EPOCH {"epoch": 43, "train_loss": 11.581013852074033, "val": {"loss": 11.898716370264689, "mae": 11.684503555297852, "mape": 0.18704834580421448}, "test_mixed": {"loss": NaN, "mae": NaN, "mape": NaN}, "test_workday": {"loss": NaN, "mae": NaN, "mape": NaN}, "test_holiday": {"loss": NaN, "mae": NaN, "mape": NaN}, "test_avg_mae": NaN, "lr": 0.001, "fpem_logs": {"fpem/fpem_env_use_exogenous": 1.0, "fpem/env_exogenous_available": 1.0, "fpem/env_exogenous_time_available": 1.0, "fpem/env_exogenous_load_available": 1.0, "fpem/env_exogenous_feature_dim": 32.0, "fpem/env_exogenous_embedding_norm": 2.8272210779644196, "fpem/env_exogenous_load_embedding_norm": 1.979083031699771, "fpem/env_rep_ablation_normal": 1.0, "fpem/env_rep_ablation_zero": 0.0, "fpem/env_rep_ablation_shuffle_batch": 0.0, "fpem/env_rep_ablation_mode_id": 0.0, "fpem/mask_loss": 0.0, "fpem/mask_sparse_loss": 0.0, "fpem/mask_entropy_loss": 0.0, "fpem/mask_mean": 1.0, "fpem/mask_entropy": 0.0, "fpem/mask_active_ratio": 1.0, "fpem/fusion_alpha_mean": 0.0, "fpem/fusion_alpha_std": 0.0, "fpem/fusion_alpha_min": 0.0, "fpem/fusion_alpha_max": 0.0, "fpem/env_route_loss": 2.538122038614182, "fpem/env_route_L_final": 9.042888636816116, "fpem/env_route_L_global": 0.0, "fpem/env_route_L_route_soft": 0.0, "fpem/env_route_L_expert": 9.394346023741223, "fpem/env_route_L_router_oracle": 0.6592528093428839, "fpem/env_route_L_balance": 0.0, "fpem/env_route_L_diverse": 0.0, "fpem/env_route_L_proto_align": 0.0, "fpem/env_route_entropy": 0.0, "fpem/env_route_q_max_mean": 0.0, "fpem/hyper_alpha_mean": 0.0, "fpem/hyper_delta_norm": 0.0, "fpem/hyper_route_proto_mode_uniform_warmup": 0.0, "fpem/hyper_route_proto_mode_uniform_fixed": 0.0, "fpem/hyper_route_proto_mode_sinkhorn": 0.0, "fpem/hyper_route_proto_mode_softmax": 0.0, "fpem/fallback_q_mean": 0.4636904761904762, "fpem/fallback_q_max": 0.0, "fpem/env_q_sum_mean": 0.5363095238095238, "fpem/oracle_fallback_rate": 0.0, "fpem/route_count_fallback": 0.0, "fpem/env_route_head_mode": 1.0, "fpem/route_entropy_mean": 0.0, "fpem/route_mean_distribution_entropy": 0.0, "fpem/effective_expert_number": 1.0, "fpem/max_expert_usage_ratio": 0.0, "fpem/min_expert_usage_ratio": 0.0, "fpem/prototype_pairwise_cosine": 0.0, "fpem/expert_prediction_pairwise_cosine": 0.0, "fpem/expert_collapse_warning": 0.0, "fpem/env_route_target_mode_env_prototype": 0.0, "fpem/env_route_target_mode_hybrid": 0.0, "fpem/env_route_hybrid_alpha": 0.0, "fpem/env_route_train_mode_warmup_risk_sinkhorn": 0.0, "fpem/warmup_risk_stage_warmup": 0.0, "fpem/warmup_risk_stage_soft": 0.0, "fpem/warmup_risk_stage_hard": 0.0, "fpem/warmup_risk_selected_loss": 0.0, "fpem/warmup_risk_uniform_common_loss": 0.0, "fpem/warmup_risk_lambda_common": 0.0, "fpem/warmup_risk_total_common_term": 0.0, "fpem/warmup_risk_temperature": 0.0, "fpem/warmup_risk_temperature_progress": 0.0, "fpem/uniform_expert_mae": 0.0, "fpem/risk_routed_mae": 0.0, "fpem/risk_prediction_mae": 0.0, "fpem/risk_loss": 0.0, "fpem/risk_ranking_loss": 0.0, "fpem/risk_ranking_accuracy": 0.0, "fpem/risk_oracle_argmin_accuracy": 0.0, "fpem/risk_router_temperature": 0.0, "fpem/risk_router_lambda": 0.0, "fpem/risk_router_pairwise_lambda": 0.0, "fpem/env_route_train_mode_progressive_gmm_environment": 0.0, "fpem/top_level_prediction_source_progressive_gmm_teacher_hard": 0.0, "fpem/progressive_assignment_uses_target_or_prediction_error": 0.0, "fpem/progressive_partition_ready": 0.0, "fpem/progressive_selected_k": 0.0, "fpem/progressive_active_expert_count": 0.0, "fpem/progressive_last_partition_epoch": 0.0, "fpem/progressive_lambda_common": 0.0, "fpem/progressive_common_term": 0.0, "fpem/progressive_compactness_loss": 0.0, "fpem/progressive_consistency_loss": 0.0, "fpem/progressive_cluster_entropy": 0.0, "fpem/progressive_assignment_change_ratio": 0.0, "fpem/progressive_hungarian_overlap_score": 0.0, "fpem/progressive_partition_update_time_sec": 0.0, "fpem/progressive_routed_mae": 0.0, "fpem/progressive_gmm_environment_total_replaces_primary": 0.0, "fpem/env_route_count_head_0": 16.0, "fpem/env_route_oracle_count_head_0": 16.0, "fpem/route_count_env_head_0": 16.0, "fpem/route_soft_mean_expert_0": 1.0, "fpem/route_hard_count_expert_0": 16.0, "fpem/hard_count_expert_0": 16.0, "fpem/sinkhorn_soft_col_mass_expert_0": 0.0, "fpem/progressive_active_expert_0": 0.0, "fpem/progressive_cluster_size_0": 0.0, "fpem/progressive_cluster_ratio_0": 0.0, "fpem/progressive_cluster_to_expert_0": 0.0, "fpem/progressive_bic_k1": 0.0, "fpem/progressive_bic_score_k1": 0.0, "fpem/progressive_bic_rejected_k1": 0.0, "fpem/hyper_alpha_head_0": 0.0, "fpem/hyper_gamma_norm_head_0": 0.0, "fpem/hyper_beta_norm_head_0": 0.0, "fpem/expert_cross_mae_group_0_expert_0": 9.394346023741223, "fpem/load_expert_loss": 9.394346023741223, "fpem/hard_router_loss": 0.6592528093428839, "fpem/hard_router_target_env_ratio": 0.6428571428571429, "fpem/hard_router_predicted_env_ratio": 0.5363095238095238, "fpem/hard_router_effective_env_ratio": 0.5363095238095238, "fpem/hard_router_supervision_enabled": 1.0, "fpem/hard_router_warmup_active": 0.0, "fpem/load_level_assignment_detached": 1.0, "fpem/load_level_count_0": 1680.0, "fpem/load_level_ratio_0": 1.0, "fpem/expert_0_global_loss": 9.394346023741223, "fpem/expert_0_selected_loss": 9.394346023741223, "fpem/hard_router_margin_mean": 0.09662237330561592, "fpem/hard_router_gain_mean": 0.26789147271996455, "fpem/hard_router_class_weight_invariant": 1.7291005537623452, "fpem/hard_router_class_weight_environment": 0.8168893711907523, "fpem/expert_prediction_pairwise_difference": 0.0, "fpem/delta_pairwise_cosine": 0.0, "fpem/delta_pairwise_l1": 0.0, "fpem/delta_pairwise_l2": 0.0, "fpem/expert_0_parameter_norm": 14.984652818952288, "fpem/hard_binary_router_enabled": 1.0, "fpem/hard_router_uses_target_in_forward": 0.0, "fpem/stored_future_c_loaded": 0.0, "fpem/prediction_is_weighted_complete_fusion": 0.0, "fpem/future_mi_loss": 0.0, "fpem/future_mi_valid": 0.0, "fpem/future_mi_logvar_mean": 0.0, "fpem/future_mi_target_mode_env_encoder": 0.0, "fpem/swap_loss": 0.0, "fpem/swap_diff_loss": 0.0, "fpem/swap_same_loss": 0.0, "fpem/swap_gain_mean": 0.0, "fpem/swap_s_gain_mean": 0.0, "fpem/swap_fallback_router_loss": 0.0, "fpem/swap_fallback_q_mean": 0.0, "fpem/swap_prediction_delta": 0.0, "fpem/swap_route_delta": 0.0, "fpem/swap_hyper_alpha_delta": 0.0, "fpem/swap_hyper_delta_norm": 0.0, "fpem/loss_env_day": 0.0, "fpem/loss_env_hour": 0.0, "fpem/loss_env_rush": 0.0, "fpem/env_day_acc": 0.0, "fpem/env_hour_acc": 0.0, "fpem/env_rush_acc": 0.0, "fpem/loss_env_supcon": 0.0, "fpem/env_supcon_valid_pairs": 0.0, "fpem/loss_inv_env_adv": 0.0, "fpem/inv_day_acc": 0.0, "fpem/inv_hour_acc": 0.0, "fpem/inv_rush_acc": 0.0, "fpem/loss_cross_cov_sep": 0.0, "fpem/load_level_experts_enabled": 1.0, "fpem/load_level_uses_target_or_future_load": 0.0, "fpem/environment_gate_uses_target_in_forward": 0.0, "fpem/load_level_env_residual_scale": 0.0, "fpem/uses_cached_observable_load_prior": 1.0, "fpem/primary_loss": 9.042888636816116, "fpem/inv_pred_loss": 9.21706226439703, "fpem/primary_uses_route": 1.0, "fpem/primary_uses_env_fusion": 0.0, "fpem/backbone_agcrn": 1.0, "fpem/backbone_graphwavenet": 0.0, "fpem/backbone_staeformer": 0.0, "fpem/gc_pred_loss_only": 1.0, "fpem/env_route_head_mode_hyper_proto": 1.0, "fpem/fpem_force_uniform_route": 0.0, "fpem/hard_prediction_sinkhorn_total_replaces_primary": 0.0, "fpem/hard_prediction_environment_sinkhorn_total_replaces_primary": 0.0, "fpem/warmup_risk_sinkhorn_total_replaces_primary": 0.0, "fpem/lambda_club_mi": 0.0}}
EPOCH {"epoch": 44, "train_loss": 11.566685685657319, "val": {"loss": 11.843254778120253, "mae": 11.642828941345215, "mape": 0.18621133267879486}, "test_mixed": {"loss": NaN, "mae": NaN, "mape": NaN}, "test_workday": {"loss": NaN, "mae": NaN, "mape": NaN}, "test_holiday": {"loss": NaN, "mae": NaN, "mape": NaN}, "test_avg_mae": NaN, "lr": 0.001, "fpem_logs": {"fpem/fpem_env_use_exogenous": 1.0, "fpem/env_exogenous_available": 1.0, "fpem/env_exogenous_time_available": 1.0, "fpem/env_exogenous_load_available": 1.0, "fpem/env_exogenous_feature_dim": 32.0, "fpem/env_exogenous_embedding_norm": 2.830325010844639, "fpem/env_exogenous_load_embedding_norm": 1.977630363191877, "fpem/env_rep_ablation_normal": 1.0, "fpem/env_rep_ablation_zero": 0.0, "fpem/env_rep_ablation_shuffle_batch": 0.0, "fpem/env_rep_ablation_mode_id": 0.0, "fpem/mask_loss": 0.0, "fpem/mask_sparse_loss": 0.0, "fpem/mask_entropy_loss": 0.0, "fpem/mask_mean": 1.0, "fpem/mask_entropy": 0.0, "fpem/mask_active_ratio": 1.0, "fpem/fusion_alpha_mean": 0.0, "fpem/fusion_alpha_std": 0.0, "fpem/fusion_alpha_min": 0.0, "fpem/fusion_alpha_max": 0.0, "fpem/env_route_loss": 2.539332548777262, "fpem/env_route_L_final": 9.033774721054805, "fpem/env_route_L_global": 0.0, "fpem/env_route_L_route_soft": 0.0, "fpem/env_route_L_expert": 9.385007395063127, "fpem/env_route_L_router_oracle": 0.6623310409841083, "fpem/env_route_L_balance": 0.0, "fpem/env_route_L_diverse": 0.0, "fpem/env_route_L_proto_align": 0.0, "fpem/env_route_entropy": 0.0, "fpem/env_route_q_max_mean": 0.0, "fpem/hyper_alpha_mean": 0.0, "fpem/hyper_delta_norm": 0.0, "fpem/hyper_route_proto_mode_uniform_warmup": 0.0, "fpem/hyper_route_proto_mode_uniform_fixed": 0.0, "fpem/hyper_route_proto_mode_sinkhorn": 0.0, "fpem/hyper_route_proto_mode_softmax": 0.0, "fpem/fallback_q_mean": 0.4666666666666667, "fpem/fallback_q_max": 0.0, "fpem/env_q_sum_mean": 0.5333333333333333, "fpem/oracle_fallback_rate": 0.0, "fpem/route_count_fallback": 0.0, "fpem/env_route_head_mode": 1.0, "fpem/route_entropy_mean": 0.0, "fpem/route_mean_distribution_entropy": 0.0, "fpem/effective_expert_number": 1.0, "fpem/max_expert_usage_ratio": 0.0, "fpem/min_expert_usage_ratio": 0.0, "fpem/prototype_pairwise_cosine": 0.0, "fpem/expert_prediction_pairwise_cosine": 0.0, "fpem/expert_collapse_warning": 0.0, "fpem/env_route_target_mode_env_prototype": 0.0, "fpem/env_route_target_mode_hybrid": 0.0, "fpem/env_route_hybrid_alpha": 0.0, "fpem/env_route_train_mode_warmup_risk_sinkhorn": 0.0, "fpem/warmup_risk_stage_warmup": 0.0, "fpem/warmup_risk_stage_soft": 0.0, "fpem/warmup_risk_stage_hard": 0.0, "fpem/warmup_risk_selected_loss": 0.0, "fpem/warmup_risk_uniform_common_loss": 0.0, "fpem/warmup_risk_lambda_common": 0.0, "fpem/warmup_risk_total_common_term": 0.0, "fpem/warmup_risk_temperature": 0.0, "fpem/warmup_risk_temperature_progress": 0.0, "fpem/uniform_expert_mae": 0.0, "fpem/risk_routed_mae": 0.0, "fpem/risk_prediction_mae": 0.0, "fpem/risk_loss": 0.0, "fpem/risk_ranking_loss": 0.0, "fpem/risk_ranking_accuracy": 0.0, "fpem/risk_oracle_argmin_accuracy": 0.0, "fpem/risk_router_temperature": 0.0, "fpem/risk_router_lambda": 0.0, "fpem/risk_router_pairwise_lambda": 0.0, "fpem/env_route_train_mode_progressive_gmm_environment": 0.0, "fpem/top_level_prediction_source_progressive_gmm_teacher_hard": 0.0, "fpem/progressive_assignment_uses_target_or_prediction_error": 0.0, "fpem/progressive_partition_ready": 0.0, "fpem/progressive_selected_k": 0.0, "fpem/progressive_active_expert_count": 0.0, "fpem/progressive_last_partition_epoch": 0.0, "fpem/progressive_lambda_common": 0.0, "fpem/progressive_common_term": 0.0, "fpem/progressive_compactness_loss": 0.0, "fpem/progressive_consistency_loss": 0.0, "fpem/progressive_cluster_entropy": 0.0, "fpem/progressive_assignment_change_ratio": 0.0, "fpem/progressive_hungarian_overlap_score": 0.0, "fpem/progressive_partition_update_time_sec": 0.0, "fpem/progressive_routed_mae": 0.0, "fpem/progressive_gmm_environment_total_replaces_primary": 0.0, "fpem/env_route_count_head_0": 16.0, "fpem/env_route_oracle_count_head_0": 16.0, "fpem/route_count_env_head_0": 16.0, "fpem/route_soft_mean_expert_0": 1.0, "fpem/route_hard_count_expert_0": 16.0, "fpem/hard_count_expert_0": 16.0, "fpem/sinkhorn_soft_col_mass_expert_0": 0.0, "fpem/progressive_active_expert_0": 0.0, "fpem/progressive_cluster_size_0": 0.0, "fpem/progressive_cluster_ratio_0": 0.0, "fpem/progressive_cluster_to_expert_0": 0.0, "fpem/progressive_bic_k1": 0.0, "fpem/progressive_bic_score_k1": 0.0, "fpem/progressive_bic_rejected_k1": 0.0, "fpem/hyper_alpha_head_0": 0.0, "fpem/hyper_gamma_norm_head_0": 0.0, "fpem/hyper_beta_norm_head_0": 0.0, "fpem/expert_cross_mae_group_0_expert_0": 9.385007395063127, "fpem/load_expert_loss": 9.385007395063127, "fpem/hard_router_loss": 0.6623310409841083, "fpem/hard_router_target_env_ratio": 0.6625, "fpem/hard_router_predicted_env_ratio": 0.5333333333333333, "fpem/hard_router_effective_env_ratio": 0.5333333333333333, "fpem/hard_router_supervision_enabled": 1.0, "fpem/hard_router_warmup_active": 0.0, "fpem/load_level_assignment_detached": 1.0, "fpem/load_level_count_0": 1680.0, "fpem/load_level_ratio_0": 1.0, "fpem/expert_0_global_loss": 9.385007395063127, "fpem/expert_0_selected_loss": 9.385007395063127, "fpem/hard_router_margin_mean": 0.09662237295082637, "fpem/hard_router_gain_mean": 0.27723007698853813, "fpem/hard_router_class_weight_invariant": 1.7607311515581041, "fpem/hard_router_class_weight_environment": 0.7924211422602335, "fpem/expert_prediction_pairwise_difference": 0.0, "fpem/delta_pairwise_cosine": 0.0, "fpem/delta_pairwise_l1": 0.0, "fpem/delta_pairwise_l2": 0.0, "fpem/expert_0_parameter_norm": 14.987746838160923, "fpem/hard_binary_router_enabled": 1.0, "fpem/hard_router_uses_target_in_forward": 0.0, "fpem/stored_future_c_loaded": 0.0, "fpem/prediction_is_weighted_complete_fusion": 0.0, "fpem/future_mi_loss": 0.0, "fpem/future_mi_valid": 0.0, "fpem/future_mi_logvar_mean": 0.0, "fpem/future_mi_target_mode_env_encoder": 0.0, "fpem/swap_loss": 0.0, "fpem/swap_diff_loss": 0.0, "fpem/swap_same_loss": 0.0, "fpem/swap_gain_mean": 0.0, "fpem/swap_s_gain_mean": 0.0, "fpem/swap_fallback_router_loss": 0.0, "fpem/swap_fallback_q_mean": 0.0, "fpem/swap_prediction_delta": 0.0, "fpem/swap_route_delta": 0.0, "fpem/swap_hyper_alpha_delta": 0.0, "fpem/swap_hyper_delta_norm": 0.0, "fpem/loss_env_day": 0.0, "fpem/loss_env_hour": 0.0, "fpem/loss_env_rush": 0.0, "fpem/env_day_acc": 0.0, "fpem/env_hour_acc": 0.0, "fpem/env_rush_acc": 0.0, "fpem/loss_env_supcon": 0.0, "fpem/env_supcon_valid_pairs": 0.0, "fpem/loss_inv_env_adv": 0.0, "fpem/inv_day_acc": 0.0, "fpem/inv_hour_acc": 0.0, "fpem/inv_rush_acc": 0.0, "fpem/loss_cross_cov_sep": 0.0, "fpem/load_level_experts_enabled": 1.0, "fpem/load_level_uses_target_or_future_load": 0.0, "fpem/environment_gate_uses_target_in_forward": 0.0, "fpem/load_level_env_residual_scale": 0.0, "fpem/uses_cached_observable_load_prior": 1.0, "fpem/primary_loss": 9.033774721054805, "fpem/inv_pred_loss": 9.215500377473377, "fpem/primary_uses_route": 1.0, "fpem/primary_uses_env_fusion": 0.0, "fpem/backbone_agcrn": 1.0, "fpem/backbone_graphwavenet": 0.0, "fpem/backbone_staeformer": 0.0, "fpem/gc_pred_loss_only": 1.0, "fpem/env_route_head_mode_hyper_proto": 1.0, "fpem/fpem_force_uniform_route": 0.0, "fpem/hard_prediction_sinkhorn_total_replaces_primary": 0.0, "fpem/hard_prediction_environment_sinkhorn_total_replaces_primary": 0.0, "fpem/warmup_risk_sinkhorn_total_replaces_primary": 0.0, "fpem/lambda_club_mi": 0.0}}
EPOCH {"epoch": 45, "train_loss": 11.59512369973319, "val": {"loss": 11.872485213809544, "mae": 11.670950889587402, "mape": 0.1849612146615982}, "test_mixed": {"loss": NaN, "mae": NaN, "mape": NaN}, "test_workday": {"loss": NaN, "mae": NaN, "mape": NaN}, "test_holiday": {"loss": NaN, "mae": NaN, "mape": NaN}, "test_avg_mae": NaN, "lr": 0.001, "fpem_logs": {"fpem/fpem_env_use_exogenous": 1.0, "fpem/env_exogenous_available": 1.0, "fpem/env_exogenous_time_available": 1.0, "fpem/env_exogenous_load_available": 1.0, "fpem/env_exogenous_feature_dim": 32.0, "fpem/env_exogenous_embedding_norm": 2.835702594121297, "fpem/env_exogenous_load_embedding_norm": 1.9825924668993269, "fpem/env_rep_ablation_normal": 1.0, "fpem/env_rep_ablation_zero": 0.0, "fpem/env_rep_ablation_shuffle_batch": 0.0, "fpem/env_rep_ablation_mode_id": 0.0, "fpem/mask_loss": 0.0, "fpem/mask_sparse_loss": 0.0, "fpem/mask_entropy_loss": 0.0, "fpem/mask_mean": 1.0, "fpem/mask_entropy": 0.0, "fpem/mask_active_ratio": 1.0, "fpem/fusion_alpha_mean": 0.0, "fpem/fusion_alpha_std": 0.0, "fpem/fusion_alpha_min": 0.0, "fpem/fusion_alpha_max": 0.0, "fpem/env_route_loss": 2.5524331819443478, "fpem/env_route_L_final": 9.046447762988862, "fpem/env_route_L_global": 0.0, "fpem/env_route_L_route_soft": 0.0, "fpem/env_route_L_expert": 9.401844528743199, "fpem/env_route_L_router_oracle": 0.6720642617770604, "fpem/env_route_L_balance": 0.0, "fpem/env_route_L_diverse": 0.0, "fpem/env_route_L_proto_align": 0.0, "fpem/env_route_entropy": 0.0, "fpem/env_route_q_max_mean": 0.0, "fpem/hyper_alpha_mean": 0.0, "fpem/hyper_delta_norm": 0.0, "fpem/hyper_route_proto_mode_uniform_warmup": 0.0, "fpem/hyper_route_proto_mode_uniform_fixed": 0.0, "fpem/hyper_route_proto_mode_sinkhorn": 0.0, "fpem/hyper_route_proto_mode_softmax": 0.0, "fpem/fallback_q_mean": 0.4261904761904762, "fpem/fallback_q_max": 0.0, "fpem/env_q_sum_mean": 0.5738095238095238, "fpem/oracle_fallback_rate": 0.0, "fpem/route_count_fallback": 0.0, "fpem/env_route_head_mode": 1.0, "fpem/route_entropy_mean": 0.0, "fpem/route_mean_distribution_entropy": 0.0, "fpem/effective_expert_number": 1.0, "fpem/max_expert_usage_ratio": 0.0, "fpem/min_expert_usage_ratio": 0.0, "fpem/prototype_pairwise_cosine": 0.0, "fpem/expert_prediction_pairwise_cosine": 0.0, "fpem/expert_collapse_warning": 0.0, "fpem/env_route_target_mode_env_prototype": 0.0, "fpem/env_route_target_mode_hybrid": 0.0, "fpem/env_route_hybrid_alpha": 0.0, "fpem/env_route_train_mode_warmup_risk_sinkhorn": 0.0, "fpem/warmup_risk_stage_warmup": 0.0, "fpem/warmup_risk_stage_soft": 0.0, "fpem/warmup_risk_stage_hard": 0.0, "fpem/warmup_risk_selected_loss": 0.0, "fpem/warmup_risk_uniform_common_loss": 0.0, "fpem/warmup_risk_lambda_common": 0.0, "fpem/warmup_risk_total_common_term": 0.0, "fpem/warmup_risk_temperature": 0.0, "fpem/warmup_risk_temperature_progress": 0.0, "fpem/uniform_expert_mae": 0.0, "fpem/risk_routed_mae": 0.0, "fpem/risk_prediction_mae": 0.0, "fpem/risk_loss": 0.0, "fpem/risk_ranking_loss": 0.0, "fpem/risk_ranking_accuracy": 0.0, "fpem/risk_oracle_argmin_accuracy": 0.0, "fpem/risk_router_temperature": 0.0, "fpem/risk_router_lambda": 0.0, "fpem/risk_router_pairwise_lambda": 0.0, "fpem/env_route_train_mode_progressive_gmm_environment": 0.0, "fpem/top_level_prediction_source_progressive_gmm_teacher_hard": 0.0, "fpem/progressive_assignment_uses_target_or_prediction_error": 0.0, "fpem/progressive_partition_ready": 0.0, "fpem/progressive_selected_k": 0.0, "fpem/progressive_active_expert_count": 0.0, "fpem/progressive_last_partition_epoch": 0.0, "fpem/progressive_lambda_common": 0.0, "fpem/progressive_common_term": 0.0, "fpem/progressive_compactness_loss": 0.0, "fpem/progressive_consistency_loss": 0.0, "fpem/progressive_cluster_entropy": 0.0, "fpem/progressive_assignment_change_ratio": 0.0, "fpem/progressive_hungarian_overlap_score": 0.0, "fpem/progressive_partition_update_time_sec": 0.0, "fpem/progressive_routed_mae": 0.0, "fpem/progressive_gmm_environment_total_replaces_primary": 0.0, "fpem/env_route_count_head_0": 16.0, "fpem/env_route_oracle_count_head_0": 16.0, "fpem/route_count_env_head_0": 16.0, "fpem/route_soft_mean_expert_0": 1.0, "fpem/route_hard_count_expert_0": 16.0, "fpem/hard_count_expert_0": 16.0, "fpem/sinkhorn_soft_col_mass_expert_0": 0.0, "fpem/progressive_active_expert_0": 0.0, "fpem/progressive_cluster_size_0": 0.0, "fpem/progressive_cluster_ratio_0": 0.0, "fpem/progressive_cluster_to_expert_0": 0.0, "fpem/progressive_bic_k1": 0.0, "fpem/progressive_bic_score_k1": 0.0, "fpem/progressive_bic_rejected_k1": 0.0, "fpem/hyper_alpha_head_0": 0.0, "fpem/hyper_gamma_norm_head_0": 0.0, "fpem/hyper_beta_norm_head_0": 0.0, "fpem/expert_cross_mae_group_0_expert_0": 9.401844528743199, "fpem/load_expert_loss": 9.401844528743199, "fpem/hard_router_loss": 0.6720642617770604, "fpem/hard_router_target_env_ratio": 0.638095238095238, "fpem/hard_router_predicted_env_ratio": 0.5738095238095238, "fpem/hard_router_effective_env_ratio": 0.5738095238095238, "fpem/hard_router_supervision_enabled": 1.0, "fpem/hard_router_warmup_active": 0.0, "fpem/load_level_assignment_detached": 1.0, "fpem/load_level_count_0": 1680.0, "fpem/load_level_ratio_0": 1.0, "fpem/expert_0_global_loss": 9.401844528743199, "fpem/expert_0_selected_loss": 9.401844528743199, "fpem/hard_router_margin_mean": 0.0966223731637001, "fpem/hard_router_gain_mean": 0.26039302008492604, "fpem/hard_router_class_weight_invariant": 1.6639511023248945, "fpem/hard_router_class_weight_environment": 0.8259049052283878, "fpem/expert_prediction_pairwise_difference": 0.0, "fpem/delta_pairwise_cosine": 0.0, "fpem/delta_pairwise_l1": 0.0, "fpem/delta_pairwise_l2": 0.0, "fpem/expert_0_parameter_norm": 14.987637874058315, "fpem/hard_binary_router_enabled": 1.0, "fpem/hard_router_uses_target_in_forward": 0.0, "fpem/stored_future_c_loaded": 0.0, "fpem/prediction_is_weighted_complete_fusion": 0.0, "fpem/future_mi_loss": 0.0, "fpem/future_mi_valid": 0.0, "fpem/future_mi_logvar_mean": 0.0, "fpem/future_mi_target_mode_env_encoder": 0.0, "fpem/swap_loss": 0.0, "fpem/swap_diff_loss": 0.0, "fpem/swap_same_loss": 0.0, "fpem/swap_gain_mean": 0.0, "fpem/swap_s_gain_mean": 0.0, "fpem/swap_fallback_router_loss": 0.0, "fpem/swap_fallback_q_mean": 0.0, "fpem/swap_prediction_delta": 0.0, "fpem/swap_route_delta": 0.0, "fpem/swap_hyper_alpha_delta": 0.0, "fpem/swap_hyper_delta_norm": 0.0, "fpem/loss_env_day": 0.0, "fpem/loss_env_hour": 0.0, "fpem/loss_env_rush": 0.0, "fpem/env_day_acc": 0.0, "fpem/env_hour_acc": 0.0, "fpem/env_rush_acc": 0.0, "fpem/loss_env_supcon": 0.0, "fpem/env_supcon_valid_pairs": 0.0, "fpem/loss_inv_env_adv": 0.0, "fpem/inv_day_acc": 0.0, "fpem/inv_hour_acc": 0.0, "fpem/inv_rush_acc": 0.0, "fpem/loss_cross_cov_sep": 0.0, "fpem/load_level_experts_enabled": 1.0, "fpem/load_level_uses_target_or_future_load": 0.0, "fpem/environment_gate_uses_target_in_forward": 0.0, "fpem/load_level_env_residual_scale": 0.0, "fpem/uses_cached_observable_load_prior": 1.0, "fpem/primary_loss": 9.046447762988862, "fpem/inv_pred_loss": 9.215687601906913, "fpem/primary_uses_route": 1.0, "fpem/primary_uses_env_fusion": 0.0, "fpem/backbone_agcrn": 1.0, "fpem/backbone_graphwavenet": 0.0, "fpem/backbone_staeformer": 0.0, "fpem/gc_pred_loss_only": 1.0, "fpem/env_route_head_mode_hyper_proto": 1.0, "fpem/fpem_force_uniform_route": 0.0, "fpem/hard_prediction_sinkhorn_total_replaces_primary": 0.0, "fpem/hard_prediction_environment_sinkhorn_total_replaces_primary": 0.0, "fpem/warmup_risk_sinkhorn_total_replaces_primary": 0.0, "fpem/lambda_club_mi": 0.0}}
EPOCH {"epoch": 46, "train_loss": 11.581296757289342, "val": {"loss": 11.809378332561916, "mae": 11.595002174377441, "mape": 0.18722616136074066}, "test_mixed": {"loss": NaN, "mae": NaN, "mape": NaN}, "test_workday": {"loss": NaN, "mae": NaN, "mape": NaN}, "test_holiday": {"loss": NaN, "mae": NaN, "mape": NaN}, "test_avg_mae": NaN, "lr": 0.001, "fpem_logs": {"fpem/fpem_env_use_exogenous": 1.0, "fpem/env_exogenous_available": 1.0, "fpem/env_exogenous_time_available": 1.0, "fpem/env_exogenous_load_available": 1.0, "fpem/env_exogenous_feature_dim": 32.0, "fpem/env_exogenous_embedding_norm": 2.8356163047608876, "fpem/env_exogenous_load_embedding_norm": 1.9814964464732578, "fpem/env_rep_ablation_normal": 1.0, "fpem/env_rep_ablation_zero": 0.0, "fpem/env_rep_ablation_shuffle_batch": 0.0, "fpem/env_rep_ablation_mode_id": 0.0, "fpem/mask_loss": 0.0, "fpem/mask_sparse_loss": 0.0, "fpem/mask_entropy_loss": 0.0, "fpem/mask_mean": 1.0, "fpem/mask_entropy": 0.0, "fpem/mask_active_ratio": 1.0, "fpem/fusion_alpha_mean": 0.0, "fpem/fusion_alpha_std": 0.0, "fpem/fusion_alpha_min": 0.0, "fpem/fusion_alpha_max": 0.0, "fpem/env_route_loss": 2.539533992040725, "fpem/env_route_L_final": 9.04531516574678, "fpem/env_route_L_global": 0.0, "fpem/env_route_L_route_soft": 0.0, "fpem/env_route_L_expert": 9.388476766858782, "fpem/env_route_L_router_oracle": 0.6618385967754182, "fpem/env_route_L_balance": 0.0, "fpem/env_route_L_diverse": 0.0, "fpem/env_route_L_proto_align": 0.0, "fpem/env_route_entropy": 0.0, "fpem/env_route_q_max_mean": 0.0, "fpem/hyper_alpha_mean": 0.0, "fpem/hyper_delta_norm": 0.0, "fpem/hyper_route_proto_mode_uniform_warmup": 0.0, "fpem/hyper_route_proto_mode_uniform_fixed": 0.0, "fpem/hyper_route_proto_mode_sinkhorn": 0.0, "fpem/hyper_route_proto_mode_softmax": 0.0, "fpem/fallback_q_mean": 0.5, "fpem/fallback_q_max": 0.0, "fpem/env_q_sum_mean": 0.5, "fpem/oracle_fallback_rate": 0.0, "fpem/route_count_fallback": 0.0, "fpem/env_route_head_mode": 1.0, "fpem/route_entropy_mean": 0.0, "fpem/route_mean_distribution_entropy": 0.0, "fpem/effective_expert_number": 1.0, "fpem/max_expert_usage_ratio": 0.0, "fpem/min_expert_usage_ratio": 0.0, "fpem/prototype_pairwise_cosine": 0.0, "fpem/expert_prediction_pairwise_cosine": 0.0, "fpem/expert_collapse_warning": 0.0, "fpem/env_route_target_mode_env_prototype": 0.0, "fpem/env_route_target_mode_hybrid": 0.0, "fpem/env_route_hybrid_alpha": 0.0, "fpem/env_route_train_mode_warmup_risk_sinkhorn": 0.0, "fpem/warmup_risk_stage_warmup": 0.0, "fpem/warmup_risk_stage_soft": 0.0, "fpem/warmup_risk_stage_hard": 0.0, "fpem/warmup_risk_selected_loss": 0.0, "fpem/warmup_risk_uniform_common_loss": 0.0, "fpem/warmup_risk_lambda_common": 0.0, "fpem/warmup_risk_total_common_term": 0.0, "fpem/warmup_risk_temperature": 0.0, "fpem/warmup_risk_temperature_progress": 0.0, "fpem/uniform_expert_mae": 0.0, "fpem/risk_routed_mae": 0.0, "fpem/risk_prediction_mae": 0.0, "fpem/risk_loss": 0.0, "fpem/risk_ranking_loss": 0.0, "fpem/risk_ranking_accuracy": 0.0, "fpem/risk_oracle_argmin_accuracy": 0.0, "fpem/risk_router_temperature": 0.0, "fpem/risk_router_lambda": 0.0, "fpem/risk_router_pairwise_lambda": 0.0, "fpem/env_route_train_mode_progressive_gmm_environment": 0.0, "fpem/top_level_prediction_source_progressive_gmm_teacher_hard": 0.0, "fpem/progressive_assignment_uses_target_or_prediction_error": 0.0, "fpem/progressive_partition_ready": 0.0, "fpem/progressive_selected_k": 0.0, "fpem/progressive_active_expert_count": 0.0, "fpem/progressive_last_partition_epoch": 0.0, "fpem/progressive_lambda_common": 0.0, "fpem/progressive_common_term": 0.0, "fpem/progressive_compactness_loss": 0.0, "fpem/progressive_consistency_loss": 0.0, "fpem/progressive_cluster_entropy": 0.0, "fpem/progressive_assignment_change_ratio": 0.0, "fpem/progressive_hungarian_overlap_score": 0.0, "fpem/progressive_partition_update_time_sec": 0.0, "fpem/progressive_routed_mae": 0.0, "fpem/progressive_gmm_environment_total_replaces_primary": 0.0, "fpem/env_route_count_head_0": 16.0, "fpem/env_route_oracle_count_head_0": 16.0, "fpem/route_count_env_head_0": 16.0, "fpem/route_soft_mean_expert_0": 1.0, "fpem/route_hard_count_expert_0": 16.0, "fpem/hard_count_expert_0": 16.0, "fpem/sinkhorn_soft_col_mass_expert_0": 0.0, "fpem/progressive_active_expert_0": 0.0, "fpem/progressive_cluster_size_0": 0.0, "fpem/progressive_cluster_ratio_0": 0.0, "fpem/progressive_cluster_to_expert_0": 0.0, "fpem/progressive_bic_k1": 0.0, "fpem/progressive_bic_score_k1": 0.0, "fpem/progressive_bic_rejected_k1": 0.0, "fpem/hyper_alpha_head_0": 0.0, "fpem/hyper_gamma_norm_head_0": 0.0, "fpem/hyper_beta_norm_head_0": 0.0, "fpem/expert_cross_mae_group_0_expert_0": 9.388476766858782, "fpem/load_expert_loss": 9.388476766858782, "fpem/hard_router_loss": 0.6618385967754182, "fpem/hard_router_target_env_ratio": 0.6541666666666667, "fpem/hard_router_predicted_env_ratio": 0.5, "fpem/hard_router_effective_env_ratio": 0.5, "fpem/hard_router_supervision_enabled": 1.0, "fpem/hard_router_warmup_active": 0.0, "fpem/load_level_assignment_detached": 1.0, "fpem/load_level_count_0": 1680.0, "fpem/load_level_ratio_0": 1.0, "fpem/expert_0_global_loss": 9.388476766858782, "fpem/expert_0_selected_loss": 9.388476766858782, "fpem/hard_router_margin_mean": 0.09662237252507891, "fpem/hard_router_gain_mean": 0.27376075784365334, "fpem/hard_router_class_weight_invariant": 1.7566742505346025, "fpem/hard_router_class_weight_environment": 0.7949439105533418, "fpem/expert_prediction_pairwise_difference": 0.0, "fpem/delta_pairwise_cosine": 0.0, "fpem/delta_pairwise_l1": 0.0, "fpem/delta_pairwise_l2": 0.0, "fpem/expert_0_parameter_norm": 14.987565776279995, "fpem/hard_binary_router_enabled": 1.0, "fpem/hard_router_uses_target_in_forward": 0.0, "fpem/stored_future_c_loaded": 0.0, "fpem/prediction_is_weighted_complete_fusion": 0.0, "fpem/future_mi_loss": 0.0, "fpem/future_mi_valid": 0.0, "fpem/future_mi_logvar_mean": 0.0, "fpem/future_mi_target_mode_env_encoder": 0.0, "fpem/swap_loss": 0.0, "fpem/swap_diff_loss": 0.0, "fpem/swap_same_loss": 0.0, "fpem/swap_gain_mean": 0.0, "fpem/swap_s_gain_mean": 0.0, "fpem/swap_fallback_router_loss": 0.0, "fpem/swap_fallback_q_mean": 0.0, "fpem/swap_prediction_delta": 0.0, "fpem/swap_route_delta": 0.0, "fpem/swap_hyper_alpha_delta": 0.0, "fpem/swap_hyper_delta_norm": 0.0, "fpem/loss_env_day": 0.0, "fpem/loss_env_hour": 0.0, "fpem/loss_env_rush": 0.0, "fpem/env_day_acc": 0.0, "fpem/env_hour_acc": 0.0, "fpem/env_rush_acc": 0.0, "fpem/loss_env_supcon": 0.0, "fpem/env_supcon_valid_pairs": 0.0, "fpem/loss_inv_env_adv": 0.0, "fpem/inv_day_acc": 0.0, "fpem/inv_hour_acc": 0.0, "fpem/inv_rush_acc": 0.0, "fpem/loss_cross_cov_sep": 0.0, "fpem/load_level_experts_enabled": 1.0, "fpem/load_level_uses_target_or_future_load": 0.0, "fpem/environment_gate_uses_target_in_forward": 0.0, "fpem/load_level_env_residual_scale": 0.0, "fpem/uses_cached_observable_load_prior": 1.0, "fpem/primary_loss": 9.04531516574678, "fpem/inv_pred_loss": 9.2162948290507, "fpem/primary_uses_route": 1.0, "fpem/primary_uses_env_fusion": 0.0, "fpem/backbone_agcrn": 1.0, "fpem/backbone_graphwavenet": 0.0, "fpem/backbone_staeformer": 0.0, "fpem/gc_pred_loss_only": 1.0, "fpem/env_route_head_mode_hyper_proto": 1.0, "fpem/fpem_force_uniform_route": 0.0, "fpem/hard_prediction_sinkhorn_total_replaces_primary": 0.0, "fpem/hard_prediction_environment_sinkhorn_total_replaces_primary": 0.0, "fpem/warmup_risk_sinkhorn_total_replaces_primary": 0.0, "fpem/lambda_club_mi": 0.0}}
EPOCH {"epoch": 47, "train_loss": 11.566459401448567, "val": {"loss": 11.843916972478231, "mae": 11.638339042663574, "mape": 0.1870148628950119}, "test_mixed": {"loss": NaN, "mae": NaN, "mape": NaN}, "test_workday": {"loss": NaN, "mae": NaN, "mape": NaN}, "test_holiday": {"loss": NaN, "mae": NaN, "mape": NaN}, "test_avg_mae": NaN, "lr": 0.001, "fpem_logs": {"fpem/fpem_env_use_exogenous": 1.0, "fpem/env_exogenous_available": 1.0, "fpem/env_exogenous_time_available": 1.0, "fpem/env_exogenous_load_available": 1.0, "fpem/env_exogenous_feature_dim": 32.0, "fpem/env_exogenous_embedding_norm": 2.8353514852977932, "fpem/env_exogenous_load_embedding_norm": 1.9805389778954643, "fpem/env_rep_ablation_normal": 1.0, "fpem/env_rep_ablation_zero": 0.0, "fpem/env_rep_ablation_shuffle_batch": 0.0, "fpem/env_rep_ablation_mode_id": 0.0, "fpem/mask_loss": 0.0, "fpem/mask_sparse_loss": 0.0, "fpem/mask_entropy_loss": 0.0, "fpem/mask_mean": 1.0, "fpem/mask_entropy": 0.0, "fpem/mask_active_ratio": 1.0, "fpem/fusion_alpha_mean": 0.0, "fpem/fusion_alpha_std": 0.0, "fpem/fusion_alpha_min": 0.0, "fpem/fusion_alpha_max": 0.0, "fpem/env_route_loss": 2.5329701809656053, "fpem/env_route_L_final": 9.026265861874535, "fpem/env_route_L_global": 0.0, "fpem/env_route_L_route_soft": 0.0, "fpem/env_route_L_expert": 9.385641606648763, "fpem/env_route_L_router_oracle": 0.6558418222836085, "fpem/env_route_L_balance": 0.0, "fpem/env_route_L_diverse": 0.0, "fpem/env_route_L_proto_align": 0.0, "fpem/env_route_entropy": 0.0, "fpem/env_route_q_max_mean": 0.0, "fpem/hyper_alpha_mean": 0.0, "fpem/hyper_delta_norm": 0.0, "fpem/hyper_route_proto_mode_uniform_warmup": 0.0, "fpem/hyper_route_proto_mode_uniform_fixed": 0.0, "fpem/hyper_route_proto_mode_sinkhorn": 0.0, "fpem/hyper_route_proto_mode_softmax": 0.0, "fpem/fallback_q_mean": 0.49107142857142855, "fpem/fallback_q_max": 0.0, "fpem/env_q_sum_mean": 0.5089285714285714, "fpem/oracle_fallback_rate": 0.0, "fpem/route_count_fallback": 0.0, "fpem/env_route_head_mode": 1.0, "fpem/route_entropy_mean": 0.0, "fpem/route_mean_distribution_entropy": 0.0, "fpem/effective_expert_number": 1.0, "fpem/max_expert_usage_ratio": 0.0, "fpem/min_expert_usage_ratio": 0.0, "fpem/prototype_pairwise_cosine": 0.0, "fpem/expert_prediction_pairwise_cosine": 0.0, "fpem/expert_collapse_warning": 0.0, "fpem/env_route_target_mode_env_prototype": 0.0, "fpem/env_route_target_mode_hybrid": 0.0, "fpem/env_route_hybrid_alpha": 0.0, "fpem/env_route_train_mode_warmup_risk_sinkhorn": 0.0, "fpem/warmup_risk_stage_warmup": 0.0, "fpem/warmup_risk_stage_soft": 0.0, "fpem/warmup_risk_stage_hard": 0.0, "fpem/warmup_risk_selected_loss": 0.0, "fpem/warmup_risk_uniform_common_loss": 0.0, "fpem/warmup_risk_lambda_common": 0.0, "fpem/warmup_risk_total_common_term": 0.0, "fpem/warmup_risk_temperature": 0.0, "fpem/warmup_risk_temperature_progress": 0.0, "fpem/uniform_expert_mae": 0.0, "fpem/risk_routed_mae": 0.0, "fpem/risk_prediction_mae": 0.0, "fpem/risk_loss": 0.0, "fpem/risk_ranking_loss": 0.0, "fpem/risk_ranking_accuracy": 0.0, "fpem/risk_oracle_argmin_accuracy": 0.0, "fpem/risk_router_temperature": 0.0, "fpem/risk_router_lambda": 0.0, "fpem/risk_router_pairwise_lambda": 0.0, "fpem/env_route_train_mode_progressive_gmm_environment": 0.0, "fpem/top_level_prediction_source_progressive_gmm_teacher_hard": 0.0, "fpem/progressive_assignment_uses_target_or_prediction_error": 0.0, "fpem/progressive_partition_ready": 0.0, "fpem/progressive_selected_k": 0.0, "fpem/progressive_active_expert_count": 0.0, "fpem/progressive_last_partition_epoch": 0.0, "fpem/progressive_lambda_common": 0.0, "fpem/progressive_common_term": 0.0, "fpem/progressive_compactness_loss": 0.0, "fpem/progressive_consistency_loss": 0.0, "fpem/progressive_cluster_entropy": 0.0, "fpem/progressive_assignment_change_ratio": 0.0, "fpem/progressive_hungarian_overlap_score": 0.0, "fpem/progressive_partition_update_time_sec": 0.0, "fpem/progressive_routed_mae": 0.0, "fpem/progressive_gmm_environment_total_replaces_primary": 0.0, "fpem/env_route_count_head_0": 16.0, "fpem/env_route_oracle_count_head_0": 16.0, "fpem/route_count_env_head_0": 16.0, "fpem/route_soft_mean_expert_0": 1.0, "fpem/route_hard_count_expert_0": 16.0, "fpem/hard_count_expert_0": 16.0, "fpem/sinkhorn_soft_col_mass_expert_0": 0.0, "fpem/progressive_active_expert_0": 0.0, "fpem/progressive_cluster_size_0": 0.0, "fpem/progressive_cluster_ratio_0": 0.0, "fpem/progressive_cluster_to_expert_0": 0.0, "fpem/progressive_bic_k1": 0.0, "fpem/progressive_bic_score_k1": 0.0, "fpem/progressive_bic_rejected_k1": 0.0, "fpem/hyper_alpha_head_0": 0.0, "fpem/hyper_gamma_norm_head_0": 0.0, "fpem/hyper_beta_norm_head_0": 0.0, "fpem/expert_cross_mae_group_0_expert_0": 9.385641606648763, "fpem/load_expert_loss": 9.385641606648763, "fpem/hard_router_loss": 0.6558418222836085, "fpem/hard_router_target_env_ratio": 0.656547619047619, "fpem/hard_router_predicted_env_ratio": 0.5089285714285714, "fpem/hard_router_effective_env_ratio": 0.5089285714285714, "fpem/hard_router_supervision_enabled": 1.0, "fpem/hard_router_warmup_active": 0.0, "fpem/load_level_assignment_detached": 1.0, "fpem/load_level_count_0": 1680.0, "fpem/load_level_ratio_0": 1.0, "fpem/expert_0_global_loss": 9.385641606648763, "fpem/expert_0_selected_loss": 9.385641606648763, "fpem/hard_router_margin_mean": 0.09662237280891055, "fpem/hard_router_gain_mean": 0.27659592160156793, "fpem/hard_router_class_weight_invariant": 1.747906302270435, "fpem/hard_router_class_weight_environment": 0.7999205214636667, "fpem/expert_prediction_pairwise_difference": 0.0, "fpem/delta_pairwise_cosine": 0.0, "fpem/delta_pairwise_l1": 0.0, "fpem/delta_pairwise_l2": 0.0, "fpem/expert_0_parameter_norm": 14.988436426435198, "fpem/hard_binary_router_enabled": 1.0, "fpem/hard_router_uses_target_in_forward": 0.0, "fpem/stored_future_c_loaded": 0.0, "fpem/prediction_is_weighted_complete_fusion": 0.0, "fpem/future_mi_loss": 0.0, "fpem/future_mi_valid": 0.0, "fpem/future_mi_logvar_mean": 0.0, "fpem/future_mi_target_mode_env_encoder": 0.0, "fpem/swap_loss": 0.0, "fpem/swap_diff_loss": 0.0, "fpem/swap_same_loss": 0.0, "fpem/swap_gain_mean": 0.0, "fpem/swap_s_gain_mean": 0.0, "fpem/swap_fallback_router_loss": 0.0, "fpem/swap_fallback_q_mean": 0.0, "fpem/swap_prediction_delta": 0.0, "fpem/swap_route_delta": 0.0, "fpem/swap_hyper_alpha_delta": 0.0, "fpem/swap_hyper_delta_norm": 0.0, "fpem/loss_env_day": 0.0, "fpem/loss_env_hour": 0.0, "fpem/loss_env_rush": 0.0, "fpem/env_day_acc": 0.0, "fpem/env_hour_acc": 0.0, "fpem/env_rush_acc": 0.0, "fpem/loss_env_supcon": 0.0, "fpem/env_supcon_valid_pairs": 0.0, "fpem/loss_inv_env_adv": 0.0, "fpem/inv_day_acc": 0.0, "fpem/inv_hour_acc": 0.0, "fpem/inv_rush_acc": 0.0, "fpem/loss_cross_cov_sep": 0.0, "fpem/load_level_experts_enabled": 1.0, "fpem/load_level_uses_target_or_future_load": 0.0, "fpem/environment_gate_uses_target_in_forward": 0.0, "fpem/load_level_env_residual_scale": 0.0, "fpem/uses_cached_observable_load_prior": 1.0, "fpem/primary_loss": 9.026265861874535, "fpem/inv_pred_loss": 9.208408382960728, "fpem/primary_uses_route": 1.0, "fpem/primary_uses_env_fusion": 0.0, "fpem/backbone_agcrn": 1.0, "fpem/backbone_graphwavenet": 0.0, "fpem/backbone_staeformer": 0.0, "fpem/gc_pred_loss_only": 1.0, "fpem/env_route_head_mode_hyper_proto": 1.0, "fpem/fpem_force_uniform_route": 0.0, "fpem/hard_prediction_sinkhorn_total_replaces_primary": 0.0, "fpem/hard_prediction_environment_sinkhorn_total_replaces_primary": 0.0, "fpem/warmup_risk_sinkhorn_total_replaces_primary": 0.0, "fpem/lambda_club_mi": 0.0}}
EPOCH {"epoch": 48, "train_loss": 11.560992013840448, "val": {"loss": 11.814393891228569, "mae": 11.605517387390137, "mape": 0.18558742105960846}, "test_mixed": {"loss": NaN, "mae": NaN, "mape": NaN}, "test_workday": {"loss": NaN, "mae": NaN, "mape": NaN}, "test_holiday": {"loss": NaN, "mae": NaN, "mape": NaN}, "test_avg_mae": NaN, "lr": 0.001, "fpem_logs": {"fpem/fpem_env_use_exogenous": 1.0, "fpem/env_exogenous_available": 1.0, "fpem/env_exogenous_time_available": 1.0, "fpem/env_exogenous_load_available": 1.0, "fpem/env_exogenous_feature_dim": 32.0, "fpem/env_exogenous_embedding_norm": 2.840104677563622, "fpem/env_exogenous_load_embedding_norm": 1.9840245019821894, "fpem/env_rep_ablation_normal": 1.0, "fpem/env_rep_ablation_zero": 0.0, "fpem/env_rep_ablation_shuffle_batch": 0.0, "fpem/env_rep_ablation_mode_id": 0.0, "fpem/mask_loss": 0.0, "fpem/mask_sparse_loss": 0.0, "fpem/mask_entropy_loss": 0.0, "fpem/mask_mean": 1.0, "fpem/mask_entropy": 0.0, "fpem/mask_active_ratio": 1.0, "fpem/fusion_alpha_mean": 0.0, "fpem/fusion_alpha_std": 0.0, "fpem/fusion_alpha_min": 0.0, "fpem/fusion_alpha_max": 0.0, "fpem/env_route_loss": 2.5305143628801616, "fpem/env_route_L_final": 9.032928453172957, "fpem/env_route_L_global": 0.0, "fpem/env_route_L_route_soft": 0.0, "fpem/env_route_L_expert": 9.396987919580368, "fpem/env_route_L_router_oracle": 0.6511167441095624, "fpem/env_route_L_balance": 0.0, "fpem/env_route_L_diverse": 0.0, "fpem/env_route_L_proto_align": 0.0, "fpem/env_route_entropy": 0.0, "fpem/env_route_q_max_mean": 0.0, "fpem/hyper_alpha_mean": 0.0, "fpem/hyper_delta_norm": 0.0, "fpem/hyper_route_proto_mode_uniform_warmup": 0.0, "fpem/hyper_route_proto_mode_uniform_fixed": 0.0, "fpem/hyper_route_proto_mode_sinkhorn": 0.0, "fpem/hyper_route_proto_mode_softmax": 0.0, "fpem/fallback_q_mean": 0.49166666666666664, "fpem/fallback_q_max": 0.0, "fpem/env_q_sum_mean": 0.5083333333333333, "fpem/oracle_fallback_rate": 0.0, "fpem/route_count_fallback": 0.0, "fpem/env_route_head_mode": 1.0, "fpem/route_entropy_mean": 0.0, "fpem/route_mean_distribution_entropy": 0.0, "fpem/effective_expert_number": 1.0, "fpem/max_expert_usage_ratio": 0.0, "fpem/min_expert_usage_ratio": 0.0, "fpem/prototype_pairwise_cosine": 0.0, "fpem/expert_prediction_pairwise_cosine": 0.0, "fpem/expert_collapse_warning": 0.0, "fpem/env_route_target_mode_env_prototype": 0.0, "fpem/env_route_target_mode_hybrid": 0.0, "fpem/env_route_hybrid_alpha": 0.0, "fpem/env_route_train_mode_warmup_risk_sinkhorn": 0.0, "fpem/warmup_risk_stage_warmup": 0.0, "fpem/warmup_risk_stage_soft": 0.0, "fpem/warmup_risk_stage_hard": 0.0, "fpem/warmup_risk_selected_loss": 0.0, "fpem/warmup_risk_uniform_common_loss": 0.0, "fpem/warmup_risk_lambda_common": 0.0, "fpem/warmup_risk_total_common_term": 0.0, "fpem/warmup_risk_temperature": 0.0, "fpem/warmup_risk_temperature_progress": 0.0, "fpem/uniform_expert_mae": 0.0, "fpem/risk_routed_mae": 0.0, "fpem/risk_prediction_mae": 0.0, "fpem/risk_loss": 0.0, "fpem/risk_ranking_loss": 0.0, "fpem/risk_ranking_accuracy": 0.0, "fpem/risk_oracle_argmin_accuracy": 0.0, "fpem/risk_router_temperature": 0.0, "fpem/risk_router_lambda": 0.0, "fpem/risk_router_pairwise_lambda": 0.0, "fpem/env_route_train_mode_progressive_gmm_environment": 0.0, "fpem/top_level_prediction_source_progressive_gmm_teacher_hard": 0.0, "fpem/progressive_assignment_uses_target_or_prediction_error": 0.0, "fpem/progressive_partition_ready": 0.0, "fpem/progressive_selected_k": 0.0, "fpem/progressive_active_expert_count": 0.0, "fpem/progressive_last_partition_epoch": 0.0, "fpem/progressive_lambda_common": 0.0, "fpem/progressive_common_term": 0.0, "fpem/progressive_compactness_loss": 0.0, "fpem/progressive_consistency_loss": 0.0, "fpem/progressive_cluster_entropy": 0.0, "fpem/progressive_assignment_change_ratio": 0.0, "fpem/progressive_hungarian_overlap_score": 0.0, "fpem/progressive_partition_update_time_sec": 0.0, "fpem/progressive_routed_mae": 0.0, "fpem/progressive_gmm_environment_total_replaces_primary": 0.0, "fpem/env_route_count_head_0": 16.0, "fpem/env_route_oracle_count_head_0": 16.0, "fpem/route_count_env_head_0": 16.0, "fpem/route_soft_mean_expert_0": 1.0, "fpem/route_hard_count_expert_0": 16.0, "fpem/hard_count_expert_0": 16.0, "fpem/sinkhorn_soft_col_mass_expert_0": 0.0, "fpem/progressive_active_expert_0": 0.0, "fpem/progressive_cluster_size_0": 0.0, "fpem/progressive_cluster_ratio_0": 0.0, "fpem/progressive_cluster_to_expert_0": 0.0, "fpem/progressive_bic_k1": 0.0, "fpem/progressive_bic_score_k1": 0.0, "fpem/progressive_bic_rejected_k1": 0.0, "fpem/hyper_alpha_head_0": 0.0, "fpem/hyper_gamma_norm_head_0": 0.0, "fpem/hyper_beta_norm_head_0": 0.0, "fpem/expert_cross_mae_group_0_expert_0": 9.396987919580368, "fpem/load_expert_loss": 9.396987919580368, "fpem/hard_router_loss": 0.6511167441095624, "fpem/hard_router_target_env_ratio": 0.6458333333333334, "fpem/hard_router_predicted_env_ratio": 0.5083333333333333, "fpem/hard_router_effective_env_ratio": 0.5083333333333333, "fpem/hard_router_supervision_enabled": 1.0, "fpem/hard_router_warmup_active": 0.0, "fpem/load_level_assignment_detached": 1.0, "fpem/load_level_count_0": 1680.0, "fpem/load_level_ratio_0": 1.0, "fpem/expert_0_global_loss": 9.396987919580368, "fpem/expert_0_selected_loss": 9.396987919580368, "fpem/hard_router_margin_mean": 0.09662237280891055, "fpem/hard_router_gain_mean": 0.26524957631315504, "fpem/hard_router_class_weight_invariant": 1.6708170425324214, "fpem/hard_router_class_weight_environment": 0.8136872825168427, "fpem/expert_prediction_pairwise_difference": 0.0, "fpem/delta_pairwise_cosine": 0.0, "fpem/delta_pairwise_l1": 0.0, "fpem/delta_pairwise_l2": 0.0, "fpem/expert_0_parameter_norm": 14.993232309250605, "fpem/hard_binary_router_enabled": 1.0, "fpem/hard_router_uses_target_in_forward": 0.0, "fpem/stored_future_c_loaded": 0.0, "fpem/prediction_is_weighted_complete_fusion": 0.0, "fpem/future_mi_loss": 0.0, "fpem/future_mi_valid": 0.0, "fpem/future_mi_logvar_mean": 0.0, "fpem/future_mi_target_mode_env_encoder": 0.0, "fpem/swap_loss": 0.0, "fpem/swap_diff_loss": 0.0, "fpem/swap_same_loss": 0.0, "fpem/swap_gain_mean": 0.0, "fpem/swap_s_gain_mean": 0.0, "fpem/swap_fallback_router_loss": 0.0, "fpem/swap_fallback_q_mean": 0.0, "fpem/swap_prediction_delta": 0.0, "fpem/swap_route_delta": 0.0, "fpem/swap_hyper_alpha_delta": 0.0, "fpem/swap_hyper_delta_norm": 0.0, "fpem/loss_env_day": 0.0, "fpem/loss_env_hour": 0.0, "fpem/loss_env_rush": 0.0, "fpem/env_day_acc": 0.0, "fpem/env_hour_acc": 0.0, "fpem/env_rush_acc": 0.0, "fpem/loss_env_supcon": 0.0, "fpem/env_supcon_valid_pairs": 0.0, "fpem/loss_inv_env_adv": 0.0, "fpem/inv_day_acc": 0.0, "fpem/inv_hour_acc": 0.0, "fpem/inv_rush_acc": 0.0, "fpem/loss_cross_cov_sep": 0.0, "fpem/load_level_experts_enabled": 1.0, "fpem/load_level_uses_target_or_future_load": 0.0, "fpem/environment_gate_uses_target_in_forward": 0.0, "fpem/load_level_env_residual_scale": 0.0, "fpem/uses_cached_observable_load_prior": 1.0, "fpem/primary_loss": 9.032928453172957, "fpem/inv_pred_loss": 9.215335809616816, "fpem/primary_uses_route": 1.0, "fpem/primary_uses_env_fusion": 0.0, "fpem/backbone_agcrn": 1.0, "fpem/backbone_graphwavenet": 0.0, "fpem/backbone_staeformer": 0.0, "fpem/gc_pred_loss_only": 1.0, "fpem/env_route_head_mode_hyper_proto": 1.0, "fpem/fpem_force_uniform_route": 0.0, "fpem/hard_prediction_sinkhorn_total_replaces_primary": 0.0, "fpem/hard_prediction_environment_sinkhorn_total_replaces_primary": 0.0, "fpem/warmup_risk_sinkhorn_total_replaces_primary": 0.0, "fpem/lambda_club_mi": 0.0}}
EPOCH {"epoch": 49, "train_loss": 11.560306576320103, "val": {"loss": 11.818492703967625, "mae": 11.607715606689453, "mape": 0.18421447277069092}, "test_mixed": {"loss": NaN, "mae": NaN, "mape": NaN}, "test_workday": {"loss": NaN, "mae": NaN, "mape": NaN}, "test_holiday": {"loss": NaN, "mae": NaN, "mape": NaN}, "test_avg_mae": NaN, "lr": 0.001, "fpem_logs": {"fpem/fpem_env_use_exogenous": 1.0, "fpem/env_exogenous_available": 1.0, "fpem/env_exogenous_time_available": 1.0, "fpem/env_exogenous_load_available": 1.0, "fpem/env_exogenous_feature_dim": 32.0, "fpem/env_exogenous_embedding_norm": 2.8446083250499905, "fpem/env_exogenous_load_embedding_norm": 1.9845740216118948, "fpem/env_rep_ablation_normal": 1.0, "fpem/env_rep_ablation_zero": 0.0, "fpem/env_rep_ablation_shuffle_batch": 0.0, "fpem/env_rep_ablation_mode_id": 0.0, "fpem/mask_loss": 0.0, "fpem/mask_sparse_loss": 0.0, "fpem/mask_entropy_loss": 0.0, "fpem/mask_mean": 1.0, "fpem/mask_entropy": 0.0, "fpem/mask_active_ratio": 1.0, "fpem/fusion_alpha_mean": 0.0, "fpem/fusion_alpha_std": 0.0, "fpem/fusion_alpha_min": 0.0, "fpem/fusion_alpha_max": 0.0, "fpem/env_route_loss": 2.52570006052653, "fpem/env_route_L_final": 9.030924606323243, "fpem/env_route_L_global": 0.0, "fpem/env_route_L_route_soft": 0.0, "fpem/env_route_L_expert": 9.38283193679083, "fpem/env_route_L_router_oracle": 0.6491336325804392, "fpem/env_route_L_balance": 0.0, "fpem/env_route_L_diverse": 0.0, "fpem/env_route_L_proto_align": 0.0, "fpem/env_route_entropy": 0.0, "fpem/env_route_q_max_mean": 0.0, "fpem/hyper_alpha_mean": 0.0, "fpem/hyper_delta_norm": 0.0, "fpem/hyper_route_proto_mode_uniform_warmup": 0.0, "fpem/hyper_route_proto_mode_uniform_fixed": 0.0, "fpem/hyper_route_proto_mode_sinkhorn": 0.0, "fpem/hyper_route_proto_mode_softmax": 0.0, "fpem/fallback_q_mean": 0.4851190476190476, "fpem/fallback_q_max": 0.0, "fpem/env_q_sum_mean": 0.5148809523809523, "fpem/oracle_fallback_rate": 0.0, "fpem/route_count_fallback": 0.0, "fpem/env_route_head_mode": 1.0, "fpem/route_entropy_mean": 0.0, "fpem/route_mean_distribution_entropy": 0.0, "fpem/effective_expert_number": 1.0, "fpem/max_expert_usage_ratio": 0.0, "fpem/min_expert_usage_ratio": 0.0, "fpem/prototype_pairwise_cosine": 0.0, "fpem/expert_prediction_pairwise_cosine": 0.0, "fpem/expert_collapse_warning": 0.0, "fpem/env_route_target_mode_env_prototype": 0.0, "fpem/env_route_target_mode_hybrid": 0.0, "fpem/env_route_hybrid_alpha": 0.0, "fpem/env_route_train_mode_warmup_risk_sinkhorn": 0.0, "fpem/warmup_risk_stage_warmup": 0.0, "fpem/warmup_risk_stage_soft": 0.0, "fpem/warmup_risk_stage_hard": 0.0, "fpem/warmup_risk_selected_loss": 0.0, "fpem/warmup_risk_uniform_common_loss": 0.0, "fpem/warmup_risk_lambda_common": 0.0, "fpem/warmup_risk_total_common_term": 0.0, "fpem/warmup_risk_temperature": 0.0, "fpem/warmup_risk_temperature_progress": 0.0, "fpem/uniform_expert_mae": 0.0, "fpem/risk_routed_mae": 0.0, "fpem/risk_prediction_mae": 0.0, "fpem/risk_loss": 0.0, "fpem/risk_ranking_loss": 0.0, "fpem/risk_ranking_accuracy": 0.0, "fpem/risk_oracle_argmin_accuracy": 0.0, "fpem/risk_router_temperature": 0.0, "fpem/risk_router_lambda": 0.0, "fpem/risk_router_pairwise_lambda": 0.0, "fpem/env_route_train_mode_progressive_gmm_environment": 0.0, "fpem/top_level_prediction_source_progressive_gmm_teacher_hard": 0.0, "fpem/progressive_assignment_uses_target_or_prediction_error": 0.0, "fpem/progressive_partition_ready": 0.0, "fpem/progressive_selected_k": 0.0, "fpem/progressive_active_expert_count": 0.0, "fpem/progressive_last_partition_epoch": 0.0, "fpem/progressive_lambda_common": 0.0, "fpem/progressive_common_term": 0.0, "fpem/progressive_compactness_loss": 0.0, "fpem/progressive_consistency_loss": 0.0, "fpem/progressive_cluster_entropy": 0.0, "fpem/progressive_assignment_change_ratio": 0.0, "fpem/progressive_hungarian_overlap_score": 0.0, "fpem/progressive_partition_update_time_sec": 0.0, "fpem/progressive_routed_mae": 0.0, "fpem/progressive_gmm_environment_total_replaces_primary": 0.0, "fpem/env_route_count_head_0": 16.0, "fpem/env_route_oracle_count_head_0": 16.0, "fpem/route_count_env_head_0": 16.0, "fpem/route_soft_mean_expert_0": 1.0, "fpem/route_hard_count_expert_0": 16.0, "fpem/hard_count_expert_0": 16.0, "fpem/sinkhorn_soft_col_mass_expert_0": 0.0, "fpem/progressive_active_expert_0": 0.0, "fpem/progressive_cluster_size_0": 0.0, "fpem/progressive_cluster_ratio_0": 0.0, "fpem/progressive_cluster_to_expert_0": 0.0, "fpem/progressive_bic_k1": 0.0, "fpem/progressive_bic_score_k1": 0.0, "fpem/progressive_bic_rejected_k1": 0.0, "fpem/hyper_alpha_head_0": 0.0, "fpem/hyper_gamma_norm_head_0": 0.0, "fpem/hyper_beta_norm_head_0": 0.0, "fpem/expert_cross_mae_group_0_expert_0": 9.38283193679083, "fpem/load_expert_loss": 9.38283193679083, "fpem/hard_router_loss": 0.6491336325804392, "fpem/hard_router_target_env_ratio": 0.6494047619047619, "fpem/hard_router_predicted_env_ratio": 0.5148809523809523, "fpem/hard_router_effective_env_ratio": 0.5148809523809523, "fpem/hard_router_supervision_enabled": 1.0, "fpem/hard_router_warmup_active": 0.0, "fpem/load_level_assignment_detached": 1.0, "fpem/load_level_count_0": 1680.0, "fpem/load_level_ratio_0": 1.0, "fpem/expert_0_global_loss": 9.38283193679083, "fpem/expert_0_selected_loss": 9.38283193679083, "fpem/hard_router_margin_mean": 0.09662237252507891, "fpem/hard_router_gain_mean": 0.27940558677627925, "fpem/hard_router_class_weight_invariant": 1.6875613570213317, "fpem/hard_router_class_weight_environment": 0.8046635037376767, "fpem/expert_prediction_pairwise_difference": 0.0, "fpem/delta_pairwise_cosine": 0.0, "fpem/delta_pairwise_l1": 0.0, "fpem/delta_pairwise_l2": 0.0, "fpem/expert_0_parameter_norm": 15.000517045883905, "fpem/hard_binary_router_enabled": 1.0, "fpem/hard_router_uses_target_in_forward": 0.0, "fpem/stored_future_c_loaded": 0.0, "fpem/prediction_is_weighted_complete_fusion": 0.0, "fpem/future_mi_loss": 0.0, "fpem/future_mi_valid": 0.0, "fpem/future_mi_logvar_mean": 0.0, "fpem/future_mi_target_mode_env_encoder": 0.0, "fpem/swap_loss": 0.0, "fpem/swap_diff_loss": 0.0, "fpem/swap_same_loss": 0.0, "fpem/swap_gain_mean": 0.0, "fpem/swap_s_gain_mean": 0.0, "fpem/swap_fallback_router_loss": 0.0, "fpem/swap_fallback_q_mean": 0.0, "fpem/swap_prediction_delta": 0.0, "fpem/swap_route_delta": 0.0, "fpem/swap_hyper_alpha_delta": 0.0, "fpem/swap_hyper_delta_norm": 0.0, "fpem/loss_env_day": 0.0, "fpem/loss_env_hour": 0.0, "fpem/loss_env_rush": 0.0, "fpem/env_day_acc": 0.0, "fpem/env_hour_acc": 0.0, "fpem/env_rush_acc": 0.0, "fpem/loss_env_supcon": 0.0, "fpem/env_supcon_valid_pairs": 0.0, "fpem/loss_inv_env_adv": 0.0, "fpem/inv_day_acc": 0.0, "fpem/inv_hour_acc": 0.0, "fpem/inv_rush_acc": 0.0, "fpem/loss_cross_cov_sep": 0.0, "fpem/load_level_experts_enabled": 1.0, "fpem/load_level_uses_target_or_future_load": 0.0, "fpem/environment_gate_uses_target_in_forward": 0.0, "fpem/load_level_env_residual_scale": 0.0, "fpem/uses_cached_observable_load_prior": 1.0, "fpem/primary_loss": 9.030924606323243, "fpem/inv_pred_loss": 9.21186231431507, "fpem/primary_uses_route": 1.0, "fpem/primary_uses_env_fusion": 0.0, "fpem/backbone_agcrn": 1.0, "fpem/backbone_graphwavenet": 0.0, "fpem/backbone_staeformer": 0.0, "fpem/gc_pred_loss_only": 1.0, "fpem/env_route_head_mode_hyper_proto": 1.0, "fpem/fpem_force_uniform_route": 0.0, "fpem/hard_prediction_sinkhorn_total_replaces_primary": 0.0, "fpem/hard_prediction_environment_sinkhorn_total_replaces_primary": 0.0, "fpem/warmup_risk_sinkhorn_total_replaces_primary": 0.0, "fpem/lambda_club_mi": 0.0}}
EPOCH {"epoch": 50, "train_loss": 11.565674300420852, "val": {"loss": 11.876680268181694, "mae": 11.674304008483887, "mape": 0.18693366646766663}, "test_mixed": {"loss": NaN, "mae": NaN, "mape": NaN}, "test_workday": {"loss": NaN, "mae": NaN, "mape": NaN}, "test_holiday": {"loss": NaN, "mae": NaN, "mape": NaN}, "test_avg_mae": NaN, "lr": 0.001, "fpem_logs": {"fpem/fpem_env_use_exogenous": 1.0, "fpem/env_exogenous_available": 1.0, "fpem/env_exogenous_time_available": 1.0, "fpem/env_exogenous_load_available": 1.0, "fpem/env_exogenous_feature_dim": 32.0, "fpem/env_exogenous_embedding_norm": 2.8522732053484234, "fpem/env_exogenous_load_embedding_norm": 1.9912832157952445, "fpem/env_rep_ablation_normal": 1.0, "fpem/env_rep_ablation_zero": 0.0, "fpem/env_rep_ablation_shuffle_batch": 0.0, "fpem/env_rep_ablation_mode_id": 0.0, "fpem/mask_loss": 0.0, "fpem/mask_sparse_loss": 0.0, "fpem/mask_entropy_loss": 0.0, "fpem/mask_mean": 1.0, "fpem/mask_entropy": 0.0, "fpem/mask_active_ratio": 1.0, "fpem/fusion_alpha_mean": 0.0, "fpem/fusion_alpha_std": 0.0, "fpem/fusion_alpha_min": 0.0, "fpem/fusion_alpha_max": 0.0, "fpem/env_route_loss": 2.5274891081310455, "fpem/env_route_L_final": 9.035987717764717, "fpem/env_route_L_global": 0.0, "fpem/env_route_L_route_soft": 0.0, "fpem/env_route_L_expert": 9.395853124346052, "fpem/env_route_L_router_oracle": 0.6483184411412194, "fpem/env_route_L_balance": 0.0, "fpem/env_route_L_diverse": 0.0, "fpem/env_route_L_proto_align": 0.0, "fpem/env_route_entropy": 0.0, "fpem/env_route_q_max_mean": 0.0, "fpem/hyper_alpha_mean": 0.0, "fpem/hyper_delta_norm": 0.0, "fpem/hyper_route_proto_mode_uniform_warmup": 0.0, "fpem/hyper_route_proto_mode_uniform_fixed": 0.0, "fpem/hyper_route_proto_mode_sinkhorn": 0.0, "fpem/hyper_route_proto_mode_softmax": 0.0, "fpem/fallback_q_mean": 0.46964285714285714, "fpem/fallback_q_max": 0.0, "fpem/env_q_sum_mean": 0.5303571428571429, "fpem/oracle_fallback_rate": 0.0, "fpem/route_count_fallback": 0.0, "fpem/env_route_head_mode": 1.0, "fpem/route_entropy_mean": 0.0, "fpem/route_mean_distribution_entropy": 0.0, "fpem/effective_expert_number": 1.0, "fpem/max_expert_usage_ratio": 0.0, "fpem/min_expert_usage_ratio": 0.0, "fpem/prototype_pairwise_cosine": 0.0, "fpem/expert_prediction_pairwise_cosine": 0.0, "fpem/expert_collapse_warning": 0.0, "fpem/env_route_target_mode_env_prototype": 0.0, "fpem/env_route_target_mode_hybrid": 0.0, "fpem/env_route_hybrid_alpha": 0.0, "fpem/env_route_train_mode_warmup_risk_sinkhorn": 0.0, "fpem/warmup_risk_stage_warmup": 0.0, "fpem/warmup_risk_stage_soft": 0.0, "fpem/warmup_risk_stage_hard": 0.0, "fpem/warmup_risk_selected_loss": 0.0, "fpem/warmup_risk_uniform_common_loss": 0.0, "fpem/warmup_risk_lambda_common": 0.0, "fpem/warmup_risk_total_common_term": 0.0, "fpem/warmup_risk_temperature": 0.0, "fpem/warmup_risk_temperature_progress": 0.0, "fpem/uniform_expert_mae": 0.0, "fpem/risk_routed_mae": 0.0, "fpem/risk_prediction_mae": 0.0, "fpem/risk_loss": 0.0, "fpem/risk_ranking_loss": 0.0, "fpem/risk_ranking_accuracy": 0.0, "fpem/risk_oracle_argmin_accuracy": 0.0, "fpem/risk_router_temperature": 0.0, "fpem/risk_router_lambda": 0.0, "fpem/risk_router_pairwise_lambda": 0.0, "fpem/env_route_train_mode_progressive_gmm_environment": 0.0, "fpem/top_level_prediction_source_progressive_gmm_teacher_hard": 0.0, "fpem/progressive_assignment_uses_target_or_prediction_error": 0.0, "fpem/progressive_partition_ready": 0.0, "fpem/progressive_selected_k": 0.0, "fpem/progressive_active_expert_count": 0.0, "fpem/progressive_last_partition_epoch": 0.0, "fpem/progressive_lambda_common": 0.0, "fpem/progressive_common_term": 0.0, "fpem/progressive_compactness_loss": 0.0, "fpem/progressive_consistency_loss": 0.0, "fpem/progressive_cluster_entropy": 0.0, "fpem/progressive_assignment_change_ratio": 0.0, "fpem/progressive_hungarian_overlap_score": 0.0, "fpem/progressive_partition_update_time_sec": 0.0, "fpem/progressive_routed_mae": 0.0, "fpem/progressive_gmm_environment_total_replaces_primary": 0.0, "fpem/env_route_count_head_0": 16.0, "fpem/env_route_oracle_count_head_0": 16.0, "fpem/route_count_env_head_0": 16.0, "fpem/route_soft_mean_expert_0": 1.0, "fpem/route_hard_count_expert_0": 16.0, "fpem/hard_count_expert_0": 16.0, "fpem/sinkhorn_soft_col_mass_expert_0": 0.0, "fpem/progressive_active_expert_0": 0.0, "fpem/progressive_cluster_size_0": 0.0, "fpem/progressive_cluster_ratio_0": 0.0, "fpem/progressive_cluster_to_expert_0": 0.0, "fpem/progressive_bic_k1": 0.0, "fpem/progressive_bic_score_k1": 0.0, "fpem/progressive_bic_rejected_k1": 0.0, "fpem/hyper_alpha_head_0": 0.0, "fpem/hyper_gamma_norm_head_0": 0.0, "fpem/hyper_beta_norm_head_0": 0.0, "fpem/expert_cross_mae_group_0_expert_0": 9.395853124346052, "fpem/load_expert_loss": 9.395853124346052, "fpem/hard_router_loss": 0.6483184411412194, "fpem/hard_router_target_env_ratio": 0.6285714285714286, "fpem/hard_router_predicted_env_ratio": 0.5303571428571429, "fpem/hard_router_effective_env_ratio": 0.5303571428571429, "fpem/hard_router_supervision_enabled": 1.0, "fpem/hard_router_warmup_active": 0.0, "fpem/load_level_assignment_detached": 1.0, "fpem/load_level_count_0": 1680.0, "fpem/load_level_ratio_0": 1.0, "fpem/expert_0_global_loss": 9.395853124346052, "fpem/expert_0_selected_loss": 9.395853124346052, "fpem/hard_router_margin_mean": 0.096622372454121, "fpem/hard_router_gain_mean": 0.2663844054653531, "fpem/hard_router_class_weight_invariant": 1.6367072343826294, "fpem/hard_router_class_weight_environment": 0.8395936517488389, "fpem/expert_prediction_pairwise_difference": 0.0, "fpem/delta_pairwise_cosine": 0.0, "fpem/delta_pairwise_l1": 0.0, "fpem/delta_pairwise_l2": 0.0, "fpem/expert_0_parameter_norm": 15.001812925792876, "fpem/hard_binary_router_enabled": 1.0, "fpem/hard_router_uses_target_in_forward": 0.0, "fpem/stored_future_c_loaded": 0.0, "fpem/prediction_is_weighted_complete_fusion": 0.0, "fpem/future_mi_loss": 0.0, "fpem/future_mi_valid": 0.0, "fpem/future_mi_logvar_mean": 0.0, "fpem/future_mi_target_mode_env_encoder": 0.0, "fpem/swap_loss": 0.0, "fpem/swap_diff_loss": 0.0, "fpem/swap_same_loss": 0.0, "fpem/swap_gain_mean": 0.0, "fpem/swap_s_gain_mean": 0.0, "fpem/swap_fallback_router_loss": 0.0, "fpem/swap_fallback_q_mean": 0.0, "fpem/swap_prediction_delta": 0.0, "fpem/swap_route_delta": 0.0, "fpem/swap_hyper_alpha_delta": 0.0, "fpem/swap_hyper_delta_norm": 0.0, "fpem/loss_env_day": 0.0, "fpem/loss_env_hour": 0.0, "fpem/loss_env_rush": 0.0, "fpem/env_day_acc": 0.0, "fpem/env_hour_acc": 0.0, "fpem/env_rush_acc": 0.0, "fpem/loss_env_supcon": 0.0, "fpem/env_supcon_valid_pairs": 0.0, "fpem/loss_inv_env_adv": 0.0, "fpem/inv_day_acc": 0.0, "fpem/inv_hour_acc": 0.0, "fpem/inv_rush_acc": 0.0, "fpem/loss_cross_cov_sep": 0.0, "fpem/load_level_experts_enabled": 1.0, "fpem/load_level_uses_target_or_future_load": 0.0, "fpem/environment_gate_uses_target_in_forward": 0.0, "fpem/load_level_env_residual_scale": 0.0, "fpem/uses_cached_observable_load_prior": 1.0, "fpem/primary_loss": 9.035987717764717, "fpem/inv_pred_loss": 9.217774491083054, "fpem/primary_uses_route": 1.0, "fpem/primary_uses_env_fusion": 0.0, "fpem/backbone_agcrn": 1.0, "fpem/backbone_graphwavenet": 0.0, "fpem/backbone_staeformer": 0.0, "fpem/gc_pred_loss_only": 1.0, "fpem/env_route_head_mode_hyper_proto": 1.0, "fpem/fpem_force_uniform_route": 0.0, "fpem/hard_prediction_sinkhorn_total_replaces_primary": 0.0, "fpem/hard_prediction_environment_sinkhorn_total_replaces_primary": 0.0, "fpem/warmup_risk_sinkhorn_total_replaces_primary": 0.0, "fpem/lambda_club_mi": 0.0}}
EPOCH {"epoch": 51, "train_loss": 11.555537759690058, "val": {"loss": 11.83967113494873, "mae": 11.622350692749023, "mape": 0.19021345674991608}, "test_mixed": {"loss": NaN, "mae": NaN, "mape": NaN}, "test_workday": {"loss": NaN, "mae": NaN, "mape": NaN}, "test_holiday": {"loss": NaN, "mae": NaN, "mape": NaN}, "test_avg_mae": NaN, "lr": 0.001, "fpem_logs": {"fpem/fpem_env_use_exogenous": 1.0, "fpem/env_exogenous_available": 1.0, "fpem/env_exogenous_time_available": 1.0, "fpem/env_exogenous_load_available": 1.0, "fpem/env_exogenous_feature_dim": 32.0, "fpem/env_exogenous_embedding_norm": 2.8582246576036727, "fpem/env_exogenous_load_embedding_norm": 1.9946796735127768, "fpem/env_rep_ablation_normal": 1.0, "fpem/env_rep_ablation_zero": 0.0, "fpem/env_rep_ablation_shuffle_batch": 0.0, "fpem/env_rep_ablation_mode_id": 0.0, "fpem/mask_loss": 0.0, "fpem/mask_sparse_loss": 0.0, "fpem/mask_entropy_loss": 0.0, "fpem/mask_mean": 1.0, "fpem/mask_entropy": 0.0, "fpem/mask_active_ratio": 1.0, "fpem/fusion_alpha_mean": 0.0, "fpem/fusion_alpha_std": 0.0, "fpem/fusion_alpha_min": 0.0, "fpem/fusion_alpha_max": 0.0, "fpem/env_route_loss": 2.5173309348878408, "fpem/env_route_L_final": 9.037585244859969, "fpem/env_route_L_global": 0.0, "fpem/env_route_L_route_soft": 0.0, "fpem/env_route_L_expert": 9.394334298088436, "fpem/env_route_L_router_oracle": 0.6384640529042198, "fpem/env_route_L_balance": 0.0, "fpem/env_route_L_diverse": 0.0, "fpem/env_route_L_proto_align": 0.0, "fpem/env_route_entropy": 0.0, "fpem/env_route_q_max_mean": 0.0, "fpem/hyper_alpha_mean": 0.0, "fpem/hyper_delta_norm": 0.0, "fpem/hyper_route_proto_mode_uniform_warmup": 0.0, "fpem/hyper_route_proto_mode_uniform_fixed": 0.0, "fpem/hyper_route_proto_mode_sinkhorn": 0.0, "fpem/hyper_route_proto_mode_softmax": 0.0, "fpem/fallback_q_mean": 0.46845238095238095, "fpem/fallback_q_max": 0.0, "fpem/env_q_sum_mean": 0.531547619047619, "fpem/oracle_fallback_rate": 0.0, "fpem/route_count_fallback": 0.0, "fpem/env_route_head_mode": 1.0, "fpem/route_entropy_mean": 0.0, "fpem/route_mean_distribution_entropy": 0.0, "fpem/effective_expert_number": 1.0, "fpem/max_expert_usage_ratio": 0.0, "fpem/min_expert_usage_ratio": 0.0, "fpem/prototype_pairwise_cosine": 0.0, "fpem/expert_prediction_pairwise_cosine": 0.0, "fpem/expert_collapse_warning": 0.0, "fpem/env_route_target_mode_env_prototype": 0.0, "fpem/env_route_target_mode_hybrid": 0.0, "fpem/env_route_hybrid_alpha": 0.0, "fpem/env_route_train_mode_warmup_risk_sinkhorn": 0.0, "fpem/warmup_risk_stage_warmup": 0.0, "fpem/warmup_risk_stage_soft": 0.0, "fpem/warmup_risk_stage_hard": 0.0, "fpem/warmup_risk_selected_loss": 0.0, "fpem/warmup_risk_uniform_common_loss": 0.0, "fpem/warmup_risk_lambda_common": 0.0, "fpem/warmup_risk_total_common_term": 0.0, "fpem/warmup_risk_temperature": 0.0, "fpem/warmup_risk_temperature_progress": 0.0, "fpem/uniform_expert_mae": 0.0, "fpem/risk_routed_mae": 0.0, "fpem/risk_prediction_mae": 0.0, "fpem/risk_loss": 0.0, "fpem/risk_ranking_loss": 0.0, "fpem/risk_ranking_accuracy": 0.0, "fpem/risk_oracle_argmin_accuracy": 0.0, "fpem/risk_router_temperature": 0.0, "fpem/risk_router_lambda": 0.0, "fpem/risk_router_pairwise_lambda": 0.0, "fpem/env_route_train_mode_progressive_gmm_environment": 0.0, "fpem/top_level_prediction_source_progressive_gmm_teacher_hard": 0.0, "fpem/progressive_assignment_uses_target_or_prediction_error": 0.0, "fpem/progressive_partition_ready": 0.0, "fpem/progressive_selected_k": 0.0, "fpem/progressive_active_expert_count": 0.0, "fpem/progressive_last_partition_epoch": 0.0, "fpem/progressive_lambda_common": 0.0, "fpem/progressive_common_term": 0.0, "fpem/progressive_compactness_loss": 0.0, "fpem/progressive_consistency_loss": 0.0, "fpem/progressive_cluster_entropy": 0.0, "fpem/progressive_assignment_change_ratio": 0.0, "fpem/progressive_hungarian_overlap_score": 0.0, "fpem/progressive_partition_update_time_sec": 0.0, "fpem/progressive_routed_mae": 0.0, "fpem/progressive_gmm_environment_total_replaces_primary": 0.0, "fpem/env_route_count_head_0": 16.0, "fpem/env_route_oracle_count_head_0": 16.0, "fpem/route_count_env_head_0": 16.0, "fpem/route_soft_mean_expert_0": 1.0, "fpem/route_hard_count_expert_0": 16.0, "fpem/hard_count_expert_0": 16.0, "fpem/sinkhorn_soft_col_mass_expert_0": 0.0, "fpem/progressive_active_expert_0": 0.0, "fpem/progressive_cluster_size_0": 0.0, "fpem/progressive_cluster_ratio_0": 0.0, "fpem/progressive_cluster_to_expert_0": 0.0, "fpem/progressive_bic_k1": 0.0, "fpem/progressive_bic_score_k1": 0.0, "fpem/progressive_bic_rejected_k1": 0.0, "fpem/hyper_alpha_head_0": 0.0, "fpem/hyper_gamma_norm_head_0": 0.0, "fpem/hyper_beta_norm_head_0": 0.0, "fpem/expert_cross_mae_group_0_expert_0": 9.394334298088436, "fpem/load_expert_loss": 9.394334298088436, "fpem/hard_router_loss": 0.6384640529042198, "fpem/hard_router_target_env_ratio": 0.631547619047619, "fpem/hard_router_predicted_env_ratio": 0.531547619047619, "fpem/hard_router_effective_env_ratio": 0.531547619047619, "fpem/hard_router_supervision_enabled": 1.0, "fpem/hard_router_warmup_active": 0.0, "fpem/load_level_assignment_detached": 1.0, "fpem/load_level_count_0": 1680.0, "fpem/load_level_ratio_0": 1.0, "fpem/expert_0_global_loss": 9.394334298088436, "fpem/expert_0_selected_loss": 9.394334298088436, "fpem/hard_router_margin_mean": 0.096622372454121, "fpem/hard_router_gain_mean": 0.26790318829672677, "fpem/hard_router_class_weight_invariant": 1.5752078890800476, "fpem/hard_router_class_weight_environment": 0.8382356433641343, "fpem/expert_prediction_pairwise_difference": 0.0, "fpem/delta_pairwise_cosine": 0.0, "fpem/delta_pairwise_l1": 0.0, "fpem/delta_pairwise_l2": 0.0, "fpem/expert_0_parameter_norm": 15.006238792056129, "fpem/hard_binary_router_enabled": 1.0, "fpem/hard_router_uses_target_in_forward": 0.0, "fpem/stored_future_c_loaded": 0.0, "fpem/prediction_is_weighted_complete_fusion": 0.0, "fpem/future_mi_loss": 0.0, "fpem/future_mi_valid": 0.0, "fpem/future_mi_logvar_mean": 0.0, "fpem/future_mi_target_mode_env_encoder": 0.0, "fpem/swap_loss": 0.0, "fpem/swap_diff_loss": 0.0, "fpem/swap_same_loss": 0.0, "fpem/swap_gain_mean": 0.0, "fpem/swap_s_gain_mean": 0.0, "fpem/swap_fallback_router_loss": 0.0, "fpem/swap_fallback_q_mean": 0.0, "fpem/swap_prediction_delta": 0.0, "fpem/swap_route_delta": 0.0, "fpem/swap_hyper_alpha_delta": 0.0, "fpem/swap_hyper_delta_norm": 0.0, "fpem/loss_env_day": 0.0, "fpem/loss_env_hour": 0.0, "fpem/loss_env_rush": 0.0, "fpem/env_day_acc": 0.0, "fpem/env_hour_acc": 0.0, "fpem/env_rush_acc": 0.0, "fpem/loss_env_supcon": 0.0, "fpem/env_supcon_valid_pairs": 0.0, "fpem/loss_inv_env_adv": 0.0, "fpem/inv_day_acc": 0.0, "fpem/inv_hour_acc": 0.0, "fpem/inv_rush_acc": 0.0, "fpem/loss_cross_cov_sep": 0.0, "fpem/load_level_experts_enabled": 1.0, "fpem/load_level_uses_target_or_future_load": 0.0, "fpem/environment_gate_uses_target_in_forward": 0.0, "fpem/load_level_env_residual_scale": 0.0, "fpem/uses_cached_observable_load_prior": 1.0, "fpem/primary_loss": 9.037585244859969, "fpem/inv_pred_loss": 9.215848241533552, "fpem/primary_uses_route": 1.0, "fpem/primary_uses_env_fusion": 0.0, "fpem/backbone_agcrn": 1.0, "fpem/backbone_graphwavenet": 0.0, "fpem/backbone_staeformer": 0.0, "fpem/gc_pred_loss_only": 1.0, "fpem/env_route_head_mode_hyper_proto": 1.0, "fpem/fpem_force_uniform_route": 0.0, "fpem/hard_prediction_sinkhorn_total_replaces_primary": 0.0, "fpem/hard_prediction_environment_sinkhorn_total_replaces_primary": 0.0, "fpem/warmup_risk_sinkhorn_total_replaces_primary": 0.0, "fpem/lambda_club_mi": 0.0}}
EPOCH {"epoch": 52, "train_loss": 11.572573362077986, "val": {"loss": 11.807503117455376, "mae": 11.591363906860352, "mape": 0.1870688796043396}, "test_mixed": {"loss": NaN, "mae": NaN, "mape": NaN}, "test_workday": {"loss": NaN, "mae": NaN, "mape": NaN}, "test_holiday": {"loss": NaN, "mae": NaN, "mape": NaN}, "test_avg_mae": NaN, "lr": 0.001, "fpem_logs": {"fpem/fpem_env_use_exogenous": 1.0, "fpem/env_exogenous_available": 1.0, "fpem/env_exogenous_time_available": 1.0, "fpem/env_exogenous_load_available": 1.0, "fpem/env_exogenous_feature_dim": 32.0, "fpem/env_exogenous_embedding_norm": 2.8667830035800024, "fpem/env_exogenous_load_embedding_norm": 2.0030603249867758, "fpem/env_rep_ablation_normal": 1.0, "fpem/env_rep_ablation_zero": 0.0, "fpem/env_rep_ablation_shuffle_batch": 0.0, "fpem/env_rep_ablation_mode_id": 0.0, "fpem/mask_loss": 0.0, "fpem/mask_sparse_loss": 0.0, "fpem/mask_entropy_loss": 0.0, "fpem/mask_mean": 1.0, "fpem/mask_entropy": 0.0, "fpem/mask_active_ratio": 1.0, "fpem/fusion_alpha_mean": 0.0, "fpem/fusion_alpha_std": 0.0, "fpem/fusion_alpha_min": 0.0, "fpem/fusion_alpha_max": 0.0, "fpem/env_route_loss": 2.5386851333436513, "fpem/env_route_L_final": 9.027310898190454, "fpem/env_route_L_global": 0.0, "fpem/env_route_L_route_soft": 0.0, "fpem/env_route_L_expert": 9.379781500498455, "fpem/env_route_L_router_oracle": 0.6627288020792461, "fpem/env_route_L_balance": 0.0, "fpem/env_route_L_diverse": 0.0, "fpem/env_route_L_proto_align": 0.0, "fpem/env_route_entropy": 0.0, "fpem/env_route_q_max_mean": 0.0, "fpem/hyper_alpha_mean": 0.0, "fpem/hyper_delta_norm": 0.0, "fpem/hyper_route_proto_mode_uniform_warmup": 0.0, "fpem/hyper_route_proto_mode_uniform_fixed": 0.0, "fpem/hyper_route_proto_mode_sinkhorn": 0.0, "fpem/hyper_route_proto_mode_softmax": 0.0, "fpem/fallback_q_mean": 0.48273809523809524, "fpem/fallback_q_max": 0.0, "fpem/env_q_sum_mean": 0.5172619047619048, "fpem/oracle_fallback_rate": 0.0, "fpem/route_count_fallback": 0.0, "fpem/env_route_head_mode": 1.0, "fpem/route_entropy_mean": 0.0, "fpem/route_mean_distribution_entropy": 0.0, "fpem/effective_expert_number": 1.0, "fpem/max_expert_usage_ratio": 0.0, "fpem/min_expert_usage_ratio": 0.0, "fpem/prototype_pairwise_cosine": 0.0, "fpem/expert_prediction_pairwise_cosine": 0.0, "fpem/expert_collapse_warning": 0.0, "fpem/env_route_target_mode_env_prototype": 0.0, "fpem/env_route_target_mode_hybrid": 0.0, "fpem/env_route_hybrid_alpha": 0.0, "fpem/env_route_train_mode_warmup_risk_sinkhorn": 0.0, "fpem/warmup_risk_stage_warmup": 0.0, "fpem/warmup_risk_stage_soft": 0.0, "fpem/warmup_risk_stage_hard": 0.0, "fpem/warmup_risk_selected_loss": 0.0, "fpem/warmup_risk_uniform_common_loss": 0.0, "fpem/warmup_risk_lambda_common": 0.0, "fpem/warmup_risk_total_common_term": 0.0, "fpem/warmup_risk_temperature": 0.0, "fpem/warmup_risk_temperature_progress": 0.0, "fpem/uniform_expert_mae": 0.0, "fpem/risk_routed_mae": 0.0, "fpem/risk_prediction_mae": 0.0, "fpem/risk_loss": 0.0, "fpem/risk_ranking_loss": 0.0, "fpem/risk_ranking_accuracy": 0.0, "fpem/risk_oracle_argmin_accuracy": 0.0, "fpem/risk_router_temperature": 0.0, "fpem/risk_router_lambda": 0.0, "fpem/risk_router_pairwise_lambda": 0.0, "fpem/env_route_train_mode_progressive_gmm_environment": 0.0, "fpem/top_level_prediction_source_progressive_gmm_teacher_hard": 0.0, "fpem/progressive_assignment_uses_target_or_prediction_error": 0.0, "fpem/progressive_partition_ready": 0.0, "fpem/progressive_selected_k": 0.0, "fpem/progressive_active_expert_count": 0.0, "fpem/progressive_last_partition_epoch": 0.0, "fpem/progressive_lambda_common": 0.0, "fpem/progressive_common_term": 0.0, "fpem/progressive_compactness_loss": 0.0, "fpem/progressive_consistency_loss": 0.0, "fpem/progressive_cluster_entropy": 0.0, "fpem/progressive_assignment_change_ratio": 0.0, "fpem/progressive_hungarian_overlap_score": 0.0, "fpem/progressive_partition_update_time_sec": 0.0, "fpem/progressive_routed_mae": 0.0, "fpem/progressive_gmm_environment_total_replaces_primary": 0.0, "fpem/env_route_count_head_0": 16.0, "fpem/env_route_oracle_count_head_0": 16.0, "fpem/route_count_env_head_0": 16.0, "fpem/route_soft_mean_expert_0": 1.0, "fpem/route_hard_count_expert_0": 16.0, "fpem/hard_count_expert_0": 16.0, "fpem/sinkhorn_soft_col_mass_expert_0": 0.0, "fpem/progressive_active_expert_0": 0.0, "fpem/progressive_cluster_size_0": 0.0, "fpem/progressive_cluster_ratio_0": 0.0, "fpem/progressive_cluster_to_expert_0": 0.0, "fpem/progressive_bic_k1": 0.0, "fpem/progressive_bic_score_k1": 0.0, "fpem/progressive_bic_rejected_k1": 0.0, "fpem/hyper_alpha_head_0": 0.0, "fpem/hyper_gamma_norm_head_0": 0.0, "fpem/hyper_beta_norm_head_0": 0.0, "fpem/expert_cross_mae_group_0_expert_0": 9.379781500498455, "fpem/load_expert_loss": 9.379781500498455, "fpem/hard_router_loss": 0.6627288020792461, "fpem/hard_router_target_env_ratio": 0.6386904761904761, "fpem/hard_router_predicted_env_ratio": 0.5172619047619048, "fpem/hard_router_effective_env_ratio": 0.5172619047619048, "fpem/hard_router_supervision_enabled": 1.0, "fpem/hard_router_warmup_active": 0.0, "fpem/load_level_assignment_detached": 1.0, "fpem/load_level_count_0": 1680.0, "fpem/load_level_ratio_0": 1.0, "fpem/expert_0_global_loss": 9.379781500498455, "fpem/expert_0_selected_loss": 9.379781500498455, "fpem/hard_router_margin_mean": 0.09662237287986847, "fpem/hard_router_gain_mean": 0.28245597254662286, "fpem/hard_router_class_weight_invariant": 1.5887830932935079, "fpem/hard_router_class_weight_environment": 0.8119869709014893, "fpem/expert_prediction_pairwise_difference": 0.0, "fpem/delta_pairwise_cosine": 0.0, "fpem/delta_pairwise_l1": 0.0, "fpem/delta_pairwise_l2": 0.0, "fpem/expert_0_parameter_norm": 15.01013989221482, "fpem/hard_binary_router_enabled": 1.0, "fpem/hard_router_uses_target_in_forward": 0.0, "fpem/stored_future_c_loaded": 0.0, "fpem/prediction_is_weighted_complete_fusion": 0.0, "fpem/future_mi_loss": 0.0, "fpem/future_mi_valid": 0.0, "fpem/future_mi_logvar_mean": 0.0, "fpem/future_mi_target_mode_env_encoder": 0.0, "fpem/swap_loss": 0.0, "fpem/swap_diff_loss": 0.0, "fpem/swap_same_loss": 0.0, "fpem/swap_gain_mean": 0.0, "fpem/swap_s_gain_mean": 0.0, "fpem/swap_fallback_router_loss": 0.0, "fpem/swap_fallback_q_mean": 0.0, "fpem/swap_prediction_delta": 0.0, "fpem/swap_route_delta": 0.0, "fpem/swap_hyper_alpha_delta": 0.0, "fpem/swap_hyper_delta_norm": 0.0, "fpem/loss_env_day": 0.0, "fpem/loss_env_hour": 0.0, "fpem/loss_env_rush": 0.0, "fpem/env_day_acc": 0.0, "fpem/env_hour_acc": 0.0, "fpem/env_rush_acc": 0.0, "fpem/loss_env_supcon": 0.0, "fpem/env_supcon_valid_pairs": 0.0, "fpem/loss_inv_env_adv": 0.0, "fpem/inv_day_acc": 0.0, "fpem/inv_hour_acc": 0.0, "fpem/inv_rush_acc": 0.0, "fpem/loss_cross_cov_sep": 0.0, "fpem/load_level_experts_enabled": 1.0, "fpem/load_level_uses_target_or_future_load": 0.0, "fpem/environment_gate_uses_target_in_forward": 0.0, "fpem/load_level_env_residual_scale": 0.0, "fpem/uses_cached_observable_load_prior": 1.0, "fpem/primary_loss": 9.027310898190454, "fpem/inv_pred_loss": 9.210323815118699, "fpem/primary_uses_route": 1.0, "fpem/primary_uses_env_fusion": 0.0, "fpem/backbone_agcrn": 1.0, "fpem/backbone_graphwavenet": 0.0, "fpem/backbone_staeformer": 0.0, "fpem/gc_pred_loss_only": 1.0, "fpem/env_route_head_mode_hyper_proto": 1.0, "fpem/fpem_force_uniform_route": 0.0, "fpem/hard_prediction_sinkhorn_total_replaces_primary": 0.0, "fpem/hard_prediction_environment_sinkhorn_total_replaces_primary": 0.0, "fpem/warmup_risk_sinkhorn_total_replaces_primary": 0.0, "fpem/lambda_club_mi": 0.0}}
EPOCH {"epoch": 53, "train_loss": 11.54878688993908, "val": {"loss": 11.827945232391357, "mae": 11.61702823638916, "mape": 0.18532034754753113}, "test_mixed": {"loss": NaN, "mae": NaN, "mape": NaN}, "test_workday": {"loss": NaN, "mae": NaN, "mape": NaN}, "test_holiday": {"loss": NaN, "mae": NaN, "mape": NaN}, "test_avg_mae": NaN, "lr": 0.001, "fpem_logs": {"fpem/fpem_env_use_exogenous": 1.0, "fpem/env_exogenous_available": 1.0, "fpem/env_exogenous_time_available": 1.0, "fpem/env_exogenous_load_available": 1.0, "fpem/env_exogenous_feature_dim": 32.0, "fpem/env_exogenous_embedding_norm": 2.8695900985172815, "fpem/env_exogenous_load_embedding_norm": 1.9956962676275345, "fpem/env_rep_ablation_normal": 1.0, "fpem/env_rep_ablation_zero": 0.0, "fpem/env_rep_ablation_shuffle_batch": 0.0, "fpem/env_rep_ablation_mode_id": 0.0, "fpem/mask_loss": 0.0, "fpem/mask_sparse_loss": 0.0, "fpem/mask_entropy_loss": 0.0, "fpem/mask_mean": 1.0, "fpem/mask_entropy": 0.0, "fpem/mask_active_ratio": 1.0, "fpem/fusion_alpha_mean": 0.0, "fpem/fusion_alpha_std": 0.0, "fpem/fusion_alpha_min": 0.0, "fpem/fusion_alpha_max": 0.0, "fpem/env_route_loss": 2.5372633706955683, "fpem/env_route_L_final": 9.027713702973866, "fpem/env_route_L_global": 0.0, "fpem/env_route_L_route_soft": 0.0, "fpem/env_route_L_expert": 9.396126247587658, "fpem/env_route_L_router_oracle": 0.6580380916595459, "fpem/env_route_L_balance": 0.0, "fpem/env_route_L_diverse": 0.0, "fpem/env_route_L_proto_align": 0.0, "fpem/env_route_entropy": 0.0, "fpem/env_route_q_max_mean": 0.0, "fpem/hyper_alpha_mean": 0.0, "fpem/hyper_delta_norm": 0.0, "fpem/hyper_route_proto_mode_uniform_warmup": 0.0, "fpem/hyper_route_proto_mode_uniform_fixed": 0.0, "fpem/hyper_route_proto_mode_sinkhorn": 0.0, "fpem/hyper_route_proto_mode_softmax": 0.0, "fpem/fallback_q_mean": 0.4523809523809524, "fpem/fallback_q_max": 0.0, "fpem/env_q_sum_mean": 0.5476190476190477, "fpem/oracle_fallback_rate": 0.0, "fpem/route_count_fallback": 0.0, "fpem/env_route_head_mode": 1.0, "fpem/route_entropy_mean": 0.0, "fpem/route_mean_distribution_entropy": 0.0, "fpem/effective_expert_number": 1.0, "fpem/max_expert_usage_ratio": 0.0, "fpem/min_expert_usage_ratio": 0.0, "fpem/prototype_pairwise_cosine": 0.0, "fpem/expert_prediction_pairwise_cosine": 0.0, "fpem/expert_collapse_warning": 0.0, "fpem/env_route_target_mode_env_prototype": 0.0, "fpem/env_route_target_mode_hybrid": 0.0, "fpem/env_route_hybrid_alpha": 0.0, "fpem/env_route_train_mode_warmup_risk_sinkhorn": 0.0, "fpem/warmup_risk_stage_warmup": 0.0, "fpem/warmup_risk_stage_soft": 0.0, "fpem/warmup_risk_stage_hard": 0.0, "fpem/warmup_risk_selected_loss": 0.0, "fpem/warmup_risk_uniform_common_loss": 0.0, "fpem/warmup_risk_lambda_common": 0.0, "fpem/warmup_risk_total_common_term": 0.0, "fpem/warmup_risk_temperature": 0.0, "fpem/warmup_risk_temperature_progress": 0.0, "fpem/uniform_expert_mae": 0.0, "fpem/risk_routed_mae": 0.0, "fpem/risk_prediction_mae": 0.0, "fpem/risk_loss": 0.0, "fpem/risk_ranking_loss": 0.0, "fpem/risk_ranking_accuracy": 0.0, "fpem/risk_oracle_argmin_accuracy": 0.0, "fpem/risk_router_temperature": 0.0, "fpem/risk_router_lambda": 0.0, "fpem/risk_router_pairwise_lambda": 0.0, "fpem/env_route_train_mode_progressive_gmm_environment": 0.0, "fpem/top_level_prediction_source_progressive_gmm_teacher_hard": 0.0, "fpem/progressive_assignment_uses_target_or_prediction_error": 0.0, "fpem/progressive_partition_ready": 0.0, "fpem/progressive_selected_k": 0.0, "fpem/progressive_active_expert_count": 0.0, "fpem/progressive_last_partition_epoch": 0.0, "fpem/progressive_lambda_common": 0.0, "fpem/progressive_common_term": 0.0, "fpem/progressive_compactness_loss": 0.0, "fpem/progressive_consistency_loss": 0.0, "fpem/progressive_cluster_entropy": 0.0, "fpem/progressive_assignment_change_ratio": 0.0, "fpem/progressive_hungarian_overlap_score": 0.0, "fpem/progressive_partition_update_time_sec": 0.0, "fpem/progressive_routed_mae": 0.0, "fpem/progressive_gmm_environment_total_replaces_primary": 0.0, "fpem/env_route_count_head_0": 16.0, "fpem/env_route_oracle_count_head_0": 16.0, "fpem/route_count_env_head_0": 16.0, "fpem/route_soft_mean_expert_0": 1.0, "fpem/route_hard_count_expert_0": 16.0, "fpem/hard_count_expert_0": 16.0, "fpem/sinkhorn_soft_col_mass_expert_0": 0.0, "fpem/progressive_active_expert_0": 0.0, "fpem/progressive_cluster_size_0": 0.0, "fpem/progressive_cluster_ratio_0": 0.0, "fpem/progressive_cluster_to_expert_0": 0.0, "fpem/progressive_bic_k1": 0.0, "fpem/progressive_bic_score_k1": 0.0, "fpem/progressive_bic_rejected_k1": 0.0, "fpem/hyper_alpha_head_0": 0.0, "fpem/hyper_gamma_norm_head_0": 0.0, "fpem/hyper_beta_norm_head_0": 0.0, "fpem/expert_cross_mae_group_0_expert_0": 9.396126247587658, "fpem/load_expert_loss": 9.396126247587658, "fpem/hard_router_loss": 0.6580380916595459, "fpem/hard_router_target_env_ratio": 0.6357142857142857, "fpem/hard_router_predicted_env_ratio": 0.5476190476190477, "fpem/hard_router_effective_env_ratio": 0.5476190476190477, "fpem/hard_router_supervision_enabled": 1.0, "fpem/hard_router_warmup_active": 0.0, "fpem/load_level_assignment_detached": 1.0, "fpem/load_level_count_0": 1680.0, "fpem/load_level_ratio_0": 1.0, "fpem/expert_0_global_loss": 9.396126247587658, "fpem/expert_0_selected_loss": 9.396126247587658, "fpem/hard_router_margin_mean": 0.09662237273795264, "fpem/hard_router_gain_mean": 0.2661113064913523, "fpem/hard_router_class_weight_invariant": 1.577456227370671, "fpem/hard_router_class_weight_environment": 0.8456656745501927, "fpem/expert_prediction_pairwise_difference": 0.0, "fpem/delta_pairwise_cosine": 0.0, "fpem/delta_pairwise_l1": 0.0, "fpem/delta_pairwise_l2": 0.0, "fpem/expert_0_parameter_norm": 15.010878617422922, "fpem/hard_binary_router_enabled": 1.0, "fpem/hard_router_uses_target_in_forward": 0.0, "fpem/stored_future_c_loaded": 0.0, "fpem/prediction_is_weighted_complete_fusion": 0.0, "fpem/future_mi_loss": 0.0, "fpem/future_mi_valid": 0.0, "fpem/future_mi_logvar_mean": 0.0, "fpem/future_mi_target_mode_env_encoder": 0.0, "fpem/swap_loss": 0.0, "fpem/swap_diff_loss": 0.0, "fpem/swap_same_loss": 0.0, "fpem/swap_gain_mean": 0.0, "fpem/swap_s_gain_mean": 0.0, "fpem/swap_fallback_router_loss": 0.0, "fpem/swap_fallback_q_mean": 0.0, "fpem/swap_prediction_delta": 0.0, "fpem/swap_route_delta": 0.0, "fpem/swap_hyper_alpha_delta": 0.0, "fpem/swap_hyper_delta_norm": 0.0, "fpem/loss_env_day": 0.0, "fpem/loss_env_hour": 0.0, "fpem/loss_env_rush": 0.0, "fpem/env_day_acc": 0.0, "fpem/env_hour_acc": 0.0, "fpem/env_rush_acc": 0.0, "fpem/loss_env_supcon": 0.0, "fpem/env_supcon_valid_pairs": 0.0, "fpem/loss_inv_env_adv": 0.0, "fpem/inv_day_acc": 0.0, "fpem/inv_hour_acc": 0.0, "fpem/inv_rush_acc": 0.0, "fpem/loss_cross_cov_sep": 0.0, "fpem/load_level_experts_enabled": 1.0, "fpem/load_level_uses_target_or_future_load": 0.0, "fpem/environment_gate_uses_target_in_forward": 0.0, "fpem/load_level_env_residual_scale": 0.0, "fpem/uses_cached_observable_load_prior": 1.0, "fpem/primary_loss": 9.027713702973866, "fpem/inv_pred_loss": 9.215472689129058, "fpem/primary_uses_route": 1.0, "fpem/primary_uses_env_fusion": 0.0, "fpem/backbone_agcrn": 1.0, "fpem/backbone_graphwavenet": 0.0, "fpem/backbone_staeformer": 0.0, "fpem/gc_pred_loss_only": 1.0, "fpem/env_route_head_mode_hyper_proto": 1.0, "fpem/fpem_force_uniform_route": 0.0, "fpem/hard_prediction_sinkhorn_total_replaces_primary": 0.0, "fpem/hard_prediction_environment_sinkhorn_total_replaces_primary": 0.0, "fpem/warmup_risk_sinkhorn_total_replaces_primary": 0.0, "fpem/lambda_club_mi": 0.0}}
EPOCH {"epoch": 54, "train_loss": 11.579178219749814, "val": {"loss": 11.822907315360176, "mae": 11.607284545898438, "mape": 0.18633946776390076}, "test_mixed": {"loss": NaN, "mae": NaN, "mape": NaN}, "test_workday": {"loss": NaN, "mae": NaN, "mape": NaN}, "test_holiday": {"loss": NaN, "mae": NaN, "mape": NaN}, "test_avg_mae": NaN, "lr": 0.001, "fpem_logs": {"fpem/fpem_env_use_exogenous": 1.0, "fpem/env_exogenous_available": 1.0, "fpem/env_exogenous_time_available": 1.0, "fpem/env_exogenous_load_available": 1.0, "fpem/env_exogenous_feature_dim": 32.0, "fpem/env_exogenous_embedding_norm": 2.8736374491737005, "fpem/env_exogenous_load_embedding_norm": 2.0037026428041003, "fpem/env_rep_ablation_normal": 1.0, "fpem/env_rep_ablation_zero": 0.0, "fpem/env_rep_ablation_shuffle_batch": 0.0, "fpem/env_rep_ablation_mode_id": 0.0, "fpem/mask_loss": 0.0, "fpem/mask_sparse_loss": 0.0, "fpem/mask_entropy_loss": 0.0, "fpem/mask_mean": 1.0, "fpem/mask_entropy": 0.0, "fpem/mask_active_ratio": 1.0, "fpem/fusion_alpha_mean": 0.0, "fpem/fusion_alpha_std": 0.0, "fpem/fusion_alpha_min": 0.0, "fpem/fusion_alpha_max": 0.0, "fpem/env_route_loss": 2.5421769573574973, "fpem/env_route_L_final": 9.036023189907983, "fpem/env_route_L_global": 0.0, "fpem/env_route_L_route_soft": 0.0, "fpem/env_route_L_expert": 9.381042276109968, "fpem/env_route_L_router_oracle": 0.6659684658050538, "fpem/env_route_L_balance": 0.0, "fpem/env_route_L_diverse": 0.0, "fpem/env_route_L_proto_align": 0.0, "fpem/env_route_entropy": 0.0, "fpem/env_route_q_max_mean": 0.0, "fpem/hyper_alpha_mean": 0.0, "fpem/hyper_delta_norm": 0.0, "fpem/hyper_route_proto_mode_uniform_warmup": 0.0, "fpem/hyper_route_proto_mode_uniform_fixed": 0.0, "fpem/hyper_route_proto_mode_sinkhorn": 0.0, "fpem/hyper_route_proto_mode_softmax": 0.0, "fpem/fallback_q_mean": 0.47559523809523807, "fpem/fallback_q_max": 0.0, "fpem/env_q_sum_mean": 0.5244047619047619, "fpem/oracle_fallback_rate": 0.0, "fpem/route_count_fallback": 0.0, "fpem/env_route_head_mode": 1.0, "fpem/route_entropy_mean": 0.0, "fpem/route_mean_distribution_entropy": 0.0, "fpem/effective_expert_number": 1.0, "fpem/max_expert_usage_ratio": 0.0, "fpem/min_expert_usage_ratio": 0.0, "fpem/prototype_pairwise_cosine": 0.0, "fpem/expert_prediction_pairwise_cosine": 0.0, "fpem/expert_collapse_warning": 0.0, "fpem/env_route_target_mode_env_prototype": 0.0, "fpem/env_route_target_mode_hybrid": 0.0, "fpem/env_route_hybrid_alpha": 0.0, "fpem/env_route_train_mode_warmup_risk_sinkhorn": 0.0, "fpem/warmup_risk_stage_warmup": 0.0, "fpem/warmup_risk_stage_soft": 0.0, "fpem/warmup_risk_stage_hard": 0.0, "fpem/warmup_risk_selected_loss": 0.0, "fpem/warmup_risk_uniform_common_loss": 0.0, "fpem/warmup_risk_lambda_common": 0.0, "fpem/warmup_risk_total_common_term": 0.0, "fpem/warmup_risk_temperature": 0.0, "fpem/warmup_risk_temperature_progress": 0.0, "fpem/uniform_expert_mae": 0.0, "fpem/risk_routed_mae": 0.0, "fpem/risk_prediction_mae": 0.0, "fpem/risk_loss": 0.0, "fpem/risk_ranking_loss": 0.0, "fpem/risk_ranking_accuracy": 0.0, "fpem/risk_oracle_argmin_accuracy": 0.0, "fpem/risk_router_temperature": 0.0, "fpem/risk_router_lambda": 0.0, "fpem/risk_router_pairwise_lambda": 0.0, "fpem/env_route_train_mode_progressive_gmm_environment": 0.0, "fpem/top_level_prediction_source_progressive_gmm_teacher_hard": 0.0, "fpem/progressive_assignment_uses_target_or_prediction_error": 0.0, "fpem/progressive_partition_ready": 0.0, "fpem/progressive_selected_k": 0.0, "fpem/progressive_active_expert_count": 0.0, "fpem/progressive_last_partition_epoch": 0.0, "fpem/progressive_lambda_common": 0.0, "fpem/progressive_common_term": 0.0, "fpem/progressive_compactness_loss": 0.0, "fpem/progressive_consistency_loss": 0.0, "fpem/progressive_cluster_entropy": 0.0, "fpem/progressive_assignment_change_ratio": 0.0, "fpem/progressive_hungarian_overlap_score": 0.0, "fpem/progressive_partition_update_time_sec": 0.0, "fpem/progressive_routed_mae": 0.0, "fpem/progressive_gmm_environment_total_replaces_primary": 0.0, "fpem/env_route_count_head_0": 16.0, "fpem/env_route_oracle_count_head_0": 16.0, "fpem/route_count_env_head_0": 16.0, "fpem/route_soft_mean_expert_0": 1.0, "fpem/route_hard_count_expert_0": 16.0, "fpem/hard_count_expert_0": 16.0, "fpem/sinkhorn_soft_col_mass_expert_0": 0.0, "fpem/progressive_active_expert_0": 0.0, "fpem/progressive_cluster_size_0": 0.0, "fpem/progressive_cluster_ratio_0": 0.0, "fpem/progressive_cluster_to_expert_0": 0.0, "fpem/progressive_bic_k1": 0.0, "fpem/progressive_bic_score_k1": 0.0, "fpem/progressive_bic_rejected_k1": 0.0, "fpem/hyper_alpha_head_0": 0.0, "fpem/hyper_gamma_norm_head_0": 0.0, "fpem/hyper_beta_norm_head_0": 0.0, "fpem/expert_cross_mae_group_0_expert_0": 9.381042276109968, "fpem/load_expert_loss": 9.381042276109968, "fpem/hard_router_loss": 0.6659684658050538, "fpem/hard_router_target_env_ratio": 0.6404761904761904, "fpem/hard_router_predicted_env_ratio": 0.5244047619047619, "fpem/hard_router_effective_env_ratio": 0.5244047619047619, "fpem/hard_router_supervision_enabled": 1.0, "fpem/hard_router_warmup_active": 0.0, "fpem/load_level_assignment_detached": 1.0, "fpem/load_level_count_0": 1680.0, "fpem/load_level_ratio_0": 1.0, "fpem/expert_0_global_loss": 9.381042276109968, "fpem/expert_0_selected_loss": 9.381042276109968, "fpem/hard_router_margin_mean": 0.09662237280891055, "fpem/hard_router_gain_mean": 0.2811952603714807, "fpem/hard_router_class_weight_invariant": 1.6881632946786427, "fpem/hard_router_class_weight_environment": 0.8200553053901309, "fpem/expert_prediction_pairwise_difference": 0.0, "fpem/delta_pairwise_cosine": 0.0, "fpem/delta_pairwise_l1": 0.0, "fpem/delta_pairwise_l2": 0.0, "fpem/expert_0_parameter_norm": 15.013347934541247, "fpem/hard_binary_router_enabled": 1.0, "fpem/hard_router_uses_target_in_forward": 0.0, "fpem/stored_future_c_loaded": 0.0, "fpem/prediction_is_weighted_complete_fusion": 0.0, "fpem/future_mi_loss": 0.0, "fpem/future_mi_valid": 0.0, "fpem/future_mi_logvar_mean": 0.0, "fpem/future_mi_target_mode_env_encoder": 0.0, "fpem/swap_loss": 0.0, "fpem/swap_diff_loss": 0.0, "fpem/swap_same_loss": 0.0, "fpem/swap_gain_mean": 0.0, "fpem/swap_s_gain_mean": 0.0, "fpem/swap_fallback_router_loss": 0.0, "fpem/swap_fallback_q_mean": 0.0, "fpem/swap_prediction_delta": 0.0, "fpem/swap_route_delta": 0.0, "fpem/swap_hyper_alpha_delta": 0.0, "fpem/swap_hyper_delta_norm": 0.0, "fpem/loss_env_day": 0.0, "fpem/loss_env_hour": 0.0, "fpem/loss_env_rush": 0.0, "fpem/env_day_acc": 0.0, "fpem/env_hour_acc": 0.0, "fpem/env_rush_acc": 0.0, "fpem/loss_env_supcon": 0.0, "fpem/env_supcon_valid_pairs": 0.0, "fpem/loss_inv_env_adv": 0.0, "fpem/inv_day_acc": 0.0, "fpem/inv_hour_acc": 0.0, "fpem/inv_rush_acc": 0.0, "fpem/loss_cross_cov_sep": 0.0, "fpem/load_level_experts_enabled": 1.0, "fpem/load_level_uses_target_or_future_load": 0.0, "fpem/environment_gate_uses_target_in_forward": 0.0, "fpem/load_level_env_residual_scale": 0.0, "fpem/uses_cached_observable_load_prior": 1.0, "fpem/primary_loss": 9.036023189907983, "fpem/inv_pred_loss": 9.221639242626372, "fpem/primary_uses_route": 1.0, "fpem/primary_uses_env_fusion": 0.0, "fpem/backbone_agcrn": 1.0, "fpem/backbone_graphwavenet": 0.0, "fpem/backbone_staeformer": 0.0, "fpem/gc_pred_loss_only": 1.0, "fpem/env_route_head_mode_hyper_proto": 1.0, "fpem/fpem_force_uniform_route": 0.0, "fpem/hard_prediction_sinkhorn_total_replaces_primary": 0.0, "fpem/hard_prediction_environment_sinkhorn_total_replaces_primary": 0.0, "fpem/warmup_risk_sinkhorn_total_replaces_primary": 0.0, "fpem/lambda_club_mi": 0.0}}
EPOCH {"epoch": 55, "train_loss": 11.547421618870326, "val": {"loss": 11.82518524593777, "mae": 11.610212326049805, "mape": 0.1886506825685501}, "test_mixed": {"loss": NaN, "mae": NaN, "mape": NaN}, "test_workday": {"loss": NaN, "mae": NaN, "mape": NaN}, "test_holiday": {"loss": NaN, "mae": NaN, "mape": NaN}, "test_avg_mae": NaN, "lr": 0.0005, "fpem_logs": {"fpem/fpem_env_use_exogenous": 1.0, "fpem/env_exogenous_available": 1.0, "fpem/env_exogenous_time_available": 1.0, "fpem/env_exogenous_load_available": 1.0, "fpem/env_exogenous_feature_dim": 32.0, "fpem/env_exogenous_embedding_norm": 2.8827370325724284, "fpem/env_exogenous_load_embedding_norm": 2.0072042533329557, "fpem/env_rep_ablation_normal": 1.0, "fpem/env_rep_ablation_zero": 0.0, "fpem/env_rep_ablation_shuffle_batch": 0.0, "fpem/env_rep_ablation_mode_id": 0.0, "fpem/mask_loss": 0.0, "fpem/mask_sparse_loss": 0.0, "fpem/mask_entropy_loss": 0.0, "fpem/mask_mean": 1.0, "fpem/mask_entropy": 0.0, "fpem/mask_active_ratio": 1.0, "fpem/fusion_alpha_mean": 0.0, "fpem/fusion_alpha_std": 0.0, "fpem/fusion_alpha_min": 0.0, "fpem/fusion_alpha_max": 0.0, "fpem/env_route_loss": 2.5239638828095936, "fpem/env_route_L_final": 9.023601849873861, "fpem/env_route_L_global": 0.0, "fpem/env_route_L_route_soft": 0.0, "fpem/env_route_L_expert": 9.366066632952009, "fpem/env_route_L_router_oracle": 0.6507505351588839, "fpem/env_route_L_balance": 0.0, "fpem/env_route_L_diverse": 0.0, "fpem/env_route_L_proto_align": 0.0, "fpem/env_route_entropy": 0.0, "fpem/env_route_q_max_mean": 0.0, "fpem/hyper_alpha_mean": 0.0, "fpem/hyper_delta_norm": 0.0, "fpem/hyper_route_proto_mode_uniform_warmup": 0.0, "fpem/hyper_route_proto_mode_uniform_fixed": 0.0, "fpem/hyper_route_proto_mode_sinkhorn": 0.0, "fpem/hyper_route_proto_mode_softmax": 0.0, "fpem/fallback_q_mean": 0.49047619047619045, "fpem/fallback_q_max": 0.0, "fpem/env_q_sum_mean": 0.5095238095238095, "fpem/oracle_fallback_rate": 0.0, "fpem/route_count_fallback": 0.0, "fpem/env_route_head_mode": 1.0, "fpem/route_entropy_mean": 0.0, "fpem/route_mean_distribution_entropy": 0.0, "fpem/effective_expert_number": 1.0, "fpem/max_expert_usage_ratio": 0.0, "fpem/min_expert_usage_ratio": 0.0, "fpem/prototype_pairwise_cosine": 0.0, "fpem/expert_prediction_pairwise_cosine": 0.0, "fpem/expert_collapse_warning": 0.0, "fpem/env_route_target_mode_env_prototype": 0.0, "fpem/env_route_target_mode_hybrid": 0.0, "fpem/env_route_hybrid_alpha": 0.0, "fpem/env_route_train_mode_warmup_risk_sinkhorn": 0.0, "fpem/warmup_risk_stage_warmup": 0.0, "fpem/warmup_risk_stage_soft": 0.0, "fpem/warmup_risk_stage_hard": 0.0, "fpem/warmup_risk_selected_loss": 0.0, "fpem/warmup_risk_uniform_common_loss": 0.0, "fpem/warmup_risk_lambda_common": 0.0, "fpem/warmup_risk_total_common_term": 0.0, "fpem/warmup_risk_temperature": 0.0, "fpem/warmup_risk_temperature_progress": 0.0, "fpem/uniform_expert_mae": 0.0, "fpem/risk_routed_mae": 0.0, "fpem/risk_prediction_mae": 0.0, "fpem/risk_loss": 0.0, "fpem/risk_ranking_loss": 0.0, "fpem/risk_ranking_accuracy": 0.0, "fpem/risk_oracle_argmin_accuracy": 0.0, "fpem/risk_router_temperature": 0.0, "fpem/risk_router_lambda": 0.0, "fpem/risk_router_pairwise_lambda": 0.0, "fpem/env_route_train_mode_progressive_gmm_environment": 0.0, "fpem/top_level_prediction_source_progressive_gmm_teacher_hard": 0.0, "fpem/progressive_assignment_uses_target_or_prediction_error": 0.0, "fpem/progressive_partition_ready": 0.0, "fpem/progressive_selected_k": 0.0, "fpem/progressive_active_expert_count": 0.0, "fpem/progressive_last_partition_epoch": 0.0, "fpem/progressive_lambda_common": 0.0, "fpem/progressive_common_term": 0.0, "fpem/progressive_compactness_loss": 0.0, "fpem/progressive_consistency_loss": 0.0, "fpem/progressive_cluster_entropy": 0.0, "fpem/progressive_assignment_change_ratio": 0.0, "fpem/progressive_hungarian_overlap_score": 0.0, "fpem/progressive_partition_update_time_sec": 0.0, "fpem/progressive_routed_mae": 0.0, "fpem/progressive_gmm_environment_total_replaces_primary": 0.0, "fpem/env_route_count_head_0": 16.0, "fpem/env_route_oracle_count_head_0": 16.0, "fpem/route_count_env_head_0": 16.0, "fpem/route_soft_mean_expert_0": 1.0, "fpem/route_hard_count_expert_0": 16.0, "fpem/hard_count_expert_0": 16.0, "fpem/sinkhorn_soft_col_mass_expert_0": 0.0, "fpem/progressive_active_expert_0": 0.0, "fpem/progressive_cluster_size_0": 0.0, "fpem/progressive_cluster_ratio_0": 0.0, "fpem/progressive_cluster_to_expert_0": 0.0, "fpem/progressive_bic_k1": 0.0, "fpem/progressive_bic_score_k1": 0.0, "fpem/progressive_bic_rejected_k1": 0.0, "fpem/hyper_alpha_head_0": 0.0, "fpem/hyper_gamma_norm_head_0": 0.0, "fpem/hyper_beta_norm_head_0": 0.0, "fpem/expert_cross_mae_group_0_expert_0": 9.366066632952009, "fpem/load_expert_loss": 9.366066632952009, "fpem/hard_router_loss": 0.6507505351588839, "fpem/hard_router_target_env_ratio": 0.6660714285714285, "fpem/hard_router_predicted_env_ratio": 0.5095238095238095, "fpem/hard_router_effective_env_ratio": 0.5095238095238095, "fpem/hard_router_supervision_enabled": 1.0, "fpem/hard_router_warmup_active": 0.0, "fpem/load_level_assignment_detached": 1.0, "fpem/load_level_count_0": 1680.0, "fpem/load_level_ratio_0": 1.0, "fpem/expert_0_global_loss": 9.366066632952009, "fpem/expert_0_selected_loss": 9.366066632952009, "fpem/hard_router_margin_mean": 0.09662237280891055, "fpem/hard_router_gain_mean": 0.29617080887158714, "fpem/hard_router_class_weight_invariant": 1.7084835007077173, "fpem/hard_router_class_weight_environment": 0.7743048650877816, "fpem/expert_prediction_pairwise_difference": 0.0, "fpem/delta_pairwise_cosine": 0.0, "fpem/delta_pairwise_l1": 0.0, "fpem/delta_pairwise_l2": 0.0, "fpem/expert_0_parameter_norm": 15.015087554568336, "fpem/hard_binary_router_enabled": 1.0, "fpem/hard_router_uses_target_in_forward": 0.0, "fpem/stored_future_c_loaded": 0.0, "fpem/prediction_is_weighted_complete_fusion": 0.0, "fpem/future_mi_loss": 0.0, "fpem/future_mi_valid": 0.0, "fpem/future_mi_logvar_mean": 0.0, "fpem/future_mi_target_mode_env_encoder": 0.0, "fpem/swap_loss": 0.0, "fpem/swap_diff_loss": 0.0, "fpem/swap_same_loss": 0.0, "fpem/swap_gain_mean": 0.0, "fpem/swap_s_gain_mean": 0.0, "fpem/swap_fallback_router_loss": 0.0, "fpem/swap_fallback_q_mean": 0.0, "fpem/swap_prediction_delta": 0.0, "fpem/swap_route_delta": 0.0, "fpem/swap_hyper_alpha_delta": 0.0, "fpem/swap_hyper_delta_norm": 0.0, "fpem/loss_env_day": 0.0, "fpem/loss_env_hour": 0.0, "fpem/loss_env_rush": 0.0, "fpem/env_day_acc": 0.0, "fpem/env_hour_acc": 0.0, "fpem/env_rush_acc": 0.0, "fpem/loss_env_supcon": 0.0, "fpem/env_supcon_valid_pairs": 0.0, "fpem/loss_inv_env_adv": 0.0, "fpem/inv_day_acc": 0.0, "fpem/inv_hour_acc": 0.0, "fpem/inv_rush_acc": 0.0, "fpem/loss_cross_cov_sep": 0.0, "fpem/load_level_experts_enabled": 1.0, "fpem/load_level_uses_target_or_future_load": 0.0, "fpem/environment_gate_uses_target_in_forward": 0.0, "fpem/load_level_env_residual_scale": 0.0, "fpem/uses_cached_observable_load_prior": 1.0, "fpem/primary_loss": 9.023601849873861, "fpem/inv_pred_loss": 9.216891170683361, "fpem/primary_uses_route": 1.0, "fpem/primary_uses_env_fusion": 0.0, "fpem/backbone_agcrn": 1.0, "fpem/backbone_graphwavenet": 0.0, "fpem/backbone_staeformer": 0.0, "fpem/gc_pred_loss_only": 1.0, "fpem/env_route_head_mode_hyper_proto": 1.0, "fpem/fpem_force_uniform_route": 0.0, "fpem/hard_prediction_sinkhorn_total_replaces_primary": 0.0, "fpem/hard_prediction_environment_sinkhorn_total_replaces_primary": 0.0, "fpem/warmup_risk_sinkhorn_total_replaces_primary": 0.0, "fpem/lambda_club_mi": 0.0}}
EPOCH {"epoch": 56, "train_loss": 11.54319546109154, "val": {"loss": 11.81112633811103, "mae": 11.607701301574707, "mape": 0.18512196838855743}, "test_mixed": {"loss": NaN, "mae": NaN, "mape": NaN}, "test_workday": {"loss": NaN, "mae": NaN, "mape": NaN}, "test_holiday": {"loss": NaN, "mae": NaN, "mape": NaN}, "test_avg_mae": NaN, "lr": 0.0005, "fpem_logs": {"fpem/fpem_env_use_exogenous": 1.0, "fpem/env_exogenous_available": 1.0, "fpem/env_exogenous_time_available": 1.0, "fpem/env_exogenous_load_available": 1.0, "fpem/env_exogenous_feature_dim": 32.0, "fpem/env_exogenous_embedding_norm": 2.8908371925354004, "fpem/env_exogenous_load_embedding_norm": 2.015783319019136, "fpem/env_rep_ablation_normal": 1.0, "fpem/env_rep_ablation_zero": 0.0, "fpem/env_rep_ablation_shuffle_batch": 0.0, "fpem/env_rep_ablation_mode_id": 0.0, "fpem/mask_loss": 0.0, "fpem/mask_sparse_loss": 0.0, "fpem/mask_entropy_loss": 0.0, "fpem/mask_mean": 1.0, "fpem/mask_entropy": 0.0, "fpem/mask_active_ratio": 1.0, "fpem/fusion_alpha_mean": 0.0, "fpem/fusion_alpha_std": 0.0, "fpem/fusion_alpha_min": 0.0, "fpem/fusion_alpha_max": 0.0, "fpem/env_route_loss": 2.527439433052426, "fpem/env_route_L_final": 9.009134987422398, "fpem/env_route_L_global": 0.0, "fpem/env_route_L_route_soft": 0.0, "fpem/env_route_L_expert": 9.341890925452823, "fpem/env_route_L_router_oracle": 0.6590611951691764, "fpem/env_route_L_balance": 0.0, "fpem/env_route_L_diverse": 0.0, "fpem/env_route_L_proto_align": 0.0, "fpem/env_route_entropy": 0.0, "fpem/env_route_q_max_mean": 0.0, "fpem/hyper_alpha_mean": 0.0, "fpem/hyper_delta_norm": 0.0, "fpem/hyper_route_proto_mode_uniform_warmup": 0.0, "fpem/hyper_route_proto_mode_uniform_fixed": 0.0, "fpem/hyper_route_proto_mode_sinkhorn": 0.0, "fpem/hyper_route_proto_mode_softmax": 0.0, "fpem/fallback_q_mean": 0.506547619047619, "fpem/fallback_q_max": 0.0, "fpem/env_q_sum_mean": 0.493452380952381, "fpem/oracle_fallback_rate": 0.0, "fpem/route_count_fallback": 0.0, "fpem/env_route_head_mode": 1.0, "fpem/route_entropy_mean": 0.0, "fpem/route_mean_distribution_entropy": 0.0, "fpem/effective_expert_number": 1.0, "fpem/max_expert_usage_ratio": 0.0, "fpem/min_expert_usage_ratio": 0.0, "fpem/prototype_pairwise_cosine": 0.0, "fpem/expert_prediction_pairwise_cosine": 0.0, "fpem/expert_collapse_warning": 0.0, "fpem/env_route_target_mode_env_prototype": 0.0, "fpem/env_route_target_mode_hybrid": 0.0, "fpem/env_route_hybrid_alpha": 0.0, "fpem/env_route_train_mode_warmup_risk_sinkhorn": 0.0, "fpem/warmup_risk_stage_warmup": 0.0, "fpem/warmup_risk_stage_soft": 0.0, "fpem/warmup_risk_stage_hard": 0.0, "fpem/warmup_risk_selected_loss": 0.0, "fpem/warmup_risk_uniform_common_loss": 0.0, "fpem/warmup_risk_lambda_common": 0.0, "fpem/warmup_risk_total_common_term": 0.0, "fpem/warmup_risk_temperature": 0.0, "fpem/warmup_risk_temperature_progress": 0.0, "fpem/uniform_expert_mae": 0.0, "fpem/risk_routed_mae": 0.0, "fpem/risk_prediction_mae": 0.0, "fpem/risk_loss": 0.0, "fpem/risk_ranking_loss": 0.0, "fpem/risk_ranking_accuracy": 0.0, "fpem/risk_oracle_argmin_accuracy": 0.0, "fpem/risk_router_temperature": 0.0, "fpem/risk_router_lambda": 0.0, "fpem/risk_router_pairwise_lambda": 0.0, "fpem/env_route_train_mode_progressive_gmm_environment": 0.0, "fpem/top_level_prediction_source_progressive_gmm_teacher_hard": 0.0, "fpem/progressive_assignment_uses_target_or_prediction_error": 0.0, "fpem/progressive_partition_ready": 0.0, "fpem/progressive_selected_k": 0.0, "fpem/progressive_active_expert_count": 0.0, "fpem/progressive_last_partition_epoch": 0.0, "fpem/progressive_lambda_common": 0.0, "fpem/progressive_common_term": 0.0, "fpem/progressive_compactness_loss": 0.0, "fpem/progressive_consistency_loss": 0.0, "fpem/progressive_cluster_entropy": 0.0, "fpem/progressive_assignment_change_ratio": 0.0, "fpem/progressive_hungarian_overlap_score": 0.0, "fpem/progressive_partition_update_time_sec": 0.0, "fpem/progressive_routed_mae": 0.0, "fpem/progressive_gmm_environment_total_replaces_primary": 0.0, "fpem/env_route_count_head_0": 16.0, "fpem/env_route_oracle_count_head_0": 16.0, "fpem/route_count_env_head_0": 16.0, "fpem/route_soft_mean_expert_0": 1.0, "fpem/route_hard_count_expert_0": 16.0, "fpem/hard_count_expert_0": 16.0, "fpem/sinkhorn_soft_col_mass_expert_0": 0.0, "fpem/progressive_active_expert_0": 0.0, "fpem/progressive_cluster_size_0": 0.0, "fpem/progressive_cluster_ratio_0": 0.0, "fpem/progressive_cluster_to_expert_0": 0.0, "fpem/progressive_bic_k1": 0.0, "fpem/progressive_bic_score_k1": 0.0, "fpem/progressive_bic_rejected_k1": 0.0, "fpem/hyper_alpha_head_0": 0.0, "fpem/hyper_gamma_norm_head_0": 0.0, "fpem/hyper_beta_norm_head_0": 0.0, "fpem/expert_cross_mae_group_0_expert_0": 9.341890925452823, "fpem/load_expert_loss": 9.341890925452823, "fpem/hard_router_loss": 0.6590611951691764, "fpem/hard_router_target_env_ratio": 0.6785714285714286, "fpem/hard_router_predicted_env_ratio": 0.493452380952381, "fpem/hard_router_effective_env_ratio": 0.493452380952381, "fpem/hard_router_supervision_enabled": 1.0, "fpem/hard_router_warmup_active": 0.0, "fpem/load_level_assignment_detached": 1.0, "fpem/load_level_count_0": 1680.0, "fpem/load_level_ratio_0": 1.0, "fpem/expert_0_global_loss": 9.341890925452823, "fpem/expert_0_selected_loss": 9.341890925452823, "fpem/hard_router_margin_mean": 0.09662237252507891, "fpem/hard_router_gain_mean": 0.3203465955598014, "fpem/hard_router_class_weight_invariant": 1.9018896710304987, "fpem/hard_router_class_weight_environment": 0.7643080898693629, "fpem/expert_prediction_pairwise_difference": 0.0, "fpem/delta_pairwise_cosine": 0.0, "fpem/delta_pairwise_l1": 0.0, "fpem/delta_pairwise_l2": 0.0, "fpem/expert_0_parameter_norm": 15.020489111400785, "fpem/hard_binary_router_enabled": 1.0, "fpem/hard_router_uses_target_in_forward": 0.0, "fpem/stored_future_c_loaded": 0.0, "fpem/prediction_is_weighted_complete_fusion": 0.0, "fpem/future_mi_loss": 0.0, "fpem/future_mi_valid": 0.0, "fpem/future_mi_logvar_mean": 0.0, "fpem/future_mi_target_mode_env_encoder": 0.0, "fpem/swap_loss": 0.0, "fpem/swap_diff_loss": 0.0, "fpem/swap_same_loss": 0.0, "fpem/swap_gain_mean": 0.0, "fpem/swap_s_gain_mean": 0.0, "fpem/swap_fallback_router_loss": 0.0, "fpem/swap_fallback_q_mean": 0.0, "fpem/swap_prediction_delta": 0.0, "fpem/swap_route_delta": 0.0, "fpem/swap_hyper_alpha_delta": 0.0, "fpem/swap_hyper_delta_norm": 0.0, "fpem/loss_env_day": 0.0, "fpem/loss_env_hour": 0.0, "fpem/loss_env_rush": 0.0, "fpem/env_day_acc": 0.0, "fpem/env_hour_acc": 0.0, "fpem/env_rush_acc": 0.0, "fpem/loss_env_supcon": 0.0, "fpem/env_supcon_valid_pairs": 0.0, "fpem/loss_inv_env_adv": 0.0, "fpem/inv_day_acc": 0.0, "fpem/inv_hour_acc": 0.0, "fpem/inv_rush_acc": 0.0, "fpem/loss_cross_cov_sep": 0.0, "fpem/load_level_experts_enabled": 1.0, "fpem/load_level_uses_target_or_future_load": 0.0, "fpem/environment_gate_uses_target_in_forward": 0.0, "fpem/load_level_env_residual_scale": 0.0, "fpem/uses_cached_observable_load_prior": 1.0, "fpem/primary_loss": 9.009134987422398, "fpem/inv_pred_loss": 9.213921819414411, "fpem/primary_uses_route": 1.0, "fpem/primary_uses_env_fusion": 0.0, "fpem/backbone_agcrn": 1.0, "fpem/backbone_graphwavenet": 0.0, "fpem/backbone_staeformer": 0.0, "fpem/gc_pred_loss_only": 1.0, "fpem/env_route_head_mode_hyper_proto": 1.0, "fpem/fpem_force_uniform_route": 0.0, "fpem/hard_prediction_sinkhorn_total_replaces_primary": 0.0, "fpem/hard_prediction_environment_sinkhorn_total_replaces_primary": 0.0, "fpem/warmup_risk_sinkhorn_total_replaces_primary": 0.0, "fpem/lambda_club_mi": 0.0}}
EPOCH {"epoch": 57, "train_loss": 11.49889675322033, "val": {"loss": 11.80405060450236, "mae": 11.5895414352417, "mape": 0.18393197655677795}, "test_mixed": {"loss": NaN, "mae": NaN, "mape": NaN}, "test_workday": {"loss": NaN, "mae": NaN, "mape": NaN}, "test_holiday": {"loss": NaN, "mae": NaN, "mape": NaN}, "test_avg_mae": NaN, "lr": 0.0005, "fpem_logs": {"fpem/fpem_env_use_exogenous": 1.0, "fpem/env_exogenous_available": 1.0, "fpem/env_exogenous_time_available": 1.0, "fpem/env_exogenous_load_available": 1.0, "fpem/env_exogenous_feature_dim": 32.0, "fpem/env_exogenous_embedding_norm": 2.895139630635579, "fpem/env_exogenous_load_embedding_norm": 2.014730131058466, "fpem/env_rep_ablation_normal": 1.0, "fpem/env_rep_ablation_zero": 0.0, "fpem/env_rep_ablation_shuffle_batch": 0.0, "fpem/env_rep_ablation_mode_id": 0.0, "fpem/mask_loss": 0.0, "fpem/mask_sparse_loss": 0.0, "fpem/mask_entropy_loss": 0.0, "fpem/mask_mean": 1.0, "fpem/mask_entropy": 0.0, "fpem/mask_active_ratio": 1.0, "fpem/fusion_alpha_mean": 0.0, "fpem/fusion_alpha_std": 0.0, "fpem/fusion_alpha_min": 0.0, "fpem/fusion_alpha_max": 0.0, "fpem/env_route_loss": 2.5098566622961136, "fpem/env_route_L_final": 8.995910966963995, "fpem/env_route_L_global": 0.0, "fpem/env_route_L_route_soft": 0.0, "fpem/env_route_L_expert": 9.322588525499617, "fpem/env_route_L_router_oracle": 0.6453389247258504, "fpem/env_route_L_balance": 0.0, "fpem/env_route_L_diverse": 0.0, "fpem/env_route_L_proto_align": 0.0, "fpem/env_route_entropy": 0.0, "fpem/env_route_q_max_mean": 0.0, "fpem/hyper_alpha_mean": 0.0, "fpem/hyper_delta_norm": 0.0, "fpem/hyper_route_proto_mode_uniform_warmup": 0.0, "fpem/hyper_route_proto_mode_uniform_fixed": 0.0, "fpem/hyper_route_proto_mode_sinkhorn": 0.0, "fpem/hyper_route_proto_mode_softmax": 0.0, "fpem/fallback_q_mean": 0.48392857142857143, "fpem/fallback_q_max": 0.0, "fpem/env_q_sum_mean": 0.5160714285714286, "fpem/oracle_fallback_rate": 0.0, "fpem/route_count_fallback": 0.0, "fpem/env_route_head_mode": 1.0, "fpem/route_entropy_mean": 0.0, "fpem/route_mean_distribution_entropy": 0.0, "fpem/effective_expert_number": 1.0, "fpem/max_expert_usage_ratio": 0.0, "fpem/min_expert_usage_ratio": 0.0, "fpem/prototype_pairwise_cosine": 0.0, "fpem/expert_prediction_pairwise_cosine": 0.0, "fpem/expert_collapse_warning": 0.0, "fpem/env_route_target_mode_env_prototype": 0.0, "fpem/env_route_target_mode_hybrid": 0.0, "fpem/env_route_hybrid_alpha": 0.0, "fpem/env_route_train_mode_warmup_risk_sinkhorn": 0.0, "fpem/warmup_risk_stage_warmup": 0.0, "fpem/warmup_risk_stage_soft": 0.0, "fpem/warmup_risk_stage_hard": 0.0, "fpem/warmup_risk_selected_loss": 0.0, "fpem/warmup_risk_uniform_common_loss": 0.0, "fpem/warmup_risk_lambda_common": 0.0, "fpem/warmup_risk_total_common_term": 0.0, "fpem/warmup_risk_temperature": 0.0, "fpem/warmup_risk_temperature_progress": 0.0, "fpem/uniform_expert_mae": 0.0, "fpem/risk_routed_mae": 0.0, "fpem/risk_prediction_mae": 0.0, "fpem/risk_loss": 0.0, "fpem/risk_ranking_loss": 0.0, "fpem/risk_ranking_accuracy": 0.0, "fpem/risk_oracle_argmin_accuracy": 0.0, "fpem/risk_router_temperature": 0.0, "fpem/risk_router_lambda": 0.0, "fpem/risk_router_pairwise_lambda": 0.0, "fpem/env_route_train_mode_progressive_gmm_environment": 0.0, "fpem/top_level_prediction_source_progressive_gmm_teacher_hard": 0.0, "fpem/progressive_assignment_uses_target_or_prediction_error": 0.0, "fpem/progressive_partition_ready": 0.0, "fpem/progressive_selected_k": 0.0, "fpem/progressive_active_expert_count": 0.0, "fpem/progressive_last_partition_epoch": 0.0, "fpem/progressive_lambda_common": 0.0, "fpem/progressive_common_term": 0.0, "fpem/progressive_compactness_loss": 0.0, "fpem/progressive_consistency_loss": 0.0, "fpem/progressive_cluster_entropy": 0.0, "fpem/progressive_assignment_change_ratio": 0.0, "fpem/progressive_hungarian_overlap_score": 0.0, "fpem/progressive_partition_update_time_sec": 0.0, "fpem/progressive_routed_mae": 0.0, "fpem/progressive_gmm_environment_total_replaces_primary": 0.0, "fpem/env_route_count_head_0": 16.0, "fpem/env_route_oracle_count_head_0": 16.0, "fpem/route_count_env_head_0": 16.0, "fpem/route_soft_mean_expert_0": 1.0, "fpem/route_hard_count_expert_0": 16.0, "fpem/hard_count_expert_0": 16.0, "fpem/sinkhorn_soft_col_mass_expert_0": 0.0, "fpem/progressive_active_expert_0": 0.0, "fpem/progressive_cluster_size_0": 0.0, "fpem/progressive_cluster_ratio_0": 0.0, "fpem/progressive_cluster_to_expert_0": 0.0, "fpem/progressive_bic_k1": 0.0, "fpem/progressive_bic_score_k1": 0.0, "fpem/progressive_bic_rejected_k1": 0.0, "fpem/hyper_alpha_head_0": 0.0, "fpem/hyper_gamma_norm_head_0": 0.0, "fpem/hyper_beta_norm_head_0": 0.0, "fpem/expert_cross_mae_group_0_expert_0": 9.322588525499617, "fpem/load_expert_loss": 9.322588525499617, "fpem/hard_router_loss": 0.6453389247258504, "fpem/hard_router_target_env_ratio": 0.6952380952380952, "fpem/hard_router_predicted_env_ratio": 0.5160714285714286, "fpem/hard_router_effective_env_ratio": 0.5160714285714286, "fpem/hard_router_supervision_enabled": 1.0, "fpem/hard_router_warmup_active": 0.0, "fpem/load_level_assignment_detached": 1.0, "fpem/load_level_count_0": 1680.0, "fpem/load_level_ratio_0": 1.0, "fpem/expert_0_global_loss": 9.322588525499617, "fpem/expert_0_selected_loss": 9.322588525499617, "fpem/hard_router_margin_mean": 0.09662237302178428, "fpem/hard_router_gain_mean": 0.33964897763161433, "fpem/hard_router_class_weight_invariant": 1.922690879163288, "fpem/hard_router_class_weight_environment": 0.7400326836676825, "fpem/expert_prediction_pairwise_difference": 0.0, "fpem/delta_pairwise_cosine": 0.0, "fpem/delta_pairwise_l1": 0.0, "fpem/delta_pairwise_l2": 0.0, "fpem/expert_0_parameter_norm": 15.020513125828334, "fpem/hard_binary_router_enabled": 1.0, "fpem/hard_router_uses_target_in_forward": 0.0, "fpem/stored_future_c_loaded": 0.0, "fpem/prediction_is_weighted_complete_fusion": 0.0, "fpem/future_mi_loss": 0.0, "fpem/future_mi_valid": 0.0, "fpem/future_mi_logvar_mean": 0.0, "fpem/future_mi_target_mode_env_encoder": 0.0, "fpem/swap_loss": 0.0, "fpem/swap_diff_loss": 0.0, "fpem/swap_same_loss": 0.0, "fpem/swap_gain_mean": 0.0, "fpem/swap_s_gain_mean": 0.0, "fpem/swap_fallback_router_loss": 0.0, "fpem/swap_fallback_q_mean": 0.0, "fpem/swap_prediction_delta": 0.0, "fpem/swap_route_delta": 0.0, "fpem/swap_hyper_alpha_delta": 0.0, "fpem/swap_hyper_delta_norm": 0.0, "fpem/loss_env_day": 0.0, "fpem/loss_env_hour": 0.0, "fpem/loss_env_rush": 0.0, "fpem/env_day_acc": 0.0, "fpem/env_hour_acc": 0.0, "fpem/env_rush_acc": 0.0, "fpem/loss_env_supcon": 0.0, "fpem/env_supcon_valid_pairs": 0.0, "fpem/loss_inv_env_adv": 0.0, "fpem/inv_day_acc": 0.0, "fpem/inv_hour_acc": 0.0, "fpem/inv_rush_acc": 0.0, "fpem/loss_cross_cov_sep": 0.0, "fpem/load_level_experts_enabled": 1.0, "fpem/load_level_uses_target_or_future_load": 0.0, "fpem/environment_gate_uses_target_in_forward": 0.0, "fpem/load_level_env_residual_scale": 0.0, "fpem/uses_cached_observable_load_prior": 1.0, "fpem/primary_loss": 8.995910966963995, "fpem/inv_pred_loss": 9.217816457294283, "fpem/primary_uses_route": 1.0, "fpem/primary_uses_env_fusion": 0.0, "fpem/backbone_agcrn": 1.0, "fpem/backbone_graphwavenet": 0.0, "fpem/backbone_staeformer": 0.0, "fpem/gc_pred_loss_only": 1.0, "fpem/env_route_head_mode_hyper_proto": 1.0, "fpem/fpem_force_uniform_route": 0.0, "fpem/hard_prediction_sinkhorn_total_replaces_primary": 0.0, "fpem/hard_prediction_environment_sinkhorn_total_replaces_primary": 0.0, "fpem/warmup_risk_sinkhorn_total_replaces_primary": 0.0, "fpem/lambda_club_mi": 0.0}}
EPOCH {"epoch": 58, "train_loss": 11.494502376374744, "val": {"loss": 11.863672071033054, "mae": 11.659950256347656, "mape": 0.18584997951984406}, "test_mixed": {"loss": NaN, "mae": NaN, "mape": NaN}, "test_workday": {"loss": NaN, "mae": NaN, "mape": NaN}, "test_holiday": {"loss": NaN, "mae": NaN, "mape": NaN}, "test_avg_mae": NaN, "lr": 0.0005, "fpem_logs": {"fpem/fpem_env_use_exogenous": 1.0, "fpem/env_exogenous_available": 1.0, "fpem/env_exogenous_time_available": 1.0, "fpem/env_exogenous_load_available": 1.0, "fpem/env_exogenous_feature_dim": 32.0, "fpem/env_exogenous_embedding_norm": 2.8980969815027144, "fpem/env_exogenous_load_embedding_norm": 2.015909407252357, "fpem/env_rep_ablation_normal": 1.0, "fpem/env_rep_ablation_zero": 0.0, "fpem/env_rep_ablation_shuffle_batch": 0.0, "fpem/env_rep_ablation_mode_id": 0.0, "fpem/mask_loss": 0.0, "fpem/mask_sparse_loss": 0.0, "fpem/mask_entropy_loss": 0.0, "fpem/mask_mean": 1.0, "fpem/mask_entropy": 0.0, "fpem/mask_active_ratio": 1.0, "fpem/fusion_alpha_mean": 0.0, "fpem/fusion_alpha_std": 0.0, "fpem/fusion_alpha_min": 0.0, "fpem/fusion_alpha_max": 0.0, "fpem/env_route_loss": 2.5021412054697674, "fpem/env_route_L_final": 8.986347116742815, "fpem/env_route_L_global": 0.0, "fpem/env_route_L_route_soft": 0.0, "fpem/env_route_L_expert": 9.319201578412738, "fpem/env_route_L_router_oracle": 0.6383008593604678, "fpem/env_route_L_balance": 0.0, "fpem/env_route_L_diverse": 0.0, "fpem/env_route_L_proto_align": 0.0, "fpem/env_route_entropy": 0.0, "fpem/env_route_q_max_mean": 0.0, "fpem/hyper_alpha_mean": 0.0, "fpem/hyper_delta_norm": 0.0, "fpem/hyper_route_proto_mode_uniform_warmup": 0.0, "fpem/hyper_route_proto_mode_uniform_fixed": 0.0, "fpem/hyper_route_proto_mode_sinkhorn": 0.0, "fpem/hyper_route_proto_mode_softmax": 0.0, "fpem/fallback_q_mean": 0.46130952380952384, "fpem/fallback_q_max": 0.0, "fpem/env_q_sum_mean": 0.5386904761904762, "fpem/oracle_fallback_rate": 0.0, "fpem/route_count_fallback": 0.0, "fpem/env_route_head_mode": 1.0, "fpem/route_entropy_mean": 0.0, "fpem/route_mean_distribution_entropy": 0.0, "fpem/effective_expert_number": 1.0, "fpem/max_expert_usage_ratio": 0.0, "fpem/min_expert_usage_ratio": 0.0, "fpem/prototype_pairwise_cosine": 0.0, "fpem/expert_prediction_pairwise_cosine": 0.0, "fpem/expert_collapse_warning": 0.0, "fpem/env_route_target_mode_env_prototype": 0.0, "fpem/env_route_target_mode_hybrid": 0.0, "fpem/env_route_hybrid_alpha": 0.0, "fpem/env_route_train_mode_warmup_risk_sinkhorn": 0.0, "fpem/warmup_risk_stage_warmup": 0.0, "fpem/warmup_risk_stage_soft": 0.0, "fpem/warmup_risk_stage_hard": 0.0, "fpem/warmup_risk_selected_loss": 0.0, "fpem/warmup_risk_uniform_common_loss": 0.0, "fpem/warmup_risk_lambda_common": 0.0, "fpem/warmup_risk_total_common_term": 0.0, "fpem/warmup_risk_temperature": 0.0, "fpem/warmup_risk_temperature_progress": 0.0, "fpem/uniform_expert_mae": 0.0, "fpem/risk_routed_mae": 0.0, "fpem/risk_prediction_mae": 0.0, "fpem/risk_loss": 0.0, "fpem/risk_ranking_loss": 0.0, "fpem/risk_ranking_accuracy": 0.0, "fpem/risk_oracle_argmin_accuracy": 0.0, "fpem/risk_router_temperature": 0.0, "fpem/risk_router_lambda": 0.0, "fpem/risk_router_pairwise_lambda": 0.0, "fpem/env_route_train_mode_progressive_gmm_environment": 0.0, "fpem/top_level_prediction_source_progressive_gmm_teacher_hard": 0.0, "fpem/progressive_assignment_uses_target_or_prediction_error": 0.0, "fpem/progressive_partition_ready": 0.0, "fpem/progressive_selected_k": 0.0, "fpem/progressive_active_expert_count": 0.0, "fpem/progressive_last_partition_epoch": 0.0, "fpem/progressive_lambda_common": 0.0, "fpem/progressive_common_term": 0.0, "fpem/progressive_compactness_loss": 0.0, "fpem/progressive_consistency_loss": 0.0, "fpem/progressive_cluster_entropy": 0.0, "fpem/progressive_assignment_change_ratio": 0.0, "fpem/progressive_hungarian_overlap_score": 0.0, "fpem/progressive_partition_update_time_sec": 0.0, "fpem/progressive_routed_mae": 0.0, "fpem/progressive_gmm_environment_total_replaces_primary": 0.0, "fpem/env_route_count_head_0": 16.0, "fpem/env_route_oracle_count_head_0": 16.0, "fpem/route_count_env_head_0": 16.0, "fpem/route_soft_mean_expert_0": 1.0, "fpem/route_hard_count_expert_0": 16.0, "fpem/hard_count_expert_0": 16.0, "fpem/sinkhorn_soft_col_mass_expert_0": 0.0, "fpem/progressive_active_expert_0": 0.0, "fpem/progressive_cluster_size_0": 0.0, "fpem/progressive_cluster_ratio_0": 0.0, "fpem/progressive_cluster_to_expert_0": 0.0, "fpem/progressive_bic_k1": 0.0, "fpem/progressive_bic_score_k1": 0.0, "fpem/progressive_bic_rejected_k1": 0.0, "fpem/hyper_alpha_head_0": 0.0, "fpem/hyper_gamma_norm_head_0": 0.0, "fpem/hyper_beta_norm_head_0": 0.0, "fpem/expert_cross_mae_group_0_expert_0": 9.319201578412738, "fpem/load_expert_loss": 9.319201578412738, "fpem/hard_router_loss": 0.6383008593604678, "fpem/hard_router_target_env_ratio": 0.7065476190476191, "fpem/hard_router_predicted_env_ratio": 0.5386904761904762, "fpem/hard_router_effective_env_ratio": 0.5386904761904762, "fpem/hard_router_supervision_enabled": 1.0, "fpem/hard_router_warmup_active": 0.0, "fpem/load_level_assignment_detached": 1.0, "fpem/load_level_count_0": 1680.0, "fpem/load_level_ratio_0": 1.0, "fpem/expert_0_global_loss": 9.319201578412738, "fpem/expert_0_selected_loss": 9.319201578412738, "fpem/hard_router_margin_mean": 0.09662237344753175, "fpem/hard_router_gain_mean": 0.34303589945747737, "fpem/hard_router_class_weight_invariant": 2.1782010822069076, "fpem/hard_router_class_weight_environment": 0.731945322241102, "fpem/expert_prediction_pairwise_difference": 0.0, "fpem/delta_pairwise_cosine": 0.0, "fpem/delta_pairwise_l1": 0.0, "fpem/delta_pairwise_l2": 0.0, "fpem/expert_0_parameter_norm": 15.020529565357027, "fpem/hard_binary_router_enabled": 1.0, "fpem/hard_router_uses_target_in_forward": 0.0, "fpem/stored_future_c_loaded": 0.0, "fpem/prediction_is_weighted_complete_fusion": 0.0, "fpem/future_mi_loss": 0.0, "fpem/future_mi_valid": 0.0, "fpem/future_mi_logvar_mean": 0.0, "fpem/future_mi_target_mode_env_encoder": 0.0, "fpem/swap_loss": 0.0, "fpem/swap_diff_loss": 0.0, "fpem/swap_same_loss": 0.0, "fpem/swap_gain_mean": 0.0, "fpem/swap_s_gain_mean": 0.0, "fpem/swap_fallback_router_loss": 0.0, "fpem/swap_fallback_q_mean": 0.0, "fpem/swap_prediction_delta": 0.0, "fpem/swap_route_delta": 0.0, "fpem/swap_hyper_alpha_delta": 0.0, "fpem/swap_hyper_delta_norm": 0.0, "fpem/loss_env_day": 0.0, "fpem/loss_env_hour": 0.0, "fpem/loss_env_rush": 0.0, "fpem/env_day_acc": 0.0, "fpem/env_hour_acc": 0.0, "fpem/env_rush_acc": 0.0, "fpem/loss_env_supcon": 0.0, "fpem/env_supcon_valid_pairs": 0.0, "fpem/loss_inv_env_adv": 0.0, "fpem/inv_day_acc": 0.0, "fpem/inv_hour_acc": 0.0, "fpem/inv_rush_acc": 0.0, "fpem/loss_cross_cov_sep": 0.0, "fpem/load_level_experts_enabled": 1.0, "fpem/load_level_uses_target_or_future_load": 0.0, "fpem/environment_gate_uses_target_in_forward": 0.0, "fpem/load_level_env_residual_scale": 0.0, "fpem/uses_cached_observable_load_prior": 1.0, "fpem/primary_loss": 8.986347116742815, "fpem/inv_pred_loss": 9.216243684859503, "fpem/primary_uses_route": 1.0, "fpem/primary_uses_env_fusion": 0.0, "fpem/backbone_agcrn": 1.0, "fpem/backbone_graphwavenet": 0.0, "fpem/backbone_staeformer": 0.0, "fpem/gc_pred_loss_only": 1.0, "fpem/env_route_head_mode_hyper_proto": 1.0, "fpem/fpem_force_uniform_route": 0.0, "fpem/hard_prediction_sinkhorn_total_replaces_primary": 0.0, "fpem/hard_prediction_environment_sinkhorn_total_replaces_primary": 0.0, "fpem/warmup_risk_sinkhorn_total_replaces_primary": 0.0, "fpem/lambda_club_mi": 0.0}}
EPOCH {"epoch": 59, "train_loss": 11.492443048386347, "val": {"loss": 11.790051804648506, "mae": 11.583818435668945, "mape": 0.18798686563968658}, "test_mixed": {"loss": NaN, "mae": NaN, "mape": NaN}, "test_workday": {"loss": NaN, "mae": NaN, "mape": NaN}, "test_holiday": {"loss": NaN, "mae": NaN, "mape": NaN}, "test_avg_mae": NaN, "lr": 0.0005, "fpem_logs": {"fpem/fpem_env_use_exogenous": 1.0, "fpem/env_exogenous_available": 1.0, "fpem/env_exogenous_time_available": 1.0, "fpem/env_exogenous_load_available": 1.0, "fpem/env_exogenous_feature_dim": 32.0, "fpem/env_exogenous_embedding_norm": 2.9027294658479237, "fpem/env_exogenous_load_embedding_norm": 2.01934278011322, "fpem/env_rep_ablation_normal": 1.0, "fpem/env_rep_ablation_zero": 0.0, "fpem/env_rep_ablation_shuffle_batch": 0.0, "fpem/env_rep_ablation_mode_id": 0.0, "fpem/mask_loss": 0.0, "fpem/mask_sparse_loss": 0.0, "fpem/mask_entropy_loss": 0.0, "fpem/mask_mean": 1.0, "fpem/mask_entropy": 0.0, "fpem/mask_active_ratio": 1.0, "fpem/fusion_alpha_mean": 0.0, "fpem/fusion_alpha_std": 0.0, "fpem/fusion_alpha_min": 0.0, "fpem/fusion_alpha_max": 0.0, "fpem/env_route_loss": 2.510366480691092, "fpem/env_route_L_final": 8.980659139724004, "fpem/env_route_L_global": 0.0, "fpem/env_route_L_route_soft": 0.0, "fpem/env_route_L_expert": 9.306396457127162, "fpem/env_route_L_router_oracle": 0.6490871764364696, "fpem/env_route_L_balance": 0.0, "fpem/env_route_L_diverse": 0.0, "fpem/env_route_L_proto_align": 0.0, "fpem/env_route_entropy": 0.0, "fpem/env_route_q_max_mean": 0.0, "fpem/hyper_alpha_mean": 0.0, "fpem/hyper_delta_norm": 0.0, "fpem/hyper_route_proto_mode_uniform_warmup": 0.0, "fpem/hyper_route_proto_mode_uniform_fixed": 0.0, "fpem/hyper_route_proto_mode_sinkhorn": 0.0, "fpem/hyper_route_proto_mode_softmax": 0.0, "fpem/fallback_q_mean": 0.4601190476190476, "fpem/fallback_q_max": 0.0, "fpem/env_q_sum_mean": 0.5398809523809524, "fpem/oracle_fallback_rate": 0.0, "fpem/route_count_fallback": 0.0, "fpem/env_route_head_mode": 1.0, "fpem/route_entropy_mean": 0.0, "fpem/route_mean_distribution_entropy": 0.0, "fpem/effective_expert_number": 1.0, "fpem/max_expert_usage_ratio": 0.0, "fpem/min_expert_usage_ratio": 0.0, "fpem/prototype_pairwise_cosine": 0.0, "fpem/expert_prediction_pairwise_cosine": 0.0, "fpem/expert_collapse_warning": 0.0, "fpem/env_route_target_mode_env_prototype": 0.0, "fpem/env_route_target_mode_hybrid": 0.0, "fpem/env_route_hybrid_alpha": 0.0, "fpem/env_route_train_mode_warmup_risk_sinkhorn": 0.0, "fpem/warmup_risk_stage_warmup": 0.0, "fpem/warmup_risk_stage_soft": 0.0, "fpem/warmup_risk_stage_hard": 0.0, "fpem/warmup_risk_selected_loss": 0.0, "fpem/warmup_risk_uniform_common_loss": 0.0, "fpem/warmup_risk_lambda_common": 0.0, "fpem/warmup_risk_total_common_term": 0.0, "fpem/warmup_risk_temperature": 0.0, "fpem/warmup_risk_temperature_progress": 0.0, "fpem/uniform_expert_mae": 0.0, "fpem/risk_routed_mae": 0.0, "fpem/risk_prediction_mae": 0.0, "fpem/risk_loss": 0.0, "fpem/risk_ranking_loss": 0.0, "fpem/risk_ranking_accuracy": 0.0, "fpem/risk_oracle_argmin_accuracy": 0.0, "fpem/risk_router_temperature": 0.0, "fpem/risk_router_lambda": 0.0, "fpem/risk_router_pairwise_lambda": 0.0, "fpem/env_route_train_mode_progressive_gmm_environment": 0.0, "fpem/top_level_prediction_source_progressive_gmm_teacher_hard": 0.0, "fpem/progressive_assignment_uses_target_or_prediction_error": 0.0, "fpem/progressive_partition_ready": 0.0, "fpem/progressive_selected_k": 0.0, "fpem/progressive_active_expert_count": 0.0, "fpem/progressive_last_partition_epoch": 0.0, "fpem/progressive_lambda_common": 0.0, "fpem/progressive_common_term": 0.0, "fpem/progressive_compactness_loss": 0.0, "fpem/progressive_consistency_loss": 0.0, "fpem/progressive_cluster_entropy": 0.0, "fpem/progressive_assignment_change_ratio": 0.0, "fpem/progressive_hungarian_overlap_score": 0.0, "fpem/progressive_partition_update_time_sec": 0.0, "fpem/progressive_routed_mae": 0.0, "fpem/progressive_gmm_environment_total_replaces_primary": 0.0, "fpem/env_route_count_head_0": 16.0, "fpem/env_route_oracle_count_head_0": 16.0, "fpem/route_count_env_head_0": 16.0, "fpem/route_soft_mean_expert_0": 1.0, "fpem/route_hard_count_expert_0": 16.0, "fpem/hard_count_expert_0": 16.0, "fpem/sinkhorn_soft_col_mass_expert_0": 0.0, "fpem/progressive_active_expert_0": 0.0, "fpem/progressive_cluster_size_0": 0.0, "fpem/progressive_cluster_ratio_0": 0.0, "fpem/progressive_cluster_to_expert_0": 0.0, "fpem/progressive_bic_k1": 0.0, "fpem/progressive_bic_score_k1": 0.0, "fpem/progressive_bic_rejected_k1": 0.0, "fpem/hyper_alpha_head_0": 0.0, "fpem/hyper_gamma_norm_head_0": 0.0, "fpem/hyper_beta_norm_head_0": 0.0, "fpem/expert_cross_mae_group_0_expert_0": 9.306396457127162, "fpem/load_expert_loss": 9.306396457127162, "fpem/hard_router_loss": 0.6490871764364696, "fpem/hard_router_target_env_ratio": 0.705952380952381, "fpem/hard_router_predicted_env_ratio": 0.5398809523809524, "fpem/hard_router_effective_env_ratio": 0.5398809523809524, "fpem/hard_router_supervision_enabled": 1.0, "fpem/hard_router_warmup_active": 0.0, "fpem/load_level_assignment_detached": 1.0, "fpem/load_level_count_0": 1680.0, "fpem/load_level_ratio_0": 1.0, "fpem/expert_0_global_loss": 9.306396457127162, "fpem/expert_0_selected_loss": 9.306396457127162, "fpem/hard_router_margin_mean": 0.09662237287986847, "fpem/hard_router_gain_mean": 0.35584104699747904, "fpem/hard_router_class_weight_invariant": 1.9946787890933808, "fpem/hard_router_class_weight_environment": 0.7289536056064424, "fpem/expert_prediction_pairwise_difference": 0.0, "fpem/delta_pairwise_cosine": 0.0, "fpem/delta_pairwise_l1": 0.0, "fpem/delta_pairwise_l2": 0.0, "fpem/expert_0_parameter_norm": 15.020550237383162, "fpem/hard_binary_router_enabled": 1.0, "fpem/hard_router_uses_target_in_forward": 0.0, "fpem/stored_future_c_loaded": 0.0, "fpem/prediction_is_weighted_complete_fusion": 0.0, "fpem/future_mi_loss": 0.0, "fpem/future_mi_valid": 0.0, "fpem/future_mi_logvar_mean": 0.0, "fpem/future_mi_target_mode_env_encoder": 0.0, "fpem/swap_loss": 0.0, "fpem/swap_diff_loss": 0.0, "fpem/swap_same_loss": 0.0, "fpem/swap_gain_mean": 0.0, "fpem/swap_s_gain_mean": 0.0, "fpem/swap_fallback_router_loss": 0.0, "fpem/swap_fallback_q_mean": 0.0, "fpem/swap_prediction_delta": 0.0, "fpem/swap_route_delta": 0.0, "fpem/swap_hyper_alpha_delta": 0.0, "fpem/swap_hyper_delta_norm": 0.0, "fpem/loss_env_day": 0.0, "fpem/loss_env_hour": 0.0, "fpem/loss_env_rush": 0.0, "fpem/env_day_acc": 0.0, "fpem/env_hour_acc": 0.0, "fpem/env_rush_acc": 0.0, "fpem/loss_env_supcon": 0.0, "fpem/env_supcon_valid_pairs": 0.0, "fpem/loss_inv_env_adv": 0.0, "fpem/inv_day_acc": 0.0, "fpem/inv_hour_acc": 0.0, "fpem/inv_rush_acc": 0.0, "fpem/loss_cross_cov_sep": 0.0, "fpem/load_level_experts_enabled": 1.0, "fpem/load_level_uses_target_or_future_load": 0.0, "fpem/environment_gate_uses_target_in_forward": 0.0, "fpem/load_level_env_residual_scale": 0.0, "fpem/uses_cached_observable_load_prior": 1.0, "fpem/primary_loss": 8.980659139724004, "fpem/inv_pred_loss": 9.217786380222865, "fpem/primary_uses_route": 1.0, "fpem/primary_uses_env_fusion": 0.0, "fpem/backbone_agcrn": 1.0, "fpem/backbone_graphwavenet": 0.0, "fpem/backbone_staeformer": 0.0, "fpem/gc_pred_loss_only": 1.0, "fpem/env_route_head_mode_hyper_proto": 1.0, "fpem/fpem_force_uniform_route": 0.0, "fpem/hard_prediction_sinkhorn_total_replaces_primary": 0.0, "fpem/hard_prediction_environment_sinkhorn_total_replaces_primary": 0.0, "fpem/warmup_risk_sinkhorn_total_replaces_primary": 0.0, "fpem/lambda_club_mi": 0.0}}
EPOCH {"epoch": 60, "train_loss": 11.492119471232096, "val": {"loss": 11.833987606896294, "mae": 11.627304077148438, "mape": 0.18475261330604553}, "test_mixed": {"loss": NaN, "mae": NaN, "mape": NaN}, "test_workday": {"loss": NaN, "mae": NaN, "mape": NaN}, "test_holiday": {"loss": NaN, "mae": NaN, "mape": NaN}, "test_avg_mae": NaN, "lr": 0.0005, "fpem_logs": {"fpem/fpem_env_use_exogenous": 1.0, "fpem/env_exogenous_available": 1.0, "fpem/env_exogenous_time_available": 1.0, "fpem/env_exogenous_load_available": 1.0, "fpem/env_exogenous_feature_dim": 32.0, "fpem/env_exogenous_embedding_norm": 2.9061296621958417, "fpem/env_exogenous_load_embedding_norm": 2.0221439599990845, "fpem/env_rep_ablation_normal": 1.0, "fpem/env_rep_ablation_zero": 0.0, "fpem/env_rep_ablation_shuffle_batch": 0.0, "fpem/env_rep_ablation_mode_id": 0.0, "fpem/mask_loss": 0.0, "fpem/mask_sparse_loss": 0.0, "fpem/mask_entropy_loss": 0.0, "fpem/mask_mean": 1.0, "fpem/mask_entropy": 0.0, "fpem/mask_active_ratio": 1.0, "fpem/fusion_alpha_mean": 0.0, "fpem/fusion_alpha_std": 0.0, "fpem/fusion_alpha_min": 0.0, "fpem/fusion_alpha_max": 0.0, "fpem/env_route_loss": 2.512529829570225, "fpem/env_route_L_final": 8.986409823099772, "fpem/env_route_L_global": 0.0, "fpem/env_route_L_route_soft": 0.0, "fpem/env_route_L_expert": 9.309211195082892, "fpem/env_route_L_router_oracle": 0.6506875688121432, "fpem/env_route_L_balance": 0.0, "fpem/env_route_L_diverse": 0.0, "fpem/env_route_L_proto_align": 0.0, "fpem/env_route_entropy": 0.0, "fpem/env_route_q_max_mean": 0.0, "fpem/hyper_alpha_mean": 0.0, "fpem/hyper_delta_norm": 0.0, "fpem/hyper_route_proto_mode_uniform_warmup": 0.0, "fpem/hyper_route_proto_mode_uniform_fixed": 0.0, "fpem/hyper_route_proto_mode_sinkhorn": 0.0, "fpem/hyper_route_proto_mode_softmax": 0.0, "fpem/fallback_q_mean": 0.4982142857142857, "fpem/fallback_q_max": 0.0, "fpem/env_q_sum_mean": 0.5017857142857143, "fpem/oracle_fallback_rate": 0.0, "fpem/route_count_fallback": 0.0, "fpem/env_route_head_mode": 1.0, "fpem/route_entropy_mean": 0.0, "fpem/route_mean_distribution_entropy": 0.0, "fpem/effective_expert_number": 1.0, "fpem/max_expert_usage_ratio": 0.0, "fpem/min_expert_usage_ratio": 0.0, "fpem/prototype_pairwise_cosine": 0.0, "fpem/expert_prediction_pairwise_cosine": 0.0, "fpem/expert_collapse_warning": 0.0, "fpem/env_route_target_mode_env_prototype": 0.0, "fpem/env_route_target_mode_hybrid": 0.0, "fpem/env_route_hybrid_alpha": 0.0, "fpem/env_route_train_mode_warmup_risk_sinkhorn": 0.0, "fpem/warmup_risk_stage_warmup": 0.0, "fpem/warmup_risk_stage_soft": 0.0, "fpem/warmup_risk_stage_hard": 0.0, "fpem/warmup_risk_selected_loss": 0.0, "fpem/warmup_risk_uniform_common_loss": 0.0, "fpem/warmup_risk_lambda_common": 0.0, "fpem/warmup_risk_total_common_term": 0.0, "fpem/warmup_risk_temperature": 0.0, "fpem/warmup_risk_temperature_progress": 0.0, "fpem/uniform_expert_mae": 0.0, "fpem/risk_routed_mae": 0.0, "fpem/risk_prediction_mae": 0.0, "fpem/risk_loss": 0.0, "fpem/risk_ranking_loss": 0.0, "fpem/risk_ranking_accuracy": 0.0, "fpem/risk_oracle_argmin_accuracy": 0.0, "fpem/risk_router_temperature": 0.0, "fpem/risk_router_lambda": 0.0, "fpem/risk_router_pairwise_lambda": 0.0, "fpem/env_route_train_mode_progressive_gmm_environment": 0.0, "fpem/top_level_prediction_source_progressive_gmm_teacher_hard": 0.0, "fpem/progressive_assignment_uses_target_or_prediction_error": 0.0, "fpem/progressive_partition_ready": 0.0, "fpem/progressive_selected_k": 0.0, "fpem/progressive_active_expert_count": 0.0, "fpem/progressive_last_partition_epoch": 0.0, "fpem/progressive_lambda_common": 0.0, "fpem/progressive_common_term": 0.0, "fpem/progressive_compactness_loss": 0.0, "fpem/progressive_consistency_loss": 0.0, "fpem/progressive_cluster_entropy": 0.0, "fpem/progressive_assignment_change_ratio": 0.0, "fpem/progressive_hungarian_overlap_score": 0.0, "fpem/progressive_partition_update_time_sec": 0.0, "fpem/progressive_routed_mae": 0.0, "fpem/progressive_gmm_environment_total_replaces_primary": 0.0, "fpem/env_route_count_head_0": 16.0, "fpem/env_route_oracle_count_head_0": 16.0, "fpem/route_count_env_head_0": 16.0, "fpem/route_soft_mean_expert_0": 1.0, "fpem/route_hard_count_expert_0": 16.0, "fpem/hard_count_expert_0": 16.0, "fpem/sinkhorn_soft_col_mass_expert_0": 0.0, "fpem/progressive_active_expert_0": 0.0, "fpem/progressive_cluster_size_0": 0.0, "fpem/progressive_cluster_ratio_0": 0.0, "fpem/progressive_cluster_to_expert_0": 0.0, "fpem/progressive_bic_k1": 0.0, "fpem/progressive_bic_score_k1": 0.0, "fpem/progressive_bic_rejected_k1": 0.0, "fpem/hyper_alpha_head_0": 0.0, "fpem/hyper_gamma_norm_head_0": 0.0, "fpem/hyper_beta_norm_head_0": 0.0, "fpem/expert_cross_mae_group_0_expert_0": 9.309211195082892, "fpem/load_expert_loss": 9.309211195082892, "fpem/hard_router_loss": 0.6506875688121432, "fpem/hard_router_target_env_ratio": 0.7017857142857142, "fpem/hard_router_predicted_env_ratio": 0.5017857142857143, "fpem/hard_router_effective_env_ratio": 0.5017857142857143, "fpem/hard_router_supervision_enabled": 1.0, "fpem/hard_router_warmup_active": 0.0, "fpem/load_level_assignment_detached": 1.0, "fpem/load_level_count_0": 1680.0, "fpem/load_level_ratio_0": 1.0, "fpem/expert_0_global_loss": 9.309211195082892, "fpem/expert_0_selected_loss": 9.309211195082892, "fpem/hard_router_margin_mean": 0.09662237295082637, "fpem/hard_router_gain_mean": 0.3530263330255236, "fpem/hard_router_class_weight_invariant": 2.0064399361610414, "fpem/hard_router_class_weight_environment": 0.7332707688921973, "fpem/expert_prediction_pairwise_difference": 0.0, "fpem/delta_pairwise_cosine": 0.0, "fpem/delta_pairwise_l1": 0.0, "fpem/delta_pairwise_l2": 0.0, "fpem/expert_0_parameter_norm": 15.020978255498976, "fpem/hard_binary_router_enabled": 1.0, "fpem/hard_router_uses_target_in_forward": 0.0, "fpem/stored_future_c_loaded": 0.0, "fpem/prediction_is_weighted_complete_fusion": 0.0, "fpem/future_mi_loss": 0.0, "fpem/future_mi_valid": 0.0, "fpem/future_mi_logvar_mean": 0.0, "fpem/future_mi_target_mode_env_encoder": 0.0, "fpem/swap_loss": 0.0, "fpem/swap_diff_loss": 0.0, "fpem/swap_same_loss": 0.0, "fpem/swap_gain_mean": 0.0, "fpem/swap_s_gain_mean": 0.0, "fpem/swap_fallback_router_loss": 0.0, "fpem/swap_fallback_q_mean": 0.0, "fpem/swap_prediction_delta": 0.0, "fpem/swap_route_delta": 0.0, "fpem/swap_hyper_alpha_delta": 0.0, "fpem/swap_hyper_delta_norm": 0.0, "fpem/loss_env_day": 0.0, "fpem/loss_env_hour": 0.0, "fpem/loss_env_rush": 0.0, "fpem/env_day_acc": 0.0, "fpem/env_hour_acc": 0.0, "fpem/env_rush_acc": 0.0, "fpem/loss_env_supcon": 0.0, "fpem/env_supcon_valid_pairs": 0.0, "fpem/loss_inv_env_adv": 0.0, "fpem/inv_day_acc": 0.0, "fpem/inv_hour_acc": 0.0, "fpem/inv_rush_acc": 0.0, "fpem/loss_cross_cov_sep": 0.0, "fpem/load_level_experts_enabled": 1.0, "fpem/load_level_uses_target_or_future_load": 0.0, "fpem/environment_gate_uses_target_in_forward": 0.0, "fpem/load_level_env_residual_scale": 0.0, "fpem/uses_cached_observable_load_prior": 1.0, "fpem/primary_loss": 8.986409823099772, "fpem/inv_pred_loss": 9.213791052500406, "fpem/primary_uses_route": 1.0, "fpem/primary_uses_env_fusion": 0.0, "fpem/backbone_agcrn": 1.0, "fpem/backbone_graphwavenet": 0.0, "fpem/backbone_staeformer": 0.0, "fpem/gc_pred_loss_only": 1.0, "fpem/env_route_head_mode_hyper_proto": 1.0, "fpem/fpem_force_uniform_route": 0.0, "fpem/hard_prediction_sinkhorn_total_replaces_primary": 0.0, "fpem/hard_prediction_environment_sinkhorn_total_replaces_primary": 0.0, "fpem/warmup_risk_sinkhorn_total_replaces_primary": 0.0, "fpem/lambda_club_mi": 0.0}}
EPOCH {"epoch": 61, "train_loss": 11.489591653006418, "val": {"loss": 11.800358666314018, "mae": 11.586403846740723, "mape": 0.18761545419692993}, "test_mixed": {"loss": NaN, "mae": NaN, "mape": NaN}, "test_workday": {"loss": NaN, "mae": NaN, "mape": NaN}, "test_holiday": {"loss": NaN, "mae": NaN, "mape": NaN}, "test_avg_mae": NaN, "lr": 0.0005, "fpem_logs": {"fpem/fpem_env_use_exogenous": 1.0, "fpem/env_exogenous_available": 1.0, "fpem/env_exogenous_time_available": 1.0, "fpem/env_exogenous_load_available": 1.0, "fpem/env_exogenous_feature_dim": 32.0, "fpem/env_exogenous_embedding_norm": 2.9090415704818, "fpem/env_exogenous_load_embedding_norm": 2.0235593636830647, "fpem/env_rep_ablation_normal": 1.0, "fpem/env_rep_ablation_zero": 0.0, "fpem/env_rep_ablation_shuffle_batch": 0.0, "fpem/env_rep_ablation_mode_id": 0.0, "fpem/mask_loss": 0.0, "fpem/mask_sparse_loss": 0.0, "fpem/mask_entropy_loss": 0.0, "fpem/mask_mean": 1.0, "fpem/mask_entropy": 0.0, "fpem/mask_active_ratio": 1.0, "fpem/fusion_alpha_mean": 0.0, "fpem/fusion_alpha_std": 0.0, "fpem/fusion_alpha_min": 0.0, "fpem/fusion_alpha_max": 0.0, "fpem/env_route_loss": 2.5080829552241735, "fpem/env_route_L_final": 8.980881368546259, "fpem/env_route_L_global": 0.0, "fpem/env_route_L_route_soft": 0.0, "fpem/env_route_L_expert": 9.307284977322533, "fpem/env_route_L_router_oracle": 0.6466259289355505, "fpem/env_route_L_balance": 0.0, "fpem/env_route_L_diverse": 0.0, "fpem/env_route_L_proto_align": 0.0, "fpem/env_route_entropy": 0.0, "fpem/env_route_q_max_mean": 0.0, "fpem/hyper_alpha_mean": 0.0, "fpem/hyper_delta_norm": 0.0, "fpem/hyper_route_proto_mode_uniform_warmup": 0.0, "fpem/hyper_route_proto_mode_uniform_fixed": 0.0, "fpem/hyper_route_proto_mode_sinkhorn": 0.0, "fpem/hyper_route_proto_mode_softmax": 0.0, "fpem/fallback_q_mean": 0.4875, "fpem/fallback_q_max": 0.0, "fpem/env_q_sum_mean": 0.5125, "fpem/oracle_fallback_rate": 0.0, "fpem/route_count_fallback": 0.0, "fpem/env_route_head_mode": 1.0, "fpem/route_entropy_mean": 0.0, "fpem/route_mean_distribution_entropy": 0.0, "fpem/effective_expert_number": 1.0, "fpem/max_expert_usage_ratio": 0.0, "fpem/min_expert_usage_ratio": 0.0, "fpem/prototype_pairwise_cosine": 0.0, "fpem/expert_prediction_pairwise_cosine": 0.0, "fpem/expert_collapse_warning": 0.0, "fpem/env_route_target_mode_env_prototype": 0.0, "fpem/env_route_target_mode_hybrid": 0.0, "fpem/env_route_hybrid_alpha": 0.0, "fpem/env_route_train_mode_warmup_risk_sinkhorn": 0.0, "fpem/warmup_risk_stage_warmup": 0.0, "fpem/warmup_risk_stage_soft": 0.0, "fpem/warmup_risk_stage_hard": 0.0, "fpem/warmup_risk_selected_loss": 0.0, "fpem/warmup_risk_uniform_common_loss": 0.0, "fpem/warmup_risk_lambda_common": 0.0, "fpem/warmup_risk_total_common_term": 0.0, "fpem/warmup_risk_temperature": 0.0, "fpem/warmup_risk_temperature_progress": 0.0, "fpem/uniform_expert_mae": 0.0, "fpem/risk_routed_mae": 0.0, "fpem/risk_prediction_mae": 0.0, "fpem/risk_loss": 0.0, "fpem/risk_ranking_loss": 0.0, "fpem/risk_ranking_accuracy": 0.0, "fpem/risk_oracle_argmin_accuracy": 0.0, "fpem/risk_router_temperature": 0.0, "fpem/risk_router_lambda": 0.0, "fpem/risk_router_pairwise_lambda": 0.0, "fpem/env_route_train_mode_progressive_gmm_environment": 0.0, "fpem/top_level_prediction_source_progressive_gmm_teacher_hard": 0.0, "fpem/progressive_assignment_uses_target_or_prediction_error": 0.0, "fpem/progressive_partition_ready": 0.0, "fpem/progressive_selected_k": 0.0, "fpem/progressive_active_expert_count": 0.0, "fpem/progressive_last_partition_epoch": 0.0, "fpem/progressive_lambda_common": 0.0, "fpem/progressive_common_term": 0.0, "fpem/progressive_compactness_loss": 0.0, "fpem/progressive_consistency_loss": 0.0, "fpem/progressive_cluster_entropy": 0.0, "fpem/progressive_assignment_change_ratio": 0.0, "fpem/progressive_hungarian_overlap_score": 0.0, "fpem/progressive_partition_update_time_sec": 0.0, "fpem/progressive_routed_mae": 0.0, "fpem/progressive_gmm_environment_total_replaces_primary": 0.0, "fpem/env_route_count_head_0": 16.0, "fpem/env_route_oracle_count_head_0": 16.0, "fpem/route_count_env_head_0": 16.0, "fpem/route_soft_mean_expert_0": 1.0, "fpem/route_hard_count_expert_0": 16.0, "fpem/hard_count_expert_0": 16.0, "fpem/sinkhorn_soft_col_mass_expert_0": 0.0, "fpem/progressive_active_expert_0": 0.0, "fpem/progressive_cluster_size_0": 0.0, "fpem/progressive_cluster_ratio_0": 0.0, "fpem/progressive_cluster_to_expert_0": 0.0, "fpem/progressive_bic_k1": 0.0, "fpem/progressive_bic_score_k1": 0.0, "fpem/progressive_bic_rejected_k1": 0.0, "fpem/hyper_alpha_head_0": 0.0, "fpem/hyper_gamma_norm_head_0": 0.0, "fpem/hyper_beta_norm_head_0": 0.0, "fpem/expert_cross_mae_group_0_expert_0": 9.307284977322533, "fpem/load_expert_loss": 9.307284977322533, "fpem/hard_router_loss": 0.6466259289355505, "fpem/hard_router_target_env_ratio": 0.7125, "fpem/hard_router_predicted_env_ratio": 0.5125, "fpem/hard_router_effective_env_ratio": 0.5125, "fpem/hard_router_supervision_enabled": 1.0, "fpem/hard_router_warmup_active": 0.0, "fpem/load_level_assignment_detached": 1.0, "fpem/load_level_count_0": 1680.0, "fpem/load_level_ratio_0": 1.0, "fpem/expert_0_global_loss": 9.307284977322533, "fpem/expert_0_selected_loss": 9.307284977322533, "fpem/hard_router_margin_mean": 0.09662237280891055, "fpem/hard_router_gain_mean": 0.35495255163737705, "fpem/hard_router_class_weight_invariant": 2.083658380167825, "fpem/hard_router_class_weight_environment": 0.717146787189302, "fpem/expert_prediction_pairwise_difference": 0.0, "fpem/delta_pairwise_cosine": 0.0, "fpem/delta_pairwise_l1": 0.0, "fpem/delta_pairwise_l2": 0.0, "fpem/expert_0_parameter_norm": 15.019947914850144, "fpem/hard_binary_router_enabled": 1.0, "fpem/hard_router_uses_target_in_forward": 0.0, "fpem/stored_future_c_loaded": 0.0, "fpem/prediction_is_weighted_complete_fusion": 0.0, "fpem/future_mi_loss": 0.0, "fpem/future_mi_valid": 0.0, "fpem/future_mi_logvar_mean": 0.0, "fpem/future_mi_target_mode_env_encoder": 0.0, "fpem/swap_loss": 0.0, "fpem/swap_diff_loss": 0.0, "fpem/swap_same_loss": 0.0, "fpem/swap_gain_mean": 0.0, "fpem/swap_s_gain_mean": 0.0, "fpem/swap_fallback_router_loss": 0.0, "fpem/swap_fallback_q_mean": 0.0, "fpem/swap_prediction_delta": 0.0, "fpem/swap_route_delta": 0.0, "fpem/swap_hyper_alpha_delta": 0.0, "fpem/swap_hyper_delta_norm": 0.0, "fpem/loss_env_day": 0.0, "fpem/loss_env_hour": 0.0, "fpem/loss_env_rush": 0.0, "fpem/env_day_acc": 0.0, "fpem/env_hour_acc": 0.0, "fpem/env_rush_acc": 0.0, "fpem/loss_env_supcon": 0.0, "fpem/env_supcon_valid_pairs": 0.0, "fpem/loss_inv_env_adv": 0.0, "fpem/inv_day_acc": 0.0, "fpem/inv_hour_acc": 0.0, "fpem/inv_rush_acc": 0.0, "fpem/loss_cross_cov_sep": 0.0, "fpem/load_level_experts_enabled": 1.0, "fpem/load_level_uses_target_or_future_load": 0.0, "fpem/environment_gate_uses_target_in_forward": 0.0, "fpem/load_level_env_residual_scale": 0.0, "fpem/uses_cached_observable_load_prior": 1.0, "fpem/primary_loss": 8.980881368546259, "fpem/inv_pred_loss": 9.21787093480428, "fpem/primary_uses_route": 1.0, "fpem/primary_uses_env_fusion": 0.0, "fpem/backbone_agcrn": 1.0, "fpem/backbone_graphwavenet": 0.0, "fpem/backbone_staeformer": 0.0, "fpem/gc_pred_loss_only": 1.0, "fpem/env_route_head_mode_hyper_proto": 1.0, "fpem/fpem_force_uniform_route": 0.0, "fpem/hard_prediction_sinkhorn_total_replaces_primary": 0.0, "fpem/hard_prediction_environment_sinkhorn_total_replaces_primary": 0.0, "fpem/warmup_risk_sinkhorn_total_replaces_primary": 0.0, "fpem/lambda_club_mi": 0.0}}
EPOCH {"epoch": 62, "train_loss": 11.49436024257115, "val": {"loss": 11.772818353441027, "mae": 11.564807891845703, "mape": 0.18372493982315063}, "test_mixed": {"loss": NaN, "mae": NaN, "mape": NaN}, "test_workday": {"loss": NaN, "mae": NaN, "mape": NaN}, "test_holiday": {"loss": NaN, "mae": NaN, "mape": NaN}, "test_avg_mae": NaN, "lr": 0.0005, "fpem_logs": {"fpem/fpem_env_use_exogenous": 1.0, "fpem/env_exogenous_available": 1.0, "fpem/env_exogenous_time_available": 1.0, "fpem/env_exogenous_load_available": 1.0, "fpem/env_exogenous_feature_dim": 32.0, "fpem/env_exogenous_embedding_norm": 2.912544613792783, "fpem/env_exogenous_load_embedding_norm": 2.0268756117139546, "fpem/env_rep_ablation_normal": 1.0, "fpem/env_rep_ablation_zero": 0.0, "fpem/env_rep_ablation_shuffle_batch": 0.0, "fpem/env_rep_ablation_mode_id": 0.0, "fpem/mask_loss": 0.0, "fpem/mask_sparse_loss": 0.0, "fpem/mask_entropy_loss": 0.0, "fpem/mask_mean": 1.0, "fpem/mask_entropy": 0.0, "fpem/mask_active_ratio": 1.0, "fpem/fusion_alpha_mean": 0.0, "fpem/fusion_alpha_std": 0.0, "fpem/fusion_alpha_min": 0.0, "fpem/fusion_alpha_max": 0.0, "fpem/env_route_loss": 2.51270751953125, "fpem/env_route_L_final": 8.980845505850656, "fpem/env_route_L_global": 0.0, "fpem/env_route_L_route_soft": 0.0, "fpem/env_route_L_expert": 9.311455567677816, "fpem/env_route_L_router_oracle": 0.6504163827214923, "fpem/env_route_L_balance": 0.0, "fpem/env_route_L_diverse": 0.0, "fpem/env_route_L_proto_align": 0.0, "fpem/env_route_entropy": 0.0, "fpem/env_route_q_max_mean": 0.0, "fpem/hyper_alpha_mean": 0.0, "fpem/hyper_delta_norm": 0.0, "fpem/hyper_route_proto_mode_uniform_warmup": 0.0, "fpem/hyper_route_proto_mode_uniform_fixed": 0.0, "fpem/hyper_route_proto_mode_sinkhorn": 0.0, "fpem/hyper_route_proto_mode_softmax": 0.0, "fpem/fallback_q_mean": 0.48214285714285715, "fpem/fallback_q_max": 0.0, "fpem/env_q_sum_mean": 0.5178571428571429, "fpem/oracle_fallback_rate": 0.0, "fpem/route_count_fallback": 0.0, "fpem/env_route_head_mode": 1.0, "fpem/route_entropy_mean": 0.0, "fpem/route_mean_distribution_entropy": 0.0, "fpem/effective_expert_number": 1.0, "fpem/max_expert_usage_ratio": 0.0, "fpem/min_expert_usage_ratio": 0.0, "fpem/prototype_pairwise_cosine": 0.0, "fpem/expert_prediction_pairwise_cosine": 0.0, "fpem/expert_collapse_warning": 0.0, "fpem/env_route_target_mode_env_prototype": 0.0, "fpem/env_route_target_mode_hybrid": 0.0, "fpem/env_route_hybrid_alpha": 0.0, "fpem/env_route_train_mode_warmup_risk_sinkhorn": 0.0, "fpem/warmup_risk_stage_warmup": 0.0, "fpem/warmup_risk_stage_soft": 0.0, "fpem/warmup_risk_stage_hard": 0.0, "fpem/warmup_risk_selected_loss": 0.0, "fpem/warmup_risk_uniform_common_loss": 0.0, "fpem/warmup_risk_lambda_common": 0.0, "fpem/warmup_risk_total_common_term": 0.0, "fpem/warmup_risk_temperature": 0.0, "fpem/warmup_risk_temperature_progress": 0.0, "fpem/uniform_expert_mae": 0.0, "fpem/risk_routed_mae": 0.0, "fpem/risk_prediction_mae": 0.0, "fpem/risk_loss": 0.0, "fpem/risk_ranking_loss": 0.0, "fpem/risk_ranking_accuracy": 0.0, "fpem/risk_oracle_argmin_accuracy": 0.0, "fpem/risk_router_temperature": 0.0, "fpem/risk_router_lambda": 0.0, "fpem/risk_router_pairwise_lambda": 0.0, "fpem/env_route_train_mode_progressive_gmm_environment": 0.0, "fpem/top_level_prediction_source_progressive_gmm_teacher_hard": 0.0, "fpem/progressive_assignment_uses_target_or_prediction_error": 0.0, "fpem/progressive_partition_ready": 0.0, "fpem/progressive_selected_k": 0.0, "fpem/progressive_active_expert_count": 0.0, "fpem/progressive_last_partition_epoch": 0.0, "fpem/progressive_lambda_common": 0.0, "fpem/progressive_common_term": 0.0, "fpem/progressive_compactness_loss": 0.0, "fpem/progressive_consistency_loss": 0.0, "fpem/progressive_cluster_entropy": 0.0, "fpem/progressive_assignment_change_ratio": 0.0, "fpem/progressive_hungarian_overlap_score": 0.0, "fpem/progressive_partition_update_time_sec": 0.0, "fpem/progressive_routed_mae": 0.0, "fpem/progressive_gmm_environment_total_replaces_primary": 0.0, "fpem/env_route_count_head_0": 16.0, "fpem/env_route_oracle_count_head_0": 16.0, "fpem/route_count_env_head_0": 16.0, "fpem/route_soft_mean_expert_0": 1.0, "fpem/route_hard_count_expert_0": 16.0, "fpem/hard_count_expert_0": 16.0, "fpem/sinkhorn_soft_col_mass_expert_0": 0.0, "fpem/progressive_active_expert_0": 0.0, "fpem/progressive_cluster_size_0": 0.0, "fpem/progressive_cluster_ratio_0": 0.0, "fpem/progressive_cluster_to_expert_0": 0.0, "fpem/progressive_bic_k1": 0.0, "fpem/progressive_bic_score_k1": 0.0, "fpem/progressive_bic_rejected_k1": 0.0, "fpem/hyper_alpha_head_0": 0.0, "fpem/hyper_gamma_norm_head_0": 0.0, "fpem/hyper_beta_norm_head_0": 0.0, "fpem/expert_cross_mae_group_0_expert_0": 9.311455567677816, "fpem/load_expert_loss": 9.311455567677816, "fpem/hard_router_loss": 0.6504163827214923, "fpem/hard_router_target_env_ratio": 0.6982142857142857, "fpem/hard_router_predicted_env_ratio": 0.5178571428571429, "fpem/hard_router_effective_env_ratio": 0.5178571428571429, "fpem/hard_router_supervision_enabled": 1.0, "fpem/hard_router_warmup_active": 0.0, "fpem/load_level_assignment_detached": 1.0, "fpem/load_level_count_0": 1680.0, "fpem/load_level_ratio_0": 1.0, "fpem/expert_0_global_loss": 9.311455567677816, "fpem/expert_0_selected_loss": 9.311455567677816, "fpem/hard_router_margin_mean": 0.09662237273795264, "fpem/hard_router_gain_mean": 0.35078199931553433, "fpem/hard_router_class_weight_invariant": 2.0358276900790986, "fpem/hard_router_class_weight_environment": 0.7455361757959639, "fpem/expert_prediction_pairwise_difference": 0.0, "fpem/delta_pairwise_cosine": 0.0, "fpem/delta_pairwise_l1": 0.0, "fpem/delta_pairwise_l2": 0.0, "fpem/expert_0_parameter_norm": 15.019967642284575, "fpem/hard_binary_router_enabled": 1.0, "fpem/hard_router_uses_target_in_forward": 0.0, "fpem/stored_future_c_loaded": 0.0, "fpem/prediction_is_weighted_complete_fusion": 0.0, "fpem/future_mi_loss": 0.0, "fpem/future_mi_valid": 0.0, "fpem/future_mi_logvar_mean": 0.0, "fpem/future_mi_target_mode_env_encoder": 0.0, "fpem/swap_loss": 0.0, "fpem/swap_diff_loss": 0.0, "fpem/swap_same_loss": 0.0, "fpem/swap_gain_mean": 0.0, "fpem/swap_s_gain_mean": 0.0, "fpem/swap_fallback_router_loss": 0.0, "fpem/swap_fallback_q_mean": 0.0, "fpem/swap_prediction_delta": 0.0, "fpem/swap_route_delta": 0.0, "fpem/swap_hyper_alpha_delta": 0.0, "fpem/swap_hyper_delta_norm": 0.0, "fpem/loss_env_day": 0.0, "fpem/loss_env_hour": 0.0, "fpem/loss_env_rush": 0.0, "fpem/env_day_acc": 0.0, "fpem/env_hour_acc": 0.0, "fpem/env_rush_acc": 0.0, "fpem/loss_env_supcon": 0.0, "fpem/env_supcon_valid_pairs": 0.0, "fpem/loss_inv_env_adv": 0.0, "fpem/inv_day_acc": 0.0, "fpem/inv_hour_acc": 0.0, "fpem/inv_rush_acc": 0.0, "fpem/loss_cross_cov_sep": 0.0, "fpem/load_level_experts_enabled": 1.0, "fpem/load_level_uses_target_or_future_load": 0.0, "fpem/environment_gate_uses_target_in_forward": 0.0, "fpem/load_level_env_residual_scale": 0.0, "fpem/uses_cached_observable_load_prior": 1.0, "fpem/primary_loss": 8.980845505850656, "fpem/inv_pred_loss": 9.21410259065174, "fpem/primary_uses_route": 1.0, "fpem/primary_uses_env_fusion": 0.0, "fpem/backbone_agcrn": 1.0, "fpem/backbone_graphwavenet": 0.0, "fpem/backbone_staeformer": 0.0, "fpem/gc_pred_loss_only": 1.0, "fpem/env_route_head_mode_hyper_proto": 1.0, "fpem/fpem_force_uniform_route": 0.0, "fpem/hard_prediction_sinkhorn_total_replaces_primary": 0.0, "fpem/hard_prediction_environment_sinkhorn_total_replaces_primary": 0.0, "fpem/warmup_risk_sinkhorn_total_replaces_primary": 0.0, "fpem/lambda_club_mi": 0.0}}
EPOCH {"epoch": 63, "train_loss": 11.466755340212867, "val": {"loss": 11.780507564544678, "mae": 11.56716537475586, "mape": 0.18853671848773956}, "test_mixed": {"loss": NaN, "mae": NaN, "mape": NaN}, "test_workday": {"loss": NaN, "mae": NaN, "mape": NaN}, "test_holiday": {"loss": NaN, "mae": NaN, "mape": NaN}, "test_avg_mae": NaN, "lr": 0.0005, "fpem_logs": {"fpem/fpem_env_use_exogenous": 1.0, "fpem/env_exogenous_available": 1.0, "fpem/env_exogenous_time_available": 1.0, "fpem/env_exogenous_load_available": 1.0, "fpem/env_exogenous_feature_dim": 32.0, "fpem/env_exogenous_embedding_norm": 2.915457116989862, "fpem/env_exogenous_load_embedding_norm": 2.0278391190937586, "fpem/env_rep_ablation_normal": 1.0, "fpem/env_rep_ablation_zero": 0.0, "fpem/env_rep_ablation_shuffle_batch": 0.0, "fpem/env_rep_ablation_mode_id": 0.0, "fpem/mask_loss": 0.0, "fpem/mask_sparse_loss": 0.0, "fpem/mask_entropy_loss": 0.0, "fpem/mask_mean": 1.0, "fpem/mask_entropy": 0.0, "fpem/mask_active_ratio": 1.0, "fpem/fusion_alpha_mean": 0.0, "fpem/fusion_alpha_std": 0.0, "fpem/fusion_alpha_min": 0.0, "fpem/fusion_alpha_max": 0.0, "fpem/env_route_loss": 2.498707167307536, "fpem/env_route_L_final": 8.970817329770043, "fpem/env_route_L_global": 0.0, "fpem/env_route_L_route_soft": 0.0, "fpem/env_route_L_expert": 9.305480779920305, "fpem/env_route_L_router_oracle": 0.6376109790234339, "fpem/env_route_L_balance": 0.0, "fpem/env_route_L_diverse": 0.0, "fpem/env_route_L_proto_align": 0.0, "fpem/env_route_entropy": 0.0, "fpem/env_route_q_max_mean": 0.0, "fpem/hyper_alpha_mean": 0.0, "fpem/hyper_delta_norm": 0.0, "fpem/hyper_route_proto_mode_uniform_warmup": 0.0, "fpem/hyper_route_proto_mode_uniform_fixed": 0.0, "fpem/hyper_route_proto_mode_sinkhorn": 0.0, "fpem/hyper_route_proto_mode_softmax": 0.0, "fpem/fallback_q_mean": 0.4660714285714286, "fpem/fallback_q_max": 0.0, "fpem/env_q_sum_mean": 0.5339285714285714, "fpem/oracle_fallback_rate": 0.0, "fpem/route_count_fallback": 0.0, "fpem/env_route_head_mode": 1.0, "fpem/route_entropy_mean": 0.0, "fpem/route_mean_distribution_entropy": 0.0, "fpem/effective_expert_number": 1.0, "fpem/max_expert_usage_ratio": 0.0, "fpem/min_expert_usage_ratio": 0.0, "fpem/prototype_pairwise_cosine": 0.0, "fpem/expert_prediction_pairwise_cosine": 0.0, "fpem/expert_collapse_warning": 0.0, "fpem/env_route_target_mode_env_prototype": 0.0, "fpem/env_route_target_mode_hybrid": 0.0, "fpem/env_route_hybrid_alpha": 0.0, "fpem/env_route_train_mode_warmup_risk_sinkhorn": 0.0, "fpem/warmup_risk_stage_warmup": 0.0, "fpem/warmup_risk_stage_soft": 0.0, "fpem/warmup_risk_stage_hard": 0.0, "fpem/warmup_risk_selected_loss": 0.0, "fpem/warmup_risk_uniform_common_loss": 0.0, "fpem/warmup_risk_lambda_common": 0.0, "fpem/warmup_risk_total_common_term": 0.0, "fpem/warmup_risk_temperature": 0.0, "fpem/warmup_risk_temperature_progress": 0.0, "fpem/uniform_expert_mae": 0.0, "fpem/risk_routed_mae": 0.0, "fpem/risk_prediction_mae": 0.0, "fpem/risk_loss": 0.0, "fpem/risk_ranking_loss": 0.0, "fpem/risk_ranking_accuracy": 0.0, "fpem/risk_oracle_argmin_accuracy": 0.0, "fpem/risk_router_temperature": 0.0, "fpem/risk_router_lambda": 0.0, "fpem/risk_router_pairwise_lambda": 0.0, "fpem/env_route_train_mode_progressive_gmm_environment": 0.0, "fpem/top_level_prediction_source_progressive_gmm_teacher_hard": 0.0, "fpem/progressive_assignment_uses_target_or_prediction_error": 0.0, "fpem/progressive_partition_ready": 0.0, "fpem/progressive_selected_k": 0.0, "fpem/progressive_active_expert_count": 0.0, "fpem/progressive_last_partition_epoch": 0.0, "fpem/progressive_lambda_common": 0.0, "fpem/progressive_common_term": 0.0, "fpem/progressive_compactness_loss": 0.0, "fpem/progressive_consistency_loss": 0.0, "fpem/progressive_cluster_entropy": 0.0, "fpem/progressive_assignment_change_ratio": 0.0, "fpem/progressive_hungarian_overlap_score": 0.0, "fpem/progressive_partition_update_time_sec": 0.0, "fpem/progressive_routed_mae": 0.0, "fpem/progressive_gmm_environment_total_replaces_primary": 0.0, "fpem/env_route_count_head_0": 16.0, "fpem/env_route_oracle_count_head_0": 16.0, "fpem/route_count_env_head_0": 16.0, "fpem/route_soft_mean_expert_0": 1.0, "fpem/route_hard_count_expert_0": 16.0, "fpem/hard_count_expert_0": 16.0, "fpem/sinkhorn_soft_col_mass_expert_0": 0.0, "fpem/progressive_active_expert_0": 0.0, "fpem/progressive_cluster_size_0": 0.0, "fpem/progressive_cluster_ratio_0": 0.0, "fpem/progressive_cluster_to_expert_0": 0.0, "fpem/progressive_bic_k1": 0.0, "fpem/progressive_bic_score_k1": 0.0, "fpem/progressive_bic_rejected_k1": 0.0, "fpem/hyper_alpha_head_0": 0.0, "fpem/hyper_gamma_norm_head_0": 0.0, "fpem/hyper_beta_norm_head_0": 0.0, "fpem/expert_cross_mae_group_0_expert_0": 9.305480779920305, "fpem/load_expert_loss": 9.305480779920305, "fpem/hard_router_loss": 0.6376109790234339, "fpem/hard_router_target_env_ratio": 0.7017857142857142, "fpem/hard_router_predicted_env_ratio": 0.5339285714285714, "fpem/hard_router_effective_env_ratio": 0.5339285714285714, "fpem/hard_router_supervision_enabled": 1.0, "fpem/hard_router_warmup_active": 0.0, "fpem/load_level_assignment_detached": 1.0, "fpem/load_level_count_0": 1680.0, "fpem/load_level_ratio_0": 1.0, "fpem/expert_0_global_loss": 9.305480779920305, "fpem/expert_0_selected_loss": 9.305480779920305, "fpem/hard_router_margin_mean": 0.09662237337657384, "fpem/hard_router_gain_mean": 0.35675674435638244, "fpem/hard_router_class_weight_invariant": 2.1240514301118396, "fpem/hard_router_class_weight_environment": 0.737313711643219, "fpem/expert_prediction_pairwise_difference": 0.0, "fpem/delta_pairwise_cosine": 0.0, "fpem/delta_pairwise_l1": 0.0, "fpem/delta_pairwise_l2": 0.0, "fpem/expert_0_parameter_norm": 15.019988859267462, "fpem/hard_binary_router_enabled": 1.0, "fpem/hard_router_uses_target_in_forward": 0.0, "fpem/stored_future_c_loaded": 0.0, "fpem/prediction_is_weighted_complete_fusion": 0.0, "fpem/future_mi_loss": 0.0, "fpem/future_mi_valid": 0.0, "fpem/future_mi_logvar_mean": 0.0, "fpem/future_mi_target_mode_env_encoder": 0.0, "fpem/swap_loss": 0.0, "fpem/swap_diff_loss": 0.0, "fpem/swap_same_loss": 0.0, "fpem/swap_gain_mean": 0.0, "fpem/swap_s_gain_mean": 0.0, "fpem/swap_fallback_router_loss": 0.0, "fpem/swap_fallback_q_mean": 0.0, "fpem/swap_prediction_delta": 0.0, "fpem/swap_route_delta": 0.0, "fpem/swap_hyper_alpha_delta": 0.0, "fpem/swap_hyper_delta_norm": 0.0, "fpem/loss_env_day": 0.0, "fpem/loss_env_hour": 0.0, "fpem/loss_env_rush": 0.0, "fpem/env_day_acc": 0.0, "fpem/env_hour_acc": 0.0, "fpem/env_rush_acc": 0.0, "fpem/loss_env_supcon": 0.0, "fpem/env_supcon_valid_pairs": 0.0, "fpem/loss_inv_env_adv": 0.0, "fpem/inv_day_acc": 0.0, "fpem/inv_hour_acc": 0.0, "fpem/inv_rush_acc": 0.0, "fpem/loss_cross_cov_sep": 0.0, "fpem/load_level_experts_enabled": 1.0, "fpem/load_level_uses_target_or_future_load": 0.0, "fpem/environment_gate_uses_target_in_forward": 0.0, "fpem/load_level_env_residual_scale": 0.0, "fpem/uses_cached_observable_load_prior": 1.0, "fpem/primary_loss": 8.970817329770043, "fpem/inv_pred_loss": 9.215499501001267, "fpem/primary_uses_route": 1.0, "fpem/primary_uses_env_fusion": 0.0, "fpem/backbone_agcrn": 1.0, "fpem/backbone_graphwavenet": 0.0, "fpem/backbone_staeformer": 0.0, "fpem/gc_pred_loss_only": 1.0, "fpem/env_route_head_mode_hyper_proto": 1.0, "fpem/fpem_force_uniform_route": 0.0, "fpem/hard_prediction_sinkhorn_total_replaces_primary": 0.0, "fpem/hard_prediction_environment_sinkhorn_total_replaces_primary": 0.0, "fpem/warmup_risk_sinkhorn_total_replaces_primary": 0.0, "fpem/lambda_club_mi": 0.0}}
EPOCH {"epoch": 64, "train_loss": 11.480555152893066, "val": {"loss": 11.789038923051622, "mae": 11.5823974609375, "mape": 0.18347875773906708}, "test_mixed": {"loss": NaN, "mae": NaN, "mape": NaN}, "test_workday": {"loss": NaN, "mae": NaN, "mape": NaN}, "test_holiday": {"loss": NaN, "mae": NaN, "mape": NaN}, "test_avg_mae": NaN, "lr": 0.0005, "fpem_logs": {"fpem/fpem_env_use_exogenous": 1.0, "fpem/env_exogenous_available": 1.0, "fpem/env_exogenous_time_available": 1.0, "fpem/env_exogenous_load_available": 1.0, "fpem/env_exogenous_feature_dim": 32.0, "fpem/env_exogenous_embedding_norm": 2.918287220455351, "fpem/env_exogenous_load_embedding_norm": 2.029839638301304, "fpem/env_rep_ablation_normal": 1.0, "fpem/env_rep_ablation_zero": 0.0, "fpem/env_rep_ablation_shuffle_batch": 0.0, "fpem/env_rep_ablation_mode_id": 0.0, "fpem/mask_loss": 0.0, "fpem/mask_sparse_loss": 0.0, "fpem/mask_entropy_loss": 0.0, "fpem/mask_mean": 1.0, "fpem/mask_entropy": 0.0, "fpem/mask_active_ratio": 1.0, "fpem/fusion_alpha_mean": 0.0, "fpem/fusion_alpha_std": 0.0, "fpem/fusion_alpha_min": 0.0, "fpem/fusion_alpha_max": 0.0, "fpem/env_route_loss": 2.4962487697601317, "fpem/env_route_L_final": 8.979315012977237, "fpem/env_route_L_global": 0.0, "fpem/env_route_L_route_soft": 0.0, "fpem/env_route_L_expert": 9.299808829171317, "fpem/env_route_L_router_oracle": 0.6362869623161498, "fpem/env_route_L_balance": 0.0, "fpem/env_route_L_diverse": 0.0, "fpem/env_route_L_proto_align": 0.0, "fpem/env_route_entropy": 0.0, "fpem/env_route_q_max_mean": 0.0, "fpem/hyper_alpha_mean": 0.0, "fpem/hyper_delta_norm": 0.0, "fpem/hyper_route_proto_mode_uniform_warmup": 0.0, "fpem/hyper_route_proto_mode_uniform_fixed": 0.0, "fpem/hyper_route_proto_mode_sinkhorn": 0.0, "fpem/hyper_route_proto_mode_softmax": 0.0, "fpem/fallback_q_mean": 0.48988095238095236, "fpem/fallback_q_max": 0.0, "fpem/env_q_sum_mean": 0.5101190476190476, "fpem/oracle_fallback_rate": 0.0, "fpem/route_count_fallback": 0.0, "fpem/env_route_head_mode": 1.0, "fpem/route_entropy_mean": 0.0, "fpem/route_mean_distribution_entropy": 0.0, "fpem/effective_expert_number": 1.0, "fpem/max_expert_usage_ratio": 0.0, "fpem/min_expert_usage_ratio": 0.0, "fpem/prototype_pairwise_cosine": 0.0, "fpem/expert_prediction_pairwise_cosine": 0.0, "fpem/expert_collapse_warning": 0.0, "fpem/env_route_target_mode_env_prototype": 0.0, "fpem/env_route_target_mode_hybrid": 0.0, "fpem/env_route_hybrid_alpha": 0.0, "fpem/env_route_train_mode_warmup_risk_sinkhorn": 0.0, "fpem/warmup_risk_stage_warmup": 0.0, "fpem/warmup_risk_stage_soft": 0.0, "fpem/warmup_risk_stage_hard": 0.0, "fpem/warmup_risk_selected_loss": 0.0, "fpem/warmup_risk_uniform_common_loss": 0.0, "fpem/warmup_risk_lambda_common": 0.0, "fpem/warmup_risk_total_common_term": 0.0, "fpem/warmup_risk_temperature": 0.0, "fpem/warmup_risk_temperature_progress": 0.0, "fpem/uniform_expert_mae": 0.0, "fpem/risk_routed_mae": 0.0, "fpem/risk_prediction_mae": 0.0, "fpem/risk_loss": 0.0, "fpem/risk_ranking_loss": 0.0, "fpem/risk_ranking_accuracy": 0.0, "fpem/risk_oracle_argmin_accuracy": 0.0, "fpem/risk_router_temperature": 0.0, "fpem/risk_router_lambda": 0.0, "fpem/risk_router_pairwise_lambda": 0.0, "fpem/env_route_train_mode_progressive_gmm_environment": 0.0, "fpem/top_level_prediction_source_progressive_gmm_teacher_hard": 0.0, "fpem/progressive_assignment_uses_target_or_prediction_error": 0.0, "fpem/progressive_partition_ready": 0.0, "fpem/progressive_selected_k": 0.0, "fpem/progressive_active_expert_count": 0.0, "fpem/progressive_last_partition_epoch": 0.0, "fpem/progressive_lambda_common": 0.0, "fpem/progressive_common_term": 0.0, "fpem/progressive_compactness_loss": 0.0, "fpem/progressive_consistency_loss": 0.0, "fpem/progressive_cluster_entropy": 0.0, "fpem/progressive_assignment_change_ratio": 0.0, "fpem/progressive_hungarian_overlap_score": 0.0, "fpem/progressive_partition_update_time_sec": 0.0, "fpem/progressive_routed_mae": 0.0, "fpem/progressive_gmm_environment_total_replaces_primary": 0.0, "fpem/env_route_count_head_0": 16.0, "fpem/env_route_oracle_count_head_0": 16.0, "fpem/route_count_env_head_0": 16.0, "fpem/route_soft_mean_expert_0": 1.0, "fpem/route_hard_count_expert_0": 16.0, "fpem/hard_count_expert_0": 16.0, "fpem/sinkhorn_soft_col_mass_expert_0": 0.0, "fpem/progressive_active_expert_0": 0.0, "fpem/progressive_cluster_size_0": 0.0, "fpem/progressive_cluster_ratio_0": 0.0, "fpem/progressive_cluster_to_expert_0": 0.0, "fpem/progressive_bic_k1": 0.0, "fpem/progressive_bic_score_k1": 0.0, "fpem/progressive_bic_rejected_k1": 0.0, "fpem/hyper_alpha_head_0": 0.0, "fpem/hyper_gamma_norm_head_0": 0.0, "fpem/hyper_beta_norm_head_0": 0.0, "fpem/expert_cross_mae_group_0_expert_0": 9.299808829171317, "fpem/load_expert_loss": 9.299808829171317, "fpem/hard_router_loss": 0.6362869623161498, "fpem/hard_router_target_env_ratio": 0.6994047619047619, "fpem/hard_router_predicted_env_ratio": 0.5101190476190476, "fpem/hard_router_effective_env_ratio": 0.5101190476190476, "fpem/hard_router_supervision_enabled": 1.0, "fpem/hard_router_warmup_active": 0.0, "fpem/load_level_assignment_detached": 1.0, "fpem/load_level_count_0": 1680.0, "fpem/load_level_ratio_0": 1.0, "fpem/expert_0_global_loss": 9.299808829171317, "fpem/expert_0_selected_loss": 9.299808829171317, "fpem/hard_router_margin_mean": 0.09662237344753175, "fpem/hard_router_gain_mean": 0.3624285970415388, "fpem/hard_router_class_weight_invariant": 2.0174452259427027, "fpem/hard_router_class_weight_environment": 0.7411968123345148, "fpem/expert_prediction_pairwise_difference": 0.0, "fpem/delta_pairwise_cosine": 0.0, "fpem/delta_pairwise_l1": 0.0, "fpem/delta_pairwise_l2": 0.0, "fpem/expert_0_parameter_norm": 15.019949413481212, "fpem/hard_binary_router_enabled": 1.0, "fpem/hard_router_uses_target_in_forward": 0.0, "fpem/stored_future_c_loaded": 0.0, "fpem/prediction_is_weighted_complete_fusion": 0.0, "fpem/future_mi_loss": 0.0, "fpem/future_mi_valid": 0.0, "fpem/future_mi_logvar_mean": 0.0, "fpem/future_mi_target_mode_env_encoder": 0.0, "fpem/swap_loss": 0.0, "fpem/swap_diff_loss": 0.0, "fpem/swap_same_loss": 0.0, "fpem/swap_gain_mean": 0.0, "fpem/swap_s_gain_mean": 0.0, "fpem/swap_fallback_router_loss": 0.0, "fpem/swap_fallback_q_mean": 0.0, "fpem/swap_prediction_delta": 0.0, "fpem/swap_route_delta": 0.0, "fpem/swap_hyper_alpha_delta": 0.0, "fpem/swap_hyper_delta_norm": 0.0, "fpem/loss_env_day": 0.0, "fpem/loss_env_hour": 0.0, "fpem/loss_env_rush": 0.0, "fpem/env_day_acc": 0.0, "fpem/env_hour_acc": 0.0, "fpem/env_rush_acc": 0.0, "fpem/loss_env_supcon": 0.0, "fpem/env_supcon_valid_pairs": 0.0, "fpem/loss_inv_env_adv": 0.0, "fpem/inv_day_acc": 0.0, "fpem/inv_hour_acc": 0.0, "fpem/inv_rush_acc": 0.0, "fpem/loss_cross_cov_sep": 0.0, "fpem/load_level_experts_enabled": 1.0, "fpem/load_level_uses_target_or_future_load": 0.0, "fpem/environment_gate_uses_target_in_forward": 0.0, "fpem/load_level_env_residual_scale": 0.0, "fpem/uses_cached_observable_load_prior": 1.0, "fpem/primary_loss": 8.979315012977237, "fpem/inv_pred_loss": 9.215629604884557, "fpem/primary_uses_route": 1.0, "fpem/primary_uses_env_fusion": 0.0, "fpem/backbone_agcrn": 1.0, "fpem/backbone_graphwavenet": 0.0, "fpem/backbone_staeformer": 0.0, "fpem/gc_pred_loss_only": 1.0, "fpem/env_route_head_mode_hyper_proto": 1.0, "fpem/fpem_force_uniform_route": 0.0, "fpem/hard_prediction_sinkhorn_total_replaces_primary": 0.0, "fpem/hard_prediction_environment_sinkhorn_total_replaces_primary": 0.0, "fpem/warmup_risk_sinkhorn_total_replaces_primary": 0.0, "fpem/lambda_club_mi": 0.0}}
