{
  "args": {
    "seed": 2024,
    "device": "cuda:0",
    "mode": "train",
    "best_path": "/home/zhangwt/remote/StableST/experiments/NYCTaxi/20240510-014845/best_model.pth",
    "debug": false,
    "data_dir": "/data/OuXiaoyu/STEVE_CODE/STEVE/data",
    "dataset": "NYCTaxi_TDS",
    "input_length": 35,
    "batch_size": 16,
    "test_batch_size": 16,
    "graph_file": "/data/OuXiaoyu/STEVE_CODE/STEVE/data/NYCTaxi_TDS/adj_mx.npz",
    "num_nodes": 200,
    "len_closeness": 8,
    "len_period": 27,
    "len_trend": 0,
    "d_input": 2,
    "d_output": 2,
    "d_model": 64,
    "dropout": 0.1,
    "percent": 0.1,
    "shm_temp": 0.5,
    "nmb_prototype": 4,
    "yita": 0.5,
    "layers": 3,
    "K": 64,
    "bank_gamma": 0.2,
    "kw": 1,
    "mi_w": 2,
    "epochs": 100,
    "lr_init": 0.001,
    "early_stop": true,
    "early_stop_patience": 30,
    "grad_norm": true,
    "max_grad_norm": 5,
    "use_dwa": true,
    "temp": 2,
    "MMI": false,
    "lr_patience": 20,
    "lr_mode": "only",
    "use_RevIN": true,
    "confounder_dep_mode": "gci",
    "confounder_extractor": "token_attention",
    "confounder_dim": 8,
    "confounder_num_heads": 4,
    "confounder_attention_dropout": 0.0,
    "confounder_graph_embed_dim": 16,
    "confounder_variational": true,
    "confounder_kl_weight": 0.0001,
    "confounder_dep_warmup_epochs": 5,
    "confounder_dep_ramp_epochs": 10,
    "confounder_projection_ridge": 0.001,
    "confounder_dep_detach_target": true,
    "gci_weight": 0.001,
    "gci_graph_align_weight": 0.1,
    "gci_graph_hops": 1,
    "gci_symmetrize_adj": true,
    "gci_add_self_loops": true,
    "scd_weight": 0.0,
    "dep_eps": 1e-06,
    "confounder_injection": "none",
    "ablation": "conf_gci",
    "config_filename": "/data/OuXiaoyu/STEVE_CODE/STEVE/configs/NYCTaxi.yaml",
    "model": "steve",
    "data_seed": 2024,
    "early_stop_test_avg_mae_epoch": 0,
    "early_stop_test_avg_mae_threshold": 12.0,
    "train_work_per_holiday": 2.5,
    "exp_name": "fpem_agcrn_aligned_confounder_dep_norm_align_obs_k1_counterfactual_risk_router_period_context_0813_conf_gci_seed2024",
    "run_name": "fpem_agcrn_aligned_confounder_dep_norm_align_obs_k1_counterfactual_risk_router_period_context_0813_conf_gci_seed2024",
    "result_root": "/data/OuXiaoyu/STEVE_CODE/STEVE/experiments/NYCTaxi_TDS",
    "resume": true,
    "resume_reset_patience": true,
    "best_selection_split": "val",
    "max_train_batches": null,
    "max_eval_batches": null,
    "fpem_backbone": "agcrn",
    "agcrn_lr": 0.003,
    "agcrn_embed_dim": 10,
    "agcrn_rnn_units": 64,
    "agcrn_num_layers": 2,
    "agcrn_cheb_k": 2,
    "graphwavenet_layers": 4,
    "graphwavenet_kernel_size": 2,
    "graphwavenet_dropout": 0.1,
    "staeformer_layers": 2,
    "staeformer_heads": 4,
    "staeformer_dropout": 0.1,
    "staeformer_mlp_ratio": 2.0,
    "staeformer_input_length_max": 512,
    "fpem_use_pretrained_inv_agcrn": true,
    "fpem_pretrained_inv_agcrn_path": "/data/OuXiaoyu/STEVE_CODE/STEVE/experiments/NYCTaxi_TDS/pure_agcrn_seed2024/best_val_model.pth",
    "fpem_use_env_supervision": false,
    "fpem_lambda_env_day_cls": 0.0,
    "fpem_lambda_env_hour_cls": 0.0,
    "fpem_lambda_env_rush_cls": 0.0,
    "fpem_env_use_exogenous": true,
    "fpem_env_exogenous_hour_dim": 8,
    "fpem_env_exogenous_day_dim": 4,
    "fpem_env_exogenous_rush_dim": 4,
    "fpem_env_exogenous_load_dim": 8,
    "fpem_env_exogenous_load_num_embeddings": 6,
    "fpem_env_exogenous_scale": 0.1,
    "fpem_env_use_period_context": true,
    "fpem_env_period_context_day_steps": 0,
    "fpem_env_period_context_week_steps": 0,
    "fpem_env_period_context_scale": 0.1,
    "fpem_ignore_future_c": true,
    "fpem_use_load_level_experts": true,
    "fpem_load_level_k": 1,
    "fpem_load_level_mode": "train_quantile",
    "fpem_randomize_train_load_level": false,
    "fpem_random_load_level_seed": 20260727,
    "fpem_use_environment_gate": false,
    "fpem_environment_gate_hidden_dim": 64,
    "fpem_environment_gate_warmup_epochs": 5,
    "fpem_environment_gate_margin_relative": 0.01,
    "fpem_environment_gate_temperature": 0.05,
    "fpem_lambda_environment_gate": 1.0,
    "fpem_lambda_load_expert": 0.2,
    "fpem_conservative_inv_override": false,
    "fpem_override_margin": 0.0,
    "fpem_override_threshold": 0.5,
    "fpem_override_threshold_grid": "0.50,0.55,0.60,0.65,0.70,0.75,0.80,0.85,0.90,0.95",
    "fpem_override_margin_grid": "",
    "fpem_override_threshold_selection_split": "val",
    "fpem_override_weight_min": 0.0,
    "fpem_override_weight_max": 20.0,
    "fpem_harmful_switch_weight": 2.0,
    "fpem_override_router_loss_weight": 1.0,
    "fpem_counterfactual_risk_router": true,
    "fpem_counterfactual_risk_stage2_start_epoch": 20,
    "fpem_counterfactual_risk_regression_weight": 1.0,
    "fpem_counterfactual_risk_ranking_weight": 0.5,
    "fpem_counterfactual_risk_router_loss_weight": 1.0,
    "fpem_counterfactual_risk_weight_min": 0.0,
    "fpem_counterfactual_risk_weight_max": 20.0,
    "fpem_counterfactual_risk_ranking_temperature": 1.0,
    "fpem_use_env_supcon": false,
    "fpem_lambda_env_supcon": 0.0,
    "fpem_env_supcon_temperature": 0.1,
    "fpem_use_inv_projector": false,
    "fpem_use_inv_env_adversarial": false,
    "fpem_lambda_inv_env_adv": 0.0,
    "fpem_grl_alpha": 1.0,
    "fpem_env_route_head_mode": "hyper_inv_film_proto_input_add",
    "fpem_use_env_prototype_router": false,
    "fpem_env_route_target_mode": "prediction_oracle",
    "fpem_env_route_train_mode": "soft_oracle",
    "fpem_env_route_inference_mode": "mlp",
    "fpem_env_prototype_temperature": 1.0,
    "fpem_env_route_hybrid_alpha": 1.0,
    "fpem_env_route_hybrid_alpha_start": 1.0,
    "fpem_env_route_hybrid_alpha_end": 0.5,
    "fpem_env_route_hybrid_alpha_decay_epochs": 30,
    "fpem_use_sinkhorn_route": false,
    "fpem_force_uniform_route": false,
    "fpem_env_rep_ablation": "normal",
    "fpem_env_route_sinkhorn_tau": 1.0,
    "fpem_env_route_sinkhorn_iters": 5,
    "fpem_env_sinkhorn_prediction_alpha_start": 0.2,
    "fpem_env_sinkhorn_prediction_alpha_final": 1.0,
    "fpem_env_sinkhorn_environment_beta_start": 1.0,
    "fpem_env_sinkhorn_environment_beta_final": 0.2,
    "fpem_env_sinkhorn_schedule_start_epoch": 5,
    "fpem_env_sinkhorn_schedule_end_epoch": 15,
    "fpem_env_sinkhorn_temporal_lambda": 0.05,
    "fpem_env_sinkhorn_gaussian_ema": 0.05,
    "fpem_env_sinkhorn_gaussian_min_var": 0.0001,
    "fpem_sinkhorn_warmup_epochs": 10,
    "fpem_sinkhorn_soft_end_epoch": 20,
    "fpem_sinkhorn_temperature_start": 1.0,
    "fpem_sinkhorn_temperature_final": 0.3,
    "fpem_sinkhorn_lambda_common": 0.1,
    "fpem_risk_router_temperature": 1.0,
    "fpem_risk_router_lambda": 0.5,
    "fpem_risk_router_pairwise_lambda": 0.0,
    "fpem_env_teacher_ema_momentum": 0.995,
    "fpem_env_partition_start_epoch": 5,
    "fpem_env_partition_update_interval": 5,
    "fpem_env_partition_freeze_last_epochs": 15,
    "fpem_env_partition_max_batches": -1,
    "fpem_env_max_clusters": 6,
    "fpem_env_min_cluster_ratio": 0.08,
    "fpem_env_gmm_n_init": 10,
    "fpem_env_gmm_variance_floor": 0.0001,
    "fpem_env_progressive_lambda_common": 0.2,
    "fpem_env_cluster_compactness_lambda": 0.01,
    "fpem_env_cluster_consistency_lambda": 0.05,
    "fpem_env_split_perturb_std": 1e-05,
    "fpem_sinkhorn_iters": 3,
    "fpem_sinkhorn_epsilon": 0.05,
    "fpem_expert_uniform_warmup_epochs": 0,
    "fpem_env_route_balance_warmup_epochs": 0,
    "fpem_env_route_initial_temperature": 1.0,
    "fpem_env_route_final_temperature": 0.3,
    "fpem_use_cross_cov_sep": false,
    "fpem_lambda_cross_cov_sep": 0.0,
    "gci_edge_preserve_beta": 0.1,
    "gci_ridge": null,
    "scd_ridge": null,
    "gci_detach_target": null,
    "scd_detach_target": null,
    "scd_alignment_weight": null,
    "save_test_selected_checkpoints": false,
    "fpem_use_confounder_extractor": false,
    "fpem_use_env_mask": false,
    "fpem_confounder_use_mask": false,
    "fpem_lambda_mask_sparse": 0.0,
    "fpem_lambda_mask_entropy": 0.0,
    "fpem_lambda_inv_pred": 0.2,
    "fpem_use_env_route": true,
    "fpem_env_route_k": 1,
    "fpem_use_observable_load_prior": true,
    "fpem_observable_load_prior_cache": "/data/OuXiaoyu/STEVE_CODE/STEVE/data/NYCTaxi/observable_load_prior_k3_v1.npz",
    "fpem_observable_load_random_seed": 314159,
    "fpem_use_random_balanced_assignment": false,
    "fpem_hyper_alpha_mode": "fixed_one",
    "fpem_use_hard_environment_router": false,
    "fpem_hard_router_hidden_dim": 64,
    "fpem_hard_router_warmup_epochs": 0,
    "fpem_lambda_hard_router": 0.0,
    "fpem_env_route_use_inv_fallback_expert": false,
    "fpem_env_route_lambda_balance": 0.0,
    "fpem_env_route_lambda_diverse": 0.0,
    "fpem_env_route_lambda_proto_align": 0.0,
    "fpem_env_route_lambda_entropy": 0.0,
    "fpem_env_route_lambda_route_soft": 0.0,
    "fpem_use_future_mi": false,
    "fpem_lambda_future_mi": 0.0,
    "fpem_use_swap": false,
    "fpem_lambda_swap": 0.0,
    "fpem_use_club_mi": false,
    "fpem_lambda_club_mi": 0.0,
    "fpem_use_env_fusion": false,
    "fpem_use_grad_consensus": false,
    "fpem_gc_pred_loss_only": true,
    "git_commit": "1b38ed8",
    "log_dir": "/data/OuXiaoyu/STEVE_CODE/STEVE/experiments/NYCTaxi_TDS/fpem_agcrn_aligned_confounder_dep_norm_align_obs_k1_counterfactual_risk_router_period_context_0813_conf_gci_seed2024",
    "fpem_env_period_context_day_steps_resolved": 48,
    "fpem_env_period_context_week_steps_resolved": 336,
    "fpem_observable_load_prior_summary": {
      "path": "/data/OuXiaoyu/STEVE_CODE/STEVE/data/NYCTaxi/observable_load_prior_k3_v1.npz",
      "cache_version": 1,
      "created": false,
      "CP_shape": [
        200,
        2
      ],
      "CP_zero_count": 0,
      "thresholds": [
        0.165,
        0.20350000000000001
      ],
      "random_assignment_seed": 314159,
      "metadata": {
        "cache_version": 1,
        "formula": "c_obs=clip(ceil(5*x[:,-1]/CP),0,5); CP=max(train_x,axis=(0,1)); CP==0 -> c_obs=0",
        "load_score": "mean(c_obs/5 over nodes and channels)",
        "quantiles": [
          0.3333333333333333,
          0.6666666666666666
        ],
        "random_assignment_seed": 314159,
        "source_x_shapes": {
          "test": [
            546,
            35,
            200,
            2
          ],
          "train": [
            1912,
            35,
            200,
            2
          ],
          "val": [
            274,
            35,
            200,
            2
          ]
        },
        "threshold_fit_split": "train",
        "uses_stored_c": false,
        "uses_target_y": false
      },
      "splits": {
        "train": {
          "samples": 1912,
          "c_obs_shape": [
            1912,
            200,
            2
          ],
          "score_min": 0.005,
          "score_max": 0.32,
          "expert_counts": [
            639,
            636,
            637
          ],
          "random_expert_counts": [
            639,
            636,
            637
          ]
        },
        "val": {
          "samples": 274,
          "c_obs_shape": [
            274,
            200,
            2
          ],
          "score_min": 0.0925,
          "score_max": 0.311,
          "expert_counts": [
            73,
            81,
            120
          ],
          "random_expert_counts": [
            73,
            81,
            120
          ]
        },
        "test": {
          "samples": 546,
          "c_obs_shape": [
            546,
            200,
            2
          ],
          "score_min": 0.08850000000000001,
          "score_max": 0.331,
          "expert_counts": [
            125,
            183,
            238
          ],
          "random_expert_counts": [
            125,
            183,
            238
          ]
        }
      }
    },
    "fpem_load_level_thresholds": [],
    "fpem_load_level_train_counts": [
      1912
    ],
    "fpem_load_level_source": "cached c_obs=clip(ceil(5*x[:, -1]/train-only CP),0,5)",
    "fpem_load_level_threshold_fit_split": "raw train",
    "fpem_load_level_uses_target_or_future_load": false,
    "fpem_input_scaler_mean": 38.48429196519959,
    "fpem_input_scaler_std": 103.72333844876623
  },
  "counts": {
    "train_total": 1680,
    "train_workday": 1200,
    "train_holiday": 480,
    "train_workday_holiday_ratio": 2.5,
    "val_total": 274,
    "val_workday": 178,
    "val_holiday": 96,
    "test_total": 546,
    "test_workday": 354,
    "test_holiday": 192,
    "train_shuffle": true,
    "train_chronological_for_env_sinkhorn_temporal": false,
    "traffic_load_c_audit": {
      "ignored": true,
      "loaded_into_training_or_inference": false,
      "reason": "stored c is derived from future y[:,0]"
    },
    "observable_load_prior": {
      "path": "/data/OuXiaoyu/STEVE_CODE/STEVE/data/NYCTaxi/observable_load_prior_k3_v1.npz",
      "cache_version": 1,
      "created": false,
      "CP_shape": [
        200,
        2
      ],
      "CP_zero_count": 0,
      "thresholds": [
        0.165,
        0.20350000000000001
      ],
      "random_assignment_seed": 314159,
      "metadata": {
        "cache_version": 1,
        "formula": "c_obs=clip(ceil(5*x[:,-1]/CP),0,5); CP=max(train_x,axis=(0,1)); CP==0 -> c_obs=0",
        "load_score": "mean(c_obs/5 over nodes and channels)",
        "quantiles": [
          0.3333333333333333,
          0.6666666666666666
        ],
        "random_assignment_seed": 314159,
        "source_x_shapes": {
          "test": [
            546,
            35,
            200,
            2
          ],
          "train": [
            1912,
            35,
            200,
            2
          ],
          "val": [
            274,
            35,
            200,
            2
          ]
        },
        "threshold_fit_split": "train",
        "uses_stored_c": false,
        "uses_target_y": false
      },
      "splits": {
        "train": {
          "samples": 1912,
          "c_obs_shape": [
            1912,
            200,
            2
          ],
          "score_min": 0.005,
          "score_max": 0.32,
          "expert_counts": [
            639,
            636,
            637
          ],
          "random_expert_counts": [
            639,
            636,
            637
          ]
        },
        "val": {
          "samples": 274,
          "c_obs_shape": [
            274,
            200,
            2
          ],
          "score_min": 0.0925,
          "score_max": 0.311,
          "expert_counts": [
            73,
            81,
            120
          ],
          "random_expert_counts": [
            73,
            81,
            120
          ]
        },
        "test": {
          "samples": 546,
          "c_obs_shape": [
            546,
            200,
            2
          ],
          "score_min": 0.08850000000000001,
          "score_max": 0.331,
          "expert_counts": [
            125,
            183,
            238
          ],
          "random_expert_counts": [
            125,
            183,
            238
          ]
        }
      }
    },
    "load_level_source": "cached c_obs=clip(ceil(5*x[:, -1]/train-only CP),0,5)",
    "load_level_threshold_fit_split": "raw train",
    "load_level_thresholds": [],
    "load_level_train_counts": [
      1912
    ],
    "load_level_uses_target_or_future_load": false,
    "fpem_env_use_period_context": true,
    "fpem_env_period_context_day_steps": 48,
    "fpem_env_period_context_week_steps": 336,
    "fpem_env_period_context_train_day_coverage": 0.9748953974895398,
    "fpem_env_period_context_train_week_coverage": 0.8242677824267782,
    "fpem_env_period_context_val_day_coverage": 0.8248175182481752,
    "fpem_env_period_context_val_week_coverage": 0.0,
    "fpem_env_period_context_test_day_coverage": 0.9120879120879121,
    "fpem_env_period_context_test_week_coverage": 0.38461538461538464,
    "fpem_env_period_context_computed_before_subset": true,
    "fpem_env_period_context_index_source": "raw chronological split before train/test subsetting",
    "fpem_env_period_context_invalid_fill": "current_input"
  },
  "trainable_params": 902688,
  "frozen_params": 1625073,
  "optimizer_params": 902688,
  "resume_start_epoch": 1,
  "top_level_prediction_source": "counterfactual_risk_router_hard_argmin_test_diagnostic_best",
  "frozen_invariant_parameters": [
    "encoder_inv.node_embeddings",
    "encoder_inv.cells.0.gate.weights_pool",
    "encoder_inv.cells.0.gate.bias_pool",
    "encoder_inv.cells.0.update.weights_pool",
    "encoder_inv.cells.0.update.bias_pool",
    "encoder_inv.cells.1.gate.weights_pool",
    "encoder_inv.cells.1.gate.bias_pool",
    "encoder_inv.cells.1.update.weights_pool",
    "encoder_inv.cells.1.update.bias_pool",
    "tcl4h.weight",
    "tcl4h.bias",
    "invariant_predict_conv_2.weight",
    "invariant_predict_conv_2.bias"
  ],
  "trainable_invariant_parameters": [],
  "invariant_candidate_val": {
    "mae": 11.673948287963867,
    "mape": 0.18977294862270355
  }
}
EPOCH {"epoch": 1, "train_loss": 17.280161721365793, "val": {"loss": 15.043452739715576, "mae": 15.038549423217773, "mape": 0.4615929126739502}, "test_mixed": {"loss": NaN, "mae": NaN, "mape": NaN}, "test_workday": {"loss": NaN, "mae": NaN, "mape": NaN}, "test_holiday": {"loss": NaN, "mae": NaN, "mape": NaN}, "test_avg_mae": NaN, "best_selection_value": 15.043452739715576, "best_selection_split": "val", "best_selection_metric": "val_loss", "lr": 0.001, "fpem_logs": {"fpem/fpem_env_use_exogenous": 1.0, "fpem/env_exogenous_available": 1.0, "fpem/env_exogenous_time_available": 1.0, "fpem/env_exogenous_load_available": 1.0, "fpem/env_exogenous_feature_dim": 32.0, "fpem/env_exogenous_embedding_norm": 2.2820211342402867, "fpem/env_exogenous_load_embedding_norm": 1.4248254276457286, "fpem/fpem_env_use_period_context": 1.0, "fpem/env_period_context_available": 1.0, "fpem/env_period_day_available_ratio": 0.9732142857142857, "fpem/env_period_week_available_ratio": 0.8244047619047619, "fpem/env_period_context_feature_dim": 6.0, "fpem/env_period_context_scale": 0.10000000149011612, "fpem/env_period_context_delta_norm": 0.06248471495651063, "fpem/env_period_context_day_diff_norm": 0.16272705296675363, "fpem/env_period_context_week_diff_norm": 0.1018899268692448, "fpem/env_rep_ablation_normal": 1.0, "fpem/env_rep_ablation_zero": 0.0, "fpem/env_rep_ablation_shuffle_batch": 0.0, "fpem/env_rep_ablation_mode_id": 0.0, "fpem/mask_loss": 0.0, "fpem/mask_sparse_loss": 0.0, "fpem/mask_entropy_loss": 0.0, "fpem/mask_mean": 1.0, "fpem/mask_entropy": 0.0, "fpem/mask_active_ratio": 1.0, "fpem/fusion_alpha_mean": 0.0, "fpem/fusion_alpha_std": 0.0, "fpem/fusion_alpha_min": 0.0, "fpem/fusion_alpha_max": 0.0, "fpem/env_route_loss": 2.9069114162808374, "fpem/env_route_L_final": 14.273252469017391, "fpem/env_route_L_global": 0.0, "fpem/env_route_L_route_soft": 0.0, "fpem/env_route_L_expert": 14.53455677940732, "fpem/env_route_L_router_oracle": 0.0, "fpem/env_route_L_balance": 0.0, "fpem/env_route_L_diverse": 0.0, "fpem/env_route_L_proto_align": 0.0, "fpem/env_route_entropy": 0.0, "fpem/env_route_q_max_mean": 0.0, "fpem/hyper_alpha_mean": 0.0, "fpem/hyper_delta_norm": 0.0, "fpem/hyper_route_proto_mode_uniform_warmup": 0.0, "fpem/hyper_route_proto_mode_uniform_fixed": 0.0, "fpem/hyper_route_proto_mode_sinkhorn": 0.0, "fpem/hyper_route_proto_mode_softmax": 0.0, "fpem/fallback_q_mean": 0.0, "fpem/fallback_q_max": 0.0, "fpem/env_q_sum_mean": 1.0, "fpem/oracle_fallback_rate": 0.0, "fpem/route_count_fallback": 0.0, "fpem/env_route_head_mode": 1.0, "fpem/route_entropy_mean": 0.0, "fpem/route_mean_distribution_entropy": 0.0, "fpem/effective_expert_number": 1.0, "fpem/max_expert_usage_ratio": 0.0, "fpem/min_expert_usage_ratio": 0.0, "fpem/prototype_pairwise_cosine": 0.0, "fpem/expert_prediction_pairwise_cosine": 0.0, "fpem/expert_collapse_warning": 0.0, "fpem/env_route_target_mode_env_prototype": 0.0, "fpem/env_route_target_mode_hybrid": 0.0, "fpem/env_route_hybrid_alpha": 0.0, "fpem/env_route_train_mode_warmup_risk_sinkhorn": 0.0, "fpem/warmup_risk_stage_warmup": 0.0, "fpem/warmup_risk_stage_soft": 0.0, "fpem/warmup_risk_stage_hard": 0.0, "fpem/warmup_risk_selected_loss": 0.0, "fpem/warmup_risk_uniform_common_loss": 0.0, "fpem/warmup_risk_lambda_common": 0.0, "fpem/warmup_risk_total_common_term": 0.0, "fpem/warmup_risk_temperature": 0.0, "fpem/warmup_risk_temperature_progress": 0.0, "fpem/uniform_expert_mae": 0.0, "fpem/risk_routed_mae": 0.0, "fpem/risk_prediction_mae": 0.0, "fpem/risk_loss": 0.0, "fpem/risk_ranking_loss": 0.0, "fpem/risk_ranking_accuracy": 0.0, "fpem/risk_oracle_argmin_accuracy": 0.0, "fpem/risk_router_temperature": 0.0, "fpem/risk_router_lambda": 0.0, "fpem/risk_router_pairwise_lambda": 0.0, "fpem/env_route_train_mode_progressive_gmm_environment": 0.0, "fpem/top_level_prediction_source_progressive_gmm_teacher_hard": 0.0, "fpem/progressive_assignment_uses_target_or_prediction_error": 0.0, "fpem/progressive_partition_ready": 0.0, "fpem/progressive_selected_k": 0.0, "fpem/progressive_active_expert_count": 0.0, "fpem/progressive_last_partition_epoch": 0.0, "fpem/progressive_lambda_common": 0.0, "fpem/progressive_common_term": 0.0, "fpem/progressive_compactness_loss": 0.0, "fpem/progressive_consistency_loss": 0.0, "fpem/progressive_cluster_entropy": 0.0, "fpem/progressive_assignment_change_ratio": 0.0, "fpem/progressive_hungarian_overlap_score": 0.0, "fpem/progressive_partition_update_time_sec": 0.0, "fpem/progressive_routed_mae": 0.0, "fpem/progressive_gmm_environment_total_replaces_primary": 0.0, "fpem/env_route_count_head_0": 16.0, "fpem/env_route_oracle_count_head_0": 16.0, "fpem/route_count_env_head_0": 16.0, "fpem/route_soft_mean_expert_0": 1.0, "fpem/route_hard_count_expert_0": 16.0, "fpem/hard_count_expert_0": 16.0, "fpem/sinkhorn_soft_col_mass_expert_0": 0.0, "fpem/progressive_active_expert_0": 0.0, "fpem/progressive_cluster_size_0": 0.0, "fpem/progressive_cluster_ratio_0": 0.0, "fpem/progressive_cluster_to_expert_0": 0.0, "fpem/progressive_bic_k1": 0.0, "fpem/progressive_bic_score_k1": 0.0, "fpem/progressive_bic_rejected_k1": 0.0, "fpem/hyper_alpha_head_0": 0.0, "fpem/hyper_gamma_norm_head_0": 0.0, "fpem/hyper_beta_norm_head_0": 0.0, "fpem/expert_cross_mae_group_0_expert_0": 14.53455677940732, "fpem/load_expert_loss": 14.53455677940732, "fpem/counterfactual_risk_router_loss": 0.0, "fpem/counterfactual_risk_regression_loss": 11.729791577657064, "fpem/counterfactual_risk_ranking_loss": 2.5410710720788865, "fpem/load_level_assignment_detached": 1.0, "fpem/load_level_count_0": 1680.0, "fpem/load_level_ratio_0": 1.0, "fpem/expert_0_global_loss": 14.53455677940732, "fpem/expert_0_selected_loss": 14.53455677940732, "fpem/counterfactual_risk_stage2_active": 0.0, "fpem/counterfactual_risk_stage2_start_epoch": 20.0, "fpem/counterfactual_risk_all_environment_mae": 14.53455677940732, "fpem/counterfactual_risk_all_invariant_mae": 9.66223742167155, "fpem/counterfactual_risk_routed_mae": 14.53455677940732, "fpem/counterfactual_risk_oracle_mae": 9.647057574135916, "fpem/counterfactual_risk_router_accuracy": 0.07023809523809524, "fpem/counterfactual_risk_router_balanced_accuracy": 0.24761904761904763, "fpem/counterfactual_risk_inv_route_ratio": 0.0, "fpem/counterfactual_risk_env_route_ratio": 1.0, "fpem/counterfactual_risk_inv_switch_precision": 0.0, "fpem/counterfactual_risk_correct_inv_switches": 0.0, "fpem/counterfactual_risk_harmful_inv_switches": 0.0, "fpem/counterfactual_risk_saved_loss": 0.0, "fpem/counterfactual_risk_added_loss": 0.0, "fpem/counterfactual_risk_net_gain": 0.0, "fpem/counterfactual_risk_regret": 4.8874992143540155, "fpem/counterfactual_risk_oracle_gap_closed": 0.0, "fpem/counterfactual_risk_delta_mean": 4.872319213265464, "fpem/counterfactual_risk_target_inv_ratio": 0.9297619047619048, "fpem/counterfactual_risk_weight_env_sum": 3.6571428298950197, "fpem/counterfactual_risk_weight_inv_sum": 12.038095169975644, "fpem/counterfactual_risk_prediction_is_hard_route": 1.0, "fpem/counterfactual_risk_prediction_is_soft_fusion": 0.0, "fpem/counterfactual_risk_target_detached": 1.0, "fpem/counterfactual_risk_uses_threshold": 0.0, "fpem/counterfactual_risk_all_samples_used_for_router": 1.0, "fpem/hard_router_predicted_env_ratio": 1.0, "fpem/hard_router_effective_env_ratio": 1.0, "fpem/hard_router_target_env_ratio": 0.07023809523809524, "fpem/hard_router_gain_mean": 4.872319213265464, "fpem/expert_prediction_pairwise_difference": 0.0, "fpem/delta_pairwise_cosine": 0.0, "fpem/delta_pairwise_l1": 0.0, "fpem/delta_pairwise_l2": 0.0, "fpem/expert_0_parameter_norm": 14.837672015598843, "fpem/hard_binary_router_enabled": 0.0, "fpem/hard_router_uses_target_in_forward": 0.0, "fpem/stored_future_c_loaded": 0.0, "fpem/prediction_is_weighted_complete_fusion": 0.0, "fpem/prediction_is_hard_route": 1.0, "fpem/conservative_inv_override_enabled": 0.0, "fpem/conservative_router_features_detached": 1.0, "fpem/counterfactual_risk_router_enabled": 1.0, "fpem/counterfactual_risk_stage2_active_forward": 0.0, "fpem/counterfactual_risk_deploy_route_active": 0.0, "fpem/counterfactual_risk_training_uses_route": 0.0, "fpem/counterfactual_risk_forward_uses_threshold": 0.0, "fpem/future_mi_loss": 0.0, "fpem/future_mi_valid": 0.0, "fpem/future_mi_logvar_mean": 0.0, "fpem/future_mi_target_mode_env_encoder": 0.0, "fpem/swap_loss": 0.0, "fpem/swap_diff_loss": 0.0, "fpem/swap_same_loss": 0.0, "fpem/swap_gain_mean": 0.0, "fpem/swap_s_gain_mean": 0.0, "fpem/swap_fallback_router_loss": 0.0, "fpem/swap_fallback_q_mean": 0.0, "fpem/swap_prediction_delta": 0.0, "fpem/swap_route_delta": 0.0, "fpem/swap_hyper_alpha_delta": 0.0, "fpem/swap_hyper_delta_norm": 0.0, "fpem/loss_env_day": 0.0, "fpem/loss_env_hour": 0.0, "fpem/loss_env_rush": 0.0, "fpem/env_day_acc": 0.0, "fpem/env_hour_acc": 0.0, "fpem/env_rush_acc": 0.0, "fpem/loss_env_supcon": 0.0, "fpem/env_supcon_valid_pairs": 0.0, "fpem/loss_inv_env_adv": 0.0, "fpem/inv_day_acc": 0.0, "fpem/inv_hour_acc": 0.0, "fpem/inv_rush_acc": 0.0, "fpem/loss_cross_cov_sep": 0.0, "fpem/confounder_dep_enabled": 1.0, "fpem/confounder_dep_mode_gci": 1.0, "fpem/confounder_dep_mode_scd": 0.0, "fpem/confounder_dep_mode_both": 0.0, "fpem/confounder_dep_total": 0.09999765413148062, "fpem/loss_gci": 4.381491222325113e-08, "fpem/loss_gci_drop": 4.381491222325113e-08, "fpem/loss_gci_keep": 1.666237734017756e-15, "fpem/loss_gci_graph_align": 0.9999765237172444, "fpem/loss_scd": 0.0, "fpem/loss_conf_kl": 0.19022497634092966, "fpem/effective_gci_weight": 0.0, "fpem/effective_gci_graph_align_weight": 0.10000000149011612, "fpem/effective_scd_weight": 0.0, "fpem/effective_conf_kl_weight": 0.0, "fpem/confounder_dep_ramp_factor": 0.0, "fpem/C_mean": 0.028725136958417437, "fpem/C_std": 1.0478658784003485, "fpem/C_norm": 2.8882893698556082, "fpem/confounder_token_norm": 7.968694741385324, "fpem/confounder_variational": 1.0, "fpem/confounder_projection_trace": 7.99871711730957, "fpem/confounder_projection_ridge": 0.0010000000474974513, "fpem/confounder_projection_rank_dim": 8.0, "fpem/confounder_projection_calls": 1.0, "fpem/confounder_dep_detach_target": 1.0, "fpem/gci_nonedge_mass_before_C": 0.9593999947820391, "fpem/gci_nonedge_mass_after_C": 0.9593999976203555, "fpem/gci_nonedge_mass_reduction": -2.838316417875744e-09, "fpem/gci_relative_violation": 4.381491222325113e-08, "fpem/gci_edge_before_C": 0.005000000469209183, "fpem/gci_edge_after_C": 0.005000000172072933, "fpem/gci_nonedge_conn_before_C": 0.004999999883806422, "fpem/gci_nonedge_conn_after_C": 0.004999999883806422, "fpem/gci_nonedge_conn_reduction": 0.0, "fpem/gci_edge_conn_before_C": 0.005000000469209183, "fpem/gci_edge_conn_after_C": 0.005000000172072933, "fpem/gci_edge_conn_reduction": 2.9713624999636693e-10, "fpem/gci_nonedge_dep_before_C": 0.004999999883806422, "fpem/gci_nonedge_dep_after_C": 0.004999999883806422, "fpem/gci_nonedge_dep_reduction": 0.0, "fpem/gci_edge_dep_before_C": 0.005000000469209183, "fpem/gci_edge_dep_after_C": 0.005000000172072933, "fpem/gci_nonedge_count": 38376.0, "fpem/gci_edge_count": 1424.0, "fpem/gci_node_count": 200.0, "fpem/gci_node_vector_dim": 2240.0, "fpem/gci_graph_embed_dim": 16.0, "fpem/gci_graph_embedding_norm_before": 0.03725475177523636, "fpem/gci_graph_embedding_norm_after": 0.037243990067924775, "fpem/gci_graph_embedding_std_before": 0.009220797364555654, "fpem/gci_graph_embedding_std_after": 0.009217750321009329, "fpem/gci_graph_adj_mean_before": 0.004999999888241291, "fpem/gci_graph_adj_mean_after": 0.004999999888241291, "fpem/gci_graph_adj_std_before": 3.521603232517886e-08, "fpem/gci_graph_adj_std_after": 2.249105947725924e-08, "fpem/gci_graph_align_weight": 0.10000000149011612, "fpem/gci_graph_align_raw_mse": 5.38172965578031e-08, "fpem/gci_graph_align_normalized": 0.9999765237172444, "fpem/gci_edge_preserve_beta": 0.10000000149011612, "fpem/gci_graph_align_target_available": 1.0, "fpem/gci_target_adj_mean": 0.004999999888241291, "fpem/gci_target_adj_std": 0.0002319861378055066, "fpem/gci_target_edge_mean": 0.00513450289145112, "fpem/gci_target_nonedge_mean": 0.0049905311316251755, "fpem/gci_target_diag_mean": 0.00585911376401782, "fpem/gci_graph_align_updates_agcrn": 0.0, "fpem/gci_updates_graph_linear": 0.0, "fpem/gci_graph_construction_agcrn_softmax": 1.0, "fpem/scd_assoc_before_C": 0.0, "fpem/scd_assoc_after_C": 0.0, "fpem/scd_assoc_reduction": 0.0, "fpem/scd_relative_violation": 0.0, "fpem/sample_assoc_before_C": 0.0, "fpem/sample_assoc_after_C": 0.0, "fpem/sample_assoc_reduction": 0.0, "fpem/sample_dep_before_C": 0.0, "fpem/sample_dep_after_C": 0.0, "fpem/sample_dep_reduction": 0.0, "fpem/scd_batch_size": 0.0, "fpem/scd_sample_vector_dim": 0.0, "fpem/sample_kernel_alignment": 0.0, "fpem/scd_alignment_loss": 0.0, "fpem/load_level_experts_enabled": 1.0, "fpem/load_level_uses_target_or_future_load": 0.0, "fpem/environment_gate_uses_target_in_forward": 0.0, "fpem/load_level_env_residual_scale": 0.0, "fpem/uses_cached_observable_load_prior": 1.0, "fpem/primary_loss": 14.273252469017391, "fpem/inv_pred_loss": 9.216377421787806, "fpem/primary_uses_route": 1.0, "fpem/primary_uses_env_fusion": 0.0, "fpem/backbone_agcrn": 1.0, "fpem/backbone_graphwavenet": 0.0, "fpem/backbone_staeformer": 0.0, "fpem/gc_pred_loss_only": 1.0, "fpem/env_route_head_mode_hyper_proto": 1.0, "fpem/fpem_force_uniform_route": 0.0, "fpem/hard_prediction_sinkhorn_total_replaces_primary": 0.0, "fpem/hard_prediction_environment_sinkhorn_total_replaces_primary": 0.0, "fpem/warmup_risk_sinkhorn_total_replaces_primary": 0.0, "fpem/lambda_club_mi": 0.0}}
EPOCH {"epoch": 2, "train_loss": 12.300218273344495, "val": {"loss": 12.338492658403185, "mae": 12.077638626098633, "mape": 0.2431713044643402}, "test_mixed": {"loss": NaN, "mae": NaN, "mape": NaN}, "test_workday": {"loss": NaN, "mae": NaN, "mape": NaN}, "test_holiday": {"loss": NaN, "mae": NaN, "mape": NaN}, "test_avg_mae": NaN, "best_selection_value": 12.338492658403185, "best_selection_split": "val", "best_selection_metric": "val_loss", "lr": 0.001, "fpem_logs": {"fpem/fpem_env_use_exogenous": 1.0, "fpem/env_exogenous_available": 1.0, "fpem/env_exogenous_time_available": 1.0, "fpem/env_exogenous_load_available": 1.0, "fpem/env_exogenous_feature_dim": 32.0, "fpem/env_exogenous_embedding_norm": 2.2949262914203463, "fpem/env_exogenous_load_embedding_norm": 1.4474145923342023, "fpem/fpem_env_use_period_context": 1.0, "fpem/env_period_context_available": 1.0, "fpem/env_period_day_available_ratio": 0.9732142857142857, "fpem/env_period_week_available_ratio": 0.8244047619047619, "fpem/env_period_context_feature_dim": 6.0, "fpem/env_period_context_scale": 0.10000000149011612, "fpem/env_period_context_delta_norm": 0.06466785396138827, "fpem/env_period_context_day_diff_norm": 0.1627270513347217, "fpem/env_period_context_week_diff_norm": 0.10188992708211854, "fpem/env_rep_ablation_normal": 1.0, "fpem/env_rep_ablation_zero": 0.0, "fpem/env_rep_ablation_shuffle_batch": 0.0, "fpem/env_rep_ablation_mode_id": 0.0, "fpem/mask_loss": 0.0, "fpem/mask_sparse_loss": 0.0, "fpem/mask_entropy_loss": 0.0, "fpem/mask_mean": 1.0, "fpem/mask_entropy": 0.0, "fpem/mask_active_ratio": 1.0, "fpem/fusion_alpha_mean": 0.0, "fpem/fusion_alpha_std": 0.0, "fpem/fusion_alpha_min": 0.0, "fpem/fusion_alpha_max": 0.0, "fpem/env_route_loss": 2.090193234171186, "fpem/env_route_L_final": 10.109993426005046, "fpem/env_route_L_global": 0.0, "fpem/env_route_L_route_soft": 0.0, "fpem/env_route_L_expert": 10.45096596309117, "fpem/env_route_L_router_oracle": 0.0, "fpem/env_route_L_balance": 0.0, "fpem/env_route_L_diverse": 0.0, "fpem/env_route_L_proto_align": 0.0, "fpem/env_route_entropy": 0.0, "fpem/env_route_q_max_mean": 0.0, "fpem/hyper_alpha_mean": 0.0, "fpem/hyper_delta_norm": 0.0, "fpem/hyper_route_proto_mode_uniform_warmup": 0.0, "fpem/hyper_route_proto_mode_uniform_fixed": 0.0, "fpem/hyper_route_proto_mode_sinkhorn": 0.0, "fpem/hyper_route_proto_mode_softmax": 0.0, "fpem/fallback_q_mean": 0.0, "fpem/fallback_q_max": 0.0, "fpem/env_q_sum_mean": 1.0, "fpem/oracle_fallback_rate": 0.0, "fpem/route_count_fallback": 0.0, "fpem/env_route_head_mode": 1.0, "fpem/route_entropy_mean": 0.0, "fpem/route_mean_distribution_entropy": 0.0, "fpem/effective_expert_number": 1.0, "fpem/max_expert_usage_ratio": 0.0, "fpem/min_expert_usage_ratio": 0.0, "fpem/prototype_pairwise_cosine": 0.0, "fpem/expert_prediction_pairwise_cosine": 0.0, "fpem/expert_collapse_warning": 0.0, "fpem/env_route_target_mode_env_prototype": 0.0, "fpem/env_route_target_mode_hybrid": 0.0, "fpem/env_route_hybrid_alpha": 0.0, "fpem/env_route_train_mode_warmup_risk_sinkhorn": 0.0, "fpem/warmup_risk_stage_warmup": 0.0, "fpem/warmup_risk_stage_soft": 0.0, "fpem/warmup_risk_stage_hard": 0.0, "fpem/warmup_risk_selected_loss": 0.0, "fpem/warmup_risk_uniform_common_loss": 0.0, "fpem/warmup_risk_lambda_common": 0.0, "fpem/warmup_risk_total_common_term": 0.0, "fpem/warmup_risk_temperature": 0.0, "fpem/warmup_risk_temperature_progress": 0.0, "fpem/uniform_expert_mae": 0.0, "fpem/risk_routed_mae": 0.0, "fpem/risk_prediction_mae": 0.0, "fpem/risk_loss": 0.0, "fpem/risk_ranking_loss": 0.0, "fpem/risk_ranking_accuracy": 0.0, "fpem/risk_oracle_argmin_accuracy": 0.0, "fpem/risk_router_temperature": 0.0, "fpem/risk_router_lambda": 0.0, "fpem/risk_router_pairwise_lambda": 0.0, "fpem/env_route_train_mode_progressive_gmm_environment": 0.0, "fpem/top_level_prediction_source_progressive_gmm_teacher_hard": 0.0, "fpem/progressive_assignment_uses_target_or_prediction_error": 0.0, "fpem/progressive_partition_ready": 0.0, "fpem/progressive_selected_k": 0.0, "fpem/progressive_active_expert_count": 0.0, "fpem/progressive_last_partition_epoch": 0.0, "fpem/progressive_lambda_common": 0.0, "fpem/progressive_common_term": 0.0, "fpem/progressive_compactness_loss": 0.0, "fpem/progressive_consistency_loss": 0.0, "fpem/progressive_cluster_entropy": 0.0, "fpem/progressive_assignment_change_ratio": 0.0, "fpem/progressive_hungarian_overlap_score": 0.0, "fpem/progressive_partition_update_time_sec": 0.0, "fpem/progressive_routed_mae": 0.0, "fpem/progressive_gmm_environment_total_replaces_primary": 0.0, "fpem/env_route_count_head_0": 16.0, "fpem/env_route_oracle_count_head_0": 16.0, "fpem/route_count_env_head_0": 16.0, "fpem/route_soft_mean_expert_0": 1.0, "fpem/route_hard_count_expert_0": 16.0, "fpem/hard_count_expert_0": 16.0, "fpem/sinkhorn_soft_col_mass_expert_0": 0.0, "fpem/progressive_active_expert_0": 0.0, "fpem/progressive_cluster_size_0": 0.0, "fpem/progressive_cluster_ratio_0": 0.0, "fpem/progressive_cluster_to_expert_0": 0.0, "fpem/progressive_bic_k1": 0.0, "fpem/progressive_bic_score_k1": 0.0, "fpem/progressive_bic_rejected_k1": 0.0, "fpem/hyper_alpha_head_0": 0.0, "fpem/hyper_gamma_norm_head_0": 0.0, "fpem/hyper_beta_norm_head_0": 0.0, "fpem/expert_cross_mae_group_0_expert_0": 10.45096596309117, "fpem/load_expert_loss": 10.45096596309117, "fpem/counterfactual_risk_router_loss": 0.0, "fpem/counterfactual_risk_regression_loss": 9.583699521564302, "fpem/counterfactual_risk_ranking_loss": 2.0073909952527003, "fpem/load_level_assignment_detached": 1.0, "fpem/load_level_count_0": 1680.0, "fpem/load_level_ratio_0": 1.0, "fpem/expert_0_global_loss": 10.45096596309117, "fpem/expert_0_selected_loss": 10.45096596309117, "fpem/counterfactual_risk_stage2_active": 0.0, "fpem/counterfactual_risk_stage2_start_epoch": 20.0, "fpem/counterfactual_risk_all_environment_mae": 10.45096596309117, "fpem/counterfactual_risk_all_invariant_mae": 9.662237521580288, "fpem/counterfactual_risk_routed_mae": 10.45096596309117, "fpem/counterfactual_risk_oracle_mae": 9.609845878964379, "fpem/counterfactual_risk_router_accuracy": 0.18988095238095237, "fpem/counterfactual_risk_router_balanced_accuracy": 0.40476190476190477, "fpem/counterfactual_risk_inv_route_ratio": 0.0, "fpem/counterfactual_risk_env_route_ratio": 1.0, "fpem/counterfactual_risk_inv_switch_precision": 0.0, "fpem/counterfactual_risk_correct_inv_switches": 0.0, "fpem/counterfactual_risk_harmful_inv_switches": 0.0, "fpem/counterfactual_risk_saved_loss": 0.0, "fpem/counterfactual_risk_added_loss": 0.0, "fpem/counterfactual_risk_net_gain": 0.0, "fpem/counterfactual_risk_regret": 0.8411200841267904, "fpem/counterfactual_risk_oracle_gap_closed": 0.0, "fpem/counterfactual_risk_delta_mean": 0.788728424622899, "fpem/counterfactual_risk_target_inv_ratio": 0.8101190476190476, "fpem/counterfactual_risk_weight_env_sum": 6.247619024912516, "fpem/counterfactual_risk_weight_inv_sum": 9.52380944206601, "fpem/counterfactual_risk_prediction_is_hard_route": 1.0, "fpem/counterfactual_risk_prediction_is_soft_fusion": 0.0, "fpem/counterfactual_risk_target_detached": 1.0, "fpem/counterfactual_risk_uses_threshold": 0.0, "fpem/counterfactual_risk_all_samples_used_for_router": 1.0, "fpem/hard_router_predicted_env_ratio": 1.0, "fpem/hard_router_effective_env_ratio": 1.0, "fpem/hard_router_target_env_ratio": 0.18988095238095237, "fpem/hard_router_gain_mean": 0.788728424622899, "fpem/expert_prediction_pairwise_difference": 0.0, "fpem/delta_pairwise_cosine": 0.0, "fpem/delta_pairwise_l1": 0.0, "fpem/delta_pairwise_l2": 0.0, "fpem/expert_0_parameter_norm": 14.829103469848633, "fpem/hard_binary_router_enabled": 0.0, "fpem/hard_router_uses_target_in_forward": 0.0, "fpem/stored_future_c_loaded": 0.0, "fpem/prediction_is_weighted_complete_fusion": 0.0, "fpem/prediction_is_hard_route": 1.0, "fpem/conservative_inv_override_enabled": 0.0, "fpem/conservative_router_features_detached": 1.0, "fpem/counterfactual_risk_router_enabled": 1.0, "fpem/counterfactual_risk_stage2_active_forward": 0.0, "fpem/counterfactual_risk_deploy_route_active": 0.0, "fpem/counterfactual_risk_training_uses_route": 0.0, "fpem/counterfactual_risk_forward_uses_threshold": 0.0, "fpem/future_mi_loss": 0.0, "fpem/future_mi_valid": 0.0, "fpem/future_mi_logvar_mean": 0.0, "fpem/future_mi_target_mode_env_encoder": 0.0, "fpem/swap_loss": 0.0, "fpem/swap_diff_loss": 0.0, "fpem/swap_same_loss": 0.0, "fpem/swap_gain_mean": 0.0, "fpem/swap_s_gain_mean": 0.0, "fpem/swap_fallback_router_loss": 0.0, "fpem/swap_fallback_q_mean": 0.0, "fpem/swap_prediction_delta": 0.0, "fpem/swap_route_delta": 0.0, "fpem/swap_hyper_alpha_delta": 0.0, "fpem/swap_hyper_delta_norm": 0.0, "fpem/loss_env_day": 0.0, "fpem/loss_env_hour": 0.0, "fpem/loss_env_rush": 0.0, "fpem/env_day_acc": 0.0, "fpem/env_hour_acc": 0.0, "fpem/env_rush_acc": 0.0, "fpem/loss_env_supcon": 0.0, "fpem/env_supcon_valid_pairs": 0.0, "fpem/loss_inv_env_adv": 0.0, "fpem/inv_day_acc": 0.0, "fpem/inv_hour_acc": 0.0, "fpem/inv_rush_acc": 0.0, "fpem/loss_cross_cov_sep": 0.0, "fpem/confounder_dep_enabled": 1.0, "fpem/confounder_dep_mode_gci": 1.0, "fpem/confounder_dep_mode_scd": 0.0, "fpem/confounder_dep_mode_both": 0.0, "fpem/confounder_dep_total": 0.10003161494221006, "fpem/loss_gci": 2.3019305818108716e-05, "fpem/loss_gci_drop": 2.3018934583890748e-05, "fpem/loss_gci_keep": 3.7119673785139968e-09, "fpem/loss_gci_graph_align": 1.0003161328179495, "fpem/loss_scd": 0.0, "fpem/loss_conf_kl": 0.19567318445160276, "fpem/effective_gci_weight": 0.0, "fpem/effective_gci_graph_align_weight": 0.10000000149011612, "fpem/effective_scd_weight": 0.0, "fpem/effective_conf_kl_weight": 0.0, "fpem/confounder_dep_ramp_factor": 0.0, "fpem/C_mean": 0.05417541029552619, "fpem/C_std": 1.0437157102993557, "fpem/C_norm": 2.8775734901428223, "fpem/confounder_token_norm": 7.984745706830706, "fpem/confounder_variational": 1.0, "fpem/confounder_projection_trace": 7.998739015488398, "fpem/confounder_projection_ridge": 0.0010000000474974513, "fpem/confounder_projection_rank_dim": 8.0, "fpem/confounder_projection_calls": 1.0, "fpem/confounder_dep_detach_target": 1.0, "fpem/gci_nonedge_mass_before_C": 0.9593697082428705, "fpem/gci_nonedge_mass_after_C": 0.9593872121402196, "fpem/gci_nonedge_mass_reduction": -1.7503897349039715e-05, "fpem/gci_relative_violation": 2.3018934583890748e-05, "fpem/gci_edge_before_C": 0.005002327706842195, "fpem/gci_edge_after_C": 0.005001004594599917, "fpem/gci_nonedge_conn_before_C": 0.004999842250808364, "fpem/gci_nonedge_conn_after_C": 0.004999933484941721, "fpem/gci_nonedge_conn_reduction": -9.123413335709345e-08, "fpem/gci_edge_conn_before_C": 0.005002327706842195, "fpem/gci_edge_conn_after_C": 0.005001004594599917, "fpem/gci_edge_conn_reduction": 1.3231122422785987e-06, "fpem/gci_nonedge_dep_before_C": 0.004999842250808364, "fpem/gci_nonedge_dep_after_C": 0.004999933484941721, "fpem/gci_nonedge_dep_reduction": -9.123413335709345e-08, "fpem/gci_edge_dep_before_C": 0.005002327706842195, "fpem/gci_edge_dep_after_C": 0.005001004594599917, "fpem/gci_nonedge_count": 38376.0, "fpem/gci_edge_count": 1424.0, "fpem/gci_node_count": 200.0, "fpem/gci_node_vector_dim": 2240.0, "fpem/gci_graph_embed_dim": 16.0, "fpem/gci_graph_embedding_norm_before": 0.028706087003506367, "fpem/gci_graph_embedding_norm_after": 0.023999836089621696, "fpem/gci_graph_embedding_std_before": 0.011831540317230282, "fpem/gci_graph_embedding_std_after": 0.008936828976896192, "fpem/gci_graph_adj_mean_before": 0.00499999989267616, "fpem/gci_graph_adj_mean_after": 0.00499999989267616, "fpem/gci_graph_adj_std_before": 1.7356720013730235e-05, "fpem/gci_graph_adj_std_after": 7.511867877672631e-06, "fpem/gci_graph_align_weight": 0.10000000149011612, "fpem/gci_graph_align_raw_mse": 5.3835573950101166e-08, "fpem/gci_graph_align_normalized": 1.0003161328179495, "fpem/gci_edge_preserve_beta": 0.10000000149011612, "fpem/gci_graph_align_target_available": 1.0, "fpem/gci_target_adj_mean": 0.004999999888241291, "fpem/gci_target_adj_std": 0.0002319861378055066, "fpem/gci_target_edge_mean": 0.00513450289145112, "fpem/gci_target_nonedge_mean": 0.0049905311316251755, "fpem/gci_target_diag_mean": 0.00585911376401782, "fpem/gci_graph_align_updates_agcrn": 0.0, "fpem/gci_updates_graph_linear": 0.0, "fpem/gci_graph_construction_agcrn_softmax": 1.0, "fpem/scd_assoc_before_C": 0.0, "fpem/scd_assoc_after_C": 0.0, "fpem/scd_assoc_reduction": 0.0, "fpem/scd_relative_violation": 0.0, "fpem/sample_assoc_before_C": 0.0, "fpem/sample_assoc_after_C": 0.0, "fpem/sample_assoc_reduction": 0.0, "fpem/sample_dep_before_C": 0.0, "fpem/sample_dep_after_C": 0.0, "fpem/sample_dep_reduction": 0.0, "fpem/scd_batch_size": 0.0, "fpem/scd_sample_vector_dim": 0.0, "fpem/sample_kernel_alignment": 0.0, "fpem/scd_alignment_loss": 0.0, "fpem/load_level_experts_enabled": 1.0, "fpem/load_level_uses_target_or_future_load": 0.0, "fpem/environment_gate_uses_target_in_forward": 0.0, "fpem/load_level_env_residual_scale": 0.0, "fpem/uses_cached_observable_load_prior": 1.0, "fpem/primary_loss": 10.109993426005046, "fpem/inv_pred_loss": 9.216805008479527, "fpem/primary_uses_route": 1.0, "fpem/primary_uses_env_fusion": 0.0, "fpem/backbone_agcrn": 1.0, "fpem/backbone_graphwavenet": 0.0, "fpem/backbone_staeformer": 0.0, "fpem/gc_pred_loss_only": 1.0, "fpem/env_route_head_mode_hyper_proto": 1.0, "fpem/fpem_force_uniform_route": 0.0, "fpem/hard_prediction_sinkhorn_total_replaces_primary": 0.0, "fpem/hard_prediction_environment_sinkhorn_total_replaces_primary": 0.0, "fpem/warmup_risk_sinkhorn_total_replaces_primary": 0.0, "fpem/lambda_club_mi": 0.0}}
EPOCH {"epoch": 3, "train_loss": 10.9096315293085, "val": {"loss": 12.035843001471626, "mae": 11.828512191772461, "mape": 0.2085808366537094}, "test_mixed": {"loss": NaN, "mae": NaN, "mape": NaN}, "test_workday": {"loss": NaN, "mae": NaN, "mape": NaN}, "test_holiday": {"loss": NaN, "mae": NaN, "mape": NaN}, "test_avg_mae": NaN, "best_selection_value": 12.035843001471626, "best_selection_split": "val", "best_selection_metric": "val_loss", "lr": 0.001, "fpem_logs": {"fpem/fpem_env_use_exogenous": 1.0, "fpem/env_exogenous_available": 1.0, "fpem/env_exogenous_time_available": 1.0, "fpem/env_exogenous_load_available": 1.0, "fpem/env_exogenous_feature_dim": 32.0, "fpem/env_exogenous_embedding_norm": 2.323451189767747, "fpem/env_exogenous_load_embedding_norm": 1.4894355365208216, "fpem/fpem_env_use_period_context": 1.0, "fpem/env_period_context_available": 1.0, "fpem/env_period_day_available_ratio": 0.9732142857142857, "fpem/env_period_week_available_ratio": 0.8244047619047619, "fpem/env_period_context_feature_dim": 6.0, "fpem/env_period_context_scale": 0.10000000149011612, "fpem/env_period_context_delta_norm": 0.09842094204255512, "fpem/env_period_context_day_diff_norm": 0.1627270526119641, "fpem/env_period_context_week_diff_norm": 0.1018899272595133, "fpem/env_rep_ablation_normal": 1.0, "fpem/env_rep_ablation_zero": 0.0, "fpem/env_rep_ablation_shuffle_batch": 0.0, "fpem/env_rep_ablation_mode_id": 0.0, "fpem/mask_loss": 0.0, "fpem/mask_sparse_loss": 0.0, "fpem/mask_entropy_loss": 0.0, "fpem/mask_mean": 1.0, "fpem/mask_entropy": 0.0, "fpem/mask_active_ratio": 1.0, "fpem/fusion_alpha_mean": 0.0, "fpem/fusion_alpha_std": 0.0, "fpem/fusion_alpha_min": 0.0, "fpem/fusion_alpha_max": 0.0, "fpem/env_route_loss": 1.9491593917210897, "fpem/env_route_L_final": 9.341612938472203, "fpem/env_route_L_global": 0.0, "fpem/env_route_L_route_soft": 0.0, "fpem/env_route_L_expert": 9.745796771276565, "fpem/env_route_L_router_oracle": 0.0, "fpem/env_route_L_balance": 0.0, "fpem/env_route_L_diverse": 0.0, "fpem/env_route_L_proto_align": 0.0, "fpem/env_route_entropy": 0.0, "fpem/env_route_q_max_mean": 0.0, "fpem/hyper_alpha_mean": 0.0, "fpem/hyper_delta_norm": 0.0, "fpem/hyper_route_proto_mode_uniform_warmup": 0.0, "fpem/hyper_route_proto_mode_uniform_fixed": 0.0, "fpem/hyper_route_proto_mode_sinkhorn": 0.0, "fpem/hyper_route_proto_mode_softmax": 0.0, "fpem/fallback_q_mean": 0.0, "fpem/fallback_q_max": 0.0, "fpem/env_q_sum_mean": 1.0, "fpem/oracle_fallback_rate": 0.0, "fpem/route_count_fallback": 0.0, "fpem/env_route_head_mode": 1.0, "fpem/route_entropy_mean": 0.0, "fpem/route_mean_distribution_entropy": 0.0, "fpem/effective_expert_number": 1.0, "fpem/max_expert_usage_ratio": 0.0, "fpem/min_expert_usage_ratio": 0.0, "fpem/prototype_pairwise_cosine": 0.0, "fpem/expert_prediction_pairwise_cosine": 0.0, "fpem/expert_collapse_warning": 0.0, "fpem/env_route_target_mode_env_prototype": 0.0, "fpem/env_route_target_mode_hybrid": 0.0, "fpem/env_route_hybrid_alpha": 0.0, "fpem/env_route_train_mode_warmup_risk_sinkhorn": 0.0, "fpem/warmup_risk_stage_warmup": 0.0, "fpem/warmup_risk_stage_soft": 0.0, "fpem/warmup_risk_stage_hard": 0.0, "fpem/warmup_risk_selected_loss": 0.0, "fpem/warmup_risk_uniform_common_loss": 0.0, "fpem/warmup_risk_lambda_common": 0.0, "fpem/warmup_risk_total_common_term": 0.0, "fpem/warmup_risk_temperature": 0.0, "fpem/warmup_risk_temperature_progress": 0.0, "fpem/uniform_expert_mae": 0.0, "fpem/risk_routed_mae": 0.0, "fpem/risk_prediction_mae": 0.0, "fpem/risk_loss": 0.0, "fpem/risk_ranking_loss": 0.0, "fpem/risk_ranking_accuracy": 0.0, "fpem/risk_oracle_argmin_accuracy": 0.0, "fpem/risk_router_temperature": 0.0, "fpem/risk_router_lambda": 0.0, "fpem/risk_router_pairwise_lambda": 0.0, "fpem/env_route_train_mode_progressive_gmm_environment": 0.0, "fpem/top_level_prediction_source_progressive_gmm_teacher_hard": 0.0, "fpem/progressive_assignment_uses_target_or_prediction_error": 0.0, "fpem/progressive_partition_ready": 0.0, "fpem/progressive_selected_k": 0.0, "fpem/progressive_active_expert_count": 0.0, "fpem/progressive_last_partition_epoch": 0.0, "fpem/progressive_lambda_common": 0.0, "fpem/progressive_common_term": 0.0, "fpem/progressive_compactness_loss": 0.0, "fpem/progressive_consistency_loss": 0.0, "fpem/progressive_cluster_entropy": 0.0, "fpem/progressive_assignment_change_ratio": 0.0, "fpem/progressive_hungarian_overlap_score": 0.0, "fpem/progressive_partition_update_time_sec": 0.0, "fpem/progressive_routed_mae": 0.0, "fpem/progressive_gmm_environment_total_replaces_primary": 0.0, "fpem/env_route_count_head_0": 16.0, "fpem/env_route_oracle_count_head_0": 16.0, "fpem/route_count_env_head_0": 16.0, "fpem/route_soft_mean_expert_0": 1.0, "fpem/route_hard_count_expert_0": 16.0, "fpem/hard_count_expert_0": 16.0, "fpem/sinkhorn_soft_col_mass_expert_0": 0.0, "fpem/progressive_active_expert_0": 0.0, "fpem/progressive_cluster_size_0": 0.0, "fpem/progressive_cluster_ratio_0": 0.0, "fpem/progressive_cluster_to_expert_0": 0.0, "fpem/progressive_bic_k1": 0.0, "fpem/progressive_bic_score_k1": 0.0, "fpem/progressive_bic_rejected_k1": 0.0, "fpem/hyper_alpha_head_0": 0.0, "fpem/hyper_gamma_norm_head_0": 0.0, "fpem/hyper_beta_norm_head_0": 0.0, "fpem/expert_cross_mae_group_0_expert_0": 9.745796771276565, "fpem/load_expert_loss": 9.745796771276565, "fpem/counterfactual_risk_router_loss": 0.0, "fpem/counterfactual_risk_regression_loss": 9.272093532198951, "fpem/counterfactual_risk_ranking_loss": 1.608352153641837, "fpem/load_level_assignment_detached": 1.0, "fpem/load_level_count_0": 1680.0, "fpem/load_level_ratio_0": 1.0, "fpem/expert_0_global_loss": 9.745796771276565, "fpem/expert_0_selected_loss": 9.745796771276565, "fpem/counterfactual_risk_stage2_active": 0.0, "fpem/counterfactual_risk_stage2_start_epoch": 20.0, "fpem/counterfactual_risk_all_environment_mae": 9.745796771276565, "fpem/counterfactual_risk_all_invariant_mae": 9.662237562452043, "fpem/counterfactual_risk_routed_mae": 9.745796771276565, "fpem/counterfactual_risk_oracle_mae": 9.54363465990339, "fpem/counterfactual_risk_router_accuracy": 0.4398809523809524, "fpem/counterfactual_risk_router_balanced_accuracy": 0.5, "fpem/counterfactual_risk_inv_route_ratio": 0.0, "fpem/counterfactual_risk_env_route_ratio": 1.0, "fpem/counterfactual_risk_inv_switch_precision": 0.0, "fpem/counterfactual_risk_correct_inv_switches": 0.0, "fpem/counterfactual_risk_harmful_inv_switches": 0.0, "fpem/counterfactual_risk_saved_loss": 0.0, "fpem/counterfactual_risk_added_loss": 0.0, "fpem/counterfactual_risk_net_gain": 0.0, "fpem/counterfactual_risk_regret": 0.20216211137317475, "fpem/counterfactual_risk_oracle_gap_closed": 0.0, "fpem/counterfactual_risk_delta_mean": 0.08355935088225773, "fpem/counterfactual_risk_target_inv_ratio": 0.5601190476190476, "fpem/counterfactual_risk_weight_env_sum": 7.9999999455043245, "fpem/counterfactual_risk_weight_inv_sum": 7.999999904632569, "fpem/counterfactual_risk_prediction_is_hard_route": 1.0, "fpem/counterfactual_risk_prediction_is_soft_fusion": 0.0, "fpem/counterfactual_risk_target_detached": 1.0, "fpem/counterfactual_risk_uses_threshold": 0.0, "fpem/counterfactual_risk_all_samples_used_for_router": 1.0, "fpem/hard_router_predicted_env_ratio": 1.0, "fpem/hard_router_effective_env_ratio": 1.0, "fpem/hard_router_target_env_ratio": 0.4398809523809524, "fpem/hard_router_gain_mean": 0.08355935088225773, "fpem/expert_prediction_pairwise_difference": 0.0, "fpem/delta_pairwise_cosine": 0.0, "fpem/delta_pairwise_l1": 0.0, "fpem/delta_pairwise_l2": 0.0, "fpem/expert_0_parameter_norm": 14.83397474743071, "fpem/hard_binary_router_enabled": 0.0, "fpem/hard_router_uses_target_in_forward": 0.0, "fpem/stored_future_c_loaded": 0.0, "fpem/prediction_is_weighted_complete_fusion": 0.0, "fpem/prediction_is_hard_route": 1.0, "fpem/conservative_inv_override_enabled": 0.0, "fpem/conservative_router_features_detached": 1.0, "fpem/counterfactual_risk_router_enabled": 1.0, "fpem/counterfactual_risk_stage2_active_forward": 0.0, "fpem/counterfactual_risk_deploy_route_active": 0.0, "fpem/counterfactual_risk_training_uses_route": 0.0, "fpem/counterfactual_risk_forward_uses_threshold": 0.0, "fpem/future_mi_loss": 0.0, "fpem/future_mi_valid": 0.0, "fpem/future_mi_logvar_mean": 0.0, "fpem/future_mi_target_mode_env_encoder": 0.0, "fpem/swap_loss": 0.0, "fpem/swap_diff_loss": 0.0, "fpem/swap_same_loss": 0.0, "fpem/swap_gain_mean": 0.0, "fpem/swap_s_gain_mean": 0.0, "fpem/swap_fallback_router_loss": 0.0, "fpem/swap_fallback_q_mean": 0.0, "fpem/swap_prediction_delta": 0.0, "fpem/swap_route_delta": 0.0, "fpem/swap_hyper_alpha_delta": 0.0, "fpem/swap_hyper_delta_norm": 0.0, "fpem/loss_env_day": 0.0, "fpem/loss_env_hour": 0.0, "fpem/loss_env_rush": 0.0, "fpem/env_day_acc": 0.0, "fpem/env_hour_acc": 0.0, "fpem/env_rush_acc": 0.0, "fpem/loss_env_supcon": 0.0, "fpem/env_supcon_valid_pairs": 0.0, "fpem/loss_inv_env_adv": 0.0, "fpem/inv_day_acc": 0.0, "fpem/inv_hour_acc": 0.0, "fpem/inv_rush_acc": 0.0, "fpem/loss_cross_cov_sep": 0.0, "fpem/confounder_dep_enabled": 1.0, "fpem/confounder_dep_mode_gci": 1.0, "fpem/confounder_dep_mode_scd": 0.0, "fpem/confounder_dep_mode_both": 0.0, "fpem/confounder_dep_total": 0.0985532759200959, "fpem/loss_gci": 3.2550112345710485e-05, "fpem/loss_gci_drop": 3.254982344688393e-05, "fpem/loss_gci_keep": 2.8876303155501133e-09, "fpem/loss_gci_graph_align": 0.9855327464285351, "fpem/loss_scd": 0.0, "fpem/loss_conf_kl": 0.20011285358951206, "fpem/effective_gci_weight": 0.0, "fpem/effective_gci_graph_align_weight": 0.10000000149011612, "fpem/effective_scd_weight": 0.0, "fpem/effective_conf_kl_weight": 0.0, "fpem/confounder_dep_ramp_factor": 0.0, "fpem/C_mean": 0.04037827372196175, "fpem/C_std": 1.0482869874863399, "fpem/C_norm": 2.887398660750616, "fpem/confounder_token_norm": 7.985445653824579, "fpem/confounder_variational": 1.0, "fpem/confounder_projection_trace": 7.99867004212879, "fpem/confounder_projection_ridge": 0.0010000000474974513, "fpem/confounder_projection_rank_dim": 8.0, "fpem/confounder_projection_calls": 1.0, "fpem/confounder_dep_detach_target": 1.0, "fpem/gci_nonedge_mass_before_C": 0.9593548661186582, "fpem/gci_nonedge_mass_after_C": 0.9593800113314674, "fpem/gci_nonedge_mass_reduction": -2.5145212809244792e-05, "fpem/gci_relative_violation": 3.254982344688393e-05, "fpem/gci_edge_before_C": 0.005003064791006702, "fpem/gci_edge_after_C": 0.005001378649224838, "fpem/gci_nonedge_conn_before_C": 0.004999764826858328, "fpem/gci_nonedge_conn_after_C": 0.004999895965946573, "fpem/gci_nonedge_conn_reduction": -1.3113908824466522e-07, "fpem/gci_edge_conn_before_C": 0.005003064791006702, "fpem/gci_edge_conn_after_C": 0.005001378649224838, "fpem/gci_edge_conn_reduction": 1.6861417818637122e-06, "fpem/gci_nonedge_dep_before_C": 0.004999764826858328, "fpem/gci_nonedge_dep_after_C": 0.004999895965946573, "fpem/gci_nonedge_dep_reduction": -1.3113908824466522e-07, "fpem/gci_edge_dep_before_C": 0.005003064791006702, "fpem/gci_edge_dep_after_C": 0.005001378649224838, "fpem/gci_nonedge_count": 38376.0, "fpem/gci_edge_count": 1424.0, "fpem/gci_node_count": 200.0, "fpem/gci_node_vector_dim": 2240.0, "fpem/gci_graph_embed_dim": 16.0, "fpem/gci_graph_embedding_norm_before": 0.03750726649803775, "fpem/gci_graph_embedding_norm_after": 0.02891512680798769, "fpem/gci_graph_embedding_std_before": 0.016982348422919, "fpem/gci_graph_embedding_std_after": 0.012057340122936737, "fpem/gci_graph_adj_mean_before": 0.00499999989267616, "fpem/gci_graph_adj_mean_after": 0.004999999888241291, "fpem/gci_graph_adj_std_before": 2.506535869802714e-05, "fpem/gci_graph_adj_std_after": 1.1779162713580826e-05, "fpem/gci_graph_align_weight": 0.10000000149011612, "fpem/gci_graph_align_raw_mse": 5.303995343248451e-08, "fpem/gci_graph_align_normalized": 0.9855327464285351, "fpem/gci_edge_preserve_beta": 0.10000000149011612, "fpem/gci_graph_align_target_available": 1.0, "fpem/gci_target_adj_mean": 0.004999999888241291, "fpem/gci_target_adj_std": 0.0002319861378055066, "fpem/gci_target_edge_mean": 0.00513450289145112, "fpem/gci_target_nonedge_mean": 0.0049905311316251755, "fpem/gci_target_diag_mean": 0.00585911376401782, "fpem/gci_graph_align_updates_agcrn": 0.0, "fpem/gci_updates_graph_linear": 0.0, "fpem/gci_graph_construction_agcrn_softmax": 1.0, "fpem/scd_assoc_before_C": 0.0, "fpem/scd_assoc_after_C": 0.0, "fpem/scd_assoc_reduction": 0.0, "fpem/scd_relative_violation": 0.0, "fpem/sample_assoc_before_C": 0.0, "fpem/sample_assoc_after_C": 0.0, "fpem/sample_assoc_reduction": 0.0, "fpem/sample_dep_before_C": 0.0, "fpem/sample_dep_after_C": 0.0, "fpem/sample_dep_reduction": 0.0, "fpem/scd_batch_size": 0.0, "fpem/scd_sample_vector_dim": 0.0, "fpem/sample_kernel_alignment": 0.0, "fpem/scd_alignment_loss": 0.0, "fpem/load_level_experts_enabled": 1.0, "fpem/load_level_uses_target_or_future_load": 0.0, "fpem/environment_gate_uses_target_in_forward": 0.0, "fpem/load_level_env_residual_scale": 0.0, "fpem/uses_cached_observable_load_prior": 1.0, "fpem/primary_loss": 9.341612938472203, "fpem/inv_pred_loss": 9.21915267308553, "fpem/primary_uses_route": 1.0, "fpem/primary_uses_env_fusion": 0.0, "fpem/backbone_agcrn": 1.0, "fpem/backbone_graphwavenet": 0.0, "fpem/backbone_staeformer": 0.0, "fpem/gc_pred_loss_only": 1.0, "fpem/env_route_head_mode_hyper_proto": 1.0, "fpem/fpem_force_uniform_route": 0.0, "fpem/hard_prediction_sinkhorn_total_replaces_primary": 0.0, "fpem/hard_prediction_environment_sinkhorn_total_replaces_primary": 0.0, "fpem/warmup_risk_sinkhorn_total_replaces_primary": 0.0, "fpem/lambda_club_mi": 0.0}}
EPOCH {"epoch": 4, "train_loss": 11.092193875994, "val": {"loss": 11.933849917517769, "mae": 11.70002555847168, "mape": 0.2008722871541977}, "test_mixed": {"loss": NaN, "mae": NaN, "mape": NaN}, "test_workday": {"loss": NaN, "mae": NaN, "mape": NaN}, "test_holiday": {"loss": NaN, "mae": NaN, "mape": NaN}, "test_avg_mae": NaN, "best_selection_value": 11.933849917517769, "best_selection_split": "val", "best_selection_metric": "val_loss", "lr": 0.001, "fpem_logs": {"fpem/fpem_env_use_exogenous": 1.0, "fpem/env_exogenous_available": 1.0, "fpem/env_exogenous_time_available": 1.0, "fpem/env_exogenous_load_available": 1.0, "fpem/env_exogenous_feature_dim": 32.0, "fpem/env_exogenous_embedding_norm": 2.3586604254586354, "fpem/env_exogenous_load_embedding_norm": 1.536119878859747, "fpem/fpem_env_use_period_context": 1.0, "fpem/env_period_context_available": 1.0, "fpem/env_period_day_available_ratio": 0.9732142857142857, "fpem/env_period_week_available_ratio": 0.8244047619047619, "fpem/env_period_context_feature_dim": 6.0, "fpem/env_period_context_scale": 0.10000000149011612, "fpem/env_period_context_delta_norm": 0.12425478476853598, "fpem/env_period_context_day_diff_norm": 0.16272705176046917, "fpem/env_period_context_week_diff_norm": 0.10188992694020271, "fpem/env_rep_ablation_normal": 1.0, "fpem/env_rep_ablation_zero": 0.0, "fpem/env_rep_ablation_shuffle_batch": 0.0, "fpem/env_rep_ablation_mode_id": 0.0, "fpem/mask_loss": 0.0, "fpem/mask_sparse_loss": 0.0, "fpem/mask_entropy_loss": 0.0, "fpem/mask_mean": 1.0, "fpem/mask_entropy": 0.0, "fpem/mask_active_ratio": 1.0, "fpem/fusion_alpha_mean": 0.0, "fpem/fusion_alpha_std": 0.0, "fpem/fusion_alpha_min": 0.0, "fpem/fusion_alpha_max": 0.0, "fpem/env_route_loss": 1.9242832774207705, "fpem/env_route_L_final": 9.200017656598773, "fpem/env_route_L_global": 0.0, "fpem/env_route_L_route_soft": 0.0, "fpem/env_route_L_expert": 9.62141621907552, "fpem/env_route_L_router_oracle": 0.0, "fpem/env_route_L_balance": 0.0, "fpem/env_route_L_diverse": 0.0, "fpem/env_route_L_proto_align": 0.0, "fpem/env_route_entropy": 0.0, "fpem/env_route_q_max_mean": 0.0, "fpem/hyper_alpha_mean": 0.0, "fpem/hyper_delta_norm": 0.0, "fpem/hyper_route_proto_mode_uniform_warmup": 0.0, "fpem/hyper_route_proto_mode_uniform_fixed": 0.0, "fpem/hyper_route_proto_mode_sinkhorn": 0.0, "fpem/hyper_route_proto_mode_softmax": 0.0, "fpem/fallback_q_mean": 0.0, "fpem/fallback_q_max": 0.0, "fpem/env_q_sum_mean": 1.0, "fpem/oracle_fallback_rate": 0.0, "fpem/route_count_fallback": 0.0, "fpem/env_route_head_mode": 1.0, "fpem/route_entropy_mean": 0.0, "fpem/route_mean_distribution_entropy": 0.0, "fpem/effective_expert_number": 1.0, "fpem/max_expert_usage_ratio": 0.0, "fpem/min_expert_usage_ratio": 0.0, "fpem/prototype_pairwise_cosine": 0.0, "fpem/expert_prediction_pairwise_cosine": 0.0, "fpem/expert_collapse_warning": 0.0, "fpem/env_route_target_mode_env_prototype": 0.0, "fpem/env_route_target_mode_hybrid": 0.0, "fpem/env_route_hybrid_alpha": 0.0, "fpem/env_route_train_mode_warmup_risk_sinkhorn": 0.0, "fpem/warmup_risk_stage_warmup": 0.0, "fpem/warmup_risk_stage_soft": 0.0, "fpem/warmup_risk_stage_hard": 0.0, "fpem/warmup_risk_selected_loss": 0.0, "fpem/warmup_risk_uniform_common_loss": 0.0, "fpem/warmup_risk_lambda_common": 0.0, "fpem/warmup_risk_total_common_term": 0.0, "fpem/warmup_risk_temperature": 0.0, "fpem/warmup_risk_temperature_progress": 0.0, "fpem/uniform_expert_mae": 0.0, "fpem/risk_routed_mae": 0.0, "fpem/risk_prediction_mae": 0.0, "fpem/risk_loss": 0.0, "fpem/risk_ranking_loss": 0.0, "fpem/risk_ranking_accuracy": 0.0, "fpem/risk_oracle_argmin_accuracy": 0.0, "fpem/risk_router_temperature": 0.0, "fpem/risk_router_lambda": 0.0, "fpem/risk_router_pairwise_lambda": 0.0, "fpem/env_route_train_mode_progressive_gmm_environment": 0.0, "fpem/top_level_prediction_source_progressive_gmm_teacher_hard": 0.0, "fpem/progressive_assignment_uses_target_or_prediction_error": 0.0, "fpem/progressive_partition_ready": 0.0, "fpem/progressive_selected_k": 0.0, "fpem/progressive_active_expert_count": 0.0, "fpem/progressive_last_partition_epoch": 0.0, "fpem/progressive_lambda_common": 0.0, "fpem/progressive_common_term": 0.0, "fpem/progressive_compactness_loss": 0.0, "fpem/progressive_consistency_loss": 0.0, "fpem/progressive_cluster_entropy": 0.0, "fpem/progressive_assignment_change_ratio": 0.0, "fpem/progressive_hungarian_overlap_score": 0.0, "fpem/progressive_partition_update_time_sec": 0.0, "fpem/progressive_routed_mae": 0.0, "fpem/progressive_gmm_environment_total_replaces_primary": 0.0, "fpem/env_route_count_head_0": 16.0, "fpem/env_route_oracle_count_head_0": 16.0, "fpem/route_count_env_head_0": 16.0, "fpem/route_soft_mean_expert_0": 1.0, "fpem/route_hard_count_expert_0": 16.0, "fpem/hard_count_expert_0": 16.0, "fpem/sinkhorn_soft_col_mass_expert_0": 0.0, "fpem/progressive_active_expert_0": 0.0, "fpem/progressive_cluster_size_0": 0.0, "fpem/progressive_cluster_ratio_0": 0.0, "fpem/progressive_cluster_to_expert_0": 0.0, "fpem/progressive_bic_k1": 0.0, "fpem/progressive_bic_score_k1": 0.0, "fpem/progressive_bic_rejected_k1": 0.0, "fpem/hyper_alpha_head_0": 0.0, "fpem/hyper_gamma_norm_head_0": 0.0, "fpem/hyper_beta_norm_head_0": 0.0, "fpem/expert_cross_mae_group_0_expert_0": 9.62141621907552, "fpem/load_expert_loss": 9.62141621907552, "fpem/counterfactual_risk_router_loss": 0.0, "fpem/counterfactual_risk_regression_loss": 9.315408311571394, "fpem/counterfactual_risk_ranking_loss": 1.5990621873310633, "fpem/load_level_assignment_detached": 1.0, "fpem/load_level_count_0": 1680.0, "fpem/load_level_ratio_0": 1.0, "fpem/expert_0_global_loss": 9.62141621907552, "fpem/expert_0_selected_loss": 9.62141621907552, "fpem/counterfactual_risk_stage2_active": 0.0, "fpem/counterfactual_risk_stage2_start_epoch": 20.0, "fpem/counterfactual_risk_all_environment_mae": 9.62141621907552, "fpem/counterfactual_risk_all_invariant_mae": 9.662237480708532, "fpem/counterfactual_risk_routed_mae": 9.62116913568406, "fpem/counterfactual_risk_oracle_mae": 9.499902593521846, "fpem/counterfactual_risk_router_accuracy": 0.5529761904761905, "fpem/counterfactual_risk_router_balanced_accuracy": 0.5005952380952381, "fpem/counterfactual_risk_inv_route_ratio": 0.0005952380952380953, "fpem/counterfactual_risk_env_route_ratio": 0.9994047619047619, "fpem/counterfactual_risk_inv_switch_precision": 0.009523809523809525, "fpem/counterfactual_risk_correct_inv_switches": 0.009523809523809525, "fpem/counterfactual_risk_harmful_inv_switches": 0.0, "fpem/counterfactual_risk_saved_loss": 0.0002470833914620536, "fpem/counterfactual_risk_added_loss": 0.0, "fpem/counterfactual_risk_net_gain": 0.0002470833914620536, "fpem/counterfactual_risk_regret": 0.12126654216221401, "fpem/counterfactual_risk_oracle_gap_closed": 0.0012031191871279762, "fpem/counterfactual_risk_delta_mean": -0.04082126432941074, "fpem/counterfactual_risk_target_inv_ratio": 0.44761904761904764, "fpem/counterfactual_risk_weight_env_sum": 7.999999931880406, "fpem/counterfactual_risk_weight_inv_sum": 7.9999999364217125, "fpem/counterfactual_risk_prediction_is_hard_route": 1.0, "fpem/counterfactual_risk_prediction_is_soft_fusion": 0.0, "fpem/counterfactual_risk_target_detached": 1.0, "fpem/counterfactual_risk_uses_threshold": 0.0, "fpem/counterfactual_risk_all_samples_used_for_router": 1.0, "fpem/hard_router_predicted_env_ratio": 0.9994047619047619, "fpem/hard_router_effective_env_ratio": 1.0, "fpem/hard_router_target_env_ratio": 0.5523809523809524, "fpem/hard_router_gain_mean": -0.04082126432941074, "fpem/expert_prediction_pairwise_difference": 0.0, "fpem/delta_pairwise_cosine": 0.0, "fpem/delta_pairwise_l1": 0.0, "fpem/delta_pairwise_l2": 0.0, "fpem/expert_0_parameter_norm": 14.837629999433245, "fpem/hard_binary_router_enabled": 0.0, "fpem/hard_router_uses_target_in_forward": 0.0, "fpem/stored_future_c_loaded": 0.0, "fpem/prediction_is_weighted_complete_fusion": 0.0, "fpem/prediction_is_hard_route": 1.0, "fpem/conservative_inv_override_enabled": 0.0, "fpem/conservative_router_features_detached": 1.0, "fpem/counterfactual_risk_router_enabled": 1.0, "fpem/counterfactual_risk_stage2_active_forward": 0.0, "fpem/counterfactual_risk_deploy_route_active": 0.0, "fpem/counterfactual_risk_training_uses_route": 0.0, "fpem/counterfactual_risk_forward_uses_threshold": 0.0, "fpem/future_mi_loss": 0.0, "fpem/future_mi_valid": 0.0, "fpem/future_mi_logvar_mean": 0.0, "fpem/future_mi_target_mode_env_encoder": 0.0, "fpem/swap_loss": 0.0, "fpem/swap_diff_loss": 0.0, "fpem/swap_same_loss": 0.0, "fpem/swap_gain_mean": 0.0, "fpem/swap_s_gain_mean": 0.0, "fpem/swap_fallback_router_loss": 0.0, "fpem/swap_fallback_q_mean": 0.0, "fpem/swap_prediction_delta": 0.0, "fpem/swap_route_delta": 0.0, "fpem/swap_hyper_alpha_delta": 0.0, "fpem/swap_hyper_delta_norm": 0.0, "fpem/loss_env_day": 0.0, "fpem/loss_env_hour": 0.0, "fpem/loss_env_rush": 0.0, "fpem/env_day_acc": 0.0, "fpem/env_hour_acc": 0.0, "fpem/env_rush_acc": 0.0, "fpem/loss_env_supcon": 0.0, "fpem/env_supcon_valid_pairs": 0.0, "fpem/loss_inv_env_adv": 0.0, "fpem/inv_day_acc": 0.0, "fpem/inv_hour_acc": 0.0, "fpem/inv_rush_acc": 0.0, "fpem/loss_cross_cov_sep": 0.0, "fpem/confounder_dep_enabled": 1.0, "fpem/confounder_dep_mode_gci": 1.0, "fpem/confounder_dep_mode_scd": 0.0, "fpem/confounder_dep_mode_both": 0.0, "fpem/confounder_dep_total": 0.09791332532962163, "fpem/loss_gci": 4.8130977423473574e-05, "fpem/loss_gci_drop": 4.8130623257574844e-05, "fpem/loss_gci_keep": 3.5419688346326526e-09, "fpem/loss_gci_graph_align": 0.9791332386788868, "fpem/loss_scd": 0.0, "fpem/loss_conf_kl": 0.20068521187418983, "fpem/effective_gci_weight": 0.0, "fpem/effective_gci_graph_align_weight": 0.10000000149011612, "fpem/effective_scd_weight": 0.0, "fpem/effective_conf_kl_weight": 0.0, "fpem/confounder_dep_ramp_factor": 0.0, "fpem/C_mean": 0.03238973125283207, "fpem/C_std": 1.0454549136615934, "fpem/C_norm": 2.8843565804617746, "fpem/confounder_token_norm": 7.9845479965209964, "fpem/confounder_variational": 1.0, "fpem/confounder_projection_trace": 7.998755409604027, "fpem/confounder_projection_ridge": 0.0010000000474974513, "fpem/confounder_projection_rank_dim": 8.0, "fpem/confounder_projection_calls": 1.0, "fpem/confounder_dep_detach_target": 1.0, "fpem/gci_nonedge_mass_before_C": 0.9593303402264913, "fpem/gci_nonedge_mass_after_C": 0.9593680285272144, "fpem/gci_nonedge_mass_reduction": -3.768830072312128e-05, "fpem/gci_relative_violation": 4.8130623257574844e-05, "fpem/gci_edge_before_C": 0.005003992397160757, "fpem/gci_edge_after_C": 0.005001849525918563, "fpem/gci_nonedge_conn_before_C": 0.004999637031661613, "fpem/gci_nonedge_conn_after_C": 0.004999833460897207, "fpem/gci_nonedge_conn_reduction": -1.964292355946132e-07, "fpem/gci_edge_conn_before_C": 0.005003992397160757, "fpem/gci_edge_conn_after_C": 0.005001849525918563, "fpem/gci_edge_conn_reduction": 2.1428712421939484e-06, "fpem/gci_nonedge_dep_before_C": 0.004999637031661613, "fpem/gci_nonedge_dep_after_C": 0.004999833460897207, "fpem/gci_nonedge_dep_reduction": -1.964292355946132e-07, "fpem/gci_edge_dep_before_C": 0.005003992397160757, "fpem/gci_edge_dep_after_C": 0.005001849525918563, "fpem/gci_nonedge_count": 38376.0, "fpem/gci_edge_count": 1424.0, "fpem/gci_node_count": 200.0, "fpem/gci_node_vector_dim": 2240.0, "fpem/gci_graph_embed_dim": 16.0, "fpem/gci_graph_embedding_norm_before": 0.05156419827114968, "fpem/gci_graph_embedding_norm_after": 0.03576488705972831, "fpem/gci_graph_embedding_std_before": 0.02294428740583715, "fpem/gci_graph_embedding_std_after": 0.015875584667637235, "fpem/gci_graph_adj_mean_before": 0.00499999989267616, "fpem/gci_graph_adj_mean_after": 0.004999999883806422, "fpem/gci_graph_adj_std_before": 3.303531105172754e-05, "fpem/gci_graph_adj_std_after": 1.7015881695399347e-05, "fpem/gci_graph_align_weight": 0.10000000149011612, "fpem/gci_graph_align_raw_mse": 5.269554128923508e-08, "fpem/gci_graph_align_normalized": 0.9791332386788868, "fpem/gci_edge_preserve_beta": 0.10000000149011612, "fpem/gci_graph_align_target_available": 1.0, "fpem/gci_target_adj_mean": 0.004999999888241291, "fpem/gci_target_adj_std": 0.0002319861378055066, "fpem/gci_target_edge_mean": 0.00513450289145112, "fpem/gci_target_nonedge_mean": 0.0049905311316251755, "fpem/gci_target_diag_mean": 0.00585911376401782, "fpem/gci_graph_align_updates_agcrn": 0.0, "fpem/gci_updates_graph_linear": 0.0, "fpem/gci_graph_construction_agcrn_softmax": 1.0, "fpem/scd_assoc_before_C": 0.0, "fpem/scd_assoc_after_C": 0.0, "fpem/scd_assoc_reduction": 0.0, "fpem/scd_relative_violation": 0.0, "fpem/sample_assoc_before_C": 0.0, "fpem/sample_assoc_after_C": 0.0, "fpem/sample_assoc_reduction": 0.0, "fpem/sample_dep_before_C": 0.0, "fpem/sample_dep_after_C": 0.0, "fpem/sample_dep_reduction": 0.0, "fpem/scd_batch_size": 0.0, "fpem/scd_sample_vector_dim": 0.0, "fpem/sample_kernel_alignment": 0.0, "fpem/scd_alignment_loss": 0.0, "fpem/load_level_experts_enabled": 1.0, "fpem/load_level_uses_target_or_future_load": 0.0, "fpem/environment_gate_uses_target_in_forward": 0.0, "fpem/load_level_env_residual_scale": 0.0, "fpem/uses_cached_observable_load_prior": 1.0, "fpem/primary_loss": 9.200017656598773, "fpem/inv_pred_loss": 9.212615489959717, "fpem/primary_uses_route": 1.0, "fpem/primary_uses_env_fusion": 0.0, "fpem/backbone_agcrn": 1.0, "fpem/backbone_graphwavenet": 0.0, "fpem/backbone_staeformer": 0.0, "fpem/gc_pred_loss_only": 1.0, "fpem/env_route_head_mode_hyper_proto": 1.0, "fpem/fpem_force_uniform_route": 0.0, "fpem/hard_prediction_sinkhorn_total_replaces_primary": 0.0, "fpem/hard_prediction_environment_sinkhorn_total_replaces_primary": 0.0, "fpem/warmup_risk_sinkhorn_total_replaces_primary": 0.0, "fpem/lambda_club_mi": 0.0}}
EPOCH {"epoch": 5, "train_loss": 11.128356043497721, "val": {"loss": 11.885878298017714, "mae": 11.659856796264648, "mape": 0.1975167691707611}, "test_mixed": {"loss": NaN, "mae": NaN, "mape": NaN}, "test_workday": {"loss": NaN, "mae": NaN, "mape": NaN}, "test_holiday": {"loss": NaN, "mae": NaN, "mape": NaN}, "test_avg_mae": NaN, "best_selection_value": 11.885878298017714, "best_selection_split": "val", "best_selection_metric": "val_loss", "lr": 0.001, "fpem_logs": {"fpem/fpem_env_use_exogenous": 1.0, "fpem/env_exogenous_available": 1.0, "fpem/env_exogenous_time_available": 1.0, "fpem/env_exogenous_load_available": 1.0, "fpem/env_exogenous_feature_dim": 32.0, "fpem/env_exogenous_embedding_norm": 2.3789546262650263, "fpem/env_exogenous_load_embedding_norm": 1.5641457625797817, "fpem/fpem_env_use_period_context": 1.0, "fpem/env_period_context_available": 1.0, "fpem/env_period_day_available_ratio": 0.9732142857142857, "fpem/env_period_week_available_ratio": 0.8244047619047619, "fpem/env_period_context_feature_dim": 6.0, "fpem/env_period_context_scale": 0.10000000149011612, "fpem/env_period_context_delta_norm": 0.13694712129377185, "fpem/env_period_context_day_diff_norm": 0.16272705247004826, "fpem/env_period_context_week_diff_norm": 0.10188992761430286, "fpem/env_rep_ablation_normal": 1.0, "fpem/env_rep_ablation_zero": 0.0, "fpem/env_rep_ablation_shuffle_batch": 0.0, "fpem/env_rep_ablation_mode_id": 0.0, "fpem/mask_loss": 0.0, "fpem/mask_sparse_loss": 0.0, "fpem/mask_entropy_loss": 0.0, "fpem/mask_mean": 1.0, "fpem/mask_entropy": 0.0, "fpem/mask_active_ratio": 1.0, "fpem/fusion_alpha_mean": 0.0, "fpem/fusion_alpha_std": 0.0, "fpem/fusion_alpha_min": 0.0, "fpem/fusion_alpha_max": 0.0, "fpem/env_route_loss": 1.913845884232294, "fpem/env_route_L_final": 9.143662779671805, "fpem/env_route_L_global": 0.0, "fpem/env_route_L_route_soft": 0.0, "fpem/env_route_L_expert": 9.5692292258853, "fpem/env_route_L_router_oracle": 0.0, "fpem/env_route_L_balance": 0.0, "fpem/env_route_L_diverse": 0.0, "fpem/env_route_L_proto_align": 0.0, "fpem/env_route_entropy": 0.0, "fpem/env_route_q_max_mean": 0.0, "fpem/hyper_alpha_mean": 0.0, "fpem/hyper_delta_norm": 0.0, "fpem/hyper_route_proto_mode_uniform_warmup": 0.0, "fpem/hyper_route_proto_mode_uniform_fixed": 0.0, "fpem/hyper_route_proto_mode_sinkhorn": 0.0, "fpem/hyper_route_proto_mode_softmax": 0.0, "fpem/fallback_q_mean": 0.0, "fpem/fallback_q_max": 0.0, "fpem/env_q_sum_mean": 1.0, "fpem/oracle_fallback_rate": 0.0, "fpem/route_count_fallback": 0.0, "fpem/env_route_head_mode": 1.0, "fpem/route_entropy_mean": 0.0, "fpem/route_mean_distribution_entropy": 0.0, "fpem/effective_expert_number": 1.0, "fpem/max_expert_usage_ratio": 0.0, "fpem/min_expert_usage_ratio": 0.0, "fpem/prototype_pairwise_cosine": 0.0, "fpem/expert_prediction_pairwise_cosine": 0.0, "fpem/expert_collapse_warning": 0.0, "fpem/env_route_target_mode_env_prototype": 0.0, "fpem/env_route_target_mode_hybrid": 0.0, "fpem/env_route_hybrid_alpha": 0.0, "fpem/env_route_train_mode_warmup_risk_sinkhorn": 0.0, "fpem/warmup_risk_stage_warmup": 0.0, "fpem/warmup_risk_stage_soft": 0.0, "fpem/warmup_risk_stage_hard": 0.0, "fpem/warmup_risk_selected_loss": 0.0, "fpem/warmup_risk_uniform_common_loss": 0.0, "fpem/warmup_risk_lambda_common": 0.0, "fpem/warmup_risk_total_common_term": 0.0, "fpem/warmup_risk_temperature": 0.0, "fpem/warmup_risk_temperature_progress": 0.0, "fpem/uniform_expert_mae": 0.0, "fpem/risk_routed_mae": 0.0, "fpem/risk_prediction_mae": 0.0, "fpem/risk_loss": 0.0, "fpem/risk_ranking_loss": 0.0, "fpem/risk_ranking_accuracy": 0.0, "fpem/risk_oracle_argmin_accuracy": 0.0, "fpem/risk_router_temperature": 0.0, "fpem/risk_router_lambda": 0.0, "fpem/risk_router_pairwise_lambda": 0.0, "fpem/env_route_train_mode_progressive_gmm_environment": 0.0, "fpem/top_level_prediction_source_progressive_gmm_teacher_hard": 0.0, "fpem/progressive_assignment_uses_target_or_prediction_error": 0.0, "fpem/progressive_partition_ready": 0.0, "fpem/progressive_selected_k": 0.0, "fpem/progressive_active_expert_count": 0.0, "fpem/progressive_last_partition_epoch": 0.0, "fpem/progressive_lambda_common": 0.0, "fpem/progressive_common_term": 0.0, "fpem/progressive_compactness_loss": 0.0, "fpem/progressive_consistency_loss": 0.0, "fpem/progressive_cluster_entropy": 0.0, "fpem/progressive_assignment_change_ratio": 0.0, "fpem/progressive_hungarian_overlap_score": 0.0, "fpem/progressive_partition_update_time_sec": 0.0, "fpem/progressive_routed_mae": 0.0, "fpem/progressive_gmm_environment_total_replaces_primary": 0.0, "fpem/env_route_count_head_0": 16.0, "fpem/env_route_oracle_count_head_0": 16.0, "fpem/route_count_env_head_0": 16.0, "fpem/route_soft_mean_expert_0": 1.0, "fpem/route_hard_count_expert_0": 16.0, "fpem/hard_count_expert_0": 16.0, "fpem/sinkhorn_soft_col_mass_expert_0": 0.0, "fpem/progressive_active_expert_0": 0.0, "fpem/progressive_cluster_size_0": 0.0, "fpem/progressive_cluster_ratio_0": 0.0, "fpem/progressive_cluster_to_expert_0": 0.0, "fpem/progressive_bic_k1": 0.0, "fpem/progressive_bic_score_k1": 0.0, "fpem/progressive_bic_rejected_k1": 0.0, "fpem/hyper_alpha_head_0": 0.0, "fpem/hyper_gamma_norm_head_0": 0.0, "fpem/hyper_beta_norm_head_0": 0.0, "fpem/expert_cross_mae_group_0_expert_0": 9.5692292258853, "fpem/load_expert_loss": 9.5692292258853, "fpem/counterfactual_risk_router_loss": 0.0, "fpem/counterfactual_risk_regression_loss": 9.118712084633964, "fpem/counterfactual_risk_ranking_loss": 1.6027074881962367, "fpem/load_level_assignment_detached": 1.0, "fpem/load_level_count_0": 1680.0, "fpem/load_level_ratio_0": 1.0, "fpem/expert_0_global_loss": 9.5692292258853, "fpem/expert_0_selected_loss": 9.5692292258853, "fpem/counterfactual_risk_stage2_active": 0.0, "fpem/counterfactual_risk_stage2_start_epoch": 20.0, "fpem/counterfactual_risk_all_environment_mae": 9.5692292258853, "fpem/counterfactual_risk_all_invariant_mae": 9.662237471625918, "fpem/counterfactual_risk_routed_mae": 9.5692292258853, "fpem/counterfactual_risk_oracle_mae": 9.483191140492757, "fpem/counterfactual_risk_router_accuracy": 0.6208333333333333, "fpem/counterfactual_risk_router_balanced_accuracy": 0.5, "fpem/counterfactual_risk_inv_route_ratio": 0.0, "fpem/counterfactual_risk_env_route_ratio": 1.0, "fpem/counterfactual_risk_inv_switch_precision": 0.0, "fpem/counterfactual_risk_correct_inv_switches": 0.0, "fpem/counterfactual_risk_harmful_inv_switches": 0.0, "fpem/counterfactual_risk_saved_loss": 0.0, "fpem/counterfactual_risk_added_loss": 0.0, "fpem/counterfactual_risk_net_gain": 0.0, "fpem/counterfactual_risk_regret": 0.08603808539254325, "fpem/counterfactual_risk_oracle_gap_closed": 0.0, "fpem/counterfactual_risk_delta_mean": -0.09300822984604608, "fpem/counterfactual_risk_target_inv_ratio": 0.37916666666666665, "fpem/counterfactual_risk_weight_env_sum": 7.9999999364217125, "fpem/counterfactual_risk_weight_inv_sum": 7.999999918256488, "fpem/counterfactual_risk_prediction_is_hard_route": 1.0, "fpem/counterfactual_risk_prediction_is_soft_fusion": 0.0, "fpem/counterfactual_risk_target_detached": 1.0, "fpem/counterfactual_risk_uses_threshold": 0.0, "fpem/counterfactual_risk_all_samples_used_for_router": 1.0, "fpem/hard_router_predicted_env_ratio": 1.0, "fpem/hard_router_effective_env_ratio": 1.0, "fpem/hard_router_target_env_ratio": 0.6208333333333333, "fpem/hard_router_gain_mean": -0.09300822984604608, "fpem/expert_prediction_pairwise_difference": 0.0, "fpem/delta_pairwise_cosine": 0.0, "fpem/delta_pairwise_l1": 0.0, "fpem/delta_pairwise_l2": 0.0, "fpem/expert_0_parameter_norm": 14.841023081824893, "fpem/hard_binary_router_enabled": 0.0, "fpem/hard_router_uses_target_in_forward": 0.0, "fpem/stored_future_c_loaded": 0.0, "fpem/prediction_is_weighted_complete_fusion": 0.0, "fpem/prediction_is_hard_route": 1.0, "fpem/conservative_inv_override_enabled": 0.0, "fpem/conservative_router_features_detached": 1.0, "fpem/counterfactual_risk_router_enabled": 1.0, "fpem/counterfactual_risk_stage2_active_forward": 0.0, "fpem/counterfactual_risk_deploy_route_active": 0.0, "fpem/counterfactual_risk_training_uses_route": 0.0, "fpem/counterfactual_risk_forward_uses_threshold": 0.0, "fpem/future_mi_loss": 0.0, "fpem/future_mi_valid": 0.0, "fpem/future_mi_logvar_mean": 0.0, "fpem/future_mi_target_mode_env_encoder": 0.0, "fpem/swap_loss": 0.0, "fpem/swap_diff_loss": 0.0, "fpem/swap_same_loss": 0.0, "fpem/swap_gain_mean": 0.0, "fpem/swap_s_gain_mean": 0.0, "fpem/swap_fallback_router_loss": 0.0, "fpem/swap_fallback_q_mean": 0.0, "fpem/swap_prediction_delta": 0.0, "fpem/swap_route_delta": 0.0, "fpem/swap_hyper_alpha_delta": 0.0, "fpem/swap_hyper_delta_norm": 0.0, "fpem/loss_env_day": 0.0, "fpem/loss_env_hour": 0.0, "fpem/loss_env_rush": 0.0, "fpem/env_day_acc": 0.0, "fpem/env_hour_acc": 0.0, "fpem/env_rush_acc": 0.0, "fpem/loss_env_supcon": 0.0, "fpem/env_supcon_valid_pairs": 0.0, "fpem/loss_inv_env_adv": 0.0, "fpem/inv_day_acc": 0.0, "fpem/inv_hour_acc": 0.0, "fpem/inv_rush_acc": 0.0, "fpem/loss_cross_cov_sep": 0.0, "fpem/confounder_dep_enabled": 1.0, "fpem/confounder_dep_mode_gci": 1.0, "fpem/confounder_dep_mode_scd": 0.0, "fpem/confounder_dep_mode_both": 0.0, "fpem/confounder_dep_total": 0.09760712768350328, "fpem/loss_gci": 5.018044910338219e-05, "fpem/loss_gci_drop": 5.0180042498617524e-05, "fpem/loss_gci_keep": 4.065986978853329e-09, "fpem/loss_gci_graph_align": 0.9760712617919558, "fpem/loss_scd": 0.0, "fpem/loss_conf_kl": 0.21191138582570213, "fpem/effective_gci_weight": 0.0, "fpem/effective_gci_graph_align_weight": 0.10000000149011612, "fpem/effective_scd_weight": 0.0, "fpem/effective_conf_kl_weight": 0.0, "fpem/confounder_dep_ramp_factor": 0.0, "fpem/C_mean": 0.0675282127356955, "fpem/C_std": 1.0555269576254345, "fpem/C_norm": 2.9113565013522194, "fpem/confounder_token_norm": 7.984662541889009, "fpem/confounder_variational": 1.0, "fpem/confounder_projection_trace": 7.998768620263963, "fpem/confounder_projection_ridge": 0.0010000000474974513, "fpem/confounder_projection_rank_dim": 8.0, "fpem/confounder_projection_calls": 1.0, "fpem/confounder_dep_detach_target": 1.0, "fpem/gci_nonedge_mass_before_C": 0.9593275728679839, "fpem/gci_nonedge_mass_after_C": 0.9593690469151451, "fpem/gci_nonedge_mass_reduction": -4.147404716128395e-05, "fpem/gci_relative_violation": 5.0180042498617524e-05, "fpem/gci_edge_before_C": 0.0050040195208220254, "fpem/gci_edge_after_C": 0.005001737017716681, "fpem/gci_nonedge_conn_before_C": 0.004999622613901184, "fpem/gci_nonedge_conn_after_C": 0.004999838760566143, "fpem/gci_nonedge_conn_reduction": -2.1614666496004377e-07, "fpem/gci_edge_conn_before_C": 0.0050040195208220254, "fpem/gci_edge_conn_after_C": 0.005001737017716681, "fpem/gci_edge_conn_reduction": 2.2825031053452264e-06, "fpem/gci_nonedge_dep_before_C": 0.004999622613901184, "fpem/gci_nonedge_dep_after_C": 0.004999838760566143, "fpem/gci_nonedge_dep_reduction": -2.1614666496004377e-07, "fpem/gci_edge_dep_before_C": 0.0050040195208220254, "fpem/gci_edge_dep_after_C": 0.005001737017716681, "fpem/gci_nonedge_count": 38376.0, "fpem/gci_edge_count": 1424.0, "fpem/gci_node_count": 200.0, "fpem/gci_node_vector_dim": 2240.0, "fpem/gci_graph_embed_dim": 16.0, "fpem/gci_graph_embedding_norm_before": 0.05354447730240368, "fpem/gci_graph_embedding_norm_after": 0.03736757863135565, "fpem/gci_graph_embedding_std_before": 0.023145529042397226, "fpem/gci_graph_embedding_std_after": 0.015765931545978502, "fpem/gci_graph_adj_mean_before": 0.004999999888241291, "fpem/gci_graph_adj_mean_after": 0.004999999883806422, "fpem/gci_graph_adj_std_before": 3.2808860556715875e-05, "fpem/gci_graph_adj_std_after": 1.5149626384906394e-05, "fpem/gci_graph_align_weight": 0.10000000149011612, "fpem/gci_graph_align_raw_mse": 5.2530749883317184e-08, "fpem/gci_graph_align_normalized": 0.9760712617919558, "fpem/gci_edge_preserve_beta": 0.10000000149011612, "fpem/gci_graph_align_target_available": 1.0, "fpem/gci_target_adj_mean": 0.004999999888241291, "fpem/gci_target_adj_std": 0.0002319861378055066, "fpem/gci_target_edge_mean": 0.00513450289145112, "fpem/gci_target_nonedge_mean": 0.0049905311316251755, "fpem/gci_target_diag_mean": 0.00585911376401782, "fpem/gci_graph_align_updates_agcrn": 0.0, "fpem/gci_updates_graph_linear": 0.0, "fpem/gci_graph_construction_agcrn_softmax": 1.0, "fpem/scd_assoc_before_C": 0.0, "fpem/scd_assoc_after_C": 0.0, "fpem/scd_assoc_reduction": 0.0, "fpem/scd_relative_violation": 0.0, "fpem/sample_assoc_before_C": 0.0, "fpem/sample_assoc_after_C": 0.0, "fpem/sample_assoc_reduction": 0.0, "fpem/sample_dep_before_C": 0.0, "fpem/sample_dep_after_C": 0.0, "fpem/sample_dep_reduction": 0.0, "fpem/scd_batch_size": 0.0, "fpem/scd_sample_vector_dim": 0.0, "fpem/sample_kernel_alignment": 0.0, "fpem/scd_alignment_loss": 0.0, "fpem/load_level_experts_enabled": 1.0, "fpem/load_level_uses_target_or_future_load": 0.0, "fpem/environment_gate_uses_target_in_forward": 0.0, "fpem/load_level_env_residual_scale": 0.0, "fpem/uses_cached_observable_load_prior": 1.0, "fpem/primary_loss": 9.143662779671805, "fpem/inv_pred_loss": 9.214604436783564, "fpem/primary_uses_route": 1.0, "fpem/primary_uses_env_fusion": 0.0, "fpem/backbone_agcrn": 1.0, "fpem/backbone_graphwavenet": 0.0, "fpem/backbone_staeformer": 0.0, "fpem/gc_pred_loss_only": 1.0, "fpem/env_route_head_mode_hyper_proto": 1.0, "fpem/fpem_force_uniform_route": 0.0, "fpem/hard_prediction_sinkhorn_total_replaces_primary": 0.0, "fpem/hard_prediction_environment_sinkhorn_total_replaces_primary": 0.0, "fpem/warmup_risk_sinkhorn_total_replaces_primary": 0.0, "fpem/lambda_club_mi": 0.0}}
EPOCH {"epoch": 6, "train_loss": 11.127333068847657, "val": {"loss": 11.845902601877848, "mae": 11.629263877868652, "mape": 0.19082927703857422}, "test_mixed": {"loss": NaN, "mae": NaN, "mape": NaN}, "test_workday": {"loss": NaN, "mae": NaN, "mape": NaN}, "test_holiday": {"loss": NaN, "mae": NaN, "mape": NaN}, "test_avg_mae": NaN, "best_selection_value": 11.845902601877848, "best_selection_split": "val", "best_selection_metric": "val_loss", "lr": 0.001, "fpem_logs": {"fpem/fpem_env_use_exogenous": 1.0, "fpem/env_exogenous_available": 1.0, "fpem/env_exogenous_time_available": 1.0, "fpem/env_exogenous_load_available": 1.0, "fpem/env_exogenous_feature_dim": 32.0, "fpem/env_exogenous_embedding_norm": 2.3984508151099795, "fpem/env_exogenous_load_embedding_norm": 1.5937165646325975, "fpem/fpem_env_use_period_context": 1.0, "fpem/env_period_context_available": 1.0, "fpem/env_period_day_available_ratio": 0.9732142857142857, "fpem/env_period_week_available_ratio": 0.8244047619047619, "fpem/env_period_context_feature_dim": 6.0, "fpem/env_period_context_scale": 0.10000000149011612, "fpem/env_period_context_delta_norm": 0.14462707056885674, "fpem/env_period_context_day_diff_norm": 0.16272705161855333, "fpem/env_period_context_week_diff_norm": 0.10188992658541315, "fpem/env_rep_ablation_normal": 1.0, "fpem/env_rep_ablation_zero": 0.0, "fpem/env_rep_ablation_shuffle_batch": 0.0, "fpem/env_rep_ablation_mode_id": 0.0, "fpem/mask_loss": 0.0, "fpem/mask_sparse_loss": 0.0, "fpem/mask_entropy_loss": 0.0, "fpem/mask_mean": 1.0, "fpem/mask_entropy": 0.0, "fpem/mask_active_ratio": 1.0, "fpem/fusion_alpha_mean": 0.0, "fpem/fusion_alpha_std": 0.0, "fpem/fusion_alpha_min": 0.0, "fpem/fusion_alpha_max": 0.0, "fpem/env_route_loss": 1.9111446096783593, "fpem/env_route_L_final": 9.129862576439267, "fpem/env_route_L_global": 0.0, "fpem/env_route_L_route_soft": 0.0, "fpem/env_route_L_expert": 9.555722904205322, "fpem/env_route_L_router_oracle": 0.0, "fpem/env_route_L_balance": 0.0, "fpem/env_route_L_diverse": 0.0, "fpem/env_route_L_proto_align": 0.0, "fpem/env_route_entropy": 0.0, "fpem/env_route_q_max_mean": 0.0, "fpem/hyper_alpha_mean": 0.0, "fpem/hyper_delta_norm": 0.0, "fpem/hyper_route_proto_mode_uniform_warmup": 0.0, "fpem/hyper_route_proto_mode_uniform_fixed": 0.0, "fpem/hyper_route_proto_mode_sinkhorn": 0.0, "fpem/hyper_route_proto_mode_softmax": 0.0, "fpem/fallback_q_mean": 0.0, "fpem/fallback_q_max": 0.0, "fpem/env_q_sum_mean": 1.0, "fpem/oracle_fallback_rate": 0.0, "fpem/route_count_fallback": 0.0, "fpem/env_route_head_mode": 1.0, "fpem/route_entropy_mean": 0.0, "fpem/route_mean_distribution_entropy": 0.0, "fpem/effective_expert_number": 1.0, "fpem/max_expert_usage_ratio": 0.0, "fpem/min_expert_usage_ratio": 0.0, "fpem/prototype_pairwise_cosine": 0.0, "fpem/expert_prediction_pairwise_cosine": 0.0, "fpem/expert_collapse_warning": 0.0, "fpem/env_route_target_mode_env_prototype": 0.0, "fpem/env_route_target_mode_hybrid": 0.0, "fpem/env_route_hybrid_alpha": 0.0, "fpem/env_route_train_mode_warmup_risk_sinkhorn": 0.0, "fpem/warmup_risk_stage_warmup": 0.0, "fpem/warmup_risk_stage_soft": 0.0, "fpem/warmup_risk_stage_hard": 0.0, "fpem/warmup_risk_selected_loss": 0.0, "fpem/warmup_risk_uniform_common_loss": 0.0, "fpem/warmup_risk_lambda_common": 0.0, "fpem/warmup_risk_total_common_term": 0.0, "fpem/warmup_risk_temperature": 0.0, "fpem/warmup_risk_temperature_progress": 0.0, "fpem/uniform_expert_mae": 0.0, "fpem/risk_routed_mae": 0.0, "fpem/risk_prediction_mae": 0.0, "fpem/risk_loss": 0.0, "fpem/risk_ranking_loss": 0.0, "fpem/risk_ranking_accuracy": 0.0, "fpem/risk_oracle_argmin_accuracy": 0.0, "fpem/risk_router_temperature": 0.0, "fpem/risk_router_lambda": 0.0, "fpem/risk_router_pairwise_lambda": 0.0, "fpem/env_route_train_mode_progressive_gmm_environment": 0.0, "fpem/top_level_prediction_source_progressive_gmm_teacher_hard": 0.0, "fpem/progressive_assignment_uses_target_or_prediction_error": 0.0, "fpem/progressive_partition_ready": 0.0, "fpem/progressive_selected_k": 0.0, "fpem/progressive_active_expert_count": 0.0, "fpem/progressive_last_partition_epoch": 0.0, "fpem/progressive_lambda_common": 0.0, "fpem/progressive_common_term": 0.0, "fpem/progressive_compactness_loss": 0.0, "fpem/progressive_consistency_loss": 0.0, "fpem/progressive_cluster_entropy": 0.0, "fpem/progressive_assignment_change_ratio": 0.0, "fpem/progressive_hungarian_overlap_score": 0.0, "fpem/progressive_partition_update_time_sec": 0.0, "fpem/progressive_routed_mae": 0.0, "fpem/progressive_gmm_environment_total_replaces_primary": 0.0, "fpem/env_route_count_head_0": 16.0, "fpem/env_route_oracle_count_head_0": 16.0, "fpem/route_count_env_head_0": 16.0, "fpem/route_soft_mean_expert_0": 1.0, "fpem/route_hard_count_expert_0": 16.0, "fpem/hard_count_expert_0": 16.0, "fpem/sinkhorn_soft_col_mass_expert_0": 0.0, "fpem/progressive_active_expert_0": 0.0, "fpem/progressive_cluster_size_0": 0.0, "fpem/progressive_cluster_ratio_0": 0.0, "fpem/progressive_cluster_to_expert_0": 0.0, "fpem/progressive_bic_k1": 0.0, "fpem/progressive_bic_score_k1": 0.0, "fpem/progressive_bic_rejected_k1": 0.0, "fpem/hyper_alpha_head_0": 0.0, "fpem/hyper_gamma_norm_head_0": 0.0, "fpem/hyper_beta_norm_head_0": 0.0, "fpem/expert_cross_mae_group_0_expert_0": 9.555722904205322, "fpem/load_expert_loss": 9.555722904205322, "fpem/counterfactual_risk_router_loss": 0.0, "fpem/counterfactual_risk_regression_loss": 9.169788401467459, "fpem/counterfactual_risk_ranking_loss": 1.5796616634442693, "fpem/load_level_assignment_detached": 1.0, "fpem/load_level_count_0": 1680.0, "fpem/load_level_ratio_0": 1.0, "fpem/expert_0_global_loss": 9.555722904205322, "fpem/expert_0_selected_loss": 9.555722904205322, "fpem/counterfactual_risk_stage2_active": 0.0, "fpem/counterfactual_risk_stage2_start_epoch": 20.0, "fpem/counterfactual_risk_all_environment_mae": 9.555722904205322, "fpem/counterfactual_risk_all_invariant_mae": 9.66223749433245, "fpem/counterfactual_risk_routed_mae": 9.555722904205322, "fpem/counterfactual_risk_oracle_mae": 9.46624961580549, "fpem/counterfactual_risk_router_accuracy": 0.6309523809523809, "fpem/counterfactual_risk_router_balanced_accuracy": 0.5047619047619047, "fpem/counterfactual_risk_inv_route_ratio": 0.0, "fpem/counterfactual_risk_env_route_ratio": 1.0, "fpem/counterfactual_risk_inv_switch_precision": 0.0, "fpem/counterfactual_risk_correct_inv_switches": 0.0, "fpem/counterfactual_risk_harmful_inv_switches": 0.0, "fpem/counterfactual_risk_saved_loss": 0.0, "fpem/counterfactual_risk_added_loss": 0.0, "fpem/counterfactual_risk_net_gain": 0.0, "fpem/counterfactual_risk_regret": 0.0894732883998326, "fpem/counterfactual_risk_oracle_gap_closed": 0.0, "fpem/counterfactual_risk_delta_mean": -0.1065145662852696, "fpem/counterfactual_risk_target_inv_ratio": 0.36904761904761907, "fpem/counterfactual_risk_weight_env_sum": 8.076190426236106, "fpem/counterfactual_risk_weight_inv_sum": 7.9238094693138486, "fpem/counterfactual_risk_prediction_is_hard_route": 1.0, "fpem/counterfactual_risk_prediction_is_soft_fusion": 0.0, "fpem/counterfactual_risk_target_detached": 1.0, "fpem/counterfactual_risk_uses_threshold": 0.0, "fpem/counterfactual_risk_all_samples_used_for_router": 1.0, "fpem/hard_router_predicted_env_ratio": 1.0, "fpem/hard_router_effective_env_ratio": 1.0, "fpem/hard_router_target_env_ratio": 0.6309523809523809, "fpem/hard_router_gain_mean": -0.1065145662852696, "fpem/expert_prediction_pairwise_difference": 0.0, "fpem/delta_pairwise_cosine": 0.0, "fpem/delta_pairwise_l1": 0.0, "fpem/delta_pairwise_l2": 0.0, "fpem/expert_0_parameter_norm": 14.84692862374442, "fpem/hard_binary_router_enabled": 0.0, "fpem/hard_router_uses_target_in_forward": 0.0, "fpem/stored_future_c_loaded": 0.0, "fpem/prediction_is_weighted_complete_fusion": 0.0, "fpem/prediction_is_hard_route": 1.0, "fpem/conservative_inv_override_enabled": 0.0, "fpem/conservative_router_features_detached": 1.0, "fpem/counterfactual_risk_router_enabled": 1.0, "fpem/counterfactual_risk_stage2_active_forward": 0.0, "fpem/counterfactual_risk_deploy_route_active": 0.0, "fpem/counterfactual_risk_training_uses_route": 0.0, "fpem/counterfactual_risk_forward_uses_threshold": 0.0, "fpem/future_mi_loss": 0.0, "fpem/future_mi_valid": 0.0, "fpem/future_mi_logvar_mean": 0.0, "fpem/future_mi_target_mode_env_encoder": 0.0, "fpem/swap_loss": 0.0, "fpem/swap_diff_loss": 0.0, "fpem/swap_same_loss": 0.0, "fpem/swap_gain_mean": 0.0, "fpem/swap_s_gain_mean": 0.0, "fpem/swap_fallback_router_loss": 0.0, "fpem/swap_fallback_q_mean": 0.0, "fpem/swap_prediction_delta": 0.0, "fpem/swap_route_delta": 0.0, "fpem/swap_hyper_alpha_delta": 0.0, "fpem/swap_hyper_delta_norm": 0.0, "fpem/loss_env_day": 0.0, "fpem/loss_env_hour": 0.0, "fpem/loss_env_rush": 0.0, "fpem/env_day_acc": 0.0, "fpem/env_hour_acc": 0.0, "fpem/env_rush_acc": 0.0, "fpem/loss_env_supcon": 0.0, "fpem/env_supcon_valid_pairs": 0.0, "fpem/loss_inv_env_adv": 0.0, "fpem/inv_day_acc": 0.0, "fpem/inv_hour_acc": 0.0, "fpem/inv_rush_acc": 0.0, "fpem/loss_cross_cov_sep": 0.0, "fpem/confounder_dep_enabled": 1.0, "fpem/confounder_dep_mode_gci": 1.0, "fpem/confounder_dep_mode_scd": 0.0, "fpem/confounder_dep_mode_both": 0.0, "fpem/confounder_dep_total": 0.09671654190335954, "fpem/loss_gci": 6.517887554114817e-05, "fpem/loss_gci_drop": 6.517832241245611e-05, "fpem/loss_gci_keep": 5.5302427986221e-09, "fpem/loss_gci_graph_align": 0.967164561294374, "fpem/loss_scd": 0.0, "fpem/loss_conf_kl": 0.007800589448639325, "fpem/effective_gci_weight": 9.999999747378752e-05, "fpem/effective_gci_graph_align_weight": 0.10000000149011612, "fpem/effective_scd_weight": 0.0, "fpem/effective_conf_kl_weight": 9.999999747378752e-06, "fpem/confounder_dep_ramp_factor": 0.10000000149011612, "fpem/C_mean": -0.0002255716405454136, "fpem/C_std": 1.0005163590113322, "fpem/C_norm": 2.752191112155006, "fpem/confounder_token_norm": 7.983904311770485, "fpem/confounder_variational": 1.0, "fpem/confounder_projection_trace": 7.998703329903739, "fpem/confounder_projection_ridge": 0.0010000000474974513, "fpem/confounder_projection_rank_dim": 8.0, "fpem/confounder_projection_calls": 1.0, "fpem/confounder_dep_detach_target": 1.0, "fpem/gci_nonedge_mass_before_C": 0.9593036725407555, "fpem/gci_nonedge_mass_after_C": 0.9593585956664312, "fpem/gci_nonedge_mass_reduction": -5.4923125675746376e-05, "fpem/gci_relative_violation": 6.517832241245611e-05, "fpem/gci_edge_before_C": 0.005005985556081647, "fpem/gci_edge_after_C": 0.0050025837895061286, "fpem/gci_nonedge_conn_before_C": 0.004999498047289394, "fpem/gci_nonedge_conn_after_C": 0.00499978426932579, "fpem/gci_nonedge_conn_reduction": -2.8622203639575413e-07, "fpem/gci_edge_conn_before_C": 0.005005985556081647, "fpem/gci_edge_conn_after_C": 0.0050025837895061286, "fpem/gci_edge_conn_reduction": 3.4017665755181086e-06, "fpem/gci_nonedge_dep_before_C": 0.004999498047289394, "fpem/gci_nonedge_dep_after_C": 0.00499978426932579, "fpem/gci_nonedge_dep_reduction": -2.8622203639575413e-07, "fpem/gci_edge_dep_before_C": 0.005005985556081647, "fpem/gci_edge_dep_after_C": 0.0050025837895061286, "fpem/gci_nonedge_count": 38376.0, "fpem/gci_edge_count": 1424.0, "fpem/gci_node_count": 200.0, "fpem/gci_node_vector_dim": 2240.0, "fpem/gci_graph_embed_dim": 16.0, "fpem/gci_graph_embedding_norm_before": 0.060659469060954596, "fpem/gci_graph_embedding_norm_after": 0.042702927263010115, "fpem/gci_graph_embedding_std_before": 0.025732798643764994, "fpem/gci_graph_embedding_std_after": 0.017633819039024057, "fpem/gci_graph_adj_mean_before": 0.004999999874936683, "fpem/gci_graph_adj_mean_after": 0.004999999874936683, "fpem/gci_graph_adj_std_before": 3.80725492591626e-05, "fpem/gci_graph_adj_std_after": 1.7796334915536656e-05, "fpem/gci_graph_align_weight": 0.10000000149011612, "fpem/gci_graph_align_raw_mse": 5.205140435496755e-08, "fpem/gci_graph_align_normalized": 0.967164561294374, "fpem/gci_edge_preserve_beta": 0.10000000149011612, "fpem/gci_graph_align_target_available": 1.0, "fpem/gci_target_adj_mean": 0.004999999888241291, "fpem/gci_target_adj_std": 0.0002319861378055066, "fpem/gci_target_edge_mean": 0.00513450289145112, "fpem/gci_target_nonedge_mean": 0.0049905311316251755, "fpem/gci_target_diag_mean": 0.00585911376401782, "fpem/gci_graph_align_updates_agcrn": 0.0, "fpem/gci_updates_graph_linear": 0.0, "fpem/gci_graph_construction_agcrn_softmax": 1.0, "fpem/scd_assoc_before_C": 0.0, "fpem/scd_assoc_after_C": 0.0, "fpem/scd_assoc_reduction": 0.0, "fpem/scd_relative_violation": 0.0, "fpem/sample_assoc_before_C": 0.0, "fpem/sample_assoc_after_C": 0.0, "fpem/sample_assoc_reduction": 0.0, "fpem/sample_dep_before_C": 0.0, "fpem/sample_dep_after_C": 0.0, "fpem/sample_dep_reduction": 0.0, "fpem/scd_batch_size": 0.0, "fpem/scd_sample_vector_dim": 0.0, "fpem/sample_kernel_alignment": 0.0, "fpem/scd_alignment_loss": 0.0, "fpem/load_level_experts_enabled": 1.0, "fpem/load_level_uses_target_or_future_load": 0.0, "fpem/environment_gate_uses_target_in_forward": 0.0, "fpem/load_level_env_residual_scale": 0.0, "fpem/uses_cached_observable_load_prior": 1.0, "fpem/primary_loss": 9.129862576439267, "fpem/inv_pred_loss": 9.215384964715867, "fpem/primary_uses_route": 1.0, "fpem/primary_uses_env_fusion": 0.0, "fpem/backbone_agcrn": 1.0, "fpem/backbone_graphwavenet": 0.0, "fpem/backbone_staeformer": 0.0, "fpem/gc_pred_loss_only": 1.0, "fpem/env_route_head_mode_hyper_proto": 1.0, "fpem/fpem_force_uniform_route": 0.0, "fpem/hard_prediction_sinkhorn_total_replaces_primary": 0.0, "fpem/hard_prediction_environment_sinkhorn_total_replaces_primary": 0.0, "fpem/warmup_risk_sinkhorn_total_replaces_primary": 0.0, "fpem/lambda_club_mi": 0.0}}
EPOCH {"epoch": 7, "train_loss": 11.13685081118629, "val": {"loss": 11.922309928470188, "mae": 11.733677864074707, "mape": 0.18435333669185638}, "test_mixed": {"loss": NaN, "mae": NaN, "mape": NaN}, "test_workday": {"loss": NaN, "mae": NaN, "mape": NaN}, "test_holiday": {"loss": NaN, "mae": NaN, "mape": NaN}, "test_avg_mae": NaN, "best_selection_value": 11.922309928470188, "best_selection_split": "val", "best_selection_metric": "val_loss", "lr": 0.001, "fpem_logs": {"fpem/fpem_env_use_exogenous": 1.0, "fpem/env_exogenous_available": 1.0, "fpem/env_exogenous_time_available": 1.0, "fpem/env_exogenous_load_available": 1.0, "fpem/env_exogenous_feature_dim": 32.0, "fpem/env_exogenous_embedding_norm": 2.4126548222133093, "fpem/env_exogenous_load_embedding_norm": 1.6073581445784795, "fpem/fpem_env_use_period_context": 1.0, "fpem/env_period_context_available": 1.0, "fpem/env_period_day_available_ratio": 0.9732142857142857, "fpem/env_period_week_available_ratio": 0.8244047619047619, "fpem/env_period_context_feature_dim": 6.0, "fpem/env_period_context_scale": 0.10000000149011612, "fpem/env_period_context_delta_norm": 0.15419931014378865, "fpem/env_period_context_day_diff_norm": 0.16272705211525873, "fpem/env_period_context_week_diff_norm": 0.10188992690472376, "fpem/env_rep_ablation_normal": 1.0, "fpem/env_rep_ablation_zero": 0.0, "fpem/env_rep_ablation_shuffle_batch": 0.0, "fpem/env_rep_ablation_mode_id": 0.0, "fpem/mask_loss": 0.0, "fpem/mask_sparse_loss": 0.0, "fpem/mask_entropy_loss": 0.0, "fpem/mask_mean": 1.0, "fpem/mask_entropy": 0.0, "fpem/mask_active_ratio": 1.0, "fpem/fusion_alpha_mean": 0.0, "fpem/fusion_alpha_std": 0.0, "fpem/fusion_alpha_min": 0.0, "fpem/fusion_alpha_max": 0.0, "fpem/env_route_loss": 1.90952399458204, "fpem/env_route_L_final": 9.13394698642549, "fpem/env_route_L_global": 0.0, "fpem/env_route_L_route_soft": 0.0, "fpem/env_route_L_expert": 9.547619783310664, "fpem/env_route_L_router_oracle": 0.0, "fpem/env_route_L_balance": 0.0, "fpem/env_route_L_diverse": 0.0, "fpem/env_route_L_proto_align": 0.0, "fpem/env_route_entropy": 0.0, "fpem/env_route_q_max_mean": 0.0, "fpem/hyper_alpha_mean": 0.0, "fpem/hyper_delta_norm": 0.0, "fpem/hyper_route_proto_mode_uniform_warmup": 0.0, "fpem/hyper_route_proto_mode_uniform_fixed": 0.0, "fpem/hyper_route_proto_mode_sinkhorn": 0.0, "fpem/hyper_route_proto_mode_softmax": 0.0, "fpem/fallback_q_mean": 0.0, "fpem/fallback_q_max": 0.0, "fpem/env_q_sum_mean": 1.0, "fpem/oracle_fallback_rate": 0.0, "fpem/route_count_fallback": 0.0, "fpem/env_route_head_mode": 1.0, "fpem/route_entropy_mean": 0.0, "fpem/route_mean_distribution_entropy": 0.0, "fpem/effective_expert_number": 1.0, "fpem/max_expert_usage_ratio": 0.0, "fpem/min_expert_usage_ratio": 0.0, "fpem/prototype_pairwise_cosine": 0.0, "fpem/expert_prediction_pairwise_cosine": 0.0, "fpem/expert_collapse_warning": 0.0, "fpem/env_route_target_mode_env_prototype": 0.0, "fpem/env_route_target_mode_hybrid": 0.0, "fpem/env_route_hybrid_alpha": 0.0, "fpem/env_route_train_mode_warmup_risk_sinkhorn": 0.0, "fpem/warmup_risk_stage_warmup": 0.0, "fpem/warmup_risk_stage_soft": 0.0, "fpem/warmup_risk_stage_hard": 0.0, "fpem/warmup_risk_selected_loss": 0.0, "fpem/warmup_risk_uniform_common_loss": 0.0, "fpem/warmup_risk_lambda_common": 0.0, "fpem/warmup_risk_total_common_term": 0.0, "fpem/warmup_risk_temperature": 0.0, "fpem/warmup_risk_temperature_progress": 0.0, "fpem/uniform_expert_mae": 0.0, "fpem/risk_routed_mae": 0.0, "fpem/risk_prediction_mae": 0.0, "fpem/risk_loss": 0.0, "fpem/risk_ranking_loss": 0.0, "fpem/risk_ranking_accuracy": 0.0, "fpem/risk_oracle_argmin_accuracy": 0.0, "fpem/risk_router_temperature": 0.0, "fpem/risk_router_lambda": 0.0, "fpem/risk_router_pairwise_lambda": 0.0, "fpem/env_route_train_mode_progressive_gmm_environment": 0.0, "fpem/top_level_prediction_source_progressive_gmm_teacher_hard": 0.0, "fpem/progressive_assignment_uses_target_or_prediction_error": 0.0, "fpem/progressive_partition_ready": 0.0, "fpem/progressive_selected_k": 0.0, "fpem/progressive_active_expert_count": 0.0, "fpem/progressive_last_partition_epoch": 0.0, "fpem/progressive_lambda_common": 0.0, "fpem/progressive_common_term": 0.0, "fpem/progressive_compactness_loss": 0.0, "fpem/progressive_consistency_loss": 0.0, "fpem/progressive_cluster_entropy": 0.0, "fpem/progressive_assignment_change_ratio": 0.0, "fpem/progressive_hungarian_overlap_score": 0.0, "fpem/progressive_partition_update_time_sec": 0.0, "fpem/progressive_routed_mae": 0.0, "fpem/progressive_gmm_environment_total_replaces_primary": 0.0, "fpem/env_route_count_head_0": 16.0, "fpem/env_route_oracle_count_head_0": 16.0, "fpem/route_count_env_head_0": 16.0, "fpem/route_soft_mean_expert_0": 1.0, "fpem/route_hard_count_expert_0": 16.0, "fpem/hard_count_expert_0": 16.0, "fpem/sinkhorn_soft_col_mass_expert_0": 0.0, "fpem/progressive_active_expert_0": 0.0, "fpem/progressive_cluster_size_0": 0.0, "fpem/progressive_cluster_ratio_0": 0.0, "fpem/progressive_cluster_to_expert_0": 0.0, "fpem/progressive_bic_k1": 0.0, "fpem/progressive_bic_score_k1": 0.0, "fpem/progressive_bic_rejected_k1": 0.0, "fpem/hyper_alpha_head_0": 0.0, "fpem/hyper_gamma_norm_head_0": 0.0, "fpem/hyper_beta_norm_head_0": 0.0, "fpem/expert_cross_mae_group_0_expert_0": 9.547619783310664, "fpem/load_expert_loss": 9.547619783310664, "fpem/counterfactual_risk_router_loss": 0.0, "fpem/counterfactual_risk_regression_loss": 9.152591805231003, "fpem/counterfactual_risk_ranking_loss": 1.621005149682363, "fpem/load_level_assignment_detached": 1.0, "fpem/load_level_count_0": 1680.0, "fpem/load_level_ratio_0": 1.0, "fpem/expert_0_global_loss": 9.547619783310664, "fpem/expert_0_selected_loss": 9.547619783310664, "fpem/counterfactual_risk_stage2_active": 0.0, "fpem/counterfactual_risk_stage2_start_epoch": 20.0, "fpem/counterfactual_risk_all_environment_mae": 9.547619783310664, "fpem/counterfactual_risk_all_invariant_mae": 9.662237548828125, "fpem/counterfactual_risk_routed_mae": 9.547619783310664, "fpem/counterfactual_risk_oracle_mae": 9.457846468970889, "fpem/counterfactual_risk_router_accuracy": 0.6452380952380953, "fpem/counterfactual_risk_router_balanced_accuracy": 0.5, "fpem/counterfactual_risk_inv_route_ratio": 0.0, "fpem/counterfactual_risk_env_route_ratio": 1.0, "fpem/counterfactual_risk_inv_switch_precision": 0.0, "fpem/counterfactual_risk_correct_inv_switches": 0.0, "fpem/counterfactual_risk_harmful_inv_switches": 0.0, "fpem/counterfactual_risk_saved_loss": 0.0, "fpem/counterfactual_risk_added_loss": 0.0, "fpem/counterfactual_risk_net_gain": 0.0, "fpem/counterfactual_risk_regret": 0.089773314339774, "fpem/counterfactual_risk_oracle_gap_closed": 0.0, "fpem/counterfactual_risk_delta_mean": -0.1146176815032959, "fpem/counterfactual_risk_target_inv_ratio": 0.3547619047619048, "fpem/counterfactual_risk_weight_env_sum": 7.9999999364217125, "fpem/counterfactual_risk_weight_inv_sum": 7.999999931880406, "fpem/counterfactual_risk_prediction_is_hard_route": 1.0, "fpem/counterfactual_risk_prediction_is_soft_fusion": 0.0, "fpem/counterfactual_risk_target_detached": 1.0, "fpem/counterfactual_risk_uses_threshold": 0.0, "fpem/counterfactual_risk_all_samples_used_for_router": 1.0, "fpem/hard_router_predicted_env_ratio": 1.0, "fpem/hard_router_effective_env_ratio": 1.0, "fpem/hard_router_target_env_ratio": 0.6452380952380953, "fpem/hard_router_gain_mean": -0.1146176815032959, "fpem/expert_prediction_pairwise_difference": 0.0, "fpem/delta_pairwise_cosine": 0.0, "fpem/delta_pairwise_l1": 0.0, "fpem/delta_pairwise_l2": 0.0, "fpem/expert_0_parameter_norm": 14.850888760884603, "fpem/hard_binary_router_enabled": 0.0, "fpem/hard_router_uses_target_in_forward": 0.0, "fpem/stored_future_c_loaded": 0.0, "fpem/prediction_is_weighted_complete_fusion": 0.0, "fpem/prediction_is_hard_route": 1.0, "fpem/conservative_inv_override_enabled": 0.0, "fpem/conservative_router_features_detached": 1.0, "fpem/counterfactual_risk_router_enabled": 1.0, "fpem/counterfactual_risk_stage2_active_forward": 0.0, "fpem/counterfactual_risk_deploy_route_active": 0.0, "fpem/counterfactual_risk_training_uses_route": 0.0, "fpem/counterfactual_risk_forward_uses_threshold": 0.0, "fpem/future_mi_loss": 0.0, "fpem/future_mi_valid": 0.0, "fpem/future_mi_logvar_mean": 0.0, "fpem/future_mi_target_mode_env_encoder": 0.0, "fpem/swap_loss": 0.0, "fpem/swap_diff_loss": 0.0, "fpem/swap_same_loss": 0.0, "fpem/swap_gain_mean": 0.0, "fpem/swap_s_gain_mean": 0.0, "fpem/swap_fallback_router_loss": 0.0, "fpem/swap_fallback_q_mean": 0.0, "fpem/swap_prediction_delta": 0.0, "fpem/swap_route_delta": 0.0, "fpem/swap_hyper_alpha_delta": 0.0, "fpem/swap_hyper_delta_norm": 0.0, "fpem/loss_env_day": 0.0, "fpem/loss_env_hour": 0.0, "fpem/loss_env_rush": 0.0, "fpem/env_day_acc": 0.0, "fpem/env_hour_acc": 0.0, "fpem/env_rush_acc": 0.0, "fpem/loss_env_supcon": 0.0, "fpem/env_supcon_valid_pairs": 0.0, "fpem/loss_inv_env_adv": 0.0, "fpem/inv_day_acc": 0.0, "fpem/inv_hour_acc": 0.0, "fpem/inv_rush_acc": 0.0, "fpem/loss_cross_cov_sep": 0.0, "fpem/confounder_dep_enabled": 1.0, "fpem/confounder_dep_mode_gci": 1.0, "fpem/confounder_dep_mode_scd": 0.0, "fpem/confounder_dep_mode_both": 0.0, "fpem/confounder_dep_total": 0.09582649348747163, "fpem/loss_gci": 7.79159797405425e-05, "fpem/loss_gci_drop": 7.791534160441231e-05, "fpem/loss_gci_keep": 6.380520480218723e-09, "fpem/loss_gci_graph_align": 0.9582647533643813, "fpem/loss_scd": 0.0, "fpem/loss_conf_kl": 0.0001298596461613973, "fpem/effective_gci_weight": 0.00019999999494757503, "fpem/effective_gci_graph_align_weight": 0.10000000149011612, "fpem/effective_scd_weight": 0.0, "fpem/effective_conf_kl_weight": 1.9999999494757503e-05, "fpem/confounder_dep_ramp_factor": 0.20000000298023224, "fpem/C_mean": -0.0012122542109517824, "fpem/C_std": 0.985200898420243, "fpem/C_norm": 2.7200679665520076, "fpem/confounder_token_norm": 7.982698594956171, "fpem/confounder_variational": 1.0, "fpem/confounder_projection_trace": 7.998712812151227, "fpem/confounder_projection_ridge": 0.0010000000474974513, "fpem/confounder_projection_rank_dim": 8.0, "fpem/confounder_projection_calls": 1.0, "fpem/confounder_dep_detach_target": 1.0, "fpem/gci_nonedge_mass_before_C": 0.9592856781823295, "fpem/gci_nonedge_mass_after_C": 0.9593501624606905, "fpem/gci_nonedge_mass_reduction": -6.44842783610026e-05, "fpem/gci_relative_violation": 7.791534160441231e-05, "fpem/gci_edge_before_C": 0.0050074938196866285, "fpem/gci_edge_after_C": 0.005003338564364683, "fpem/gci_nonedge_conn_before_C": 0.004999404285280477, "fpem/gci_nonedge_conn_after_C": 0.004999740408467395, "fpem/gci_nonedge_conn_reduction": -3.3612318691753207e-07, "fpem/gci_edge_conn_before_C": 0.0050074938196866285, "fpem/gci_edge_conn_after_C": 0.005003338564364683, "fpem/gci_edge_conn_reduction": 4.155255321945463e-06, "fpem/gci_nonedge_dep_before_C": 0.004999404285280477, "fpem/gci_nonedge_dep_after_C": 0.004999740408467395, "fpem/gci_nonedge_dep_reduction": -3.3612318691753207e-07, "fpem/gci_edge_dep_before_C": 0.0050074938196866285, "fpem/gci_edge_dep_after_C": 0.005003338564364683, "fpem/gci_nonedge_count": 38376.0, "fpem/gci_edge_count": 1424.0, "fpem/gci_node_count": 200.0, "fpem/gci_node_vector_dim": 2240.0, "fpem/gci_graph_embed_dim": 16.0, "fpem/gci_graph_embedding_norm_before": 0.06512099990532512, "fpem/gci_graph_embedding_norm_after": 0.044812460953281036, "fpem/gci_graph_embedding_std_before": 0.027680829983381998, "fpem/gci_graph_embedding_std_after": 0.018887744560128168, "fpem/gci_graph_adj_mean_before": 0.00499999989267616, "fpem/gci_graph_adj_mean_after": 0.004999999888241291, "fpem/gci_graph_adj_std_before": 4.344848327621419e-05, "fpem/gci_graph_adj_std_after": 2.033308041323575e-05, "fpem/gci_graph_align_weight": 0.10000000149011612, "fpem/gci_graph_align_raw_mse": 5.1572429493078394e-08, "fpem/gci_graph_align_normalized": 0.9582647533643813, "fpem/gci_edge_preserve_beta": 0.10000000149011612, "fpem/gci_graph_align_target_available": 1.0, "fpem/gci_target_adj_mean": 0.004999999888241291, "fpem/gci_target_adj_std": 0.0002319861378055066, "fpem/gci_target_edge_mean": 0.00513450289145112, "fpem/gci_target_nonedge_mean": 0.0049905311316251755, "fpem/gci_target_diag_mean": 0.00585911376401782, "fpem/gci_graph_align_updates_agcrn": 0.0, "fpem/gci_updates_graph_linear": 0.0, "fpem/gci_graph_construction_agcrn_softmax": 1.0, "fpem/scd_assoc_before_C": 0.0, "fpem/scd_assoc_after_C": 0.0, "fpem/scd_assoc_reduction": 0.0, "fpem/scd_relative_violation": 0.0, "fpem/sample_assoc_before_C": 0.0, "fpem/sample_assoc_after_C": 0.0, "fpem/sample_assoc_reduction": 0.0, "fpem/sample_dep_before_C": 0.0, "fpem/sample_dep_after_C": 0.0, "fpem/sample_dep_reduction": 0.0, "fpem/scd_batch_size": 0.0, "fpem/scd_sample_vector_dim": 0.0, "fpem/sample_kernel_alignment": 0.0, "fpem/scd_alignment_loss": 0.0, "fpem/load_level_experts_enabled": 1.0, "fpem/load_level_uses_target_or_future_load": 0.0, "fpem/environment_gate_uses_target_in_forward": 0.0, "fpem/load_level_env_residual_scale": 0.0, "fpem/uses_cached_observable_load_prior": 1.0, "fpem/primary_loss": 9.13394698642549, "fpem/inv_pred_loss": 9.220268058776856, "fpem/primary_uses_route": 1.0, "fpem/primary_uses_env_fusion": 0.0, "fpem/backbone_agcrn": 1.0, "fpem/backbone_graphwavenet": 0.0, "fpem/backbone_staeformer": 0.0, "fpem/gc_pred_loss_only": 1.0, "fpem/env_route_head_mode_hyper_proto": 1.0, "fpem/fpem_force_uniform_route": 0.0, "fpem/hard_prediction_sinkhorn_total_replaces_primary": 0.0, "fpem/hard_prediction_environment_sinkhorn_total_replaces_primary": 0.0, "fpem/warmup_risk_sinkhorn_total_replaces_primary": 0.0, "fpem/lambda_club_mi": 0.0}}
EPOCH {"epoch": 8, "train_loss": 11.124269094921294, "val": {"loss": 11.834766387939453, "mae": 11.6075439453125, "mape": 0.19044919312000275}, "test_mixed": {"loss": NaN, "mae": NaN, "mape": NaN}, "test_workday": {"loss": NaN, "mae": NaN, "mape": NaN}, "test_holiday": {"loss": NaN, "mae": NaN, "mape": NaN}, "test_avg_mae": NaN, "best_selection_value": 11.834766387939453, "best_selection_split": "val", "best_selection_metric": "val_loss", "lr": 0.001, "fpem_logs": {"fpem/fpem_env_use_exogenous": 1.0, "fpem/env_exogenous_available": 1.0, "fpem/env_exogenous_time_available": 1.0, "fpem/env_exogenous_load_available": 1.0, "fpem/env_exogenous_feature_dim": 32.0, "fpem/env_exogenous_embedding_norm": 2.4230717999594553, "fpem/env_exogenous_load_embedding_norm": 1.6196803830918811, "fpem/fpem_env_use_period_context": 1.0, "fpem/env_period_context_available": 1.0, "fpem/env_period_day_available_ratio": 0.9732142857142857, "fpem/env_period_week_available_ratio": 0.8244047619047619, "fpem/env_period_context_feature_dim": 6.0, "fpem/env_period_context_scale": 0.10000000149011612, "fpem/env_period_context_delta_norm": 0.16220083648250216, "fpem/env_period_context_day_diff_norm": 0.16272705254100617, "fpem/env_period_context_week_diff_norm": 0.10188992764978182, "fpem/env_rep_ablation_normal": 1.0, "fpem/env_rep_ablation_zero": 0.0, "fpem/env_rep_ablation_shuffle_batch": 0.0, "fpem/env_rep_ablation_mode_id": 0.0, "fpem/mask_loss": 0.0, "fpem/mask_sparse_loss": 0.0, "fpem/mask_entropy_loss": 0.0, "fpem/mask_mean": 1.0, "fpem/mask_entropy": 0.0, "fpem/mask_active_ratio": 1.0, "fpem/fusion_alpha_mean": 0.0, "fpem/fusion_alpha_std": 0.0, "fpem/fusion_alpha_min": 0.0, "fpem/fusion_alpha_max": 0.0, "fpem/env_route_loss": 1.907164488519941, "fpem/env_route_L_final": 9.11960964202881, "fpem/env_route_L_global": 0.0, "fpem/env_route_L_route_soft": 0.0, "fpem/env_route_L_expert": 9.53582231884911, "fpem/env_route_L_router_oracle": 0.0, "fpem/env_route_L_balance": 0.0, "fpem/env_route_L_diverse": 0.0, "fpem/env_route_L_proto_align": 0.0, "fpem/env_route_entropy": 0.0, "fpem/env_route_q_max_mean": 0.0, "fpem/hyper_alpha_mean": 0.0, "fpem/hyper_delta_norm": 0.0, "fpem/hyper_route_proto_mode_uniform_warmup": 0.0, "fpem/hyper_route_proto_mode_uniform_fixed": 0.0, "fpem/hyper_route_proto_mode_sinkhorn": 0.0, "fpem/hyper_route_proto_mode_softmax": 0.0, "fpem/fallback_q_mean": 0.0, "fpem/fallback_q_max": 0.0, "fpem/env_q_sum_mean": 1.0, "fpem/oracle_fallback_rate": 0.0, "fpem/route_count_fallback": 0.0, "fpem/env_route_head_mode": 1.0, "fpem/route_entropy_mean": 0.0, "fpem/route_mean_distribution_entropy": 0.0, "fpem/effective_expert_number": 1.0, "fpem/max_expert_usage_ratio": 0.0, "fpem/min_expert_usage_ratio": 0.0, "fpem/prototype_pairwise_cosine": 0.0, "fpem/expert_prediction_pairwise_cosine": 0.0, "fpem/expert_collapse_warning": 0.0, "fpem/env_route_target_mode_env_prototype": 0.0, "fpem/env_route_target_mode_hybrid": 0.0, "fpem/env_route_hybrid_alpha": 0.0, "fpem/env_route_train_mode_warmup_risk_sinkhorn": 0.0, "fpem/warmup_risk_stage_warmup": 0.0, "fpem/warmup_risk_stage_soft": 0.0, "fpem/warmup_risk_stage_hard": 0.0, "fpem/warmup_risk_selected_loss": 0.0, "fpem/warmup_risk_uniform_common_loss": 0.0, "fpem/warmup_risk_lambda_common": 0.0, "fpem/warmup_risk_total_common_term": 0.0, "fpem/warmup_risk_temperature": 0.0, "fpem/warmup_risk_temperature_progress": 0.0, "fpem/uniform_expert_mae": 0.0, "fpem/risk_routed_mae": 0.0, "fpem/risk_prediction_mae": 0.0, "fpem/risk_loss": 0.0, "fpem/risk_ranking_loss": 0.0, "fpem/risk_ranking_accuracy": 0.0, "fpem/risk_oracle_argmin_accuracy": 0.0, "fpem/risk_router_temperature": 0.0, "fpem/risk_router_lambda": 0.0, "fpem/risk_router_pairwise_lambda": 0.0, "fpem/env_route_train_mode_progressive_gmm_environment": 0.0, "fpem/top_level_prediction_source_progressive_gmm_teacher_hard": 0.0, "fpem/progressive_assignment_uses_target_or_prediction_error": 0.0, "fpem/progressive_partition_ready": 0.0, "fpem/progressive_selected_k": 0.0, "fpem/progressive_active_expert_count": 0.0, "fpem/progressive_last_partition_epoch": 0.0, "fpem/progressive_lambda_common": 0.0, "fpem/progressive_common_term": 0.0, "fpem/progressive_compactness_loss": 0.0, "fpem/progressive_consistency_loss": 0.0, "fpem/progressive_cluster_entropy": 0.0, "fpem/progressive_assignment_change_ratio": 0.0, "fpem/progressive_hungarian_overlap_score": 0.0, "fpem/progressive_partition_update_time_sec": 0.0, "fpem/progressive_routed_mae": 0.0, "fpem/progressive_gmm_environment_total_replaces_primary": 0.0, "fpem/env_route_count_head_0": 16.0, "fpem/env_route_oracle_count_head_0": 16.0, "fpem/route_count_env_head_0": 16.0, "fpem/route_soft_mean_expert_0": 1.0, "fpem/route_hard_count_expert_0": 16.0, "fpem/hard_count_expert_0": 16.0, "fpem/sinkhorn_soft_col_mass_expert_0": 0.0, "fpem/progressive_active_expert_0": 0.0, "fpem/progressive_cluster_size_0": 0.0, "fpem/progressive_cluster_ratio_0": 0.0, "fpem/progressive_cluster_to_expert_0": 0.0, "fpem/progressive_bic_k1": 0.0, "fpem/progressive_bic_score_k1": 0.0, "fpem/progressive_bic_rejected_k1": 0.0, "fpem/hyper_alpha_head_0": 0.0, "fpem/hyper_gamma_norm_head_0": 0.0, "fpem/hyper_beta_norm_head_0": 0.0, "fpem/expert_cross_mae_group_0_expert_0": 9.53582231884911, "fpem/load_expert_loss": 9.53582231884911, "fpem/counterfactual_risk_router_loss": 0.0, "fpem/counterfactual_risk_regression_loss": 9.030456447601319, "fpem/counterfactual_risk_ranking_loss": 1.5820512465068273, "fpem/load_level_assignment_detached": 1.0, "fpem/load_level_count_0": 1680.0, "fpem/load_level_ratio_0": 1.0, "fpem/expert_0_global_loss": 9.53582231884911, "fpem/expert_0_selected_loss": 9.53582231884911, "fpem/counterfactual_risk_stage2_active": 0.0, "fpem/counterfactual_risk_stage2_start_epoch": 20.0, "fpem/counterfactual_risk_all_environment_mae": 9.53582231884911, "fpem/counterfactual_risk_all_invariant_mae": 9.66223742167155, "fpem/counterfactual_risk_routed_mae": 9.53582231884911, "fpem/counterfactual_risk_oracle_mae": 9.454752958388555, "fpem/counterfactual_risk_router_accuracy": 0.6452380952380953, "fpem/counterfactual_risk_router_balanced_accuracy": 0.5, "fpem/counterfactual_risk_inv_route_ratio": 0.0, "fpem/counterfactual_risk_env_route_ratio": 1.0, "fpem/counterfactual_risk_inv_switch_precision": 0.0, "fpem/counterfactual_risk_correct_inv_switches": 0.0, "fpem/counterfactual_risk_harmful_inv_switches": 0.0, "fpem/counterfactual_risk_saved_loss": 0.0, "fpem/counterfactual_risk_added_loss": 0.0, "fpem/counterfactual_risk_net_gain": 0.0, "fpem/counterfactual_risk_regret": 0.08106936046055385, "fpem/counterfactual_risk_oracle_gap_closed": 0.0, "fpem/counterfactual_risk_delta_mean": -0.12641518541744778, "fpem/counterfactual_risk_target_inv_ratio": 0.3547619047619048, "fpem/counterfactual_risk_weight_env_sum": 7.999999900091262, "fpem/counterfactual_risk_weight_inv_sum": 7.99999996366955, "fpem/counterfactual_risk_prediction_is_hard_route": 1.0, "fpem/counterfactual_risk_prediction_is_soft_fusion": 0.0, "fpem/counterfactual_risk_target_detached": 1.0, "fpem/counterfactual_risk_uses_threshold": 0.0, "fpem/counterfactual_risk_all_samples_used_for_router": 1.0, "fpem/hard_router_predicted_env_ratio": 1.0, "fpem/hard_router_effective_env_ratio": 1.0, "fpem/hard_router_target_env_ratio": 0.6452380952380953, "fpem/hard_router_gain_mean": -0.12641518541744778, "fpem/expert_prediction_pairwise_difference": 0.0, "fpem/delta_pairwise_cosine": 0.0, "fpem/delta_pairwise_l1": 0.0, "fpem/delta_pairwise_l2": 0.0, "fpem/expert_0_parameter_norm": 14.855371620541527, "fpem/hard_binary_router_enabled": 0.0, "fpem/hard_router_uses_target_in_forward": 0.0, "fpem/stored_future_c_loaded": 0.0, "fpem/prediction_is_weighted_complete_fusion": 0.0, "fpem/prediction_is_hard_route": 1.0, "fpem/conservative_inv_override_enabled": 0.0, "fpem/conservative_router_features_detached": 1.0, "fpem/counterfactual_risk_router_enabled": 1.0, "fpem/counterfactual_risk_stage2_active_forward": 0.0, "fpem/counterfactual_risk_deploy_route_active": 0.0, "fpem/counterfactual_risk_training_uses_route": 0.0, "fpem/counterfactual_risk_forward_uses_threshold": 0.0, "fpem/future_mi_loss": 0.0, "fpem/future_mi_valid": 0.0, "fpem/future_mi_logvar_mean": 0.0, "fpem/future_mi_target_mode_env_encoder": 0.0, "fpem/swap_loss": 0.0, "fpem/swap_diff_loss": 0.0, "fpem/swap_same_loss": 0.0, "fpem/swap_gain_mean": 0.0, "fpem/swap_s_gain_mean": 0.0, "fpem/swap_fallback_router_loss": 0.0, "fpem/swap_fallback_q_mean": 0.0, "fpem/swap_prediction_delta": 0.0, "fpem/swap_route_delta": 0.0, "fpem/swap_hyper_alpha_delta": 0.0, "fpem/swap_hyper_delta_norm": 0.0, "fpem/loss_env_day": 0.0, "fpem/loss_env_hour": 0.0, "fpem/loss_env_rush": 0.0, "fpem/env_day_acc": 0.0, "fpem/env_hour_acc": 0.0, "fpem/env_rush_acc": 0.0, "fpem/loss_env_supcon": 0.0, "fpem/env_supcon_valid_pairs": 0.0, "fpem/loss_inv_env_adv": 0.0, "fpem/inv_day_acc": 0.0, "fpem/inv_hour_acc": 0.0, "fpem/inv_rush_acc": 0.0, "fpem/loss_cross_cov_sep": 0.0, "fpem/confounder_dep_enabled": 1.0, "fpem/confounder_dep_mode_gci": 1.0, "fpem/confounder_dep_mode_scd": 0.0, "fpem/confounder_dep_mode_both": 0.0, "fpem/confounder_dep_total": 0.09484557942265556, "fpem/loss_gci": 9.189743231261327e-05, "fpem/loss_gci_drop": 9.189666057604231e-05, "fpem/loss_gci_keep": 7.719549951648982e-09, "fpem/loss_gci_graph_align": 0.9484554858434768, "fpem/loss_scd": 0.0, "fpem/loss_conf_kl": 0.00010252712028367179, "fpem/effective_gci_weight": 0.0003000000142492354, "fpem/effective_gci_graph_align_weight": 0.10000000149011612, "fpem/effective_scd_weight": 0.0, "fpem/effective_conf_kl_weight": 2.9999999242136255e-05, "fpem/confounder_dep_ramp_factor": 0.30000001192092896, "fpem/C_mean": -0.008890582186480363, "fpem/C_std": 0.9847322356133233, "fpem/C_norm": 2.712759269986834, "fpem/confounder_token_norm": 7.9826364380972725, "fpem/confounder_variational": 1.0, "fpem/confounder_projection_trace": 7.9986166091192334, "fpem/confounder_projection_ridge": 0.0010000000474974513, "fpem/confounder_projection_rank_dim": 8.0, "fpem/confounder_projection_calls": 1.0, "fpem/confounder_dep_detach_target": 1.0, "fpem/gci_nonedge_mass_before_C": 0.9592646661258879, "fpem/gci_nonedge_mass_after_C": 0.9593411405881246, "fpem/gci_nonedge_mass_reduction": -7.64744622366769e-05, "fpem/gci_relative_violation": 9.189666057604231e-05, "fpem/gci_edge_before_C": 0.005009267643271457, "fpem/gci_edge_after_C": 0.0050041018807817075, "fpem/gci_nonedge_conn_before_C": 0.004999294775050311, "fpem/gci_nonedge_conn_after_C": 0.004999693332328683, "fpem/gci_nonedge_conn_reduction": -3.985572783719926e-07, "fpem/gci_edge_conn_before_C": 0.005009267643271457, "fpem/gci_edge_conn_after_C": 0.0050041018807817075, "fpem/gci_edge_conn_reduction": 5.165762489750272e-06, "fpem/gci_nonedge_dep_before_C": 0.004999294775050311, "fpem/gci_nonedge_dep_after_C": 0.004999693332328683, "fpem/gci_nonedge_dep_reduction": -3.985572783719926e-07, "fpem/gci_edge_dep_before_C": 0.005009267643271457, "fpem/gci_edge_dep_after_C": 0.0050041018807817075, "fpem/gci_nonedge_count": 38376.0, "fpem/gci_edge_count": 1424.0, "fpem/gci_node_count": 200.0, "fpem/gci_node_vector_dim": 2240.0, "fpem/gci_graph_embed_dim": 16.0, "fpem/gci_graph_embedding_norm_before": 0.07426189631223679, "fpem/gci_graph_embedding_norm_after": 0.05239084944838569, "fpem/gci_graph_embedding_std_before": 0.029920354148461704, "fpem/gci_graph_embedding_std_after": 0.020587430291232608, "fpem/gci_graph_adj_mean_before": 0.00499999989267616, "fpem/gci_graph_adj_mean_after": 0.004999999888241291, "fpem/gci_graph_adj_std_before": 4.877481312308061e-05, "fpem/gci_graph_adj_std_after": 2.314151261955322e-05, "fpem/gci_graph_align_weight": 0.10000000149011612, "fpem/gci_graph_align_raw_mse": 5.104450872565957e-08, "fpem/gci_graph_align_normalized": 0.9484554858434768, "fpem/gci_edge_preserve_beta": 0.10000000149011612, "fpem/gci_graph_align_target_available": 1.0, "fpem/gci_target_adj_mean": 0.004999999888241291, "fpem/gci_target_adj_std": 0.0002319861378055066, "fpem/gci_target_edge_mean": 0.00513450289145112, "fpem/gci_target_nonedge_mean": 0.0049905311316251755, "fpem/gci_target_diag_mean": 0.00585911376401782, "fpem/gci_graph_align_updates_agcrn": 0.0, "fpem/gci_updates_graph_linear": 0.0, "fpem/gci_graph_construction_agcrn_softmax": 1.0, "fpem/scd_assoc_before_C": 0.0, "fpem/scd_assoc_after_C": 0.0, "fpem/scd_assoc_reduction": 0.0, "fpem/scd_relative_violation": 0.0, "fpem/sample_assoc_before_C": 0.0, "fpem/sample_assoc_after_C": 0.0, "fpem/sample_assoc_reduction": 0.0, "fpem/sample_dep_before_C": 0.0, "fpem/sample_dep_after_C": 0.0, "fpem/sample_dep_reduction": 0.0, "fpem/scd_batch_size": 0.0, "fpem/scd_sample_vector_dim": 0.0, "fpem/sample_kernel_alignment": 0.0, "fpem/scd_alignment_loss": 0.0, "fpem/load_level_experts_enabled": 1.0, "fpem/load_level_uses_target_or_future_load": 0.0, "fpem/environment_gate_uses_target_in_forward": 0.0, "fpem/load_level_env_residual_scale": 0.0, "fpem/uses_cached_observable_load_prior": 1.0, "fpem/primary_loss": 9.11960964202881, "fpem/inv_pred_loss": 9.218106029147194, "fpem/primary_uses_route": 1.0, "fpem/primary_uses_env_fusion": 0.0, "fpem/backbone_agcrn": 1.0, "fpem/backbone_graphwavenet": 0.0, "fpem/backbone_staeformer": 0.0, "fpem/gc_pred_loss_only": 1.0, "fpem/env_route_head_mode_hyper_proto": 1.0, "fpem/fpem_force_uniform_route": 0.0, "fpem/hard_prediction_sinkhorn_total_replaces_primary": 0.0, "fpem/hard_prediction_environment_sinkhorn_total_replaces_primary": 0.0, "fpem/warmup_risk_sinkhorn_total_replaces_primary": 0.0, "fpem/lambda_club_mi": 0.0}}
EPOCH {"epoch": 9, "train_loss": 11.125273486546108, "val": {"loss": 11.831443071365356, "mae": 11.621702194213867, "mape": 0.18176504969596863}, "test_mixed": {"loss": NaN, "mae": NaN, "mape": NaN}, "test_workday": {"loss": NaN, "mae": NaN, "mape": NaN}, "test_holiday": {"loss": NaN, "mae": NaN, "mape": NaN}, "test_avg_mae": NaN, "best_selection_value": 11.831443071365356, "best_selection_split": "val", "best_selection_metric": "val_loss", "lr": 0.001, "fpem_logs": {"fpem/fpem_env_use_exogenous": 1.0, "fpem/env_exogenous_available": 1.0, "fpem/env_exogenous_time_available": 1.0, "fpem/env_exogenous_load_available": 1.0, "fpem/env_exogenous_feature_dim": 32.0, "fpem/env_exogenous_embedding_norm": 2.435307520911807, "fpem/env_exogenous_load_embedding_norm": 1.6227685667219616, "fpem/fpem_env_use_period_context": 1.0, "fpem/env_period_context_available": 1.0, "fpem/env_period_day_available_ratio": 0.9732142857142857, "fpem/env_period_week_available_ratio": 0.8244047619047619, "fpem/env_period_context_feature_dim": 6.0, "fpem/env_period_context_scale": 0.10000000149011612, "fpem/env_period_context_delta_norm": 0.16008375400588626, "fpem/env_period_context_day_diff_norm": 0.16272705282483782, "fpem/env_period_context_week_diff_norm": 0.10188992736595018, "fpem/env_rep_ablation_normal": 1.0, "fpem/env_rep_ablation_zero": 0.0, "fpem/env_rep_ablation_shuffle_batch": 0.0, "fpem/env_rep_ablation_mode_id": 0.0, "fpem/mask_loss": 0.0, "fpem/mask_sparse_loss": 0.0, "fpem/mask_entropy_loss": 0.0, "fpem/mask_mean": 1.0, "fpem/mask_entropy": 0.0, "fpem/mask_active_ratio": 1.0, "fpem/fusion_alpha_mean": 0.0, "fpem/fusion_alpha_std": 0.0, "fpem/fusion_alpha_min": 0.0, "fpem/fusion_alpha_max": 0.0, "fpem/env_route_loss": 1.9073049919945853, "fpem/env_route_L_final": 9.126334953308106, "fpem/env_route_L_global": 0.0, "fpem/env_route_L_route_soft": 0.0, "fpem/env_route_L_expert": 9.536524827139718, "fpem/env_route_L_router_oracle": 0.0, "fpem/env_route_L_balance": 0.0, "fpem/env_route_L_diverse": 0.0, "fpem/env_route_L_proto_align": 0.0, "fpem/env_route_entropy": 0.0, "fpem/env_route_q_max_mean": 0.0, "fpem/hyper_alpha_mean": 0.0, "fpem/hyper_delta_norm": 0.0, "fpem/hyper_route_proto_mode_uniform_warmup": 0.0, "fpem/hyper_route_proto_mode_uniform_fixed": 0.0, "fpem/hyper_route_proto_mode_sinkhorn": 0.0, "fpem/hyper_route_proto_mode_softmax": 0.0, "fpem/fallback_q_mean": 0.0, "fpem/fallback_q_max": 0.0, "fpem/env_q_sum_mean": 1.0, "fpem/oracle_fallback_rate": 0.0, "fpem/route_count_fallback": 0.0, "fpem/env_route_head_mode": 1.0, "fpem/route_entropy_mean": 0.0, "fpem/route_mean_distribution_entropy": 0.0, "fpem/effective_expert_number": 1.0, "fpem/max_expert_usage_ratio": 0.0, "fpem/min_expert_usage_ratio": 0.0, "fpem/prototype_pairwise_cosine": 0.0, "fpem/expert_prediction_pairwise_cosine": 0.0, "fpem/expert_collapse_warning": 0.0, "fpem/env_route_target_mode_env_prototype": 0.0, "fpem/env_route_target_mode_hybrid": 0.0, "fpem/env_route_hybrid_alpha": 0.0, "fpem/env_route_train_mode_warmup_risk_sinkhorn": 0.0, "fpem/warmup_risk_stage_warmup": 0.0, "fpem/warmup_risk_stage_soft": 0.0, "fpem/warmup_risk_stage_hard": 0.0, "fpem/warmup_risk_selected_loss": 0.0, "fpem/warmup_risk_uniform_common_loss": 0.0, "fpem/warmup_risk_lambda_common": 0.0, "fpem/warmup_risk_total_common_term": 0.0, "fpem/warmup_risk_temperature": 0.0, "fpem/warmup_risk_temperature_progress": 0.0, "fpem/uniform_expert_mae": 0.0, "fpem/risk_routed_mae": 0.0, "fpem/risk_prediction_mae": 0.0, "fpem/risk_loss": 0.0, "fpem/risk_ranking_loss": 0.0, "fpem/risk_ranking_accuracy": 0.0, "fpem/risk_oracle_argmin_accuracy": 0.0, "fpem/risk_router_temperature": 0.0, "fpem/risk_router_lambda": 0.0, "fpem/risk_router_pairwise_lambda": 0.0, "fpem/env_route_train_mode_progressive_gmm_environment": 0.0, "fpem/top_level_prediction_source_progressive_gmm_teacher_hard": 0.0, "fpem/progressive_assignment_uses_target_or_prediction_error": 0.0, "fpem/progressive_partition_ready": 0.0, "fpem/progressive_selected_k": 0.0, "fpem/progressive_active_expert_count": 0.0, "fpem/progressive_last_partition_epoch": 0.0, "fpem/progressive_lambda_common": 0.0, "fpem/progressive_common_term": 0.0, "fpem/progressive_compactness_loss": 0.0, "fpem/progressive_consistency_loss": 0.0, "fpem/progressive_cluster_entropy": 0.0, "fpem/progressive_assignment_change_ratio": 0.0, "fpem/progressive_hungarian_overlap_score": 0.0, "fpem/progressive_partition_update_time_sec": 0.0, "fpem/progressive_routed_mae": 0.0, "fpem/progressive_gmm_environment_total_replaces_primary": 0.0, "fpem/env_route_count_head_0": 16.0, "fpem/env_route_oracle_count_head_0": 16.0, "fpem/route_count_env_head_0": 16.0, "fpem/route_soft_mean_expert_0": 1.0, "fpem/route_hard_count_expert_0": 16.0, "fpem/hard_count_expert_0": 16.0, "fpem/sinkhorn_soft_col_mass_expert_0": 0.0, "fpem/progressive_active_expert_0": 0.0, "fpem/progressive_cluster_size_0": 0.0, "fpem/progressive_cluster_ratio_0": 0.0, "fpem/progressive_cluster_to_expert_0": 0.0, "fpem/progressive_bic_k1": 0.0, "fpem/progressive_bic_score_k1": 0.0, "fpem/progressive_bic_rejected_k1": 0.0, "fpem/hyper_alpha_head_0": 0.0, "fpem/hyper_gamma_norm_head_0": 0.0, "fpem/hyper_beta_norm_head_0": 0.0, "fpem/expert_cross_mae_group_0_expert_0": 9.536524827139718, "fpem/load_expert_loss": 9.536524827139718, "fpem/counterfactual_risk_router_loss": 0.0, "fpem/counterfactual_risk_regression_loss": 9.20852947689238, "fpem/counterfactual_risk_ranking_loss": 1.560554641769046, "fpem/load_level_assignment_detached": 1.0, "fpem/load_level_count_0": 1680.0, "fpem/load_level_ratio_0": 1.0, "fpem/expert_0_global_loss": 9.536524827139718, "fpem/expert_0_selected_loss": 9.536524827139718, "fpem/counterfactual_risk_stage2_active": 0.0, "fpem/counterfactual_risk_stage2_start_epoch": 20.0, "fpem/counterfactual_risk_all_environment_mae": 9.536524827139718, "fpem/counterfactual_risk_all_invariant_mae": 9.662237458002, "fpem/counterfactual_risk_routed_mae": 9.536524827139718, "fpem/counterfactual_risk_oracle_mae": 9.456463037218366, "fpem/counterfactual_risk_router_accuracy": 0.6488095238095238, "fpem/counterfactual_risk_router_balanced_accuracy": 0.5, "fpem/counterfactual_risk_inv_route_ratio": 0.0, "fpem/counterfactual_risk_env_route_ratio": 1.0, "fpem/counterfactual_risk_inv_switch_precision": 0.0, "fpem/counterfactual_risk_correct_inv_switches": 0.0, "fpem/counterfactual_risk_harmful_inv_switches": 0.0, "fpem/counterfactual_risk_saved_loss": 0.0, "fpem/counterfactual_risk_added_loss": 0.0, "fpem/counterfactual_risk_net_gain": 0.0, "fpem/counterfactual_risk_regret": 0.08006178992135184, "fpem/counterfactual_risk_oracle_gap_closed": 0.0, "fpem/counterfactual_risk_delta_mean": -0.12571267088254293, "fpem/counterfactual_risk_target_inv_ratio": 0.35119047619047616, "fpem/counterfactual_risk_weight_env_sum": 7.999999990917387, "fpem/counterfactual_risk_weight_inv_sum": 7.999999918256488, "fpem/counterfactual_risk_prediction_is_hard_route": 1.0, "fpem/counterfactual_risk_prediction_is_soft_fusion": 0.0, "fpem/counterfactual_risk_target_detached": 1.0, "fpem/counterfactual_risk_uses_threshold": 0.0, "fpem/counterfactual_risk_all_samples_used_for_router": 1.0, "fpem/hard_router_predicted_env_ratio": 1.0, "fpem/hard_router_effective_env_ratio": 1.0, "fpem/hard_router_target_env_ratio": 0.6488095238095238, "fpem/hard_router_gain_mean": -0.12571267088254293, "fpem/expert_prediction_pairwise_difference": 0.0, "fpem/delta_pairwise_cosine": 0.0, "fpem/delta_pairwise_l1": 0.0, "fpem/delta_pairwise_l2": 0.0, "fpem/expert_0_parameter_norm": 14.860607219877696, "fpem/hard_binary_router_enabled": 0.0, "fpem/hard_router_uses_target_in_forward": 0.0, "fpem/stored_future_c_loaded": 0.0, "fpem/prediction_is_weighted_complete_fusion": 0.0, "fpem/prediction_is_hard_route": 1.0, "fpem/conservative_inv_override_enabled": 0.0, "fpem/conservative_router_features_detached": 1.0, "fpem/counterfactual_risk_router_enabled": 1.0, "fpem/counterfactual_risk_stage2_active_forward": 0.0, "fpem/counterfactual_risk_deploy_route_active": 0.0, "fpem/counterfactual_risk_training_uses_route": 0.0, "fpem/counterfactual_risk_forward_uses_threshold": 0.0, "fpem/future_mi_loss": 0.0, "fpem/future_mi_valid": 0.0, "fpem/future_mi_logvar_mean": 0.0, "fpem/future_mi_target_mode_env_encoder": 0.0, "fpem/swap_loss": 0.0, "fpem/swap_diff_loss": 0.0, "fpem/swap_same_loss": 0.0, "fpem/swap_gain_mean": 0.0, "fpem/swap_s_gain_mean": 0.0, "fpem/swap_fallback_router_loss": 0.0, "fpem/swap_fallback_q_mean": 0.0, "fpem/swap_prediction_delta": 0.0, "fpem/swap_route_delta": 0.0, "fpem/swap_hyper_alpha_delta": 0.0, "fpem/swap_hyper_delta_norm": 0.0, "fpem/loss_env_day": 0.0, "fpem/loss_env_hour": 0.0, "fpem/loss_env_rush": 0.0, "fpem/env_day_acc": 0.0, "fpem/env_hour_acc": 0.0, "fpem/env_rush_acc": 0.0, "fpem/loss_env_supcon": 0.0, "fpem/env_supcon_valid_pairs": 0.0, "fpem/loss_inv_env_adv": 0.0, "fpem/inv_day_acc": 0.0, "fpem/inv_hour_acc": 0.0, "fpem/inv_rush_acc": 0.0, "fpem/loss_cross_cov_sep": 0.0, "fpem/confounder_dep_enabled": 1.0, "fpem/confounder_dep_mode_gci": 1.0, "fpem/confounder_dep_mode_scd": 0.0, "fpem/confounder_dep_mode_both": 0.0, "fpem/confounder_dep_total": 0.09452923373097465, "fpem/loss_gci": 0.00010039829579736328, "fpem/loss_gci_drop": 0.00010039740670999024, "fpem/loss_gci_keep": 8.888938554530937e-09, "fpem/loss_gci_graph_align": 0.9452914936201913, "fpem/loss_scd": 0.0, "fpem/loss_conf_kl": 0.001095939835622197, "fpem/effective_gci_weight": 0.00039999998989515007, "fpem/effective_gci_graph_align_weight": 0.10000000149011612, "fpem/effective_scd_weight": 0.0, "fpem/effective_conf_kl_weight": 3.9999998989515007e-05, "fpem/confounder_dep_ramp_factor": 0.4000000059604645, "fpem/C_mean": -0.0033650858239049003, "fpem/C_std": 1.0016895929972331, "fpem/C_norm": 2.7653040976751417, "fpem/confounder_token_norm": 7.981595988500686, "fpem/confounder_variational": 1.0, "fpem/confounder_projection_trace": 7.998735927400135, "fpem/confounder_projection_ridge": 0.0010000000474974513, "fpem/confounder_projection_rank_dim": 8.0, "fpem/confounder_projection_calls": 1.0, "fpem/confounder_dep_detach_target": 1.0, "fpem/gci_nonedge_mass_before_C": 0.9592483900842212, "fpem/gci_nonedge_mass_after_C": 0.9593322424661546, "fpem/gci_nonedge_mass_reduction": -8.385238193330311e-05, "fpem/gci_relative_violation": 0.00010039740670999024, "fpem/gci_edge_before_C": 0.005011497970138277, "fpem/gci_edge_after_C": 0.005005219951272011, "fpem/gci_nonedge_conn_before_C": 0.004999209940433502, "fpem/gci_nonedge_conn_after_C": 0.004999646921420381, "fpem/gci_nonedge_conn_reduction": -4.3698098687898543e-07, "fpem/gci_edge_conn_before_C": 0.005011497970138277, "fpem/gci_edge_conn_after_C": 0.005005219951272011, "fpem/gci_edge_conn_reduction": 6.2780188662665235e-06, "fpem/gci_nonedge_dep_before_C": 0.004999209940433502, "fpem/gci_nonedge_dep_after_C": 0.004999646921420381, "fpem/gci_nonedge_dep_reduction": -4.3698098687898543e-07, "fpem/gci_edge_dep_before_C": 0.005011497970138277, "fpem/gci_edge_dep_after_C": 0.005005219951272011, "fpem/gci_nonedge_count": 38376.0, "fpem/gci_edge_count": 1424.0, "fpem/gci_node_count": 200.0, "fpem/gci_node_vector_dim": 2240.0, "fpem/gci_graph_embed_dim": 16.0, "fpem/gci_graph_embedding_norm_before": 0.07949530468100593, "fpem/gci_graph_embedding_norm_after": 0.05866170145926022, "fpem/gci_graph_embedding_std_before": 0.030467447744948525, "fpem/gci_graph_embedding_std_after": 0.02145959172575247, "fpem/gci_graph_adj_mean_before": 0.004999999883806422, "fpem/gci_graph_adj_mean_after": 0.00499999989711103, "fpem/gci_graph_adj_std_before": 4.8770648364942256e-05, "fpem/gci_graph_adj_std_after": 2.3823429763156345e-05, "fpem/gci_graph_align_weight": 0.10000000149011612, "fpem/gci_graph_align_raw_mse": 5.087422739588224e-08, "fpem/gci_graph_align_normalized": 0.9452914936201913, "fpem/gci_edge_preserve_beta": 0.10000000149011612, "fpem/gci_graph_align_target_available": 1.0, "fpem/gci_target_adj_mean": 0.004999999888241291, "fpem/gci_target_adj_std": 0.0002319861378055066, "fpem/gci_target_edge_mean": 0.00513450289145112, "fpem/gci_target_nonedge_mean": 0.0049905311316251755, "fpem/gci_target_diag_mean": 0.00585911376401782, "fpem/gci_graph_align_updates_agcrn": 0.0, "fpem/gci_updates_graph_linear": 0.0, "fpem/gci_graph_construction_agcrn_softmax": 1.0, "fpem/scd_assoc_before_C": 0.0, "fpem/scd_assoc_after_C": 0.0, "fpem/scd_assoc_reduction": 0.0, "fpem/scd_relative_violation": 0.0, "fpem/sample_assoc_before_C": 0.0, "fpem/sample_assoc_after_C": 0.0, "fpem/sample_assoc_reduction": 0.0, "fpem/sample_dep_before_C": 0.0, "fpem/sample_dep_after_C": 0.0, "fpem/sample_dep_reduction": 0.0, "fpem/scd_batch_size": 0.0, "fpem/scd_sample_vector_dim": 0.0, "fpem/sample_kernel_alignment": 0.0, "fpem/scd_alignment_loss": 0.0, "fpem/load_level_experts_enabled": 1.0, "fpem/load_level_uses_target_or_future_load": 0.0, "fpem/environment_gate_uses_target_in_forward": 0.0, "fpem/load_level_env_residual_scale": 0.0, "fpem/uses_cached_observable_load_prior": 1.0, "fpem/primary_loss": 9.126334953308106, "fpem/inv_pred_loss": 9.217775054205031, "fpem/primary_uses_route": 1.0, "fpem/primary_uses_env_fusion": 0.0, "fpem/backbone_agcrn": 1.0, "fpem/backbone_graphwavenet": 0.0, "fpem/backbone_staeformer": 0.0, "fpem/gc_pred_loss_only": 1.0, "fpem/env_route_head_mode_hyper_proto": 1.0, "fpem/fpem_force_uniform_route": 0.0, "fpem/hard_prediction_sinkhorn_total_replaces_primary": 0.0, "fpem/hard_prediction_environment_sinkhorn_total_replaces_primary": 0.0, "fpem/warmup_risk_sinkhorn_total_replaces_primary": 0.0, "fpem/lambda_club_mi": 0.0}}
EPOCH {"epoch": 10, "train_loss": 11.107942272367932, "val": {"loss": 11.893911573621962, "mae": 11.695009231567383, "mape": 0.1808633953332901}, "test_mixed": {"loss": NaN, "mae": NaN, "mape": NaN}, "test_workday": {"loss": NaN, "mae": NaN, "mape": NaN}, "test_holiday": {"loss": NaN, "mae": NaN, "mape": NaN}, "test_avg_mae": NaN, "best_selection_value": 11.893911573621962, "best_selection_split": "val", "best_selection_metric": "val_loss", "lr": 0.001, "fpem_logs": {"fpem/fpem_env_use_exogenous": 1.0, "fpem/env_exogenous_available": 1.0, "fpem/env_exogenous_time_available": 1.0, "fpem/env_exogenous_load_available": 1.0, "fpem/env_exogenous_feature_dim": 32.0, "fpem/env_exogenous_embedding_norm": 2.442759016581944, "fpem/env_exogenous_load_embedding_norm": 1.6265831413723173, "fpem/fpem_env_use_period_context": 1.0, "fpem/env_period_context_available": 1.0, "fpem/env_period_day_available_ratio": 0.9732142857142857, "fpem/env_period_week_available_ratio": 0.8244047619047619, "fpem/env_period_context_feature_dim": 6.0, "fpem/env_period_context_scale": 0.10000000149011612, "fpem/env_period_context_delta_norm": 0.17047389589604878, "fpem/env_period_context_day_diff_norm": 0.162727052682922, "fpem/env_period_context_week_diff_norm": 0.10188992775621869, "fpem/env_rep_ablation_normal": 1.0, "fpem/env_rep_ablation_zero": 0.0, "fpem/env_rep_ablation_shuffle_batch": 0.0, "fpem/env_rep_ablation_mode_id": 0.0, "fpem/mask_loss": 0.0, "fpem/mask_sparse_loss": 0.0, "fpem/mask_entropy_loss": 0.0, "fpem/mask_mean": 1.0, "fpem/mask_entropy": 0.0, "fpem/mask_active_ratio": 1.0, "fpem/fusion_alpha_mean": 0.0, "fpem/fusion_alpha_std": 0.0, "fpem/fusion_alpha_min": 0.0, "fpem/fusion_alpha_max": 0.0, "fpem/env_route_loss": 1.9053259452184041, "fpem/env_route_L_final": 9.107127126057943, "fpem/env_route_L_global": 0.0, "fpem/env_route_L_route_soft": 0.0, "fpem/env_route_L_expert": 9.52662957055228, "fpem/env_route_L_router_oracle": 0.0, "fpem/env_route_L_balance": 0.0, "fpem/env_route_L_diverse": 0.0, "fpem/env_route_L_proto_align": 0.0, "fpem/env_route_entropy": 0.0, "fpem/env_route_q_max_mean": 0.0, "fpem/hyper_alpha_mean": 0.0, "fpem/hyper_delta_norm": 0.0, "fpem/hyper_route_proto_mode_uniform_warmup": 0.0, "fpem/hyper_route_proto_mode_uniform_fixed": 0.0, "fpem/hyper_route_proto_mode_sinkhorn": 0.0, "fpem/hyper_route_proto_mode_softmax": 0.0, "fpem/fallback_q_mean": 0.0, "fpem/fallback_q_max": 0.0, "fpem/env_q_sum_mean": 1.0, "fpem/oracle_fallback_rate": 0.0, "fpem/route_count_fallback": 0.0, "fpem/env_route_head_mode": 1.0, "fpem/route_entropy_mean": 0.0, "fpem/route_mean_distribution_entropy": 0.0, "fpem/effective_expert_number": 1.0, "fpem/max_expert_usage_ratio": 0.0, "fpem/min_expert_usage_ratio": 0.0, "fpem/prototype_pairwise_cosine": 0.0, "fpem/expert_prediction_pairwise_cosine": 0.0, "fpem/expert_collapse_warning": 0.0, "fpem/env_route_target_mode_env_prototype": 0.0, "fpem/env_route_target_mode_hybrid": 0.0, "fpem/env_route_hybrid_alpha": 0.0, "fpem/env_route_train_mode_warmup_risk_sinkhorn": 0.0, "fpem/warmup_risk_stage_warmup": 0.0, "fpem/warmup_risk_stage_soft": 0.0, "fpem/warmup_risk_stage_hard": 0.0, "fpem/warmup_risk_selected_loss": 0.0, "fpem/warmup_risk_uniform_common_loss": 0.0, "fpem/warmup_risk_lambda_common": 0.0, "fpem/warmup_risk_total_common_term": 0.0, "fpem/warmup_risk_temperature": 0.0, "fpem/warmup_risk_temperature_progress": 0.0, "fpem/uniform_expert_mae": 0.0, "fpem/risk_routed_mae": 0.0, "fpem/risk_prediction_mae": 0.0, "fpem/risk_loss": 0.0, "fpem/risk_ranking_loss": 0.0, "fpem/risk_ranking_accuracy": 0.0, "fpem/risk_oracle_argmin_accuracy": 0.0, "fpem/risk_router_temperature": 0.0, "fpem/risk_router_lambda": 0.0, "fpem/risk_router_pairwise_lambda": 0.0, "fpem/env_route_train_mode_progressive_gmm_environment": 0.0, "fpem/top_level_prediction_source_progressive_gmm_teacher_hard": 0.0, "fpem/progressive_assignment_uses_target_or_prediction_error": 0.0, "fpem/progressive_partition_ready": 0.0, "fpem/progressive_selected_k": 0.0, "fpem/progressive_active_expert_count": 0.0, "fpem/progressive_last_partition_epoch": 0.0, "fpem/progressive_lambda_common": 0.0, "fpem/progressive_common_term": 0.0, "fpem/progressive_compactness_loss": 0.0, "fpem/progressive_consistency_loss": 0.0, "fpem/progressive_cluster_entropy": 0.0, "fpem/progressive_assignment_change_ratio": 0.0, "fpem/progressive_hungarian_overlap_score": 0.0, "fpem/progressive_partition_update_time_sec": 0.0, "fpem/progressive_routed_mae": 0.0, "fpem/progressive_gmm_environment_total_replaces_primary": 0.0, "fpem/env_route_count_head_0": 16.0, "fpem/env_route_oracle_count_head_0": 16.0, "fpem/route_count_env_head_0": 16.0, "fpem/route_soft_mean_expert_0": 1.0, "fpem/route_hard_count_expert_0": 16.0, "fpem/hard_count_expert_0": 16.0, "fpem/sinkhorn_soft_col_mass_expert_0": 0.0, "fpem/progressive_active_expert_0": 0.0, "fpem/progressive_cluster_size_0": 0.0, "fpem/progressive_cluster_ratio_0": 0.0, "fpem/progressive_cluster_to_expert_0": 0.0, "fpem/progressive_bic_k1": 0.0, "fpem/progressive_bic_score_k1": 0.0, "fpem/progressive_bic_rejected_k1": 0.0, "fpem/hyper_alpha_head_0": 0.0, "fpem/hyper_gamma_norm_head_0": 0.0, "fpem/hyper_beta_norm_head_0": 0.0, "fpem/expert_cross_mae_group_0_expert_0": 9.52662957055228, "fpem/load_expert_loss": 9.52662957055228, "fpem/counterfactual_risk_router_loss": 0.0, "fpem/counterfactual_risk_regression_loss": 9.155498600006103, "fpem/counterfactual_risk_ranking_loss": 1.5973623014631726, "fpem/load_level_assignment_detached": 1.0, "fpem/load_level_count_0": 1680.0, "fpem/load_level_ratio_0": 1.0, "fpem/expert_0_global_loss": 9.52662957055228, "fpem/expert_0_selected_loss": 9.52662957055228, "fpem/counterfactual_risk_stage2_active": 0.0, "fpem/counterfactual_risk_stage2_start_epoch": 20.0, "fpem/counterfactual_risk_all_environment_mae": 9.52662957055228, "fpem/counterfactual_risk_all_invariant_mae": 9.662237467084612, "fpem/counterfactual_risk_routed_mae": 9.52662957055228, "fpem/counterfactual_risk_oracle_mae": 9.448865581694104, "fpem/counterfactual_risk_router_accuracy": 0.6636904761904762, "fpem/counterfactual_risk_router_balanced_accuracy": 0.5, "fpem/counterfactual_risk_inv_route_ratio": 0.0, "fpem/counterfactual_risk_env_route_ratio": 1.0, "fpem/counterfactual_risk_inv_switch_precision": 0.0, "fpem/counterfactual_risk_correct_inv_switches": 0.0, "fpem/counterfactual_risk_harmful_inv_switches": 0.0, "fpem/counterfactual_risk_saved_loss": 0.0, "fpem/counterfactual_risk_added_loss": 0.0, "fpem/counterfactual_risk_net_gain": 0.0, "fpem/counterfactual_risk_regret": 0.07776398885817755, "fpem/counterfactual_risk_oracle_gap_closed": 0.0, "fpem/counterfactual_risk_delta_mean": -0.1356079195226942, "fpem/counterfactual_risk_target_inv_ratio": 0.33630952380952384, "fpem/counterfactual_risk_weight_env_sum": 7.999999931880406, "fpem/counterfactual_risk_weight_inv_sum": 7.999999954586937, "fpem/counterfactual_risk_prediction_is_hard_route": 1.0, "fpem/counterfactual_risk_prediction_is_soft_fusion": 0.0, "fpem/counterfactual_risk_target_detached": 1.0, "fpem/counterfactual_risk_uses_threshold": 0.0, "fpem/counterfactual_risk_all_samples_used_for_router": 1.0, "fpem/hard_router_predicted_env_ratio": 1.0, "fpem/hard_router_effective_env_ratio": 1.0, "fpem/hard_router_target_env_ratio": 0.6636904761904762, "fpem/hard_router_gain_mean": -0.1356079195226942, "fpem/expert_prediction_pairwise_difference": 0.0, "fpem/delta_pairwise_cosine": 0.0, "fpem/delta_pairwise_l1": 0.0, "fpem/delta_pairwise_l2": 0.0, "fpem/expert_0_parameter_norm": 14.864243316650391, "fpem/hard_binary_router_enabled": 0.0, "fpem/hard_router_uses_target_in_forward": 0.0, "fpem/stored_future_c_loaded": 0.0, "fpem/prediction_is_weighted_complete_fusion": 0.0, "fpem/prediction_is_hard_route": 1.0, "fpem/conservative_inv_override_enabled": 0.0, "fpem/conservative_router_features_detached": 1.0, "fpem/counterfactual_risk_router_enabled": 1.0, "fpem/counterfactual_risk_stage2_active_forward": 0.0, "fpem/counterfactual_risk_deploy_route_active": 0.0, "fpem/counterfactual_risk_training_uses_route": 0.0, "fpem/counterfactual_risk_forward_uses_threshold": 0.0, "fpem/future_mi_loss": 0.0, "fpem/future_mi_valid": 0.0, "fpem/future_mi_logvar_mean": 0.0, "fpem/future_mi_target_mode_env_encoder": 0.0, "fpem/swap_loss": 0.0, "fpem/swap_diff_loss": 0.0, "fpem/swap_same_loss": 0.0, "fpem/swap_gain_mean": 0.0, "fpem/swap_s_gain_mean": 0.0, "fpem/swap_fallback_router_loss": 0.0, "fpem/swap_fallback_q_mean": 0.0, "fpem/swap_prediction_delta": 0.0, "fpem/swap_route_delta": 0.0, "fpem/swap_hyper_alpha_delta": 0.0, "fpem/swap_hyper_delta_norm": 0.0, "fpem/loss_env_day": 0.0, "fpem/loss_env_hour": 0.0, "fpem/loss_env_rush": 0.0, "fpem/env_day_acc": 0.0, "fpem/env_hour_acc": 0.0, "fpem/env_rush_acc": 0.0, "fpem/loss_env_supcon": 0.0, "fpem/env_supcon_valid_pairs": 0.0, "fpem/loss_inv_env_adv": 0.0, "fpem/inv_day_acc": 0.0, "fpem/inv_hour_acc": 0.0, "fpem/inv_rush_acc": 0.0, "fpem/loss_cross_cov_sep": 0.0, "fpem/confounder_dep_enabled": 1.0, "fpem/confounder_dep_mode_gci": 1.0, "fpem/confounder_dep_mode_scd": 0.0, "fpem/confounder_dep_mode_both": 0.0, "fpem/confounder_dep_total": 0.09336242917038146, "fpem/loss_gci": 0.0001250907119746054, "fpem/loss_gci_drop": 0.00012508943882061257, "fpem/loss_gci_keep": 1.2731786046602099e-08, "fpem/loss_gci_graph_align": 0.9336235114506313, "fpem/loss_scd": 0.0, "fpem/loss_conf_kl": 0.00028242678159759156, "fpem/effective_gci_weight": 0.0005000000237487257, "fpem/effective_gci_graph_align_weight": 0.10000000149011612, "fpem/effective_scd_weight": 0.0, "fpem/effective_conf_kl_weight": 4.999999873689376e-05, "fpem/confounder_dep_ramp_factor": 0.5, "fpem/C_mean": 0.012726948507839725, "fpem/C_std": 0.9885477003597077, "fpem/C_norm": 2.7237177258446104, "fpem/confounder_token_norm": 7.971038782028925, "fpem/confounder_variational": 1.0, "fpem/confounder_projection_trace": 7.998517694927397, "fpem/confounder_projection_ridge": 0.0010000000474974513, "fpem/confounder_projection_rank_dim": 8.0, "fpem/confounder_projection_calls": 1.0, "fpem/confounder_dep_detach_target": 1.0, "fpem/gci_nonedge_mass_before_C": 0.9592123990967161, "fpem/gci_nonedge_mass_after_C": 0.9593166243462335, "fpem/gci_nonedge_mass_reduction": -0.00010422524951753162, "fpem/gci_relative_violation": 0.00012508943882061257, "fpem/gci_edge_before_C": 0.005015797017230874, "fpem/gci_edge_after_C": 0.005007150374530327, "fpem/gci_nonedge_conn_before_C": 0.00499902233215315, "fpem/gci_nonedge_conn_after_C": 0.004999565572610923, "fpem/gci_nonedge_conn_reduction": -5.432404577732086e-07, "fpem/gci_edge_conn_before_C": 0.005015797017230874, "fpem/gci_edge_conn_after_C": 0.005007150374530327, "fpem/gci_edge_conn_reduction": 8.646642700547264e-06, "fpem/gci_nonedge_dep_before_C": 0.00499902233215315, "fpem/gci_nonedge_dep_after_C": 0.004999565572610923, "fpem/gci_nonedge_dep_reduction": -5.432404577732086e-07, "fpem/gci_edge_dep_before_C": 0.005015797017230874, "fpem/gci_edge_dep_after_C": 0.005007150374530327, "fpem/gci_nonedge_count": 38376.0, "fpem/gci_edge_count": 1424.0, "fpem/gci_node_count": 200.0, "fpem/gci_node_vector_dim": 2240.0, "fpem/gci_graph_embed_dim": 16.0, "fpem/gci_graph_embedding_norm_before": 0.0806657496662367, "fpem/gci_graph_embedding_norm_after": 0.05725180017096656, "fpem/gci_graph_embedding_std_before": 0.03161408518041883, "fpem/gci_graph_embedding_std_after": 0.021871980598994662, "fpem/gci_graph_adj_mean_before": 0.00499999989711103, "fpem/gci_graph_adj_mean_after": 0.00499999989267616, "fpem/gci_graph_adj_std_before": 5.5106888681794295e-05, "fpem/gci_graph_adj_std_after": 2.6689731566875707e-05, "fpem/gci_graph_align_weight": 0.10000000149011612, "fpem/gci_graph_align_raw_mse": 5.024627327543385e-08, "fpem/gci_graph_align_normalized": 0.9336235114506313, "fpem/gci_edge_preserve_beta": 0.10000000149011612, "fpem/gci_graph_align_target_available": 1.0, "fpem/gci_target_adj_mean": 0.004999999888241291, "fpem/gci_target_adj_std": 0.0002319861378055066, "fpem/gci_target_edge_mean": 0.00513450289145112, "fpem/gci_target_nonedge_mean": 0.0049905311316251755, "fpem/gci_target_diag_mean": 0.00585911376401782, "fpem/gci_graph_align_updates_agcrn": 0.0, "fpem/gci_updates_graph_linear": 0.0, "fpem/gci_graph_construction_agcrn_softmax": 1.0, "fpem/scd_assoc_before_C": 0.0, "fpem/scd_assoc_after_C": 0.0, "fpem/scd_assoc_reduction": 0.0, "fpem/scd_relative_violation": 0.0, "fpem/sample_assoc_before_C": 0.0, "fpem/sample_assoc_after_C": 0.0, "fpem/sample_assoc_reduction": 0.0, "fpem/sample_dep_before_C": 0.0, "fpem/sample_dep_after_C": 0.0, "fpem/sample_dep_reduction": 0.0, "fpem/scd_batch_size": 0.0, "fpem/scd_sample_vector_dim": 0.0, "fpem/sample_kernel_alignment": 0.0, "fpem/scd_alignment_loss": 0.0, "fpem/load_level_experts_enabled": 1.0, "fpem/load_level_uses_target_or_future_load": 0.0, "fpem/environment_gate_uses_target_in_forward": 0.0, "fpem/load_level_env_residual_scale": 0.0, "fpem/uses_cached_observable_load_prior": 1.0, "fpem/primary_loss": 9.107127126057943, "fpem/inv_pred_loss": 9.212886419750395, "fpem/primary_uses_route": 1.0, "fpem/primary_uses_env_fusion": 0.0, "fpem/backbone_agcrn": 1.0, "fpem/backbone_graphwavenet": 0.0, "fpem/backbone_staeformer": 0.0, "fpem/gc_pred_loss_only": 1.0, "fpem/env_route_head_mode_hyper_proto": 1.0, "fpem/fpem_force_uniform_route": 0.0, "fpem/hard_prediction_sinkhorn_total_replaces_primary": 0.0, "fpem/hard_prediction_environment_sinkhorn_total_replaces_primary": 0.0, "fpem/warmup_risk_sinkhorn_total_replaces_primary": 0.0, "fpem/lambda_club_mi": 0.0}}
EPOCH {"epoch": 11, "train_loss": 11.120086106799898, "val": {"loss": 11.832776652442085, "mae": 11.628291130065918, "mape": 0.1801295280456543}, "test_mixed": {"loss": NaN, "mae": NaN, "mape": NaN}, "test_workday": {"loss": NaN, "mae": NaN, "mape": NaN}, "test_holiday": {"loss": NaN, "mae": NaN, "mape": NaN}, "test_avg_mae": NaN, "best_selection_value": 11.832776652442085, "best_selection_split": "val", "best_selection_metric": "val_loss", "lr": 0.001, "fpem_logs": {"fpem/fpem_env_use_exogenous": 1.0, "fpem/env_exogenous_available": 1.0, "fpem/env_exogenous_time_available": 1.0, "fpem/env_exogenous_load_available": 1.0, "fpem/env_exogenous_feature_dim": 32.0, "fpem/env_exogenous_embedding_norm": 2.448868840081351, "fpem/env_exogenous_load_embedding_norm": 1.6272031534285771, "fpem/fpem_env_use_period_context": 1.0, "fpem/env_period_context_available": 1.0, "fpem/env_period_day_available_ratio": 0.9732142857142857, "fpem/env_period_week_available_ratio": 0.8244047619047619, "fpem/env_period_context_feature_dim": 6.0, "fpem/env_period_context_scale": 0.10000000149011612, "fpem/env_period_context_delta_norm": 0.1761917581160863, "fpem/env_period_context_day_diff_norm": 0.16272705239909036, "fpem/env_period_context_week_diff_norm": 0.10188992757882391, "fpem/env_rep_ablation_normal": 1.0, "fpem/env_rep_ablation_zero": 0.0, "fpem/env_rep_ablation_shuffle_batch": 0.0, "fpem/env_rep_ablation_mode_id": 0.0, "fpem/mask_loss": 0.0, "fpem/mask_sparse_loss": 0.0, "fpem/mask_entropy_loss": 0.0, "fpem/mask_mean": 1.0, "fpem/mask_entropy": 0.0, "fpem/mask_active_ratio": 1.0, "fpem/fusion_alpha_mean": 0.0, "fpem/fusion_alpha_std": 0.0, "fpem/fusion_alpha_min": 0.0, "fpem/fusion_alpha_max": 0.0, "fpem/env_route_loss": 1.9072217646099272, "fpem/env_route_L_final": 9.12499668938773, "fpem/env_route_L_global": 0.0, "fpem/env_route_L_route_soft": 0.0, "fpem/env_route_L_expert": 9.53610865275065, "fpem/env_route_L_router_oracle": 0.0, "fpem/env_route_L_balance": 0.0, "fpem/env_route_L_diverse": 0.0, "fpem/env_route_L_proto_align": 0.0, "fpem/env_route_entropy": 0.0, "fpem/env_route_q_max_mean": 0.0, "fpem/hyper_alpha_mean": 0.0, "fpem/hyper_delta_norm": 0.0, "fpem/hyper_route_proto_mode_uniform_warmup": 0.0, "fpem/hyper_route_proto_mode_uniform_fixed": 0.0, "fpem/hyper_route_proto_mode_sinkhorn": 0.0, "fpem/hyper_route_proto_mode_softmax": 0.0, "fpem/fallback_q_mean": 0.0, "fpem/fallback_q_max": 0.0, "fpem/env_q_sum_mean": 1.0, "fpem/oracle_fallback_rate": 0.0, "fpem/route_count_fallback": 0.0, "fpem/env_route_head_mode": 1.0, "fpem/route_entropy_mean": 0.0, "fpem/route_mean_distribution_entropy": 0.0, "fpem/effective_expert_number": 1.0, "fpem/max_expert_usage_ratio": 0.0, "fpem/min_expert_usage_ratio": 0.0, "fpem/prototype_pairwise_cosine": 0.0, "fpem/expert_prediction_pairwise_cosine": 0.0, "fpem/expert_collapse_warning": 0.0, "fpem/env_route_target_mode_env_prototype": 0.0, "fpem/env_route_target_mode_hybrid": 0.0, "fpem/env_route_hybrid_alpha": 0.0, "fpem/env_route_train_mode_warmup_risk_sinkhorn": 0.0, "fpem/warmup_risk_stage_warmup": 0.0, "fpem/warmup_risk_stage_soft": 0.0, "fpem/warmup_risk_stage_hard": 0.0, "fpem/warmup_risk_selected_loss": 0.0, "fpem/warmup_risk_uniform_common_loss": 0.0, "fpem/warmup_risk_lambda_common": 0.0, "fpem/warmup_risk_total_common_term": 0.0, "fpem/warmup_risk_temperature": 0.0, "fpem/warmup_risk_temperature_progress": 0.0, "fpem/uniform_expert_mae": 0.0, "fpem/risk_routed_mae": 0.0, "fpem/risk_prediction_mae": 0.0, "fpem/risk_loss": 0.0, "fpem/risk_ranking_loss": 0.0, "fpem/risk_ranking_accuracy": 0.0, "fpem/risk_oracle_argmin_accuracy": 0.0, "fpem/risk_router_temperature": 0.0, "fpem/risk_router_lambda": 0.0, "fpem/risk_router_pairwise_lambda": 0.0, "fpem/env_route_train_mode_progressive_gmm_environment": 0.0, "fpem/top_level_prediction_source_progressive_gmm_teacher_hard": 0.0, "fpem/progressive_assignment_uses_target_or_prediction_error": 0.0, "fpem/progressive_partition_ready": 0.0, "fpem/progressive_selected_k": 0.0, "fpem/progressive_active_expert_count": 0.0, "fpem/progressive_last_partition_epoch": 0.0, "fpem/progressive_lambda_common": 0.0, "fpem/progressive_common_term": 0.0, "fpem/progressive_compactness_loss": 0.0, "fpem/progressive_consistency_loss": 0.0, "fpem/progressive_cluster_entropy": 0.0, "fpem/progressive_assignment_change_ratio": 0.0, "fpem/progressive_hungarian_overlap_score": 0.0, "fpem/progressive_partition_update_time_sec": 0.0, "fpem/progressive_routed_mae": 0.0, "fpem/progressive_gmm_environment_total_replaces_primary": 0.0, "fpem/env_route_count_head_0": 16.0, "fpem/env_route_oracle_count_head_0": 16.0, "fpem/route_count_env_head_0": 16.0, "fpem/route_soft_mean_expert_0": 1.0, "fpem/route_hard_count_expert_0": 16.0, "fpem/hard_count_expert_0": 16.0, "fpem/sinkhorn_soft_col_mass_expert_0": 0.0, "fpem/progressive_active_expert_0": 0.0, "fpem/progressive_cluster_size_0": 0.0, "fpem/progressive_cluster_ratio_0": 0.0, "fpem/progressive_cluster_to_expert_0": 0.0, "fpem/progressive_bic_k1": 0.0, "fpem/progressive_bic_score_k1": 0.0, "fpem/progressive_bic_rejected_k1": 0.0, "fpem/hyper_alpha_head_0": 0.0, "fpem/hyper_gamma_norm_head_0": 0.0, "fpem/hyper_beta_norm_head_0": 0.0, "fpem/expert_cross_mae_group_0_expert_0": 9.53610865275065, "fpem/load_expert_loss": 9.53610865275065, "fpem/counterfactual_risk_router_loss": 0.0, "fpem/counterfactual_risk_regression_loss": 9.058560325985862, "fpem/counterfactual_risk_ranking_loss": 1.5607509442738123, "fpem/load_level_assignment_detached": 1.0, "fpem/load_level_count_0": 1680.0, "fpem/load_level_ratio_0": 1.0, "fpem/expert_0_global_loss": 9.53610865275065, "fpem/expert_0_selected_loss": 9.53610865275065, "fpem/counterfactual_risk_stage2_active": 0.0, "fpem/counterfactual_risk_stage2_start_epoch": 20.0, "fpem/counterfactual_risk_all_environment_mae": 9.53610865275065, "fpem/counterfactual_risk_all_invariant_mae": 9.662237498873756, "fpem/counterfactual_risk_routed_mae": 9.53610865275065, "fpem/counterfactual_risk_oracle_mae": 9.45156876700265, "fpem/counterfactual_risk_router_accuracy": 0.6684523809523809, "fpem/counterfactual_risk_router_balanced_accuracy": 0.5, "fpem/counterfactual_risk_inv_route_ratio": 0.0, "fpem/counterfactual_risk_env_route_ratio": 1.0, "fpem/counterfactual_risk_inv_switch_precision": 0.0, "fpem/counterfactual_risk_correct_inv_switches": 0.0, "fpem/counterfactual_risk_harmful_inv_switches": 0.0, "fpem/counterfactual_risk_saved_loss": 0.0, "fpem/counterfactual_risk_added_loss": 0.0, "fpem/counterfactual_risk_net_gain": 0.0, "fpem/counterfactual_risk_regret": 0.08453988574800037, "fpem/counterfactual_risk_oracle_gap_closed": 0.0, "fpem/counterfactual_risk_delta_mean": -0.12612883618899753, "fpem/counterfactual_risk_target_inv_ratio": 0.33154761904761904, "fpem/counterfactual_risk_weight_env_sum": 7.999999959128243, "fpem/counterfactual_risk_weight_inv_sum": 7.999999968210856, "fpem/counterfactual_risk_prediction_is_hard_route": 1.0, "fpem/counterfactual_risk_prediction_is_soft_fusion": 0.0, "fpem/counterfactual_risk_target_detached": 1.0, "fpem/counterfactual_risk_uses_threshold": 0.0, "fpem/counterfactual_risk_all_samples_used_for_router": 1.0, "fpem/hard_router_predicted_env_ratio": 1.0, "fpem/hard_router_effective_env_ratio": 1.0, "fpem/hard_router_target_env_ratio": 0.6684523809523809, "fpem/hard_router_gain_mean": -0.12612883618899753, "fpem/expert_prediction_pairwise_difference": 0.0, "fpem/delta_pairwise_cosine": 0.0, "fpem/delta_pairwise_l1": 0.0, "fpem/delta_pairwise_l2": 0.0, "fpem/expert_0_parameter_norm": 14.866967728024438, "fpem/hard_binary_router_enabled": 0.0, "fpem/hard_router_uses_target_in_forward": 0.0, "fpem/stored_future_c_loaded": 0.0, "fpem/prediction_is_weighted_complete_fusion": 0.0, "fpem/prediction_is_hard_route": 1.0, "fpem/conservative_inv_override_enabled": 0.0, "fpem/conservative_router_features_detached": 1.0, "fpem/counterfactual_risk_router_enabled": 1.0, "fpem/counterfactual_risk_stage2_active_forward": 0.0, "fpem/counterfactual_risk_deploy_route_active": 0.0, "fpem/counterfactual_risk_training_uses_route": 0.0, "fpem/counterfactual_risk_forward_uses_threshold": 0.0, "fpem/future_mi_loss": 0.0, "fpem/future_mi_valid": 0.0, "fpem/future_mi_logvar_mean": 0.0, "fpem/future_mi_target_mode_env_encoder": 0.0, "fpem/swap_loss": 0.0, "fpem/swap_diff_loss": 0.0, "fpem/swap_same_loss": 0.0, "fpem/swap_gain_mean": 0.0, "fpem/swap_s_gain_mean": 0.0, "fpem/swap_fallback_router_loss": 0.0, "fpem/swap_fallback_q_mean": 0.0, "fpem/swap_prediction_delta": 0.0, "fpem/swap_route_delta": 0.0, "fpem/swap_hyper_alpha_delta": 0.0, "fpem/swap_hyper_delta_norm": 0.0, "fpem/loss_env_day": 0.0, "fpem/loss_env_hour": 0.0, "fpem/loss_env_rush": 0.0, "fpem/env_day_acc": 0.0, "fpem/env_hour_acc": 0.0, "fpem/env_rush_acc": 0.0, "fpem/loss_env_supcon": 0.0, "fpem/env_supcon_valid_pairs": 0.0, "fpem/loss_inv_env_adv": 0.0, "fpem/inv_day_acc": 0.0, "fpem/inv_hour_acc": 0.0, "fpem/inv_rush_acc": 0.0, "fpem/loss_cross_cov_sep": 0.0, "fpem/confounder_dep_enabled": 1.0, "fpem/confounder_dep_mode_gci": 1.0, "fpem/confounder_dep_mode_scd": 0.0, "fpem/confounder_dep_mode_both": 0.0, "fpem/confounder_dep_total": 0.0926909218941416, "fpem/loss_gci": 0.00012574241499394356, "fpem/loss_gci_drop": 0.00012574140841717875, "fpem/loss_gci_keep": 1.0063368912785872e-08, "fpem/loss_gci_graph_align": 0.9269079543295361, "fpem/loss_scd": 0.0, "fpem/loss_conf_kl": 0.0008332661042610804, "fpem/effective_gci_weight": 0.0006000000284984708, "fpem/effective_gci_graph_align_weight": 0.10000000149011612, "fpem/effective_scd_weight": 0.0, "fpem/effective_conf_kl_weight": 5.999999848427251e-05, "fpem/confounder_dep_ramp_factor": 0.6000000238418579, "fpem/C_mean": -0.006571228145843461, "fpem/C_std": 0.9885560291154044, "fpem/C_norm": 2.729435400735764, "fpem/confounder_token_norm": 7.963748082660493, "fpem/confounder_variational": 1.0, "fpem/confounder_projection_trace": 7.998700745900472, "fpem/confounder_projection_ridge": 0.0010000000474974513, "fpem/confounder_projection_rank_dim": 8.0, "fpem/confounder_projection_calls": 1.0, "fpem/confounder_dep_detach_target": 1.0, "fpem/gci_nonedge_mass_before_C": 0.9592098514238994, "fpem/gci_nonedge_mass_after_C": 0.9593146460396903, "fpem/gci_nonedge_mass_reduction": -0.00010479461579095749, "fpem/gci_relative_violation": 0.00012574140841717875, "fpem/gci_edge_before_C": 0.005015408238839536, "fpem/gci_edge_after_C": 0.005007016237470366, "fpem/gci_nonedge_conn_before_C": 0.004999009049719288, "fpem/gci_nonedge_conn_after_C": 0.0049995552438000836, "fpem/gci_nonedge_conn_reduction": -5.461940807955605e-07, "fpem/gci_edge_conn_before_C": 0.005015408238839536, "fpem/gci_edge_conn_after_C": 0.005007016237470366, "fpem/gci_edge_conn_reduction": 8.39200136916978e-06, "fpem/gci_nonedge_dep_before_C": 0.004999009049719288, "fpem/gci_nonedge_dep_after_C": 0.0049995552438000836, "fpem/gci_nonedge_dep_reduction": -5.461940807955605e-07, "fpem/gci_edge_dep_before_C": 0.005015408238839536, "fpem/gci_edge_dep_after_C": 0.005007016237470366, "fpem/gci_nonedge_count": 38376.0, "fpem/gci_edge_count": 1424.0, "fpem/gci_node_count": 200.0, "fpem/gci_node_vector_dim": 2240.0, "fpem/gci_graph_embed_dim": 16.0, "fpem/gci_graph_embedding_norm_before": 0.08769017777272634, "fpem/gci_graph_embedding_norm_after": 0.06551378518342972, "fpem/gci_graph_embedding_std_before": 0.03293323648117837, "fpem/gci_graph_embedding_std_after": 0.023324121534824372, "fpem/gci_graph_adj_mean_before": 0.004999999888241291, "fpem/gci_graph_adj_mean_after": 0.004999999888241291, "fpem/gci_graph_adj_std_before": 5.5878569764900024e-05, "fpem/gci_graph_adj_std_after": 2.7673262394230168e-05, "fpem/gci_graph_align_weight": 0.10000000149011612, "fpem/gci_graph_align_raw_mse": 4.98848516188099e-08, "fpem/gci_graph_align_normalized": 0.9269079543295361, "fpem/gci_edge_preserve_beta": 0.10000000149011612, "fpem/gci_graph_align_target_available": 1.0, "fpem/gci_target_adj_mean": 0.004999999888241291, "fpem/gci_target_adj_std": 0.0002319861378055066, "fpem/gci_target_edge_mean": 0.00513450289145112, "fpem/gci_target_nonedge_mean": 0.0049905311316251755, "fpem/gci_target_diag_mean": 0.00585911376401782, "fpem/gci_graph_align_updates_agcrn": 0.0, "fpem/gci_updates_graph_linear": 0.0, "fpem/gci_graph_construction_agcrn_softmax": 1.0, "fpem/scd_assoc_before_C": 0.0, "fpem/scd_assoc_after_C": 0.0, "fpem/scd_assoc_reduction": 0.0, "fpem/scd_relative_violation": 0.0, "fpem/sample_assoc_before_C": 0.0, "fpem/sample_assoc_after_C": 0.0, "fpem/sample_assoc_reduction": 0.0, "fpem/sample_dep_before_C": 0.0, "fpem/sample_dep_after_C": 0.0, "fpem/sample_dep_reduction": 0.0, "fpem/scd_batch_size": 0.0, "fpem/scd_sample_vector_dim": 0.0, "fpem/sample_kernel_alignment": 0.0, "fpem/scd_alignment_loss": 0.0, "fpem/load_level_experts_enabled": 1.0, "fpem/load_level_uses_target_or_future_load": 0.0, "fpem/environment_gate_uses_target_in_forward": 0.0, "fpem/load_level_env_residual_scale": 0.0, "fpem/uses_cached_observable_load_prior": 1.0, "fpem/primary_loss": 9.12499668938773, "fpem/inv_pred_loss": 9.219974567776635, "fpem/primary_uses_route": 1.0, "fpem/primary_uses_env_fusion": 0.0, "fpem/backbone_agcrn": 1.0, "fpem/backbone_graphwavenet": 0.0, "fpem/backbone_staeformer": 0.0, "fpem/gc_pred_loss_only": 1.0, "fpem/env_route_head_mode_hyper_proto": 1.0, "fpem/fpem_force_uniform_route": 0.0, "fpem/hard_prediction_sinkhorn_total_replaces_primary": 0.0, "fpem/hard_prediction_environment_sinkhorn_total_replaces_primary": 0.0, "fpem/warmup_risk_sinkhorn_total_replaces_primary": 0.0, "fpem/lambda_club_mi": 0.0}}
EPOCH {"epoch": 12, "train_loss": 11.097740654718308, "val": {"loss": 11.86373037762112, "mae": 11.647879600524902, "mape": 0.1893662065267563}, "test_mixed": {"loss": NaN, "mae": NaN, "mape": NaN}, "test_workday": {"loss": NaN, "mae": NaN, "mape": NaN}, "test_holiday": {"loss": NaN, "mae": NaN, "mape": NaN}, "test_avg_mae": NaN, "best_selection_value": 11.86373037762112, "best_selection_split": "val", "best_selection_metric": "val_loss", "lr": 0.001, "fpem_logs": {"fpem/fpem_env_use_exogenous": 1.0, "fpem/env_exogenous_available": 1.0, "fpem/env_exogenous_time_available": 1.0, "fpem/env_exogenous_load_available": 1.0, "fpem/env_exogenous_feature_dim": 32.0, "fpem/env_exogenous_embedding_norm": 2.450664102463495, "fpem/env_exogenous_load_embedding_norm": 1.6272036177771432, "fpem/fpem_env_use_period_context": 1.0, "fpem/env_period_context_available": 1.0, "fpem/env_period_day_available_ratio": 0.9732142857142857, "fpem/env_period_week_available_ratio": 0.8244047619047619, "fpem/env_period_context_feature_dim": 6.0, "fpem/env_period_context_scale": 0.10000000149011612, "fpem/env_period_context_delta_norm": 0.1840520821866535, "fpem/env_period_context_day_diff_norm": 0.1627270506251426, "fpem/env_period_context_week_diff_norm": 0.10188992697568167, "fpem/env_rep_ablation_normal": 1.0, "fpem/env_rep_ablation_zero": 0.0, "fpem/env_rep_ablation_shuffle_batch": 0.0, "fpem/env_rep_ablation_mode_id": 0.0, "fpem/mask_loss": 0.0, "fpem/mask_sparse_loss": 0.0, "fpem/mask_entropy_loss": 0.0, "fpem/mask_mean": 1.0, "fpem/mask_entropy": 0.0, "fpem/mask_active_ratio": 1.0, "fpem/fusion_alpha_mean": 0.0, "fpem/fusion_alpha_std": 0.0, "fpem/fusion_alpha_min": 0.0, "fpem/fusion_alpha_max": 0.0, "fpem/env_route_loss": 1.9015962294169835, "fpem/env_route_L_final": 9.096766022273473, "fpem/env_route_L_global": 0.0, "fpem/env_route_L_route_soft": 0.0, "fpem/env_route_L_expert": 9.50798098700387, "fpem/env_route_L_router_oracle": 0.0, "fpem/env_route_L_balance": 0.0, "fpem/env_route_L_diverse": 0.0, "fpem/env_route_L_proto_align": 0.0, "fpem/env_route_entropy": 0.0, "fpem/env_route_q_max_mean": 0.0, "fpem/hyper_alpha_mean": 0.0, "fpem/hyper_delta_norm": 0.0, "fpem/hyper_route_proto_mode_uniform_warmup": 0.0, "fpem/hyper_route_proto_mode_uniform_fixed": 0.0, "fpem/hyper_route_proto_mode_sinkhorn": 0.0, "fpem/hyper_route_proto_mode_softmax": 0.0, "fpem/fallback_q_mean": 0.0, "fpem/fallback_q_max": 0.0, "fpem/env_q_sum_mean": 1.0, "fpem/oracle_fallback_rate": 0.0, "fpem/route_count_fallback": 0.0, "fpem/env_route_head_mode": 1.0, "fpem/route_entropy_mean": 0.0, "fpem/route_mean_distribution_entropy": 0.0, "fpem/effective_expert_number": 1.0, "fpem/max_expert_usage_ratio": 0.0, "fpem/min_expert_usage_ratio": 0.0, "fpem/prototype_pairwise_cosine": 0.0, "fpem/expert_prediction_pairwise_cosine": 0.0, "fpem/expert_collapse_warning": 0.0, "fpem/env_route_target_mode_env_prototype": 0.0, "fpem/env_route_target_mode_hybrid": 0.0, "fpem/env_route_hybrid_alpha": 0.0, "fpem/env_route_train_mode_warmup_risk_sinkhorn": 0.0, "fpem/warmup_risk_stage_warmup": 0.0, "fpem/warmup_risk_stage_soft": 0.0, "fpem/warmup_risk_stage_hard": 0.0, "fpem/warmup_risk_selected_loss": 0.0, "fpem/warmup_risk_uniform_common_loss": 0.0, "fpem/warmup_risk_lambda_common": 0.0, "fpem/warmup_risk_total_common_term": 0.0, "fpem/warmup_risk_temperature": 0.0, "fpem/warmup_risk_temperature_progress": 0.0, "fpem/uniform_expert_mae": 0.0, "fpem/risk_routed_mae": 0.0, "fpem/risk_prediction_mae": 0.0, "fpem/risk_loss": 0.0, "fpem/risk_ranking_loss": 0.0, "fpem/risk_ranking_accuracy": 0.0, "fpem/risk_oracle_argmin_accuracy": 0.0, "fpem/risk_router_temperature": 0.0, "fpem/risk_router_lambda": 0.0, "fpem/risk_router_pairwise_lambda": 0.0, "fpem/env_route_train_mode_progressive_gmm_environment": 0.0, "fpem/top_level_prediction_source_progressive_gmm_teacher_hard": 0.0, "fpem/progressive_assignment_uses_target_or_prediction_error": 0.0, "fpem/progressive_partition_ready": 0.0, "fpem/progressive_selected_k": 0.0, "fpem/progressive_active_expert_count": 0.0, "fpem/progressive_last_partition_epoch": 0.0, "fpem/progressive_lambda_common": 0.0, "fpem/progressive_common_term": 0.0, "fpem/progressive_compactness_loss": 0.0, "fpem/progressive_consistency_loss": 0.0, "fpem/progressive_cluster_entropy": 0.0, "fpem/progressive_assignment_change_ratio": 0.0, "fpem/progressive_hungarian_overlap_score": 0.0, "fpem/progressive_partition_update_time_sec": 0.0, "fpem/progressive_routed_mae": 0.0, "fpem/progressive_gmm_environment_total_replaces_primary": 0.0, "fpem/env_route_count_head_0": 16.0, "fpem/env_route_oracle_count_head_0": 16.0, "fpem/route_count_env_head_0": 16.0, "fpem/route_soft_mean_expert_0": 1.0, "fpem/route_hard_count_expert_0": 16.0, "fpem/hard_count_expert_0": 16.0, "fpem/sinkhorn_soft_col_mass_expert_0": 0.0, "fpem/progressive_active_expert_0": 0.0, "fpem/progressive_cluster_size_0": 0.0, "fpem/progressive_cluster_ratio_0": 0.0, "fpem/progressive_cluster_to_expert_0": 0.0, "fpem/progressive_bic_k1": 0.0, "fpem/progressive_bic_score_k1": 0.0, "fpem/progressive_bic_rejected_k1": 0.0, "fpem/hyper_alpha_head_0": 0.0, "fpem/hyper_gamma_norm_head_0": 0.0, "fpem/hyper_beta_norm_head_0": 0.0, "fpem/expert_cross_mae_group_0_expert_0": 9.50798098700387, "fpem/load_expert_loss": 9.50798098700387, "fpem/counterfactual_risk_router_loss": 0.0, "fpem/counterfactual_risk_regression_loss": 9.156923548380535, "fpem/counterfactual_risk_ranking_loss": 1.5459132591883342, "fpem/load_level_assignment_detached": 1.0, "fpem/load_level_count_0": 1680.0, "fpem/load_level_ratio_0": 1.0, "fpem/expert_0_global_loss": 9.50798098700387, "fpem/expert_0_selected_loss": 9.50798098700387, "fpem/counterfactual_risk_stage2_active": 0.0, "fpem/counterfactual_risk_stage2_start_epoch": 20.0, "fpem/counterfactual_risk_all_environment_mae": 9.50798098700387, "fpem/counterfactual_risk_all_invariant_mae": 9.662237512497676, "fpem/counterfactual_risk_routed_mae": 9.507992140452068, "fpem/counterfactual_risk_oracle_mae": 9.434139446985155, "fpem/counterfactual_risk_router_accuracy": 0.6797619047619048, "fpem/counterfactual_risk_router_balanced_accuracy": 0.4993197282155355, "fpem/counterfactual_risk_inv_route_ratio": 0.0005952380952380953, "fpem/counterfactual_risk_env_route_ratio": 0.9994047619047619, "fpem/counterfactual_risk_inv_switch_precision": 0.0, "fpem/counterfactual_risk_correct_inv_switches": 0.0, "fpem/counterfactual_risk_harmful_inv_switches": 0.009523809523809525, "fpem/counterfactual_risk_saved_loss": 0.0, "fpem/counterfactual_risk_added_loss": 1.1161395481654576e-05, "fpem/counterfactual_risk_net_gain": -1.1153448195684523e-05, "fpem/counterfactual_risk_regret": 0.07385269346691313, "fpem/counterfactual_risk_oracle_gap_closed": -5.549315717958269e-05, "fpem/counterfactual_risk_delta_mean": -0.1542565208105814, "fpem/counterfactual_risk_target_inv_ratio": 0.3196428571428571, "fpem/counterfactual_risk_weight_env_sum": 7.99999989100865, "fpem/counterfactual_risk_weight_inv_sum": 7.999999904632569, "fpem/counterfactual_risk_prediction_is_hard_route": 1.0, "fpem/counterfactual_risk_prediction_is_soft_fusion": 0.0, "fpem/counterfactual_risk_target_detached": 1.0, "fpem/counterfactual_risk_uses_threshold": 0.0, "fpem/counterfactual_risk_all_samples_used_for_router": 1.0, "fpem/hard_router_predicted_env_ratio": 0.9994047619047619, "fpem/hard_router_effective_env_ratio": 1.0, "fpem/hard_router_target_env_ratio": 0.6803571428571429, "fpem/hard_router_gain_mean": -0.1542565208105814, "fpem/expert_prediction_pairwise_difference": 0.0, "fpem/delta_pairwise_cosine": 0.0, "fpem/delta_pairwise_l1": 0.0, "fpem/delta_pairwise_l2": 0.0, "fpem/expert_0_parameter_norm": 14.870213045392717, "fpem/hard_binary_router_enabled": 0.0, "fpem/hard_router_uses_target_in_forward": 0.0, "fpem/stored_future_c_loaded": 0.0, "fpem/prediction_is_weighted_complete_fusion": 0.0, "fpem/prediction_is_hard_route": 1.0, "fpem/conservative_inv_override_enabled": 0.0, "fpem/conservative_router_features_detached": 1.0, "fpem/counterfactual_risk_router_enabled": 1.0, "fpem/counterfactual_risk_stage2_active_forward": 0.0, "fpem/counterfactual_risk_deploy_route_active": 0.0, "fpem/counterfactual_risk_training_uses_route": 0.0, "fpem/counterfactual_risk_forward_uses_threshold": 0.0, "fpem/future_mi_loss": 0.0, "fpem/future_mi_valid": 0.0, "fpem/future_mi_logvar_mean": 0.0, "fpem/future_mi_target_mode_env_encoder": 0.0, "fpem/swap_loss": 0.0, "fpem/swap_diff_loss": 0.0, "fpem/swap_same_loss": 0.0, "fpem/swap_gain_mean": 0.0, "fpem/swap_s_gain_mean": 0.0, "fpem/swap_fallback_router_loss": 0.0, "fpem/swap_fallback_q_mean": 0.0, "fpem/swap_prediction_delta": 0.0, "fpem/swap_route_delta": 0.0, "fpem/swap_hyper_alpha_delta": 0.0, "fpem/swap_hyper_delta_norm": 0.0, "fpem/loss_env_day": 0.0, "fpem/loss_env_hour": 0.0, "fpem/loss_env_rush": 0.0, "fpem/env_day_acc": 0.0, "fpem/env_hour_acc": 0.0, "fpem/env_rush_acc": 0.0, "fpem/loss_env_supcon": 0.0, "fpem/env_supcon_valid_pairs": 0.0, "fpem/loss_inv_env_adv": 0.0, "fpem/inv_day_acc": 0.0, "fpem/inv_hour_acc": 0.0, "fpem/inv_rush_acc": 0.0, "fpem/loss_cross_cov_sep": 0.0, "fpem/confounder_dep_enabled": 1.0, "fpem/confounder_dep_mode_gci": 1.0, "fpem/confounder_dep_mode_scd": 0.0, "fpem/confounder_dep_mode_both": 0.0, "fpem/confounder_dep_total": 0.09493653476238251, "fpem/loss_gci": 0.00013094632290414578, "fpem/loss_gci_drop": 0.0001309448198991872, "fpem/loss_gci_keep": 1.503343870765778e-08, "fpem/loss_gci_graph_align": 0.9493644033159528, "fpem/loss_scd": 0.0, "fpem/loss_conf_kl": 3.388646457876478e-05, "fpem/effective_gci_weight": 0.000699999975040555, "fpem/effective_gci_graph_align_weight": 0.10000000149011612, "fpem/effective_scd_weight": 0.0, "fpem/effective_conf_kl_weight": 7.000000186963007e-05, "fpem/confounder_dep_ramp_factor": 0.699999988079071, "fpem/C_mean": 0.0022118729760959035, "fpem/C_std": 0.988599143141792, "fpem/C_norm": 2.7222165175846644, "fpem/confounder_token_norm": 7.957480103628976, "fpem/confounder_variational": 1.0, "fpem/confounder_projection_trace": 7.998541709354946, "fpem/confounder_projection_ridge": 0.0010000000474974513, "fpem/confounder_projection_rank_dim": 8.0, "fpem/confounder_projection_calls": 1.0, "fpem/confounder_dep_detach_target": 1.0, "fpem/gci_nonedge_mass_before_C": 0.959201771304721, "fpem/gci_nonedge_mass_after_C": 0.9593106508255005, "fpem/gci_nonedge_mass_reduction": -0.00010887952077956426, "fpem/gci_relative_violation": 0.0001309448198991872, "fpem/gci_edge_before_C": 0.005015570444187947, "fpem/gci_edge_after_C": 0.005007186367930401, "fpem/gci_nonedge_conn_before_C": 0.004998966945069177, "fpem/gci_nonedge_conn_after_C": 0.004999534413218498, "fpem/gci_nonedge_conn_reduction": -5.674681493214198e-07, "fpem/gci_edge_conn_before_C": 0.005015570444187947, "fpem/gci_edge_conn_after_C": 0.005007186367930401, "fpem/gci_edge_conn_reduction": 8.384076257546743e-06, "fpem/gci_nonedge_dep_before_C": 0.004998966945069177, "fpem/gci_nonedge_dep_after_C": 0.004999534413218498, "fpem/gci_nonedge_dep_reduction": -5.674681493214198e-07, "fpem/gci_edge_dep_before_C": 0.005015570444187947, "fpem/gci_edge_dep_after_C": 0.005007186367930401, "fpem/gci_nonedge_count": 38376.0, "fpem/gci_edge_count": 1424.0, "fpem/gci_node_count": 200.0, "fpem/gci_node_vector_dim": 2240.0, "fpem/gci_graph_embed_dim": 16.0, "fpem/gci_graph_embedding_norm_before": 0.09246033437195278, "fpem/gci_graph_embedding_norm_after": 0.06938173614797138, "fpem/gci_graph_embedding_std_before": 0.03409701928141571, "fpem/gci_graph_embedding_std_after": 0.024268814194060507, "fpem/gci_graph_adj_mean_before": 0.00499999989267616, "fpem/gci_graph_adj_mean_after": 0.0049999999059807685, "fpem/gci_graph_adj_std_before": 6.128638134604054e-05, "fpem/gci_graph_adj_std_after": 3.0005694515282465e-05, "fpem/gci_graph_align_weight": 0.10000000149011612, "fpem/gci_graph_align_raw_mse": 5.10934252620895e-08, "fpem/gci_graph_align_normalized": 0.9493644033159528, "fpem/gci_edge_preserve_beta": 0.10000000149011612, "fpem/gci_graph_align_target_available": 1.0, "fpem/gci_target_adj_mean": 0.004999999888241291, "fpem/gci_target_adj_std": 0.0002319861378055066, "fpem/gci_target_edge_mean": 0.00513450289145112, "fpem/gci_target_nonedge_mean": 0.0049905311316251755, "fpem/gci_target_diag_mean": 0.00585911376401782, "fpem/gci_graph_align_updates_agcrn": 0.0, "fpem/gci_updates_graph_linear": 0.0, "fpem/gci_graph_construction_agcrn_softmax": 1.0, "fpem/scd_assoc_before_C": 0.0, "fpem/scd_assoc_after_C": 0.0, "fpem/scd_assoc_reduction": 0.0, "fpem/scd_relative_violation": 0.0, "fpem/sample_assoc_before_C": 0.0, "fpem/sample_assoc_after_C": 0.0, "fpem/sample_assoc_reduction": 0.0, "fpem/sample_dep_before_C": 0.0, "fpem/sample_dep_after_C": 0.0, "fpem/sample_dep_reduction": 0.0, "fpem/scd_batch_size": 0.0, "fpem/scd_sample_vector_dim": 0.0, "fpem/sample_kernel_alignment": 0.0, "fpem/scd_alignment_loss": 0.0, "fpem/load_level_experts_enabled": 1.0, "fpem/load_level_uses_target_or_future_load": 0.0, "fpem/environment_gate_uses_target_in_forward": 0.0, "fpem/load_level_env_residual_scale": 0.0, "fpem/uses_cached_observable_load_prior": 1.0, "fpem/primary_loss": 9.096766022273473, "fpem/inv_pred_loss": 9.220284284864153, "fpem/primary_uses_route": 1.0, "fpem/primary_uses_env_fusion": 0.0, "fpem/backbone_agcrn": 1.0, "fpem/backbone_graphwavenet": 0.0, "fpem/backbone_staeformer": 0.0, "fpem/gc_pred_loss_only": 1.0, "fpem/env_route_head_mode_hyper_proto": 1.0, "fpem/fpem_force_uniform_route": 0.0, "fpem/hard_prediction_sinkhorn_total_replaces_primary": 0.0, "fpem/hard_prediction_environment_sinkhorn_total_replaces_primary": 0.0, "fpem/warmup_risk_sinkhorn_total_replaces_primary": 0.0, "fpem/lambda_club_mi": 0.0}}
EPOCH {"epoch": 13, "train_loss": 11.074844342186337, "val": {"loss": 11.821587244669596, "mae": 11.609955787658691, "mape": 0.18226513266563416}, "test_mixed": {"loss": NaN, "mae": NaN, "mape": NaN}, "test_workday": {"loss": NaN, "mae": NaN, "mape": NaN}, "test_holiday": {"loss": NaN, "mae": NaN, "mape": NaN}, "test_avg_mae": NaN, "best_selection_value": 11.821587244669596, "best_selection_split": "val", "best_selection_metric": "val_loss", "lr": 0.001, "fpem_logs": {"fpem/fpem_env_use_exogenous": 1.0, "fpem/env_exogenous_available": 1.0, "fpem/env_exogenous_time_available": 1.0, "fpem/env_exogenous_load_available": 1.0, "fpem/env_exogenous_feature_dim": 32.0, "fpem/env_exogenous_embedding_norm": 2.4574954645974296, "fpem/env_exogenous_load_embedding_norm": 1.6311512731370472, "fpem/fpem_env_use_period_context": 1.0, "fpem/env_period_context_available": 1.0, "fpem/env_period_day_available_ratio": 0.9732142857142857, "fpem/env_period_week_available_ratio": 0.8244047619047619, "fpem/env_period_context_feature_dim": 6.0, "fpem/env_period_context_scale": 0.10000000149011612, "fpem/env_period_context_delta_norm": 0.17899884624140602, "fpem/env_period_context_day_diff_norm": 0.16272705325058529, "fpem/env_period_context_week_diff_norm": 0.10188992662089212, "fpem/env_rep_ablation_normal": 1.0, "fpem/env_rep_ablation_zero": 0.0, "fpem/env_rep_ablation_shuffle_batch": 0.0, "fpem/env_rep_ablation_mode_id": 0.0, "fpem/mask_loss": 0.0, "fpem/mask_sparse_loss": 0.0, "fpem/mask_entropy_loss": 0.0, "fpem/mask_mean": 1.0, "fpem/mask_entropy": 0.0, "fpem/mask_active_ratio": 1.0, "fpem/fusion_alpha_mean": 0.0, "fpem/fusion_alpha_std": 0.0, "fpem/fusion_alpha_min": 0.0, "fpem/fusion_alpha_max": 0.0, "fpem/env_route_loss": 1.9010671626953852, "fpem/env_route_L_final": 9.086438419705345, "fpem/env_route_L_global": 0.0, "fpem/env_route_L_route_soft": 0.0, "fpem/env_route_L_expert": 9.505335671561104, "fpem/env_route_L_router_oracle": 0.0, "fpem/env_route_L_balance": 0.0, "fpem/env_route_L_diverse": 0.0, "fpem/env_route_L_proto_align": 0.0, "fpem/env_route_entropy": 0.0, "fpem/env_route_q_max_mean": 0.0, "fpem/hyper_alpha_mean": 0.0, "fpem/hyper_delta_norm": 0.0, "fpem/hyper_route_proto_mode_uniform_warmup": 0.0, "fpem/hyper_route_proto_mode_uniform_fixed": 0.0, "fpem/hyper_route_proto_mode_sinkhorn": 0.0, "fpem/hyper_route_proto_mode_softmax": 0.0, "fpem/fallback_q_mean": 0.0, "fpem/fallback_q_max": 0.0, "fpem/env_q_sum_mean": 1.0, "fpem/oracle_fallback_rate": 0.0, "fpem/route_count_fallback": 0.0, "fpem/env_route_head_mode": 1.0, "fpem/route_entropy_mean": 0.0, "fpem/route_mean_distribution_entropy": 0.0, "fpem/effective_expert_number": 1.0, "fpem/max_expert_usage_ratio": 0.0, "fpem/min_expert_usage_ratio": 0.0, "fpem/prototype_pairwise_cosine": 0.0, "fpem/expert_prediction_pairwise_cosine": 0.0, "fpem/expert_collapse_warning": 0.0, "fpem/env_route_target_mode_env_prototype": 0.0, "fpem/env_route_target_mode_hybrid": 0.0, "fpem/env_route_hybrid_alpha": 0.0, "fpem/env_route_train_mode_warmup_risk_sinkhorn": 0.0, "fpem/warmup_risk_stage_warmup": 0.0, "fpem/warmup_risk_stage_soft": 0.0, "fpem/warmup_risk_stage_hard": 0.0, "fpem/warmup_risk_selected_loss": 0.0, "fpem/warmup_risk_uniform_common_loss": 0.0, "fpem/warmup_risk_lambda_common": 0.0, "fpem/warmup_risk_total_common_term": 0.0, "fpem/warmup_risk_temperature": 0.0, "fpem/warmup_risk_temperature_progress": 0.0, "fpem/uniform_expert_mae": 0.0, "fpem/risk_routed_mae": 0.0, "fpem/risk_prediction_mae": 0.0, "fpem/risk_loss": 0.0, "fpem/risk_ranking_loss": 0.0, "fpem/risk_ranking_accuracy": 0.0, "fpem/risk_oracle_argmin_accuracy": 0.0, "fpem/risk_router_temperature": 0.0, "fpem/risk_router_lambda": 0.0, "fpem/risk_router_pairwise_lambda": 0.0, "fpem/env_route_train_mode_progressive_gmm_environment": 0.0, "fpem/top_level_prediction_source_progressive_gmm_teacher_hard": 0.0, "fpem/progressive_assignment_uses_target_or_prediction_error": 0.0, "fpem/progressive_partition_ready": 0.0, "fpem/progressive_selected_k": 0.0, "fpem/progressive_active_expert_count": 0.0, "fpem/progressive_last_partition_epoch": 0.0, "fpem/progressive_lambda_common": 0.0, "fpem/progressive_common_term": 0.0, "fpem/progressive_compactness_loss": 0.0, "fpem/progressive_consistency_loss": 0.0, "fpem/progressive_cluster_entropy": 0.0, "fpem/progressive_assignment_change_ratio": 0.0, "fpem/progressive_hungarian_overlap_score": 0.0, "fpem/progressive_partition_update_time_sec": 0.0, "fpem/progressive_routed_mae": 0.0, "fpem/progressive_gmm_environment_total_replaces_primary": 0.0, "fpem/env_route_count_head_0": 16.0, "fpem/env_route_oracle_count_head_0": 16.0, "fpem/route_count_env_head_0": 16.0, "fpem/route_soft_mean_expert_0": 1.0, "fpem/route_hard_count_expert_0": 16.0, "fpem/hard_count_expert_0": 16.0, "fpem/sinkhorn_soft_col_mass_expert_0": 0.0, "fpem/progressive_active_expert_0": 0.0, "fpem/progressive_cluster_size_0": 0.0, "fpem/progressive_cluster_ratio_0": 0.0, "fpem/progressive_cluster_to_expert_0": 0.0, "fpem/progressive_bic_k1": 0.0, "fpem/progressive_bic_score_k1": 0.0, "fpem/progressive_bic_rejected_k1": 0.0, "fpem/hyper_alpha_head_0": 0.0, "fpem/hyper_gamma_norm_head_0": 0.0, "fpem/hyper_beta_norm_head_0": 0.0, "fpem/expert_cross_mae_group_0_expert_0": 9.505335671561104, "fpem/load_expert_loss": 9.505335671561104, "fpem/counterfactual_risk_router_loss": 0.0, "fpem/counterfactual_risk_regression_loss": 9.24462772551037, "fpem/counterfactual_risk_ranking_loss": 1.5678916397548857, "fpem/load_level_assignment_detached": 1.0, "fpem/load_level_count_0": 1680.0, "fpem/load_level_ratio_0": 1.0, "fpem/expert_0_global_loss": 9.505335671561104, "fpem/expert_0_selected_loss": 9.505335671561104, "fpem/counterfactual_risk_stage2_active": 0.0, "fpem/counterfactual_risk_stage2_start_epoch": 20.0, "fpem/counterfactual_risk_all_environment_mae": 9.505335671561104, "fpem/counterfactual_risk_all_invariant_mae": 9.662237548828125, "fpem/counterfactual_risk_routed_mae": 9.505335671561104, "fpem/counterfactual_risk_oracle_mae": 9.426839655921572, "fpem/counterfactual_risk_router_accuracy": 0.6827380952380953, "fpem/counterfactual_risk_router_balanced_accuracy": 0.5, "fpem/counterfactual_risk_inv_route_ratio": 0.0, "fpem/counterfactual_risk_env_route_ratio": 1.0, "fpem/counterfactual_risk_inv_switch_precision": 0.0, "fpem/counterfactual_risk_correct_inv_switches": 0.0, "fpem/counterfactual_risk_harmful_inv_switches": 0.0, "fpem/counterfactual_risk_saved_loss": 0.0, "fpem/counterfactual_risk_added_loss": 0.0, "fpem/counterfactual_risk_net_gain": 0.0, "fpem/counterfactual_risk_regret": 0.07849601563953218, "fpem/counterfactual_risk_oracle_gap_closed": 0.0, "fpem/counterfactual_risk_delta_mean": -0.15690180247738247, "fpem/counterfactual_risk_target_inv_ratio": 0.31726190476190474, "fpem/counterfactual_risk_weight_env_sum": 7.999999922797794, "fpem/counterfactual_risk_weight_inv_sum": 7.999999959128243, "fpem/counterfactual_risk_prediction_is_hard_route": 1.0, "fpem/counterfactual_risk_prediction_is_soft_fusion": 0.0, "fpem/counterfactual_risk_target_detached": 1.0, "fpem/counterfactual_risk_uses_threshold": 0.0, "fpem/counterfactual_risk_all_samples_used_for_router": 1.0, "fpem/hard_router_predicted_env_ratio": 1.0, "fpem/hard_router_effective_env_ratio": 1.0, "fpem/hard_router_target_env_ratio": 0.6827380952380953, "fpem/hard_router_gain_mean": -0.15690180247738247, "fpem/expert_prediction_pairwise_difference": 0.0, "fpem/delta_pairwise_cosine": 0.0, "fpem/delta_pairwise_l1": 0.0, "fpem/delta_pairwise_l2": 0.0, "fpem/expert_0_parameter_norm": 14.87277516864595, "fpem/hard_binary_router_enabled": 0.0, "fpem/hard_router_uses_target_in_forward": 0.0, "fpem/stored_future_c_loaded": 0.0, "fpem/prediction_is_weighted_complete_fusion": 0.0, "fpem/prediction_is_hard_route": 1.0, "fpem/conservative_inv_override_enabled": 0.0, "fpem/conservative_router_features_detached": 1.0, "fpem/counterfactual_risk_router_enabled": 1.0, "fpem/counterfactual_risk_stage2_active_forward": 0.0, "fpem/counterfactual_risk_deploy_route_active": 0.0, "fpem/counterfactual_risk_training_uses_route": 0.0, "fpem/counterfactual_risk_forward_uses_threshold": 0.0, "fpem/future_mi_loss": 0.0, "fpem/future_mi_valid": 0.0, "fpem/future_mi_logvar_mean": 0.0, "fpem/future_mi_target_mode_env_encoder": 0.0, "fpem/swap_loss": 0.0, "fpem/swap_diff_loss": 0.0, "fpem/swap_same_loss": 0.0, "fpem/swap_gain_mean": 0.0, "fpem/swap_s_gain_mean": 0.0, "fpem/swap_fallback_router_loss": 0.0, "fpem/swap_fallback_q_mean": 0.0, "fpem/swap_prediction_delta": 0.0, "fpem/swap_route_delta": 0.0, "fpem/swap_hyper_alpha_delta": 0.0, "fpem/swap_hyper_delta_norm": 0.0, "fpem/loss_env_day": 0.0, "fpem/loss_env_hour": 0.0, "fpem/loss_env_rush": 0.0, "fpem/env_day_acc": 0.0, "fpem/env_hour_acc": 0.0, "fpem/env_rush_acc": 0.0, "fpem/loss_env_supcon": 0.0, "fpem/env_supcon_valid_pairs": 0.0, "fpem/loss_inv_env_adv": 0.0, "fpem/inv_day_acc": 0.0, "fpem/inv_hour_acc": 0.0, "fpem/inv_rush_acc": 0.0, "fpem/loss_cross_cov_sep": 0.0, "fpem/confounder_dep_enabled": 1.0, "fpem/confounder_dep_mode_gci": 1.0, "fpem/confounder_dep_mode_scd": 0.0, "fpem/confounder_dep_mode_both": 0.0, "fpem/confounder_dep_total": 0.09224290478797185, "fpem/loss_gci": 0.00012897487509430254, "fpem/loss_gci_drop": 0.00012897393018994037, "fpem/loss_gci_keep": 9.451167091273625e-09, "fpem/loss_gci_graph_align": 0.9224277150063288, "fpem/loss_scd": 0.0, "fpem/loss_conf_kl": 0.00037556389967600506, "fpem/effective_gci_weight": 0.0007999999797903001, "fpem/effective_gci_graph_align_weight": 0.10000000149011612, "fpem/effective_scd_weight": 0.0, "fpem/effective_conf_kl_weight": 7.999999797903001e-05, "fpem/confounder_dep_ramp_factor": 0.800000011920929, "fpem/C_mean": -0.005046999285973254, "fpem/C_std": 1.0001922351973398, "fpem/C_norm": 2.764643108277094, "fpem/confounder_token_norm": 7.955386911119733, "fpem/confounder_variational": 1.0, "fpem/confounder_projection_trace": 7.998735809326172, "fpem/confounder_projection_ridge": 0.0010000000474974513, "fpem/confounder_projection_rank_dim": 8.0, "fpem/confounder_projection_calls": 1.0, "fpem/confounder_dep_detach_target": 1.0, "fpem/gci_nonedge_mass_before_C": 0.9592082233656021, "fpem/gci_nonedge_mass_after_C": 0.9593150729224795, "fpem/gci_nonedge_mass_reduction": -0.00010684955687749954, "fpem/gci_relative_violation": 0.00012897393018994037, "fpem/gci_edge_before_C": 0.005015231030327933, "fpem/gci_edge_after_C": 0.0050068291968532975, "fpem/gci_nonedge_conn_before_C": 0.004999000636772031, "fpem/gci_nonedge_conn_after_C": 0.004999557452365046, "fpem/gci_nonedge_conn_reduction": -5.568155930155799e-07, "fpem/gci_edge_conn_before_C": 0.005015231030327933, "fpem/gci_edge_conn_after_C": 0.0050068291968532975, "fpem/gci_edge_conn_reduction": 8.401833474636078e-06, "fpem/gci_nonedge_dep_before_C": 0.004999000636772031, "fpem/gci_nonedge_dep_after_C": 0.004999557452365046, "fpem/gci_nonedge_dep_reduction": -5.568155930155799e-07, "fpem/gci_edge_dep_before_C": 0.005015231030327933, "fpem/gci_edge_dep_after_C": 0.0050068291968532975, "fpem/gci_nonedge_count": 38376.0, "fpem/gci_edge_count": 1424.0, "fpem/gci_node_count": 200.0, "fpem/gci_node_vector_dim": 2240.0, "fpem/gci_graph_embed_dim": 16.0, "fpem/gci_graph_embedding_norm_before": 0.09082570700418381, "fpem/gci_graph_embedding_norm_after": 0.06642168948338145, "fpem/gci_graph_embedding_std_before": 0.03400756679475307, "fpem/gci_graph_embedding_std_after": 0.02378317243641331, "fpem/gci_graph_adj_mean_before": 0.004999999888241291, "fpem/gci_graph_adj_mean_after": 0.00499999989267616, "fpem/gci_graph_adj_std_before": 5.661181217181452e-05, "fpem/gci_graph_adj_std_after": 2.800042883401537e-05, "fpem/gci_graph_align_weight": 0.10000000149011612, "fpem/gci_graph_align_raw_mse": 4.964373171592992e-08, "fpem/gci_graph_align_normalized": 0.9224277150063288, "fpem/gci_edge_preserve_beta": 0.10000000149011612, "fpem/gci_graph_align_target_available": 1.0, "fpem/gci_target_adj_mean": 0.004999999888241291, "fpem/gci_target_adj_std": 0.0002319861378055066, "fpem/gci_target_edge_mean": 0.00513450289145112, "fpem/gci_target_nonedge_mean": 0.0049905311316251755, "fpem/gci_target_diag_mean": 0.00585911376401782, "fpem/gci_graph_align_updates_agcrn": 0.0, "fpem/gci_updates_graph_linear": 0.0, "fpem/gci_graph_construction_agcrn_softmax": 1.0, "fpem/scd_assoc_before_C": 0.0, "fpem/scd_assoc_after_C": 0.0, "fpem/scd_assoc_reduction": 0.0, "fpem/scd_relative_violation": 0.0, "fpem/sample_assoc_before_C": 0.0, "fpem/sample_assoc_after_C": 0.0, "fpem/sample_assoc_reduction": 0.0, "fpem/sample_dep_before_C": 0.0, "fpem/sample_dep_after_C": 0.0, "fpem/sample_dep_reduction": 0.0, "fpem/scd_batch_size": 0.0, "fpem/scd_sample_vector_dim": 0.0, "fpem/sample_kernel_alignment": 0.0, "fpem/scd_alignment_loss": 0.0, "fpem/load_level_experts_enabled": 1.0, "fpem/load_level_uses_target_or_future_load": 0.0, "fpem/environment_gate_uses_target_in_forward": 0.0, "fpem/load_level_env_residual_scale": 0.0, "fpem/uses_cached_observable_load_prior": 1.0, "fpem/primary_loss": 9.086438419705345, "fpem/inv_pred_loss": 9.21390402657645, "fpem/primary_uses_route": 1.0, "fpem/primary_uses_env_fusion": 0.0, "fpem/backbone_agcrn": 1.0, "fpem/backbone_graphwavenet": 0.0, "fpem/backbone_staeformer": 0.0, "fpem/gc_pred_loss_only": 1.0, "fpem/env_route_head_mode_hyper_proto": 1.0, "fpem/fpem_force_uniform_route": 0.0, "fpem/hard_prediction_sinkhorn_total_replaces_primary": 0.0, "fpem/hard_prediction_environment_sinkhorn_total_replaces_primary": 0.0, "fpem/warmup_risk_sinkhorn_total_replaces_primary": 0.0, "fpem/lambda_club_mi": 0.0}}
EPOCH {"epoch": 14, "train_loss": 11.05492286682129, "val": {"loss": 11.88440990447998, "mae": 11.68932056427002, "mape": 0.18171551823616028}, "test_mixed": {"loss": NaN, "mae": NaN, "mape": NaN}, "test_workday": {"loss": NaN, "mae": NaN, "mape": NaN}, "test_holiday": {"loss": NaN, "mae": NaN, "mape": NaN}, "test_avg_mae": NaN, "best_selection_value": 11.88440990447998, "best_selection_split": "val", "best_selection_metric": "val_loss", "lr": 0.001, "fpem_logs": {"fpem/fpem_env_use_exogenous": 1.0, "fpem/env_exogenous_available": 1.0, "fpem/env_exogenous_time_available": 1.0, "fpem/env_exogenous_load_available": 1.0, "fpem/env_exogenous_feature_dim": 32.0, "fpem/env_exogenous_embedding_norm": 2.4565937700725735, "fpem/env_exogenous_load_embedding_norm": 1.6277786413828532, "fpem/fpem_env_use_period_context": 1.0, "fpem/env_period_context_available": 1.0, "fpem/env_period_day_available_ratio": 0.9732142857142857, "fpem/env_period_week_available_ratio": 0.8244047619047619, "fpem/env_period_context_feature_dim": 6.0, "fpem/env_period_context_scale": 0.10000000149011612, "fpem/env_period_context_delta_norm": 0.18761649656863438, "fpem/env_period_context_day_diff_norm": 0.1627270526119641, "fpem/env_period_context_week_diff_norm": 0.10188992683376585, "fpem/env_rep_ablation_normal": 1.0, "fpem/env_rep_ablation_zero": 0.0, "fpem/env_rep_ablation_shuffle_batch": 0.0, "fpem/env_rep_ablation_mode_id": 0.0, "fpem/mask_loss": 0.0, "fpem/mask_sparse_loss": 0.0, "fpem/mask_entropy_loss": 0.0, "fpem/mask_mean": 1.0, "fpem/mask_entropy": 0.0, "fpem/mask_active_ratio": 1.0, "fpem/fusion_alpha_mean": 0.0, "fpem/fusion_alpha_std": 0.0, "fpem/fusion_alpha_min": 0.0, "fpem/fusion_alpha_max": 0.0, "fpem/env_route_loss": 1.8983726285752796, "fpem/env_route_L_final": 9.068741294315883, "fpem/env_route_L_global": 0.0, "fpem/env_route_L_route_soft": 0.0, "fpem/env_route_L_expert": 9.49186296008882, "fpem/env_route_L_router_oracle": 0.0, "fpem/env_route_L_balance": 0.0, "fpem/env_route_L_diverse": 0.0, "fpem/env_route_L_proto_align": 0.0, "fpem/env_route_entropy": 0.0, "fpem/env_route_q_max_mean": 0.0, "fpem/hyper_alpha_mean": 0.0, "fpem/hyper_delta_norm": 0.0, "fpem/hyper_route_proto_mode_uniform_warmup": 0.0, "fpem/hyper_route_proto_mode_uniform_fixed": 0.0, "fpem/hyper_route_proto_mode_sinkhorn": 0.0, "fpem/hyper_route_proto_mode_softmax": 0.0, "fpem/fallback_q_mean": 0.0, "fpem/fallback_q_max": 0.0, "fpem/env_q_sum_mean": 1.0, "fpem/oracle_fallback_rate": 0.0, "fpem/route_count_fallback": 0.0, "fpem/env_route_head_mode": 1.0, "fpem/route_entropy_mean": 0.0, "fpem/route_mean_distribution_entropy": 0.0, "fpem/effective_expert_number": 1.0, "fpem/max_expert_usage_ratio": 0.0, "fpem/min_expert_usage_ratio": 0.0, "fpem/prototype_pairwise_cosine": 0.0, "fpem/expert_prediction_pairwise_cosine": 0.0, "fpem/expert_collapse_warning": 0.0, "fpem/env_route_target_mode_env_prototype": 0.0, "fpem/env_route_target_mode_hybrid": 0.0, "fpem/env_route_hybrid_alpha": 0.0, "fpem/env_route_train_mode_warmup_risk_sinkhorn": 0.0, "fpem/warmup_risk_stage_warmup": 0.0, "fpem/warmup_risk_stage_soft": 0.0, "fpem/warmup_risk_stage_hard": 0.0, "fpem/warmup_risk_selected_loss": 0.0, "fpem/warmup_risk_uniform_common_loss": 0.0, "fpem/warmup_risk_lambda_common": 0.0, "fpem/warmup_risk_total_common_term": 0.0, "fpem/warmup_risk_temperature": 0.0, "fpem/warmup_risk_temperature_progress": 0.0, "fpem/uniform_expert_mae": 0.0, "fpem/risk_routed_mae": 0.0, "fpem/risk_prediction_mae": 0.0, "fpem/risk_loss": 0.0, "fpem/risk_ranking_loss": 0.0, "fpem/risk_ranking_accuracy": 0.0, "fpem/risk_oracle_argmin_accuracy": 0.0, "fpem/risk_router_temperature": 0.0, "fpem/risk_router_lambda": 0.0, "fpem/risk_router_pairwise_lambda": 0.0, "fpem/env_route_train_mode_progressive_gmm_environment": 0.0, "fpem/top_level_prediction_source_progressive_gmm_teacher_hard": 0.0, "fpem/progressive_assignment_uses_target_or_prediction_error": 0.0, "fpem/progressive_partition_ready": 0.0, "fpem/progressive_selected_k": 0.0, "fpem/progressive_active_expert_count": 0.0, "fpem/progressive_last_partition_epoch": 0.0, "fpem/progressive_lambda_common": 0.0, "fpem/progressive_common_term": 0.0, "fpem/progressive_compactness_loss": 0.0, "fpem/progressive_consistency_loss": 0.0, "fpem/progressive_cluster_entropy": 0.0, "fpem/progressive_assignment_change_ratio": 0.0, "fpem/progressive_hungarian_overlap_score": 0.0, "fpem/progressive_partition_update_time_sec": 0.0, "fpem/progressive_routed_mae": 0.0, "fpem/progressive_gmm_environment_total_replaces_primary": 0.0, "fpem/env_route_count_head_0": 16.0, "fpem/env_route_oracle_count_head_0": 16.0, "fpem/route_count_env_head_0": 16.0, "fpem/route_soft_mean_expert_0": 1.0, "fpem/route_hard_count_expert_0": 16.0, "fpem/hard_count_expert_0": 16.0, "fpem/sinkhorn_soft_col_mass_expert_0": 0.0, "fpem/progressive_active_expert_0": 0.0, "fpem/progressive_cluster_size_0": 0.0, "fpem/progressive_cluster_ratio_0": 0.0, "fpem/progressive_cluster_to_expert_0": 0.0, "fpem/progressive_bic_k1": 0.0, "fpem/progressive_bic_score_k1": 0.0, "fpem/progressive_bic_rejected_k1": 0.0, "fpem/hyper_alpha_head_0": 0.0, "fpem/hyper_gamma_norm_head_0": 0.0, "fpem/hyper_beta_norm_head_0": 0.0, "fpem/expert_cross_mae_group_0_expert_0": 9.49186296008882, "fpem/load_expert_loss": 9.49186296008882, "fpem/counterfactual_risk_router_loss": 0.0, "fpem/counterfactual_risk_regression_loss": 9.111646715799967, "fpem/counterfactual_risk_ranking_loss": 1.5420450407124702, "fpem/load_level_assignment_detached": 1.0, "fpem/load_level_count_0": 1680.0, "fpem/load_level_ratio_0": 1.0, "fpem/expert_0_global_loss": 9.49186296008882, "fpem/expert_0_selected_loss": 9.49186296008882, "fpem/counterfactual_risk_stage2_active": 0.0, "fpem/counterfactual_risk_stage2_start_epoch": 20.0, "fpem/counterfactual_risk_all_environment_mae": 9.49186296008882, "fpem/counterfactual_risk_all_invariant_mae": 9.66223742167155, "fpem/counterfactual_risk_routed_mae": 9.491838273547945, "fpem/counterfactual_risk_oracle_mae": 9.425161066509428, "fpem/counterfactual_risk_router_accuracy": 0.7017857142857142, "fpem/counterfactual_risk_router_balanced_accuracy": 0.505714285941351, "fpem/counterfactual_risk_inv_route_ratio": 0.0005952380952380953, "fpem/counterfactual_risk_env_route_ratio": 0.9994047619047619, "fpem/counterfactual_risk_inv_switch_precision": 0.009523809523809525, "fpem/counterfactual_risk_correct_inv_switches": 0.009523809523809525, "fpem/counterfactual_risk_harmful_inv_switches": 0.0, "fpem/counterfactual_risk_saved_loss": 2.4685973212832495e-05, "fpem/counterfactual_risk_added_loss": 0.0, "fpem/counterfactual_risk_net_gain": 2.4686540876116072e-05, "fpem/counterfactual_risk_regret": 0.0666772070385161, "fpem/counterfactual_risk_oracle_gap_closed": 0.0009194655787377131, "fpem/counterfactual_risk_delta_mean": -0.17037454219091505, "fpem/counterfactual_risk_target_inv_ratio": 0.2988095238095238, "fpem/counterfactual_risk_weight_env_sum": 8.07619043531872, "fpem/counterfactual_risk_weight_inv_sum": 7.9238094647725426, "fpem/counterfactual_risk_prediction_is_hard_route": 1.0, "fpem/counterfactual_risk_prediction_is_soft_fusion": 0.0, "fpem/counterfactual_risk_target_detached": 1.0, "fpem/counterfactual_risk_uses_threshold": 0.0, "fpem/counterfactual_risk_all_samples_used_for_router": 1.0, "fpem/hard_router_predicted_env_ratio": 0.9994047619047619, "fpem/hard_router_effective_env_ratio": 1.0, "fpem/hard_router_target_env_ratio": 0.7011904761904761, "fpem/hard_router_gain_mean": -0.17037454219091505, "fpem/expert_prediction_pairwise_difference": 0.0, "fpem/delta_pairwise_cosine": 0.0, "fpem/delta_pairwise_l1": 0.0, "fpem/delta_pairwise_l2": 0.0, "fpem/expert_0_parameter_norm": 14.87805598122733, "fpem/hard_binary_router_enabled": 0.0, "fpem/hard_router_uses_target_in_forward": 0.0, "fpem/stored_future_c_loaded": 0.0, "fpem/prediction_is_weighted_complete_fusion": 0.0, "fpem/prediction_is_hard_route": 1.0, "fpem/conservative_inv_override_enabled": 0.0, "fpem/conservative_router_features_detached": 1.0, "fpem/counterfactual_risk_router_enabled": 1.0, "fpem/counterfactual_risk_stage2_active_forward": 0.0, "fpem/counterfactual_risk_deploy_route_active": 0.0, "fpem/counterfactual_risk_training_uses_route": 0.0, "fpem/counterfactual_risk_forward_uses_threshold": 0.0, "fpem/future_mi_loss": 0.0, "fpem/future_mi_valid": 0.0, "fpem/future_mi_logvar_mean": 0.0, "fpem/future_mi_target_mode_env_encoder": 0.0, "fpem/swap_loss": 0.0, "fpem/swap_diff_loss": 0.0, "fpem/swap_same_loss": 0.0, "fpem/swap_gain_mean": 0.0, "fpem/swap_s_gain_mean": 0.0, "fpem/swap_fallback_router_loss": 0.0, "fpem/swap_fallback_q_mean": 0.0, "fpem/swap_prediction_delta": 0.0, "fpem/swap_route_delta": 0.0, "fpem/swap_hyper_alpha_delta": 0.0, "fpem/swap_hyper_delta_norm": 0.0, "fpem/loss_env_day": 0.0, "fpem/loss_env_hour": 0.0, "fpem/loss_env_rush": 0.0, "fpem/env_day_acc": 0.0, "fpem/env_hour_acc": 0.0, "fpem/env_rush_acc": 0.0, "fpem/loss_env_supcon": 0.0, "fpem/env_supcon_valid_pairs": 0.0, "fpem/loss_inv_env_adv": 0.0, "fpem/inv_day_acc": 0.0, "fpem/inv_hour_acc": 0.0, "fpem/inv_rush_acc": 0.0, "fpem/loss_cross_cov_sep": 0.0, "fpem/confounder_dep_enabled": 1.0, "fpem/confounder_dep_mode_gci": 1.0, "fpem/confounder_dep_mode_scd": 0.0, "fpem/confounder_dep_mode_both": 0.0, "fpem/confounder_dep_total": 0.09081981444642657, "fpem/loss_gci": 0.0001666711409121663, "fpem/loss_gci_drop": 0.00016666949682292485, "fpem/loss_gci_keep": 1.6441646131343512e-08, "fpem/loss_gci_graph_align": 0.9081965242113386, "fpem/loss_scd": 0.0, "fpem/loss_conf_kl": 0.00011800978155363174, "fpem/effective_gci_weight": 0.0008999999845400453, "fpem/effective_gci_graph_align_weight": 0.10000000149011612, "fpem/effective_scd_weight": 0.0, "fpem/effective_conf_kl_weight": 9.000000136438757e-05, "fpem/confounder_dep_ramp_factor": 0.8999999761581421, "fpem/C_mean": 0.00880790472562824, "fpem/C_std": 0.9929044394266038, "fpem/C_norm": 2.742084194365002, "fpem/confounder_token_norm": 7.949637176876976, "fpem/confounder_variational": 1.0, "fpem/confounder_projection_trace": 7.99865536462693, "fpem/confounder_projection_ridge": 0.0010000000474974513, "fpem/confounder_projection_rank_dim": 8.0, "fpem/confounder_projection_calls": 1.0, "fpem/confounder_dep_detach_target": 1.0, "fpem/gci_nonedge_mass_before_C": 0.9591466733387538, "fpem/gci_nonedge_mass_after_C": 0.9592852864946638, "fpem/gci_nonedge_mass_reduction": -0.00013861315590994698, "fpem/gci_relative_violation": 0.00016666949682292485, "fpem/gci_edge_before_C": 0.0050220285320565815, "fpem/gci_edge_after_C": 0.005010059263025011, "fpem/gci_nonedge_conn_before_C": 0.004998679836058901, "fpem/gci_nonedge_conn_after_C": 0.0049994022363708136, "fpem/gci_nonedge_conn_reduction": -7.224003119128091e-07, "fpem/gci_edge_conn_before_C": 0.0050220285320565815, "fpem/gci_edge_conn_after_C": 0.005010059263025011, "fpem/gci_edge_conn_reduction": 1.1969269031570071e-05, "fpem/gci_nonedge_dep_before_C": 0.004998679836058901, "fpem/gci_nonedge_dep_after_C": 0.0049994022363708136, "fpem/gci_nonedge_dep_reduction": -7.224003119128091e-07, "fpem/gci_edge_dep_before_C": 0.0050220285320565815, "fpem/gci_edge_dep_after_C": 0.005010059263025011, "fpem/gci_nonedge_count": 38376.0, "fpem/gci_edge_count": 1424.0, "fpem/gci_node_count": 200.0, "fpem/gci_node_vector_dim": 2240.0, "fpem/gci_graph_embed_dim": 16.0, "fpem/gci_graph_embedding_norm_before": 0.0967637816355342, "fpem/gci_graph_embedding_norm_after": 0.07108772854719843, "fpem/gci_graph_embedding_std_before": 0.036331133296092354, "fpem/gci_graph_embedding_std_after": 0.02555265151673839, "fpem/gci_graph_adj_mean_before": 0.00499999989711103, "fpem/gci_graph_adj_mean_after": 0.00499999989267616, "fpem/gci_graph_adj_std_before": 6.66214548497616e-05, "fpem/gci_graph_adj_std_after": 3.453340441843639e-05, "fpem/gci_graph_align_weight": 0.10000000149011612, "fpem/gci_graph_align_raw_mse": 4.8877829512894964e-08, "fpem/gci_graph_align_normalized": 0.9081965242113386, "fpem/gci_edge_preserve_beta": 0.10000000149011612, "fpem/gci_graph_align_target_available": 1.0, "fpem/gci_target_adj_mean": 0.004999999888241291, "fpem/gci_target_adj_std": 0.0002319861378055066, "fpem/gci_target_edge_mean": 0.00513450289145112, "fpem/gci_target_nonedge_mean": 0.0049905311316251755, "fpem/gci_target_diag_mean": 0.00585911376401782, "fpem/gci_graph_align_updates_agcrn": 0.0, "fpem/gci_updates_graph_linear": 0.0, "fpem/gci_graph_construction_agcrn_softmax": 1.0, "fpem/scd_assoc_before_C": 0.0, "fpem/scd_assoc_after_C": 0.0, "fpem/scd_assoc_reduction": 0.0, "fpem/scd_relative_violation": 0.0, "fpem/sample_assoc_before_C": 0.0, "fpem/sample_assoc_after_C": 0.0, "fpem/sample_assoc_reduction": 0.0, "fpem/sample_dep_before_C": 0.0, "fpem/sample_dep_after_C": 0.0, "fpem/sample_dep_reduction": 0.0, "fpem/scd_batch_size": 0.0, "fpem/scd_sample_vector_dim": 0.0, "fpem/sample_kernel_alignment": 0.0, "fpem/scd_alignment_loss": 0.0, "fpem/load_level_experts_enabled": 1.0, "fpem/load_level_uses_target_or_future_load": 0.0, "fpem/environment_gate_uses_target_in_forward": 0.0, "fpem/load_level_env_residual_scale": 0.0, "fpem/uses_cached_observable_load_prior": 1.0, "fpem/primary_loss": 9.068741294315883, "fpem/inv_pred_loss": 9.209322248186384, "fpem/primary_uses_route": 1.0, "fpem/primary_uses_env_fusion": 0.0, "fpem/backbone_agcrn": 1.0, "fpem/backbone_graphwavenet": 0.0, "fpem/backbone_staeformer": 0.0, "fpem/gc_pred_loss_only": 1.0, "fpem/env_route_head_mode_hyper_proto": 1.0, "fpem/fpem_force_uniform_route": 0.0, "fpem/hard_prediction_sinkhorn_total_replaces_primary": 0.0, "fpem/hard_prediction_environment_sinkhorn_total_replaces_primary": 0.0, "fpem/warmup_risk_sinkhorn_total_replaces_primary": 0.0, "fpem/lambda_club_mi": 0.0}}
EPOCH {"epoch": 15, "train_loss": 11.032096499488468, "val": {"loss": 11.8157446914249, "mae": 11.600288391113281, "mape": 0.18663880228996277}, "test_mixed": {"loss": NaN, "mae": NaN, "mape": NaN}, "test_workday": {"loss": NaN, "mae": NaN, "mape": NaN}, "test_holiday": {"loss": NaN, "mae": NaN, "mape": NaN}, "test_avg_mae": NaN, "best_selection_value": 11.8157446914249, "best_selection_split": "val", "best_selection_metric": "val_loss", "lr": 0.001, "fpem_logs": {"fpem/fpem_env_use_exogenous": 1.0, "fpem/env_exogenous_available": 1.0, "fpem/env_exogenous_time_available": 1.0, "fpem/env_exogenous_load_available": 1.0, "fpem/env_exogenous_feature_dim": 32.0, "fpem/env_exogenous_embedding_norm": 2.4540431749253044, "fpem/env_exogenous_load_embedding_norm": 1.62950880641029, "fpem/fpem_env_use_period_context": 1.0, "fpem/env_period_context_available": 1.0, "fpem/env_period_day_available_ratio": 0.9732142857142857, "fpem/env_period_week_available_ratio": 0.8244047619047619, "fpem/env_period_context_feature_dim": 6.0, "fpem/env_period_context_scale": 0.10000000149011612, "fpem/env_period_context_delta_norm": 0.18808154321852186, "fpem/env_period_context_day_diff_norm": 0.16272705097993215, "fpem/env_period_context_week_diff_norm": 0.10188992633706047, "fpem/env_rep_ablation_normal": 1.0, "fpem/env_rep_ablation_zero": 0.0, "fpem/env_rep_ablation_shuffle_batch": 0.0, "fpem/env_rep_ablation_mode_id": 0.0, "fpem/mask_loss": 0.0, "fpem/mask_sparse_loss": 0.0, "fpem/mask_entropy_loss": 0.0, "fpem/mask_mean": 1.0, "fpem/mask_entropy": 0.0, "fpem/mask_active_ratio": 1.0, "fpem/fusion_alpha_mean": 0.0, "fpem/fusion_alpha_std": 0.0, "fpem/fusion_alpha_min": 0.0, "fpem/fusion_alpha_max": 0.0, "fpem/env_route_loss": 1.893893551826477, "fpem/env_route_L_final": 9.05148696899414, "fpem/env_route_L_global": 0.0, "fpem/env_route_L_route_soft": 0.0, "fpem/env_route_L_expert": 9.469467630840484, "fpem/env_route_L_router_oracle": 0.0, "fpem/env_route_L_balance": 0.0, "fpem/env_route_L_diverse": 0.0, "fpem/env_route_L_proto_align": 0.0, "fpem/env_route_entropy": 0.0, "fpem/env_route_q_max_mean": 0.0, "fpem/hyper_alpha_mean": 0.0, "fpem/hyper_delta_norm": 0.0, "fpem/hyper_route_proto_mode_uniform_warmup": 0.0, "fpem/hyper_route_proto_mode_uniform_fixed": 0.0, "fpem/hyper_route_proto_mode_sinkhorn": 0.0, "fpem/hyper_route_proto_mode_softmax": 0.0, "fpem/fallback_q_mean": 0.0, "fpem/fallback_q_max": 0.0, "fpem/env_q_sum_mean": 1.0, "fpem/oracle_fallback_rate": 0.0, "fpem/route_count_fallback": 0.0, "fpem/env_route_head_mode": 1.0, "fpem/route_entropy_mean": 0.0, "fpem/route_mean_distribution_entropy": 0.0, "fpem/effective_expert_number": 1.0, "fpem/max_expert_usage_ratio": 0.0, "fpem/min_expert_usage_ratio": 0.0, "fpem/prototype_pairwise_cosine": 0.0, "fpem/expert_prediction_pairwise_cosine": 0.0, "fpem/expert_collapse_warning": 0.0, "fpem/env_route_target_mode_env_prototype": 0.0, "fpem/env_route_target_mode_hybrid": 0.0, "fpem/env_route_hybrid_alpha": 0.0, "fpem/env_route_train_mode_warmup_risk_sinkhorn": 0.0, "fpem/warmup_risk_stage_warmup": 0.0, "fpem/warmup_risk_stage_soft": 0.0, "fpem/warmup_risk_stage_hard": 0.0, "fpem/warmup_risk_selected_loss": 0.0, "fpem/warmup_risk_uniform_common_loss": 0.0, "fpem/warmup_risk_lambda_common": 0.0, "fpem/warmup_risk_total_common_term": 0.0, "fpem/warmup_risk_temperature": 0.0, "fpem/warmup_risk_temperature_progress": 0.0, "fpem/uniform_expert_mae": 0.0, "fpem/risk_routed_mae": 0.0, "fpem/risk_prediction_mae": 0.0, "fpem/risk_loss": 0.0, "fpem/risk_ranking_loss": 0.0, "fpem/risk_ranking_accuracy": 0.0, "fpem/risk_oracle_argmin_accuracy": 0.0, "fpem/risk_router_temperature": 0.0, "fpem/risk_router_lambda": 0.0, "fpem/risk_router_pairwise_lambda": 0.0, "fpem/env_route_train_mode_progressive_gmm_environment": 0.0, "fpem/top_level_prediction_source_progressive_gmm_teacher_hard": 0.0, "fpem/progressive_assignment_uses_target_or_prediction_error": 0.0, "fpem/progressive_partition_ready": 0.0, "fpem/progressive_selected_k": 0.0, "fpem/progressive_active_expert_count": 0.0, "fpem/progressive_last_partition_epoch": 0.0, "fpem/progressive_lambda_common": 0.0, "fpem/progressive_common_term": 0.0, "fpem/progressive_compactness_loss": 0.0, "fpem/progressive_consistency_loss": 0.0, "fpem/progressive_cluster_entropy": 0.0, "fpem/progressive_assignment_change_ratio": 0.0, "fpem/progressive_hungarian_overlap_score": 0.0, "fpem/progressive_partition_update_time_sec": 0.0, "fpem/progressive_routed_mae": 0.0, "fpem/progressive_gmm_environment_total_replaces_primary": 0.0, "fpem/env_route_count_head_0": 16.0, "fpem/env_route_oracle_count_head_0": 16.0, "fpem/route_count_env_head_0": 16.0, "fpem/route_soft_mean_expert_0": 1.0, "fpem/route_hard_count_expert_0": 16.0, "fpem/hard_count_expert_0": 16.0, "fpem/sinkhorn_soft_col_mass_expert_0": 0.0, "fpem/progressive_active_expert_0": 0.0, "fpem/progressive_cluster_size_0": 0.0, "fpem/progressive_cluster_ratio_0": 0.0, "fpem/progressive_cluster_to_expert_0": 0.0, "fpem/progressive_bic_k1": 0.0, "fpem/progressive_bic_score_k1": 0.0, "fpem/progressive_bic_rejected_k1": 0.0, "fpem/hyper_alpha_head_0": 0.0, "fpem/hyper_gamma_norm_head_0": 0.0, "fpem/hyper_beta_norm_head_0": 0.0, "fpem/expert_cross_mae_group_0_expert_0": 9.469467630840484, "fpem/load_expert_loss": 9.469467630840484, "fpem/counterfactual_risk_router_loss": 0.0, "fpem/counterfactual_risk_regression_loss": 9.107593795231411, "fpem/counterfactual_risk_ranking_loss": 1.531642720670927, "fpem/load_level_assignment_detached": 1.0, "fpem/load_level_count_0": 1680.0, "fpem/load_level_ratio_0": 1.0, "fpem/expert_0_global_loss": 9.469467630840484, "fpem/expert_0_selected_loss": 9.469467630840484, "fpem/counterfactual_risk_stage2_active": 0.0, "fpem/counterfactual_risk_stage2_start_epoch": 20.0, "fpem/counterfactual_risk_all_environment_mae": 9.469467630840484, "fpem/counterfactual_risk_all_invariant_mae": 9.662237439836774, "fpem/counterfactual_risk_routed_mae": 9.469467630840484, "fpem/counterfactual_risk_oracle_mae": 9.409869321187337, "fpem/counterfactual_risk_router_accuracy": 0.7214285714285714, "fpem/counterfactual_risk_router_balanced_accuracy": 0.5047619047619047, "fpem/counterfactual_risk_inv_route_ratio": 0.0, "fpem/counterfactual_risk_env_route_ratio": 1.0, "fpem/counterfactual_risk_inv_switch_precision": 0.0, "fpem/counterfactual_risk_correct_inv_switches": 0.0, "fpem/counterfactual_risk_harmful_inv_switches": 0.0, "fpem/counterfactual_risk_saved_loss": 0.0, "fpem/counterfactual_risk_added_loss": 0.0, "fpem/counterfactual_risk_net_gain": 0.0, "fpem/counterfactual_risk_regret": 0.05959830965314593, "fpem/counterfactual_risk_oracle_gap_closed": 0.0, "fpem/counterfactual_risk_delta_mean": -0.19276987583864302, "fpem/counterfactual_risk_target_inv_ratio": 0.2785714285714286, "fpem/counterfactual_risk_weight_env_sum": 8.076190408070882, "fpem/counterfactual_risk_weight_inv_sum": 7.923809446607318, "fpem/counterfactual_risk_prediction_is_hard_route": 1.0, "fpem/counterfactual_risk_prediction_is_soft_fusion": 0.0, "fpem/counterfactual_risk_target_detached": 1.0, "fpem/counterfactual_risk_uses_threshold": 0.0, "fpem/counterfactual_risk_all_samples_used_for_router": 1.0, "fpem/hard_router_predicted_env_ratio": 1.0, "fpem/hard_router_effective_env_ratio": 1.0, "fpem/hard_router_target_env_ratio": 0.7214285714285714, "fpem/hard_router_gain_mean": -0.19276987583864302, "fpem/expert_prediction_pairwise_difference": 0.0, "fpem/delta_pairwise_cosine": 0.0, "fpem/delta_pairwise_l1": 0.0, "fpem/delta_pairwise_l2": 0.0, "fpem/expert_0_parameter_norm": 14.879352714901879, "fpem/hard_binary_router_enabled": 0.0, "fpem/hard_router_uses_target_in_forward": 0.0, "fpem/stored_future_c_loaded": 0.0, "fpem/prediction_is_weighted_complete_fusion": 0.0, "fpem/prediction_is_hard_route": 1.0, "fpem/conservative_inv_override_enabled": 0.0, "fpem/conservative_router_features_detached": 1.0, "fpem/counterfactual_risk_router_enabled": 1.0, "fpem/counterfactual_risk_stage2_active_forward": 0.0, "fpem/counterfactual_risk_deploy_route_active": 0.0, "fpem/counterfactual_risk_training_uses_route": 0.0, "fpem/counterfactual_risk_forward_uses_threshold": 0.0, "fpem/future_mi_loss": 0.0, "fpem/future_mi_valid": 0.0, "fpem/future_mi_logvar_mean": 0.0, "fpem/future_mi_target_mode_env_encoder": 0.0, "fpem/swap_loss": 0.0, "fpem/swap_diff_loss": 0.0, "fpem/swap_same_loss": 0.0, "fpem/swap_gain_mean": 0.0, "fpem/swap_s_gain_mean": 0.0, "fpem/swap_fallback_router_loss": 0.0, "fpem/swap_fallback_q_mean": 0.0, "fpem/swap_prediction_delta": 0.0, "fpem/swap_route_delta": 0.0, "fpem/swap_hyper_alpha_delta": 0.0, "fpem/swap_hyper_delta_norm": 0.0, "fpem/loss_env_day": 0.0, "fpem/loss_env_hour": 0.0, "fpem/loss_env_rush": 0.0, "fpem/env_day_acc": 0.0, "fpem/env_hour_acc": 0.0, "fpem/env_rush_acc": 0.0, "fpem/loss_env_supcon": 0.0, "fpem/env_supcon_valid_pairs": 0.0, "fpem/loss_inv_env_adv": 0.0, "fpem/inv_day_acc": 0.0, "fpem/inv_hour_acc": 0.0, "fpem/inv_rush_acc": 0.0, "fpem/loss_cross_cov_sep": 0.0, "fpem/confounder_dep_enabled": 1.0, "fpem/confounder_dep_mode_gci": 1.0, "fpem/confounder_dep_mode_scd": 0.0, "fpem/confounder_dep_mode_both": 0.0, "fpem/confounder_dep_total": 0.09045475728455044, "fpem/loss_gci": 0.00017659595524448723, "fpem/loss_gci_drop": 0.00017659428336801717, "fpem/loss_gci_keep": 1.6722600430322623e-08, "fpem/loss_gci_graph_align": 0.9045457891055516, "fpem/loss_scd": 0.0, "fpem/loss_conf_kl": 8.484543789000739e-06, "fpem/effective_gci_weight": 0.0010000000474974513, "fpem/effective_gci_graph_align_weight": 0.10000000149011612, "fpem/effective_scd_weight": 0.0, "fpem/effective_conf_kl_weight": 9.999999747378752e-05, "fpem/confounder_dep_ramp_factor": 1.0, "fpem/C_mean": 0.00842892937362194, "fpem/C_std": 0.9782227368581863, "fpem/C_norm": 2.7010325227464946, "fpem/confounder_token_norm": 7.948005362919399, "fpem/confounder_variational": 1.0, "fpem/confounder_projection_trace": 7.9986644517807735, "fpem/confounder_projection_ridge": 0.0010000000474974513, "fpem/confounder_projection_rank_dim": 8.0, "fpem/confounder_projection_calls": 1.0, "fpem/confounder_dep_detach_target": 1.0, "fpem/gci_nonedge_mass_before_C": 0.9591330999419803, "fpem/gci_nonedge_mass_after_C": 0.9592831543513707, "fpem/gci_nonedge_mass_reduction": -0.00015005440939040411, "fpem/gci_relative_violation": 0.00017659428336801717, "fpem/gci_edge_before_C": 0.005022696826961779, "fpem/gci_edge_after_C": 0.00501000512657421, "fpem/gci_nonedge_conn_before_C": 0.004998609153110356, "fpem/gci_nonedge_conn_after_C": 0.0049993910738045265, "fpem/gci_nonedge_conn_reduction": -7.81920694169544e-07, "fpem/gci_edge_conn_before_C": 0.005022696826961779, "fpem/gci_edge_conn_after_C": 0.00501000512657421, "fpem/gci_edge_conn_reduction": 1.2691700387568701e-05, "fpem/gci_nonedge_dep_before_C": 0.004998609153110356, "fpem/gci_nonedge_dep_after_C": 0.0049993910738045265, "fpem/gci_nonedge_dep_reduction": -7.81920694169544e-07, "fpem/gci_edge_dep_before_C": 0.005022696826961779, "fpem/gci_edge_dep_after_C": 0.00501000512657421, "fpem/gci_nonedge_count": 38376.0, "fpem/gci_edge_count": 1424.0, "fpem/gci_node_count": 200.0, "fpem/gci_node_vector_dim": 2240.0, "fpem/gci_graph_embed_dim": 16.0, "fpem/gci_graph_embedding_norm_before": 0.09819220559937614, "fpem/gci_graph_embedding_norm_after": 0.07177871298931894, "fpem/gci_graph_embedding_std_before": 0.037314088749034066, "fpem/gci_graph_embedding_std_after": 0.025969522481872922, "fpem/gci_graph_adj_mean_before": 0.00499999989711103, "fpem/gci_graph_adj_mean_after": 0.00499999989267616, "fpem/gci_graph_adj_std_before": 6.994333411317452e-05, "fpem/gci_graph_adj_std_after": 3.4873453686096974e-05, "fpem/gci_graph_align_weight": 0.10000000149011612, "fpem/gci_graph_align_raw_mse": 4.868135213038321e-08, "fpem/gci_graph_align_normalized": 0.9045457891055516, "fpem/gci_edge_preserve_beta": 0.10000000149011612, "fpem/gci_graph_align_target_available": 1.0, "fpem/gci_target_adj_mean": 0.004999999888241291, "fpem/gci_target_adj_std": 0.0002319861378055066, "fpem/gci_target_edge_mean": 0.00513450289145112, "fpem/gci_target_nonedge_mean": 0.0049905311316251755, "fpem/gci_target_diag_mean": 0.00585911376401782, "fpem/gci_graph_align_updates_agcrn": 0.0, "fpem/gci_updates_graph_linear": 0.0, "fpem/gci_graph_construction_agcrn_softmax": 1.0, "fpem/scd_assoc_before_C": 0.0, "fpem/scd_assoc_after_C": 0.0, "fpem/scd_assoc_reduction": 0.0, "fpem/scd_relative_violation": 0.0, "fpem/sample_assoc_before_C": 0.0, "fpem/sample_assoc_after_C": 0.0, "fpem/sample_assoc_reduction": 0.0, "fpem/sample_dep_before_C": 0.0, "fpem/sample_dep_after_C": 0.0, "fpem/sample_dep_reduction": 0.0, "fpem/scd_batch_size": 0.0, "fpem/scd_sample_vector_dim": 0.0, "fpem/sample_kernel_alignment": 0.0, "fpem/scd_alignment_loss": 0.0, "fpem/load_level_experts_enabled": 1.0, "fpem/load_level_uses_target_or_future_load": 0.0, "fpem/environment_gate_uses_target_in_forward": 0.0, "fpem/load_level_env_residual_scale": 0.0, "fpem/uses_cached_observable_load_prior": 1.0, "fpem/primary_loss": 9.05148696899414, "fpem/inv_pred_loss": 9.214504578000023, "fpem/primary_uses_route": 1.0, "fpem/primary_uses_env_fusion": 0.0, "fpem/backbone_agcrn": 1.0, "fpem/backbone_graphwavenet": 0.0, "fpem/backbone_staeformer": 0.0, "fpem/gc_pred_loss_only": 1.0, "fpem/env_route_head_mode_hyper_proto": 1.0, "fpem/fpem_force_uniform_route": 0.0, "fpem/hard_prediction_sinkhorn_total_replaces_primary": 0.0, "fpem/hard_prediction_environment_sinkhorn_total_replaces_primary": 0.0, "fpem/warmup_risk_sinkhorn_total_replaces_primary": 0.0, "fpem/lambda_club_mi": 0.0}}
EPOCH {"epoch": 16, "train_loss": 11.110389981951032, "val": {"loss": 11.934977690378824, "mae": 11.701570510864258, "mape": 0.20598025619983673}, "test_mixed": {"loss": NaN, "mae": NaN, "mape": NaN}, "test_workday": {"loss": NaN, "mae": NaN, "mape": NaN}, "test_holiday": {"loss": NaN, "mae": NaN, "mape": NaN}, "test_avg_mae": NaN, "best_selection_value": 11.934977690378824, "best_selection_split": "val", "best_selection_metric": "val_loss", "lr": 0.001, "fpem_logs": {"fpem/fpem_env_use_exogenous": 1.0, "fpem/env_exogenous_available": 1.0, "fpem/env_exogenous_time_available": 1.0, "fpem/env_exogenous_load_available": 1.0, "fpem/env_exogenous_feature_dim": 32.0, "fpem/env_exogenous_embedding_norm": 2.456357594898769, "fpem/env_exogenous_load_embedding_norm": 1.6279889004571098, "fpem/fpem_env_use_period_context": 1.0, "fpem/env_period_context_available": 1.0, "fpem/env_period_day_available_ratio": 0.9732142857142857, "fpem/env_period_week_available_ratio": 0.8244047619047619, "fpem/env_period_context_feature_dim": 6.0, "fpem/env_period_context_scale": 0.10000000149011612, "fpem/env_period_context_delta_norm": 0.18454912759008862, "fpem/env_period_context_day_diff_norm": 0.1627270520443008, "fpem/env_period_context_week_diff_norm": 0.10188992711759749, "fpem/env_rep_ablation_normal": 1.0, "fpem/env_rep_ablation_zero": 0.0, "fpem/env_rep_ablation_shuffle_batch": 0.0, "fpem/env_rep_ablation_mode_id": 0.0, "fpem/mask_loss": 0.0, "fpem/mask_sparse_loss": 0.0, "fpem/mask_entropy_loss": 0.0, "fpem/mask_mean": 1.0, "fpem/mask_entropy": 0.0, "fpem/mask_active_ratio": 1.0, "fpem/fusion_alpha_mean": 0.0, "fpem/fusion_alpha_std": 0.0, "fpem/fusion_alpha_min": 0.0, "fpem/fusion_alpha_max": 0.0, "fpem/env_route_loss": 1.9061254319690524, "fpem/env_route_L_final": 9.115996088300433, "fpem/env_route_L_global": 0.0, "fpem/env_route_L_route_soft": 0.0, "fpem/env_route_L_expert": 9.530627032688686, "fpem/env_route_L_router_oracle": 0.0, "fpem/env_route_L_balance": 0.0, "fpem/env_route_L_diverse": 0.0, "fpem/env_route_L_proto_align": 0.0, "fpem/env_route_entropy": 0.0, "fpem/env_route_q_max_mean": 0.0, "fpem/hyper_alpha_mean": 0.0, "fpem/hyper_delta_norm": 0.0, "fpem/hyper_route_proto_mode_uniform_warmup": 0.0, "fpem/hyper_route_proto_mode_uniform_fixed": 0.0, "fpem/hyper_route_proto_mode_sinkhorn": 0.0, "fpem/hyper_route_proto_mode_softmax": 0.0, "fpem/fallback_q_mean": 0.0, "fpem/fallback_q_max": 0.0, "fpem/env_q_sum_mean": 1.0, "fpem/oracle_fallback_rate": 0.0, "fpem/route_count_fallback": 0.0, "fpem/env_route_head_mode": 1.0, "fpem/route_entropy_mean": 0.0, "fpem/route_mean_distribution_entropy": 0.0, "fpem/effective_expert_number": 1.0, "fpem/max_expert_usage_ratio": 0.0, "fpem/min_expert_usage_ratio": 0.0, "fpem/prototype_pairwise_cosine": 0.0, "fpem/expert_prediction_pairwise_cosine": 0.0, "fpem/expert_collapse_warning": 0.0, "fpem/env_route_target_mode_env_prototype": 0.0, "fpem/env_route_target_mode_hybrid": 0.0, "fpem/env_route_hybrid_alpha": 0.0, "fpem/env_route_train_mode_warmup_risk_sinkhorn": 0.0, "fpem/warmup_risk_stage_warmup": 0.0, "fpem/warmup_risk_stage_soft": 0.0, "fpem/warmup_risk_stage_hard": 0.0, "fpem/warmup_risk_selected_loss": 0.0, "fpem/warmup_risk_uniform_common_loss": 0.0, "fpem/warmup_risk_lambda_common": 0.0, "fpem/warmup_risk_total_common_term": 0.0, "fpem/warmup_risk_temperature": 0.0, "fpem/warmup_risk_temperature_progress": 0.0, "fpem/uniform_expert_mae": 0.0, "fpem/risk_routed_mae": 0.0, "fpem/risk_prediction_mae": 0.0, "fpem/risk_loss": 0.0, "fpem/risk_ranking_loss": 0.0, "fpem/risk_ranking_accuracy": 0.0, "fpem/risk_oracle_argmin_accuracy": 0.0, "fpem/risk_router_temperature": 0.0, "fpem/risk_router_lambda": 0.0, "fpem/risk_router_pairwise_lambda": 0.0, "fpem/env_route_train_mode_progressive_gmm_environment": 0.0, "fpem/top_level_prediction_source_progressive_gmm_teacher_hard": 0.0, "fpem/progressive_assignment_uses_target_or_prediction_error": 0.0, "fpem/progressive_partition_ready": 0.0, "fpem/progressive_selected_k": 0.0, "fpem/progressive_active_expert_count": 0.0, "fpem/progressive_last_partition_epoch": 0.0, "fpem/progressive_lambda_common": 0.0, "fpem/progressive_common_term": 0.0, "fpem/progressive_compactness_loss": 0.0, "fpem/progressive_consistency_loss": 0.0, "fpem/progressive_cluster_entropy": 0.0, "fpem/progressive_assignment_change_ratio": 0.0, "fpem/progressive_hungarian_overlap_score": 0.0, "fpem/progressive_partition_update_time_sec": 0.0, "fpem/progressive_routed_mae": 0.0, "fpem/progressive_gmm_environment_total_replaces_primary": 0.0, "fpem/env_route_count_head_0": 16.0, "fpem/env_route_oracle_count_head_0": 16.0, "fpem/route_count_env_head_0": 16.0, "fpem/route_soft_mean_expert_0": 1.0, "fpem/route_hard_count_expert_0": 16.0, "fpem/hard_count_expert_0": 16.0, "fpem/sinkhorn_soft_col_mass_expert_0": 0.0, "fpem/progressive_active_expert_0": 0.0, "fpem/progressive_cluster_size_0": 0.0, "fpem/progressive_cluster_ratio_0": 0.0, "fpem/progressive_cluster_to_expert_0": 0.0, "fpem/progressive_bic_k1": 0.0, "fpem/progressive_bic_score_k1": 0.0, "fpem/progressive_bic_rejected_k1": 0.0, "fpem/hyper_alpha_head_0": 0.0, "fpem/hyper_gamma_norm_head_0": 0.0, "fpem/hyper_beta_norm_head_0": 0.0, "fpem/expert_cross_mae_group_0_expert_0": 9.530627032688686, "fpem/load_expert_loss": 9.530627032688686, "fpem/counterfactual_risk_router_loss": 0.0, "fpem/counterfactual_risk_regression_loss": 9.110283429282052, "fpem/counterfactual_risk_ranking_loss": 1.512357803185781, "fpem/load_level_assignment_detached": 1.0, "fpem/load_level_count_0": 1680.0, "fpem/load_level_ratio_0": 1.0, "fpem/expert_0_global_loss": 9.530627032688686, "fpem/expert_0_selected_loss": 9.530627032688686, "fpem/counterfactual_risk_stage2_active": 0.0, "fpem/counterfactual_risk_stage2_start_epoch": 20.0, "fpem/counterfactual_risk_all_environment_mae": 9.530627032688686, "fpem/counterfactual_risk_all_invariant_mae": 9.662237426212856, "fpem/counterfactual_risk_routed_mae": 9.530627032688686, "fpem/counterfactual_risk_oracle_mae": 9.440093712579637, "fpem/counterfactual_risk_router_accuracy": 0.6470238095238096, "fpem/counterfactual_risk_router_balanced_accuracy": 0.5, "fpem/counterfactual_risk_inv_route_ratio": 0.0, "fpem/counterfactual_risk_env_route_ratio": 1.0, "fpem/counterfactual_risk_inv_switch_precision": 0.0, "fpem/counterfactual_risk_correct_inv_switches": 0.0, "fpem/counterfactual_risk_harmful_inv_switches": 0.0, "fpem/counterfactual_risk_saved_loss": 0.0, "fpem/counterfactual_risk_added_loss": 0.0, "fpem/counterfactual_risk_net_gain": 0.0, "fpem/counterfactual_risk_regret": 0.09053332010904948, "fpem/counterfactual_risk_oracle_gap_closed": 0.0, "fpem/counterfactual_risk_delta_mean": -0.1316104605084374, "fpem/counterfactual_risk_target_inv_ratio": 0.3529761904761905, "fpem/counterfactual_risk_weight_env_sum": 7.999999918256488, "fpem/counterfactual_risk_weight_inv_sum": 7.9999999364217125, "fpem/counterfactual_risk_prediction_is_hard_route": 1.0, "fpem/counterfactual_risk_prediction_is_soft_fusion": 0.0, "fpem/counterfactual_risk_target_detached": 1.0, "fpem/counterfactual_risk_uses_threshold": 0.0, "fpem/counterfactual_risk_all_samples_used_for_router": 1.0, "fpem/hard_router_predicted_env_ratio": 1.0, "fpem/hard_router_effective_env_ratio": 1.0, "fpem/hard_router_target_env_ratio": 0.6470238095238096, "fpem/hard_router_gain_mean": -0.1316104605084374, "fpem/expert_prediction_pairwise_difference": 0.0, "fpem/delta_pairwise_cosine": 0.0, "fpem/delta_pairwise_l1": 0.0, "fpem/delta_pairwise_l2": 0.0, "fpem/expert_0_parameter_norm": 14.880674135117303, "fpem/hard_binary_router_enabled": 0.0, "fpem/hard_router_uses_target_in_forward": 0.0, "fpem/stored_future_c_loaded": 0.0, "fpem/prediction_is_weighted_complete_fusion": 0.0, "fpem/prediction_is_hard_route": 1.0, "fpem/conservative_inv_override_enabled": 0.0, "fpem/conservative_router_features_detached": 1.0, "fpem/counterfactual_risk_router_enabled": 1.0, "fpem/counterfactual_risk_stage2_active_forward": 0.0, "fpem/counterfactual_risk_deploy_route_active": 0.0, "fpem/counterfactual_risk_training_uses_route": 0.0, "fpem/counterfactual_risk_forward_uses_threshold": 0.0, "fpem/future_mi_loss": 0.0, "fpem/future_mi_valid": 0.0, "fpem/future_mi_logvar_mean": 0.0, "fpem/future_mi_target_mode_env_encoder": 0.0, "fpem/swap_loss": 0.0, "fpem/swap_diff_loss": 0.0, "fpem/swap_same_loss": 0.0, "fpem/swap_gain_mean": 0.0, "fpem/swap_s_gain_mean": 0.0, "fpem/swap_fallback_router_loss": 0.0, "fpem/swap_fallback_q_mean": 0.0, "fpem/swap_prediction_delta": 0.0, "fpem/swap_route_delta": 0.0, "fpem/swap_hyper_alpha_delta": 0.0, "fpem/swap_hyper_delta_norm": 0.0, "fpem/loss_env_day": 0.0, "fpem/loss_env_hour": 0.0, "fpem/loss_env_rush": 0.0, "fpem/env_day_acc": 0.0, "fpem/env_hour_acc": 0.0, "fpem/env_rush_acc": 0.0, "fpem/loss_env_supcon": 0.0, "fpem/env_supcon_valid_pairs": 0.0, "fpem/loss_inv_env_adv": 0.0, "fpem/inv_day_acc": 0.0, "fpem/inv_hour_acc": 0.0, "fpem/inv_rush_acc": 0.0, "fpem/loss_cross_cov_sep": 0.0, "fpem/confounder_dep_enabled": 1.0, "fpem/confounder_dep_mode_gci": 1.0, "fpem/confounder_dep_mode_scd": 0.0, "fpem/confounder_dep_mode_both": 0.0, "fpem/confounder_dep_total": 0.09046576115347091, "fpem/loss_gci": 0.00015758162945054383, "fpem/loss_gci_drop": 0.00015758031887734043, "fpem/loss_gci_keep": 1.3111888182611627e-08, "fpem/loss_gci_graph_align": 0.9046560105823335, "fpem/loss_scd": 0.0, "fpem/loss_conf_kl": 1.7877863276572455e-05, "fpem/effective_gci_weight": 0.0010000000474974513, "fpem/effective_gci_graph_align_weight": 0.10000000149011612, "fpem/effective_scd_weight": 0.0, "fpem/effective_conf_kl_weight": 9.999999747378752e-05, "fpem/confounder_dep_ramp_factor": 1.0, "fpem/C_mean": 0.013650662567289102, "fpem/C_std": 0.9978148358208793, "fpem/C_norm": 2.753207554136004, "fpem/confounder_token_norm": 7.948399007888067, "fpem/confounder_variational": 1.0, "fpem/confounder_projection_trace": 7.998739342462449, "fpem/confounder_projection_ridge": 0.0010000000474974513, "fpem/confounder_projection_rank_dim": 8.0, "fpem/confounder_projection_calls": 1.0, "fpem/confounder_dep_detach_target": 1.0, "fpem/gci_nonedge_mass_before_C": 0.9591646154721578, "fpem/gci_nonedge_mass_after_C": 0.9592940370241801, "fpem/gci_nonedge_mass_reduction": -0.00012942155202229819, "fpem/gci_relative_violation": 0.00015758031887734043, "fpem/gci_edge_before_C": 0.0050197770552975795, "fpem/gci_edge_after_C": 0.005008962914525043, "fpem/gci_nonedge_conn_before_C": 0.004998773371889477, "fpem/gci_nonedge_conn_after_C": 0.004999447822393406, "fpem/gci_nonedge_conn_reduction": -6.744505039283208e-07, "fpem/gci_edge_conn_before_C": 0.0050197770552975795, "fpem/gci_edge_conn_after_C": 0.005008962914525043, "fpem/gci_edge_conn_reduction": 1.0814140772535688e-05, "fpem/gci_nonedge_dep_before_C": 0.004998773371889477, "fpem/gci_nonedge_dep_after_C": 0.004999447822393406, "fpem/gci_nonedge_dep_reduction": -6.744505039283208e-07, "fpem/gci_edge_dep_before_C": 0.0050197770552975795, "fpem/gci_edge_dep_after_C": 0.005008962914525043, "fpem/gci_nonedge_count": 38376.0, "fpem/gci_edge_count": 1424.0, "fpem/gci_node_count": 200.0, "fpem/gci_node_vector_dim": 2240.0, "fpem/gci_graph_embed_dim": 16.0, "fpem/gci_graph_embedding_norm_before": 0.09915899279571715, "fpem/gci_graph_embedding_norm_after": 0.07334426733709518, "fpem/gci_graph_embedding_std_before": 0.036356308914366225, "fpem/gci_graph_embedding_std_after": 0.02556080271800359, "fpem/gci_graph_adj_mean_before": 0.00499999989711103, "fpem/gci_graph_adj_mean_after": 0.004999999874936683, "fpem/gci_graph_adj_std_before": 6.679380769907896e-05, "fpem/gci_graph_adj_std_after": 3.4514998194589725e-05, "fpem/gci_graph_align_weight": 0.10000000149011612, "fpem/gci_graph_align_raw_mse": 4.868728401182428e-08, "fpem/gci_graph_align_normalized": 0.9046560105823335, "fpem/gci_edge_preserve_beta": 0.10000000149011612, "fpem/gci_graph_align_target_available": 1.0, "fpem/gci_target_adj_mean": 0.004999999888241291, "fpem/gci_target_adj_std": 0.0002319861378055066, "fpem/gci_target_edge_mean": 0.00513450289145112, "fpem/gci_target_nonedge_mean": 0.0049905311316251755, "fpem/gci_target_diag_mean": 0.00585911376401782, "fpem/gci_graph_align_updates_agcrn": 0.0, "fpem/gci_updates_graph_linear": 0.0, "fpem/gci_graph_construction_agcrn_softmax": 1.0, "fpem/scd_assoc_before_C": 0.0, "fpem/scd_assoc_after_C": 0.0, "fpem/scd_assoc_reduction": 0.0, "fpem/scd_relative_violation": 0.0, "fpem/sample_assoc_before_C": 0.0, "fpem/sample_assoc_after_C": 0.0, "fpem/sample_assoc_reduction": 0.0, "fpem/sample_dep_before_C": 0.0, "fpem/sample_dep_after_C": 0.0, "fpem/sample_dep_reduction": 0.0, "fpem/scd_batch_size": 0.0, "fpem/scd_sample_vector_dim": 0.0, "fpem/sample_kernel_alignment": 0.0, "fpem/scd_alignment_loss": 0.0, "fpem/load_level_experts_enabled": 1.0, "fpem/load_level_uses_target_or_future_load": 0.0, "fpem/environment_gate_uses_target_in_forward": 0.0, "fpem/load_level_env_residual_scale": 0.0, "fpem/uses_cached_observable_load_prior": 1.0, "fpem/primary_loss": 9.115996088300433, "fpem/inv_pred_loss": 9.214481989542643, "fpem/primary_uses_route": 1.0, "fpem/primary_uses_env_fusion": 0.0, "fpem/backbone_agcrn": 1.0, "fpem/backbone_graphwavenet": 0.0, "fpem/backbone_staeformer": 0.0, "fpem/gc_pred_loss_only": 1.0, "fpem/env_route_head_mode_hyper_proto": 1.0, "fpem/fpem_force_uniform_route": 0.0, "fpem/hard_prediction_sinkhorn_total_replaces_primary": 0.0, "fpem/hard_prediction_environment_sinkhorn_total_replaces_primary": 0.0, "fpem/warmup_risk_sinkhorn_total_replaces_primary": 0.0, "fpem/lambda_club_mi": 0.0}}
EPOCH {"epoch": 17, "train_loss": 11.106495493934268, "val": {"loss": 12.014833291371664, "mae": 11.80833911895752, "mape": 0.21662530303001404}, "test_mixed": {"loss": NaN, "mae": NaN, "mape": NaN}, "test_workday": {"loss": NaN, "mae": NaN, "mape": NaN}, "test_holiday": {"loss": NaN, "mae": NaN, "mape": NaN}, "test_avg_mae": NaN, "best_selection_value": 12.014833291371664, "best_selection_split": "val", "best_selection_metric": "val_loss", "lr": 0.001, "fpem_logs": {"fpem/fpem_env_use_exogenous": 1.0, "fpem/env_exogenous_available": 1.0, "fpem/env_exogenous_time_available": 1.0, "fpem/env_exogenous_load_available": 1.0, "fpem/env_exogenous_feature_dim": 32.0, "fpem/env_exogenous_embedding_norm": 2.4591347194853284, "fpem/env_exogenous_load_embedding_norm": 1.6309017896652223, "fpem/fpem_env_use_period_context": 1.0, "fpem/env_period_context_available": 1.0, "fpem/env_period_day_available_ratio": 0.9732142857142857, "fpem/env_period_week_available_ratio": 0.8244047619047619, "fpem/env_period_context_feature_dim": 6.0, "fpem/env_period_context_scale": 0.10000000149011612, "fpem/env_period_context_delta_norm": 0.18575575252374013, "fpem/env_period_context_day_diff_norm": 0.16272705176046917, "fpem/env_period_context_week_diff_norm": 0.10188992679828689, "fpem/env_rep_ablation_normal": 1.0, "fpem/env_rep_ablation_zero": 0.0, "fpem/env_rep_ablation_shuffle_batch": 0.0, "fpem/env_rep_ablation_mode_id": 0.0, "fpem/mask_loss": 0.0, "fpem/mask_sparse_loss": 0.0, "fpem/mask_entropy_loss": 0.0, "fpem/mask_mean": 1.0, "fpem/mask_entropy": 0.0, "fpem/mask_active_ratio": 1.0, "fpem/fusion_alpha_mean": 0.0, "fpem/fusion_alpha_std": 0.0, "fpem/fusion_alpha_min": 0.0, "fpem/fusion_alpha_max": 0.0, "fpem/env_route_loss": 1.9019830226898193, "fpem/env_route_L_final": 9.103353609357562, "fpem/env_route_L_global": 0.0, "fpem/env_route_L_route_soft": 0.0, "fpem/env_route_L_expert": 9.509914970397949, "fpem/env_route_L_router_oracle": 0.0, "fpem/env_route_L_balance": 0.0, "fpem/env_route_L_diverse": 0.0, "fpem/env_route_L_proto_align": 0.0, "fpem/env_route_entropy": 0.0, "fpem/env_route_q_max_mean": 0.0, "fpem/hyper_alpha_mean": 0.0, "fpem/hyper_delta_norm": 0.0, "fpem/hyper_route_proto_mode_uniform_warmup": 0.0, "fpem/hyper_route_proto_mode_uniform_fixed": 0.0, "fpem/hyper_route_proto_mode_sinkhorn": 0.0, "fpem/hyper_route_proto_mode_softmax": 0.0, "fpem/fallback_q_mean": 0.0, "fpem/fallback_q_max": 0.0, "fpem/env_q_sum_mean": 1.0, "fpem/oracle_fallback_rate": 0.0, "fpem/route_count_fallback": 0.0, "fpem/env_route_head_mode": 1.0, "fpem/route_entropy_mean": 0.0, "fpem/route_mean_distribution_entropy": 0.0, "fpem/effective_expert_number": 1.0, "fpem/max_expert_usage_ratio": 0.0, "fpem/min_expert_usage_ratio": 0.0, "fpem/prototype_pairwise_cosine": 0.0, "fpem/expert_prediction_pairwise_cosine": 0.0, "fpem/expert_collapse_warning": 0.0, "fpem/env_route_target_mode_env_prototype": 0.0, "fpem/env_route_target_mode_hybrid": 0.0, "fpem/env_route_hybrid_alpha": 0.0, "fpem/env_route_train_mode_warmup_risk_sinkhorn": 0.0, "fpem/warmup_risk_stage_warmup": 0.0, "fpem/warmup_risk_stage_soft": 0.0, "fpem/warmup_risk_stage_hard": 0.0, "fpem/warmup_risk_selected_loss": 0.0, "fpem/warmup_risk_uniform_common_loss": 0.0, "fpem/warmup_risk_lambda_common": 0.0, "fpem/warmup_risk_total_common_term": 0.0, "fpem/warmup_risk_temperature": 0.0, "fpem/warmup_risk_temperature_progress": 0.0, "fpem/uniform_expert_mae": 0.0, "fpem/risk_routed_mae": 0.0, "fpem/risk_prediction_mae": 0.0, "fpem/risk_loss": 0.0, "fpem/risk_ranking_loss": 0.0, "fpem/risk_ranking_accuracy": 0.0, "fpem/risk_oracle_argmin_accuracy": 0.0, "fpem/risk_router_temperature": 0.0, "fpem/risk_router_lambda": 0.0, "fpem/risk_router_pairwise_lambda": 0.0, "fpem/env_route_train_mode_progressive_gmm_environment": 0.0, "fpem/top_level_prediction_source_progressive_gmm_teacher_hard": 0.0, "fpem/progressive_assignment_uses_target_or_prediction_error": 0.0, "fpem/progressive_partition_ready": 0.0, "fpem/progressive_selected_k": 0.0, "fpem/progressive_active_expert_count": 0.0, "fpem/progressive_last_partition_epoch": 0.0, "fpem/progressive_lambda_common": 0.0, "fpem/progressive_common_term": 0.0, "fpem/progressive_compactness_loss": 0.0, "fpem/progressive_consistency_loss": 0.0, "fpem/progressive_cluster_entropy": 0.0, "fpem/progressive_assignment_change_ratio": 0.0, "fpem/progressive_hungarian_overlap_score": 0.0, "fpem/progressive_partition_update_time_sec": 0.0, "fpem/progressive_routed_mae": 0.0, "fpem/progressive_gmm_environment_total_replaces_primary": 0.0, "fpem/env_route_count_head_0": 16.0, "fpem/env_route_oracle_count_head_0": 16.0, "fpem/route_count_env_head_0": 16.0, "fpem/route_soft_mean_expert_0": 1.0, "fpem/route_hard_count_expert_0": 16.0, "fpem/hard_count_expert_0": 16.0, "fpem/sinkhorn_soft_col_mass_expert_0": 0.0, "fpem/progressive_active_expert_0": 0.0, "fpem/progressive_cluster_size_0": 0.0, "fpem/progressive_cluster_ratio_0": 0.0, "fpem/progressive_cluster_to_expert_0": 0.0, "fpem/progressive_bic_k1": 0.0, "fpem/progressive_bic_score_k1": 0.0, "fpem/progressive_bic_rejected_k1": 0.0, "fpem/hyper_alpha_head_0": 0.0, "fpem/hyper_gamma_norm_head_0": 0.0, "fpem/hyper_beta_norm_head_0": 0.0, "fpem/expert_cross_mae_group_0_expert_0": 9.509914970397949, "fpem/load_expert_loss": 9.509914970397949, "fpem/counterfactual_risk_router_loss": 0.0, "fpem/counterfactual_risk_regression_loss": 9.166296813601539, "fpem/counterfactual_risk_ranking_loss": 1.5215672742752802, "fpem/load_level_assignment_detached": 1.0, "fpem/load_level_count_0": 1680.0, "fpem/load_level_ratio_0": 1.0, "fpem/expert_0_global_loss": 9.509914970397949, "fpem/expert_0_selected_loss": 9.509914970397949, "fpem/counterfactual_risk_stage2_active": 0.0, "fpem/counterfactual_risk_stage2_start_epoch": 20.0, "fpem/counterfactual_risk_all_environment_mae": 9.509914970397949, "fpem/counterfactual_risk_all_invariant_mae": 9.662237439836774, "fpem/counterfactual_risk_routed_mae": 9.509914970397949, "fpem/counterfactual_risk_oracle_mae": 9.428182365780785, "fpem/counterfactual_risk_router_accuracy": 0.6827380952380953, "fpem/counterfactual_risk_router_balanced_accuracy": 0.5, "fpem/counterfactual_risk_inv_route_ratio": 0.0, "fpem/counterfactual_risk_env_route_ratio": 1.0, "fpem/counterfactual_risk_inv_switch_precision": 0.0, "fpem/counterfactual_risk_correct_inv_switches": 0.0, "fpem/counterfactual_risk_harmful_inv_switches": 0.0, "fpem/counterfactual_risk_saved_loss": 0.0, "fpem/counterfactual_risk_added_loss": 0.0, "fpem/counterfactual_risk_net_gain": 0.0, "fpem/counterfactual_risk_regret": 0.08173260461716425, "fpem/counterfactual_risk_oracle_gap_closed": 0.0, "fpem/counterfactual_risk_delta_mean": -0.15232257672718594, "fpem/counterfactual_risk_target_inv_ratio": 0.31726190476190474, "fpem/counterfactual_risk_weight_env_sum": 7.999999931880406, "fpem/counterfactual_risk_weight_inv_sum": 7.9999999273391, "fpem/counterfactual_risk_prediction_is_hard_route": 1.0, "fpem/counterfactual_risk_prediction_is_soft_fusion": 0.0, "fpem/counterfactual_risk_target_detached": 1.0, "fpem/counterfactual_risk_uses_threshold": 0.0, "fpem/counterfactual_risk_all_samples_used_for_router": 1.0, "fpem/hard_router_predicted_env_ratio": 1.0, "fpem/hard_router_effective_env_ratio": 1.0, "fpem/hard_router_target_env_ratio": 0.6827380952380953, "fpem/hard_router_gain_mean": -0.15232257672718594, "fpem/expert_prediction_pairwise_difference": 0.0, "fpem/delta_pairwise_cosine": 0.0, "fpem/delta_pairwise_l1": 0.0, "fpem/delta_pairwise_l2": 0.0, "fpem/expert_0_parameter_norm": 14.884733617873419, "fpem/hard_binary_router_enabled": 0.0, "fpem/hard_router_uses_target_in_forward": 0.0, "fpem/stored_future_c_loaded": 0.0, "fpem/prediction_is_weighted_complete_fusion": 0.0, "fpem/prediction_is_hard_route": 1.0, "fpem/conservative_inv_override_enabled": 0.0, "fpem/conservative_router_features_detached": 1.0, "fpem/counterfactual_risk_router_enabled": 1.0, "fpem/counterfactual_risk_stage2_active_forward": 0.0, "fpem/counterfactual_risk_deploy_route_active": 0.0, "fpem/counterfactual_risk_training_uses_route": 0.0, "fpem/counterfactual_risk_forward_uses_threshold": 0.0, "fpem/future_mi_loss": 0.0, "fpem/future_mi_valid": 0.0, "fpem/future_mi_logvar_mean": 0.0, "fpem/future_mi_target_mode_env_encoder": 0.0, "fpem/swap_loss": 0.0, "fpem/swap_diff_loss": 0.0, "fpem/swap_same_loss": 0.0, "fpem/swap_gain_mean": 0.0, "fpem/swap_s_gain_mean": 0.0, "fpem/swap_fallback_router_loss": 0.0, "fpem/swap_fallback_q_mean": 0.0, "fpem/swap_prediction_delta": 0.0, "fpem/swap_route_delta": 0.0, "fpem/swap_hyper_alpha_delta": 0.0, "fpem/swap_hyper_delta_norm": 0.0, "fpem/loss_env_day": 0.0, "fpem/loss_env_hour": 0.0, "fpem/loss_env_rush": 0.0, "fpem/env_day_acc": 0.0, "fpem/env_hour_acc": 0.0, "fpem/env_rush_acc": 0.0, "fpem/loss_env_supcon": 0.0, "fpem/env_supcon_valid_pairs": 0.0, "fpem/loss_inv_env_adv": 0.0, "fpem/inv_day_acc": 0.0, "fpem/inv_hour_acc": 0.0, "fpem/inv_rush_acc": 0.0, "fpem/loss_cross_cov_sep": 0.0, "fpem/confounder_dep_enabled": 1.0, "fpem/confounder_dep_mode_gci": 1.0, "fpem/confounder_dep_mode_scd": 0.0, "fpem/confounder_dep_mode_both": 0.0, "fpem/confounder_dep_total": 0.08933552893854323, "fpem/loss_gci": 0.0001867128464038528, "fpem/loss_gci_drop": 0.00018671112754548502, "fpem/loss_gci_keep": 1.718487542744031e-08, "fpem/loss_gci_graph_align": 0.8933534048852466, "fpem/loss_scd": 0.0, "fpem/loss_conf_kl": 9.249487803095862e-06, "fpem/effective_gci_weight": 0.0010000000474974513, "fpem/effective_gci_graph_align_weight": 0.10000000149011612, "fpem/effective_scd_weight": 0.0, "fpem/effective_conf_kl_weight": 9.999999747378752e-05, "fpem/confounder_dep_ramp_factor": 1.0, "fpem/C_mean": -0.0029889710158819242, "fpem/C_std": 0.9922864028385707, "fpem/C_norm": 2.7345164707728795, "fpem/confounder_token_norm": 7.948339544023786, "fpem/confounder_variational": 1.0, "fpem/confounder_projection_trace": 7.99872005099342, "fpem/confounder_projection_ridge": 0.0010000000474974513, "fpem/confounder_projection_rank_dim": 8.0, "fpem/confounder_projection_calls": 1.0, "fpem/confounder_dep_detach_target": 1.0, "fpem/gci_nonedge_mass_before_C": 0.9591235870406741, "fpem/gci_nonedge_mass_after_C": 0.959283108938308, "fpem/gci_nonedge_mass_reduction": -0.00015952189763387045, "fpem/gci_relative_violation": 0.00018671112754548502, "fpem/gci_edge_before_C": 0.0050240147814509415, "fpem/gci_edge_after_C": 0.005010182521350327, "fpem/gci_nonedge_conn_before_C": 0.004998559495877652, "fpem/gci_nonedge_conn_after_C": 0.004999390869800534, "fpem/gci_nonedge_conn_reduction": -8.313739228816259e-07, "fpem/gci_edge_conn_before_C": 0.0050240147814509415, "fpem/gci_edge_conn_after_C": 0.005010182521350327, "fpem/gci_edge_conn_reduction": 1.3832260100614457e-05, "fpem/gci_nonedge_dep_before_C": 0.004998559495877652, "fpem/gci_nonedge_dep_after_C": 0.004999390869800534, "fpem/gci_nonedge_dep_reduction": -8.313739228816259e-07, "fpem/gci_edge_dep_before_C": 0.0050240147814509415, "fpem/gci_edge_dep_after_C": 0.005010182521350327, "fpem/gci_nonedge_count": 38376.0, "fpem/gci_edge_count": 1424.0, "fpem/gci_node_count": 200.0, "fpem/gci_node_vector_dim": 2240.0, "fpem/gci_graph_embed_dim": 16.0, "fpem/gci_graph_embedding_norm_before": 0.10262051607881273, "fpem/gci_graph_embedding_norm_after": 0.07480022609233856, "fpem/gci_graph_embedding_std_before": 0.03800074495375157, "fpem/gci_graph_embedding_std_after": 0.026110428092735154, "fpem/gci_graph_adj_mean_before": 0.004999999888241291, "fpem/gci_graph_adj_mean_after": 0.004999999888241291, "fpem/gci_graph_adj_std_before": 7.211971758460138e-05, "fpem/gci_graph_adj_std_after": 3.457310442518931e-05, "fpem/gci_graph_align_weight": 0.10000000149011612, "fpem/gci_graph_align_raw_mse": 4.807899399241121e-08, "fpem/gci_graph_align_normalized": 0.8933534048852466, "fpem/gci_edge_preserve_beta": 0.10000000149011612, "fpem/gci_graph_align_target_available": 1.0, "fpem/gci_target_adj_mean": 0.004999999888241291, "fpem/gci_target_adj_std": 0.0002319861378055066, "fpem/gci_target_edge_mean": 0.00513450289145112, "fpem/gci_target_nonedge_mean": 0.0049905311316251755, "fpem/gci_target_diag_mean": 0.00585911376401782, "fpem/gci_graph_align_updates_agcrn": 0.0, "fpem/gci_updates_graph_linear": 0.0, "fpem/gci_graph_construction_agcrn_softmax": 1.0, "fpem/scd_assoc_before_C": 0.0, "fpem/scd_assoc_after_C": 0.0, "fpem/scd_assoc_reduction": 0.0, "fpem/scd_relative_violation": 0.0, "fpem/sample_assoc_before_C": 0.0, "fpem/sample_assoc_after_C": 0.0, "fpem/sample_assoc_reduction": 0.0, "fpem/sample_dep_before_C": 0.0, "fpem/sample_dep_after_C": 0.0, "fpem/sample_dep_reduction": 0.0, "fpem/scd_batch_size": 0.0, "fpem/scd_sample_vector_dim": 0.0, "fpem/sample_kernel_alignment": 0.0, "fpem/scd_alignment_loss": 0.0, "fpem/load_level_experts_enabled": 1.0, "fpem/load_level_uses_target_or_future_load": 0.0, "fpem/environment_gate_uses_target_in_forward": 0.0, "fpem/load_level_env_residual_scale": 0.0, "fpem/uses_cached_observable_load_prior": 1.0, "fpem/primary_loss": 9.103353609357562, "fpem/inv_pred_loss": 9.217458338964553, "fpem/primary_uses_route": 1.0, "fpem/primary_uses_env_fusion": 0.0, "fpem/backbone_agcrn": 1.0, "fpem/backbone_graphwavenet": 0.0, "fpem/backbone_staeformer": 0.0, "fpem/gc_pred_loss_only": 1.0, "fpem/env_route_head_mode_hyper_proto": 1.0, "fpem/fpem_force_uniform_route": 0.0, "fpem/hard_prediction_sinkhorn_total_replaces_primary": 0.0, "fpem/hard_prediction_environment_sinkhorn_total_replaces_primary": 0.0, "fpem/warmup_risk_sinkhorn_total_replaces_primary": 0.0, "fpem/lambda_club_mi": 0.0}}
EPOCH {"epoch": 18, "train_loss": 11.0216826575143, "val": {"loss": 11.798224025302464, "mae": 11.581042289733887, "mape": 0.18525592982769012}, "test_mixed": {"loss": NaN, "mae": NaN, "mape": NaN}, "test_workday": {"loss": NaN, "mae": NaN, "mape": NaN}, "test_holiday": {"loss": NaN, "mae": NaN, "mape": NaN}, "test_avg_mae": NaN, "best_selection_value": 11.798224025302464, "best_selection_split": "val", "best_selection_metric": "val_loss", "lr": 0.001, "fpem_logs": {"fpem/fpem_env_use_exogenous": 1.0, "fpem/env_exogenous_available": 1.0, "fpem/env_exogenous_time_available": 1.0, "fpem/env_exogenous_load_available": 1.0, "fpem/env_exogenous_feature_dim": 32.0, "fpem/env_exogenous_embedding_norm": 2.46996876171657, "fpem/env_exogenous_load_embedding_norm": 1.6379859844843547, "fpem/fpem_env_use_period_context": 1.0, "fpem/env_period_context_available": 1.0, "fpem/env_period_day_available_ratio": 0.9732142857142857, "fpem/env_period_week_available_ratio": 0.8244047619047619, "fpem/env_period_context_feature_dim": 6.0, "fpem/env_period_context_scale": 0.10000000149011612, "fpem/env_period_context_delta_norm": 0.18983498428549087, "fpem/env_period_context_day_diff_norm": 0.16272705325058529, "fpem/env_period_context_week_diff_norm": 0.10188992733047122, "fpem/env_rep_ablation_normal": 1.0, "fpem/env_rep_ablation_zero": 0.0, "fpem/env_rep_ablation_shuffle_batch": 0.0, "fpem/env_rep_ablation_mode_id": 0.0, "fpem/mask_loss": 0.0, "fpem/mask_sparse_loss": 0.0, "fpem/mask_entropy_loss": 0.0, "fpem/mask_mean": 1.0, "fpem/mask_entropy": 0.0, "fpem/mask_active_ratio": 1.0, "fpem/fusion_alpha_mean": 0.0, "fpem/fusion_alpha_std": 0.0, "fpem/fusion_alpha_min": 0.0, "fpem/fusion_alpha_max": 0.0, "fpem/env_route_loss": 1.8926735060555595, "fpem/env_route_L_final": 9.040724890572685, "fpem/env_route_L_global": 0.0, "fpem/env_route_L_route_soft": 0.0, "fpem/env_route_L_expert": 9.463367366790772, "fpem/env_route_L_router_oracle": 0.0, "fpem/env_route_L_balance": 0.0, "fpem/env_route_L_diverse": 0.0, "fpem/env_route_L_proto_align": 0.0, "fpem/env_route_entropy": 0.0, "fpem/env_route_q_max_mean": 0.0, "fpem/hyper_alpha_mean": 0.0, "fpem/hyper_delta_norm": 0.0, "fpem/hyper_route_proto_mode_uniform_warmup": 0.0, "fpem/hyper_route_proto_mode_uniform_fixed": 0.0, "fpem/hyper_route_proto_mode_sinkhorn": 0.0, "fpem/hyper_route_proto_mode_softmax": 0.0, "fpem/fallback_q_mean": 0.0, "fpem/fallback_q_max": 0.0, "fpem/env_q_sum_mean": 1.0, "fpem/oracle_fallback_rate": 0.0, "fpem/route_count_fallback": 0.0, "fpem/env_route_head_mode": 1.0, "fpem/route_entropy_mean": 0.0, "fpem/route_mean_distribution_entropy": 0.0, "fpem/effective_expert_number": 1.0, "fpem/max_expert_usage_ratio": 0.0, "fpem/min_expert_usage_ratio": 0.0, "fpem/prototype_pairwise_cosine": 0.0, "fpem/expert_prediction_pairwise_cosine": 0.0, "fpem/expert_collapse_warning": 0.0, "fpem/env_route_target_mode_env_prototype": 0.0, "fpem/env_route_target_mode_hybrid": 0.0, "fpem/env_route_hybrid_alpha": 0.0, "fpem/env_route_train_mode_warmup_risk_sinkhorn": 0.0, "fpem/warmup_risk_stage_warmup": 0.0, "fpem/warmup_risk_stage_soft": 0.0, "fpem/warmup_risk_stage_hard": 0.0, "fpem/warmup_risk_selected_loss": 0.0, "fpem/warmup_risk_uniform_common_loss": 0.0, "fpem/warmup_risk_lambda_common": 0.0, "fpem/warmup_risk_total_common_term": 0.0, "fpem/warmup_risk_temperature": 0.0, "fpem/warmup_risk_temperature_progress": 0.0, "fpem/uniform_expert_mae": 0.0, "fpem/risk_routed_mae": 0.0, "fpem/risk_prediction_mae": 0.0, "fpem/risk_loss": 0.0, "fpem/risk_ranking_loss": 0.0, "fpem/risk_ranking_accuracy": 0.0, "fpem/risk_oracle_argmin_accuracy": 0.0, "fpem/risk_router_temperature": 0.0, "fpem/risk_router_lambda": 0.0, "fpem/risk_router_pairwise_lambda": 0.0, "fpem/env_route_train_mode_progressive_gmm_environment": 0.0, "fpem/top_level_prediction_source_progressive_gmm_teacher_hard": 0.0, "fpem/progressive_assignment_uses_target_or_prediction_error": 0.0, "fpem/progressive_partition_ready": 0.0, "fpem/progressive_selected_k": 0.0, "fpem/progressive_active_expert_count": 0.0, "fpem/progressive_last_partition_epoch": 0.0, "fpem/progressive_lambda_common": 0.0, "fpem/progressive_common_term": 0.0, "fpem/progressive_compactness_loss": 0.0, "fpem/progressive_consistency_loss": 0.0, "fpem/progressive_cluster_entropy": 0.0, "fpem/progressive_assignment_change_ratio": 0.0, "fpem/progressive_hungarian_overlap_score": 0.0, "fpem/progressive_partition_update_time_sec": 0.0, "fpem/progressive_routed_mae": 0.0, "fpem/progressive_gmm_environment_total_replaces_primary": 0.0, "fpem/env_route_count_head_0": 16.0, "fpem/env_route_oracle_count_head_0": 16.0, "fpem/route_count_env_head_0": 16.0, "fpem/route_soft_mean_expert_0": 1.0, "fpem/route_hard_count_expert_0": 16.0, "fpem/hard_count_expert_0": 16.0, "fpem/sinkhorn_soft_col_mass_expert_0": 0.0, "fpem/progressive_active_expert_0": 0.0, "fpem/progressive_cluster_size_0": 0.0, "fpem/progressive_cluster_ratio_0": 0.0, "fpem/progressive_cluster_to_expert_0": 0.0, "fpem/progressive_bic_k1": 0.0, "fpem/progressive_bic_score_k1": 0.0, "fpem/progressive_bic_rejected_k1": 0.0, "fpem/hyper_alpha_head_0": 0.0, "fpem/hyper_gamma_norm_head_0": 0.0, "fpem/hyper_beta_norm_head_0": 0.0, "fpem/expert_cross_mae_group_0_expert_0": 9.463367366790772, "fpem/load_expert_loss": 9.463367366790772, "fpem/counterfactual_risk_router_loss": 0.0, "fpem/counterfactual_risk_regression_loss": 9.113941605885824, "fpem/counterfactual_risk_ranking_loss": 1.5146238758450463, "fpem/load_level_assignment_detached": 1.0, "fpem/load_level_count_0": 1680.0, "fpem/load_level_ratio_0": 1.0, "fpem/expert_0_global_loss": 9.463367366790772, "fpem/expert_0_selected_loss": 9.463367366790772, "fpem/counterfactual_risk_stage2_active": 0.0, "fpem/counterfactual_risk_stage2_start_epoch": 20.0, "fpem/counterfactual_risk_all_environment_mae": 9.463367366790772, "fpem/counterfactual_risk_all_invariant_mae": 9.662237507956368, "fpem/counterfactual_risk_routed_mae": 9.463367366790772, "fpem/counterfactual_risk_oracle_mae": 9.400297414688836, "fpem/counterfactual_risk_router_accuracy": 0.719047619047619, "fpem/counterfactual_risk_router_balanced_accuracy": 0.5, "fpem/counterfactual_risk_inv_route_ratio": 0.0, "fpem/counterfactual_risk_env_route_ratio": 1.0, "fpem/counterfactual_risk_inv_switch_precision": 0.0, "fpem/counterfactual_risk_correct_inv_switches": 0.0, "fpem/counterfactual_risk_harmful_inv_switches": 0.0, "fpem/counterfactual_risk_saved_loss": 0.0, "fpem/counterfactual_risk_added_loss": 0.0, "fpem/counterfactual_risk_net_gain": 0.0, "fpem/counterfactual_risk_regret": 0.06306995210193453, "fpem/counterfactual_risk_oracle_gap_closed": 0.0, "fpem/counterfactual_risk_delta_mean": -0.19887014968054637, "fpem/counterfactual_risk_target_inv_ratio": 0.28095238095238095, "fpem/counterfactual_risk_weight_env_sum": 7.999999981834775, "fpem/counterfactual_risk_weight_inv_sum": 7.999999977293468, "fpem/counterfactual_risk_prediction_is_hard_route": 1.0, "fpem/counterfactual_risk_prediction_is_soft_fusion": 0.0, "fpem/counterfactual_risk_target_detached": 1.0, "fpem/counterfactual_risk_uses_threshold": 0.0, "fpem/counterfactual_risk_all_samples_used_for_router": 1.0, "fpem/hard_router_predicted_env_ratio": 1.0, "fpem/hard_router_effective_env_ratio": 1.0, "fpem/hard_router_target_env_ratio": 0.719047619047619, "fpem/hard_router_gain_mean": -0.19887014968054637, "fpem/expert_prediction_pairwise_difference": 0.0, "fpem/delta_pairwise_cosine": 0.0, "fpem/delta_pairwise_l1": 0.0, "fpem/delta_pairwise_l2": 0.0, "fpem/expert_0_parameter_norm": 14.885753486269996, "fpem/hard_binary_router_enabled": 0.0, "fpem/hard_router_uses_target_in_forward": 0.0, "fpem/stored_future_c_loaded": 0.0, "fpem/prediction_is_weighted_complete_fusion": 0.0, "fpem/prediction_is_hard_route": 1.0, "fpem/conservative_inv_override_enabled": 0.0, "fpem/conservative_router_features_detached": 1.0, "fpem/counterfactual_risk_router_enabled": 1.0, "fpem/counterfactual_risk_stage2_active_forward": 0.0, "fpem/counterfactual_risk_deploy_route_active": 0.0, "fpem/counterfactual_risk_training_uses_route": 0.0, "fpem/counterfactual_risk_forward_uses_threshold": 0.0, "fpem/future_mi_loss": 0.0, "fpem/future_mi_valid": 0.0, "fpem/future_mi_logvar_mean": 0.0, "fpem/future_mi_target_mode_env_encoder": 0.0, "fpem/swap_loss": 0.0, "fpem/swap_diff_loss": 0.0, "fpem/swap_same_loss": 0.0, "fpem/swap_gain_mean": 0.0, "fpem/swap_s_gain_mean": 0.0, "fpem/swap_fallback_router_loss": 0.0, "fpem/swap_fallback_q_mean": 0.0, "fpem/swap_prediction_delta": 0.0, "fpem/swap_route_delta": 0.0, "fpem/swap_hyper_alpha_delta": 0.0, "fpem/swap_hyper_delta_norm": 0.0, "fpem/loss_env_day": 0.0, "fpem/loss_env_hour": 0.0, "fpem/loss_env_rush": 0.0, "fpem/env_day_acc": 0.0, "fpem/env_hour_acc": 0.0, "fpem/env_rush_acc": 0.0, "fpem/loss_env_supcon": 0.0, "fpem/env_supcon_valid_pairs": 0.0, "fpem/loss_inv_env_adv": 0.0, "fpem/inv_day_acc": 0.0, "fpem/inv_hour_acc": 0.0, "fpem/inv_rush_acc": 0.0, "fpem/loss_cross_cov_sep": 0.0, "fpem/confounder_dep_enabled": 1.0, "fpem/confounder_dep_mode_gci": 1.0, "fpem/confounder_dep_mode_scd": 0.0, "fpem/confounder_dep_mode_both": 0.0, "fpem/confounder_dep_total": 0.0891906527536256, "fpem/loss_gci": 0.0001928006927344194, "fpem/loss_gci_drop": 0.0001927989016015393, "fpem/loss_gci_keep": 1.7910382578092832e-08, "fpem/loss_gci_graph_align": 0.8919045811607724, "fpem/loss_scd": 0.0, "fpem/loss_conf_kl": 7.578996675355094e-06, "fpem/effective_gci_weight": 0.0010000000474974513, "fpem/effective_gci_graph_align_weight": 0.10000000149011612, "fpem/effective_scd_weight": 0.0, "fpem/effective_conf_kl_weight": 9.999999747378752e-05, "fpem/confounder_dep_ramp_factor": 1.0, "fpem/C_mean": 0.00448376898254667, "fpem/C_std": 0.9972722127324058, "fpem/C_norm": 2.7498757884615945, "fpem/confounder_token_norm": 7.947506105332147, "fpem/confounder_variational": 1.0, "fpem/confounder_projection_trace": 7.998648929595947, "fpem/confounder_projection_ridge": 0.0010000000474974513, "fpem/confounder_projection_rank_dim": 8.0, "fpem/confounder_projection_calls": 1.0, "fpem/confounder_dep_detach_target": 1.0, "fpem/gci_nonedge_mass_before_C": 0.9591003843716213, "fpem/gci_nonedge_mass_after_C": 0.9592640791620527, "fpem/gci_nonedge_mass_reduction": -0.00016369479043143136, "fpem/gci_relative_violation": 0.0001927989016015393, "fpem/gci_edge_before_C": 0.005026174168146792, "fpem/gci_edge_after_C": 0.005011951586320286, "fpem/gci_nonedge_conn_before_C": 0.004998438596902859, "fpem/gci_nonedge_conn_after_C": 0.004999291697250945, "fpem/gci_nonedge_conn_reduction": -8.531003480865842e-07, "fpem/gci_edge_conn_before_C": 0.005026174168146792, "fpem/gci_edge_conn_after_C": 0.005011951586320286, "fpem/gci_edge_conn_reduction": 1.4222581826505207e-05, "fpem/gci_nonedge_dep_before_C": 0.004998438596902859, "fpem/gci_nonedge_dep_after_C": 0.004999291697250945, "fpem/gci_nonedge_dep_reduction": -8.531003480865842e-07, "fpem/gci_edge_dep_before_C": 0.005026174168146792, "fpem/gci_edge_dep_after_C": 0.005011951586320286, "fpem/gci_nonedge_count": 38376.0, "fpem/gci_edge_count": 1424.0, "fpem/gci_node_count": 200.0, "fpem/gci_node_vector_dim": 2240.0, "fpem/gci_graph_embed_dim": 16.0, "fpem/gci_graph_embedding_norm_before": 0.10725720538979484, "fpem/gci_graph_embedding_norm_after": 0.08018996733285132, "fpem/gci_graph_embedding_std_before": 0.039195850562481656, "fpem/gci_graph_embedding_std_after": 0.027707520464346522, "fpem/gci_graph_adj_mean_before": 0.00499999989267616, "fpem/gci_graph_adj_mean_after": 0.004999999888241291, "fpem/gci_graph_adj_std_before": 7.541265443987435e-05, "fpem/gci_graph_adj_std_after": 3.894134376120443e-05, "fpem/gci_graph_align_weight": 0.10000000149011612, "fpem/gci_graph_align_raw_mse": 4.80010205213451e-08, "fpem/gci_graph_align_normalized": 0.8919045811607724, "fpem/gci_edge_preserve_beta": 0.10000000149011612, "fpem/gci_graph_align_target_available": 1.0, "fpem/gci_target_adj_mean": 0.004999999888241291, "fpem/gci_target_adj_std": 0.0002319861378055066, "fpem/gci_target_edge_mean": 0.00513450289145112, "fpem/gci_target_nonedge_mean": 0.0049905311316251755, "fpem/gci_target_diag_mean": 0.00585911376401782, "fpem/gci_graph_align_updates_agcrn": 0.0, "fpem/gci_updates_graph_linear": 0.0, "fpem/gci_graph_construction_agcrn_softmax": 1.0, "fpem/scd_assoc_before_C": 0.0, "fpem/scd_assoc_after_C": 0.0, "fpem/scd_assoc_reduction": 0.0, "fpem/scd_relative_violation": 0.0, "fpem/sample_assoc_before_C": 0.0, "fpem/sample_assoc_after_C": 0.0, "fpem/sample_assoc_reduction": 0.0, "fpem/sample_dep_before_C": 0.0, "fpem/sample_dep_after_C": 0.0, "fpem/sample_dep_reduction": 0.0, "fpem/scd_batch_size": 0.0, "fpem/scd_sample_vector_dim": 0.0, "fpem/sample_kernel_alignment": 0.0, "fpem/scd_alignment_loss": 0.0, "fpem/load_level_experts_enabled": 1.0, "fpem/load_level_uses_target_or_future_load": 0.0, "fpem/environment_gate_uses_target_in_forward": 0.0, "fpem/load_level_env_residual_scale": 0.0, "fpem/uses_cached_observable_load_prior": 1.0, "fpem/primary_loss": 9.040724890572685, "fpem/inv_pred_loss": 9.20757224219186, "fpem/primary_uses_route": 1.0, "fpem/primary_uses_env_fusion": 0.0, "fpem/backbone_agcrn": 1.0, "fpem/backbone_graphwavenet": 0.0, "fpem/backbone_staeformer": 0.0, "fpem/gc_pred_loss_only": 1.0, "fpem/env_route_head_mode_hyper_proto": 1.0, "fpem/fpem_force_uniform_route": 0.0, "fpem/hard_prediction_sinkhorn_total_replaces_primary": 0.0, "fpem/hard_prediction_environment_sinkhorn_total_replaces_primary": 0.0, "fpem/warmup_risk_sinkhorn_total_replaces_primary": 0.0, "fpem/lambda_club_mi": 0.0}}
EPOCH {"epoch": 19, "train_loss": 11.008144950866699, "val": {"loss": 11.816560533311632, "mae": 11.608593940734863, "mape": 0.17911525070667267}, "test_mixed": {"loss": NaN, "mae": NaN, "mape": NaN}, "test_workday": {"loss": NaN, "mae": NaN, "mape": NaN}, "test_holiday": {"loss": NaN, "mae": NaN, "mape": NaN}, "test_avg_mae": NaN, "best_selection_value": 11.816560533311632, "best_selection_split": "val", "best_selection_metric": "val_loss", "lr": 0.001, "fpem_logs": {"fpem/fpem_env_use_exogenous": 1.0, "fpem/env_exogenous_available": 1.0, "fpem/env_exogenous_time_available": 1.0, "fpem/env_exogenous_load_available": 1.0, "fpem/env_exogenous_feature_dim": 32.0, "fpem/env_exogenous_embedding_norm": 2.4773734297071184, "fpem/env_exogenous_load_embedding_norm": 1.6385687646411715, "fpem/fpem_env_use_period_context": 1.0, "fpem/env_period_context_available": 1.0, "fpem/env_period_day_available_ratio": 0.9732142857142857, "fpem/env_period_week_available_ratio": 0.8244047619047619, "fpem/env_period_context_feature_dim": 6.0, "fpem/env_period_context_scale": 0.10000000149011612, "fpem/env_period_context_delta_norm": 0.1951259366103581, "fpem/env_period_context_day_diff_norm": 0.1627270540311223, "fpem/env_period_context_week_diff_norm": 0.10188992772073972, "fpem/env_rep_ablation_normal": 1.0, "fpem/env_rep_ablation_zero": 0.0, "fpem/env_rep_ablation_shuffle_batch": 0.0, "fpem/env_rep_ablation_mode_id": 0.0, "fpem/mask_loss": 0.0, "fpem/mask_sparse_loss": 0.0, "fpem/mask_entropy_loss": 0.0, "fpem/mask_mean": 1.0, "fpem/mask_entropy": 0.0, "fpem/mask_active_ratio": 1.0, "fpem/fusion_alpha_mean": 0.0, "fpem/fusion_alpha_std": 0.0, "fpem/fusion_alpha_min": 0.0, "fpem/fusion_alpha_max": 0.0, "fpem/env_route_loss": 1.89118713197254, "fpem/env_route_L_final": 9.040582506997245, "fpem/env_route_L_global": 0.0, "fpem/env_route_L_route_soft": 0.0, "fpem/env_route_L_expert": 9.455935514540899, "fpem/env_route_L_router_oracle": 0.0, "fpem/env_route_L_balance": 0.0, "fpem/env_route_L_diverse": 0.0, "fpem/env_route_L_proto_align": 0.0, "fpem/env_route_entropy": 0.0, "fpem/env_route_q_max_mean": 0.0, "fpem/hyper_alpha_mean": 0.0, "fpem/hyper_delta_norm": 0.0, "fpem/hyper_route_proto_mode_uniform_warmup": 0.0, "fpem/hyper_route_proto_mode_uniform_fixed": 0.0, "fpem/hyper_route_proto_mode_sinkhorn": 0.0, "fpem/hyper_route_proto_mode_softmax": 0.0, "fpem/fallback_q_mean": 0.0, "fpem/fallback_q_max": 0.0, "fpem/env_q_sum_mean": 1.0, "fpem/oracle_fallback_rate": 0.0, "fpem/route_count_fallback": 0.0, "fpem/env_route_head_mode": 1.0, "fpem/route_entropy_mean": 0.0, "fpem/route_mean_distribution_entropy": 0.0, "fpem/effective_expert_number": 1.0, "fpem/max_expert_usage_ratio": 0.0, "fpem/min_expert_usage_ratio": 0.0, "fpem/prototype_pairwise_cosine": 0.0, "fpem/expert_prediction_pairwise_cosine": 0.0, "fpem/expert_collapse_warning": 0.0, "fpem/env_route_target_mode_env_prototype": 0.0, "fpem/env_route_target_mode_hybrid": 0.0, "fpem/env_route_hybrid_alpha": 0.0, "fpem/env_route_train_mode_warmup_risk_sinkhorn": 0.0, "fpem/warmup_risk_stage_warmup": 0.0, "fpem/warmup_risk_stage_soft": 0.0, "fpem/warmup_risk_stage_hard": 0.0, "fpem/warmup_risk_selected_loss": 0.0, "fpem/warmup_risk_uniform_common_loss": 0.0, "fpem/warmup_risk_lambda_common": 0.0, "fpem/warmup_risk_total_common_term": 0.0, "fpem/warmup_risk_temperature": 0.0, "fpem/warmup_risk_temperature_progress": 0.0, "fpem/uniform_expert_mae": 0.0, "fpem/risk_routed_mae": 0.0, "fpem/risk_prediction_mae": 0.0, "fpem/risk_loss": 0.0, "fpem/risk_ranking_loss": 0.0, "fpem/risk_ranking_accuracy": 0.0, "fpem/risk_oracle_argmin_accuracy": 0.0, "fpem/risk_router_temperature": 0.0, "fpem/risk_router_lambda": 0.0, "fpem/risk_router_pairwise_lambda": 0.0, "fpem/env_route_train_mode_progressive_gmm_environment": 0.0, "fpem/top_level_prediction_source_progressive_gmm_teacher_hard": 0.0, "fpem/progressive_assignment_uses_target_or_prediction_error": 0.0, "fpem/progressive_partition_ready": 0.0, "fpem/progressive_selected_k": 0.0, "fpem/progressive_active_expert_count": 0.0, "fpem/progressive_last_partition_epoch": 0.0, "fpem/progressive_lambda_common": 0.0, "fpem/progressive_common_term": 0.0, "fpem/progressive_compactness_loss": 0.0, "fpem/progressive_consistency_loss": 0.0, "fpem/progressive_cluster_entropy": 0.0, "fpem/progressive_assignment_change_ratio": 0.0, "fpem/progressive_hungarian_overlap_score": 0.0, "fpem/progressive_partition_update_time_sec": 0.0, "fpem/progressive_routed_mae": 0.0, "fpem/progressive_gmm_environment_total_replaces_primary": 0.0, "fpem/env_route_count_head_0": 16.0, "fpem/env_route_oracle_count_head_0": 16.0, "fpem/route_count_env_head_0": 16.0, "fpem/route_soft_mean_expert_0": 1.0, "fpem/route_hard_count_expert_0": 16.0, "fpem/hard_count_expert_0": 16.0, "fpem/sinkhorn_soft_col_mass_expert_0": 0.0, "fpem/progressive_active_expert_0": 0.0, "fpem/progressive_cluster_size_0": 0.0, "fpem/progressive_cluster_ratio_0": 0.0, "fpem/progressive_cluster_to_expert_0": 0.0, "fpem/progressive_bic_k1": 0.0, "fpem/progressive_bic_score_k1": 0.0, "fpem/progressive_bic_rejected_k1": 0.0, "fpem/hyper_alpha_head_0": 0.0, "fpem/hyper_gamma_norm_head_0": 0.0, "fpem/hyper_beta_norm_head_0": 0.0, "fpem/expert_cross_mae_group_0_expert_0": 9.455935514540899, "fpem/load_expert_loss": 9.455935514540899, "fpem/counterfactual_risk_router_loss": 0.0, "fpem/counterfactual_risk_regression_loss": 9.152628026689802, "fpem/counterfactual_risk_ranking_loss": 1.5005950105686983, "fpem/load_level_assignment_detached": 1.0, "fpem/load_level_count_0": 1680.0, "fpem/load_level_ratio_0": 1.0, "fpem/expert_0_global_loss": 9.455935514540899, "fpem/expert_0_selected_loss": 9.455935514540899, "fpem/counterfactual_risk_stage2_active": 0.0, "fpem/counterfactual_risk_stage2_start_epoch": 20.0, "fpem/counterfactual_risk_all_environment_mae": 9.455935514540899, "fpem/counterfactual_risk_all_invariant_mae": 9.662237480708532, "fpem/counterfactual_risk_routed_mae": 9.455966095697312, "fpem/counterfactual_risk_oracle_mae": 9.394273676191057, "fpem/counterfactual_risk_router_accuracy": 0.7375, "fpem/counterfactual_risk_router_balanced_accuracy": 0.5043956047012692, "fpem/counterfactual_risk_inv_route_ratio": 0.0005952380952380953, "fpem/counterfactual_risk_env_route_ratio": 0.9994047619047619, "fpem/counterfactual_risk_inv_switch_precision": 0.0, "fpem/counterfactual_risk_correct_inv_switches": 0.0, "fpem/counterfactual_risk_harmful_inv_switches": 0.009523809523809525, "fpem/counterfactual_risk_saved_loss": 0.0, "fpem/counterfactual_risk_added_loss": 3.058853603544689e-05, "fpem/counterfactual_risk_net_gain": -3.058115641276042e-05, "fpem/counterfactual_risk_regret": 0.06169241950625465, "fpem/counterfactual_risk_oracle_gap_closed": -0.0018222803161257789, "fpem/counterfactual_risk_delta_mean": -0.20630198688734144, "fpem/counterfactual_risk_target_inv_ratio": 0.2619047619047619, "fpem/counterfactual_risk_weight_env_sum": 8.076190426236106, "fpem/counterfactual_risk_weight_inv_sum": 7.923809460231236, "fpem/counterfactual_risk_prediction_is_hard_route": 1.0, "fpem/counterfactual_risk_prediction_is_soft_fusion": 0.0, "fpem/counterfactual_risk_target_detached": 1.0, "fpem/counterfactual_risk_uses_threshold": 0.0, "fpem/counterfactual_risk_all_samples_used_for_router": 1.0, "fpem/hard_router_predicted_env_ratio": 0.9994047619047619, "fpem/hard_router_effective_env_ratio": 1.0, "fpem/hard_router_target_env_ratio": 0.7380952380952381, "fpem/hard_router_gain_mean": -0.20630198688734144, "fpem/expert_prediction_pairwise_difference": 0.0, "fpem/delta_pairwise_cosine": 0.0, "fpem/delta_pairwise_l1": 0.0, "fpem/delta_pairwise_l2": 0.0, "fpem/expert_0_parameter_norm": 14.887171972365607, "fpem/hard_binary_router_enabled": 0.0, "fpem/hard_router_uses_target_in_forward": 0.0, "fpem/stored_future_c_loaded": 0.0, "fpem/prediction_is_weighted_complete_fusion": 0.0, "fpem/prediction_is_hard_route": 1.0, "fpem/conservative_inv_override_enabled": 0.0, "fpem/conservative_router_features_detached": 1.0, "fpem/counterfactual_risk_router_enabled": 1.0, "fpem/counterfactual_risk_stage2_active_forward": 0.0, "fpem/counterfactual_risk_deploy_route_active": 0.0, "fpem/counterfactual_risk_training_uses_route": 0.0, "fpem/counterfactual_risk_forward_uses_threshold": 0.0, "fpem/future_mi_loss": 0.0, "fpem/future_mi_valid": 0.0, "fpem/future_mi_logvar_mean": 0.0, "fpem/future_mi_target_mode_env_encoder": 0.0, "fpem/swap_loss": 0.0, "fpem/swap_diff_loss": 0.0, "fpem/swap_same_loss": 0.0, "fpem/swap_gain_mean": 0.0, "fpem/swap_s_gain_mean": 0.0, "fpem/swap_fallback_router_loss": 0.0, "fpem/swap_fallback_q_mean": 0.0, "fpem/swap_prediction_delta": 0.0, "fpem/swap_route_delta": 0.0, "fpem/swap_hyper_alpha_delta": 0.0, "fpem/swap_hyper_delta_norm": 0.0, "fpem/loss_env_day": 0.0, "fpem/loss_env_hour": 0.0, "fpem/loss_env_rush": 0.0, "fpem/env_day_acc": 0.0, "fpem/env_hour_acc": 0.0, "fpem/env_rush_acc": 0.0, "fpem/loss_env_supcon": 0.0, "fpem/env_supcon_valid_pairs": 0.0, "fpem/loss_inv_env_adv": 0.0, "fpem/inv_day_acc": 0.0, "fpem/inv_hour_acc": 0.0, "fpem/inv_rush_acc": 0.0, "fpem/loss_cross_cov_sep": 0.0, "fpem/confounder_dep_enabled": 1.0, "fpem/confounder_dep_mode_gci": 1.0, "fpem/confounder_dep_mode_scd": 0.0, "fpem/confounder_dep_mode_both": 0.0, "fpem/confounder_dep_total": 0.08973197937011719, "fpem/loss_gci": 0.00017854031937618162, "fpem/loss_gci_drop": 0.0001785385775119288, "fpem/loss_gci_keep": 1.741555783395045e-08, "fpem/loss_gci_graph_align": 0.8973179896672566, "fpem/loss_scd": 0.0, "fpem/loss_conf_kl": 9.21970322018578e-06, "fpem/effective_gci_weight": 0.0010000000474974513, "fpem/effective_gci_graph_align_weight": 0.10000000149011612, "fpem/effective_scd_weight": 0.0, "fpem/effective_conf_kl_weight": 9.999999747378752e-05, "fpem/confounder_dep_ramp_factor": 1.0, "fpem/C_mean": -0.0017742298543453217, "fpem/C_std": 0.9962332050005595, "fpem/C_norm": 2.746661495027088, "fpem/confounder_token_norm": 7.946992751530239, "fpem/confounder_variational": 1.0, "fpem/confounder_projection_trace": 7.998613757178897, "fpem/confounder_projection_ridge": 0.0010000000474974513, "fpem/confounder_projection_rank_dim": 8.0, "fpem/confounder_projection_calls": 1.0, "fpem/confounder_dep_detach_target": 1.0, "fpem/gci_nonedge_mass_before_C": 0.9591156908443996, "fpem/gci_nonedge_mass_after_C": 0.9592649811790103, "fpem/gci_nonedge_mass_reduction": -0.00014929033461071197, "fpem/gci_relative_violation": 0.0001785385775119288, "fpem/gci_edge_before_C": 0.005024499716680674, "fpem/gci_edge_after_C": 0.0050118768277267614, "fpem/gci_nonedge_conn_before_C": 0.00499851835802907, "fpem/gci_nonedge_conn_after_C": 0.004999296451430945, "fpem/gci_nonedge_conn_reduction": -7.780934018748147e-07, "fpem/gci_edge_conn_before_C": 0.005024499716680674, "fpem/gci_edge_conn_after_C": 0.0050118768277267614, "fpem/gci_edge_conn_reduction": 1.2622888953912826e-05, "fpem/gci_nonedge_dep_before_C": 0.00499851835802907, "fpem/gci_nonedge_dep_after_C": 0.004999296451430945, "fpem/gci_nonedge_dep_reduction": -7.780934018748147e-07, "fpem/gci_edge_dep_before_C": 0.005024499716680674, "fpem/gci_edge_dep_after_C": 0.0050118768277267614, "fpem/gci_nonedge_count": 38376.0, "fpem/gci_edge_count": 1424.0, "fpem/gci_node_count": 200.0, "fpem/gci_node_vector_dim": 2240.0, "fpem/gci_graph_embed_dim": 16.0, "fpem/gci_graph_embedding_norm_before": 0.10135245401234853, "fpem/gci_graph_embedding_norm_after": 0.07575465933907599, "fpem/gci_graph_embedding_std_before": 0.0380951646360613, "fpem/gci_graph_embedding_std_after": 0.027185946791654543, "fpem/gci_graph_adj_mean_before": 0.004999999883806422, "fpem/gci_graph_adj_mean_after": 0.004999999883806422, "fpem/gci_graph_adj_std_before": 7.436426000952321e-05, "fpem/gci_graph_adj_std_after": 3.992915598722729e-05, "fpem/gci_graph_align_weight": 0.10000000149011612, "fpem/gci_graph_align_raw_mse": 4.829236239683745e-08, "fpem/gci_graph_align_normalized": 0.8973179896672566, "fpem/gci_edge_preserve_beta": 0.10000000149011612, "fpem/gci_graph_align_target_available": 1.0, "fpem/gci_target_adj_mean": 0.004999999888241291, "fpem/gci_target_adj_std": 0.0002319861378055066, "fpem/gci_target_edge_mean": 0.00513450289145112, "fpem/gci_target_nonedge_mean": 0.0049905311316251755, "fpem/gci_target_diag_mean": 0.00585911376401782, "fpem/gci_graph_align_updates_agcrn": 0.0, "fpem/gci_updates_graph_linear": 0.0, "fpem/gci_graph_construction_agcrn_softmax": 1.0, "fpem/scd_assoc_before_C": 0.0, "fpem/scd_assoc_after_C": 0.0, "fpem/scd_assoc_reduction": 0.0, "fpem/scd_relative_violation": 0.0, "fpem/sample_assoc_before_C": 0.0, "fpem/sample_assoc_after_C": 0.0, "fpem/sample_assoc_reduction": 0.0, "fpem/sample_dep_before_C": 0.0, "fpem/sample_dep_after_C": 0.0, "fpem/sample_dep_reduction": 0.0, "fpem/scd_batch_size": 0.0, "fpem/scd_sample_vector_dim": 0.0, "fpem/sample_kernel_alignment": 0.0, "fpem/scd_alignment_loss": 0.0, "fpem/load_level_experts_enabled": 1.0, "fpem/load_level_uses_target_or_future_load": 0.0, "fpem/environment_gate_uses_target_in_forward": 0.0, "fpem/load_level_env_residual_scale": 0.0, "fpem/uses_cached_observable_load_prior": 1.0, "fpem/primary_loss": 9.040582506997245, "fpem/inv_pred_loss": 9.22039789926438, "fpem/primary_uses_route": 1.0, "fpem/primary_uses_env_fusion": 0.0, "fpem/backbone_agcrn": 1.0, "fpem/backbone_graphwavenet": 0.0, "fpem/backbone_staeformer": 0.0, "fpem/gc_pred_loss_only": 1.0, "fpem/env_route_head_mode_hyper_proto": 1.0, "fpem/fpem_force_uniform_route": 0.0, "fpem/hard_prediction_sinkhorn_total_replaces_primary": 0.0, "fpem/hard_prediction_environment_sinkhorn_total_replaces_primary": 0.0, "fpem/warmup_risk_sinkhorn_total_replaces_primary": 0.0, "fpem/lambda_club_mi": 0.0}}
EPOCH {"epoch": 20, "train_loss": 3.4318056191716875, "val": {"loss": 11.816560533311632, "mae": 11.608593940734863, "mape": 0.17911525070667267}, "test_mixed": {"loss": NaN, "mae": NaN, "mape": NaN}, "test_workday": {"loss": NaN, "mae": NaN, "mape": NaN}, "test_holiday": {"loss": NaN, "mae": NaN, "mape": NaN}, "test_avg_mae": NaN, "best_selection_value": 11.816560533311632, "best_selection_split": "val", "best_selection_metric": "val_loss", "lr": 0.001, "fpem_logs": {"fpem/fpem_env_use_exogenous": 1.0, "fpem/env_exogenous_available": 1.0, "fpem/env_exogenous_time_available": 1.0, "fpem/env_exogenous_load_available": 1.0, "fpem/env_exogenous_feature_dim": 32.0, "fpem/env_exogenous_embedding_norm": 2.4813675267355784, "fpem/env_exogenous_load_embedding_norm": 1.6452523980821883, "fpem/fpem_env_use_period_context": 1.0, "fpem/env_period_context_available": 1.0, "fpem/env_period_day_available_ratio": 0.9732142857142857, "fpem/env_period_week_available_ratio": 0.8244047619047619, "fpem/env_period_context_feature_dim": 6.0, "fpem/env_period_context_scale": 0.10000000149011612, "fpem/env_period_context_delta_norm": 0.19645331374236516, "fpem/env_period_context_day_diff_norm": 0.16272705239909036, "fpem/env_period_context_week_diff_norm": 0.10188992658541315, "fpem/env_rep_ablation_normal": 1.0, "fpem/env_rep_ablation_zero": 0.0, "fpem/env_rep_ablation_shuffle_batch": 0.0, "fpem/env_rep_ablation_mode_id": 0.0, "fpem/mask_loss": 0.0, "fpem/mask_sparse_loss": 0.0, "fpem/mask_entropy_loss": 0.0, "fpem/mask_mean": 1.0, "fpem/mask_entropy": 0.0, "fpem/mask_active_ratio": 1.0, "fpem/fusion_alpha_mean": 0.0, "fpem/fusion_alpha_std": 0.0, "fpem/fusion_alpha_min": 0.0, "fpem/fusion_alpha_max": 0.0, "fpem/env_route_loss": 3.4318056191716875, "fpem/env_route_L_final": 8.994698556264241, "fpem/env_route_L_global": 0.0, "fpem/env_route_L_route_soft": 0.0, "fpem/env_route_L_expert": 9.397855318160284, "fpem/env_route_L_router_oracle": 3.4318056191716875, "fpem/env_route_L_balance": 0.0, "fpem/env_route_L_diverse": 0.0, "fpem/env_route_L_proto_align": 0.0, "fpem/env_route_entropy": 0.0, "fpem/env_route_q_max_mean": 0.0, "fpem/hyper_alpha_mean": 0.0, "fpem/hyper_delta_norm": 0.0, "fpem/hyper_route_proto_mode_uniform_warmup": 0.0, "fpem/hyper_route_proto_mode_uniform_fixed": 0.0, "fpem/hyper_route_proto_mode_sinkhorn": 0.0, "fpem/hyper_route_proto_mode_softmax": 0.0, "fpem/fallback_q_mean": 0.0, "fpem/fallback_q_max": 0.0, "fpem/env_q_sum_mean": 1.0, "fpem/oracle_fallback_rate": 0.0, "fpem/route_count_fallback": 0.0, "fpem/env_route_head_mode": 1.0, "fpem/route_entropy_mean": 0.0, "fpem/route_mean_distribution_entropy": 0.0, "fpem/effective_expert_number": 1.0, "fpem/max_expert_usage_ratio": 0.0, "fpem/min_expert_usage_ratio": 0.0, "fpem/prototype_pairwise_cosine": 0.0, "fpem/expert_prediction_pairwise_cosine": 0.0, "fpem/expert_collapse_warning": 0.0, "fpem/env_route_target_mode_env_prototype": 0.0, "fpem/env_route_target_mode_hybrid": 0.0, "fpem/env_route_hybrid_alpha": 0.0, "fpem/env_route_train_mode_warmup_risk_sinkhorn": 0.0, "fpem/warmup_risk_stage_warmup": 0.0, "fpem/warmup_risk_stage_soft": 0.0, "fpem/warmup_risk_stage_hard": 0.0, "fpem/warmup_risk_selected_loss": 0.0, "fpem/warmup_risk_uniform_common_loss": 0.0, "fpem/warmup_risk_lambda_common": 0.0, "fpem/warmup_risk_total_common_term": 0.0, "fpem/warmup_risk_temperature": 0.0, "fpem/warmup_risk_temperature_progress": 0.0, "fpem/uniform_expert_mae": 0.0, "fpem/risk_routed_mae": 0.0, "fpem/risk_prediction_mae": 0.0, "fpem/risk_loss": 0.0, "fpem/risk_ranking_loss": 0.0, "fpem/risk_ranking_accuracy": 0.0, "fpem/risk_oracle_argmin_accuracy": 0.0, "fpem/risk_router_temperature": 0.0, "fpem/risk_router_lambda": 0.0, "fpem/risk_router_pairwise_lambda": 0.0, "fpem/env_route_train_mode_progressive_gmm_environment": 0.0, "fpem/top_level_prediction_source_progressive_gmm_teacher_hard": 0.0, "fpem/progressive_assignment_uses_target_or_prediction_error": 0.0, "fpem/progressive_partition_ready": 0.0, "fpem/progressive_selected_k": 0.0, "fpem/progressive_active_expert_count": 0.0, "fpem/progressive_last_partition_epoch": 0.0, "fpem/progressive_lambda_common": 0.0, "fpem/progressive_common_term": 0.0, "fpem/progressive_compactness_loss": 0.0, "fpem/progressive_consistency_loss": 0.0, "fpem/progressive_cluster_entropy": 0.0, "fpem/progressive_assignment_change_ratio": 0.0, "fpem/progressive_hungarian_overlap_score": 0.0, "fpem/progressive_partition_update_time_sec": 0.0, "fpem/progressive_routed_mae": 0.0, "fpem/progressive_gmm_environment_total_replaces_primary": 0.0, "fpem/env_route_count_head_0": 16.0, "fpem/env_route_oracle_count_head_0": 16.0, "fpem/route_count_env_head_0": 16.0, "fpem/route_soft_mean_expert_0": 1.0, "fpem/route_hard_count_expert_0": 16.0, "fpem/hard_count_expert_0": 16.0, "fpem/sinkhorn_soft_col_mass_expert_0": 0.0, "fpem/progressive_active_expert_0": 0.0, "fpem/progressive_cluster_size_0": 0.0, "fpem/progressive_cluster_ratio_0": 0.0, "fpem/progressive_cluster_to_expert_0": 0.0, "fpem/progressive_bic_k1": 0.0, "fpem/progressive_bic_score_k1": 0.0, "fpem/progressive_bic_rejected_k1": 0.0, "fpem/hyper_alpha_head_0": 0.0, "fpem/hyper_gamma_norm_head_0": 0.0, "fpem/hyper_beta_norm_head_0": 0.0, "fpem/expert_cross_mae_group_0_expert_0": 9.397855318160284, "fpem/load_expert_loss": 9.397855318160284, "fpem/counterfactual_risk_router_loss": 3.4318056191716875, "fpem/counterfactual_risk_regression_loss": 3.030291001569657, "fpem/counterfactual_risk_ranking_loss": 0.8030292295274281, "fpem/load_level_assignment_detached": 1.0, "fpem/load_level_count_0": 1680.0, "fpem/load_level_ratio_0": 1.0, "fpem/expert_0_global_loss": 9.397855318160284, "fpem/expert_0_selected_loss": 9.397855318160284, "fpem/counterfactual_risk_stage2_active": 1.0, "fpem/counterfactual_risk_stage2_start_epoch": 20.0, "fpem/counterfactual_risk_all_environment_mae": 9.397855318160284, "fpem/counterfactual_risk_all_invariant_mae": 9.662237448919386, "fpem/counterfactual_risk_routed_mae": 9.535262934366862, "fpem/counterfactual_risk_oracle_mae": 9.35738160269601, "fpem/counterfactual_risk_router_accuracy": 0.49047619047619045, "fpem/counterfactual_risk_router_balanced_accuracy": 0.49782028588510696, "fpem/counterfactual_risk_inv_route_ratio": 0.5125, "fpem/counterfactual_risk_env_route_ratio": 0.4875, "fpem/counterfactual_risk_inv_switch_precision": 0.18631679500852313, "fpem/counterfactual_risk_correct_inv_switches": 1.6571428571428573, "fpem/counterfactual_risk_harmful_inv_switches": 6.542857142857143, "fpem/counterfactual_risk_saved_loss": 0.022037996990340095, "fpem/counterfactual_risk_added_loss": 0.15944559162571317, "fpem/counterfactual_risk_net_gain": -0.13740761620657785, "fpem/counterfactual_risk_regret": 0.17788133167085193, "fpem/counterfactual_risk_oracle_gap_closed": -11.019640765977757, "fpem/counterfactual_risk_delta_mean": -0.2643821523303077, "fpem/counterfactual_risk_target_inv_ratio": 0.20416666666666666, "fpem/counterfactual_risk_weight_env_sum": 7.9999999273391, "fpem/counterfactual_risk_weight_inv_sum": 7.9999999409630185, "fpem/counterfactual_risk_prediction_is_hard_route": 1.0, "fpem/counterfactual_risk_prediction_is_soft_fusion": 0.0, "fpem/counterfactual_risk_target_detached": 1.0, "fpem/counterfactual_risk_uses_threshold": 0.0, "fpem/counterfactual_risk_all_samples_used_for_router": 1.0, "fpem/hard_router_predicted_env_ratio": 0.4875, "fpem/hard_router_effective_env_ratio": 1.0, "fpem/hard_router_target_env_ratio": 0.7958333333333333, "fpem/hard_router_gain_mean": -0.2643821523303077, "fpem/expert_prediction_pairwise_difference": 0.0, "fpem/delta_pairwise_cosine": 0.0, "fpem/delta_pairwise_l1": 0.0, "fpem/delta_pairwise_l2": 0.0, "fpem/expert_0_parameter_norm": 14.887673377990723, "fpem/hard_binary_router_enabled": 0.0, "fpem/hard_router_uses_target_in_forward": 0.0, "fpem/stored_future_c_loaded": 0.0, "fpem/prediction_is_weighted_complete_fusion": 0.0, "fpem/prediction_is_hard_route": 1.0, "fpem/conservative_inv_override_enabled": 0.0, "fpem/conservative_router_features_detached": 1.0, "fpem/counterfactual_risk_router_enabled": 1.0, "fpem/counterfactual_risk_stage2_active_forward": 1.0, "fpem/counterfactual_risk_deploy_route_active": 0.0, "fpem/counterfactual_risk_training_uses_route": 0.0, "fpem/counterfactual_risk_forward_uses_threshold": 0.0, "fpem/future_mi_loss": 0.0, "fpem/future_mi_valid": 0.0, "fpem/future_mi_logvar_mean": 0.0, "fpem/future_mi_target_mode_env_encoder": 0.0, "fpem/swap_loss": 0.0, "fpem/swap_diff_loss": 0.0, "fpem/swap_same_loss": 0.0, "fpem/swap_gain_mean": 0.0, "fpem/swap_s_gain_mean": 0.0, "fpem/swap_fallback_router_loss": 0.0, "fpem/swap_fallback_q_mean": 0.0, "fpem/swap_prediction_delta": 0.0, "fpem/swap_route_delta": 0.0, "fpem/swap_hyper_alpha_delta": 0.0, "fpem/swap_hyper_delta_norm": 0.0, "fpem/loss_env_day": 0.0, "fpem/loss_env_hour": 0.0, "fpem/loss_env_rush": 0.0, "fpem/env_day_acc": 0.0, "fpem/env_hour_acc": 0.0, "fpem/env_rush_acc": 0.0, "fpem/loss_env_supcon": 0.0, "fpem/env_supcon_valid_pairs": 0.0, "fpem/loss_inv_env_adv": 0.0, "fpem/inv_day_acc": 0.0, "fpem/inv_hour_acc": 0.0, "fpem/inv_rush_acc": 0.0, "fpem/loss_cross_cov_sep": 0.0, "fpem/confounder_dep_enabled": 0.0, "fpem/confounder_dep_mode_gci": 1.0, "fpem/confounder_dep_mode_scd": 0.0, "fpem/confounder_dep_mode_both": 0.0, "fpem/confounder_dep_total": 0.0, "fpem/loss_gci": 0.0, "fpem/loss_gci_drop": 0.0, "fpem/loss_gci_keep": 0.0, "fpem/loss_gci_graph_align": 0.0, "fpem/loss_scd": 0.0, "fpem/loss_conf_kl": 0.0, "fpem/effective_gci_weight": 0.0, "fpem/effective_gci_graph_align_weight": 0.0, "fpem/effective_scd_weight": 0.0, "fpem/effective_conf_kl_weight": 0.0, "fpem/confounder_dep_ramp_factor": 0.0, "fpem/C_mean": 0.0, "fpem/C_std": 0.0, "fpem/C_norm": 0.0, "fpem/confounder_token_norm": 0.0, "fpem/confounder_variational": 0.0, "fpem/confounder_projection_trace": 0.0, "fpem/confounder_projection_ridge": 0.0, "fpem/confounder_projection_rank_dim": 0.0, "fpem/confounder_projection_calls": 0.0, "fpem/confounder_dep_detach_target": 0.0, "fpem/gci_nonedge_mass_before_C": 0.0, "fpem/gci_nonedge_mass_after_C": 0.0, "fpem/gci_nonedge_mass_reduction": 0.0, "fpem/gci_relative_violation": 0.0, "fpem/gci_edge_before_C": 0.0, "fpem/gci_edge_after_C": 0.0, "fpem/gci_nonedge_conn_before_C": 0.0, "fpem/gci_nonedge_conn_after_C": 0.0, "fpem/gci_nonedge_conn_reduction": 0.0, "fpem/gci_edge_conn_before_C": 0.0, "fpem/gci_edge_conn_after_C": 0.0, "fpem/gci_edge_conn_reduction": 0.0, "fpem/gci_nonedge_dep_before_C": 0.0, "fpem/gci_nonedge_dep_after_C": 0.0, "fpem/gci_nonedge_dep_reduction": 0.0, "fpem/gci_edge_dep_before_C": 0.0, "fpem/gci_edge_dep_after_C": 0.0, "fpem/gci_nonedge_count": 0.0, "fpem/gci_edge_count": 0.0, "fpem/gci_node_count": 0.0, "fpem/gci_node_vector_dim": 0.0, "fpem/gci_graph_embed_dim": 0.0, "fpem/gci_graph_embedding_norm_before": 0.0, "fpem/gci_graph_embedding_norm_after": 0.0, "fpem/gci_graph_embedding_std_before": 0.0, "fpem/gci_graph_embedding_std_after": 0.0, "fpem/gci_graph_adj_mean_before": 0.0, "fpem/gci_graph_adj_mean_after": 0.0, "fpem/gci_graph_adj_std_before": 0.0, "fpem/gci_graph_adj_std_after": 0.0, "fpem/gci_graph_align_weight": 0.0, "fpem/gci_graph_align_raw_mse": 0.0, "fpem/gci_graph_align_normalized": 0.0, "fpem/gci_edge_preserve_beta": 0.0, "fpem/gci_graph_align_target_available": 0.0, "fpem/gci_target_adj_mean": 0.0, "fpem/gci_target_adj_std": 0.0, "fpem/gci_target_edge_mean": 0.0, "fpem/gci_target_nonedge_mean": 0.0, "fpem/gci_target_diag_mean": 0.0, "fpem/gci_graph_align_updates_agcrn": 0.0, "fpem/gci_updates_graph_linear": 0.0, "fpem/gci_graph_construction_agcrn_softmax": 0.0, "fpem/scd_assoc_before_C": 0.0, "fpem/scd_assoc_after_C": 0.0, "fpem/scd_assoc_reduction": 0.0, "fpem/scd_relative_violation": 0.0, "fpem/sample_assoc_before_C": 0.0, "fpem/sample_assoc_after_C": 0.0, "fpem/sample_assoc_reduction": 0.0, "fpem/sample_dep_before_C": 0.0, "fpem/sample_dep_after_C": 0.0, "fpem/sample_dep_reduction": 0.0, "fpem/scd_batch_size": 0.0, "fpem/scd_sample_vector_dim": 0.0, "fpem/sample_kernel_alignment": 0.0, "fpem/scd_alignment_loss": 0.0, "fpem/load_level_experts_enabled": 1.0, "fpem/load_level_uses_target_or_future_load": 0.0, "fpem/environment_gate_uses_target_in_forward": 0.0, "fpem/load_level_env_residual_scale": 0.0, "fpem/uses_cached_observable_load_prior": 1.0, "fpem/primary_loss": 8.994698556264241, "fpem/inv_pred_loss": 9.218003500075568, "fpem/primary_uses_route": 1.0, "fpem/primary_uses_env_fusion": 0.0, "fpem/backbone_agcrn": 1.0, "fpem/backbone_graphwavenet": 0.0, "fpem/backbone_staeformer": 0.0, "fpem/gc_pred_loss_only": 1.0, "fpem/env_route_head_mode_hyper_proto": 1.0, "fpem/fpem_force_uniform_route": 0.0, "fpem/hard_prediction_sinkhorn_total_replaces_primary": 0.0, "fpem/hard_prediction_environment_sinkhorn_total_replaces_primary": 0.0, "fpem/warmup_risk_sinkhorn_total_replaces_primary": 0.0, "fpem/lambda_club_mi": 0.0}}
EPOCH {"epoch": 21, "train_loss": 2.110243619055975, "val": {"loss": 11.816560533311632, "mae": 11.608593940734863, "mape": 0.17911525070667267}, "test_mixed": {"loss": NaN, "mae": NaN, "mape": NaN}, "test_workday": {"loss": NaN, "mae": NaN, "mape": NaN}, "test_holiday": {"loss": NaN, "mae": NaN, "mape": NaN}, "test_avg_mae": NaN, "best_selection_value": 11.816560533311632, "best_selection_split": "val", "best_selection_metric": "val_loss", "lr": 0.001, "fpem_logs": {"fpem/fpem_env_use_exogenous": 1.0, "fpem/env_exogenous_available": 1.0, "fpem/env_exogenous_time_available": 1.0, "fpem/env_exogenous_load_available": 1.0, "fpem/env_exogenous_feature_dim": 32.0, "fpem/env_exogenous_embedding_norm": 2.4813675267355784, "fpem/env_exogenous_load_embedding_norm": 1.6452524026234945, "fpem/fpem_env_use_period_context": 1.0, "fpem/env_period_context_available": 1.0, "fpem/env_period_day_available_ratio": 0.9732142857142857, "fpem/env_period_week_available_ratio": 0.8244047619047619, "fpem/env_period_context_feature_dim": 6.0, "fpem/env_period_context_scale": 0.10000000149011612, "fpem/env_period_context_delta_norm": 0.19645331501960756, "fpem/env_period_context_day_diff_norm": 0.1627270514056796, "fpem/env_period_context_week_diff_norm": 0.10188992761430286, "fpem/env_rep_ablation_normal": 1.0, "fpem/env_rep_ablation_zero": 0.0, "fpem/env_rep_ablation_shuffle_batch": 0.0, "fpem/env_rep_ablation_mode_id": 0.0, "fpem/mask_loss": 0.0, "fpem/mask_sparse_loss": 0.0, "fpem/mask_entropy_loss": 0.0, "fpem/mask_mean": 1.0, "fpem/mask_entropy": 0.0, "fpem/mask_active_ratio": 1.0, "fpem/fusion_alpha_mean": 0.0, "fpem/fusion_alpha_std": 0.0, "fpem/fusion_alpha_min": 0.0, "fpem/fusion_alpha_max": 0.0, "fpem/env_route_loss": 2.110243619055975, "fpem/env_route_L_final": 8.98046391805013, "fpem/env_route_L_global": 0.0, "fpem/env_route_L_route_soft": 0.0, "fpem/env_route_L_expert": 9.397853333609445, "fpem/env_route_L_router_oracle": 2.110243619055975, "fpem/env_route_L_balance": 0.0, "fpem/env_route_L_diverse": 0.0, "fpem/env_route_L_proto_align": 0.0, "fpem/env_route_entropy": 0.0, "fpem/env_route_q_max_mean": 0.0, "fpem/hyper_alpha_mean": 0.0, "fpem/hyper_delta_norm": 0.0, "fpem/hyper_route_proto_mode_uniform_warmup": 0.0, "fpem/hyper_route_proto_mode_uniform_fixed": 0.0, "fpem/hyper_route_proto_mode_sinkhorn": 0.0, "fpem/hyper_route_proto_mode_softmax": 0.0, "fpem/fallback_q_mean": 0.0, "fpem/fallback_q_max": 0.0, "fpem/env_q_sum_mean": 1.0, "fpem/oracle_fallback_rate": 0.0, "fpem/route_count_fallback": 0.0, "fpem/env_route_head_mode": 1.0, "fpem/route_entropy_mean": 0.0, "fpem/route_mean_distribution_entropy": 0.0, "fpem/effective_expert_number": 1.0, "fpem/max_expert_usage_ratio": 0.0, "fpem/min_expert_usage_ratio": 0.0, "fpem/prototype_pairwise_cosine": 0.0, "fpem/expert_prediction_pairwise_cosine": 0.0, "fpem/expert_collapse_warning": 0.0, "fpem/env_route_target_mode_env_prototype": 0.0, "fpem/env_route_target_mode_hybrid": 0.0, "fpem/env_route_hybrid_alpha": 0.0, "fpem/env_route_train_mode_warmup_risk_sinkhorn": 0.0, "fpem/warmup_risk_stage_warmup": 0.0, "fpem/warmup_risk_stage_soft": 0.0, "fpem/warmup_risk_stage_hard": 0.0, "fpem/warmup_risk_selected_loss": 0.0, "fpem/warmup_risk_uniform_common_loss": 0.0, "fpem/warmup_risk_lambda_common": 0.0, "fpem/warmup_risk_total_common_term": 0.0, "fpem/warmup_risk_temperature": 0.0, "fpem/warmup_risk_temperature_progress": 0.0, "fpem/uniform_expert_mae": 0.0, "fpem/risk_routed_mae": 0.0, "fpem/risk_prediction_mae": 0.0, "fpem/risk_loss": 0.0, "fpem/risk_ranking_loss": 0.0, "fpem/risk_ranking_accuracy": 0.0, "fpem/risk_oracle_argmin_accuracy": 0.0, "fpem/risk_router_temperature": 0.0, "fpem/risk_router_lambda": 0.0, "fpem/risk_router_pairwise_lambda": 0.0, "fpem/env_route_train_mode_progressive_gmm_environment": 0.0, "fpem/top_level_prediction_source_progressive_gmm_teacher_hard": 0.0, "fpem/progressive_assignment_uses_target_or_prediction_error": 0.0, "fpem/progressive_partition_ready": 0.0, "fpem/progressive_selected_k": 0.0, "fpem/progressive_active_expert_count": 0.0, "fpem/progressive_last_partition_epoch": 0.0, "fpem/progressive_lambda_common": 0.0, "fpem/progressive_common_term": 0.0, "fpem/progressive_compactness_loss": 0.0, "fpem/progressive_consistency_loss": 0.0, "fpem/progressive_cluster_entropy": 0.0, "fpem/progressive_assignment_change_ratio": 0.0, "fpem/progressive_hungarian_overlap_score": 0.0, "fpem/progressive_partition_update_time_sec": 0.0, "fpem/progressive_routed_mae": 0.0, "fpem/progressive_gmm_environment_total_replaces_primary": 0.0, "fpem/env_route_count_head_0": 16.0, "fpem/env_route_oracle_count_head_0": 16.0, "fpem/route_count_env_head_0": 16.0, "fpem/route_soft_mean_expert_0": 1.0, "fpem/route_hard_count_expert_0": 16.0, "fpem/hard_count_expert_0": 16.0, "fpem/sinkhorn_soft_col_mass_expert_0": 0.0, "fpem/progressive_active_expert_0": 0.0, "fpem/progressive_cluster_size_0": 0.0, "fpem/progressive_cluster_ratio_0": 0.0, "fpem/progressive_cluster_to_expert_0": 0.0, "fpem/progressive_bic_k1": 0.0, "fpem/progressive_bic_score_k1": 0.0, "fpem/progressive_bic_rejected_k1": 0.0, "fpem/hyper_alpha_head_0": 0.0, "fpem/hyper_gamma_norm_head_0": 0.0, "fpem/hyper_beta_norm_head_0": 0.0, "fpem/expert_cross_mae_group_0_expert_0": 9.397853333609445, "fpem/load_expert_loss": 9.397853333609445, "fpem/counterfactual_risk_router_loss": 2.110243619055975, "fpem/counterfactual_risk_regression_loss": 1.7121654902185712, "fpem/counterfactual_risk_ranking_loss": 0.7961562616484505, "fpem/load_level_assignment_detached": 1.0, "fpem/load_level_count_0": 1680.0, "fpem/load_level_ratio_0": 1.0, "fpem/expert_0_global_loss": 9.397853333609445, "fpem/expert_0_selected_loss": 9.397853333609445, "fpem/counterfactual_risk_stage2_active": 1.0, "fpem/counterfactual_risk_stage2_start_epoch": 20.0, "fpem/counterfactual_risk_all_environment_mae": 9.397853333609445, "fpem/counterfactual_risk_all_invariant_mae": 9.662237448919386, "fpem/counterfactual_risk_routed_mae": 9.507308814639137, "fpem/counterfactual_risk_oracle_mae": 9.357380744389125, "fpem/counterfactual_risk_router_accuracy": 0.5517857142857143, "fpem/counterfactual_risk_router_balanced_accuracy": 0.494452041387558, "fpem/counterfactual_risk_inv_route_ratio": 0.42023809523809524, "fpem/counterfactual_risk_env_route_ratio": 0.5797619047619048, "fpem/counterfactual_risk_inv_switch_precision": 0.20628699688684374, "fpem/counterfactual_risk_correct_inv_switches": 1.4095238095238096, "fpem/counterfactual_risk_harmful_inv_switches": 5.314285714285714, "fpem/counterfactual_risk_saved_loss": 0.01732830930323828, "fpem/counterfactual_risk_added_loss": 0.12678377670901161, "fpem/counterfactual_risk_net_gain": -0.10945548102969214, "fpem/counterfactual_risk_regret": 0.14992807025001162, "fpem/counterfactual_risk_oracle_gap_closed": -13051.323613971206, "fpem/counterfactual_risk_delta_mean": -0.2643841177225113, "fpem/counterfactual_risk_target_inv_ratio": 0.20416666666666666, "fpem/counterfactual_risk_weight_env_sum": 8.609523764110747, "fpem/counterfactual_risk_weight_inv_sum": 7.390476149604434, "fpem/counterfactual_risk_prediction_is_hard_route": 1.0, "fpem/counterfactual_risk_prediction_is_soft_fusion": 0.0, "fpem/counterfactual_risk_target_detached": 1.0, "fpem/counterfactual_risk_uses_threshold": 0.0, "fpem/counterfactual_risk_all_samples_used_for_router": 1.0, "fpem/hard_router_predicted_env_ratio": 0.5797619047619048, "fpem/hard_router_effective_env_ratio": 1.0, "fpem/hard_router_target_env_ratio": 0.7958333333333333, "fpem/hard_router_gain_mean": -0.2643841177225113, "fpem/expert_prediction_pairwise_difference": 0.0, "fpem/delta_pairwise_cosine": 0.0, "fpem/delta_pairwise_l1": 0.0, "fpem/delta_pairwise_l2": 0.0, "fpem/expert_0_parameter_norm": 14.887673377990723, "fpem/hard_binary_router_enabled": 0.0, "fpem/hard_router_uses_target_in_forward": 0.0, "fpem/stored_future_c_loaded": 0.0, "fpem/prediction_is_weighted_complete_fusion": 0.0, "fpem/prediction_is_hard_route": 1.0, "fpem/conservative_inv_override_enabled": 0.0, "fpem/conservative_router_features_detached": 1.0, "fpem/counterfactual_risk_router_enabled": 1.0, "fpem/counterfactual_risk_stage2_active_forward": 1.0, "fpem/counterfactual_risk_deploy_route_active": 0.0, "fpem/counterfactual_risk_training_uses_route": 0.0, "fpem/counterfactual_risk_forward_uses_threshold": 0.0, "fpem/future_mi_loss": 0.0, "fpem/future_mi_valid": 0.0, "fpem/future_mi_logvar_mean": 0.0, "fpem/future_mi_target_mode_env_encoder": 0.0, "fpem/swap_loss": 0.0, "fpem/swap_diff_loss": 0.0, "fpem/swap_same_loss": 0.0, "fpem/swap_gain_mean": 0.0, "fpem/swap_s_gain_mean": 0.0, "fpem/swap_fallback_router_loss": 0.0, "fpem/swap_fallback_q_mean": 0.0, "fpem/swap_prediction_delta": 0.0, "fpem/swap_route_delta": 0.0, "fpem/swap_hyper_alpha_delta": 0.0, "fpem/swap_hyper_delta_norm": 0.0, "fpem/loss_env_day": 0.0, "fpem/loss_env_hour": 0.0, "fpem/loss_env_rush": 0.0, "fpem/env_day_acc": 0.0, "fpem/env_hour_acc": 0.0, "fpem/env_rush_acc": 0.0, "fpem/loss_env_supcon": 0.0, "fpem/env_supcon_valid_pairs": 0.0, "fpem/loss_inv_env_adv": 0.0, "fpem/inv_day_acc": 0.0, "fpem/inv_hour_acc": 0.0, "fpem/inv_rush_acc": 0.0, "fpem/loss_cross_cov_sep": 0.0, "fpem/confounder_dep_enabled": 0.0, "fpem/confounder_dep_mode_gci": 1.0, "fpem/confounder_dep_mode_scd": 0.0, "fpem/confounder_dep_mode_both": 0.0, "fpem/confounder_dep_total": 0.0, "fpem/loss_gci": 0.0, "fpem/loss_gci_drop": 0.0, "fpem/loss_gci_keep": 0.0, "fpem/loss_gci_graph_align": 0.0, "fpem/loss_scd": 0.0, "fpem/loss_conf_kl": 0.0, "fpem/effective_gci_weight": 0.0, "fpem/effective_gci_graph_align_weight": 0.0, "fpem/effective_scd_weight": 0.0, "fpem/effective_conf_kl_weight": 0.0, "fpem/confounder_dep_ramp_factor": 0.0, "fpem/C_mean": 0.0, "fpem/C_std": 0.0, "fpem/C_norm": 0.0, "fpem/confounder_token_norm": 0.0, "fpem/confounder_variational": 0.0, "fpem/confounder_projection_trace": 0.0, "fpem/confounder_projection_ridge": 0.0, "fpem/confounder_projection_rank_dim": 0.0, "fpem/confounder_projection_calls": 0.0, "fpem/confounder_dep_detach_target": 0.0, "fpem/gci_nonedge_mass_before_C": 0.0, "fpem/gci_nonedge_mass_after_C": 0.0, "fpem/gci_nonedge_mass_reduction": 0.0, "fpem/gci_relative_violation": 0.0, "fpem/gci_edge_before_C": 0.0, "fpem/gci_edge_after_C": 0.0, "fpem/gci_nonedge_conn_before_C": 0.0, "fpem/gci_nonedge_conn_after_C": 0.0, "fpem/gci_nonedge_conn_reduction": 0.0, "fpem/gci_edge_conn_before_C": 0.0, "fpem/gci_edge_conn_after_C": 0.0, "fpem/gci_edge_conn_reduction": 0.0, "fpem/gci_nonedge_dep_before_C": 0.0, "fpem/gci_nonedge_dep_after_C": 0.0, "fpem/gci_nonedge_dep_reduction": 0.0, "fpem/gci_edge_dep_before_C": 0.0, "fpem/gci_edge_dep_after_C": 0.0, "fpem/gci_nonedge_count": 0.0, "fpem/gci_edge_count": 0.0, "fpem/gci_node_count": 0.0, "fpem/gci_node_vector_dim": 0.0, "fpem/gci_graph_embed_dim": 0.0, "fpem/gci_graph_embedding_norm_before": 0.0, "fpem/gci_graph_embedding_norm_after": 0.0, "fpem/gci_graph_embedding_std_before": 0.0, "fpem/gci_graph_embedding_std_after": 0.0, "fpem/gci_graph_adj_mean_before": 0.0, "fpem/gci_graph_adj_mean_after": 0.0, "fpem/gci_graph_adj_std_before": 0.0, "fpem/gci_graph_adj_std_after": 0.0, "fpem/gci_graph_align_weight": 0.0, "fpem/gci_graph_align_raw_mse": 0.0, "fpem/gci_graph_align_normalized": 0.0, "fpem/gci_edge_preserve_beta": 0.0, "fpem/gci_graph_align_target_available": 0.0, "fpem/gci_target_adj_mean": 0.0, "fpem/gci_target_adj_std": 0.0, "fpem/gci_target_edge_mean": 0.0, "fpem/gci_target_nonedge_mean": 0.0, "fpem/gci_target_diag_mean": 0.0, "fpem/gci_graph_align_updates_agcrn": 0.0, "fpem/gci_updates_graph_linear": 0.0, "fpem/gci_graph_construction_agcrn_softmax": 0.0, "fpem/scd_assoc_before_C": 0.0, "fpem/scd_assoc_after_C": 0.0, "fpem/scd_assoc_reduction": 0.0, "fpem/scd_relative_violation": 0.0, "fpem/sample_assoc_before_C": 0.0, "fpem/sample_assoc_after_C": 0.0, "fpem/sample_assoc_reduction": 0.0, "fpem/sample_dep_before_C": 0.0, "fpem/sample_dep_after_C": 0.0, "fpem/sample_dep_reduction": 0.0, "fpem/scd_batch_size": 0.0, "fpem/scd_sample_vector_dim": 0.0, "fpem/sample_kernel_alignment": 0.0, "fpem/scd_alignment_loss": 0.0, "fpem/load_level_experts_enabled": 1.0, "fpem/load_level_uses_target_or_future_load": 0.0, "fpem/environment_gate_uses_target_in_forward": 0.0, "fpem/load_level_env_residual_scale": 0.0, "fpem/uses_cached_observable_load_prior": 1.0, "fpem/primary_loss": 8.98046391805013, "fpem/inv_pred_loss": 9.202887516929989, "fpem/primary_uses_route": 1.0, "fpem/primary_uses_env_fusion": 0.0, "fpem/backbone_agcrn": 1.0, "fpem/backbone_graphwavenet": 0.0, "fpem/backbone_staeformer": 0.0, "fpem/gc_pred_loss_only": 1.0, "fpem/env_route_head_mode_hyper_proto": 1.0, "fpem/fpem_force_uniform_route": 0.0, "fpem/hard_prediction_sinkhorn_total_replaces_primary": 0.0, "fpem/hard_prediction_environment_sinkhorn_total_replaces_primary": 0.0, "fpem/warmup_risk_sinkhorn_total_replaces_primary": 0.0, "fpem/lambda_club_mi": 0.0}}
EPOCH {"epoch": 22, "train_loss": 1.7737398346265156, "val": {"loss": 11.845938788519966, "mae": 11.63768482208252, "mape": 0.18441666662693024}, "test_mixed": {"loss": NaN, "mae": NaN, "mape": NaN}, "test_workday": {"loss": NaN, "mae": NaN, "mape": NaN}, "test_holiday": {"loss": NaN, "mae": NaN, "mape": NaN}, "test_avg_mae": NaN, "best_selection_value": 11.845938788519966, "best_selection_split": "val", "best_selection_metric": "val_loss", "lr": 0.001, "fpem_logs": {"fpem/fpem_env_use_exogenous": 1.0, "fpem/env_exogenous_available": 1.0, "fpem/env_exogenous_time_available": 1.0, "fpem/env_exogenous_load_available": 1.0, "fpem/env_exogenous_feature_dim": 32.0, "fpem/env_exogenous_embedding_norm": 2.4813675471714567, "fpem/env_exogenous_load_embedding_norm": 1.6452523901349023, "fpem/fpem_env_use_period_context": 1.0, "fpem/env_period_context_available": 1.0, "fpem/env_period_day_available_ratio": 0.9732142857142857, "fpem/env_period_week_available_ratio": 0.8244047619047619, "fpem/env_period_context_feature_dim": 6.0, "fpem/env_period_context_scale": 0.10000000149011612, "fpem/env_period_context_delta_norm": 0.19645331487769171, "fpem/env_period_context_day_diff_norm": 0.16272705353441694, "fpem/env_period_context_week_diff_norm": 0.1018899264789763, "fpem/env_rep_ablation_normal": 1.0, "fpem/env_rep_ablation_zero": 0.0, "fpem/env_rep_ablation_shuffle_batch": 0.0, "fpem/env_rep_ablation_mode_id": 0.0, "fpem/mask_loss": 0.0, "fpem/mask_sparse_loss": 0.0, "fpem/mask_entropy_loss": 0.0, "fpem/mask_mean": 1.0, "fpem/mask_entropy": 0.0, "fpem/mask_active_ratio": 1.0, "fpem/fusion_alpha_mean": 0.0, "fpem/fusion_alpha_std": 0.0, "fpem/fusion_alpha_min": 0.0, "fpem/fusion_alpha_max": 0.0, "fpem/env_route_loss": 1.7737398346265156, "fpem/env_route_L_final": 8.998258781433105, "fpem/env_route_L_global": 0.0, "fpem/env_route_L_route_soft": 0.0, "fpem/env_route_L_expert": 9.397860259101504, "fpem/env_route_L_router_oracle": 1.7737398346265156, "fpem/env_route_L_balance": 0.0, "fpem/env_route_L_diverse": 0.0, "fpem/env_route_L_proto_align": 0.0, "fpem/env_route_entropy": 0.0, "fpem/env_route_q_max_mean": 0.0, "fpem/hyper_alpha_mean": 0.0, "fpem/hyper_delta_norm": 0.0, "fpem/hyper_route_proto_mode_uniform_warmup": 0.0, "fpem/hyper_route_proto_mode_uniform_fixed": 0.0, "fpem/hyper_route_proto_mode_sinkhorn": 0.0, "fpem/hyper_route_proto_mode_softmax": 0.0, "fpem/fallback_q_mean": 0.0, "fpem/fallback_q_max": 0.0, "fpem/env_q_sum_mean": 1.0, "fpem/oracle_fallback_rate": 0.0, "fpem/route_count_fallback": 0.0, "fpem/env_route_head_mode": 1.0, "fpem/route_entropy_mean": 0.0, "fpem/route_mean_distribution_entropy": 0.0, "fpem/effective_expert_number": 1.0, "fpem/max_expert_usage_ratio": 0.0, "fpem/min_expert_usage_ratio": 0.0, "fpem/prototype_pairwise_cosine": 0.0, "fpem/expert_prediction_pairwise_cosine": 0.0, "fpem/expert_collapse_warning": 0.0, "fpem/env_route_target_mode_env_prototype": 0.0, "fpem/env_route_target_mode_hybrid": 0.0, "fpem/env_route_hybrid_alpha": 0.0, "fpem/env_route_train_mode_warmup_risk_sinkhorn": 0.0, "fpem/warmup_risk_stage_warmup": 0.0, "fpem/warmup_risk_stage_soft": 0.0, "fpem/warmup_risk_stage_hard": 0.0, "fpem/warmup_risk_selected_loss": 0.0, "fpem/warmup_risk_uniform_common_loss": 0.0, "fpem/warmup_risk_lambda_common": 0.0, "fpem/warmup_risk_total_common_term": 0.0, "fpem/warmup_risk_temperature": 0.0, "fpem/warmup_risk_temperature_progress": 0.0, "fpem/uniform_expert_mae": 0.0, "fpem/risk_routed_mae": 0.0, "fpem/risk_prediction_mae": 0.0, "fpem/risk_loss": 0.0, "fpem/risk_ranking_loss": 0.0, "fpem/risk_ranking_accuracy": 0.0, "fpem/risk_oracle_argmin_accuracy": 0.0, "fpem/risk_router_temperature": 0.0, "fpem/risk_router_lambda": 0.0, "fpem/risk_router_pairwise_lambda": 0.0, "fpem/env_route_train_mode_progressive_gmm_environment": 0.0, "fpem/top_level_prediction_source_progressive_gmm_teacher_hard": 0.0, "fpem/progressive_assignment_uses_target_or_prediction_error": 0.0, "fpem/progressive_partition_ready": 0.0, "fpem/progressive_selected_k": 0.0, "fpem/progressive_active_expert_count": 0.0, "fpem/progressive_last_partition_epoch": 0.0, "fpem/progressive_lambda_common": 0.0, "fpem/progressive_common_term": 0.0, "fpem/progressive_compactness_loss": 0.0, "fpem/progressive_consistency_loss": 0.0, "fpem/progressive_cluster_entropy": 0.0, "fpem/progressive_assignment_change_ratio": 0.0, "fpem/progressive_hungarian_overlap_score": 0.0, "fpem/progressive_partition_update_time_sec": 0.0, "fpem/progressive_routed_mae": 0.0, "fpem/progressive_gmm_environment_total_replaces_primary": 0.0, "fpem/env_route_count_head_0": 16.0, "fpem/env_route_oracle_count_head_0": 16.0, "fpem/route_count_env_head_0": 16.0, "fpem/route_soft_mean_expert_0": 1.0, "fpem/route_hard_count_expert_0": 16.0, "fpem/hard_count_expert_0": 16.0, "fpem/sinkhorn_soft_col_mass_expert_0": 0.0, "fpem/progressive_active_expert_0": 0.0, "fpem/progressive_cluster_size_0": 0.0, "fpem/progressive_cluster_ratio_0": 0.0, "fpem/progressive_cluster_to_expert_0": 0.0, "fpem/progressive_bic_k1": 0.0, "fpem/progressive_bic_score_k1": 0.0, "fpem/progressive_bic_rejected_k1": 0.0, "fpem/hyper_alpha_head_0": 0.0, "fpem/hyper_gamma_norm_head_0": 0.0, "fpem/hyper_beta_norm_head_0": 0.0, "fpem/expert_cross_mae_group_0_expert_0": 9.397860259101504, "fpem/load_expert_loss": 9.397860259101504, "fpem/counterfactual_risk_router_loss": 1.7737398346265156, "fpem/counterfactual_risk_regression_loss": 1.4085053716387068, "fpem/counterfactual_risk_ranking_loss": 0.7304689376127153, "fpem/load_level_assignment_detached": 1.0, "fpem/load_level_count_0": 1680.0, "fpem/load_level_ratio_0": 1.0, "fpem/expert_0_global_loss": 9.397860259101504, "fpem/expert_0_selected_loss": 9.397860259101504, "fpem/counterfactual_risk_stage2_active": 1.0, "fpem/counterfactual_risk_stage2_start_epoch": 20.0, "fpem/counterfactual_risk_all_environment_mae": 9.397860259101504, "fpem/counterfactual_risk_all_invariant_mae": 9.662237471625918, "fpem/counterfactual_risk_routed_mae": 9.493923800332206, "fpem/counterfactual_risk_oracle_mae": 9.357386212121872, "fpem/counterfactual_risk_router_accuracy": 0.5815476190476191, "fpem/counterfactual_risk_router_balanced_accuracy": 0.5314823292550587, "fpem/counterfactual_risk_inv_route_ratio": 0.39166666666666666, "fpem/counterfactual_risk_env_route_ratio": 0.6083333333333333, "fpem/counterfactual_risk_inv_switch_precision": 0.21851989662363416, "fpem/counterfactual_risk_correct_inv_switches": 1.4190476190476191, "fpem/counterfactual_risk_harmful_inv_switches": 4.847619047619047, "fpem/counterfactual_risk_saved_loss": 0.0174515038728714, "fpem/counterfactual_risk_added_loss": 0.11351504893529983, "fpem/counterfactual_risk_net_gain": -0.09606354123070127, "fpem/counterfactual_risk_regret": 0.13653758821033296, "fpem/counterfactual_risk_oracle_gap_closed": -4538.096372562221, "fpem/counterfactual_risk_delta_mean": -0.2643772342375347, "fpem/counterfactual_risk_target_inv_ratio": 0.20416666666666666, "fpem/counterfactual_risk_weight_env_sum": 8.38095230829148, "fpem/counterfactual_risk_weight_inv_sum": 7.619047546386719, "fpem/counterfactual_risk_prediction_is_hard_route": 1.0, "fpem/counterfactual_risk_prediction_is_soft_fusion": 0.0, "fpem/counterfactual_risk_target_detached": 1.0, "fpem/counterfactual_risk_uses_threshold": 0.0, "fpem/counterfactual_risk_all_samples_used_for_router": 1.0, "fpem/hard_router_predicted_env_ratio": 0.6083333333333333, "fpem/hard_router_effective_env_ratio": 1.0, "fpem/hard_router_target_env_ratio": 0.7958333333333333, "fpem/hard_router_gain_mean": -0.2643772342375347, "fpem/expert_prediction_pairwise_difference": 0.0, "fpem/delta_pairwise_cosine": 0.0, "fpem/delta_pairwise_l1": 0.0, "fpem/delta_pairwise_l2": 0.0, "fpem/expert_0_parameter_norm": 14.887673377990723, "fpem/hard_binary_router_enabled": 0.0, "fpem/hard_router_uses_target_in_forward": 0.0, "fpem/stored_future_c_loaded": 0.0, "fpem/prediction_is_weighted_complete_fusion": 0.0, "fpem/prediction_is_hard_route": 1.0, "fpem/conservative_inv_override_enabled": 0.0, "fpem/conservative_router_features_detached": 1.0, "fpem/counterfactual_risk_router_enabled": 1.0, "fpem/counterfactual_risk_stage2_active_forward": 1.0, "fpem/counterfactual_risk_deploy_route_active": 0.0, "fpem/counterfactual_risk_training_uses_route": 0.0, "fpem/counterfactual_risk_forward_uses_threshold": 0.0, "fpem/future_mi_loss": 0.0, "fpem/future_mi_valid": 0.0, "fpem/future_mi_logvar_mean": 0.0, "fpem/future_mi_target_mode_env_encoder": 0.0, "fpem/swap_loss": 0.0, "fpem/swap_diff_loss": 0.0, "fpem/swap_same_loss": 0.0, "fpem/swap_gain_mean": 0.0, "fpem/swap_s_gain_mean": 0.0, "fpem/swap_fallback_router_loss": 0.0, "fpem/swap_fallback_q_mean": 0.0, "fpem/swap_prediction_delta": 0.0, "fpem/swap_route_delta": 0.0, "fpem/swap_hyper_alpha_delta": 0.0, "fpem/swap_hyper_delta_norm": 0.0, "fpem/loss_env_day": 0.0, "fpem/loss_env_hour": 0.0, "fpem/loss_env_rush": 0.0, "fpem/env_day_acc": 0.0, "fpem/env_hour_acc": 0.0, "fpem/env_rush_acc": 0.0, "fpem/loss_env_supcon": 0.0, "fpem/env_supcon_valid_pairs": 0.0, "fpem/loss_inv_env_adv": 0.0, "fpem/inv_day_acc": 0.0, "fpem/inv_hour_acc": 0.0, "fpem/inv_rush_acc": 0.0, "fpem/loss_cross_cov_sep": 0.0, "fpem/confounder_dep_enabled": 0.0, "fpem/confounder_dep_mode_gci": 1.0, "fpem/confounder_dep_mode_scd": 0.0, "fpem/confounder_dep_mode_both": 0.0, "fpem/confounder_dep_total": 0.0, "fpem/loss_gci": 0.0, "fpem/loss_gci_drop": 0.0, "fpem/loss_gci_keep": 0.0, "fpem/loss_gci_graph_align": 0.0, "fpem/loss_scd": 0.0, "fpem/loss_conf_kl": 0.0, "fpem/effective_gci_weight": 0.0, "fpem/effective_gci_graph_align_weight": 0.0, "fpem/effective_scd_weight": 0.0, "fpem/effective_conf_kl_weight": 0.0, "fpem/confounder_dep_ramp_factor": 0.0, "fpem/C_mean": 0.0, "fpem/C_std": 0.0, "fpem/C_norm": 0.0, "fpem/confounder_token_norm": 0.0, "fpem/confounder_variational": 0.0, "fpem/confounder_projection_trace": 0.0, "fpem/confounder_projection_ridge": 0.0, "fpem/confounder_projection_rank_dim": 0.0, "fpem/confounder_projection_calls": 0.0, "fpem/confounder_dep_detach_target": 0.0, "fpem/gci_nonedge_mass_before_C": 0.0, "fpem/gci_nonedge_mass_after_C": 0.0, "fpem/gci_nonedge_mass_reduction": 0.0, "fpem/gci_relative_violation": 0.0, "fpem/gci_edge_before_C": 0.0, "fpem/gci_edge_after_C": 0.0, "fpem/gci_nonedge_conn_before_C": 0.0, "fpem/gci_nonedge_conn_after_C": 0.0, "fpem/gci_nonedge_conn_reduction": 0.0, "fpem/gci_edge_conn_before_C": 0.0, "fpem/gci_edge_conn_after_C": 0.0, "fpem/gci_edge_conn_reduction": 0.0, "fpem/gci_nonedge_dep_before_C": 0.0, "fpem/gci_nonedge_dep_after_C": 0.0, "fpem/gci_nonedge_dep_reduction": 0.0, "fpem/gci_edge_dep_before_C": 0.0, "fpem/gci_edge_dep_after_C": 0.0, "fpem/gci_nonedge_count": 0.0, "fpem/gci_edge_count": 0.0, "fpem/gci_node_count": 0.0, "fpem/gci_node_vector_dim": 0.0, "fpem/gci_graph_embed_dim": 0.0, "fpem/gci_graph_embedding_norm_before": 0.0, "fpem/gci_graph_embedding_norm_after": 0.0, "fpem/gci_graph_embedding_std_before": 0.0, "fpem/gci_graph_embedding_std_after": 0.0, "fpem/gci_graph_adj_mean_before": 0.0, "fpem/gci_graph_adj_mean_after": 0.0, "fpem/gci_graph_adj_std_before": 0.0, "fpem/gci_graph_adj_std_after": 0.0, "fpem/gci_graph_align_weight": 0.0, "fpem/gci_graph_align_raw_mse": 0.0, "fpem/gci_graph_align_normalized": 0.0, "fpem/gci_edge_preserve_beta": 0.0, "fpem/gci_graph_align_target_available": 0.0, "fpem/gci_target_adj_mean": 0.0, "fpem/gci_target_adj_std": 0.0, "fpem/gci_target_edge_mean": 0.0, "fpem/gci_target_nonedge_mean": 0.0, "fpem/gci_target_diag_mean": 0.0, "fpem/gci_graph_align_updates_agcrn": 0.0, "fpem/gci_updates_graph_linear": 0.0, "fpem/gci_graph_construction_agcrn_softmax": 0.0, "fpem/scd_assoc_before_C": 0.0, "fpem/scd_assoc_after_C": 0.0, "fpem/scd_assoc_reduction": 0.0, "fpem/scd_relative_violation": 0.0, "fpem/sample_assoc_before_C": 0.0, "fpem/sample_assoc_after_C": 0.0, "fpem/sample_assoc_reduction": 0.0, "fpem/sample_dep_before_C": 0.0, "fpem/sample_dep_after_C": 0.0, "fpem/sample_dep_reduction": 0.0, "fpem/scd_batch_size": 0.0, "fpem/scd_sample_vector_dim": 0.0, "fpem/sample_kernel_alignment": 0.0, "fpem/scd_alignment_loss": 0.0, "fpem/load_level_experts_enabled": 1.0, "fpem/load_level_uses_target_or_future_load": 0.0, "fpem/environment_gate_uses_target_in_forward": 0.0, "fpem/load_level_env_residual_scale": 0.0, "fpem/uses_cached_observable_load_prior": 1.0, "fpem/primary_loss": 8.998258781433105, "fpem/inv_pred_loss": 9.220538148425874, "fpem/primary_uses_route": 1.0, "fpem/primary_uses_env_fusion": 0.0, "fpem/backbone_agcrn": 1.0, "fpem/backbone_graphwavenet": 0.0, "fpem/backbone_staeformer": 0.0, "fpem/gc_pred_loss_only": 1.0, "fpem/env_route_head_mode_hyper_proto": 1.0, "fpem/fpem_force_uniform_route": 0.0, "fpem/hard_prediction_sinkhorn_total_replaces_primary": 0.0, "fpem/hard_prediction_environment_sinkhorn_total_replaces_primary": 0.0, "fpem/warmup_risk_sinkhorn_total_replaces_primary": 0.0, "fpem/lambda_club_mi": 0.0}}
EPOCH {"epoch": 23, "train_loss": 1.6060129733312698, "val": {"loss": 11.871997859742907, "mae": 11.664709091186523, "mape": 0.18878774344921112}, "test_mixed": {"loss": NaN, "mae": NaN, "mape": NaN}, "test_workday": {"loss": NaN, "mae": NaN, "mape": NaN}, "test_holiday": {"loss": NaN, "mae": NaN, "mape": NaN}, "test_avg_mae": NaN, "best_selection_value": 11.871997859742907, "best_selection_split": "val", "best_selection_metric": "val_loss", "lr": 0.001, "fpem_logs": {"fpem/fpem_env_use_exogenous": 1.0, "fpem/env_exogenous_available": 1.0, "fpem/env_exogenous_time_available": 1.0, "fpem/env_exogenous_load_available": 1.0, "fpem/env_exogenous_feature_dim": 32.0, "fpem/env_exogenous_embedding_norm": 2.481367517652966, "fpem/env_exogenous_load_embedding_norm": 1.6452523980821883, "fpem/fpem_env_use_period_context": 1.0, "fpem/env_period_context_available": 1.0, "fpem/env_period_day_available_ratio": 0.9732142857142857, "fpem/env_period_week_available_ratio": 0.8244047619047619, "fpem/env_period_context_feature_dim": 6.0, "fpem/env_period_context_scale": 0.10000000149011612, "fpem/env_period_context_delta_norm": 0.1964533147357759, "fpem/env_period_context_day_diff_norm": 0.16272705247004826, "fpem/env_period_context_week_diff_norm": 0.10188992740142913, "fpem/env_rep_ablation_normal": 1.0, "fpem/env_rep_ablation_zero": 0.0, "fpem/env_rep_ablation_shuffle_batch": 0.0, "fpem/env_rep_ablation_mode_id": 0.0, "fpem/mask_loss": 0.0, "fpem/mask_sparse_loss": 0.0, "fpem/mask_entropy_loss": 0.0, "fpem/mask_mean": 1.0, "fpem/mask_entropy": 0.0, "fpem/mask_active_ratio": 1.0, "fpem/fusion_alpha_mean": 0.0, "fpem/fusion_alpha_std": 0.0, "fpem/fusion_alpha_min": 0.0, "fpem/fusion_alpha_max": 0.0, "fpem/env_route_loss": 1.6060129733312698, "fpem/env_route_L_final": 8.995859028044201, "fpem/env_route_L_global": 0.0, "fpem/env_route_L_route_soft": 0.0, "fpem/env_route_L_expert": 9.39784544081915, "fpem/env_route_L_router_oracle": 1.6060129733312698, "fpem/env_route_L_balance": 0.0, "fpem/env_route_L_diverse": 0.0, "fpem/env_route_L_proto_align": 0.0, "fpem/env_route_entropy": 0.0, "fpem/env_route_q_max_mean": 0.0, "fpem/hyper_alpha_mean": 0.0, "fpem/hyper_delta_norm": 0.0, "fpem/hyper_route_proto_mode_uniform_warmup": 0.0, "fpem/hyper_route_proto_mode_uniform_fixed": 0.0, "fpem/hyper_route_proto_mode_sinkhorn": 0.0, "fpem/hyper_route_proto_mode_softmax": 0.0, "fpem/fallback_q_mean": 0.0, "fpem/fallback_q_max": 0.0, "fpem/env_q_sum_mean": 1.0, "fpem/oracle_fallback_rate": 0.0, "fpem/route_count_fallback": 0.0, "fpem/env_route_head_mode": 1.0, "fpem/route_entropy_mean": 0.0, "fpem/route_mean_distribution_entropy": 0.0, "fpem/effective_expert_number": 1.0, "fpem/max_expert_usage_ratio": 0.0, "fpem/min_expert_usage_ratio": 0.0, "fpem/prototype_pairwise_cosine": 0.0, "fpem/expert_prediction_pairwise_cosine": 0.0, "fpem/expert_collapse_warning": 0.0, "fpem/env_route_target_mode_env_prototype": 0.0, "fpem/env_route_target_mode_hybrid": 0.0, "fpem/env_route_hybrid_alpha": 0.0, "fpem/env_route_train_mode_warmup_risk_sinkhorn": 0.0, "fpem/warmup_risk_stage_warmup": 0.0, "fpem/warmup_risk_stage_soft": 0.0, "fpem/warmup_risk_stage_hard": 0.0, "fpem/warmup_risk_selected_loss": 0.0, "fpem/warmup_risk_uniform_common_loss": 0.0, "fpem/warmup_risk_lambda_common": 0.0, "fpem/warmup_risk_total_common_term": 0.0, "fpem/warmup_risk_temperature": 0.0, "fpem/warmup_risk_temperature_progress": 0.0, "fpem/uniform_expert_mae": 0.0, "fpem/risk_routed_mae": 0.0, "fpem/risk_prediction_mae": 0.0, "fpem/risk_loss": 0.0, "fpem/risk_ranking_loss": 0.0, "fpem/risk_ranking_accuracy": 0.0, "fpem/risk_oracle_argmin_accuracy": 0.0, "fpem/risk_router_temperature": 0.0, "fpem/risk_router_lambda": 0.0, "fpem/risk_router_pairwise_lambda": 0.0, "fpem/env_route_train_mode_progressive_gmm_environment": 0.0, "fpem/top_level_prediction_source_progressive_gmm_teacher_hard": 0.0, "fpem/progressive_assignment_uses_target_or_prediction_error": 0.0, "fpem/progressive_partition_ready": 0.0, "fpem/progressive_selected_k": 0.0, "fpem/progressive_active_expert_count": 0.0, "fpem/progressive_last_partition_epoch": 0.0, "fpem/progressive_lambda_common": 0.0, "fpem/progressive_common_term": 0.0, "fpem/progressive_compactness_loss": 0.0, "fpem/progressive_consistency_loss": 0.0, "fpem/progressive_cluster_entropy": 0.0, "fpem/progressive_assignment_change_ratio": 0.0, "fpem/progressive_hungarian_overlap_score": 0.0, "fpem/progressive_partition_update_time_sec": 0.0, "fpem/progressive_routed_mae": 0.0, "fpem/progressive_gmm_environment_total_replaces_primary": 0.0, "fpem/env_route_count_head_0": 16.0, "fpem/env_route_oracle_count_head_0": 16.0, "fpem/route_count_env_head_0": 16.0, "fpem/route_soft_mean_expert_0": 1.0, "fpem/route_hard_count_expert_0": 16.0, "fpem/hard_count_expert_0": 16.0, "fpem/sinkhorn_soft_col_mass_expert_0": 0.0, "fpem/progressive_active_expert_0": 0.0, "fpem/progressive_cluster_size_0": 0.0, "fpem/progressive_cluster_ratio_0": 0.0, "fpem/progressive_cluster_to_expert_0": 0.0, "fpem/progressive_bic_k1": 0.0, "fpem/progressive_bic_score_k1": 0.0, "fpem/progressive_bic_rejected_k1": 0.0, "fpem/hyper_alpha_head_0": 0.0, "fpem/hyper_gamma_norm_head_0": 0.0, "fpem/hyper_beta_norm_head_0": 0.0, "fpem/expert_cross_mae_group_0_expert_0": 9.39784544081915, "fpem/load_expert_loss": 9.39784544081915, "fpem/counterfactual_risk_router_loss": 1.6060129733312698, "fpem/counterfactual_risk_regression_loss": 1.2366130309445518, "fpem/counterfactual_risk_ranking_loss": 0.7387998853410993, "fpem/load_level_assignment_detached": 1.0, "fpem/load_level_count_0": 1680.0, "fpem/load_level_ratio_0": 1.0, "fpem/expert_0_global_loss": 9.39784544081915, "fpem/expert_0_selected_loss": 9.39784544081915, "fpem/counterfactual_risk_stage2_active": 1.0, "fpem/counterfactual_risk_stage2_start_epoch": 20.0, "fpem/counterfactual_risk_all_environment_mae": 9.39784544081915, "fpem/counterfactual_risk_all_invariant_mae": 9.662237480708532, "fpem/counterfactual_risk_routed_mae": 9.50515657606579, "fpem/counterfactual_risk_oracle_mae": 9.357372283935547, "fpem/counterfactual_risk_router_accuracy": 0.5589285714285714, "fpem/counterfactual_risk_router_balanced_accuracy": 0.5066229403018951, "fpem/counterfactual_risk_inv_route_ratio": 0.4, "fpem/counterfactual_risk_env_route_ratio": 0.6, "fpem/counterfactual_risk_inv_switch_precision": 0.19689408781982604, "fpem/counterfactual_risk_correct_inv_switches": 1.3047619047619048, "fpem/counterfactual_risk_harmful_inv_switches": 5.095238095238095, "fpem/counterfactual_risk_saved_loss": 0.014784997701644898, "fpem/counterfactual_risk_added_loss": 0.1220961142153967, "fpem/counterfactual_risk_net_gain": -0.10731113524664015, "fpem/counterfactual_risk_regret": 0.14778429213024322, "fpem/counterfactual_risk_oracle_gap_closed": -6562.481719257665, "fpem/counterfactual_risk_delta_mean": -0.2643920498234885, "fpem/counterfactual_risk_target_inv_ratio": 0.20416666666666666, "fpem/counterfactual_risk_weight_env_sum": 8.304761872972762, "fpem/counterfactual_risk_weight_inv_sum": 7.695238054366339, "fpem/counterfactual_risk_prediction_is_hard_route": 1.0, "fpem/counterfactual_risk_prediction_is_soft_fusion": 0.0, "fpem/counterfactual_risk_target_detached": 1.0, "fpem/counterfactual_risk_uses_threshold": 0.0, "fpem/counterfactual_risk_all_samples_used_for_router": 1.0, "fpem/hard_router_predicted_env_ratio": 0.6, "fpem/hard_router_effective_env_ratio": 1.0, "fpem/hard_router_target_env_ratio": 0.7958333333333333, "fpem/hard_router_gain_mean": -0.2643920498234885, "fpem/expert_prediction_pairwise_difference": 0.0, "fpem/delta_pairwise_cosine": 0.0, "fpem/delta_pairwise_l1": 0.0, "fpem/delta_pairwise_l2": 0.0, "fpem/expert_0_parameter_norm": 14.887673377990723, "fpem/hard_binary_router_enabled": 0.0, "fpem/hard_router_uses_target_in_forward": 0.0, "fpem/stored_future_c_loaded": 0.0, "fpem/prediction_is_weighted_complete_fusion": 0.0, "fpem/prediction_is_hard_route": 1.0, "fpem/conservative_inv_override_enabled": 0.0, "fpem/conservative_router_features_detached": 1.0, "fpem/counterfactual_risk_router_enabled": 1.0, "fpem/counterfactual_risk_stage2_active_forward": 1.0, "fpem/counterfactual_risk_deploy_route_active": 0.0, "fpem/counterfactual_risk_training_uses_route": 0.0, "fpem/counterfactual_risk_forward_uses_threshold": 0.0, "fpem/future_mi_loss": 0.0, "fpem/future_mi_valid": 0.0, "fpem/future_mi_logvar_mean": 0.0, "fpem/future_mi_target_mode_env_encoder": 0.0, "fpem/swap_loss": 0.0, "fpem/swap_diff_loss": 0.0, "fpem/swap_same_loss": 0.0, "fpem/swap_gain_mean": 0.0, "fpem/swap_s_gain_mean": 0.0, "fpem/swap_fallback_router_loss": 0.0, "fpem/swap_fallback_q_mean": 0.0, "fpem/swap_prediction_delta": 0.0, "fpem/swap_route_delta": 0.0, "fpem/swap_hyper_alpha_delta": 0.0, "fpem/swap_hyper_delta_norm": 0.0, "fpem/loss_env_day": 0.0, "fpem/loss_env_hour": 0.0, "fpem/loss_env_rush": 0.0, "fpem/env_day_acc": 0.0, "fpem/env_hour_acc": 0.0, "fpem/env_rush_acc": 0.0, "fpem/loss_env_supcon": 0.0, "fpem/env_supcon_valid_pairs": 0.0, "fpem/loss_inv_env_adv": 0.0, "fpem/inv_day_acc": 0.0, "fpem/inv_hour_acc": 0.0, "fpem/inv_rush_acc": 0.0, "fpem/loss_cross_cov_sep": 0.0, "fpem/confounder_dep_enabled": 0.0, "fpem/confounder_dep_mode_gci": 1.0, "fpem/confounder_dep_mode_scd": 0.0, "fpem/confounder_dep_mode_both": 0.0, "fpem/confounder_dep_total": 0.0, "fpem/loss_gci": 0.0, "fpem/loss_gci_drop": 0.0, "fpem/loss_gci_keep": 0.0, "fpem/loss_gci_graph_align": 0.0, "fpem/loss_scd": 0.0, "fpem/loss_conf_kl": 0.0, "fpem/effective_gci_weight": 0.0, "fpem/effective_gci_graph_align_weight": 0.0, "fpem/effective_scd_weight": 0.0, "fpem/effective_conf_kl_weight": 0.0, "fpem/confounder_dep_ramp_factor": 0.0, "fpem/C_mean": 0.0, "fpem/C_std": 0.0, "fpem/C_norm": 0.0, "fpem/confounder_token_norm": 0.0, "fpem/confounder_variational": 0.0, "fpem/confounder_projection_trace": 0.0, "fpem/confounder_projection_ridge": 0.0, "fpem/confounder_projection_rank_dim": 0.0, "fpem/confounder_projection_calls": 0.0, "fpem/confounder_dep_detach_target": 0.0, "fpem/gci_nonedge_mass_before_C": 0.0, "fpem/gci_nonedge_mass_after_C": 0.0, "fpem/gci_nonedge_mass_reduction": 0.0, "fpem/gci_relative_violation": 0.0, "fpem/gci_edge_before_C": 0.0, "fpem/gci_edge_after_C": 0.0, "fpem/gci_nonedge_conn_before_C": 0.0, "fpem/gci_nonedge_conn_after_C": 0.0, "fpem/gci_nonedge_conn_reduction": 0.0, "fpem/gci_edge_conn_before_C": 0.0, "fpem/gci_edge_conn_after_C": 0.0, "fpem/gci_edge_conn_reduction": 0.0, "fpem/gci_nonedge_dep_before_C": 0.0, "fpem/gci_nonedge_dep_after_C": 0.0, "fpem/gci_nonedge_dep_reduction": 0.0, "fpem/gci_edge_dep_before_C": 0.0, "fpem/gci_edge_dep_after_C": 0.0, "fpem/gci_nonedge_count": 0.0, "fpem/gci_edge_count": 0.0, "fpem/gci_node_count": 0.0, "fpem/gci_node_vector_dim": 0.0, "fpem/gci_graph_embed_dim": 0.0, "fpem/gci_graph_embedding_norm_before": 0.0, "fpem/gci_graph_embedding_norm_after": 0.0, "fpem/gci_graph_embedding_std_before": 0.0, "fpem/gci_graph_embedding_std_after": 0.0, "fpem/gci_graph_adj_mean_before": 0.0, "fpem/gci_graph_adj_mean_after": 0.0, "fpem/gci_graph_adj_std_before": 0.0, "fpem/gci_graph_adj_std_after": 0.0, "fpem/gci_graph_align_weight": 0.0, "fpem/gci_graph_align_raw_mse": 0.0, "fpem/gci_graph_align_normalized": 0.0, "fpem/gci_edge_preserve_beta": 0.0, "fpem/gci_graph_align_target_available": 0.0, "fpem/gci_target_adj_mean": 0.0, "fpem/gci_target_adj_std": 0.0, "fpem/gci_target_edge_mean": 0.0, "fpem/gci_target_nonedge_mean": 0.0, "fpem/gci_target_diag_mean": 0.0, "fpem/gci_graph_align_updates_agcrn": 0.0, "fpem/gci_updates_graph_linear": 0.0, "fpem/gci_graph_construction_agcrn_softmax": 0.0, "fpem/scd_assoc_before_C": 0.0, "fpem/scd_assoc_after_C": 0.0, "fpem/scd_assoc_reduction": 0.0, "fpem/scd_relative_violation": 0.0, "fpem/sample_assoc_before_C": 0.0, "fpem/sample_assoc_after_C": 0.0, "fpem/sample_assoc_reduction": 0.0, "fpem/sample_dep_before_C": 0.0, "fpem/sample_dep_after_C": 0.0, "fpem/sample_dep_reduction": 0.0, "fpem/scd_batch_size": 0.0, "fpem/scd_sample_vector_dim": 0.0, "fpem/sample_kernel_alignment": 0.0, "fpem/scd_alignment_loss": 0.0, "fpem/load_level_experts_enabled": 1.0, "fpem/load_level_uses_target_or_future_load": 0.0, "fpem/environment_gate_uses_target_in_forward": 0.0, "fpem/load_level_env_residual_scale": 0.0, "fpem/uses_cached_observable_load_prior": 1.0, "fpem/primary_loss": 8.995859028044201, "fpem/inv_pred_loss": 9.218532485053652, "fpem/primary_uses_route": 1.0, "fpem/primary_uses_env_fusion": 0.0, "fpem/backbone_agcrn": 1.0, "fpem/backbone_graphwavenet": 0.0, "fpem/backbone_staeformer": 0.0, "fpem/gc_pred_loss_only": 1.0, "fpem/env_route_head_mode_hyper_proto": 1.0, "fpem/fpem_force_uniform_route": 0.0, "fpem/hard_prediction_sinkhorn_total_replaces_primary": 0.0, "fpem/hard_prediction_environment_sinkhorn_total_replaces_primary": 0.0, "fpem/warmup_risk_sinkhorn_total_replaces_primary": 0.0, "fpem/lambda_club_mi": 0.0}}
EPOCH {"epoch": 24, "train_loss": 1.420292217958541, "val": {"loss": 11.816560533311632, "mae": 11.608593940734863, "mape": 0.17911525070667267}, "test_mixed": {"loss": NaN, "mae": NaN, "mape": NaN}, "test_workday": {"loss": NaN, "mae": NaN, "mape": NaN}, "test_holiday": {"loss": NaN, "mae": NaN, "mape": NaN}, "test_avg_mae": NaN, "best_selection_value": 11.816560533311632, "best_selection_split": "val", "best_selection_metric": "val_loss", "lr": 0.001, "fpem_logs": {"fpem/fpem_env_use_exogenous": 1.0, "fpem/env_exogenous_available": 1.0, "fpem/env_exogenous_time_available": 1.0, "fpem/env_exogenous_load_available": 1.0, "fpem/env_exogenous_feature_dim": 32.0, "fpem/env_exogenous_embedding_norm": 2.481367519923619, "fpem/env_exogenous_load_embedding_norm": 1.645252401488168, "fpem/fpem_env_use_period_context": 1.0, "fpem/env_period_context_available": 1.0, "fpem/env_period_day_available_ratio": 0.9732142857142857, "fpem/env_period_week_available_ratio": 0.8244047619047619, "fpem/env_period_context_feature_dim": 6.0, "fpem/env_period_context_scale": 0.10000000149011612, "fpem/env_period_context_delta_norm": 0.19645331530343918, "fpem/env_period_context_day_diff_norm": 0.16272705225717454, "fpem/env_period_context_week_diff_norm": 0.10188992825292406, "fpem/env_rep_ablation_normal": 1.0, "fpem/env_rep_ablation_zero": 0.0, "fpem/env_rep_ablation_shuffle_batch": 0.0, "fpem/env_rep_ablation_mode_id": 0.0, "fpem/mask_loss": 0.0, "fpem/mask_sparse_loss": 0.0, "fpem/mask_entropy_loss": 0.0, "fpem/mask_mean": 1.0, "fpem/mask_entropy": 0.0, "fpem/mask_active_ratio": 1.0, "fpem/fusion_alpha_mean": 0.0, "fpem/fusion_alpha_std": 0.0, "fpem/fusion_alpha_min": 0.0, "fpem/fusion_alpha_max": 0.0, "fpem/env_route_loss": 1.420292217958541, "fpem/env_route_L_final": 8.995969304584321, "fpem/env_route_L_global": 0.0, "fpem/env_route_L_route_soft": 0.0, "fpem/env_route_L_expert": 9.397857407161167, "fpem/env_route_L_router_oracle": 1.420292217958541, "fpem/env_route_L_balance": 0.0, "fpem/env_route_L_diverse": 0.0, "fpem/env_route_L_proto_align": 0.0, "fpem/env_route_entropy": 0.0, "fpem/env_route_q_max_mean": 0.0, "fpem/hyper_alpha_mean": 0.0, "fpem/hyper_delta_norm": 0.0, "fpem/hyper_route_proto_mode_uniform_warmup": 0.0, "fpem/hyper_route_proto_mode_uniform_fixed": 0.0, "fpem/hyper_route_proto_mode_sinkhorn": 0.0, "fpem/hyper_route_proto_mode_softmax": 0.0, "fpem/fallback_q_mean": 0.0, "fpem/fallback_q_max": 0.0, "fpem/env_q_sum_mean": 1.0, "fpem/oracle_fallback_rate": 0.0, "fpem/route_count_fallback": 0.0, "fpem/env_route_head_mode": 1.0, "fpem/route_entropy_mean": 0.0, "fpem/route_mean_distribution_entropy": 0.0, "fpem/effective_expert_number": 1.0, "fpem/max_expert_usage_ratio": 0.0, "fpem/min_expert_usage_ratio": 0.0, "fpem/prototype_pairwise_cosine": 0.0, "fpem/expert_prediction_pairwise_cosine": 0.0, "fpem/expert_collapse_warning": 0.0, "fpem/env_route_target_mode_env_prototype": 0.0, "fpem/env_route_target_mode_hybrid": 0.0, "fpem/env_route_hybrid_alpha": 0.0, "fpem/env_route_train_mode_warmup_risk_sinkhorn": 0.0, "fpem/warmup_risk_stage_warmup": 0.0, "fpem/warmup_risk_stage_soft": 0.0, "fpem/warmup_risk_stage_hard": 0.0, "fpem/warmup_risk_selected_loss": 0.0, "fpem/warmup_risk_uniform_common_loss": 0.0, "fpem/warmup_risk_lambda_common": 0.0, "fpem/warmup_risk_total_common_term": 0.0, "fpem/warmup_risk_temperature": 0.0, "fpem/warmup_risk_temperature_progress": 0.0, "fpem/uniform_expert_mae": 0.0, "fpem/risk_routed_mae": 0.0, "fpem/risk_prediction_mae": 0.0, "fpem/risk_loss": 0.0, "fpem/risk_ranking_loss": 0.0, "fpem/risk_ranking_accuracy": 0.0, "fpem/risk_oracle_argmin_accuracy": 0.0, "fpem/risk_router_temperature": 0.0, "fpem/risk_router_lambda": 0.0, "fpem/risk_router_pairwise_lambda": 0.0, "fpem/env_route_train_mode_progressive_gmm_environment": 0.0, "fpem/top_level_prediction_source_progressive_gmm_teacher_hard": 0.0, "fpem/progressive_assignment_uses_target_or_prediction_error": 0.0, "fpem/progressive_partition_ready": 0.0, "fpem/progressive_selected_k": 0.0, "fpem/progressive_active_expert_count": 0.0, "fpem/progressive_last_partition_epoch": 0.0, "fpem/progressive_lambda_common": 0.0, "fpem/progressive_common_term": 0.0, "fpem/progressive_compactness_loss": 0.0, "fpem/progressive_consistency_loss": 0.0, "fpem/progressive_cluster_entropy": 0.0, "fpem/progressive_assignment_change_ratio": 0.0, "fpem/progressive_hungarian_overlap_score": 0.0, "fpem/progressive_partition_update_time_sec": 0.0, "fpem/progressive_routed_mae": 0.0, "fpem/progressive_gmm_environment_total_replaces_primary": 0.0, "fpem/env_route_count_head_0": 16.0, "fpem/env_route_oracle_count_head_0": 16.0, "fpem/route_count_env_head_0": 16.0, "fpem/route_soft_mean_expert_0": 1.0, "fpem/route_hard_count_expert_0": 16.0, "fpem/hard_count_expert_0": 16.0, "fpem/sinkhorn_soft_col_mass_expert_0": 0.0, "fpem/progressive_active_expert_0": 0.0, "fpem/progressive_cluster_size_0": 0.0, "fpem/progressive_cluster_ratio_0": 0.0, "fpem/progressive_cluster_to_expert_0": 0.0, "fpem/progressive_bic_k1": 0.0, "fpem/progressive_bic_score_k1": 0.0, "fpem/progressive_bic_rejected_k1": 0.0, "fpem/hyper_alpha_head_0": 0.0, "fpem/hyper_gamma_norm_head_0": 0.0, "fpem/hyper_beta_norm_head_0": 0.0, "fpem/expert_cross_mae_group_0_expert_0": 9.397857407161167, "fpem/load_expert_loss": 9.397857407161167, "fpem/counterfactual_risk_router_loss": 1.420292217958541, "fpem/counterfactual_risk_regression_loss": 1.062793231010437, "fpem/counterfactual_risk_ranking_loss": 0.7149979676519121, "fpem/load_level_assignment_detached": 1.0, "fpem/load_level_count_0": 1680.0, "fpem/load_level_ratio_0": 1.0, "fpem/expert_0_global_loss": 9.397857407161167, "fpem/expert_0_selected_loss": 9.397857407161167, "fpem/counterfactual_risk_stage2_active": 1.0, "fpem/counterfactual_risk_stage2_start_epoch": 20.0, "fpem/counterfactual_risk_all_environment_mae": 9.397857407161167, "fpem/counterfactual_risk_all_invariant_mae": 9.662237507956368, "fpem/counterfactual_risk_routed_mae": 9.497712276095436, "fpem/counterfactual_risk_oracle_mae": 9.357387029557001, "fpem/counterfactual_risk_router_accuracy": 0.5571428571428572, "fpem/counterfactual_risk_router_balanced_accuracy": 0.5109831299100603, "fpem/counterfactual_risk_inv_route_ratio": 0.4160714285714286, "fpem/counterfactual_risk_env_route_ratio": 0.5839285714285715, "fpem/counterfactual_risk_inv_switch_precision": 0.2155357919278599, "fpem/counterfactual_risk_correct_inv_switches": 1.4190476190476191, "fpem/counterfactual_risk_harmful_inv_switches": 5.238095238095238, "fpem/counterfactual_risk_saved_loss": 0.01971092068013691, "fpem/counterfactual_risk_added_loss": 0.11956579514912197, "fpem/counterfactual_risk_net_gain": -0.09985486893426804, "fpem/counterfactual_risk_regret": 0.1403252465384347, "fpem/counterfactual_risk_oracle_gap_closed": -7730.838409696537, "fpem/counterfactual_risk_delta_mean": -0.2643800748246057, "fpem/counterfactual_risk_target_inv_ratio": 0.20416666666666666, "fpem/counterfactual_risk_weight_env_sum": 8.457142761775426, "fpem/counterfactual_risk_weight_inv_sum": 7.542857092902774, "fpem/counterfactual_risk_prediction_is_hard_route": 1.0, "fpem/counterfactual_risk_prediction_is_soft_fusion": 0.0, "fpem/counterfactual_risk_target_detached": 1.0, "fpem/counterfactual_risk_uses_threshold": 0.0, "fpem/counterfactual_risk_all_samples_used_for_router": 1.0, "fpem/hard_router_predicted_env_ratio": 0.5839285714285715, "fpem/hard_router_effective_env_ratio": 1.0, "fpem/hard_router_target_env_ratio": 0.7958333333333333, "fpem/hard_router_gain_mean": -0.2643800748246057, "fpem/expert_prediction_pairwise_difference": 0.0, "fpem/delta_pairwise_cosine": 0.0, "fpem/delta_pairwise_l1": 0.0, "fpem/delta_pairwise_l2": 0.0, "fpem/expert_0_parameter_norm": 14.887673377990723, "fpem/hard_binary_router_enabled": 0.0, "fpem/hard_router_uses_target_in_forward": 0.0, "fpem/stored_future_c_loaded": 0.0, "fpem/prediction_is_weighted_complete_fusion": 0.0, "fpem/prediction_is_hard_route": 1.0, "fpem/conservative_inv_override_enabled": 0.0, "fpem/conservative_router_features_detached": 1.0, "fpem/counterfactual_risk_router_enabled": 1.0, "fpem/counterfactual_risk_stage2_active_forward": 1.0, "fpem/counterfactual_risk_deploy_route_active": 0.0, "fpem/counterfactual_risk_training_uses_route": 0.0, "fpem/counterfactual_risk_forward_uses_threshold": 0.0, "fpem/future_mi_loss": 0.0, "fpem/future_mi_valid": 0.0, "fpem/future_mi_logvar_mean": 0.0, "fpem/future_mi_target_mode_env_encoder": 0.0, "fpem/swap_loss": 0.0, "fpem/swap_diff_loss": 0.0, "fpem/swap_same_loss": 0.0, "fpem/swap_gain_mean": 0.0, "fpem/swap_s_gain_mean": 0.0, "fpem/swap_fallback_router_loss": 0.0, "fpem/swap_fallback_q_mean": 0.0, "fpem/swap_prediction_delta": 0.0, "fpem/swap_route_delta": 0.0, "fpem/swap_hyper_alpha_delta": 0.0, "fpem/swap_hyper_delta_norm": 0.0, "fpem/loss_env_day": 0.0, "fpem/loss_env_hour": 0.0, "fpem/loss_env_rush": 0.0, "fpem/env_day_acc": 0.0, "fpem/env_hour_acc": 0.0, "fpem/env_rush_acc": 0.0, "fpem/loss_env_supcon": 0.0, "fpem/env_supcon_valid_pairs": 0.0, "fpem/loss_inv_env_adv": 0.0, "fpem/inv_day_acc": 0.0, "fpem/inv_hour_acc": 0.0, "fpem/inv_rush_acc": 0.0, "fpem/loss_cross_cov_sep": 0.0, "fpem/confounder_dep_enabled": 0.0, "fpem/confounder_dep_mode_gci": 1.0, "fpem/confounder_dep_mode_scd": 0.0, "fpem/confounder_dep_mode_both": 0.0, "fpem/confounder_dep_total": 0.0, "fpem/loss_gci": 0.0, "fpem/loss_gci_drop": 0.0, "fpem/loss_gci_keep": 0.0, "fpem/loss_gci_graph_align": 0.0, "fpem/loss_scd": 0.0, "fpem/loss_conf_kl": 0.0, "fpem/effective_gci_weight": 0.0, "fpem/effective_gci_graph_align_weight": 0.0, "fpem/effective_scd_weight": 0.0, "fpem/effective_conf_kl_weight": 0.0, "fpem/confounder_dep_ramp_factor": 0.0, "fpem/C_mean": 0.0, "fpem/C_std": 0.0, "fpem/C_norm": 0.0, "fpem/confounder_token_norm": 0.0, "fpem/confounder_variational": 0.0, "fpem/confounder_projection_trace": 0.0, "fpem/confounder_projection_ridge": 0.0, "fpem/confounder_projection_rank_dim": 0.0, "fpem/confounder_projection_calls": 0.0, "fpem/confounder_dep_detach_target": 0.0, "fpem/gci_nonedge_mass_before_C": 0.0, "fpem/gci_nonedge_mass_after_C": 0.0, "fpem/gci_nonedge_mass_reduction": 0.0, "fpem/gci_relative_violation": 0.0, "fpem/gci_edge_before_C": 0.0, "fpem/gci_edge_after_C": 0.0, "fpem/gci_nonedge_conn_before_C": 0.0, "fpem/gci_nonedge_conn_after_C": 0.0, "fpem/gci_nonedge_conn_reduction": 0.0, "fpem/gci_edge_conn_before_C": 0.0, "fpem/gci_edge_conn_after_C": 0.0, "fpem/gci_edge_conn_reduction": 0.0, "fpem/gci_nonedge_dep_before_C": 0.0, "fpem/gci_nonedge_dep_after_C": 0.0, "fpem/gci_nonedge_dep_reduction": 0.0, "fpem/gci_edge_dep_before_C": 0.0, "fpem/gci_edge_dep_after_C": 0.0, "fpem/gci_nonedge_count": 0.0, "fpem/gci_edge_count": 0.0, "fpem/gci_node_count": 0.0, "fpem/gci_node_vector_dim": 0.0, "fpem/gci_graph_embed_dim": 0.0, "fpem/gci_graph_embedding_norm_before": 0.0, "fpem/gci_graph_embedding_norm_after": 0.0, "fpem/gci_graph_embedding_std_before": 0.0, "fpem/gci_graph_embedding_std_after": 0.0, "fpem/gci_graph_adj_mean_before": 0.0, "fpem/gci_graph_adj_mean_after": 0.0, "fpem/gci_graph_adj_std_before": 0.0, "fpem/gci_graph_adj_std_after": 0.0, "fpem/gci_graph_align_weight": 0.0, "fpem/gci_graph_align_raw_mse": 0.0, "fpem/gci_graph_align_normalized": 0.0, "fpem/gci_edge_preserve_beta": 0.0, "fpem/gci_graph_align_target_available": 0.0, "fpem/gci_target_adj_mean": 0.0, "fpem/gci_target_adj_std": 0.0, "fpem/gci_target_edge_mean": 0.0, "fpem/gci_target_nonedge_mean": 0.0, "fpem/gci_target_diag_mean": 0.0, "fpem/gci_graph_align_updates_agcrn": 0.0, "fpem/gci_updates_graph_linear": 0.0, "fpem/gci_graph_construction_agcrn_softmax": 0.0, "fpem/scd_assoc_before_C": 0.0, "fpem/scd_assoc_after_C": 0.0, "fpem/scd_assoc_reduction": 0.0, "fpem/scd_relative_violation": 0.0, "fpem/sample_assoc_before_C": 0.0, "fpem/sample_assoc_after_C": 0.0, "fpem/sample_assoc_reduction": 0.0, "fpem/sample_dep_before_C": 0.0, "fpem/sample_dep_after_C": 0.0, "fpem/sample_dep_reduction": 0.0, "fpem/scd_batch_size": 0.0, "fpem/scd_sample_vector_dim": 0.0, "fpem/sample_kernel_alignment": 0.0, "fpem/scd_alignment_loss": 0.0, "fpem/load_level_experts_enabled": 1.0, "fpem/load_level_uses_target_or_future_load": 0.0, "fpem/environment_gate_uses_target_in_forward": 0.0, "fpem/load_level_env_residual_scale": 0.0, "fpem/uses_cached_observable_load_prior": 1.0, "fpem/primary_loss": 8.995969304584321, "fpem/inv_pred_loss": 9.21808573404948, "fpem/primary_uses_route": 1.0, "fpem/primary_uses_env_fusion": 0.0, "fpem/backbone_agcrn": 1.0, "fpem/backbone_graphwavenet": 0.0, "fpem/backbone_staeformer": 0.0, "fpem/gc_pred_loss_only": 1.0, "fpem/env_route_head_mode_hyper_proto": 1.0, "fpem/fpem_force_uniform_route": 0.0, "fpem/hard_prediction_sinkhorn_total_replaces_primary": 0.0, "fpem/hard_prediction_environment_sinkhorn_total_replaces_primary": 0.0, "fpem/warmup_risk_sinkhorn_total_replaces_primary": 0.0, "fpem/lambda_club_mi": 0.0}}
EPOCH {"epoch": 25, "train_loss": 1.3947897894041879, "val": {"loss": 11.871774488025242, "mae": 11.664328575134277, "mape": 0.18901197612285614}, "test_mixed": {"loss": NaN, "mae": NaN, "mape": NaN}, "test_workday": {"loss": NaN, "mae": NaN, "mape": NaN}, "test_holiday": {"loss": NaN, "mae": NaN, "mape": NaN}, "test_avg_mae": NaN, "best_selection_value": 11.871774488025242, "best_selection_split": "val", "best_selection_metric": "val_loss", "lr": 0.001, "fpem_logs": {"fpem/fpem_env_use_exogenous": 1.0, "fpem/env_exogenous_available": 1.0, "fpem/env_exogenous_time_available": 1.0, "fpem/env_exogenous_load_available": 1.0, "fpem/env_exogenous_feature_dim": 32.0, "fpem/env_exogenous_embedding_norm": 2.4813675312768844, "fpem/env_exogenous_load_embedding_norm": 1.6452523935408818, "fpem/fpem_env_use_period_context": 1.0, "fpem/env_period_context_available": 1.0, "fpem/env_period_day_available_ratio": 0.9732142857142857, "fpem/env_period_week_available_ratio": 0.8244047619047619, "fpem/env_period_context_feature_dim": 6.0, "fpem/env_period_context_scale": 0.10000000149011612, "fpem/env_period_context_delta_norm": 0.19645331431002844, "fpem/env_period_context_day_diff_norm": 0.16272705254100617, "fpem/env_period_context_week_diff_norm": 0.10188992676280793, "fpem/env_rep_ablation_normal": 1.0, "fpem/env_rep_ablation_zero": 0.0, "fpem/env_rep_ablation_shuffle_batch": 0.0, "fpem/env_rep_ablation_mode_id": 0.0, "fpem/mask_loss": 0.0, "fpem/mask_sparse_loss": 0.0, "fpem/mask_entropy_loss": 0.0, "fpem/mask_mean": 1.0, "fpem/mask_entropy": 0.0, "fpem/mask_active_ratio": 1.0, "fpem/fusion_alpha_mean": 0.0, "fpem/fusion_alpha_std": 0.0, "fpem/fusion_alpha_min": 0.0, "fpem/fusion_alpha_max": 0.0, "fpem/env_route_loss": 1.3947897894041879, "fpem/env_route_L_final": 8.991488860902333, "fpem/env_route_L_global": 0.0, "fpem/env_route_L_route_soft": 0.0, "fpem/env_route_L_expert": 9.397861303601946, "fpem/env_route_L_router_oracle": 1.3947897894041879, "fpem/env_route_L_balance": 0.0, "fpem/env_route_L_diverse": 0.0, "fpem/env_route_L_proto_align": 0.0, "fpem/env_route_entropy": 0.0, "fpem/env_route_q_max_mean": 0.0, "fpem/hyper_alpha_mean": 0.0, "fpem/hyper_delta_norm": 0.0, "fpem/hyper_route_proto_mode_uniform_warmup": 0.0, "fpem/hyper_route_proto_mode_uniform_fixed": 0.0, "fpem/hyper_route_proto_mode_sinkhorn": 0.0, "fpem/hyper_route_proto_mode_softmax": 0.0, "fpem/fallback_q_mean": 0.0, "fpem/fallback_q_max": 0.0, "fpem/env_q_sum_mean": 1.0, "fpem/oracle_fallback_rate": 0.0, "fpem/route_count_fallback": 0.0, "fpem/env_route_head_mode": 1.0, "fpem/route_entropy_mean": 0.0, "fpem/route_mean_distribution_entropy": 0.0, "fpem/effective_expert_number": 1.0, "fpem/max_expert_usage_ratio": 0.0, "fpem/min_expert_usage_ratio": 0.0, "fpem/prototype_pairwise_cosine": 0.0, "fpem/expert_prediction_pairwise_cosine": 0.0, "fpem/expert_collapse_warning": 0.0, "fpem/env_route_target_mode_env_prototype": 0.0, "fpem/env_route_target_mode_hybrid": 0.0, "fpem/env_route_hybrid_alpha": 0.0, "fpem/env_route_train_mode_warmup_risk_sinkhorn": 0.0, "fpem/warmup_risk_stage_warmup": 0.0, "fpem/warmup_risk_stage_soft": 0.0, "fpem/warmup_risk_stage_hard": 0.0, "fpem/warmup_risk_selected_loss": 0.0, "fpem/warmup_risk_uniform_common_loss": 0.0, "fpem/warmup_risk_lambda_common": 0.0, "fpem/warmup_risk_total_common_term": 0.0, "fpem/warmup_risk_temperature": 0.0, "fpem/warmup_risk_temperature_progress": 0.0, "fpem/uniform_expert_mae": 0.0, "fpem/risk_routed_mae": 0.0, "fpem/risk_prediction_mae": 0.0, "fpem/risk_loss": 0.0, "fpem/risk_ranking_loss": 0.0, "fpem/risk_ranking_accuracy": 0.0, "fpem/risk_oracle_argmin_accuracy": 0.0, "fpem/risk_router_temperature": 0.0, "fpem/risk_router_lambda": 0.0, "fpem/risk_router_pairwise_lambda": 0.0, "fpem/env_route_train_mode_progressive_gmm_environment": 0.0, "fpem/top_level_prediction_source_progressive_gmm_teacher_hard": 0.0, "fpem/progressive_assignment_uses_target_or_prediction_error": 0.0, "fpem/progressive_partition_ready": 0.0, "fpem/progressive_selected_k": 0.0, "fpem/progressive_active_expert_count": 0.0, "fpem/progressive_last_partition_epoch": 0.0, "fpem/progressive_lambda_common": 0.0, "fpem/progressive_common_term": 0.0, "fpem/progressive_compactness_loss": 0.0, "fpem/progressive_consistency_loss": 0.0, "fpem/progressive_cluster_entropy": 0.0, "fpem/progressive_assignment_change_ratio": 0.0, "fpem/progressive_hungarian_overlap_score": 0.0, "fpem/progressive_partition_update_time_sec": 0.0, "fpem/progressive_routed_mae": 0.0, "fpem/progressive_gmm_environment_total_replaces_primary": 0.0, "fpem/env_route_count_head_0": 16.0, "fpem/env_route_oracle_count_head_0": 16.0, "fpem/route_count_env_head_0": 16.0, "fpem/route_soft_mean_expert_0": 1.0, "fpem/route_hard_count_expert_0": 16.0, "fpem/hard_count_expert_0": 16.0, "fpem/sinkhorn_soft_col_mass_expert_0": 0.0, "fpem/progressive_active_expert_0": 0.0, "fpem/progressive_cluster_size_0": 0.0, "fpem/progressive_cluster_ratio_0": 0.0, "fpem/progressive_cluster_to_expert_0": 0.0, "fpem/progressive_bic_k1": 0.0, "fpem/progressive_bic_score_k1": 0.0, "fpem/progressive_bic_rejected_k1": 0.0, "fpem/hyper_alpha_head_0": 0.0, "fpem/hyper_gamma_norm_head_0": 0.0, "fpem/hyper_beta_norm_head_0": 0.0, "fpem/expert_cross_mae_group_0_expert_0": 9.397861303601946, "fpem/load_expert_loss": 9.397861303601946, "fpem/counterfactual_risk_router_loss": 1.3947897894041879, "fpem/counterfactual_risk_regression_loss": 1.0351247327668327, "fpem/counterfactual_risk_ranking_loss": 0.719330115261532, "fpem/load_level_assignment_detached": 1.0, "fpem/load_level_count_0": 1680.0, "fpem/load_level_ratio_0": 1.0, "fpem/expert_0_global_loss": 9.397861303601946, "fpem/expert_0_selected_loss": 9.397861303601946, "fpem/counterfactual_risk_stage2_active": 1.0, "fpem/counterfactual_risk_stage2_start_epoch": 20.0, "fpem/counterfactual_risk_all_environment_mae": 9.397861303601946, "fpem/counterfactual_risk_all_invariant_mae": 9.662237526121594, "fpem/counterfactual_risk_routed_mae": 9.497464665912446, "fpem/counterfactual_risk_oracle_mae": 9.357390308380127, "fpem/counterfactual_risk_router_accuracy": 0.5648809523809524, "fpem/counterfactual_risk_router_balanced_accuracy": 0.512793028212729, "fpem/counterfactual_risk_inv_route_ratio": 0.39404761904761904, "fpem/counterfactual_risk_env_route_ratio": 0.6059523809523809, "fpem/counterfactual_risk_inv_switch_precision": 0.21960576815264565, "fpem/counterfactual_risk_correct_inv_switches": 1.3047619047619048, "fpem/counterfactual_risk_harmful_inv_switches": 5.0, "fpem/counterfactual_risk_saved_loss": 0.016239442144121444, "fpem/counterfactual_risk_added_loss": 0.11584286973589943, "fpem/counterfactual_risk_net_gain": -0.09960336231050038, "fpem/counterfactual_risk_regret": 0.14007435753231956, "fpem/counterfactual_risk_oracle_gap_closed": -5389.812716055549, "fpem/counterfactual_risk_delta_mean": -0.2643762123017084, "fpem/counterfactual_risk_target_inv_ratio": 0.20416666666666666, "fpem/counterfactual_risk_weight_env_sum": 8.304761823018392, "fpem/counterfactual_risk_weight_inv_sum": 7.695238027118501, "fpem/counterfactual_risk_prediction_is_hard_route": 1.0, "fpem/counterfactual_risk_prediction_is_soft_fusion": 0.0, "fpem/counterfactual_risk_target_detached": 1.0, "fpem/counterfactual_risk_uses_threshold": 0.0, "fpem/counterfactual_risk_all_samples_used_for_router": 1.0, "fpem/hard_router_predicted_env_ratio": 0.6059523809523809, "fpem/hard_router_effective_env_ratio": 1.0, "fpem/hard_router_target_env_ratio": 0.7958333333333333, "fpem/hard_router_gain_mean": -0.2643762123017084, "fpem/expert_prediction_pairwise_difference": 0.0, "fpem/delta_pairwise_cosine": 0.0, "fpem/delta_pairwise_l1": 0.0, "fpem/delta_pairwise_l2": 0.0, "fpem/expert_0_parameter_norm": 14.887673377990723, "fpem/hard_binary_router_enabled": 0.0, "fpem/hard_router_uses_target_in_forward": 0.0, "fpem/stored_future_c_loaded": 0.0, "fpem/prediction_is_weighted_complete_fusion": 0.0, "fpem/prediction_is_hard_route": 1.0, "fpem/conservative_inv_override_enabled": 0.0, "fpem/conservative_router_features_detached": 1.0, "fpem/counterfactual_risk_router_enabled": 1.0, "fpem/counterfactual_risk_stage2_active_forward": 1.0, "fpem/counterfactual_risk_deploy_route_active": 0.0, "fpem/counterfactual_risk_training_uses_route": 0.0, "fpem/counterfactual_risk_forward_uses_threshold": 0.0, "fpem/future_mi_loss": 0.0, "fpem/future_mi_valid": 0.0, "fpem/future_mi_logvar_mean": 0.0, "fpem/future_mi_target_mode_env_encoder": 0.0, "fpem/swap_loss": 0.0, "fpem/swap_diff_loss": 0.0, "fpem/swap_same_loss": 0.0, "fpem/swap_gain_mean": 0.0, "fpem/swap_s_gain_mean": 0.0, "fpem/swap_fallback_router_loss": 0.0, "fpem/swap_fallback_q_mean": 0.0, "fpem/swap_prediction_delta": 0.0, "fpem/swap_route_delta": 0.0, "fpem/swap_hyper_alpha_delta": 0.0, "fpem/swap_hyper_delta_norm": 0.0, "fpem/loss_env_day": 0.0, "fpem/loss_env_hour": 0.0, "fpem/loss_env_rush": 0.0, "fpem/env_day_acc": 0.0, "fpem/env_hour_acc": 0.0, "fpem/env_rush_acc": 0.0, "fpem/loss_env_supcon": 0.0, "fpem/env_supcon_valid_pairs": 0.0, "fpem/loss_inv_env_adv": 0.0, "fpem/inv_day_acc": 0.0, "fpem/inv_hour_acc": 0.0, "fpem/inv_rush_acc": 0.0, "fpem/loss_cross_cov_sep": 0.0, "fpem/confounder_dep_enabled": 0.0, "fpem/confounder_dep_mode_gci": 1.0, "fpem/confounder_dep_mode_scd": 0.0, "fpem/confounder_dep_mode_both": 0.0, "fpem/confounder_dep_total": 0.0, "fpem/loss_gci": 0.0, "fpem/loss_gci_drop": 0.0, "fpem/loss_gci_keep": 0.0, "fpem/loss_gci_graph_align": 0.0, "fpem/loss_scd": 0.0, "fpem/loss_conf_kl": 0.0, "fpem/effective_gci_weight": 0.0, "fpem/effective_gci_graph_align_weight": 0.0, "fpem/effective_scd_weight": 0.0, "fpem/effective_conf_kl_weight": 0.0, "fpem/confounder_dep_ramp_factor": 0.0, "fpem/C_mean": 0.0, "fpem/C_std": 0.0, "fpem/C_norm": 0.0, "fpem/confounder_token_norm": 0.0, "fpem/confounder_variational": 0.0, "fpem/confounder_projection_trace": 0.0, "fpem/confounder_projection_ridge": 0.0, "fpem/confounder_projection_rank_dim": 0.0, "fpem/confounder_projection_calls": 0.0, "fpem/confounder_dep_detach_target": 0.0, "fpem/gci_nonedge_mass_before_C": 0.0, "fpem/gci_nonedge_mass_after_C": 0.0, "fpem/gci_nonedge_mass_reduction": 0.0, "fpem/gci_relative_violation": 0.0, "fpem/gci_edge_before_C": 0.0, "fpem/gci_edge_after_C": 0.0, "fpem/gci_nonedge_conn_before_C": 0.0, "fpem/gci_nonedge_conn_after_C": 0.0, "fpem/gci_nonedge_conn_reduction": 0.0, "fpem/gci_edge_conn_before_C": 0.0, "fpem/gci_edge_conn_after_C": 0.0, "fpem/gci_edge_conn_reduction": 0.0, "fpem/gci_nonedge_dep_before_C": 0.0, "fpem/gci_nonedge_dep_after_C": 0.0, "fpem/gci_nonedge_dep_reduction": 0.0, "fpem/gci_edge_dep_before_C": 0.0, "fpem/gci_edge_dep_after_C": 0.0, "fpem/gci_nonedge_count": 0.0, "fpem/gci_edge_count": 0.0, "fpem/gci_node_count": 0.0, "fpem/gci_node_vector_dim": 0.0, "fpem/gci_graph_embed_dim": 0.0, "fpem/gci_graph_embedding_norm_before": 0.0, "fpem/gci_graph_embedding_norm_after": 0.0, "fpem/gci_graph_embedding_std_before": 0.0, "fpem/gci_graph_embedding_std_after": 0.0, "fpem/gci_graph_adj_mean_before": 0.0, "fpem/gci_graph_adj_mean_after": 0.0, "fpem/gci_graph_adj_std_before": 0.0, "fpem/gci_graph_adj_std_after": 0.0, "fpem/gci_graph_align_weight": 0.0, "fpem/gci_graph_align_raw_mse": 0.0, "fpem/gci_graph_align_normalized": 0.0, "fpem/gci_edge_preserve_beta": 0.0, "fpem/gci_graph_align_target_available": 0.0, "fpem/gci_target_adj_mean": 0.0, "fpem/gci_target_adj_std": 0.0, "fpem/gci_target_edge_mean": 0.0, "fpem/gci_target_nonedge_mean": 0.0, "fpem/gci_target_diag_mean": 0.0, "fpem/gci_graph_align_updates_agcrn": 0.0, "fpem/gci_updates_graph_linear": 0.0, "fpem/gci_graph_construction_agcrn_softmax": 0.0, "fpem/scd_assoc_before_C": 0.0, "fpem/scd_assoc_after_C": 0.0, "fpem/scd_assoc_reduction": 0.0, "fpem/scd_relative_violation": 0.0, "fpem/sample_assoc_before_C": 0.0, "fpem/sample_assoc_after_C": 0.0, "fpem/sample_assoc_reduction": 0.0, "fpem/sample_dep_before_C": 0.0, "fpem/sample_dep_after_C": 0.0, "fpem/sample_dep_reduction": 0.0, "fpem/scd_batch_size": 0.0, "fpem/scd_sample_vector_dim": 0.0, "fpem/sample_kernel_alignment": 0.0, "fpem/scd_alignment_loss": 0.0, "fpem/load_level_experts_enabled": 1.0, "fpem/load_level_uses_target_or_future_load": 0.0, "fpem/environment_gate_uses_target_in_forward": 0.0, "fpem/load_level_env_residual_scale": 0.0, "fpem/uses_cached_observable_load_prior": 1.0, "fpem/primary_loss": 8.991488860902333, "fpem/inv_pred_loss": 9.214749608721052, "fpem/primary_uses_route": 1.0, "fpem/primary_uses_env_fusion": 0.0, "fpem/backbone_agcrn": 1.0, "fpem/backbone_graphwavenet": 0.0, "fpem/backbone_staeformer": 0.0, "fpem/gc_pred_loss_only": 1.0, "fpem/env_route_head_mode_hyper_proto": 1.0, "fpem/fpem_force_uniform_route": 0.0, "fpem/hard_prediction_sinkhorn_total_replaces_primary": 0.0, "fpem/hard_prediction_environment_sinkhorn_total_replaces_primary": 0.0, "fpem/warmup_risk_sinkhorn_total_replaces_primary": 0.0, "fpem/lambda_club_mi": 0.0}}
EPOCH {"epoch": 26, "train_loss": 1.4588518517357962, "val": {"loss": 11.837947951422798, "mae": 11.635321617126465, "mape": 0.1839173138141632}, "test_mixed": {"loss": NaN, "mae": NaN, "mape": NaN}, "test_workday": {"loss": NaN, "mae": NaN, "mape": NaN}, "test_holiday": {"loss": NaN, "mae": NaN, "mape": NaN}, "test_avg_mae": NaN, "best_selection_value": 11.837947951422798, "best_selection_split": "val", "best_selection_metric": "val_loss", "lr": 0.001, "fpem_logs": {"fpem/fpem_env_use_exogenous": 1.0, "fpem/env_exogenous_available": 1.0, "fpem/env_exogenous_time_available": 1.0, "fpem/env_exogenous_load_available": 1.0, "fpem/env_exogenous_feature_dim": 32.0, "fpem/env_exogenous_embedding_norm": 2.4813675471714567, "fpem/env_exogenous_load_embedding_norm": 1.6452523855935959, "fpem/fpem_env_use_period_context": 1.0, "fpem/env_period_context_available": 1.0, "fpem/env_period_day_available_ratio": 0.9732142857142857, "fpem/env_period_week_available_ratio": 0.8244047619047619, "fpem/env_period_context_feature_dim": 6.0, "fpem/env_period_context_scale": 0.10000000149011612, "fpem/env_period_context_delta_norm": 0.19645331587110246, "fpem/env_period_context_day_diff_norm": 0.1627270533925011, "fpem/env_period_context_week_diff_norm": 0.10188992708211854, "fpem/env_rep_ablation_normal": 1.0, "fpem/env_rep_ablation_zero": 0.0, "fpem/env_rep_ablation_shuffle_batch": 0.0, "fpem/env_rep_ablation_mode_id": 0.0, "fpem/mask_loss": 0.0, "fpem/mask_sparse_loss": 0.0, "fpem/mask_entropy_loss": 0.0, "fpem/mask_mean": 1.0, "fpem/mask_entropy": 0.0, "fpem/mask_active_ratio": 1.0, "fpem/fusion_alpha_mean": 0.0, "fpem/fusion_alpha_std": 0.0, "fpem/fusion_alpha_min": 0.0, "fpem/fusion_alpha_max": 0.0, "fpem/env_route_loss": 1.4588518517357962, "fpem/env_route_L_final": 8.998288181849889, "fpem/env_route_L_global": 0.0, "fpem/env_route_L_route_soft": 0.0, "fpem/env_route_L_expert": 9.397869069235666, "fpem/env_route_L_router_oracle": 1.4588518517357962, "fpem/env_route_L_balance": 0.0, "fpem/env_route_L_diverse": 0.0, "fpem/env_route_L_proto_align": 0.0, "fpem/env_route_entropy": 0.0, "fpem/env_route_q_max_mean": 0.0, "fpem/hyper_alpha_mean": 0.0, "fpem/hyper_delta_norm": 0.0, "fpem/hyper_route_proto_mode_uniform_warmup": 0.0, "fpem/hyper_route_proto_mode_uniform_fixed": 0.0, "fpem/hyper_route_proto_mode_sinkhorn": 0.0, "fpem/hyper_route_proto_mode_softmax": 0.0, "fpem/fallback_q_mean": 0.0, "fpem/fallback_q_max": 0.0, "fpem/env_q_sum_mean": 1.0, "fpem/oracle_fallback_rate": 0.0, "fpem/route_count_fallback": 0.0, "fpem/env_route_head_mode": 1.0, "fpem/route_entropy_mean": 0.0, "fpem/route_mean_distribution_entropy": 0.0, "fpem/effective_expert_number": 1.0, "fpem/max_expert_usage_ratio": 0.0, "fpem/min_expert_usage_ratio": 0.0, "fpem/prototype_pairwise_cosine": 0.0, "fpem/expert_prediction_pairwise_cosine": 0.0, "fpem/expert_collapse_warning": 0.0, "fpem/env_route_target_mode_env_prototype": 0.0, "fpem/env_route_target_mode_hybrid": 0.0, "fpem/env_route_hybrid_alpha": 0.0, "fpem/env_route_train_mode_warmup_risk_sinkhorn": 0.0, "fpem/warmup_risk_stage_warmup": 0.0, "fpem/warmup_risk_stage_soft": 0.0, "fpem/warmup_risk_stage_hard": 0.0, "fpem/warmup_risk_selected_loss": 0.0, "fpem/warmup_risk_uniform_common_loss": 0.0, "fpem/warmup_risk_lambda_common": 0.0, "fpem/warmup_risk_total_common_term": 0.0, "fpem/warmup_risk_temperature": 0.0, "fpem/warmup_risk_temperature_progress": 0.0, "fpem/uniform_expert_mae": 0.0, "fpem/risk_routed_mae": 0.0, "fpem/risk_prediction_mae": 0.0, "fpem/risk_loss": 0.0, "fpem/risk_ranking_loss": 0.0, "fpem/risk_ranking_accuracy": 0.0, "fpem/risk_oracle_argmin_accuracy": 0.0, "fpem/risk_router_temperature": 0.0, "fpem/risk_router_lambda": 0.0, "fpem/risk_router_pairwise_lambda": 0.0, "fpem/env_route_train_mode_progressive_gmm_environment": 0.0, "fpem/top_level_prediction_source_progressive_gmm_teacher_hard": 0.0, "fpem/progressive_assignment_uses_target_or_prediction_error": 0.0, "fpem/progressive_partition_ready": 0.0, "fpem/progressive_selected_k": 0.0, "fpem/progressive_active_expert_count": 0.0, "fpem/progressive_last_partition_epoch": 0.0, "fpem/progressive_lambda_common": 0.0, "fpem/progressive_common_term": 0.0, "fpem/progressive_compactness_loss": 0.0, "fpem/progressive_consistency_loss": 0.0, "fpem/progressive_cluster_entropy": 0.0, "fpem/progressive_assignment_change_ratio": 0.0, "fpem/progressive_hungarian_overlap_score": 0.0, "fpem/progressive_partition_update_time_sec": 0.0, "fpem/progressive_routed_mae": 0.0, "fpem/progressive_gmm_environment_total_replaces_primary": 0.0, "fpem/env_route_count_head_0": 16.0, "fpem/env_route_oracle_count_head_0": 16.0, "fpem/route_count_env_head_0": 16.0, "fpem/route_soft_mean_expert_0": 1.0, "fpem/route_hard_count_expert_0": 16.0, "fpem/hard_count_expert_0": 16.0, "fpem/sinkhorn_soft_col_mass_expert_0": 0.0, "fpem/progressive_active_expert_0": 0.0, "fpem/progressive_cluster_size_0": 0.0, "fpem/progressive_cluster_ratio_0": 0.0, "fpem/progressive_cluster_to_expert_0": 0.0, "fpem/progressive_bic_k1": 0.0, "fpem/progressive_bic_score_k1": 0.0, "fpem/progressive_bic_rejected_k1": 0.0, "fpem/hyper_alpha_head_0": 0.0, "fpem/hyper_gamma_norm_head_0": 0.0, "fpem/hyper_beta_norm_head_0": 0.0, "fpem/expert_cross_mae_group_0_expert_0": 9.397869069235666, "fpem/load_expert_loss": 9.397869069235666, "fpem/counterfactual_risk_router_loss": 1.4588518517357962, "fpem/counterfactual_risk_regression_loss": 1.101542861404873, "fpem/counterfactual_risk_ranking_loss": 0.7146179766882034, "fpem/load_level_assignment_detached": 1.0, "fpem/load_level_count_0": 1680.0, "fpem/load_level_ratio_0": 1.0, "fpem/expert_0_global_loss": 9.397869069235666, "fpem/expert_0_selected_loss": 9.397869069235666, "fpem/counterfactual_risk_stage2_active": 1.0, "fpem/counterfactual_risk_stage2_start_epoch": 20.0, "fpem/counterfactual_risk_all_environment_mae": 9.397869069235666, "fpem/counterfactual_risk_all_invariant_mae": 9.66223742167155, "fpem/counterfactual_risk_routed_mae": 9.503598276774088, "fpem/counterfactual_risk_oracle_mae": 9.357393982296898, "fpem/counterfactual_risk_router_accuracy": 0.5595238095238095, "fpem/counterfactual_risk_router_balanced_accuracy": 0.5172499995856058, "fpem/counterfactual_risk_inv_route_ratio": 0.4113095238095238, "fpem/counterfactual_risk_env_route_ratio": 0.5886904761904762, "fpem/counterfactual_risk_inv_switch_precision": 0.2098642932517188, "fpem/counterfactual_risk_correct_inv_switches": 1.4, "fpem/counterfactual_risk_harmful_inv_switches": 5.180952380952381, "fpem/counterfactual_risk_saved_loss": 0.01659950940381913, "fpem/counterfactual_risk_added_loss": 0.1223286889848255, "fpem/counterfactual_risk_net_gain": -0.10572920753842309, "fpem/counterfactual_risk_regret": 0.1462042944771903, "fpem/counterfactual_risk_oracle_gap_closed": -1842.8319080214992, "fpem/counterfactual_risk_delta_mean": -0.26436843872070315, "fpem/counterfactual_risk_target_inv_ratio": 0.20416666666666666, "fpem/counterfactual_risk_weight_env_sum": 8.15238090696789, "fpem/counterfactual_risk_weight_inv_sum": 7.847618979499454, "fpem/counterfactual_risk_prediction_is_hard_route": 1.0, "fpem/counterfactual_risk_prediction_is_soft_fusion": 0.0, "fpem/counterfactual_risk_target_detached": 1.0, "fpem/counterfactual_risk_uses_threshold": 0.0, "fpem/counterfactual_risk_all_samples_used_for_router": 1.0, "fpem/hard_router_predicted_env_ratio": 0.5886904761904762, "fpem/hard_router_effective_env_ratio": 1.0, "fpem/hard_router_target_env_ratio": 0.7958333333333333, "fpem/hard_router_gain_mean": -0.26436843872070315, "fpem/expert_prediction_pairwise_difference": 0.0, "fpem/delta_pairwise_cosine": 0.0, "fpem/delta_pairwise_l1": 0.0, "fpem/delta_pairwise_l2": 0.0, "fpem/expert_0_parameter_norm": 14.887673377990723, "fpem/hard_binary_router_enabled": 0.0, "fpem/hard_router_uses_target_in_forward": 0.0, "fpem/stored_future_c_loaded": 0.0, "fpem/prediction_is_weighted_complete_fusion": 0.0, "fpem/prediction_is_hard_route": 1.0, "fpem/conservative_inv_override_enabled": 0.0, "fpem/conservative_router_features_detached": 1.0, "fpem/counterfactual_risk_router_enabled": 1.0, "fpem/counterfactual_risk_stage2_active_forward": 1.0, "fpem/counterfactual_risk_deploy_route_active": 0.0, "fpem/counterfactual_risk_training_uses_route": 0.0, "fpem/counterfactual_risk_forward_uses_threshold": 0.0, "fpem/future_mi_loss": 0.0, "fpem/future_mi_valid": 0.0, "fpem/future_mi_logvar_mean": 0.0, "fpem/future_mi_target_mode_env_encoder": 0.0, "fpem/swap_loss": 0.0, "fpem/swap_diff_loss": 0.0, "fpem/swap_same_loss": 0.0, "fpem/swap_gain_mean": 0.0, "fpem/swap_s_gain_mean": 0.0, "fpem/swap_fallback_router_loss": 0.0, "fpem/swap_fallback_q_mean": 0.0, "fpem/swap_prediction_delta": 0.0, "fpem/swap_route_delta": 0.0, "fpem/swap_hyper_alpha_delta": 0.0, "fpem/swap_hyper_delta_norm": 0.0, "fpem/loss_env_day": 0.0, "fpem/loss_env_hour": 0.0, "fpem/loss_env_rush": 0.0, "fpem/env_day_acc": 0.0, "fpem/env_hour_acc": 0.0, "fpem/env_rush_acc": 0.0, "fpem/loss_env_supcon": 0.0, "fpem/env_supcon_valid_pairs": 0.0, "fpem/loss_inv_env_adv": 0.0, "fpem/inv_day_acc": 0.0, "fpem/inv_hour_acc": 0.0, "fpem/inv_rush_acc": 0.0, "fpem/loss_cross_cov_sep": 0.0, "fpem/confounder_dep_enabled": 0.0, "fpem/confounder_dep_mode_gci": 1.0, "fpem/confounder_dep_mode_scd": 0.0, "fpem/confounder_dep_mode_both": 0.0, "fpem/confounder_dep_total": 0.0, "fpem/loss_gci": 0.0, "fpem/loss_gci_drop": 0.0, "fpem/loss_gci_keep": 0.0, "fpem/loss_gci_graph_align": 0.0, "fpem/loss_scd": 0.0, "fpem/loss_conf_kl": 0.0, "fpem/effective_gci_weight": 0.0, "fpem/effective_gci_graph_align_weight": 0.0, "fpem/effective_scd_weight": 0.0, "fpem/effective_conf_kl_weight": 0.0, "fpem/confounder_dep_ramp_factor": 0.0, "fpem/C_mean": 0.0, "fpem/C_std": 0.0, "fpem/C_norm": 0.0, "fpem/confounder_token_norm": 0.0, "fpem/confounder_variational": 0.0, "fpem/confounder_projection_trace": 0.0, "fpem/confounder_projection_ridge": 0.0, "fpem/confounder_projection_rank_dim": 0.0, "fpem/confounder_projection_calls": 0.0, "fpem/confounder_dep_detach_target": 0.0, "fpem/gci_nonedge_mass_before_C": 0.0, "fpem/gci_nonedge_mass_after_C": 0.0, "fpem/gci_nonedge_mass_reduction": 0.0, "fpem/gci_relative_violation": 0.0, "fpem/gci_edge_before_C": 0.0, "fpem/gci_edge_after_C": 0.0, "fpem/gci_nonedge_conn_before_C": 0.0, "fpem/gci_nonedge_conn_after_C": 0.0, "fpem/gci_nonedge_conn_reduction": 0.0, "fpem/gci_edge_conn_before_C": 0.0, "fpem/gci_edge_conn_after_C": 0.0, "fpem/gci_edge_conn_reduction": 0.0, "fpem/gci_nonedge_dep_before_C": 0.0, "fpem/gci_nonedge_dep_after_C": 0.0, "fpem/gci_nonedge_dep_reduction": 0.0, "fpem/gci_edge_dep_before_C": 0.0, "fpem/gci_edge_dep_after_C": 0.0, "fpem/gci_nonedge_count": 0.0, "fpem/gci_edge_count": 0.0, "fpem/gci_node_count": 0.0, "fpem/gci_node_vector_dim": 0.0, "fpem/gci_graph_embed_dim": 0.0, "fpem/gci_graph_embedding_norm_before": 0.0, "fpem/gci_graph_embedding_norm_after": 0.0, "fpem/gci_graph_embedding_std_before": 0.0, "fpem/gci_graph_embedding_std_after": 0.0, "fpem/gci_graph_adj_mean_before": 0.0, "fpem/gci_graph_adj_mean_after": 0.0, "fpem/gci_graph_adj_std_before": 0.0, "fpem/gci_graph_adj_std_after": 0.0, "fpem/gci_graph_align_weight": 0.0, "fpem/gci_graph_align_raw_mse": 0.0, "fpem/gci_graph_align_normalized": 0.0, "fpem/gci_edge_preserve_beta": 0.0, "fpem/gci_graph_align_target_available": 0.0, "fpem/gci_target_adj_mean": 0.0, "fpem/gci_target_adj_std": 0.0, "fpem/gci_target_edge_mean": 0.0, "fpem/gci_target_nonedge_mean": 0.0, "fpem/gci_target_diag_mean": 0.0, "fpem/gci_graph_align_updates_agcrn": 0.0, "fpem/gci_updates_graph_linear": 0.0, "fpem/gci_graph_construction_agcrn_softmax": 0.0, "fpem/scd_assoc_before_C": 0.0, "fpem/scd_assoc_after_C": 0.0, "fpem/scd_assoc_reduction": 0.0, "fpem/scd_relative_violation": 0.0, "fpem/sample_assoc_before_C": 0.0, "fpem/sample_assoc_after_C": 0.0, "fpem/sample_assoc_reduction": 0.0, "fpem/sample_dep_before_C": 0.0, "fpem/sample_dep_after_C": 0.0, "fpem/sample_dep_reduction": 0.0, "fpem/scd_batch_size": 0.0, "fpem/scd_sample_vector_dim": 0.0, "fpem/sample_kernel_alignment": 0.0, "fpem/scd_alignment_loss": 0.0, "fpem/load_level_experts_enabled": 1.0, "fpem/load_level_uses_target_or_future_load": 0.0, "fpem/environment_gate_uses_target_in_forward": 0.0, "fpem/load_level_env_residual_scale": 0.0, "fpem/uses_cached_observable_load_prior": 1.0, "fpem/primary_loss": 8.998288181849889, "fpem/inv_pred_loss": 9.221125652676537, "fpem/primary_uses_route": 1.0, "fpem/primary_uses_env_fusion": 0.0, "fpem/backbone_agcrn": 1.0, "fpem/backbone_graphwavenet": 0.0, "fpem/backbone_staeformer": 0.0, "fpem/gc_pred_loss_only": 1.0, "fpem/env_route_head_mode_hyper_proto": 1.0, "fpem/fpem_force_uniform_route": 0.0, "fpem/hard_prediction_sinkhorn_total_replaces_primary": 0.0, "fpem/hard_prediction_environment_sinkhorn_total_replaces_primary": 0.0, "fpem/warmup_risk_sinkhorn_total_replaces_primary": 0.0, "fpem/lambda_club_mi": 0.0}}
EPOCH {"epoch": 27, "train_loss": 1.3395472384634473, "val": {"loss": 11.816560533311632, "mae": 11.608593940734863, "mape": 0.17911525070667267}, "test_mixed": {"loss": NaN, "mae": NaN, "mape": NaN}, "test_workday": {"loss": NaN, "mae": NaN, "mape": NaN}, "test_holiday": {"loss": NaN, "mae": NaN, "mape": NaN}, "test_avg_mae": NaN, "best_selection_value": 11.816560533311632, "best_selection_split": "val", "best_selection_metric": "val_loss", "lr": 0.001, "fpem_logs": {"fpem/fpem_env_use_exogenous": 1.0, "fpem/env_exogenous_available": 1.0, "fpem/env_exogenous_time_available": 1.0, "fpem/env_exogenous_load_available": 1.0, "fpem/env_exogenous_feature_dim": 32.0, "fpem/env_exogenous_embedding_norm": 2.4813675290062314, "fpem/env_exogenous_load_embedding_norm": 1.6452524060294742, "fpem/fpem_env_use_period_context": 1.0, "fpem/env_period_context_available": 1.0, "fpem/env_period_day_available_ratio": 0.9732142857142857, "fpem/env_period_week_available_ratio": 0.8244047619047619, "fpem/env_period_context_feature_dim": 6.0, "fpem/env_period_context_scale": 0.10000000149011612, "fpem/env_period_context_delta_norm": 0.19645331530343918, "fpem/env_period_context_day_diff_norm": 0.16272705211525873, "fpem/env_period_context_week_diff_norm": 0.10188992683376585, "fpem/env_rep_ablation_normal": 1.0, "fpem/env_rep_ablation_zero": 0.0, "fpem/env_rep_ablation_shuffle_batch": 0.0, "fpem/env_rep_ablation_mode_id": 0.0, "fpem/mask_loss": 0.0, "fpem/mask_sparse_loss": 0.0, "fpem/mask_entropy_loss": 0.0, "fpem/mask_mean": 1.0, "fpem/mask_entropy": 0.0, "fpem/mask_active_ratio": 1.0, "fpem/fusion_alpha_mean": 0.0, "fpem/fusion_alpha_std": 0.0, "fpem/fusion_alpha_min": 0.0, "fpem/fusion_alpha_max": 0.0, "fpem/env_route_loss": 1.3395472384634473, "fpem/env_route_L_final": 8.989603950863792, "fpem/env_route_L_global": 0.0, "fpem/env_route_L_route_soft": 0.0, "fpem/env_route_L_expert": 9.397842734200614, "fpem/env_route_L_router_oracle": 1.3395472384634473, "fpem/env_route_L_balance": 0.0, "fpem/env_route_L_diverse": 0.0, "fpem/env_route_L_proto_align": 0.0, "fpem/env_route_entropy": 0.0, "fpem/env_route_q_max_mean": 0.0, "fpem/hyper_alpha_mean": 0.0, "fpem/hyper_delta_norm": 0.0, "fpem/hyper_route_proto_mode_uniform_warmup": 0.0, "fpem/hyper_route_proto_mode_uniform_fixed": 0.0, "fpem/hyper_route_proto_mode_sinkhorn": 0.0, "fpem/hyper_route_proto_mode_softmax": 0.0, "fpem/fallback_q_mean": 0.0, "fpem/fallback_q_max": 0.0, "fpem/env_q_sum_mean": 1.0, "fpem/oracle_fallback_rate": 0.0, "fpem/route_count_fallback": 0.0, "fpem/env_route_head_mode": 1.0, "fpem/route_entropy_mean": 0.0, "fpem/route_mean_distribution_entropy": 0.0, "fpem/effective_expert_number": 1.0, "fpem/max_expert_usage_ratio": 0.0, "fpem/min_expert_usage_ratio": 0.0, "fpem/prototype_pairwise_cosine": 0.0, "fpem/expert_prediction_pairwise_cosine": 0.0, "fpem/expert_collapse_warning": 0.0, "fpem/env_route_target_mode_env_prototype": 0.0, "fpem/env_route_target_mode_hybrid": 0.0, "fpem/env_route_hybrid_alpha": 0.0, "fpem/env_route_train_mode_warmup_risk_sinkhorn": 0.0, "fpem/warmup_risk_stage_warmup": 0.0, "fpem/warmup_risk_stage_soft": 0.0, "fpem/warmup_risk_stage_hard": 0.0, "fpem/warmup_risk_selected_loss": 0.0, "fpem/warmup_risk_uniform_common_loss": 0.0, "fpem/warmup_risk_lambda_common": 0.0, "fpem/warmup_risk_total_common_term": 0.0, "fpem/warmup_risk_temperature": 0.0, "fpem/warmup_risk_temperature_progress": 0.0, "fpem/uniform_expert_mae": 0.0, "fpem/risk_routed_mae": 0.0, "fpem/risk_prediction_mae": 0.0, "fpem/risk_loss": 0.0, "fpem/risk_ranking_loss": 0.0, "fpem/risk_ranking_accuracy": 0.0, "fpem/risk_oracle_argmin_accuracy": 0.0, "fpem/risk_router_temperature": 0.0, "fpem/risk_router_lambda": 0.0, "fpem/risk_router_pairwise_lambda": 0.0, "fpem/env_route_train_mode_progressive_gmm_environment": 0.0, "fpem/top_level_prediction_source_progressive_gmm_teacher_hard": 0.0, "fpem/progressive_assignment_uses_target_or_prediction_error": 0.0, "fpem/progressive_partition_ready": 0.0, "fpem/progressive_selected_k": 0.0, "fpem/progressive_active_expert_count": 0.0, "fpem/progressive_last_partition_epoch": 0.0, "fpem/progressive_lambda_common": 0.0, "fpem/progressive_common_term": 0.0, "fpem/progressive_compactness_loss": 0.0, "fpem/progressive_consistency_loss": 0.0, "fpem/progressive_cluster_entropy": 0.0, "fpem/progressive_assignment_change_ratio": 0.0, "fpem/progressive_hungarian_overlap_score": 0.0, "fpem/progressive_partition_update_time_sec": 0.0, "fpem/progressive_routed_mae": 0.0, "fpem/progressive_gmm_environment_total_replaces_primary": 0.0, "fpem/env_route_count_head_0": 16.0, "fpem/env_route_oracle_count_head_0": 16.0, "fpem/route_count_env_head_0": 16.0, "fpem/route_soft_mean_expert_0": 1.0, "fpem/route_hard_count_expert_0": 16.0, "fpem/hard_count_expert_0": 16.0, "fpem/sinkhorn_soft_col_mass_expert_0": 0.0, "fpem/progressive_active_expert_0": 0.0, "fpem/progressive_cluster_size_0": 0.0, "fpem/progressive_cluster_ratio_0": 0.0, "fpem/progressive_cluster_to_expert_0": 0.0, "fpem/progressive_bic_k1": 0.0, "fpem/progressive_bic_score_k1": 0.0, "fpem/progressive_bic_rejected_k1": 0.0, "fpem/hyper_alpha_head_0": 0.0, "fpem/hyper_gamma_norm_head_0": 0.0, "fpem/hyper_beta_norm_head_0": 0.0, "fpem/expert_cross_mae_group_0_expert_0": 9.397842734200614, "fpem/load_expert_loss": 9.397842734200614, "fpem/counterfactual_risk_router_loss": 1.3395472384634473, "fpem/counterfactual_risk_regression_loss": 0.9945867033231826, "fpem/counterfactual_risk_ranking_loss": 0.6899210603464218, "fpem/load_level_assignment_detached": 1.0, "fpem/load_level_count_0": 1680.0, "fpem/load_level_ratio_0": 1.0, "fpem/expert_0_global_loss": 9.397842734200614, "fpem/expert_0_selected_loss": 9.397842734200614, "fpem/counterfactual_risk_stage2_active": 1.0, "fpem/counterfactual_risk_stage2_start_epoch": 20.0, "fpem/counterfactual_risk_all_environment_mae": 9.397842734200614, "fpem/counterfactual_risk_all_invariant_mae": 9.662237417130243, "fpem/counterfactual_risk_routed_mae": 9.488655199323382, "fpem/counterfactual_risk_oracle_mae": 9.357373060498919, "fpem/counterfactual_risk_router_accuracy": 0.5904761904761905, "fpem/counterfactual_risk_router_balanced_accuracy": 0.5389103876692908, "fpem/counterfactual_risk_inv_route_ratio": 0.37797619047619047, "fpem/counterfactual_risk_env_route_ratio": 0.6220238095238095, "fpem/counterfactual_risk_inv_switch_precision": 0.2193003326654434, "fpem/counterfactual_risk_correct_inv_switches": 1.380952380952381, "fpem/counterfactual_risk_harmful_inv_switches": 4.666666666666667, "fpem/counterfactual_risk_saved_loss": 0.017955271402994792, "fpem/counterfactual_risk_added_loss": 0.10876771949586414, "fpem/counterfactual_risk_net_gain": -0.09081246512276786, "fpem/counterfactual_risk_regret": 0.13128213882446288, "fpem/counterfactual_risk_oracle_gap_closed": -1627.069838038069, "fpem/counterfactual_risk_delta_mean": -0.2643947327420825, "fpem/counterfactual_risk_target_inv_ratio": 0.20416666666666666, "fpem/counterfactual_risk_weight_env_sum": 8.228571337745302, "fpem/counterfactual_risk_weight_inv_sum": 7.771428485143752, "fpem/counterfactual_risk_prediction_is_hard_route": 1.0, "fpem/counterfactual_risk_prediction_is_soft_fusion": 0.0, "fpem/counterfactual_risk_target_detached": 1.0, "fpem/counterfactual_risk_uses_threshold": 0.0, "fpem/counterfactual_risk_all_samples_used_for_router": 1.0, "fpem/hard_router_predicted_env_ratio": 0.6220238095238095, "fpem/hard_router_effective_env_ratio": 1.0, "fpem/hard_router_target_env_ratio": 0.7958333333333333, "fpem/hard_router_gain_mean": -0.2643947327420825, "fpem/expert_prediction_pairwise_difference": 0.0, "fpem/delta_pairwise_cosine": 0.0, "fpem/delta_pairwise_l1": 0.0, "fpem/delta_pairwise_l2": 0.0, "fpem/expert_0_parameter_norm": 14.887673377990723, "fpem/hard_binary_router_enabled": 0.0, "fpem/hard_router_uses_target_in_forward": 0.0, "fpem/stored_future_c_loaded": 0.0, "fpem/prediction_is_weighted_complete_fusion": 0.0, "fpem/prediction_is_hard_route": 1.0, "fpem/conservative_inv_override_enabled": 0.0, "fpem/conservative_router_features_detached": 1.0, "fpem/counterfactual_risk_router_enabled": 1.0, "fpem/counterfactual_risk_stage2_active_forward": 1.0, "fpem/counterfactual_risk_deploy_route_active": 0.0, "fpem/counterfactual_risk_training_uses_route": 0.0, "fpem/counterfactual_risk_forward_uses_threshold": 0.0, "fpem/future_mi_loss": 0.0, "fpem/future_mi_valid": 0.0, "fpem/future_mi_logvar_mean": 0.0, "fpem/future_mi_target_mode_env_encoder": 0.0, "fpem/swap_loss": 0.0, "fpem/swap_diff_loss": 0.0, "fpem/swap_same_loss": 0.0, "fpem/swap_gain_mean": 0.0, "fpem/swap_s_gain_mean": 0.0, "fpem/swap_fallback_router_loss": 0.0, "fpem/swap_fallback_q_mean": 0.0, "fpem/swap_prediction_delta": 0.0, "fpem/swap_route_delta": 0.0, "fpem/swap_hyper_alpha_delta": 0.0, "fpem/swap_hyper_delta_norm": 0.0, "fpem/loss_env_day": 0.0, "fpem/loss_env_hour": 0.0, "fpem/loss_env_rush": 0.0, "fpem/env_day_acc": 0.0, "fpem/env_hour_acc": 0.0, "fpem/env_rush_acc": 0.0, "fpem/loss_env_supcon": 0.0, "fpem/env_supcon_valid_pairs": 0.0, "fpem/loss_inv_env_adv": 0.0, "fpem/inv_day_acc": 0.0, "fpem/inv_hour_acc": 0.0, "fpem/inv_rush_acc": 0.0, "fpem/loss_cross_cov_sep": 0.0, "fpem/confounder_dep_enabled": 0.0, "fpem/confounder_dep_mode_gci": 1.0, "fpem/confounder_dep_mode_scd": 0.0, "fpem/confounder_dep_mode_both": 0.0, "fpem/confounder_dep_total": 0.0, "fpem/loss_gci": 0.0, "fpem/loss_gci_drop": 0.0, "fpem/loss_gci_keep": 0.0, "fpem/loss_gci_graph_align": 0.0, "fpem/loss_scd": 0.0, "fpem/loss_conf_kl": 0.0, "fpem/effective_gci_weight": 0.0, "fpem/effective_gci_graph_align_weight": 0.0, "fpem/effective_scd_weight": 0.0, "fpem/effective_conf_kl_weight": 0.0, "fpem/confounder_dep_ramp_factor": 0.0, "fpem/C_mean": 0.0, "fpem/C_std": 0.0, "fpem/C_norm": 0.0, "fpem/confounder_token_norm": 0.0, "fpem/confounder_variational": 0.0, "fpem/confounder_projection_trace": 0.0, "fpem/confounder_projection_ridge": 0.0, "fpem/confounder_projection_rank_dim": 0.0, "fpem/confounder_projection_calls": 0.0, "fpem/confounder_dep_detach_target": 0.0, "fpem/gci_nonedge_mass_before_C": 0.0, "fpem/gci_nonedge_mass_after_C": 0.0, "fpem/gci_nonedge_mass_reduction": 0.0, "fpem/gci_relative_violation": 0.0, "fpem/gci_edge_before_C": 0.0, "fpem/gci_edge_after_C": 0.0, "fpem/gci_nonedge_conn_before_C": 0.0, "fpem/gci_nonedge_conn_after_C": 0.0, "fpem/gci_nonedge_conn_reduction": 0.0, "fpem/gci_edge_conn_before_C": 0.0, "fpem/gci_edge_conn_after_C": 0.0, "fpem/gci_edge_conn_reduction": 0.0, "fpem/gci_nonedge_dep_before_C": 0.0, "fpem/gci_nonedge_dep_after_C": 0.0, "fpem/gci_nonedge_dep_reduction": 0.0, "fpem/gci_edge_dep_before_C": 0.0, "fpem/gci_edge_dep_after_C": 0.0, "fpem/gci_nonedge_count": 0.0, "fpem/gci_edge_count": 0.0, "fpem/gci_node_count": 0.0, "fpem/gci_node_vector_dim": 0.0, "fpem/gci_graph_embed_dim": 0.0, "fpem/gci_graph_embedding_norm_before": 0.0, "fpem/gci_graph_embedding_norm_after": 0.0, "fpem/gci_graph_embedding_std_before": 0.0, "fpem/gci_graph_embedding_std_after": 0.0, "fpem/gci_graph_adj_mean_before": 0.0, "fpem/gci_graph_adj_mean_after": 0.0, "fpem/gci_graph_adj_std_before": 0.0, "fpem/gci_graph_adj_std_after": 0.0, "fpem/gci_graph_align_weight": 0.0, "fpem/gci_graph_align_raw_mse": 0.0, "fpem/gci_graph_align_normalized": 0.0, "fpem/gci_edge_preserve_beta": 0.0, "fpem/gci_graph_align_target_available": 0.0, "fpem/gci_target_adj_mean": 0.0, "fpem/gci_target_adj_std": 0.0, "fpem/gci_target_edge_mean": 0.0, "fpem/gci_target_nonedge_mean": 0.0, "fpem/gci_target_diag_mean": 0.0, "fpem/gci_graph_align_updates_agcrn": 0.0, "fpem/gci_updates_graph_linear": 0.0, "fpem/gci_graph_construction_agcrn_softmax": 0.0, "fpem/scd_assoc_before_C": 0.0, "fpem/scd_assoc_after_C": 0.0, "fpem/scd_assoc_reduction": 0.0, "fpem/scd_relative_violation": 0.0, "fpem/sample_assoc_before_C": 0.0, "fpem/sample_assoc_after_C": 0.0, "fpem/sample_assoc_reduction": 0.0, "fpem/sample_dep_before_C": 0.0, "fpem/sample_dep_after_C": 0.0, "fpem/sample_dep_reduction": 0.0, "fpem/scd_batch_size": 0.0, "fpem/scd_sample_vector_dim": 0.0, "fpem/sample_kernel_alignment": 0.0, "fpem/scd_alignment_loss": 0.0, "fpem/load_level_experts_enabled": 1.0, "fpem/load_level_uses_target_or_future_load": 0.0, "fpem/environment_gate_uses_target_in_forward": 0.0, "fpem/load_level_env_residual_scale": 0.0, "fpem/uses_cached_observable_load_prior": 1.0, "fpem/primary_loss": 8.989603950863792, "fpem/inv_pred_loss": 9.212131255013603, "fpem/primary_uses_route": 1.0, "fpem/primary_uses_env_fusion": 0.0, "fpem/backbone_agcrn": 1.0, "fpem/backbone_graphwavenet": 0.0, "fpem/backbone_staeformer": 0.0, "fpem/gc_pred_loss_only": 1.0, "fpem/env_route_head_mode_hyper_proto": 1.0, "fpem/fpem_force_uniform_route": 0.0, "fpem/hard_prediction_sinkhorn_total_replaces_primary": 0.0, "fpem/hard_prediction_environment_sinkhorn_total_replaces_primary": 0.0, "fpem/warmup_risk_sinkhorn_total_replaces_primary": 0.0, "fpem/lambda_club_mi": 0.0}}
EPOCH {"epoch": 28, "train_loss": 1.3807780441783724, "val": {"loss": 11.86137596766154, "mae": 11.653993606567383, "mape": 0.18678922951221466}, "test_mixed": {"loss": NaN, "mae": NaN, "mape": NaN}, "test_workday": {"loss": NaN, "mae": NaN, "mape": NaN}, "test_holiday": {"loss": NaN, "mae": NaN, "mape": NaN}, "test_avg_mae": NaN, "best_selection_value": 11.86137596766154, "best_selection_split": "val", "best_selection_metric": "val_loss", "lr": 0.001, "fpem_logs": {"fpem/fpem_env_use_exogenous": 1.0, "fpem/env_exogenous_available": 1.0, "fpem/env_exogenous_time_available": 1.0, "fpem/env_exogenous_load_available": 1.0, "fpem/env_exogenous_feature_dim": 32.0, "fpem/env_exogenous_embedding_norm": 2.481367519923619, "fpem/env_exogenous_load_embedding_norm": 1.6452524026234945, "fpem/fpem_env_use_period_context": 1.0, "fpem/env_period_context_available": 1.0, "fpem/env_period_day_available_ratio": 0.9732142857142857, "fpem/env_period_week_available_ratio": 0.8244047619047619, "fpem/env_period_context_feature_dim": 6.0, "fpem/env_period_context_scale": 0.10000000149011612, "fpem/env_period_context_delta_norm": 0.19645331516152337, "fpem/env_period_context_day_diff_norm": 0.16272705225717454, "fpem/env_period_context_week_diff_norm": 0.10188992722403435, "fpem/env_rep_ablation_normal": 1.0, "fpem/env_rep_ablation_zero": 0.0, "fpem/env_rep_ablation_shuffle_batch": 0.0, "fpem/env_rep_ablation_mode_id": 0.0, "fpem/mask_loss": 0.0, "fpem/mask_sparse_loss": 0.0, "fpem/mask_entropy_loss": 0.0, "fpem/mask_mean": 1.0, "fpem/mask_entropy": 0.0, "fpem/mask_active_ratio": 1.0, "fpem/fusion_alpha_mean": 0.0, "fpem/fusion_alpha_std": 0.0, "fpem/fusion_alpha_min": 0.0, "fpem/fusion_alpha_max": 0.0, "fpem/env_route_loss": 1.3807780441783724, "fpem/env_route_L_final": 8.994156038193475, "fpem/env_route_L_global": 0.0, "fpem/env_route_L_route_soft": 0.0, "fpem/env_route_L_expert": 9.397853665124803, "fpem/env_route_L_router_oracle": 1.3807780441783724, "fpem/env_route_L_balance": 0.0, "fpem/env_route_L_diverse": 0.0, "fpem/env_route_L_proto_align": 0.0, "fpem/env_route_entropy": 0.0, "fpem/env_route_q_max_mean": 0.0, "fpem/hyper_alpha_mean": 0.0, "fpem/hyper_delta_norm": 0.0, "fpem/hyper_route_proto_mode_uniform_warmup": 0.0, "fpem/hyper_route_proto_mode_uniform_fixed": 0.0, "fpem/hyper_route_proto_mode_sinkhorn": 0.0, "fpem/hyper_route_proto_mode_softmax": 0.0, "fpem/fallback_q_mean": 0.0, "fpem/fallback_q_max": 0.0, "fpem/env_q_sum_mean": 1.0, "fpem/oracle_fallback_rate": 0.0, "fpem/route_count_fallback": 0.0, "fpem/env_route_head_mode": 1.0, "fpem/route_entropy_mean": 0.0, "fpem/route_mean_distribution_entropy": 0.0, "fpem/effective_expert_number": 1.0, "fpem/max_expert_usage_ratio": 0.0, "fpem/min_expert_usage_ratio": 0.0, "fpem/prototype_pairwise_cosine": 0.0, "fpem/expert_prediction_pairwise_cosine": 0.0, "fpem/expert_collapse_warning": 0.0, "fpem/env_route_target_mode_env_prototype": 0.0, "fpem/env_route_target_mode_hybrid": 0.0, "fpem/env_route_hybrid_alpha": 0.0, "fpem/env_route_train_mode_warmup_risk_sinkhorn": 0.0, "fpem/warmup_risk_stage_warmup": 0.0, "fpem/warmup_risk_stage_soft": 0.0, "fpem/warmup_risk_stage_hard": 0.0, "fpem/warmup_risk_selected_loss": 0.0, "fpem/warmup_risk_uniform_common_loss": 0.0, "fpem/warmup_risk_lambda_common": 0.0, "fpem/warmup_risk_total_common_term": 0.0, "fpem/warmup_risk_temperature": 0.0, "fpem/warmup_risk_temperature_progress": 0.0, "fpem/uniform_expert_mae": 0.0, "fpem/risk_routed_mae": 0.0, "fpem/risk_prediction_mae": 0.0, "fpem/risk_loss": 0.0, "fpem/risk_ranking_loss": 0.0, "fpem/risk_ranking_accuracy": 0.0, "fpem/risk_oracle_argmin_accuracy": 0.0, "fpem/risk_router_temperature": 0.0, "fpem/risk_router_lambda": 0.0, "fpem/risk_router_pairwise_lambda": 0.0, "fpem/env_route_train_mode_progressive_gmm_environment": 0.0, "fpem/top_level_prediction_source_progressive_gmm_teacher_hard": 0.0, "fpem/progressive_assignment_uses_target_or_prediction_error": 0.0, "fpem/progressive_partition_ready": 0.0, "fpem/progressive_selected_k": 0.0, "fpem/progressive_active_expert_count": 0.0, "fpem/progressive_last_partition_epoch": 0.0, "fpem/progressive_lambda_common": 0.0, "fpem/progressive_common_term": 0.0, "fpem/progressive_compactness_loss": 0.0, "fpem/progressive_consistency_loss": 0.0, "fpem/progressive_cluster_entropy": 0.0, "fpem/progressive_assignment_change_ratio": 0.0, "fpem/progressive_hungarian_overlap_score": 0.0, "fpem/progressive_partition_update_time_sec": 0.0, "fpem/progressive_routed_mae": 0.0, "fpem/progressive_gmm_environment_total_replaces_primary": 0.0, "fpem/env_route_count_head_0": 16.0, "fpem/env_route_oracle_count_head_0": 16.0, "fpem/route_count_env_head_0": 16.0, "fpem/route_soft_mean_expert_0": 1.0, "fpem/route_hard_count_expert_0": 16.0, "fpem/hard_count_expert_0": 16.0, "fpem/sinkhorn_soft_col_mass_expert_0": 0.0, "fpem/progressive_active_expert_0": 0.0, "fpem/progressive_cluster_size_0": 0.0, "fpem/progressive_cluster_ratio_0": 0.0, "fpem/progressive_cluster_to_expert_0": 0.0, "fpem/progressive_bic_k1": 0.0, "fpem/progressive_bic_score_k1": 0.0, "fpem/progressive_bic_rejected_k1": 0.0, "fpem/hyper_alpha_head_0": 0.0, "fpem/hyper_gamma_norm_head_0": 0.0, "fpem/hyper_beta_norm_head_0": 0.0, "fpem/expert_cross_mae_group_0_expert_0": 9.397853665124803, "fpem/load_expert_loss": 9.397853665124803, "fpem/counterfactual_risk_router_loss": 1.3807780441783724, "fpem/counterfactual_risk_regression_loss": 1.0305127263069154, "fpem/counterfactual_risk_ranking_loss": 0.7005306280794598, "fpem/load_level_assignment_detached": 1.0, "fpem/load_level_count_0": 1680.0, "fpem/load_level_ratio_0": 1.0, "fpem/expert_0_global_loss": 9.397853665124803, "fpem/expert_0_selected_loss": 9.397853665124803, "fpem/counterfactual_risk_stage2_active": 1.0, "fpem/counterfactual_risk_stage2_start_epoch": 20.0, "fpem/counterfactual_risk_all_environment_mae": 9.397853665124803, "fpem/counterfactual_risk_all_invariant_mae": 9.662237471625918, "fpem/counterfactual_risk_routed_mae": 9.489568941933769, "fpem/counterfactual_risk_oracle_mae": 9.357379100436257, "fpem/counterfactual_risk_router_accuracy": 0.5660714285714286, "fpem/counterfactual_risk_router_balanced_accuracy": 0.5219598388388044, "fpem/counterfactual_risk_inv_route_ratio": 0.41904761904761906, "fpem/counterfactual_risk_env_route_ratio": 0.580952380952381, "fpem/counterfactual_risk_inv_switch_precision": 0.22137188606318972, "fpem/counterfactual_risk_correct_inv_switches": 1.5142857142857142, "fpem/counterfactual_risk_harmful_inv_switches": 5.190476190476191, "fpem/counterfactual_risk_saved_loss": 0.01984873286315373, "fpem/counterfactual_risk_added_loss": 0.11156400413740249, "fpem/counterfactual_risk_net_gain": -0.09171527680896577, "fpem/counterfactual_risk_regret": 0.1321898414975121, "fpem/counterfactual_risk_oracle_gap_closed": -835.122382681176, "fpem/counterfactual_risk_delta_mean": -0.26438382253760384, "fpem/counterfactual_risk_target_inv_ratio": 0.20416666666666666, "fpem/counterfactual_risk_weight_env_sum": 8.076190362657819, "fpem/counterfactual_risk_weight_inv_sum": 7.923809451148624, "fpem/counterfactual_risk_prediction_is_hard_route": 1.0, "fpem/counterfactual_risk_prediction_is_soft_fusion": 0.0, "fpem/counterfactual_risk_target_detached": 1.0, "fpem/counterfactual_risk_uses_threshold": 0.0, "fpem/counterfactual_risk_all_samples_used_for_router": 1.0, "fpem/hard_router_predicted_env_ratio": 0.580952380952381, "fpem/hard_router_effective_env_ratio": 1.0, "fpem/hard_router_target_env_ratio": 0.7958333333333333, "fpem/hard_router_gain_mean": -0.26438382253760384, "fpem/expert_prediction_pairwise_difference": 0.0, "fpem/delta_pairwise_cosine": 0.0, "fpem/delta_pairwise_l1": 0.0, "fpem/delta_pairwise_l2": 0.0, "fpem/expert_0_parameter_norm": 14.887673377990723, "fpem/hard_binary_router_enabled": 0.0, "fpem/hard_router_uses_target_in_forward": 0.0, "fpem/stored_future_c_loaded": 0.0, "fpem/prediction_is_weighted_complete_fusion": 0.0, "fpem/prediction_is_hard_route": 1.0, "fpem/conservative_inv_override_enabled": 0.0, "fpem/conservative_router_features_detached": 1.0, "fpem/counterfactual_risk_router_enabled": 1.0, "fpem/counterfactual_risk_stage2_active_forward": 1.0, "fpem/counterfactual_risk_deploy_route_active": 0.0, "fpem/counterfactual_risk_training_uses_route": 0.0, "fpem/counterfactual_risk_forward_uses_threshold": 0.0, "fpem/future_mi_loss": 0.0, "fpem/future_mi_valid": 0.0, "fpem/future_mi_logvar_mean": 0.0, "fpem/future_mi_target_mode_env_encoder": 0.0, "fpem/swap_loss": 0.0, "fpem/swap_diff_loss": 0.0, "fpem/swap_same_loss": 0.0, "fpem/swap_gain_mean": 0.0, "fpem/swap_s_gain_mean": 0.0, "fpem/swap_fallback_router_loss": 0.0, "fpem/swap_fallback_q_mean": 0.0, "fpem/swap_prediction_delta": 0.0, "fpem/swap_route_delta": 0.0, "fpem/swap_hyper_alpha_delta": 0.0, "fpem/swap_hyper_delta_norm": 0.0, "fpem/loss_env_day": 0.0, "fpem/loss_env_hour": 0.0, "fpem/loss_env_rush": 0.0, "fpem/env_day_acc": 0.0, "fpem/env_hour_acc": 0.0, "fpem/env_rush_acc": 0.0, "fpem/loss_env_supcon": 0.0, "fpem/env_supcon_valid_pairs": 0.0, "fpem/loss_inv_env_adv": 0.0, "fpem/inv_day_acc": 0.0, "fpem/inv_hour_acc": 0.0, "fpem/inv_rush_acc": 0.0, "fpem/loss_cross_cov_sep": 0.0, "fpem/confounder_dep_enabled": 0.0, "fpem/confounder_dep_mode_gci": 1.0, "fpem/confounder_dep_mode_scd": 0.0, "fpem/confounder_dep_mode_both": 0.0, "fpem/confounder_dep_total": 0.0, "fpem/loss_gci": 0.0, "fpem/loss_gci_drop": 0.0, "fpem/loss_gci_keep": 0.0, "fpem/loss_gci_graph_align": 0.0, "fpem/loss_scd": 0.0, "fpem/loss_conf_kl": 0.0, "fpem/effective_gci_weight": 0.0, "fpem/effective_gci_graph_align_weight": 0.0, "fpem/effective_scd_weight": 0.0, "fpem/effective_conf_kl_weight": 0.0, "fpem/confounder_dep_ramp_factor": 0.0, "fpem/C_mean": 0.0, "fpem/C_std": 0.0, "fpem/C_norm": 0.0, "fpem/confounder_token_norm": 0.0, "fpem/confounder_variational": 0.0, "fpem/confounder_projection_trace": 0.0, "fpem/confounder_projection_ridge": 0.0, "fpem/confounder_projection_rank_dim": 0.0, "fpem/confounder_projection_calls": 0.0, "fpem/confounder_dep_detach_target": 0.0, "fpem/gci_nonedge_mass_before_C": 0.0, "fpem/gci_nonedge_mass_after_C": 0.0, "fpem/gci_nonedge_mass_reduction": 0.0, "fpem/gci_relative_violation": 0.0, "fpem/gci_edge_before_C": 0.0, "fpem/gci_edge_after_C": 0.0, "fpem/gci_nonedge_conn_before_C": 0.0, "fpem/gci_nonedge_conn_after_C": 0.0, "fpem/gci_nonedge_conn_reduction": 0.0, "fpem/gci_edge_conn_before_C": 0.0, "fpem/gci_edge_conn_after_C": 0.0, "fpem/gci_edge_conn_reduction": 0.0, "fpem/gci_nonedge_dep_before_C": 0.0, "fpem/gci_nonedge_dep_after_C": 0.0, "fpem/gci_nonedge_dep_reduction": 0.0, "fpem/gci_edge_dep_before_C": 0.0, "fpem/gci_edge_dep_after_C": 0.0, "fpem/gci_nonedge_count": 0.0, "fpem/gci_edge_count": 0.0, "fpem/gci_node_count": 0.0, "fpem/gci_node_vector_dim": 0.0, "fpem/gci_graph_embed_dim": 0.0, "fpem/gci_graph_embedding_norm_before": 0.0, "fpem/gci_graph_embedding_norm_after": 0.0, "fpem/gci_graph_embedding_std_before": 0.0, "fpem/gci_graph_embedding_std_after": 0.0, "fpem/gci_graph_adj_mean_before": 0.0, "fpem/gci_graph_adj_mean_after": 0.0, "fpem/gci_graph_adj_std_before": 0.0, "fpem/gci_graph_adj_std_after": 0.0, "fpem/gci_graph_align_weight": 0.0, "fpem/gci_graph_align_raw_mse": 0.0, "fpem/gci_graph_align_normalized": 0.0, "fpem/gci_edge_preserve_beta": 0.0, "fpem/gci_graph_align_target_available": 0.0, "fpem/gci_target_adj_mean": 0.0, "fpem/gci_target_adj_std": 0.0, "fpem/gci_target_edge_mean": 0.0, "fpem/gci_target_nonedge_mean": 0.0, "fpem/gci_target_diag_mean": 0.0, "fpem/gci_graph_align_updates_agcrn": 0.0, "fpem/gci_updates_graph_linear": 0.0, "fpem/gci_graph_construction_agcrn_softmax": 0.0, "fpem/scd_assoc_before_C": 0.0, "fpem/scd_assoc_after_C": 0.0, "fpem/scd_assoc_reduction": 0.0, "fpem/scd_relative_violation": 0.0, "fpem/sample_assoc_before_C": 0.0, "fpem/sample_assoc_after_C": 0.0, "fpem/sample_assoc_reduction": 0.0, "fpem/sample_dep_before_C": 0.0, "fpem/sample_dep_after_C": 0.0, "fpem/sample_dep_reduction": 0.0, "fpem/scd_batch_size": 0.0, "fpem/scd_sample_vector_dim": 0.0, "fpem/sample_kernel_alignment": 0.0, "fpem/scd_alignment_loss": 0.0, "fpem/load_level_experts_enabled": 1.0, "fpem/load_level_uses_target_or_future_load": 0.0, "fpem/environment_gate_uses_target_in_forward": 0.0, "fpem/load_level_env_residual_scale": 0.0, "fpem/uses_cached_observable_load_prior": 1.0, "fpem/primary_loss": 8.994156038193475, "fpem/inv_pred_loss": 9.216342839740571, "fpem/primary_uses_route": 1.0, "fpem/primary_uses_env_fusion": 0.0, "fpem/backbone_agcrn": 1.0, "fpem/backbone_graphwavenet": 0.0, "fpem/backbone_staeformer": 0.0, "fpem/gc_pred_loss_only": 1.0, "fpem/env_route_head_mode_hyper_proto": 1.0, "fpem/fpem_force_uniform_route": 0.0, "fpem/hard_prediction_sinkhorn_total_replaces_primary": 0.0, "fpem/hard_prediction_environment_sinkhorn_total_replaces_primary": 0.0, "fpem/warmup_risk_sinkhorn_total_replaces_primary": 0.0, "fpem/lambda_club_mi": 0.0}}
EPOCH {"epoch": 29, "train_loss": 1.32091984692074, "val": {"loss": 11.868643601735434, "mae": 11.660801887512207, "mape": 0.18814830482006073}, "test_mixed": {"loss": NaN, "mae": NaN, "mape": NaN}, "test_workday": {"loss": NaN, "mae": NaN, "mape": NaN}, "test_holiday": {"loss": NaN, "mae": NaN, "mape": NaN}, "test_avg_mae": NaN, "best_selection_value": 11.868643601735434, "best_selection_split": "val", "best_selection_metric": "val_loss", "lr": 0.001, "fpem_logs": {"fpem/fpem_env_use_exogenous": 1.0, "fpem/env_exogenous_available": 1.0, "fpem/env_exogenous_time_available": 1.0, "fpem/env_exogenous_load_available": 1.0, "fpem/env_exogenous_feature_dim": 32.0, "fpem/env_exogenous_embedding_norm": 2.4813675403594972, "fpem/env_exogenous_load_embedding_norm": 1.6452523912702288, "fpem/fpem_env_use_period_context": 1.0, "fpem/env_period_context_available": 1.0, "fpem/env_period_day_available_ratio": 0.9732142857142857, "fpem/env_period_week_available_ratio": 0.8244047619047619, "fpem/env_period_context_feature_dim": 6.0, "fpem/env_period_context_scale": 0.10000000149011612, "fpem/env_period_context_delta_norm": 0.1964533147357759, "fpem/env_period_context_day_diff_norm": 0.16272705325058529, "fpem/env_period_context_week_diff_norm": 0.10188992747238704, "fpem/env_rep_ablation_normal": 1.0, "fpem/env_rep_ablation_zero": 0.0, "fpem/env_rep_ablation_shuffle_batch": 0.0, "fpem/env_rep_ablation_mode_id": 0.0, "fpem/mask_loss": 0.0, "fpem/mask_sparse_loss": 0.0, "fpem/mask_entropy_loss": 0.0, "fpem/mask_mean": 1.0, "fpem/mask_entropy": 0.0, "fpem/mask_active_ratio": 1.0, "fpem/fusion_alpha_mean": 0.0, "fpem/fusion_alpha_std": 0.0, "fpem/fusion_alpha_min": 0.0, "fpem/fusion_alpha_max": 0.0, "fpem/env_route_loss": 1.32091984692074, "fpem/env_route_L_final": 8.989663360232399, "fpem/env_route_L_global": 0.0, "fpem/env_route_L_route_soft": 0.0, "fpem/env_route_L_expert": 9.397859001159668, "fpem/env_route_L_router_oracle": 1.32091984692074, "fpem/env_route_L_balance": 0.0, "fpem/env_route_L_diverse": 0.0, "fpem/env_route_L_proto_align": 0.0, "fpem/env_route_entropy": 0.0, "fpem/env_route_q_max_mean": 0.0, "fpem/hyper_alpha_mean": 0.0, "fpem/hyper_delta_norm": 0.0, "fpem/hyper_route_proto_mode_uniform_warmup": 0.0, "fpem/hyper_route_proto_mode_uniform_fixed": 0.0, "fpem/hyper_route_proto_mode_sinkhorn": 0.0, "fpem/hyper_route_proto_mode_softmax": 0.0, "fpem/fallback_q_mean": 0.0, "fpem/fallback_q_max": 0.0, "fpem/env_q_sum_mean": 1.0, "fpem/oracle_fallback_rate": 0.0, "fpem/route_count_fallback": 0.0, "fpem/env_route_head_mode": 1.0, "fpem/route_entropy_mean": 0.0, "fpem/route_mean_distribution_entropy": 0.0, "fpem/effective_expert_number": 1.0, "fpem/max_expert_usage_ratio": 0.0, "fpem/min_expert_usage_ratio": 0.0, "fpem/prototype_pairwise_cosine": 0.0, "fpem/expert_prediction_pairwise_cosine": 0.0, "fpem/expert_collapse_warning": 0.0, "fpem/env_route_target_mode_env_prototype": 0.0, "fpem/env_route_target_mode_hybrid": 0.0, "fpem/env_route_hybrid_alpha": 0.0, "fpem/env_route_train_mode_warmup_risk_sinkhorn": 0.0, "fpem/warmup_risk_stage_warmup": 0.0, "fpem/warmup_risk_stage_soft": 0.0, "fpem/warmup_risk_stage_hard": 0.0, "fpem/warmup_risk_selected_loss": 0.0, "fpem/warmup_risk_uniform_common_loss": 0.0, "fpem/warmup_risk_lambda_common": 0.0, "fpem/warmup_risk_total_common_term": 0.0, "fpem/warmup_risk_temperature": 0.0, "fpem/warmup_risk_temperature_progress": 0.0, "fpem/uniform_expert_mae": 0.0, "fpem/risk_routed_mae": 0.0, "fpem/risk_prediction_mae": 0.0, "fpem/risk_loss": 0.0, "fpem/risk_ranking_loss": 0.0, "fpem/risk_ranking_accuracy": 0.0, "fpem/risk_oracle_argmin_accuracy": 0.0, "fpem/risk_router_temperature": 0.0, "fpem/risk_router_lambda": 0.0, "fpem/risk_router_pairwise_lambda": 0.0, "fpem/env_route_train_mode_progressive_gmm_environment": 0.0, "fpem/top_level_prediction_source_progressive_gmm_teacher_hard": 0.0, "fpem/progressive_assignment_uses_target_or_prediction_error": 0.0, "fpem/progressive_partition_ready": 0.0, "fpem/progressive_selected_k": 0.0, "fpem/progressive_active_expert_count": 0.0, "fpem/progressive_last_partition_epoch": 0.0, "fpem/progressive_lambda_common": 0.0, "fpem/progressive_common_term": 0.0, "fpem/progressive_compactness_loss": 0.0, "fpem/progressive_consistency_loss": 0.0, "fpem/progressive_cluster_entropy": 0.0, "fpem/progressive_assignment_change_ratio": 0.0, "fpem/progressive_hungarian_overlap_score": 0.0, "fpem/progressive_partition_update_time_sec": 0.0, "fpem/progressive_routed_mae": 0.0, "fpem/progressive_gmm_environment_total_replaces_primary": 0.0, "fpem/env_route_count_head_0": 16.0, "fpem/env_route_oracle_count_head_0": 16.0, "fpem/route_count_env_head_0": 16.0, "fpem/route_soft_mean_expert_0": 1.0, "fpem/route_hard_count_expert_0": 16.0, "fpem/hard_count_expert_0": 16.0, "fpem/sinkhorn_soft_col_mass_expert_0": 0.0, "fpem/progressive_active_expert_0": 0.0, "fpem/progressive_cluster_size_0": 0.0, "fpem/progressive_cluster_ratio_0": 0.0, "fpem/progressive_cluster_to_expert_0": 0.0, "fpem/progressive_bic_k1": 0.0, "fpem/progressive_bic_score_k1": 0.0, "fpem/progressive_bic_rejected_k1": 0.0, "fpem/hyper_alpha_head_0": 0.0, "fpem/hyper_gamma_norm_head_0": 0.0, "fpem/hyper_beta_norm_head_0": 0.0, "fpem/expert_cross_mae_group_0_expert_0": 9.397859001159668, "fpem/load_expert_loss": 9.397859001159668, "fpem/counterfactual_risk_router_loss": 1.32091984692074, "fpem/counterfactual_risk_regression_loss": 0.9671349988097236, "fpem/counterfactual_risk_ranking_loss": 0.7075696911130632, "fpem/load_level_assignment_detached": 1.0, "fpem/load_level_count_0": 1680.0, "fpem/load_level_ratio_0": 1.0, "fpem/expert_0_global_loss": 9.397859001159668, "fpem/expert_0_selected_loss": 9.397859001159668, "fpem/counterfactual_risk_stage2_active": 1.0, "fpem/counterfactual_risk_stage2_start_epoch": 20.0, "fpem/counterfactual_risk_all_environment_mae": 9.397859001159668, "fpem/counterfactual_risk_all_invariant_mae": 9.662237512497676, "fpem/counterfactual_risk_routed_mae": 9.495938400995163, "fpem/counterfactual_risk_oracle_mae": 9.35738713854835, "fpem/counterfactual_risk_router_accuracy": 0.575595238095238, "fpem/counterfactual_risk_router_balanced_accuracy": 0.5038327686843418, "fpem/counterfactual_risk_inv_route_ratio": 0.3964285714285714, "fpem/counterfactual_risk_env_route_ratio": 0.6035714285714285, "fpem/counterfactual_risk_inv_switch_precision": 0.238944392261051, "fpem/counterfactual_risk_correct_inv_switches": 1.4095238095238096, "fpem/counterfactual_risk_harmful_inv_switches": 4.933333333333334, "fpem/counterfactual_risk_saved_loss": 0.017632776640710376, "fpem/counterfactual_risk_added_loss": 0.11571215178285327, "fpem/counterfactual_risk_net_gain": -0.09807939983549573, "fpem/counterfactual_risk_regret": 0.13855126244681223, "fpem/counterfactual_risk_oracle_gap_closed": -6064.279392985201, "fpem/counterfactual_risk_delta_mean": -0.26437843555495855, "fpem/counterfactual_risk_target_inv_ratio": 0.20416666666666666, "fpem/counterfactual_risk_weight_env_sum": 8.30476183664231, "fpem/counterfactual_risk_weight_inv_sum": 7.695238036201114, "fpem/counterfactual_risk_prediction_is_hard_route": 1.0, "fpem/counterfactual_risk_prediction_is_soft_fusion": 0.0, "fpem/counterfactual_risk_target_detached": 1.0, "fpem/counterfactual_risk_uses_threshold": 0.0, "fpem/counterfactual_risk_all_samples_used_for_router": 1.0, "fpem/hard_router_predicted_env_ratio": 0.6035714285714285, "fpem/hard_router_effective_env_ratio": 1.0, "fpem/hard_router_target_env_ratio": 0.7958333333333333, "fpem/hard_router_gain_mean": -0.26437843555495855, "fpem/expert_prediction_pairwise_difference": 0.0, "fpem/delta_pairwise_cosine": 0.0, "fpem/delta_pairwise_l1": 0.0, "fpem/delta_pairwise_l2": 0.0, "fpem/expert_0_parameter_norm": 14.887673377990723, "fpem/hard_binary_router_enabled": 0.0, "fpem/hard_router_uses_target_in_forward": 0.0, "fpem/stored_future_c_loaded": 0.0, "fpem/prediction_is_weighted_complete_fusion": 0.0, "fpem/prediction_is_hard_route": 1.0, "fpem/conservative_inv_override_enabled": 0.0, "fpem/conservative_router_features_detached": 1.0, "fpem/counterfactual_risk_router_enabled": 1.0, "fpem/counterfactual_risk_stage2_active_forward": 1.0, "fpem/counterfactual_risk_deploy_route_active": 0.0, "fpem/counterfactual_risk_training_uses_route": 0.0, "fpem/counterfactual_risk_forward_uses_threshold": 0.0, "fpem/future_mi_loss": 0.0, "fpem/future_mi_valid": 0.0, "fpem/future_mi_logvar_mean": 0.0, "fpem/future_mi_target_mode_env_encoder": 0.0, "fpem/swap_loss": 0.0, "fpem/swap_diff_loss": 0.0, "fpem/swap_same_loss": 0.0, "fpem/swap_gain_mean": 0.0, "fpem/swap_s_gain_mean": 0.0, "fpem/swap_fallback_router_loss": 0.0, "fpem/swap_fallback_q_mean": 0.0, "fpem/swap_prediction_delta": 0.0, "fpem/swap_route_delta": 0.0, "fpem/swap_hyper_alpha_delta": 0.0, "fpem/swap_hyper_delta_norm": 0.0, "fpem/loss_env_day": 0.0, "fpem/loss_env_hour": 0.0, "fpem/loss_env_rush": 0.0, "fpem/env_day_acc": 0.0, "fpem/env_hour_acc": 0.0, "fpem/env_rush_acc": 0.0, "fpem/loss_env_supcon": 0.0, "fpem/env_supcon_valid_pairs": 0.0, "fpem/loss_inv_env_adv": 0.0, "fpem/inv_day_acc": 0.0, "fpem/inv_hour_acc": 0.0, "fpem/inv_rush_acc": 0.0, "fpem/loss_cross_cov_sep": 0.0, "fpem/confounder_dep_enabled": 0.0, "fpem/confounder_dep_mode_gci": 1.0, "fpem/confounder_dep_mode_scd": 0.0, "fpem/confounder_dep_mode_both": 0.0, "fpem/confounder_dep_total": 0.0, "fpem/loss_gci": 0.0, "fpem/loss_gci_drop": 0.0, "fpem/loss_gci_keep": 0.0, "fpem/loss_gci_graph_align": 0.0, "fpem/loss_scd": 0.0, "fpem/loss_conf_kl": 0.0, "fpem/effective_gci_weight": 0.0, "fpem/effective_gci_graph_align_weight": 0.0, "fpem/effective_scd_weight": 0.0, "fpem/effective_conf_kl_weight": 0.0, "fpem/confounder_dep_ramp_factor": 0.0, "fpem/C_mean": 0.0, "fpem/C_std": 0.0, "fpem/C_norm": 0.0, "fpem/confounder_token_norm": 0.0, "fpem/confounder_variational": 0.0, "fpem/confounder_projection_trace": 0.0, "fpem/confounder_projection_ridge": 0.0, "fpem/confounder_projection_rank_dim": 0.0, "fpem/confounder_projection_calls": 0.0, "fpem/confounder_dep_detach_target": 0.0, "fpem/gci_nonedge_mass_before_C": 0.0, "fpem/gci_nonedge_mass_after_C": 0.0, "fpem/gci_nonedge_mass_reduction": 0.0, "fpem/gci_relative_violation": 0.0, "fpem/gci_edge_before_C": 0.0, "fpem/gci_edge_after_C": 0.0, "fpem/gci_nonedge_conn_before_C": 0.0, "fpem/gci_nonedge_conn_after_C": 0.0, "fpem/gci_nonedge_conn_reduction": 0.0, "fpem/gci_edge_conn_before_C": 0.0, "fpem/gci_edge_conn_after_C": 0.0, "fpem/gci_edge_conn_reduction": 0.0, "fpem/gci_nonedge_dep_before_C": 0.0, "fpem/gci_nonedge_dep_after_C": 0.0, "fpem/gci_nonedge_dep_reduction": 0.0, "fpem/gci_edge_dep_before_C": 0.0, "fpem/gci_edge_dep_after_C": 0.0, "fpem/gci_nonedge_count": 0.0, "fpem/gci_edge_count": 0.0, "fpem/gci_node_count": 0.0, "fpem/gci_node_vector_dim": 0.0, "fpem/gci_graph_embed_dim": 0.0, "fpem/gci_graph_embedding_norm_before": 0.0, "fpem/gci_graph_embedding_norm_after": 0.0, "fpem/gci_graph_embedding_std_before": 0.0, "fpem/gci_graph_embedding_std_after": 0.0, "fpem/gci_graph_adj_mean_before": 0.0, "fpem/gci_graph_adj_mean_after": 0.0, "fpem/gci_graph_adj_std_before": 0.0, "fpem/gci_graph_adj_std_after": 0.0, "fpem/gci_graph_align_weight": 0.0, "fpem/gci_graph_align_raw_mse": 0.0, "fpem/gci_graph_align_normalized": 0.0, "fpem/gci_edge_preserve_beta": 0.0, "fpem/gci_graph_align_target_available": 0.0, "fpem/gci_target_adj_mean": 0.0, "fpem/gci_target_adj_std": 0.0, "fpem/gci_target_edge_mean": 0.0, "fpem/gci_target_nonedge_mean": 0.0, "fpem/gci_target_diag_mean": 0.0, "fpem/gci_graph_align_updates_agcrn": 0.0, "fpem/gci_updates_graph_linear": 0.0, "fpem/gci_graph_construction_agcrn_softmax": 0.0, "fpem/scd_assoc_before_C": 0.0, "fpem/scd_assoc_after_C": 0.0, "fpem/scd_assoc_reduction": 0.0, "fpem/scd_relative_violation": 0.0, "fpem/sample_assoc_before_C": 0.0, "fpem/sample_assoc_after_C": 0.0, "fpem/sample_assoc_reduction": 0.0, "fpem/sample_dep_before_C": 0.0, "fpem/sample_dep_after_C": 0.0, "fpem/sample_dep_reduction": 0.0, "fpem/scd_batch_size": 0.0, "fpem/scd_sample_vector_dim": 0.0, "fpem/sample_kernel_alignment": 0.0, "fpem/scd_alignment_loss": 0.0, "fpem/load_level_experts_enabled": 1.0, "fpem/load_level_uses_target_or_future_load": 0.0, "fpem/environment_gate_uses_target_in_forward": 0.0, "fpem/load_level_env_residual_scale": 0.0, "fpem/uses_cached_observable_load_prior": 1.0, "fpem/primary_loss": 8.989663360232399, "fpem/inv_pred_loss": 9.211870829264322, "fpem/primary_uses_route": 1.0, "fpem/primary_uses_env_fusion": 0.0, "fpem/backbone_agcrn": 1.0, "fpem/backbone_graphwavenet": 0.0, "fpem/backbone_staeformer": 0.0, "fpem/gc_pred_loss_only": 1.0, "fpem/env_route_head_mode_hyper_proto": 1.0, "fpem/fpem_force_uniform_route": 0.0, "fpem/hard_prediction_sinkhorn_total_replaces_primary": 0.0, "fpem/hard_prediction_environment_sinkhorn_total_replaces_primary": 0.0, "fpem/warmup_risk_sinkhorn_total_replaces_primary": 0.0, "fpem/lambda_club_mi": 0.0}}
EPOCH {"epoch": 30, "train_loss": 1.3251004173642114, "val": {"loss": 11.829815043343437, "mae": 11.621857643127441, "mape": 0.18172508478164673}, "test_mixed": {"loss": NaN, "mae": NaN, "mape": NaN}, "test_workday": {"loss": NaN, "mae": NaN, "mape": NaN}, "test_holiday": {"loss": NaN, "mae": NaN, "mape": NaN}, "test_avg_mae": NaN, "best_selection_value": 11.829815043343437, "best_selection_split": "val", "best_selection_metric": "val_loss", "lr": 0.001, "fpem_logs": {"fpem/fpem_env_use_exogenous": 1.0, "fpem/env_exogenous_available": 1.0, "fpem/env_exogenous_time_available": 1.0, "fpem/env_exogenous_load_available": 1.0, "fpem/env_exogenous_feature_dim": 32.0, "fpem/env_exogenous_embedding_norm": 2.481367522194272, "fpem/env_exogenous_load_embedding_norm": 1.6452523912702288, "fpem/fpem_env_use_period_context": 1.0, "fpem/env_period_context_available": 1.0, "fpem/env_period_day_available_ratio": 0.9732142857142857, "fpem/env_period_week_available_ratio": 0.8244047619047619, "fpem/env_period_context_feature_dim": 6.0, "fpem/env_period_context_scale": 0.10000000149011612, "fpem/env_period_context_delta_norm": 0.1964533160130183, "fpem/env_period_context_day_diff_norm": 0.1627270514056796, "fpem/env_period_context_week_diff_norm": 0.10188992754334496, "fpem/env_rep_ablation_normal": 1.0, "fpem/env_rep_ablation_zero": 0.0, "fpem/env_rep_ablation_shuffle_batch": 0.0, "fpem/env_rep_ablation_mode_id": 0.0, "fpem/mask_loss": 0.0, "fpem/mask_sparse_loss": 0.0, "fpem/mask_entropy_loss": 0.0, "fpem/mask_mean": 1.0, "fpem/mask_entropy": 0.0, "fpem/mask_active_ratio": 1.0, "fpem/fusion_alpha_mean": 0.0, "fpem/fusion_alpha_std": 0.0, "fpem/fusion_alpha_min": 0.0, "fpem/fusion_alpha_max": 0.0, "fpem/env_route_loss": 1.3251004173642114, "fpem/env_route_L_final": 8.990111505417596, "fpem/env_route_L_global": 0.0, "fpem/env_route_L_route_soft": 0.0, "fpem/env_route_L_expert": 9.3978588785444, "fpem/env_route_L_router_oracle": 1.3251004173642114, "fpem/env_route_L_balance": 0.0, "fpem/env_route_L_diverse": 0.0, "fpem/env_route_L_proto_align": 0.0, "fpem/env_route_entropy": 0.0, "fpem/env_route_q_max_mean": 0.0, "fpem/hyper_alpha_mean": 0.0, "fpem/hyper_delta_norm": 0.0, "fpem/hyper_route_proto_mode_uniform_warmup": 0.0, "fpem/hyper_route_proto_mode_uniform_fixed": 0.0, "fpem/hyper_route_proto_mode_sinkhorn": 0.0, "fpem/hyper_route_proto_mode_softmax": 0.0, "fpem/fallback_q_mean": 0.0, "fpem/fallback_q_max": 0.0, "fpem/env_q_sum_mean": 1.0, "fpem/oracle_fallback_rate": 0.0, "fpem/route_count_fallback": 0.0, "fpem/env_route_head_mode": 1.0, "fpem/route_entropy_mean": 0.0, "fpem/route_mean_distribution_entropy": 0.0, "fpem/effective_expert_number": 1.0, "fpem/max_expert_usage_ratio": 0.0, "fpem/min_expert_usage_ratio": 0.0, "fpem/prototype_pairwise_cosine": 0.0, "fpem/expert_prediction_pairwise_cosine": 0.0, "fpem/expert_collapse_warning": 0.0, "fpem/env_route_target_mode_env_prototype": 0.0, "fpem/env_route_target_mode_hybrid": 0.0, "fpem/env_route_hybrid_alpha": 0.0, "fpem/env_route_train_mode_warmup_risk_sinkhorn": 0.0, "fpem/warmup_risk_stage_warmup": 0.0, "fpem/warmup_risk_stage_soft": 0.0, "fpem/warmup_risk_stage_hard": 0.0, "fpem/warmup_risk_selected_loss": 0.0, "fpem/warmup_risk_uniform_common_loss": 0.0, "fpem/warmup_risk_lambda_common": 0.0, "fpem/warmup_risk_total_common_term": 0.0, "fpem/warmup_risk_temperature": 0.0, "fpem/warmup_risk_temperature_progress": 0.0, "fpem/uniform_expert_mae": 0.0, "fpem/risk_routed_mae": 0.0, "fpem/risk_prediction_mae": 0.0, "fpem/risk_loss": 0.0, "fpem/risk_ranking_loss": 0.0, "fpem/risk_ranking_accuracy": 0.0, "fpem/risk_oracle_argmin_accuracy": 0.0, "fpem/risk_router_temperature": 0.0, "fpem/risk_router_lambda": 0.0, "fpem/risk_router_pairwise_lambda": 0.0, "fpem/env_route_train_mode_progressive_gmm_environment": 0.0, "fpem/top_level_prediction_source_progressive_gmm_teacher_hard": 0.0, "fpem/progressive_assignment_uses_target_or_prediction_error": 0.0, "fpem/progressive_partition_ready": 0.0, "fpem/progressive_selected_k": 0.0, "fpem/progressive_active_expert_count": 0.0, "fpem/progressive_last_partition_epoch": 0.0, "fpem/progressive_lambda_common": 0.0, "fpem/progressive_common_term": 0.0, "fpem/progressive_compactness_loss": 0.0, "fpem/progressive_consistency_loss": 0.0, "fpem/progressive_cluster_entropy": 0.0, "fpem/progressive_assignment_change_ratio": 0.0, "fpem/progressive_hungarian_overlap_score": 0.0, "fpem/progressive_partition_update_time_sec": 0.0, "fpem/progressive_routed_mae": 0.0, "fpem/progressive_gmm_environment_total_replaces_primary": 0.0, "fpem/env_route_count_head_0": 16.0, "fpem/env_route_oracle_count_head_0": 16.0, "fpem/route_count_env_head_0": 16.0, "fpem/route_soft_mean_expert_0": 1.0, "fpem/route_hard_count_expert_0": 16.0, "fpem/hard_count_expert_0": 16.0, "fpem/sinkhorn_soft_col_mass_expert_0": 0.0, "fpem/progressive_active_expert_0": 0.0, "fpem/progressive_cluster_size_0": 0.0, "fpem/progressive_cluster_ratio_0": 0.0, "fpem/progressive_cluster_to_expert_0": 0.0, "fpem/progressive_bic_k1": 0.0, "fpem/progressive_bic_score_k1": 0.0, "fpem/progressive_bic_rejected_k1": 0.0, "fpem/hyper_alpha_head_0": 0.0, "fpem/hyper_gamma_norm_head_0": 0.0, "fpem/hyper_beta_norm_head_0": 0.0, "fpem/expert_cross_mae_group_0_expert_0": 9.3978588785444, "fpem/load_expert_loss": 9.3978588785444, "fpem/counterfactual_risk_router_loss": 1.3251004173642114, "fpem/counterfactual_risk_regression_loss": 0.9770278181348528, "fpem/counterfactual_risk_ranking_loss": 0.6961452081089928, "fpem/load_level_assignment_detached": 1.0, "fpem/load_level_count_0": 1680.0, "fpem/load_level_ratio_0": 1.0, "fpem/expert_0_global_loss": 9.3978588785444, "fpem/expert_0_selected_loss": 9.3978588785444, "fpem/counterfactual_risk_stage2_active": 1.0, "fpem/counterfactual_risk_stage2_start_epoch": 20.0, "fpem/counterfactual_risk_all_environment_mae": 9.3978588785444, "fpem/counterfactual_risk_all_invariant_mae": 9.662237521580288, "fpem/counterfactual_risk_routed_mae": 9.484537932986305, "fpem/counterfactual_risk_oracle_mae": 9.357389154888335, "fpem/counterfactual_risk_router_accuracy": 0.5875, "fpem/counterfactual_risk_router_balanced_accuracy": 0.5318227664345787, "fpem/counterfactual_risk_inv_route_ratio": 0.37976190476190474, "fpem/counterfactual_risk_env_route_ratio": 0.6202380952380953, "fpem/counterfactual_risk_inv_switch_precision": 0.2182082765159153, "fpem/counterfactual_risk_correct_inv_switches": 1.3714285714285714, "fpem/counterfactual_risk_harmful_inv_switches": 4.704761904761905, "fpem/counterfactual_risk_saved_loss": 0.018288921884128024, "fpem/counterfactual_risk_added_loss": 0.10496794794287001, "fpem/counterfactual_risk_net_gain": -0.08667905444190616, "fpem/counterfactual_risk_regret": 0.12714877809797015, "fpem/counterfactual_risk_oracle_gap_closed": -2529.8465017274375, "fpem/counterfactual_risk_delta_mean": -0.26437858087675914, "fpem/counterfactual_risk_target_inv_ratio": 0.20416666666666666, "fpem/counterfactual_risk_weight_env_sum": 8.152380897885276, "fpem/counterfactual_risk_weight_inv_sum": 7.847619029453822, "fpem/counterfactual_risk_prediction_is_hard_route": 1.0, "fpem/counterfactual_risk_prediction_is_soft_fusion": 0.0, "fpem/counterfactual_risk_target_detached": 1.0, "fpem/counterfactual_risk_uses_threshold": 0.0, "fpem/counterfactual_risk_all_samples_used_for_router": 1.0, "fpem/hard_router_predicted_env_ratio": 0.6202380952380953, "fpem/hard_router_effective_env_ratio": 1.0, "fpem/hard_router_target_env_ratio": 0.7958333333333333, "fpem/hard_router_gain_mean": -0.26437858087675914, "fpem/expert_prediction_pairwise_difference": 0.0, "fpem/delta_pairwise_cosine": 0.0, "fpem/delta_pairwise_l1": 0.0, "fpem/delta_pairwise_l2": 0.0, "fpem/expert_0_parameter_norm": 14.887673377990723, "fpem/hard_binary_router_enabled": 0.0, "fpem/hard_router_uses_target_in_forward": 0.0, "fpem/stored_future_c_loaded": 0.0, "fpem/prediction_is_weighted_complete_fusion": 0.0, "fpem/prediction_is_hard_route": 1.0, "fpem/conservative_inv_override_enabled": 0.0, "fpem/conservative_router_features_detached": 1.0, "fpem/counterfactual_risk_router_enabled": 1.0, "fpem/counterfactual_risk_stage2_active_forward": 1.0, "fpem/counterfactual_risk_deploy_route_active": 0.0, "fpem/counterfactual_risk_training_uses_route": 0.0, "fpem/counterfactual_risk_forward_uses_threshold": 0.0, "fpem/future_mi_loss": 0.0, "fpem/future_mi_valid": 0.0, "fpem/future_mi_logvar_mean": 0.0, "fpem/future_mi_target_mode_env_encoder": 0.0, "fpem/swap_loss": 0.0, "fpem/swap_diff_loss": 0.0, "fpem/swap_same_loss": 0.0, "fpem/swap_gain_mean": 0.0, "fpem/swap_s_gain_mean": 0.0, "fpem/swap_fallback_router_loss": 0.0, "fpem/swap_fallback_q_mean": 0.0, "fpem/swap_prediction_delta": 0.0, "fpem/swap_route_delta": 0.0, "fpem/swap_hyper_alpha_delta": 0.0, "fpem/swap_hyper_delta_norm": 0.0, "fpem/loss_env_day": 0.0, "fpem/loss_env_hour": 0.0, "fpem/loss_env_rush": 0.0, "fpem/env_day_acc": 0.0, "fpem/env_hour_acc": 0.0, "fpem/env_rush_acc": 0.0, "fpem/loss_env_supcon": 0.0, "fpem/env_supcon_valid_pairs": 0.0, "fpem/loss_inv_env_adv": 0.0, "fpem/inv_day_acc": 0.0, "fpem/inv_hour_acc": 0.0, "fpem/inv_rush_acc": 0.0, "fpem/loss_cross_cov_sep": 0.0, "fpem/confounder_dep_enabled": 0.0, "fpem/confounder_dep_mode_gci": 1.0, "fpem/confounder_dep_mode_scd": 0.0, "fpem/confounder_dep_mode_both": 0.0, "fpem/confounder_dep_total": 0.0, "fpem/loss_gci": 0.0, "fpem/loss_gci_drop": 0.0, "fpem/loss_gci_keep": 0.0, "fpem/loss_gci_graph_align": 0.0, "fpem/loss_scd": 0.0, "fpem/loss_conf_kl": 0.0, "fpem/effective_gci_weight": 0.0, "fpem/effective_gci_graph_align_weight": 0.0, "fpem/effective_scd_weight": 0.0, "fpem/effective_conf_kl_weight": 0.0, "fpem/confounder_dep_ramp_factor": 0.0, "fpem/C_mean": 0.0, "fpem/C_std": 0.0, "fpem/C_norm": 0.0, "fpem/confounder_token_norm": 0.0, "fpem/confounder_variational": 0.0, "fpem/confounder_projection_trace": 0.0, "fpem/confounder_projection_ridge": 0.0, "fpem/confounder_projection_rank_dim": 0.0, "fpem/confounder_projection_calls": 0.0, "fpem/confounder_dep_detach_target": 0.0, "fpem/gci_nonedge_mass_before_C": 0.0, "fpem/gci_nonedge_mass_after_C": 0.0, "fpem/gci_nonedge_mass_reduction": 0.0, "fpem/gci_relative_violation": 0.0, "fpem/gci_edge_before_C": 0.0, "fpem/gci_edge_after_C": 0.0, "fpem/gci_nonedge_conn_before_C": 0.0, "fpem/gci_nonedge_conn_after_C": 0.0, "fpem/gci_nonedge_conn_reduction": 0.0, "fpem/gci_edge_conn_before_C": 0.0, "fpem/gci_edge_conn_after_C": 0.0, "fpem/gci_edge_conn_reduction": 0.0, "fpem/gci_nonedge_dep_before_C": 0.0, "fpem/gci_nonedge_dep_after_C": 0.0, "fpem/gci_nonedge_dep_reduction": 0.0, "fpem/gci_edge_dep_before_C": 0.0, "fpem/gci_edge_dep_after_C": 0.0, "fpem/gci_nonedge_count": 0.0, "fpem/gci_edge_count": 0.0, "fpem/gci_node_count": 0.0, "fpem/gci_node_vector_dim": 0.0, "fpem/gci_graph_embed_dim": 0.0, "fpem/gci_graph_embedding_norm_before": 0.0, "fpem/gci_graph_embedding_norm_after": 0.0, "fpem/gci_graph_embedding_std_before": 0.0, "fpem/gci_graph_embedding_std_after": 0.0, "fpem/gci_graph_adj_mean_before": 0.0, "fpem/gci_graph_adj_mean_after": 0.0, "fpem/gci_graph_adj_std_before": 0.0, "fpem/gci_graph_adj_std_after": 0.0, "fpem/gci_graph_align_weight": 0.0, "fpem/gci_graph_align_raw_mse": 0.0, "fpem/gci_graph_align_normalized": 0.0, "fpem/gci_edge_preserve_beta": 0.0, "fpem/gci_graph_align_target_available": 0.0, "fpem/gci_target_adj_mean": 0.0, "fpem/gci_target_adj_std": 0.0, "fpem/gci_target_edge_mean": 0.0, "fpem/gci_target_nonedge_mean": 0.0, "fpem/gci_target_diag_mean": 0.0, "fpem/gci_graph_align_updates_agcrn": 0.0, "fpem/gci_updates_graph_linear": 0.0, "fpem/gci_graph_construction_agcrn_softmax": 0.0, "fpem/scd_assoc_before_C": 0.0, "fpem/scd_assoc_after_C": 0.0, "fpem/scd_assoc_reduction": 0.0, "fpem/scd_relative_violation": 0.0, "fpem/sample_assoc_before_C": 0.0, "fpem/sample_assoc_after_C": 0.0, "fpem/sample_assoc_reduction": 0.0, "fpem/sample_dep_before_C": 0.0, "fpem/sample_dep_after_C": 0.0, "fpem/sample_dep_reduction": 0.0, "fpem/scd_batch_size": 0.0, "fpem/scd_sample_vector_dim": 0.0, "fpem/sample_kernel_alignment": 0.0, "fpem/scd_alignment_loss": 0.0, "fpem/load_level_experts_enabled": 1.0, "fpem/load_level_uses_target_or_future_load": 0.0, "fpem/environment_gate_uses_target_in_forward": 0.0, "fpem/load_level_env_residual_scale": 0.0, "fpem/uses_cached_observable_load_prior": 1.0, "fpem/primary_loss": 8.990111505417596, "fpem/inv_pred_loss": 9.212543078831263, "fpem/primary_uses_route": 1.0, "fpem/primary_uses_env_fusion": 0.0, "fpem/backbone_agcrn": 1.0, "fpem/backbone_graphwavenet": 0.0, "fpem/backbone_staeformer": 0.0, "fpem/gc_pred_loss_only": 1.0, "fpem/env_route_head_mode_hyper_proto": 1.0, "fpem/fpem_force_uniform_route": 0.0, "fpem/hard_prediction_sinkhorn_total_replaces_primary": 0.0, "fpem/hard_prediction_environment_sinkhorn_total_replaces_primary": 0.0, "fpem/warmup_risk_sinkhorn_total_replaces_primary": 0.0, "fpem/lambda_club_mi": 0.0}}
EPOCH {"epoch": 31, "train_loss": 1.3282743374506631, "val": {"loss": 11.825412776735094, "mae": 11.616822242736816, "mape": 0.18072646856307983}, "test_mixed": {"loss": NaN, "mae": NaN, "mape": NaN}, "test_workday": {"loss": NaN, "mae": NaN, "mape": NaN}, "test_holiday": {"loss": NaN, "mae": NaN, "mape": NaN}, "test_avg_mae": NaN, "best_selection_value": 11.825412776735094, "best_selection_split": "val", "best_selection_metric": "val_loss", "lr": 0.001, "fpem_logs": {"fpem/fpem_env_use_exogenous": 1.0, "fpem/env_exogenous_available": 1.0, "fpem/env_exogenous_time_available": 1.0, "fpem/env_exogenous_load_available": 1.0, "fpem/env_exogenous_feature_dim": 32.0, "fpem/env_exogenous_embedding_norm": 2.4813675267355784, "fpem/env_exogenous_load_embedding_norm": 1.6452523924055553, "fpem/fpem_env_use_period_context": 1.0, "fpem/env_period_context_available": 1.0, "fpem/env_period_day_available_ratio": 0.9732142857142857, "fpem/env_period_week_available_ratio": 0.8244047619047619, "fpem/env_period_context_feature_dim": 6.0, "fpem/env_period_context_scale": 0.10000000149011612, "fpem/env_period_context_delta_norm": 0.19645331402619678, "fpem/env_period_context_day_diff_norm": 0.1627270519733429, "fpem/env_period_context_week_diff_norm": 0.10188992740142913, "fpem/env_rep_ablation_normal": 1.0, "fpem/env_rep_ablation_zero": 0.0, "fpem/env_rep_ablation_shuffle_batch": 0.0, "fpem/env_rep_ablation_mode_id": 0.0, "fpem/mask_loss": 0.0, "fpem/mask_sparse_loss": 0.0, "fpem/mask_entropy_loss": 0.0, "fpem/mask_mean": 1.0, "fpem/mask_entropy": 0.0, "fpem/mask_active_ratio": 1.0, "fpem/fusion_alpha_mean": 0.0, "fpem/fusion_alpha_std": 0.0, "fpem/fusion_alpha_min": 0.0, "fpem/fusion_alpha_max": 0.0, "fpem/env_route_loss": 1.3282743374506631, "fpem/env_route_L_final": 8.98946549097697, "fpem/env_route_L_global": 0.0, "fpem/env_route_L_route_soft": 0.0, "fpem/env_route_L_expert": 9.397858592442104, "fpem/env_route_L_router_oracle": 1.3282743374506631, "fpem/env_route_L_balance": 0.0, "fpem/env_route_L_diverse": 0.0, "fpem/env_route_L_proto_align": 0.0, "fpem/env_route_entropy": 0.0, "fpem/env_route_q_max_mean": 0.0, "fpem/hyper_alpha_mean": 0.0, "fpem/hyper_delta_norm": 0.0, "fpem/hyper_route_proto_mode_uniform_warmup": 0.0, "fpem/hyper_route_proto_mode_uniform_fixed": 0.0, "fpem/hyper_route_proto_mode_sinkhorn": 0.0, "fpem/hyper_route_proto_mode_softmax": 0.0, "fpem/fallback_q_mean": 0.0, "fpem/fallback_q_max": 0.0, "fpem/env_q_sum_mean": 1.0, "fpem/oracle_fallback_rate": 0.0, "fpem/route_count_fallback": 0.0, "fpem/env_route_head_mode": 1.0, "fpem/route_entropy_mean": 0.0, "fpem/route_mean_distribution_entropy": 0.0, "fpem/effective_expert_number": 1.0, "fpem/max_expert_usage_ratio": 0.0, "fpem/min_expert_usage_ratio": 0.0, "fpem/prototype_pairwise_cosine": 0.0, "fpem/expert_prediction_pairwise_cosine": 0.0, "fpem/expert_collapse_warning": 0.0, "fpem/env_route_target_mode_env_prototype": 0.0, "fpem/env_route_target_mode_hybrid": 0.0, "fpem/env_route_hybrid_alpha": 0.0, "fpem/env_route_train_mode_warmup_risk_sinkhorn": 0.0, "fpem/warmup_risk_stage_warmup": 0.0, "fpem/warmup_risk_stage_soft": 0.0, "fpem/warmup_risk_stage_hard": 0.0, "fpem/warmup_risk_selected_loss": 0.0, "fpem/warmup_risk_uniform_common_loss": 0.0, "fpem/warmup_risk_lambda_common": 0.0, "fpem/warmup_risk_total_common_term": 0.0, "fpem/warmup_risk_temperature": 0.0, "fpem/warmup_risk_temperature_progress": 0.0, "fpem/uniform_expert_mae": 0.0, "fpem/risk_routed_mae": 0.0, "fpem/risk_prediction_mae": 0.0, "fpem/risk_loss": 0.0, "fpem/risk_ranking_loss": 0.0, "fpem/risk_ranking_accuracy": 0.0, "fpem/risk_oracle_argmin_accuracy": 0.0, "fpem/risk_router_temperature": 0.0, "fpem/risk_router_lambda": 0.0, "fpem/risk_router_pairwise_lambda": 0.0, "fpem/env_route_train_mode_progressive_gmm_environment": 0.0, "fpem/top_level_prediction_source_progressive_gmm_teacher_hard": 0.0, "fpem/progressive_assignment_uses_target_or_prediction_error": 0.0, "fpem/progressive_partition_ready": 0.0, "fpem/progressive_selected_k": 0.0, "fpem/progressive_active_expert_count": 0.0, "fpem/progressive_last_partition_epoch": 0.0, "fpem/progressive_lambda_common": 0.0, "fpem/progressive_common_term": 0.0, "fpem/progressive_compactness_loss": 0.0, "fpem/progressive_consistency_loss": 0.0, "fpem/progressive_cluster_entropy": 0.0, "fpem/progressive_assignment_change_ratio": 0.0, "fpem/progressive_hungarian_overlap_score": 0.0, "fpem/progressive_partition_update_time_sec": 0.0, "fpem/progressive_routed_mae": 0.0, "fpem/progressive_gmm_environment_total_replaces_primary": 0.0, "fpem/env_route_count_head_0": 16.0, "fpem/env_route_oracle_count_head_0": 16.0, "fpem/route_count_env_head_0": 16.0, "fpem/route_soft_mean_expert_0": 1.0, "fpem/route_hard_count_expert_0": 16.0, "fpem/hard_count_expert_0": 16.0, "fpem/sinkhorn_soft_col_mass_expert_0": 0.0, "fpem/progressive_active_expert_0": 0.0, "fpem/progressive_cluster_size_0": 0.0, "fpem/progressive_cluster_ratio_0": 0.0, "fpem/progressive_cluster_to_expert_0": 0.0, "fpem/progressive_bic_k1": 0.0, "fpem/progressive_bic_score_k1": 0.0, "fpem/progressive_bic_rejected_k1": 0.0, "fpem/hyper_alpha_head_0": 0.0, "fpem/hyper_gamma_norm_head_0": 0.0, "fpem/hyper_beta_norm_head_0": 0.0, "fpem/expert_cross_mae_group_0_expert_0": 9.397858592442104, "fpem/load_expert_loss": 9.397858592442104, "fpem/counterfactual_risk_router_loss": 1.3282743374506631, "fpem/counterfactual_risk_regression_loss": 0.9816222117060707, "fpem/counterfactual_risk_ranking_loss": 0.6933042469478788, "fpem/load_level_assignment_detached": 1.0, "fpem/load_level_count_0": 1680.0, "fpem/load_level_ratio_0": 1.0, "fpem/expert_0_global_loss": 9.397858592442104, "fpem/expert_0_selected_loss": 9.397858592442104, "fpem/counterfactual_risk_stage2_active": 1.0, "fpem/counterfactual_risk_stage2_start_epoch": 20.0, "fpem/counterfactual_risk_all_environment_mae": 9.397858592442104, "fpem/counterfactual_risk_all_invariant_mae": 9.662237535204206, "fpem/counterfactual_risk_routed_mae": 9.487353016081311, "fpem/counterfactual_risk_oracle_mae": 9.357383519127255, "fpem/counterfactual_risk_router_accuracy": 0.6005952380952381, "fpem/counterfactual_risk_router_balanced_accuracy": 0.5496546455792019, "fpem/counterfactual_risk_inv_route_ratio": 0.37023809523809526, "fpem/counterfactual_risk_env_route_ratio": 0.6297619047619047, "fpem/counterfactual_risk_inv_switch_precision": 0.24086992811589014, "fpem/counterfactual_risk_correct_inv_switches": 1.4, "fpem/counterfactual_risk_harmful_inv_switches": 4.523809523809524, "fpem/counterfactual_risk_saved_loss": 0.01726044998282478, "fpem/counterfactual_risk_added_loss": 0.1067548543214798, "fpem/counterfactual_risk_net_gain": -0.08949442363920666, "fpem/counterfactual_risk_regret": 0.12996949695405505, "fpem/counterfactual_risk_oracle_gap_closed": -1861.634335644215, "fpem/counterfactual_risk_delta_mean": -0.26437887237185526, "fpem/counterfactual_risk_target_inv_ratio": 0.20416666666666666, "fpem/counterfactual_risk_weight_env_sum": 8.152380916050502, "fpem/counterfactual_risk_weight_inv_sum": 7.847618979499454, "fpem/counterfactual_risk_prediction_is_hard_route": 1.0, "fpem/counterfactual_risk_prediction_is_soft_fusion": 0.0, "fpem/counterfactual_risk_target_detached": 1.0, "fpem/counterfactual_risk_uses_threshold": 0.0, "fpem/counterfactual_risk_all_samples_used_for_router": 1.0, "fpem/hard_router_predicted_env_ratio": 0.6297619047619047, "fpem/hard_router_effective_env_ratio": 1.0, "fpem/hard_router_target_env_ratio": 0.7958333333333333, "fpem/hard_router_gain_mean": -0.26437887237185526, "fpem/expert_prediction_pairwise_difference": 0.0, "fpem/delta_pairwise_cosine": 0.0, "fpem/delta_pairwise_l1": 0.0, "fpem/delta_pairwise_l2": 0.0, "fpem/expert_0_parameter_norm": 14.887673377990723, "fpem/hard_binary_router_enabled": 0.0, "fpem/hard_router_uses_target_in_forward": 0.0, "fpem/stored_future_c_loaded": 0.0, "fpem/prediction_is_weighted_complete_fusion": 0.0, "fpem/prediction_is_hard_route": 1.0, "fpem/conservative_inv_override_enabled": 0.0, "fpem/conservative_router_features_detached": 1.0, "fpem/counterfactual_risk_router_enabled": 1.0, "fpem/counterfactual_risk_stage2_active_forward": 1.0, "fpem/counterfactual_risk_deploy_route_active": 0.0, "fpem/counterfactual_risk_training_uses_route": 0.0, "fpem/counterfactual_risk_forward_uses_threshold": 0.0, "fpem/future_mi_loss": 0.0, "fpem/future_mi_valid": 0.0, "fpem/future_mi_logvar_mean": 0.0, "fpem/future_mi_target_mode_env_encoder": 0.0, "fpem/swap_loss": 0.0, "fpem/swap_diff_loss": 0.0, "fpem/swap_same_loss": 0.0, "fpem/swap_gain_mean": 0.0, "fpem/swap_s_gain_mean": 0.0, "fpem/swap_fallback_router_loss": 0.0, "fpem/swap_fallback_q_mean": 0.0, "fpem/swap_prediction_delta": 0.0, "fpem/swap_route_delta": 0.0, "fpem/swap_hyper_alpha_delta": 0.0, "fpem/swap_hyper_delta_norm": 0.0, "fpem/loss_env_day": 0.0, "fpem/loss_env_hour": 0.0, "fpem/loss_env_rush": 0.0, "fpem/env_day_acc": 0.0, "fpem/env_hour_acc": 0.0, "fpem/env_rush_acc": 0.0, "fpem/loss_env_supcon": 0.0, "fpem/env_supcon_valid_pairs": 0.0, "fpem/loss_inv_env_adv": 0.0, "fpem/inv_day_acc": 0.0, "fpem/inv_hour_acc": 0.0, "fpem/inv_rush_acc": 0.0, "fpem/loss_cross_cov_sep": 0.0, "fpem/confounder_dep_enabled": 0.0, "fpem/confounder_dep_mode_gci": 1.0, "fpem/confounder_dep_mode_scd": 0.0, "fpem/confounder_dep_mode_both": 0.0, "fpem/confounder_dep_total": 0.0, "fpem/loss_gci": 0.0, "fpem/loss_gci_drop": 0.0, "fpem/loss_gci_keep": 0.0, "fpem/loss_gci_graph_align": 0.0, "fpem/loss_scd": 0.0, "fpem/loss_conf_kl": 0.0, "fpem/effective_gci_weight": 0.0, "fpem/effective_gci_graph_align_weight": 0.0, "fpem/effective_scd_weight": 0.0, "fpem/effective_conf_kl_weight": 0.0, "fpem/confounder_dep_ramp_factor": 0.0, "fpem/C_mean": 0.0, "fpem/C_std": 0.0, "fpem/C_norm": 0.0, "fpem/confounder_token_norm": 0.0, "fpem/confounder_variational": 0.0, "fpem/confounder_projection_trace": 0.0, "fpem/confounder_projection_ridge": 0.0, "fpem/confounder_projection_rank_dim": 0.0, "fpem/confounder_projection_calls": 0.0, "fpem/confounder_dep_detach_target": 0.0, "fpem/gci_nonedge_mass_before_C": 0.0, "fpem/gci_nonedge_mass_after_C": 0.0, "fpem/gci_nonedge_mass_reduction": 0.0, "fpem/gci_relative_violation": 0.0, "fpem/gci_edge_before_C": 0.0, "fpem/gci_edge_after_C": 0.0, "fpem/gci_nonedge_conn_before_C": 0.0, "fpem/gci_nonedge_conn_after_C": 0.0, "fpem/gci_nonedge_conn_reduction": 0.0, "fpem/gci_edge_conn_before_C": 0.0, "fpem/gci_edge_conn_after_C": 0.0, "fpem/gci_edge_conn_reduction": 0.0, "fpem/gci_nonedge_dep_before_C": 0.0, "fpem/gci_nonedge_dep_after_C": 0.0, "fpem/gci_nonedge_dep_reduction": 0.0, "fpem/gci_edge_dep_before_C": 0.0, "fpem/gci_edge_dep_after_C": 0.0, "fpem/gci_nonedge_count": 0.0, "fpem/gci_edge_count": 0.0, "fpem/gci_node_count": 0.0, "fpem/gci_node_vector_dim": 0.0, "fpem/gci_graph_embed_dim": 0.0, "fpem/gci_graph_embedding_norm_before": 0.0, "fpem/gci_graph_embedding_norm_after": 0.0, "fpem/gci_graph_embedding_std_before": 0.0, "fpem/gci_graph_embedding_std_after": 0.0, "fpem/gci_graph_adj_mean_before": 0.0, "fpem/gci_graph_adj_mean_after": 0.0, "fpem/gci_graph_adj_std_before": 0.0, "fpem/gci_graph_adj_std_after": 0.0, "fpem/gci_graph_align_weight": 0.0, "fpem/gci_graph_align_raw_mse": 0.0, "fpem/gci_graph_align_normalized": 0.0, "fpem/gci_edge_preserve_beta": 0.0, "fpem/gci_graph_align_target_available": 0.0, "fpem/gci_target_adj_mean": 0.0, "fpem/gci_target_adj_std": 0.0, "fpem/gci_target_edge_mean": 0.0, "fpem/gci_target_nonedge_mean": 0.0, "fpem/gci_target_diag_mean": 0.0, "fpem/gci_graph_align_updates_agcrn": 0.0, "fpem/gci_updates_graph_linear": 0.0, "fpem/gci_graph_construction_agcrn_softmax": 0.0, "fpem/scd_assoc_before_C": 0.0, "fpem/scd_assoc_after_C": 0.0, "fpem/scd_assoc_reduction": 0.0, "fpem/scd_relative_violation": 0.0, "fpem/sample_assoc_before_C": 0.0, "fpem/sample_assoc_after_C": 0.0, "fpem/sample_assoc_reduction": 0.0, "fpem/sample_dep_before_C": 0.0, "fpem/sample_dep_after_C": 0.0, "fpem/sample_dep_reduction": 0.0, "fpem/scd_batch_size": 0.0, "fpem/scd_sample_vector_dim": 0.0, "fpem/sample_kernel_alignment": 0.0, "fpem/scd_alignment_loss": 0.0, "fpem/load_level_experts_enabled": 1.0, "fpem/load_level_uses_target_or_future_load": 0.0, "fpem/environment_gate_uses_target_in_forward": 0.0, "fpem/load_level_env_residual_scale": 0.0, "fpem/uses_cached_observable_load_prior": 1.0, "fpem/primary_loss": 8.98946549097697, "fpem/inv_pred_loss": 9.21165513538179, "fpem/primary_uses_route": 1.0, "fpem/primary_uses_env_fusion": 0.0, "fpem/backbone_agcrn": 1.0, "fpem/backbone_graphwavenet": 0.0, "fpem/backbone_staeformer": 0.0, "fpem/gc_pred_loss_only": 1.0, "fpem/env_route_head_mode_hyper_proto": 1.0, "fpem/fpem_force_uniform_route": 0.0, "fpem/hard_prediction_sinkhorn_total_replaces_primary": 0.0, "fpem/hard_prediction_environment_sinkhorn_total_replaces_primary": 0.0, "fpem/warmup_risk_sinkhorn_total_replaces_primary": 0.0, "fpem/lambda_club_mi": 0.0}}
EPOCH {"epoch": 32, "train_loss": 1.285031343074072, "val": {"loss": 11.815778546863132, "mae": 11.607820510864258, "mape": 0.1793810874223709}, "test_mixed": {"loss": NaN, "mae": NaN, "mape": NaN}, "test_workday": {"loss": NaN, "mae": NaN, "mape": NaN}, "test_holiday": {"loss": NaN, "mae": NaN, "mape": NaN}, "test_avg_mae": NaN, "best_selection_value": 11.815778546863132, "best_selection_split": "val", "best_selection_metric": "val_loss", "lr": 0.001, "fpem_logs": {"fpem/fpem_env_use_exogenous": 1.0, "fpem/env_exogenous_available": 1.0, "fpem/env_exogenous_time_available": 1.0, "fpem/env_exogenous_load_available": 1.0, "fpem/env_exogenous_feature_dim": 32.0, "fpem/env_exogenous_embedding_norm": 2.4813675312768844, "fpem/env_exogenous_load_embedding_norm": 1.6452523946762085, "fpem/fpem_env_use_period_context": 1.0, "fpem/env_period_context_available": 1.0, "fpem/env_period_day_available_ratio": 0.9732142857142857, "fpem/env_period_week_available_ratio": 0.8244047619047619, "fpem/env_period_context_feature_dim": 6.0, "fpem/env_period_context_scale": 0.10000000149011612, "fpem/env_period_context_delta_norm": 0.19645331643876576, "fpem/env_period_context_day_diff_norm": 0.162727052682922, "fpem/env_period_context_week_diff_norm": 0.10188992711759749, "fpem/env_rep_ablation_normal": 1.0, "fpem/env_rep_ablation_zero": 0.0, "fpem/env_rep_ablation_shuffle_batch": 0.0, "fpem/env_rep_ablation_mode_id": 0.0, "fpem/mask_loss": 0.0, "fpem/mask_sparse_loss": 0.0, "fpem/mask_entropy_loss": 0.0, "fpem/mask_mean": 1.0, "fpem/mask_entropy": 0.0, "fpem/mask_active_ratio": 1.0, "fpem/fusion_alpha_mean": 0.0, "fpem/fusion_alpha_std": 0.0, "fpem/fusion_alpha_min": 0.0, "fpem/fusion_alpha_max": 0.0, "fpem/env_route_loss": 1.285031343074072, "fpem/env_route_L_final": 8.994092682429722, "fpem/env_route_L_global": 0.0, "fpem/env_route_L_route_soft": 0.0, "fpem/env_route_L_expert": 9.397854114714123, "fpem/env_route_L_router_oracle": 1.285031343074072, "fpem/env_route_L_balance": 0.0, "fpem/env_route_L_diverse": 0.0, "fpem/env_route_L_proto_align": 0.0, "fpem/env_route_entropy": 0.0, "fpem/env_route_q_max_mean": 0.0, "fpem/hyper_alpha_mean": 0.0, "fpem/hyper_delta_norm": 0.0, "fpem/hyper_route_proto_mode_uniform_warmup": 0.0, "fpem/hyper_route_proto_mode_uniform_fixed": 0.0, "fpem/hyper_route_proto_mode_sinkhorn": 0.0, "fpem/hyper_route_proto_mode_softmax": 0.0, "fpem/fallback_q_mean": 0.0, "fpem/fallback_q_max": 0.0, "fpem/env_q_sum_mean": 1.0, "fpem/oracle_fallback_rate": 0.0, "fpem/route_count_fallback": 0.0, "fpem/env_route_head_mode": 1.0, "fpem/route_entropy_mean": 0.0, "fpem/route_mean_distribution_entropy": 0.0, "fpem/effective_expert_number": 1.0, "fpem/max_expert_usage_ratio": 0.0, "fpem/min_expert_usage_ratio": 0.0, "fpem/prototype_pairwise_cosine": 0.0, "fpem/expert_prediction_pairwise_cosine": 0.0, "fpem/expert_collapse_warning": 0.0, "fpem/env_route_target_mode_env_prototype": 0.0, "fpem/env_route_target_mode_hybrid": 0.0, "fpem/env_route_hybrid_alpha": 0.0, "fpem/env_route_train_mode_warmup_risk_sinkhorn": 0.0, "fpem/warmup_risk_stage_warmup": 0.0, "fpem/warmup_risk_stage_soft": 0.0, "fpem/warmup_risk_stage_hard": 0.0, "fpem/warmup_risk_selected_loss": 0.0, "fpem/warmup_risk_uniform_common_loss": 0.0, "fpem/warmup_risk_lambda_common": 0.0, "fpem/warmup_risk_total_common_term": 0.0, "fpem/warmup_risk_temperature": 0.0, "fpem/warmup_risk_temperature_progress": 0.0, "fpem/uniform_expert_mae": 0.0, "fpem/risk_routed_mae": 0.0, "fpem/risk_prediction_mae": 0.0, "fpem/risk_loss": 0.0, "fpem/risk_ranking_loss": 0.0, "fpem/risk_ranking_accuracy": 0.0, "fpem/risk_oracle_argmin_accuracy": 0.0, "fpem/risk_router_temperature": 0.0, "fpem/risk_router_lambda": 0.0, "fpem/risk_router_pairwise_lambda": 0.0, "fpem/env_route_train_mode_progressive_gmm_environment": 0.0, "fpem/top_level_prediction_source_progressive_gmm_teacher_hard": 0.0, "fpem/progressive_assignment_uses_target_or_prediction_error": 0.0, "fpem/progressive_partition_ready": 0.0, "fpem/progressive_selected_k": 0.0, "fpem/progressive_active_expert_count": 0.0, "fpem/progressive_last_partition_epoch": 0.0, "fpem/progressive_lambda_common": 0.0, "fpem/progressive_common_term": 0.0, "fpem/progressive_compactness_loss": 0.0, "fpem/progressive_consistency_loss": 0.0, "fpem/progressive_cluster_entropy": 0.0, "fpem/progressive_assignment_change_ratio": 0.0, "fpem/progressive_hungarian_overlap_score": 0.0, "fpem/progressive_partition_update_time_sec": 0.0, "fpem/progressive_routed_mae": 0.0, "fpem/progressive_gmm_environment_total_replaces_primary": 0.0, "fpem/env_route_count_head_0": 16.0, "fpem/env_route_oracle_count_head_0": 16.0, "fpem/route_count_env_head_0": 16.0, "fpem/route_soft_mean_expert_0": 1.0, "fpem/route_hard_count_expert_0": 16.0, "fpem/hard_count_expert_0": 16.0, "fpem/sinkhorn_soft_col_mass_expert_0": 0.0, "fpem/progressive_active_expert_0": 0.0, "fpem/progressive_cluster_size_0": 0.0, "fpem/progressive_cluster_ratio_0": 0.0, "fpem/progressive_cluster_to_expert_0": 0.0, "fpem/progressive_bic_k1": 0.0, "fpem/progressive_bic_score_k1": 0.0, "fpem/progressive_bic_rejected_k1": 0.0, "fpem/hyper_alpha_head_0": 0.0, "fpem/hyper_gamma_norm_head_0": 0.0, "fpem/hyper_beta_norm_head_0": 0.0, "fpem/expert_cross_mae_group_0_expert_0": 9.397854114714123, "fpem/load_expert_loss": 9.397854114714123, "fpem/counterfactual_risk_router_loss": 1.285031343074072, "fpem/counterfactual_risk_regression_loss": 0.9407884193318231, "fpem/counterfactual_risk_ranking_loss": 0.6884858432270232, "fpem/load_level_assignment_detached": 1.0, "fpem/load_level_count_0": 1680.0, "fpem/load_level_ratio_0": 1.0, "fpem/expert_0_global_loss": 9.397854114714123, "fpem/expert_0_selected_loss": 9.397854114714123, "fpem/counterfactual_risk_stage2_active": 1.0, "fpem/counterfactual_risk_stage2_start_epoch": 20.0, "fpem/counterfactual_risk_all_environment_mae": 9.397854114714123, "fpem/counterfactual_risk_all_invariant_mae": 9.662237498873756, "fpem/counterfactual_risk_routed_mae": 9.4797942116147, "fpem/counterfactual_risk_oracle_mae": 9.357383151281448, "fpem/counterfactual_risk_router_accuracy": 0.5964285714285714, "fpem/counterfactual_risk_router_balanced_accuracy": 0.5296200248457137, "fpem/counterfactual_risk_inv_route_ratio": 0.36488095238095236, "fpem/counterfactual_risk_env_route_ratio": 0.6351190476190476, "fpem/counterfactual_risk_inv_switch_precision": 0.22045388860361917, "fpem/counterfactual_risk_correct_inv_switches": 1.3238095238095238, "fpem/counterfactual_risk_harmful_inv_switches": 4.514285714285714, "fpem/counterfactual_risk_saved_loss": 0.015532653956186204, "fpem/counterfactual_risk_added_loss": 0.09747276561600822, "fpem/counterfactual_risk_net_gain": -0.08194009690057663, "fpem/counterfactual_risk_regret": 0.12241106033325196, "fpem/counterfactual_risk_oracle_gap_closed": -5116.983505313294, "fpem/counterfactual_risk_delta_mean": -0.2643834067242486, "fpem/counterfactual_risk_target_inv_ratio": 0.20416666666666666, "fpem/counterfactual_risk_weight_env_sum": 8.228571333203996, "fpem/counterfactual_risk_weight_inv_sum": 7.771428530556815, "fpem/counterfactual_risk_prediction_is_hard_route": 1.0, "fpem/counterfactual_risk_prediction_is_soft_fusion": 0.0, "fpem/counterfactual_risk_target_detached": 1.0, "fpem/counterfactual_risk_uses_threshold": 0.0, "fpem/counterfactual_risk_all_samples_used_for_router": 1.0, "fpem/hard_router_predicted_env_ratio": 0.6351190476190476, "fpem/hard_router_effective_env_ratio": 1.0, "fpem/hard_router_target_env_ratio": 0.7958333333333333, "fpem/hard_router_gain_mean": -0.2643834067242486, "fpem/expert_prediction_pairwise_difference": 0.0, "fpem/delta_pairwise_cosine": 0.0, "fpem/delta_pairwise_l1": 0.0, "fpem/delta_pairwise_l2": 0.0, "fpem/expert_0_parameter_norm": 14.887673377990723, "fpem/hard_binary_router_enabled": 0.0, "fpem/hard_router_uses_target_in_forward": 0.0, "fpem/stored_future_c_loaded": 0.0, "fpem/prediction_is_weighted_complete_fusion": 0.0, "fpem/prediction_is_hard_route": 1.0, "fpem/conservative_inv_override_enabled": 0.0, "fpem/conservative_router_features_detached": 1.0, "fpem/counterfactual_risk_router_enabled": 1.0, "fpem/counterfactual_risk_stage2_active_forward": 1.0, "fpem/counterfactual_risk_deploy_route_active": 0.0, "fpem/counterfactual_risk_training_uses_route": 0.0, "fpem/counterfactual_risk_forward_uses_threshold": 0.0, "fpem/future_mi_loss": 0.0, "fpem/future_mi_valid": 0.0, "fpem/future_mi_logvar_mean": 0.0, "fpem/future_mi_target_mode_env_encoder": 0.0, "fpem/swap_loss": 0.0, "fpem/swap_diff_loss": 0.0, "fpem/swap_same_loss": 0.0, "fpem/swap_gain_mean": 0.0, "fpem/swap_s_gain_mean": 0.0, "fpem/swap_fallback_router_loss": 0.0, "fpem/swap_fallback_q_mean": 0.0, "fpem/swap_prediction_delta": 0.0, "fpem/swap_route_delta": 0.0, "fpem/swap_hyper_alpha_delta": 0.0, "fpem/swap_hyper_delta_norm": 0.0, "fpem/loss_env_day": 0.0, "fpem/loss_env_hour": 0.0, "fpem/loss_env_rush": 0.0, "fpem/env_day_acc": 0.0, "fpem/env_hour_acc": 0.0, "fpem/env_rush_acc": 0.0, "fpem/loss_env_supcon": 0.0, "fpem/env_supcon_valid_pairs": 0.0, "fpem/loss_inv_env_adv": 0.0, "fpem/inv_day_acc": 0.0, "fpem/inv_hour_acc": 0.0, "fpem/inv_rush_acc": 0.0, "fpem/loss_cross_cov_sep": 0.0, "fpem/confounder_dep_enabled": 0.0, "fpem/confounder_dep_mode_gci": 1.0, "fpem/confounder_dep_mode_scd": 0.0, "fpem/confounder_dep_mode_both": 0.0, "fpem/confounder_dep_total": 0.0, "fpem/loss_gci": 0.0, "fpem/loss_gci_drop": 0.0, "fpem/loss_gci_keep": 0.0, "fpem/loss_gci_graph_align": 0.0, "fpem/loss_scd": 0.0, "fpem/loss_conf_kl": 0.0, "fpem/effective_gci_weight": 0.0, "fpem/effective_gci_graph_align_weight": 0.0, "fpem/effective_scd_weight": 0.0, "fpem/effective_conf_kl_weight": 0.0, "fpem/confounder_dep_ramp_factor": 0.0, "fpem/C_mean": 0.0, "fpem/C_std": 0.0, "fpem/C_norm": 0.0, "fpem/confounder_token_norm": 0.0, "fpem/confounder_variational": 0.0, "fpem/confounder_projection_trace": 0.0, "fpem/confounder_projection_ridge": 0.0, "fpem/confounder_projection_rank_dim": 0.0, "fpem/confounder_projection_calls": 0.0, "fpem/confounder_dep_detach_target": 0.0, "fpem/gci_nonedge_mass_before_C": 0.0, "fpem/gci_nonedge_mass_after_C": 0.0, "fpem/gci_nonedge_mass_reduction": 0.0, "fpem/gci_relative_violation": 0.0, "fpem/gci_edge_before_C": 0.0, "fpem/gci_edge_after_C": 0.0, "fpem/gci_nonedge_conn_before_C": 0.0, "fpem/gci_nonedge_conn_after_C": 0.0, "fpem/gci_nonedge_conn_reduction": 0.0, "fpem/gci_edge_conn_before_C": 0.0, "fpem/gci_edge_conn_after_C": 0.0, "fpem/gci_edge_conn_reduction": 0.0, "fpem/gci_nonedge_dep_before_C": 0.0, "fpem/gci_nonedge_dep_after_C": 0.0, "fpem/gci_nonedge_dep_reduction": 0.0, "fpem/gci_edge_dep_before_C": 0.0, "fpem/gci_edge_dep_after_C": 0.0, "fpem/gci_nonedge_count": 0.0, "fpem/gci_edge_count": 0.0, "fpem/gci_node_count": 0.0, "fpem/gci_node_vector_dim": 0.0, "fpem/gci_graph_embed_dim": 0.0, "fpem/gci_graph_embedding_norm_before": 0.0, "fpem/gci_graph_embedding_norm_after": 0.0, "fpem/gci_graph_embedding_std_before": 0.0, "fpem/gci_graph_embedding_std_after": 0.0, "fpem/gci_graph_adj_mean_before": 0.0, "fpem/gci_graph_adj_mean_after": 0.0, "fpem/gci_graph_adj_std_before": 0.0, "fpem/gci_graph_adj_std_after": 0.0, "fpem/gci_graph_align_weight": 0.0, "fpem/gci_graph_align_raw_mse": 0.0, "fpem/gci_graph_align_normalized": 0.0, "fpem/gci_edge_preserve_beta": 0.0, "fpem/gci_graph_align_target_available": 0.0, "fpem/gci_target_adj_mean": 0.0, "fpem/gci_target_adj_std": 0.0, "fpem/gci_target_edge_mean": 0.0, "fpem/gci_target_nonedge_mean": 0.0, "fpem/gci_target_diag_mean": 0.0, "fpem/gci_graph_align_updates_agcrn": 0.0, "fpem/gci_updates_graph_linear": 0.0, "fpem/gci_graph_construction_agcrn_softmax": 0.0, "fpem/scd_assoc_before_C": 0.0, "fpem/scd_assoc_after_C": 0.0, "fpem/scd_assoc_reduction": 0.0, "fpem/scd_relative_violation": 0.0, "fpem/sample_assoc_before_C": 0.0, "fpem/sample_assoc_after_C": 0.0, "fpem/sample_assoc_reduction": 0.0, "fpem/sample_dep_before_C": 0.0, "fpem/sample_dep_after_C": 0.0, "fpem/sample_dep_reduction": 0.0, "fpem/scd_batch_size": 0.0, "fpem/scd_sample_vector_dim": 0.0, "fpem/sample_kernel_alignment": 0.0, "fpem/scd_alignment_loss": 0.0, "fpem/load_level_experts_enabled": 1.0, "fpem/load_level_uses_target_or_future_load": 0.0, "fpem/environment_gate_uses_target_in_forward": 0.0, "fpem/load_level_env_residual_scale": 0.0, "fpem/uses_cached_observable_load_prior": 1.0, "fpem/primary_loss": 8.994092682429722, "fpem/inv_pred_loss": 9.21575737907773, "fpem/primary_uses_route": 1.0, "fpem/primary_uses_env_fusion": 0.0, "fpem/backbone_agcrn": 1.0, "fpem/backbone_graphwavenet": 0.0, "fpem/backbone_staeformer": 0.0, "fpem/gc_pred_loss_only": 1.0, "fpem/env_route_head_mode_hyper_proto": 1.0, "fpem/fpem_force_uniform_route": 0.0, "fpem/hard_prediction_sinkhorn_total_replaces_primary": 0.0, "fpem/hard_prediction_environment_sinkhorn_total_replaces_primary": 0.0, "fpem/warmup_risk_sinkhorn_total_replaces_primary": 0.0, "fpem/lambda_club_mi": 0.0}}
EPOCH {"epoch": 33, "train_loss": 1.246658651317869, "val": {"loss": 11.817274517483181, "mae": 11.609204292297363, "mape": 0.17953713238239288}, "test_mixed": {"loss": NaN, "mae": NaN, "mape": NaN}, "test_workday": {"loss": NaN, "mae": NaN, "mape": NaN}, "test_holiday": {"loss": NaN, "mae": NaN, "mape": NaN}, "test_avg_mae": NaN, "best_selection_value": 11.817274517483181, "best_selection_split": "val", "best_selection_metric": "val_loss", "lr": 0.001, "fpem_logs": {"fpem/fpem_env_use_exogenous": 1.0, "fpem/env_exogenous_available": 1.0, "fpem/env_exogenous_time_available": 1.0, "fpem/env_exogenous_load_available": 1.0, "fpem/env_exogenous_feature_dim": 32.0, "fpem/env_exogenous_embedding_norm": 2.481367535818191, "fpem/env_exogenous_load_embedding_norm": 1.6452523912702288, "fpem/fpem_env_use_period_context": 1.0, "fpem/env_period_context_available": 1.0, "fpem/env_period_day_available_ratio": 0.9732142857142857, "fpem/env_period_week_available_ratio": 0.8244047619047619, "fpem/env_period_context_feature_dim": 6.0, "fpem/env_period_context_scale": 0.10000000149011612, "fpem/env_period_context_delta_norm": 0.1964533145938601, "fpem/env_period_context_day_diff_norm": 0.16272705325058529, "fpem/env_period_context_week_diff_norm": 0.10188992779169764, "fpem/env_rep_ablation_normal": 1.0, "fpem/env_rep_ablation_zero": 0.0, "fpem/env_rep_ablation_shuffle_batch": 0.0, "fpem/env_rep_ablation_mode_id": 0.0, "fpem/mask_loss": 0.0, "fpem/mask_sparse_loss": 0.0, "fpem/mask_entropy_loss": 0.0, "fpem/mask_mean": 1.0, "fpem/mask_entropy": 0.0, "fpem/mask_active_ratio": 1.0, "fpem/fusion_alpha_mean": 0.0, "fpem/fusion_alpha_std": 0.0, "fpem/fusion_alpha_min": 0.0, "fpem/fusion_alpha_max": 0.0, "fpem/env_route_loss": 1.246658651317869, "fpem/env_route_L_final": 8.996075598398845, "fpem/env_route_L_global": 0.0, "fpem/env_route_L_route_soft": 0.0, "fpem/env_route_L_expert": 9.397855427151635, "fpem/env_route_L_router_oracle": 1.246658651317869, "fpem/env_route_L_balance": 0.0, "fpem/env_route_L_diverse": 0.0, "fpem/env_route_L_proto_align": 0.0, "fpem/env_route_entropy": 0.0, "fpem/env_route_q_max_mean": 0.0, "fpem/hyper_alpha_mean": 0.0, "fpem/hyper_delta_norm": 0.0, "fpem/hyper_route_proto_mode_uniform_warmup": 0.0, "fpem/hyper_route_proto_mode_uniform_fixed": 0.0, "fpem/hyper_route_proto_mode_sinkhorn": 0.0, "fpem/hyper_route_proto_mode_softmax": 0.0, "fpem/fallback_q_mean": 0.0, "fpem/fallback_q_max": 0.0, "fpem/env_q_sum_mean": 1.0, "fpem/oracle_fallback_rate": 0.0, "fpem/route_count_fallback": 0.0, "fpem/env_route_head_mode": 1.0, "fpem/route_entropy_mean": 0.0, "fpem/route_mean_distribution_entropy": 0.0, "fpem/effective_expert_number": 1.0, "fpem/max_expert_usage_ratio": 0.0, "fpem/min_expert_usage_ratio": 0.0, "fpem/prototype_pairwise_cosine": 0.0, "fpem/expert_prediction_pairwise_cosine": 0.0, "fpem/expert_collapse_warning": 0.0, "fpem/env_route_target_mode_env_prototype": 0.0, "fpem/env_route_target_mode_hybrid": 0.0, "fpem/env_route_hybrid_alpha": 0.0, "fpem/env_route_train_mode_warmup_risk_sinkhorn": 0.0, "fpem/warmup_risk_stage_warmup": 0.0, "fpem/warmup_risk_stage_soft": 0.0, "fpem/warmup_risk_stage_hard": 0.0, "fpem/warmup_risk_selected_loss": 0.0, "fpem/warmup_risk_uniform_common_loss": 0.0, "fpem/warmup_risk_lambda_common": 0.0, "fpem/warmup_risk_total_common_term": 0.0, "fpem/warmup_risk_temperature": 0.0, "fpem/warmup_risk_temperature_progress": 0.0, "fpem/uniform_expert_mae": 0.0, "fpem/risk_routed_mae": 0.0, "fpem/risk_prediction_mae": 0.0, "fpem/risk_loss": 0.0, "fpem/risk_ranking_loss": 0.0, "fpem/risk_ranking_accuracy": 0.0, "fpem/risk_oracle_argmin_accuracy": 0.0, "fpem/risk_router_temperature": 0.0, "fpem/risk_router_lambda": 0.0, "fpem/risk_router_pairwise_lambda": 0.0, "fpem/env_route_train_mode_progressive_gmm_environment": 0.0, "fpem/top_level_prediction_source_progressive_gmm_teacher_hard": 0.0, "fpem/progressive_assignment_uses_target_or_prediction_error": 0.0, "fpem/progressive_partition_ready": 0.0, "fpem/progressive_selected_k": 0.0, "fpem/progressive_active_expert_count": 0.0, "fpem/progressive_last_partition_epoch": 0.0, "fpem/progressive_lambda_common": 0.0, "fpem/progressive_common_term": 0.0, "fpem/progressive_compactness_loss": 0.0, "fpem/progressive_consistency_loss": 0.0, "fpem/progressive_cluster_entropy": 0.0, "fpem/progressive_assignment_change_ratio": 0.0, "fpem/progressive_hungarian_overlap_score": 0.0, "fpem/progressive_partition_update_time_sec": 0.0, "fpem/progressive_routed_mae": 0.0, "fpem/progressive_gmm_environment_total_replaces_primary": 0.0, "fpem/env_route_count_head_0": 16.0, "fpem/env_route_oracle_count_head_0": 16.0, "fpem/route_count_env_head_0": 16.0, "fpem/route_soft_mean_expert_0": 1.0, "fpem/route_hard_count_expert_0": 16.0, "fpem/hard_count_expert_0": 16.0, "fpem/sinkhorn_soft_col_mass_expert_0": 0.0, "fpem/progressive_active_expert_0": 0.0, "fpem/progressive_cluster_size_0": 0.0, "fpem/progressive_cluster_ratio_0": 0.0, "fpem/progressive_cluster_to_expert_0": 0.0, "fpem/progressive_bic_k1": 0.0, "fpem/progressive_bic_score_k1": 0.0, "fpem/progressive_bic_rejected_k1": 0.0, "fpem/hyper_alpha_head_0": 0.0, "fpem/hyper_gamma_norm_head_0": 0.0, "fpem/hyper_beta_norm_head_0": 0.0, "fpem/expert_cross_mae_group_0_expert_0": 9.397855427151635, "fpem/load_expert_loss": 9.397855427151635, "fpem/counterfactual_risk_router_loss": 1.246658651317869, "fpem/counterfactual_risk_regression_loss": 0.9090423426457814, "fpem/counterfactual_risk_ranking_loss": 0.6752326130867005, "fpem/load_level_assignment_detached": 1.0, "fpem/load_level_count_0": 1680.0, "fpem/load_level_ratio_0": 1.0, "fpem/expert_0_global_loss": 9.397855427151635, "fpem/expert_0_selected_loss": 9.397855427151635, "fpem/counterfactual_risk_stage2_active": 1.0, "fpem/counterfactual_risk_stage2_start_epoch": 20.0, "fpem/counterfactual_risk_all_environment_mae": 9.397855427151635, "fpem/counterfactual_risk_all_invariant_mae": 9.66223749433245, "fpem/counterfactual_risk_routed_mae": 9.48197751726423, "fpem/counterfactual_risk_oracle_mae": 9.357383423759824, "fpem/counterfactual_risk_router_accuracy": 0.5869047619047619, "fpem/counterfactual_risk_router_balanced_accuracy": 0.5448825799283528, "fpem/counterfactual_risk_inv_route_ratio": 0.39940476190476193, "fpem/counterfactual_risk_env_route_ratio": 0.6005952380952381, "fpem/counterfactual_risk_inv_switch_precision": 0.2357080265879631, "fpem/counterfactual_risk_correct_inv_switches": 1.5238095238095237, "fpem/counterfactual_risk_harmful_inv_switches": 4.866666666666666, "fpem/counterfactual_risk_saved_loss": 0.01931302405539013, "fpem/counterfactual_risk_added_loss": 0.1034351049434571, "fpem/counterfactual_risk_net_gain": -0.08412209011259533, "fpem/counterfactual_risk_regret": 0.12459409350440616, "fpem/counterfactual_risk_oracle_gap_closed": -4895.811758592157, "fpem/counterfactual_risk_delta_mean": -0.2643820897454307, "fpem/counterfactual_risk_target_inv_ratio": 0.20416666666666666, "fpem/counterfactual_risk_weight_env_sum": 8.228571383158366, "fpem/counterfactual_risk_weight_inv_sum": 7.771428494226365, "fpem/counterfactual_risk_prediction_is_hard_route": 1.0, "fpem/counterfactual_risk_prediction_is_soft_fusion": 0.0, "fpem/counterfactual_risk_target_detached": 1.0, "fpem/counterfactual_risk_uses_threshold": 0.0, "fpem/counterfactual_risk_all_samples_used_for_router": 1.0, "fpem/hard_router_predicted_env_ratio": 0.6005952380952381, "fpem/hard_router_effective_env_ratio": 1.0, "fpem/hard_router_target_env_ratio": 0.7958333333333333, "fpem/hard_router_gain_mean": -0.2643820897454307, "fpem/expert_prediction_pairwise_difference": 0.0, "fpem/delta_pairwise_cosine": 0.0, "fpem/delta_pairwise_l1": 0.0, "fpem/delta_pairwise_l2": 0.0, "fpem/expert_0_parameter_norm": 14.887673377990723, "fpem/hard_binary_router_enabled": 0.0, "fpem/hard_router_uses_target_in_forward": 0.0, "fpem/stored_future_c_loaded": 0.0, "fpem/prediction_is_weighted_complete_fusion": 0.0, "fpem/prediction_is_hard_route": 1.0, "fpem/conservative_inv_override_enabled": 0.0, "fpem/conservative_router_features_detached": 1.0, "fpem/counterfactual_risk_router_enabled": 1.0, "fpem/counterfactual_risk_stage2_active_forward": 1.0, "fpem/counterfactual_risk_deploy_route_active": 0.0, "fpem/counterfactual_risk_training_uses_route": 0.0, "fpem/counterfactual_risk_forward_uses_threshold": 0.0, "fpem/future_mi_loss": 0.0, "fpem/future_mi_valid": 0.0, "fpem/future_mi_logvar_mean": 0.0, "fpem/future_mi_target_mode_env_encoder": 0.0, "fpem/swap_loss": 0.0, "fpem/swap_diff_loss": 0.0, "fpem/swap_same_loss": 0.0, "fpem/swap_gain_mean": 0.0, "fpem/swap_s_gain_mean": 0.0, "fpem/swap_fallback_router_loss": 0.0, "fpem/swap_fallback_q_mean": 0.0, "fpem/swap_prediction_delta": 0.0, "fpem/swap_route_delta": 0.0, "fpem/swap_hyper_alpha_delta": 0.0, "fpem/swap_hyper_delta_norm": 0.0, "fpem/loss_env_day": 0.0, "fpem/loss_env_hour": 0.0, "fpem/loss_env_rush": 0.0, "fpem/env_day_acc": 0.0, "fpem/env_hour_acc": 0.0, "fpem/env_rush_acc": 0.0, "fpem/loss_env_supcon": 0.0, "fpem/env_supcon_valid_pairs": 0.0, "fpem/loss_inv_env_adv": 0.0, "fpem/inv_day_acc": 0.0, "fpem/inv_hour_acc": 0.0, "fpem/inv_rush_acc": 0.0, "fpem/loss_cross_cov_sep": 0.0, "fpem/confounder_dep_enabled": 0.0, "fpem/confounder_dep_mode_gci": 1.0, "fpem/confounder_dep_mode_scd": 0.0, "fpem/confounder_dep_mode_both": 0.0, "fpem/confounder_dep_total": 0.0, "fpem/loss_gci": 0.0, "fpem/loss_gci_drop": 0.0, "fpem/loss_gci_keep": 0.0, "fpem/loss_gci_graph_align": 0.0, "fpem/loss_scd": 0.0, "fpem/loss_conf_kl": 0.0, "fpem/effective_gci_weight": 0.0, "fpem/effective_gci_graph_align_weight": 0.0, "fpem/effective_scd_weight": 0.0, "fpem/effective_conf_kl_weight": 0.0, "fpem/confounder_dep_ramp_factor": 0.0, "fpem/C_mean": 0.0, "fpem/C_std": 0.0, "fpem/C_norm": 0.0, "fpem/confounder_token_norm": 0.0, "fpem/confounder_variational": 0.0, "fpem/confounder_projection_trace": 0.0, "fpem/confounder_projection_ridge": 0.0, "fpem/confounder_projection_rank_dim": 0.0, "fpem/confounder_projection_calls": 0.0, "fpem/confounder_dep_detach_target": 0.0, "fpem/gci_nonedge_mass_before_C": 0.0, "fpem/gci_nonedge_mass_after_C": 0.0, "fpem/gci_nonedge_mass_reduction": 0.0, "fpem/gci_relative_violation": 0.0, "fpem/gci_edge_before_C": 0.0, "fpem/gci_edge_after_C": 0.0, "fpem/gci_nonedge_conn_before_C": 0.0, "fpem/gci_nonedge_conn_after_C": 0.0, "fpem/gci_nonedge_conn_reduction": 0.0, "fpem/gci_edge_conn_before_C": 0.0, "fpem/gci_edge_conn_after_C": 0.0, "fpem/gci_edge_conn_reduction": 0.0, "fpem/gci_nonedge_dep_before_C": 0.0, "fpem/gci_nonedge_dep_after_C": 0.0, "fpem/gci_nonedge_dep_reduction": 0.0, "fpem/gci_edge_dep_before_C": 0.0, "fpem/gci_edge_dep_after_C": 0.0, "fpem/gci_nonedge_count": 0.0, "fpem/gci_edge_count": 0.0, "fpem/gci_node_count": 0.0, "fpem/gci_node_vector_dim": 0.0, "fpem/gci_graph_embed_dim": 0.0, "fpem/gci_graph_embedding_norm_before": 0.0, "fpem/gci_graph_embedding_norm_after": 0.0, "fpem/gci_graph_embedding_std_before": 0.0, "fpem/gci_graph_embedding_std_after": 0.0, "fpem/gci_graph_adj_mean_before": 0.0, "fpem/gci_graph_adj_mean_after": 0.0, "fpem/gci_graph_adj_std_before": 0.0, "fpem/gci_graph_adj_std_after": 0.0, "fpem/gci_graph_align_weight": 0.0, "fpem/gci_graph_align_raw_mse": 0.0, "fpem/gci_graph_align_normalized": 0.0, "fpem/gci_edge_preserve_beta": 0.0, "fpem/gci_graph_align_target_available": 0.0, "fpem/gci_target_adj_mean": 0.0, "fpem/gci_target_adj_std": 0.0, "fpem/gci_target_edge_mean": 0.0, "fpem/gci_target_nonedge_mean": 0.0, "fpem/gci_target_diag_mean": 0.0, "fpem/gci_graph_align_updates_agcrn": 0.0, "fpem/gci_updates_graph_linear": 0.0, "fpem/gci_graph_construction_agcrn_softmax": 0.0, "fpem/scd_assoc_before_C": 0.0, "fpem/scd_assoc_after_C": 0.0, "fpem/scd_assoc_reduction": 0.0, "fpem/scd_relative_violation": 0.0, "fpem/sample_assoc_before_C": 0.0, "fpem/sample_assoc_after_C": 0.0, "fpem/sample_assoc_reduction": 0.0, "fpem/sample_dep_before_C": 0.0, "fpem/sample_dep_after_C": 0.0, "fpem/sample_dep_reduction": 0.0, "fpem/scd_batch_size": 0.0, "fpem/scd_sample_vector_dim": 0.0, "fpem/sample_kernel_alignment": 0.0, "fpem/scd_alignment_loss": 0.0, "fpem/load_level_experts_enabled": 1.0, "fpem/load_level_uses_target_or_future_load": 0.0, "fpem/environment_gate_uses_target_in_forward": 0.0, "fpem/load_level_env_residual_scale": 0.0, "fpem/uses_cached_observable_load_prior": 1.0, "fpem/primary_loss": 8.996075598398845, "fpem/inv_pred_loss": 9.218729010082427, "fpem/primary_uses_route": 1.0, "fpem/primary_uses_env_fusion": 0.0, "fpem/backbone_agcrn": 1.0, "fpem/backbone_graphwavenet": 0.0, "fpem/backbone_staeformer": 0.0, "fpem/gc_pred_loss_only": 1.0, "fpem/env_route_head_mode_hyper_proto": 1.0, "fpem/fpem_force_uniform_route": 0.0, "fpem/hard_prediction_sinkhorn_total_replaces_primary": 0.0, "fpem/hard_prediction_environment_sinkhorn_total_replaces_primary": 0.0, "fpem/warmup_risk_sinkhorn_total_replaces_primary": 0.0, "fpem/lambda_club_mi": 0.0}}
EPOCH {"epoch": 34, "train_loss": 1.3603564705167497, "val": {"loss": 11.839093738132053, "mae": 11.632604598999023, "mape": 0.18334776163101196}, "test_mixed": {"loss": NaN, "mae": NaN, "mape": NaN}, "test_workday": {"loss": NaN, "mae": NaN, "mape": NaN}, "test_holiday": {"loss": NaN, "mae": NaN, "mape": NaN}, "test_avg_mae": NaN, "best_selection_value": 11.839093738132053, "best_selection_split": "val", "best_selection_metric": "val_loss", "lr": 0.001, "fpem_logs": {"fpem/fpem_env_use_exogenous": 1.0, "fpem/env_exogenous_available": 1.0, "fpem/env_exogenous_time_available": 1.0, "fpem/env_exogenous_load_available": 1.0, "fpem/env_exogenous_feature_dim": 32.0, "fpem/env_exogenous_embedding_norm": 2.481367524464925, "fpem/env_exogenous_load_embedding_norm": 1.6452523980821883, "fpem/fpem_env_use_period_context": 1.0, "fpem/env_period_context_available": 1.0, "fpem/env_period_day_available_ratio": 0.9732142857142857, "fpem/env_period_week_available_ratio": 0.8244047619047619, "fpem/env_period_context_feature_dim": 6.0, "fpem/env_period_context_scale": 0.10000000149011612, "fpem/env_period_context_delta_norm": 0.19645331402619678, "fpem/env_period_context_day_diff_norm": 0.16272705218621664, "fpem/env_period_context_week_diff_norm": 0.10188992733047122, "fpem/env_rep_ablation_normal": 1.0, "fpem/env_rep_ablation_zero": 0.0, "fpem/env_rep_ablation_shuffle_batch": 0.0, "fpem/env_rep_ablation_mode_id": 0.0, "fpem/mask_loss": 0.0, "fpem/mask_sparse_loss": 0.0, "fpem/mask_entropy_loss": 0.0, "fpem/mask_mean": 1.0, "fpem/mask_entropy": 0.0, "fpem/mask_active_ratio": 1.0, "fpem/fusion_alpha_mean": 0.0, "fpem/fusion_alpha_std": 0.0, "fpem/fusion_alpha_min": 0.0, "fpem/fusion_alpha_max": 0.0, "fpem/env_route_loss": 1.3603564705167497, "fpem/env_route_L_final": 8.996127019609723, "fpem/env_route_L_global": 0.0, "fpem/env_route_L_route_soft": 0.0, "fpem/env_route_L_expert": 9.397851662408739, "fpem/env_route_L_router_oracle": 1.3603564705167497, "fpem/env_route_L_balance": 0.0, "fpem/env_route_L_diverse": 0.0, "fpem/env_route_L_proto_align": 0.0, "fpem/env_route_entropy": 0.0, "fpem/env_route_q_max_mean": 0.0, "fpem/hyper_alpha_mean": 0.0, "fpem/hyper_delta_norm": 0.0, "fpem/hyper_route_proto_mode_uniform_warmup": 0.0, "fpem/hyper_route_proto_mode_uniform_fixed": 0.0, "fpem/hyper_route_proto_mode_sinkhorn": 0.0, "fpem/hyper_route_proto_mode_softmax": 0.0, "fpem/fallback_q_mean": 0.0, "fpem/fallback_q_max": 0.0, "fpem/env_q_sum_mean": 1.0, "fpem/oracle_fallback_rate": 0.0, "fpem/route_count_fallback": 0.0, "fpem/env_route_head_mode": 1.0, "fpem/route_entropy_mean": 0.0, "fpem/route_mean_distribution_entropy": 0.0, "fpem/effective_expert_number": 1.0, "fpem/max_expert_usage_ratio": 0.0, "fpem/min_expert_usage_ratio": 0.0, "fpem/prototype_pairwise_cosine": 0.0, "fpem/expert_prediction_pairwise_cosine": 0.0, "fpem/expert_collapse_warning": 0.0, "fpem/env_route_target_mode_env_prototype": 0.0, "fpem/env_route_target_mode_hybrid": 0.0, "fpem/env_route_hybrid_alpha": 0.0, "fpem/env_route_train_mode_warmup_risk_sinkhorn": 0.0, "fpem/warmup_risk_stage_warmup": 0.0, "fpem/warmup_risk_stage_soft": 0.0, "fpem/warmup_risk_stage_hard": 0.0, "fpem/warmup_risk_selected_loss": 0.0, "fpem/warmup_risk_uniform_common_loss": 0.0, "fpem/warmup_risk_lambda_common": 0.0, "fpem/warmup_risk_total_common_term": 0.0, "fpem/warmup_risk_temperature": 0.0, "fpem/warmup_risk_temperature_progress": 0.0, "fpem/uniform_expert_mae": 0.0, "fpem/risk_routed_mae": 0.0, "fpem/risk_prediction_mae": 0.0, "fpem/risk_loss": 0.0, "fpem/risk_ranking_loss": 0.0, "fpem/risk_ranking_accuracy": 0.0, "fpem/risk_oracle_argmin_accuracy": 0.0, "fpem/risk_router_temperature": 0.0, "fpem/risk_router_lambda": 0.0, "fpem/risk_router_pairwise_lambda": 0.0, "fpem/env_route_train_mode_progressive_gmm_environment": 0.0, "fpem/top_level_prediction_source_progressive_gmm_teacher_hard": 0.0, "fpem/progressive_assignment_uses_target_or_prediction_error": 0.0, "fpem/progressive_partition_ready": 0.0, "fpem/progressive_selected_k": 0.0, "fpem/progressive_active_expert_count": 0.0, "fpem/progressive_last_partition_epoch": 0.0, "fpem/progressive_lambda_common": 0.0, "fpem/progressive_common_term": 0.0, "fpem/progressive_compactness_loss": 0.0, "fpem/progressive_consistency_loss": 0.0, "fpem/progressive_cluster_entropy": 0.0, "fpem/progressive_assignment_change_ratio": 0.0, "fpem/progressive_hungarian_overlap_score": 0.0, "fpem/progressive_partition_update_time_sec": 0.0, "fpem/progressive_routed_mae": 0.0, "fpem/progressive_gmm_environment_total_replaces_primary": 0.0, "fpem/env_route_count_head_0": 16.0, "fpem/env_route_oracle_count_head_0": 16.0, "fpem/route_count_env_head_0": 16.0, "fpem/route_soft_mean_expert_0": 1.0, "fpem/route_hard_count_expert_0": 16.0, "fpem/hard_count_expert_0": 16.0, "fpem/sinkhorn_soft_col_mass_expert_0": 0.0, "fpem/progressive_active_expert_0": 0.0, "fpem/progressive_cluster_size_0": 0.0, "fpem/progressive_cluster_ratio_0": 0.0, "fpem/progressive_cluster_to_expert_0": 0.0, "fpem/progressive_bic_k1": 0.0, "fpem/progressive_bic_score_k1": 0.0, "fpem/progressive_bic_rejected_k1": 0.0, "fpem/hyper_alpha_head_0": 0.0, "fpem/hyper_gamma_norm_head_0": 0.0, "fpem/hyper_beta_norm_head_0": 0.0, "fpem/expert_cross_mae_group_0_expert_0": 9.397851662408739, "fpem/load_expert_loss": 9.397851662408739, "fpem/counterfactual_risk_router_loss": 1.3603564705167497, "fpem/counterfactual_risk_regression_loss": 1.017446169115248, "fpem/counterfactual_risk_ranking_loss": 0.6858206030868349, "fpem/load_level_assignment_detached": 1.0, "fpem/load_level_count_0": 1680.0, "fpem/load_level_ratio_0": 1.0, "fpem/expert_0_global_loss": 9.397851662408739, "fpem/expert_0_selected_loss": 9.397851662408739, "fpem/counterfactual_risk_stage2_active": 1.0, "fpem/counterfactual_risk_stage2_start_epoch": 20.0, "fpem/counterfactual_risk_all_environment_mae": 9.397851662408739, "fpem/counterfactual_risk_all_invariant_mae": 9.662237476167224, "fpem/counterfactual_risk_routed_mae": 9.485385803949265, "fpem/counterfactual_risk_oracle_mae": 9.357382520039875, "fpem/counterfactual_risk_router_accuracy": 0.5803571428571429, "fpem/counterfactual_risk_router_balanced_accuracy": 0.532778031769253, "fpem/counterfactual_risk_inv_route_ratio": 0.4, "fpem/counterfactual_risk_env_route_ratio": 0.6, "fpem/counterfactual_risk_inv_switch_precision": 0.23621349902380082, "fpem/counterfactual_risk_correct_inv_switches": 1.4761904761904763, "fpem/counterfactual_risk_harmful_inv_switches": 4.923809523809524, "fpem/counterfactual_risk_saved_loss": 0.017336858879952205, "fpem/counterfactual_risk_added_loss": 0.10487100481987, "fpem/counterfactual_risk_net_gain": -0.08753414154052734, "fpem/counterfactual_risk_regret": 0.12800328390938895, "fpem/counterfactual_risk_oracle_gap_closed": -4100.593810810752, "fpem/counterfactual_risk_delta_mean": -0.2643858258213316, "fpem/counterfactual_risk_target_inv_ratio": 0.20416666666666666, "fpem/counterfactual_risk_weight_env_sum": 8.228571333203996, "fpem/counterfactual_risk_weight_inv_sum": 7.77142851239159, "fpem/counterfactual_risk_prediction_is_hard_route": 1.0, "fpem/counterfactual_risk_prediction_is_soft_fusion": 0.0, "fpem/counterfactual_risk_target_detached": 1.0, "fpem/counterfactual_risk_uses_threshold": 0.0, "fpem/counterfactual_risk_all_samples_used_for_router": 1.0, "fpem/hard_router_predicted_env_ratio": 0.6, "fpem/hard_router_effective_env_ratio": 1.0, "fpem/hard_router_target_env_ratio": 0.7958333333333333, "fpem/hard_router_gain_mean": -0.2643858258213316, "fpem/expert_prediction_pairwise_difference": 0.0, "fpem/delta_pairwise_cosine": 0.0, "fpem/delta_pairwise_l1": 0.0, "fpem/delta_pairwise_l2": 0.0, "fpem/expert_0_parameter_norm": 14.887673377990723, "fpem/hard_binary_router_enabled": 0.0, "fpem/hard_router_uses_target_in_forward": 0.0, "fpem/stored_future_c_loaded": 0.0, "fpem/prediction_is_weighted_complete_fusion": 0.0, "fpem/prediction_is_hard_route": 1.0, "fpem/conservative_inv_override_enabled": 0.0, "fpem/conservative_router_features_detached": 1.0, "fpem/counterfactual_risk_router_enabled": 1.0, "fpem/counterfactual_risk_stage2_active_forward": 1.0, "fpem/counterfactual_risk_deploy_route_active": 0.0, "fpem/counterfactual_risk_training_uses_route": 0.0, "fpem/counterfactual_risk_forward_uses_threshold": 0.0, "fpem/future_mi_loss": 0.0, "fpem/future_mi_valid": 0.0, "fpem/future_mi_logvar_mean": 0.0, "fpem/future_mi_target_mode_env_encoder": 0.0, "fpem/swap_loss": 0.0, "fpem/swap_diff_loss": 0.0, "fpem/swap_same_loss": 0.0, "fpem/swap_gain_mean": 0.0, "fpem/swap_s_gain_mean": 0.0, "fpem/swap_fallback_router_loss": 0.0, "fpem/swap_fallback_q_mean": 0.0, "fpem/swap_prediction_delta": 0.0, "fpem/swap_route_delta": 0.0, "fpem/swap_hyper_alpha_delta": 0.0, "fpem/swap_hyper_delta_norm": 0.0, "fpem/loss_env_day": 0.0, "fpem/loss_env_hour": 0.0, "fpem/loss_env_rush": 0.0, "fpem/env_day_acc": 0.0, "fpem/env_hour_acc": 0.0, "fpem/env_rush_acc": 0.0, "fpem/loss_env_supcon": 0.0, "fpem/env_supcon_valid_pairs": 0.0, "fpem/loss_inv_env_adv": 0.0, "fpem/inv_day_acc": 0.0, "fpem/inv_hour_acc": 0.0, "fpem/inv_rush_acc": 0.0, "fpem/loss_cross_cov_sep": 0.0, "fpem/confounder_dep_enabled": 0.0, "fpem/confounder_dep_mode_gci": 1.0, "fpem/confounder_dep_mode_scd": 0.0, "fpem/confounder_dep_mode_both": 0.0, "fpem/confounder_dep_total": 0.0, "fpem/loss_gci": 0.0, "fpem/loss_gci_drop": 0.0, "fpem/loss_gci_keep": 0.0, "fpem/loss_gci_graph_align": 0.0, "fpem/loss_scd": 0.0, "fpem/loss_conf_kl": 0.0, "fpem/effective_gci_weight": 0.0, "fpem/effective_gci_graph_align_weight": 0.0, "fpem/effective_scd_weight": 0.0, "fpem/effective_conf_kl_weight": 0.0, "fpem/confounder_dep_ramp_factor": 0.0, "fpem/C_mean": 0.0, "fpem/C_std": 0.0, "fpem/C_norm": 0.0, "fpem/confounder_token_norm": 0.0, "fpem/confounder_variational": 0.0, "fpem/confounder_projection_trace": 0.0, "fpem/confounder_projection_ridge": 0.0, "fpem/confounder_projection_rank_dim": 0.0, "fpem/confounder_projection_calls": 0.0, "fpem/confounder_dep_detach_target": 0.0, "fpem/gci_nonedge_mass_before_C": 0.0, "fpem/gci_nonedge_mass_after_C": 0.0, "fpem/gci_nonedge_mass_reduction": 0.0, "fpem/gci_relative_violation": 0.0, "fpem/gci_edge_before_C": 0.0, "fpem/gci_edge_after_C": 0.0, "fpem/gci_nonedge_conn_before_C": 0.0, "fpem/gci_nonedge_conn_after_C": 0.0, "fpem/gci_nonedge_conn_reduction": 0.0, "fpem/gci_edge_conn_before_C": 0.0, "fpem/gci_edge_conn_after_C": 0.0, "fpem/gci_edge_conn_reduction": 0.0, "fpem/gci_nonedge_dep_before_C": 0.0, "fpem/gci_nonedge_dep_after_C": 0.0, "fpem/gci_nonedge_dep_reduction": 0.0, "fpem/gci_edge_dep_before_C": 0.0, "fpem/gci_edge_dep_after_C": 0.0, "fpem/gci_nonedge_count": 0.0, "fpem/gci_edge_count": 0.0, "fpem/gci_node_count": 0.0, "fpem/gci_node_vector_dim": 0.0, "fpem/gci_graph_embed_dim": 0.0, "fpem/gci_graph_embedding_norm_before": 0.0, "fpem/gci_graph_embedding_norm_after": 0.0, "fpem/gci_graph_embedding_std_before": 0.0, "fpem/gci_graph_embedding_std_after": 0.0, "fpem/gci_graph_adj_mean_before": 0.0, "fpem/gci_graph_adj_mean_after": 0.0, "fpem/gci_graph_adj_std_before": 0.0, "fpem/gci_graph_adj_std_after": 0.0, "fpem/gci_graph_align_weight": 0.0, "fpem/gci_graph_align_raw_mse": 0.0, "fpem/gci_graph_align_normalized": 0.0, "fpem/gci_edge_preserve_beta": 0.0, "fpem/gci_graph_align_target_available": 0.0, "fpem/gci_target_adj_mean": 0.0, "fpem/gci_target_adj_std": 0.0, "fpem/gci_target_edge_mean": 0.0, "fpem/gci_target_nonedge_mean": 0.0, "fpem/gci_target_diag_mean": 0.0, "fpem/gci_graph_align_updates_agcrn": 0.0, "fpem/gci_updates_graph_linear": 0.0, "fpem/gci_graph_construction_agcrn_softmax": 0.0, "fpem/scd_assoc_before_C": 0.0, "fpem/scd_assoc_after_C": 0.0, "fpem/scd_assoc_reduction": 0.0, "fpem/scd_relative_violation": 0.0, "fpem/sample_assoc_before_C": 0.0, "fpem/sample_assoc_after_C": 0.0, "fpem/sample_assoc_reduction": 0.0, "fpem/sample_dep_before_C": 0.0, "fpem/sample_dep_after_C": 0.0, "fpem/sample_dep_reduction": 0.0, "fpem/scd_batch_size": 0.0, "fpem/scd_sample_vector_dim": 0.0, "fpem/sample_kernel_alignment": 0.0, "fpem/scd_alignment_loss": 0.0, "fpem/load_level_experts_enabled": 1.0, "fpem/load_level_uses_target_or_future_load": 0.0, "fpem/environment_gate_uses_target_in_forward": 0.0, "fpem/load_level_env_residual_scale": 0.0, "fpem/uses_cached_observable_load_prior": 1.0, "fpem/primary_loss": 8.996127019609723, "fpem/inv_pred_loss": 9.218353761945451, "fpem/primary_uses_route": 1.0, "fpem/primary_uses_env_fusion": 0.0, "fpem/backbone_agcrn": 1.0, "fpem/backbone_graphwavenet": 0.0, "fpem/backbone_staeformer": 0.0, "fpem/gc_pred_loss_only": 1.0, "fpem/env_route_head_mode_hyper_proto": 1.0, "fpem/fpem_force_uniform_route": 0.0, "fpem/hard_prediction_sinkhorn_total_replaces_primary": 0.0, "fpem/hard_prediction_environment_sinkhorn_total_replaces_primary": 0.0, "fpem/warmup_risk_sinkhorn_total_replaces_primary": 0.0, "fpem/lambda_club_mi": 0.0}}
EPOCH {"epoch": 35, "train_loss": 1.3272650758425395, "val": {"loss": 11.838577217525906, "mae": 11.632741928100586, "mape": 0.18328693509101868}, "test_mixed": {"loss": NaN, "mae": NaN, "mape": NaN}, "test_workday": {"loss": NaN, "mae": NaN, "mape": NaN}, "test_holiday": {"loss": NaN, "mae": NaN, "mape": NaN}, "test_avg_mae": NaN, "best_selection_value": 11.838577217525906, "best_selection_split": "val", "best_selection_metric": "val_loss", "lr": 0.001, "fpem_logs": {"fpem/fpem_env_use_exogenous": 1.0, "fpem/env_exogenous_available": 1.0, "fpem/env_exogenous_time_available": 1.0, "fpem/env_exogenous_load_available": 1.0, "fpem/env_exogenous_feature_dim": 32.0, "fpem/env_exogenous_embedding_norm": 2.481367504029047, "fpem/env_exogenous_load_embedding_norm": 1.645252387864249, "fpem/fpem_env_use_period_context": 1.0, "fpem/env_period_context_available": 1.0, "fpem/env_period_day_available_ratio": 0.9732142857142857, "fpem/env_period_week_available_ratio": 0.8244047619047619, "fpem/env_period_context_feature_dim": 6.0, "fpem/env_period_context_scale": 0.10000000149011612, "fpem/env_period_context_delta_norm": 0.1964533145938601, "fpem/env_period_context_day_diff_norm": 0.16272705239909036, "fpem/env_period_context_week_diff_norm": 0.10188992701116062, "fpem/env_rep_ablation_normal": 1.0, "fpem/env_rep_ablation_zero": 0.0, "fpem/env_rep_ablation_shuffle_batch": 0.0, "fpem/env_rep_ablation_mode_id": 0.0, "fpem/mask_loss": 0.0, "fpem/mask_sparse_loss": 0.0, "fpem/mask_entropy_loss": 0.0, "fpem/mask_mean": 1.0, "fpem/mask_entropy": 0.0, "fpem/mask_active_ratio": 1.0, "fpem/fusion_alpha_mean": 0.0, "fpem/fusion_alpha_std": 0.0, "fpem/fusion_alpha_min": 0.0, "fpem/fusion_alpha_max": 0.0, "fpem/env_route_loss": 1.3272650758425395, "fpem/env_route_L_final": 8.997269135429745, "fpem/env_route_L_global": 0.0, "fpem/env_route_L_route_soft": 0.0, "fpem/env_route_L_expert": 9.397872652326312, "fpem/env_route_L_router_oracle": 1.3272650758425395, "fpem/env_route_L_balance": 0.0, "fpem/env_route_L_diverse": 0.0, "fpem/env_route_L_proto_align": 0.0, "fpem/env_route_entropy": 0.0, "fpem/env_route_q_max_mean": 0.0, "fpem/hyper_alpha_mean": 0.0, "fpem/hyper_delta_norm": 0.0, "fpem/hyper_route_proto_mode_uniform_warmup": 0.0, "fpem/hyper_route_proto_mode_uniform_fixed": 0.0, "fpem/hyper_route_proto_mode_sinkhorn": 0.0, "fpem/hyper_route_proto_mode_softmax": 0.0, "fpem/fallback_q_mean": 0.0, "fpem/fallback_q_max": 0.0, "fpem/env_q_sum_mean": 1.0, "fpem/oracle_fallback_rate": 0.0, "fpem/route_count_fallback": 0.0, "fpem/env_route_head_mode": 1.0, "fpem/route_entropy_mean": 0.0, "fpem/route_mean_distribution_entropy": 0.0, "fpem/effective_expert_number": 1.0, "fpem/max_expert_usage_ratio": 0.0, "fpem/min_expert_usage_ratio": 0.0, "fpem/prototype_pairwise_cosine": 0.0, "fpem/expert_prediction_pairwise_cosine": 0.0, "fpem/expert_collapse_warning": 0.0, "fpem/env_route_target_mode_env_prototype": 0.0, "fpem/env_route_target_mode_hybrid": 0.0, "fpem/env_route_hybrid_alpha": 0.0, "fpem/env_route_train_mode_warmup_risk_sinkhorn": 0.0, "fpem/warmup_risk_stage_warmup": 0.0, "fpem/warmup_risk_stage_soft": 0.0, "fpem/warmup_risk_stage_hard": 0.0, "fpem/warmup_risk_selected_loss": 0.0, "fpem/warmup_risk_uniform_common_loss": 0.0, "fpem/warmup_risk_lambda_common": 0.0, "fpem/warmup_risk_total_common_term": 0.0, "fpem/warmup_risk_temperature": 0.0, "fpem/warmup_risk_temperature_progress": 0.0, "fpem/uniform_expert_mae": 0.0, "fpem/risk_routed_mae": 0.0, "fpem/risk_prediction_mae": 0.0, "fpem/risk_loss": 0.0, "fpem/risk_ranking_loss": 0.0, "fpem/risk_ranking_accuracy": 0.0, "fpem/risk_oracle_argmin_accuracy": 0.0, "fpem/risk_router_temperature": 0.0, "fpem/risk_router_lambda": 0.0, "fpem/risk_router_pairwise_lambda": 0.0, "fpem/env_route_train_mode_progressive_gmm_environment": 0.0, "fpem/top_level_prediction_source_progressive_gmm_teacher_hard": 0.0, "fpem/progressive_assignment_uses_target_or_prediction_error": 0.0, "fpem/progressive_partition_ready": 0.0, "fpem/progressive_selected_k": 0.0, "fpem/progressive_active_expert_count": 0.0, "fpem/progressive_last_partition_epoch": 0.0, "fpem/progressive_lambda_common": 0.0, "fpem/progressive_common_term": 0.0, "fpem/progressive_compactness_loss": 0.0, "fpem/progressive_consistency_loss": 0.0, "fpem/progressive_cluster_entropy": 0.0, "fpem/progressive_assignment_change_ratio": 0.0, "fpem/progressive_hungarian_overlap_score": 0.0, "fpem/progressive_partition_update_time_sec": 0.0, "fpem/progressive_routed_mae": 0.0, "fpem/progressive_gmm_environment_total_replaces_primary": 0.0, "fpem/env_route_count_head_0": 16.0, "fpem/env_route_oracle_count_head_0": 16.0, "fpem/route_count_env_head_0": 16.0, "fpem/route_soft_mean_expert_0": 1.0, "fpem/route_hard_count_expert_0": 16.0, "fpem/hard_count_expert_0": 16.0, "fpem/sinkhorn_soft_col_mass_expert_0": 0.0, "fpem/progressive_active_expert_0": 0.0, "fpem/progressive_cluster_size_0": 0.0, "fpem/progressive_cluster_ratio_0": 0.0, "fpem/progressive_cluster_to_expert_0": 0.0, "fpem/progressive_bic_k1": 0.0, "fpem/progressive_bic_score_k1": 0.0, "fpem/progressive_bic_rejected_k1": 0.0, "fpem/hyper_alpha_head_0": 0.0, "fpem/hyper_gamma_norm_head_0": 0.0, "fpem/hyper_beta_norm_head_0": 0.0, "fpem/expert_cross_mae_group_0_expert_0": 9.397872652326312, "fpem/load_expert_loss": 9.397872652326312, "fpem/counterfactual_risk_router_loss": 1.3272650758425395, "fpem/counterfactual_risk_regression_loss": 0.9815433679592042, "fpem/counterfactual_risk_ranking_loss": 0.6914434137798491, "fpem/load_level_assignment_detached": 1.0, "fpem/load_level_count_0": 1680.0, "fpem/load_level_ratio_0": 1.0, "fpem/expert_0_global_loss": 9.397872652326312, "fpem/expert_0_selected_loss": 9.397872652326312, "fpem/counterfactual_risk_stage2_active": 1.0, "fpem/counterfactual_risk_stage2_start_epoch": 20.0, "fpem/counterfactual_risk_all_environment_mae": 9.397872652326312, "fpem/counterfactual_risk_all_invariant_mae": 9.662237535204206, "fpem/counterfactual_risk_routed_mae": 9.478158791859945, "fpem/counterfactual_risk_oracle_mae": 9.357399885995047, "fpem/counterfactual_risk_router_accuracy": 0.5928571428571429, "fpem/counterfactual_risk_router_balanced_accuracy": 0.522235038450786, "fpem/counterfactual_risk_inv_route_ratio": 0.37202380952380953, "fpem/counterfactual_risk_env_route_ratio": 0.6279761904761905, "fpem/counterfactual_risk_inv_switch_precision": 0.21825843737238929, "fpem/counterfactual_risk_correct_inv_switches": 1.3523809523809525, "fpem/counterfactual_risk_harmful_inv_switches": 4.6, "fpem/counterfactual_risk_saved_loss": 0.01497369266691662, "fpem/counterfactual_risk_added_loss": 0.09525988939262572, "fpem/counterfactual_risk_net_gain": -0.08028613953363328, "fpem/counterfactual_risk_regret": 0.12075890586489722, "fpem/counterfactual_risk_oracle_gap_closed": -2721.26563220135, "fpem/counterfactual_risk_delta_mean": -0.26436486343542737, "fpem/counterfactual_risk_target_inv_ratio": 0.20416666666666666, "fpem/counterfactual_risk_weight_env_sum": 8.228571392240978, "fpem/counterfactual_risk_weight_inv_sum": 7.771428526015509, "fpem/counterfactual_risk_prediction_is_hard_route": 1.0, "fpem/counterfactual_risk_prediction_is_soft_fusion": 0.0, "fpem/counterfactual_risk_target_detached": 1.0, "fpem/counterfactual_risk_uses_threshold": 0.0, "fpem/counterfactual_risk_all_samples_used_for_router": 1.0, "fpem/hard_router_predicted_env_ratio": 0.6279761904761905, "fpem/hard_router_effective_env_ratio": 1.0, "fpem/hard_router_target_env_ratio": 0.7958333333333333, "fpem/hard_router_gain_mean": -0.26436486343542737, "fpem/expert_prediction_pairwise_difference": 0.0, "fpem/delta_pairwise_cosine": 0.0, "fpem/delta_pairwise_l1": 0.0, "fpem/delta_pairwise_l2": 0.0, "fpem/expert_0_parameter_norm": 14.887673377990723, "fpem/hard_binary_router_enabled": 0.0, "fpem/hard_router_uses_target_in_forward": 0.0, "fpem/stored_future_c_loaded": 0.0, "fpem/prediction_is_weighted_complete_fusion": 0.0, "fpem/prediction_is_hard_route": 1.0, "fpem/conservative_inv_override_enabled": 0.0, "fpem/conservative_router_features_detached": 1.0, "fpem/counterfactual_risk_router_enabled": 1.0, "fpem/counterfactual_risk_stage2_active_forward": 1.0, "fpem/counterfactual_risk_deploy_route_active": 0.0, "fpem/counterfactual_risk_training_uses_route": 0.0, "fpem/counterfactual_risk_forward_uses_threshold": 0.0, "fpem/future_mi_loss": 0.0, "fpem/future_mi_valid": 0.0, "fpem/future_mi_logvar_mean": 0.0, "fpem/future_mi_target_mode_env_encoder": 0.0, "fpem/swap_loss": 0.0, "fpem/swap_diff_loss": 0.0, "fpem/swap_same_loss": 0.0, "fpem/swap_gain_mean": 0.0, "fpem/swap_s_gain_mean": 0.0, "fpem/swap_fallback_router_loss": 0.0, "fpem/swap_fallback_q_mean": 0.0, "fpem/swap_prediction_delta": 0.0, "fpem/swap_route_delta": 0.0, "fpem/swap_hyper_alpha_delta": 0.0, "fpem/swap_hyper_delta_norm": 0.0, "fpem/loss_env_day": 0.0, "fpem/loss_env_hour": 0.0, "fpem/loss_env_rush": 0.0, "fpem/env_day_acc": 0.0, "fpem/env_hour_acc": 0.0, "fpem/env_rush_acc": 0.0, "fpem/loss_env_supcon": 0.0, "fpem/env_supcon_valid_pairs": 0.0, "fpem/loss_inv_env_adv": 0.0, "fpem/inv_day_acc": 0.0, "fpem/inv_hour_acc": 0.0, "fpem/inv_rush_acc": 0.0, "fpem/loss_cross_cov_sep": 0.0, "fpem/confounder_dep_enabled": 0.0, "fpem/confounder_dep_mode_gci": 1.0, "fpem/confounder_dep_mode_scd": 0.0, "fpem/confounder_dep_mode_both": 0.0, "fpem/confounder_dep_total": 0.0, "fpem/loss_gci": 0.0, "fpem/loss_gci_drop": 0.0, "fpem/loss_gci_keep": 0.0, "fpem/loss_gci_graph_align": 0.0, "fpem/loss_scd": 0.0, "fpem/loss_conf_kl": 0.0, "fpem/effective_gci_weight": 0.0, "fpem/effective_gci_graph_align_weight": 0.0, "fpem/effective_scd_weight": 0.0, "fpem/effective_conf_kl_weight": 0.0, "fpem/confounder_dep_ramp_factor": 0.0, "fpem/C_mean": 0.0, "fpem/C_std": 0.0, "fpem/C_norm": 0.0, "fpem/confounder_token_norm": 0.0, "fpem/confounder_variational": 0.0, "fpem/confounder_projection_trace": 0.0, "fpem/confounder_projection_ridge": 0.0, "fpem/confounder_projection_rank_dim": 0.0, "fpem/confounder_projection_calls": 0.0, "fpem/confounder_dep_detach_target": 0.0, "fpem/gci_nonedge_mass_before_C": 0.0, "fpem/gci_nonedge_mass_after_C": 0.0, "fpem/gci_nonedge_mass_reduction": 0.0, "fpem/gci_relative_violation": 0.0, "fpem/gci_edge_before_C": 0.0, "fpem/gci_edge_after_C": 0.0, "fpem/gci_nonedge_conn_before_C": 0.0, "fpem/gci_nonedge_conn_after_C": 0.0, "fpem/gci_nonedge_conn_reduction": 0.0, "fpem/gci_edge_conn_before_C": 0.0, "fpem/gci_edge_conn_after_C": 0.0, "fpem/gci_edge_conn_reduction": 0.0, "fpem/gci_nonedge_dep_before_C": 0.0, "fpem/gci_nonedge_dep_after_C": 0.0, "fpem/gci_nonedge_dep_reduction": 0.0, "fpem/gci_edge_dep_before_C": 0.0, "fpem/gci_edge_dep_after_C": 0.0, "fpem/gci_nonedge_count": 0.0, "fpem/gci_edge_count": 0.0, "fpem/gci_node_count": 0.0, "fpem/gci_node_vector_dim": 0.0, "fpem/gci_graph_embed_dim": 0.0, "fpem/gci_graph_embedding_norm_before": 0.0, "fpem/gci_graph_embedding_norm_after": 0.0, "fpem/gci_graph_embedding_std_before": 0.0, "fpem/gci_graph_embedding_std_after": 0.0, "fpem/gci_graph_adj_mean_before": 0.0, "fpem/gci_graph_adj_mean_after": 0.0, "fpem/gci_graph_adj_std_before": 0.0, "fpem/gci_graph_adj_std_after": 0.0, "fpem/gci_graph_align_weight": 0.0, "fpem/gci_graph_align_raw_mse": 0.0, "fpem/gci_graph_align_normalized": 0.0, "fpem/gci_edge_preserve_beta": 0.0, "fpem/gci_graph_align_target_available": 0.0, "fpem/gci_target_adj_mean": 0.0, "fpem/gci_target_adj_std": 0.0, "fpem/gci_target_edge_mean": 0.0, "fpem/gci_target_nonedge_mean": 0.0, "fpem/gci_target_diag_mean": 0.0, "fpem/gci_graph_align_updates_agcrn": 0.0, "fpem/gci_updates_graph_linear": 0.0, "fpem/gci_graph_construction_agcrn_softmax": 0.0, "fpem/scd_assoc_before_C": 0.0, "fpem/scd_assoc_after_C": 0.0, "fpem/scd_assoc_reduction": 0.0, "fpem/scd_relative_violation": 0.0, "fpem/sample_assoc_before_C": 0.0, "fpem/sample_assoc_after_C": 0.0, "fpem/sample_assoc_reduction": 0.0, "fpem/sample_dep_before_C": 0.0, "fpem/sample_dep_after_C": 0.0, "fpem/sample_dep_reduction": 0.0, "fpem/scd_batch_size": 0.0, "fpem/scd_sample_vector_dim": 0.0, "fpem/sample_kernel_alignment": 0.0, "fpem/scd_alignment_loss": 0.0, "fpem/load_level_experts_enabled": 1.0, "fpem/load_level_uses_target_or_future_load": 0.0, "fpem/environment_gate_uses_target_in_forward": 0.0, "fpem/load_level_env_residual_scale": 0.0, "fpem/uses_cached_observable_load_prior": 1.0, "fpem/primary_loss": 8.997269135429745, "fpem/inv_pred_loss": 9.219983414241247, "fpem/primary_uses_route": 1.0, "fpem/primary_uses_env_fusion": 0.0, "fpem/backbone_agcrn": 1.0, "fpem/backbone_graphwavenet": 0.0, "fpem/backbone_staeformer": 0.0, "fpem/gc_pred_loss_only": 1.0, "fpem/env_route_head_mode_hyper_proto": 1.0, "fpem/fpem_force_uniform_route": 0.0, "fpem/hard_prediction_sinkhorn_total_replaces_primary": 0.0, "fpem/hard_prediction_environment_sinkhorn_total_replaces_primary": 0.0, "fpem/warmup_risk_sinkhorn_total_replaces_primary": 0.0, "fpem/lambda_club_mi": 0.0}}
EPOCH {"epoch": 36, "train_loss": 1.274972384884244, "val": {"loss": 11.816560533311632, "mae": 11.608593940734863, "mape": 0.17911525070667267}, "test_mixed": {"loss": NaN, "mae": NaN, "mape": NaN}, "test_workday": {"loss": NaN, "mae": NaN, "mape": NaN}, "test_holiday": {"loss": NaN, "mae": NaN, "mape": NaN}, "test_avg_mae": NaN, "best_selection_value": 11.816560533311632, "best_selection_split": "val", "best_selection_metric": "val_loss", "lr": 0.001, "fpem_logs": {"fpem/fpem_env_use_exogenous": 1.0, "fpem/env_exogenous_available": 1.0, "fpem/env_exogenous_time_available": 1.0, "fpem/env_exogenous_load_available": 1.0, "fpem/env_exogenous_feature_dim": 32.0, "fpem/env_exogenous_embedding_norm": 2.4813675267355784, "fpem/env_exogenous_load_embedding_norm": 1.6452523844582694, "fpem/fpem_env_use_period_context": 1.0, "fpem/env_period_context_available": 1.0, "fpem/env_period_day_available_ratio": 0.9732142857142857, "fpem/env_period_week_available_ratio": 0.8244047619047619, "fpem/env_period_context_feature_dim": 6.0, "fpem/env_period_context_scale": 0.10000000149011612, "fpem/env_period_context_delta_norm": 0.19645331388428097, "fpem/env_period_context_day_diff_norm": 0.16272705282483782, "fpem/env_period_context_week_diff_norm": 0.1018899265499342, "fpem/env_rep_ablation_normal": 1.0, "fpem/env_rep_ablation_zero": 0.0, "fpem/env_rep_ablation_shuffle_batch": 0.0, "fpem/env_rep_ablation_mode_id": 0.0, "fpem/mask_loss": 0.0, "fpem/mask_sparse_loss": 0.0, "fpem/mask_entropy_loss": 0.0, "fpem/mask_mean": 1.0, "fpem/mask_entropy": 0.0, "fpem/mask_active_ratio": 1.0, "fpem/fusion_alpha_mean": 0.0, "fpem/fusion_alpha_std": 0.0, "fpem/fusion_alpha_min": 0.0, "fpem/fusion_alpha_max": 0.0, "fpem/env_route_loss": 1.274972384884244, "fpem/env_route_L_final": 8.99185275123233, "fpem/env_route_L_global": 0.0, "fpem/env_route_L_route_soft": 0.0, "fpem/env_route_L_expert": 9.397855613345191, "fpem/env_route_L_router_oracle": 1.274972384884244, "fpem/env_route_L_balance": 0.0, "fpem/env_route_L_diverse": 0.0, "fpem/env_route_L_proto_align": 0.0, "fpem/env_route_entropy": 0.0, "fpem/env_route_q_max_mean": 0.0, "fpem/hyper_alpha_mean": 0.0, "fpem/hyper_delta_norm": 0.0, "fpem/hyper_route_proto_mode_uniform_warmup": 0.0, "fpem/hyper_route_proto_mode_uniform_fixed": 0.0, "fpem/hyper_route_proto_mode_sinkhorn": 0.0, "fpem/hyper_route_proto_mode_softmax": 0.0, "fpem/fallback_q_mean": 0.0, "fpem/fallback_q_max": 0.0, "fpem/env_q_sum_mean": 1.0, "fpem/oracle_fallback_rate": 0.0, "fpem/route_count_fallback": 0.0, "fpem/env_route_head_mode": 1.0, "fpem/route_entropy_mean": 0.0, "fpem/route_mean_distribution_entropy": 0.0, "fpem/effective_expert_number": 1.0, "fpem/max_expert_usage_ratio": 0.0, "fpem/min_expert_usage_ratio": 0.0, "fpem/prototype_pairwise_cosine": 0.0, "fpem/expert_prediction_pairwise_cosine": 0.0, "fpem/expert_collapse_warning": 0.0, "fpem/env_route_target_mode_env_prototype": 0.0, "fpem/env_route_target_mode_hybrid": 0.0, "fpem/env_route_hybrid_alpha": 0.0, "fpem/env_route_train_mode_warmup_risk_sinkhorn": 0.0, "fpem/warmup_risk_stage_warmup": 0.0, "fpem/warmup_risk_stage_soft": 0.0, "fpem/warmup_risk_stage_hard": 0.0, "fpem/warmup_risk_selected_loss": 0.0, "fpem/warmup_risk_uniform_common_loss": 0.0, "fpem/warmup_risk_lambda_common": 0.0, "fpem/warmup_risk_total_common_term": 0.0, "fpem/warmup_risk_temperature": 0.0, "fpem/warmup_risk_temperature_progress": 0.0, "fpem/uniform_expert_mae": 0.0, "fpem/risk_routed_mae": 0.0, "fpem/risk_prediction_mae": 0.0, "fpem/risk_loss": 0.0, "fpem/risk_ranking_loss": 0.0, "fpem/risk_ranking_accuracy": 0.0, "fpem/risk_oracle_argmin_accuracy": 0.0, "fpem/risk_router_temperature": 0.0, "fpem/risk_router_lambda": 0.0, "fpem/risk_router_pairwise_lambda": 0.0, "fpem/env_route_train_mode_progressive_gmm_environment": 0.0, "fpem/top_level_prediction_source_progressive_gmm_teacher_hard": 0.0, "fpem/progressive_assignment_uses_target_or_prediction_error": 0.0, "fpem/progressive_partition_ready": 0.0, "fpem/progressive_selected_k": 0.0, "fpem/progressive_active_expert_count": 0.0, "fpem/progressive_last_partition_epoch": 0.0, "fpem/progressive_lambda_common": 0.0, "fpem/progressive_common_term": 0.0, "fpem/progressive_compactness_loss": 0.0, "fpem/progressive_consistency_loss": 0.0, "fpem/progressive_cluster_entropy": 0.0, "fpem/progressive_assignment_change_ratio": 0.0, "fpem/progressive_hungarian_overlap_score": 0.0, "fpem/progressive_partition_update_time_sec": 0.0, "fpem/progressive_routed_mae": 0.0, "fpem/progressive_gmm_environment_total_replaces_primary": 0.0, "fpem/env_route_count_head_0": 16.0, "fpem/env_route_oracle_count_head_0": 16.0, "fpem/route_count_env_head_0": 16.0, "fpem/route_soft_mean_expert_0": 1.0, "fpem/route_hard_count_expert_0": 16.0, "fpem/hard_count_expert_0": 16.0, "fpem/sinkhorn_soft_col_mass_expert_0": 0.0, "fpem/progressive_active_expert_0": 0.0, "fpem/progressive_cluster_size_0": 0.0, "fpem/progressive_cluster_ratio_0": 0.0, "fpem/progressive_cluster_to_expert_0": 0.0, "fpem/progressive_bic_k1": 0.0, "fpem/progressive_bic_score_k1": 0.0, "fpem/progressive_bic_rejected_k1": 0.0, "fpem/hyper_alpha_head_0": 0.0, "fpem/hyper_gamma_norm_head_0": 0.0, "fpem/hyper_beta_norm_head_0": 0.0, "fpem/expert_cross_mae_group_0_expert_0": 9.397855613345191, "fpem/load_expert_loss": 9.397855613345191, "fpem/counterfactual_risk_router_loss": 1.274972384884244, "fpem/counterfactual_risk_regression_loss": 0.9294749092488062, "fpem/counterfactual_risk_ranking_loss": 0.6909949467295692, "fpem/load_level_assignment_detached": 1.0, "fpem/load_level_count_0": 1680.0, "fpem/load_level_ratio_0": 1.0, "fpem/expert_0_global_loss": 9.397855613345191, "fpem/expert_0_selected_loss": 9.397855613345191, "fpem/counterfactual_risk_stage2_active": 1.0, "fpem/counterfactual_risk_stage2_start_epoch": 20.0, "fpem/counterfactual_risk_all_environment_mae": 9.397855613345191, "fpem/counterfactual_risk_all_invariant_mae": 9.662237553369431, "fpem/counterfactual_risk_routed_mae": 9.47797246660505, "fpem/counterfactual_risk_oracle_mae": 9.35738486335391, "fpem/counterfactual_risk_router_accuracy": 0.5988095238095238, "fpem/counterfactual_risk_router_balanced_accuracy": 0.527614318047251, "fpem/counterfactual_risk_inv_route_ratio": 0.36488095238095236, "fpem/counterfactual_risk_env_route_ratio": 0.6351190476190476, "fpem/counterfactual_risk_inv_switch_precision": 0.2219751979623522, "fpem/counterfactual_risk_correct_inv_switches": 1.3428571428571427, "fpem/counterfactual_risk_harmful_inv_switches": 4.495238095238095, "fpem/counterfactual_risk_saved_loss": 0.015290077101616633, "fpem/counterfactual_risk_added_loss": 0.09540695533865974, "fpem/counterfactual_risk_net_gain": -0.08011685325985864, "fpem/counterfactual_risk_regret": 0.12058760325113932, "fpem/counterfactual_risk_oracle_gap_closed": -4895.464954715666, "fpem/counterfactual_risk_delta_mean": -0.26438187999384744, "fpem/counterfactual_risk_target_inv_ratio": 0.20416666666666666, "fpem/counterfactual_risk_weight_env_sum": 8.304761809394472, "fpem/counterfactual_risk_weight_inv_sum": 7.695238054366339, "fpem/counterfactual_risk_prediction_is_hard_route": 1.0, "fpem/counterfactual_risk_prediction_is_soft_fusion": 0.0, "fpem/counterfactual_risk_target_detached": 1.0, "fpem/counterfactual_risk_uses_threshold": 0.0, "fpem/counterfactual_risk_all_samples_used_for_router": 1.0, "fpem/hard_router_predicted_env_ratio": 0.6351190476190476, "fpem/hard_router_effective_env_ratio": 1.0, "fpem/hard_router_target_env_ratio": 0.7958333333333333, "fpem/hard_router_gain_mean": -0.26438187999384744, "fpem/expert_prediction_pairwise_difference": 0.0, "fpem/delta_pairwise_cosine": 0.0, "fpem/delta_pairwise_l1": 0.0, "fpem/delta_pairwise_l2": 0.0, "fpem/expert_0_parameter_norm": 14.887673377990723, "fpem/hard_binary_router_enabled": 0.0, "fpem/hard_router_uses_target_in_forward": 0.0, "fpem/stored_future_c_loaded": 0.0, "fpem/prediction_is_weighted_complete_fusion": 0.0, "fpem/prediction_is_hard_route": 1.0, "fpem/conservative_inv_override_enabled": 0.0, "fpem/conservative_router_features_detached": 1.0, "fpem/counterfactual_risk_router_enabled": 1.0, "fpem/counterfactual_risk_stage2_active_forward": 1.0, "fpem/counterfactual_risk_deploy_route_active": 0.0, "fpem/counterfactual_risk_training_uses_route": 0.0, "fpem/counterfactual_risk_forward_uses_threshold": 0.0, "fpem/future_mi_loss": 0.0, "fpem/future_mi_valid": 0.0, "fpem/future_mi_logvar_mean": 0.0, "fpem/future_mi_target_mode_env_encoder": 0.0, "fpem/swap_loss": 0.0, "fpem/swap_diff_loss": 0.0, "fpem/swap_same_loss": 0.0, "fpem/swap_gain_mean": 0.0, "fpem/swap_s_gain_mean": 0.0, "fpem/swap_fallback_router_loss": 0.0, "fpem/swap_fallback_q_mean": 0.0, "fpem/swap_prediction_delta": 0.0, "fpem/swap_route_delta": 0.0, "fpem/swap_hyper_alpha_delta": 0.0, "fpem/swap_hyper_delta_norm": 0.0, "fpem/loss_env_day": 0.0, "fpem/loss_env_hour": 0.0, "fpem/loss_env_rush": 0.0, "fpem/env_day_acc": 0.0, "fpem/env_hour_acc": 0.0, "fpem/env_rush_acc": 0.0, "fpem/loss_env_supcon": 0.0, "fpem/env_supcon_valid_pairs": 0.0, "fpem/loss_inv_env_adv": 0.0, "fpem/inv_day_acc": 0.0, "fpem/inv_hour_acc": 0.0, "fpem/inv_rush_acc": 0.0, "fpem/loss_cross_cov_sep": 0.0, "fpem/confounder_dep_enabled": 0.0, "fpem/confounder_dep_mode_gci": 1.0, "fpem/confounder_dep_mode_scd": 0.0, "fpem/confounder_dep_mode_both": 0.0, "fpem/confounder_dep_total": 0.0, "fpem/loss_gci": 0.0, "fpem/loss_gci_drop": 0.0, "fpem/loss_gci_keep": 0.0, "fpem/loss_gci_graph_align": 0.0, "fpem/loss_scd": 0.0, "fpem/loss_conf_kl": 0.0, "fpem/effective_gci_weight": 0.0, "fpem/effective_gci_graph_align_weight": 0.0, "fpem/effective_scd_weight": 0.0, "fpem/effective_conf_kl_weight": 0.0, "fpem/confounder_dep_ramp_factor": 0.0, "fpem/C_mean": 0.0, "fpem/C_std": 0.0, "fpem/C_norm": 0.0, "fpem/confounder_token_norm": 0.0, "fpem/confounder_variational": 0.0, "fpem/confounder_projection_trace": 0.0, "fpem/confounder_projection_ridge": 0.0, "fpem/confounder_projection_rank_dim": 0.0, "fpem/confounder_projection_calls": 0.0, "fpem/confounder_dep_detach_target": 0.0, "fpem/gci_nonedge_mass_before_C": 0.0, "fpem/gci_nonedge_mass_after_C": 0.0, "fpem/gci_nonedge_mass_reduction": 0.0, "fpem/gci_relative_violation": 0.0, "fpem/gci_edge_before_C": 0.0, "fpem/gci_edge_after_C": 0.0, "fpem/gci_nonedge_conn_before_C": 0.0, "fpem/gci_nonedge_conn_after_C": 0.0, "fpem/gci_nonedge_conn_reduction": 0.0, "fpem/gci_edge_conn_before_C": 0.0, "fpem/gci_edge_conn_after_C": 0.0, "fpem/gci_edge_conn_reduction": 0.0, "fpem/gci_nonedge_dep_before_C": 0.0, "fpem/gci_nonedge_dep_after_C": 0.0, "fpem/gci_nonedge_dep_reduction": 0.0, "fpem/gci_edge_dep_before_C": 0.0, "fpem/gci_edge_dep_after_C": 0.0, "fpem/gci_nonedge_count": 0.0, "fpem/gci_edge_count": 0.0, "fpem/gci_node_count": 0.0, "fpem/gci_node_vector_dim": 0.0, "fpem/gci_graph_embed_dim": 0.0, "fpem/gci_graph_embedding_norm_before": 0.0, "fpem/gci_graph_embedding_norm_after": 0.0, "fpem/gci_graph_embedding_std_before": 0.0, "fpem/gci_graph_embedding_std_after": 0.0, "fpem/gci_graph_adj_mean_before": 0.0, "fpem/gci_graph_adj_mean_after": 0.0, "fpem/gci_graph_adj_std_before": 0.0, "fpem/gci_graph_adj_std_after": 0.0, "fpem/gci_graph_align_weight": 0.0, "fpem/gci_graph_align_raw_mse": 0.0, "fpem/gci_graph_align_normalized": 0.0, "fpem/gci_edge_preserve_beta": 0.0, "fpem/gci_graph_align_target_available": 0.0, "fpem/gci_target_adj_mean": 0.0, "fpem/gci_target_adj_std": 0.0, "fpem/gci_target_edge_mean": 0.0, "fpem/gci_target_nonedge_mean": 0.0, "fpem/gci_target_diag_mean": 0.0, "fpem/gci_graph_align_updates_agcrn": 0.0, "fpem/gci_updates_graph_linear": 0.0, "fpem/gci_graph_construction_agcrn_softmax": 0.0, "fpem/scd_assoc_before_C": 0.0, "fpem/scd_assoc_after_C": 0.0, "fpem/scd_assoc_reduction": 0.0, "fpem/scd_relative_violation": 0.0, "fpem/sample_assoc_before_C": 0.0, "fpem/sample_assoc_after_C": 0.0, "fpem/sample_assoc_reduction": 0.0, "fpem/sample_dep_before_C": 0.0, "fpem/sample_dep_after_C": 0.0, "fpem/sample_dep_reduction": 0.0, "fpem/scd_batch_size": 0.0, "fpem/scd_sample_vector_dim": 0.0, "fpem/sample_kernel_alignment": 0.0, "fpem/scd_alignment_loss": 0.0, "fpem/load_level_experts_enabled": 1.0, "fpem/load_level_uses_target_or_future_load": 0.0, "fpem/environment_gate_uses_target_in_forward": 0.0, "fpem/load_level_env_residual_scale": 0.0, "fpem/uses_cached_observable_load_prior": 1.0, "fpem/primary_loss": 8.99185275123233, "fpem/inv_pred_loss": 9.214034584590367, "fpem/primary_uses_route": 1.0, "fpem/primary_uses_env_fusion": 0.0, "fpem/backbone_agcrn": 1.0, "fpem/backbone_graphwavenet": 0.0, "fpem/backbone_staeformer": 0.0, "fpem/gc_pred_loss_only": 1.0, "fpem/env_route_head_mode_hyper_proto": 1.0, "fpem/fpem_force_uniform_route": 0.0, "fpem/hard_prediction_sinkhorn_total_replaces_primary": 0.0, "fpem/hard_prediction_environment_sinkhorn_total_replaces_primary": 0.0, "fpem/warmup_risk_sinkhorn_total_replaces_primary": 0.0, "fpem/lambda_club_mi": 0.0}}
EPOCH {"epoch": 37, "train_loss": 1.2617445326986767, "val": {"loss": 11.8247652053833, "mae": 11.616862297058105, "mape": 0.1805228292942047}, "test_mixed": {"loss": NaN, "mae": NaN, "mape": NaN}, "test_workday": {"loss": NaN, "mae": NaN, "mape": NaN}, "test_holiday": {"loss": NaN, "mae": NaN, "mape": NaN}, "test_avg_mae": NaN, "best_selection_value": 11.8247652053833, "best_selection_split": "val", "best_selection_metric": "val_loss", "lr": 0.001, "fpem_logs": {"fpem/fpem_env_use_exogenous": 1.0, "fpem/env_exogenous_available": 1.0, "fpem/env_exogenous_time_available": 1.0, "fpem/env_exogenous_load_available": 1.0, "fpem/env_exogenous_feature_dim": 32.0, "fpem/env_exogenous_embedding_norm": 2.481367522194272, "fpem/env_exogenous_load_embedding_norm": 1.6452523980821883, "fpem/fpem_env_use_period_context": 1.0, "fpem/env_period_context_available": 1.0, "fpem/env_period_day_available_ratio": 0.9732142857142857, "fpem/env_period_week_available_ratio": 0.8244047619047619, "fpem/env_period_context_feature_dim": 6.0, "fpem/env_period_context_scale": 0.10000000149011612, "fpem/env_period_context_delta_norm": 0.1964533147357759, "fpem/env_period_context_day_diff_norm": 0.162727053463459, "fpem/env_period_context_week_diff_norm": 0.10188992683376585, "fpem/env_rep_ablation_normal": 1.0, "fpem/env_rep_ablation_zero": 0.0, "fpem/env_rep_ablation_shuffle_batch": 0.0, "fpem/env_rep_ablation_mode_id": 0.0, "fpem/mask_loss": 0.0, "fpem/mask_sparse_loss": 0.0, "fpem/mask_entropy_loss": 0.0, "fpem/mask_mean": 1.0, "fpem/mask_entropy": 0.0, "fpem/mask_active_ratio": 1.0, "fpem/fusion_alpha_mean": 0.0, "fpem/fusion_alpha_std": 0.0, "fpem/fusion_alpha_min": 0.0, "fpem/fusion_alpha_max": 0.0, "fpem/env_route_loss": 1.2617445326986767, "fpem/env_route_L_final": 8.996357050396147, "fpem/env_route_L_global": 0.0, "fpem/env_route_L_route_soft": 0.0, "fpem/env_route_L_expert": 9.397857180095855, "fpem/env_route_L_router_oracle": 1.2617445326986767, "fpem/env_route_L_balance": 0.0, "fpem/env_route_L_diverse": 0.0, "fpem/env_route_L_proto_align": 0.0, "fpem/env_route_entropy": 0.0, "fpem/env_route_q_max_mean": 0.0, "fpem/hyper_alpha_mean": 0.0, "fpem/hyper_delta_norm": 0.0, "fpem/hyper_route_proto_mode_uniform_warmup": 0.0, "fpem/hyper_route_proto_mode_uniform_fixed": 0.0, "fpem/hyper_route_proto_mode_sinkhorn": 0.0, "fpem/hyper_route_proto_mode_softmax": 0.0, "fpem/fallback_q_mean": 0.0, "fpem/fallback_q_max": 0.0, "fpem/env_q_sum_mean": 1.0, "fpem/oracle_fallback_rate": 0.0, "fpem/route_count_fallback": 0.0, "fpem/env_route_head_mode": 1.0, "fpem/route_entropy_mean": 0.0, "fpem/route_mean_distribution_entropy": 0.0, "fpem/effective_expert_number": 1.0, "fpem/max_expert_usage_ratio": 0.0, "fpem/min_expert_usage_ratio": 0.0, "fpem/prototype_pairwise_cosine": 0.0, "fpem/expert_prediction_pairwise_cosine": 0.0, "fpem/expert_collapse_warning": 0.0, "fpem/env_route_target_mode_env_prototype": 0.0, "fpem/env_route_target_mode_hybrid": 0.0, "fpem/env_route_hybrid_alpha": 0.0, "fpem/env_route_train_mode_warmup_risk_sinkhorn": 0.0, "fpem/warmup_risk_stage_warmup": 0.0, "fpem/warmup_risk_stage_soft": 0.0, "fpem/warmup_risk_stage_hard": 0.0, "fpem/warmup_risk_selected_loss": 0.0, "fpem/warmup_risk_uniform_common_loss": 0.0, "fpem/warmup_risk_lambda_common": 0.0, "fpem/warmup_risk_total_common_term": 0.0, "fpem/warmup_risk_temperature": 0.0, "fpem/warmup_risk_temperature_progress": 0.0, "fpem/uniform_expert_mae": 0.0, "fpem/risk_routed_mae": 0.0, "fpem/risk_prediction_mae": 0.0, "fpem/risk_loss": 0.0, "fpem/risk_ranking_loss": 0.0, "fpem/risk_ranking_accuracy": 0.0, "fpem/risk_oracle_argmin_accuracy": 0.0, "fpem/risk_router_temperature": 0.0, "fpem/risk_router_lambda": 0.0, "fpem/risk_router_pairwise_lambda": 0.0, "fpem/env_route_train_mode_progressive_gmm_environment": 0.0, "fpem/top_level_prediction_source_progressive_gmm_teacher_hard": 0.0, "fpem/progressive_assignment_uses_target_or_prediction_error": 0.0, "fpem/progressive_partition_ready": 0.0, "fpem/progressive_selected_k": 0.0, "fpem/progressive_active_expert_count": 0.0, "fpem/progressive_last_partition_epoch": 0.0, "fpem/progressive_lambda_common": 0.0, "fpem/progressive_common_term": 0.0, "fpem/progressive_compactness_loss": 0.0, "fpem/progressive_consistency_loss": 0.0, "fpem/progressive_cluster_entropy": 0.0, "fpem/progressive_assignment_change_ratio": 0.0, "fpem/progressive_hungarian_overlap_score": 0.0, "fpem/progressive_partition_update_time_sec": 0.0, "fpem/progressive_routed_mae": 0.0, "fpem/progressive_gmm_environment_total_replaces_primary": 0.0, "fpem/env_route_count_head_0": 16.0, "fpem/env_route_oracle_count_head_0": 16.0, "fpem/route_count_env_head_0": 16.0, "fpem/route_soft_mean_expert_0": 1.0, "fpem/route_hard_count_expert_0": 16.0, "fpem/hard_count_expert_0": 16.0, "fpem/sinkhorn_soft_col_mass_expert_0": 0.0, "fpem/progressive_active_expert_0": 0.0, "fpem/progressive_cluster_size_0": 0.0, "fpem/progressive_cluster_ratio_0": 0.0, "fpem/progressive_cluster_to_expert_0": 0.0, "fpem/progressive_bic_k1": 0.0, "fpem/progressive_bic_score_k1": 0.0, "fpem/progressive_bic_rejected_k1": 0.0, "fpem/hyper_alpha_head_0": 0.0, "fpem/hyper_gamma_norm_head_0": 0.0, "fpem/hyper_beta_norm_head_0": 0.0, "fpem/expert_cross_mae_group_0_expert_0": 9.397857180095855, "fpem/load_expert_loss": 9.397857180095855, "fpem/counterfactual_risk_router_loss": 1.2617445326986767, "fpem/counterfactual_risk_regression_loss": 0.9237940135456267, "fpem/counterfactual_risk_ranking_loss": 0.6759010490917025, "fpem/load_level_assignment_detached": 1.0, "fpem/load_level_count_0": 1680.0, "fpem/load_level_ratio_0": 1.0, "fpem/expert_0_global_loss": 9.397857180095855, "fpem/expert_0_selected_loss": 9.397857180095855, "fpem/counterfactual_risk_stage2_active": 1.0, "fpem/counterfactual_risk_stage2_start_epoch": 20.0, "fpem/counterfactual_risk_all_environment_mae": 9.397857180095855, "fpem/counterfactual_risk_all_invariant_mae": 9.662237548828125, "fpem/counterfactual_risk_routed_mae": 9.482729975382487, "fpem/counterfactual_risk_oracle_mae": 9.357388087681361, "fpem/counterfactual_risk_router_accuracy": 0.5785714285714286, "fpem/counterfactual_risk_router_balanced_accuracy": 0.5481096433741706, "fpem/counterfactual_risk_inv_route_ratio": 0.39345238095238094, "fpem/counterfactual_risk_env_route_ratio": 0.606547619047619, "fpem/counterfactual_risk_inv_switch_precision": 0.23848540747449512, "fpem/counterfactual_risk_correct_inv_switches": 1.4095238095238096, "fpem/counterfactual_risk_harmful_inv_switches": 4.885714285714286, "fpem/counterfactual_risk_saved_loss": 0.019425065318743388, "fpem/counterfactual_risk_added_loss": 0.10429789878073192, "fpem/counterfactual_risk_net_gain": -0.08487279528663272, "fpem/counterfactual_risk_regret": 0.12534188770112537, "fpem/counterfactual_risk_oracle_gap_closed": -1462.7517968114112, "fpem/counterfactual_risk_delta_mean": -0.26438034716106595, "fpem/counterfactual_risk_target_inv_ratio": 0.20416666666666666, "fpem/counterfactual_risk_weight_env_sum": 8.076190417153494, "fpem/counterfactual_risk_weight_inv_sum": 7.9238094693138486, "fpem/counterfactual_risk_prediction_is_hard_route": 1.0, "fpem/counterfactual_risk_prediction_is_soft_fusion": 0.0, "fpem/counterfactual_risk_target_detached": 1.0, "fpem/counterfactual_risk_uses_threshold": 0.0, "fpem/counterfactual_risk_all_samples_used_for_router": 1.0, "fpem/hard_router_predicted_env_ratio": 0.606547619047619, "fpem/hard_router_effective_env_ratio": 1.0, "fpem/hard_router_target_env_ratio": 0.7958333333333333, "fpem/hard_router_gain_mean": -0.26438034716106595, "fpem/expert_prediction_pairwise_difference": 0.0, "fpem/delta_pairwise_cosine": 0.0, "fpem/delta_pairwise_l1": 0.0, "fpem/delta_pairwise_l2": 0.0, "fpem/expert_0_parameter_norm": 14.887673377990723, "fpem/hard_binary_router_enabled": 0.0, "fpem/hard_router_uses_target_in_forward": 0.0, "fpem/stored_future_c_loaded": 0.0, "fpem/prediction_is_weighted_complete_fusion": 0.0, "fpem/prediction_is_hard_route": 1.0, "fpem/conservative_inv_override_enabled": 0.0, "fpem/conservative_router_features_detached": 1.0, "fpem/counterfactual_risk_router_enabled": 1.0, "fpem/counterfactual_risk_stage2_active_forward": 1.0, "fpem/counterfactual_risk_deploy_route_active": 0.0, "fpem/counterfactual_risk_training_uses_route": 0.0, "fpem/counterfactual_risk_forward_uses_threshold": 0.0, "fpem/future_mi_loss": 0.0, "fpem/future_mi_valid": 0.0, "fpem/future_mi_logvar_mean": 0.0, "fpem/future_mi_target_mode_env_encoder": 0.0, "fpem/swap_loss": 0.0, "fpem/swap_diff_loss": 0.0, "fpem/swap_same_loss": 0.0, "fpem/swap_gain_mean": 0.0, "fpem/swap_s_gain_mean": 0.0, "fpem/swap_fallback_router_loss": 0.0, "fpem/swap_fallback_q_mean": 0.0, "fpem/swap_prediction_delta": 0.0, "fpem/swap_route_delta": 0.0, "fpem/swap_hyper_alpha_delta": 0.0, "fpem/swap_hyper_delta_norm": 0.0, "fpem/loss_env_day": 0.0, "fpem/loss_env_hour": 0.0, "fpem/loss_env_rush": 0.0, "fpem/env_day_acc": 0.0, "fpem/env_hour_acc": 0.0, "fpem/env_rush_acc": 0.0, "fpem/loss_env_supcon": 0.0, "fpem/env_supcon_valid_pairs": 0.0, "fpem/loss_inv_env_adv": 0.0, "fpem/inv_day_acc": 0.0, "fpem/inv_hour_acc": 0.0, "fpem/inv_rush_acc": 0.0, "fpem/loss_cross_cov_sep": 0.0, "fpem/confounder_dep_enabled": 0.0, "fpem/confounder_dep_mode_gci": 1.0, "fpem/confounder_dep_mode_scd": 0.0, "fpem/confounder_dep_mode_both": 0.0, "fpem/confounder_dep_total": 0.0, "fpem/loss_gci": 0.0, "fpem/loss_gci_drop": 0.0, "fpem/loss_gci_keep": 0.0, "fpem/loss_gci_graph_align": 0.0, "fpem/loss_scd": 0.0, "fpem/loss_conf_kl": 0.0, "fpem/effective_gci_weight": 0.0, "fpem/effective_gci_graph_align_weight": 0.0, "fpem/effective_scd_weight": 0.0, "fpem/effective_conf_kl_weight": 0.0, "fpem/confounder_dep_ramp_factor": 0.0, "fpem/C_mean": 0.0, "fpem/C_std": 0.0, "fpem/C_norm": 0.0, "fpem/confounder_token_norm": 0.0, "fpem/confounder_variational": 0.0, "fpem/confounder_projection_trace": 0.0, "fpem/confounder_projection_ridge": 0.0, "fpem/confounder_projection_rank_dim": 0.0, "fpem/confounder_projection_calls": 0.0, "fpem/confounder_dep_detach_target": 0.0, "fpem/gci_nonedge_mass_before_C": 0.0, "fpem/gci_nonedge_mass_after_C": 0.0, "fpem/gci_nonedge_mass_reduction": 0.0, "fpem/gci_relative_violation": 0.0, "fpem/gci_edge_before_C": 0.0, "fpem/gci_edge_after_C": 0.0, "fpem/gci_nonedge_conn_before_C": 0.0, "fpem/gci_nonedge_conn_after_C": 0.0, "fpem/gci_nonedge_conn_reduction": 0.0, "fpem/gci_edge_conn_before_C": 0.0, "fpem/gci_edge_conn_after_C": 0.0, "fpem/gci_edge_conn_reduction": 0.0, "fpem/gci_nonedge_dep_before_C": 0.0, "fpem/gci_nonedge_dep_after_C": 0.0, "fpem/gci_nonedge_dep_reduction": 0.0, "fpem/gci_edge_dep_before_C": 0.0, "fpem/gci_edge_dep_after_C": 0.0, "fpem/gci_nonedge_count": 0.0, "fpem/gci_edge_count": 0.0, "fpem/gci_node_count": 0.0, "fpem/gci_node_vector_dim": 0.0, "fpem/gci_graph_embed_dim": 0.0, "fpem/gci_graph_embedding_norm_before": 0.0, "fpem/gci_graph_embedding_norm_after": 0.0, "fpem/gci_graph_embedding_std_before": 0.0, "fpem/gci_graph_embedding_std_after": 0.0, "fpem/gci_graph_adj_mean_before": 0.0, "fpem/gci_graph_adj_mean_after": 0.0, "fpem/gci_graph_adj_std_before": 0.0, "fpem/gci_graph_adj_std_after": 0.0, "fpem/gci_graph_align_weight": 0.0, "fpem/gci_graph_align_raw_mse": 0.0, "fpem/gci_graph_align_normalized": 0.0, "fpem/gci_edge_preserve_beta": 0.0, "fpem/gci_graph_align_target_available": 0.0, "fpem/gci_target_adj_mean": 0.0, "fpem/gci_target_adj_std": 0.0, "fpem/gci_target_edge_mean": 0.0, "fpem/gci_target_nonedge_mean": 0.0, "fpem/gci_target_diag_mean": 0.0, "fpem/gci_graph_align_updates_agcrn": 0.0, "fpem/gci_updates_graph_linear": 0.0, "fpem/gci_graph_construction_agcrn_softmax": 0.0, "fpem/scd_assoc_before_C": 0.0, "fpem/scd_assoc_after_C": 0.0, "fpem/scd_assoc_reduction": 0.0, "fpem/scd_relative_violation": 0.0, "fpem/sample_assoc_before_C": 0.0, "fpem/sample_assoc_after_C": 0.0, "fpem/sample_assoc_reduction": 0.0, "fpem/sample_dep_before_C": 0.0, "fpem/sample_dep_after_C": 0.0, "fpem/sample_dep_reduction": 0.0, "fpem/scd_batch_size": 0.0, "fpem/scd_sample_vector_dim": 0.0, "fpem/sample_kernel_alignment": 0.0, "fpem/scd_alignment_loss": 0.0, "fpem/load_level_experts_enabled": 1.0, "fpem/load_level_uses_target_or_future_load": 0.0, "fpem/environment_gate_uses_target_in_forward": 0.0, "fpem/load_level_env_residual_scale": 0.0, "fpem/uses_cached_observable_load_prior": 1.0, "fpem/primary_loss": 8.996357050396147, "fpem/inv_pred_loss": 9.21903061639695, "fpem/primary_uses_route": 1.0, "fpem/primary_uses_env_fusion": 0.0, "fpem/backbone_agcrn": 1.0, "fpem/backbone_graphwavenet": 0.0, "fpem/backbone_staeformer": 0.0, "fpem/gc_pred_loss_only": 1.0, "fpem/env_route_head_mode_hyper_proto": 1.0, "fpem/fpem_force_uniform_route": 0.0, "fpem/hard_prediction_sinkhorn_total_replaces_primary": 0.0, "fpem/hard_prediction_environment_sinkhorn_total_replaces_primary": 0.0, "fpem/warmup_risk_sinkhorn_total_replaces_primary": 0.0, "fpem/lambda_club_mi": 0.0}}
EPOCH {"epoch": 38, "train_loss": 1.3237417902265276, "val": {"loss": 11.84863707754347, "mae": 11.641125679016113, "mape": 0.18534038960933685}, "test_mixed": {"loss": NaN, "mae": NaN, "mape": NaN}, "test_workday": {"loss": NaN, "mae": NaN, "mape": NaN}, "test_holiday": {"loss": NaN, "mae": NaN, "mape": NaN}, "test_avg_mae": NaN, "best_selection_value": 11.84863707754347, "best_selection_split": "val", "best_selection_metric": "val_loss", "lr": 0.001, "fpem_logs": {"fpem/fpem_env_use_exogenous": 1.0, "fpem/env_exogenous_available": 1.0, "fpem/env_exogenous_time_available": 1.0, "fpem/env_exogenous_load_available": 1.0, "fpem/env_exogenous_feature_dim": 32.0, "fpem/env_exogenous_embedding_norm": 2.4813675153823125, "fpem/env_exogenous_load_embedding_norm": 1.6452523685636975, "fpem/fpem_env_use_period_context": 1.0, "fpem/env_period_context_available": 1.0, "fpem/env_period_day_available_ratio": 0.9732142857142857, "fpem/env_period_week_available_ratio": 0.8244047619047619, "fpem/env_period_context_feature_dim": 6.0, "fpem/env_period_context_scale": 0.10000000149011612, "fpem/env_period_context_delta_norm": 0.1964533134585335, "fpem/env_period_context_day_diff_norm": 0.16272705225717454, "fpem/env_period_context_week_diff_norm": 0.10188992715307645, "fpem/env_rep_ablation_normal": 1.0, "fpem/env_rep_ablation_zero": 0.0, "fpem/env_rep_ablation_shuffle_batch": 0.0, "fpem/env_rep_ablation_mode_id": 0.0, "fpem/mask_loss": 0.0, "fpem/mask_sparse_loss": 0.0, "fpem/mask_entropy_loss": 0.0, "fpem/mask_mean": 1.0, "fpem/mask_entropy": 0.0, "fpem/mask_active_ratio": 1.0, "fpem/fusion_alpha_mean": 0.0, "fpem/fusion_alpha_std": 0.0, "fpem/fusion_alpha_min": 0.0, "fpem/fusion_alpha_max": 0.0, "fpem/env_route_loss": 1.3237417902265276, "fpem/env_route_L_final": 8.987440068381174, "fpem/env_route_L_global": 0.0, "fpem/env_route_L_route_soft": 0.0, "fpem/env_route_L_expert": 9.397860100155786, "fpem/env_route_L_router_oracle": 1.3237417902265276, "fpem/env_route_L_balance": 0.0, "fpem/env_route_L_diverse": 0.0, "fpem/env_route_L_proto_align": 0.0, "fpem/env_route_entropy": 0.0, "fpem/env_route_q_max_mean": 0.0, "fpem/hyper_alpha_mean": 0.0, "fpem/hyper_delta_norm": 0.0, "fpem/hyper_route_proto_mode_uniform_warmup": 0.0, "fpem/hyper_route_proto_mode_uniform_fixed": 0.0, "fpem/hyper_route_proto_mode_sinkhorn": 0.0, "fpem/hyper_route_proto_mode_softmax": 0.0, "fpem/fallback_q_mean": 0.0, "fpem/fallback_q_max": 0.0, "fpem/env_q_sum_mean": 1.0, "fpem/oracle_fallback_rate": 0.0, "fpem/route_count_fallback": 0.0, "fpem/env_route_head_mode": 1.0, "fpem/route_entropy_mean": 0.0, "fpem/route_mean_distribution_entropy": 0.0, "fpem/effective_expert_number": 1.0, "fpem/max_expert_usage_ratio": 0.0, "fpem/min_expert_usage_ratio": 0.0, "fpem/prototype_pairwise_cosine": 0.0, "fpem/expert_prediction_pairwise_cosine": 0.0, "fpem/expert_collapse_warning": 0.0, "fpem/env_route_target_mode_env_prototype": 0.0, "fpem/env_route_target_mode_hybrid": 0.0, "fpem/env_route_hybrid_alpha": 0.0, "fpem/env_route_train_mode_warmup_risk_sinkhorn": 0.0, "fpem/warmup_risk_stage_warmup": 0.0, "fpem/warmup_risk_stage_soft": 0.0, "fpem/warmup_risk_stage_hard": 0.0, "fpem/warmup_risk_selected_loss": 0.0, "fpem/warmup_risk_uniform_common_loss": 0.0, "fpem/warmup_risk_lambda_common": 0.0, "fpem/warmup_risk_total_common_term": 0.0, "fpem/warmup_risk_temperature": 0.0, "fpem/warmup_risk_temperature_progress": 0.0, "fpem/uniform_expert_mae": 0.0, "fpem/risk_routed_mae": 0.0, "fpem/risk_prediction_mae": 0.0, "fpem/risk_loss": 0.0, "fpem/risk_ranking_loss": 0.0, "fpem/risk_ranking_accuracy": 0.0, "fpem/risk_oracle_argmin_accuracy": 0.0, "fpem/risk_router_temperature": 0.0, "fpem/risk_router_lambda": 0.0, "fpem/risk_router_pairwise_lambda": 0.0, "fpem/env_route_train_mode_progressive_gmm_environment": 0.0, "fpem/top_level_prediction_source_progressive_gmm_teacher_hard": 0.0, "fpem/progressive_assignment_uses_target_or_prediction_error": 0.0, "fpem/progressive_partition_ready": 0.0, "fpem/progressive_selected_k": 0.0, "fpem/progressive_active_expert_count": 0.0, "fpem/progressive_last_partition_epoch": 0.0, "fpem/progressive_lambda_common": 0.0, "fpem/progressive_common_term": 0.0, "fpem/progressive_compactness_loss": 0.0, "fpem/progressive_consistency_loss": 0.0, "fpem/progressive_cluster_entropy": 0.0, "fpem/progressive_assignment_change_ratio": 0.0, "fpem/progressive_hungarian_overlap_score": 0.0, "fpem/progressive_partition_update_time_sec": 0.0, "fpem/progressive_routed_mae": 0.0, "fpem/progressive_gmm_environment_total_replaces_primary": 0.0, "fpem/env_route_count_head_0": 16.0, "fpem/env_route_oracle_count_head_0": 16.0, "fpem/route_count_env_head_0": 16.0, "fpem/route_soft_mean_expert_0": 1.0, "fpem/route_hard_count_expert_0": 16.0, "fpem/hard_count_expert_0": 16.0, "fpem/sinkhorn_soft_col_mass_expert_0": 0.0, "fpem/progressive_active_expert_0": 0.0, "fpem/progressive_cluster_size_0": 0.0, "fpem/progressive_cluster_ratio_0": 0.0, "fpem/progressive_cluster_to_expert_0": 0.0, "fpem/progressive_bic_k1": 0.0, "fpem/progressive_bic_score_k1": 0.0, "fpem/progressive_bic_rejected_k1": 0.0, "fpem/hyper_alpha_head_0": 0.0, "fpem/hyper_gamma_norm_head_0": 0.0, "fpem/hyper_beta_norm_head_0": 0.0, "fpem/expert_cross_mae_group_0_expert_0": 9.397860100155786, "fpem/load_expert_loss": 9.397860100155786, "fpem/counterfactual_risk_router_loss": 1.3237417902265276, "fpem/counterfactual_risk_regression_loss": 0.9746087074279786, "fpem/counterfactual_risk_ranking_loss": 0.6982661701384045, "fpem/load_level_assignment_detached": 1.0, "fpem/load_level_count_0": 1680.0, "fpem/load_level_ratio_0": 1.0, "fpem/expert_0_global_loss": 9.397860100155786, "fpem/expert_0_selected_loss": 9.397860100155786, "fpem/counterfactual_risk_stage2_active": 1.0, "fpem/counterfactual_risk_stage2_start_epoch": 20.0, "fpem/counterfactual_risk_all_environment_mae": 9.397860100155786, "fpem/counterfactual_risk_all_invariant_mae": 9.662237526121594, "fpem/counterfactual_risk_routed_mae": 9.480006004515149, "fpem/counterfactual_risk_oracle_mae": 9.357384540921165, "fpem/counterfactual_risk_router_accuracy": 0.5982142857142857, "fpem/counterfactual_risk_router_balanced_accuracy": 0.5269116227115903, "fpem/counterfactual_risk_inv_route_ratio": 0.3523809523809524, "fpem/counterfactual_risk_env_route_ratio": 0.6476190476190476, "fpem/counterfactual_risk_inv_switch_precision": 0.19740569250924248, "fpem/counterfactual_risk_correct_inv_switches": 1.2380952380952381, "fpem/counterfactual_risk_harmful_inv_switches": 4.4, "fpem/counterfactual_risk_saved_loss": 0.01325808380331312, "fpem/counterfactual_risk_added_loss": 0.09540403087933859, "fpem/counterfactual_risk_net_gain": -0.08214590435936338, "fpem/counterfactual_risk_regret": 0.12262146359398252, "fpem/counterfactual_risk_oracle_gap_closed": -6529.605145181839, "fpem/counterfactual_risk_delta_mean": -0.2643773650839215, "fpem/counterfactual_risk_target_inv_ratio": 0.20416666666666666, "fpem/counterfactual_risk_weight_env_sum": 8.30476181393578, "fpem/counterfactual_risk_weight_inv_sum": 7.695238022577195, "fpem/counterfactual_risk_prediction_is_hard_route": 1.0, "fpem/counterfactual_risk_prediction_is_soft_fusion": 0.0, "fpem/counterfactual_risk_target_detached": 1.0, "fpem/counterfactual_risk_uses_threshold": 0.0, "fpem/counterfactual_risk_all_samples_used_for_router": 1.0, "fpem/hard_router_predicted_env_ratio": 0.6476190476190476, "fpem/hard_router_effective_env_ratio": 1.0, "fpem/hard_router_target_env_ratio": 0.7958333333333333, "fpem/hard_router_gain_mean": -0.2643773650839215, "fpem/expert_prediction_pairwise_difference": 0.0, "fpem/delta_pairwise_cosine": 0.0, "fpem/delta_pairwise_l1": 0.0, "fpem/delta_pairwise_l2": 0.0, "fpem/expert_0_parameter_norm": 14.887673377990723, "fpem/hard_binary_router_enabled": 0.0, "fpem/hard_router_uses_target_in_forward": 0.0, "fpem/stored_future_c_loaded": 0.0, "fpem/prediction_is_weighted_complete_fusion": 0.0, "fpem/prediction_is_hard_route": 1.0, "fpem/conservative_inv_override_enabled": 0.0, "fpem/conservative_router_features_detached": 1.0, "fpem/counterfactual_risk_router_enabled": 1.0, "fpem/counterfactual_risk_stage2_active_forward": 1.0, "fpem/counterfactual_risk_deploy_route_active": 0.0, "fpem/counterfactual_risk_training_uses_route": 0.0, "fpem/counterfactual_risk_forward_uses_threshold": 0.0, "fpem/future_mi_loss": 0.0, "fpem/future_mi_valid": 0.0, "fpem/future_mi_logvar_mean": 0.0, "fpem/future_mi_target_mode_env_encoder": 0.0, "fpem/swap_loss": 0.0, "fpem/swap_diff_loss": 0.0, "fpem/swap_same_loss": 0.0, "fpem/swap_gain_mean": 0.0, "fpem/swap_s_gain_mean": 0.0, "fpem/swap_fallback_router_loss": 0.0, "fpem/swap_fallback_q_mean": 0.0, "fpem/swap_prediction_delta": 0.0, "fpem/swap_route_delta": 0.0, "fpem/swap_hyper_alpha_delta": 0.0, "fpem/swap_hyper_delta_norm": 0.0, "fpem/loss_env_day": 0.0, "fpem/loss_env_hour": 0.0, "fpem/loss_env_rush": 0.0, "fpem/env_day_acc": 0.0, "fpem/env_hour_acc": 0.0, "fpem/env_rush_acc": 0.0, "fpem/loss_env_supcon": 0.0, "fpem/env_supcon_valid_pairs": 0.0, "fpem/loss_inv_env_adv": 0.0, "fpem/inv_day_acc": 0.0, "fpem/inv_hour_acc": 0.0, "fpem/inv_rush_acc": 0.0, "fpem/loss_cross_cov_sep": 0.0, "fpem/confounder_dep_enabled": 0.0, "fpem/confounder_dep_mode_gci": 1.0, "fpem/confounder_dep_mode_scd": 0.0, "fpem/confounder_dep_mode_both": 0.0, "fpem/confounder_dep_total": 0.0, "fpem/loss_gci": 0.0, "fpem/loss_gci_drop": 0.0, "fpem/loss_gci_keep": 0.0, "fpem/loss_gci_graph_align": 0.0, "fpem/loss_scd": 0.0, "fpem/loss_conf_kl": 0.0, "fpem/effective_gci_weight": 0.0, "fpem/effective_gci_graph_align_weight": 0.0, "fpem/effective_scd_weight": 0.0, "fpem/effective_conf_kl_weight": 0.0, "fpem/confounder_dep_ramp_factor": 0.0, "fpem/C_mean": 0.0, "fpem/C_std": 0.0, "fpem/C_norm": 0.0, "fpem/confounder_token_norm": 0.0, "fpem/confounder_variational": 0.0, "fpem/confounder_projection_trace": 0.0, "fpem/confounder_projection_ridge": 0.0, "fpem/confounder_projection_rank_dim": 0.0, "fpem/confounder_projection_calls": 0.0, "fpem/confounder_dep_detach_target": 0.0, "fpem/gci_nonedge_mass_before_C": 0.0, "fpem/gci_nonedge_mass_after_C": 0.0, "fpem/gci_nonedge_mass_reduction": 0.0, "fpem/gci_relative_violation": 0.0, "fpem/gci_edge_before_C": 0.0, "fpem/gci_edge_after_C": 0.0, "fpem/gci_nonedge_conn_before_C": 0.0, "fpem/gci_nonedge_conn_after_C": 0.0, "fpem/gci_nonedge_conn_reduction": 0.0, "fpem/gci_edge_conn_before_C": 0.0, "fpem/gci_edge_conn_after_C": 0.0, "fpem/gci_edge_conn_reduction": 0.0, "fpem/gci_nonedge_dep_before_C": 0.0, "fpem/gci_nonedge_dep_after_C": 0.0, "fpem/gci_nonedge_dep_reduction": 0.0, "fpem/gci_edge_dep_before_C": 0.0, "fpem/gci_edge_dep_after_C": 0.0, "fpem/gci_nonedge_count": 0.0, "fpem/gci_edge_count": 0.0, "fpem/gci_node_count": 0.0, "fpem/gci_node_vector_dim": 0.0, "fpem/gci_graph_embed_dim": 0.0, "fpem/gci_graph_embedding_norm_before": 0.0, "fpem/gci_graph_embedding_norm_after": 0.0, "fpem/gci_graph_embedding_std_before": 0.0, "fpem/gci_graph_embedding_std_after": 0.0, "fpem/gci_graph_adj_mean_before": 0.0, "fpem/gci_graph_adj_mean_after": 0.0, "fpem/gci_graph_adj_std_before": 0.0, "fpem/gci_graph_adj_std_after": 0.0, "fpem/gci_graph_align_weight": 0.0, "fpem/gci_graph_align_raw_mse": 0.0, "fpem/gci_graph_align_normalized": 0.0, "fpem/gci_edge_preserve_beta": 0.0, "fpem/gci_graph_align_target_available": 0.0, "fpem/gci_target_adj_mean": 0.0, "fpem/gci_target_adj_std": 0.0, "fpem/gci_target_edge_mean": 0.0, "fpem/gci_target_nonedge_mean": 0.0, "fpem/gci_target_diag_mean": 0.0, "fpem/gci_graph_align_updates_agcrn": 0.0, "fpem/gci_updates_graph_linear": 0.0, "fpem/gci_graph_construction_agcrn_softmax": 0.0, "fpem/scd_assoc_before_C": 0.0, "fpem/scd_assoc_after_C": 0.0, "fpem/scd_assoc_reduction": 0.0, "fpem/scd_relative_violation": 0.0, "fpem/sample_assoc_before_C": 0.0, "fpem/sample_assoc_after_C": 0.0, "fpem/sample_assoc_reduction": 0.0, "fpem/sample_dep_before_C": 0.0, "fpem/sample_dep_after_C": 0.0, "fpem/sample_dep_reduction": 0.0, "fpem/scd_batch_size": 0.0, "fpem/scd_sample_vector_dim": 0.0, "fpem/sample_kernel_alignment": 0.0, "fpem/scd_alignment_loss": 0.0, "fpem/load_level_experts_enabled": 1.0, "fpem/load_level_uses_target_or_future_load": 0.0, "fpem/environment_gate_uses_target_in_forward": 0.0, "fpem/load_level_env_residual_scale": 0.0, "fpem/uses_cached_observable_load_prior": 1.0, "fpem/primary_loss": 8.987440068381174, "fpem/inv_pred_loss": 9.20939046768915, "fpem/primary_uses_route": 1.0, "fpem/primary_uses_env_fusion": 0.0, "fpem/backbone_agcrn": 1.0, "fpem/backbone_graphwavenet": 0.0, "fpem/backbone_staeformer": 0.0, "fpem/gc_pred_loss_only": 1.0, "fpem/env_route_head_mode_hyper_proto": 1.0, "fpem/fpem_force_uniform_route": 0.0, "fpem/hard_prediction_sinkhorn_total_replaces_primary": 0.0, "fpem/hard_prediction_environment_sinkhorn_total_replaces_primary": 0.0, "fpem/warmup_risk_sinkhorn_total_replaces_primary": 0.0, "fpem/lambda_club_mi": 0.0}}
EPOCH {"epoch": 39, "train_loss": 1.2797856083938053, "val": {"loss": 11.838219059838188, "mae": 11.632365226745605, "mape": 0.18303748965263367}, "test_mixed": {"loss": NaN, "mae": NaN, "mape": NaN}, "test_workday": {"loss": NaN, "mae": NaN, "mape": NaN}, "test_holiday": {"loss": NaN, "mae": NaN, "mape": NaN}, "test_avg_mae": NaN, "best_selection_value": 11.838219059838188, "best_selection_split": "val", "best_selection_metric": "val_loss", "lr": 0.0005, "fpem_logs": {"fpem/fpem_env_use_exogenous": 1.0, "fpem/env_exogenous_available": 1.0, "fpem/env_exogenous_time_available": 1.0, "fpem/env_exogenous_load_available": 1.0, "fpem/env_exogenous_feature_dim": 32.0, "fpem/env_exogenous_embedding_norm": 2.481367519923619, "fpem/env_exogenous_load_embedding_norm": 1.645252401488168, "fpem/fpem_env_use_period_context": 1.0, "fpem/env_period_context_available": 1.0, "fpem/env_period_day_available_ratio": 0.9732142857142857, "fpem/env_period_week_available_ratio": 0.8244047619047619, "fpem/env_period_context_feature_dim": 6.0, "fpem/env_period_context_scale": 0.10000000149011612, "fpem/env_period_context_delta_norm": 0.19645331431002844, "fpem/env_period_context_day_diff_norm": 0.16272705154759542, "fpem/env_period_context_week_diff_norm": 0.10188992598227092, "fpem/env_rep_ablation_normal": 1.0, "fpem/env_rep_ablation_zero": 0.0, "fpem/env_rep_ablation_shuffle_batch": 0.0, "fpem/env_rep_ablation_mode_id": 0.0, "fpem/mask_loss": 0.0, "fpem/mask_sparse_loss": 0.0, "fpem/mask_entropy_loss": 0.0, "fpem/mask_mean": 1.0, "fpem/mask_entropy": 0.0, "fpem/mask_active_ratio": 1.0, "fpem/fusion_alpha_mean": 0.0, "fpem/fusion_alpha_std": 0.0, "fpem/fusion_alpha_min": 0.0, "fpem/fusion_alpha_max": 0.0, "fpem/env_route_loss": 1.2797856083938053, "fpem/env_route_L_final": 8.995888378506615, "fpem/env_route_L_global": 0.0, "fpem/env_route_L_route_soft": 0.0, "fpem/env_route_L_expert": 9.397847030276344, "fpem/env_route_L_router_oracle": 1.2797856083938053, "fpem/env_route_L_balance": 0.0, "fpem/env_route_L_diverse": 0.0, "fpem/env_route_L_proto_align": 0.0, "fpem/env_route_entropy": 0.0, "fpem/env_route_q_max_mean": 0.0, "fpem/hyper_alpha_mean": 0.0, "fpem/hyper_delta_norm": 0.0, "fpem/hyper_route_proto_mode_uniform_warmup": 0.0, "fpem/hyper_route_proto_mode_uniform_fixed": 0.0, "fpem/hyper_route_proto_mode_sinkhorn": 0.0, "fpem/hyper_route_proto_mode_softmax": 0.0, "fpem/fallback_q_mean": 0.0, "fpem/fallback_q_max": 0.0, "fpem/env_q_sum_mean": 1.0, "fpem/oracle_fallback_rate": 0.0, "fpem/route_count_fallback": 0.0, "fpem/env_route_head_mode": 1.0, "fpem/route_entropy_mean": 0.0, "fpem/route_mean_distribution_entropy": 0.0, "fpem/effective_expert_number": 1.0, "fpem/max_expert_usage_ratio": 0.0, "fpem/min_expert_usage_ratio": 0.0, "fpem/prototype_pairwise_cosine": 0.0, "fpem/expert_prediction_pairwise_cosine": 0.0, "fpem/expert_collapse_warning": 0.0, "fpem/env_route_target_mode_env_prototype": 0.0, "fpem/env_route_target_mode_hybrid": 0.0, "fpem/env_route_hybrid_alpha": 0.0, "fpem/env_route_train_mode_warmup_risk_sinkhorn": 0.0, "fpem/warmup_risk_stage_warmup": 0.0, "fpem/warmup_risk_stage_soft": 0.0, "fpem/warmup_risk_stage_hard": 0.0, "fpem/warmup_risk_selected_loss": 0.0, "fpem/warmup_risk_uniform_common_loss": 0.0, "fpem/warmup_risk_lambda_common": 0.0, "fpem/warmup_risk_total_common_term": 0.0, "fpem/warmup_risk_temperature": 0.0, "fpem/warmup_risk_temperature_progress": 0.0, "fpem/uniform_expert_mae": 0.0, "fpem/risk_routed_mae": 0.0, "fpem/risk_prediction_mae": 0.0, "fpem/risk_loss": 0.0, "fpem/risk_ranking_loss": 0.0, "fpem/risk_ranking_accuracy": 0.0, "fpem/risk_oracle_argmin_accuracy": 0.0, "fpem/risk_router_temperature": 0.0, "fpem/risk_router_lambda": 0.0, "fpem/risk_router_pairwise_lambda": 0.0, "fpem/env_route_train_mode_progressive_gmm_environment": 0.0, "fpem/top_level_prediction_source_progressive_gmm_teacher_hard": 0.0, "fpem/progressive_assignment_uses_target_or_prediction_error": 0.0, "fpem/progressive_partition_ready": 0.0, "fpem/progressive_selected_k": 0.0, "fpem/progressive_active_expert_count": 0.0, "fpem/progressive_last_partition_epoch": 0.0, "fpem/progressive_lambda_common": 0.0, "fpem/progressive_common_term": 0.0, "fpem/progressive_compactness_loss": 0.0, "fpem/progressive_consistency_loss": 0.0, "fpem/progressive_cluster_entropy": 0.0, "fpem/progressive_assignment_change_ratio": 0.0, "fpem/progressive_hungarian_overlap_score": 0.0, "fpem/progressive_partition_update_time_sec": 0.0, "fpem/progressive_routed_mae": 0.0, "fpem/progressive_gmm_environment_total_replaces_primary": 0.0, "fpem/env_route_count_head_0": 16.0, "fpem/env_route_oracle_count_head_0": 16.0, "fpem/route_count_env_head_0": 16.0, "fpem/route_soft_mean_expert_0": 1.0, "fpem/route_hard_count_expert_0": 16.0, "fpem/hard_count_expert_0": 16.0, "fpem/sinkhorn_soft_col_mass_expert_0": 0.0, "fpem/progressive_active_expert_0": 0.0, "fpem/progressive_cluster_size_0": 0.0, "fpem/progressive_cluster_ratio_0": 0.0, "fpem/progressive_cluster_to_expert_0": 0.0, "fpem/progressive_bic_k1": 0.0, "fpem/progressive_bic_score_k1": 0.0, "fpem/progressive_bic_rejected_k1": 0.0, "fpem/hyper_alpha_head_0": 0.0, "fpem/hyper_gamma_norm_head_0": 0.0, "fpem/hyper_beta_norm_head_0": 0.0, "fpem/expert_cross_mae_group_0_expert_0": 9.397847030276344, "fpem/load_expert_loss": 9.397847030276344, "fpem/counterfactual_risk_router_loss": 1.2797856083938053, "fpem/counterfactual_risk_regression_loss": 0.9348360328447252, "fpem/counterfactual_risk_ranking_loss": 0.6898991545041402, "fpem/load_level_assignment_detached": 1.0, "fpem/load_level_count_0": 1680.0, "fpem/load_level_ratio_0": 1.0, "fpem/expert_0_global_loss": 9.397847030276344, "fpem/expert_0_selected_loss": 9.397847030276344, "fpem/counterfactual_risk_stage2_active": 1.0, "fpem/counterfactual_risk_stage2_start_epoch": 20.0, "fpem/counterfactual_risk_all_environment_mae": 9.397847030276344, "fpem/counterfactual_risk_all_invariant_mae": 9.662237471625918, "fpem/counterfactual_risk_routed_mae": 9.486108080546062, "fpem/counterfactual_risk_oracle_mae": 9.35737617583502, "fpem/counterfactual_risk_router_accuracy": 0.5773809523809523, "fpem/counterfactual_risk_router_balanced_accuracy": 0.5339238436449142, "fpem/counterfactual_risk_inv_route_ratio": 0.40654761904761905, "fpem/counterfactual_risk_env_route_ratio": 0.593452380952381, "fpem/counterfactual_risk_inv_switch_precision": 0.23081493001608622, "fpem/counterfactual_risk_correct_inv_switches": 1.5047619047619047, "fpem/counterfactual_risk_harmful_inv_switches": 5.0, "fpem/counterfactual_risk_saved_loss": 0.01958253426211221, "fpem/counterfactual_risk_added_loss": 0.10784356821151007, "fpem/counterfactual_risk_net_gain": -0.08826105026971726, "fpem/counterfactual_risk_regret": 0.12873190471104212, "fpem/counterfactual_risk_oracle_gap_closed": -1614.7501178854789, "fpem/counterfactual_risk_delta_mean": -0.2643904711518969, "fpem/counterfactual_risk_target_inv_ratio": 0.20416666666666666, "fpem/counterfactual_risk_weight_env_sum": 8.076190380823045, "fpem/counterfactual_risk_weight_inv_sum": 7.9238094693138486, "fpem/counterfactual_risk_prediction_is_hard_route": 1.0, "fpem/counterfactual_risk_prediction_is_soft_fusion": 0.0, "fpem/counterfactual_risk_target_detached": 1.0, "fpem/counterfactual_risk_uses_threshold": 0.0, "fpem/counterfactual_risk_all_samples_used_for_router": 1.0, "fpem/hard_router_predicted_env_ratio": 0.593452380952381, "fpem/hard_router_effective_env_ratio": 1.0, "fpem/hard_router_target_env_ratio": 0.7958333333333333, "fpem/hard_router_gain_mean": -0.2643904711518969, "fpem/expert_prediction_pairwise_difference": 0.0, "fpem/delta_pairwise_cosine": 0.0, "fpem/delta_pairwise_l1": 0.0, "fpem/delta_pairwise_l2": 0.0, "fpem/expert_0_parameter_norm": 14.887673377990723, "fpem/hard_binary_router_enabled": 0.0, "fpem/hard_router_uses_target_in_forward": 0.0, "fpem/stored_future_c_loaded": 0.0, "fpem/prediction_is_weighted_complete_fusion": 0.0, "fpem/prediction_is_hard_route": 1.0, "fpem/conservative_inv_override_enabled": 0.0, "fpem/conservative_router_features_detached": 1.0, "fpem/counterfactual_risk_router_enabled": 1.0, "fpem/counterfactual_risk_stage2_active_forward": 1.0, "fpem/counterfactual_risk_deploy_route_active": 0.0, "fpem/counterfactual_risk_training_uses_route": 0.0, "fpem/counterfactual_risk_forward_uses_threshold": 0.0, "fpem/future_mi_loss": 0.0, "fpem/future_mi_valid": 0.0, "fpem/future_mi_logvar_mean": 0.0, "fpem/future_mi_target_mode_env_encoder": 0.0, "fpem/swap_loss": 0.0, "fpem/swap_diff_loss": 0.0, "fpem/swap_same_loss": 0.0, "fpem/swap_gain_mean": 0.0, "fpem/swap_s_gain_mean": 0.0, "fpem/swap_fallback_router_loss": 0.0, "fpem/swap_fallback_q_mean": 0.0, "fpem/swap_prediction_delta": 0.0, "fpem/swap_route_delta": 0.0, "fpem/swap_hyper_alpha_delta": 0.0, "fpem/swap_hyper_delta_norm": 0.0, "fpem/loss_env_day": 0.0, "fpem/loss_env_hour": 0.0, "fpem/loss_env_rush": 0.0, "fpem/env_day_acc": 0.0, "fpem/env_hour_acc": 0.0, "fpem/env_rush_acc": 0.0, "fpem/loss_env_supcon": 0.0, "fpem/env_supcon_valid_pairs": 0.0, "fpem/loss_inv_env_adv": 0.0, "fpem/inv_day_acc": 0.0, "fpem/inv_hour_acc": 0.0, "fpem/inv_rush_acc": 0.0, "fpem/loss_cross_cov_sep": 0.0, "fpem/confounder_dep_enabled": 0.0, "fpem/confounder_dep_mode_gci": 1.0, "fpem/confounder_dep_mode_scd": 0.0, "fpem/confounder_dep_mode_both": 0.0, "fpem/confounder_dep_total": 0.0, "fpem/loss_gci": 0.0, "fpem/loss_gci_drop": 0.0, "fpem/loss_gci_keep": 0.0, "fpem/loss_gci_graph_align": 0.0, "fpem/loss_scd": 0.0, "fpem/loss_conf_kl": 0.0, "fpem/effective_gci_weight": 0.0, "fpem/effective_gci_graph_align_weight": 0.0, "fpem/effective_scd_weight": 0.0, "fpem/effective_conf_kl_weight": 0.0, "fpem/confounder_dep_ramp_factor": 0.0, "fpem/C_mean": 0.0, "fpem/C_std": 0.0, "fpem/C_norm": 0.0, "fpem/confounder_token_norm": 0.0, "fpem/confounder_variational": 0.0, "fpem/confounder_projection_trace": 0.0, "fpem/confounder_projection_ridge": 0.0, "fpem/confounder_projection_rank_dim": 0.0, "fpem/confounder_projection_calls": 0.0, "fpem/confounder_dep_detach_target": 0.0, "fpem/gci_nonedge_mass_before_C": 0.0, "fpem/gci_nonedge_mass_after_C": 0.0, "fpem/gci_nonedge_mass_reduction": 0.0, "fpem/gci_relative_violation": 0.0, "fpem/gci_edge_before_C": 0.0, "fpem/gci_edge_after_C": 0.0, "fpem/gci_nonedge_conn_before_C": 0.0, "fpem/gci_nonedge_conn_after_C": 0.0, "fpem/gci_nonedge_conn_reduction": 0.0, "fpem/gci_edge_conn_before_C": 0.0, "fpem/gci_edge_conn_after_C": 0.0, "fpem/gci_edge_conn_reduction": 0.0, "fpem/gci_nonedge_dep_before_C": 0.0, "fpem/gci_nonedge_dep_after_C": 0.0, "fpem/gci_nonedge_dep_reduction": 0.0, "fpem/gci_edge_dep_before_C": 0.0, "fpem/gci_edge_dep_after_C": 0.0, "fpem/gci_nonedge_count": 0.0, "fpem/gci_edge_count": 0.0, "fpem/gci_node_count": 0.0, "fpem/gci_node_vector_dim": 0.0, "fpem/gci_graph_embed_dim": 0.0, "fpem/gci_graph_embedding_norm_before": 0.0, "fpem/gci_graph_embedding_norm_after": 0.0, "fpem/gci_graph_embedding_std_before": 0.0, "fpem/gci_graph_embedding_std_after": 0.0, "fpem/gci_graph_adj_mean_before": 0.0, "fpem/gci_graph_adj_mean_after": 0.0, "fpem/gci_graph_adj_std_before": 0.0, "fpem/gci_graph_adj_std_after": 0.0, "fpem/gci_graph_align_weight": 0.0, "fpem/gci_graph_align_raw_mse": 0.0, "fpem/gci_graph_align_normalized": 0.0, "fpem/gci_edge_preserve_beta": 0.0, "fpem/gci_graph_align_target_available": 0.0, "fpem/gci_target_adj_mean": 0.0, "fpem/gci_target_adj_std": 0.0, "fpem/gci_target_edge_mean": 0.0, "fpem/gci_target_nonedge_mean": 0.0, "fpem/gci_target_diag_mean": 0.0, "fpem/gci_graph_align_updates_agcrn": 0.0, "fpem/gci_updates_graph_linear": 0.0, "fpem/gci_graph_construction_agcrn_softmax": 0.0, "fpem/scd_assoc_before_C": 0.0, "fpem/scd_assoc_after_C": 0.0, "fpem/scd_assoc_reduction": 0.0, "fpem/scd_relative_violation": 0.0, "fpem/sample_assoc_before_C": 0.0, "fpem/sample_assoc_after_C": 0.0, "fpem/sample_assoc_reduction": 0.0, "fpem/sample_dep_before_C": 0.0, "fpem/sample_dep_after_C": 0.0, "fpem/sample_dep_reduction": 0.0, "fpem/scd_batch_size": 0.0, "fpem/scd_sample_vector_dim": 0.0, "fpem/sample_kernel_alignment": 0.0, "fpem/scd_alignment_loss": 0.0, "fpem/load_level_experts_enabled": 1.0, "fpem/load_level_uses_target_or_future_load": 0.0, "fpem/environment_gate_uses_target_in_forward": 0.0, "fpem/load_level_env_residual_scale": 0.0, "fpem/uses_cached_observable_load_prior": 1.0, "fpem/primary_loss": 8.995888378506615, "fpem/inv_pred_loss": 9.217963781810942, "fpem/primary_uses_route": 1.0, "fpem/primary_uses_env_fusion": 0.0, "fpem/backbone_agcrn": 1.0, "fpem/backbone_graphwavenet": 0.0, "fpem/backbone_staeformer": 0.0, "fpem/gc_pred_loss_only": 1.0, "fpem/env_route_head_mode_hyper_proto": 1.0, "fpem/fpem_force_uniform_route": 0.0, "fpem/hard_prediction_sinkhorn_total_replaces_primary": 0.0, "fpem/hard_prediction_environment_sinkhorn_total_replaces_primary": 0.0, "fpem/warmup_risk_sinkhorn_total_replaces_primary": 0.0, "fpem/lambda_club_mi": 0.0}}
EPOCH {"epoch": 40, "train_loss": 1.2571721224557786, "val": {"loss": 11.835535950130886, "mae": 11.62966537475586, "mape": 0.18297715485095978}, "test_mixed": {"loss": NaN, "mae": NaN, "mape": NaN}, "test_workday": {"loss": NaN, "mae": NaN, "mape": NaN}, "test_holiday": {"loss": NaN, "mae": NaN, "mape": NaN}, "test_avg_mae": NaN, "best_selection_value": 11.835535950130886, "best_selection_split": "val", "best_selection_metric": "val_loss", "lr": 0.0005, "fpem_logs": {"fpem/fpem_env_use_exogenous": 1.0, "fpem/env_exogenous_available": 1.0, "fpem/env_exogenous_time_available": 1.0, "fpem/env_exogenous_load_available": 1.0, "fpem/env_exogenous_feature_dim": 32.0, "fpem/env_exogenous_embedding_norm": 2.4813675290062314, "fpem/env_exogenous_load_embedding_norm": 1.6452523901349023, "fpem/fpem_env_use_period_context": 1.0, "fpem/env_period_context_available": 1.0, "fpem/env_period_day_available_ratio": 0.9732142857142857, "fpem/env_period_week_available_ratio": 0.8244047619047619, "fpem/env_period_context_feature_dim": 6.0, "fpem/env_period_context_scale": 0.10000000149011612, "fpem/env_period_context_delta_norm": 0.19645331402619678, "fpem/env_period_context_day_diff_norm": 0.16272705310866947, "fpem/env_period_context_week_diff_norm": 0.10188992665637107, "fpem/env_rep_ablation_normal": 1.0, "fpem/env_rep_ablation_zero": 0.0, "fpem/env_rep_ablation_shuffle_batch": 0.0, "fpem/env_rep_ablation_mode_id": 0.0, "fpem/mask_loss": 0.0, "fpem/mask_sparse_loss": 0.0, "fpem/mask_entropy_loss": 0.0, "fpem/mask_mean": 1.0, "fpem/mask_entropy": 0.0, "fpem/mask_active_ratio": 1.0, "fpem/fusion_alpha_mean": 0.0, "fpem/fusion_alpha_std": 0.0, "fpem/fusion_alpha_min": 0.0, "fpem/fusion_alpha_max": 0.0, "fpem/env_route_loss": 1.2571721224557786, "fpem/env_route_L_final": 8.991795117514474, "fpem/env_route_L_global": 0.0, "fpem/env_route_L_route_soft": 0.0, "fpem/env_route_L_expert": 9.397851212819416, "fpem/env_route_L_router_oracle": 1.2571721224557786, "fpem/env_route_L_balance": 0.0, "fpem/env_route_L_diverse": 0.0, "fpem/env_route_L_proto_align": 0.0, "fpem/env_route_entropy": 0.0, "fpem/env_route_q_max_mean": 0.0, "fpem/hyper_alpha_mean": 0.0, "fpem/hyper_delta_norm": 0.0, "fpem/hyper_route_proto_mode_uniform_warmup": 0.0, "fpem/hyper_route_proto_mode_uniform_fixed": 0.0, "fpem/hyper_route_proto_mode_sinkhorn": 0.0, "fpem/hyper_route_proto_mode_softmax": 0.0, "fpem/fallback_q_mean": 0.0, "fpem/fallback_q_max": 0.0, "fpem/env_q_sum_mean": 1.0, "fpem/oracle_fallback_rate": 0.0, "fpem/route_count_fallback": 0.0, "fpem/env_route_head_mode": 1.0, "fpem/route_entropy_mean": 0.0, "fpem/route_mean_distribution_entropy": 0.0, "fpem/effective_expert_number": 1.0, "fpem/max_expert_usage_ratio": 0.0, "fpem/min_expert_usage_ratio": 0.0, "fpem/prototype_pairwise_cosine": 0.0, "fpem/expert_prediction_pairwise_cosine": 0.0, "fpem/expert_collapse_warning": 0.0, "fpem/env_route_target_mode_env_prototype": 0.0, "fpem/env_route_target_mode_hybrid": 0.0, "fpem/env_route_hybrid_alpha": 0.0, "fpem/env_route_train_mode_warmup_risk_sinkhorn": 0.0, "fpem/warmup_risk_stage_warmup": 0.0, "fpem/warmup_risk_stage_soft": 0.0, "fpem/warmup_risk_stage_hard": 0.0, "fpem/warmup_risk_selected_loss": 0.0, "fpem/warmup_risk_uniform_common_loss": 0.0, "fpem/warmup_risk_lambda_common": 0.0, "fpem/warmup_risk_total_common_term": 0.0, "fpem/warmup_risk_temperature": 0.0, "fpem/warmup_risk_temperature_progress": 0.0, "fpem/uniform_expert_mae": 0.0, "fpem/risk_routed_mae": 0.0, "fpem/risk_prediction_mae": 0.0, "fpem/risk_loss": 0.0, "fpem/risk_ranking_loss": 0.0, "fpem/risk_ranking_accuracy": 0.0, "fpem/risk_oracle_argmin_accuracy": 0.0, "fpem/risk_router_temperature": 0.0, "fpem/risk_router_lambda": 0.0, "fpem/risk_router_pairwise_lambda": 0.0, "fpem/env_route_train_mode_progressive_gmm_environment": 0.0, "fpem/top_level_prediction_source_progressive_gmm_teacher_hard": 0.0, "fpem/progressive_assignment_uses_target_or_prediction_error": 0.0, "fpem/progressive_partition_ready": 0.0, "fpem/progressive_selected_k": 0.0, "fpem/progressive_active_expert_count": 0.0, "fpem/progressive_last_partition_epoch": 0.0, "fpem/progressive_lambda_common": 0.0, "fpem/progressive_common_term": 0.0, "fpem/progressive_compactness_loss": 0.0, "fpem/progressive_consistency_loss": 0.0, "fpem/progressive_cluster_entropy": 0.0, "fpem/progressive_assignment_change_ratio": 0.0, "fpem/progressive_hungarian_overlap_score": 0.0, "fpem/progressive_partition_update_time_sec": 0.0, "fpem/progressive_routed_mae": 0.0, "fpem/progressive_gmm_environment_total_replaces_primary": 0.0, "fpem/env_route_count_head_0": 16.0, "fpem/env_route_oracle_count_head_0": 16.0, "fpem/route_count_env_head_0": 16.0, "fpem/route_soft_mean_expert_0": 1.0, "fpem/route_hard_count_expert_0": 16.0, "fpem/hard_count_expert_0": 16.0, "fpem/sinkhorn_soft_col_mass_expert_0": 0.0, "fpem/progressive_active_expert_0": 0.0, "fpem/progressive_cluster_size_0": 0.0, "fpem/progressive_cluster_ratio_0": 0.0, "fpem/progressive_cluster_to_expert_0": 0.0, "fpem/progressive_bic_k1": 0.0, "fpem/progressive_bic_score_k1": 0.0, "fpem/progressive_bic_rejected_k1": 0.0, "fpem/hyper_alpha_head_0": 0.0, "fpem/hyper_gamma_norm_head_0": 0.0, "fpem/hyper_beta_norm_head_0": 0.0, "fpem/expert_cross_mae_group_0_expert_0": 9.397851212819416, "fpem/load_expert_loss": 9.397851212819416, "fpem/counterfactual_risk_router_loss": 1.2571721224557786, "fpem/counterfactual_risk_regression_loss": 0.9157004752329417, "fpem/counterfactual_risk_ranking_loss": 0.6829432839439029, "fpem/load_level_assignment_detached": 1.0, "fpem/load_level_count_0": 1680.0, "fpem/load_level_ratio_0": 1.0, "fpem/expert_0_global_loss": 9.397851212819416, "fpem/expert_0_selected_loss": 9.397851212819416, "fpem/counterfactual_risk_stage2_active": 1.0, "fpem/counterfactual_risk_stage2_start_epoch": 20.0, "fpem/counterfactual_risk_all_environment_mae": 9.397851212819416, "fpem/counterfactual_risk_all_invariant_mae": 9.662237521580288, "fpem/counterfactual_risk_routed_mae": 9.48786134265718, "fpem/counterfactual_risk_oracle_mae": 9.357383510044643, "fpem/counterfactual_risk_router_accuracy": 0.5732142857142857, "fpem/counterfactual_risk_router_balanced_accuracy": 0.5390465878304981, "fpem/counterfactual_risk_inv_route_ratio": 0.4107142857142857, "fpem/counterfactual_risk_env_route_ratio": 0.5892857142857143, "fpem/counterfactual_risk_inv_switch_precision": 0.22967704733212788, "fpem/counterfactual_risk_correct_inv_switches": 1.5047619047619047, "fpem/counterfactual_risk_harmful_inv_switches": 5.066666666666666, "fpem/counterfactual_risk_saved_loss": 0.019251568402562824, "fpem/counterfactual_risk_added_loss": 0.10926173414502825, "fpem/counterfactual_risk_net_gain": -0.09001012983776274, "fpem/counterfactual_risk_regret": 0.1304778326125372, "fpem/counterfactual_risk_oracle_gap_closed": -1418.4916491377212, "fpem/counterfactual_risk_delta_mean": -0.2643862948531196, "fpem/counterfactual_risk_target_inv_ratio": 0.20416666666666666, "fpem/counterfactual_risk_weight_env_sum": 8.076190412612188, "fpem/counterfactual_risk_weight_inv_sum": 7.923809442066011, "fpem/counterfactual_risk_prediction_is_hard_route": 1.0, "fpem/counterfactual_risk_prediction_is_soft_fusion": 0.0, "fpem/counterfactual_risk_target_detached": 1.0, "fpem/counterfactual_risk_uses_threshold": 0.0, "fpem/counterfactual_risk_all_samples_used_for_router": 1.0, "fpem/hard_router_predicted_env_ratio": 0.5892857142857143, "fpem/hard_router_effective_env_ratio": 1.0, "fpem/hard_router_target_env_ratio": 0.7958333333333333, "fpem/hard_router_gain_mean": -0.2643862948531196, "fpem/expert_prediction_pairwise_difference": 0.0, "fpem/delta_pairwise_cosine": 0.0, "fpem/delta_pairwise_l1": 0.0, "fpem/delta_pairwise_l2": 0.0, "fpem/expert_0_parameter_norm": 14.887673377990723, "fpem/hard_binary_router_enabled": 0.0, "fpem/hard_router_uses_target_in_forward": 0.0, "fpem/stored_future_c_loaded": 0.0, "fpem/prediction_is_weighted_complete_fusion": 0.0, "fpem/prediction_is_hard_route": 1.0, "fpem/conservative_inv_override_enabled": 0.0, "fpem/conservative_router_features_detached": 1.0, "fpem/counterfactual_risk_router_enabled": 1.0, "fpem/counterfactual_risk_stage2_active_forward": 1.0, "fpem/counterfactual_risk_deploy_route_active": 0.0, "fpem/counterfactual_risk_training_uses_route": 0.0, "fpem/counterfactual_risk_forward_uses_threshold": 0.0, "fpem/future_mi_loss": 0.0, "fpem/future_mi_valid": 0.0, "fpem/future_mi_logvar_mean": 0.0, "fpem/future_mi_target_mode_env_encoder": 0.0, "fpem/swap_loss": 0.0, "fpem/swap_diff_loss": 0.0, "fpem/swap_same_loss": 0.0, "fpem/swap_gain_mean": 0.0, "fpem/swap_s_gain_mean": 0.0, "fpem/swap_fallback_router_loss": 0.0, "fpem/swap_fallback_q_mean": 0.0, "fpem/swap_prediction_delta": 0.0, "fpem/swap_route_delta": 0.0, "fpem/swap_hyper_alpha_delta": 0.0, "fpem/swap_hyper_delta_norm": 0.0, "fpem/loss_env_day": 0.0, "fpem/loss_env_hour": 0.0, "fpem/loss_env_rush": 0.0, "fpem/env_day_acc": 0.0, "fpem/env_hour_acc": 0.0, "fpem/env_rush_acc": 0.0, "fpem/loss_env_supcon": 0.0, "fpem/env_supcon_valid_pairs": 0.0, "fpem/loss_inv_env_adv": 0.0, "fpem/inv_day_acc": 0.0, "fpem/inv_hour_acc": 0.0, "fpem/inv_rush_acc": 0.0, "fpem/loss_cross_cov_sep": 0.0, "fpem/confounder_dep_enabled": 0.0, "fpem/confounder_dep_mode_gci": 1.0, "fpem/confounder_dep_mode_scd": 0.0, "fpem/confounder_dep_mode_both": 0.0, "fpem/confounder_dep_total": 0.0, "fpem/loss_gci": 0.0, "fpem/loss_gci_drop": 0.0, "fpem/loss_gci_keep": 0.0, "fpem/loss_gci_graph_align": 0.0, "fpem/loss_scd": 0.0, "fpem/loss_conf_kl": 0.0, "fpem/effective_gci_weight": 0.0, "fpem/effective_gci_graph_align_weight": 0.0, "fpem/effective_scd_weight": 0.0, "fpem/effective_conf_kl_weight": 0.0, "fpem/confounder_dep_ramp_factor": 0.0, "fpem/C_mean": 0.0, "fpem/C_std": 0.0, "fpem/C_norm": 0.0, "fpem/confounder_token_norm": 0.0, "fpem/confounder_variational": 0.0, "fpem/confounder_projection_trace": 0.0, "fpem/confounder_projection_ridge": 0.0, "fpem/confounder_projection_rank_dim": 0.0, "fpem/confounder_projection_calls": 0.0, "fpem/confounder_dep_detach_target": 0.0, "fpem/gci_nonedge_mass_before_C": 0.0, "fpem/gci_nonedge_mass_after_C": 0.0, "fpem/gci_nonedge_mass_reduction": 0.0, "fpem/gci_relative_violation": 0.0, "fpem/gci_edge_before_C": 0.0, "fpem/gci_edge_after_C": 0.0, "fpem/gci_nonedge_conn_before_C": 0.0, "fpem/gci_nonedge_conn_after_C": 0.0, "fpem/gci_nonedge_conn_reduction": 0.0, "fpem/gci_edge_conn_before_C": 0.0, "fpem/gci_edge_conn_after_C": 0.0, "fpem/gci_edge_conn_reduction": 0.0, "fpem/gci_nonedge_dep_before_C": 0.0, "fpem/gci_nonedge_dep_after_C": 0.0, "fpem/gci_nonedge_dep_reduction": 0.0, "fpem/gci_edge_dep_before_C": 0.0, "fpem/gci_edge_dep_after_C": 0.0, "fpem/gci_nonedge_count": 0.0, "fpem/gci_edge_count": 0.0, "fpem/gci_node_count": 0.0, "fpem/gci_node_vector_dim": 0.0, "fpem/gci_graph_embed_dim": 0.0, "fpem/gci_graph_embedding_norm_before": 0.0, "fpem/gci_graph_embedding_norm_after": 0.0, "fpem/gci_graph_embedding_std_before": 0.0, "fpem/gci_graph_embedding_std_after": 0.0, "fpem/gci_graph_adj_mean_before": 0.0, "fpem/gci_graph_adj_mean_after": 0.0, "fpem/gci_graph_adj_std_before": 0.0, "fpem/gci_graph_adj_std_after": 0.0, "fpem/gci_graph_align_weight": 0.0, "fpem/gci_graph_align_raw_mse": 0.0, "fpem/gci_graph_align_normalized": 0.0, "fpem/gci_edge_preserve_beta": 0.0, "fpem/gci_graph_align_target_available": 0.0, "fpem/gci_target_adj_mean": 0.0, "fpem/gci_target_adj_std": 0.0, "fpem/gci_target_edge_mean": 0.0, "fpem/gci_target_nonedge_mean": 0.0, "fpem/gci_target_diag_mean": 0.0, "fpem/gci_graph_align_updates_agcrn": 0.0, "fpem/gci_updates_graph_linear": 0.0, "fpem/gci_graph_construction_agcrn_softmax": 0.0, "fpem/scd_assoc_before_C": 0.0, "fpem/scd_assoc_after_C": 0.0, "fpem/scd_assoc_reduction": 0.0, "fpem/scd_relative_violation": 0.0, "fpem/sample_assoc_before_C": 0.0, "fpem/sample_assoc_after_C": 0.0, "fpem/sample_assoc_reduction": 0.0, "fpem/sample_dep_before_C": 0.0, "fpem/sample_dep_after_C": 0.0, "fpem/sample_dep_reduction": 0.0, "fpem/scd_batch_size": 0.0, "fpem/scd_sample_vector_dim": 0.0, "fpem/sample_kernel_alignment": 0.0, "fpem/scd_alignment_loss": 0.0, "fpem/load_level_experts_enabled": 1.0, "fpem/load_level_uses_target_or_future_load": 0.0, "fpem/environment_gate_uses_target_in_forward": 0.0, "fpem/load_level_env_residual_scale": 0.0, "fpem/uses_cached_observable_load_prior": 1.0, "fpem/primary_loss": 8.991795117514474, "fpem/inv_pred_loss": 9.214110955737887, "fpem/primary_uses_route": 1.0, "fpem/primary_uses_env_fusion": 0.0, "fpem/backbone_agcrn": 1.0, "fpem/backbone_graphwavenet": 0.0, "fpem/backbone_staeformer": 0.0, "fpem/gc_pred_loss_only": 1.0, "fpem/env_route_head_mode_hyper_proto": 1.0, "fpem/fpem_force_uniform_route": 0.0, "fpem/hard_prediction_sinkhorn_total_replaces_primary": 0.0, "fpem/hard_prediction_environment_sinkhorn_total_replaces_primary": 0.0, "fpem/warmup_risk_sinkhorn_total_replaces_primary": 0.0, "fpem/lambda_club_mi": 0.0}}
EPOCH {"epoch": 41, "train_loss": 1.3465761264165244, "val": {"loss": 11.817357275221083, "mae": 11.608661651611328, "mape": 0.17966952919960022}, "test_mixed": {"loss": NaN, "mae": NaN, "mape": NaN}, "test_workday": {"loss": NaN, "mae": NaN, "mape": NaN}, "test_holiday": {"loss": NaN, "mae": NaN, "mape": NaN}, "test_avg_mae": NaN, "best_selection_value": 11.817357275221083, "best_selection_split": "val", "best_selection_metric": "val_loss", "lr": 0.0005, "fpem_logs": {"fpem/fpem_env_use_exogenous": 1.0, "fpem/env_exogenous_available": 1.0, "fpem/env_exogenous_time_available": 1.0, "fpem/env_exogenous_load_available": 1.0, "fpem/env_exogenous_feature_dim": 32.0, "fpem/env_exogenous_embedding_norm": 2.4813675290062314, "fpem/env_exogenous_load_embedding_norm": 1.6452523867289226, "fpem/fpem_env_use_period_context": 1.0, "fpem/env_period_context_available": 1.0, "fpem/env_period_day_available_ratio": 0.9732142857142857, "fpem/env_period_week_available_ratio": 0.8244047619047619, "fpem/env_period_context_feature_dim": 6.0, "fpem/env_period_context_scale": 0.10000000149011612, "fpem/env_period_context_delta_norm": 0.1964533160130183, "fpem/env_period_context_day_diff_norm": 0.16272705289579573, "fpem/env_period_context_week_diff_norm": 0.10188992743690808, "fpem/env_rep_ablation_normal": 1.0, "fpem/env_rep_ablation_zero": 0.0, "fpem/env_rep_ablation_shuffle_batch": 0.0, "fpem/env_rep_ablation_mode_id": 0.0, "fpem/mask_loss": 0.0, "fpem/mask_sparse_loss": 0.0, "fpem/mask_entropy_loss": 0.0, "fpem/mask_mean": 1.0, "fpem/mask_entropy": 0.0, "fpem/mask_active_ratio": 1.0, "fpem/fusion_alpha_mean": 0.0, "fpem/fusion_alpha_std": 0.0, "fpem/fusion_alpha_min": 0.0, "fpem/fusion_alpha_max": 0.0, "fpem/env_route_loss": 1.3465761264165244, "fpem/env_route_L_final": 8.992714168911888, "fpem/env_route_L_global": 0.0, "fpem/env_route_L_route_soft": 0.0, "fpem/env_route_L_expert": 9.397856921241397, "fpem/env_route_L_router_oracle": 1.3465761264165244, "fpem/env_route_L_balance": 0.0, "fpem/env_route_L_diverse": 0.0, "fpem/env_route_L_proto_align": 0.0, "fpem/env_route_entropy": 0.0, "fpem/env_route_q_max_mean": 0.0, "fpem/hyper_alpha_mean": 0.0, "fpem/hyper_delta_norm": 0.0, "fpem/hyper_route_proto_mode_uniform_warmup": 0.0, "fpem/hyper_route_proto_mode_uniform_fixed": 0.0, "fpem/hyper_route_proto_mode_sinkhorn": 0.0, "fpem/hyper_route_proto_mode_softmax": 0.0, "fpem/fallback_q_mean": 0.0, "fpem/fallback_q_max": 0.0, "fpem/env_q_sum_mean": 1.0, "fpem/oracle_fallback_rate": 0.0, "fpem/route_count_fallback": 0.0, "fpem/env_route_head_mode": 1.0, "fpem/route_entropy_mean": 0.0, "fpem/route_mean_distribution_entropy": 0.0, "fpem/effective_expert_number": 1.0, "fpem/max_expert_usage_ratio": 0.0, "fpem/min_expert_usage_ratio": 0.0, "fpem/prototype_pairwise_cosine": 0.0, "fpem/expert_prediction_pairwise_cosine": 0.0, "fpem/expert_collapse_warning": 0.0, "fpem/env_route_target_mode_env_prototype": 0.0, "fpem/env_route_target_mode_hybrid": 0.0, "fpem/env_route_hybrid_alpha": 0.0, "fpem/env_route_train_mode_warmup_risk_sinkhorn": 0.0, "fpem/warmup_risk_stage_warmup": 0.0, "fpem/warmup_risk_stage_soft": 0.0, "fpem/warmup_risk_stage_hard": 0.0, "fpem/warmup_risk_selected_loss": 0.0, "fpem/warmup_risk_uniform_common_loss": 0.0, "fpem/warmup_risk_lambda_common": 0.0, "fpem/warmup_risk_total_common_term": 0.0, "fpem/warmup_risk_temperature": 0.0, "fpem/warmup_risk_temperature_progress": 0.0, "fpem/uniform_expert_mae": 0.0, "fpem/risk_routed_mae": 0.0, "fpem/risk_prediction_mae": 0.0, "fpem/risk_loss": 0.0, "fpem/risk_ranking_loss": 0.0, "fpem/risk_ranking_accuracy": 0.0, "fpem/risk_oracle_argmin_accuracy": 0.0, "fpem/risk_router_temperature": 0.0, "fpem/risk_router_lambda": 0.0, "fpem/risk_router_pairwise_lambda": 0.0, "fpem/env_route_train_mode_progressive_gmm_environment": 0.0, "fpem/top_level_prediction_source_progressive_gmm_teacher_hard": 0.0, "fpem/progressive_assignment_uses_target_or_prediction_error": 0.0, "fpem/progressive_partition_ready": 0.0, "fpem/progressive_selected_k": 0.0, "fpem/progressive_active_expert_count": 0.0, "fpem/progressive_last_partition_epoch": 0.0, "fpem/progressive_lambda_common": 0.0, "fpem/progressive_common_term": 0.0, "fpem/progressive_compactness_loss": 0.0, "fpem/progressive_consistency_loss": 0.0, "fpem/progressive_cluster_entropy": 0.0, "fpem/progressive_assignment_change_ratio": 0.0, "fpem/progressive_hungarian_overlap_score": 0.0, "fpem/progressive_partition_update_time_sec": 0.0, "fpem/progressive_routed_mae": 0.0, "fpem/progressive_gmm_environment_total_replaces_primary": 0.0, "fpem/env_route_count_head_0": 16.0, "fpem/env_route_oracle_count_head_0": 16.0, "fpem/route_count_env_head_0": 16.0, "fpem/route_soft_mean_expert_0": 1.0, "fpem/route_hard_count_expert_0": 16.0, "fpem/hard_count_expert_0": 16.0, "fpem/sinkhorn_soft_col_mass_expert_0": 0.0, "fpem/progressive_active_expert_0": 0.0, "fpem/progressive_cluster_size_0": 0.0, "fpem/progressive_cluster_ratio_0": 0.0, "fpem/progressive_cluster_to_expert_0": 0.0, "fpem/progressive_bic_k1": 0.0, "fpem/progressive_bic_score_k1": 0.0, "fpem/progressive_bic_rejected_k1": 0.0, "fpem/hyper_alpha_head_0": 0.0, "fpem/hyper_gamma_norm_head_0": 0.0, "fpem/hyper_beta_norm_head_0": 0.0, "fpem/expert_cross_mae_group_0_expert_0": 9.397856921241397, "fpem/load_expert_loss": 9.397856921241397, "fpem/counterfactual_risk_router_loss": 1.3465761264165244, "fpem/counterfactual_risk_regression_loss": 1.0076696400131497, "fpem/counterfactual_risk_ranking_loss": 0.6778129725229173, "fpem/load_level_assignment_detached": 1.0, "fpem/load_level_count_0": 1680.0, "fpem/load_level_ratio_0": 1.0, "fpem/expert_0_global_loss": 9.397856921241397, "fpem/expert_0_selected_loss": 9.397856921241397, "fpem/counterfactual_risk_stage2_active": 1.0, "fpem/counterfactual_risk_stage2_start_epoch": 20.0, "fpem/counterfactual_risk_all_environment_mae": 9.397856921241397, "fpem/counterfactual_risk_all_invariant_mae": 9.662237512497676, "fpem/counterfactual_risk_routed_mae": 9.473839164915539, "fpem/counterfactual_risk_oracle_mae": 9.357384200323196, "fpem/counterfactual_risk_router_accuracy": 0.6059523809523809, "fpem/counterfactual_risk_router_balanced_accuracy": 0.5421450126738775, "fpem/counterfactual_risk_inv_route_ratio": 0.35535714285714287, "fpem/counterfactual_risk_env_route_ratio": 0.6446428571428572, "fpem/counterfactual_risk_inv_switch_precision": 0.23636041567439126, "fpem/counterfactual_risk_correct_inv_switches": 1.3238095238095238, "fpem/counterfactual_risk_harmful_inv_switches": 4.3619047619047615, "fpem/counterfactual_risk_saved_loss": 0.015975222701118105, "fpem/counterfactual_risk_added_loss": 0.09195740790594192, "fpem/counterfactual_risk_net_gain": -0.07598224367414202, "fpem/counterfactual_risk_regret": 0.11645496459234328, "fpem/counterfactual_risk_oracle_gap_closed": -2084.8397040240466, "fpem/counterfactual_risk_delta_mean": -0.2643805851538976, "fpem/counterfactual_risk_target_inv_ratio": 0.20416666666666666, "fpem/counterfactual_risk_weight_env_sum": 8.152380884261358, "fpem/counterfactual_risk_weight_inv_sum": 7.847618979499454, "fpem/counterfactual_risk_prediction_is_hard_route": 1.0, "fpem/counterfactual_risk_prediction_is_soft_fusion": 0.0, "fpem/counterfactual_risk_target_detached": 1.0, "fpem/counterfactual_risk_uses_threshold": 0.0, "fpem/counterfactual_risk_all_samples_used_for_router": 1.0, "fpem/hard_router_predicted_env_ratio": 0.6446428571428572, "fpem/hard_router_effective_env_ratio": 1.0, "fpem/hard_router_target_env_ratio": 0.7958333333333333, "fpem/hard_router_gain_mean": -0.2643805851538976, "fpem/expert_prediction_pairwise_difference": 0.0, "fpem/delta_pairwise_cosine": 0.0, "fpem/delta_pairwise_l1": 0.0, "fpem/delta_pairwise_l2": 0.0, "fpem/expert_0_parameter_norm": 14.887673377990723, "fpem/hard_binary_router_enabled": 0.0, "fpem/hard_router_uses_target_in_forward": 0.0, "fpem/stored_future_c_loaded": 0.0, "fpem/prediction_is_weighted_complete_fusion": 0.0, "fpem/prediction_is_hard_route": 1.0, "fpem/conservative_inv_override_enabled": 0.0, "fpem/conservative_router_features_detached": 1.0, "fpem/counterfactual_risk_router_enabled": 1.0, "fpem/counterfactual_risk_stage2_active_forward": 1.0, "fpem/counterfactual_risk_deploy_route_active": 0.0, "fpem/counterfactual_risk_training_uses_route": 0.0, "fpem/counterfactual_risk_forward_uses_threshold": 0.0, "fpem/future_mi_loss": 0.0, "fpem/future_mi_valid": 0.0, "fpem/future_mi_logvar_mean": 0.0, "fpem/future_mi_target_mode_env_encoder": 0.0, "fpem/swap_loss": 0.0, "fpem/swap_diff_loss": 0.0, "fpem/swap_same_loss": 0.0, "fpem/swap_gain_mean": 0.0, "fpem/swap_s_gain_mean": 0.0, "fpem/swap_fallback_router_loss": 0.0, "fpem/swap_fallback_q_mean": 0.0, "fpem/swap_prediction_delta": 0.0, "fpem/swap_route_delta": 0.0, "fpem/swap_hyper_alpha_delta": 0.0, "fpem/swap_hyper_delta_norm": 0.0, "fpem/loss_env_day": 0.0, "fpem/loss_env_hour": 0.0, "fpem/loss_env_rush": 0.0, "fpem/env_day_acc": 0.0, "fpem/env_hour_acc": 0.0, "fpem/env_rush_acc": 0.0, "fpem/loss_env_supcon": 0.0, "fpem/env_supcon_valid_pairs": 0.0, "fpem/loss_inv_env_adv": 0.0, "fpem/inv_day_acc": 0.0, "fpem/inv_hour_acc": 0.0, "fpem/inv_rush_acc": 0.0, "fpem/loss_cross_cov_sep": 0.0, "fpem/confounder_dep_enabled": 0.0, "fpem/confounder_dep_mode_gci": 1.0, "fpem/confounder_dep_mode_scd": 0.0, "fpem/confounder_dep_mode_both": 0.0, "fpem/confounder_dep_total": 0.0, "fpem/loss_gci": 0.0, "fpem/loss_gci_drop": 0.0, "fpem/loss_gci_keep": 0.0, "fpem/loss_gci_graph_align": 0.0, "fpem/loss_scd": 0.0, "fpem/loss_conf_kl": 0.0, "fpem/effective_gci_weight": 0.0, "fpem/effective_gci_graph_align_weight": 0.0, "fpem/effective_scd_weight": 0.0, "fpem/effective_conf_kl_weight": 0.0, "fpem/confounder_dep_ramp_factor": 0.0, "fpem/C_mean": 0.0, "fpem/C_std": 0.0, "fpem/C_norm": 0.0, "fpem/confounder_token_norm": 0.0, "fpem/confounder_variational": 0.0, "fpem/confounder_projection_trace": 0.0, "fpem/confounder_projection_ridge": 0.0, "fpem/confounder_projection_rank_dim": 0.0, "fpem/confounder_projection_calls": 0.0, "fpem/confounder_dep_detach_target": 0.0, "fpem/gci_nonedge_mass_before_C": 0.0, "fpem/gci_nonedge_mass_after_C": 0.0, "fpem/gci_nonedge_mass_reduction": 0.0, "fpem/gci_relative_violation": 0.0, "fpem/gci_edge_before_C": 0.0, "fpem/gci_edge_after_C": 0.0, "fpem/gci_nonedge_conn_before_C": 0.0, "fpem/gci_nonedge_conn_after_C": 0.0, "fpem/gci_nonedge_conn_reduction": 0.0, "fpem/gci_edge_conn_before_C": 0.0, "fpem/gci_edge_conn_after_C": 0.0, "fpem/gci_edge_conn_reduction": 0.0, "fpem/gci_nonedge_dep_before_C": 0.0, "fpem/gci_nonedge_dep_after_C": 0.0, "fpem/gci_nonedge_dep_reduction": 0.0, "fpem/gci_edge_dep_before_C": 0.0, "fpem/gci_edge_dep_after_C": 0.0, "fpem/gci_nonedge_count": 0.0, "fpem/gci_edge_count": 0.0, "fpem/gci_node_count": 0.0, "fpem/gci_node_vector_dim": 0.0, "fpem/gci_graph_embed_dim": 0.0, "fpem/gci_graph_embedding_norm_before": 0.0, "fpem/gci_graph_embedding_norm_after": 0.0, "fpem/gci_graph_embedding_std_before": 0.0, "fpem/gci_graph_embedding_std_after": 0.0, "fpem/gci_graph_adj_mean_before": 0.0, "fpem/gci_graph_adj_mean_after": 0.0, "fpem/gci_graph_adj_std_before": 0.0, "fpem/gci_graph_adj_std_after": 0.0, "fpem/gci_graph_align_weight": 0.0, "fpem/gci_graph_align_raw_mse": 0.0, "fpem/gci_graph_align_normalized": 0.0, "fpem/gci_edge_preserve_beta": 0.0, "fpem/gci_graph_align_target_available": 0.0, "fpem/gci_target_adj_mean": 0.0, "fpem/gci_target_adj_std": 0.0, "fpem/gci_target_edge_mean": 0.0, "fpem/gci_target_nonedge_mean": 0.0, "fpem/gci_target_diag_mean": 0.0, "fpem/gci_graph_align_updates_agcrn": 0.0, "fpem/gci_updates_graph_linear": 0.0, "fpem/gci_graph_construction_agcrn_softmax": 0.0, "fpem/scd_assoc_before_C": 0.0, "fpem/scd_assoc_after_C": 0.0, "fpem/scd_assoc_reduction": 0.0, "fpem/scd_relative_violation": 0.0, "fpem/sample_assoc_before_C": 0.0, "fpem/sample_assoc_after_C": 0.0, "fpem/sample_assoc_reduction": 0.0, "fpem/sample_dep_before_C": 0.0, "fpem/sample_dep_after_C": 0.0, "fpem/sample_dep_reduction": 0.0, "fpem/scd_batch_size": 0.0, "fpem/scd_sample_vector_dim": 0.0, "fpem/sample_kernel_alignment": 0.0, "fpem/scd_alignment_loss": 0.0, "fpem/load_level_experts_enabled": 1.0, "fpem/load_level_uses_target_or_future_load": 0.0, "fpem/environment_gate_uses_target_in_forward": 0.0, "fpem/load_level_env_residual_scale": 0.0, "fpem/uses_cached_observable_load_prior": 1.0, "fpem/primary_loss": 8.992714168911888, "fpem/inv_pred_loss": 9.214662211281913, "fpem/primary_uses_route": 1.0, "fpem/primary_uses_env_fusion": 0.0, "fpem/backbone_agcrn": 1.0, "fpem/backbone_graphwavenet": 0.0, "fpem/backbone_staeformer": 0.0, "fpem/gc_pred_loss_only": 1.0, "fpem/env_route_head_mode_hyper_proto": 1.0, "fpem/fpem_force_uniform_route": 0.0, "fpem/hard_prediction_sinkhorn_total_replaces_primary": 0.0, "fpem/hard_prediction_environment_sinkhorn_total_replaces_primary": 0.0, "fpem/warmup_risk_sinkhorn_total_replaces_primary": 0.0, "fpem/lambda_club_mi": 0.0}}
EPOCH {"epoch": 42, "train_loss": 1.312306539217631, "val": {"loss": 11.817245589362251, "mae": 11.608872413635254, "mape": 0.17969241738319397}, "test_mixed": {"loss": NaN, "mae": NaN, "mape": NaN}, "test_workday": {"loss": NaN, "mae": NaN, "mape": NaN}, "test_holiday": {"loss": NaN, "mae": NaN, "mape": NaN}, "test_avg_mae": NaN, "best_selection_value": 11.817245589362251, "best_selection_split": "val", "best_selection_metric": "val_loss", "lr": 0.0005, "fpem_logs": {"fpem/fpem_env_use_exogenous": 1.0, "fpem/env_exogenous_available": 1.0, "fpem/env_exogenous_time_available": 1.0, "fpem/env_exogenous_load_available": 1.0, "fpem/env_exogenous_feature_dim": 32.0, "fpem/env_exogenous_embedding_norm": 2.481367524464925, "fpem/env_exogenous_load_embedding_norm": 1.6452524083001272, "fpem/fpem_env_use_period_context": 1.0, "fpem/env_period_context_available": 1.0, "fpem/env_period_day_available_ratio": 0.9732142857142857, "fpem/env_period_week_available_ratio": 0.8244047619047619, "fpem/env_period_context_feature_dim": 6.0, "fpem/env_period_context_scale": 0.10000000149011612, "fpem/env_period_context_delta_norm": 0.19645331530343918, "fpem/env_period_context_day_diff_norm": 0.1627270533925011, "fpem/env_period_context_week_diff_norm": 0.1018899272595133, "fpem/env_rep_ablation_normal": 1.0, "fpem/env_rep_ablation_zero": 0.0, "fpem/env_rep_ablation_shuffle_batch": 0.0, "fpem/env_rep_ablation_mode_id": 0.0, "fpem/mask_loss": 0.0, "fpem/mask_sparse_loss": 0.0, "fpem/mask_entropy_loss": 0.0, "fpem/mask_mean": 1.0, "fpem/mask_entropy": 0.0, "fpem/mask_active_ratio": 1.0, "fpem/fusion_alpha_mean": 0.0, "fpem/fusion_alpha_std": 0.0, "fpem/fusion_alpha_min": 0.0, "fpem/fusion_alpha_max": 0.0, "fpem/env_route_loss": 1.312306539217631, "fpem/env_route_L_final": 8.991912246885754, "fpem/env_route_L_global": 0.0, "fpem/env_route_L_route_soft": 0.0, "fpem/env_route_L_expert": 9.397851653326125, "fpem/env_route_L_router_oracle": 1.312306539217631, "fpem/env_route_L_balance": 0.0, "fpem/env_route_L_diverse": 0.0, "fpem/env_route_L_proto_align": 0.0, "fpem/env_route_entropy": 0.0, "fpem/env_route_q_max_mean": 0.0, "fpem/hyper_alpha_mean": 0.0, "fpem/hyper_delta_norm": 0.0, "fpem/hyper_route_proto_mode_uniform_warmup": 0.0, "fpem/hyper_route_proto_mode_uniform_fixed": 0.0, "fpem/hyper_route_proto_mode_sinkhorn": 0.0, "fpem/hyper_route_proto_mode_softmax": 0.0, "fpem/fallback_q_mean": 0.0, "fpem/fallback_q_max": 0.0, "fpem/env_q_sum_mean": 1.0, "fpem/oracle_fallback_rate": 0.0, "fpem/route_count_fallback": 0.0, "fpem/env_route_head_mode": 1.0, "fpem/route_entropy_mean": 0.0, "fpem/route_mean_distribution_entropy": 0.0, "fpem/effective_expert_number": 1.0, "fpem/max_expert_usage_ratio": 0.0, "fpem/min_expert_usage_ratio": 0.0, "fpem/prototype_pairwise_cosine": 0.0, "fpem/expert_prediction_pairwise_cosine": 0.0, "fpem/expert_collapse_warning": 0.0, "fpem/env_route_target_mode_env_prototype": 0.0, "fpem/env_route_target_mode_hybrid": 0.0, "fpem/env_route_hybrid_alpha": 0.0, "fpem/env_route_train_mode_warmup_risk_sinkhorn": 0.0, "fpem/warmup_risk_stage_warmup": 0.0, "fpem/warmup_risk_stage_soft": 0.0, "fpem/warmup_risk_stage_hard": 0.0, "fpem/warmup_risk_selected_loss": 0.0, "fpem/warmup_risk_uniform_common_loss": 0.0, "fpem/warmup_risk_lambda_common": 0.0, "fpem/warmup_risk_total_common_term": 0.0, "fpem/warmup_risk_temperature": 0.0, "fpem/warmup_risk_temperature_progress": 0.0, "fpem/uniform_expert_mae": 0.0, "fpem/risk_routed_mae": 0.0, "fpem/risk_prediction_mae": 0.0, "fpem/risk_loss": 0.0, "fpem/risk_ranking_loss": 0.0, "fpem/risk_ranking_accuracy": 0.0, "fpem/risk_oracle_argmin_accuracy": 0.0, "fpem/risk_router_temperature": 0.0, "fpem/risk_router_lambda": 0.0, "fpem/risk_router_pairwise_lambda": 0.0, "fpem/env_route_train_mode_progressive_gmm_environment": 0.0, "fpem/top_level_prediction_source_progressive_gmm_teacher_hard": 0.0, "fpem/progressive_assignment_uses_target_or_prediction_error": 0.0, "fpem/progressive_partition_ready": 0.0, "fpem/progressive_selected_k": 0.0, "fpem/progressive_active_expert_count": 0.0, "fpem/progressive_last_partition_epoch": 0.0, "fpem/progressive_lambda_common": 0.0, "fpem/progressive_common_term": 0.0, "fpem/progressive_compactness_loss": 0.0, "fpem/progressive_consistency_loss": 0.0, "fpem/progressive_cluster_entropy": 0.0, "fpem/progressive_assignment_change_ratio": 0.0, "fpem/progressive_hungarian_overlap_score": 0.0, "fpem/progressive_partition_update_time_sec": 0.0, "fpem/progressive_routed_mae": 0.0, "fpem/progressive_gmm_environment_total_replaces_primary": 0.0, "fpem/env_route_count_head_0": 16.0, "fpem/env_route_oracle_count_head_0": 16.0, "fpem/route_count_env_head_0": 16.0, "fpem/route_soft_mean_expert_0": 1.0, "fpem/route_hard_count_expert_0": 16.0, "fpem/hard_count_expert_0": 16.0, "fpem/sinkhorn_soft_col_mass_expert_0": 0.0, "fpem/progressive_active_expert_0": 0.0, "fpem/progressive_cluster_size_0": 0.0, "fpem/progressive_cluster_ratio_0": 0.0, "fpem/progressive_cluster_to_expert_0": 0.0, "fpem/progressive_bic_k1": 0.0, "fpem/progressive_bic_score_k1": 0.0, "fpem/progressive_bic_rejected_k1": 0.0, "fpem/hyper_alpha_head_0": 0.0, "fpem/hyper_gamma_norm_head_0": 0.0, "fpem/hyper_beta_norm_head_0": 0.0, "fpem/expert_cross_mae_group_0_expert_0": 9.397851653326125, "fpem/load_expert_loss": 9.397851653326125, "fpem/counterfactual_risk_router_loss": 1.312306539217631, "fpem/counterfactual_risk_regression_loss": 0.9702298592953454, "fpem/counterfactual_risk_ranking_loss": 0.6841533524649483, "fpem/load_level_assignment_detached": 1.0, "fpem/load_level_count_0": 1680.0, "fpem/load_level_ratio_0": 1.0, "fpem/expert_0_global_loss": 9.397851653326125, "fpem/expert_0_selected_loss": 9.397851653326125, "fpem/counterfactual_risk_stage2_active": 1.0, "fpem/counterfactual_risk_stage2_start_epoch": 20.0, "fpem/counterfactual_risk_all_environment_mae": 9.397851653326125, "fpem/counterfactual_risk_all_invariant_mae": 9.662237467084612, "fpem/counterfactual_risk_routed_mae": 9.484183111644926, "fpem/counterfactual_risk_oracle_mae": 9.357378932407924, "fpem/counterfactual_risk_router_accuracy": 0.5839285714285715, "fpem/counterfactual_risk_router_balanced_accuracy": 0.5378373750618526, "fpem/counterfactual_risk_inv_route_ratio": 0.4011904761904762, "fpem/counterfactual_risk_env_route_ratio": 0.5988095238095238, "fpem/counterfactual_risk_inv_switch_precision": 0.233589986321472, "fpem/counterfactual_risk_correct_inv_switches": 1.5142857142857142, "fpem/counterfactual_risk_harmful_inv_switches": 4.904761904761905, "fpem/counterfactual_risk_saved_loss": 0.018650604145867482, "fpem/counterfactual_risk_added_loss": 0.10498198937802088, "fpem/counterfactual_risk_net_gain": -0.08633145831880115, "fpem/counterfactual_risk_regret": 0.1268041792370024, "fpem/counterfactual_risk_oracle_gap_closed": -5195.582111625888, "fpem/counterfactual_risk_delta_mean": -0.26438587024098353, "fpem/counterfactual_risk_target_inv_ratio": 0.20416666666666666, "fpem/counterfactual_risk_weight_env_sum": 8.228571383158366, "fpem/counterfactual_risk_weight_inv_sum": 7.77142851239159, "fpem/counterfactual_risk_prediction_is_hard_route": 1.0, "fpem/counterfactual_risk_prediction_is_soft_fusion": 0.0, "fpem/counterfactual_risk_target_detached": 1.0, "fpem/counterfactual_risk_uses_threshold": 0.0, "fpem/counterfactual_risk_all_samples_used_for_router": 1.0, "fpem/hard_router_predicted_env_ratio": 0.5988095238095238, "fpem/hard_router_effective_env_ratio": 1.0, "fpem/hard_router_target_env_ratio": 0.7958333333333333, "fpem/hard_router_gain_mean": -0.26438587024098353, "fpem/expert_prediction_pairwise_difference": 0.0, "fpem/delta_pairwise_cosine": 0.0, "fpem/delta_pairwise_l1": 0.0, "fpem/delta_pairwise_l2": 0.0, "fpem/expert_0_parameter_norm": 14.887673377990723, "fpem/hard_binary_router_enabled": 0.0, "fpem/hard_router_uses_target_in_forward": 0.0, "fpem/stored_future_c_loaded": 0.0, "fpem/prediction_is_weighted_complete_fusion": 0.0, "fpem/prediction_is_hard_route": 1.0, "fpem/conservative_inv_override_enabled": 0.0, "fpem/conservative_router_features_detached": 1.0, "fpem/counterfactual_risk_router_enabled": 1.0, "fpem/counterfactual_risk_stage2_active_forward": 1.0, "fpem/counterfactual_risk_deploy_route_active": 0.0, "fpem/counterfactual_risk_training_uses_route": 0.0, "fpem/counterfactual_risk_forward_uses_threshold": 0.0, "fpem/future_mi_loss": 0.0, "fpem/future_mi_valid": 0.0, "fpem/future_mi_logvar_mean": 0.0, "fpem/future_mi_target_mode_env_encoder": 0.0, "fpem/swap_loss": 0.0, "fpem/swap_diff_loss": 0.0, "fpem/swap_same_loss": 0.0, "fpem/swap_gain_mean": 0.0, "fpem/swap_s_gain_mean": 0.0, "fpem/swap_fallback_router_loss": 0.0, "fpem/swap_fallback_q_mean": 0.0, "fpem/swap_prediction_delta": 0.0, "fpem/swap_route_delta": 0.0, "fpem/swap_hyper_alpha_delta": 0.0, "fpem/swap_hyper_delta_norm": 0.0, "fpem/loss_env_day": 0.0, "fpem/loss_env_hour": 0.0, "fpem/loss_env_rush": 0.0, "fpem/env_day_acc": 0.0, "fpem/env_hour_acc": 0.0, "fpem/env_rush_acc": 0.0, "fpem/loss_env_supcon": 0.0, "fpem/env_supcon_valid_pairs": 0.0, "fpem/loss_inv_env_adv": 0.0, "fpem/inv_day_acc": 0.0, "fpem/inv_hour_acc": 0.0, "fpem/inv_rush_acc": 0.0, "fpem/loss_cross_cov_sep": 0.0, "fpem/confounder_dep_enabled": 0.0, "fpem/confounder_dep_mode_gci": 1.0, "fpem/confounder_dep_mode_scd": 0.0, "fpem/confounder_dep_mode_both": 0.0, "fpem/confounder_dep_total": 0.0, "fpem/loss_gci": 0.0, "fpem/loss_gci_drop": 0.0, "fpem/loss_gci_keep": 0.0, "fpem/loss_gci_graph_align": 0.0, "fpem/loss_scd": 0.0, "fpem/loss_conf_kl": 0.0, "fpem/effective_gci_weight": 0.0, "fpem/effective_gci_graph_align_weight": 0.0, "fpem/effective_scd_weight": 0.0, "fpem/effective_conf_kl_weight": 0.0, "fpem/confounder_dep_ramp_factor": 0.0, "fpem/C_mean": 0.0, "fpem/C_std": 0.0, "fpem/C_norm": 0.0, "fpem/confounder_token_norm": 0.0, "fpem/confounder_variational": 0.0, "fpem/confounder_projection_trace": 0.0, "fpem/confounder_projection_ridge": 0.0, "fpem/confounder_projection_rank_dim": 0.0, "fpem/confounder_projection_calls": 0.0, "fpem/confounder_dep_detach_target": 0.0, "fpem/gci_nonedge_mass_before_C": 0.0, "fpem/gci_nonedge_mass_after_C": 0.0, "fpem/gci_nonedge_mass_reduction": 0.0, "fpem/gci_relative_violation": 0.0, "fpem/gci_edge_before_C": 0.0, "fpem/gci_edge_after_C": 0.0, "fpem/gci_nonedge_conn_before_C": 0.0, "fpem/gci_nonedge_conn_after_C": 0.0, "fpem/gci_nonedge_conn_reduction": 0.0, "fpem/gci_edge_conn_before_C": 0.0, "fpem/gci_edge_conn_after_C": 0.0, "fpem/gci_edge_conn_reduction": 0.0, "fpem/gci_nonedge_dep_before_C": 0.0, "fpem/gci_nonedge_dep_after_C": 0.0, "fpem/gci_nonedge_dep_reduction": 0.0, "fpem/gci_edge_dep_before_C": 0.0, "fpem/gci_edge_dep_after_C": 0.0, "fpem/gci_nonedge_count": 0.0, "fpem/gci_edge_count": 0.0, "fpem/gci_node_count": 0.0, "fpem/gci_node_vector_dim": 0.0, "fpem/gci_graph_embed_dim": 0.0, "fpem/gci_graph_embedding_norm_before": 0.0, "fpem/gci_graph_embedding_norm_after": 0.0, "fpem/gci_graph_embedding_std_before": 0.0, "fpem/gci_graph_embedding_std_after": 0.0, "fpem/gci_graph_adj_mean_before": 0.0, "fpem/gci_graph_adj_mean_after": 0.0, "fpem/gci_graph_adj_std_before": 0.0, "fpem/gci_graph_adj_std_after": 0.0, "fpem/gci_graph_align_weight": 0.0, "fpem/gci_graph_align_raw_mse": 0.0, "fpem/gci_graph_align_normalized": 0.0, "fpem/gci_edge_preserve_beta": 0.0, "fpem/gci_graph_align_target_available": 0.0, "fpem/gci_target_adj_mean": 0.0, "fpem/gci_target_adj_std": 0.0, "fpem/gci_target_edge_mean": 0.0, "fpem/gci_target_nonedge_mean": 0.0, "fpem/gci_target_diag_mean": 0.0, "fpem/gci_graph_align_updates_agcrn": 0.0, "fpem/gci_updates_graph_linear": 0.0, "fpem/gci_graph_construction_agcrn_softmax": 0.0, "fpem/scd_assoc_before_C": 0.0, "fpem/scd_assoc_after_C": 0.0, "fpem/scd_assoc_reduction": 0.0, "fpem/scd_relative_violation": 0.0, "fpem/sample_assoc_before_C": 0.0, "fpem/sample_assoc_after_C": 0.0, "fpem/sample_assoc_reduction": 0.0, "fpem/sample_dep_before_C": 0.0, "fpem/sample_dep_after_C": 0.0, "fpem/sample_dep_reduction": 0.0, "fpem/scd_batch_size": 0.0, "fpem/scd_sample_vector_dim": 0.0, "fpem/sample_kernel_alignment": 0.0, "fpem/scd_alignment_loss": 0.0, "fpem/load_level_experts_enabled": 1.0, "fpem/load_level_uses_target_or_future_load": 0.0, "fpem/environment_gate_uses_target_in_forward": 0.0, "fpem/load_level_env_residual_scale": 0.0, "fpem/uses_cached_observable_load_prior": 1.0, "fpem/primary_loss": 8.991912246885754, "fpem/inv_pred_loss": 9.214218552907308, "fpem/primary_uses_route": 1.0, "fpem/primary_uses_env_fusion": 0.0, "fpem/backbone_agcrn": 1.0, "fpem/backbone_graphwavenet": 0.0, "fpem/backbone_staeformer": 0.0, "fpem/gc_pred_loss_only": 1.0, "fpem/env_route_head_mode_hyper_proto": 1.0, "fpem/fpem_force_uniform_route": 0.0, "fpem/hard_prediction_sinkhorn_total_replaces_primary": 0.0, "fpem/hard_prediction_environment_sinkhorn_total_replaces_primary": 0.0, "fpem/warmup_risk_sinkhorn_total_replaces_primary": 0.0, "fpem/lambda_club_mi": 0.0}}
EPOCH {"epoch": 43, "train_loss": 1.2737364593006315, "val": {"loss": 11.839838610755073, "mae": 11.634245872497559, "mape": 0.1833425760269165}, "test_mixed": {"loss": NaN, "mae": NaN, "mape": NaN}, "test_workday": {"loss": NaN, "mae": NaN, "mape": NaN}, "test_holiday": {"loss": NaN, "mae": NaN, "mape": NaN}, "test_avg_mae": NaN, "best_selection_value": 11.839838610755073, "best_selection_split": "val", "best_selection_metric": "val_loss", "lr": 0.0005, "fpem_logs": {"fpem/fpem_env_use_exogenous": 1.0, "fpem/env_exogenous_available": 1.0, "fpem/env_exogenous_time_available": 1.0, "fpem/env_exogenous_load_available": 1.0, "fpem/env_exogenous_feature_dim": 32.0, "fpem/env_exogenous_embedding_norm": 2.4813675267355784, "fpem/env_exogenous_load_embedding_norm": 1.645252401488168, "fpem/fpem_env_use_period_context": 1.0, "fpem/env_period_context_available": 1.0, "fpem/env_period_day_available_ratio": 0.9732142857142857, "fpem/env_period_week_available_ratio": 0.8244047619047619, "fpem/env_period_context_feature_dim": 6.0, "fpem/env_period_context_scale": 0.10000000149011612, "fpem/env_period_context_delta_norm": 0.19645331445194425, "fpem/env_period_context_day_diff_norm": 0.16272705381824856, "fpem/env_period_context_week_diff_norm": 0.1018899271885554, "fpem/env_rep_ablation_normal": 1.0, "fpem/env_rep_ablation_zero": 0.0, "fpem/env_rep_ablation_shuffle_batch": 0.0, "fpem/env_rep_ablation_mode_id": 0.0, "fpem/mask_loss": 0.0, "fpem/mask_sparse_loss": 0.0, "fpem/mask_entropy_loss": 0.0, "fpem/mask_mean": 1.0, "fpem/mask_entropy": 0.0, "fpem/mask_active_ratio": 1.0, "fpem/fusion_alpha_mean": 0.0, "fpem/fusion_alpha_std": 0.0, "fpem/fusion_alpha_min": 0.0, "fpem/fusion_alpha_max": 0.0, "fpem/env_route_loss": 1.2737364593006315, "fpem/env_route_L_final": 8.991822669619605, "fpem/env_route_L_global": 0.0, "fpem/env_route_L_route_soft": 0.0, "fpem/env_route_L_expert": 9.39787570862543, "fpem/env_route_L_router_oracle": 1.2737364593006315, "fpem/env_route_L_balance": 0.0, "fpem/env_route_L_diverse": 0.0, "fpem/env_route_L_proto_align": 0.0, "fpem/env_route_entropy": 0.0, "fpem/env_route_q_max_mean": 0.0, "fpem/hyper_alpha_mean": 0.0, "fpem/hyper_delta_norm": 0.0, "fpem/hyper_route_proto_mode_uniform_warmup": 0.0, "fpem/hyper_route_proto_mode_uniform_fixed": 0.0, "fpem/hyper_route_proto_mode_sinkhorn": 0.0, "fpem/hyper_route_proto_mode_softmax": 0.0, "fpem/fallback_q_mean": 0.0, "fpem/fallback_q_max": 0.0, "fpem/env_q_sum_mean": 1.0, "fpem/oracle_fallback_rate": 0.0, "fpem/route_count_fallback": 0.0, "fpem/env_route_head_mode": 1.0, "fpem/route_entropy_mean": 0.0, "fpem/route_mean_distribution_entropy": 0.0, "fpem/effective_expert_number": 1.0, "fpem/max_expert_usage_ratio": 0.0, "fpem/min_expert_usage_ratio": 0.0, "fpem/prototype_pairwise_cosine": 0.0, "fpem/expert_prediction_pairwise_cosine": 0.0, "fpem/expert_collapse_warning": 0.0, "fpem/env_route_target_mode_env_prototype": 0.0, "fpem/env_route_target_mode_hybrid": 0.0, "fpem/env_route_hybrid_alpha": 0.0, "fpem/env_route_train_mode_warmup_risk_sinkhorn": 0.0, "fpem/warmup_risk_stage_warmup": 0.0, "fpem/warmup_risk_stage_soft": 0.0, "fpem/warmup_risk_stage_hard": 0.0, "fpem/warmup_risk_selected_loss": 0.0, "fpem/warmup_risk_uniform_common_loss": 0.0, "fpem/warmup_risk_lambda_common": 0.0, "fpem/warmup_risk_total_common_term": 0.0, "fpem/warmup_risk_temperature": 0.0, "fpem/warmup_risk_temperature_progress": 0.0, "fpem/uniform_expert_mae": 0.0, "fpem/risk_routed_mae": 0.0, "fpem/risk_prediction_mae": 0.0, "fpem/risk_loss": 0.0, "fpem/risk_ranking_loss": 0.0, "fpem/risk_ranking_accuracy": 0.0, "fpem/risk_oracle_argmin_accuracy": 0.0, "fpem/risk_router_temperature": 0.0, "fpem/risk_router_lambda": 0.0, "fpem/risk_router_pairwise_lambda": 0.0, "fpem/env_route_train_mode_progressive_gmm_environment": 0.0, "fpem/top_level_prediction_source_progressive_gmm_teacher_hard": 0.0, "fpem/progressive_assignment_uses_target_or_prediction_error": 0.0, "fpem/progressive_partition_ready": 0.0, "fpem/progressive_selected_k": 0.0, "fpem/progressive_active_expert_count": 0.0, "fpem/progressive_last_partition_epoch": 0.0, "fpem/progressive_lambda_common": 0.0, "fpem/progressive_common_term": 0.0, "fpem/progressive_compactness_loss": 0.0, "fpem/progressive_consistency_loss": 0.0, "fpem/progressive_cluster_entropy": 0.0, "fpem/progressive_assignment_change_ratio": 0.0, "fpem/progressive_hungarian_overlap_score": 0.0, "fpem/progressive_partition_update_time_sec": 0.0, "fpem/progressive_routed_mae": 0.0, "fpem/progressive_gmm_environment_total_replaces_primary": 0.0, "fpem/env_route_count_head_0": 16.0, "fpem/env_route_oracle_count_head_0": 16.0, "fpem/route_count_env_head_0": 16.0, "fpem/route_soft_mean_expert_0": 1.0, "fpem/route_hard_count_expert_0": 16.0, "fpem/hard_count_expert_0": 16.0, "fpem/sinkhorn_soft_col_mass_expert_0": 0.0, "fpem/progressive_active_expert_0": 0.0, "fpem/progressive_cluster_size_0": 0.0, "fpem/progressive_cluster_ratio_0": 0.0, "fpem/progressive_cluster_to_expert_0": 0.0, "fpem/progressive_bic_k1": 0.0, "fpem/progressive_bic_score_k1": 0.0, "fpem/progressive_bic_rejected_k1": 0.0, "fpem/hyper_alpha_head_0": 0.0, "fpem/hyper_gamma_norm_head_0": 0.0, "fpem/hyper_beta_norm_head_0": 0.0, "fpem/expert_cross_mae_group_0_expert_0": 9.39787570862543, "fpem/load_expert_loss": 9.39787570862543, "fpem/counterfactual_risk_router_loss": 1.2737364593006315, "fpem/counterfactual_risk_regression_loss": 0.9328380692572821, "fpem/counterfactual_risk_ranking_loss": 0.6817967704364232, "fpem/load_level_assignment_detached": 1.0, "fpem/load_level_count_0": 1680.0, "fpem/load_level_ratio_0": 1.0, "fpem/expert_0_global_loss": 9.39787570862543, "fpem/expert_0_selected_loss": 9.39787570862543, "fpem/counterfactual_risk_stage2_active": 1.0, "fpem/counterfactual_risk_stage2_start_epoch": 20.0, "fpem/counterfactual_risk_all_environment_mae": 9.39787570862543, "fpem/counterfactual_risk_all_invariant_mae": 9.662237503415062, "fpem/counterfactual_risk_routed_mae": 9.474067002251035, "fpem/counterfactual_risk_oracle_mae": 9.35740220660255, "fpem/counterfactual_risk_router_accuracy": 0.5952380952380952, "fpem/counterfactual_risk_router_balanced_accuracy": 0.5226855297883352, "fpem/counterfactual_risk_inv_route_ratio": 0.35892857142857143, "fpem/counterfactual_risk_env_route_ratio": 0.6410714285714286, "fpem/counterfactual_risk_inv_switch_precision": 0.22217343882435844, "fpem/counterfactual_risk_correct_inv_switches": 1.2666666666666666, "fpem/counterfactual_risk_harmful_inv_switches": 4.476190476190476, "fpem/counterfactual_risk_saved_loss": 0.01551096723193214, "fpem/counterfactual_risk_added_loss": 0.09170229789756593, "fpem/counterfactual_risk_net_gain": -0.07619129362560453, "fpem/counterfactual_risk_regret": 0.116664795648484, "fpem/counterfactual_risk_oracle_gap_closed": -1913.4841485961917, "fpem/counterfactual_risk_delta_mean": -0.26436178187529247, "fpem/counterfactual_risk_target_inv_ratio": 0.20416666666666666, "fpem/counterfactual_risk_weight_env_sum": 8.304761863890148, "fpem/counterfactual_risk_weight_inv_sum": 7.6952380770728706, "fpem/counterfactual_risk_prediction_is_hard_route": 1.0, "fpem/counterfactual_risk_prediction_is_soft_fusion": 0.0, "fpem/counterfactual_risk_target_detached": 1.0, "fpem/counterfactual_risk_uses_threshold": 0.0, "fpem/counterfactual_risk_all_samples_used_for_router": 1.0, "fpem/hard_router_predicted_env_ratio": 0.6410714285714286, "fpem/hard_router_effective_env_ratio": 1.0, "fpem/hard_router_target_env_ratio": 0.7958333333333333, "fpem/hard_router_gain_mean": -0.26436178187529247, "fpem/expert_prediction_pairwise_difference": 0.0, "fpem/delta_pairwise_cosine": 0.0, "fpem/delta_pairwise_l1": 0.0, "fpem/delta_pairwise_l2": 0.0, "fpem/expert_0_parameter_norm": 14.887673377990723, "fpem/hard_binary_router_enabled": 0.0, "fpem/hard_router_uses_target_in_forward": 0.0, "fpem/stored_future_c_loaded": 0.0, "fpem/prediction_is_weighted_complete_fusion": 0.0, "fpem/prediction_is_hard_route": 1.0, "fpem/conservative_inv_override_enabled": 0.0, "fpem/conservative_router_features_detached": 1.0, "fpem/counterfactual_risk_router_enabled": 1.0, "fpem/counterfactual_risk_stage2_active_forward": 1.0, "fpem/counterfactual_risk_deploy_route_active": 0.0, "fpem/counterfactual_risk_training_uses_route": 0.0, "fpem/counterfactual_risk_forward_uses_threshold": 0.0, "fpem/future_mi_loss": 0.0, "fpem/future_mi_valid": 0.0, "fpem/future_mi_logvar_mean": 0.0, "fpem/future_mi_target_mode_env_encoder": 0.0, "fpem/swap_loss": 0.0, "fpem/swap_diff_loss": 0.0, "fpem/swap_same_loss": 0.0, "fpem/swap_gain_mean": 0.0, "fpem/swap_s_gain_mean": 0.0, "fpem/swap_fallback_router_loss": 0.0, "fpem/swap_fallback_q_mean": 0.0, "fpem/swap_prediction_delta": 0.0, "fpem/swap_route_delta": 0.0, "fpem/swap_hyper_alpha_delta": 0.0, "fpem/swap_hyper_delta_norm": 0.0, "fpem/loss_env_day": 0.0, "fpem/loss_env_hour": 0.0, "fpem/loss_env_rush": 0.0, "fpem/env_day_acc": 0.0, "fpem/env_hour_acc": 0.0, "fpem/env_rush_acc": 0.0, "fpem/loss_env_supcon": 0.0, "fpem/env_supcon_valid_pairs": 0.0, "fpem/loss_inv_env_adv": 0.0, "fpem/inv_day_acc": 0.0, "fpem/inv_hour_acc": 0.0, "fpem/inv_rush_acc": 0.0, "fpem/loss_cross_cov_sep": 0.0, "fpem/confounder_dep_enabled": 0.0, "fpem/confounder_dep_mode_gci": 1.0, "fpem/confounder_dep_mode_scd": 0.0, "fpem/confounder_dep_mode_both": 0.0, "fpem/confounder_dep_total": 0.0, "fpem/loss_gci": 0.0, "fpem/loss_gci_drop": 0.0, "fpem/loss_gci_keep": 0.0, "fpem/loss_gci_graph_align": 0.0, "fpem/loss_scd": 0.0, "fpem/loss_conf_kl": 0.0, "fpem/effective_gci_weight": 0.0, "fpem/effective_gci_graph_align_weight": 0.0, "fpem/effective_scd_weight": 0.0, "fpem/effective_conf_kl_weight": 0.0, "fpem/confounder_dep_ramp_factor": 0.0, "fpem/C_mean": 0.0, "fpem/C_std": 0.0, "fpem/C_norm": 0.0, "fpem/confounder_token_norm": 0.0, "fpem/confounder_variational": 0.0, "fpem/confounder_projection_trace": 0.0, "fpem/confounder_projection_ridge": 0.0, "fpem/confounder_projection_rank_dim": 0.0, "fpem/confounder_projection_calls": 0.0, "fpem/confounder_dep_detach_target": 0.0, "fpem/gci_nonedge_mass_before_C": 0.0, "fpem/gci_nonedge_mass_after_C": 0.0, "fpem/gci_nonedge_mass_reduction": 0.0, "fpem/gci_relative_violation": 0.0, "fpem/gci_edge_before_C": 0.0, "fpem/gci_edge_after_C": 0.0, "fpem/gci_nonedge_conn_before_C": 0.0, "fpem/gci_nonedge_conn_after_C": 0.0, "fpem/gci_nonedge_conn_reduction": 0.0, "fpem/gci_edge_conn_before_C": 0.0, "fpem/gci_edge_conn_after_C": 0.0, "fpem/gci_edge_conn_reduction": 0.0, "fpem/gci_nonedge_dep_before_C": 0.0, "fpem/gci_nonedge_dep_after_C": 0.0, "fpem/gci_nonedge_dep_reduction": 0.0, "fpem/gci_edge_dep_before_C": 0.0, "fpem/gci_edge_dep_after_C": 0.0, "fpem/gci_nonedge_count": 0.0, "fpem/gci_edge_count": 0.0, "fpem/gci_node_count": 0.0, "fpem/gci_node_vector_dim": 0.0, "fpem/gci_graph_embed_dim": 0.0, "fpem/gci_graph_embedding_norm_before": 0.0, "fpem/gci_graph_embedding_norm_after": 0.0, "fpem/gci_graph_embedding_std_before": 0.0, "fpem/gci_graph_embedding_std_after": 0.0, "fpem/gci_graph_adj_mean_before": 0.0, "fpem/gci_graph_adj_mean_after": 0.0, "fpem/gci_graph_adj_std_before": 0.0, "fpem/gci_graph_adj_std_after": 0.0, "fpem/gci_graph_align_weight": 0.0, "fpem/gci_graph_align_raw_mse": 0.0, "fpem/gci_graph_align_normalized": 0.0, "fpem/gci_edge_preserve_beta": 0.0, "fpem/gci_graph_align_target_available": 0.0, "fpem/gci_target_adj_mean": 0.0, "fpem/gci_target_adj_std": 0.0, "fpem/gci_target_edge_mean": 0.0, "fpem/gci_target_nonedge_mean": 0.0, "fpem/gci_target_diag_mean": 0.0, "fpem/gci_graph_align_updates_agcrn": 0.0, "fpem/gci_updates_graph_linear": 0.0, "fpem/gci_graph_construction_agcrn_softmax": 0.0, "fpem/scd_assoc_before_C": 0.0, "fpem/scd_assoc_after_C": 0.0, "fpem/scd_assoc_reduction": 0.0, "fpem/scd_relative_violation": 0.0, "fpem/sample_assoc_before_C": 0.0, "fpem/sample_assoc_after_C": 0.0, "fpem/sample_assoc_reduction": 0.0, "fpem/sample_dep_before_C": 0.0, "fpem/sample_dep_after_C": 0.0, "fpem/sample_dep_reduction": 0.0, "fpem/scd_batch_size": 0.0, "fpem/scd_sample_vector_dim": 0.0, "fpem/sample_kernel_alignment": 0.0, "fpem/scd_alignment_loss": 0.0, "fpem/load_level_experts_enabled": 1.0, "fpem/load_level_uses_target_or_future_load": 0.0, "fpem/environment_gate_uses_target_in_forward": 0.0, "fpem/load_level_env_residual_scale": 0.0, "fpem/uses_cached_observable_load_prior": 1.0, "fpem/primary_loss": 8.991822669619605, "fpem/inv_pred_loss": 9.213693732307071, "fpem/primary_uses_route": 1.0, "fpem/primary_uses_env_fusion": 0.0, "fpem/backbone_agcrn": 1.0, "fpem/backbone_graphwavenet": 0.0, "fpem/backbone_staeformer": 0.0, "fpem/gc_pred_loss_only": 1.0, "fpem/env_route_head_mode_hyper_proto": 1.0, "fpem/fpem_force_uniform_route": 0.0, "fpem/hard_prediction_sinkhorn_total_replaces_primary": 0.0, "fpem/hard_prediction_environment_sinkhorn_total_replaces_primary": 0.0, "fpem/warmup_risk_sinkhorn_total_replaces_primary": 0.0, "fpem/lambda_club_mi": 0.0}}
EPOCH {"epoch": 44, "train_loss": 1.2613130268596469, "val": {"loss": 11.81556667221917, "mae": 11.607665061950684, "mape": 0.17944525182247162}, "test_mixed": {"loss": NaN, "mae": NaN, "mape": NaN}, "test_workday": {"loss": NaN, "mae": NaN, "mape": NaN}, "test_holiday": {"loss": NaN, "mae": NaN, "mape": NaN}, "test_avg_mae": NaN, "best_selection_value": 11.81556667221917, "best_selection_split": "val", "best_selection_metric": "val_loss", "lr": 0.0005, "fpem_logs": {"fpem/fpem_env_use_exogenous": 1.0, "fpem/env_exogenous_available": 1.0, "fpem/env_exogenous_time_available": 1.0, "fpem/env_exogenous_load_available": 1.0, "fpem/env_exogenous_feature_dim": 32.0, "fpem/env_exogenous_embedding_norm": 2.4813675312768844, "fpem/env_exogenous_load_embedding_norm": 1.6452523912702288, "fpem/fpem_env_use_period_context": 1.0, "fpem/env_period_context_available": 1.0, "fpem/env_period_day_available_ratio": 0.9732142857142857, "fpem/env_period_week_available_ratio": 0.8244047619047619, "fpem/env_period_context_feature_dim": 6.0, "fpem/env_period_context_scale": 0.10000000149011612, "fpem/env_period_context_delta_norm": 0.19645331445194425, "fpem/env_period_context_day_diff_norm": 0.1627270526119641, "fpem/env_period_context_week_diff_norm": 0.10188992623062361, "fpem/env_rep_ablation_normal": 1.0, "fpem/env_rep_ablation_zero": 0.0, "fpem/env_rep_ablation_shuffle_batch": 0.0, "fpem/env_rep_ablation_mode_id": 0.0, "fpem/mask_loss": 0.0, "fpem/mask_sparse_loss": 0.0, "fpem/mask_entropy_loss": 0.0, "fpem/mask_mean": 1.0, "fpem/mask_entropy": 0.0, "fpem/mask_active_ratio": 1.0, "fpem/fusion_alpha_mean": 0.0, "fpem/fusion_alpha_std": 0.0, "fpem/fusion_alpha_min": 0.0, "fpem/fusion_alpha_max": 0.0, "fpem/env_route_loss": 1.2613130268596469, "fpem/env_route_L_final": 8.997136547451927, "fpem/env_route_L_global": 0.0, "fpem/env_route_L_route_soft": 0.0, "fpem/env_route_L_expert": 9.397852311815534, "fpem/env_route_L_router_oracle": 1.2613130268596469, "fpem/env_route_L_balance": 0.0, "fpem/env_route_L_diverse": 0.0, "fpem/env_route_L_proto_align": 0.0, "fpem/env_route_entropy": 0.0, "fpem/env_route_q_max_mean": 0.0, "fpem/hyper_alpha_mean": 0.0, "fpem/hyper_delta_norm": 0.0, "fpem/hyper_route_proto_mode_uniform_warmup": 0.0, "fpem/hyper_route_proto_mode_uniform_fixed": 0.0, "fpem/hyper_route_proto_mode_sinkhorn": 0.0, "fpem/hyper_route_proto_mode_softmax": 0.0, "fpem/fallback_q_mean": 0.0, "fpem/fallback_q_max": 0.0, "fpem/env_q_sum_mean": 1.0, "fpem/oracle_fallback_rate": 0.0, "fpem/route_count_fallback": 0.0, "fpem/env_route_head_mode": 1.0, "fpem/route_entropy_mean": 0.0, "fpem/route_mean_distribution_entropy": 0.0, "fpem/effective_expert_number": 1.0, "fpem/max_expert_usage_ratio": 0.0, "fpem/min_expert_usage_ratio": 0.0, "fpem/prototype_pairwise_cosine": 0.0, "fpem/expert_prediction_pairwise_cosine": 0.0, "fpem/expert_collapse_warning": 0.0, "fpem/env_route_target_mode_env_prototype": 0.0, "fpem/env_route_target_mode_hybrid": 0.0, "fpem/env_route_hybrid_alpha": 0.0, "fpem/env_route_train_mode_warmup_risk_sinkhorn": 0.0, "fpem/warmup_risk_stage_warmup": 0.0, "fpem/warmup_risk_stage_soft": 0.0, "fpem/warmup_risk_stage_hard": 0.0, "fpem/warmup_risk_selected_loss": 0.0, "fpem/warmup_risk_uniform_common_loss": 0.0, "fpem/warmup_risk_lambda_common": 0.0, "fpem/warmup_risk_total_common_term": 0.0, "fpem/warmup_risk_temperature": 0.0, "fpem/warmup_risk_temperature_progress": 0.0, "fpem/uniform_expert_mae": 0.0, "fpem/risk_routed_mae": 0.0, "fpem/risk_prediction_mae": 0.0, "fpem/risk_loss": 0.0, "fpem/risk_ranking_loss": 0.0, "fpem/risk_ranking_accuracy": 0.0, "fpem/risk_oracle_argmin_accuracy": 0.0, "fpem/risk_router_temperature": 0.0, "fpem/risk_router_lambda": 0.0, "fpem/risk_router_pairwise_lambda": 0.0, "fpem/env_route_train_mode_progressive_gmm_environment": 0.0, "fpem/top_level_prediction_source_progressive_gmm_teacher_hard": 0.0, "fpem/progressive_assignment_uses_target_or_prediction_error": 0.0, "fpem/progressive_partition_ready": 0.0, "fpem/progressive_selected_k": 0.0, "fpem/progressive_active_expert_count": 0.0, "fpem/progressive_last_partition_epoch": 0.0, "fpem/progressive_lambda_common": 0.0, "fpem/progressive_common_term": 0.0, "fpem/progressive_compactness_loss": 0.0, "fpem/progressive_consistency_loss": 0.0, "fpem/progressive_cluster_entropy": 0.0, "fpem/progressive_assignment_change_ratio": 0.0, "fpem/progressive_hungarian_overlap_score": 0.0, "fpem/progressive_partition_update_time_sec": 0.0, "fpem/progressive_routed_mae": 0.0, "fpem/progressive_gmm_environment_total_replaces_primary": 0.0, "fpem/env_route_count_head_0": 16.0, "fpem/env_route_oracle_count_head_0": 16.0, "fpem/route_count_env_head_0": 16.0, "fpem/route_soft_mean_expert_0": 1.0, "fpem/route_hard_count_expert_0": 16.0, "fpem/hard_count_expert_0": 16.0, "fpem/sinkhorn_soft_col_mass_expert_0": 0.0, "fpem/progressive_active_expert_0": 0.0, "fpem/progressive_cluster_size_0": 0.0, "fpem/progressive_cluster_ratio_0": 0.0, "fpem/progressive_cluster_to_expert_0": 0.0, "fpem/progressive_bic_k1": 0.0, "fpem/progressive_bic_score_k1": 0.0, "fpem/progressive_bic_rejected_k1": 0.0, "fpem/hyper_alpha_head_0": 0.0, "fpem/hyper_gamma_norm_head_0": 0.0, "fpem/hyper_beta_norm_head_0": 0.0, "fpem/expert_cross_mae_group_0_expert_0": 9.397852311815534, "fpem/load_expert_loss": 9.397852311815534, "fpem/counterfactual_risk_router_loss": 1.2613130268596469, "fpem/counterfactual_risk_regression_loss": 0.9205353685787746, "fpem/counterfactual_risk_ranking_loss": 0.6815553301856632, "fpem/load_level_assignment_detached": 1.0, "fpem/load_level_count_0": 1680.0, "fpem/load_level_ratio_0": 1.0, "fpem/expert_0_global_loss": 9.397852311815534, "fpem/expert_0_selected_loss": 9.397852311815534, "fpem/counterfactual_risk_stage2_active": 1.0, "fpem/counterfactual_risk_stage2_start_epoch": 20.0, "fpem/counterfactual_risk_all_environment_mae": 9.397852311815534, "fpem/counterfactual_risk_all_invariant_mae": 9.662237485249838, "fpem/counterfactual_risk_routed_mae": 9.472908578600203, "fpem/counterfactual_risk_oracle_mae": 9.357383292061941, "fpem/counterfactual_risk_router_accuracy": 0.6053571428571428, "fpem/counterfactual_risk_router_balanced_accuracy": 0.519577342200847, "fpem/counterfactual_risk_inv_route_ratio": 0.32976190476190476, "fpem/counterfactual_risk_env_route_ratio": 0.6702380952380952, "fpem/counterfactual_risk_inv_switch_precision": 0.21137394663833436, "fpem/counterfactual_risk_correct_inv_switches": 1.1142857142857143, "fpem/counterfactual_risk_harmful_inv_switches": 4.161904761904762, "fpem/counterfactual_risk_saved_loss": 0.01397900212378729, "fpem/counterfactual_risk_added_loss": 0.08903538144770123, "fpem/counterfactual_risk_net_gain": -0.07505626678466797, "fpem/counterfactual_risk_regret": 0.11552528653826033, "fpem/counterfactual_risk_oracle_gap_closed": -4067.770068909902, "fpem/counterfactual_risk_delta_mean": -0.2643851917414438, "fpem/counterfactual_risk_target_inv_ratio": 0.20416666666666666, "fpem/counterfactual_risk_weight_env_sum": 8.304761809394472, "fpem/counterfactual_risk_weight_inv_sum": 7.695238058907645, "fpem/counterfactual_risk_prediction_is_hard_route": 1.0, "fpem/counterfactual_risk_prediction_is_soft_fusion": 0.0, "fpem/counterfactual_risk_target_detached": 1.0, "fpem/counterfactual_risk_uses_threshold": 0.0, "fpem/counterfactual_risk_all_samples_used_for_router": 1.0, "fpem/hard_router_predicted_env_ratio": 0.6702380952380952, "fpem/hard_router_effective_env_ratio": 1.0, "fpem/hard_router_target_env_ratio": 0.7958333333333333, "fpem/hard_router_gain_mean": -0.2643851917414438, "fpem/expert_prediction_pairwise_difference": 0.0, "fpem/delta_pairwise_cosine": 0.0, "fpem/delta_pairwise_l1": 0.0, "fpem/delta_pairwise_l2": 0.0, "fpem/expert_0_parameter_norm": 14.887673377990723, "fpem/hard_binary_router_enabled": 0.0, "fpem/hard_router_uses_target_in_forward": 0.0, "fpem/stored_future_c_loaded": 0.0, "fpem/prediction_is_weighted_complete_fusion": 0.0, "fpem/prediction_is_hard_route": 1.0, "fpem/conservative_inv_override_enabled": 0.0, "fpem/conservative_router_features_detached": 1.0, "fpem/counterfactual_risk_router_enabled": 1.0, "fpem/counterfactual_risk_stage2_active_forward": 1.0, "fpem/counterfactual_risk_deploy_route_active": 0.0, "fpem/counterfactual_risk_training_uses_route": 0.0, "fpem/counterfactual_risk_forward_uses_threshold": 0.0, "fpem/future_mi_loss": 0.0, "fpem/future_mi_valid": 0.0, "fpem/future_mi_logvar_mean": 0.0, "fpem/future_mi_target_mode_env_encoder": 0.0, "fpem/swap_loss": 0.0, "fpem/swap_diff_loss": 0.0, "fpem/swap_same_loss": 0.0, "fpem/swap_gain_mean": 0.0, "fpem/swap_s_gain_mean": 0.0, "fpem/swap_fallback_router_loss": 0.0, "fpem/swap_fallback_q_mean": 0.0, "fpem/swap_prediction_delta": 0.0, "fpem/swap_route_delta": 0.0, "fpem/swap_hyper_alpha_delta": 0.0, "fpem/swap_hyper_delta_norm": 0.0, "fpem/loss_env_day": 0.0, "fpem/loss_env_hour": 0.0, "fpem/loss_env_rush": 0.0, "fpem/env_day_acc": 0.0, "fpem/env_hour_acc": 0.0, "fpem/env_rush_acc": 0.0, "fpem/loss_env_supcon": 0.0, "fpem/env_supcon_valid_pairs": 0.0, "fpem/loss_inv_env_adv": 0.0, "fpem/inv_day_acc": 0.0, "fpem/inv_hour_acc": 0.0, "fpem/inv_rush_acc": 0.0, "fpem/loss_cross_cov_sep": 0.0, "fpem/confounder_dep_enabled": 0.0, "fpem/confounder_dep_mode_gci": 1.0, "fpem/confounder_dep_mode_scd": 0.0, "fpem/confounder_dep_mode_both": 0.0, "fpem/confounder_dep_total": 0.0, "fpem/loss_gci": 0.0, "fpem/loss_gci_drop": 0.0, "fpem/loss_gci_keep": 0.0, "fpem/loss_gci_graph_align": 0.0, "fpem/loss_scd": 0.0, "fpem/loss_conf_kl": 0.0, "fpem/effective_gci_weight": 0.0, "fpem/effective_gci_graph_align_weight": 0.0, "fpem/effective_scd_weight": 0.0, "fpem/effective_conf_kl_weight": 0.0, "fpem/confounder_dep_ramp_factor": 0.0, "fpem/C_mean": 0.0, "fpem/C_std": 0.0, "fpem/C_norm": 0.0, "fpem/confounder_token_norm": 0.0, "fpem/confounder_variational": 0.0, "fpem/confounder_projection_trace": 0.0, "fpem/confounder_projection_ridge": 0.0, "fpem/confounder_projection_rank_dim": 0.0, "fpem/confounder_projection_calls": 0.0, "fpem/confounder_dep_detach_target": 0.0, "fpem/gci_nonedge_mass_before_C": 0.0, "fpem/gci_nonedge_mass_after_C": 0.0, "fpem/gci_nonedge_mass_reduction": 0.0, "fpem/gci_relative_violation": 0.0, "fpem/gci_edge_before_C": 0.0, "fpem/gci_edge_after_C": 0.0, "fpem/gci_nonedge_conn_before_C": 0.0, "fpem/gci_nonedge_conn_after_C": 0.0, "fpem/gci_nonedge_conn_reduction": 0.0, "fpem/gci_edge_conn_before_C": 0.0, "fpem/gci_edge_conn_after_C": 0.0, "fpem/gci_edge_conn_reduction": 0.0, "fpem/gci_nonedge_dep_before_C": 0.0, "fpem/gci_nonedge_dep_after_C": 0.0, "fpem/gci_nonedge_dep_reduction": 0.0, "fpem/gci_edge_dep_before_C": 0.0, "fpem/gci_edge_dep_after_C": 0.0, "fpem/gci_nonedge_count": 0.0, "fpem/gci_edge_count": 0.0, "fpem/gci_node_count": 0.0, "fpem/gci_node_vector_dim": 0.0, "fpem/gci_graph_embed_dim": 0.0, "fpem/gci_graph_embedding_norm_before": 0.0, "fpem/gci_graph_embedding_norm_after": 0.0, "fpem/gci_graph_embedding_std_before": 0.0, "fpem/gci_graph_embedding_std_after": 0.0, "fpem/gci_graph_adj_mean_before": 0.0, "fpem/gci_graph_adj_mean_after": 0.0, "fpem/gci_graph_adj_std_before": 0.0, "fpem/gci_graph_adj_std_after": 0.0, "fpem/gci_graph_align_weight": 0.0, "fpem/gci_graph_align_raw_mse": 0.0, "fpem/gci_graph_align_normalized": 0.0, "fpem/gci_edge_preserve_beta": 0.0, "fpem/gci_graph_align_target_available": 0.0, "fpem/gci_target_adj_mean": 0.0, "fpem/gci_target_adj_std": 0.0, "fpem/gci_target_edge_mean": 0.0, "fpem/gci_target_nonedge_mean": 0.0, "fpem/gci_target_diag_mean": 0.0, "fpem/gci_graph_align_updates_agcrn": 0.0, "fpem/gci_updates_graph_linear": 0.0, "fpem/gci_graph_construction_agcrn_softmax": 0.0, "fpem/scd_assoc_before_C": 0.0, "fpem/scd_assoc_after_C": 0.0, "fpem/scd_assoc_reduction": 0.0, "fpem/scd_relative_violation": 0.0, "fpem/sample_assoc_before_C": 0.0, "fpem/sample_assoc_after_C": 0.0, "fpem/sample_assoc_reduction": 0.0, "fpem/sample_dep_before_C": 0.0, "fpem/sample_dep_after_C": 0.0, "fpem/sample_dep_reduction": 0.0, "fpem/scd_batch_size": 0.0, "fpem/scd_sample_vector_dim": 0.0, "fpem/sample_kernel_alignment": 0.0, "fpem/scd_alignment_loss": 0.0, "fpem/load_level_experts_enabled": 1.0, "fpem/load_level_uses_target_or_future_load": 0.0, "fpem/environment_gate_uses_target_in_forward": 0.0, "fpem/load_level_env_residual_scale": 0.0, "fpem/uses_cached_observable_load_prior": 1.0, "fpem/primary_loss": 8.997136547451927, "fpem/inv_pred_loss": 9.219044072287423, "fpem/primary_uses_route": 1.0, "fpem/primary_uses_env_fusion": 0.0, "fpem/backbone_agcrn": 1.0, "fpem/backbone_graphwavenet": 0.0, "fpem/backbone_staeformer": 0.0, "fpem/gc_pred_loss_only": 1.0, "fpem/env_route_head_mode_hyper_proto": 1.0, "fpem/fpem_force_uniform_route": 0.0, "fpem/hard_prediction_sinkhorn_total_replaces_primary": 0.0, "fpem/hard_prediction_environment_sinkhorn_total_replaces_primary": 0.0, "fpem/warmup_risk_sinkhorn_total_replaces_primary": 0.0, "fpem/lambda_club_mi": 0.0}}
EPOCH {"epoch": 45, "train_loss": 1.2810771243912833, "val": {"loss": 11.826073487599691, "mae": 11.617701530456543, "mape": 0.18076485395431519}, "test_mixed": {"loss": NaN, "mae": NaN, "mape": NaN}, "test_workday": {"loss": NaN, "mae": NaN, "mape": NaN}, "test_holiday": {"loss": NaN, "mae": NaN, "mape": NaN}, "test_avg_mae": NaN, "best_selection_value": 11.826073487599691, "best_selection_split": "val", "best_selection_metric": "val_loss", "lr": 0.0005, "fpem_logs": {"fpem/fpem_env_use_exogenous": 1.0, "fpem/env_exogenous_available": 1.0, "fpem/env_exogenous_time_available": 1.0, "fpem/env_exogenous_load_available": 1.0, "fpem/env_exogenous_feature_dim": 32.0, "fpem/env_exogenous_embedding_norm": 2.481367533547538, "fpem/env_exogenous_load_embedding_norm": 1.645252395811535, "fpem/fpem_env_use_period_context": 1.0, "fpem/env_period_context_available": 1.0, "fpem/env_period_day_available_ratio": 0.9732142857142857, "fpem/env_period_week_available_ratio": 0.8244047619047619, "fpem/env_period_context_feature_dim": 6.0, "fpem/env_period_context_scale": 0.10000000149011612, "fpem/env_period_context_delta_norm": 0.19645331501960756, "fpem/env_period_context_day_diff_norm": 0.1627270526119641, "fpem/env_period_context_week_diff_norm": 0.10188992701116062, "fpem/env_rep_ablation_normal": 1.0, "fpem/env_rep_ablation_zero": 0.0, "fpem/env_rep_ablation_shuffle_batch": 0.0, "fpem/env_rep_ablation_mode_id": 0.0, "fpem/mask_loss": 0.0, "fpem/mask_sparse_loss": 0.0, "fpem/mask_entropy_loss": 0.0, "fpem/mask_mean": 1.0, "fpem/mask_entropy": 0.0, "fpem/mask_active_ratio": 1.0, "fpem/fusion_alpha_mean": 0.0, "fpem/fusion_alpha_std": 0.0, "fpem/fusion_alpha_min": 0.0, "fpem/fusion_alpha_max": 0.0, "fpem/env_route_loss": 1.2810771243912833, "fpem/env_route_L_final": 8.99584466843378, "fpem/env_route_L_global": 0.0, "fpem/env_route_L_route_soft": 0.0, "fpem/env_route_L_expert": 9.397857865833101, "fpem/env_route_L_router_oracle": 1.2810771243912833, "fpem/env_route_L_balance": 0.0, "fpem/env_route_L_diverse": 0.0, "fpem/env_route_L_proto_align": 0.0, "fpem/env_route_entropy": 0.0, "fpem/env_route_q_max_mean": 0.0, "fpem/hyper_alpha_mean": 0.0, "fpem/hyper_delta_norm": 0.0, "fpem/hyper_route_proto_mode_uniform_warmup": 0.0, "fpem/hyper_route_proto_mode_uniform_fixed": 0.0, "fpem/hyper_route_proto_mode_sinkhorn": 0.0, "fpem/hyper_route_proto_mode_softmax": 0.0, "fpem/fallback_q_mean": 0.0, "fpem/fallback_q_max": 0.0, "fpem/env_q_sum_mean": 1.0, "fpem/oracle_fallback_rate": 0.0, "fpem/route_count_fallback": 0.0, "fpem/env_route_head_mode": 1.0, "fpem/route_entropy_mean": 0.0, "fpem/route_mean_distribution_entropy": 0.0, "fpem/effective_expert_number": 1.0, "fpem/max_expert_usage_ratio": 0.0, "fpem/min_expert_usage_ratio": 0.0, "fpem/prototype_pairwise_cosine": 0.0, "fpem/expert_prediction_pairwise_cosine": 0.0, "fpem/expert_collapse_warning": 0.0, "fpem/env_route_target_mode_env_prototype": 0.0, "fpem/env_route_target_mode_hybrid": 0.0, "fpem/env_route_hybrid_alpha": 0.0, "fpem/env_route_train_mode_warmup_risk_sinkhorn": 0.0, "fpem/warmup_risk_stage_warmup": 0.0, "fpem/warmup_risk_stage_soft": 0.0, "fpem/warmup_risk_stage_hard": 0.0, "fpem/warmup_risk_selected_loss": 0.0, "fpem/warmup_risk_uniform_common_loss": 0.0, "fpem/warmup_risk_lambda_common": 0.0, "fpem/warmup_risk_total_common_term": 0.0, "fpem/warmup_risk_temperature": 0.0, "fpem/warmup_risk_temperature_progress": 0.0, "fpem/uniform_expert_mae": 0.0, "fpem/risk_routed_mae": 0.0, "fpem/risk_prediction_mae": 0.0, "fpem/risk_loss": 0.0, "fpem/risk_ranking_loss": 0.0, "fpem/risk_ranking_accuracy": 0.0, "fpem/risk_oracle_argmin_accuracy": 0.0, "fpem/risk_router_temperature": 0.0, "fpem/risk_router_lambda": 0.0, "fpem/risk_router_pairwise_lambda": 0.0, "fpem/env_route_train_mode_progressive_gmm_environment": 0.0, "fpem/top_level_prediction_source_progressive_gmm_teacher_hard": 0.0, "fpem/progressive_assignment_uses_target_or_prediction_error": 0.0, "fpem/progressive_partition_ready": 0.0, "fpem/progressive_selected_k": 0.0, "fpem/progressive_active_expert_count": 0.0, "fpem/progressive_last_partition_epoch": 0.0, "fpem/progressive_lambda_common": 0.0, "fpem/progressive_common_term": 0.0, "fpem/progressive_compactness_loss": 0.0, "fpem/progressive_consistency_loss": 0.0, "fpem/progressive_cluster_entropy": 0.0, "fpem/progressive_assignment_change_ratio": 0.0, "fpem/progressive_hungarian_overlap_score": 0.0, "fpem/progressive_partition_update_time_sec": 0.0, "fpem/progressive_routed_mae": 0.0, "fpem/progressive_gmm_environment_total_replaces_primary": 0.0, "fpem/env_route_count_head_0": 16.0, "fpem/env_route_oracle_count_head_0": 16.0, "fpem/route_count_env_head_0": 16.0, "fpem/route_soft_mean_expert_0": 1.0, "fpem/route_hard_count_expert_0": 16.0, "fpem/hard_count_expert_0": 16.0, "fpem/sinkhorn_soft_col_mass_expert_0": 0.0, "fpem/progressive_active_expert_0": 0.0, "fpem/progressive_cluster_size_0": 0.0, "fpem/progressive_cluster_ratio_0": 0.0, "fpem/progressive_cluster_to_expert_0": 0.0, "fpem/progressive_bic_k1": 0.0, "fpem/progressive_bic_score_k1": 0.0, "fpem/progressive_bic_rejected_k1": 0.0, "fpem/hyper_alpha_head_0": 0.0, "fpem/hyper_gamma_norm_head_0": 0.0, "fpem/hyper_beta_norm_head_0": 0.0, "fpem/expert_cross_mae_group_0_expert_0": 9.397857865833101, "fpem/load_expert_loss": 9.397857865833101, "fpem/counterfactual_risk_router_loss": 1.2810771243912833, "fpem/counterfactual_risk_regression_loss": 0.9407248884439469, "fpem/counterfactual_risk_ranking_loss": 0.6807044687725249, "fpem/load_level_assignment_detached": 1.0, "fpem/load_level_count_0": 1680.0, "fpem/load_level_ratio_0": 1.0, "fpem/expert_0_global_loss": 9.397857865833101, "fpem/expert_0_selected_loss": 9.397857865833101, "fpem/counterfactual_risk_stage2_active": 1.0, "fpem/counterfactual_risk_stage2_start_epoch": 20.0, "fpem/counterfactual_risk_all_environment_mae": 9.397857865833101, "fpem/counterfactual_risk_all_invariant_mae": 9.662237448919386, "fpem/counterfactual_risk_routed_mae": 9.47194044022333, "fpem/counterfactual_risk_oracle_mae": 9.357387815202985, "fpem/counterfactual_risk_router_accuracy": 0.6005952380952381, "fpem/counterfactual_risk_router_balanced_accuracy": 0.5357188427732105, "fpem/counterfactual_risk_inv_route_ratio": 0.375, "fpem/counterfactual_risk_env_route_ratio": 0.625, "fpem/counterfactual_risk_inv_switch_precision": 0.22782966132674898, "fpem/counterfactual_risk_correct_inv_switches": 1.438095238095238, "fpem/counterfactual_risk_harmful_inv_switches": 4.561904761904762, "fpem/counterfactual_risk_saved_loss": 0.018491663251604354, "fpem/counterfactual_risk_added_loss": 0.0925742989494687, "fpem/counterfactual_risk_net_gain": -0.07408257439022972, "fpem/counterfactual_risk_regret": 0.11455262502034505, "fpem/counterfactual_risk_oracle_gap_closed": -2942.8627160609476, "fpem/counterfactual_risk_delta_mean": -0.26437964226518357, "fpem/counterfactual_risk_target_inv_ratio": 0.20416666666666666, "fpem/counterfactual_risk_weight_env_sum": 8.228571369534446, "fpem/counterfactual_risk_weight_inv_sum": 7.77142851239159, "fpem/counterfactual_risk_prediction_is_hard_route": 1.0, "fpem/counterfactual_risk_prediction_is_soft_fusion": 0.0, "fpem/counterfactual_risk_target_detached": 1.0, "fpem/counterfactual_risk_uses_threshold": 0.0, "fpem/counterfactual_risk_all_samples_used_for_router": 1.0, "fpem/hard_router_predicted_env_ratio": 0.625, "fpem/hard_router_effective_env_ratio": 1.0, "fpem/hard_router_target_env_ratio": 0.7958333333333333, "fpem/hard_router_gain_mean": -0.26437964226518357, "fpem/expert_prediction_pairwise_difference": 0.0, "fpem/delta_pairwise_cosine": 0.0, "fpem/delta_pairwise_l1": 0.0, "fpem/delta_pairwise_l2": 0.0, "fpem/expert_0_parameter_norm": 14.887673377990723, "fpem/hard_binary_router_enabled": 0.0, "fpem/hard_router_uses_target_in_forward": 0.0, "fpem/stored_future_c_loaded": 0.0, "fpem/prediction_is_weighted_complete_fusion": 0.0, "fpem/prediction_is_hard_route": 1.0, "fpem/conservative_inv_override_enabled": 0.0, "fpem/conservative_router_features_detached": 1.0, "fpem/counterfactual_risk_router_enabled": 1.0, "fpem/counterfactual_risk_stage2_active_forward": 1.0, "fpem/counterfactual_risk_deploy_route_active": 0.0, "fpem/counterfactual_risk_training_uses_route": 0.0, "fpem/counterfactual_risk_forward_uses_threshold": 0.0, "fpem/future_mi_loss": 0.0, "fpem/future_mi_valid": 0.0, "fpem/future_mi_logvar_mean": 0.0, "fpem/future_mi_target_mode_env_encoder": 0.0, "fpem/swap_loss": 0.0, "fpem/swap_diff_loss": 0.0, "fpem/swap_same_loss": 0.0, "fpem/swap_gain_mean": 0.0, "fpem/swap_s_gain_mean": 0.0, "fpem/swap_fallback_router_loss": 0.0, "fpem/swap_fallback_q_mean": 0.0, "fpem/swap_prediction_delta": 0.0, "fpem/swap_route_delta": 0.0, "fpem/swap_hyper_alpha_delta": 0.0, "fpem/swap_hyper_delta_norm": 0.0, "fpem/loss_env_day": 0.0, "fpem/loss_env_hour": 0.0, "fpem/loss_env_rush": 0.0, "fpem/env_day_acc": 0.0, "fpem/env_hour_acc": 0.0, "fpem/env_rush_acc": 0.0, "fpem/loss_env_supcon": 0.0, "fpem/env_supcon_valid_pairs": 0.0, "fpem/loss_inv_env_adv": 0.0, "fpem/inv_day_acc": 0.0, "fpem/inv_hour_acc": 0.0, "fpem/inv_rush_acc": 0.0, "fpem/loss_cross_cov_sep": 0.0, "fpem/confounder_dep_enabled": 0.0, "fpem/confounder_dep_mode_gci": 1.0, "fpem/confounder_dep_mode_scd": 0.0, "fpem/confounder_dep_mode_both": 0.0, "fpem/confounder_dep_total": 0.0, "fpem/loss_gci": 0.0, "fpem/loss_gci_drop": 0.0, "fpem/loss_gci_keep": 0.0, "fpem/loss_gci_graph_align": 0.0, "fpem/loss_scd": 0.0, "fpem/loss_conf_kl": 0.0, "fpem/effective_gci_weight": 0.0, "fpem/effective_gci_graph_align_weight": 0.0, "fpem/effective_scd_weight": 0.0, "fpem/effective_conf_kl_weight": 0.0, "fpem/confounder_dep_ramp_factor": 0.0, "fpem/C_mean": 0.0, "fpem/C_std": 0.0, "fpem/C_norm": 0.0, "fpem/confounder_token_norm": 0.0, "fpem/confounder_variational": 0.0, "fpem/confounder_projection_trace": 0.0, "fpem/confounder_projection_ridge": 0.0, "fpem/confounder_projection_rank_dim": 0.0, "fpem/confounder_projection_calls": 0.0, "fpem/confounder_dep_detach_target": 0.0, "fpem/gci_nonedge_mass_before_C": 0.0, "fpem/gci_nonedge_mass_after_C": 0.0, "fpem/gci_nonedge_mass_reduction": 0.0, "fpem/gci_relative_violation": 0.0, "fpem/gci_edge_before_C": 0.0, "fpem/gci_edge_after_C": 0.0, "fpem/gci_nonedge_conn_before_C": 0.0, "fpem/gci_nonedge_conn_after_C": 0.0, "fpem/gci_nonedge_conn_reduction": 0.0, "fpem/gci_edge_conn_before_C": 0.0, "fpem/gci_edge_conn_after_C": 0.0, "fpem/gci_edge_conn_reduction": 0.0, "fpem/gci_nonedge_dep_before_C": 0.0, "fpem/gci_nonedge_dep_after_C": 0.0, "fpem/gci_nonedge_dep_reduction": 0.0, "fpem/gci_edge_dep_before_C": 0.0, "fpem/gci_edge_dep_after_C": 0.0, "fpem/gci_nonedge_count": 0.0, "fpem/gci_edge_count": 0.0, "fpem/gci_node_count": 0.0, "fpem/gci_node_vector_dim": 0.0, "fpem/gci_graph_embed_dim": 0.0, "fpem/gci_graph_embedding_norm_before": 0.0, "fpem/gci_graph_embedding_norm_after": 0.0, "fpem/gci_graph_embedding_std_before": 0.0, "fpem/gci_graph_embedding_std_after": 0.0, "fpem/gci_graph_adj_mean_before": 0.0, "fpem/gci_graph_adj_mean_after": 0.0, "fpem/gci_graph_adj_std_before": 0.0, "fpem/gci_graph_adj_std_after": 0.0, "fpem/gci_graph_align_weight": 0.0, "fpem/gci_graph_align_raw_mse": 0.0, "fpem/gci_graph_align_normalized": 0.0, "fpem/gci_edge_preserve_beta": 0.0, "fpem/gci_graph_align_target_available": 0.0, "fpem/gci_target_adj_mean": 0.0, "fpem/gci_target_adj_std": 0.0, "fpem/gci_target_edge_mean": 0.0, "fpem/gci_target_nonedge_mean": 0.0, "fpem/gci_target_diag_mean": 0.0, "fpem/gci_graph_align_updates_agcrn": 0.0, "fpem/gci_updates_graph_linear": 0.0, "fpem/gci_graph_construction_agcrn_softmax": 0.0, "fpem/scd_assoc_before_C": 0.0, "fpem/scd_assoc_after_C": 0.0, "fpem/scd_assoc_reduction": 0.0, "fpem/scd_relative_violation": 0.0, "fpem/sample_assoc_before_C": 0.0, "fpem/sample_assoc_after_C": 0.0, "fpem/sample_assoc_reduction": 0.0, "fpem/sample_dep_before_C": 0.0, "fpem/sample_dep_after_C": 0.0, "fpem/sample_dep_reduction": 0.0, "fpem/scd_batch_size": 0.0, "fpem/scd_sample_vector_dim": 0.0, "fpem/sample_kernel_alignment": 0.0, "fpem/scd_alignment_loss": 0.0, "fpem/load_level_experts_enabled": 1.0, "fpem/load_level_uses_target_or_future_load": 0.0, "fpem/environment_gate_uses_target_in_forward": 0.0, "fpem/load_level_env_residual_scale": 0.0, "fpem/uses_cached_observable_load_prior": 1.0, "fpem/primary_loss": 8.99584466843378, "fpem/inv_pred_loss": 9.218088209061396, "fpem/primary_uses_route": 1.0, "fpem/primary_uses_env_fusion": 0.0, "fpem/backbone_agcrn": 1.0, "fpem/backbone_graphwavenet": 0.0, "fpem/backbone_staeformer": 0.0, "fpem/gc_pred_loss_only": 1.0, "fpem/env_route_head_mode_hyper_proto": 1.0, "fpem/fpem_force_uniform_route": 0.0, "fpem/hard_prediction_sinkhorn_total_replaces_primary": 0.0, "fpem/hard_prediction_environment_sinkhorn_total_replaces_primary": 0.0, "fpem/warmup_risk_sinkhorn_total_replaces_primary": 0.0, "fpem/lambda_club_mi": 0.0}}
EPOCH {"epoch": 46, "train_loss": 1.3202574247405643, "val": {"loss": 11.82957911491394, "mae": 11.621525764465332, "mape": 0.18119759857654572}, "test_mixed": {"loss": NaN, "mae": NaN, "mape": NaN}, "test_workday": {"loss": NaN, "mae": NaN, "mape": NaN}, "test_holiday": {"loss": NaN, "mae": NaN, "mape": NaN}, "test_avg_mae": NaN, "best_selection_value": 11.82957911491394, "best_selection_split": "val", "best_selection_metric": "val_loss", "lr": 0.0005, "fpem_logs": {"fpem/fpem_env_use_exogenous": 1.0, "fpem/env_exogenous_available": 1.0, "fpem/env_exogenous_time_available": 1.0, "fpem/env_exogenous_load_available": 1.0, "fpem/env_exogenous_feature_dim": 32.0, "fpem/env_exogenous_embedding_norm": 2.481367533547538, "fpem/env_exogenous_load_embedding_norm": 1.645252395811535, "fpem/fpem_env_use_period_context": 1.0, "fpem/env_period_context_available": 1.0, "fpem/env_period_day_available_ratio": 0.9732142857142857, "fpem/env_period_week_available_ratio": 0.8244047619047619, "fpem/env_period_context_feature_dim": 6.0, "fpem/env_period_context_scale": 0.10000000149011612, "fpem/env_period_context_delta_norm": 0.19645331388428097, "fpem/env_period_context_day_diff_norm": 0.16272705388920647, "fpem/env_period_context_week_diff_norm": 0.10188992669185003, "fpem/env_rep_ablation_normal": 1.0, "fpem/env_rep_ablation_zero": 0.0, "fpem/env_rep_ablation_shuffle_batch": 0.0, "fpem/env_rep_ablation_mode_id": 0.0, "fpem/mask_loss": 0.0, "fpem/mask_sparse_loss": 0.0, "fpem/mask_entropy_loss": 0.0, "fpem/mask_mean": 1.0, "fpem/mask_entropy": 0.0, "fpem/mask_active_ratio": 1.0, "fpem/fusion_alpha_mean": 0.0, "fpem/fusion_alpha_std": 0.0, "fpem/fusion_alpha_min": 0.0, "fpem/fusion_alpha_max": 0.0, "fpem/env_route_loss": 1.3202574247405643, "fpem/env_route_L_final": 8.995796793983097, "fpem/env_route_L_global": 0.0, "fpem/env_route_L_route_soft": 0.0, "fpem/env_route_L_expert": 9.397867361704508, "fpem/env_route_L_router_oracle": 1.3202574247405643, "fpem/env_route_L_balance": 0.0, "fpem/env_route_L_diverse": 0.0, "fpem/env_route_L_proto_align": 0.0, "fpem/env_route_entropy": 0.0, "fpem/env_route_q_max_mean": 0.0, "fpem/hyper_alpha_mean": 0.0, "fpem/hyper_delta_norm": 0.0, "fpem/hyper_route_proto_mode_uniform_warmup": 0.0, "fpem/hyper_route_proto_mode_uniform_fixed": 0.0, "fpem/hyper_route_proto_mode_sinkhorn": 0.0, "fpem/hyper_route_proto_mode_softmax": 0.0, "fpem/fallback_q_mean": 0.0, "fpem/fallback_q_max": 0.0, "fpem/env_q_sum_mean": 1.0, "fpem/oracle_fallback_rate": 0.0, "fpem/route_count_fallback": 0.0, "fpem/env_route_head_mode": 1.0, "fpem/route_entropy_mean": 0.0, "fpem/route_mean_distribution_entropy": 0.0, "fpem/effective_expert_number": 1.0, "fpem/max_expert_usage_ratio": 0.0, "fpem/min_expert_usage_ratio": 0.0, "fpem/prototype_pairwise_cosine": 0.0, "fpem/expert_prediction_pairwise_cosine": 0.0, "fpem/expert_collapse_warning": 0.0, "fpem/env_route_target_mode_env_prototype": 0.0, "fpem/env_route_target_mode_hybrid": 0.0, "fpem/env_route_hybrid_alpha": 0.0, "fpem/env_route_train_mode_warmup_risk_sinkhorn": 0.0, "fpem/warmup_risk_stage_warmup": 0.0, "fpem/warmup_risk_stage_soft": 0.0, "fpem/warmup_risk_stage_hard": 0.0, "fpem/warmup_risk_selected_loss": 0.0, "fpem/warmup_risk_uniform_common_loss": 0.0, "fpem/warmup_risk_lambda_common": 0.0, "fpem/warmup_risk_total_common_term": 0.0, "fpem/warmup_risk_temperature": 0.0, "fpem/warmup_risk_temperature_progress": 0.0, "fpem/uniform_expert_mae": 0.0, "fpem/risk_routed_mae": 0.0, "fpem/risk_prediction_mae": 0.0, "fpem/risk_loss": 0.0, "fpem/risk_ranking_loss": 0.0, "fpem/risk_ranking_accuracy": 0.0, "fpem/risk_oracle_argmin_accuracy": 0.0, "fpem/risk_router_temperature": 0.0, "fpem/risk_router_lambda": 0.0, "fpem/risk_router_pairwise_lambda": 0.0, "fpem/env_route_train_mode_progressive_gmm_environment": 0.0, "fpem/top_level_prediction_source_progressive_gmm_teacher_hard": 0.0, "fpem/progressive_assignment_uses_target_or_prediction_error": 0.0, "fpem/progressive_partition_ready": 0.0, "fpem/progressive_selected_k": 0.0, "fpem/progressive_active_expert_count": 0.0, "fpem/progressive_last_partition_epoch": 0.0, "fpem/progressive_lambda_common": 0.0, "fpem/progressive_common_term": 0.0, "fpem/progressive_compactness_loss": 0.0, "fpem/progressive_consistency_loss": 0.0, "fpem/progressive_cluster_entropy": 0.0, "fpem/progressive_assignment_change_ratio": 0.0, "fpem/progressive_hungarian_overlap_score": 0.0, "fpem/progressive_partition_update_time_sec": 0.0, "fpem/progressive_routed_mae": 0.0, "fpem/progressive_gmm_environment_total_replaces_primary": 0.0, "fpem/env_route_count_head_0": 16.0, "fpem/env_route_oracle_count_head_0": 16.0, "fpem/route_count_env_head_0": 16.0, "fpem/route_soft_mean_expert_0": 1.0, "fpem/route_hard_count_expert_0": 16.0, "fpem/hard_count_expert_0": 16.0, "fpem/sinkhorn_soft_col_mass_expert_0": 0.0, "fpem/progressive_active_expert_0": 0.0, "fpem/progressive_cluster_size_0": 0.0, "fpem/progressive_cluster_ratio_0": 0.0, "fpem/progressive_cluster_to_expert_0": 0.0, "fpem/progressive_bic_k1": 0.0, "fpem/progressive_bic_score_k1": 0.0, "fpem/progressive_bic_rejected_k1": 0.0, "fpem/hyper_alpha_head_0": 0.0, "fpem/hyper_gamma_norm_head_0": 0.0, "fpem/hyper_beta_norm_head_0": 0.0, "fpem/expert_cross_mae_group_0_expert_0": 9.397867361704508, "fpem/load_expert_loss": 9.397867361704508, "fpem/counterfactual_risk_router_loss": 1.3202574247405643, "fpem/counterfactual_risk_regression_loss": 0.9864999277251107, "fpem/counterfactual_risk_ranking_loss": 0.6675149928955805, "fpem/load_level_assignment_detached": 1.0, "fpem/load_level_count_0": 1680.0, "fpem/load_level_ratio_0": 1.0, "fpem/expert_0_global_loss": 9.397867361704508, "fpem/expert_0_selected_loss": 9.397867361704508, "fpem/counterfactual_risk_stage2_active": 1.0, "fpem/counterfactual_risk_stage2_start_epoch": 20.0, "fpem/counterfactual_risk_all_environment_mae": 9.397867361704508, "fpem/counterfactual_risk_all_invariant_mae": 9.662237439836774, "fpem/counterfactual_risk_routed_mae": 9.464421562921434, "fpem/counterfactual_risk_oracle_mae": 9.357395335606165, "fpem/counterfactual_risk_router_accuracy": 0.6232142857142857, "fpem/counterfactual_risk_router_balanced_accuracy": 0.5644907241775876, "fpem/counterfactual_risk_inv_route_ratio": 0.3547619047619048, "fpem/counterfactual_risk_env_route_ratio": 0.6452380952380953, "fpem/counterfactual_risk_inv_switch_precision": 0.25189823905626935, "fpem/counterfactual_risk_correct_inv_switches": 1.457142857142857, "fpem/counterfactual_risk_harmful_inv_switches": 4.219047619047619, "fpem/counterfactual_risk_saved_loss": 0.019124905410267058, "fpem/counterfactual_risk_added_loss": 0.08567907171589988, "fpem/counterfactual_risk_net_gain": -0.06655420121692476, "fpem/counterfactual_risk_regret": 0.10702622731526693, "fpem/counterfactual_risk_oracle_gap_closed": -2093.826659209565, "fpem/counterfactual_risk_delta_mean": -0.2643701086441676, "fpem/counterfactual_risk_target_inv_ratio": 0.20416666666666666, "fpem/counterfactual_risk_weight_env_sum": 8.15238087063744, "fpem/counterfactual_risk_weight_inv_sum": 7.847618979499454, "fpem/counterfactual_risk_prediction_is_hard_route": 1.0, "fpem/counterfactual_risk_prediction_is_soft_fusion": 0.0, "fpem/counterfactual_risk_target_detached": 1.0, "fpem/counterfactual_risk_uses_threshold": 0.0, "fpem/counterfactual_risk_all_samples_used_for_router": 1.0, "fpem/hard_router_predicted_env_ratio": 0.6452380952380953, "fpem/hard_router_effective_env_ratio": 1.0, "fpem/hard_router_target_env_ratio": 0.7958333333333333, "fpem/hard_router_gain_mean": -0.2643701086441676, "fpem/expert_prediction_pairwise_difference": 0.0, "fpem/delta_pairwise_cosine": 0.0, "fpem/delta_pairwise_l1": 0.0, "fpem/delta_pairwise_l2": 0.0, "fpem/expert_0_parameter_norm": 14.887673377990723, "fpem/hard_binary_router_enabled": 0.0, "fpem/hard_router_uses_target_in_forward": 0.0, "fpem/stored_future_c_loaded": 0.0, "fpem/prediction_is_weighted_complete_fusion": 0.0, "fpem/prediction_is_hard_route": 1.0, "fpem/conservative_inv_override_enabled": 0.0, "fpem/conservative_router_features_detached": 1.0, "fpem/counterfactual_risk_router_enabled": 1.0, "fpem/counterfactual_risk_stage2_active_forward": 1.0, "fpem/counterfactual_risk_deploy_route_active": 0.0, "fpem/counterfactual_risk_training_uses_route": 0.0, "fpem/counterfactual_risk_forward_uses_threshold": 0.0, "fpem/future_mi_loss": 0.0, "fpem/future_mi_valid": 0.0, "fpem/future_mi_logvar_mean": 0.0, "fpem/future_mi_target_mode_env_encoder": 0.0, "fpem/swap_loss": 0.0, "fpem/swap_diff_loss": 0.0, "fpem/swap_same_loss": 0.0, "fpem/swap_gain_mean": 0.0, "fpem/swap_s_gain_mean": 0.0, "fpem/swap_fallback_router_loss": 0.0, "fpem/swap_fallback_q_mean": 0.0, "fpem/swap_prediction_delta": 0.0, "fpem/swap_route_delta": 0.0, "fpem/swap_hyper_alpha_delta": 0.0, "fpem/swap_hyper_delta_norm": 0.0, "fpem/loss_env_day": 0.0, "fpem/loss_env_hour": 0.0, "fpem/loss_env_rush": 0.0, "fpem/env_day_acc": 0.0, "fpem/env_hour_acc": 0.0, "fpem/env_rush_acc": 0.0, "fpem/loss_env_supcon": 0.0, "fpem/env_supcon_valid_pairs": 0.0, "fpem/loss_inv_env_adv": 0.0, "fpem/inv_day_acc": 0.0, "fpem/inv_hour_acc": 0.0, "fpem/inv_rush_acc": 0.0, "fpem/loss_cross_cov_sep": 0.0, "fpem/confounder_dep_enabled": 0.0, "fpem/confounder_dep_mode_gci": 1.0, "fpem/confounder_dep_mode_scd": 0.0, "fpem/confounder_dep_mode_both": 0.0, "fpem/confounder_dep_total": 0.0, "fpem/loss_gci": 0.0, "fpem/loss_gci_drop": 0.0, "fpem/loss_gci_keep": 0.0, "fpem/loss_gci_graph_align": 0.0, "fpem/loss_scd": 0.0, "fpem/loss_conf_kl": 0.0, "fpem/effective_gci_weight": 0.0, "fpem/effective_gci_graph_align_weight": 0.0, "fpem/effective_scd_weight": 0.0, "fpem/effective_conf_kl_weight": 0.0, "fpem/confounder_dep_ramp_factor": 0.0, "fpem/C_mean": 0.0, "fpem/C_std": 0.0, "fpem/C_norm": 0.0, "fpem/confounder_token_norm": 0.0, "fpem/confounder_variational": 0.0, "fpem/confounder_projection_trace": 0.0, "fpem/confounder_projection_ridge": 0.0, "fpem/confounder_projection_rank_dim": 0.0, "fpem/confounder_projection_calls": 0.0, "fpem/confounder_dep_detach_target": 0.0, "fpem/gci_nonedge_mass_before_C": 0.0, "fpem/gci_nonedge_mass_after_C": 0.0, "fpem/gci_nonedge_mass_reduction": 0.0, "fpem/gci_relative_violation": 0.0, "fpem/gci_edge_before_C": 0.0, "fpem/gci_edge_after_C": 0.0, "fpem/gci_nonedge_conn_before_C": 0.0, "fpem/gci_nonedge_conn_after_C": 0.0, "fpem/gci_nonedge_conn_reduction": 0.0, "fpem/gci_edge_conn_before_C": 0.0, "fpem/gci_edge_conn_after_C": 0.0, "fpem/gci_edge_conn_reduction": 0.0, "fpem/gci_nonedge_dep_before_C": 0.0, "fpem/gci_nonedge_dep_after_C": 0.0, "fpem/gci_nonedge_dep_reduction": 0.0, "fpem/gci_edge_dep_before_C": 0.0, "fpem/gci_edge_dep_after_C": 0.0, "fpem/gci_nonedge_count": 0.0, "fpem/gci_edge_count": 0.0, "fpem/gci_node_count": 0.0, "fpem/gci_node_vector_dim": 0.0, "fpem/gci_graph_embed_dim": 0.0, "fpem/gci_graph_embedding_norm_before": 0.0, "fpem/gci_graph_embedding_norm_after": 0.0, "fpem/gci_graph_embedding_std_before": 0.0, "fpem/gci_graph_embedding_std_after": 0.0, "fpem/gci_graph_adj_mean_before": 0.0, "fpem/gci_graph_adj_mean_after": 0.0, "fpem/gci_graph_adj_std_before": 0.0, "fpem/gci_graph_adj_std_after": 0.0, "fpem/gci_graph_align_weight": 0.0, "fpem/gci_graph_align_raw_mse": 0.0, "fpem/gci_graph_align_normalized": 0.0, "fpem/gci_edge_preserve_beta": 0.0, "fpem/gci_graph_align_target_available": 0.0, "fpem/gci_target_adj_mean": 0.0, "fpem/gci_target_adj_std": 0.0, "fpem/gci_target_edge_mean": 0.0, "fpem/gci_target_nonedge_mean": 0.0, "fpem/gci_target_diag_mean": 0.0, "fpem/gci_graph_align_updates_agcrn": 0.0, "fpem/gci_updates_graph_linear": 0.0, "fpem/gci_graph_construction_agcrn_softmax": 0.0, "fpem/scd_assoc_before_C": 0.0, "fpem/scd_assoc_after_C": 0.0, "fpem/scd_assoc_reduction": 0.0, "fpem/scd_relative_violation": 0.0, "fpem/sample_assoc_before_C": 0.0, "fpem/sample_assoc_after_C": 0.0, "fpem/sample_assoc_reduction": 0.0, "fpem/sample_dep_before_C": 0.0, "fpem/sample_dep_after_C": 0.0, "fpem/sample_dep_reduction": 0.0, "fpem/scd_batch_size": 0.0, "fpem/scd_sample_vector_dim": 0.0, "fpem/sample_kernel_alignment": 0.0, "fpem/scd_alignment_loss": 0.0, "fpem/load_level_experts_enabled": 1.0, "fpem/load_level_uses_target_or_future_load": 0.0, "fpem/environment_gate_uses_target_in_forward": 0.0, "fpem/load_level_env_residual_scale": 0.0, "fpem/uses_cached_observable_load_prior": 1.0, "fpem/primary_loss": 8.995796793983097, "fpem/inv_pred_loss": 9.21784415926252, "fpem/primary_uses_route": 1.0, "fpem/primary_uses_env_fusion": 0.0, "fpem/backbone_agcrn": 1.0, "fpem/backbone_graphwavenet": 0.0, "fpem/backbone_staeformer": 0.0, "fpem/gc_pred_loss_only": 1.0, "fpem/env_route_head_mode_hyper_proto": 1.0, "fpem/fpem_force_uniform_route": 0.0, "fpem/hard_prediction_sinkhorn_total_replaces_primary": 0.0, "fpem/hard_prediction_environment_sinkhorn_total_replaces_primary": 0.0, "fpem/warmup_risk_sinkhorn_total_replaces_primary": 0.0, "fpem/lambda_club_mi": 0.0}}
EPOCH {"epoch": 47, "train_loss": 1.2782664287657965, "val": {"loss": 11.824410147137112, "mae": 11.61628532409668, "mape": 0.1805303692817688}, "test_mixed": {"loss": NaN, "mae": NaN, "mape": NaN}, "test_workday": {"loss": NaN, "mae": NaN, "mape": NaN}, "test_holiday": {"loss": NaN, "mae": NaN, "mape": NaN}, "test_avg_mae": NaN, "best_selection_value": 11.824410147137112, "best_selection_split": "val", "best_selection_metric": "val_loss", "lr": 0.0005, "fpem_logs": {"fpem/fpem_env_use_exogenous": 1.0, "fpem/env_exogenous_available": 1.0, "fpem/env_exogenous_time_available": 1.0, "fpem/env_exogenous_load_available": 1.0, "fpem/env_exogenous_feature_dim": 32.0, "fpem/env_exogenous_embedding_norm": 2.481367508570353, "fpem/env_exogenous_load_embedding_norm": 1.6452523935408818, "fpem/fpem_env_use_period_context": 1.0, "fpem/env_period_context_available": 1.0, "fpem/env_period_day_available_ratio": 0.9732142857142857, "fpem/env_period_week_available_ratio": 0.8244047619047619, "fpem/env_period_context_feature_dim": 6.0, "fpem/env_period_context_scale": 0.10000000149011612, "fpem/env_period_context_delta_norm": 0.1964533147357759, "fpem/env_period_context_day_diff_norm": 0.162727053463459, "fpem/env_period_context_week_diff_norm": 0.10188992665637107, "fpem/env_rep_ablation_normal": 1.0, "fpem/env_rep_ablation_zero": 0.0, "fpem/env_rep_ablation_shuffle_batch": 0.0, "fpem/env_rep_ablation_mode_id": 0.0, "fpem/mask_loss": 0.0, "fpem/mask_sparse_loss": 0.0, "fpem/mask_entropy_loss": 0.0, "fpem/mask_mean": 1.0, "fpem/mask_entropy": 0.0, "fpem/mask_active_ratio": 1.0, "fpem/fusion_alpha_mean": 0.0, "fpem/fusion_alpha_std": 0.0, "fpem/fusion_alpha_min": 0.0, "fpem/fusion_alpha_max": 0.0, "fpem/env_route_loss": 1.2782664287657965, "fpem/env_route_L_final": 8.992490200769334, "fpem/env_route_L_global": 0.0, "fpem/env_route_L_route_soft": 0.0, "fpem/env_route_L_expert": 9.397862484341577, "fpem/env_route_L_router_oracle": 1.2782664287657965, "fpem/env_route_L_balance": 0.0, "fpem/env_route_L_diverse": 0.0, "fpem/env_route_L_proto_align": 0.0, "fpem/env_route_entropy": 0.0, "fpem/env_route_q_max_mean": 0.0, "fpem/hyper_alpha_mean": 0.0, "fpem/hyper_delta_norm": 0.0, "fpem/hyper_route_proto_mode_uniform_warmup": 0.0, "fpem/hyper_route_proto_mode_uniform_fixed": 0.0, "fpem/hyper_route_proto_mode_sinkhorn": 0.0, "fpem/hyper_route_proto_mode_softmax": 0.0, "fpem/fallback_q_mean": 0.0, "fpem/fallback_q_max": 0.0, "fpem/env_q_sum_mean": 1.0, "fpem/oracle_fallback_rate": 0.0, "fpem/route_count_fallback": 0.0, "fpem/env_route_head_mode": 1.0, "fpem/route_entropy_mean": 0.0, "fpem/route_mean_distribution_entropy": 0.0, "fpem/effective_expert_number": 1.0, "fpem/max_expert_usage_ratio": 0.0, "fpem/min_expert_usage_ratio": 0.0, "fpem/prototype_pairwise_cosine": 0.0, "fpem/expert_prediction_pairwise_cosine": 0.0, "fpem/expert_collapse_warning": 0.0, "fpem/env_route_target_mode_env_prototype": 0.0, "fpem/env_route_target_mode_hybrid": 0.0, "fpem/env_route_hybrid_alpha": 0.0, "fpem/env_route_train_mode_warmup_risk_sinkhorn": 0.0, "fpem/warmup_risk_stage_warmup": 0.0, "fpem/warmup_risk_stage_soft": 0.0, "fpem/warmup_risk_stage_hard": 0.0, "fpem/warmup_risk_selected_loss": 0.0, "fpem/warmup_risk_uniform_common_loss": 0.0, "fpem/warmup_risk_lambda_common": 0.0, "fpem/warmup_risk_total_common_term": 0.0, "fpem/warmup_risk_temperature": 0.0, "fpem/warmup_risk_temperature_progress": 0.0, "fpem/uniform_expert_mae": 0.0, "fpem/risk_routed_mae": 0.0, "fpem/risk_prediction_mae": 0.0, "fpem/risk_loss": 0.0, "fpem/risk_ranking_loss": 0.0, "fpem/risk_ranking_accuracy": 0.0, "fpem/risk_oracle_argmin_accuracy": 0.0, "fpem/risk_router_temperature": 0.0, "fpem/risk_router_lambda": 0.0, "fpem/risk_router_pairwise_lambda": 0.0, "fpem/env_route_train_mode_progressive_gmm_environment": 0.0, "fpem/top_level_prediction_source_progressive_gmm_teacher_hard": 0.0, "fpem/progressive_assignment_uses_target_or_prediction_error": 0.0, "fpem/progressive_partition_ready": 0.0, "fpem/progressive_selected_k": 0.0, "fpem/progressive_active_expert_count": 0.0, "fpem/progressive_last_partition_epoch": 0.0, "fpem/progressive_lambda_common": 0.0, "fpem/progressive_common_term": 0.0, "fpem/progressive_compactness_loss": 0.0, "fpem/progressive_consistency_loss": 0.0, "fpem/progressive_cluster_entropy": 0.0, "fpem/progressive_assignment_change_ratio": 0.0, "fpem/progressive_hungarian_overlap_score": 0.0, "fpem/progressive_partition_update_time_sec": 0.0, "fpem/progressive_routed_mae": 0.0, "fpem/progressive_gmm_environment_total_replaces_primary": 0.0, "fpem/env_route_count_head_0": 16.0, "fpem/env_route_oracle_count_head_0": 16.0, "fpem/route_count_env_head_0": 16.0, "fpem/route_soft_mean_expert_0": 1.0, "fpem/route_hard_count_expert_0": 16.0, "fpem/hard_count_expert_0": 16.0, "fpem/sinkhorn_soft_col_mass_expert_0": 0.0, "fpem/progressive_active_expert_0": 0.0, "fpem/progressive_cluster_size_0": 0.0, "fpem/progressive_cluster_ratio_0": 0.0, "fpem/progressive_cluster_to_expert_0": 0.0, "fpem/progressive_bic_k1": 0.0, "fpem/progressive_bic_score_k1": 0.0, "fpem/progressive_bic_rejected_k1": 0.0, "fpem/hyper_alpha_head_0": 0.0, "fpem/hyper_gamma_norm_head_0": 0.0, "fpem/hyper_beta_norm_head_0": 0.0, "fpem/expert_cross_mae_group_0_expert_0": 9.397862484341577, "fpem/load_expert_loss": 9.397862484341577, "fpem/counterfactual_risk_router_loss": 1.2782664287657965, "fpem/counterfactual_risk_regression_loss": 0.9433729041190374, "fpem/counterfactual_risk_ranking_loss": 0.6697870498611813, "fpem/load_level_assignment_detached": 1.0, "fpem/load_level_count_0": 1680.0, "fpem/load_level_ratio_0": 1.0, "fpem/expert_0_global_loss": 9.397862484341577, "fpem/expert_0_selected_loss": 9.397862484341577, "fpem/counterfactual_risk_stage2_active": 1.0, "fpem/counterfactual_risk_stage2_start_epoch": 20.0, "fpem/counterfactual_risk_all_environment_mae": 9.397862484341577, "fpem/counterfactual_risk_all_invariant_mae": 9.662237467084612, "fpem/counterfactual_risk_routed_mae": 9.473556654793876, "fpem/counterfactual_risk_oracle_mae": 9.357394431886219, "fpem/counterfactual_risk_router_accuracy": 0.5922619047619048, "fpem/counterfactual_risk_router_balanced_accuracy": 0.5366006377197448, "fpem/counterfactual_risk_inv_route_ratio": 0.37023809523809526, "fpem/counterfactual_risk_env_route_ratio": 0.6297619047619047, "fpem/counterfactual_risk_inv_switch_precision": 0.21798873472781408, "fpem/counterfactual_risk_correct_inv_switches": 1.3333333333333333, "fpem/counterfactual_risk_harmful_inv_switches": 4.59047619047619, "fpem/counterfactual_risk_saved_loss": 0.017624516430355255, "fpem/counterfactual_risk_added_loss": 0.09331872548375811, "fpem/counterfactual_risk_net_gain": -0.07569417045229958, "fpem/counterfactual_risk_regret": 0.11616222290765671, "fpem/counterfactual_risk_oracle_gap_closed": -2061.392292019188, "fpem/counterfactual_risk_delta_mean": -0.2643750311363311, "fpem/counterfactual_risk_target_inv_ratio": 0.20416666666666666, "fpem/counterfactual_risk_weight_env_sum": 8.304761791229248, "fpem/counterfactual_risk_weight_inv_sum": 7.69523804074242, "fpem/counterfactual_risk_prediction_is_hard_route": 1.0, "fpem/counterfactual_risk_prediction_is_soft_fusion": 0.0, "fpem/counterfactual_risk_target_detached": 1.0, "fpem/counterfactual_risk_uses_threshold": 0.0, "fpem/counterfactual_risk_all_samples_used_for_router": 1.0, "fpem/hard_router_predicted_env_ratio": 0.6297619047619047, "fpem/hard_router_effective_env_ratio": 1.0, "fpem/hard_router_target_env_ratio": 0.7958333333333333, "fpem/hard_router_gain_mean": -0.2643750311363311, "fpem/expert_prediction_pairwise_difference": 0.0, "fpem/delta_pairwise_cosine": 0.0, "fpem/delta_pairwise_l1": 0.0, "fpem/delta_pairwise_l2": 0.0, "fpem/expert_0_parameter_norm": 14.887673377990723, "fpem/hard_binary_router_enabled": 0.0, "fpem/hard_router_uses_target_in_forward": 0.0, "fpem/stored_future_c_loaded": 0.0, "fpem/prediction_is_weighted_complete_fusion": 0.0, "fpem/prediction_is_hard_route": 1.0, "fpem/conservative_inv_override_enabled": 0.0, "fpem/conservative_router_features_detached": 1.0, "fpem/counterfactual_risk_router_enabled": 1.0, "fpem/counterfactual_risk_stage2_active_forward": 1.0, "fpem/counterfactual_risk_deploy_route_active": 0.0, "fpem/counterfactual_risk_training_uses_route": 0.0, "fpem/counterfactual_risk_forward_uses_threshold": 0.0, "fpem/future_mi_loss": 0.0, "fpem/future_mi_valid": 0.0, "fpem/future_mi_logvar_mean": 0.0, "fpem/future_mi_target_mode_env_encoder": 0.0, "fpem/swap_loss": 0.0, "fpem/swap_diff_loss": 0.0, "fpem/swap_same_loss": 0.0, "fpem/swap_gain_mean": 0.0, "fpem/swap_s_gain_mean": 0.0, "fpem/swap_fallback_router_loss": 0.0, "fpem/swap_fallback_q_mean": 0.0, "fpem/swap_prediction_delta": 0.0, "fpem/swap_route_delta": 0.0, "fpem/swap_hyper_alpha_delta": 0.0, "fpem/swap_hyper_delta_norm": 0.0, "fpem/loss_env_day": 0.0, "fpem/loss_env_hour": 0.0, "fpem/loss_env_rush": 0.0, "fpem/env_day_acc": 0.0, "fpem/env_hour_acc": 0.0, "fpem/env_rush_acc": 0.0, "fpem/loss_env_supcon": 0.0, "fpem/env_supcon_valid_pairs": 0.0, "fpem/loss_inv_env_adv": 0.0, "fpem/inv_day_acc": 0.0, "fpem/inv_hour_acc": 0.0, "fpem/inv_rush_acc": 0.0, "fpem/loss_cross_cov_sep": 0.0, "fpem/confounder_dep_enabled": 0.0, "fpem/confounder_dep_mode_gci": 1.0, "fpem/confounder_dep_mode_scd": 0.0, "fpem/confounder_dep_mode_both": 0.0, "fpem/confounder_dep_total": 0.0, "fpem/loss_gci": 0.0, "fpem/loss_gci_drop": 0.0, "fpem/loss_gci_keep": 0.0, "fpem/loss_gci_graph_align": 0.0, "fpem/loss_scd": 0.0, "fpem/loss_conf_kl": 0.0, "fpem/effective_gci_weight": 0.0, "fpem/effective_gci_graph_align_weight": 0.0, "fpem/effective_scd_weight": 0.0, "fpem/effective_conf_kl_weight": 0.0, "fpem/confounder_dep_ramp_factor": 0.0, "fpem/C_mean": 0.0, "fpem/C_std": 0.0, "fpem/C_norm": 0.0, "fpem/confounder_token_norm": 0.0, "fpem/confounder_variational": 0.0, "fpem/confounder_projection_trace": 0.0, "fpem/confounder_projection_ridge": 0.0, "fpem/confounder_projection_rank_dim": 0.0, "fpem/confounder_projection_calls": 0.0, "fpem/confounder_dep_detach_target": 0.0, "fpem/gci_nonedge_mass_before_C": 0.0, "fpem/gci_nonedge_mass_after_C": 0.0, "fpem/gci_nonedge_mass_reduction": 0.0, "fpem/gci_relative_violation": 0.0, "fpem/gci_edge_before_C": 0.0, "fpem/gci_edge_after_C": 0.0, "fpem/gci_nonedge_conn_before_C": 0.0, "fpem/gci_nonedge_conn_after_C": 0.0, "fpem/gci_nonedge_conn_reduction": 0.0, "fpem/gci_edge_conn_before_C": 0.0, "fpem/gci_edge_conn_after_C": 0.0, "fpem/gci_edge_conn_reduction": 0.0, "fpem/gci_nonedge_dep_before_C": 0.0, "fpem/gci_nonedge_dep_after_C": 0.0, "fpem/gci_nonedge_dep_reduction": 0.0, "fpem/gci_edge_dep_before_C": 0.0, "fpem/gci_edge_dep_after_C": 0.0, "fpem/gci_nonedge_count": 0.0, "fpem/gci_edge_count": 0.0, "fpem/gci_node_count": 0.0, "fpem/gci_node_vector_dim": 0.0, "fpem/gci_graph_embed_dim": 0.0, "fpem/gci_graph_embedding_norm_before": 0.0, "fpem/gci_graph_embedding_norm_after": 0.0, "fpem/gci_graph_embedding_std_before": 0.0, "fpem/gci_graph_embedding_std_after": 0.0, "fpem/gci_graph_adj_mean_before": 0.0, "fpem/gci_graph_adj_mean_after": 0.0, "fpem/gci_graph_adj_std_before": 0.0, "fpem/gci_graph_adj_std_after": 0.0, "fpem/gci_graph_align_weight": 0.0, "fpem/gci_graph_align_raw_mse": 0.0, "fpem/gci_graph_align_normalized": 0.0, "fpem/gci_edge_preserve_beta": 0.0, "fpem/gci_graph_align_target_available": 0.0, "fpem/gci_target_adj_mean": 0.0, "fpem/gci_target_adj_std": 0.0, "fpem/gci_target_edge_mean": 0.0, "fpem/gci_target_nonedge_mean": 0.0, "fpem/gci_target_diag_mean": 0.0, "fpem/gci_graph_align_updates_agcrn": 0.0, "fpem/gci_updates_graph_linear": 0.0, "fpem/gci_graph_construction_agcrn_softmax": 0.0, "fpem/scd_assoc_before_C": 0.0, "fpem/scd_assoc_after_C": 0.0, "fpem/scd_assoc_reduction": 0.0, "fpem/scd_relative_violation": 0.0, "fpem/sample_assoc_before_C": 0.0, "fpem/sample_assoc_after_C": 0.0, "fpem/sample_assoc_reduction": 0.0, "fpem/sample_dep_before_C": 0.0, "fpem/sample_dep_after_C": 0.0, "fpem/sample_dep_reduction": 0.0, "fpem/scd_batch_size": 0.0, "fpem/scd_sample_vector_dim": 0.0, "fpem/sample_kernel_alignment": 0.0, "fpem/scd_alignment_loss": 0.0, "fpem/load_level_experts_enabled": 1.0, "fpem/load_level_uses_target_or_future_load": 0.0, "fpem/environment_gate_uses_target_in_forward": 0.0, "fpem/load_level_env_residual_scale": 0.0, "fpem/uses_cached_observable_load_prior": 1.0, "fpem/primary_loss": 8.992490200769334, "fpem/inv_pred_loss": 9.214603019896007, "fpem/primary_uses_route": 1.0, "fpem/primary_uses_env_fusion": 0.0, "fpem/backbone_agcrn": 1.0, "fpem/backbone_graphwavenet": 0.0, "fpem/backbone_staeformer": 0.0, "fpem/gc_pred_loss_only": 1.0, "fpem/env_route_head_mode_hyper_proto": 1.0, "fpem/fpem_force_uniform_route": 0.0, "fpem/hard_prediction_sinkhorn_total_replaces_primary": 0.0, "fpem/hard_prediction_environment_sinkhorn_total_replaces_primary": 0.0, "fpem/warmup_risk_sinkhorn_total_replaces_primary": 0.0, "fpem/lambda_club_mi": 0.0}}
EPOCH {"epoch": 48, "train_loss": 1.3012664899939583, "val": {"loss": 11.815293629964193, "mae": 11.607842445373535, "mape": 0.17940939962863922}, "test_mixed": {"loss": NaN, "mae": NaN, "mape": NaN}, "test_workday": {"loss": NaN, "mae": NaN, "mape": NaN}, "test_holiday": {"loss": NaN, "mae": NaN, "mape": NaN}, "test_avg_mae": NaN, "best_selection_value": 11.815293629964193, "best_selection_split": "val", "best_selection_metric": "val_loss", "lr": 0.0005, "fpem_logs": {"fpem/fpem_env_use_exogenous": 1.0, "fpem/env_exogenous_available": 1.0, "fpem/env_exogenous_time_available": 1.0, "fpem/env_exogenous_load_available": 1.0, "fpem/env_exogenous_feature_dim": 32.0, "fpem/env_exogenous_embedding_norm": 2.481367533547538, "fpem/env_exogenous_load_embedding_norm": 1.645252403758821, "fpem/fpem_env_use_period_context": 1.0, "fpem/env_period_context_available": 1.0, "fpem/env_period_day_available_ratio": 0.9732142857142857, "fpem/env_period_week_available_ratio": 0.8244047619047619, "fpem/env_period_context_feature_dim": 6.0, "fpem/env_period_context_scale": 0.10000000149011612, "fpem/env_period_context_delta_norm": 0.19645331374236516, "fpem/env_period_context_day_diff_norm": 0.16272705154759542, "fpem/env_period_context_week_diff_norm": 0.1018899265499342, "fpem/env_rep_ablation_normal": 1.0, "fpem/env_rep_ablation_zero": 0.0, "fpem/env_rep_ablation_shuffle_batch": 0.0, "fpem/env_rep_ablation_mode_id": 0.0, "fpem/mask_loss": 0.0, "fpem/mask_sparse_loss": 0.0, "fpem/mask_entropy_loss": 0.0, "fpem/mask_mean": 1.0, "fpem/mask_entropy": 0.0, "fpem/mask_active_ratio": 1.0, "fpem/fusion_alpha_mean": 0.0, "fpem/fusion_alpha_std": 0.0, "fpem/fusion_alpha_min": 0.0, "fpem/fusion_alpha_max": 0.0, "fpem/env_route_loss": 1.3012664899939583, "fpem/env_route_L_final": 8.997881725856237, "fpem/env_route_L_global": 0.0, "fpem/env_route_L_route_soft": 0.0, "fpem/env_route_L_expert": 9.397869664146787, "fpem/env_route_L_router_oracle": 1.3012664899939583, "fpem/env_route_L_balance": 0.0, "fpem/env_route_L_diverse": 0.0, "fpem/env_route_L_proto_align": 0.0, "fpem/env_route_entropy": 0.0, "fpem/env_route_q_max_mean": 0.0, "fpem/hyper_alpha_mean": 0.0, "fpem/hyper_delta_norm": 0.0, "fpem/hyper_route_proto_mode_uniform_warmup": 0.0, "fpem/hyper_route_proto_mode_uniform_fixed": 0.0, "fpem/hyper_route_proto_mode_sinkhorn": 0.0, "fpem/hyper_route_proto_mode_softmax": 0.0, "fpem/fallback_q_mean": 0.0, "fpem/fallback_q_max": 0.0, "fpem/env_q_sum_mean": 1.0, "fpem/oracle_fallback_rate": 0.0, "fpem/route_count_fallback": 0.0, "fpem/env_route_head_mode": 1.0, "fpem/route_entropy_mean": 0.0, "fpem/route_mean_distribution_entropy": 0.0, "fpem/effective_expert_number": 1.0, "fpem/max_expert_usage_ratio": 0.0, "fpem/min_expert_usage_ratio": 0.0, "fpem/prototype_pairwise_cosine": 0.0, "fpem/expert_prediction_pairwise_cosine": 0.0, "fpem/expert_collapse_warning": 0.0, "fpem/env_route_target_mode_env_prototype": 0.0, "fpem/env_route_target_mode_hybrid": 0.0, "fpem/env_route_hybrid_alpha": 0.0, "fpem/env_route_train_mode_warmup_risk_sinkhorn": 0.0, "fpem/warmup_risk_stage_warmup": 0.0, "fpem/warmup_risk_stage_soft": 0.0, "fpem/warmup_risk_stage_hard": 0.0, "fpem/warmup_risk_selected_loss": 0.0, "fpem/warmup_risk_uniform_common_loss": 0.0, "fpem/warmup_risk_lambda_common": 0.0, "fpem/warmup_risk_total_common_term": 0.0, "fpem/warmup_risk_temperature": 0.0, "fpem/warmup_risk_temperature_progress": 0.0, "fpem/uniform_expert_mae": 0.0, "fpem/risk_routed_mae": 0.0, "fpem/risk_prediction_mae": 0.0, "fpem/risk_loss": 0.0, "fpem/risk_ranking_loss": 0.0, "fpem/risk_ranking_accuracy": 0.0, "fpem/risk_oracle_argmin_accuracy": 0.0, "fpem/risk_router_temperature": 0.0, "fpem/risk_router_lambda": 0.0, "fpem/risk_router_pairwise_lambda": 0.0, "fpem/env_route_train_mode_progressive_gmm_environment": 0.0, "fpem/top_level_prediction_source_progressive_gmm_teacher_hard": 0.0, "fpem/progressive_assignment_uses_target_or_prediction_error": 0.0, "fpem/progressive_partition_ready": 0.0, "fpem/progressive_selected_k": 0.0, "fpem/progressive_active_expert_count": 0.0, "fpem/progressive_last_partition_epoch": 0.0, "fpem/progressive_lambda_common": 0.0, "fpem/progressive_common_term": 0.0, "fpem/progressive_compactness_loss": 0.0, "fpem/progressive_consistency_loss": 0.0, "fpem/progressive_cluster_entropy": 0.0, "fpem/progressive_assignment_change_ratio": 0.0, "fpem/progressive_hungarian_overlap_score": 0.0, "fpem/progressive_partition_update_time_sec": 0.0, "fpem/progressive_routed_mae": 0.0, "fpem/progressive_gmm_environment_total_replaces_primary": 0.0, "fpem/env_route_count_head_0": 16.0, "fpem/env_route_oracle_count_head_0": 16.0, "fpem/route_count_env_head_0": 16.0, "fpem/route_soft_mean_expert_0": 1.0, "fpem/route_hard_count_expert_0": 16.0, "fpem/hard_count_expert_0": 16.0, "fpem/sinkhorn_soft_col_mass_expert_0": 0.0, "fpem/progressive_active_expert_0": 0.0, "fpem/progressive_cluster_size_0": 0.0, "fpem/progressive_cluster_ratio_0": 0.0, "fpem/progressive_cluster_to_expert_0": 0.0, "fpem/progressive_bic_k1": 0.0, "fpem/progressive_bic_score_k1": 0.0, "fpem/progressive_bic_rejected_k1": 0.0, "fpem/hyper_alpha_head_0": 0.0, "fpem/hyper_gamma_norm_head_0": 0.0, "fpem/hyper_beta_norm_head_0": 0.0, "fpem/expert_cross_mae_group_0_expert_0": 9.397869664146787, "fpem/load_expert_loss": 9.397869664146787, "fpem/counterfactual_risk_router_loss": 1.3012664899939583, "fpem/counterfactual_risk_regression_loss": 0.9599951762528647, "fpem/counterfactual_risk_ranking_loss": 0.6825426280498504, "fpem/load_level_assignment_detached": 1.0, "fpem/load_level_count_0": 1680.0, "fpem/load_level_ratio_0": 1.0, "fpem/expert_0_global_loss": 9.397869664146787, "fpem/expert_0_selected_loss": 9.397869664146787, "fpem/counterfactual_risk_stage2_active": 1.0, "fpem/counterfactual_risk_stage2_start_epoch": 20.0, "fpem/counterfactual_risk_all_environment_mae": 9.397869664146787, "fpem/counterfactual_risk_all_invariant_mae": 9.662237576075963, "fpem/counterfactual_risk_routed_mae": 9.472150593712216, "fpem/counterfactual_risk_oracle_mae": 9.357394908723377, "fpem/counterfactual_risk_router_accuracy": 0.6113095238095239, "fpem/counterfactual_risk_router_balanced_accuracy": 0.5470725702387946, "fpem/counterfactual_risk_inv_route_ratio": 0.3523809523809524, "fpem/counterfactual_risk_env_route_ratio": 0.6476190476190476, "fpem/counterfactual_risk_inv_switch_precision": 0.2278884124188196, "fpem/counterfactual_risk_correct_inv_switches": 1.3428571428571427, "fpem/counterfactual_risk_harmful_inv_switches": 4.295238095238095, "fpem/counterfactual_risk_saved_loss": 0.016938872990154084, "fpem/counterfactual_risk_added_loss": 0.09121984938780467, "fpem/counterfactual_risk_net_gain": -0.07428092956542968, "fpem/counterfactual_risk_regret": 0.11475568498883928, "fpem/counterfactual_risk_oracle_gap_closed": -4102.836503908331, "fpem/counterfactual_risk_delta_mean": -0.2643678189743133, "fpem/counterfactual_risk_target_inv_ratio": 0.20416666666666666, "fpem/counterfactual_risk_weight_env_sum": 8.380952290126256, "fpem/counterfactual_risk_weight_inv_sum": 7.619047564551944, "fpem/counterfactual_risk_prediction_is_hard_route": 1.0, "fpem/counterfactual_risk_prediction_is_soft_fusion": 0.0, "fpem/counterfactual_risk_target_detached": 1.0, "fpem/counterfactual_risk_uses_threshold": 0.0, "fpem/counterfactual_risk_all_samples_used_for_router": 1.0, "fpem/hard_router_predicted_env_ratio": 0.6476190476190476, "fpem/hard_router_effective_env_ratio": 1.0, "fpem/hard_router_target_env_ratio": 0.7958333333333333, "fpem/hard_router_gain_mean": -0.2643678189743133, "fpem/expert_prediction_pairwise_difference": 0.0, "fpem/delta_pairwise_cosine": 0.0, "fpem/delta_pairwise_l1": 0.0, "fpem/delta_pairwise_l2": 0.0, "fpem/expert_0_parameter_norm": 14.887673377990723, "fpem/hard_binary_router_enabled": 0.0, "fpem/hard_router_uses_target_in_forward": 0.0, "fpem/stored_future_c_loaded": 0.0, "fpem/prediction_is_weighted_complete_fusion": 0.0, "fpem/prediction_is_hard_route": 1.0, "fpem/conservative_inv_override_enabled": 0.0, "fpem/conservative_router_features_detached": 1.0, "fpem/counterfactual_risk_router_enabled": 1.0, "fpem/counterfactual_risk_stage2_active_forward": 1.0, "fpem/counterfactual_risk_deploy_route_active": 0.0, "fpem/counterfactual_risk_training_uses_route": 0.0, "fpem/counterfactual_risk_forward_uses_threshold": 0.0, "fpem/future_mi_loss": 0.0, "fpem/future_mi_valid": 0.0, "fpem/future_mi_logvar_mean": 0.0, "fpem/future_mi_target_mode_env_encoder": 0.0, "fpem/swap_loss": 0.0, "fpem/swap_diff_loss": 0.0, "fpem/swap_same_loss": 0.0, "fpem/swap_gain_mean": 0.0, "fpem/swap_s_gain_mean": 0.0, "fpem/swap_fallback_router_loss": 0.0, "fpem/swap_fallback_q_mean": 0.0, "fpem/swap_prediction_delta": 0.0, "fpem/swap_route_delta": 0.0, "fpem/swap_hyper_alpha_delta": 0.0, "fpem/swap_hyper_delta_norm": 0.0, "fpem/loss_env_day": 0.0, "fpem/loss_env_hour": 0.0, "fpem/loss_env_rush": 0.0, "fpem/env_day_acc": 0.0, "fpem/env_hour_acc": 0.0, "fpem/env_rush_acc": 0.0, "fpem/loss_env_supcon": 0.0, "fpem/env_supcon_valid_pairs": 0.0, "fpem/loss_inv_env_adv": 0.0, "fpem/inv_day_acc": 0.0, "fpem/inv_hour_acc": 0.0, "fpem/inv_rush_acc": 0.0, "fpem/loss_cross_cov_sep": 0.0, "fpem/confounder_dep_enabled": 0.0, "fpem/confounder_dep_mode_gci": 1.0, "fpem/confounder_dep_mode_scd": 0.0, "fpem/confounder_dep_mode_both": 0.0, "fpem/confounder_dep_total": 0.0, "fpem/loss_gci": 0.0, "fpem/loss_gci_drop": 0.0, "fpem/loss_gci_keep": 0.0, "fpem/loss_gci_graph_align": 0.0, "fpem/loss_scd": 0.0, "fpem/loss_conf_kl": 0.0, "fpem/effective_gci_weight": 0.0, "fpem/effective_gci_graph_align_weight": 0.0, "fpem/effective_scd_weight": 0.0, "fpem/effective_conf_kl_weight": 0.0, "fpem/confounder_dep_ramp_factor": 0.0, "fpem/C_mean": 0.0, "fpem/C_std": 0.0, "fpem/C_norm": 0.0, "fpem/confounder_token_norm": 0.0, "fpem/confounder_variational": 0.0, "fpem/confounder_projection_trace": 0.0, "fpem/confounder_projection_ridge": 0.0, "fpem/confounder_projection_rank_dim": 0.0, "fpem/confounder_projection_calls": 0.0, "fpem/confounder_dep_detach_target": 0.0, "fpem/gci_nonedge_mass_before_C": 0.0, "fpem/gci_nonedge_mass_after_C": 0.0, "fpem/gci_nonedge_mass_reduction": 0.0, "fpem/gci_relative_violation": 0.0, "fpem/gci_edge_before_C": 0.0, "fpem/gci_edge_after_C": 0.0, "fpem/gci_nonedge_conn_before_C": 0.0, "fpem/gci_nonedge_conn_after_C": 0.0, "fpem/gci_nonedge_conn_reduction": 0.0, "fpem/gci_edge_conn_before_C": 0.0, "fpem/gci_edge_conn_after_C": 0.0, "fpem/gci_edge_conn_reduction": 0.0, "fpem/gci_nonedge_dep_before_C": 0.0, "fpem/gci_nonedge_dep_after_C": 0.0, "fpem/gci_nonedge_dep_reduction": 0.0, "fpem/gci_edge_dep_before_C": 0.0, "fpem/gci_edge_dep_after_C": 0.0, "fpem/gci_nonedge_count": 0.0, "fpem/gci_edge_count": 0.0, "fpem/gci_node_count": 0.0, "fpem/gci_node_vector_dim": 0.0, "fpem/gci_graph_embed_dim": 0.0, "fpem/gci_graph_embedding_norm_before": 0.0, "fpem/gci_graph_embedding_norm_after": 0.0, "fpem/gci_graph_embedding_std_before": 0.0, "fpem/gci_graph_embedding_std_after": 0.0, "fpem/gci_graph_adj_mean_before": 0.0, "fpem/gci_graph_adj_mean_after": 0.0, "fpem/gci_graph_adj_std_before": 0.0, "fpem/gci_graph_adj_std_after": 0.0, "fpem/gci_graph_align_weight": 0.0, "fpem/gci_graph_align_raw_mse": 0.0, "fpem/gci_graph_align_normalized": 0.0, "fpem/gci_edge_preserve_beta": 0.0, "fpem/gci_graph_align_target_available": 0.0, "fpem/gci_target_adj_mean": 0.0, "fpem/gci_target_adj_std": 0.0, "fpem/gci_target_edge_mean": 0.0, "fpem/gci_target_nonedge_mean": 0.0, "fpem/gci_target_diag_mean": 0.0, "fpem/gci_graph_align_updates_agcrn": 0.0, "fpem/gci_updates_graph_linear": 0.0, "fpem/gci_graph_construction_agcrn_softmax": 0.0, "fpem/scd_assoc_before_C": 0.0, "fpem/scd_assoc_after_C": 0.0, "fpem/scd_assoc_reduction": 0.0, "fpem/scd_relative_violation": 0.0, "fpem/sample_assoc_before_C": 0.0, "fpem/sample_assoc_after_C": 0.0, "fpem/sample_assoc_reduction": 0.0, "fpem/sample_dep_before_C": 0.0, "fpem/sample_dep_after_C": 0.0, "fpem/sample_dep_reduction": 0.0, "fpem/scd_batch_size": 0.0, "fpem/scd_sample_vector_dim": 0.0, "fpem/sample_kernel_alignment": 0.0, "fpem/scd_alignment_loss": 0.0, "fpem/load_level_experts_enabled": 1.0, "fpem/load_level_uses_target_or_future_load": 0.0, "fpem/environment_gate_uses_target_in_forward": 0.0, "fpem/load_level_env_residual_scale": 0.0, "fpem/uses_cached_observable_load_prior": 1.0, "fpem/primary_loss": 8.997881725856237, "fpem/inv_pred_loss": 9.219696812402635, "fpem/primary_uses_route": 1.0, "fpem/primary_uses_env_fusion": 0.0, "fpem/backbone_agcrn": 1.0, "fpem/backbone_graphwavenet": 0.0, "fpem/backbone_staeformer": 0.0, "fpem/gc_pred_loss_only": 1.0, "fpem/env_route_head_mode_hyper_proto": 1.0, "fpem/fpem_force_uniform_route": 0.0, "fpem/hard_prediction_sinkhorn_total_replaces_primary": 0.0, "fpem/hard_prediction_environment_sinkhorn_total_replaces_primary": 0.0, "fpem/warmup_risk_sinkhorn_total_replaces_primary": 0.0, "fpem/lambda_club_mi": 0.0}}
EARLY_STOP epoch=48 patience=30
COUNTERFACTUAL_RISK_ROUTER_FINAL_AUDIT {"val": {"split": "val", "num_samples": 274, "all_environment_mae": 12.379131317138672, "all_invariant_mae": 12.481095314025879, "learned_risk_routing_mae": 12.379131317138672, "oracle_mae": 12.300164222717285, "router_accuracy": 0.6569343209266663, "balanced_accuracy": 0.5, "env_route_ratio": 1.0, "inv_route_ratio": 0.0, "inv_switch_precision": 0.0, "correct_beneficial_inv_switches": 0, "harmful_inv_switches": 0, "saved_loss": 0.0, "added_loss": 0.0, "net_gain": 0.0, "regret": 0.07896709442138672, "oracle_gap_closed": 0.0, "target_inv_ratio": 0.34306567907333374, "delta_mean": -0.10196353495121002, "prediction_source": "counterfactual_risk_router_hard_argmin", "prediction_is_soft_fusion": false, "uses_threshold": false}, "test_mixed": {"split": "test_mixed", "num_samples": 546, "all_environment_mae": 11.275483131408691, "all_invariant_mae": 11.461053848266602, "learned_risk_routing_mae": 11.275483131408691, "oracle_mae": 11.21999740600586, "router_accuracy": 0.7234432101249695, "balanced_accuracy": 0.5, "env_route_ratio": 1.0, "inv_route_ratio": 0.0, "inv_switch_precision": 0.0, "correct_beneficial_inv_switches": 0, "harmful_inv_switches": 0, "saved_loss": 0.0, "added_loss": 0.0, "net_gain": 0.0, "regret": 0.05548572540283203, "oracle_gap_closed": 0.0, "target_inv_ratio": 0.2765567898750305, "delta_mean": -0.18557175993919373, "prediction_source": "counterfactual_risk_router_hard_argmin", "prediction_is_soft_fusion": false, "uses_threshold": false}, "test_workday": {"split": "test_workday", "num_samples": 354, "all_environment_mae": 11.167500495910645, "all_invariant_mae": 11.337368965148926, "learned_risk_routing_mae": 11.167500495910645, "oracle_mae": 11.107388496398926, "router_accuracy": 0.700564980506897, "balanced_accuracy": 0.5, "env_route_ratio": 1.0, "inv_route_ratio": 0.0, "inv_switch_precision": 0.0, "correct_beneficial_inv_switches": 0, "harmful_inv_switches": 0, "saved_loss": 0.0, "added_loss": 0.0, "net_gain": 0.0, "regret": 0.06011199951171875, "oracle_gap_closed": 0.0, "target_inv_ratio": 0.299435019493103, "delta_mean": -0.16986915469169617, "prediction_source": "counterfactual_risk_router_hard_argmin", "prediction_is_soft_fusion": false, "uses_threshold": false}, "test_holiday": {"split": "test_holiday", "num_samples": 192, "all_environment_mae": 11.474574089050293, "all_invariant_mae": 11.68909740447998, "learned_risk_routing_mae": 11.474574089050293, "oracle_mae": 11.427620887756348, "router_accuracy": 0.765625, "balanced_accuracy": 0.5, "env_route_ratio": 1.0, "inv_route_ratio": 0.0, "inv_switch_precision": 0.0, "correct_beneficial_inv_switches": 0, "harmful_inv_switches": 0, "saved_loss": 0.0, "added_loss": 0.0, "net_gain": 0.0, "regret": 0.04695320129394531, "oracle_gap_closed": 0.0, "target_inv_ratio": 0.234375, "delta_mean": -0.21452343463897705, "prediction_source": "counterfactual_risk_router_hard_argmin", "prediction_is_soft_fusion": false, "uses_threshold": false}}
SUMMARY {"exp_name": "fpem_agcrn_aligned_confounder_dep_norm_align_obs_k1_counterfactual_risk_router_period_context_0813_conf_gci_seed2024", "model": "steve", "ablation": "conf_gci", "best_epoch": 18, "best_val_loss": 11.798224025302464, "best_checkpoint_selection_split": "val", "best_checkpoint_selection_metric": "val_loss", "test_mixed_mae": 10.575716018676758, "test_workday_mae": 10.486210823059082, "test_holiday_mae": 10.730929374694824, "test_avg_mae": 10.608570098876953, "top_level_prediction_source": "counterfactual_risk_router_hard_argmin_test_diagnostic_best", "fpem_override_threshold": 0.5, "fpem_override_margin": 0.0, "finished": true}
