sample_index,time_label,workday,holiday,hour,hour_bin,rush_hour,expert_id,mae_inv,mae_final,mean_abs_delta_env,route_weight_0,route_weight_1,route_weight_2,c_0,c_1,c_2,c_3,c_4,c_5,c_6,c_7
0,15,1,0,15,15,0,2,134.4721221923828,182.96022033691406,93.15373,0.3480844,0.109133884,0.5427818,3.0,2.0,4.0,2.0,1.0,2.0,0.0,0.0
1,16,1,0,16,16,0,2,133.9053955078125,172.27713012695312,90.36607,0.3480844,0.109133825,0.5427818,3.0,2.0,3.0,2.0,2.0,2.0,1.0,1.0
2,16,1,0,16,16,0,2,124.86858367919922,160.134765625,90.73624,0.3480845,0.10913386,0.54278165,3.0,2.0,3.0,2.0,1.0,2.0,0.0,1.0
3,17,1,0,17,17,1,2,109.78032684326172,148.5503387451172,91.97955,0.34808475,0.109133825,0.5427815,3.0,1.0,2.0,1.0,1.0,2.0,0.0,1.0
