scope,expert,soft_usage_mean,hard_count,hard_usage_ratio,route_entropy_mean,route_mean_distribution_entropy,effective_expert_number,max_expert_usage_ratio,min_expert_usage_ratio
expert,0,0.3480845093727112,0,0.0,0.940753918629583,0.9407539186296303,2.56191216373307,0.5427816659212112,0.10913384892046452
expert,1,0.10913384892046452,0,0.0,0.940753918629583,0.9407539186296303,2.56191216373307,0.5427816659212112,0.10913384892046452
expert,2,0.5427816659212112,4,1.0,0.940753918629583,0.9407539186296303,2.56191216373307,0.5427816659212112,0.10913384892046452
overall,all,1.000000024214387,4,1.0,0.940753918629583,0.9407539186296303,2.56191216373307,0.5427816659212112,0.10913384892046452
