{
  "args": {
    "seed": 2024,
    "device": "cuda:0",
    "mode": "train",
    "best_path": "/home/zhangwt/remote/StableST/experiments/NYCTaxi/20240510-014845/best_model.pth",
    "debug": false,
    "data_dir": "/data/OuXiaoyu/STEVE_CODE/STEVE/data",
    "dataset": "NYCTaxi_TDS",
    "input_length": 35,
    "batch_size": 16,
    "test_batch_size": 16,
    "graph_file": "/data/OuXiaoyu/STEVE_CODE/STEVE/data/NYCTaxi_TDS/adj_mx.npz",
    "num_nodes": 200,
    "len_closeness": 8,
    "len_period": 27,
    "len_trend": 0,
    "d_input": 2,
    "d_output": 2,
    "d_model": 64,
    "dropout": 0.1,
    "percent": 0.1,
    "shm_temp": 0.5,
    "nmb_prototype": 4,
    "yita": 0.5,
    "layers": 3,
    "K": 64,
    "bank_gamma": 0.2,
    "kw": 1,
    "mi_w": 2,
    "epochs": 100,
    "lr_init": 0.001,
    "early_stop": true,
    "early_stop_patience": 30,
    "grad_norm": true,
    "max_grad_norm": 5,
    "use_dwa": true,
    "temp": 2,
    "MMI": false,
    "lr_patience": 20,
    "lr_mode": "only",
    "use_RevIN": true,
    "confounder_dep_mode": "scd",
    "confounder_extractor": "token_attention",
    "confounder_dim": 8,
    "confounder_num_heads": 4,
    "confounder_attention_dropout": 0.0,
    "confounder_graph_embed_dim": 16,
    "confounder_variational": true,
    "confounder_kl_weight": 0.0001,
    "confounder_dep_warmup_epochs": 5,
    "confounder_dep_ramp_epochs": 10,
    "confounder_projection_ridge": 0.001,
    "confounder_dep_detach_target": true,
    "gci_weight": 0.0,
    "gci_graph_align_weight": 0.1,
    "gci_graph_hops": 1,
    "gci_symmetrize_adj": true,
    "gci_add_self_loops": true,
    "scd_weight": 0.001,
    "dep_eps": 1e-06,
    "confounder_injection": "none",
    "ablation": "conf_scd",
    "config_filename": "/data/OuXiaoyu/STEVE_CODE/STEVE/configs/NYCTaxi.yaml",
    "model": "steve",
    "data_seed": 2024,
    "early_stop_test_avg_mae_epoch": 0,
    "early_stop_test_avg_mae_threshold": 12.0,
    "train_work_per_holiday": 2.5,
    "exp_name": "fpem_agcrn_aligned_confounder_dep_norm_align_obs_k1_counterfactual_risk_router_period_context_0813_conf_scd_seed2024",
    "run_name": "fpem_agcrn_aligned_confounder_dep_norm_align_obs_k1_counterfactual_risk_router_period_context_0813_conf_scd_seed2024",
    "result_root": "/data/OuXiaoyu/STEVE_CODE/STEVE/experiments/NYCTaxi_TDS",
    "resume": true,
    "resume_reset_patience": true,
    "best_selection_split": "val",
    "max_train_batches": null,
    "max_eval_batches": null,
    "fpem_backbone": "agcrn",
    "agcrn_lr": 0.003,
    "agcrn_embed_dim": 10,
    "agcrn_rnn_units": 64,
    "agcrn_num_layers": 2,
    "agcrn_cheb_k": 2,
    "graphwavenet_layers": 4,
    "graphwavenet_kernel_size": 2,
    "graphwavenet_dropout": 0.1,
    "staeformer_layers": 2,
    "staeformer_heads": 4,
    "staeformer_dropout": 0.1,
    "staeformer_mlp_ratio": 2.0,
    "staeformer_input_length_max": 512,
    "fpem_use_pretrained_inv_agcrn": true,
    "fpem_pretrained_inv_agcrn_path": "/data/OuXiaoyu/STEVE_CODE/STEVE/experiments/NYCTaxi_TDS/pure_agcrn_seed2024/best_val_model.pth",
    "fpem_use_env_supervision": false,
    "fpem_lambda_env_day_cls": 0.0,
    "fpem_lambda_env_hour_cls": 0.0,
    "fpem_lambda_env_rush_cls": 0.0,
    "fpem_env_use_exogenous": true,
    "fpem_env_exogenous_hour_dim": 8,
    "fpem_env_exogenous_day_dim": 4,
    "fpem_env_exogenous_rush_dim": 4,
    "fpem_env_exogenous_load_dim": 8,
    "fpem_env_exogenous_load_num_embeddings": 6,
    "fpem_env_exogenous_scale": 0.1,
    "fpem_env_use_period_context": true,
    "fpem_env_period_context_day_steps": 0,
    "fpem_env_period_context_week_steps": 0,
    "fpem_env_period_context_scale": 0.1,
    "fpem_ignore_future_c": true,
    "fpem_use_load_level_experts": true,
    "fpem_load_level_k": 1,
    "fpem_load_level_mode": "train_quantile",
    "fpem_randomize_train_load_level": false,
    "fpem_random_load_level_seed": 20260727,
    "fpem_use_environment_gate": false,
    "fpem_environment_gate_hidden_dim": 64,
    "fpem_environment_gate_warmup_epochs": 5,
    "fpem_environment_gate_margin_relative": 0.01,
    "fpem_environment_gate_temperature": 0.05,
    "fpem_lambda_environment_gate": 1.0,
    "fpem_lambda_load_expert": 0.2,
    "fpem_conservative_inv_override": false,
    "fpem_override_margin": 0.0,
    "fpem_override_threshold": 0.5,
    "fpem_override_threshold_grid": "0.50,0.55,0.60,0.65,0.70,0.75,0.80,0.85,0.90,0.95",
    "fpem_override_margin_grid": "",
    "fpem_override_threshold_selection_split": "val",
    "fpem_override_weight_min": 0.0,
    "fpem_override_weight_max": 20.0,
    "fpem_harmful_switch_weight": 2.0,
    "fpem_override_router_loss_weight": 1.0,
    "fpem_counterfactual_risk_router": true,
    "fpem_counterfactual_risk_stage2_start_epoch": 20,
    "fpem_counterfactual_risk_regression_weight": 1.0,
    "fpem_counterfactual_risk_ranking_weight": 0.5,
    "fpem_counterfactual_risk_router_loss_weight": 1.0,
    "fpem_counterfactual_risk_weight_min": 0.0,
    "fpem_counterfactual_risk_weight_max": 20.0,
    "fpem_counterfactual_risk_ranking_temperature": 1.0,
    "fpem_use_env_supcon": false,
    "fpem_lambda_env_supcon": 0.0,
    "fpem_env_supcon_temperature": 0.1,
    "fpem_use_inv_projector": false,
    "fpem_use_inv_env_adversarial": false,
    "fpem_lambda_inv_env_adv": 0.0,
    "fpem_grl_alpha": 1.0,
    "fpem_env_route_head_mode": "hyper_inv_film_proto_input_add",
    "fpem_use_env_prototype_router": false,
    "fpem_env_route_target_mode": "prediction_oracle",
    "fpem_env_route_train_mode": "soft_oracle",
    "fpem_env_route_inference_mode": "mlp",
    "fpem_env_prototype_temperature": 1.0,
    "fpem_env_route_hybrid_alpha": 1.0,
    "fpem_env_route_hybrid_alpha_start": 1.0,
    "fpem_env_route_hybrid_alpha_end": 0.5,
    "fpem_env_route_hybrid_alpha_decay_epochs": 30,
    "fpem_use_sinkhorn_route": false,
    "fpem_force_uniform_route": false,
    "fpem_env_rep_ablation": "normal",
    "fpem_env_route_sinkhorn_tau": 1.0,
    "fpem_env_route_sinkhorn_iters": 5,
    "fpem_env_sinkhorn_prediction_alpha_start": 0.2,
    "fpem_env_sinkhorn_prediction_alpha_final": 1.0,
    "fpem_env_sinkhorn_environment_beta_start": 1.0,
    "fpem_env_sinkhorn_environment_beta_final": 0.2,
    "fpem_env_sinkhorn_schedule_start_epoch": 5,
    "fpem_env_sinkhorn_schedule_end_epoch": 15,
    "fpem_env_sinkhorn_temporal_lambda": 0.05,
    "fpem_env_sinkhorn_gaussian_ema": 0.05,
    "fpem_env_sinkhorn_gaussian_min_var": 0.0001,
    "fpem_sinkhorn_warmup_epochs": 10,
    "fpem_sinkhorn_soft_end_epoch": 20,
    "fpem_sinkhorn_temperature_start": 1.0,
    "fpem_sinkhorn_temperature_final": 0.3,
    "fpem_sinkhorn_lambda_common": 0.1,
    "fpem_risk_router_temperature": 1.0,
    "fpem_risk_router_lambda": 0.5,
    "fpem_risk_router_pairwise_lambda": 0.0,
    "fpem_env_teacher_ema_momentum": 0.995,
    "fpem_env_partition_start_epoch": 5,
    "fpem_env_partition_update_interval": 5,
    "fpem_env_partition_freeze_last_epochs": 15,
    "fpem_env_partition_max_batches": -1,
    "fpem_env_max_clusters": 6,
    "fpem_env_min_cluster_ratio": 0.08,
    "fpem_env_gmm_n_init": 10,
    "fpem_env_gmm_variance_floor": 0.0001,
    "fpem_env_progressive_lambda_common": 0.2,
    "fpem_env_cluster_compactness_lambda": 0.01,
    "fpem_env_cluster_consistency_lambda": 0.05,
    "fpem_env_split_perturb_std": 1e-05,
    "fpem_sinkhorn_iters": 3,
    "fpem_sinkhorn_epsilon": 0.05,
    "fpem_expert_uniform_warmup_epochs": 0,
    "fpem_env_route_balance_warmup_epochs": 0,
    "fpem_env_route_initial_temperature": 1.0,
    "fpem_env_route_final_temperature": 0.3,
    "fpem_use_cross_cov_sep": false,
    "fpem_lambda_cross_cov_sep": 0.0,
    "gci_edge_preserve_beta": 0.1,
    "gci_ridge": null,
    "scd_ridge": null,
    "gci_detach_target": null,
    "scd_detach_target": null,
    "scd_alignment_weight": null,
    "save_test_selected_checkpoints": false,
    "fpem_use_confounder_extractor": false,
    "fpem_use_env_mask": false,
    "fpem_confounder_use_mask": false,
    "fpem_lambda_mask_sparse": 0.0,
    "fpem_lambda_mask_entropy": 0.0,
    "fpem_lambda_inv_pred": 0.2,
    "fpem_use_env_route": true,
    "fpem_env_route_k": 1,
    "fpem_use_observable_load_prior": true,
    "fpem_observable_load_prior_cache": "/data/OuXiaoyu/STEVE_CODE/STEVE/data/NYCTaxi/observable_load_prior_k3_v1.npz",
    "fpem_observable_load_random_seed": 314159,
    "fpem_use_random_balanced_assignment": false,
    "fpem_hyper_alpha_mode": "fixed_one",
    "fpem_use_hard_environment_router": false,
    "fpem_hard_router_hidden_dim": 64,
    "fpem_hard_router_warmup_epochs": 0,
    "fpem_lambda_hard_router": 0.0,
    "fpem_env_route_use_inv_fallback_expert": false,
    "fpem_env_route_lambda_balance": 0.0,
    "fpem_env_route_lambda_diverse": 0.0,
    "fpem_env_route_lambda_proto_align": 0.0,
    "fpem_env_route_lambda_entropy": 0.0,
    "fpem_env_route_lambda_route_soft": 0.0,
    "fpem_use_future_mi": false,
    "fpem_lambda_future_mi": 0.0,
    "fpem_use_swap": false,
    "fpem_lambda_swap": 0.0,
    "fpem_use_club_mi": false,
    "fpem_lambda_club_mi": 0.0,
    "fpem_use_env_fusion": false,
    "fpem_use_grad_consensus": false,
    "fpem_gc_pred_loss_only": true,
    "git_commit": "1b38ed8",
    "log_dir": "/data/OuXiaoyu/STEVE_CODE/STEVE/experiments/NYCTaxi_TDS/fpem_agcrn_aligned_confounder_dep_norm_align_obs_k1_counterfactual_risk_router_period_context_0813_conf_scd_seed2024",
    "fpem_env_period_context_day_steps_resolved": 48,
    "fpem_env_period_context_week_steps_resolved": 336,
    "fpem_observable_load_prior_summary": {
      "path": "/data/OuXiaoyu/STEVE_CODE/STEVE/data/NYCTaxi/observable_load_prior_k3_v1.npz",
      "cache_version": 1,
      "created": false,
      "CP_shape": [
        200,
        2
      ],
      "CP_zero_count": 0,
      "thresholds": [
        0.165,
        0.20350000000000001
      ],
      "random_assignment_seed": 314159,
      "metadata": {
        "cache_version": 1,
        "formula": "c_obs=clip(ceil(5*x[:,-1]/CP),0,5); CP=max(train_x,axis=(0,1)); CP==0 -> c_obs=0",
        "load_score": "mean(c_obs/5 over nodes and channels)",
        "quantiles": [
          0.3333333333333333,
          0.6666666666666666
        ],
        "random_assignment_seed": 314159,
        "source_x_shapes": {
          "test": [
            546,
            35,
            200,
            2
          ],
          "train": [
            1912,
            35,
            200,
            2
          ],
          "val": [
            274,
            35,
            200,
            2
          ]
        },
        "threshold_fit_split": "train",
        "uses_stored_c": false,
        "uses_target_y": false
      },
      "splits": {
        "train": {
          "samples": 1912,
          "c_obs_shape": [
            1912,
            200,
            2
          ],
          "score_min": 0.005,
          "score_max": 0.32,
          "expert_counts": [
            639,
            636,
            637
          ],
          "random_expert_counts": [
            639,
            636,
            637
          ]
        },
        "val": {
          "samples": 274,
          "c_obs_shape": [
            274,
            200,
            2
          ],
          "score_min": 0.0925,
          "score_max": 0.311,
          "expert_counts": [
            73,
            81,
            120
          ],
          "random_expert_counts": [
            73,
            81,
            120
          ]
        },
        "test": {
          "samples": 546,
          "c_obs_shape": [
            546,
            200,
            2
          ],
          "score_min": 0.08850000000000001,
          "score_max": 0.331,
          "expert_counts": [
            125,
            183,
            238
          ],
          "random_expert_counts": [
            125,
            183,
            238
          ]
        }
      }
    },
    "fpem_load_level_thresholds": [],
    "fpem_load_level_train_counts": [
      1912
    ],
    "fpem_load_level_source": "cached c_obs=clip(ceil(5*x[:, -1]/train-only CP),0,5)",
    "fpem_load_level_threshold_fit_split": "raw train",
    "fpem_load_level_uses_target_or_future_load": false,
    "fpem_input_scaler_mean": 38.48429196519959,
    "fpem_input_scaler_std": 103.72333844876623
  },
  "counts": {
    "train_total": 1680,
    "train_workday": 1200,
    "train_holiday": 480,
    "train_workday_holiday_ratio": 2.5,
    "val_total": 274,
    "val_workday": 178,
    "val_holiday": 96,
    "test_total": 546,
    "test_workday": 354,
    "test_holiday": 192,
    "train_shuffle": true,
    "train_chronological_for_env_sinkhorn_temporal": false,
    "traffic_load_c_audit": {
      "ignored": true,
      "loaded_into_training_or_inference": false,
      "reason": "stored c is derived from future y[:,0]"
    },
    "observable_load_prior": {
      "path": "/data/OuXiaoyu/STEVE_CODE/STEVE/data/NYCTaxi/observable_load_prior_k3_v1.npz",
      "cache_version": 1,
      "created": false,
      "CP_shape": [
        200,
        2
      ],
      "CP_zero_count": 0,
      "thresholds": [
        0.165,
        0.20350000000000001
      ],
      "random_assignment_seed": 314159,
      "metadata": {
        "cache_version": 1,
        "formula": "c_obs=clip(ceil(5*x[:,-1]/CP),0,5); CP=max(train_x,axis=(0,1)); CP==0 -> c_obs=0",
        "load_score": "mean(c_obs/5 over nodes and channels)",
        "quantiles": [
          0.3333333333333333,
          0.6666666666666666
        ],
        "random_assignment_seed": 314159,
        "source_x_shapes": {
          "test": [
            546,
            35,
            200,
            2
          ],
          "train": [
            1912,
            35,
            200,
            2
          ],
          "val": [
            274,
            35,
            200,
            2
          ]
        },
        "threshold_fit_split": "train",
        "uses_stored_c": false,
        "uses_target_y": false
      },
      "splits": {
        "train": {
          "samples": 1912,
          "c_obs_shape": [
            1912,
            200,
            2
          ],
          "score_min": 0.005,
          "score_max": 0.32,
          "expert_counts": [
            639,
            636,
            637
          ],
          "random_expert_counts": [
            639,
            636,
            637
          ]
        },
        "val": {
          "samples": 274,
          "c_obs_shape": [
            274,
            200,
            2
          ],
          "score_min": 0.0925,
          "score_max": 0.311,
          "expert_counts": [
            73,
            81,
            120
          ],
          "random_expert_counts": [
            73,
            81,
            120
          ]
        },
        "test": {
          "samples": 546,
          "c_obs_shape": [
            546,
            200,
            2
          ],
          "score_min": 0.08850000000000001,
          "score_max": 0.331,
          "expert_counts": [
            125,
            183,
            238
          ],
          "random_expert_counts": [
            125,
            183,
            238
          ]
        }
      }
    },
    "load_level_source": "cached c_obs=clip(ceil(5*x[:, -1]/train-only CP),0,5)",
    "load_level_threshold_fit_split": "raw train",
    "load_level_thresholds": [],
    "load_level_train_counts": [
      1912
    ],
    "load_level_uses_target_or_future_load": false,
    "fpem_env_use_period_context": true,
    "fpem_env_period_context_day_steps": 48,
    "fpem_env_period_context_week_steps": 336,
    "fpem_env_period_context_train_day_coverage": 0.9748953974895398,
    "fpem_env_period_context_train_week_coverage": 0.8242677824267782,
    "fpem_env_period_context_val_day_coverage": 0.8248175182481752,
    "fpem_env_period_context_val_week_coverage": 0.0,
    "fpem_env_period_context_test_day_coverage": 0.9120879120879121,
    "fpem_env_period_context_test_week_coverage": 0.38461538461538464,
    "fpem_env_period_context_computed_before_subset": true,
    "fpem_env_period_context_index_source": "raw chronological split before train/test subsetting",
    "fpem_env_period_context_invalid_fill": "current_input"
  },
  "trainable_params": 866832,
  "frozen_params": 1625073,
  "optimizer_params": 866832,
  "resume_start_epoch": 1,
  "top_level_prediction_source": "counterfactual_risk_router_hard_argmin_test_diagnostic_best",
  "frozen_invariant_parameters": [
    "encoder_inv.node_embeddings",
    "encoder_inv.cells.0.gate.weights_pool",
    "encoder_inv.cells.0.gate.bias_pool",
    "encoder_inv.cells.0.update.weights_pool",
    "encoder_inv.cells.0.update.bias_pool",
    "encoder_inv.cells.1.gate.weights_pool",
    "encoder_inv.cells.1.gate.bias_pool",
    "encoder_inv.cells.1.update.weights_pool",
    "encoder_inv.cells.1.update.bias_pool",
    "tcl4h.weight",
    "tcl4h.bias",
    "invariant_predict_conv_2.weight",
    "invariant_predict_conv_2.bias"
  ],
  "trainable_invariant_parameters": [],
  "invariant_candidate_val": {
    "mae": 11.673948287963867,
    "mape": 0.18977294862270355
  }
}
EPOCH {"epoch": 1, "train_loss": 18.832950346810478, "val": {"loss": 12.379948457082113, "mae": 12.182567596435547, "mape": 0.23903611302375793}, "test_mixed": {"loss": NaN, "mae": NaN, "mape": NaN}, "test_workday": {"loss": NaN, "mae": NaN, "mape": NaN}, "test_holiday": {"loss": NaN, "mae": NaN, "mape": NaN}, "test_avg_mae": NaN, "best_selection_value": 12.379948457082113, "best_selection_split": "val", "best_selection_metric": "val_loss", "lr": 0.001, "fpem_logs": {"fpem/fpem_env_use_exogenous": 1.0, "fpem/env_exogenous_available": 1.0, "fpem/env_exogenous_time_available": 1.0, "fpem/env_exogenous_load_available": 1.0, "fpem/env_exogenous_feature_dim": 32.0, "fpem/env_exogenous_embedding_norm": 2.2806323573702856, "fpem/env_exogenous_load_embedding_norm": 1.4237754129228137, "fpem/fpem_env_use_period_context": 1.0, "fpem/env_period_context_available": 1.0, "fpem/env_period_day_available_ratio": 0.9732142857142857, "fpem/env_period_week_available_ratio": 0.8244047619047619, "fpem/env_period_context_feature_dim": 6.0, "fpem/env_period_context_scale": 0.10000000149011612, "fpem/env_period_context_delta_norm": 0.06818929314613342, "fpem/env_period_context_day_diff_norm": 0.1627270513347217, "fpem/env_period_context_week_diff_norm": 0.10188992722403435, "fpem/env_rep_ablation_normal": 1.0, "fpem/env_rep_ablation_zero": 0.0, "fpem/env_rep_ablation_shuffle_batch": 0.0, "fpem/env_rep_ablation_mode_id": 0.0, "fpem/mask_loss": 0.0, "fpem/mask_sparse_loss": 0.0, "fpem/mask_entropy_loss": 0.0, "fpem/mask_mean": 1.0, "fpem/mask_entropy": 0.0, "fpem/mask_active_ratio": 1.0, "fpem/fusion_alpha_mean": 0.0, "fpem/fusion_alpha_std": 0.0, "fpem/fusion_alpha_min": 0.0, "fpem/fusion_alpha_max": 0.0, "fpem/env_route_loss": 3.1815623079027446, "fpem/env_route_L_final": 15.65138798668271, "fpem/env_route_L_global": 0.0, "fpem/env_route_L_route_soft": 0.0, "fpem/env_route_L_expert": 15.90781124659947, "fpem/env_route_L_router_oracle": 0.0, "fpem/env_route_L_balance": 0.0, "fpem/env_route_L_diverse": 0.0, "fpem/env_route_L_proto_align": 0.0, "fpem/env_route_entropy": 0.0, "fpem/env_route_q_max_mean": 0.0, "fpem/hyper_alpha_mean": 0.0, "fpem/hyper_delta_norm": 0.0, "fpem/hyper_route_proto_mode_uniform_warmup": 0.0, "fpem/hyper_route_proto_mode_uniform_fixed": 0.0, "fpem/hyper_route_proto_mode_sinkhorn": 0.0, "fpem/hyper_route_proto_mode_softmax": 0.0, "fpem/fallback_q_mean": 0.0, "fpem/fallback_q_max": 0.0, "fpem/env_q_sum_mean": 1.0, "fpem/oracle_fallback_rate": 0.0, "fpem/route_count_fallback": 0.0, "fpem/env_route_head_mode": 1.0, "fpem/route_entropy_mean": 0.0, "fpem/route_mean_distribution_entropy": 0.0, "fpem/effective_expert_number": 1.0, "fpem/max_expert_usage_ratio": 0.0, "fpem/min_expert_usage_ratio": 0.0, "fpem/prototype_pairwise_cosine": 0.0, "fpem/expert_prediction_pairwise_cosine": 0.0, "fpem/expert_collapse_warning": 0.0, "fpem/env_route_target_mode_env_prototype": 0.0, "fpem/env_route_target_mode_hybrid": 0.0, "fpem/env_route_hybrid_alpha": 0.0, "fpem/env_route_train_mode_warmup_risk_sinkhorn": 0.0, "fpem/warmup_risk_stage_warmup": 0.0, "fpem/warmup_risk_stage_soft": 0.0, "fpem/warmup_risk_stage_hard": 0.0, "fpem/warmup_risk_selected_loss": 0.0, "fpem/warmup_risk_uniform_common_loss": 0.0, "fpem/warmup_risk_lambda_common": 0.0, "fpem/warmup_risk_total_common_term": 0.0, "fpem/warmup_risk_temperature": 0.0, "fpem/warmup_risk_temperature_progress": 0.0, "fpem/uniform_expert_mae": 0.0, "fpem/risk_routed_mae": 0.0, "fpem/risk_prediction_mae": 0.0, "fpem/risk_loss": 0.0, "fpem/risk_ranking_loss": 0.0, "fpem/risk_ranking_accuracy": 0.0, "fpem/risk_oracle_argmin_accuracy": 0.0, "fpem/risk_router_temperature": 0.0, "fpem/risk_router_lambda": 0.0, "fpem/risk_router_pairwise_lambda": 0.0, "fpem/env_route_train_mode_progressive_gmm_environment": 0.0, "fpem/top_level_prediction_source_progressive_gmm_teacher_hard": 0.0, "fpem/progressive_assignment_uses_target_or_prediction_error": 0.0, "fpem/progressive_partition_ready": 0.0, "fpem/progressive_selected_k": 0.0, "fpem/progressive_active_expert_count": 0.0, "fpem/progressive_last_partition_epoch": 0.0, "fpem/progressive_lambda_common": 0.0, "fpem/progressive_common_term": 0.0, "fpem/progressive_compactness_loss": 0.0, "fpem/progressive_consistency_loss": 0.0, "fpem/progressive_cluster_entropy": 0.0, "fpem/progressive_assignment_change_ratio": 0.0, "fpem/progressive_hungarian_overlap_score": 0.0, "fpem/progressive_partition_update_time_sec": 0.0, "fpem/progressive_routed_mae": 0.0, "fpem/progressive_gmm_environment_total_replaces_primary": 0.0, "fpem/env_route_count_head_0": 16.0, "fpem/env_route_oracle_count_head_0": 16.0, "fpem/route_count_env_head_0": 16.0, "fpem/route_soft_mean_expert_0": 1.0, "fpem/route_hard_count_expert_0": 16.0, "fpem/hard_count_expert_0": 16.0, "fpem/sinkhorn_soft_col_mass_expert_0": 0.0, "fpem/progressive_active_expert_0": 0.0, "fpem/progressive_cluster_size_0": 0.0, "fpem/progressive_cluster_ratio_0": 0.0, "fpem/progressive_cluster_to_expert_0": 0.0, "fpem/progressive_bic_k1": 0.0, "fpem/progressive_bic_score_k1": 0.0, "fpem/progressive_bic_rejected_k1": 0.0, "fpem/hyper_alpha_head_0": 0.0, "fpem/hyper_gamma_norm_head_0": 0.0, "fpem/hyper_beta_norm_head_0": 0.0, "fpem/expert_cross_mae_group_0_expert_0": 15.90781124659947, "fpem/load_expert_loss": 15.90781124659947, "fpem/counterfactual_risk_router_loss": 0.0, "fpem/counterfactual_risk_regression_loss": 12.195944086710613, "fpem/counterfactual_risk_ranking_loss": 2.6847207092103504, "fpem/load_level_assignment_detached": 1.0, "fpem/load_level_count_0": 1680.0, "fpem/load_level_ratio_0": 1.0, "fpem/expert_0_global_loss": 15.90781124659947, "fpem/expert_0_selected_loss": 15.90781124659947, "fpem/counterfactual_risk_stage2_active": 0.0, "fpem/counterfactual_risk_stage2_start_epoch": 20.0, "fpem/counterfactual_risk_all_environment_mae": 15.90781124659947, "fpem/counterfactual_risk_all_invariant_mae": 9.662237498873756, "fpem/counterfactual_risk_routed_mae": 15.90781124659947, "fpem/counterfactual_risk_oracle_mae": 9.650188200814384, "fpem/counterfactual_risk_router_accuracy": 0.050595238095238096, "fpem/counterfactual_risk_router_balanced_accuracy": 0.19047619047619047, "fpem/counterfactual_risk_inv_route_ratio": 0.0, "fpem/counterfactual_risk_env_route_ratio": 1.0, "fpem/counterfactual_risk_inv_switch_precision": 0.0, "fpem/counterfactual_risk_correct_inv_switches": 0.0, "fpem/counterfactual_risk_harmful_inv_switches": 0.0, "fpem/counterfactual_risk_saved_loss": 0.0, "fpem/counterfactual_risk_added_loss": 0.0, "fpem/counterfactual_risk_net_gain": 0.0, "fpem/counterfactual_risk_regret": 6.257623036702474, "fpem/counterfactual_risk_oracle_gap_closed": 0.0, "fpem/counterfactual_risk_delta_mean": 6.245573776676541, "fpem/counterfactual_risk_target_inv_ratio": 0.9494047619047619, "fpem/counterfactual_risk_weight_env_sum": 2.8952380770728703, "fpem/counterfactual_risk_weight_inv_sum": 12.952380825224378, "fpem/counterfactual_risk_prediction_is_hard_route": 1.0, "fpem/counterfactual_risk_prediction_is_soft_fusion": 0.0, "fpem/counterfactual_risk_target_detached": 1.0, "fpem/counterfactual_risk_uses_threshold": 0.0, "fpem/counterfactual_risk_all_samples_used_for_router": 1.0, "fpem/hard_router_predicted_env_ratio": 1.0, "fpem/hard_router_effective_env_ratio": 1.0, "fpem/hard_router_target_env_ratio": 0.050595238095238096, "fpem/hard_router_gain_mean": 6.245573776676541, "fpem/expert_prediction_pairwise_difference": 0.0, "fpem/delta_pairwise_cosine": 0.0, "fpem/delta_pairwise_l1": 0.0, "fpem/delta_pairwise_l2": 0.0, "fpem/expert_0_parameter_norm": 14.838128089904785, "fpem/hard_binary_router_enabled": 0.0, "fpem/hard_router_uses_target_in_forward": 0.0, "fpem/stored_future_c_loaded": 0.0, "fpem/prediction_is_weighted_complete_fusion": 0.0, "fpem/prediction_is_hard_route": 1.0, "fpem/conservative_inv_override_enabled": 0.0, "fpem/conservative_router_features_detached": 1.0, "fpem/counterfactual_risk_router_enabled": 1.0, "fpem/counterfactual_risk_stage2_active_forward": 0.0, "fpem/counterfactual_risk_deploy_route_active": 0.0, "fpem/counterfactual_risk_training_uses_route": 0.0, "fpem/counterfactual_risk_forward_uses_threshold": 0.0, "fpem/future_mi_loss": 0.0, "fpem/future_mi_valid": 0.0, "fpem/future_mi_logvar_mean": 0.0, "fpem/future_mi_target_mode_env_encoder": 0.0, "fpem/swap_loss": 0.0, "fpem/swap_diff_loss": 0.0, "fpem/swap_same_loss": 0.0, "fpem/swap_gain_mean": 0.0, "fpem/swap_s_gain_mean": 0.0, "fpem/swap_fallback_router_loss": 0.0, "fpem/swap_fallback_q_mean": 0.0, "fpem/swap_prediction_delta": 0.0, "fpem/swap_route_delta": 0.0, "fpem/swap_hyper_alpha_delta": 0.0, "fpem/swap_hyper_delta_norm": 0.0, "fpem/loss_env_day": 0.0, "fpem/loss_env_hour": 0.0, "fpem/loss_env_rush": 0.0, "fpem/env_day_acc": 0.0, "fpem/env_hour_acc": 0.0, "fpem/env_rush_acc": 0.0, "fpem/loss_env_supcon": 0.0, "fpem/env_supcon_valid_pairs": 0.0, "fpem/loss_inv_env_adv": 0.0, "fpem/inv_day_acc": 0.0, "fpem/inv_hour_acc": 0.0, "fpem/inv_rush_acc": 0.0, "fpem/loss_cross_cov_sep": 0.0, "fpem/confounder_dep_enabled": 1.0, "fpem/confounder_dep_mode_gci": 0.0, "fpem/confounder_dep_mode_scd": 1.0, "fpem/confounder_dep_mode_both": 0.0, "fpem/confounder_dep_total": 0.0, "fpem/loss_gci": 0.0, "fpem/loss_gci_drop": 0.0, "fpem/loss_gci_keep": 0.0, "fpem/loss_gci_graph_align": 0.0, "fpem/loss_scd": 0.1267779863661244, "fpem/loss_conf_kl": 0.18037932032630558, "fpem/effective_gci_weight": 0.0, "fpem/effective_gci_graph_align_weight": 0.10000000149011612, "fpem/effective_scd_weight": 0.0, "fpem/effective_conf_kl_weight": 0.0, "fpem/confounder_dep_ramp_factor": 0.0, "fpem/C_mean": 0.03159554957279137, "fpem/C_std": 1.047633479322706, "fpem/C_norm": 2.887846528916132, "fpem/confounder_token_norm": 7.969185547601609, "fpem/confounder_variational": 1.0, "fpem/confounder_projection_trace": 7.998721263522193, "fpem/confounder_projection_ridge": 0.0010000000474974513, "fpem/confounder_projection_rank_dim": 8.0, "fpem/confounder_projection_calls": 1.0, "fpem/confounder_dep_detach_target": 1.0, "fpem/gci_nonedge_mass_before_C": 0.0, "fpem/gci_nonedge_mass_after_C": 0.0, "fpem/gci_nonedge_mass_reduction": 0.0, "fpem/gci_relative_violation": 0.0, "fpem/gci_edge_before_C": 0.0, "fpem/gci_edge_after_C": 0.0, "fpem/gci_nonedge_conn_before_C": 0.0, "fpem/gci_nonedge_conn_after_C": 0.0, "fpem/gci_nonedge_conn_reduction": 0.0, "fpem/gci_edge_conn_before_C": 0.0, "fpem/gci_edge_conn_after_C": 0.0, "fpem/gci_edge_conn_reduction": 0.0, "fpem/gci_nonedge_dep_before_C": 0.0, "fpem/gci_nonedge_dep_after_C": 0.0, "fpem/gci_nonedge_dep_reduction": 0.0, "fpem/gci_edge_dep_before_C": 0.0, "fpem/gci_edge_dep_after_C": 0.0, "fpem/gci_nonedge_count": 0.0, "fpem/gci_edge_count": 0.0, "fpem/gci_node_count": 0.0, "fpem/gci_node_vector_dim": 0.0, "fpem/gci_graph_embed_dim": 0.0, "fpem/gci_graph_embedding_norm_before": 0.0, "fpem/gci_graph_embedding_norm_after": 0.0, "fpem/gci_graph_embedding_std_before": 0.0, "fpem/gci_graph_embedding_std_after": 0.0, "fpem/gci_graph_adj_mean_before": 0.0, "fpem/gci_graph_adj_mean_after": 0.0, "fpem/gci_graph_adj_std_before": 0.0, "fpem/gci_graph_adj_std_after": 0.0, "fpem/gci_graph_align_weight": 0.0, "fpem/gci_graph_align_raw_mse": 0.0, "fpem/gci_graph_align_normalized": 0.0, "fpem/gci_edge_preserve_beta": 0.0, "fpem/gci_graph_align_target_available": 0.0, "fpem/gci_target_adj_mean": 0.0, "fpem/gci_target_adj_std": 0.0, "fpem/gci_target_edge_mean": 0.0, "fpem/gci_target_nonedge_mean": 0.0, "fpem/gci_target_diag_mean": 0.0, "fpem/gci_graph_align_updates_agcrn": 0.0, "fpem/gci_updates_graph_linear": 0.0, "fpem/gci_graph_construction_agcrn_softmax": 0.0, "fpem/scd_assoc_before_C": 0.2983798383247285, "fpem/scd_assoc_after_C": 0.2930153914860317, "fpem/scd_assoc_reduction": 0.005364446838696798, "fpem/scd_relative_violation": 0.1267779863661244, "fpem/sample_assoc_before_C": 0.2983798383247285, "fpem/sample_assoc_after_C": 0.2930153914860317, "fpem/sample_assoc_reduction": 0.005364446838696798, "fpem/sample_dep_before_C": 0.2983798383247285, "fpem/sample_dep_after_C": 0.2930153914860317, "fpem/sample_dep_reduction": 0.005364446838696798, "fpem/scd_batch_size": 16.0, "fpem/scd_sample_vector_dim": 448000.0, "fpem/sample_kernel_alignment": 0.0, "fpem/scd_alignment_loss": 0.0, "fpem/load_level_experts_enabled": 1.0, "fpem/load_level_uses_target_or_future_load": 0.0, "fpem/environment_gate_uses_target_in_forward": 0.0, "fpem/load_level_env_residual_scale": 0.0, "fpem/uses_cached_observable_load_prior": 1.0, "fpem/primary_loss": 15.65138798668271, "fpem/inv_pred_loss": 9.213609827132451, "fpem/primary_uses_route": 1.0, "fpem/primary_uses_env_fusion": 0.0, "fpem/backbone_agcrn": 1.0, "fpem/backbone_graphwavenet": 0.0, "fpem/backbone_staeformer": 0.0, "fpem/gc_pred_loss_only": 1.0, "fpem/env_route_head_mode_hyper_proto": 1.0, "fpem/fpem_force_uniform_route": 0.0, "fpem/hard_prediction_sinkhorn_total_replaces_primary": 0.0, "fpem/hard_prediction_environment_sinkhorn_total_replaces_primary": 0.0, "fpem/warmup_risk_sinkhorn_total_replaces_primary": 0.0, "fpem/lambda_club_mi": 0.0}}
EPOCH {"epoch": 2, "train_loss": 11.74407171521868, "val": {"loss": 12.080306318071154, "mae": 11.866851806640625, "mape": 0.20136970281600952}, "test_mixed": {"loss": NaN, "mae": NaN, "mape": NaN}, "test_workday": {"loss": NaN, "mae": NaN, "mape": NaN}, "test_holiday": {"loss": NaN, "mae": NaN, "mape": NaN}, "test_avg_mae": NaN, "best_selection_value": 12.080306318071154, "best_selection_split": "val", "best_selection_metric": "val_loss", "lr": 0.001, "fpem_logs": {"fpem/fpem_env_use_exogenous": 1.0, "fpem/env_exogenous_available": 1.0, "fpem/env_exogenous_time_available": 1.0, "fpem/env_exogenous_load_available": 1.0, "fpem/env_exogenous_feature_dim": 32.0, "fpem/env_exogenous_embedding_norm": 2.2912878536042713, "fpem/env_exogenous_load_embedding_norm": 1.4440567720504034, "fpem/fpem_env_use_period_context": 1.0, "fpem/env_period_context_available": 1.0, "fpem/env_period_day_available_ratio": 0.9732142857142857, "fpem/env_period_week_available_ratio": 0.8244047619047619, "fpem/env_period_context_feature_dim": 6.0, "fpem/env_period_context_scale": 0.10000000149011612, "fpem/env_period_context_delta_norm": 0.08143953851291112, "fpem/env_period_context_day_diff_norm": 0.1627270514056796, "fpem/env_period_context_week_diff_norm": 0.10188992640801839, "fpem/env_rep_ablation_normal": 1.0, "fpem/env_rep_ablation_zero": 0.0, "fpem/env_rep_ablation_shuffle_batch": 0.0, "fpem/env_rep_ablation_mode_id": 0.0, "fpem/mask_loss": 0.0, "fpem/mask_sparse_loss": 0.0, "fpem/mask_entropy_loss": 0.0, "fpem/mask_mean": 1.0, "fpem/mask_entropy": 0.0, "fpem/mask_active_ratio": 1.0, "fpem/fusion_alpha_mean": 0.0, "fpem/fusion_alpha_std": 0.0, "fpem/fusion_alpha_min": 0.0, "fpem/fusion_alpha_max": 0.0, "fpem/env_route_loss": 2.0179683083579656, "fpem/env_route_L_final": 9.726103410266695, "fpem/env_route_L_global": 0.0, "fpem/env_route_L_route_soft": 0.0, "fpem/env_route_L_expert": 10.089841397603353, "fpem/env_route_L_router_oracle": 0.0, "fpem/env_route_L_balance": 0.0, "fpem/env_route_L_diverse": 0.0, "fpem/env_route_L_proto_align": 0.0, "fpem/env_route_entropy": 0.0, "fpem/env_route_q_max_mean": 0.0, "fpem/hyper_alpha_mean": 0.0, "fpem/hyper_delta_norm": 0.0, "fpem/hyper_route_proto_mode_uniform_warmup": 0.0, "fpem/hyper_route_proto_mode_uniform_fixed": 0.0, "fpem/hyper_route_proto_mode_sinkhorn": 0.0, "fpem/hyper_route_proto_mode_softmax": 0.0, "fpem/fallback_q_mean": 0.0, "fpem/fallback_q_max": 0.0, "fpem/env_q_sum_mean": 1.0, "fpem/oracle_fallback_rate": 0.0, "fpem/route_count_fallback": 0.0, "fpem/env_route_head_mode": 1.0, "fpem/route_entropy_mean": 0.0, "fpem/route_mean_distribution_entropy": 0.0, "fpem/effective_expert_number": 1.0, "fpem/max_expert_usage_ratio": 0.0, "fpem/min_expert_usage_ratio": 0.0, "fpem/prototype_pairwise_cosine": 0.0, "fpem/expert_prediction_pairwise_cosine": 0.0, "fpem/expert_collapse_warning": 0.0, "fpem/env_route_target_mode_env_prototype": 0.0, "fpem/env_route_target_mode_hybrid": 0.0, "fpem/env_route_hybrid_alpha": 0.0, "fpem/env_route_train_mode_warmup_risk_sinkhorn": 0.0, "fpem/warmup_risk_stage_warmup": 0.0, "fpem/warmup_risk_stage_soft": 0.0, "fpem/warmup_risk_stage_hard": 0.0, "fpem/warmup_risk_selected_loss": 0.0, "fpem/warmup_risk_uniform_common_loss": 0.0, "fpem/warmup_risk_lambda_common": 0.0, "fpem/warmup_risk_total_common_term": 0.0, "fpem/warmup_risk_temperature": 0.0, "fpem/warmup_risk_temperature_progress": 0.0, "fpem/uniform_expert_mae": 0.0, "fpem/risk_routed_mae": 0.0, "fpem/risk_prediction_mae": 0.0, "fpem/risk_loss": 0.0, "fpem/risk_ranking_loss": 0.0, "fpem/risk_ranking_accuracy": 0.0, "fpem/risk_oracle_argmin_accuracy": 0.0, "fpem/risk_router_temperature": 0.0, "fpem/risk_router_lambda": 0.0, "fpem/risk_router_pairwise_lambda": 0.0, "fpem/env_route_train_mode_progressive_gmm_environment": 0.0, "fpem/top_level_prediction_source_progressive_gmm_teacher_hard": 0.0, "fpem/progressive_assignment_uses_target_or_prediction_error": 0.0, "fpem/progressive_partition_ready": 0.0, "fpem/progressive_selected_k": 0.0, "fpem/progressive_active_expert_count": 0.0, "fpem/progressive_last_partition_epoch": 0.0, "fpem/progressive_lambda_common": 0.0, "fpem/progressive_common_term": 0.0, "fpem/progressive_compactness_loss": 0.0, "fpem/progressive_consistency_loss": 0.0, "fpem/progressive_cluster_entropy": 0.0, "fpem/progressive_assignment_change_ratio": 0.0, "fpem/progressive_hungarian_overlap_score": 0.0, "fpem/progressive_partition_update_time_sec": 0.0, "fpem/progressive_routed_mae": 0.0, "fpem/progressive_gmm_environment_total_replaces_primary": 0.0, "fpem/env_route_count_head_0": 16.0, "fpem/env_route_oracle_count_head_0": 16.0, "fpem/route_count_env_head_0": 16.0, "fpem/route_soft_mean_expert_0": 1.0, "fpem/route_hard_count_expert_0": 16.0, "fpem/hard_count_expert_0": 16.0, "fpem/sinkhorn_soft_col_mass_expert_0": 0.0, "fpem/progressive_active_expert_0": 0.0, "fpem/progressive_cluster_size_0": 0.0, "fpem/progressive_cluster_ratio_0": 0.0, "fpem/progressive_cluster_to_expert_0": 0.0, "fpem/progressive_bic_k1": 0.0, "fpem/progressive_bic_score_k1": 0.0, "fpem/progressive_bic_rejected_k1": 0.0, "fpem/hyper_alpha_head_0": 0.0, "fpem/hyper_gamma_norm_head_0": 0.0, "fpem/hyper_beta_norm_head_0": 0.0, "fpem/expert_cross_mae_group_0_expert_0": 10.089841397603353, "fpem/load_expert_loss": 10.089841397603353, "fpem/counterfactual_risk_router_loss": 0.0, "fpem/counterfactual_risk_regression_loss": 9.473334457760766, "fpem/counterfactual_risk_ranking_loss": 1.797217415627979, "fpem/load_level_assignment_detached": 1.0, "fpem/load_level_count_0": 1680.0, "fpem/load_level_ratio_0": 1.0, "fpem/expert_0_global_loss": 10.089841397603353, "fpem/expert_0_selected_loss": 10.089841397603353, "fpem/counterfactual_risk_stage2_active": 0.0, "fpem/counterfactual_risk_stage2_start_epoch": 20.0, "fpem/counterfactual_risk_all_environment_mae": 10.089841397603353, "fpem/counterfactual_risk_all_invariant_mae": 9.662237521580288, "fpem/counterfactual_risk_routed_mae": 10.089841397603353, "fpem/counterfactual_risk_oracle_mae": 9.584788186209542, "fpem/counterfactual_risk_router_accuracy": 0.28273809523809523, "fpem/counterfactual_risk_router_balanced_accuracy": 0.4666666666666667, "fpem/counterfactual_risk_inv_route_ratio": 0.0, "fpem/counterfactual_risk_env_route_ratio": 1.0, "fpem/counterfactual_risk_inv_switch_precision": 0.0, "fpem/counterfactual_risk_correct_inv_switches": 0.0, "fpem/counterfactual_risk_harmful_inv_switches": 0.0, "fpem/counterfactual_risk_saved_loss": 0.0, "fpem/counterfactual_risk_added_loss": 0.0, "fpem/counterfactual_risk_net_gain": 0.0, "fpem/counterfactual_risk_regret": 0.5050532113938104, "fpem/counterfactual_risk_oracle_gap_closed": 0.0, "fpem/counterfactual_risk_delta_mean": 0.42760388496376217, "fpem/counterfactual_risk_target_inv_ratio": 0.7172619047619048, "fpem/counterfactual_risk_weight_env_sum": 7.238095201764788, "fpem/counterfactual_risk_weight_inv_sum": 8.533333247048514, "fpem/counterfactual_risk_prediction_is_hard_route": 1.0, "fpem/counterfactual_risk_prediction_is_soft_fusion": 0.0, "fpem/counterfactual_risk_target_detached": 1.0, "fpem/counterfactual_risk_uses_threshold": 0.0, "fpem/counterfactual_risk_all_samples_used_for_router": 1.0, "fpem/hard_router_predicted_env_ratio": 1.0, "fpem/hard_router_effective_env_ratio": 1.0, "fpem/hard_router_target_env_ratio": 0.28273809523809523, "fpem/hard_router_gain_mean": 0.42760388496376217, "fpem/expert_prediction_pairwise_difference": 0.0, "fpem/delta_pairwise_cosine": 0.0, "fpem/delta_pairwise_l1": 0.0, "fpem/delta_pairwise_l2": 0.0, "fpem/expert_0_parameter_norm": 14.830051930745443, "fpem/hard_binary_router_enabled": 0.0, "fpem/hard_router_uses_target_in_forward": 0.0, "fpem/stored_future_c_loaded": 0.0, "fpem/prediction_is_weighted_complete_fusion": 0.0, "fpem/prediction_is_hard_route": 1.0, "fpem/conservative_inv_override_enabled": 0.0, "fpem/conservative_router_features_detached": 1.0, "fpem/counterfactual_risk_router_enabled": 1.0, "fpem/counterfactual_risk_stage2_active_forward": 0.0, "fpem/counterfactual_risk_deploy_route_active": 0.0, "fpem/counterfactual_risk_training_uses_route": 0.0, "fpem/counterfactual_risk_forward_uses_threshold": 0.0, "fpem/future_mi_loss": 0.0, "fpem/future_mi_valid": 0.0, "fpem/future_mi_logvar_mean": 0.0, "fpem/future_mi_target_mode_env_encoder": 0.0, "fpem/swap_loss": 0.0, "fpem/swap_diff_loss": 0.0, "fpem/swap_same_loss": 0.0, "fpem/swap_gain_mean": 0.0, "fpem/swap_s_gain_mean": 0.0, "fpem/swap_fallback_router_loss": 0.0, "fpem/swap_fallback_q_mean": 0.0, "fpem/swap_prediction_delta": 0.0, "fpem/swap_route_delta": 0.0, "fpem/swap_hyper_alpha_delta": 0.0, "fpem/swap_hyper_delta_norm": 0.0, "fpem/loss_env_day": 0.0, "fpem/loss_env_hour": 0.0, "fpem/loss_env_rush": 0.0, "fpem/env_day_acc": 0.0, "fpem/env_hour_acc": 0.0, "fpem/env_rush_acc": 0.0, "fpem/loss_env_supcon": 0.0, "fpem/env_supcon_valid_pairs": 0.0, "fpem/loss_inv_env_adv": 0.0, "fpem/inv_day_acc": 0.0, "fpem/inv_hour_acc": 0.0, "fpem/inv_rush_acc": 0.0, "fpem/loss_cross_cov_sep": 0.0, "fpem/confounder_dep_enabled": 1.0, "fpem/confounder_dep_mode_gci": 0.0, "fpem/confounder_dep_mode_scd": 1.0, "fpem/confounder_dep_mode_both": 0.0, "fpem/confounder_dep_total": 0.0, "fpem/loss_gci": 0.0, "fpem/loss_gci_drop": 0.0, "fpem/loss_gci_keep": 0.0, "fpem/loss_gci_graph_align": 0.0, "fpem/loss_scd": 0.1242654137313366, "fpem/loss_conf_kl": 0.19397976057870048, "fpem/effective_gci_weight": 0.0, "fpem/effective_gci_graph_align_weight": 0.10000000149011612, "fpem/effective_scd_weight": 0.0, "fpem/effective_conf_kl_weight": 0.0, "fpem/confounder_dep_ramp_factor": 0.0, "fpem/C_mean": 0.05973942774747099, "fpem/C_std": 1.0428858785402206, "fpem/C_norm": 2.8758919693174816, "fpem/confounder_token_norm": 7.985604785737538, "fpem/confounder_variational": 1.0, "fpem/confounder_projection_trace": 7.998737176259358, "fpem/confounder_projection_ridge": 0.0010000000474974513, "fpem/confounder_projection_rank_dim": 8.0, "fpem/confounder_projection_calls": 1.0, "fpem/confounder_dep_detach_target": 1.0, "fpem/gci_nonedge_mass_before_C": 0.0, "fpem/gci_nonedge_mass_after_C": 0.0, "fpem/gci_nonedge_mass_reduction": 0.0, "fpem/gci_relative_violation": 0.0, "fpem/gci_edge_before_C": 0.0, "fpem/gci_edge_after_C": 0.0, "fpem/gci_nonedge_conn_before_C": 0.0, "fpem/gci_nonedge_conn_after_C": 0.0, "fpem/gci_nonedge_conn_reduction": 0.0, "fpem/gci_edge_conn_before_C": 0.0, "fpem/gci_edge_conn_after_C": 0.0, "fpem/gci_edge_conn_reduction": 0.0, "fpem/gci_nonedge_dep_before_C": 0.0, "fpem/gci_nonedge_dep_after_C": 0.0, "fpem/gci_nonedge_dep_reduction": 0.0, "fpem/gci_edge_dep_before_C": 0.0, "fpem/gci_edge_dep_after_C": 0.0, "fpem/gci_nonedge_count": 0.0, "fpem/gci_edge_count": 0.0, "fpem/gci_node_count": 0.0, "fpem/gci_node_vector_dim": 0.0, "fpem/gci_graph_embed_dim": 0.0, "fpem/gci_graph_embedding_norm_before": 0.0, "fpem/gci_graph_embedding_norm_after": 0.0, "fpem/gci_graph_embedding_std_before": 0.0, "fpem/gci_graph_embedding_std_after": 0.0, "fpem/gci_graph_adj_mean_before": 0.0, "fpem/gci_graph_adj_mean_after": 0.0, "fpem/gci_graph_adj_std_before": 0.0, "fpem/gci_graph_adj_std_after": 0.0, "fpem/gci_graph_align_weight": 0.0, "fpem/gci_graph_align_raw_mse": 0.0, "fpem/gci_graph_align_normalized": 0.0, "fpem/gci_edge_preserve_beta": 0.0, "fpem/gci_graph_align_target_available": 0.0, "fpem/gci_target_adj_mean": 0.0, "fpem/gci_target_adj_std": 0.0, "fpem/gci_target_edge_mean": 0.0, "fpem/gci_target_nonedge_mean": 0.0, "fpem/gci_target_diag_mean": 0.0, "fpem/gci_graph_align_updates_agcrn": 0.0, "fpem/gci_updates_graph_linear": 0.0, "fpem/gci_graph_construction_agcrn_softmax": 0.0, "fpem/scd_assoc_before_C": 0.27640129512264616, "fpem/scd_assoc_after_C": 0.277873845469384, "fpem/scd_assoc_reduction": -0.0014725503467378162, "fpem/scd_relative_violation": 0.1242654137313366, "fpem/sample_assoc_before_C": 0.27640129512264616, "fpem/sample_assoc_after_C": 0.277873845469384, "fpem/sample_assoc_reduction": -0.0014725503467378162, "fpem/sample_dep_before_C": 0.27640129512264616, "fpem/sample_dep_after_C": 0.277873845469384, "fpem/sample_dep_reduction": -0.0014725503467378162, "fpem/scd_batch_size": 16.0, "fpem/scd_sample_vector_dim": 448000.0, "fpem/sample_kernel_alignment": 0.0, "fpem/scd_alignment_loss": 0.0, "fpem/load_level_experts_enabled": 1.0, "fpem/load_level_uses_target_or_future_load": 0.0, "fpem/environment_gate_uses_target_in_forward": 0.0, "fpem/load_level_env_residual_scale": 0.0, "fpem/uses_cached_observable_load_prior": 1.0, "fpem/primary_loss": 9.726103410266695, "fpem/inv_pred_loss": 9.217813005901519, "fpem/primary_uses_route": 1.0, "fpem/primary_uses_env_fusion": 0.0, "fpem/backbone_agcrn": 1.0, "fpem/backbone_graphwavenet": 0.0, "fpem/backbone_staeformer": 0.0, "fpem/gc_pred_loss_only": 1.0, "fpem/env_route_head_mode_hyper_proto": 1.0, "fpem/fpem_force_uniform_route": 0.0, "fpem/hard_prediction_sinkhorn_total_replaces_primary": 0.0, "fpem/hard_prediction_environment_sinkhorn_total_replaces_primary": 0.0, "fpem/warmup_risk_sinkhorn_total_replaces_primary": 0.0, "fpem/lambda_club_mi": 0.0}}
EPOCH {"epoch": 3, "train_loss": 10.576363118489583, "val": {"loss": 11.917719788021511, "mae": 11.70785140991211, "mape": 0.19208118319511414}, "test_mixed": {"loss": NaN, "mae": NaN, "mape": NaN}, "test_workday": {"loss": NaN, "mae": NaN, "mape": NaN}, "test_holiday": {"loss": NaN, "mae": NaN, "mape": NaN}, "test_avg_mae": NaN, "best_selection_value": 11.917719788021511, "best_selection_split": "val", "best_selection_metric": "val_loss", "lr": 0.001, "fpem_logs": {"fpem/fpem_env_use_exogenous": 1.0, "fpem/env_exogenous_available": 1.0, "fpem/env_exogenous_time_available": 1.0, "fpem/env_exogenous_load_available": 1.0, "fpem/env_exogenous_feature_dim": 32.0, "fpem/env_exogenous_embedding_norm": 2.3334206263224284, "fpem/env_exogenous_load_embedding_norm": 1.4990184613636561, "fpem/fpem_env_use_period_context": 1.0, "fpem/env_period_context_available": 1.0, "fpem/env_period_day_available_ratio": 0.9732142857142857, "fpem/env_period_week_available_ratio": 0.8244047619047619, "fpem/env_period_context_feature_dim": 6.0, "fpem/env_period_context_scale": 0.10000000149011612, "fpem/env_period_context_delta_norm": 0.1245446679138002, "fpem/env_period_context_day_diff_norm": 0.16272705218621664, "fpem/env_period_context_week_diff_norm": 0.1018899265499342, "fpem/env_rep_ablation_normal": 1.0, "fpem/env_rep_ablation_zero": 0.0, "fpem/env_rep_ablation_shuffle_batch": 0.0, "fpem/env_rep_ablation_mode_id": 0.0, "fpem/mask_loss": 0.0, "fpem/mask_sparse_loss": 0.0, "fpem/mask_entropy_loss": 0.0, "fpem/mask_mean": 1.0, "fpem/mask_entropy": 0.0, "fpem/mask_active_ratio": 1.0, "fpem/fusion_alpha_mean": 0.0, "fpem/fusion_alpha_std": 0.0, "fpem/fusion_alpha_min": 0.0, "fpem/fusion_alpha_max": 0.0, "fpem/env_route_loss": 1.9350573392141432, "fpem/env_route_L_final": 9.260126172928583, "fpem/env_route_L_global": 0.0, "fpem/env_route_L_route_soft": 0.0, "fpem/env_route_L_expert": 9.675286556425549, "fpem/env_route_L_router_oracle": 0.0, "fpem/env_route_L_balance": 0.0, "fpem/env_route_L_diverse": 0.0, "fpem/env_route_L_proto_align": 0.0, "fpem/env_route_entropy": 0.0, "fpem/env_route_q_max_mean": 0.0, "fpem/hyper_alpha_mean": 0.0, "fpem/hyper_delta_norm": 0.0, "fpem/hyper_route_proto_mode_uniform_warmup": 0.0, "fpem/hyper_route_proto_mode_uniform_fixed": 0.0, "fpem/hyper_route_proto_mode_sinkhorn": 0.0, "fpem/hyper_route_proto_mode_softmax": 0.0, "fpem/fallback_q_mean": 0.0, "fpem/fallback_q_max": 0.0, "fpem/env_q_sum_mean": 1.0, "fpem/oracle_fallback_rate": 0.0, "fpem/route_count_fallback": 0.0, "fpem/env_route_head_mode": 1.0, "fpem/route_entropy_mean": 0.0, "fpem/route_mean_distribution_entropy": 0.0, "fpem/effective_expert_number": 1.0, "fpem/max_expert_usage_ratio": 0.0, "fpem/min_expert_usage_ratio": 0.0, "fpem/prototype_pairwise_cosine": 0.0, "fpem/expert_prediction_pairwise_cosine": 0.0, "fpem/expert_collapse_warning": 0.0, "fpem/env_route_target_mode_env_prototype": 0.0, "fpem/env_route_target_mode_hybrid": 0.0, "fpem/env_route_hybrid_alpha": 0.0, "fpem/env_route_train_mode_warmup_risk_sinkhorn": 0.0, "fpem/warmup_risk_stage_warmup": 0.0, "fpem/warmup_risk_stage_soft": 0.0, "fpem/warmup_risk_stage_hard": 0.0, "fpem/warmup_risk_selected_loss": 0.0, "fpem/warmup_risk_uniform_common_loss": 0.0, "fpem/warmup_risk_lambda_common": 0.0, "fpem/warmup_risk_total_common_term": 0.0, "fpem/warmup_risk_temperature": 0.0, "fpem/warmup_risk_temperature_progress": 0.0, "fpem/uniform_expert_mae": 0.0, "fpem/risk_routed_mae": 0.0, "fpem/risk_prediction_mae": 0.0, "fpem/risk_loss": 0.0, "fpem/risk_ranking_loss": 0.0, "fpem/risk_ranking_accuracy": 0.0, "fpem/risk_oracle_argmin_accuracy": 0.0, "fpem/risk_router_temperature": 0.0, "fpem/risk_router_lambda": 0.0, "fpem/risk_router_pairwise_lambda": 0.0, "fpem/env_route_train_mode_progressive_gmm_environment": 0.0, "fpem/top_level_prediction_source_progressive_gmm_teacher_hard": 0.0, "fpem/progressive_assignment_uses_target_or_prediction_error": 0.0, "fpem/progressive_partition_ready": 0.0, "fpem/progressive_selected_k": 0.0, "fpem/progressive_active_expert_count": 0.0, "fpem/progressive_last_partition_epoch": 0.0, "fpem/progressive_lambda_common": 0.0, "fpem/progressive_common_term": 0.0, "fpem/progressive_compactness_loss": 0.0, "fpem/progressive_consistency_loss": 0.0, "fpem/progressive_cluster_entropy": 0.0, "fpem/progressive_assignment_change_ratio": 0.0, "fpem/progressive_hungarian_overlap_score": 0.0, "fpem/progressive_partition_update_time_sec": 0.0, "fpem/progressive_routed_mae": 0.0, "fpem/progressive_gmm_environment_total_replaces_primary": 0.0, "fpem/env_route_count_head_0": 16.0, "fpem/env_route_oracle_count_head_0": 16.0, "fpem/route_count_env_head_0": 16.0, "fpem/route_soft_mean_expert_0": 1.0, "fpem/route_hard_count_expert_0": 16.0, "fpem/hard_count_expert_0": 16.0, "fpem/sinkhorn_soft_col_mass_expert_0": 0.0, "fpem/progressive_active_expert_0": 0.0, "fpem/progressive_cluster_size_0": 0.0, "fpem/progressive_cluster_ratio_0": 0.0, "fpem/progressive_cluster_to_expert_0": 0.0, "fpem/progressive_bic_k1": 0.0, "fpem/progressive_bic_score_k1": 0.0, "fpem/progressive_bic_rejected_k1": 0.0, "fpem/hyper_alpha_head_0": 0.0, "fpem/hyper_gamma_norm_head_0": 0.0, "fpem/hyper_beta_norm_head_0": 0.0, "fpem/expert_cross_mae_group_0_expert_0": 9.675286556425549, "fpem/load_expert_loss": 9.675286556425549, "fpem/counterfactual_risk_router_loss": 0.0, "fpem/counterfactual_risk_regression_loss": 9.244875585465204, "fpem/counterfactual_risk_ranking_loss": 1.6291119166782924, "fpem/load_level_assignment_detached": 1.0, "fpem/load_level_count_0": 1680.0, "fpem/load_level_ratio_0": 1.0, "fpem/expert_0_global_loss": 9.675286556425549, "fpem/expert_0_selected_loss": 9.675286556425549, "fpem/counterfactual_risk_stage2_active": 0.0, "fpem/counterfactual_risk_stage2_start_epoch": 20.0, "fpem/counterfactual_risk_all_environment_mae": 9.675286556425549, "fpem/counterfactual_risk_all_invariant_mae": 9.66223749433245, "fpem/counterfactual_risk_routed_mae": 9.675286556425549, "fpem/counterfactual_risk_oracle_mae": 9.527126203264508, "fpem/counterfactual_risk_router_accuracy": 0.493452380952381, "fpem/counterfactual_risk_router_balanced_accuracy": 0.5, "fpem/counterfactual_risk_inv_route_ratio": 0.0, "fpem/counterfactual_risk_env_route_ratio": 1.0, "fpem/counterfactual_risk_inv_switch_precision": 0.0, "fpem/counterfactual_risk_correct_inv_switches": 0.0, "fpem/counterfactual_risk_harmful_inv_switches": 0.0, "fpem/counterfactual_risk_saved_loss": 0.0, "fpem/counterfactual_risk_added_loss": 0.0, "fpem/counterfactual_risk_net_gain": 0.0, "fpem/counterfactual_risk_regret": 0.14816035316103982, "fpem/counterfactual_risk_oracle_gap_closed": 0.0, "fpem/counterfactual_risk_delta_mean": 0.013049023775827317, "fpem/counterfactual_risk_target_inv_ratio": 0.506547619047619, "fpem/counterfactual_risk_weight_env_sum": 7.999999918256488, "fpem/counterfactual_risk_weight_inv_sum": 7.9999999455043245, "fpem/counterfactual_risk_prediction_is_hard_route": 1.0, "fpem/counterfactual_risk_prediction_is_soft_fusion": 0.0, "fpem/counterfactual_risk_target_detached": 1.0, "fpem/counterfactual_risk_uses_threshold": 0.0, "fpem/counterfactual_risk_all_samples_used_for_router": 1.0, "fpem/hard_router_predicted_env_ratio": 1.0, "fpem/hard_router_effective_env_ratio": 1.0, "fpem/hard_router_target_env_ratio": 0.493452380952381, "fpem/hard_router_gain_mean": 0.013049023775827317, "fpem/expert_prediction_pairwise_difference": 0.0, "fpem/delta_pairwise_cosine": 0.0, "fpem/delta_pairwise_l1": 0.0, "fpem/delta_pairwise_l2": 0.0, "fpem/expert_0_parameter_norm": 14.832516043526786, "fpem/hard_binary_router_enabled": 0.0, "fpem/hard_router_uses_target_in_forward": 0.0, "fpem/stored_future_c_loaded": 0.0, "fpem/prediction_is_weighted_complete_fusion": 0.0, "fpem/prediction_is_hard_route": 1.0, "fpem/conservative_inv_override_enabled": 0.0, "fpem/conservative_router_features_detached": 1.0, "fpem/counterfactual_risk_router_enabled": 1.0, "fpem/counterfactual_risk_stage2_active_forward": 0.0, "fpem/counterfactual_risk_deploy_route_active": 0.0, "fpem/counterfactual_risk_training_uses_route": 0.0, "fpem/counterfactual_risk_forward_uses_threshold": 0.0, "fpem/future_mi_loss": 0.0, "fpem/future_mi_valid": 0.0, "fpem/future_mi_logvar_mean": 0.0, "fpem/future_mi_target_mode_env_encoder": 0.0, "fpem/swap_loss": 0.0, "fpem/swap_diff_loss": 0.0, "fpem/swap_same_loss": 0.0, "fpem/swap_gain_mean": 0.0, "fpem/swap_s_gain_mean": 0.0, "fpem/swap_fallback_router_loss": 0.0, "fpem/swap_fallback_q_mean": 0.0, "fpem/swap_prediction_delta": 0.0, "fpem/swap_route_delta": 0.0, "fpem/swap_hyper_alpha_delta": 0.0, "fpem/swap_hyper_delta_norm": 0.0, "fpem/loss_env_day": 0.0, "fpem/loss_env_hour": 0.0, "fpem/loss_env_rush": 0.0, "fpem/env_day_acc": 0.0, "fpem/env_hour_acc": 0.0, "fpem/env_rush_acc": 0.0, "fpem/loss_env_supcon": 0.0, "fpem/env_supcon_valid_pairs": 0.0, "fpem/loss_inv_env_adv": 0.0, "fpem/inv_day_acc": 0.0, "fpem/inv_hour_acc": 0.0, "fpem/inv_rush_acc": 0.0, "fpem/loss_cross_cov_sep": 0.0, "fpem/confounder_dep_enabled": 1.0, "fpem/confounder_dep_mode_gci": 0.0, "fpem/confounder_dep_mode_scd": 1.0, "fpem/confounder_dep_mode_both": 0.0, "fpem/confounder_dep_total": 0.0, "fpem/loss_gci": 0.0, "fpem/loss_gci_drop": 0.0, "fpem/loss_gci_keep": 0.0, "fpem/loss_gci_graph_align": 0.0, "fpem/loss_scd": 0.12089460474394617, "fpem/loss_conf_kl": 0.20465765850884574, "fpem/effective_gci_weight": 0.0, "fpem/effective_gci_graph_align_weight": 0.10000000149011612, "fpem/effective_scd_weight": 0.0, "fpem/effective_conf_kl_weight": 0.0, "fpem/confounder_dep_ramp_factor": 0.0, "fpem/C_mean": 0.04996725485793182, "fpem/C_std": 1.0473310919035048, "fpem/C_norm": 2.885943078994751, "fpem/confounder_token_norm": 7.985732455480666, "fpem/confounder_variational": 1.0, "fpem/confounder_projection_trace": 7.998663979484921, "fpem/confounder_projection_ridge": 0.0010000000474974513, "fpem/confounder_projection_rank_dim": 8.0, "fpem/confounder_projection_calls": 1.0, "fpem/confounder_dep_detach_target": 1.0, "fpem/gci_nonedge_mass_before_C": 0.0, "fpem/gci_nonedge_mass_after_C": 0.0, "fpem/gci_nonedge_mass_reduction": 0.0, "fpem/gci_relative_violation": 0.0, "fpem/gci_edge_before_C": 0.0, "fpem/gci_edge_after_C": 0.0, "fpem/gci_nonedge_conn_before_C": 0.0, "fpem/gci_nonedge_conn_after_C": 0.0, "fpem/gci_nonedge_conn_reduction": 0.0, "fpem/gci_edge_conn_before_C": 0.0, "fpem/gci_edge_conn_after_C": 0.0, "fpem/gci_edge_conn_reduction": 0.0, "fpem/gci_nonedge_dep_before_C": 0.0, "fpem/gci_nonedge_dep_after_C": 0.0, "fpem/gci_nonedge_dep_reduction": 0.0, "fpem/gci_edge_dep_before_C": 0.0, "fpem/gci_edge_dep_after_C": 0.0, "fpem/gci_nonedge_count": 0.0, "fpem/gci_edge_count": 0.0, "fpem/gci_node_count": 0.0, "fpem/gci_node_vector_dim": 0.0, "fpem/gci_graph_embed_dim": 0.0, "fpem/gci_graph_embedding_norm_before": 0.0, "fpem/gci_graph_embedding_norm_after": 0.0, "fpem/gci_graph_embedding_std_before": 0.0, "fpem/gci_graph_embedding_std_after": 0.0, "fpem/gci_graph_adj_mean_before": 0.0, "fpem/gci_graph_adj_mean_after": 0.0, "fpem/gci_graph_adj_std_before": 0.0, "fpem/gci_graph_adj_std_after": 0.0, "fpem/gci_graph_align_weight": 0.0, "fpem/gci_graph_align_raw_mse": 0.0, "fpem/gci_graph_align_normalized": 0.0, "fpem/gci_edge_preserve_beta": 0.0, "fpem/gci_graph_align_target_available": 0.0, "fpem/gci_target_adj_mean": 0.0, "fpem/gci_target_adj_std": 0.0, "fpem/gci_target_edge_mean": 0.0, "fpem/gci_target_nonedge_mean": 0.0, "fpem/gci_target_diag_mean": 0.0, "fpem/gci_graph_align_updates_agcrn": 0.0, "fpem/gci_updates_graph_linear": 0.0, "fpem/gci_graph_construction_agcrn_softmax": 0.0, "fpem/scd_assoc_before_C": 0.28594163897491637, "fpem/scd_assoc_after_C": 0.27439620594183606, "fpem/scd_assoc_reduction": 0.011545433033080327, "fpem/scd_relative_violation": 0.12089460474394617, "fpem/sample_assoc_before_C": 0.28594163897491637, "fpem/sample_assoc_after_C": 0.27439620594183606, "fpem/sample_assoc_reduction": 0.011545433033080327, "fpem/sample_dep_before_C": 0.28594163897491637, "fpem/sample_dep_after_C": 0.27439620594183606, "fpem/sample_dep_reduction": 0.011545433033080327, "fpem/scd_batch_size": 16.0, "fpem/scd_sample_vector_dim": 448000.0, "fpem/sample_kernel_alignment": 0.0, "fpem/scd_alignment_loss": 0.0, "fpem/load_level_experts_enabled": 1.0, "fpem/load_level_uses_target_or_future_load": 0.0, "fpem/environment_gate_uses_target_in_forward": 0.0, "fpem/load_level_env_residual_scale": 0.0, "fpem/uses_cached_observable_load_prior": 1.0, "fpem/primary_loss": 9.260126172928583, "fpem/inv_pred_loss": 9.222612040383476, "fpem/primary_uses_route": 1.0, "fpem/primary_uses_env_fusion": 0.0, "fpem/backbone_agcrn": 1.0, "fpem/backbone_graphwavenet": 0.0, "fpem/backbone_staeformer": 0.0, "fpem/gc_pred_loss_only": 1.0, "fpem/env_route_head_mode_hyper_proto": 1.0, "fpem/fpem_force_uniform_route": 0.0, "fpem/hard_prediction_sinkhorn_total_replaces_primary": 0.0, "fpem/hard_prediction_environment_sinkhorn_total_replaces_primary": 0.0, "fpem/warmup_risk_sinkhorn_total_replaces_primary": 0.0, "fpem/lambda_club_mi": 0.0}}
EPOCH {"epoch": 4, "train_loss": 11.192548397609166, "val": {"loss": 11.902171982659233, "mae": 11.702470779418945, "mape": 0.18181900680065155}, "test_mixed": {"loss": NaN, "mae": NaN, "mape": NaN}, "test_workday": {"loss": NaN, "mae": NaN, "mape": NaN}, "test_holiday": {"loss": NaN, "mae": NaN, "mape": NaN}, "test_avg_mae": NaN, "best_selection_value": 11.902171982659233, "best_selection_split": "val", "best_selection_metric": "val_loss", "lr": 0.001, "fpem_logs": {"fpem/fpem_env_use_exogenous": 1.0, "fpem/env_exogenous_available": 1.0, "fpem/env_exogenous_time_available": 1.0, "fpem/env_exogenous_load_available": 1.0, "fpem/env_exogenous_feature_dim": 32.0, "fpem/env_exogenous_embedding_norm": 2.3680615266164144, "fpem/env_exogenous_load_embedding_norm": 1.5457011586143856, "fpem/fpem_env_use_period_context": 1.0, "fpem/env_period_context_available": 1.0, "fpem/env_period_day_available_ratio": 0.9732142857142857, "fpem/env_period_week_available_ratio": 0.8244047619047619, "fpem/env_period_context_feature_dim": 6.0, "fpem/env_period_context_scale": 0.10000000149011612, "fpem/env_period_context_delta_norm": 0.14967532214664278, "fpem/env_period_context_day_diff_norm": 0.16272705183142708, "fpem/env_period_context_week_diff_norm": 0.10188992598227092, "fpem/env_rep_ablation_normal": 1.0, "fpem/env_rep_ablation_zero": 0.0, "fpem/env_rep_ablation_shuffle_batch": 0.0, "fpem/env_rep_ablation_mode_id": 0.0, "fpem/mask_loss": 0.0, "fpem/mask_sparse_loss": 0.0, "fpem/mask_entropy_loss": 0.0, "fpem/mask_mean": 1.0, "fpem/mask_entropy": 0.0, "fpem/mask_active_ratio": 1.0, "fpem/fusion_alpha_mean": 0.0, "fpem/fusion_alpha_std": 0.0, "fpem/fusion_alpha_min": 0.0, "fpem/fusion_alpha_max": 0.0, "fpem/env_route_loss": 1.9495222432272774, "fpem/env_route_L_final": 9.328252070290702, "fpem/env_route_L_global": 0.0, "fpem/env_route_L_route_soft": 0.0, "fpem/env_route_L_expert": 9.747611064002628, "fpem/env_route_L_router_oracle": 0.0, "fpem/env_route_L_balance": 0.0, "fpem/env_route_L_diverse": 0.0, "fpem/env_route_L_proto_align": 0.0, "fpem/env_route_entropy": 0.0, "fpem/env_route_q_max_mean": 0.0, "fpem/hyper_alpha_mean": 0.0, "fpem/hyper_delta_norm": 0.0, "fpem/hyper_route_proto_mode_uniform_warmup": 0.0, "fpem/hyper_route_proto_mode_uniform_fixed": 0.0, "fpem/hyper_route_proto_mode_sinkhorn": 0.0, "fpem/hyper_route_proto_mode_softmax": 0.0, "fpem/fallback_q_mean": 0.0, "fpem/fallback_q_max": 0.0, "fpem/env_q_sum_mean": 1.0, "fpem/oracle_fallback_rate": 0.0, "fpem/route_count_fallback": 0.0, "fpem/env_route_head_mode": 1.0, "fpem/route_entropy_mean": 0.0, "fpem/route_mean_distribution_entropy": 0.0, "fpem/effective_expert_number": 1.0, "fpem/max_expert_usage_ratio": 0.0, "fpem/min_expert_usage_ratio": 0.0, "fpem/prototype_pairwise_cosine": 0.0, "fpem/expert_prediction_pairwise_cosine": 0.0, "fpem/expert_collapse_warning": 0.0, "fpem/env_route_target_mode_env_prototype": 0.0, "fpem/env_route_target_mode_hybrid": 0.0, "fpem/env_route_hybrid_alpha": 0.0, "fpem/env_route_train_mode_warmup_risk_sinkhorn": 0.0, "fpem/warmup_risk_stage_warmup": 0.0, "fpem/warmup_risk_stage_soft": 0.0, "fpem/warmup_risk_stage_hard": 0.0, "fpem/warmup_risk_selected_loss": 0.0, "fpem/warmup_risk_uniform_common_loss": 0.0, "fpem/warmup_risk_lambda_common": 0.0, "fpem/warmup_risk_total_common_term": 0.0, "fpem/warmup_risk_temperature": 0.0, "fpem/warmup_risk_temperature_progress": 0.0, "fpem/uniform_expert_mae": 0.0, "fpem/risk_routed_mae": 0.0, "fpem/risk_prediction_mae": 0.0, "fpem/risk_loss": 0.0, "fpem/risk_ranking_loss": 0.0, "fpem/risk_ranking_accuracy": 0.0, "fpem/risk_oracle_argmin_accuracy": 0.0, "fpem/risk_router_temperature": 0.0, "fpem/risk_router_lambda": 0.0, "fpem/risk_router_pairwise_lambda": 0.0, "fpem/env_route_train_mode_progressive_gmm_environment": 0.0, "fpem/top_level_prediction_source_progressive_gmm_teacher_hard": 0.0, "fpem/progressive_assignment_uses_target_or_prediction_error": 0.0, "fpem/progressive_partition_ready": 0.0, "fpem/progressive_selected_k": 0.0, "fpem/progressive_active_expert_count": 0.0, "fpem/progressive_last_partition_epoch": 0.0, "fpem/progressive_lambda_common": 0.0, "fpem/progressive_common_term": 0.0, "fpem/progressive_compactness_loss": 0.0, "fpem/progressive_consistency_loss": 0.0, "fpem/progressive_cluster_entropy": 0.0, "fpem/progressive_assignment_change_ratio": 0.0, "fpem/progressive_hungarian_overlap_score": 0.0, "fpem/progressive_partition_update_time_sec": 0.0, "fpem/progressive_routed_mae": 0.0, "fpem/progressive_gmm_environment_total_replaces_primary": 0.0, "fpem/env_route_count_head_0": 16.0, "fpem/env_route_oracle_count_head_0": 16.0, "fpem/route_count_env_head_0": 16.0, "fpem/route_soft_mean_expert_0": 1.0, "fpem/route_hard_count_expert_0": 16.0, "fpem/hard_count_expert_0": 16.0, "fpem/sinkhorn_soft_col_mass_expert_0": 0.0, "fpem/progressive_active_expert_0": 0.0, "fpem/progressive_cluster_size_0": 0.0, "fpem/progressive_cluster_ratio_0": 0.0, "fpem/progressive_cluster_to_expert_0": 0.0, "fpem/progressive_bic_k1": 0.0, "fpem/progressive_bic_score_k1": 0.0, "fpem/progressive_bic_rejected_k1": 0.0, "fpem/hyper_alpha_head_0": 0.0, "fpem/hyper_gamma_norm_head_0": 0.0, "fpem/hyper_beta_norm_head_0": 0.0, "fpem/expert_cross_mae_group_0_expert_0": 9.747611064002628, "fpem/load_expert_loss": 9.747611064002628, "fpem/counterfactual_risk_router_loss": 0.0, "fpem/counterfactual_risk_regression_loss": 9.241544133140927, "fpem/counterfactual_risk_ranking_loss": 1.6517622618448167, "fpem/load_level_assignment_detached": 1.0, "fpem/load_level_count_0": 1680.0, "fpem/load_level_ratio_0": 1.0, "fpem/expert_0_global_loss": 9.747611064002628, "fpem/expert_0_selected_loss": 9.747611064002628, "fpem/counterfactual_risk_stage2_active": 0.0, "fpem/counterfactual_risk_stage2_start_epoch": 20.0, "fpem/counterfactual_risk_all_environment_mae": 9.747611064002628, "fpem/counterfactual_risk_all_invariant_mae": 9.662237503415062, "fpem/counterfactual_risk_routed_mae": 9.748148736499605, "fpem/counterfactual_risk_oracle_mae": 9.546905899047852, "fpem/counterfactual_risk_router_accuracy": 0.4380952380952381, "fpem/counterfactual_risk_router_balanced_accuracy": 0.49476190493220373, "fpem/counterfactual_risk_inv_route_ratio": 0.0005952380952380953, "fpem/counterfactual_risk_env_route_ratio": 0.9994047619047619, "fpem/counterfactual_risk_inv_switch_precision": 0.0, "fpem/counterfactual_risk_correct_inv_switches": 0.0, "fpem/counterfactual_risk_harmful_inv_switches": 0.009523809523809525, "fpem/counterfactual_risk_saved_loss": 0.0, "fpem/counterfactual_risk_added_loss": 0.000537671929314023, "fpem/counterfactual_risk_net_gain": -0.0005376724969773065, "fpem/counterfactual_risk_regret": 0.20124283745175317, "fpem/counterfactual_risk_oracle_gap_closed": -0.009401835714067731, "fpem/counterfactual_risk_delta_mean": 0.08537358513900212, "fpem/counterfactual_risk_target_inv_ratio": 0.5613095238095238, "fpem/counterfactual_risk_weight_env_sum": 7.923809482937767, "fpem/counterfactual_risk_weight_inv_sum": 8.076190417153494, "fpem/counterfactual_risk_prediction_is_hard_route": 1.0, "fpem/counterfactual_risk_prediction_is_soft_fusion": 0.0, "fpem/counterfactual_risk_target_detached": 1.0, "fpem/counterfactual_risk_uses_threshold": 0.0, "fpem/counterfactual_risk_all_samples_used_for_router": 1.0, "fpem/hard_router_predicted_env_ratio": 0.9994047619047619, "fpem/hard_router_effective_env_ratio": 1.0, "fpem/hard_router_target_env_ratio": 0.4386904761904762, "fpem/hard_router_gain_mean": 0.08537358513900212, "fpem/expert_prediction_pairwise_difference": 0.0, "fpem/delta_pairwise_cosine": 0.0, "fpem/delta_pairwise_l1": 0.0, "fpem/delta_pairwise_l2": 0.0, "fpem/expert_0_parameter_norm": 14.840232413155691, "fpem/hard_binary_router_enabled": 0.0, "fpem/hard_router_uses_target_in_forward": 0.0, "fpem/stored_future_c_loaded": 0.0, "fpem/prediction_is_weighted_complete_fusion": 0.0, "fpem/prediction_is_hard_route": 1.0, "fpem/conservative_inv_override_enabled": 0.0, "fpem/conservative_router_features_detached": 1.0, "fpem/counterfactual_risk_router_enabled": 1.0, "fpem/counterfactual_risk_stage2_active_forward": 0.0, "fpem/counterfactual_risk_deploy_route_active": 0.0, "fpem/counterfactual_risk_training_uses_route": 0.0, "fpem/counterfactual_risk_forward_uses_threshold": 0.0, "fpem/future_mi_loss": 0.0, "fpem/future_mi_valid": 0.0, "fpem/future_mi_logvar_mean": 0.0, "fpem/future_mi_target_mode_env_encoder": 0.0, "fpem/swap_loss": 0.0, "fpem/swap_diff_loss": 0.0, "fpem/swap_same_loss": 0.0, "fpem/swap_gain_mean": 0.0, "fpem/swap_s_gain_mean": 0.0, "fpem/swap_fallback_router_loss": 0.0, "fpem/swap_fallback_q_mean": 0.0, "fpem/swap_prediction_delta": 0.0, "fpem/swap_route_delta": 0.0, "fpem/swap_hyper_alpha_delta": 0.0, "fpem/swap_hyper_delta_norm": 0.0, "fpem/loss_env_day": 0.0, "fpem/loss_env_hour": 0.0, "fpem/loss_env_rush": 0.0, "fpem/env_day_acc": 0.0, "fpem/env_hour_acc": 0.0, "fpem/env_rush_acc": 0.0, "fpem/loss_env_supcon": 0.0, "fpem/env_supcon_valid_pairs": 0.0, "fpem/loss_inv_env_adv": 0.0, "fpem/inv_day_acc": 0.0, "fpem/inv_hour_acc": 0.0, "fpem/inv_rush_acc": 0.0, "fpem/loss_cross_cov_sep": 0.0, "fpem/confounder_dep_enabled": 1.0, "fpem/confounder_dep_mode_gci": 0.0, "fpem/confounder_dep_mode_scd": 1.0, "fpem/confounder_dep_mode_both": 0.0, "fpem/confounder_dep_total": 0.0, "fpem/loss_gci": 0.0, "fpem/loss_gci_drop": 0.0, "fpem/loss_gci_keep": 0.0, "fpem/loss_gci_graph_align": 0.0, "fpem/loss_scd": 0.13167754447176344, "fpem/loss_conf_kl": 0.20798024861585526, "fpem/effective_gci_weight": 0.0, "fpem/effective_gci_graph_align_weight": 0.10000000149011612, "fpem/effective_scd_weight": 0.0, "fpem/effective_conf_kl_weight": 0.0, "fpem/confounder_dep_ramp_factor": 0.0, "fpem/C_mean": 0.04893722605137598, "fpem/C_std": 1.0462351486796424, "fpem/C_norm": 2.8871737139565603, "fpem/confounder_token_norm": 7.984623904455276, "fpem/confounder_variational": 1.0, "fpem/confounder_projection_trace": 7.998757484980992, "fpem/confounder_projection_ridge": 0.0010000000474974513, "fpem/confounder_projection_rank_dim": 8.0, "fpem/confounder_projection_calls": 1.0, "fpem/confounder_dep_detach_target": 1.0, "fpem/gci_nonedge_mass_before_C": 0.0, "fpem/gci_nonedge_mass_after_C": 0.0, "fpem/gci_nonedge_mass_reduction": 0.0, "fpem/gci_relative_violation": 0.0, "fpem/gci_edge_before_C": 0.0, "fpem/gci_edge_after_C": 0.0, "fpem/gci_nonedge_conn_before_C": 0.0, "fpem/gci_nonedge_conn_after_C": 0.0, "fpem/gci_nonedge_conn_reduction": 0.0, "fpem/gci_edge_conn_before_C": 0.0, "fpem/gci_edge_conn_after_C": 0.0, "fpem/gci_edge_conn_reduction": 0.0, "fpem/gci_nonedge_dep_before_C": 0.0, "fpem/gci_nonedge_dep_after_C": 0.0, "fpem/gci_nonedge_dep_reduction": 0.0, "fpem/gci_edge_dep_before_C": 0.0, "fpem/gci_edge_dep_after_C": 0.0, "fpem/gci_nonedge_count": 0.0, "fpem/gci_edge_count": 0.0, "fpem/gci_node_count": 0.0, "fpem/gci_node_vector_dim": 0.0, "fpem/gci_graph_embed_dim": 0.0, "fpem/gci_graph_embedding_norm_before": 0.0, "fpem/gci_graph_embedding_norm_after": 0.0, "fpem/gci_graph_embedding_std_before": 0.0, "fpem/gci_graph_embedding_std_after": 0.0, "fpem/gci_graph_adj_mean_before": 0.0, "fpem/gci_graph_adj_mean_after": 0.0, "fpem/gci_graph_adj_std_before": 0.0, "fpem/gci_graph_adj_std_after": 0.0, "fpem/gci_graph_align_weight": 0.0, "fpem/gci_graph_align_raw_mse": 0.0, "fpem/gci_graph_align_normalized": 0.0, "fpem/gci_edge_preserve_beta": 0.0, "fpem/gci_graph_align_target_available": 0.0, "fpem/gci_target_adj_mean": 0.0, "fpem/gci_target_adj_std": 0.0, "fpem/gci_target_edge_mean": 0.0, "fpem/gci_target_nonedge_mean": 0.0, "fpem/gci_target_diag_mean": 0.0, "fpem/gci_graph_align_updates_agcrn": 0.0, "fpem/gci_updates_graph_linear": 0.0, "fpem/gci_graph_construction_agcrn_softmax": 0.0, "fpem/scd_assoc_before_C": 0.30473305866831824, "fpem/scd_assoc_after_C": 0.30614236351989565, "fpem/scd_assoc_reduction": -0.0014093048515773955, "fpem/scd_relative_violation": 0.13167754447176344, "fpem/sample_assoc_before_C": 0.30473305866831824, "fpem/sample_assoc_after_C": 0.30614236351989565, "fpem/sample_assoc_reduction": -0.0014093048515773955, "fpem/sample_dep_before_C": 0.30473305866831824, "fpem/sample_dep_after_C": 0.30614236351989565, "fpem/sample_dep_reduction": -0.0014093048515773955, "fpem/scd_batch_size": 16.0, "fpem/scd_sample_vector_dim": 448000.0, "fpem/sample_kernel_alignment": 0.0, "fpem/scd_alignment_loss": 0.0, "fpem/load_level_experts_enabled": 1.0, "fpem/load_level_uses_target_or_future_load": 0.0, "fpem/environment_gate_uses_target_in_forward": 0.0, "fpem/load_level_env_residual_scale": 0.0, "fpem/uses_cached_observable_load_prior": 1.0, "fpem/primary_loss": 9.328252070290702, "fpem/inv_pred_loss": 9.216145297459194, "fpem/primary_uses_route": 1.0, "fpem/primary_uses_env_fusion": 0.0, "fpem/backbone_agcrn": 1.0, "fpem/backbone_graphwavenet": 0.0, "fpem/backbone_staeformer": 0.0, "fpem/gc_pred_loss_only": 1.0, "fpem/env_route_head_mode_hyper_proto": 1.0, "fpem/fpem_force_uniform_route": 0.0, "fpem/hard_prediction_sinkhorn_total_replaces_primary": 0.0, "fpem/hard_prediction_environment_sinkhorn_total_replaces_primary": 0.0, "fpem/warmup_risk_sinkhorn_total_replaces_primary": 0.0, "fpem/lambda_club_mi": 0.0}}
EPOCH {"epoch": 5, "train_loss": 11.096797652471633, "val": {"loss": 12.14088084962633, "mae": 11.947505950927734, "mape": 0.2174871861934662}, "test_mixed": {"loss": NaN, "mae": NaN, "mape": NaN}, "test_workday": {"loss": NaN, "mae": NaN, "mape": NaN}, "test_holiday": {"loss": NaN, "mae": NaN, "mape": NaN}, "test_avg_mae": NaN, "best_selection_value": 12.14088084962633, "best_selection_split": "val", "best_selection_metric": "val_loss", "lr": 0.001, "fpem_logs": {"fpem/fpem_env_use_exogenous": 1.0, "fpem/env_exogenous_available": 1.0, "fpem/env_exogenous_time_available": 1.0, "fpem/env_exogenous_load_available": 1.0, "fpem/env_exogenous_feature_dim": 32.0, "fpem/env_exogenous_embedding_norm": 2.385536915915353, "fpem/env_exogenous_load_embedding_norm": 1.5714356388364519, "fpem/fpem_env_use_period_context": 1.0, "fpem/env_period_context_available": 1.0, "fpem/env_period_day_available_ratio": 0.9732142857142857, "fpem/env_period_week_available_ratio": 0.8244047619047619, "fpem/env_period_context_feature_dim": 6.0, "fpem/env_period_context_scale": 0.10000000149011612, "fpem/env_period_context_delta_norm": 0.1610017934015819, "fpem/env_period_context_day_diff_norm": 0.16272705161855333, "fpem/env_period_context_week_diff_norm": 0.10188992662089212, "fpem/env_rep_ablation_normal": 1.0, "fpem/env_rep_ablation_zero": 0.0, "fpem/env_rep_ablation_shuffle_batch": 0.0, "fpem/env_rep_ablation_mode_id": 0.0, "fpem/mask_loss": 0.0, "fpem/mask_sparse_loss": 0.0, "fpem/mask_entropy_loss": 0.0, "fpem/mask_mean": 1.0, "fpem/mask_entropy": 0.0, "fpem/mask_active_ratio": 1.0, "fpem/fusion_alpha_mean": 0.0, "fpem/fusion_alpha_std": 0.0, "fpem/fusion_alpha_min": 0.0, "fpem/fusion_alpha_max": 0.0, "fpem/env_route_loss": 1.9182827552159627, "fpem/env_route_L_final": 9.167463021051317, "fpem/env_route_L_global": 0.0, "fpem/env_route_L_route_soft": 0.0, "fpem/env_route_L_expert": 9.5914136387053, "fpem/env_route_L_router_oracle": 0.0, "fpem/env_route_L_balance": 0.0, "fpem/env_route_L_diverse": 0.0, "fpem/env_route_L_proto_align": 0.0, "fpem/env_route_entropy": 0.0, "fpem/env_route_q_max_mean": 0.0, "fpem/hyper_alpha_mean": 0.0, "fpem/hyper_delta_norm": 0.0, "fpem/hyper_route_proto_mode_uniform_warmup": 0.0, "fpem/hyper_route_proto_mode_uniform_fixed": 0.0, "fpem/hyper_route_proto_mode_sinkhorn": 0.0, "fpem/hyper_route_proto_mode_softmax": 0.0, "fpem/fallback_q_mean": 0.0, "fpem/fallback_q_max": 0.0, "fpem/env_q_sum_mean": 1.0, "fpem/oracle_fallback_rate": 0.0, "fpem/route_count_fallback": 0.0, "fpem/env_route_head_mode": 1.0, "fpem/route_entropy_mean": 0.0, "fpem/route_mean_distribution_entropy": 0.0, "fpem/effective_expert_number": 1.0, "fpem/max_expert_usage_ratio": 0.0, "fpem/min_expert_usage_ratio": 0.0, "fpem/prototype_pairwise_cosine": 0.0, "fpem/expert_prediction_pairwise_cosine": 0.0, "fpem/expert_collapse_warning": 0.0, "fpem/env_route_target_mode_env_prototype": 0.0, "fpem/env_route_target_mode_hybrid": 0.0, "fpem/env_route_hybrid_alpha": 0.0, "fpem/env_route_train_mode_warmup_risk_sinkhorn": 0.0, "fpem/warmup_risk_stage_warmup": 0.0, "fpem/warmup_risk_stage_soft": 0.0, "fpem/warmup_risk_stage_hard": 0.0, "fpem/warmup_risk_selected_loss": 0.0, "fpem/warmup_risk_uniform_common_loss": 0.0, "fpem/warmup_risk_lambda_common": 0.0, "fpem/warmup_risk_total_common_term": 0.0, "fpem/warmup_risk_temperature": 0.0, "fpem/warmup_risk_temperature_progress": 0.0, "fpem/uniform_expert_mae": 0.0, "fpem/risk_routed_mae": 0.0, "fpem/risk_prediction_mae": 0.0, "fpem/risk_loss": 0.0, "fpem/risk_ranking_loss": 0.0, "fpem/risk_ranking_accuracy": 0.0, "fpem/risk_oracle_argmin_accuracy": 0.0, "fpem/risk_router_temperature": 0.0, "fpem/risk_router_lambda": 0.0, "fpem/risk_router_pairwise_lambda": 0.0, "fpem/env_route_train_mode_progressive_gmm_environment": 0.0, "fpem/top_level_prediction_source_progressive_gmm_teacher_hard": 0.0, "fpem/progressive_assignment_uses_target_or_prediction_error": 0.0, "fpem/progressive_partition_ready": 0.0, "fpem/progressive_selected_k": 0.0, "fpem/progressive_active_expert_count": 0.0, "fpem/progressive_last_partition_epoch": 0.0, "fpem/progressive_lambda_common": 0.0, "fpem/progressive_common_term": 0.0, "fpem/progressive_compactness_loss": 0.0, "fpem/progressive_consistency_loss": 0.0, "fpem/progressive_cluster_entropy": 0.0, "fpem/progressive_assignment_change_ratio": 0.0, "fpem/progressive_hungarian_overlap_score": 0.0, "fpem/progressive_partition_update_time_sec": 0.0, "fpem/progressive_routed_mae": 0.0, "fpem/progressive_gmm_environment_total_replaces_primary": 0.0, "fpem/env_route_count_head_0": 16.0, "fpem/env_route_oracle_count_head_0": 16.0, "fpem/route_count_env_head_0": 16.0, "fpem/route_soft_mean_expert_0": 1.0, "fpem/route_hard_count_expert_0": 16.0, "fpem/hard_count_expert_0": 16.0, "fpem/sinkhorn_soft_col_mass_expert_0": 0.0, "fpem/progressive_active_expert_0": 0.0, "fpem/progressive_cluster_size_0": 0.0, "fpem/progressive_cluster_ratio_0": 0.0, "fpem/progressive_cluster_to_expert_0": 0.0, "fpem/progressive_bic_k1": 0.0, "fpem/progressive_bic_score_k1": 0.0, "fpem/progressive_bic_rejected_k1": 0.0, "fpem/hyper_alpha_head_0": 0.0, "fpem/hyper_gamma_norm_head_0": 0.0, "fpem/hyper_beta_norm_head_0": 0.0, "fpem/expert_cross_mae_group_0_expert_0": 9.5914136387053, "fpem/load_expert_loss": 9.5914136387053, "fpem/counterfactual_risk_router_loss": 0.0, "fpem/counterfactual_risk_regression_loss": 9.164986360640754, "fpem/counterfactual_risk_ranking_loss": 1.6078093256269181, "fpem/load_level_assignment_detached": 1.0, "fpem/load_level_count_0": 1680.0, "fpem/load_level_ratio_0": 1.0, "fpem/expert_0_global_loss": 9.5914136387053, "fpem/expert_0_selected_loss": 9.5914136387053, "fpem/counterfactual_risk_stage2_active": 0.0, "fpem/counterfactual_risk_stage2_start_epoch": 20.0, "fpem/counterfactual_risk_all_environment_mae": 9.5914136387053, "fpem/counterfactual_risk_all_invariant_mae": 9.662237476167224, "fpem/counterfactual_risk_routed_mae": 9.5914136387053, "fpem/counterfactual_risk_oracle_mae": 9.489423906235467, "fpem/counterfactual_risk_router_accuracy": 0.5928571428571429, "fpem/counterfactual_risk_router_balanced_accuracy": 0.5, "fpem/counterfactual_risk_inv_route_ratio": 0.0, "fpem/counterfactual_risk_env_route_ratio": 1.0, "fpem/counterfactual_risk_inv_switch_precision": 0.0, "fpem/counterfactual_risk_correct_inv_switches": 0.0, "fpem/counterfactual_risk_harmful_inv_switches": 0.0, "fpem/counterfactual_risk_saved_loss": 0.0, "fpem/counterfactual_risk_added_loss": 0.0, "fpem/counterfactual_risk_net_gain": 0.0, "fpem/counterfactual_risk_regret": 0.10198973246983119, "fpem/counterfactual_risk_oracle_gap_closed": 0.0, "fpem/counterfactual_risk_delta_mean": -0.07082375912439255, "fpem/counterfactual_risk_target_inv_ratio": 0.40714285714285714, "fpem/counterfactual_risk_weight_env_sum": 7.999999954586937, "fpem/counterfactual_risk_weight_inv_sum": 7.9999999409630185, "fpem/counterfactual_risk_prediction_is_hard_route": 1.0, "fpem/counterfactual_risk_prediction_is_soft_fusion": 0.0, "fpem/counterfactual_risk_target_detached": 1.0, "fpem/counterfactual_risk_uses_threshold": 0.0, "fpem/counterfactual_risk_all_samples_used_for_router": 1.0, "fpem/hard_router_predicted_env_ratio": 1.0, "fpem/hard_router_effective_env_ratio": 1.0, "fpem/hard_router_target_env_ratio": 0.5928571428571429, "fpem/hard_router_gain_mean": -0.07082375912439255, "fpem/expert_prediction_pairwise_difference": 0.0, "fpem/delta_pairwise_cosine": 0.0, "fpem/delta_pairwise_l1": 0.0, "fpem/delta_pairwise_l2": 0.0, "fpem/expert_0_parameter_norm": 14.843553606669108, "fpem/hard_binary_router_enabled": 0.0, "fpem/hard_router_uses_target_in_forward": 0.0, "fpem/stored_future_c_loaded": 0.0, "fpem/prediction_is_weighted_complete_fusion": 0.0, "fpem/prediction_is_hard_route": 1.0, "fpem/conservative_inv_override_enabled": 0.0, "fpem/conservative_router_features_detached": 1.0, "fpem/counterfactual_risk_router_enabled": 1.0, "fpem/counterfactual_risk_stage2_active_forward": 0.0, "fpem/counterfactual_risk_deploy_route_active": 0.0, "fpem/counterfactual_risk_training_uses_route": 0.0, "fpem/counterfactual_risk_forward_uses_threshold": 0.0, "fpem/future_mi_loss": 0.0, "fpem/future_mi_valid": 0.0, "fpem/future_mi_logvar_mean": 0.0, "fpem/future_mi_target_mode_env_encoder": 0.0, "fpem/swap_loss": 0.0, "fpem/swap_diff_loss": 0.0, "fpem/swap_same_loss": 0.0, "fpem/swap_gain_mean": 0.0, "fpem/swap_s_gain_mean": 0.0, "fpem/swap_fallback_router_loss": 0.0, "fpem/swap_fallback_q_mean": 0.0, "fpem/swap_prediction_delta": 0.0, "fpem/swap_route_delta": 0.0, "fpem/swap_hyper_alpha_delta": 0.0, "fpem/swap_hyper_delta_norm": 0.0, "fpem/loss_env_day": 0.0, "fpem/loss_env_hour": 0.0, "fpem/loss_env_rush": 0.0, "fpem/env_day_acc": 0.0, "fpem/env_hour_acc": 0.0, "fpem/env_rush_acc": 0.0, "fpem/loss_env_supcon": 0.0, "fpem/env_supcon_valid_pairs": 0.0, "fpem/loss_inv_env_adv": 0.0, "fpem/inv_day_acc": 0.0, "fpem/inv_hour_acc": 0.0, "fpem/inv_rush_acc": 0.0, "fpem/loss_cross_cov_sep": 0.0, "fpem/confounder_dep_enabled": 1.0, "fpem/confounder_dep_mode_gci": 0.0, "fpem/confounder_dep_mode_scd": 1.0, "fpem/confounder_dep_mode_both": 0.0, "fpem/confounder_dep_total": 0.0, "fpem/loss_gci": 0.0, "fpem/loss_gci_drop": 0.0, "fpem/loss_gci_keep": 0.0, "fpem/loss_gci_graph_align": 0.0, "fpem/loss_scd": 0.13285333315531414, "fpem/loss_conf_kl": 0.21258731129623595, "fpem/effective_gci_weight": 0.0, "fpem/effective_gci_graph_align_weight": 0.10000000149011612, "fpem/effective_scd_weight": 0.0, "fpem/effective_conf_kl_weight": 0.0, "fpem/confounder_dep_ramp_factor": 0.0, "fpem/C_mean": 0.06984728501133976, "fpem/C_std": 1.055229509444464, "fpem/C_norm": 2.9104543981097994, "fpem/confounder_token_norm": 7.984000369480678, "fpem/confounder_variational": 1.0, "fpem/confounder_projection_trace": 7.99876354762486, "fpem/confounder_projection_ridge": 0.0010000000474974513, "fpem/confounder_projection_rank_dim": 8.0, "fpem/confounder_projection_calls": 1.0, "fpem/confounder_dep_detach_target": 1.0, "fpem/gci_nonedge_mass_before_C": 0.0, "fpem/gci_nonedge_mass_after_C": 0.0, "fpem/gci_nonedge_mass_reduction": 0.0, "fpem/gci_relative_violation": 0.0, "fpem/gci_edge_before_C": 0.0, "fpem/gci_edge_after_C": 0.0, "fpem/gci_nonedge_conn_before_C": 0.0, "fpem/gci_nonedge_conn_after_C": 0.0, "fpem/gci_nonedge_conn_reduction": 0.0, "fpem/gci_edge_conn_before_C": 0.0, "fpem/gci_edge_conn_after_C": 0.0, "fpem/gci_edge_conn_reduction": 0.0, "fpem/gci_nonedge_dep_before_C": 0.0, "fpem/gci_nonedge_dep_after_C": 0.0, "fpem/gci_nonedge_dep_reduction": 0.0, "fpem/gci_edge_dep_before_C": 0.0, "fpem/gci_edge_dep_after_C": 0.0, "fpem/gci_nonedge_count": 0.0, "fpem/gci_edge_count": 0.0, "fpem/gci_node_count": 0.0, "fpem/gci_node_vector_dim": 0.0, "fpem/gci_graph_embed_dim": 0.0, "fpem/gci_graph_embedding_norm_before": 0.0, "fpem/gci_graph_embedding_norm_after": 0.0, "fpem/gci_graph_embedding_std_before": 0.0, "fpem/gci_graph_embedding_std_after": 0.0, "fpem/gci_graph_adj_mean_before": 0.0, "fpem/gci_graph_adj_mean_after": 0.0, "fpem/gci_graph_adj_std_before": 0.0, "fpem/gci_graph_adj_std_after": 0.0, "fpem/gci_graph_align_weight": 0.0, "fpem/gci_graph_align_raw_mse": 0.0, "fpem/gci_graph_align_normalized": 0.0, "fpem/gci_edge_preserve_beta": 0.0, "fpem/gci_graph_align_target_available": 0.0, "fpem/gci_target_adj_mean": 0.0, "fpem/gci_target_adj_std": 0.0, "fpem/gci_target_edge_mean": 0.0, "fpem/gci_target_nonedge_mean": 0.0, "fpem/gci_target_diag_mean": 0.0, "fpem/gci_graph_align_updates_agcrn": 0.0, "fpem/gci_updates_graph_linear": 0.0, "fpem/gci_graph_construction_agcrn_softmax": 0.0, "fpem/scd_assoc_before_C": 0.29966635150568827, "fpem/scd_assoc_after_C": 0.3026570514554069, "fpem/scd_assoc_reduction": -0.002990699949718657, "fpem/scd_relative_violation": 0.13285333315531414, "fpem/sample_assoc_before_C": 0.29966635150568827, "fpem/sample_assoc_after_C": 0.3026570514554069, "fpem/sample_assoc_reduction": -0.002990699949718657, "fpem/sample_dep_before_C": 0.29966635150568827, "fpem/sample_dep_after_C": 0.3026570514554069, "fpem/sample_dep_reduction": -0.002990699949718657, "fpem/scd_batch_size": 16.0, "fpem/scd_sample_vector_dim": 448000.0, "fpem/sample_kernel_alignment": 0.0, "fpem/scd_alignment_loss": 0.0, "fpem/load_level_experts_enabled": 1.0, "fpem/load_level_uses_target_or_future_load": 0.0, "fpem/environment_gate_uses_target_in_forward": 0.0, "fpem/load_level_env_residual_scale": 0.0, "fpem/uses_cached_observable_load_prior": 1.0, "fpem/primary_loss": 9.167463021051317, "fpem/inv_pred_loss": 9.215794308980305, "fpem/primary_uses_route": 1.0, "fpem/primary_uses_env_fusion": 0.0, "fpem/backbone_agcrn": 1.0, "fpem/backbone_graphwavenet": 0.0, "fpem/backbone_staeformer": 0.0, "fpem/gc_pred_loss_only": 1.0, "fpem/env_route_head_mode_hyper_proto": 1.0, "fpem/fpem_force_uniform_route": 0.0, "fpem/hard_prediction_sinkhorn_total_replaces_primary": 0.0, "fpem/hard_prediction_environment_sinkhorn_total_replaces_primary": 0.0, "fpem/warmup_risk_sinkhorn_total_replaces_primary": 0.0, "fpem/lambda_club_mi": 0.0}}
EPOCH {"epoch": 6, "train_loss": 11.030968311854771, "val": {"loss": 11.88259310192532, "mae": 11.676528930664062, "mape": 0.18720069527626038}, "test_mixed": {"loss": NaN, "mae": NaN, "mape": NaN}, "test_workday": {"loss": NaN, "mae": NaN, "mape": NaN}, "test_holiday": {"loss": NaN, "mae": NaN, "mape": NaN}, "test_avg_mae": NaN, "best_selection_value": 11.88259310192532, "best_selection_split": "val", "best_selection_metric": "val_loss", "lr": 0.001, "fpem_logs": {"fpem/fpem_env_use_exogenous": 1.0, "fpem/env_exogenous_available": 1.0, "fpem/env_exogenous_time_available": 1.0, "fpem/env_exogenous_load_available": 1.0, "fpem/env_exogenous_feature_dim": 32.0, "fpem/env_exogenous_embedding_norm": 2.404372113091605, "fpem/env_exogenous_load_embedding_norm": 1.5926021564574468, "fpem/fpem_env_use_period_context": 1.0, "fpem/env_period_context_available": 1.0, "fpem/env_period_day_available_ratio": 0.9732142857142857, "fpem/env_period_week_available_ratio": 0.8244047619047619, "fpem/env_period_context_feature_dim": 6.0, "fpem/env_period_context_scale": 0.10000000149011612, "fpem/env_period_context_delta_norm": 0.16497933921359834, "fpem/env_period_context_day_diff_norm": 0.16272705282483782, "fpem/env_period_context_week_diff_norm": 0.10188992623062361, "fpem/env_rep_ablation_normal": 1.0, "fpem/env_rep_ablation_zero": 0.0, "fpem/env_rep_ablation_shuffle_batch": 0.0, "fpem/env_rep_ablation_mode_id": 0.0, "fpem/mask_loss": 0.0, "fpem/mask_sparse_loss": 0.0, "fpem/mask_entropy_loss": 0.0, "fpem/mask_mean": 1.0, "fpem/mask_entropy": 0.0, "fpem/mask_active_ratio": 1.0, "fpem/fusion_alpha_mean": 0.0, "fpem/fusion_alpha_std": 0.0, "fpem/fusion_alpha_min": 0.0, "fpem/fusion_alpha_max": 0.0, "fpem/env_route_loss": 1.9128696929840814, "fpem/env_route_L_final": 9.14623556137085, "fpem/env_route_L_global": 0.0, "fpem/env_route_L_route_soft": 0.0, "fpem/env_route_L_expert": 9.564348293486095, "fpem/env_route_L_router_oracle": 0.0, "fpem/env_route_L_balance": 0.0, "fpem/env_route_L_diverse": 0.0, "fpem/env_route_L_proto_align": 0.0, "fpem/env_route_entropy": 0.0, "fpem/env_route_q_max_mean": 0.0, "fpem/hyper_alpha_mean": 0.0, "fpem/hyper_delta_norm": 0.0, "fpem/hyper_route_proto_mode_uniform_warmup": 0.0, "fpem/hyper_route_proto_mode_uniform_fixed": 0.0, "fpem/hyper_route_proto_mode_sinkhorn": 0.0, "fpem/hyper_route_proto_mode_softmax": 0.0, "fpem/fallback_q_mean": 0.0, "fpem/fallback_q_max": 0.0, "fpem/env_q_sum_mean": 1.0, "fpem/oracle_fallback_rate": 0.0, "fpem/route_count_fallback": 0.0, "fpem/env_route_head_mode": 1.0, "fpem/route_entropy_mean": 0.0, "fpem/route_mean_distribution_entropy": 0.0, "fpem/effective_expert_number": 1.0, "fpem/max_expert_usage_ratio": 0.0, "fpem/min_expert_usage_ratio": 0.0, "fpem/prototype_pairwise_cosine": 0.0, "fpem/expert_prediction_pairwise_cosine": 0.0, "fpem/expert_collapse_warning": 0.0, "fpem/env_route_target_mode_env_prototype": 0.0, "fpem/env_route_target_mode_hybrid": 0.0, "fpem/env_route_hybrid_alpha": 0.0, "fpem/env_route_train_mode_warmup_risk_sinkhorn": 0.0, "fpem/warmup_risk_stage_warmup": 0.0, "fpem/warmup_risk_stage_soft": 0.0, "fpem/warmup_risk_stage_hard": 0.0, "fpem/warmup_risk_selected_loss": 0.0, "fpem/warmup_risk_uniform_common_loss": 0.0, "fpem/warmup_risk_lambda_common": 0.0, "fpem/warmup_risk_total_common_term": 0.0, "fpem/warmup_risk_temperature": 0.0, "fpem/warmup_risk_temperature_progress": 0.0, "fpem/uniform_expert_mae": 0.0, "fpem/risk_routed_mae": 0.0, "fpem/risk_prediction_mae": 0.0, "fpem/risk_loss": 0.0, "fpem/risk_ranking_loss": 0.0, "fpem/risk_ranking_accuracy": 0.0, "fpem/risk_oracle_argmin_accuracy": 0.0, "fpem/risk_router_temperature": 0.0, "fpem/risk_router_lambda": 0.0, "fpem/risk_router_pairwise_lambda": 0.0, "fpem/env_route_train_mode_progressive_gmm_environment": 0.0, "fpem/top_level_prediction_source_progressive_gmm_teacher_hard": 0.0, "fpem/progressive_assignment_uses_target_or_prediction_error": 0.0, "fpem/progressive_partition_ready": 0.0, "fpem/progressive_selected_k": 0.0, "fpem/progressive_active_expert_count": 0.0, "fpem/progressive_last_partition_epoch": 0.0, "fpem/progressive_lambda_common": 0.0, "fpem/progressive_common_term": 0.0, "fpem/progressive_compactness_loss": 0.0, "fpem/progressive_consistency_loss": 0.0, "fpem/progressive_cluster_entropy": 0.0, "fpem/progressive_assignment_change_ratio": 0.0, "fpem/progressive_hungarian_overlap_score": 0.0, "fpem/progressive_partition_update_time_sec": 0.0, "fpem/progressive_routed_mae": 0.0, "fpem/progressive_gmm_environment_total_replaces_primary": 0.0, "fpem/env_route_count_head_0": 16.0, "fpem/env_route_oracle_count_head_0": 16.0, "fpem/route_count_env_head_0": 16.0, "fpem/route_soft_mean_expert_0": 1.0, "fpem/route_hard_count_expert_0": 16.0, "fpem/hard_count_expert_0": 16.0, "fpem/sinkhorn_soft_col_mass_expert_0": 0.0, "fpem/progressive_active_expert_0": 0.0, "fpem/progressive_cluster_size_0": 0.0, "fpem/progressive_cluster_ratio_0": 0.0, "fpem/progressive_cluster_to_expert_0": 0.0, "fpem/progressive_bic_k1": 0.0, "fpem/progressive_bic_score_k1": 0.0, "fpem/progressive_bic_rejected_k1": 0.0, "fpem/hyper_alpha_head_0": 0.0, "fpem/hyper_gamma_norm_head_0": 0.0, "fpem/hyper_beta_norm_head_0": 0.0, "fpem/expert_cross_mae_group_0_expert_0": 9.564348293486095, "fpem/load_expert_loss": 9.564348293486095, "fpem/counterfactual_risk_router_loss": 0.0, "fpem/counterfactual_risk_regression_loss": 9.088112399691628, "fpem/counterfactual_risk_ranking_loss": 1.615077651114691, "fpem/load_level_assignment_detached": 1.0, "fpem/load_level_count_0": 1680.0, "fpem/load_level_ratio_0": 1.0, "fpem/expert_0_global_loss": 9.564348293486095, "fpem/expert_0_selected_loss": 9.564348293486095, "fpem/counterfactual_risk_stage2_active": 0.0, "fpem/counterfactual_risk_stage2_start_epoch": 20.0, "fpem/counterfactual_risk_all_environment_mae": 9.564348293486095, "fpem/counterfactual_risk_all_invariant_mae": 9.662237439836774, "fpem/counterfactual_risk_routed_mae": 9.564498129345122, "fpem/counterfactual_risk_oracle_mae": 9.469349883851551, "fpem/counterfactual_risk_router_accuracy": 0.6255952380952381, "fpem/counterfactual_risk_router_balanced_accuracy": 0.49956709969611396, "fpem/counterfactual_risk_inv_route_ratio": 0.0005952380952380953, "fpem/counterfactual_risk_env_route_ratio": 0.9994047619047619, "fpem/counterfactual_risk_inv_switch_precision": 0.0, "fpem/counterfactual_risk_correct_inv_switches": 0.0, "fpem/counterfactual_risk_harmful_inv_switches": 0.009523809523809525, "fpem/counterfactual_risk_saved_loss": 0.0, "fpem/counterfactual_risk_added_loss": 0.0001498307500566755, "fpem/counterfactual_risk_net_gain": -0.0001498358590262277, "fpem/counterfactual_risk_regret": 0.09514824549357097, "fpem/counterfactual_risk_oracle_gap_closed": -0.0021889223938896542, "fpem/counterfactual_risk_delta_mean": -0.09788914209320432, "fpem/counterfactual_risk_target_inv_ratio": 0.3738095238095238, "fpem/counterfactual_risk_weight_env_sum": 7.999999950045631, "fpem/counterfactual_risk_weight_inv_sum": 7.9999999364217125, "fpem/counterfactual_risk_prediction_is_hard_route": 1.0, "fpem/counterfactual_risk_prediction_is_soft_fusion": 0.0, "fpem/counterfactual_risk_target_detached": 1.0, "fpem/counterfactual_risk_uses_threshold": 0.0, "fpem/counterfactual_risk_all_samples_used_for_router": 1.0, "fpem/hard_router_predicted_env_ratio": 0.9994047619047619, "fpem/hard_router_effective_env_ratio": 1.0, "fpem/hard_router_target_env_ratio": 0.6261904761904762, "fpem/hard_router_gain_mean": -0.09788914209320432, "fpem/expert_prediction_pairwise_difference": 0.0, "fpem/delta_pairwise_cosine": 0.0, "fpem/delta_pairwise_l1": 0.0, "fpem/delta_pairwise_l2": 0.0, "fpem/expert_0_parameter_norm": 14.847583107721238, "fpem/hard_binary_router_enabled": 0.0, "fpem/hard_router_uses_target_in_forward": 0.0, "fpem/stored_future_c_loaded": 0.0, "fpem/prediction_is_weighted_complete_fusion": 0.0, "fpem/prediction_is_hard_route": 1.0, "fpem/conservative_inv_override_enabled": 0.0, "fpem/conservative_router_features_detached": 1.0, "fpem/counterfactual_risk_router_enabled": 1.0, "fpem/counterfactual_risk_stage2_active_forward": 0.0, "fpem/counterfactual_risk_deploy_route_active": 0.0, "fpem/counterfactual_risk_training_uses_route": 0.0, "fpem/counterfactual_risk_forward_uses_threshold": 0.0, "fpem/future_mi_loss": 0.0, "fpem/future_mi_valid": 0.0, "fpem/future_mi_logvar_mean": 0.0, "fpem/future_mi_target_mode_env_encoder": 0.0, "fpem/swap_loss": 0.0, "fpem/swap_diff_loss": 0.0, "fpem/swap_same_loss": 0.0, "fpem/swap_gain_mean": 0.0, "fpem/swap_s_gain_mean": 0.0, "fpem/swap_fallback_router_loss": 0.0, "fpem/swap_fallback_q_mean": 0.0, "fpem/swap_prediction_delta": 0.0, "fpem/swap_route_delta": 0.0, "fpem/swap_hyper_alpha_delta": 0.0, "fpem/swap_hyper_delta_norm": 0.0, "fpem/loss_env_day": 0.0, "fpem/loss_env_hour": 0.0, "fpem/loss_env_rush": 0.0, "fpem/env_day_acc": 0.0, "fpem/env_hour_acc": 0.0, "fpem/env_rush_acc": 0.0, "fpem/loss_env_supcon": 0.0, "fpem/env_supcon_valid_pairs": 0.0, "fpem/loss_inv_env_adv": 0.0, "fpem/inv_day_acc": 0.0, "fpem/inv_hour_acc": 0.0, "fpem/inv_rush_acc": 0.0, "fpem/loss_cross_cov_sep": 0.0, "fpem/confounder_dep_enabled": 1.0, "fpem/confounder_dep_mode_gci": 0.0, "fpem/confounder_dep_mode_scd": 1.0, "fpem/confounder_dep_mode_both": 0.0, "fpem/confounder_dep_total": 1.3328132349886887e-05, "fpem/loss_gci": 0.0, "fpem/loss_gci_drop": 0.0, "fpem/loss_gci_keep": 0.0, "fpem/loss_gci_graph_align": 0.0, "fpem/loss_scd": 0.13225631383912903, "fpem/loss_conf_kl": 0.010250130455408778, "fpem/effective_gci_weight": 0.0, "fpem/effective_gci_graph_align_weight": 0.10000000149011612, "fpem/effective_scd_weight": 9.999999747378752e-05, "fpem/effective_conf_kl_weight": 9.999999747378752e-06, "fpem/confounder_dep_ramp_factor": 0.10000000149011612, "fpem/C_mean": 0.0005452922501024746, "fpem/C_std": 1.0016210936364673, "fpem/C_norm": 2.755872562953404, "fpem/confounder_token_norm": 7.976598785037086, "fpem/confounder_variational": 1.0, "fpem/confounder_projection_trace": 7.998704560597738, "fpem/confounder_projection_ridge": 0.0010000000474974513, "fpem/confounder_projection_rank_dim": 8.0, "fpem/confounder_projection_calls": 1.0, "fpem/confounder_dep_detach_target": 1.0, "fpem/gci_nonedge_mass_before_C": 0.0, "fpem/gci_nonedge_mass_after_C": 0.0, "fpem/gci_nonedge_mass_reduction": 0.0, "fpem/gci_relative_violation": 0.0, "fpem/gci_edge_before_C": 0.0, "fpem/gci_edge_after_C": 0.0, "fpem/gci_nonedge_conn_before_C": 0.0, "fpem/gci_nonedge_conn_after_C": 0.0, "fpem/gci_nonedge_conn_reduction": 0.0, "fpem/gci_edge_conn_before_C": 0.0, "fpem/gci_edge_conn_after_C": 0.0, "fpem/gci_edge_conn_reduction": 0.0, "fpem/gci_nonedge_dep_before_C": 0.0, "fpem/gci_nonedge_dep_after_C": 0.0, "fpem/gci_nonedge_dep_reduction": 0.0, "fpem/gci_edge_dep_before_C": 0.0, "fpem/gci_edge_dep_after_C": 0.0, "fpem/gci_nonedge_count": 0.0, "fpem/gci_edge_count": 0.0, "fpem/gci_node_count": 0.0, "fpem/gci_node_vector_dim": 0.0, "fpem/gci_graph_embed_dim": 0.0, "fpem/gci_graph_embedding_norm_before": 0.0, "fpem/gci_graph_embedding_norm_after": 0.0, "fpem/gci_graph_embedding_std_before": 0.0, "fpem/gci_graph_embedding_std_after": 0.0, "fpem/gci_graph_adj_mean_before": 0.0, "fpem/gci_graph_adj_mean_after": 0.0, "fpem/gci_graph_adj_std_before": 0.0, "fpem/gci_graph_adj_std_after": 0.0, "fpem/gci_graph_align_weight": 0.0, "fpem/gci_graph_align_raw_mse": 0.0, "fpem/gci_graph_align_normalized": 0.0, "fpem/gci_edge_preserve_beta": 0.0, "fpem/gci_graph_align_target_available": 0.0, "fpem/gci_target_adj_mean": 0.0, "fpem/gci_target_adj_std": 0.0, "fpem/gci_target_edge_mean": 0.0, "fpem/gci_target_nonedge_mean": 0.0, "fpem/gci_target_diag_mean": 0.0, "fpem/gci_graph_align_updates_agcrn": 0.0, "fpem/gci_updates_graph_linear": 0.0, "fpem/gci_graph_construction_agcrn_softmax": 0.0, "fpem/scd_assoc_before_C": 0.29859556399640586, "fpem/scd_assoc_after_C": 0.29993491882369633, "fpem/scd_assoc_reduction": -0.0013393548272904897, "fpem/scd_relative_violation": 0.13225631383912903, "fpem/sample_assoc_before_C": 0.29859556399640586, "fpem/sample_assoc_after_C": 0.29993491882369633, "fpem/sample_assoc_reduction": -0.0013393548272904897, "fpem/sample_dep_before_C": 0.29859556399640586, "fpem/sample_dep_after_C": 0.29993491882369633, "fpem/sample_dep_reduction": -0.0013393548272904897, "fpem/scd_batch_size": 16.0, "fpem/scd_sample_vector_dim": 448000.0, "fpem/sample_kernel_alignment": 0.0, "fpem/scd_alignment_loss": 0.0, "fpem/load_level_experts_enabled": 1.0, "fpem/load_level_uses_target_or_future_load": 0.0, "fpem/environment_gate_uses_target_in_forward": 0.0, "fpem/load_level_env_residual_scale": 0.0, "fpem/uses_cached_observable_load_prior": 1.0, "fpem/primary_loss": 9.14623556137085, "fpem/inv_pred_loss": 9.22122988927932, "fpem/primary_uses_route": 1.0, "fpem/primary_uses_env_fusion": 0.0, "fpem/backbone_agcrn": 1.0, "fpem/backbone_graphwavenet": 0.0, "fpem/backbone_staeformer": 0.0, "fpem/gc_pred_loss_only": 1.0, "fpem/env_route_head_mode_hyper_proto": 1.0, "fpem/fpem_force_uniform_route": 0.0, "fpem/hard_prediction_sinkhorn_total_replaces_primary": 0.0, "fpem/hard_prediction_environment_sinkhorn_total_replaces_primary": 0.0, "fpem/warmup_risk_sinkhorn_total_replaces_primary": 0.0, "fpem/lambda_club_mi": 0.0}}
EPOCH {"epoch": 7, "train_loss": 11.055891009739467, "val": {"loss": 11.900062481562296, "mae": 11.667969703674316, "mape": 0.19802050292491913}, "test_mixed": {"loss": NaN, "mae": NaN, "mape": NaN}, "test_workday": {"loss": NaN, "mae": NaN, "mape": NaN}, "test_holiday": {"loss": NaN, "mae": NaN, "mape": NaN}, "test_avg_mae": NaN, "best_selection_value": 11.900062481562296, "best_selection_split": "val", "best_selection_metric": "val_loss", "lr": 0.001, "fpem_logs": {"fpem/fpem_env_use_exogenous": 1.0, "fpem/env_exogenous_available": 1.0, "fpem/env_exogenous_time_available": 1.0, "fpem/env_exogenous_load_available": 1.0, "fpem/env_exogenous_feature_dim": 32.0, "fpem/env_exogenous_embedding_norm": 2.418941995075771, "fpem/env_exogenous_load_embedding_norm": 1.6079356409254528, "fpem/fpem_env_use_period_context": 1.0, "fpem/env_period_context_available": 1.0, "fpem/env_period_day_available_ratio": 0.9732142857142857, "fpem/env_period_week_available_ratio": 0.8244047619047619, "fpem/env_period_context_feature_dim": 6.0, "fpem/env_period_context_scale": 0.10000000149011612, "fpem/env_period_context_delta_norm": 0.17339958832377478, "fpem/env_period_context_day_diff_norm": 0.1627270526119641, "fpem/env_period_context_week_diff_norm": 0.1018899271885554, "fpem/env_rep_ablation_normal": 1.0, "fpem/env_rep_ablation_zero": 0.0, "fpem/env_rep_ablation_shuffle_batch": 0.0, "fpem/env_rep_ablation_mode_id": 0.0, "fpem/mask_loss": 0.0, "fpem/mask_sparse_loss": 0.0, "fpem/mask_entropy_loss": 0.0, "fpem/mask_mean": 1.0, "fpem/mask_entropy": 0.0, "fpem/mask_active_ratio": 1.0, "fpem/fusion_alpha_mean": 0.0, "fpem/fusion_alpha_std": 0.0, "fpem/fusion_alpha_min": 0.0, "fpem/fusion_alpha_max": 0.0, "fpem/env_route_loss": 1.9128251507168725, "fpem/env_route_L_final": 9.145797248113723, "fpem/env_route_L_global": 0.0, "fpem/env_route_L_route_soft": 0.0, "fpem/env_route_L_expert": 9.564125615074522, "fpem/env_route_L_router_oracle": 0.0, "fpem/env_route_L_balance": 0.0, "fpem/env_route_L_diverse": 0.0, "fpem/env_route_L_proto_align": 0.0, "fpem/env_route_entropy": 0.0, "fpem/env_route_q_max_mean": 0.0, "fpem/hyper_alpha_mean": 0.0, "fpem/hyper_delta_norm": 0.0, "fpem/hyper_route_proto_mode_uniform_warmup": 0.0, "fpem/hyper_route_proto_mode_uniform_fixed": 0.0, "fpem/hyper_route_proto_mode_sinkhorn": 0.0, "fpem/hyper_route_proto_mode_softmax": 0.0, "fpem/fallback_q_mean": 0.0, "fpem/fallback_q_max": 0.0, "fpem/env_q_sum_mean": 1.0, "fpem/oracle_fallback_rate": 0.0, "fpem/route_count_fallback": 0.0, "fpem/env_route_head_mode": 1.0, "fpem/route_entropy_mean": 0.0, "fpem/route_mean_distribution_entropy": 0.0, "fpem/effective_expert_number": 1.0, "fpem/max_expert_usage_ratio": 0.0, "fpem/min_expert_usage_ratio": 0.0, "fpem/prototype_pairwise_cosine": 0.0, "fpem/expert_prediction_pairwise_cosine": 0.0, "fpem/expert_collapse_warning": 0.0, "fpem/env_route_target_mode_env_prototype": 0.0, "fpem/env_route_target_mode_hybrid": 0.0, "fpem/env_route_hybrid_alpha": 0.0, "fpem/env_route_train_mode_warmup_risk_sinkhorn": 0.0, "fpem/warmup_risk_stage_warmup": 0.0, "fpem/warmup_risk_stage_soft": 0.0, "fpem/warmup_risk_stage_hard": 0.0, "fpem/warmup_risk_selected_loss": 0.0, "fpem/warmup_risk_uniform_common_loss": 0.0, "fpem/warmup_risk_lambda_common": 0.0, "fpem/warmup_risk_total_common_term": 0.0, "fpem/warmup_risk_temperature": 0.0, "fpem/warmup_risk_temperature_progress": 0.0, "fpem/uniform_expert_mae": 0.0, "fpem/risk_routed_mae": 0.0, "fpem/risk_prediction_mae": 0.0, "fpem/risk_loss": 0.0, "fpem/risk_ranking_loss": 0.0, "fpem/risk_ranking_accuracy": 0.0, "fpem/risk_oracle_argmin_accuracy": 0.0, "fpem/risk_router_temperature": 0.0, "fpem/risk_router_lambda": 0.0, "fpem/risk_router_pairwise_lambda": 0.0, "fpem/env_route_train_mode_progressive_gmm_environment": 0.0, "fpem/top_level_prediction_source_progressive_gmm_teacher_hard": 0.0, "fpem/progressive_assignment_uses_target_or_prediction_error": 0.0, "fpem/progressive_partition_ready": 0.0, "fpem/progressive_selected_k": 0.0, "fpem/progressive_active_expert_count": 0.0, "fpem/progressive_last_partition_epoch": 0.0, "fpem/progressive_lambda_common": 0.0, "fpem/progressive_common_term": 0.0, "fpem/progressive_compactness_loss": 0.0, "fpem/progressive_consistency_loss": 0.0, "fpem/progressive_cluster_entropy": 0.0, "fpem/progressive_assignment_change_ratio": 0.0, "fpem/progressive_hungarian_overlap_score": 0.0, "fpem/progressive_partition_update_time_sec": 0.0, "fpem/progressive_routed_mae": 0.0, "fpem/progressive_gmm_environment_total_replaces_primary": 0.0, "fpem/env_route_count_head_0": 16.0, "fpem/env_route_oracle_count_head_0": 16.0, "fpem/route_count_env_head_0": 16.0, "fpem/route_soft_mean_expert_0": 1.0, "fpem/route_hard_count_expert_0": 16.0, "fpem/hard_count_expert_0": 16.0, "fpem/sinkhorn_soft_col_mass_expert_0": 0.0, "fpem/progressive_active_expert_0": 0.0, "fpem/progressive_cluster_size_0": 0.0, "fpem/progressive_cluster_ratio_0": 0.0, "fpem/progressive_cluster_to_expert_0": 0.0, "fpem/progressive_bic_k1": 0.0, "fpem/progressive_bic_score_k1": 0.0, "fpem/progressive_bic_rejected_k1": 0.0, "fpem/hyper_alpha_head_0": 0.0, "fpem/hyper_gamma_norm_head_0": 0.0, "fpem/hyper_beta_norm_head_0": 0.0, "fpem/expert_cross_mae_group_0_expert_0": 9.564125615074522, "fpem/load_expert_loss": 9.564125615074522, "fpem/counterfactual_risk_router_loss": 0.0, "fpem/counterfactual_risk_regression_loss": 9.212769839877174, "fpem/counterfactual_risk_ranking_loss": 1.5895461922600156, "fpem/load_level_assignment_detached": 1.0, "fpem/load_level_count_0": 1680.0, "fpem/load_level_ratio_0": 1.0, "fpem/expert_0_global_loss": 9.564125615074522, "fpem/expert_0_selected_loss": 9.564125615074522, "fpem/counterfactual_risk_stage2_active": 0.0, "fpem/counterfactual_risk_stage2_start_epoch": 20.0, "fpem/counterfactual_risk_all_environment_mae": 9.564125615074522, "fpem/counterfactual_risk_all_invariant_mae": 9.662237507956368, "fpem/counterfactual_risk_routed_mae": 9.564125615074522, "fpem/counterfactual_risk_oracle_mae": 9.466410032908122, "fpem/counterfactual_risk_router_accuracy": 0.6303571428571428, "fpem/counterfactual_risk_router_balanced_accuracy": 0.5, "fpem/counterfactual_risk_inv_route_ratio": 0.0, "fpem/counterfactual_risk_env_route_ratio": 1.0, "fpem/counterfactual_risk_inv_switch_precision": 0.0, "fpem/counterfactual_risk_correct_inv_switches": 0.0, "fpem/counterfactual_risk_harmful_inv_switches": 0.0, "fpem/counterfactual_risk_saved_loss": 0.0, "fpem/counterfactual_risk_added_loss": 0.0, "fpem/counterfactual_risk_net_gain": 0.0, "fpem/counterfactual_risk_regret": 0.09771558216639928, "fpem/counterfactual_risk_oracle_gap_closed": 0.0, "fpem/counterfactual_risk_delta_mean": -0.0981118626537777, "fpem/counterfactual_risk_target_inv_ratio": 0.36964285714285716, "fpem/counterfactual_risk_weight_env_sum": 7.999999959128243, "fpem/counterfactual_risk_weight_inv_sum": 7.999999972752162, "fpem/counterfactual_risk_prediction_is_hard_route": 1.0, "fpem/counterfactual_risk_prediction_is_soft_fusion": 0.0, "fpem/counterfactual_risk_target_detached": 1.0, "fpem/counterfactual_risk_uses_threshold": 0.0, "fpem/counterfactual_risk_all_samples_used_for_router": 1.0, "fpem/hard_router_predicted_env_ratio": 1.0, "fpem/hard_router_effective_env_ratio": 1.0, "fpem/hard_router_target_env_ratio": 0.6303571428571428, "fpem/hard_router_gain_mean": -0.0981118626537777, "fpem/expert_prediction_pairwise_difference": 0.0, "fpem/delta_pairwise_cosine": 0.0, "fpem/delta_pairwise_l1": 0.0, "fpem/delta_pairwise_l2": 0.0, "fpem/expert_0_parameter_norm": 14.851921045212519, "fpem/hard_binary_router_enabled": 0.0, "fpem/hard_router_uses_target_in_forward": 0.0, "fpem/stored_future_c_loaded": 0.0, "fpem/prediction_is_weighted_complete_fusion": 0.0, "fpem/prediction_is_hard_route": 1.0, "fpem/conservative_inv_override_enabled": 0.0, "fpem/conservative_router_features_detached": 1.0, "fpem/counterfactual_risk_router_enabled": 1.0, "fpem/counterfactual_risk_stage2_active_forward": 0.0, "fpem/counterfactual_risk_deploy_route_active": 0.0, "fpem/counterfactual_risk_training_uses_route": 0.0, "fpem/counterfactual_risk_forward_uses_threshold": 0.0, "fpem/future_mi_loss": 0.0, "fpem/future_mi_valid": 0.0, "fpem/future_mi_logvar_mean": 0.0, "fpem/future_mi_target_mode_env_encoder": 0.0, "fpem/swap_loss": 0.0, "fpem/swap_diff_loss": 0.0, "fpem/swap_same_loss": 0.0, "fpem/swap_gain_mean": 0.0, "fpem/swap_s_gain_mean": 0.0, "fpem/swap_fallback_router_loss": 0.0, "fpem/swap_fallback_q_mean": 0.0, "fpem/swap_prediction_delta": 0.0, "fpem/swap_route_delta": 0.0, "fpem/swap_hyper_alpha_delta": 0.0, "fpem/swap_hyper_delta_norm": 0.0, "fpem/loss_env_day": 0.0, "fpem/loss_env_hour": 0.0, "fpem/loss_env_rush": 0.0, "fpem/env_day_acc": 0.0, "fpem/env_hour_acc": 0.0, "fpem/env_rush_acc": 0.0, "fpem/loss_env_supcon": 0.0, "fpem/env_supcon_valid_pairs": 0.0, "fpem/loss_inv_env_adv": 0.0, "fpem/inv_day_acc": 0.0, "fpem/inv_hour_acc": 0.0, "fpem/inv_rush_acc": 0.0, "fpem/loss_cross_cov_sep": 0.0, "fpem/confounder_dep_enabled": 1.0, "fpem/confounder_dep_mode_gci": 0.0, "fpem/confounder_dep_mode_scd": 1.0, "fpem/confounder_dep_mode_both": 0.0, "fpem/confounder_dep_total": 2.6958358925878116e-05, "fpem/loss_gci": 0.0, "fpem/loss_gci_drop": 0.0, "fpem/loss_gci_keep": 0.0, "fpem/loss_gci_graph_align": 0.0, "fpem/loss_scd": 0.134757309229601, "fpem/loss_conf_kl": 0.00034488939813205177, "fpem/effective_gci_weight": 0.0, "fpem/effective_gci_graph_align_weight": 0.10000000149011612, "fpem/effective_scd_weight": 0.00019999999494757503, "fpem/effective_conf_kl_weight": 1.9999999494757503e-05, "fpem/confounder_dep_ramp_factor": 0.20000000298023224, "fpem/C_mean": -0.0013868913364907106, "fpem/C_std": 0.9852060993512471, "fpem/C_norm": 2.7200833456856865, "fpem/confounder_token_norm": 7.968734832037063, "fpem/confounder_variational": 1.0, "fpem/confounder_projection_trace": 7.99871138618106, "fpem/confounder_projection_ridge": 0.0010000000474974513, "fpem/confounder_projection_rank_dim": 8.0, "fpem/confounder_projection_calls": 1.0, "fpem/confounder_dep_detach_target": 1.0, "fpem/gci_nonedge_mass_before_C": 0.0, "fpem/gci_nonedge_mass_after_C": 0.0, "fpem/gci_nonedge_mass_reduction": 0.0, "fpem/gci_relative_violation": 0.0, "fpem/gci_edge_before_C": 0.0, "fpem/gci_edge_after_C": 0.0, "fpem/gci_nonedge_conn_before_C": 0.0, "fpem/gci_nonedge_conn_after_C": 0.0, "fpem/gci_nonedge_conn_reduction": 0.0, "fpem/gci_edge_conn_before_C": 0.0, "fpem/gci_edge_conn_after_C": 0.0, "fpem/gci_edge_conn_reduction": 0.0, "fpem/gci_nonedge_dep_before_C": 0.0, "fpem/gci_nonedge_dep_after_C": 0.0, "fpem/gci_nonedge_dep_reduction": 0.0, "fpem/gci_edge_dep_before_C": 0.0, "fpem/gci_edge_dep_after_C": 0.0, "fpem/gci_nonedge_count": 0.0, "fpem/gci_edge_count": 0.0, "fpem/gci_node_count": 0.0, "fpem/gci_node_vector_dim": 0.0, "fpem/gci_graph_embed_dim": 0.0, "fpem/gci_graph_embedding_norm_before": 0.0, "fpem/gci_graph_embedding_norm_after": 0.0, "fpem/gci_graph_embedding_std_before": 0.0, "fpem/gci_graph_embedding_std_after": 0.0, "fpem/gci_graph_adj_mean_before": 0.0, "fpem/gci_graph_adj_mean_after": 0.0, "fpem/gci_graph_adj_std_before": 0.0, "fpem/gci_graph_adj_std_after": 0.0, "fpem/gci_graph_align_weight": 0.0, "fpem/gci_graph_align_raw_mse": 0.0, "fpem/gci_graph_align_normalized": 0.0, "fpem/gci_edge_preserve_beta": 0.0, "fpem/gci_graph_align_target_available": 0.0, "fpem/gci_target_adj_mean": 0.0, "fpem/gci_target_adj_std": 0.0, "fpem/gci_target_edge_mean": 0.0, "fpem/gci_target_nonedge_mean": 0.0, "fpem/gci_target_diag_mean": 0.0, "fpem/gci_graph_align_updates_agcrn": 0.0, "fpem/gci_updates_graph_linear": 0.0, "fpem/gci_graph_construction_agcrn_softmax": 0.0, "fpem/scd_assoc_before_C": 0.28734088454927714, "fpem/scd_assoc_after_C": 0.2997898575805482, "fpem/scd_assoc_reduction": -0.012448973031271071, "fpem/scd_relative_violation": 0.134757309229601, "fpem/sample_assoc_before_C": 0.28734088454927714, "fpem/sample_assoc_after_C": 0.2997898575805482, "fpem/sample_assoc_reduction": -0.012448973031271071, "fpem/sample_dep_before_C": 0.28734088454927714, "fpem/sample_dep_after_C": 0.2997898575805482, "fpem/sample_dep_reduction": -0.012448973031271071, "fpem/scd_batch_size": 16.0, "fpem/scd_sample_vector_dim": 448000.0, "fpem/sample_kernel_alignment": 0.0, "fpem/scd_alignment_loss": 0.0, "fpem/load_level_experts_enabled": 1.0, "fpem/load_level_uses_target_or_future_load": 0.0, "fpem/environment_gate_uses_target_in_forward": 0.0, "fpem/load_level_env_residual_scale": 0.0, "fpem/uses_cached_observable_load_prior": 1.0, "fpem/primary_loss": 9.145797248113723, "fpem/inv_pred_loss": 9.216269048055013, "fpem/primary_uses_route": 1.0, "fpem/primary_uses_env_fusion": 0.0, "fpem/backbone_agcrn": 1.0, "fpem/backbone_graphwavenet": 0.0, "fpem/backbone_staeformer": 0.0, "fpem/gc_pred_loss_only": 1.0, "fpem/env_route_head_mode_hyper_proto": 1.0, "fpem/fpem_force_uniform_route": 0.0, "fpem/hard_prediction_sinkhorn_total_replaces_primary": 0.0, "fpem/hard_prediction_environment_sinkhorn_total_replaces_primary": 0.0, "fpem/warmup_risk_sinkhorn_total_replaces_primary": 0.0, "fpem/lambda_club_mi": 0.0}}
EPOCH {"epoch": 8, "train_loss": 11.006786255609422, "val": {"loss": 12.018440246582031, "mae": 11.808889389038086, "mape": 0.18941128253936768}, "test_mixed": {"loss": NaN, "mae": NaN, "mape": NaN}, "test_workday": {"loss": NaN, "mae": NaN, "mape": NaN}, "test_holiday": {"loss": NaN, "mae": NaN, "mape": NaN}, "test_avg_mae": NaN, "best_selection_value": 12.018440246582031, "best_selection_split": "val", "best_selection_metric": "val_loss", "lr": 0.001, "fpem_logs": {"fpem/fpem_env_use_exogenous": 1.0, "fpem/env_exogenous_available": 1.0, "fpem/env_exogenous_time_available": 1.0, "fpem/env_exogenous_load_available": 1.0, "fpem/env_exogenous_feature_dim": 32.0, "fpem/env_exogenous_embedding_norm": 2.4284062612624395, "fpem/env_exogenous_load_embedding_norm": 1.6160408826101393, "fpem/fpem_env_use_period_context": 1.0, "fpem/env_period_context_available": 1.0, "fpem/env_period_day_available_ratio": 0.9732142857142857, "fpem/env_period_week_available_ratio": 0.8244047619047619, "fpem/env_period_context_feature_dim": 6.0, "fpem/env_period_context_scale": 0.10000000149011612, "fpem/env_period_context_delta_norm": 0.1744803833109992, "fpem/env_period_context_day_diff_norm": 0.16272705218621664, "fpem/env_period_context_week_diff_norm": 0.10188992697568167, "fpem/env_rep_ablation_normal": 1.0, "fpem/env_rep_ablation_zero": 0.0, "fpem/env_rep_ablation_shuffle_batch": 0.0, "fpem/env_rep_ablation_mode_id": 0.0, "fpem/mask_loss": 0.0, "fpem/mask_sparse_loss": 0.0, "fpem/mask_entropy_loss": 0.0, "fpem/mask_mean": 1.0, "fpem/mask_entropy": 0.0, "fpem/mask_active_ratio": 1.0, "fpem/fusion_alpha_mean": 0.0, "fpem/fusion_alpha_std": 0.0, "fpem/fusion_alpha_min": 0.0, "fpem/fusion_alpha_max": 0.0, "fpem/env_route_loss": 1.9047111204692295, "fpem/env_route_L_final": 9.10214390981765, "fpem/env_route_L_global": 0.0, "fpem/env_route_L_route_soft": 0.0, "fpem/env_route_L_expert": 9.523555469512939, "fpem/env_route_L_router_oracle": 0.0, "fpem/env_route_L_balance": 0.0, "fpem/env_route_L_diverse": 0.0, "fpem/env_route_L_proto_align": 0.0, "fpem/env_route_entropy": 0.0, "fpem/env_route_q_max_mean": 0.0, "fpem/hyper_alpha_mean": 0.0, "fpem/hyper_delta_norm": 0.0, "fpem/hyper_route_proto_mode_uniform_warmup": 0.0, "fpem/hyper_route_proto_mode_uniform_fixed": 0.0, "fpem/hyper_route_proto_mode_sinkhorn": 0.0, "fpem/hyper_route_proto_mode_softmax": 0.0, "fpem/fallback_q_mean": 0.0, "fpem/fallback_q_max": 0.0, "fpem/env_q_sum_mean": 1.0, "fpem/oracle_fallback_rate": 0.0, "fpem/route_count_fallback": 0.0, "fpem/env_route_head_mode": 1.0, "fpem/route_entropy_mean": 0.0, "fpem/route_mean_distribution_entropy": 0.0, "fpem/effective_expert_number": 1.0, "fpem/max_expert_usage_ratio": 0.0, "fpem/min_expert_usage_ratio": 0.0, "fpem/prototype_pairwise_cosine": 0.0, "fpem/expert_prediction_pairwise_cosine": 0.0, "fpem/expert_collapse_warning": 0.0, "fpem/env_route_target_mode_env_prototype": 0.0, "fpem/env_route_target_mode_hybrid": 0.0, "fpem/env_route_hybrid_alpha": 0.0, "fpem/env_route_train_mode_warmup_risk_sinkhorn": 0.0, "fpem/warmup_risk_stage_warmup": 0.0, "fpem/warmup_risk_stage_soft": 0.0, "fpem/warmup_risk_stage_hard": 0.0, "fpem/warmup_risk_selected_loss": 0.0, "fpem/warmup_risk_uniform_common_loss": 0.0, "fpem/warmup_risk_lambda_common": 0.0, "fpem/warmup_risk_total_common_term": 0.0, "fpem/warmup_risk_temperature": 0.0, "fpem/warmup_risk_temperature_progress": 0.0, "fpem/uniform_expert_mae": 0.0, "fpem/risk_routed_mae": 0.0, "fpem/risk_prediction_mae": 0.0, "fpem/risk_loss": 0.0, "fpem/risk_ranking_loss": 0.0, "fpem/risk_ranking_accuracy": 0.0, "fpem/risk_oracle_argmin_accuracy": 0.0, "fpem/risk_router_temperature": 0.0, "fpem/risk_router_lambda": 0.0, "fpem/risk_router_pairwise_lambda": 0.0, "fpem/env_route_train_mode_progressive_gmm_environment": 0.0, "fpem/top_level_prediction_source_progressive_gmm_teacher_hard": 0.0, "fpem/progressive_assignment_uses_target_or_prediction_error": 0.0, "fpem/progressive_partition_ready": 0.0, "fpem/progressive_selected_k": 0.0, "fpem/progressive_active_expert_count": 0.0, "fpem/progressive_last_partition_epoch": 0.0, "fpem/progressive_lambda_common": 0.0, "fpem/progressive_common_term": 0.0, "fpem/progressive_compactness_loss": 0.0, "fpem/progressive_consistency_loss": 0.0, "fpem/progressive_cluster_entropy": 0.0, "fpem/progressive_assignment_change_ratio": 0.0, "fpem/progressive_hungarian_overlap_score": 0.0, "fpem/progressive_partition_update_time_sec": 0.0, "fpem/progressive_routed_mae": 0.0, "fpem/progressive_gmm_environment_total_replaces_primary": 0.0, "fpem/env_route_count_head_0": 16.0, "fpem/env_route_oracle_count_head_0": 16.0, "fpem/route_count_env_head_0": 16.0, "fpem/route_soft_mean_expert_0": 1.0, "fpem/route_hard_count_expert_0": 16.0, "fpem/hard_count_expert_0": 16.0, "fpem/sinkhorn_soft_col_mass_expert_0": 0.0, "fpem/progressive_active_expert_0": 0.0, "fpem/progressive_cluster_size_0": 0.0, "fpem/progressive_cluster_ratio_0": 0.0, "fpem/progressive_cluster_to_expert_0": 0.0, "fpem/progressive_bic_k1": 0.0, "fpem/progressive_bic_score_k1": 0.0, "fpem/progressive_bic_rejected_k1": 0.0, "fpem/hyper_alpha_head_0": 0.0, "fpem/hyper_gamma_norm_head_0": 0.0, "fpem/hyper_beta_norm_head_0": 0.0, "fpem/expert_cross_mae_group_0_expert_0": 9.523555469512939, "fpem/load_expert_loss": 9.523555469512939, "fpem/counterfactual_risk_router_loss": 0.0, "fpem/counterfactual_risk_regression_loss": 9.126656573159353, "fpem/counterfactual_risk_ranking_loss": 1.5854869453679947, "fpem/load_level_assignment_detached": 1.0, "fpem/load_level_count_0": 1680.0, "fpem/load_level_ratio_0": 1.0, "fpem/expert_0_global_loss": 9.523555469512939, "fpem/expert_0_selected_loss": 9.523555469512939, "fpem/counterfactual_risk_stage2_active": 0.0, "fpem/counterfactual_risk_stage2_start_epoch": 20.0, "fpem/counterfactual_risk_all_environment_mae": 9.523555469512939, "fpem/counterfactual_risk_all_invariant_mae": 9.66223749433245, "fpem/counterfactual_risk_routed_mae": 9.523555469512939, "fpem/counterfactual_risk_oracle_mae": 9.454216007959275, "fpem/counterfactual_risk_router_accuracy": 0.674404761904762, "fpem/counterfactual_risk_router_balanced_accuracy": 0.5047619047619047, "fpem/counterfactual_risk_inv_route_ratio": 0.0, "fpem/counterfactual_risk_env_route_ratio": 1.0, "fpem/counterfactual_risk_inv_switch_precision": 0.0, "fpem/counterfactual_risk_correct_inv_switches": 0.0, "fpem/counterfactual_risk_harmful_inv_switches": 0.0, "fpem/counterfactual_risk_saved_loss": 0.0, "fpem/counterfactual_risk_added_loss": 0.0, "fpem/counterfactual_risk_net_gain": 0.0, "fpem/counterfactual_risk_regret": 0.06933946155366444, "fpem/counterfactual_risk_oracle_gap_closed": 0.0, "fpem/counterfactual_risk_delta_mean": -0.13868202652250017, "fpem/counterfactual_risk_target_inv_ratio": 0.3255952380952381, "fpem/counterfactual_risk_weight_env_sum": 8.07619043531872, "fpem/counterfactual_risk_weight_inv_sum": 7.9238094647725426, "fpem/counterfactual_risk_prediction_is_hard_route": 1.0, "fpem/counterfactual_risk_prediction_is_soft_fusion": 0.0, "fpem/counterfactual_risk_target_detached": 1.0, "fpem/counterfactual_risk_uses_threshold": 0.0, "fpem/counterfactual_risk_all_samples_used_for_router": 1.0, "fpem/hard_router_predicted_env_ratio": 1.0, "fpem/hard_router_effective_env_ratio": 1.0, "fpem/hard_router_target_env_ratio": 0.674404761904762, "fpem/hard_router_gain_mean": -0.13868202652250017, "fpem/expert_prediction_pairwise_difference": 0.0, "fpem/delta_pairwise_cosine": 0.0, "fpem/delta_pairwise_l1": 0.0, "fpem/delta_pairwise_l2": 0.0, "fpem/expert_0_parameter_norm": 14.855999619620187, "fpem/hard_binary_router_enabled": 0.0, "fpem/hard_router_uses_target_in_forward": 0.0, "fpem/stored_future_c_loaded": 0.0, "fpem/prediction_is_weighted_complete_fusion": 0.0, "fpem/prediction_is_hard_route": 1.0, "fpem/conservative_inv_override_enabled": 0.0, "fpem/conservative_router_features_detached": 1.0, "fpem/counterfactual_risk_router_enabled": 1.0, "fpem/counterfactual_risk_stage2_active_forward": 0.0, "fpem/counterfactual_risk_deploy_route_active": 0.0, "fpem/counterfactual_risk_training_uses_route": 0.0, "fpem/counterfactual_risk_forward_uses_threshold": 0.0, "fpem/future_mi_loss": 0.0, "fpem/future_mi_valid": 0.0, "fpem/future_mi_logvar_mean": 0.0, "fpem/future_mi_target_mode_env_encoder": 0.0, "fpem/swap_loss": 0.0, "fpem/swap_diff_loss": 0.0, "fpem/swap_same_loss": 0.0, "fpem/swap_gain_mean": 0.0, "fpem/swap_s_gain_mean": 0.0, "fpem/swap_fallback_router_loss": 0.0, "fpem/swap_fallback_q_mean": 0.0, "fpem/swap_prediction_delta": 0.0, "fpem/swap_route_delta": 0.0, "fpem/swap_hyper_alpha_delta": 0.0, "fpem/swap_hyper_delta_norm": 0.0, "fpem/loss_env_day": 0.0, "fpem/loss_env_hour": 0.0, "fpem/loss_env_rush": 0.0, "fpem/env_day_acc": 0.0, "fpem/env_hour_acc": 0.0, "fpem/env_rush_acc": 0.0, "fpem/loss_env_supcon": 0.0, "fpem/env_supcon_valid_pairs": 0.0, "fpem/loss_inv_env_adv": 0.0, "fpem/inv_day_acc": 0.0, "fpem/inv_hour_acc": 0.0, "fpem/inv_rush_acc": 0.0, "fpem/loss_cross_cov_sep": 0.0, "fpem/confounder_dep_enabled": 1.0, "fpem/confounder_dep_mode_gci": 0.0, "fpem/confounder_dep_mode_scd": 1.0, "fpem/confounder_dep_mode_both": 0.0, "fpem/confounder_dep_total": 4.191583228973849e-05, "fpem/loss_gci": 0.0, "fpem/loss_gci_drop": 0.0, "fpem/loss_gci_keep": 0.0, "fpem/loss_gci_graph_align": 0.0, "fpem/loss_scd": 0.13957602715208417, "fpem/loss_conf_kl": 0.0014340737213691076, "fpem/effective_gci_weight": 0.0, "fpem/effective_gci_graph_align_weight": 0.10000000149011612, "fpem/effective_scd_weight": 0.0003000000142492354, "fpem/effective_conf_kl_weight": 2.9999999242136255e-05, "fpem/confounder_dep_ramp_factor": 0.30000001192092896, "fpem/C_mean": -0.009417662982429777, "fpem/C_std": 0.9848628475552513, "fpem/C_norm": 2.713257501238868, "fpem/confounder_token_norm": 7.962779726300921, "fpem/confounder_variational": 1.0, "fpem/confounder_projection_trace": 7.998618375687372, "fpem/confounder_projection_ridge": 0.0010000000474974513, "fpem/confounder_projection_rank_dim": 8.0, "fpem/confounder_projection_calls": 1.0, "fpem/confounder_dep_detach_target": 1.0, "fpem/gci_nonedge_mass_before_C": 0.0, "fpem/gci_nonedge_mass_after_C": 0.0, "fpem/gci_nonedge_mass_reduction": 0.0, "fpem/gci_relative_violation": 0.0, "fpem/gci_edge_before_C": 0.0, "fpem/gci_edge_after_C": 0.0, "fpem/gci_nonedge_conn_before_C": 0.0, "fpem/gci_nonedge_conn_after_C": 0.0, "fpem/gci_nonedge_conn_reduction": 0.0, "fpem/gci_edge_conn_before_C": 0.0, "fpem/gci_edge_conn_after_C": 0.0, "fpem/gci_edge_conn_reduction": 0.0, "fpem/gci_nonedge_dep_before_C": 0.0, "fpem/gci_nonedge_dep_after_C": 0.0, "fpem/gci_nonedge_dep_reduction": 0.0, "fpem/gci_edge_dep_before_C": 0.0, "fpem/gci_edge_dep_after_C": 0.0, "fpem/gci_nonedge_count": 0.0, "fpem/gci_edge_count": 0.0, "fpem/gci_node_count": 0.0, "fpem/gci_node_vector_dim": 0.0, "fpem/gci_graph_embed_dim": 0.0, "fpem/gci_graph_embedding_norm_before": 0.0, "fpem/gci_graph_embedding_norm_after": 0.0, "fpem/gci_graph_embedding_std_before": 0.0, "fpem/gci_graph_embedding_std_after": 0.0, "fpem/gci_graph_adj_mean_before": 0.0, "fpem/gci_graph_adj_mean_after": 0.0, "fpem/gci_graph_adj_std_before": 0.0, "fpem/gci_graph_adj_std_after": 0.0, "fpem/gci_graph_align_weight": 0.0, "fpem/gci_graph_align_raw_mse": 0.0, "fpem/gci_graph_align_normalized": 0.0, "fpem/gci_edge_preserve_beta": 0.0, "fpem/gci_graph_align_target_available": 0.0, "fpem/gci_target_adj_mean": 0.0, "fpem/gci_target_adj_std": 0.0, "fpem/gci_target_edge_mean": 0.0, "fpem/gci_target_nonedge_mean": 0.0, "fpem/gci_target_diag_mean": 0.0, "fpem/gci_graph_align_updates_agcrn": 0.0, "fpem/gci_updates_graph_linear": 0.0, "fpem/gci_graph_construction_agcrn_softmax": 0.0, "fpem/scd_assoc_before_C": 0.3022269891841071, "fpem/scd_assoc_after_C": 0.31549711851846607, "fpem/scd_assoc_reduction": -0.013270129334358942, "fpem/scd_relative_violation": 0.13957602715208417, "fpem/sample_assoc_before_C": 0.3022269891841071, "fpem/sample_assoc_after_C": 0.31549711851846607, "fpem/sample_assoc_reduction": -0.013270129334358942, "fpem/sample_dep_before_C": 0.3022269891841071, "fpem/sample_dep_after_C": 0.31549711851846607, "fpem/sample_dep_reduction": -0.013270129334358942, "fpem/scd_batch_size": 16.0, "fpem/scd_sample_vector_dim": 448000.0, "fpem/sample_kernel_alignment": 0.0, "fpem/scd_alignment_loss": 0.0, "fpem/load_level_experts_enabled": 1.0, "fpem/load_level_uses_target_or_future_load": 0.0, "fpem/environment_gate_uses_target_in_forward": 0.0, "fpem/load_level_env_residual_scale": 0.0, "fpem/uses_cached_observable_load_prior": 1.0, "fpem/primary_loss": 9.10214390981765, "fpem/inv_pred_loss": 9.211232753027053, "fpem/primary_uses_route": 1.0, "fpem/primary_uses_env_fusion": 0.0, "fpem/backbone_agcrn": 1.0, "fpem/backbone_graphwavenet": 0.0, "fpem/backbone_staeformer": 0.0, "fpem/gc_pred_loss_only": 1.0, "fpem/env_route_head_mode_hyper_proto": 1.0, "fpem/fpem_force_uniform_route": 0.0, "fpem/hard_prediction_sinkhorn_total_replaces_primary": 0.0, "fpem/hard_prediction_environment_sinkhorn_total_replaces_primary": 0.0, "fpem/warmup_risk_sinkhorn_total_replaces_primary": 0.0, "fpem/lambda_club_mi": 0.0}}
EPOCH {"epoch": 9, "train_loss": 11.035365840366909, "val": {"loss": 11.957582420772976, "mae": 11.756251335144043, "mape": 0.2016812264919281}, "test_mixed": {"loss": NaN, "mae": NaN, "mape": NaN}, "test_workday": {"loss": NaN, "mae": NaN, "mape": NaN}, "test_holiday": {"loss": NaN, "mae": NaN, "mape": NaN}, "test_avg_mae": NaN, "best_selection_value": 11.957582420772976, "best_selection_split": "val", "best_selection_metric": "val_loss", "lr": 0.001, "fpem_logs": {"fpem/fpem_env_use_exogenous": 1.0, "fpem/env_exogenous_available": 1.0, "fpem/env_exogenous_time_available": 1.0, "fpem/env_exogenous_load_available": 1.0, "fpem/env_exogenous_feature_dim": 32.0, "fpem/env_exogenous_embedding_norm": 2.4309496811458042, "fpem/env_exogenous_load_embedding_norm": 1.6194891350609915, "fpem/fpem_env_use_period_context": 1.0, "fpem/env_period_context_available": 1.0, "fpem/env_period_day_available_ratio": 0.9732142857142857, "fpem/env_period_week_available_ratio": 0.8244047619047619, "fpem/env_period_context_feature_dim": 6.0, "fpem/env_period_context_scale": 0.10000000149011612, "fpem/env_period_context_delta_norm": 0.1774321436882019, "fpem/env_period_context_day_diff_norm": 0.16272705232813245, "fpem/env_period_context_week_diff_norm": 0.10188992711759749, "fpem/env_rep_ablation_normal": 1.0, "fpem/env_rep_ablation_zero": 0.0, "fpem/env_rep_ablation_shuffle_batch": 0.0, "fpem/env_rep_ablation_mode_id": 0.0, "fpem/mask_loss": 0.0, "fpem/mask_sparse_loss": 0.0, "fpem/mask_entropy_loss": 0.0, "fpem/mask_mean": 1.0, "fpem/mask_entropy": 0.0, "fpem/mask_active_ratio": 1.0, "fpem/fusion_alpha_mean": 0.0, "fpem/fusion_alpha_std": 0.0, "fpem/fusion_alpha_min": 0.0, "fpem/fusion_alpha_max": 0.0, "fpem/env_route_loss": 1.9115997734523955, "fpem/env_route_L_final": 9.131783735184442, "fpem/env_route_L_global": 0.0, "fpem/env_route_L_route_soft": 0.0, "fpem/env_route_L_expert": 9.557998716263544, "fpem/env_route_L_router_oracle": 0.0, "fpem/env_route_L_balance": 0.0, "fpem/env_route_L_diverse": 0.0, "fpem/env_route_L_proto_align": 0.0, "fpem/env_route_entropy": 0.0, "fpem/env_route_q_max_mean": 0.0, "fpem/hyper_alpha_mean": 0.0, "fpem/hyper_delta_norm": 0.0, "fpem/hyper_route_proto_mode_uniform_warmup": 0.0, "fpem/hyper_route_proto_mode_uniform_fixed": 0.0, "fpem/hyper_route_proto_mode_sinkhorn": 0.0, "fpem/hyper_route_proto_mode_softmax": 0.0, "fpem/fallback_q_mean": 0.0, "fpem/fallback_q_max": 0.0, "fpem/env_q_sum_mean": 1.0, "fpem/oracle_fallback_rate": 0.0, "fpem/route_count_fallback": 0.0, "fpem/env_route_head_mode": 1.0, "fpem/route_entropy_mean": 0.0, "fpem/route_mean_distribution_entropy": 0.0, "fpem/effective_expert_number": 1.0, "fpem/max_expert_usage_ratio": 0.0, "fpem/min_expert_usage_ratio": 0.0, "fpem/prototype_pairwise_cosine": 0.0, "fpem/expert_prediction_pairwise_cosine": 0.0, "fpem/expert_collapse_warning": 0.0, "fpem/env_route_target_mode_env_prototype": 0.0, "fpem/env_route_target_mode_hybrid": 0.0, "fpem/env_route_hybrid_alpha": 0.0, "fpem/env_route_train_mode_warmup_risk_sinkhorn": 0.0, "fpem/warmup_risk_stage_warmup": 0.0, "fpem/warmup_risk_stage_soft": 0.0, "fpem/warmup_risk_stage_hard": 0.0, "fpem/warmup_risk_selected_loss": 0.0, "fpem/warmup_risk_uniform_common_loss": 0.0, "fpem/warmup_risk_lambda_common": 0.0, "fpem/warmup_risk_total_common_term": 0.0, "fpem/warmup_risk_temperature": 0.0, "fpem/warmup_risk_temperature_progress": 0.0, "fpem/uniform_expert_mae": 0.0, "fpem/risk_routed_mae": 0.0, "fpem/risk_prediction_mae": 0.0, "fpem/risk_loss": 0.0, "fpem/risk_ranking_loss": 0.0, "fpem/risk_ranking_accuracy": 0.0, "fpem/risk_oracle_argmin_accuracy": 0.0, "fpem/risk_router_temperature": 0.0, "fpem/risk_router_lambda": 0.0, "fpem/risk_router_pairwise_lambda": 0.0, "fpem/env_route_train_mode_progressive_gmm_environment": 0.0, "fpem/top_level_prediction_source_progressive_gmm_teacher_hard": 0.0, "fpem/progressive_assignment_uses_target_or_prediction_error": 0.0, "fpem/progressive_partition_ready": 0.0, "fpem/progressive_selected_k": 0.0, "fpem/progressive_active_expert_count": 0.0, "fpem/progressive_last_partition_epoch": 0.0, "fpem/progressive_lambda_common": 0.0, "fpem/progressive_common_term": 0.0, "fpem/progressive_compactness_loss": 0.0, "fpem/progressive_consistency_loss": 0.0, "fpem/progressive_cluster_entropy": 0.0, "fpem/progressive_assignment_change_ratio": 0.0, "fpem/progressive_hungarian_overlap_score": 0.0, "fpem/progressive_partition_update_time_sec": 0.0, "fpem/progressive_routed_mae": 0.0, "fpem/progressive_gmm_environment_total_replaces_primary": 0.0, "fpem/env_route_count_head_0": 16.0, "fpem/env_route_oracle_count_head_0": 16.0, "fpem/route_count_env_head_0": 16.0, "fpem/route_soft_mean_expert_0": 1.0, "fpem/route_hard_count_expert_0": 16.0, "fpem/hard_count_expert_0": 16.0, "fpem/sinkhorn_soft_col_mass_expert_0": 0.0, "fpem/progressive_active_expert_0": 0.0, "fpem/progressive_cluster_size_0": 0.0, "fpem/progressive_cluster_ratio_0": 0.0, "fpem/progressive_cluster_to_expert_0": 0.0, "fpem/progressive_bic_k1": 0.0, "fpem/progressive_bic_score_k1": 0.0, "fpem/progressive_bic_rejected_k1": 0.0, "fpem/hyper_alpha_head_0": 0.0, "fpem/hyper_gamma_norm_head_0": 0.0, "fpem/hyper_beta_norm_head_0": 0.0, "fpem/expert_cross_mae_group_0_expert_0": 9.557998716263544, "fpem/load_expert_loss": 9.557998716263544, "fpem/counterfactual_risk_router_loss": 0.0, "fpem/counterfactual_risk_regression_loss": 9.248189358484177, "fpem/counterfactual_risk_ranking_loss": 1.5762328318187169, "fpem/load_level_assignment_detached": 1.0, "fpem/load_level_count_0": 1680.0, "fpem/load_level_ratio_0": 1.0, "fpem/expert_0_global_loss": 9.557998716263544, "fpem/expert_0_selected_loss": 9.557998716263544, "fpem/counterfactual_risk_stage2_active": 0.0, "fpem/counterfactual_risk_stage2_start_epoch": 20.0, "fpem/counterfactual_risk_all_environment_mae": 9.557998716263544, "fpem/counterfactual_risk_all_invariant_mae": 9.662237612406413, "fpem/counterfactual_risk_routed_mae": 9.557998716263544, "fpem/counterfactual_risk_oracle_mae": 9.456262152535574, "fpem/counterfactual_risk_router_accuracy": 0.6208333333333333, "fpem/counterfactual_risk_router_balanced_accuracy": 0.5, "fpem/counterfactual_risk_inv_route_ratio": 0.0, "fpem/counterfactual_risk_env_route_ratio": 1.0, "fpem/counterfactual_risk_inv_switch_precision": 0.0, "fpem/counterfactual_risk_correct_inv_switches": 0.0, "fpem/counterfactual_risk_harmful_inv_switches": 0.0, "fpem/counterfactual_risk_saved_loss": 0.0, "fpem/counterfactual_risk_added_loss": 0.0, "fpem/counterfactual_risk_net_gain": 0.0, "fpem/counterfactual_risk_regret": 0.10173656372796921, "fpem/counterfactual_risk_oracle_gap_closed": 0.0, "fpem/counterfactual_risk_delta_mean": -0.10423878147488548, "fpem/counterfactual_risk_target_inv_ratio": 0.37916666666666665, "fpem/counterfactual_risk_weight_env_sum": 7.999999954586937, "fpem/counterfactual_risk_weight_inv_sum": 7.999999922797794, "fpem/counterfactual_risk_prediction_is_hard_route": 1.0, "fpem/counterfactual_risk_prediction_is_soft_fusion": 0.0, "fpem/counterfactual_risk_target_detached": 1.0, "fpem/counterfactual_risk_uses_threshold": 0.0, "fpem/counterfactual_risk_all_samples_used_for_router": 1.0, "fpem/hard_router_predicted_env_ratio": 1.0, "fpem/hard_router_effective_env_ratio": 1.0, "fpem/hard_router_target_env_ratio": 0.6208333333333333, "fpem/hard_router_gain_mean": -0.10423878147488548, "fpem/expert_prediction_pairwise_difference": 0.0, "fpem/delta_pairwise_cosine": 0.0, "fpem/delta_pairwise_l1": 0.0, "fpem/delta_pairwise_l2": 0.0, "fpem/expert_0_parameter_norm": 14.859179923647925, "fpem/hard_binary_router_enabled": 0.0, "fpem/hard_router_uses_target_in_forward": 0.0, "fpem/stored_future_c_loaded": 0.0, "fpem/prediction_is_weighted_complete_fusion": 0.0, "fpem/prediction_is_hard_route": 1.0, "fpem/conservative_inv_override_enabled": 0.0, "fpem/conservative_router_features_detached": 1.0, "fpem/counterfactual_risk_router_enabled": 1.0, "fpem/counterfactual_risk_stage2_active_forward": 0.0, "fpem/counterfactual_risk_deploy_route_active": 0.0, "fpem/counterfactual_risk_training_uses_route": 0.0, "fpem/counterfactual_risk_forward_uses_threshold": 0.0, "fpem/future_mi_loss": 0.0, "fpem/future_mi_valid": 0.0, "fpem/future_mi_logvar_mean": 0.0, "fpem/future_mi_target_mode_env_encoder": 0.0, "fpem/swap_loss": 0.0, "fpem/swap_diff_loss": 0.0, "fpem/swap_same_loss": 0.0, "fpem/swap_gain_mean": 0.0, "fpem/swap_s_gain_mean": 0.0, "fpem/swap_fallback_router_loss": 0.0, "fpem/swap_fallback_q_mean": 0.0, "fpem/swap_prediction_delta": 0.0, "fpem/swap_route_delta": 0.0, "fpem/swap_hyper_alpha_delta": 0.0, "fpem/swap_hyper_delta_norm": 0.0, "fpem/loss_env_day": 0.0, "fpem/loss_env_hour": 0.0, "fpem/loss_env_rush": 0.0, "fpem/env_day_acc": 0.0, "fpem/env_hour_acc": 0.0, "fpem/env_rush_acc": 0.0, "fpem/loss_env_supcon": 0.0, "fpem/env_supcon_valid_pairs": 0.0, "fpem/loss_inv_env_adv": 0.0, "fpem/inv_day_acc": 0.0, "fpem/inv_hour_acc": 0.0, "fpem/inv_rush_acc": 0.0, "fpem/loss_cross_cov_sep": 0.0, "fpem/confounder_dep_enabled": 1.0, "fpem/confounder_dep_mode_gci": 0.0, "fpem/confounder_dep_mode_scd": 1.0, "fpem/confounder_dep_mode_both": 0.0, "fpem/confounder_dep_total": 5.6411948424370384e-05, "fpem/loss_gci": 0.0, "fpem/loss_gci_drop": 0.0, "fpem/loss_gci_keep": 0.0, "fpem/loss_gci_graph_align": 0.0, "fpem/loss_scd": 0.13931182963507516, "fpem/loss_conf_kl": 0.017180439457297324, "fpem/effective_gci_weight": 0.0, "fpem/effective_gci_graph_align_weight": 0.10000000149011612, "fpem/effective_scd_weight": 0.00039999998989515007, "fpem/effective_conf_kl_weight": 3.9999998989515007e-05, "fpem/confounder_dep_ramp_factor": 0.4000000059604645, "fpem/C_mean": -0.003916760188128267, "fpem/C_std": 1.0034383086931138, "fpem/C_norm": 2.769699491773333, "fpem/confounder_token_norm": 7.935447561173212, "fpem/confounder_variational": 1.0, "fpem/confounder_projection_trace": 7.998730232602074, "fpem/confounder_projection_ridge": 0.0010000000474974513, "fpem/confounder_projection_rank_dim": 8.0, "fpem/confounder_projection_calls": 1.0, "fpem/confounder_dep_detach_target": 1.0, "fpem/gci_nonedge_mass_before_C": 0.0, "fpem/gci_nonedge_mass_after_C": 0.0, "fpem/gci_nonedge_mass_reduction": 0.0, "fpem/gci_relative_violation": 0.0, "fpem/gci_edge_before_C": 0.0, "fpem/gci_edge_after_C": 0.0, "fpem/gci_nonedge_conn_before_C": 0.0, "fpem/gci_nonedge_conn_after_C": 0.0, "fpem/gci_nonedge_conn_reduction": 0.0, "fpem/gci_edge_conn_before_C": 0.0, "fpem/gci_edge_conn_after_C": 0.0, "fpem/gci_edge_conn_reduction": 0.0, "fpem/gci_nonedge_dep_before_C": 0.0, "fpem/gci_nonedge_dep_after_C": 0.0, "fpem/gci_nonedge_dep_reduction": 0.0, "fpem/gci_edge_dep_before_C": 0.0, "fpem/gci_edge_dep_after_C": 0.0, "fpem/gci_nonedge_count": 0.0, "fpem/gci_edge_count": 0.0, "fpem/gci_node_count": 0.0, "fpem/gci_node_vector_dim": 0.0, "fpem/gci_graph_embed_dim": 0.0, "fpem/gci_graph_embedding_norm_before": 0.0, "fpem/gci_graph_embedding_norm_after": 0.0, "fpem/gci_graph_embedding_std_before": 0.0, "fpem/gci_graph_embedding_std_after": 0.0, "fpem/gci_graph_adj_mean_before": 0.0, "fpem/gci_graph_adj_mean_after": 0.0, "fpem/gci_graph_adj_std_before": 0.0, "fpem/gci_graph_adj_std_after": 0.0, "fpem/gci_graph_align_weight": 0.0, "fpem/gci_graph_align_raw_mse": 0.0, "fpem/gci_graph_align_normalized": 0.0, "fpem/gci_edge_preserve_beta": 0.0, "fpem/gci_graph_align_target_available": 0.0, "fpem/gci_target_adj_mean": 0.0, "fpem/gci_target_adj_std": 0.0, "fpem/gci_target_edge_mean": 0.0, "fpem/gci_target_nonedge_mean": 0.0, "fpem/gci_target_diag_mean": 0.0, "fpem/gci_graph_align_updates_agcrn": 0.0, "fpem/gci_updates_graph_linear": 0.0, "fpem/gci_graph_construction_agcrn_softmax": 0.0, "fpem/scd_assoc_before_C": 0.3094091328836623, "fpem/scd_assoc_after_C": 0.3203958165077936, "fpem/scd_assoc_reduction": -0.01098668362413134, "fpem/scd_relative_violation": 0.13931182963507516, "fpem/sample_assoc_before_C": 0.3094091328836623, "fpem/sample_assoc_after_C": 0.3203958165077936, "fpem/sample_assoc_reduction": -0.01098668362413134, "fpem/sample_dep_before_C": 0.3094091328836623, "fpem/sample_dep_after_C": 0.3203958165077936, "fpem/sample_dep_reduction": -0.01098668362413134, "fpem/scd_batch_size": 16.0, "fpem/scd_sample_vector_dim": 448000.0, "fpem/sample_kernel_alignment": 0.0, "fpem/scd_alignment_loss": 0.0, "fpem/load_level_experts_enabled": 1.0, "fpem/load_level_uses_target_or_future_load": 0.0, "fpem/environment_gate_uses_target_in_forward": 0.0, "fpem/load_level_env_residual_scale": 0.0, "fpem/uses_cached_observable_load_prior": 1.0, "fpem/primary_loss": 9.131783735184442, "fpem/inv_pred_loss": 9.20933422815232, "fpem/primary_uses_route": 1.0, "fpem/primary_uses_env_fusion": 0.0, "fpem/backbone_agcrn": 1.0, "fpem/backbone_graphwavenet": 0.0, "fpem/backbone_staeformer": 0.0, "fpem/gc_pred_loss_only": 1.0, "fpem/env_route_head_mode_hyper_proto": 1.0, "fpem/fpem_force_uniform_route": 0.0, "fpem/hard_prediction_sinkhorn_total_replaces_primary": 0.0, "fpem/hard_prediction_environment_sinkhorn_total_replaces_primary": 0.0, "fpem/warmup_risk_sinkhorn_total_replaces_primary": 0.0, "fpem/lambda_club_mi": 0.0}}
EPOCH {"epoch": 10, "train_loss": 11.00360636938186, "val": {"loss": 11.822907341851128, "mae": 11.601541519165039, "mape": 0.1869492083787918}, "test_mixed": {"loss": NaN, "mae": NaN, "mape": NaN}, "test_workday": {"loss": NaN, "mae": NaN, "mape": NaN}, "test_holiday": {"loss": NaN, "mae": NaN, "mape": NaN}, "test_avg_mae": NaN, "best_selection_value": 11.822907341851128, "best_selection_split": "val", "best_selection_metric": "val_loss", "lr": 0.001, "fpem_logs": {"fpem/fpem_env_use_exogenous": 1.0, "fpem/env_exogenous_available": 1.0, "fpem/env_exogenous_time_available": 1.0, "fpem/env_exogenous_load_available": 1.0, "fpem/env_exogenous_feature_dim": 32.0, "fpem/env_exogenous_embedding_norm": 2.438195428394136, "fpem/env_exogenous_load_embedding_norm": 1.6207426196052914, "fpem/fpem_env_use_period_context": 1.0, "fpem/env_period_context_available": 1.0, "fpem/env_period_day_available_ratio": 0.9732142857142857, "fpem/env_period_week_available_ratio": 0.8244047619047619, "fpem/env_period_context_feature_dim": 6.0, "fpem/env_period_context_scale": 0.10000000149011612, "fpem/env_period_context_delta_norm": 0.18713443208308447, "fpem/env_period_context_day_diff_norm": 0.16272705041226887, "fpem/env_period_context_week_diff_norm": 0.10188992711759749, "fpem/env_rep_ablation_normal": 1.0, "fpem/env_rep_ablation_zero": 0.0, "fpem/env_rep_ablation_shuffle_batch": 0.0, "fpem/env_rep_ablation_mode_id": 0.0, "fpem/mask_loss": 0.0, "fpem/mask_sparse_loss": 0.0, "fpem/mask_entropy_loss": 0.0, "fpem/mask_mean": 1.0, "fpem/mask_entropy": 0.0, "fpem/mask_active_ratio": 1.0, "fpem/fusion_alpha_mean": 0.0, "fpem/fusion_alpha_std": 0.0, "fpem/fusion_alpha_min": 0.0, "fpem/fusion_alpha_max": 0.0, "fpem/env_route_loss": 1.903311512583778, "fpem/env_route_L_final": 9.095833378746397, "fpem/env_route_L_global": 0.0, "fpem/env_route_L_route_soft": 0.0, "fpem/env_route_L_expert": 9.516557448250907, "fpem/env_route_L_router_oracle": 0.0, "fpem/env_route_L_balance": 0.0, "fpem/env_route_L_diverse": 0.0, "fpem/env_route_L_proto_align": 0.0, "fpem/env_route_entropy": 0.0, "fpem/env_route_q_max_mean": 0.0, "fpem/hyper_alpha_mean": 0.0, "fpem/hyper_delta_norm": 0.0, "fpem/hyper_route_proto_mode_uniform_warmup": 0.0, "fpem/hyper_route_proto_mode_uniform_fixed": 0.0, "fpem/hyper_route_proto_mode_sinkhorn": 0.0, "fpem/hyper_route_proto_mode_softmax": 0.0, "fpem/fallback_q_mean": 0.0, "fpem/fallback_q_max": 0.0, "fpem/env_q_sum_mean": 1.0, "fpem/oracle_fallback_rate": 0.0, "fpem/route_count_fallback": 0.0, "fpem/env_route_head_mode": 1.0, "fpem/route_entropy_mean": 0.0, "fpem/route_mean_distribution_entropy": 0.0, "fpem/effective_expert_number": 1.0, "fpem/max_expert_usage_ratio": 0.0, "fpem/min_expert_usage_ratio": 0.0, "fpem/prototype_pairwise_cosine": 0.0, "fpem/expert_prediction_pairwise_cosine": 0.0, "fpem/expert_collapse_warning": 0.0, "fpem/env_route_target_mode_env_prototype": 0.0, "fpem/env_route_target_mode_hybrid": 0.0, "fpem/env_route_hybrid_alpha": 0.0, "fpem/env_route_train_mode_warmup_risk_sinkhorn": 0.0, "fpem/warmup_risk_stage_warmup": 0.0, "fpem/warmup_risk_stage_soft": 0.0, "fpem/warmup_risk_stage_hard": 0.0, "fpem/warmup_risk_selected_loss": 0.0, "fpem/warmup_risk_uniform_common_loss": 0.0, "fpem/warmup_risk_lambda_common": 0.0, "fpem/warmup_risk_total_common_term": 0.0, "fpem/warmup_risk_temperature": 0.0, "fpem/warmup_risk_temperature_progress": 0.0, "fpem/uniform_expert_mae": 0.0, "fpem/risk_routed_mae": 0.0, "fpem/risk_prediction_mae": 0.0, "fpem/risk_loss": 0.0, "fpem/risk_ranking_loss": 0.0, "fpem/risk_ranking_accuracy": 0.0, "fpem/risk_oracle_argmin_accuracy": 0.0, "fpem/risk_router_temperature": 0.0, "fpem/risk_router_lambda": 0.0, "fpem/risk_router_pairwise_lambda": 0.0, "fpem/env_route_train_mode_progressive_gmm_environment": 0.0, "fpem/top_level_prediction_source_progressive_gmm_teacher_hard": 0.0, "fpem/progressive_assignment_uses_target_or_prediction_error": 0.0, "fpem/progressive_partition_ready": 0.0, "fpem/progressive_selected_k": 0.0, "fpem/progressive_active_expert_count": 0.0, "fpem/progressive_last_partition_epoch": 0.0, "fpem/progressive_lambda_common": 0.0, "fpem/progressive_common_term": 0.0, "fpem/progressive_compactness_loss": 0.0, "fpem/progressive_consistency_loss": 0.0, "fpem/progressive_cluster_entropy": 0.0, "fpem/progressive_assignment_change_ratio": 0.0, "fpem/progressive_hungarian_overlap_score": 0.0, "fpem/progressive_partition_update_time_sec": 0.0, "fpem/progressive_routed_mae": 0.0, "fpem/progressive_gmm_environment_total_replaces_primary": 0.0, "fpem/env_route_count_head_0": 16.0, "fpem/env_route_oracle_count_head_0": 16.0, "fpem/route_count_env_head_0": 16.0, "fpem/route_soft_mean_expert_0": 1.0, "fpem/route_hard_count_expert_0": 16.0, "fpem/hard_count_expert_0": 16.0, "fpem/sinkhorn_soft_col_mass_expert_0": 0.0, "fpem/progressive_active_expert_0": 0.0, "fpem/progressive_cluster_size_0": 0.0, "fpem/progressive_cluster_ratio_0": 0.0, "fpem/progressive_cluster_to_expert_0": 0.0, "fpem/progressive_bic_k1": 0.0, "fpem/progressive_bic_score_k1": 0.0, "fpem/progressive_bic_rejected_k1": 0.0, "fpem/hyper_alpha_head_0": 0.0, "fpem/hyper_gamma_norm_head_0": 0.0, "fpem/hyper_beta_norm_head_0": 0.0, "fpem/expert_cross_mae_group_0_expert_0": 9.516557448250907, "fpem/load_expert_loss": 9.516557448250907, "fpem/counterfactual_risk_router_loss": 0.0, "fpem/counterfactual_risk_regression_loss": 9.140107967740013, "fpem/counterfactual_risk_ranking_loss": 1.6222354911622547, "fpem/load_level_assignment_detached": 1.0, "fpem/load_level_count_0": 1680.0, "fpem/load_level_ratio_0": 1.0, "fpem/expert_0_global_loss": 9.516557448250907, "fpem/expert_0_selected_loss": 9.516557448250907, "fpem/counterfactual_risk_stage2_active": 0.0, "fpem/counterfactual_risk_stage2_start_epoch": 20.0, "fpem/counterfactual_risk_all_environment_mae": 9.516557448250907, "fpem/counterfactual_risk_all_invariant_mae": 9.66223737171718, "fpem/counterfactual_risk_routed_mae": 9.516557448250907, "fpem/counterfactual_risk_oracle_mae": 9.440436949048724, "fpem/counterfactual_risk_router_accuracy": 0.6803571428571429, "fpem/counterfactual_risk_router_balanced_accuracy": 0.5, "fpem/counterfactual_risk_inv_route_ratio": 0.0, "fpem/counterfactual_risk_env_route_ratio": 1.0, "fpem/counterfactual_risk_inv_switch_precision": 0.0, "fpem/counterfactual_risk_correct_inv_switches": 0.0, "fpem/counterfactual_risk_harmful_inv_switches": 0.0, "fpem/counterfactual_risk_saved_loss": 0.0, "fpem/counterfactual_risk_added_loss": 0.0, "fpem/counterfactual_risk_net_gain": 0.0, "fpem/counterfactual_risk_regret": 0.07612049920218332, "fpem/counterfactual_risk_oracle_gap_closed": 0.0, "fpem/counterfactual_risk_delta_mean": -0.14568010639576684, "fpem/counterfactual_risk_target_inv_ratio": 0.3196428571428571, "fpem/counterfactual_risk_weight_env_sum": 7.999999922797794, "fpem/counterfactual_risk_weight_inv_sum": 7.999999954586937, "fpem/counterfactual_risk_prediction_is_hard_route": 1.0, "fpem/counterfactual_risk_prediction_is_soft_fusion": 0.0, "fpem/counterfactual_risk_target_detached": 1.0, "fpem/counterfactual_risk_uses_threshold": 0.0, "fpem/counterfactual_risk_all_samples_used_for_router": 1.0, "fpem/hard_router_predicted_env_ratio": 1.0, "fpem/hard_router_effective_env_ratio": 1.0, "fpem/hard_router_target_env_ratio": 0.6803571428571429, "fpem/hard_router_gain_mean": -0.14568010639576684, "fpem/expert_prediction_pairwise_difference": 0.0, "fpem/delta_pairwise_cosine": 0.0, "fpem/delta_pairwise_l1": 0.0, "fpem/delta_pairwise_l2": 0.0, "fpem/expert_0_parameter_norm": 14.860651815505255, "fpem/hard_binary_router_enabled": 0.0, "fpem/hard_router_uses_target_in_forward": 0.0, "fpem/stored_future_c_loaded": 0.0, "fpem/prediction_is_weighted_complete_fusion": 0.0, "fpem/prediction_is_hard_route": 1.0, "fpem/conservative_inv_override_enabled": 0.0, "fpem/conservative_router_features_detached": 1.0, "fpem/counterfactual_risk_router_enabled": 1.0, "fpem/counterfactual_risk_stage2_active_forward": 0.0, "fpem/counterfactual_risk_deploy_route_active": 0.0, "fpem/counterfactual_risk_training_uses_route": 0.0, "fpem/counterfactual_risk_forward_uses_threshold": 0.0, "fpem/future_mi_loss": 0.0, "fpem/future_mi_valid": 0.0, "fpem/future_mi_logvar_mean": 0.0, "fpem/future_mi_target_mode_env_encoder": 0.0, "fpem/swap_loss": 0.0, "fpem/swap_diff_loss": 0.0, "fpem/swap_same_loss": 0.0, "fpem/swap_gain_mean": 0.0, "fpem/swap_s_gain_mean": 0.0, "fpem/swap_fallback_router_loss": 0.0, "fpem/swap_fallback_q_mean": 0.0, "fpem/swap_prediction_delta": 0.0, "fpem/swap_route_delta": 0.0, "fpem/swap_hyper_alpha_delta": 0.0, "fpem/swap_hyper_delta_norm": 0.0, "fpem/loss_env_day": 0.0, "fpem/loss_env_hour": 0.0, "fpem/loss_env_rush": 0.0, "fpem/env_day_acc": 0.0, "fpem/env_hour_acc": 0.0, "fpem/env_rush_acc": 0.0, "fpem/loss_env_supcon": 0.0, "fpem/env_supcon_valid_pairs": 0.0, "fpem/loss_inv_env_adv": 0.0, "fpem/inv_day_acc": 0.0, "fpem/inv_hour_acc": 0.0, "fpem/inv_rush_acc": 0.0, "fpem/loss_cross_cov_sep": 0.0, "fpem/confounder_dep_enabled": 1.0, "fpem/confounder_dep_mode_gci": 0.0, "fpem/confounder_dep_mode_scd": 1.0, "fpem/confounder_dep_mode_both": 0.0, "fpem/confounder_dep_total": 7.327141952590041e-05, "fpem/loss_gci": 0.0, "fpem/loss_gci_drop": 0.0, "fpem/loss_gci_keep": 0.0, "fpem/loss_gci_graph_align": 0.0, "fpem/loss_scd": 0.14467867258049194, "fpem/loss_conf_kl": 0.01864158504066013, "fpem/effective_gci_weight": 0.0, "fpem/effective_gci_graph_align_weight": 0.10000000149011612, "fpem/effective_scd_weight": 0.0005000000237487257, "fpem/effective_conf_kl_weight": 4.999999873689376e-05, "fpem/confounder_dep_ramp_factor": 0.5, "fpem/C_mean": 0.012061796301887149, "fpem/C_std": 0.989763593673706, "fpem/C_norm": 2.726679652077811, "fpem/confounder_token_norm": 7.889035719916934, "fpem/confounder_variational": 1.0, "fpem/confounder_projection_trace": 7.998557240622384, "fpem/confounder_projection_ridge": 0.0010000000474974513, "fpem/confounder_projection_rank_dim": 8.0, "fpem/confounder_projection_calls": 1.0, "fpem/confounder_dep_detach_target": 1.0, "fpem/gci_nonedge_mass_before_C": 0.0, "fpem/gci_nonedge_mass_after_C": 0.0, "fpem/gci_nonedge_mass_reduction": 0.0, "fpem/gci_relative_violation": 0.0, "fpem/gci_edge_before_C": 0.0, "fpem/gci_edge_after_C": 0.0, "fpem/gci_nonedge_conn_before_C": 0.0, "fpem/gci_nonedge_conn_after_C": 0.0, "fpem/gci_nonedge_conn_reduction": 0.0, "fpem/gci_edge_conn_before_C": 0.0, "fpem/gci_edge_conn_after_C": 0.0, "fpem/gci_edge_conn_reduction": 0.0, "fpem/gci_nonedge_dep_before_C": 0.0, "fpem/gci_nonedge_dep_after_C": 0.0, "fpem/gci_nonedge_dep_reduction": 0.0, "fpem/gci_edge_dep_before_C": 0.0, "fpem/gci_edge_dep_after_C": 0.0, "fpem/gci_nonedge_count": 0.0, "fpem/gci_edge_count": 0.0, "fpem/gci_node_count": 0.0, "fpem/gci_node_vector_dim": 0.0, "fpem/gci_graph_embed_dim": 0.0, "fpem/gci_graph_embedding_norm_before": 0.0, "fpem/gci_graph_embedding_norm_after": 0.0, "fpem/gci_graph_embedding_std_before": 0.0, "fpem/gci_graph_embedding_std_after": 0.0, "fpem/gci_graph_adj_mean_before": 0.0, "fpem/gci_graph_adj_mean_after": 0.0, "fpem/gci_graph_adj_std_before": 0.0, "fpem/gci_graph_adj_std_after": 0.0, "fpem/gci_graph_align_weight": 0.0, "fpem/gci_graph_align_raw_mse": 0.0, "fpem/gci_graph_align_normalized": 0.0, "fpem/gci_edge_preserve_beta": 0.0, "fpem/gci_graph_align_target_available": 0.0, "fpem/gci_target_adj_mean": 0.0, "fpem/gci_target_adj_std": 0.0, "fpem/gci_target_edge_mean": 0.0, "fpem/gci_target_nonedge_mean": 0.0, "fpem/gci_target_diag_mean": 0.0, "fpem/gci_graph_align_updates_agcrn": 0.0, "fpem/gci_updates_graph_linear": 0.0, "fpem/gci_graph_construction_agcrn_softmax": 0.0, "fpem/scd_assoc_before_C": 0.31147027540774574, "fpem/scd_assoc_after_C": 0.327603633914675, "fpem/scd_assoc_reduction": -0.016133358506929308, "fpem/scd_relative_violation": 0.14467867258049194, "fpem/sample_assoc_before_C": 0.31147027540774574, "fpem/sample_assoc_after_C": 0.327603633914675, "fpem/sample_assoc_reduction": -0.016133358506929308, "fpem/sample_dep_before_C": 0.31147027540774574, "fpem/sample_dep_after_C": 0.327603633914675, "fpem/sample_dep_reduction": -0.016133358506929308, "fpem/scd_batch_size": 16.0, "fpem/scd_sample_vector_dim": 448000.0, "fpem/sample_kernel_alignment": 0.0, "fpem/scd_alignment_loss": 0.0, "fpem/load_level_experts_enabled": 1.0, "fpem/load_level_uses_target_or_future_load": 0.0, "fpem/environment_gate_uses_target_in_forward": 0.0, "fpem/load_level_env_residual_scale": 0.0, "fpem/uses_cached_observable_load_prior": 1.0, "fpem/primary_loss": 9.095833378746397, "fpem/inv_pred_loss": 9.213050651550294, "fpem/primary_uses_route": 1.0, "fpem/primary_uses_env_fusion": 0.0, "fpem/backbone_agcrn": 1.0, "fpem/backbone_graphwavenet": 0.0, "fpem/backbone_staeformer": 0.0, "fpem/gc_pred_loss_only": 1.0, "fpem/env_route_head_mode_hyper_proto": 1.0, "fpem/fpem_force_uniform_route": 0.0, "fpem/hard_prediction_sinkhorn_total_replaces_primary": 0.0, "fpem/hard_prediction_environment_sinkhorn_total_replaces_primary": 0.0, "fpem/warmup_risk_sinkhorn_total_replaces_primary": 0.0, "fpem/lambda_club_mi": 0.0}}
EPOCH {"epoch": 11, "train_loss": 11.024222528366815, "val": {"loss": 11.82962973912557, "mae": 11.609615325927734, "mape": 0.18641360104084015}, "test_mixed": {"loss": NaN, "mae": NaN, "mape": NaN}, "test_workday": {"loss": NaN, "mae": NaN, "mape": NaN}, "test_holiday": {"loss": NaN, "mae": NaN, "mape": NaN}, "test_avg_mae": NaN, "best_selection_value": 11.82962973912557, "best_selection_split": "val", "best_selection_metric": "val_loss", "lr": 0.001, "fpem_logs": {"fpem/fpem_env_use_exogenous": 1.0, "fpem/env_exogenous_available": 1.0, "fpem/env_exogenous_time_available": 1.0, "fpem/env_exogenous_load_available": 1.0, "fpem/env_exogenous_feature_dim": 32.0, "fpem/env_exogenous_embedding_norm": 2.445519733428955, "fpem/env_exogenous_load_embedding_norm": 1.6257961171013968, "fpem/fpem_env_use_period_context": 1.0, "fpem/env_period_context_available": 1.0, "fpem/env_period_day_available_ratio": 0.9732142857142857, "fpem/env_period_week_available_ratio": 0.8244047619047619, "fpem/env_period_context_feature_dim": 6.0, "fpem/env_period_context_scale": 0.10000000149011612, "fpem/env_period_context_delta_norm": 0.19143360924153102, "fpem/env_period_context_day_diff_norm": 0.16272705247004826, "fpem/env_period_context_week_diff_norm": 0.10188992697568167, "fpem/env_rep_ablation_normal": 1.0, "fpem/env_rep_ablation_zero": 0.0, "fpem/env_rep_ablation_shuffle_batch": 0.0, "fpem/env_rep_ablation_mode_id": 0.0, "fpem/mask_loss": 0.0, "fpem/mask_sparse_loss": 0.0, "fpem/mask_entropy_loss": 0.0, "fpem/mask_mean": 1.0, "fpem/mask_entropy": 0.0, "fpem/mask_active_ratio": 1.0, "fpem/fusion_alpha_mean": 0.0, "fpem/fusion_alpha_std": 0.0, "fpem/fusion_alpha_min": 0.0, "fpem/fusion_alpha_max": 0.0, "fpem/env_route_loss": 1.9082722981770834, "fpem/env_route_L_final": 9.12124513898577, "fpem/env_route_L_global": 0.0, "fpem/env_route_L_route_soft": 0.0, "fpem/env_route_L_expert": 9.541361331939697, "fpem/env_route_L_router_oracle": 0.0, "fpem/env_route_L_balance": 0.0, "fpem/env_route_L_diverse": 0.0, "fpem/env_route_L_proto_align": 0.0, "fpem/env_route_entropy": 0.0, "fpem/env_route_q_max_mean": 0.0, "fpem/hyper_alpha_mean": 0.0, "fpem/hyper_delta_norm": 0.0, "fpem/hyper_route_proto_mode_uniform_warmup": 0.0, "fpem/hyper_route_proto_mode_uniform_fixed": 0.0, "fpem/hyper_route_proto_mode_sinkhorn": 0.0, "fpem/hyper_route_proto_mode_softmax": 0.0, "fpem/fallback_q_mean": 0.0, "fpem/fallback_q_max": 0.0, "fpem/env_q_sum_mean": 1.0, "fpem/oracle_fallback_rate": 0.0, "fpem/route_count_fallback": 0.0, "fpem/env_route_head_mode": 1.0, "fpem/route_entropy_mean": 0.0, "fpem/route_mean_distribution_entropy": 0.0, "fpem/effective_expert_number": 1.0, "fpem/max_expert_usage_ratio": 0.0, "fpem/min_expert_usage_ratio": 0.0, "fpem/prototype_pairwise_cosine": 0.0, "fpem/expert_prediction_pairwise_cosine": 0.0, "fpem/expert_collapse_warning": 0.0, "fpem/env_route_target_mode_env_prototype": 0.0, "fpem/env_route_target_mode_hybrid": 0.0, "fpem/env_route_hybrid_alpha": 0.0, "fpem/env_route_train_mode_warmup_risk_sinkhorn": 0.0, "fpem/warmup_risk_stage_warmup": 0.0, "fpem/warmup_risk_stage_soft": 0.0, "fpem/warmup_risk_stage_hard": 0.0, "fpem/warmup_risk_selected_loss": 0.0, "fpem/warmup_risk_uniform_common_loss": 0.0, "fpem/warmup_risk_lambda_common": 0.0, "fpem/warmup_risk_total_common_term": 0.0, "fpem/warmup_risk_temperature": 0.0, "fpem/warmup_risk_temperature_progress": 0.0, "fpem/uniform_expert_mae": 0.0, "fpem/risk_routed_mae": 0.0, "fpem/risk_prediction_mae": 0.0, "fpem/risk_loss": 0.0, "fpem/risk_ranking_loss": 0.0, "fpem/risk_ranking_accuracy": 0.0, "fpem/risk_oracle_argmin_accuracy": 0.0, "fpem/risk_router_temperature": 0.0, "fpem/risk_router_lambda": 0.0, "fpem/risk_router_pairwise_lambda": 0.0, "fpem/env_route_train_mode_progressive_gmm_environment": 0.0, "fpem/top_level_prediction_source_progressive_gmm_teacher_hard": 0.0, "fpem/progressive_assignment_uses_target_or_prediction_error": 0.0, "fpem/progressive_partition_ready": 0.0, "fpem/progressive_selected_k": 0.0, "fpem/progressive_active_expert_count": 0.0, "fpem/progressive_last_partition_epoch": 0.0, "fpem/progressive_lambda_common": 0.0, "fpem/progressive_common_term": 0.0, "fpem/progressive_compactness_loss": 0.0, "fpem/progressive_consistency_loss": 0.0, "fpem/progressive_cluster_entropy": 0.0, "fpem/progressive_assignment_change_ratio": 0.0, "fpem/progressive_hungarian_overlap_score": 0.0, "fpem/progressive_partition_update_time_sec": 0.0, "fpem/progressive_routed_mae": 0.0, "fpem/progressive_gmm_environment_total_replaces_primary": 0.0, "fpem/env_route_count_head_0": 16.0, "fpem/env_route_oracle_count_head_0": 16.0, "fpem/route_count_env_head_0": 16.0, "fpem/route_soft_mean_expert_0": 1.0, "fpem/route_hard_count_expert_0": 16.0, "fpem/hard_count_expert_0": 16.0, "fpem/sinkhorn_soft_col_mass_expert_0": 0.0, "fpem/progressive_active_expert_0": 0.0, "fpem/progressive_cluster_size_0": 0.0, "fpem/progressive_cluster_ratio_0": 0.0, "fpem/progressive_cluster_to_expert_0": 0.0, "fpem/progressive_bic_k1": 0.0, "fpem/progressive_bic_score_k1": 0.0, "fpem/progressive_bic_rejected_k1": 0.0, "fpem/hyper_alpha_head_0": 0.0, "fpem/hyper_gamma_norm_head_0": 0.0, "fpem/hyper_beta_norm_head_0": 0.0, "fpem/expert_cross_mae_group_0_expert_0": 9.541361331939697, "fpem/load_expert_loss": 9.541361331939697, "fpem/counterfactual_risk_router_loss": 0.0, "fpem/counterfactual_risk_regression_loss": 9.166947164989653, "fpem/counterfactual_risk_ranking_loss": 1.5834842659178234, "fpem/load_level_assignment_detached": 1.0, "fpem/load_level_count_0": 1680.0, "fpem/load_level_ratio_0": 1.0, "fpem/expert_0_global_loss": 9.541361331939697, "fpem/expert_0_selected_loss": 9.541361331939697, "fpem/counterfactual_risk_stage2_active": 0.0, "fpem/counterfactual_risk_stage2_start_epoch": 20.0, "fpem/counterfactual_risk_all_environment_mae": 9.541361331939697, "fpem/counterfactual_risk_all_invariant_mae": 9.662237557910737, "fpem/counterfactual_risk_routed_mae": 9.541361331939697, "fpem/counterfactual_risk_oracle_mae": 9.450439589364189, "fpem/counterfactual_risk_router_accuracy": 0.6470238095238096, "fpem/counterfactual_risk_router_balanced_accuracy": 0.5, "fpem/counterfactual_risk_inv_route_ratio": 0.0, "fpem/counterfactual_risk_env_route_ratio": 1.0, "fpem/counterfactual_risk_inv_switch_precision": 0.0, "fpem/counterfactual_risk_correct_inv_switches": 0.0, "fpem/counterfactual_risk_harmful_inv_switches": 0.0, "fpem/counterfactual_risk_saved_loss": 0.0, "fpem/counterfactual_risk_added_loss": 0.0, "fpem/counterfactual_risk_net_gain": 0.0, "fpem/counterfactual_risk_regret": 0.09092174257550921, "fpem/counterfactual_risk_oracle_gap_closed": 0.0, "fpem/counterfactual_risk_delta_mean": -0.12087608306180864, "fpem/counterfactual_risk_target_inv_ratio": 0.3529761904761905, "fpem/counterfactual_risk_weight_env_sum": 7.9999999273391, "fpem/counterfactual_risk_weight_inv_sum": 7.9999999364217125, "fpem/counterfactual_risk_prediction_is_hard_route": 1.0, "fpem/counterfactual_risk_prediction_is_soft_fusion": 0.0, "fpem/counterfactual_risk_target_detached": 1.0, "fpem/counterfactual_risk_uses_threshold": 0.0, "fpem/counterfactual_risk_all_samples_used_for_router": 1.0, "fpem/hard_router_predicted_env_ratio": 1.0, "fpem/hard_router_effective_env_ratio": 1.0, "fpem/hard_router_target_env_ratio": 0.6470238095238096, "fpem/hard_router_gain_mean": -0.12087608306180864, "fpem/expert_prediction_pairwise_difference": 0.0, "fpem/delta_pairwise_cosine": 0.0, "fpem/delta_pairwise_l1": 0.0, "fpem/delta_pairwise_l2": 0.0, "fpem/expert_0_parameter_norm": 14.862818536304292, "fpem/hard_binary_router_enabled": 0.0, "fpem/hard_router_uses_target_in_forward": 0.0, "fpem/stored_future_c_loaded": 0.0, "fpem/prediction_is_weighted_complete_fusion": 0.0, "fpem/prediction_is_hard_route": 1.0, "fpem/conservative_inv_override_enabled": 0.0, "fpem/conservative_router_features_detached": 1.0, "fpem/counterfactual_risk_router_enabled": 1.0, "fpem/counterfactual_risk_stage2_active_forward": 0.0, "fpem/counterfactual_risk_deploy_route_active": 0.0, "fpem/counterfactual_risk_training_uses_route": 0.0, "fpem/counterfactual_risk_forward_uses_threshold": 0.0, "fpem/future_mi_loss": 0.0, "fpem/future_mi_valid": 0.0, "fpem/future_mi_logvar_mean": 0.0, "fpem/future_mi_target_mode_env_encoder": 0.0, "fpem/swap_loss": 0.0, "fpem/swap_diff_loss": 0.0, "fpem/swap_same_loss": 0.0, "fpem/swap_gain_mean": 0.0, "fpem/swap_s_gain_mean": 0.0, "fpem/swap_fallback_router_loss": 0.0, "fpem/swap_fallback_q_mean": 0.0, "fpem/swap_prediction_delta": 0.0, "fpem/swap_route_delta": 0.0, "fpem/swap_hyper_alpha_delta": 0.0, "fpem/swap_hyper_delta_norm": 0.0, "fpem/loss_env_day": 0.0, "fpem/loss_env_hour": 0.0, "fpem/loss_env_rush": 0.0, "fpem/env_day_acc": 0.0, "fpem/env_hour_acc": 0.0, "fpem/env_rush_acc": 0.0, "fpem/loss_env_supcon": 0.0, "fpem/env_supcon_valid_pairs": 0.0, "fpem/loss_inv_env_adv": 0.0, "fpem/inv_day_acc": 0.0, "fpem/inv_hour_acc": 0.0, "fpem/inv_rush_acc": 0.0, "fpem/loss_cross_cov_sep": 0.0, "fpem/confounder_dep_enabled": 1.0, "fpem/confounder_dep_mode_gci": 0.0, "fpem/confounder_dep_mode_scd": 1.0, "fpem/confounder_dep_mode_both": 0.0, "fpem/confounder_dep_total": 8.630992780949566e-05, "fpem/loss_gci": 0.0, "fpem/loss_gci_drop": 0.0, "fpem/loss_gci_keep": 0.0, "fpem/loss_gci_graph_align": 0.0, "fpem/loss_scd": 0.1432190498425847, "fpem/loss_conf_kl": 0.006308230739973841, "fpem/effective_gci_weight": 0.0, "fpem/effective_gci_graph_align_weight": 0.10000000149011612, "fpem/effective_scd_weight": 0.0006000000284984708, "fpem/effective_conf_kl_weight": 5.999999848427251e-05, "fpem/confounder_dep_ramp_factor": 0.6000000238418579, "fpem/C_mean": -0.006401013343461923, "fpem/C_std": 0.987928143001738, "fpem/C_norm": 2.7271501473018103, "fpem/confounder_token_norm": 7.847389293852307, "fpem/confounder_variational": 1.0, "fpem/confounder_projection_trace": 7.998697022029332, "fpem/confounder_projection_ridge": 0.0010000000474974513, "fpem/confounder_projection_rank_dim": 8.0, "fpem/confounder_projection_calls": 1.0, "fpem/confounder_dep_detach_target": 1.0, "fpem/gci_nonedge_mass_before_C": 0.0, "fpem/gci_nonedge_mass_after_C": 0.0, "fpem/gci_nonedge_mass_reduction": 0.0, "fpem/gci_relative_violation": 0.0, "fpem/gci_edge_before_C": 0.0, "fpem/gci_edge_after_C": 0.0, "fpem/gci_nonedge_conn_before_C": 0.0, "fpem/gci_nonedge_conn_after_C": 0.0, "fpem/gci_nonedge_conn_reduction": 0.0, "fpem/gci_edge_conn_before_C": 0.0, "fpem/gci_edge_conn_after_C": 0.0, "fpem/gci_edge_conn_reduction": 0.0, "fpem/gci_nonedge_dep_before_C": 0.0, "fpem/gci_nonedge_dep_after_C": 0.0, "fpem/gci_nonedge_dep_reduction": 0.0, "fpem/gci_edge_dep_before_C": 0.0, "fpem/gci_edge_dep_after_C": 0.0, "fpem/gci_nonedge_count": 0.0, "fpem/gci_edge_count": 0.0, "fpem/gci_node_count": 0.0, "fpem/gci_node_vector_dim": 0.0, "fpem/gci_graph_embed_dim": 0.0, "fpem/gci_graph_embedding_norm_before": 0.0, "fpem/gci_graph_embedding_norm_after": 0.0, "fpem/gci_graph_embedding_std_before": 0.0, "fpem/gci_graph_embedding_std_after": 0.0, "fpem/gci_graph_adj_mean_before": 0.0, "fpem/gci_graph_adj_mean_after": 0.0, "fpem/gci_graph_adj_std_before": 0.0, "fpem/gci_graph_adj_std_after": 0.0, "fpem/gci_graph_align_weight": 0.0, "fpem/gci_graph_align_raw_mse": 0.0, "fpem/gci_graph_align_normalized": 0.0, "fpem/gci_edge_preserve_beta": 0.0, "fpem/gci_graph_align_target_available": 0.0, "fpem/gci_target_adj_mean": 0.0, "fpem/gci_target_adj_std": 0.0, "fpem/gci_target_edge_mean": 0.0, "fpem/gci_target_nonedge_mean": 0.0, "fpem/gci_target_diag_mean": 0.0, "fpem/gci_graph_align_updates_agcrn": 0.0, "fpem/gci_updates_graph_linear": 0.0, "fpem/gci_graph_construction_agcrn_softmax": 0.0, "fpem/scd_assoc_before_C": 0.3022977871554238, "fpem/scd_assoc_after_C": 0.32238106301852637, "fpem/scd_assoc_reduction": -0.020083275863102504, "fpem/scd_relative_violation": 0.1432190498425847, "fpem/sample_assoc_before_C": 0.3022977871554238, "fpem/sample_assoc_after_C": 0.32238106301852637, "fpem/sample_assoc_reduction": -0.020083275863102504, "fpem/sample_dep_before_C": 0.3022977871554238, "fpem/sample_dep_after_C": 0.32238106301852637, "fpem/sample_dep_reduction": -0.020083275863102504, "fpem/scd_batch_size": 16.0, "fpem/scd_sample_vector_dim": 448000.0, "fpem/sample_kernel_alignment": 0.0, "fpem/scd_alignment_loss": 0.0, "fpem/load_level_experts_enabled": 1.0, "fpem/load_level_uses_target_or_future_load": 0.0, "fpem/environment_gate_uses_target_in_forward": 0.0, "fpem/load_level_env_residual_scale": 0.0, "fpem/uses_cached_observable_load_prior": 1.0, "fpem/primary_loss": 9.12124513898577, "fpem/inv_pred_loss": 9.213585849035354, "fpem/primary_uses_route": 1.0, "fpem/primary_uses_env_fusion": 0.0, "fpem/backbone_agcrn": 1.0, "fpem/backbone_graphwavenet": 0.0, "fpem/backbone_staeformer": 0.0, "fpem/gc_pred_loss_only": 1.0, "fpem/env_route_head_mode_hyper_proto": 1.0, "fpem/fpem_force_uniform_route": 0.0, "fpem/hard_prediction_sinkhorn_total_replaces_primary": 0.0, "fpem/hard_prediction_environment_sinkhorn_total_replaces_primary": 0.0, "fpem/warmup_risk_sinkhorn_total_replaces_primary": 0.0, "fpem/lambda_club_mi": 0.0}}
EPOCH {"epoch": 12, "train_loss": 10.983760125296456, "val": {"loss": 11.990260283152262, "mae": 11.785888671875, "mape": 0.1856243908405304}, "test_mixed": {"loss": NaN, "mae": NaN, "mape": NaN}, "test_workday": {"loss": NaN, "mae": NaN, "mape": NaN}, "test_holiday": {"loss": NaN, "mae": NaN, "mape": NaN}, "test_avg_mae": NaN, "best_selection_value": 11.990260283152262, "best_selection_split": "val", "best_selection_metric": "val_loss", "lr": 0.001, "fpem_logs": {"fpem/fpem_env_use_exogenous": 1.0, "fpem/env_exogenous_available": 1.0, "fpem/env_exogenous_time_available": 1.0, "fpem/env_exogenous_load_available": 1.0, "fpem/env_exogenous_feature_dim": 32.0, "fpem/env_exogenous_embedding_norm": 2.452610036305019, "fpem/env_exogenous_load_embedding_norm": 1.630777366956075, "fpem/fpem_env_use_period_context": 1.0, "fpem/env_period_context_available": 1.0, "fpem/env_period_day_available_ratio": 0.9732142857142857, "fpem/env_period_week_available_ratio": 0.8244047619047619, "fpem/env_period_context_feature_dim": 6.0, "fpem/env_period_context_scale": 0.10000000149011612, "fpem/env_period_context_delta_norm": 0.19547474001135146, "fpem/env_period_context_day_diff_norm": 0.16272705112184796, "fpem/env_period_context_week_diff_norm": 0.10188992676280793, "fpem/env_rep_ablation_normal": 1.0, "fpem/env_rep_ablation_zero": 0.0, "fpem/env_rep_ablation_shuffle_batch": 0.0, "fpem/env_rep_ablation_mode_id": 0.0, "fpem/mask_loss": 0.0, "fpem/mask_sparse_loss": 0.0, "fpem/mask_entropy_loss": 0.0, "fpem/mask_mean": 1.0, "fpem/mask_entropy": 0.0, "fpem/mask_active_ratio": 1.0, "fpem/fusion_alpha_mean": 0.0, "fpem/fusion_alpha_std": 0.0, "fpem/fusion_alpha_min": 0.0, "fpem/fusion_alpha_max": 0.0, "fpem/env_route_loss": 1.90022889091855, "fpem/env_route_L_final": 9.078922912052699, "fpem/env_route_L_global": 0.0, "fpem/env_route_L_route_soft": 0.0, "fpem/env_route_L_expert": 9.501144286564418, "fpem/env_route_L_router_oracle": 0.0, "fpem/env_route_L_balance": 0.0, "fpem/env_route_L_diverse": 0.0, "fpem/env_route_L_proto_align": 0.0, "fpem/env_route_entropy": 0.0, "fpem/env_route_q_max_mean": 0.0, "fpem/hyper_alpha_mean": 0.0, "fpem/hyper_delta_norm": 0.0, "fpem/hyper_route_proto_mode_uniform_warmup": 0.0, "fpem/hyper_route_proto_mode_uniform_fixed": 0.0, "fpem/hyper_route_proto_mode_sinkhorn": 0.0, "fpem/hyper_route_proto_mode_softmax": 0.0, "fpem/fallback_q_mean": 0.0, "fpem/fallback_q_max": 0.0, "fpem/env_q_sum_mean": 1.0, "fpem/oracle_fallback_rate": 0.0, "fpem/route_count_fallback": 0.0, "fpem/env_route_head_mode": 1.0, "fpem/route_entropy_mean": 0.0, "fpem/route_mean_distribution_entropy": 0.0, "fpem/effective_expert_number": 1.0, "fpem/max_expert_usage_ratio": 0.0, "fpem/min_expert_usage_ratio": 0.0, "fpem/prototype_pairwise_cosine": 0.0, "fpem/expert_prediction_pairwise_cosine": 0.0, "fpem/expert_collapse_warning": 0.0, "fpem/env_route_target_mode_env_prototype": 0.0, "fpem/env_route_target_mode_hybrid": 0.0, "fpem/env_route_hybrid_alpha": 0.0, "fpem/env_route_train_mode_warmup_risk_sinkhorn": 0.0, "fpem/warmup_risk_stage_warmup": 0.0, "fpem/warmup_risk_stage_soft": 0.0, "fpem/warmup_risk_stage_hard": 0.0, "fpem/warmup_risk_selected_loss": 0.0, "fpem/warmup_risk_uniform_common_loss": 0.0, "fpem/warmup_risk_lambda_common": 0.0, "fpem/warmup_risk_total_common_term": 0.0, "fpem/warmup_risk_temperature": 0.0, "fpem/warmup_risk_temperature_progress": 0.0, "fpem/uniform_expert_mae": 0.0, "fpem/risk_routed_mae": 0.0, "fpem/risk_prediction_mae": 0.0, "fpem/risk_loss": 0.0, "fpem/risk_ranking_loss": 0.0, "fpem/risk_ranking_accuracy": 0.0, "fpem/risk_oracle_argmin_accuracy": 0.0, "fpem/risk_router_temperature": 0.0, "fpem/risk_router_lambda": 0.0, "fpem/risk_router_pairwise_lambda": 0.0, "fpem/env_route_train_mode_progressive_gmm_environment": 0.0, "fpem/top_level_prediction_source_progressive_gmm_teacher_hard": 0.0, "fpem/progressive_assignment_uses_target_or_prediction_error": 0.0, "fpem/progressive_partition_ready": 0.0, "fpem/progressive_selected_k": 0.0, "fpem/progressive_active_expert_count": 0.0, "fpem/progressive_last_partition_epoch": 0.0, "fpem/progressive_lambda_common": 0.0, "fpem/progressive_common_term": 0.0, "fpem/progressive_compactness_loss": 0.0, "fpem/progressive_consistency_loss": 0.0, "fpem/progressive_cluster_entropy": 0.0, "fpem/progressive_assignment_change_ratio": 0.0, "fpem/progressive_hungarian_overlap_score": 0.0, "fpem/progressive_partition_update_time_sec": 0.0, "fpem/progressive_routed_mae": 0.0, "fpem/progressive_gmm_environment_total_replaces_primary": 0.0, "fpem/env_route_count_head_0": 16.0, "fpem/env_route_oracle_count_head_0": 16.0, "fpem/route_count_env_head_0": 16.0, "fpem/route_soft_mean_expert_0": 1.0, "fpem/route_hard_count_expert_0": 16.0, "fpem/hard_count_expert_0": 16.0, "fpem/sinkhorn_soft_col_mass_expert_0": 0.0, "fpem/progressive_active_expert_0": 0.0, "fpem/progressive_cluster_size_0": 0.0, "fpem/progressive_cluster_ratio_0": 0.0, "fpem/progressive_cluster_to_expert_0": 0.0, "fpem/progressive_bic_k1": 0.0, "fpem/progressive_bic_score_k1": 0.0, "fpem/progressive_bic_rejected_k1": 0.0, "fpem/hyper_alpha_head_0": 0.0, "fpem/hyper_gamma_norm_head_0": 0.0, "fpem/hyper_beta_norm_head_0": 0.0, "fpem/expert_cross_mae_group_0_expert_0": 9.501144286564418, "fpem/load_expert_loss": 9.501144286564418, "fpem/counterfactual_risk_router_loss": 0.0, "fpem/counterfactual_risk_regression_loss": 9.061459109896706, "fpem/counterfactual_risk_ranking_loss": 1.5851257551284064, "fpem/load_level_assignment_detached": 1.0, "fpem/load_level_count_0": 1680.0, "fpem/load_level_ratio_0": 1.0, "fpem/expert_0_global_loss": 9.501144286564418, "fpem/expert_0_selected_loss": 9.501144286564418, "fpem/counterfactual_risk_stage2_active": 0.0, "fpem/counterfactual_risk_stage2_start_epoch": 20.0, "fpem/counterfactual_risk_all_environment_mae": 9.501144286564418, "fpem/counterfactual_risk_all_invariant_mae": 9.662237521580288, "fpem/counterfactual_risk_routed_mae": 9.501113741738456, "fpem/counterfactual_risk_oracle_mae": 9.431959974198115, "fpem/counterfactual_risk_router_accuracy": 0.6994047619047619, "fpem/counterfactual_risk_router_balanced_accuracy": 0.5007936506044297, "fpem/counterfactual_risk_inv_route_ratio": 0.0005952380952380953, "fpem/counterfactual_risk_env_route_ratio": 0.9994047619047619, "fpem/counterfactual_risk_inv_switch_precision": 0.009523809523809525, "fpem/counterfactual_risk_correct_inv_switches": 0.009523809523809525, "fpem/counterfactual_risk_harmful_inv_switches": 0.0, "fpem/counterfactual_risk_saved_loss": 3.0547664279029486e-05, "fpem/counterfactual_risk_added_loss": 0.0, "fpem/counterfactual_risk_net_gain": 3.054482596261161e-05, "fpem/counterfactual_risk_regret": 0.06915376754034133, "fpem/counterfactual_risk_oracle_gap_closed": 0.00034046144712538947, "fpem/counterfactual_risk_delta_mean": -0.16109316533520107, "fpem/counterfactual_risk_target_inv_ratio": 0.3011904761904762, "fpem/counterfactual_risk_weight_env_sum": 7.999999922797794, "fpem/counterfactual_risk_weight_inv_sum": 7.999999995458694, "fpem/counterfactual_risk_prediction_is_hard_route": 1.0, "fpem/counterfactual_risk_prediction_is_soft_fusion": 0.0, "fpem/counterfactual_risk_target_detached": 1.0, "fpem/counterfactual_risk_uses_threshold": 0.0, "fpem/counterfactual_risk_all_samples_used_for_router": 1.0, "fpem/hard_router_predicted_env_ratio": 0.9994047619047619, "fpem/hard_router_effective_env_ratio": 1.0, "fpem/hard_router_target_env_ratio": 0.6988095238095238, "fpem/hard_router_gain_mean": -0.16109316533520107, "fpem/expert_prediction_pairwise_difference": 0.0, "fpem/delta_pairwise_cosine": 0.0, "fpem/delta_pairwise_l1": 0.0, "fpem/delta_pairwise_l2": 0.0, "fpem/expert_0_parameter_norm": 14.865486917041597, "fpem/hard_binary_router_enabled": 0.0, "fpem/hard_router_uses_target_in_forward": 0.0, "fpem/stored_future_c_loaded": 0.0, "fpem/prediction_is_weighted_complete_fusion": 0.0, "fpem/prediction_is_hard_route": 1.0, "fpem/conservative_inv_override_enabled": 0.0, "fpem/conservative_router_features_detached": 1.0, "fpem/counterfactual_risk_router_enabled": 1.0, "fpem/counterfactual_risk_stage2_active_forward": 0.0, "fpem/counterfactual_risk_deploy_route_active": 0.0, "fpem/counterfactual_risk_training_uses_route": 0.0, "fpem/counterfactual_risk_forward_uses_threshold": 0.0, "fpem/future_mi_loss": 0.0, "fpem/future_mi_valid": 0.0, "fpem/future_mi_logvar_mean": 0.0, "fpem/future_mi_target_mode_env_encoder": 0.0, "fpem/swap_loss": 0.0, "fpem/swap_diff_loss": 0.0, "fpem/swap_same_loss": 0.0, "fpem/swap_gain_mean": 0.0, "fpem/swap_s_gain_mean": 0.0, "fpem/swap_fallback_router_loss": 0.0, "fpem/swap_fallback_q_mean": 0.0, "fpem/swap_prediction_delta": 0.0, "fpem/swap_route_delta": 0.0, "fpem/swap_hyper_alpha_delta": 0.0, "fpem/swap_hyper_delta_norm": 0.0, "fpem/loss_env_day": 0.0, "fpem/loss_env_hour": 0.0, "fpem/loss_env_rush": 0.0, "fpem/env_day_acc": 0.0, "fpem/env_hour_acc": 0.0, "fpem/env_rush_acc": 0.0, "fpem/loss_env_supcon": 0.0, "fpem/env_supcon_valid_pairs": 0.0, "fpem/loss_inv_env_adv": 0.0, "fpem/inv_day_acc": 0.0, "fpem/inv_hour_acc": 0.0, "fpem/inv_rush_acc": 0.0, "fpem/loss_cross_cov_sep": 0.0, "fpem/confounder_dep_enabled": 1.0, "fpem/confounder_dep_mode_gci": 0.0, "fpem/confounder_dep_mode_scd": 1.0, "fpem/confounder_dep_mode_both": 0.0, "fpem/confounder_dep_total": 9.834314346551851e-05, "fpem/loss_gci": 0.0, "fpem/loss_gci_drop": 0.0, "fpem/loss_gci_keep": 0.0, "fpem/loss_gci_graph_align": 0.0, "fpem/loss_scd": 0.139911635858672, "fpem/loss_conf_kl": 0.0057857310488110495, "fpem/effective_gci_weight": 0.0, "fpem/effective_gci_graph_align_weight": 0.10000000149011612, "fpem/effective_scd_weight": 0.000699999975040555, "fpem/effective_conf_kl_weight": 7.000000186963007e-05, "fpem/confounder_dep_ramp_factor": 0.699999988079071, "fpem/C_mean": 0.0020810106503111976, "fpem/C_std": 0.9882961341312954, "fpem/C_norm": 2.7214586326054166, "fpem/confounder_token_norm": 7.826217456091018, "fpem/confounder_variational": 1.0, "fpem/confounder_projection_trace": 7.998538571312314, "fpem/confounder_projection_ridge": 0.0010000000474974513, "fpem/confounder_projection_rank_dim": 8.0, "fpem/confounder_projection_calls": 1.0, "fpem/confounder_dep_detach_target": 1.0, "fpem/gci_nonedge_mass_before_C": 0.0, "fpem/gci_nonedge_mass_after_C": 0.0, "fpem/gci_nonedge_mass_reduction": 0.0, "fpem/gci_relative_violation": 0.0, "fpem/gci_edge_before_C": 0.0, "fpem/gci_edge_after_C": 0.0, "fpem/gci_nonedge_conn_before_C": 0.0, "fpem/gci_nonedge_conn_after_C": 0.0, "fpem/gci_nonedge_conn_reduction": 0.0, "fpem/gci_edge_conn_before_C": 0.0, "fpem/gci_edge_conn_after_C": 0.0, "fpem/gci_edge_conn_reduction": 0.0, "fpem/gci_nonedge_dep_before_C": 0.0, "fpem/gci_nonedge_dep_after_C": 0.0, "fpem/gci_nonedge_dep_reduction": 0.0, "fpem/gci_edge_dep_before_C": 0.0, "fpem/gci_edge_dep_after_C": 0.0, "fpem/gci_nonedge_count": 0.0, "fpem/gci_edge_count": 0.0, "fpem/gci_node_count": 0.0, "fpem/gci_node_vector_dim": 0.0, "fpem/gci_graph_embed_dim": 0.0, "fpem/gci_graph_embedding_norm_before": 0.0, "fpem/gci_graph_embedding_norm_after": 0.0, "fpem/gci_graph_embedding_std_before": 0.0, "fpem/gci_graph_embedding_std_after": 0.0, "fpem/gci_graph_adj_mean_before": 0.0, "fpem/gci_graph_adj_mean_after": 0.0, "fpem/gci_graph_adj_std_before": 0.0, "fpem/gci_graph_adj_std_after": 0.0, "fpem/gci_graph_align_weight": 0.0, "fpem/gci_graph_align_raw_mse": 0.0, "fpem/gci_graph_align_normalized": 0.0, "fpem/gci_edge_preserve_beta": 0.0, "fpem/gci_graph_align_target_available": 0.0, "fpem/gci_target_adj_mean": 0.0, "fpem/gci_target_adj_std": 0.0, "fpem/gci_target_edge_mean": 0.0, "fpem/gci_target_nonedge_mean": 0.0, "fpem/gci_target_diag_mean": 0.0, "fpem/gci_graph_align_updates_agcrn": 0.0, "fpem/gci_updates_graph_linear": 0.0, "fpem/gci_graph_construction_agcrn_softmax": 0.0, "fpem/scd_assoc_before_C": 0.3071630296253023, "fpem/scd_assoc_after_C": 0.31797108139310565, "fpem/scd_assoc_reduction": -0.010808051767803374, "fpem/scd_relative_violation": 0.139911635858672, "fpem/sample_assoc_before_C": 0.3071630296253023, "fpem/sample_assoc_after_C": 0.31797108139310565, "fpem/sample_assoc_reduction": -0.010808051767803374, "fpem/sample_dep_before_C": 0.3071630296253023, "fpem/sample_dep_after_C": 0.31797108139310565, "fpem/sample_dep_reduction": -0.010808051767803374, "fpem/scd_batch_size": 16.0, "fpem/scd_sample_vector_dim": 448000.0, "fpem/sample_kernel_alignment": 0.0, "fpem/scd_alignment_loss": 0.0, "fpem/load_level_experts_enabled": 1.0, "fpem/load_level_uses_target_or_future_load": 0.0, "fpem/environment_gate_uses_target_in_forward": 0.0, "fpem/load_level_env_residual_scale": 0.0, "fpem/uses_cached_observable_load_prior": 1.0, "fpem/primary_loss": 9.078922912052699, "fpem/inv_pred_loss": 9.214502007620675, "fpem/primary_uses_route": 1.0, "fpem/primary_uses_env_fusion": 0.0, "fpem/backbone_agcrn": 1.0, "fpem/backbone_graphwavenet": 0.0, "fpem/backbone_staeformer": 0.0, "fpem/gc_pred_loss_only": 1.0, "fpem/env_route_head_mode_hyper_proto": 1.0, "fpem/fpem_force_uniform_route": 0.0, "fpem/hard_prediction_sinkhorn_total_replaces_primary": 0.0, "fpem/hard_prediction_environment_sinkhorn_total_replaces_primary": 0.0, "fpem/warmup_risk_sinkhorn_total_replaces_primary": 0.0, "fpem/lambda_club_mi": 0.0}}
EPOCH {"epoch": 13, "train_loss": 10.993744214375814, "val": {"loss": 11.857804642783272, "mae": 11.628499984741211, "mape": 0.1891690343618393}, "test_mixed": {"loss": NaN, "mae": NaN, "mape": NaN}, "test_workday": {"loss": NaN, "mae": NaN, "mape": NaN}, "test_holiday": {"loss": NaN, "mae": NaN, "mape": NaN}, "test_avg_mae": NaN, "best_selection_value": 11.857804642783272, "best_selection_split": "val", "best_selection_metric": "val_loss", "lr": 0.001, "fpem_logs": {"fpem/fpem_env_use_exogenous": 1.0, "fpem/env_exogenous_available": 1.0, "fpem/env_exogenous_time_available": 1.0, "fpem/env_exogenous_load_available": 1.0, "fpem/env_exogenous_feature_dim": 32.0, "fpem/env_exogenous_embedding_norm": 2.4551092465718587, "fpem/env_exogenous_load_embedding_norm": 1.6317494585400536, "fpem/fpem_env_use_period_context": 1.0, "fpem/env_period_context_available": 1.0, "fpem/env_period_day_available_ratio": 0.9732142857142857, "fpem/env_period_week_available_ratio": 0.8244047619047619, "fpem/env_period_context_feature_dim": 6.0, "fpem/env_period_context_scale": 0.10000000149011612, "fpem/env_period_context_delta_norm": 0.19703139052504584, "fpem/env_period_context_day_diff_norm": 0.16272705112184796, "fpem/env_period_context_week_diff_norm": 0.10188992761430286, "fpem/env_rep_ablation_normal": 1.0, "fpem/env_rep_ablation_zero": 0.0, "fpem/env_rep_ablation_shuffle_batch": 0.0, "fpem/env_rep_ablation_mode_id": 0.0, "fpem/mask_loss": 0.0, "fpem/mask_sparse_loss": 0.0, "fpem/mask_entropy_loss": 0.0, "fpem/mask_mean": 1.0, "fpem/mask_entropy": 0.0, "fpem/mask_active_ratio": 1.0, "fpem/fusion_alpha_mean": 0.0, "fpem/fusion_alpha_std": 0.0, "fpem/fusion_alpha_min": 0.0, "fpem/fusion_alpha_max": 0.0, "fpem/env_route_loss": 1.9014825003487723, "fpem/env_route_L_final": 9.099832176026844, "fpem/env_route_L_global": 0.0, "fpem/env_route_L_route_soft": 0.0, "fpem/env_route_L_expert": 9.507412365504674, "fpem/env_route_L_router_oracle": 0.0, "fpem/env_route_L_balance": 0.0, "fpem/env_route_L_diverse": 0.0, "fpem/env_route_L_proto_align": 0.0, "fpem/env_route_entropy": 0.0, "fpem/env_route_q_max_mean": 0.0, "fpem/hyper_alpha_mean": 0.0, "fpem/hyper_delta_norm": 0.0, "fpem/hyper_route_proto_mode_uniform_warmup": 0.0, "fpem/hyper_route_proto_mode_uniform_fixed": 0.0, "fpem/hyper_route_proto_mode_sinkhorn": 0.0, "fpem/hyper_route_proto_mode_softmax": 0.0, "fpem/fallback_q_mean": 0.0, "fpem/fallback_q_max": 0.0, "fpem/env_q_sum_mean": 1.0, "fpem/oracle_fallback_rate": 0.0, "fpem/route_count_fallback": 0.0, "fpem/env_route_head_mode": 1.0, "fpem/route_entropy_mean": 0.0, "fpem/route_mean_distribution_entropy": 0.0, "fpem/effective_expert_number": 1.0, "fpem/max_expert_usage_ratio": 0.0, "fpem/min_expert_usage_ratio": 0.0, "fpem/prototype_pairwise_cosine": 0.0, "fpem/expert_prediction_pairwise_cosine": 0.0, "fpem/expert_collapse_warning": 0.0, "fpem/env_route_target_mode_env_prototype": 0.0, "fpem/env_route_target_mode_hybrid": 0.0, "fpem/env_route_hybrid_alpha": 0.0, "fpem/env_route_train_mode_warmup_risk_sinkhorn": 0.0, "fpem/warmup_risk_stage_warmup": 0.0, "fpem/warmup_risk_stage_soft": 0.0, "fpem/warmup_risk_stage_hard": 0.0, "fpem/warmup_risk_selected_loss": 0.0, "fpem/warmup_risk_uniform_common_loss": 0.0, "fpem/warmup_risk_lambda_common": 0.0, "fpem/warmup_risk_total_common_term": 0.0, "fpem/warmup_risk_temperature": 0.0, "fpem/warmup_risk_temperature_progress": 0.0, "fpem/uniform_expert_mae": 0.0, "fpem/risk_routed_mae": 0.0, "fpem/risk_prediction_mae": 0.0, "fpem/risk_loss": 0.0, "fpem/risk_ranking_loss": 0.0, "fpem/risk_ranking_accuracy": 0.0, "fpem/risk_oracle_argmin_accuracy": 0.0, "fpem/risk_router_temperature": 0.0, "fpem/risk_router_lambda": 0.0, "fpem/risk_router_pairwise_lambda": 0.0, "fpem/env_route_train_mode_progressive_gmm_environment": 0.0, "fpem/top_level_prediction_source_progressive_gmm_teacher_hard": 0.0, "fpem/progressive_assignment_uses_target_or_prediction_error": 0.0, "fpem/progressive_partition_ready": 0.0, "fpem/progressive_selected_k": 0.0, "fpem/progressive_active_expert_count": 0.0, "fpem/progressive_last_partition_epoch": 0.0, "fpem/progressive_lambda_common": 0.0, "fpem/progressive_common_term": 0.0, "fpem/progressive_compactness_loss": 0.0, "fpem/progressive_consistency_loss": 0.0, "fpem/progressive_cluster_entropy": 0.0, "fpem/progressive_assignment_change_ratio": 0.0, "fpem/progressive_hungarian_overlap_score": 0.0, "fpem/progressive_partition_update_time_sec": 0.0, "fpem/progressive_routed_mae": 0.0, "fpem/progressive_gmm_environment_total_replaces_primary": 0.0, "fpem/env_route_count_head_0": 16.0, "fpem/env_route_oracle_count_head_0": 16.0, "fpem/route_count_env_head_0": 16.0, "fpem/route_soft_mean_expert_0": 1.0, "fpem/route_hard_count_expert_0": 16.0, "fpem/hard_count_expert_0": 16.0, "fpem/sinkhorn_soft_col_mass_expert_0": 0.0, "fpem/progressive_active_expert_0": 0.0, "fpem/progressive_cluster_size_0": 0.0, "fpem/progressive_cluster_ratio_0": 0.0, "fpem/progressive_cluster_to_expert_0": 0.0, "fpem/progressive_bic_k1": 0.0, "fpem/progressive_bic_score_k1": 0.0, "fpem/progressive_bic_rejected_k1": 0.0, "fpem/hyper_alpha_head_0": 0.0, "fpem/hyper_gamma_norm_head_0": 0.0, "fpem/hyper_beta_norm_head_0": 0.0, "fpem/expert_cross_mae_group_0_expert_0": 9.507412365504674, "fpem/load_expert_loss": 9.507412365504674, "fpem/counterfactual_risk_router_loss": 0.0, "fpem/counterfactual_risk_regression_loss": 9.090503747122629, "fpem/counterfactual_risk_ranking_loss": 1.5594436055137997, "fpem/load_level_assignment_detached": 1.0, "fpem/load_level_count_0": 1680.0, "fpem/load_level_ratio_0": 1.0, "fpem/expert_0_global_loss": 9.507412365504674, "fpem/expert_0_selected_loss": 9.507412365504674, "fpem/counterfactual_risk_stage2_active": 0.0, "fpem/counterfactual_risk_stage2_start_epoch": 20.0, "fpem/counterfactual_risk_all_environment_mae": 9.507412365504674, "fpem/counterfactual_risk_all_invariant_mae": 9.662237589699881, "fpem/counterfactual_risk_routed_mae": 9.507412365504674, "fpem/counterfactual_risk_oracle_mae": 9.43022697085426, "fpem/counterfactual_risk_router_accuracy": 0.6755952380952381, "fpem/counterfactual_risk_router_balanced_accuracy": 0.5, "fpem/counterfactual_risk_inv_route_ratio": 0.0, "fpem/counterfactual_risk_env_route_ratio": 1.0, "fpem/counterfactual_risk_inv_switch_precision": 0.0, "fpem/counterfactual_risk_correct_inv_switches": 0.0, "fpem/counterfactual_risk_harmful_inv_switches": 0.0, "fpem/counterfactual_risk_saved_loss": 0.0, "fpem/counterfactual_risk_added_loss": 0.0, "fpem/counterfactual_risk_net_gain": 0.0, "fpem/counterfactual_risk_regret": 0.07718539465041388, "fpem/counterfactual_risk_oracle_gap_closed": 0.0, "fpem/counterfactual_risk_delta_mean": -0.15482507546742758, "fpem/counterfactual_risk_target_inv_ratio": 0.3244047619047619, "fpem/counterfactual_risk_weight_env_sum": 7.999999895549956, "fpem/counterfactual_risk_weight_inv_sum": 7.999999954586937, "fpem/counterfactual_risk_prediction_is_hard_route": 1.0, "fpem/counterfactual_risk_prediction_is_soft_fusion": 0.0, "fpem/counterfactual_risk_target_detached": 1.0, "fpem/counterfactual_risk_uses_threshold": 0.0, "fpem/counterfactual_risk_all_samples_used_for_router": 1.0, "fpem/hard_router_predicted_env_ratio": 1.0, "fpem/hard_router_effective_env_ratio": 1.0, "fpem/hard_router_target_env_ratio": 0.6755952380952381, "fpem/hard_router_gain_mean": -0.15482507546742758, "fpem/expert_prediction_pairwise_difference": 0.0, "fpem/delta_pairwise_cosine": 0.0, "fpem/delta_pairwise_l1": 0.0, "fpem/delta_pairwise_l2": 0.0, "fpem/expert_0_parameter_norm": 14.866773741585869, "fpem/hard_binary_router_enabled": 0.0, "fpem/hard_router_uses_target_in_forward": 0.0, "fpem/stored_future_c_loaded": 0.0, "fpem/prediction_is_weighted_complete_fusion": 0.0, "fpem/prediction_is_hard_route": 1.0, "fpem/conservative_inv_override_enabled": 0.0, "fpem/conservative_router_features_detached": 1.0, "fpem/counterfactual_risk_router_enabled": 1.0, "fpem/counterfactual_risk_stage2_active_forward": 0.0, "fpem/counterfactual_risk_deploy_route_active": 0.0, "fpem/counterfactual_risk_training_uses_route": 0.0, "fpem/counterfactual_risk_forward_uses_threshold": 0.0, "fpem/future_mi_loss": 0.0, "fpem/future_mi_valid": 0.0, "fpem/future_mi_logvar_mean": 0.0, "fpem/future_mi_target_mode_env_encoder": 0.0, "fpem/swap_loss": 0.0, "fpem/swap_diff_loss": 0.0, "fpem/swap_same_loss": 0.0, "fpem/swap_gain_mean": 0.0, "fpem/swap_s_gain_mean": 0.0, "fpem/swap_fallback_router_loss": 0.0, "fpem/swap_fallback_q_mean": 0.0, "fpem/swap_prediction_delta": 0.0, "fpem/swap_route_delta": 0.0, "fpem/swap_hyper_alpha_delta": 0.0, "fpem/swap_hyper_delta_norm": 0.0, "fpem/loss_env_day": 0.0, "fpem/loss_env_hour": 0.0, "fpem/loss_env_rush": 0.0, "fpem/env_day_acc": 0.0, "fpem/env_hour_acc": 0.0, "fpem/env_rush_acc": 0.0, "fpem/loss_env_supcon": 0.0, "fpem/env_supcon_valid_pairs": 0.0, "fpem/loss_inv_env_adv": 0.0, "fpem/inv_day_acc": 0.0, "fpem/inv_hour_acc": 0.0, "fpem/inv_rush_acc": 0.0, "fpem/loss_cross_cov_sep": 0.0, "fpem/confounder_dep_enabled": 1.0, "fpem/confounder_dep_mode_gci": 0.0, "fpem/confounder_dep_mode_scd": 1.0, "fpem/confounder_dep_mode_both": 0.0, "fpem/confounder_dep_total": 0.00011313616688269013, "fpem/loss_gci": 0.0, "fpem/loss_gci_drop": 0.0, "fpem/loss_gci_keep": 0.0, "fpem/loss_gci_graph_align": 0.0, "fpem/loss_scd": 0.14103707039640062, "fpem/loss_conf_kl": 0.0038314249721311385, "fpem/effective_gci_weight": 0.0, "fpem/effective_gci_graph_align_weight": 0.10000000149011612, "fpem/effective_scd_weight": 0.0007999999797903001, "fpem/effective_conf_kl_weight": 7.999999797903001e-05, "fpem/confounder_dep_ramp_factor": 0.800000011920929, "fpem/C_mean": -0.004312032274901867, "fpem/C_std": 1.001409387588501, "fpem/C_norm": 2.7676916122436523, "fpem/confounder_token_norm": 7.801024346124558, "fpem/confounder_variational": 1.0, "fpem/confounder_projection_trace": 7.998738770257859, "fpem/confounder_projection_ridge": 0.0010000000474974513, "fpem/confounder_projection_rank_dim": 8.0, "fpem/confounder_projection_calls": 1.0, "fpem/confounder_dep_detach_target": 1.0, "fpem/gci_nonedge_mass_before_C": 0.0, "fpem/gci_nonedge_mass_after_C": 0.0, "fpem/gci_nonedge_mass_reduction": 0.0, "fpem/gci_relative_violation": 0.0, "fpem/gci_edge_before_C": 0.0, "fpem/gci_edge_after_C": 0.0, "fpem/gci_nonedge_conn_before_C": 0.0, "fpem/gci_nonedge_conn_after_C": 0.0, "fpem/gci_nonedge_conn_reduction": 0.0, "fpem/gci_edge_conn_before_C": 0.0, "fpem/gci_edge_conn_after_C": 0.0, "fpem/gci_edge_conn_reduction": 0.0, "fpem/gci_nonedge_dep_before_C": 0.0, "fpem/gci_nonedge_dep_after_C": 0.0, "fpem/gci_nonedge_dep_reduction": 0.0, "fpem/gci_edge_dep_before_C": 0.0, "fpem/gci_edge_dep_after_C": 0.0, "fpem/gci_nonedge_count": 0.0, "fpem/gci_edge_count": 0.0, "fpem/gci_node_count": 0.0, "fpem/gci_node_vector_dim": 0.0, "fpem/gci_graph_embed_dim": 0.0, "fpem/gci_graph_embedding_norm_before": 0.0, "fpem/gci_graph_embedding_norm_after": 0.0, "fpem/gci_graph_embedding_std_before": 0.0, "fpem/gci_graph_embedding_std_after": 0.0, "fpem/gci_graph_adj_mean_before": 0.0, "fpem/gci_graph_adj_mean_after": 0.0, "fpem/gci_graph_adj_std_before": 0.0, "fpem/gci_graph_adj_std_after": 0.0, "fpem/gci_graph_align_weight": 0.0, "fpem/gci_graph_align_raw_mse": 0.0, "fpem/gci_graph_align_normalized": 0.0, "fpem/gci_edge_preserve_beta": 0.0, "fpem/gci_graph_align_target_available": 0.0, "fpem/gci_target_adj_mean": 0.0, "fpem/gci_target_adj_std": 0.0, "fpem/gci_target_edge_mean": 0.0, "fpem/gci_target_nonedge_mean": 0.0, "fpem/gci_target_diag_mean": 0.0, "fpem/gci_graph_align_updates_agcrn": 0.0, "fpem/gci_updates_graph_linear": 0.0, "fpem/gci_graph_construction_agcrn_softmax": 0.0, "fpem/scd_assoc_before_C": 0.30799185633659365, "fpem/scd_assoc_after_C": 0.32004616331486474, "fpem/scd_assoc_reduction": -0.012054306978271121, "fpem/scd_relative_violation": 0.14103707039640062, "fpem/sample_assoc_before_C": 0.30799185633659365, "fpem/sample_assoc_after_C": 0.32004616331486474, "fpem/sample_assoc_reduction": -0.012054306978271121, "fpem/sample_dep_before_C": 0.30799185633659365, "fpem/sample_dep_after_C": 0.32004616331486474, "fpem/sample_dep_reduction": -0.012054306978271121, "fpem/scd_batch_size": 16.0, "fpem/scd_sample_vector_dim": 448000.0, "fpem/sample_kernel_alignment": 0.0, "fpem/scd_alignment_loss": 0.0, "fpem/load_level_experts_enabled": 1.0, "fpem/load_level_uses_target_or_future_load": 0.0, "fpem/environment_gate_uses_target_in_forward": 0.0, "fpem/load_level_env_residual_scale": 0.0, "fpem/uses_cached_observable_load_prior": 1.0, "fpem/primary_loss": 9.099832176026844, "fpem/inv_pred_loss": 9.21630863008045, "fpem/primary_uses_route": 1.0, "fpem/primary_uses_env_fusion": 0.0, "fpem/backbone_agcrn": 1.0, "fpem/backbone_graphwavenet": 0.0, "fpem/backbone_staeformer": 0.0, "fpem/gc_pred_loss_only": 1.0, "fpem/env_route_head_mode_hyper_proto": 1.0, "fpem/fpem_force_uniform_route": 0.0, "fpem/hard_prediction_sinkhorn_total_replaces_primary": 0.0, "fpem/hard_prediction_environment_sinkhorn_total_replaces_primary": 0.0, "fpem/warmup_risk_sinkhorn_total_replaces_primary": 0.0, "fpem/lambda_club_mi": 0.0}}
EPOCH {"epoch": 14, "train_loss": 11.014045560927618, "val": {"loss": 11.921008586883545, "mae": 11.712746620178223, "mape": 0.1831435114145279}, "test_mixed": {"loss": NaN, "mae": NaN, "mape": NaN}, "test_workday": {"loss": NaN, "mae": NaN, "mape": NaN}, "test_holiday": {"loss": NaN, "mae": NaN, "mape": NaN}, "test_avg_mae": NaN, "best_selection_value": 11.921008586883545, "best_selection_split": "val", "best_selection_metric": "val_loss", "lr": 0.001, "fpem_logs": {"fpem/fpem_env_use_exogenous": 1.0, "fpem/env_exogenous_available": 1.0, "fpem/env_exogenous_time_available": 1.0, "fpem/env_exogenous_load_available": 1.0, "fpem/env_exogenous_feature_dim": 32.0, "fpem/env_exogenous_embedding_norm": 2.459433514731271, "fpem/env_exogenous_load_embedding_norm": 1.633580081803458, "fpem/fpem_env_use_period_context": 1.0, "fpem/env_period_context_available": 1.0, "fpem/env_period_day_available_ratio": 0.9732142857142857, "fpem/env_period_week_available_ratio": 0.8244047619047619, "fpem/env_period_context_feature_dim": 6.0, "fpem/env_period_context_scale": 0.10000000149011612, "fpem/env_period_context_delta_norm": 0.20085509050460087, "fpem/env_period_context_day_diff_norm": 0.16272705090897424, "fpem/env_period_context_week_diff_norm": 0.1018899265499342, "fpem/env_rep_ablation_normal": 1.0, "fpem/env_rep_ablation_zero": 0.0, "fpem/env_rep_ablation_shuffle_batch": 0.0, "fpem/env_rep_ablation_mode_id": 0.0, "fpem/mask_loss": 0.0, "fpem/mask_sparse_loss": 0.0, "fpem/mask_entropy_loss": 0.0, "fpem/mask_mean": 1.0, "fpem/mask_entropy": 0.0, "fpem/mask_active_ratio": 1.0, "fpem/fusion_alpha_mean": 0.0, "fpem/fusion_alpha_std": 0.0, "fpem/fusion_alpha_min": 0.0, "fpem/fusion_alpha_max": 0.0, "fpem/env_route_loss": 1.9044258242561705, "fpem/env_route_L_final": 9.10349611554827, "fpem/env_route_L_global": 0.0, "fpem/env_route_L_route_soft": 0.0, "fpem/env_route_L_expert": 9.522129004342215, "fpem/env_route_L_router_oracle": 0.0, "fpem/env_route_L_balance": 0.0, "fpem/env_route_L_diverse": 0.0, "fpem/env_route_L_proto_align": 0.0, "fpem/env_route_entropy": 0.0, "fpem/env_route_q_max_mean": 0.0, "fpem/hyper_alpha_mean": 0.0, "fpem/hyper_delta_norm": 0.0, "fpem/hyper_route_proto_mode_uniform_warmup": 0.0, "fpem/hyper_route_proto_mode_uniform_fixed": 0.0, "fpem/hyper_route_proto_mode_sinkhorn": 0.0, "fpem/hyper_route_proto_mode_softmax": 0.0, "fpem/fallback_q_mean": 0.0, "fpem/fallback_q_max": 0.0, "fpem/env_q_sum_mean": 1.0, "fpem/oracle_fallback_rate": 0.0, "fpem/route_count_fallback": 0.0, "fpem/env_route_head_mode": 1.0, "fpem/route_entropy_mean": 0.0, "fpem/route_mean_distribution_entropy": 0.0, "fpem/effective_expert_number": 1.0, "fpem/max_expert_usage_ratio": 0.0, "fpem/min_expert_usage_ratio": 0.0, "fpem/prototype_pairwise_cosine": 0.0, "fpem/expert_prediction_pairwise_cosine": 0.0, "fpem/expert_collapse_warning": 0.0, "fpem/env_route_target_mode_env_prototype": 0.0, "fpem/env_route_target_mode_hybrid": 0.0, "fpem/env_route_hybrid_alpha": 0.0, "fpem/env_route_train_mode_warmup_risk_sinkhorn": 0.0, "fpem/warmup_risk_stage_warmup": 0.0, "fpem/warmup_risk_stage_soft": 0.0, "fpem/warmup_risk_stage_hard": 0.0, "fpem/warmup_risk_selected_loss": 0.0, "fpem/warmup_risk_uniform_common_loss": 0.0, "fpem/warmup_risk_lambda_common": 0.0, "fpem/warmup_risk_total_common_term": 0.0, "fpem/warmup_risk_temperature": 0.0, "fpem/warmup_risk_temperature_progress": 0.0, "fpem/uniform_expert_mae": 0.0, "fpem/risk_routed_mae": 0.0, "fpem/risk_prediction_mae": 0.0, "fpem/risk_loss": 0.0, "fpem/risk_ranking_loss": 0.0, "fpem/risk_ranking_accuracy": 0.0, "fpem/risk_oracle_argmin_accuracy": 0.0, "fpem/risk_router_temperature": 0.0, "fpem/risk_router_lambda": 0.0, "fpem/risk_router_pairwise_lambda": 0.0, "fpem/env_route_train_mode_progressive_gmm_environment": 0.0, "fpem/top_level_prediction_source_progressive_gmm_teacher_hard": 0.0, "fpem/progressive_assignment_uses_target_or_prediction_error": 0.0, "fpem/progressive_partition_ready": 0.0, "fpem/progressive_selected_k": 0.0, "fpem/progressive_active_expert_count": 0.0, "fpem/progressive_last_partition_epoch": 0.0, "fpem/progressive_lambda_common": 0.0, "fpem/progressive_common_term": 0.0, "fpem/progressive_compactness_loss": 0.0, "fpem/progressive_consistency_loss": 0.0, "fpem/progressive_cluster_entropy": 0.0, "fpem/progressive_assignment_change_ratio": 0.0, "fpem/progressive_hungarian_overlap_score": 0.0, "fpem/progressive_partition_update_time_sec": 0.0, "fpem/progressive_routed_mae": 0.0, "fpem/progressive_gmm_environment_total_replaces_primary": 0.0, "fpem/env_route_count_head_0": 16.0, "fpem/env_route_oracle_count_head_0": 16.0, "fpem/route_count_env_head_0": 16.0, "fpem/route_soft_mean_expert_0": 1.0, "fpem/route_hard_count_expert_0": 16.0, "fpem/hard_count_expert_0": 16.0, "fpem/sinkhorn_soft_col_mass_expert_0": 0.0, "fpem/progressive_active_expert_0": 0.0, "fpem/progressive_cluster_size_0": 0.0, "fpem/progressive_cluster_ratio_0": 0.0, "fpem/progressive_cluster_to_expert_0": 0.0, "fpem/progressive_bic_k1": 0.0, "fpem/progressive_bic_score_k1": 0.0, "fpem/progressive_bic_rejected_k1": 0.0, "fpem/hyper_alpha_head_0": 0.0, "fpem/hyper_gamma_norm_head_0": 0.0, "fpem/hyper_beta_norm_head_0": 0.0, "fpem/expert_cross_mae_group_0_expert_0": 9.522129004342215, "fpem/load_expert_loss": 9.522129004342215, "fpem/counterfactual_risk_router_loss": 0.0, "fpem/counterfactual_risk_regression_loss": 9.079063728877477, "fpem/counterfactual_risk_ranking_loss": 1.5619644187745594, "fpem/load_level_assignment_detached": 1.0, "fpem/load_level_count_0": 1680.0, "fpem/load_level_ratio_0": 1.0, "fpem/expert_0_global_loss": 9.522129004342215, "fpem/expert_0_selected_loss": 9.522129004342215, "fpem/counterfactual_risk_stage2_active": 0.0, "fpem/counterfactual_risk_stage2_start_epoch": 20.0, "fpem/counterfactual_risk_all_environment_mae": 9.522129004342215, "fpem/counterfactual_risk_all_invariant_mae": 9.662237503415062, "fpem/counterfactual_risk_routed_mae": 9.522203717912946, "fpem/counterfactual_risk_oracle_mae": 9.437115973518008, "fpem/counterfactual_risk_router_accuracy": 0.6589285714285714, "fpem/counterfactual_risk_router_balanced_accuracy": 0.49947089950243634, "fpem/counterfactual_risk_inv_route_ratio": 0.0005952380952380953, "fpem/counterfactual_risk_env_route_ratio": 0.9994047619047619, "fpem/counterfactual_risk_inv_switch_precision": 0.0, "fpem/counterfactual_risk_correct_inv_switches": 0.0, "fpem/counterfactual_risk_harmful_inv_switches": 0.009523809523809525, "fpem/counterfactual_risk_saved_loss": 0.0, "fpem/counterfactual_risk_added_loss": 7.47130030677432e-05, "fpem/counterfactual_risk_net_gain": -7.471357073102678e-05, "fpem/counterfactual_risk_regret": 0.08508774439493814, "fpem/counterfactual_risk_oracle_gap_closed": -0.0008891280917894273, "fpem/counterfactual_risk_delta_mean": -0.1401084833201908, "fpem/counterfactual_risk_target_inv_ratio": 0.3404761904761905, "fpem/counterfactual_risk_weight_env_sum": 7.999999959128243, "fpem/counterfactual_risk_weight_inv_sum": 7.9999999455043245, "fpem/counterfactual_risk_prediction_is_hard_route": 1.0, "fpem/counterfactual_risk_prediction_is_soft_fusion": 0.0, "fpem/counterfactual_risk_target_detached": 1.0, "fpem/counterfactual_risk_uses_threshold": 0.0, "fpem/counterfactual_risk_all_samples_used_for_router": 1.0, "fpem/hard_router_predicted_env_ratio": 0.9994047619047619, "fpem/hard_router_effective_env_ratio": 1.0, "fpem/hard_router_target_env_ratio": 0.6595238095238095, "fpem/hard_router_gain_mean": -0.1401084833201908, "fpem/expert_prediction_pairwise_difference": 0.0, "fpem/delta_pairwise_cosine": 0.0, "fpem/delta_pairwise_l1": 0.0, "fpem/delta_pairwise_l2": 0.0, "fpem/expert_0_parameter_norm": 14.870186079116095, "fpem/hard_binary_router_enabled": 0.0, "fpem/hard_router_uses_target_in_forward": 0.0, "fpem/stored_future_c_loaded": 0.0, "fpem/prediction_is_weighted_complete_fusion": 0.0, "fpem/prediction_is_hard_route": 1.0, "fpem/conservative_inv_override_enabled": 0.0, "fpem/conservative_router_features_detached": 1.0, "fpem/counterfactual_risk_router_enabled": 1.0, "fpem/counterfactual_risk_stage2_active_forward": 0.0, "fpem/counterfactual_risk_deploy_route_active": 0.0, "fpem/counterfactual_risk_training_uses_route": 0.0, "fpem/counterfactual_risk_forward_uses_threshold": 0.0, "fpem/future_mi_loss": 0.0, "fpem/future_mi_valid": 0.0, "fpem/future_mi_logvar_mean": 0.0, "fpem/future_mi_target_mode_env_encoder": 0.0, "fpem/swap_loss": 0.0, "fpem/swap_diff_loss": 0.0, "fpem/swap_same_loss": 0.0, "fpem/swap_gain_mean": 0.0, "fpem/swap_s_gain_mean": 0.0, "fpem/swap_fallback_router_loss": 0.0, "fpem/swap_fallback_q_mean": 0.0, "fpem/swap_prediction_delta": 0.0, "fpem/swap_route_delta": 0.0, "fpem/swap_hyper_alpha_delta": 0.0, "fpem/swap_hyper_delta_norm": 0.0, "fpem/loss_env_day": 0.0, "fpem/loss_env_hour": 0.0, "fpem/loss_env_rush": 0.0, "fpem/env_day_acc": 0.0, "fpem/env_hour_acc": 0.0, "fpem/env_rush_acc": 0.0, "fpem/loss_env_supcon": 0.0, "fpem/env_supcon_valid_pairs": 0.0, "fpem/loss_inv_env_adv": 0.0, "fpem/inv_day_acc": 0.0, "fpem/inv_hour_acc": 0.0, "fpem/inv_rush_acc": 0.0, "fpem/loss_cross_cov_sep": 0.0, "fpem/confounder_dep_enabled": 1.0, "fpem/confounder_dep_mode_gci": 0.0, "fpem/confounder_dep_mode_scd": 1.0, "fpem/confounder_dep_mode_both": 0.0, "fpem/confounder_dep_total": 0.00013535930736993795, "fpem/loss_gci": 0.0, "fpem/loss_gci_drop": 0.0, "fpem/loss_gci_keep": 0.0, "fpem/loss_gci_graph_align": 0.0, "fpem/loss_scd": 0.1383216230642228, "fpem/loss_conf_kl": 0.12077608779072761, "fpem/effective_gci_weight": 0.0, "fpem/effective_gci_graph_align_weight": 0.10000000149011612, "fpem/effective_scd_weight": 0.0008999999845400453, "fpem/effective_conf_kl_weight": 9.000000136438757e-05, "fpem/confounder_dep_ramp_factor": 0.8999999761581421, "fpem/C_mean": 0.013844714429052104, "fpem/C_std": 0.9977718954994566, "fpem/C_norm": 2.757867381686256, "fpem/confounder_token_norm": 7.787682832990374, "fpem/confounder_variational": 1.0, "fpem/confounder_projection_trace": 7.998636431921096, "fpem/confounder_projection_ridge": 0.0010000000474974513, "fpem/confounder_projection_rank_dim": 8.0, "fpem/confounder_projection_calls": 1.0, "fpem/confounder_dep_detach_target": 1.0, "fpem/gci_nonedge_mass_before_C": 0.0, "fpem/gci_nonedge_mass_after_C": 0.0, "fpem/gci_nonedge_mass_reduction": 0.0, "fpem/gci_relative_violation": 0.0, "fpem/gci_edge_before_C": 0.0, "fpem/gci_edge_after_C": 0.0, "fpem/gci_nonedge_conn_before_C": 0.0, "fpem/gci_nonedge_conn_after_C": 0.0, "fpem/gci_nonedge_conn_reduction": 0.0, "fpem/gci_edge_conn_before_C": 0.0, "fpem/gci_edge_conn_after_C": 0.0, "fpem/gci_edge_conn_reduction": 0.0, "fpem/gci_nonedge_dep_before_C": 0.0, "fpem/gci_nonedge_dep_after_C": 0.0, "fpem/gci_nonedge_dep_reduction": 0.0, "fpem/gci_edge_dep_before_C": 0.0, "fpem/gci_edge_dep_after_C": 0.0, "fpem/gci_nonedge_count": 0.0, "fpem/gci_edge_count": 0.0, "fpem/gci_node_count": 0.0, "fpem/gci_node_vector_dim": 0.0, "fpem/gci_graph_embed_dim": 0.0, "fpem/gci_graph_embedding_norm_before": 0.0, "fpem/gci_graph_embedding_norm_after": 0.0, "fpem/gci_graph_embedding_std_before": 0.0, "fpem/gci_graph_embedding_std_after": 0.0, "fpem/gci_graph_adj_mean_before": 0.0, "fpem/gci_graph_adj_mean_after": 0.0, "fpem/gci_graph_adj_std_before": 0.0, "fpem/gci_graph_adj_std_after": 0.0, "fpem/gci_graph_align_weight": 0.0, "fpem/gci_graph_align_raw_mse": 0.0, "fpem/gci_graph_align_normalized": 0.0, "fpem/gci_edge_preserve_beta": 0.0, "fpem/gci_graph_align_target_available": 0.0, "fpem/gci_target_adj_mean": 0.0, "fpem/gci_target_adj_std": 0.0, "fpem/gci_target_edge_mean": 0.0, "fpem/gci_target_nonedge_mean": 0.0, "fpem/gci_target_diag_mean": 0.0, "fpem/gci_graph_align_updates_agcrn": 0.0, "fpem/gci_updates_graph_linear": 0.0, "fpem/gci_graph_construction_agcrn_softmax": 0.0, "fpem/scd_assoc_before_C": 0.3026242213589804, "fpem/scd_assoc_after_C": 0.31567162658487047, "fpem/scd_assoc_reduction": -0.013047405225890023, "fpem/scd_relative_violation": 0.1383216230642228, "fpem/sample_assoc_before_C": 0.3026242213589804, "fpem/sample_assoc_after_C": 0.31567162658487047, "fpem/sample_assoc_reduction": -0.013047405225890023, "fpem/sample_dep_before_C": 0.3026242213589804, "fpem/sample_dep_after_C": 0.31567162658487047, "fpem/sample_dep_reduction": -0.013047405225890023, "fpem/scd_batch_size": 16.0, "fpem/scd_sample_vector_dim": 448000.0, "fpem/sample_kernel_alignment": 0.0, "fpem/scd_alignment_loss": 0.0, "fpem/load_level_experts_enabled": 1.0, "fpem/load_level_uses_target_or_future_load": 0.0, "fpem/environment_gate_uses_target_in_forward": 0.0, "fpem/load_level_env_residual_scale": 0.0, "fpem/uses_cached_observable_load_prior": 1.0, "fpem/primary_loss": 9.10349611554827, "fpem/inv_pred_loss": 9.215319347381591, "fpem/primary_uses_route": 1.0, "fpem/primary_uses_env_fusion": 0.0, "fpem/backbone_agcrn": 1.0, "fpem/backbone_graphwavenet": 0.0, "fpem/backbone_staeformer": 0.0, "fpem/gc_pred_loss_only": 1.0, "fpem/env_route_head_mode_hyper_proto": 1.0, "fpem/fpem_force_uniform_route": 0.0, "fpem/hard_prediction_sinkhorn_total_replaces_primary": 0.0, "fpem/hard_prediction_environment_sinkhorn_total_replaces_primary": 0.0, "fpem/warmup_risk_sinkhorn_total_replaces_primary": 0.0, "fpem/lambda_club_mi": 0.0}}
EPOCH {"epoch": 15, "train_loss": 10.967714863731748, "val": {"loss": 11.853305286831326, "mae": 11.627976417541504, "mape": 0.18876239657402039}, "test_mixed": {"loss": NaN, "mae": NaN, "mape": NaN}, "test_workday": {"loss": NaN, "mae": NaN, "mape": NaN}, "test_holiday": {"loss": NaN, "mae": NaN, "mape": NaN}, "test_avg_mae": NaN, "best_selection_value": 11.853305286831326, "best_selection_split": "val", "best_selection_metric": "val_loss", "lr": 0.001, "fpem_logs": {"fpem/fpem_env_use_exogenous": 1.0, "fpem/env_exogenous_available": 1.0, "fpem/env_exogenous_time_available": 1.0, "fpem/env_exogenous_load_available": 1.0, "fpem/env_exogenous_feature_dim": 32.0, "fpem/env_exogenous_embedding_norm": 2.4625869274139403, "fpem/env_exogenous_load_embedding_norm": 1.633578964642116, "fpem/fpem_env_use_period_context": 1.0, "fpem/env_period_context_available": 1.0, "fpem/env_period_day_available_ratio": 0.9732142857142857, "fpem/env_period_week_available_ratio": 0.8244047619047619, "fpem/env_period_context_feature_dim": 6.0, "fpem/env_period_context_scale": 0.10000000149011612, "fpem/env_period_context_delta_norm": 0.20507351117474693, "fpem/env_period_context_day_diff_norm": 0.16272705176046917, "fpem/env_period_context_week_diff_norm": 0.10188992701116062, "fpem/env_rep_ablation_normal": 1.0, "fpem/env_rep_ablation_zero": 0.0, "fpem/env_rep_ablation_shuffle_batch": 0.0, "fpem/env_rep_ablation_mode_id": 0.0, "fpem/mask_loss": 0.0, "fpem/mask_sparse_loss": 0.0, "fpem/mask_entropy_loss": 0.0, "fpem/mask_mean": 1.0, "fpem/mask_entropy": 0.0, "fpem/mask_active_ratio": 1.0, "fpem/fusion_alpha_mean": 0.0, "fpem/fusion_alpha_std": 0.0, "fpem/fusion_alpha_min": 0.0, "fpem/fusion_alpha_max": 0.0, "fpem/env_route_loss": 1.8979083027158465, "fpem/env_route_L_final": 9.070784682319278, "fpem/env_route_L_global": 0.0, "fpem/env_route_L_route_soft": 0.0, "fpem/env_route_L_expert": 9.489541353498186, "fpem/env_route_L_router_oracle": 0.0, "fpem/env_route_L_balance": 0.0, "fpem/env_route_L_diverse": 0.0, "fpem/env_route_L_proto_align": 0.0, "fpem/env_route_entropy": 0.0, "fpem/env_route_q_max_mean": 0.0, "fpem/hyper_alpha_mean": 0.0, "fpem/hyper_delta_norm": 0.0, "fpem/hyper_route_proto_mode_uniform_warmup": 0.0, "fpem/hyper_route_proto_mode_uniform_fixed": 0.0, "fpem/hyper_route_proto_mode_sinkhorn": 0.0, "fpem/hyper_route_proto_mode_softmax": 0.0, "fpem/fallback_q_mean": 0.0, "fpem/fallback_q_max": 0.0, "fpem/env_q_sum_mean": 1.0, "fpem/oracle_fallback_rate": 0.0, "fpem/route_count_fallback": 0.0, "fpem/env_route_head_mode": 1.0, "fpem/route_entropy_mean": 0.0, "fpem/route_mean_distribution_entropy": 0.0, "fpem/effective_expert_number": 1.0, "fpem/max_expert_usage_ratio": 0.0, "fpem/min_expert_usage_ratio": 0.0, "fpem/prototype_pairwise_cosine": 0.0, "fpem/expert_prediction_pairwise_cosine": 0.0, "fpem/expert_collapse_warning": 0.0, "fpem/env_route_target_mode_env_prototype": 0.0, "fpem/env_route_target_mode_hybrid": 0.0, "fpem/env_route_hybrid_alpha": 0.0, "fpem/env_route_train_mode_warmup_risk_sinkhorn": 0.0, "fpem/warmup_risk_stage_warmup": 0.0, "fpem/warmup_risk_stage_soft": 0.0, "fpem/warmup_risk_stage_hard": 0.0, "fpem/warmup_risk_selected_loss": 0.0, "fpem/warmup_risk_uniform_common_loss": 0.0, "fpem/warmup_risk_lambda_common": 0.0, "fpem/warmup_risk_total_common_term": 0.0, "fpem/warmup_risk_temperature": 0.0, "fpem/warmup_risk_temperature_progress": 0.0, "fpem/uniform_expert_mae": 0.0, "fpem/risk_routed_mae": 0.0, "fpem/risk_prediction_mae": 0.0, "fpem/risk_loss": 0.0, "fpem/risk_ranking_loss": 0.0, "fpem/risk_ranking_accuracy": 0.0, "fpem/risk_oracle_argmin_accuracy": 0.0, "fpem/risk_router_temperature": 0.0, "fpem/risk_router_lambda": 0.0, "fpem/risk_router_pairwise_lambda": 0.0, "fpem/env_route_train_mode_progressive_gmm_environment": 0.0, "fpem/top_level_prediction_source_progressive_gmm_teacher_hard": 0.0, "fpem/progressive_assignment_uses_target_or_prediction_error": 0.0, "fpem/progressive_partition_ready": 0.0, "fpem/progressive_selected_k": 0.0, "fpem/progressive_active_expert_count": 0.0, "fpem/progressive_last_partition_epoch": 0.0, "fpem/progressive_lambda_common": 0.0, "fpem/progressive_common_term": 0.0, "fpem/progressive_compactness_loss": 0.0, "fpem/progressive_consistency_loss": 0.0, "fpem/progressive_cluster_entropy": 0.0, "fpem/progressive_assignment_change_ratio": 0.0, "fpem/progressive_hungarian_overlap_score": 0.0, "fpem/progressive_partition_update_time_sec": 0.0, "fpem/progressive_routed_mae": 0.0, "fpem/progressive_gmm_environment_total_replaces_primary": 0.0, "fpem/env_route_count_head_0": 16.0, "fpem/env_route_oracle_count_head_0": 16.0, "fpem/route_count_env_head_0": 16.0, "fpem/route_soft_mean_expert_0": 1.0, "fpem/route_hard_count_expert_0": 16.0, "fpem/hard_count_expert_0": 16.0, "fpem/sinkhorn_soft_col_mass_expert_0": 0.0, "fpem/progressive_active_expert_0": 0.0, "fpem/progressive_cluster_size_0": 0.0, "fpem/progressive_cluster_ratio_0": 0.0, "fpem/progressive_cluster_to_expert_0": 0.0, "fpem/progressive_bic_k1": 0.0, "fpem/progressive_bic_score_k1": 0.0, "fpem/progressive_bic_rejected_k1": 0.0, "fpem/hyper_alpha_head_0": 0.0, "fpem/hyper_gamma_norm_head_0": 0.0, "fpem/hyper_beta_norm_head_0": 0.0, "fpem/expert_cross_mae_group_0_expert_0": 9.489541353498186, "fpem/load_expert_loss": 9.489541353498186, "fpem/counterfactual_risk_router_loss": 0.0, "fpem/counterfactual_risk_regression_loss": 9.148590151468913, "fpem/counterfactual_risk_ranking_loss": 1.480519135864008, "fpem/load_level_assignment_detached": 1.0, "fpem/load_level_count_0": 1680.0, "fpem/load_level_ratio_0": 1.0, "fpem/expert_0_global_loss": 9.489541353498186, "fpem/expert_0_selected_loss": 9.489541353498186, "fpem/counterfactual_risk_stage2_active": 0.0, "fpem/counterfactual_risk_stage2_start_epoch": 20.0, "fpem/counterfactual_risk_all_environment_mae": 9.489541353498186, "fpem/counterfactual_risk_all_invariant_mae": 9.662237489791144, "fpem/counterfactual_risk_routed_mae": 9.489541353498186, "fpem/counterfactual_risk_oracle_mae": 9.420621481395903, "fpem/counterfactual_risk_router_accuracy": 0.6946428571428571, "fpem/counterfactual_risk_router_balanced_accuracy": 0.5047619047619047, "fpem/counterfactual_risk_inv_route_ratio": 0.0, "fpem/counterfactual_risk_env_route_ratio": 1.0, "fpem/counterfactual_risk_inv_switch_precision": 0.0, "fpem/counterfactual_risk_correct_inv_switches": 0.0, "fpem/counterfactual_risk_harmful_inv_switches": 0.0, "fpem/counterfactual_risk_saved_loss": 0.0, "fpem/counterfactual_risk_added_loss": 0.0, "fpem/counterfactual_risk_net_gain": 0.0, "fpem/counterfactual_risk_regret": 0.0689198721022833, "fpem/counterfactual_risk_oracle_gap_closed": 0.0, "fpem/counterfactual_risk_delta_mean": -0.17269612706842877, "fpem/counterfactual_risk_target_inv_ratio": 0.3053571428571429, "fpem/counterfactual_risk_weight_env_sum": 8.07619039898827, "fpem/counterfactual_risk_weight_inv_sum": 7.923809501102992, "fpem/counterfactual_risk_prediction_is_hard_route": 1.0, "fpem/counterfactual_risk_prediction_is_soft_fusion": 0.0, "fpem/counterfactual_risk_target_detached": 1.0, "fpem/counterfactual_risk_uses_threshold": 0.0, "fpem/counterfactual_risk_all_samples_used_for_router": 1.0, "fpem/hard_router_predicted_env_ratio": 1.0, "fpem/hard_router_effective_env_ratio": 1.0, "fpem/hard_router_target_env_ratio": 0.6946428571428571, "fpem/hard_router_gain_mean": -0.17269612706842877, "fpem/expert_prediction_pairwise_difference": 0.0, "fpem/delta_pairwise_cosine": 0.0, "fpem/delta_pairwise_l1": 0.0, "fpem/delta_pairwise_l2": 0.0, "fpem/expert_0_parameter_norm": 14.873299562363398, "fpem/hard_binary_router_enabled": 0.0, "fpem/hard_router_uses_target_in_forward": 0.0, "fpem/stored_future_c_loaded": 0.0, "fpem/prediction_is_weighted_complete_fusion": 0.0, "fpem/prediction_is_hard_route": 1.0, "fpem/conservative_inv_override_enabled": 0.0, "fpem/conservative_router_features_detached": 1.0, "fpem/counterfactual_risk_router_enabled": 1.0, "fpem/counterfactual_risk_stage2_active_forward": 0.0, "fpem/counterfactual_risk_deploy_route_active": 0.0, "fpem/counterfactual_risk_training_uses_route": 0.0, "fpem/counterfactual_risk_forward_uses_threshold": 0.0, "fpem/future_mi_loss": 0.0, "fpem/future_mi_valid": 0.0, "fpem/future_mi_logvar_mean": 0.0, "fpem/future_mi_target_mode_env_encoder": 0.0, "fpem/swap_loss": 0.0, "fpem/swap_diff_loss": 0.0, "fpem/swap_same_loss": 0.0, "fpem/swap_gain_mean": 0.0, "fpem/swap_s_gain_mean": 0.0, "fpem/swap_fallback_router_loss": 0.0, "fpem/swap_fallback_q_mean": 0.0, "fpem/swap_prediction_delta": 0.0, "fpem/swap_route_delta": 0.0, "fpem/swap_hyper_alpha_delta": 0.0, "fpem/swap_hyper_delta_norm": 0.0, "fpem/loss_env_day": 0.0, "fpem/loss_env_hour": 0.0, "fpem/loss_env_rush": 0.0, "fpem/env_day_acc": 0.0, "fpem/env_hour_acc": 0.0, "fpem/env_rush_acc": 0.0, "fpem/loss_env_supcon": 0.0, "fpem/env_supcon_valid_pairs": 0.0, "fpem/loss_inv_env_adv": 0.0, "fpem/inv_day_acc": 0.0, "fpem/inv_hour_acc": 0.0, "fpem/inv_rush_acc": 0.0, "fpem/loss_cross_cov_sep": 0.0, "fpem/confounder_dep_enabled": 1.0, "fpem/confounder_dep_mode_gci": 0.0, "fpem/confounder_dep_mode_scd": 1.0, "fpem/confounder_dep_mode_both": 0.0, "fpem/confounder_dep_total": 0.0001447909433669078, "fpem/loss_gci": 0.0, "fpem/loss_gci_drop": 0.0, "fpem/loss_gci_keep": 0.0, "fpem/loss_gci_graph_align": 0.0, "fpem/loss_scd": 0.13188679076376417, "fpem/loss_conf_kl": 0.1290414711194379, "fpem/effective_gci_weight": 0.0, "fpem/effective_gci_graph_align_weight": 0.10000000149011612, "fpem/effective_scd_weight": 0.0010000000474974513, "fpem/effective_conf_kl_weight": 9.999999747378752e-05, "fpem/confounder_dep_ramp_factor": 1.0, "fpem/C_mean": 0.007776052522517386, "fpem/C_std": 0.9819744019281297, "fpem/C_norm": 2.7105509122212728, "fpem/confounder_token_norm": 7.639190637497675, "fpem/confounder_variational": 1.0, "fpem/confounder_projection_trace": 7.998663797832671, "fpem/confounder_projection_ridge": 0.0010000000474974513, "fpem/confounder_projection_rank_dim": 8.0, "fpem/confounder_projection_calls": 1.0, "fpem/confounder_dep_detach_target": 1.0, "fpem/gci_nonedge_mass_before_C": 0.0, "fpem/gci_nonedge_mass_after_C": 0.0, "fpem/gci_nonedge_mass_reduction": 0.0, "fpem/gci_relative_violation": 0.0, "fpem/gci_edge_before_C": 0.0, "fpem/gci_edge_after_C": 0.0, "fpem/gci_nonedge_conn_before_C": 0.0, "fpem/gci_nonedge_conn_after_C": 0.0, "fpem/gci_nonedge_conn_reduction": 0.0, "fpem/gci_edge_conn_before_C": 0.0, "fpem/gci_edge_conn_after_C": 0.0, "fpem/gci_edge_conn_reduction": 0.0, "fpem/gci_nonedge_dep_before_C": 0.0, "fpem/gci_nonedge_dep_after_C": 0.0, "fpem/gci_nonedge_dep_reduction": 0.0, "fpem/gci_edge_dep_before_C": 0.0, "fpem/gci_edge_dep_after_C": 0.0, "fpem/gci_nonedge_count": 0.0, "fpem/gci_edge_count": 0.0, "fpem/gci_node_count": 0.0, "fpem/gci_node_vector_dim": 0.0, "fpem/gci_graph_embed_dim": 0.0, "fpem/gci_graph_embedding_norm_before": 0.0, "fpem/gci_graph_embedding_norm_after": 0.0, "fpem/gci_graph_embedding_std_before": 0.0, "fpem/gci_graph_embedding_std_after": 0.0, "fpem/gci_graph_adj_mean_before": 0.0, "fpem/gci_graph_adj_mean_after": 0.0, "fpem/gci_graph_adj_std_before": 0.0, "fpem/gci_graph_adj_std_after": 0.0, "fpem/gci_graph_align_weight": 0.0, "fpem/gci_graph_align_raw_mse": 0.0, "fpem/gci_graph_align_normalized": 0.0, "fpem/gci_edge_preserve_beta": 0.0, "fpem/gci_graph_align_target_available": 0.0, "fpem/gci_target_adj_mean": 0.0, "fpem/gci_target_adj_std": 0.0, "fpem/gci_target_edge_mean": 0.0, "fpem/gci_target_nonedge_mean": 0.0, "fpem/gci_target_diag_mean": 0.0, "fpem/gci_graph_align_updates_agcrn": 0.0, "fpem/gci_updates_graph_linear": 0.0, "fpem/gci_graph_construction_agcrn_softmax": 0.0, "fpem/scd_assoc_before_C": 0.295067640713283, "fpem/scd_assoc_after_C": 0.2969639641898019, "fpem/scd_assoc_reduction": -0.0018963234765189034, "fpem/scd_relative_violation": 0.13188679076376417, "fpem/sample_assoc_before_C": 0.295067640713283, "fpem/sample_assoc_after_C": 0.2969639641898019, "fpem/sample_assoc_reduction": -0.0018963234765189034, "fpem/sample_dep_before_C": 0.295067640713283, "fpem/sample_dep_after_C": 0.2969639641898019, "fpem/sample_dep_reduction": -0.0018963234765189034, "fpem/scd_batch_size": 16.0, "fpem/scd_sample_vector_dim": 448000.0, "fpem/sample_kernel_alignment": 0.0, "fpem/scd_alignment_loss": 0.0, "fpem/load_level_experts_enabled": 1.0, "fpem/load_level_uses_target_or_future_load": 0.0, "fpem/environment_gate_uses_target_in_forward": 0.0, "fpem/load_level_env_residual_scale": 0.0, "fpem/uses_cached_observable_load_prior": 1.0, "fpem/primary_loss": 9.070784682319278, "fpem/inv_pred_loss": 9.21482810974121, "fpem/primary_uses_route": 1.0, "fpem/primary_uses_env_fusion": 0.0, "fpem/backbone_agcrn": 1.0, "fpem/backbone_graphwavenet": 0.0, "fpem/backbone_staeformer": 0.0, "fpem/gc_pred_loss_only": 1.0, "fpem/env_route_head_mode_hyper_proto": 1.0, "fpem/fpem_force_uniform_route": 0.0, "fpem/hard_prediction_sinkhorn_total_replaces_primary": 0.0, "fpem/hard_prediction_environment_sinkhorn_total_replaces_primary": 0.0, "fpem/warmup_risk_sinkhorn_total_replaces_primary": 0.0, "fpem/lambda_club_mi": 0.0}}
EPOCH {"epoch": 16, "train_loss": 10.984094410850888, "val": {"loss": 11.83779075410631, "mae": 11.625894546508789, "mape": 0.18344487249851227}, "test_mixed": {"loss": NaN, "mae": NaN, "mape": NaN}, "test_workday": {"loss": NaN, "mae": NaN, "mape": NaN}, "test_holiday": {"loss": NaN, "mae": NaN, "mape": NaN}, "test_avg_mae": NaN, "best_selection_value": 11.83779075410631, "best_selection_split": "val", "best_selection_metric": "val_loss", "lr": 0.001, "fpem_logs": {"fpem/fpem_env_use_exogenous": 1.0, "fpem/env_exogenous_available": 1.0, "fpem/env_exogenous_time_available": 1.0, "fpem/env_exogenous_load_available": 1.0, "fpem/env_exogenous_feature_dim": 32.0, "fpem/env_exogenous_embedding_norm": 2.4639655499231248, "fpem/env_exogenous_load_embedding_norm": 1.6329569793882823, "fpem/fpem_env_use_period_context": 1.0, "fpem/env_period_context_available": 1.0, "fpem/env_period_day_available_ratio": 0.9732142857142857, "fpem/env_period_week_available_ratio": 0.8244047619047619, "fpem/env_period_context_feature_dim": 6.0, "fpem/env_period_context_scale": 0.10000000149011612, "fpem/env_period_context_delta_norm": 0.19106084477333796, "fpem/env_period_context_day_diff_norm": 0.16272705254100617, "fpem/env_period_context_week_diff_norm": 0.10188992690472376, "fpem/env_rep_ablation_normal": 1.0, "fpem/env_rep_ablation_zero": 0.0, "fpem/env_rep_ablation_shuffle_batch": 0.0, "fpem/env_rep_ablation_mode_id": 0.0, "fpem/mask_loss": 0.0, "fpem/mask_sparse_loss": 0.0, "fpem/mask_entropy_loss": 0.0, "fpem/mask_mean": 1.0, "fpem/mask_entropy": 0.0, "fpem/mask_active_ratio": 1.0, "fpem/fusion_alpha_mean": 0.0, "fpem/fusion_alpha_std": 0.0, "fpem/fusion_alpha_min": 0.0, "fpem/fusion_alpha_max": 0.0, "fpem/env_route_loss": 1.9010946114857992, "fpem/env_route_L_final": 9.088555408659435, "fpem/env_route_L_global": 0.0, "fpem/env_route_L_route_soft": 0.0, "fpem/env_route_L_expert": 9.505472909836541, "fpem/env_route_L_router_oracle": 0.0, "fpem/env_route_L_balance": 0.0, "fpem/env_route_L_diverse": 0.0, "fpem/env_route_L_proto_align": 0.0, "fpem/env_route_entropy": 0.0, "fpem/env_route_q_max_mean": 0.0, "fpem/hyper_alpha_mean": 0.0, "fpem/hyper_delta_norm": 0.0, "fpem/hyper_route_proto_mode_uniform_warmup": 0.0, "fpem/hyper_route_proto_mode_uniform_fixed": 0.0, "fpem/hyper_route_proto_mode_sinkhorn": 0.0, "fpem/hyper_route_proto_mode_softmax": 0.0, "fpem/fallback_q_mean": 0.0, "fpem/fallback_q_max": 0.0, "fpem/env_q_sum_mean": 1.0, "fpem/oracle_fallback_rate": 0.0, "fpem/route_count_fallback": 0.0, "fpem/env_route_head_mode": 1.0, "fpem/route_entropy_mean": 0.0, "fpem/route_mean_distribution_entropy": 0.0, "fpem/effective_expert_number": 1.0, "fpem/max_expert_usage_ratio": 0.0, "fpem/min_expert_usage_ratio": 0.0, "fpem/prototype_pairwise_cosine": 0.0, "fpem/expert_prediction_pairwise_cosine": 0.0, "fpem/expert_collapse_warning": 0.0, "fpem/env_route_target_mode_env_prototype": 0.0, "fpem/env_route_target_mode_hybrid": 0.0, "fpem/env_route_hybrid_alpha": 0.0, "fpem/env_route_train_mode_warmup_risk_sinkhorn": 0.0, "fpem/warmup_risk_stage_warmup": 0.0, "fpem/warmup_risk_stage_soft": 0.0, "fpem/warmup_risk_stage_hard": 0.0, "fpem/warmup_risk_selected_loss": 0.0, "fpem/warmup_risk_uniform_common_loss": 0.0, "fpem/warmup_risk_lambda_common": 0.0, "fpem/warmup_risk_total_common_term": 0.0, "fpem/warmup_risk_temperature": 0.0, "fpem/warmup_risk_temperature_progress": 0.0, "fpem/uniform_expert_mae": 0.0, "fpem/risk_routed_mae": 0.0, "fpem/risk_prediction_mae": 0.0, "fpem/risk_loss": 0.0, "fpem/risk_ranking_loss": 0.0, "fpem/risk_ranking_accuracy": 0.0, "fpem/risk_oracle_argmin_accuracy": 0.0, "fpem/risk_router_temperature": 0.0, "fpem/risk_router_lambda": 0.0, "fpem/risk_router_pairwise_lambda": 0.0, "fpem/env_route_train_mode_progressive_gmm_environment": 0.0, "fpem/top_level_prediction_source_progressive_gmm_teacher_hard": 0.0, "fpem/progressive_assignment_uses_target_or_prediction_error": 0.0, "fpem/progressive_partition_ready": 0.0, "fpem/progressive_selected_k": 0.0, "fpem/progressive_active_expert_count": 0.0, "fpem/progressive_last_partition_epoch": 0.0, "fpem/progressive_lambda_common": 0.0, "fpem/progressive_common_term": 0.0, "fpem/progressive_compactness_loss": 0.0, "fpem/progressive_consistency_loss": 0.0, "fpem/progressive_cluster_entropy": 0.0, "fpem/progressive_assignment_change_ratio": 0.0, "fpem/progressive_hungarian_overlap_score": 0.0, "fpem/progressive_partition_update_time_sec": 0.0, "fpem/progressive_routed_mae": 0.0, "fpem/progressive_gmm_environment_total_replaces_primary": 0.0, "fpem/env_route_count_head_0": 16.0, "fpem/env_route_oracle_count_head_0": 16.0, "fpem/route_count_env_head_0": 16.0, "fpem/route_soft_mean_expert_0": 1.0, "fpem/route_hard_count_expert_0": 16.0, "fpem/hard_count_expert_0": 16.0, "fpem/sinkhorn_soft_col_mass_expert_0": 0.0, "fpem/progressive_active_expert_0": 0.0, "fpem/progressive_cluster_size_0": 0.0, "fpem/progressive_cluster_ratio_0": 0.0, "fpem/progressive_cluster_to_expert_0": 0.0, "fpem/progressive_bic_k1": 0.0, "fpem/progressive_bic_score_k1": 0.0, "fpem/progressive_bic_rejected_k1": 0.0, "fpem/hyper_alpha_head_0": 0.0, "fpem/hyper_gamma_norm_head_0": 0.0, "fpem/hyper_beta_norm_head_0": 0.0, "fpem/expert_cross_mae_group_0_expert_0": 9.505472909836541, "fpem/load_expert_loss": 9.505472909836541, "fpem/counterfactual_risk_router_loss": 0.0, "fpem/counterfactual_risk_regression_loss": 9.039019212268649, "fpem/counterfactual_risk_ranking_loss": 1.505035393933455, "fpem/load_level_assignment_detached": 1.0, "fpem/load_level_count_0": 1680.0, "fpem/load_level_ratio_0": 1.0, "fpem/expert_0_global_loss": 9.505472909836541, "fpem/expert_0_selected_loss": 9.505472909836541, "fpem/counterfactual_risk_stage2_active": 0.0, "fpem/counterfactual_risk_stage2_start_epoch": 20.0, "fpem/counterfactual_risk_all_environment_mae": 9.505472909836541, "fpem/counterfactual_risk_all_invariant_mae": 9.662237467084612, "fpem/counterfactual_risk_routed_mae": 9.505472909836541, "fpem/counterfactual_risk_oracle_mae": 9.423412214006696, "fpem/counterfactual_risk_router_accuracy": 0.6815476190476191, "fpem/counterfactual_risk_router_balanced_accuracy": 0.5047619047619047, "fpem/counterfactual_risk_inv_route_ratio": 0.0, "fpem/counterfactual_risk_env_route_ratio": 1.0, "fpem/counterfactual_risk_inv_switch_precision": 0.0, "fpem/counterfactual_risk_correct_inv_switches": 0.0, "fpem/counterfactual_risk_harmful_inv_switches": 0.0, "fpem/counterfactual_risk_saved_loss": 0.0, "fpem/counterfactual_risk_added_loss": 0.0, "fpem/counterfactual_risk_net_gain": 0.0, "fpem/counterfactual_risk_regret": 0.08206069582984561, "fpem/counterfactual_risk_oracle_gap_closed": 0.0, "fpem/counterfactual_risk_delta_mean": -0.15676455469358536, "fpem/counterfactual_risk_target_inv_ratio": 0.31845238095238093, "fpem/counterfactual_risk_weight_env_sum": 8.07619038536435, "fpem/counterfactual_risk_weight_inv_sum": 7.923809460231236, "fpem/counterfactual_risk_prediction_is_hard_route": 1.0, "fpem/counterfactual_risk_prediction_is_soft_fusion": 0.0, "fpem/counterfactual_risk_target_detached": 1.0, "fpem/counterfactual_risk_uses_threshold": 0.0, "fpem/counterfactual_risk_all_samples_used_for_router": 1.0, "fpem/hard_router_predicted_env_ratio": 1.0, "fpem/hard_router_effective_env_ratio": 1.0, "fpem/hard_router_target_env_ratio": 0.6815476190476191, "fpem/hard_router_gain_mean": -0.15676455469358536, "fpem/expert_prediction_pairwise_difference": 0.0, "fpem/delta_pairwise_cosine": 0.0, "fpem/delta_pairwise_l1": 0.0, "fpem/delta_pairwise_l2": 0.0, "fpem/expert_0_parameter_norm": 14.876224381583077, "fpem/hard_binary_router_enabled": 0.0, "fpem/hard_router_uses_target_in_forward": 0.0, "fpem/stored_future_c_loaded": 0.0, "fpem/prediction_is_weighted_complete_fusion": 0.0, "fpem/prediction_is_hard_route": 1.0, "fpem/conservative_inv_override_enabled": 0.0, "fpem/conservative_router_features_detached": 1.0, "fpem/counterfactual_risk_router_enabled": 1.0, "fpem/counterfactual_risk_stage2_active_forward": 0.0, "fpem/counterfactual_risk_deploy_route_active": 0.0, "fpem/counterfactual_risk_training_uses_route": 0.0, "fpem/counterfactual_risk_forward_uses_threshold": 0.0, "fpem/future_mi_loss": 0.0, "fpem/future_mi_valid": 0.0, "fpem/future_mi_logvar_mean": 0.0, "fpem/future_mi_target_mode_env_encoder": 0.0, "fpem/swap_loss": 0.0, "fpem/swap_diff_loss": 0.0, "fpem/swap_same_loss": 0.0, "fpem/swap_gain_mean": 0.0, "fpem/swap_s_gain_mean": 0.0, "fpem/swap_fallback_router_loss": 0.0, "fpem/swap_fallback_q_mean": 0.0, "fpem/swap_prediction_delta": 0.0, "fpem/swap_route_delta": 0.0, "fpem/swap_hyper_alpha_delta": 0.0, "fpem/swap_hyper_delta_norm": 0.0, "fpem/loss_env_day": 0.0, "fpem/loss_env_hour": 0.0, "fpem/loss_env_rush": 0.0, "fpem/env_day_acc": 0.0, "fpem/env_hour_acc": 0.0, "fpem/env_rush_acc": 0.0, "fpem/loss_env_supcon": 0.0, "fpem/env_supcon_valid_pairs": 0.0, "fpem/loss_inv_env_adv": 0.0, "fpem/inv_day_acc": 0.0, "fpem/inv_hour_acc": 0.0, "fpem/inv_rush_acc": 0.0, "fpem/loss_cross_cov_sep": 0.0, "fpem/confounder_dep_enabled": 1.0, "fpem/confounder_dep_mode_gci": 0.0, "fpem/confounder_dep_mode_scd": 1.0, "fpem/confounder_dep_mode_both": 0.0, "fpem/confounder_dep_total": 0.00014765670327636013, "fpem/loss_gci": 0.0, "fpem/loss_gci_drop": 0.0, "fpem/loss_gci_keep": 0.0, "fpem/loss_gci_graph_align": 0.0, "fpem/loss_scd": 0.14583526463026092, "fpem/loss_conf_kl": 0.018214317606318566, "fpem/effective_gci_weight": 0.0, "fpem/effective_gci_graph_align_weight": 0.10000000149011612, "fpem/effective_scd_weight": 0.0010000000474974513, "fpem/effective_conf_kl_weight": 9.999999747378752e-05, "fpem/confounder_dep_ramp_factor": 1.0, "fpem/C_mean": 0.01467166705323117, "fpem/C_std": 0.9984927654266358, "fpem/C_norm": 2.7549403780982606, "fpem/confounder_token_norm": 7.537594627198719, "fpem/confounder_variational": 1.0, "fpem/confounder_projection_trace": 7.998738933744884, "fpem/confounder_projection_ridge": 0.0010000000474974513, "fpem/confounder_projection_rank_dim": 8.0, "fpem/confounder_projection_calls": 1.0, "fpem/confounder_dep_detach_target": 1.0, "fpem/gci_nonedge_mass_before_C": 0.0, "fpem/gci_nonedge_mass_after_C": 0.0, "fpem/gci_nonedge_mass_reduction": 0.0, "fpem/gci_relative_violation": 0.0, "fpem/gci_edge_before_C": 0.0, "fpem/gci_edge_after_C": 0.0, "fpem/gci_nonedge_conn_before_C": 0.0, "fpem/gci_nonedge_conn_after_C": 0.0, "fpem/gci_nonedge_conn_reduction": 0.0, "fpem/gci_edge_conn_before_C": 0.0, "fpem/gci_edge_conn_after_C": 0.0, "fpem/gci_edge_conn_reduction": 0.0, "fpem/gci_nonedge_dep_before_C": 0.0, "fpem/gci_nonedge_dep_after_C": 0.0, "fpem/gci_nonedge_dep_reduction": 0.0, "fpem/gci_edge_dep_before_C": 0.0, "fpem/gci_edge_dep_after_C": 0.0, "fpem/gci_nonedge_count": 0.0, "fpem/gci_edge_count": 0.0, "fpem/gci_node_count": 0.0, "fpem/gci_node_vector_dim": 0.0, "fpem/gci_graph_embed_dim": 0.0, "fpem/gci_graph_embedding_norm_before": 0.0, "fpem/gci_graph_embedding_norm_after": 0.0, "fpem/gci_graph_embedding_std_before": 0.0, "fpem/gci_graph_embedding_std_after": 0.0, "fpem/gci_graph_adj_mean_before": 0.0, "fpem/gci_graph_adj_mean_after": 0.0, "fpem/gci_graph_adj_std_before": 0.0, "fpem/gci_graph_adj_std_after": 0.0, "fpem/gci_graph_align_weight": 0.0, "fpem/gci_graph_align_raw_mse": 0.0, "fpem/gci_graph_align_normalized": 0.0, "fpem/gci_edge_preserve_beta": 0.0, "fpem/gci_graph_align_target_available": 0.0, "fpem/gci_target_adj_mean": 0.0, "fpem/gci_target_adj_std": 0.0, "fpem/gci_target_edge_mean": 0.0, "fpem/gci_target_nonedge_mean": 0.0, "fpem/gci_target_diag_mean": 0.0, "fpem/gci_graph_align_updates_agcrn": 0.0, "fpem/gci_updates_graph_linear": 0.0, "fpem/gci_graph_construction_agcrn_softmax": 0.0, "fpem/scd_assoc_before_C": 0.29872673054536186, "fpem/scd_assoc_after_C": 0.32478920306478226, "fpem/scd_assoc_reduction": -0.02606247251942044, "fpem/scd_relative_violation": 0.14583526463026092, "fpem/sample_assoc_before_C": 0.29872673054536186, "fpem/sample_assoc_after_C": 0.32478920306478226, "fpem/sample_assoc_reduction": -0.02606247251942044, "fpem/sample_dep_before_C": 0.29872673054536186, "fpem/sample_dep_after_C": 0.32478920306478226, "fpem/sample_dep_reduction": -0.02606247251942044, "fpem/scd_batch_size": 16.0, "fpem/scd_sample_vector_dim": 448000.0, "fpem/sample_kernel_alignment": 0.0, "fpem/scd_alignment_loss": 0.0, "fpem/load_level_experts_enabled": 1.0, "fpem/load_level_uses_target_or_future_load": 0.0, "fpem/environment_gate_uses_target_in_forward": 0.0, "fpem/load_level_env_residual_scale": 0.0, "fpem/uses_cached_observable_load_prior": 1.0, "fpem/primary_loss": 9.088555408659435, "fpem/inv_pred_loss": 9.219263290223621, "fpem/primary_uses_route": 1.0, "fpem/primary_uses_env_fusion": 0.0, "fpem/backbone_agcrn": 1.0, "fpem/backbone_graphwavenet": 0.0, "fpem/backbone_staeformer": 0.0, "fpem/gc_pred_loss_only": 1.0, "fpem/env_route_head_mode_hyper_proto": 1.0, "fpem/fpem_force_uniform_route": 0.0, "fpem/hard_prediction_sinkhorn_total_replaces_primary": 0.0, "fpem/hard_prediction_environment_sinkhorn_total_replaces_primary": 0.0, "fpem/warmup_risk_sinkhorn_total_replaces_primary": 0.0, "fpem/lambda_club_mi": 0.0}}
EPOCH {"epoch": 17, "train_loss": 10.932542592003232, "val": {"loss": 11.82986201180352, "mae": 11.621356010437012, "mape": 0.18161563575267792}, "test_mixed": {"loss": NaN, "mae": NaN, "mape": NaN}, "test_workday": {"loss": NaN, "mae": NaN, "mape": NaN}, "test_holiday": {"loss": NaN, "mae": NaN, "mape": NaN}, "test_avg_mae": NaN, "best_selection_value": 11.82986201180352, "best_selection_split": "val", "best_selection_metric": "val_loss", "lr": 0.001, "fpem_logs": {"fpem/fpem_env_use_exogenous": 1.0, "fpem/env_exogenous_available": 1.0, "fpem/env_exogenous_time_available": 1.0, "fpem/env_exogenous_load_available": 1.0, "fpem/env_exogenous_feature_dim": 32.0, "fpem/env_exogenous_embedding_norm": 2.4773883274623327, "fpem/env_exogenous_load_embedding_norm": 1.6386902071180798, "fpem/fpem_env_use_period_context": 1.0, "fpem/env_period_context_available": 1.0, "fpem/env_period_day_available_ratio": 0.9732142857142857, "fpem/env_period_week_available_ratio": 0.8244047619047619, "fpem/env_period_context_feature_dim": 6.0, "fpem/env_period_context_scale": 0.10000000149011612, "fpem/env_period_context_delta_norm": 0.20468751660415105, "fpem/env_period_context_day_diff_norm": 0.16272705247004826, "fpem/env_period_context_week_diff_norm": 0.1018899265499342, "fpem/env_rep_ablation_normal": 1.0, "fpem/env_rep_ablation_zero": 0.0, "fpem/env_rep_ablation_shuffle_batch": 0.0, "fpem/env_rep_ablation_mode_id": 0.0, "fpem/mask_loss": 0.0, "fpem/mask_sparse_loss": 0.0, "fpem/mask_entropy_loss": 0.0, "fpem/mask_mean": 1.0, "fpem/mask_entropy": 0.0, "fpem/mask_active_ratio": 1.0, "fpem/fusion_alpha_mean": 0.0, "fpem/fusion_alpha_std": 0.0, "fpem/fusion_alpha_min": 0.0, "fpem/fusion_alpha_max": 0.0, "fpem/env_route_loss": 1.8902458826700845, "fpem/env_route_L_final": 9.038783731914702, "fpem/env_route_L_global": 0.0, "fpem/env_route_L_route_soft": 0.0, "fpem/env_route_L_expert": 9.45122925894601, "fpem/env_route_L_router_oracle": 0.0, "fpem/env_route_L_balance": 0.0, "fpem/env_route_L_diverse": 0.0, "fpem/env_route_L_proto_align": 0.0, "fpem/env_route_entropy": 0.0, "fpem/env_route_q_max_mean": 0.0, "fpem/hyper_alpha_mean": 0.0, "fpem/hyper_delta_norm": 0.0, "fpem/hyper_route_proto_mode_uniform_warmup": 0.0, "fpem/hyper_route_proto_mode_uniform_fixed": 0.0, "fpem/hyper_route_proto_mode_sinkhorn": 0.0, "fpem/hyper_route_proto_mode_softmax": 0.0, "fpem/fallback_q_mean": 0.0, "fpem/fallback_q_max": 0.0, "fpem/env_q_sum_mean": 1.0, "fpem/oracle_fallback_rate": 0.0, "fpem/route_count_fallback": 0.0, "fpem/env_route_head_mode": 1.0, "fpem/route_entropy_mean": 0.0, "fpem/route_mean_distribution_entropy": 0.0, "fpem/effective_expert_number": 1.0, "fpem/max_expert_usage_ratio": 0.0, "fpem/min_expert_usage_ratio": 0.0, "fpem/prototype_pairwise_cosine": 0.0, "fpem/expert_prediction_pairwise_cosine": 0.0, "fpem/expert_collapse_warning": 0.0, "fpem/env_route_target_mode_env_prototype": 0.0, "fpem/env_route_target_mode_hybrid": 0.0, "fpem/env_route_hybrid_alpha": 0.0, "fpem/env_route_train_mode_warmup_risk_sinkhorn": 0.0, "fpem/warmup_risk_stage_warmup": 0.0, "fpem/warmup_risk_stage_soft": 0.0, "fpem/warmup_risk_stage_hard": 0.0, "fpem/warmup_risk_selected_loss": 0.0, "fpem/warmup_risk_uniform_common_loss": 0.0, "fpem/warmup_risk_lambda_common": 0.0, "fpem/warmup_risk_total_common_term": 0.0, "fpem/warmup_risk_temperature": 0.0, "fpem/warmup_risk_temperature_progress": 0.0, "fpem/uniform_expert_mae": 0.0, "fpem/risk_routed_mae": 0.0, "fpem/risk_prediction_mae": 0.0, "fpem/risk_loss": 0.0, "fpem/risk_ranking_loss": 0.0, "fpem/risk_ranking_accuracy": 0.0, "fpem/risk_oracle_argmin_accuracy": 0.0, "fpem/risk_router_temperature": 0.0, "fpem/risk_router_lambda": 0.0, "fpem/risk_router_pairwise_lambda": 0.0, "fpem/env_route_train_mode_progressive_gmm_environment": 0.0, "fpem/top_level_prediction_source_progressive_gmm_teacher_hard": 0.0, "fpem/progressive_assignment_uses_target_or_prediction_error": 0.0, "fpem/progressive_partition_ready": 0.0, "fpem/progressive_selected_k": 0.0, "fpem/progressive_active_expert_count": 0.0, "fpem/progressive_last_partition_epoch": 0.0, "fpem/progressive_lambda_common": 0.0, "fpem/progressive_common_term": 0.0, "fpem/progressive_compactness_loss": 0.0, "fpem/progressive_consistency_loss": 0.0, "fpem/progressive_cluster_entropy": 0.0, "fpem/progressive_assignment_change_ratio": 0.0, "fpem/progressive_hungarian_overlap_score": 0.0, "fpem/progressive_partition_update_time_sec": 0.0, "fpem/progressive_routed_mae": 0.0, "fpem/progressive_gmm_environment_total_replaces_primary": 0.0, "fpem/env_route_count_head_0": 16.0, "fpem/env_route_oracle_count_head_0": 16.0, "fpem/route_count_env_head_0": 16.0, "fpem/route_soft_mean_expert_0": 1.0, "fpem/route_hard_count_expert_0": 16.0, "fpem/hard_count_expert_0": 16.0, "fpem/sinkhorn_soft_col_mass_expert_0": 0.0, "fpem/progressive_active_expert_0": 0.0, "fpem/progressive_cluster_size_0": 0.0, "fpem/progressive_cluster_ratio_0": 0.0, "fpem/progressive_cluster_to_expert_0": 0.0, "fpem/progressive_bic_k1": 0.0, "fpem/progressive_bic_score_k1": 0.0, "fpem/progressive_bic_rejected_k1": 0.0, "fpem/hyper_alpha_head_0": 0.0, "fpem/hyper_gamma_norm_head_0": 0.0, "fpem/hyper_beta_norm_head_0": 0.0, "fpem/expert_cross_mae_group_0_expert_0": 9.45122925894601, "fpem/load_expert_loss": 9.45122925894601, "fpem/counterfactual_risk_router_loss": 0.0, "fpem/counterfactual_risk_regression_loss": 9.251942184993199, "fpem/counterfactual_risk_ranking_loss": 1.4569864935108594, "fpem/load_level_assignment_detached": 1.0, "fpem/load_level_count_0": 1680.0, "fpem/load_level_ratio_0": 1.0, "fpem/expert_0_global_loss": 9.45122925894601, "fpem/expert_0_selected_loss": 9.45122925894601, "fpem/counterfactual_risk_stage2_active": 0.0, "fpem/counterfactual_risk_stage2_start_epoch": 20.0, "fpem/counterfactual_risk_all_environment_mae": 9.45122925894601, "fpem/counterfactual_risk_all_invariant_mae": 9.662237548828125, "fpem/counterfactual_risk_routed_mae": 9.45122925894601, "fpem/counterfactual_risk_oracle_mae": 9.397626095726377, "fpem/counterfactual_risk_router_accuracy": 0.7464285714285714, "fpem/counterfactual_risk_router_balanced_accuracy": 0.5142857142857142, "fpem/counterfactual_risk_inv_route_ratio": 0.0, "fpem/counterfactual_risk_env_route_ratio": 1.0, "fpem/counterfactual_risk_inv_switch_precision": 0.0, "fpem/counterfactual_risk_correct_inv_switches": 0.0, "fpem/counterfactual_risk_harmful_inv_switches": 0.0, "fpem/counterfactual_risk_saved_loss": 0.0, "fpem/counterfactual_risk_added_loss": 0.0, "fpem/counterfactual_risk_net_gain": 0.0, "fpem/counterfactual_risk_regret": 0.05360316321963356, "fpem/counterfactual_risk_oracle_gap_closed": 0.0, "fpem/counterfactual_risk_delta_mean": -0.2110081502369472, "fpem/counterfactual_risk_target_inv_ratio": 0.25357142857142856, "fpem/counterfactual_risk_weight_env_sum": 8.228571392240978, "fpem/counterfactual_risk_weight_inv_sum": 7.771428530556815, "fpem/counterfactual_risk_prediction_is_hard_route": 1.0, "fpem/counterfactual_risk_prediction_is_soft_fusion": 0.0, "fpem/counterfactual_risk_target_detached": 1.0, "fpem/counterfactual_risk_uses_threshold": 0.0, "fpem/counterfactual_risk_all_samples_used_for_router": 1.0, "fpem/hard_router_predicted_env_ratio": 1.0, "fpem/hard_router_effective_env_ratio": 1.0, "fpem/hard_router_target_env_ratio": 0.7464285714285714, "fpem/hard_router_gain_mean": -0.2110081502369472, "fpem/expert_prediction_pairwise_difference": 0.0, "fpem/delta_pairwise_cosine": 0.0, "fpem/delta_pairwise_l1": 0.0, "fpem/delta_pairwise_l2": 0.0, "fpem/expert_0_parameter_norm": 14.88039525349935, "fpem/hard_binary_router_enabled": 0.0, "fpem/hard_router_uses_target_in_forward": 0.0, "fpem/stored_future_c_loaded": 0.0, "fpem/prediction_is_weighted_complete_fusion": 0.0, "fpem/prediction_is_hard_route": 1.0, "fpem/conservative_inv_override_enabled": 0.0, "fpem/conservative_router_features_detached": 1.0, "fpem/counterfactual_risk_router_enabled": 1.0, "fpem/counterfactual_risk_stage2_active_forward": 0.0, "fpem/counterfactual_risk_deploy_route_active": 0.0, "fpem/counterfactual_risk_training_uses_route": 0.0, "fpem/counterfactual_risk_forward_uses_threshold": 0.0, "fpem/future_mi_loss": 0.0, "fpem/future_mi_valid": 0.0, "fpem/future_mi_logvar_mean": 0.0, "fpem/future_mi_target_mode_env_encoder": 0.0, "fpem/swap_loss": 0.0, "fpem/swap_diff_loss": 0.0, "fpem/swap_same_loss": 0.0, "fpem/swap_gain_mean": 0.0, "fpem/swap_s_gain_mean": 0.0, "fpem/swap_fallback_router_loss": 0.0, "fpem/swap_fallback_q_mean": 0.0, "fpem/swap_prediction_delta": 0.0, "fpem/swap_route_delta": 0.0, "fpem/swap_hyper_alpha_delta": 0.0, "fpem/swap_hyper_delta_norm": 0.0, "fpem/loss_env_day": 0.0, "fpem/loss_env_hour": 0.0, "fpem/loss_env_rush": 0.0, "fpem/env_day_acc": 0.0, "fpem/env_hour_acc": 0.0, "fpem/env_rush_acc": 0.0, "fpem/loss_env_supcon": 0.0, "fpem/env_supcon_valid_pairs": 0.0, "fpem/loss_inv_env_adv": 0.0, "fpem/inv_day_acc": 0.0, "fpem/inv_hour_acc": 0.0, "fpem/inv_rush_acc": 0.0, "fpem/loss_cross_cov_sep": 0.0, "fpem/confounder_dep_enabled": 1.0, "fpem/confounder_dep_mode_gci": 0.0, "fpem/confounder_dep_mode_scd": 1.0, "fpem/confounder_dep_mode_both": 0.0, "fpem/confounder_dep_total": 0.0001393108802273803, "fpem/loss_gci": 0.0, "fpem/loss_gci_drop": 0.0, "fpem/loss_gci_keep": 0.0, "fpem/loss_gci_graph_align": 0.0, "fpem/loss_scd": 0.13756561556032726, "fpem/loss_conf_kl": 0.017452587098592803, "fpem/effective_gci_weight": 0.0, "fpem/effective_gci_graph_align_weight": 0.10000000149011612, "fpem/effective_scd_weight": 0.0010000000474974513, "fpem/effective_conf_kl_weight": 9.999999747378752e-05, "fpem/confounder_dep_ramp_factor": 1.0, "fpem/C_mean": -0.00500202952396302, "fpem/C_std": 0.9936808518001011, "fpem/C_norm": 2.7379838602883475, "fpem/confounder_token_norm": 7.529371647607713, "fpem/confounder_variational": 1.0, "fpem/confounder_projection_trace": 7.998716004689535, "fpem/confounder_projection_ridge": 0.0010000000474974513, "fpem/confounder_projection_rank_dim": 8.0, "fpem/confounder_projection_calls": 1.0, "fpem/confounder_dep_detach_target": 1.0, "fpem/gci_nonedge_mass_before_C": 0.0, "fpem/gci_nonedge_mass_after_C": 0.0, "fpem/gci_nonedge_mass_reduction": 0.0, "fpem/gci_relative_violation": 0.0, "fpem/gci_edge_before_C": 0.0, "fpem/gci_edge_after_C": 0.0, "fpem/gci_nonedge_conn_before_C": 0.0, "fpem/gci_nonedge_conn_after_C": 0.0, "fpem/gci_nonedge_conn_reduction": 0.0, "fpem/gci_edge_conn_before_C": 0.0, "fpem/gci_edge_conn_after_C": 0.0, "fpem/gci_edge_conn_reduction": 0.0, "fpem/gci_nonedge_dep_before_C": 0.0, "fpem/gci_nonedge_dep_after_C": 0.0, "fpem/gci_nonedge_dep_reduction": 0.0, "fpem/gci_edge_dep_before_C": 0.0, "fpem/gci_edge_dep_after_C": 0.0, "fpem/gci_nonedge_count": 0.0, "fpem/gci_edge_count": 0.0, "fpem/gci_node_count": 0.0, "fpem/gci_node_vector_dim": 0.0, "fpem/gci_graph_embed_dim": 0.0, "fpem/gci_graph_embedding_norm_before": 0.0, "fpem/gci_graph_embedding_norm_after": 0.0, "fpem/gci_graph_embedding_std_before": 0.0, "fpem/gci_graph_embedding_std_after": 0.0, "fpem/gci_graph_adj_mean_before": 0.0, "fpem/gci_graph_adj_mean_after": 0.0, "fpem/gci_graph_adj_std_before": 0.0, "fpem/gci_graph_adj_std_after": 0.0, "fpem/gci_graph_align_weight": 0.0, "fpem/gci_graph_align_raw_mse": 0.0, "fpem/gci_graph_align_normalized": 0.0, "fpem/gci_edge_preserve_beta": 0.0, "fpem/gci_graph_align_target_available": 0.0, "fpem/gci_target_adj_mean": 0.0, "fpem/gci_target_adj_std": 0.0, "fpem/gci_target_edge_mean": 0.0, "fpem/gci_target_nonedge_mean": 0.0, "fpem/gci_target_diag_mean": 0.0, "fpem/gci_graph_align_updates_agcrn": 0.0, "fpem/gci_updates_graph_linear": 0.0, "fpem/gci_graph_construction_agcrn_softmax": 0.0, "fpem/scd_assoc_before_C": 0.3044475544066656, "fpem/scd_assoc_after_C": 0.3159999740975244, "fpem/scd_assoc_reduction": -0.01155241969085875, "fpem/scd_relative_violation": 0.13756561556032726, "fpem/sample_assoc_before_C": 0.3044475544066656, "fpem/sample_assoc_after_C": 0.3159999740975244, "fpem/sample_assoc_reduction": -0.01155241969085875, "fpem/sample_dep_before_C": 0.3044475544066656, "fpem/sample_dep_after_C": 0.3159999740975244, "fpem/sample_dep_reduction": -0.01155241969085875, "fpem/scd_batch_size": 16.0, "fpem/scd_sample_vector_dim": 448000.0, "fpem/sample_kernel_alignment": 0.0, "fpem/scd_alignment_loss": 0.0, "fpem/load_level_experts_enabled": 1.0, "fpem/load_level_uses_target_or_future_load": 0.0, "fpem/environment_gate_uses_target_in_forward": 0.0, "fpem/load_level_env_residual_scale": 0.0, "fpem/uses_cached_observable_load_prior": 1.0, "fpem/primary_loss": 9.038783731914702, "fpem/inv_pred_loss": 9.219959268115815, "fpem/primary_uses_route": 1.0, "fpem/primary_uses_env_fusion": 0.0, "fpem/backbone_agcrn": 1.0, "fpem/backbone_graphwavenet": 0.0, "fpem/backbone_staeformer": 0.0, "fpem/gc_pred_loss_only": 1.0, "fpem/env_route_head_mode_hyper_proto": 1.0, "fpem/fpem_force_uniform_route": 0.0, "fpem/hard_prediction_sinkhorn_total_replaces_primary": 0.0, "fpem/hard_prediction_environment_sinkhorn_total_replaces_primary": 0.0, "fpem/warmup_risk_sinkhorn_total_replaces_primary": 0.0, "fpem/lambda_club_mi": 0.0}}
EPOCH {"epoch": 18, "train_loss": 10.946596590677897, "val": {"loss": 11.89235750834147, "mae": 11.67974853515625, "mape": 0.18623191118240356}, "test_mixed": {"loss": NaN, "mae": NaN, "mape": NaN}, "test_workday": {"loss": NaN, "mae": NaN, "mape": NaN}, "test_holiday": {"loss": NaN, "mae": NaN, "mape": NaN}, "test_avg_mae": NaN, "best_selection_value": 11.89235750834147, "best_selection_split": "val", "best_selection_metric": "val_loss", "lr": 0.001, "fpem_logs": {"fpem/fpem_env_use_exogenous": 1.0, "fpem/env_exogenous_available": 1.0, "fpem/env_exogenous_time_available": 1.0, "fpem/env_exogenous_load_available": 1.0, "fpem/env_exogenous_feature_dim": 32.0, "fpem/env_exogenous_embedding_norm": 2.4782957213265555, "fpem/env_exogenous_load_embedding_norm": 1.6355448825018746, "fpem/fpem_env_use_period_context": 1.0, "fpem/env_period_context_available": 1.0, "fpem/env_period_day_available_ratio": 0.9732142857142857, "fpem/env_period_week_available_ratio": 0.8244047619047619, "fpem/env_period_context_feature_dim": 6.0, "fpem/env_period_context_scale": 0.10000000149011612, "fpem/env_period_context_delta_norm": 0.19674301346143086, "fpem/env_period_context_day_diff_norm": 0.1627270526119641, "fpem/env_period_context_week_diff_norm": 0.10188992775621869, "fpem/env_rep_ablation_normal": 1.0, "fpem/env_rep_ablation_zero": 0.0, "fpem/env_rep_ablation_shuffle_batch": 0.0, "fpem/env_rep_ablation_mode_id": 0.0, "fpem/mask_loss": 0.0, "fpem/mask_sparse_loss": 0.0, "fpem/mask_entropy_loss": 0.0, "fpem/mask_mean": 1.0, "fpem/mask_entropy": 0.0, "fpem/mask_active_ratio": 1.0, "fpem/fusion_alpha_mean": 0.0, "fpem/fusion_alpha_std": 0.0, "fpem/fusion_alpha_min": 0.0, "fpem/fusion_alpha_max": 0.0, "fpem/env_route_loss": 1.8949235723132178, "fpem/env_route_L_final": 9.059445194970994, "fpem/env_route_L_global": 0.0, "fpem/env_route_L_route_soft": 0.0, "fpem/env_route_L_expert": 9.474617721920922, "fpem/env_route_L_router_oracle": 0.0, "fpem/env_route_L_balance": 0.0, "fpem/env_route_L_diverse": 0.0, "fpem/env_route_L_proto_align": 0.0, "fpem/env_route_entropy": 0.0, "fpem/env_route_q_max_mean": 0.0, "fpem/hyper_alpha_mean": 0.0, "fpem/hyper_delta_norm": 0.0, "fpem/hyper_route_proto_mode_uniform_warmup": 0.0, "fpem/hyper_route_proto_mode_uniform_fixed": 0.0, "fpem/hyper_route_proto_mode_sinkhorn": 0.0, "fpem/hyper_route_proto_mode_softmax": 0.0, "fpem/fallback_q_mean": 0.0, "fpem/fallback_q_max": 0.0, "fpem/env_q_sum_mean": 1.0, "fpem/oracle_fallback_rate": 0.0, "fpem/route_count_fallback": 0.0, "fpem/env_route_head_mode": 1.0, "fpem/route_entropy_mean": 0.0, "fpem/route_mean_distribution_entropy": 0.0, "fpem/effective_expert_number": 1.0, "fpem/max_expert_usage_ratio": 0.0, "fpem/min_expert_usage_ratio": 0.0, "fpem/prototype_pairwise_cosine": 0.0, "fpem/expert_prediction_pairwise_cosine": 0.0, "fpem/expert_collapse_warning": 0.0, "fpem/env_route_target_mode_env_prototype": 0.0, "fpem/env_route_target_mode_hybrid": 0.0, "fpem/env_route_hybrid_alpha": 0.0, "fpem/env_route_train_mode_warmup_risk_sinkhorn": 0.0, "fpem/warmup_risk_stage_warmup": 0.0, "fpem/warmup_risk_stage_soft": 0.0, "fpem/warmup_risk_stage_hard": 0.0, "fpem/warmup_risk_selected_loss": 0.0, "fpem/warmup_risk_uniform_common_loss": 0.0, "fpem/warmup_risk_lambda_common": 0.0, "fpem/warmup_risk_total_common_term": 0.0, "fpem/warmup_risk_temperature": 0.0, "fpem/warmup_risk_temperature_progress": 0.0, "fpem/uniform_expert_mae": 0.0, "fpem/risk_routed_mae": 0.0, "fpem/risk_prediction_mae": 0.0, "fpem/risk_loss": 0.0, "fpem/risk_ranking_loss": 0.0, "fpem/risk_ranking_accuracy": 0.0, "fpem/risk_oracle_argmin_accuracy": 0.0, "fpem/risk_router_temperature": 0.0, "fpem/risk_router_lambda": 0.0, "fpem/risk_router_pairwise_lambda": 0.0, "fpem/env_route_train_mode_progressive_gmm_environment": 0.0, "fpem/top_level_prediction_source_progressive_gmm_teacher_hard": 0.0, "fpem/progressive_assignment_uses_target_or_prediction_error": 0.0, "fpem/progressive_partition_ready": 0.0, "fpem/progressive_selected_k": 0.0, "fpem/progressive_active_expert_count": 0.0, "fpem/progressive_last_partition_epoch": 0.0, "fpem/progressive_lambda_common": 0.0, "fpem/progressive_common_term": 0.0, "fpem/progressive_compactness_loss": 0.0, "fpem/progressive_consistency_loss": 0.0, "fpem/progressive_cluster_entropy": 0.0, "fpem/progressive_assignment_change_ratio": 0.0, "fpem/progressive_hungarian_overlap_score": 0.0, "fpem/progressive_partition_update_time_sec": 0.0, "fpem/progressive_routed_mae": 0.0, "fpem/progressive_gmm_environment_total_replaces_primary": 0.0, "fpem/env_route_count_head_0": 16.0, "fpem/env_route_oracle_count_head_0": 16.0, "fpem/route_count_env_head_0": 16.0, "fpem/route_soft_mean_expert_0": 1.0, "fpem/route_hard_count_expert_0": 16.0, "fpem/hard_count_expert_0": 16.0, "fpem/sinkhorn_soft_col_mass_expert_0": 0.0, "fpem/progressive_active_expert_0": 0.0, "fpem/progressive_cluster_size_0": 0.0, "fpem/progressive_cluster_ratio_0": 0.0, "fpem/progressive_cluster_to_expert_0": 0.0, "fpem/progressive_bic_k1": 0.0, "fpem/progressive_bic_score_k1": 0.0, "fpem/progressive_bic_rejected_k1": 0.0, "fpem/hyper_alpha_head_0": 0.0, "fpem/hyper_gamma_norm_head_0": 0.0, "fpem/hyper_beta_norm_head_0": 0.0, "fpem/expert_cross_mae_group_0_expert_0": 9.474617721920922, "fpem/load_expert_loss": 9.474617721920922, "fpem/counterfactual_risk_router_loss": 0.0, "fpem/counterfactual_risk_regression_loss": 9.070752929505847, "fpem/counterfactual_risk_ranking_loss": 1.509586330822536, "fpem/load_level_assignment_detached": 1.0, "fpem/load_level_count_0": 1680.0, "fpem/load_level_ratio_0": 1.0, "fpem/expert_0_global_loss": 9.474617721920922, "fpem/expert_0_selected_loss": 9.474617721920922, "fpem/counterfactual_risk_stage2_active": 0.0, "fpem/counterfactual_risk_stage2_start_epoch": 20.0, "fpem/counterfactual_risk_all_environment_mae": 9.474617721920922, "fpem/counterfactual_risk_all_invariant_mae": 9.662237458002, "fpem/counterfactual_risk_routed_mae": 9.474617721920922, "fpem/counterfactual_risk_oracle_mae": 9.412854535239083, "fpem/counterfactual_risk_router_accuracy": 0.7130952380952381, "fpem/counterfactual_risk_router_balanced_accuracy": 0.5, "fpem/counterfactual_risk_inv_route_ratio": 0.0, "fpem/counterfactual_risk_env_route_ratio": 1.0, "fpem/counterfactual_risk_inv_switch_precision": 0.0, "fpem/counterfactual_risk_correct_inv_switches": 0.0, "fpem/counterfactual_risk_harmful_inv_switches": 0.0, "fpem/counterfactual_risk_saved_loss": 0.0, "fpem/counterfactual_risk_added_loss": 0.0, "fpem/counterfactual_risk_net_gain": 0.0, "fpem/counterfactual_risk_regret": 0.061763186681838264, "fpem/counterfactual_risk_oracle_gap_closed": 0.0, "fpem/counterfactual_risk_delta_mean": -0.18761974558943795, "fpem/counterfactual_risk_target_inv_ratio": 0.2869047619047619, "fpem/counterfactual_risk_weight_env_sum": 7.999999954586937, "fpem/counterfactual_risk_weight_inv_sum": 7.999999922797794, "fpem/counterfactual_risk_prediction_is_hard_route": 1.0, "fpem/counterfactual_risk_prediction_is_soft_fusion": 0.0, "fpem/counterfactual_risk_target_detached": 1.0, "fpem/counterfactual_risk_uses_threshold": 0.0, "fpem/counterfactual_risk_all_samples_used_for_router": 1.0, "fpem/hard_router_predicted_env_ratio": 1.0, "fpem/hard_router_effective_env_ratio": 1.0, "fpem/hard_router_target_env_ratio": 0.7130952380952381, "fpem/hard_router_gain_mean": -0.18761974558943795, "fpem/expert_prediction_pairwise_difference": 0.0, "fpem/delta_pairwise_cosine": 0.0, "fpem/delta_pairwise_l1": 0.0, "fpem/delta_pairwise_l2": 0.0, "fpem/expert_0_parameter_norm": 14.881346348353794, "fpem/hard_binary_router_enabled": 0.0, "fpem/hard_router_uses_target_in_forward": 0.0, "fpem/stored_future_c_loaded": 0.0, "fpem/prediction_is_weighted_complete_fusion": 0.0, "fpem/prediction_is_hard_route": 1.0, "fpem/conservative_inv_override_enabled": 0.0, "fpem/conservative_router_features_detached": 1.0, "fpem/counterfactual_risk_router_enabled": 1.0, "fpem/counterfactual_risk_stage2_active_forward": 0.0, "fpem/counterfactual_risk_deploy_route_active": 0.0, "fpem/counterfactual_risk_training_uses_route": 0.0, "fpem/counterfactual_risk_forward_uses_threshold": 0.0, "fpem/future_mi_loss": 0.0, "fpem/future_mi_valid": 0.0, "fpem/future_mi_logvar_mean": 0.0, "fpem/future_mi_target_mode_env_encoder": 0.0, "fpem/swap_loss": 0.0, "fpem/swap_diff_loss": 0.0, "fpem/swap_same_loss": 0.0, "fpem/swap_gain_mean": 0.0, "fpem/swap_s_gain_mean": 0.0, "fpem/swap_fallback_router_loss": 0.0, "fpem/swap_fallback_q_mean": 0.0, "fpem/swap_prediction_delta": 0.0, "fpem/swap_route_delta": 0.0, "fpem/swap_hyper_alpha_delta": 0.0, "fpem/swap_hyper_delta_norm": 0.0, "fpem/loss_env_day": 0.0, "fpem/loss_env_hour": 0.0, "fpem/loss_env_rush": 0.0, "fpem/env_day_acc": 0.0, "fpem/env_hour_acc": 0.0, "fpem/env_rush_acc": 0.0, "fpem/loss_env_supcon": 0.0, "fpem/env_supcon_valid_pairs": 0.0, "fpem/loss_inv_env_adv": 0.0, "fpem/inv_day_acc": 0.0, "fpem/inv_hour_acc": 0.0, "fpem/inv_rush_acc": 0.0, "fpem/loss_cross_cov_sep": 0.0, "fpem/confounder_dep_enabled": 1.0, "fpem/confounder_dep_mode_gci": 0.0, "fpem/confounder_dep_mode_scd": 1.0, "fpem/confounder_dep_mode_both": 0.0, "fpem/confounder_dep_total": 0.00015314734267858079, "fpem/loss_gci": 0.0, "fpem/loss_gci_drop": 0.0, "fpem/loss_gci_keep": 0.0, "fpem/loss_gci_graph_align": 0.0, "fpem/loss_scd": 0.15031487906262989, "fpem/loss_conf_kl": 0.028324563428759574, "fpem/effective_gci_weight": 0.0, "fpem/effective_gci_graph_align_weight": 0.10000000149011612, "fpem/effective_scd_weight": 0.0010000000474974513, "fpem/effective_conf_kl_weight": 9.999999747378752e-05, "fpem/confounder_dep_ramp_factor": 1.0, "fpem/C_mean": 0.003490347752258891, "fpem/C_std": 0.9944108821096874, "fpem/C_norm": 2.742013184229533, "fpem/confounder_token_norm": 7.504063093094599, "fpem/confounder_variational": 1.0, "fpem/confounder_projection_trace": 7.998623375665574, "fpem/confounder_projection_ridge": 0.0010000000474974513, "fpem/confounder_projection_rank_dim": 8.0, "fpem/confounder_projection_calls": 1.0, "fpem/confounder_dep_detach_target": 1.0, "fpem/gci_nonedge_mass_before_C": 0.0, "fpem/gci_nonedge_mass_after_C": 0.0, "fpem/gci_nonedge_mass_reduction": 0.0, "fpem/gci_relative_violation": 0.0, "fpem/gci_edge_before_C": 0.0, "fpem/gci_edge_after_C": 0.0, "fpem/gci_nonedge_conn_before_C": 0.0, "fpem/gci_nonedge_conn_after_C": 0.0, "fpem/gci_nonedge_conn_reduction": 0.0, "fpem/gci_edge_conn_before_C": 0.0, "fpem/gci_edge_conn_after_C": 0.0, "fpem/gci_edge_conn_reduction": 0.0, "fpem/gci_nonedge_dep_before_C": 0.0, "fpem/gci_nonedge_dep_after_C": 0.0, "fpem/gci_nonedge_dep_reduction": 0.0, "fpem/gci_edge_dep_before_C": 0.0, "fpem/gci_edge_dep_after_C": 0.0, "fpem/gci_nonedge_count": 0.0, "fpem/gci_edge_count": 0.0, "fpem/gci_node_count": 0.0, "fpem/gci_node_vector_dim": 0.0, "fpem/gci_graph_embed_dim": 0.0, "fpem/gci_graph_embedding_norm_before": 0.0, "fpem/gci_graph_embedding_norm_after": 0.0, "fpem/gci_graph_embedding_std_before": 0.0, "fpem/gci_graph_embedding_std_after": 0.0, "fpem/gci_graph_adj_mean_before": 0.0, "fpem/gci_graph_adj_mean_after": 0.0, "fpem/gci_graph_adj_std_before": 0.0, "fpem/gci_graph_adj_std_after": 0.0, "fpem/gci_graph_align_weight": 0.0, "fpem/gci_graph_align_raw_mse": 0.0, "fpem/gci_graph_align_normalized": 0.0, "fpem/gci_edge_preserve_beta": 0.0, "fpem/gci_graph_align_target_available": 0.0, "fpem/gci_target_adj_mean": 0.0, "fpem/gci_target_adj_std": 0.0, "fpem/gci_target_edge_mean": 0.0, "fpem/gci_target_nonedge_mean": 0.0, "fpem/gci_target_diag_mean": 0.0, "fpem/gci_graph_align_updates_agcrn": 0.0, "fpem/gci_updates_graph_linear": 0.0, "fpem/gci_graph_construction_agcrn_softmax": 0.0, "fpem/scd_assoc_before_C": 0.2915208957024983, "fpem/scd_assoc_after_C": 0.32715386123884294, "fpem/scd_assoc_reduction": -0.03563296553634462, "fpem/scd_relative_violation": 0.15031487906262989, "fpem/sample_assoc_before_C": 0.2915208957024983, "fpem/sample_assoc_after_C": 0.32715386123884294, "fpem/sample_assoc_reduction": -0.03563296553634462, "fpem/sample_dep_before_C": 0.2915208957024983, "fpem/sample_dep_after_C": 0.32715386123884294, "fpem/sample_dep_reduction": -0.03563296553634462, "fpem/scd_batch_size": 16.0, "fpem/scd_sample_vector_dim": 448000.0, "fpem/sample_kernel_alignment": 0.0, "fpem/scd_alignment_loss": 0.0, "fpem/load_level_experts_enabled": 1.0, "fpem/load_level_uses_target_or_future_load": 0.0, "fpem/environment_gate_uses_target_in_forward": 0.0, "fpem/load_level_env_residual_scale": 0.0, "fpem/uses_cached_observable_load_prior": 1.0, "fpem/primary_loss": 9.059445194970994, "fpem/inv_pred_loss": 9.21822514761062, "fpem/primary_uses_route": 1.0, "fpem/primary_uses_env_fusion": 0.0, "fpem/backbone_agcrn": 1.0, "fpem/backbone_graphwavenet": 0.0, "fpem/backbone_staeformer": 0.0, "fpem/gc_pred_loss_only": 1.0, "fpem/env_route_head_mode_hyper_proto": 1.0, "fpem/fpem_force_uniform_route": 0.0, "fpem/hard_prediction_sinkhorn_total_replaces_primary": 0.0, "fpem/hard_prediction_environment_sinkhorn_total_replaces_primary": 0.0, "fpem/warmup_risk_sinkhorn_total_replaces_primary": 0.0, "fpem/lambda_club_mi": 0.0}}
EPOCH {"epoch": 19, "train_loss": 10.941751225789387, "val": {"loss": 11.797669887542725, "mae": 11.573437690734863, "mape": 0.18376345932483673}, "test_mixed": {"loss": NaN, "mae": NaN, "mape": NaN}, "test_workday": {"loss": NaN, "mae": NaN, "mape": NaN}, "test_holiday": {"loss": NaN, "mae": NaN, "mape": NaN}, "test_avg_mae": NaN, "best_selection_value": 11.797669887542725, "best_selection_split": "val", "best_selection_metric": "val_loss", "lr": 0.001, "fpem_logs": {"fpem/fpem_env_use_exogenous": 1.0, "fpem/env_exogenous_available": 1.0, "fpem/env_exogenous_time_available": 1.0, "fpem/env_exogenous_load_available": 1.0, "fpem/env_exogenous_feature_dim": 32.0, "fpem/env_exogenous_embedding_norm": 2.4870563052949453, "fpem/env_exogenous_load_embedding_norm": 1.6394634666897, "fpem/fpem_env_use_period_context": 1.0, "fpem/env_period_context_available": 1.0, "fpem/env_period_day_available_ratio": 0.9732142857142857, "fpem/env_period_week_available_ratio": 0.8244047619047619, "fpem/env_period_context_feature_dim": 6.0, "fpem/env_period_context_scale": 0.10000000149011612, "fpem/env_period_context_delta_norm": 0.19775462732428595, "fpem/env_period_context_day_diff_norm": 0.16272705183142708, "fpem/env_period_context_week_diff_norm": 0.10188992761430286, "fpem/env_rep_ablation_normal": 1.0, "fpem/env_rep_ablation_zero": 0.0, "fpem/env_rep_ablation_shuffle_batch": 0.0, "fpem/env_rep_ablation_mode_id": 0.0, "fpem/mask_loss": 0.0, "fpem/mask_sparse_loss": 0.0, "fpem/mask_entropy_loss": 0.0, "fpem/mask_mean": 1.0, "fpem/mask_entropy": 0.0, "fpem/mask_active_ratio": 1.0, "fpem/fusion_alpha_mean": 0.0, "fpem/fusion_alpha_std": 0.0, "fpem/fusion_alpha_min": 0.0, "fpem/fusion_alpha_max": 0.0, "fpem/env_route_loss": 1.892577320053464, "fpem/env_route_L_final": 9.04587332861764, "fpem/env_route_L_global": 0.0, "fpem/env_route_L_route_soft": 0.0, "fpem/env_route_L_expert": 9.462886487869989, "fpem/env_route_L_router_oracle": 0.0, "fpem/env_route_L_balance": 0.0, "fpem/env_route_L_diverse": 0.0, "fpem/env_route_L_proto_align": 0.0, "fpem/env_route_entropy": 0.0, "fpem/env_route_q_max_mean": 0.0, "fpem/hyper_alpha_mean": 0.0, "fpem/hyper_delta_norm": 0.0, "fpem/hyper_route_proto_mode_uniform_warmup": 0.0, "fpem/hyper_route_proto_mode_uniform_fixed": 0.0, "fpem/hyper_route_proto_mode_sinkhorn": 0.0, "fpem/hyper_route_proto_mode_softmax": 0.0, "fpem/fallback_q_mean": 0.0, "fpem/fallback_q_max": 0.0, "fpem/env_q_sum_mean": 1.0, "fpem/oracle_fallback_rate": 0.0, "fpem/route_count_fallback": 0.0, "fpem/env_route_head_mode": 1.0, "fpem/route_entropy_mean": 0.0, "fpem/route_mean_distribution_entropy": 0.0, "fpem/effective_expert_number": 1.0, "fpem/max_expert_usage_ratio": 0.0, "fpem/min_expert_usage_ratio": 0.0, "fpem/prototype_pairwise_cosine": 0.0, "fpem/expert_prediction_pairwise_cosine": 0.0, "fpem/expert_collapse_warning": 0.0, "fpem/env_route_target_mode_env_prototype": 0.0, "fpem/env_route_target_mode_hybrid": 0.0, "fpem/env_route_hybrid_alpha": 0.0, "fpem/env_route_train_mode_warmup_risk_sinkhorn": 0.0, "fpem/warmup_risk_stage_warmup": 0.0, "fpem/warmup_risk_stage_soft": 0.0, "fpem/warmup_risk_stage_hard": 0.0, "fpem/warmup_risk_selected_loss": 0.0, "fpem/warmup_risk_uniform_common_loss": 0.0, "fpem/warmup_risk_lambda_common": 0.0, "fpem/warmup_risk_total_common_term": 0.0, "fpem/warmup_risk_temperature": 0.0, "fpem/warmup_risk_temperature_progress": 0.0, "fpem/uniform_expert_mae": 0.0, "fpem/risk_routed_mae": 0.0, "fpem/risk_prediction_mae": 0.0, "fpem/risk_loss": 0.0, "fpem/risk_ranking_loss": 0.0, "fpem/risk_ranking_accuracy": 0.0, "fpem/risk_oracle_argmin_accuracy": 0.0, "fpem/risk_router_temperature": 0.0, "fpem/risk_router_lambda": 0.0, "fpem/risk_router_pairwise_lambda": 0.0, "fpem/env_route_train_mode_progressive_gmm_environment": 0.0, "fpem/top_level_prediction_source_progressive_gmm_teacher_hard": 0.0, "fpem/progressive_assignment_uses_target_or_prediction_error": 0.0, "fpem/progressive_partition_ready": 0.0, "fpem/progressive_selected_k": 0.0, "fpem/progressive_active_expert_count": 0.0, "fpem/progressive_last_partition_epoch": 0.0, "fpem/progressive_lambda_common": 0.0, "fpem/progressive_common_term": 0.0, "fpem/progressive_compactness_loss": 0.0, "fpem/progressive_consistency_loss": 0.0, "fpem/progressive_cluster_entropy": 0.0, "fpem/progressive_assignment_change_ratio": 0.0, "fpem/progressive_hungarian_overlap_score": 0.0, "fpem/progressive_partition_update_time_sec": 0.0, "fpem/progressive_routed_mae": 0.0, "fpem/progressive_gmm_environment_total_replaces_primary": 0.0, "fpem/env_route_count_head_0": 16.0, "fpem/env_route_oracle_count_head_0": 16.0, "fpem/route_count_env_head_0": 16.0, "fpem/route_soft_mean_expert_0": 1.0, "fpem/route_hard_count_expert_0": 16.0, "fpem/hard_count_expert_0": 16.0, "fpem/sinkhorn_soft_col_mass_expert_0": 0.0, "fpem/progressive_active_expert_0": 0.0, "fpem/progressive_cluster_size_0": 0.0, "fpem/progressive_cluster_ratio_0": 0.0, "fpem/progressive_cluster_to_expert_0": 0.0, "fpem/progressive_bic_k1": 0.0, "fpem/progressive_bic_score_k1": 0.0, "fpem/progressive_bic_rejected_k1": 0.0, "fpem/hyper_alpha_head_0": 0.0, "fpem/hyper_gamma_norm_head_0": 0.0, "fpem/hyper_beta_norm_head_0": 0.0, "fpem/expert_cross_mae_group_0_expert_0": 9.462886487869989, "fpem/load_expert_loss": 9.462886487869989, "fpem/counterfactual_risk_router_loss": 0.0, "fpem/counterfactual_risk_regression_loss": 9.104475997743153, "fpem/counterfactual_risk_ranking_loss": 1.4528678921716554, "fpem/load_level_assignment_detached": 1.0, "fpem/load_level_count_0": 1680.0, "fpem/load_level_ratio_0": 1.0, "fpem/expert_0_global_loss": 9.462886487869989, "fpem/expert_0_selected_loss": 9.462886487869989, "fpem/counterfactual_risk_stage2_active": 0.0, "fpem/counterfactual_risk_stage2_start_epoch": 20.0, "fpem/counterfactual_risk_all_environment_mae": 9.462886487869989, "fpem/counterfactual_risk_all_invariant_mae": 9.6622375306629, "fpem/counterfactual_risk_routed_mae": 9.462893554142543, "fpem/counterfactual_risk_oracle_mae": 9.397778397514706, "fpem/counterfactual_risk_router_accuracy": 0.7208333333333333, "fpem/counterfactual_risk_router_balanced_accuracy": 0.509157509463174, "fpem/counterfactual_risk_inv_route_ratio": 0.0005952380952380953, "fpem/counterfactual_risk_env_route_ratio": 0.9994047619047619, "fpem/counterfactual_risk_inv_switch_precision": 0.0, "fpem/counterfactual_risk_correct_inv_switches": 0.0, "fpem/counterfactual_risk_harmful_inv_switches": 0.009523809523809525, "fpem/counterfactual_risk_saved_loss": 0.0, "fpem/counterfactual_risk_added_loss": 7.068543207077753e-06, "fpem/counterfactual_risk_net_gain": -7.066272553943453e-06, "fpem/counterfactual_risk_regret": 0.06511515662783668, "fpem/counterfactual_risk_oracle_gap_closed": -8.729822224094755e-05, "fpem/counterfactual_risk_delta_mean": -0.19935105840365092, "fpem/counterfactual_risk_target_inv_ratio": 0.2785714285714286, "fpem/counterfactual_risk_weight_env_sum": 8.15238082068307, "fpem/counterfactual_risk_weight_inv_sum": 7.8476190112885975, "fpem/counterfactual_risk_prediction_is_hard_route": 1.0, "fpem/counterfactual_risk_prediction_is_soft_fusion": 0.0, "fpem/counterfactual_risk_target_detached": 1.0, "fpem/counterfactual_risk_uses_threshold": 0.0, "fpem/counterfactual_risk_all_samples_used_for_router": 1.0, "fpem/hard_router_predicted_env_ratio": 0.9994047619047619, "fpem/hard_router_effective_env_ratio": 1.0, "fpem/hard_router_target_env_ratio": 0.7214285714285714, "fpem/hard_router_gain_mean": -0.19935105840365092, "fpem/expert_prediction_pairwise_difference": 0.0, "fpem/delta_pairwise_cosine": 0.0, "fpem/delta_pairwise_l1": 0.0, "fpem/delta_pairwise_l2": 0.0, "fpem/expert_0_parameter_norm": 14.88224188486735, "fpem/hard_binary_router_enabled": 0.0, "fpem/hard_router_uses_target_in_forward": 0.0, "fpem/stored_future_c_loaded": 0.0, "fpem/prediction_is_weighted_complete_fusion": 0.0, "fpem/prediction_is_hard_route": 1.0, "fpem/conservative_inv_override_enabled": 0.0, "fpem/conservative_router_features_detached": 1.0, "fpem/counterfactual_risk_router_enabled": 1.0, "fpem/counterfactual_risk_stage2_active_forward": 0.0, "fpem/counterfactual_risk_deploy_route_active": 0.0, "fpem/counterfactual_risk_training_uses_route": 0.0, "fpem/counterfactual_risk_forward_uses_threshold": 0.0, "fpem/future_mi_loss": 0.0, "fpem/future_mi_valid": 0.0, "fpem/future_mi_logvar_mean": 0.0, "fpem/future_mi_target_mode_env_encoder": 0.0, "fpem/swap_loss": 0.0, "fpem/swap_diff_loss": 0.0, "fpem/swap_same_loss": 0.0, "fpem/swap_gain_mean": 0.0, "fpem/swap_s_gain_mean": 0.0, "fpem/swap_fallback_router_loss": 0.0, "fpem/swap_fallback_q_mean": 0.0, "fpem/swap_prediction_delta": 0.0, "fpem/swap_route_delta": 0.0, "fpem/swap_hyper_alpha_delta": 0.0, "fpem/swap_hyper_delta_norm": 0.0, "fpem/loss_env_day": 0.0, "fpem/loss_env_hour": 0.0, "fpem/loss_env_rush": 0.0, "fpem/env_day_acc": 0.0, "fpem/env_hour_acc": 0.0, "fpem/env_rush_acc": 0.0, "fpem/loss_env_supcon": 0.0, "fpem/env_supcon_valid_pairs": 0.0, "fpem/loss_inv_env_adv": 0.0, "fpem/inv_day_acc": 0.0, "fpem/inv_hour_acc": 0.0, "fpem/inv_rush_acc": 0.0, "fpem/loss_cross_cov_sep": 0.0, "fpem/confounder_dep_enabled": 1.0, "fpem/confounder_dep_mode_gci": 0.0, "fpem/confounder_dep_mode_scd": 1.0, "fpem/confounder_dep_mode_both": 0.0, "fpem/confounder_dep_total": 0.0001399457986865725, "fpem/loss_gci": 0.0, "fpem/loss_gci_drop": 0.0, "fpem/loss_gci_keep": 0.0, "fpem/loss_gci_graph_align": 0.0, "fpem/loss_scd": 0.13874839012111936, "fpem/loss_conf_kl": 0.011974027309389342, "fpem/effective_gci_weight": 0.0, "fpem/effective_gci_graph_align_weight": 0.10000000149011612, "fpem/effective_scd_weight": 0.0010000000474974513, "fpem/effective_conf_kl_weight": 9.999999747378752e-05, "fpem/confounder_dep_ramp_factor": 1.0, "fpem/C_mean": -0.00018958586844659988, "fpem/C_std": 0.9960593337104434, "fpem/C_norm": 2.7453405811673117, "fpem/confounder_token_norm": 7.472968296777634, "fpem/confounder_variational": 1.0, "fpem/confounder_projection_trace": 7.998610909779867, "fpem/confounder_projection_ridge": 0.0010000000474974513, "fpem/confounder_projection_rank_dim": 8.0, "fpem/confounder_projection_calls": 1.0, "fpem/confounder_dep_detach_target": 1.0, "fpem/gci_nonedge_mass_before_C": 0.0, "fpem/gci_nonedge_mass_after_C": 0.0, "fpem/gci_nonedge_mass_reduction": 0.0, "fpem/gci_relative_violation": 0.0, "fpem/gci_edge_before_C": 0.0, "fpem/gci_edge_after_C": 0.0, "fpem/gci_nonedge_conn_before_C": 0.0, "fpem/gci_nonedge_conn_after_C": 0.0, "fpem/gci_nonedge_conn_reduction": 0.0, "fpem/gci_edge_conn_before_C": 0.0, "fpem/gci_edge_conn_after_C": 0.0, "fpem/gci_edge_conn_reduction": 0.0, "fpem/gci_nonedge_dep_before_C": 0.0, "fpem/gci_nonedge_dep_after_C": 0.0, "fpem/gci_nonedge_dep_reduction": 0.0, "fpem/gci_edge_dep_before_C": 0.0, "fpem/gci_edge_dep_after_C": 0.0, "fpem/gci_nonedge_count": 0.0, "fpem/gci_edge_count": 0.0, "fpem/gci_node_count": 0.0, "fpem/gci_node_vector_dim": 0.0, "fpem/gci_graph_embed_dim": 0.0, "fpem/gci_graph_embedding_norm_before": 0.0, "fpem/gci_graph_embedding_norm_after": 0.0, "fpem/gci_graph_embedding_std_before": 0.0, "fpem/gci_graph_embedding_std_after": 0.0, "fpem/gci_graph_adj_mean_before": 0.0, "fpem/gci_graph_adj_mean_after": 0.0, "fpem/gci_graph_adj_std_before": 0.0, "fpem/gci_graph_adj_std_after": 0.0, "fpem/gci_graph_align_weight": 0.0, "fpem/gci_graph_align_raw_mse": 0.0, "fpem/gci_graph_align_normalized": 0.0, "fpem/gci_edge_preserve_beta": 0.0, "fpem/gci_graph_align_target_available": 0.0, "fpem/gci_target_adj_mean": 0.0, "fpem/gci_target_adj_std": 0.0, "fpem/gci_target_edge_mean": 0.0, "fpem/gci_target_nonedge_mean": 0.0, "fpem/gci_target_diag_mean": 0.0, "fpem/gci_graph_align_updates_agcrn": 0.0, "fpem/gci_updates_graph_linear": 0.0, "fpem/gci_graph_construction_agcrn_softmax": 0.0, "fpem/scd_assoc_before_C": 0.2784987629879089, "fpem/scd_assoc_after_C": 0.3007918339400064, "fpem/scd_assoc_reduction": -0.022293070952097576, "fpem/scd_relative_violation": 0.13874839012111936, "fpem/sample_assoc_before_C": 0.2784987629879089, "fpem/sample_assoc_after_C": 0.3007918339400064, "fpem/sample_assoc_reduction": -0.022293070952097576, "fpem/sample_dep_before_C": 0.2784987629879089, "fpem/sample_dep_after_C": 0.3007918339400064, "fpem/sample_dep_reduction": -0.022293070952097576, "fpem/scd_batch_size": 16.0, "fpem/scd_sample_vector_dim": 448000.0, "fpem/sample_kernel_alignment": 0.0, "fpem/scd_alignment_loss": 0.0, "fpem/load_level_experts_enabled": 1.0, "fpem/load_level_uses_target_or_future_load": 0.0, "fpem/environment_gate_uses_target_in_forward": 0.0, "fpem/load_level_env_residual_scale": 0.0, "fpem/uses_cached_observable_load_prior": 1.0, "fpem/primary_loss": 9.04587332861764, "fpem/inv_pred_loss": 9.218700458889916, "fpem/primary_uses_route": 1.0, "fpem/primary_uses_env_fusion": 0.0, "fpem/backbone_agcrn": 1.0, "fpem/backbone_graphwavenet": 0.0, "fpem/backbone_staeformer": 0.0, "fpem/gc_pred_loss_only": 1.0, "fpem/env_route_head_mode_hyper_proto": 1.0, "fpem/fpem_force_uniform_route": 0.0, "fpem/hard_prediction_sinkhorn_total_replaces_primary": 0.0, "fpem/hard_prediction_environment_sinkhorn_total_replaces_primary": 0.0, "fpem/warmup_risk_sinkhorn_total_replaces_primary": 0.0, "fpem/lambda_club_mi": 0.0}}
EPOCH {"epoch": 20, "train_loss": 3.5169967901139034, "val": {"loss": 11.797669887542725, "mae": 11.573437690734863, "mape": 0.18376345932483673}, "test_mixed": {"loss": NaN, "mae": NaN, "mape": NaN}, "test_workday": {"loss": NaN, "mae": NaN, "mape": NaN}, "test_holiday": {"loss": NaN, "mae": NaN, "mape": NaN}, "test_avg_mae": NaN, "best_selection_value": 11.797669887542725, "best_selection_split": "val", "best_selection_metric": "val_loss", "lr": 0.001, "fpem_logs": {"fpem/fpem_env_use_exogenous": 1.0, "fpem/env_exogenous_available": 1.0, "fpem/env_exogenous_time_available": 1.0, "fpem/env_exogenous_load_available": 1.0, "fpem/env_exogenous_feature_dim": 32.0, "fpem/env_exogenous_embedding_norm": 2.4949841204143706, "fpem/env_exogenous_load_embedding_norm": 1.6422675291697184, "fpem/fpem_env_use_period_context": 1.0, "fpem/env_period_context_available": 1.0, "fpem/env_period_day_available_ratio": 0.9732142857142857, "fpem/env_period_week_available_ratio": 0.8244047619047619, "fpem/env_period_context_feature_dim": 6.0, "fpem/env_period_context_scale": 0.10000000149011612, "fpem/env_period_context_delta_norm": 0.20782210713341123, "fpem/env_period_context_day_diff_norm": 0.16272705112184796, "fpem/env_period_context_week_diff_norm": 0.1018899271885554, "fpem/env_rep_ablation_normal": 1.0, "fpem/env_rep_ablation_zero": 0.0, "fpem/env_rep_ablation_shuffle_batch": 0.0, "fpem/env_rep_ablation_mode_id": 0.0, "fpem/mask_loss": 0.0, "fpem/mask_sparse_loss": 0.0, "fpem/mask_entropy_loss": 0.0, "fpem/mask_mean": 1.0, "fpem/mask_entropy": 0.0, "fpem/mask_active_ratio": 1.0, "fpem/fusion_alpha_mean": 0.0, "fpem/fusion_alpha_std": 0.0, "fpem/fusion_alpha_min": 0.0, "fpem/fusion_alpha_max": 0.0, "fpem/env_route_loss": 3.5169967901139034, "fpem/env_route_L_final": 8.986117703574044, "fpem/env_route_L_global": 0.0, "fpem/env_route_L_route_soft": 0.0, "fpem/env_route_L_expert": 9.414026056017194, "fpem/env_route_L_router_oracle": 3.5169967901139034, "fpem/env_route_L_balance": 0.0, "fpem/env_route_L_diverse": 0.0, "fpem/env_route_L_proto_align": 0.0, "fpem/env_route_entropy": 0.0, "fpem/env_route_q_max_mean": 0.0, "fpem/hyper_alpha_mean": 0.0, "fpem/hyper_delta_norm": 0.0, "fpem/hyper_route_proto_mode_uniform_warmup": 0.0, "fpem/hyper_route_proto_mode_uniform_fixed": 0.0, "fpem/hyper_route_proto_mode_sinkhorn": 0.0, "fpem/hyper_route_proto_mode_softmax": 0.0, "fpem/fallback_q_mean": 0.0, "fpem/fallback_q_max": 0.0, "fpem/env_q_sum_mean": 1.0, "fpem/oracle_fallback_rate": 0.0, "fpem/route_count_fallback": 0.0, "fpem/env_route_head_mode": 1.0, "fpem/route_entropy_mean": 0.0, "fpem/route_mean_distribution_entropy": 0.0, "fpem/effective_expert_number": 1.0, "fpem/max_expert_usage_ratio": 0.0, "fpem/min_expert_usage_ratio": 0.0, "fpem/prototype_pairwise_cosine": 0.0, "fpem/expert_prediction_pairwise_cosine": 0.0, "fpem/expert_collapse_warning": 0.0, "fpem/env_route_target_mode_env_prototype": 0.0, "fpem/env_route_target_mode_hybrid": 0.0, "fpem/env_route_hybrid_alpha": 0.0, "fpem/env_route_train_mode_warmup_risk_sinkhorn": 0.0, "fpem/warmup_risk_stage_warmup": 0.0, "fpem/warmup_risk_stage_soft": 0.0, "fpem/warmup_risk_stage_hard": 0.0, "fpem/warmup_risk_selected_loss": 0.0, "fpem/warmup_risk_uniform_common_loss": 0.0, "fpem/warmup_risk_lambda_common": 0.0, "fpem/warmup_risk_total_common_term": 0.0, "fpem/warmup_risk_temperature": 0.0, "fpem/warmup_risk_temperature_progress": 0.0, "fpem/uniform_expert_mae": 0.0, "fpem/risk_routed_mae": 0.0, "fpem/risk_prediction_mae": 0.0, "fpem/risk_loss": 0.0, "fpem/risk_ranking_loss": 0.0, "fpem/risk_ranking_accuracy": 0.0, "fpem/risk_oracle_argmin_accuracy": 0.0, "fpem/risk_router_temperature": 0.0, "fpem/risk_router_lambda": 0.0, "fpem/risk_router_pairwise_lambda": 0.0, "fpem/env_route_train_mode_progressive_gmm_environment": 0.0, "fpem/top_level_prediction_source_progressive_gmm_teacher_hard": 0.0, "fpem/progressive_assignment_uses_target_or_prediction_error": 0.0, "fpem/progressive_partition_ready": 0.0, "fpem/progressive_selected_k": 0.0, "fpem/progressive_active_expert_count": 0.0, "fpem/progressive_last_partition_epoch": 0.0, "fpem/progressive_lambda_common": 0.0, "fpem/progressive_common_term": 0.0, "fpem/progressive_compactness_loss": 0.0, "fpem/progressive_consistency_loss": 0.0, "fpem/progressive_cluster_entropy": 0.0, "fpem/progressive_assignment_change_ratio": 0.0, "fpem/progressive_hungarian_overlap_score": 0.0, "fpem/progressive_partition_update_time_sec": 0.0, "fpem/progressive_routed_mae": 0.0, "fpem/progressive_gmm_environment_total_replaces_primary": 0.0, "fpem/env_route_count_head_0": 16.0, "fpem/env_route_oracle_count_head_0": 16.0, "fpem/route_count_env_head_0": 16.0, "fpem/route_soft_mean_expert_0": 1.0, "fpem/route_hard_count_expert_0": 16.0, "fpem/hard_count_expert_0": 16.0, "fpem/sinkhorn_soft_col_mass_expert_0": 0.0, "fpem/progressive_active_expert_0": 0.0, "fpem/progressive_cluster_size_0": 0.0, "fpem/progressive_cluster_ratio_0": 0.0, "fpem/progressive_cluster_to_expert_0": 0.0, "fpem/progressive_bic_k1": 0.0, "fpem/progressive_bic_score_k1": 0.0, "fpem/progressive_bic_rejected_k1": 0.0, "fpem/hyper_alpha_head_0": 0.0, "fpem/hyper_gamma_norm_head_0": 0.0, "fpem/hyper_beta_norm_head_0": 0.0, "fpem/expert_cross_mae_group_0_expert_0": 9.414026056017194, "fpem/load_expert_loss": 9.414026056017194, "fpem/counterfactual_risk_router_loss": 3.5169967901139034, "fpem/counterfactual_risk_regression_loss": 3.107059167680286, "fpem/counterfactual_risk_ranking_loss": 0.8198752596264793, "fpem/load_level_assignment_detached": 1.0, "fpem/load_level_count_0": 1680.0, "fpem/load_level_ratio_0": 1.0, "fpem/expert_0_global_loss": 9.414026056017194, "fpem/expert_0_selected_loss": 9.414026056017194, "fpem/counterfactual_risk_stage2_active": 1.0, "fpem/counterfactual_risk_stage2_start_epoch": 20.0, "fpem/counterfactual_risk_all_environment_mae": 9.414026056017194, "fpem/counterfactual_risk_all_invariant_mae": 9.662237435295468, "fpem/counterfactual_risk_routed_mae": 9.541648433321999, "fpem/counterfactual_risk_oracle_mae": 9.378017262050085, "fpem/counterfactual_risk_router_accuracy": 0.49464285714285716, "fpem/counterfactual_risk_router_balanced_accuracy": 0.5214790599686759, "fpem/counterfactual_risk_inv_route_ratio": 0.5095238095238095, "fpem/counterfactual_risk_env_route_ratio": 0.49047619047619045, "fpem/counterfactual_risk_inv_switch_precision": 0.2028930895385288, "fpem/counterfactual_risk_correct_inv_switches": 1.6761904761904762, "fpem/counterfactual_risk_harmful_inv_switches": 6.476190476190476, "fpem/counterfactual_risk_saved_loss": 0.019635523926644097, "fpem/counterfactual_risk_added_loss": 0.1472579646678198, "fpem/counterfactual_risk_net_gain": -0.12762237730480375, "fpem/counterfactual_risk_regret": 0.16363117127191454, "fpem/counterfactual_risk_oracle_gap_closed": -6140.17235384022, "fpem/counterfactual_risk_delta_mean": -0.24821146386010307, "fpem/counterfactual_risk_target_inv_ratio": 0.20535714285714285, "fpem/counterfactual_risk_weight_env_sum": 8.380952353704544, "fpem/counterfactual_risk_weight_inv_sum": 7.619047537304106, "fpem/counterfactual_risk_prediction_is_hard_route": 1.0, "fpem/counterfactual_risk_prediction_is_soft_fusion": 0.0, "fpem/counterfactual_risk_target_detached": 1.0, "fpem/counterfactual_risk_uses_threshold": 0.0, "fpem/counterfactual_risk_all_samples_used_for_router": 1.0, "fpem/hard_router_predicted_env_ratio": 0.49047619047619045, "fpem/hard_router_effective_env_ratio": 1.0, "fpem/hard_router_target_env_ratio": 0.7946428571428571, "fpem/hard_router_gain_mean": -0.24821146386010307, "fpem/expert_prediction_pairwise_difference": 0.0, "fpem/delta_pairwise_cosine": 0.0, "fpem/delta_pairwise_l1": 0.0, "fpem/delta_pairwise_l2": 0.0, "fpem/expert_0_parameter_norm": 14.882429122924805, "fpem/hard_binary_router_enabled": 0.0, "fpem/hard_router_uses_target_in_forward": 0.0, "fpem/stored_future_c_loaded": 0.0, "fpem/prediction_is_weighted_complete_fusion": 0.0, "fpem/prediction_is_hard_route": 1.0, "fpem/conservative_inv_override_enabled": 0.0, "fpem/conservative_router_features_detached": 1.0, "fpem/counterfactual_risk_router_enabled": 1.0, "fpem/counterfactual_risk_stage2_active_forward": 1.0, "fpem/counterfactual_risk_deploy_route_active": 0.0, "fpem/counterfactual_risk_training_uses_route": 0.0, "fpem/counterfactual_risk_forward_uses_threshold": 0.0, "fpem/future_mi_loss": 0.0, "fpem/future_mi_valid": 0.0, "fpem/future_mi_logvar_mean": 0.0, "fpem/future_mi_target_mode_env_encoder": 0.0, "fpem/swap_loss": 0.0, "fpem/swap_diff_loss": 0.0, "fpem/swap_same_loss": 0.0, "fpem/swap_gain_mean": 0.0, "fpem/swap_s_gain_mean": 0.0, "fpem/swap_fallback_router_loss": 0.0, "fpem/swap_fallback_q_mean": 0.0, "fpem/swap_prediction_delta": 0.0, "fpem/swap_route_delta": 0.0, "fpem/swap_hyper_alpha_delta": 0.0, "fpem/swap_hyper_delta_norm": 0.0, "fpem/loss_env_day": 0.0, "fpem/loss_env_hour": 0.0, "fpem/loss_env_rush": 0.0, "fpem/env_day_acc": 0.0, "fpem/env_hour_acc": 0.0, "fpem/env_rush_acc": 0.0, "fpem/loss_env_supcon": 0.0, "fpem/env_supcon_valid_pairs": 0.0, "fpem/loss_inv_env_adv": 0.0, "fpem/inv_day_acc": 0.0, "fpem/inv_hour_acc": 0.0, "fpem/inv_rush_acc": 0.0, "fpem/loss_cross_cov_sep": 0.0, "fpem/confounder_dep_enabled": 0.0, "fpem/confounder_dep_mode_gci": 0.0, "fpem/confounder_dep_mode_scd": 1.0, "fpem/confounder_dep_mode_both": 0.0, "fpem/confounder_dep_total": 0.0, "fpem/loss_gci": 0.0, "fpem/loss_gci_drop": 0.0, "fpem/loss_gci_keep": 0.0, "fpem/loss_gci_graph_align": 0.0, "fpem/loss_scd": 0.0, "fpem/loss_conf_kl": 0.0, "fpem/effective_gci_weight": 0.0, "fpem/effective_gci_graph_align_weight": 0.0, "fpem/effective_scd_weight": 0.0, "fpem/effective_conf_kl_weight": 0.0, "fpem/confounder_dep_ramp_factor": 0.0, "fpem/C_mean": 0.0, "fpem/C_std": 0.0, "fpem/C_norm": 0.0, "fpem/confounder_token_norm": 0.0, "fpem/confounder_variational": 0.0, "fpem/confounder_projection_trace": 0.0, "fpem/confounder_projection_ridge": 0.0, "fpem/confounder_projection_rank_dim": 0.0, "fpem/confounder_projection_calls": 0.0, "fpem/confounder_dep_detach_target": 0.0, "fpem/gci_nonedge_mass_before_C": 0.0, "fpem/gci_nonedge_mass_after_C": 0.0, "fpem/gci_nonedge_mass_reduction": 0.0, "fpem/gci_relative_violation": 0.0, "fpem/gci_edge_before_C": 0.0, "fpem/gci_edge_after_C": 0.0, "fpem/gci_nonedge_conn_before_C": 0.0, "fpem/gci_nonedge_conn_after_C": 0.0, "fpem/gci_nonedge_conn_reduction": 0.0, "fpem/gci_edge_conn_before_C": 0.0, "fpem/gci_edge_conn_after_C": 0.0, "fpem/gci_edge_conn_reduction": 0.0, "fpem/gci_nonedge_dep_before_C": 0.0, "fpem/gci_nonedge_dep_after_C": 0.0, "fpem/gci_nonedge_dep_reduction": 0.0, "fpem/gci_edge_dep_before_C": 0.0, "fpem/gci_edge_dep_after_C": 0.0, "fpem/gci_nonedge_count": 0.0, "fpem/gci_edge_count": 0.0, "fpem/gci_node_count": 0.0, "fpem/gci_node_vector_dim": 0.0, "fpem/gci_graph_embed_dim": 0.0, "fpem/gci_graph_embedding_norm_before": 0.0, "fpem/gci_graph_embedding_norm_after": 0.0, "fpem/gci_graph_embedding_std_before": 0.0, "fpem/gci_graph_embedding_std_after": 0.0, "fpem/gci_graph_adj_mean_before": 0.0, "fpem/gci_graph_adj_mean_after": 0.0, "fpem/gci_graph_adj_std_before": 0.0, "fpem/gci_graph_adj_std_after": 0.0, "fpem/gci_graph_align_weight": 0.0, "fpem/gci_graph_align_raw_mse": 0.0, "fpem/gci_graph_align_normalized": 0.0, "fpem/gci_edge_preserve_beta": 0.0, "fpem/gci_graph_align_target_available": 0.0, "fpem/gci_target_adj_mean": 0.0, "fpem/gci_target_adj_std": 0.0, "fpem/gci_target_edge_mean": 0.0, "fpem/gci_target_nonedge_mean": 0.0, "fpem/gci_target_diag_mean": 0.0, "fpem/gci_graph_align_updates_agcrn": 0.0, "fpem/gci_updates_graph_linear": 0.0, "fpem/gci_graph_construction_agcrn_softmax": 0.0, "fpem/scd_assoc_before_C": 0.0, "fpem/scd_assoc_after_C": 0.0, "fpem/scd_assoc_reduction": 0.0, "fpem/scd_relative_violation": 0.0, "fpem/sample_assoc_before_C": 0.0, "fpem/sample_assoc_after_C": 0.0, "fpem/sample_assoc_reduction": 0.0, "fpem/sample_dep_before_C": 0.0, "fpem/sample_dep_after_C": 0.0, "fpem/sample_dep_reduction": 0.0, "fpem/scd_batch_size": 0.0, "fpem/scd_sample_vector_dim": 0.0, "fpem/sample_kernel_alignment": 0.0, "fpem/scd_alignment_loss": 0.0, "fpem/load_level_experts_enabled": 1.0, "fpem/load_level_uses_target_or_future_load": 0.0, "fpem/environment_gate_uses_target_in_forward": 0.0, "fpem/load_level_env_residual_scale": 0.0, "fpem/uses_cached_observable_load_prior": 1.0, "fpem/primary_loss": 8.986117703574044, "fpem/inv_pred_loss": 9.215719867887952, "fpem/primary_uses_route": 1.0, "fpem/primary_uses_env_fusion": 0.0, "fpem/backbone_agcrn": 1.0, "fpem/backbone_graphwavenet": 0.0, "fpem/backbone_staeformer": 0.0, "fpem/gc_pred_loss_only": 1.0, "fpem/env_route_head_mode_hyper_proto": 1.0, "fpem/fpem_force_uniform_route": 0.0, "fpem/hard_prediction_sinkhorn_total_replaces_primary": 0.0, "fpem/hard_prediction_environment_sinkhorn_total_replaces_primary": 0.0, "fpem/warmup_risk_sinkhorn_total_replaces_primary": 0.0, "fpem/lambda_club_mi": 0.0}}
EPOCH {"epoch": 21, "train_loss": 2.153762591452826, "val": {"loss": 11.864129649268257, "mae": 11.654704093933105, "mape": 0.1879633218050003}, "test_mixed": {"loss": NaN, "mae": NaN, "mape": NaN}, "test_workday": {"loss": NaN, "mae": NaN, "mape": NaN}, "test_holiday": {"loss": NaN, "mae": NaN, "mape": NaN}, "test_avg_mae": NaN, "best_selection_value": 11.864129649268257, "best_selection_split": "val", "best_selection_metric": "val_loss", "lr": 0.001, "fpem_logs": {"fpem/fpem_env_use_exogenous": 1.0, "fpem/env_exogenous_available": 1.0, "fpem/env_exogenous_time_available": 1.0, "fpem/env_exogenous_load_available": 1.0, "fpem/env_exogenous_feature_dim": 32.0, "fpem/env_exogenous_embedding_norm": 2.4949841317676364, "fpem/env_exogenous_load_embedding_norm": 1.6422675098691668, "fpem/fpem_env_use_period_context": 1.0, "fpem/env_period_context_available": 1.0, "fpem/env_period_day_available_ratio": 0.9732142857142857, "fpem/env_period_week_available_ratio": 0.8244047619047619, "fpem/env_period_context_feature_dim": 6.0, "fpem/env_period_context_scale": 0.10000000149011612, "fpem/env_period_context_delta_norm": 0.20782210869448525, "fpem/env_period_context_day_diff_norm": 0.1627270527538799, "fpem/env_period_context_week_diff_norm": 0.10188992672732898, "fpem/env_rep_ablation_normal": 1.0, "fpem/env_rep_ablation_zero": 0.0, "fpem/env_rep_ablation_shuffle_batch": 0.0, "fpem/env_rep_ablation_mode_id": 0.0, "fpem/mask_loss": 0.0, "fpem/mask_sparse_loss": 0.0, "fpem/mask_entropy_loss": 0.0, "fpem/mask_mean": 1.0, "fpem/mask_entropy": 0.0, "fpem/mask_active_ratio": 1.0, "fpem/fusion_alpha_mean": 0.0, "fpem/fusion_alpha_std": 0.0, "fpem/fusion_alpha_min": 0.0, "fpem/fusion_alpha_max": 0.0, "fpem/env_route_loss": 2.153762591452826, "fpem/env_route_L_final": 8.991803750537692, "fpem/env_route_L_global": 0.0, "fpem/env_route_L_route_soft": 0.0, "fpem/env_route_L_expert": 9.414024952479771, "fpem/env_route_L_router_oracle": 2.153762591452826, "fpem/env_route_L_balance": 0.0, "fpem/env_route_L_diverse": 0.0, "fpem/env_route_L_proto_align": 0.0, "fpem/env_route_entropy": 0.0, "fpem/env_route_q_max_mean": 0.0, "fpem/hyper_alpha_mean": 0.0, "fpem/hyper_delta_norm": 0.0, "fpem/hyper_route_proto_mode_uniform_warmup": 0.0, "fpem/hyper_route_proto_mode_uniform_fixed": 0.0, "fpem/hyper_route_proto_mode_sinkhorn": 0.0, "fpem/hyper_route_proto_mode_softmax": 0.0, "fpem/fallback_q_mean": 0.0, "fpem/fallback_q_max": 0.0, "fpem/env_q_sum_mean": 1.0, "fpem/oracle_fallback_rate": 0.0, "fpem/route_count_fallback": 0.0, "fpem/env_route_head_mode": 1.0, "fpem/route_entropy_mean": 0.0, "fpem/route_mean_distribution_entropy": 0.0, "fpem/effective_expert_number": 1.0, "fpem/max_expert_usage_ratio": 0.0, "fpem/min_expert_usage_ratio": 0.0, "fpem/prototype_pairwise_cosine": 0.0, "fpem/expert_prediction_pairwise_cosine": 0.0, "fpem/expert_collapse_warning": 0.0, "fpem/env_route_target_mode_env_prototype": 0.0, "fpem/env_route_target_mode_hybrid": 0.0, "fpem/env_route_hybrid_alpha": 0.0, "fpem/env_route_train_mode_warmup_risk_sinkhorn": 0.0, "fpem/warmup_risk_stage_warmup": 0.0, "fpem/warmup_risk_stage_soft": 0.0, "fpem/warmup_risk_stage_hard": 0.0, "fpem/warmup_risk_selected_loss": 0.0, "fpem/warmup_risk_uniform_common_loss": 0.0, "fpem/warmup_risk_lambda_common": 0.0, "fpem/warmup_risk_total_common_term": 0.0, "fpem/warmup_risk_temperature": 0.0, "fpem/warmup_risk_temperature_progress": 0.0, "fpem/uniform_expert_mae": 0.0, "fpem/risk_routed_mae": 0.0, "fpem/risk_prediction_mae": 0.0, "fpem/risk_loss": 0.0, "fpem/risk_ranking_loss": 0.0, "fpem/risk_ranking_accuracy": 0.0, "fpem/risk_oracle_argmin_accuracy": 0.0, "fpem/risk_router_temperature": 0.0, "fpem/risk_router_lambda": 0.0, "fpem/risk_router_pairwise_lambda": 0.0, "fpem/env_route_train_mode_progressive_gmm_environment": 0.0, "fpem/top_level_prediction_source_progressive_gmm_teacher_hard": 0.0, "fpem/progressive_assignment_uses_target_or_prediction_error": 0.0, "fpem/progressive_partition_ready": 0.0, "fpem/progressive_selected_k": 0.0, "fpem/progressive_active_expert_count": 0.0, "fpem/progressive_last_partition_epoch": 0.0, "fpem/progressive_lambda_common": 0.0, "fpem/progressive_common_term": 0.0, "fpem/progressive_compactness_loss": 0.0, "fpem/progressive_consistency_loss": 0.0, "fpem/progressive_cluster_entropy": 0.0, "fpem/progressive_assignment_change_ratio": 0.0, "fpem/progressive_hungarian_overlap_score": 0.0, "fpem/progressive_partition_update_time_sec": 0.0, "fpem/progressive_routed_mae": 0.0, "fpem/progressive_gmm_environment_total_replaces_primary": 0.0, "fpem/env_route_count_head_0": 16.0, "fpem/env_route_oracle_count_head_0": 16.0, "fpem/route_count_env_head_0": 16.0, "fpem/route_soft_mean_expert_0": 1.0, "fpem/route_hard_count_expert_0": 16.0, "fpem/hard_count_expert_0": 16.0, "fpem/sinkhorn_soft_col_mass_expert_0": 0.0, "fpem/progressive_active_expert_0": 0.0, "fpem/progressive_cluster_size_0": 0.0, "fpem/progressive_cluster_ratio_0": 0.0, "fpem/progressive_cluster_to_expert_0": 0.0, "fpem/progressive_bic_k1": 0.0, "fpem/progressive_bic_score_k1": 0.0, "fpem/progressive_bic_rejected_k1": 0.0, "fpem/hyper_alpha_head_0": 0.0, "fpem/hyper_gamma_norm_head_0": 0.0, "fpem/hyper_beta_norm_head_0": 0.0, "fpem/expert_cross_mae_group_0_expert_0": 9.414024952479771, "fpem/load_expert_loss": 9.414024952479771, "fpem/counterfactual_risk_router_loss": 2.153762591452826, "fpem/counterfactual_risk_regression_loss": 1.7636786052158901, "fpem/counterfactual_risk_ranking_loss": 0.7801679889361064, "fpem/load_level_assignment_detached": 1.0, "fpem/load_level_count_0": 1680.0, "fpem/load_level_ratio_0": 1.0, "fpem/expert_0_global_loss": 9.414024952479771, "fpem/expert_0_selected_loss": 9.414024952479771, "fpem/counterfactual_risk_stage2_active": 1.0, "fpem/counterfactual_risk_stage2_start_epoch": 20.0, "fpem/counterfactual_risk_all_environment_mae": 9.414024952479771, "fpem/counterfactual_risk_all_invariant_mae": 9.66223756699335, "fpem/counterfactual_risk_routed_mae": 9.525630197070894, "fpem/counterfactual_risk_oracle_mae": 9.378016031356085, "fpem/counterfactual_risk_router_accuracy": 0.5398809523809524, "fpem/counterfactual_risk_router_balanced_accuracy": 0.4997969638733637, "fpem/counterfactual_risk_inv_route_ratio": 0.43333333333333335, "fpem/counterfactual_risk_env_route_ratio": 0.5666666666666667, "fpem/counterfactual_risk_inv_switch_precision": 0.2076733098143623, "fpem/counterfactual_risk_correct_inv_switches": 1.4285714285714286, "fpem/counterfactual_risk_harmful_inv_switches": 5.504761904761905, "fpem/counterfactual_risk_saved_loss": 0.015248872268767585, "fpem/counterfactual_risk_added_loss": 0.1268541033778872, "fpem/counterfactual_risk_net_gain": -0.11160524459112259, "fpem/counterfactual_risk_regret": 0.14761416571480887, "fpem/counterfactual_risk_oracle_gap_closed": -2149.2046732988697, "fpem/counterfactual_risk_delta_mean": -0.2482125331958135, "fpem/counterfactual_risk_target_inv_ratio": 0.20535714285714285, "fpem/counterfactual_risk_weight_env_sum": 8.152380866096133, "fpem/counterfactual_risk_weight_inv_sum": 7.847618988582066, "fpem/counterfactual_risk_prediction_is_hard_route": 1.0, "fpem/counterfactual_risk_prediction_is_soft_fusion": 0.0, "fpem/counterfactual_risk_target_detached": 1.0, "fpem/counterfactual_risk_uses_threshold": 0.0, "fpem/counterfactual_risk_all_samples_used_for_router": 1.0, "fpem/hard_router_predicted_env_ratio": 0.5666666666666667, "fpem/hard_router_effective_env_ratio": 1.0, "fpem/hard_router_target_env_ratio": 0.7946428571428571, "fpem/hard_router_gain_mean": -0.2482125331958135, "fpem/expert_prediction_pairwise_difference": 0.0, "fpem/delta_pairwise_cosine": 0.0, "fpem/delta_pairwise_l1": 0.0, "fpem/delta_pairwise_l2": 0.0, "fpem/expert_0_parameter_norm": 14.882429122924805, "fpem/hard_binary_router_enabled": 0.0, "fpem/hard_router_uses_target_in_forward": 0.0, "fpem/stored_future_c_loaded": 0.0, "fpem/prediction_is_weighted_complete_fusion": 0.0, "fpem/prediction_is_hard_route": 1.0, "fpem/conservative_inv_override_enabled": 0.0, "fpem/conservative_router_features_detached": 1.0, "fpem/counterfactual_risk_router_enabled": 1.0, "fpem/counterfactual_risk_stage2_active_forward": 1.0, "fpem/counterfactual_risk_deploy_route_active": 0.0, "fpem/counterfactual_risk_training_uses_route": 0.0, "fpem/counterfactual_risk_forward_uses_threshold": 0.0, "fpem/future_mi_loss": 0.0, "fpem/future_mi_valid": 0.0, "fpem/future_mi_logvar_mean": 0.0, "fpem/future_mi_target_mode_env_encoder": 0.0, "fpem/swap_loss": 0.0, "fpem/swap_diff_loss": 0.0, "fpem/swap_same_loss": 0.0, "fpem/swap_gain_mean": 0.0, "fpem/swap_s_gain_mean": 0.0, "fpem/swap_fallback_router_loss": 0.0, "fpem/swap_fallback_q_mean": 0.0, "fpem/swap_prediction_delta": 0.0, "fpem/swap_route_delta": 0.0, "fpem/swap_hyper_alpha_delta": 0.0, "fpem/swap_hyper_delta_norm": 0.0, "fpem/loss_env_day": 0.0, "fpem/loss_env_hour": 0.0, "fpem/loss_env_rush": 0.0, "fpem/env_day_acc": 0.0, "fpem/env_hour_acc": 0.0, "fpem/env_rush_acc": 0.0, "fpem/loss_env_supcon": 0.0, "fpem/env_supcon_valid_pairs": 0.0, "fpem/loss_inv_env_adv": 0.0, "fpem/inv_day_acc": 0.0, "fpem/inv_hour_acc": 0.0, "fpem/inv_rush_acc": 0.0, "fpem/loss_cross_cov_sep": 0.0, "fpem/confounder_dep_enabled": 0.0, "fpem/confounder_dep_mode_gci": 0.0, "fpem/confounder_dep_mode_scd": 1.0, "fpem/confounder_dep_mode_both": 0.0, "fpem/confounder_dep_total": 0.0, "fpem/loss_gci": 0.0, "fpem/loss_gci_drop": 0.0, "fpem/loss_gci_keep": 0.0, "fpem/loss_gci_graph_align": 0.0, "fpem/loss_scd": 0.0, "fpem/loss_conf_kl": 0.0, "fpem/effective_gci_weight": 0.0, "fpem/effective_gci_graph_align_weight": 0.0, "fpem/effective_scd_weight": 0.0, "fpem/effective_conf_kl_weight": 0.0, "fpem/confounder_dep_ramp_factor": 0.0, "fpem/C_mean": 0.0, "fpem/C_std": 0.0, "fpem/C_norm": 0.0, "fpem/confounder_token_norm": 0.0, "fpem/confounder_variational": 0.0, "fpem/confounder_projection_trace": 0.0, "fpem/confounder_projection_ridge": 0.0, "fpem/confounder_projection_rank_dim": 0.0, "fpem/confounder_projection_calls": 0.0, "fpem/confounder_dep_detach_target": 0.0, "fpem/gci_nonedge_mass_before_C": 0.0, "fpem/gci_nonedge_mass_after_C": 0.0, "fpem/gci_nonedge_mass_reduction": 0.0, "fpem/gci_relative_violation": 0.0, "fpem/gci_edge_before_C": 0.0, "fpem/gci_edge_after_C": 0.0, "fpem/gci_nonedge_conn_before_C": 0.0, "fpem/gci_nonedge_conn_after_C": 0.0, "fpem/gci_nonedge_conn_reduction": 0.0, "fpem/gci_edge_conn_before_C": 0.0, "fpem/gci_edge_conn_after_C": 0.0, "fpem/gci_edge_conn_reduction": 0.0, "fpem/gci_nonedge_dep_before_C": 0.0, "fpem/gci_nonedge_dep_after_C": 0.0, "fpem/gci_nonedge_dep_reduction": 0.0, "fpem/gci_edge_dep_before_C": 0.0, "fpem/gci_edge_dep_after_C": 0.0, "fpem/gci_nonedge_count": 0.0, "fpem/gci_edge_count": 0.0, "fpem/gci_node_count": 0.0, "fpem/gci_node_vector_dim": 0.0, "fpem/gci_graph_embed_dim": 0.0, "fpem/gci_graph_embedding_norm_before": 0.0, "fpem/gci_graph_embedding_norm_after": 0.0, "fpem/gci_graph_embedding_std_before": 0.0, "fpem/gci_graph_embedding_std_after": 0.0, "fpem/gci_graph_adj_mean_before": 0.0, "fpem/gci_graph_adj_mean_after": 0.0, "fpem/gci_graph_adj_std_before": 0.0, "fpem/gci_graph_adj_std_after": 0.0, "fpem/gci_graph_align_weight": 0.0, "fpem/gci_graph_align_raw_mse": 0.0, "fpem/gci_graph_align_normalized": 0.0, "fpem/gci_edge_preserve_beta": 0.0, "fpem/gci_graph_align_target_available": 0.0, "fpem/gci_target_adj_mean": 0.0, "fpem/gci_target_adj_std": 0.0, "fpem/gci_target_edge_mean": 0.0, "fpem/gci_target_nonedge_mean": 0.0, "fpem/gci_target_diag_mean": 0.0, "fpem/gci_graph_align_updates_agcrn": 0.0, "fpem/gci_updates_graph_linear": 0.0, "fpem/gci_graph_construction_agcrn_softmax": 0.0, "fpem/scd_assoc_before_C": 0.0, "fpem/scd_assoc_after_C": 0.0, "fpem/scd_assoc_reduction": 0.0, "fpem/scd_relative_violation": 0.0, "fpem/sample_assoc_before_C": 0.0, "fpem/sample_assoc_after_C": 0.0, "fpem/sample_assoc_reduction": 0.0, "fpem/sample_dep_before_C": 0.0, "fpem/sample_dep_after_C": 0.0, "fpem/sample_dep_reduction": 0.0, "fpem/scd_batch_size": 0.0, "fpem/scd_sample_vector_dim": 0.0, "fpem/sample_kernel_alignment": 0.0, "fpem/scd_alignment_loss": 0.0, "fpem/load_level_experts_enabled": 1.0, "fpem/load_level_uses_target_or_future_load": 0.0, "fpem/environment_gate_uses_target_in_forward": 0.0, "fpem/load_level_env_residual_scale": 0.0, "fpem/uses_cached_observable_load_prior": 1.0, "fpem/primary_loss": 8.991803750537692, "fpem/inv_pred_loss": 9.221510446639288, "fpem/primary_uses_route": 1.0, "fpem/primary_uses_env_fusion": 0.0, "fpem/backbone_agcrn": 1.0, "fpem/backbone_graphwavenet": 0.0, "fpem/backbone_staeformer": 0.0, "fpem/gc_pred_loss_only": 1.0, "fpem/env_route_head_mode_hyper_proto": 1.0, "fpem/fpem_force_uniform_route": 0.0, "fpem/hard_prediction_sinkhorn_total_replaces_primary": 0.0, "fpem/hard_prediction_environment_sinkhorn_total_replaces_primary": 0.0, "fpem/warmup_risk_sinkhorn_total_replaces_primary": 0.0, "fpem/lambda_club_mi": 0.0}}
EPOCH {"epoch": 22, "train_loss": 1.7934512507347833, "val": {"loss": 11.797669887542725, "mae": 11.573437690734863, "mape": 0.18376345932483673}, "test_mixed": {"loss": NaN, "mae": NaN, "mape": NaN}, "test_workday": {"loss": NaN, "mae": NaN, "mape": NaN}, "test_holiday": {"loss": NaN, "mae": NaN, "mape": NaN}, "test_avg_mae": NaN, "best_selection_value": 11.797669887542725, "best_selection_split": "val", "best_selection_metric": "val_loss", "lr": 0.001, "fpem_logs": {"fpem/fpem_env_use_exogenous": 1.0, "fpem/env_exogenous_available": 1.0, "fpem/env_exogenous_time_available": 1.0, "fpem/env_exogenous_load_available": 1.0, "fpem/env_exogenous_feature_dim": 32.0, "fpem/env_exogenous_embedding_norm": 2.4949841226850236, "fpem/env_exogenous_load_embedding_norm": 1.6422675166811262, "fpem/fpem_env_use_period_context": 1.0, "fpem/env_period_context_available": 1.0, "fpem/env_period_day_available_ratio": 0.9732142857142857, "fpem/env_period_week_available_ratio": 0.8244047619047619, "fpem/env_period_context_feature_dim": 6.0, "fpem/env_period_context_scale": 0.10000000149011612, "fpem/env_period_context_delta_norm": 0.2078221089783169, "fpem/env_period_context_day_diff_norm": 0.162727052682922, "fpem/env_period_context_week_diff_norm": 0.1018899264789763, "fpem/env_rep_ablation_normal": 1.0, "fpem/env_rep_ablation_zero": 0.0, "fpem/env_rep_ablation_shuffle_batch": 0.0, "fpem/env_rep_ablation_mode_id": 0.0, "fpem/mask_loss": 0.0, "fpem/mask_sparse_loss": 0.0, "fpem/mask_entropy_loss": 0.0, "fpem/mask_mean": 1.0, "fpem/mask_entropy": 0.0, "fpem/mask_active_ratio": 1.0, "fpem/fusion_alpha_mean": 0.0, "fpem/fusion_alpha_std": 0.0, "fpem/fusion_alpha_min": 0.0, "fpem/fusion_alpha_max": 0.0, "fpem/env_route_loss": 1.7934512507347833, "fpem/env_route_L_final": 8.988654454549154, "fpem/env_route_L_global": 0.0, "fpem/env_route_L_route_soft": 0.0, "fpem/env_route_L_expert": 9.414025420234317, "fpem/env_route_L_router_oracle": 1.7934512507347833, "fpem/env_route_L_balance": 0.0, "fpem/env_route_L_diverse": 0.0, "fpem/env_route_L_proto_align": 0.0, "fpem/env_route_entropy": 0.0, "fpem/env_route_q_max_mean": 0.0, "fpem/hyper_alpha_mean": 0.0, "fpem/hyper_delta_norm": 0.0, "fpem/hyper_route_proto_mode_uniform_warmup": 0.0, "fpem/hyper_route_proto_mode_uniform_fixed": 0.0, "fpem/hyper_route_proto_mode_sinkhorn": 0.0, "fpem/hyper_route_proto_mode_softmax": 0.0, "fpem/fallback_q_mean": 0.0, "fpem/fallback_q_max": 0.0, "fpem/env_q_sum_mean": 1.0, "fpem/oracle_fallback_rate": 0.0, "fpem/route_count_fallback": 0.0, "fpem/env_route_head_mode": 1.0, "fpem/route_entropy_mean": 0.0, "fpem/route_mean_distribution_entropy": 0.0, "fpem/effective_expert_number": 1.0, "fpem/max_expert_usage_ratio": 0.0, "fpem/min_expert_usage_ratio": 0.0, "fpem/prototype_pairwise_cosine": 0.0, "fpem/expert_prediction_pairwise_cosine": 0.0, "fpem/expert_collapse_warning": 0.0, "fpem/env_route_target_mode_env_prototype": 0.0, "fpem/env_route_target_mode_hybrid": 0.0, "fpem/env_route_hybrid_alpha": 0.0, "fpem/env_route_train_mode_warmup_risk_sinkhorn": 0.0, "fpem/warmup_risk_stage_warmup": 0.0, "fpem/warmup_risk_stage_soft": 0.0, "fpem/warmup_risk_stage_hard": 0.0, "fpem/warmup_risk_selected_loss": 0.0, "fpem/warmup_risk_uniform_common_loss": 0.0, "fpem/warmup_risk_lambda_common": 0.0, "fpem/warmup_risk_total_common_term": 0.0, "fpem/warmup_risk_temperature": 0.0, "fpem/warmup_risk_temperature_progress": 0.0, "fpem/uniform_expert_mae": 0.0, "fpem/risk_routed_mae": 0.0, "fpem/risk_prediction_mae": 0.0, "fpem/risk_loss": 0.0, "fpem/risk_ranking_loss": 0.0, "fpem/risk_ranking_accuracy": 0.0, "fpem/risk_oracle_argmin_accuracy": 0.0, "fpem/risk_router_temperature": 0.0, "fpem/risk_router_lambda": 0.0, "fpem/risk_router_pairwise_lambda": 0.0, "fpem/env_route_train_mode_progressive_gmm_environment": 0.0, "fpem/top_level_prediction_source_progressive_gmm_teacher_hard": 0.0, "fpem/progressive_assignment_uses_target_or_prediction_error": 0.0, "fpem/progressive_partition_ready": 0.0, "fpem/progressive_selected_k": 0.0, "fpem/progressive_active_expert_count": 0.0, "fpem/progressive_last_partition_epoch": 0.0, "fpem/progressive_lambda_common": 0.0, "fpem/progressive_common_term": 0.0, "fpem/progressive_compactness_loss": 0.0, "fpem/progressive_consistency_loss": 0.0, "fpem/progressive_cluster_entropy": 0.0, "fpem/progressive_assignment_change_ratio": 0.0, "fpem/progressive_hungarian_overlap_score": 0.0, "fpem/progressive_partition_update_time_sec": 0.0, "fpem/progressive_routed_mae": 0.0, "fpem/progressive_gmm_environment_total_replaces_primary": 0.0, "fpem/env_route_count_head_0": 16.0, "fpem/env_route_oracle_count_head_0": 16.0, "fpem/route_count_env_head_0": 16.0, "fpem/route_soft_mean_expert_0": 1.0, "fpem/route_hard_count_expert_0": 16.0, "fpem/hard_count_expert_0": 16.0, "fpem/sinkhorn_soft_col_mass_expert_0": 0.0, "fpem/progressive_active_expert_0": 0.0, "fpem/progressive_cluster_size_0": 0.0, "fpem/progressive_cluster_ratio_0": 0.0, "fpem/progressive_cluster_to_expert_0": 0.0, "fpem/progressive_bic_k1": 0.0, "fpem/progressive_bic_score_k1": 0.0, "fpem/progressive_bic_rejected_k1": 0.0, "fpem/hyper_alpha_head_0": 0.0, "fpem/hyper_gamma_norm_head_0": 0.0, "fpem/hyper_beta_norm_head_0": 0.0, "fpem/expert_cross_mae_group_0_expert_0": 9.414025420234317, "fpem/load_expert_loss": 9.414025420234317, "fpem/counterfactual_risk_router_loss": 1.7934512507347833, "fpem/counterfactual_risk_regression_loss": 1.420203179404849, "fpem/counterfactual_risk_ranking_loss": 0.746496148620333, "fpem/load_level_assignment_detached": 1.0, "fpem/load_level_count_0": 1680.0, "fpem/load_level_ratio_0": 1.0, "fpem/expert_0_global_loss": 9.414025420234317, "fpem/expert_0_selected_loss": 9.414025420234317, "fpem/counterfactual_risk_stage2_active": 1.0, "fpem/counterfactual_risk_stage2_start_epoch": 20.0, "fpem/counterfactual_risk_all_environment_mae": 9.414025420234317, "fpem/counterfactual_risk_all_invariant_mae": 9.662237453460694, "fpem/counterfactual_risk_routed_mae": 9.51030950092134, "fpem/counterfactual_risk_oracle_mae": 9.378016608101982, "fpem/counterfactual_risk_router_accuracy": 0.5589285714285714, "fpem/counterfactual_risk_router_balanced_accuracy": 0.5017073636963254, "fpem/counterfactual_risk_inv_route_ratio": 0.3964285714285714, "fpem/counterfactual_risk_env_route_ratio": 0.6035714285714285, "fpem/counterfactual_risk_inv_switch_precision": 0.21175330338023957, "fpem/counterfactual_risk_correct_inv_switches": 1.2857142857142858, "fpem/counterfactual_risk_harmful_inv_switches": 5.057142857142857, "fpem/counterfactual_risk_saved_loss": 0.014137582126117888, "fpem/counterfactual_risk_added_loss": 0.11042161328451974, "fpem/counterfactual_risk_net_gain": -0.09628408068702335, "fpem/counterfactual_risk_regret": 0.1322928928193592, "fpem/counterfactual_risk_oracle_gap_closed": -5549.155292375173, "fpem/counterfactual_risk_delta_mean": -0.24821203152338664, "fpem/counterfactual_risk_target_inv_ratio": 0.20535714285714285, "fpem/counterfactual_risk_weight_env_sum": 8.380952340080624, "fpem/counterfactual_risk_weight_inv_sum": 7.619047560010638, "fpem/counterfactual_risk_prediction_is_hard_route": 1.0, "fpem/counterfactual_risk_prediction_is_soft_fusion": 0.0, "fpem/counterfactual_risk_target_detached": 1.0, "fpem/counterfactual_risk_uses_threshold": 0.0, "fpem/counterfactual_risk_all_samples_used_for_router": 1.0, "fpem/hard_router_predicted_env_ratio": 0.6035714285714285, "fpem/hard_router_effective_env_ratio": 1.0, "fpem/hard_router_target_env_ratio": 0.7946428571428571, "fpem/hard_router_gain_mean": -0.24821203152338664, "fpem/expert_prediction_pairwise_difference": 0.0, "fpem/delta_pairwise_cosine": 0.0, "fpem/delta_pairwise_l1": 0.0, "fpem/delta_pairwise_l2": 0.0, "fpem/expert_0_parameter_norm": 14.882429122924805, "fpem/hard_binary_router_enabled": 0.0, "fpem/hard_router_uses_target_in_forward": 0.0, "fpem/stored_future_c_loaded": 0.0, "fpem/prediction_is_weighted_complete_fusion": 0.0, "fpem/prediction_is_hard_route": 1.0, "fpem/conservative_inv_override_enabled": 0.0, "fpem/conservative_router_features_detached": 1.0, "fpem/counterfactual_risk_router_enabled": 1.0, "fpem/counterfactual_risk_stage2_active_forward": 1.0, "fpem/counterfactual_risk_deploy_route_active": 0.0, "fpem/counterfactual_risk_training_uses_route": 0.0, "fpem/counterfactual_risk_forward_uses_threshold": 0.0, "fpem/future_mi_loss": 0.0, "fpem/future_mi_valid": 0.0, "fpem/future_mi_logvar_mean": 0.0, "fpem/future_mi_target_mode_env_encoder": 0.0, "fpem/swap_loss": 0.0, "fpem/swap_diff_loss": 0.0, "fpem/swap_same_loss": 0.0, "fpem/swap_gain_mean": 0.0, "fpem/swap_s_gain_mean": 0.0, "fpem/swap_fallback_router_loss": 0.0, "fpem/swap_fallback_q_mean": 0.0, "fpem/swap_prediction_delta": 0.0, "fpem/swap_route_delta": 0.0, "fpem/swap_hyper_alpha_delta": 0.0, "fpem/swap_hyper_delta_norm": 0.0, "fpem/loss_env_day": 0.0, "fpem/loss_env_hour": 0.0, "fpem/loss_env_rush": 0.0, "fpem/env_day_acc": 0.0, "fpem/env_hour_acc": 0.0, "fpem/env_rush_acc": 0.0, "fpem/loss_env_supcon": 0.0, "fpem/env_supcon_valid_pairs": 0.0, "fpem/loss_inv_env_adv": 0.0, "fpem/inv_day_acc": 0.0, "fpem/inv_hour_acc": 0.0, "fpem/inv_rush_acc": 0.0, "fpem/loss_cross_cov_sep": 0.0, "fpem/confounder_dep_enabled": 0.0, "fpem/confounder_dep_mode_gci": 0.0, "fpem/confounder_dep_mode_scd": 1.0, "fpem/confounder_dep_mode_both": 0.0, "fpem/confounder_dep_total": 0.0, "fpem/loss_gci": 0.0, "fpem/loss_gci_drop": 0.0, "fpem/loss_gci_keep": 0.0, "fpem/loss_gci_graph_align": 0.0, "fpem/loss_scd": 0.0, "fpem/loss_conf_kl": 0.0, "fpem/effective_gci_weight": 0.0, "fpem/effective_gci_graph_align_weight": 0.0, "fpem/effective_scd_weight": 0.0, "fpem/effective_conf_kl_weight": 0.0, "fpem/confounder_dep_ramp_factor": 0.0, "fpem/C_mean": 0.0, "fpem/C_std": 0.0, "fpem/C_norm": 0.0, "fpem/confounder_token_norm": 0.0, "fpem/confounder_variational": 0.0, "fpem/confounder_projection_trace": 0.0, "fpem/confounder_projection_ridge": 0.0, "fpem/confounder_projection_rank_dim": 0.0, "fpem/confounder_projection_calls": 0.0, "fpem/confounder_dep_detach_target": 0.0, "fpem/gci_nonedge_mass_before_C": 0.0, "fpem/gci_nonedge_mass_after_C": 0.0, "fpem/gci_nonedge_mass_reduction": 0.0, "fpem/gci_relative_violation": 0.0, "fpem/gci_edge_before_C": 0.0, "fpem/gci_edge_after_C": 0.0, "fpem/gci_nonedge_conn_before_C": 0.0, "fpem/gci_nonedge_conn_after_C": 0.0, "fpem/gci_nonedge_conn_reduction": 0.0, "fpem/gci_edge_conn_before_C": 0.0, "fpem/gci_edge_conn_after_C": 0.0, "fpem/gci_edge_conn_reduction": 0.0, "fpem/gci_nonedge_dep_before_C": 0.0, "fpem/gci_nonedge_dep_after_C": 0.0, "fpem/gci_nonedge_dep_reduction": 0.0, "fpem/gci_edge_dep_before_C": 0.0, "fpem/gci_edge_dep_after_C": 0.0, "fpem/gci_nonedge_count": 0.0, "fpem/gci_edge_count": 0.0, "fpem/gci_node_count": 0.0, "fpem/gci_node_vector_dim": 0.0, "fpem/gci_graph_embed_dim": 0.0, "fpem/gci_graph_embedding_norm_before": 0.0, "fpem/gci_graph_embedding_norm_after": 0.0, "fpem/gci_graph_embedding_std_before": 0.0, "fpem/gci_graph_embedding_std_after": 0.0, "fpem/gci_graph_adj_mean_before": 0.0, "fpem/gci_graph_adj_mean_after": 0.0, "fpem/gci_graph_adj_std_before": 0.0, "fpem/gci_graph_adj_std_after": 0.0, "fpem/gci_graph_align_weight": 0.0, "fpem/gci_graph_align_raw_mse": 0.0, "fpem/gci_graph_align_normalized": 0.0, "fpem/gci_edge_preserve_beta": 0.0, "fpem/gci_graph_align_target_available": 0.0, "fpem/gci_target_adj_mean": 0.0, "fpem/gci_target_adj_std": 0.0, "fpem/gci_target_edge_mean": 0.0, "fpem/gci_target_nonedge_mean": 0.0, "fpem/gci_target_diag_mean": 0.0, "fpem/gci_graph_align_updates_agcrn": 0.0, "fpem/gci_updates_graph_linear": 0.0, "fpem/gci_graph_construction_agcrn_softmax": 0.0, "fpem/scd_assoc_before_C": 0.0, "fpem/scd_assoc_after_C": 0.0, "fpem/scd_assoc_reduction": 0.0, "fpem/scd_relative_violation": 0.0, "fpem/sample_assoc_before_C": 0.0, "fpem/sample_assoc_after_C": 0.0, "fpem/sample_assoc_reduction": 0.0, "fpem/sample_dep_before_C": 0.0, "fpem/sample_dep_after_C": 0.0, "fpem/sample_dep_reduction": 0.0, "fpem/scd_batch_size": 0.0, "fpem/scd_sample_vector_dim": 0.0, "fpem/sample_kernel_alignment": 0.0, "fpem/scd_alignment_loss": 0.0, "fpem/load_level_experts_enabled": 1.0, "fpem/load_level_uses_target_or_future_load": 0.0, "fpem/environment_gate_uses_target_in_forward": 0.0, "fpem/load_level_env_residual_scale": 0.0, "fpem/uses_cached_observable_load_prior": 1.0, "fpem/primary_loss": 8.988654454549154, "fpem/inv_pred_loss": 9.218442340124222, "fpem/primary_uses_route": 1.0, "fpem/primary_uses_env_fusion": 0.0, "fpem/backbone_agcrn": 1.0, "fpem/backbone_graphwavenet": 0.0, "fpem/backbone_staeformer": 0.0, "fpem/gc_pred_loss_only": 1.0, "fpem/env_route_head_mode_hyper_proto": 1.0, "fpem/fpem_force_uniform_route": 0.0, "fpem/hard_prediction_sinkhorn_total_replaces_primary": 0.0, "fpem/hard_prediction_environment_sinkhorn_total_replaces_primary": 0.0, "fpem/warmup_risk_sinkhorn_total_replaces_primary": 0.0, "fpem/lambda_club_mi": 0.0}}
EPOCH {"epoch": 23, "train_loss": 1.462426157224746, "val": {"loss": 11.797669887542725, "mae": 11.573437690734863, "mape": 0.18376345932483673}, "test_mixed": {"loss": NaN, "mae": NaN, "mape": NaN}, "test_workday": {"loss": NaN, "mae": NaN, "mape": NaN}, "test_holiday": {"loss": NaN, "mae": NaN, "mape": NaN}, "test_avg_mae": NaN, "best_selection_value": 11.797669887542725, "best_selection_split": "val", "best_selection_metric": "val_loss", "lr": 0.001, "fpem_logs": {"fpem/fpem_env_use_exogenous": 1.0, "fpem/env_exogenous_available": 1.0, "fpem/env_exogenous_time_available": 1.0, "fpem/env_exogenous_load_available": 1.0, "fpem/env_exogenous_feature_dim": 32.0, "fpem/env_exogenous_embedding_norm": 2.4949841226850236, "fpem/env_exogenous_load_embedding_norm": 1.6422675121398198, "fpem/fpem_env_use_period_context": 1.0, "fpem/env_period_context_available": 1.0, "fpem/env_period_day_available_ratio": 0.9732142857142857, "fpem/env_period_week_available_ratio": 0.8244047619047619, "fpem/env_period_context_feature_dim": 6.0, "fpem/env_period_context_scale": 0.10000000149011612, "fpem/env_period_context_delta_norm": 0.2078221069914954, "fpem/env_period_context_day_diff_norm": 0.1627270533215432, "fpem/env_period_context_week_diff_norm": 0.10188992733047122, "fpem/env_rep_ablation_normal": 1.0, "fpem/env_rep_ablation_zero": 0.0, "fpem/env_rep_ablation_shuffle_batch": 0.0, "fpem/env_rep_ablation_mode_id": 0.0, "fpem/mask_loss": 0.0, "fpem/mask_sparse_loss": 0.0, "fpem/mask_entropy_loss": 0.0, "fpem/mask_mean": 1.0, "fpem/mask_entropy": 0.0, "fpem/mask_active_ratio": 1.0, "fpem/fusion_alpha_mean": 0.0, "fpem/fusion_alpha_std": 0.0, "fpem/fusion_alpha_min": 0.0, "fpem/fusion_alpha_max": 0.0, "fpem/env_route_loss": 1.462426157224746, "fpem/env_route_L_final": 8.988660303751628, "fpem/env_route_L_global": 0.0, "fpem/env_route_L_route_soft": 0.0, "fpem/env_route_L_expert": 9.414025765373593, "fpem/env_route_L_router_oracle": 1.462426157224746, "fpem/env_route_L_balance": 0.0, "fpem/env_route_L_diverse": 0.0, "fpem/env_route_L_proto_align": 0.0, "fpem/env_route_entropy": 0.0, "fpem/env_route_q_max_mean": 0.0, "fpem/hyper_alpha_mean": 0.0, "fpem/hyper_delta_norm": 0.0, "fpem/hyper_route_proto_mode_uniform_warmup": 0.0, "fpem/hyper_route_proto_mode_uniform_fixed": 0.0, "fpem/hyper_route_proto_mode_sinkhorn": 0.0, "fpem/hyper_route_proto_mode_softmax": 0.0, "fpem/fallback_q_mean": 0.0, "fpem/fallback_q_max": 0.0, "fpem/env_q_sum_mean": 1.0, "fpem/oracle_fallback_rate": 0.0, "fpem/route_count_fallback": 0.0, "fpem/env_route_head_mode": 1.0, "fpem/route_entropy_mean": 0.0, "fpem/route_mean_distribution_entropy": 0.0, "fpem/effective_expert_number": 1.0, "fpem/max_expert_usage_ratio": 0.0, "fpem/min_expert_usage_ratio": 0.0, "fpem/prototype_pairwise_cosine": 0.0, "fpem/expert_prediction_pairwise_cosine": 0.0, "fpem/expert_collapse_warning": 0.0, "fpem/env_route_target_mode_env_prototype": 0.0, "fpem/env_route_target_mode_hybrid": 0.0, "fpem/env_route_hybrid_alpha": 0.0, "fpem/env_route_train_mode_warmup_risk_sinkhorn": 0.0, "fpem/warmup_risk_stage_warmup": 0.0, "fpem/warmup_risk_stage_soft": 0.0, "fpem/warmup_risk_stage_hard": 0.0, "fpem/warmup_risk_selected_loss": 0.0, "fpem/warmup_risk_uniform_common_loss": 0.0, "fpem/warmup_risk_lambda_common": 0.0, "fpem/warmup_risk_total_common_term": 0.0, "fpem/warmup_risk_temperature": 0.0, "fpem/warmup_risk_temperature_progress": 0.0, "fpem/uniform_expert_mae": 0.0, "fpem/risk_routed_mae": 0.0, "fpem/risk_prediction_mae": 0.0, "fpem/risk_loss": 0.0, "fpem/risk_ranking_loss": 0.0, "fpem/risk_ranking_accuracy": 0.0, "fpem/risk_oracle_argmin_accuracy": 0.0, "fpem/risk_router_temperature": 0.0, "fpem/risk_router_lambda": 0.0, "fpem/risk_router_pairwise_lambda": 0.0, "fpem/env_route_train_mode_progressive_gmm_environment": 0.0, "fpem/top_level_prediction_source_progressive_gmm_teacher_hard": 0.0, "fpem/progressive_assignment_uses_target_or_prediction_error": 0.0, "fpem/progressive_partition_ready": 0.0, "fpem/progressive_selected_k": 0.0, "fpem/progressive_active_expert_count": 0.0, "fpem/progressive_last_partition_epoch": 0.0, "fpem/progressive_lambda_common": 0.0, "fpem/progressive_common_term": 0.0, "fpem/progressive_compactness_loss": 0.0, "fpem/progressive_consistency_loss": 0.0, "fpem/progressive_cluster_entropy": 0.0, "fpem/progressive_assignment_change_ratio": 0.0, "fpem/progressive_hungarian_overlap_score": 0.0, "fpem/progressive_partition_update_time_sec": 0.0, "fpem/progressive_routed_mae": 0.0, "fpem/progressive_gmm_environment_total_replaces_primary": 0.0, "fpem/env_route_count_head_0": 16.0, "fpem/env_route_oracle_count_head_0": 16.0, "fpem/route_count_env_head_0": 16.0, "fpem/route_soft_mean_expert_0": 1.0, "fpem/route_hard_count_expert_0": 16.0, "fpem/hard_count_expert_0": 16.0, "fpem/sinkhorn_soft_col_mass_expert_0": 0.0, "fpem/progressive_active_expert_0": 0.0, "fpem/progressive_cluster_size_0": 0.0, "fpem/progressive_cluster_ratio_0": 0.0, "fpem/progressive_cluster_to_expert_0": 0.0, "fpem/progressive_bic_k1": 0.0, "fpem/progressive_bic_score_k1": 0.0, "fpem/progressive_bic_rejected_k1": 0.0, "fpem/hyper_alpha_head_0": 0.0, "fpem/hyper_gamma_norm_head_0": 0.0, "fpem/hyper_beta_norm_head_0": 0.0, "fpem/expert_cross_mae_group_0_expert_0": 9.414025765373593, "fpem/load_expert_loss": 9.414025765373593, "fpem/counterfactual_risk_router_loss": 1.462426157224746, "fpem/counterfactual_risk_regression_loss": 1.1103996702602932, "fpem/counterfactual_risk_ranking_loss": 0.7040529932294574, "fpem/load_level_assignment_detached": 1.0, "fpem/load_level_count_0": 1680.0, "fpem/load_level_ratio_0": 1.0, "fpem/expert_0_global_loss": 9.414025765373593, "fpem/expert_0_selected_loss": 9.414025765373593, "fpem/counterfactual_risk_stage2_active": 1.0, "fpem/counterfactual_risk_stage2_start_epoch": 20.0, "fpem/counterfactual_risk_all_environment_mae": 9.414025765373593, "fpem/counterfactual_risk_all_invariant_mae": 9.66223749433245, "fpem/counterfactual_risk_routed_mae": 9.500767671494257, "fpem/counterfactual_risk_oracle_mae": 9.3780168397086, "fpem/counterfactual_risk_router_accuracy": 0.575595238095238, "fpem/counterfactual_risk_router_balanced_accuracy": 0.5172488757542202, "fpem/counterfactual_risk_inv_route_ratio": 0.38333333333333336, "fpem/counterfactual_risk_env_route_ratio": 0.6166666666666667, "fpem/counterfactual_risk_inv_switch_precision": 0.22388580115068527, "fpem/counterfactual_risk_correct_inv_switches": 1.3142857142857143, "fpem/counterfactual_risk_harmful_inv_switches": 4.819047619047619, "fpem/counterfactual_risk_saved_loss": 0.015359115458670117, "fpem/counterfactual_risk_added_loss": 0.1021011070126579, "fpem/counterfactual_risk_net_gain": -0.0867419061206636, "fpem/counterfactual_risk_regret": 0.12275083178565616, "fpem/counterfactual_risk_oracle_gap_closed": -1381.462668917328, "fpem/counterfactual_risk_delta_mean": -0.24821174300852275, "fpem/counterfactual_risk_target_inv_ratio": 0.20535714285714285, "fpem/counterfactual_risk_weight_env_sum": 8.07619038536435, "fpem/counterfactual_risk_weight_inv_sum": 7.9238094647725426, "fpem/counterfactual_risk_prediction_is_hard_route": 1.0, "fpem/counterfactual_risk_prediction_is_soft_fusion": 0.0, "fpem/counterfactual_risk_target_detached": 1.0, "fpem/counterfactual_risk_uses_threshold": 0.0, "fpem/counterfactual_risk_all_samples_used_for_router": 1.0, "fpem/hard_router_predicted_env_ratio": 0.6166666666666667, "fpem/hard_router_effective_env_ratio": 1.0, "fpem/hard_router_target_env_ratio": 0.7946428571428571, "fpem/hard_router_gain_mean": -0.24821174300852275, "fpem/expert_prediction_pairwise_difference": 0.0, "fpem/delta_pairwise_cosine": 0.0, "fpem/delta_pairwise_l1": 0.0, "fpem/delta_pairwise_l2": 0.0, "fpem/expert_0_parameter_norm": 14.882429122924805, "fpem/hard_binary_router_enabled": 0.0, "fpem/hard_router_uses_target_in_forward": 0.0, "fpem/stored_future_c_loaded": 0.0, "fpem/prediction_is_weighted_complete_fusion": 0.0, "fpem/prediction_is_hard_route": 1.0, "fpem/conservative_inv_override_enabled": 0.0, "fpem/conservative_router_features_detached": 1.0, "fpem/counterfactual_risk_router_enabled": 1.0, "fpem/counterfactual_risk_stage2_active_forward": 1.0, "fpem/counterfactual_risk_deploy_route_active": 0.0, "fpem/counterfactual_risk_training_uses_route": 0.0, "fpem/counterfactual_risk_forward_uses_threshold": 0.0, "fpem/future_mi_loss": 0.0, "fpem/future_mi_valid": 0.0, "fpem/future_mi_logvar_mean": 0.0, "fpem/future_mi_target_mode_env_encoder": 0.0, "fpem/swap_loss": 0.0, "fpem/swap_diff_loss": 0.0, "fpem/swap_same_loss": 0.0, "fpem/swap_gain_mean": 0.0, "fpem/swap_s_gain_mean": 0.0, "fpem/swap_fallback_router_loss": 0.0, "fpem/swap_fallback_q_mean": 0.0, "fpem/swap_prediction_delta": 0.0, "fpem/swap_route_delta": 0.0, "fpem/swap_hyper_alpha_delta": 0.0, "fpem/swap_hyper_delta_norm": 0.0, "fpem/loss_env_day": 0.0, "fpem/loss_env_hour": 0.0, "fpem/loss_env_rush": 0.0, "fpem/env_day_acc": 0.0, "fpem/env_hour_acc": 0.0, "fpem/env_rush_acc": 0.0, "fpem/loss_env_supcon": 0.0, "fpem/env_supcon_valid_pairs": 0.0, "fpem/loss_inv_env_adv": 0.0, "fpem/inv_day_acc": 0.0, "fpem/inv_hour_acc": 0.0, "fpem/inv_rush_acc": 0.0, "fpem/loss_cross_cov_sep": 0.0, "fpem/confounder_dep_enabled": 0.0, "fpem/confounder_dep_mode_gci": 0.0, "fpem/confounder_dep_mode_scd": 1.0, "fpem/confounder_dep_mode_both": 0.0, "fpem/confounder_dep_total": 0.0, "fpem/loss_gci": 0.0, "fpem/loss_gci_drop": 0.0, "fpem/loss_gci_keep": 0.0, "fpem/loss_gci_graph_align": 0.0, "fpem/loss_scd": 0.0, "fpem/loss_conf_kl": 0.0, "fpem/effective_gci_weight": 0.0, "fpem/effective_gci_graph_align_weight": 0.0, "fpem/effective_scd_weight": 0.0, "fpem/effective_conf_kl_weight": 0.0, "fpem/confounder_dep_ramp_factor": 0.0, "fpem/C_mean": 0.0, "fpem/C_std": 0.0, "fpem/C_norm": 0.0, "fpem/confounder_token_norm": 0.0, "fpem/confounder_variational": 0.0, "fpem/confounder_projection_trace": 0.0, "fpem/confounder_projection_ridge": 0.0, "fpem/confounder_projection_rank_dim": 0.0, "fpem/confounder_projection_calls": 0.0, "fpem/confounder_dep_detach_target": 0.0, "fpem/gci_nonedge_mass_before_C": 0.0, "fpem/gci_nonedge_mass_after_C": 0.0, "fpem/gci_nonedge_mass_reduction": 0.0, "fpem/gci_relative_violation": 0.0, "fpem/gci_edge_before_C": 0.0, "fpem/gci_edge_after_C": 0.0, "fpem/gci_nonedge_conn_before_C": 0.0, "fpem/gci_nonedge_conn_after_C": 0.0, "fpem/gci_nonedge_conn_reduction": 0.0, "fpem/gci_edge_conn_before_C": 0.0, "fpem/gci_edge_conn_after_C": 0.0, "fpem/gci_edge_conn_reduction": 0.0, "fpem/gci_nonedge_dep_before_C": 0.0, "fpem/gci_nonedge_dep_after_C": 0.0, "fpem/gci_nonedge_dep_reduction": 0.0, "fpem/gci_edge_dep_before_C": 0.0, "fpem/gci_edge_dep_after_C": 0.0, "fpem/gci_nonedge_count": 0.0, "fpem/gci_edge_count": 0.0, "fpem/gci_node_count": 0.0, "fpem/gci_node_vector_dim": 0.0, "fpem/gci_graph_embed_dim": 0.0, "fpem/gci_graph_embedding_norm_before": 0.0, "fpem/gci_graph_embedding_norm_after": 0.0, "fpem/gci_graph_embedding_std_before": 0.0, "fpem/gci_graph_embedding_std_after": 0.0, "fpem/gci_graph_adj_mean_before": 0.0, "fpem/gci_graph_adj_mean_after": 0.0, "fpem/gci_graph_adj_std_before": 0.0, "fpem/gci_graph_adj_std_after": 0.0, "fpem/gci_graph_align_weight": 0.0, "fpem/gci_graph_align_raw_mse": 0.0, "fpem/gci_graph_align_normalized": 0.0, "fpem/gci_edge_preserve_beta": 0.0, "fpem/gci_graph_align_target_available": 0.0, "fpem/gci_target_adj_mean": 0.0, "fpem/gci_target_adj_std": 0.0, "fpem/gci_target_edge_mean": 0.0, "fpem/gci_target_nonedge_mean": 0.0, "fpem/gci_target_diag_mean": 0.0, "fpem/gci_graph_align_updates_agcrn": 0.0, "fpem/gci_updates_graph_linear": 0.0, "fpem/gci_graph_construction_agcrn_softmax": 0.0, "fpem/scd_assoc_before_C": 0.0, "fpem/scd_assoc_after_C": 0.0, "fpem/scd_assoc_reduction": 0.0, "fpem/scd_relative_violation": 0.0, "fpem/sample_assoc_before_C": 0.0, "fpem/sample_assoc_after_C": 0.0, "fpem/sample_assoc_reduction": 0.0, "fpem/sample_dep_before_C": 0.0, "fpem/sample_dep_after_C": 0.0, "fpem/sample_dep_reduction": 0.0, "fpem/scd_batch_size": 0.0, "fpem/scd_sample_vector_dim": 0.0, "fpem/sample_kernel_alignment": 0.0, "fpem/scd_alignment_loss": 0.0, "fpem/load_level_experts_enabled": 1.0, "fpem/load_level_uses_target_or_future_load": 0.0, "fpem/environment_gate_uses_target_in_forward": 0.0, "fpem/load_level_env_residual_scale": 0.0, "fpem/uses_cached_observable_load_prior": 1.0, "fpem/primary_loss": 8.988660303751628, "fpem/inv_pred_loss": 9.218508883884974, "fpem/primary_uses_route": 1.0, "fpem/primary_uses_env_fusion": 0.0, "fpem/backbone_agcrn": 1.0, "fpem/backbone_graphwavenet": 0.0, "fpem/backbone_staeformer": 0.0, "fpem/gc_pred_loss_only": 1.0, "fpem/env_route_head_mode_hyper_proto": 1.0, "fpem/fpem_force_uniform_route": 0.0, "fpem/hard_prediction_sinkhorn_total_replaces_primary": 0.0, "fpem/hard_prediction_environment_sinkhorn_total_replaces_primary": 0.0, "fpem/warmup_risk_sinkhorn_total_replaces_primary": 0.0, "fpem/lambda_club_mi": 0.0}}
EPOCH {"epoch": 24, "train_loss": 1.3139882587251208, "val": {"loss": 11.798449198404947, "mae": 11.573728561401367, "mape": 0.18376171588897705}, "test_mixed": {"loss": NaN, "mae": NaN, "mape": NaN}, "test_workday": {"loss": NaN, "mae": NaN, "mape": NaN}, "test_holiday": {"loss": NaN, "mae": NaN, "mape": NaN}, "test_avg_mae": NaN, "best_selection_value": 11.798449198404947, "best_selection_split": "val", "best_selection_metric": "val_loss", "lr": 0.001, "fpem_logs": {"fpem/fpem_env_use_exogenous": 1.0, "fpem/env_exogenous_available": 1.0, "fpem/env_exogenous_time_available": 1.0, "fpem/env_exogenous_load_available": 1.0, "fpem/env_exogenous_feature_dim": 32.0, "fpem/env_exogenous_embedding_norm": 2.4949841363089424, "fpem/env_exogenous_load_embedding_norm": 1.6422675178164527, "fpem/fpem_env_use_period_context": 1.0, "fpem/env_period_context_available": 1.0, "fpem/env_period_day_available_ratio": 0.9732142857142857, "fpem/env_period_week_available_ratio": 0.8244047619047619, "fpem/env_period_context_feature_dim": 6.0, "fpem/env_period_context_scale": 0.10000000149011612, "fpem/env_period_context_delta_norm": 0.20782210812682197, "fpem/env_period_context_day_diff_norm": 0.16272705112184796, "fpem/env_period_context_week_diff_norm": 0.10188992608870778, "fpem/env_rep_ablation_normal": 1.0, "fpem/env_rep_ablation_zero": 0.0, "fpem/env_rep_ablation_shuffle_batch": 0.0, "fpem/env_rep_ablation_mode_id": 0.0, "fpem/mask_loss": 0.0, "fpem/mask_sparse_loss": 0.0, "fpem/mask_entropy_loss": 0.0, "fpem/mask_mean": 1.0, "fpem/mask_entropy": 0.0, "fpem/mask_active_ratio": 1.0, "fpem/fusion_alpha_mean": 0.0, "fpem/fusion_alpha_std": 0.0, "fpem/fusion_alpha_min": 0.0, "fpem/fusion_alpha_max": 0.0, "fpem/env_route_loss": 1.3139882587251208, "fpem/env_route_L_final": 8.989687070392428, "fpem/env_route_L_global": 0.0, "fpem/env_route_L_route_soft": 0.0, "fpem/env_route_L_expert": 9.41402530670166, "fpem/env_route_L_router_oracle": 1.3139882587251208, "fpem/env_route_L_balance": 0.0, "fpem/env_route_L_diverse": 0.0, "fpem/env_route_L_proto_align": 0.0, "fpem/env_route_entropy": 0.0, "fpem/env_route_q_max_mean": 0.0, "fpem/hyper_alpha_mean": 0.0, "fpem/hyper_delta_norm": 0.0, "fpem/hyper_route_proto_mode_uniform_warmup": 0.0, "fpem/hyper_route_proto_mode_uniform_fixed": 0.0, "fpem/hyper_route_proto_mode_sinkhorn": 0.0, "fpem/hyper_route_proto_mode_softmax": 0.0, "fpem/fallback_q_mean": 0.0, "fpem/fallback_q_max": 0.0, "fpem/env_q_sum_mean": 1.0, "fpem/oracle_fallback_rate": 0.0, "fpem/route_count_fallback": 0.0, "fpem/env_route_head_mode": 1.0, "fpem/route_entropy_mean": 0.0, "fpem/route_mean_distribution_entropy": 0.0, "fpem/effective_expert_number": 1.0, "fpem/max_expert_usage_ratio": 0.0, "fpem/min_expert_usage_ratio": 0.0, "fpem/prototype_pairwise_cosine": 0.0, "fpem/expert_prediction_pairwise_cosine": 0.0, "fpem/expert_collapse_warning": 0.0, "fpem/env_route_target_mode_env_prototype": 0.0, "fpem/env_route_target_mode_hybrid": 0.0, "fpem/env_route_hybrid_alpha": 0.0, "fpem/env_route_train_mode_warmup_risk_sinkhorn": 0.0, "fpem/warmup_risk_stage_warmup": 0.0, "fpem/warmup_risk_stage_soft": 0.0, "fpem/warmup_risk_stage_hard": 0.0, "fpem/warmup_risk_selected_loss": 0.0, "fpem/warmup_risk_uniform_common_loss": 0.0, "fpem/warmup_risk_lambda_common": 0.0, "fpem/warmup_risk_total_common_term": 0.0, "fpem/warmup_risk_temperature": 0.0, "fpem/warmup_risk_temperature_progress": 0.0, "fpem/uniform_expert_mae": 0.0, "fpem/risk_routed_mae": 0.0, "fpem/risk_prediction_mae": 0.0, "fpem/risk_loss": 0.0, "fpem/risk_ranking_loss": 0.0, "fpem/risk_ranking_accuracy": 0.0, "fpem/risk_oracle_argmin_accuracy": 0.0, "fpem/risk_router_temperature": 0.0, "fpem/risk_router_lambda": 0.0, "fpem/risk_router_pairwise_lambda": 0.0, "fpem/env_route_train_mode_progressive_gmm_environment": 0.0, "fpem/top_level_prediction_source_progressive_gmm_teacher_hard": 0.0, "fpem/progressive_assignment_uses_target_or_prediction_error": 0.0, "fpem/progressive_partition_ready": 0.0, "fpem/progressive_selected_k": 0.0, "fpem/progressive_active_expert_count": 0.0, "fpem/progressive_last_partition_epoch": 0.0, "fpem/progressive_lambda_common": 0.0, "fpem/progressive_common_term": 0.0, "fpem/progressive_compactness_loss": 0.0, "fpem/progressive_consistency_loss": 0.0, "fpem/progressive_cluster_entropy": 0.0, "fpem/progressive_assignment_change_ratio": 0.0, "fpem/progressive_hungarian_overlap_score": 0.0, "fpem/progressive_partition_update_time_sec": 0.0, "fpem/progressive_routed_mae": 0.0, "fpem/progressive_gmm_environment_total_replaces_primary": 0.0, "fpem/env_route_count_head_0": 16.0, "fpem/env_route_oracle_count_head_0": 16.0, "fpem/route_count_env_head_0": 16.0, "fpem/route_soft_mean_expert_0": 1.0, "fpem/route_hard_count_expert_0": 16.0, "fpem/hard_count_expert_0": 16.0, "fpem/sinkhorn_soft_col_mass_expert_0": 0.0, "fpem/progressive_active_expert_0": 0.0, "fpem/progressive_cluster_size_0": 0.0, "fpem/progressive_cluster_ratio_0": 0.0, "fpem/progressive_cluster_to_expert_0": 0.0, "fpem/progressive_bic_k1": 0.0, "fpem/progressive_bic_score_k1": 0.0, "fpem/progressive_bic_rejected_k1": 0.0, "fpem/hyper_alpha_head_0": 0.0, "fpem/hyper_gamma_norm_head_0": 0.0, "fpem/hyper_beta_norm_head_0": 0.0, "fpem/expert_cross_mae_group_0_expert_0": 9.41402530670166, "fpem/load_expert_loss": 9.41402530670166, "fpem/counterfactual_risk_router_loss": 1.3139882587251208, "fpem/counterfactual_risk_regression_loss": 0.9531567225853602, "fpem/counterfactual_risk_ranking_loss": 0.7216630782399859, "fpem/load_level_assignment_detached": 1.0, "fpem/load_level_count_0": 1680.0, "fpem/load_level_ratio_0": 1.0, "fpem/expert_0_global_loss": 9.41402530670166, "fpem/expert_0_selected_loss": 9.41402530670166, "fpem/counterfactual_risk_stage2_active": 1.0, "fpem/counterfactual_risk_stage2_start_epoch": 20.0, "fpem/counterfactual_risk_all_environment_mae": 9.41402530670166, "fpem/counterfactual_risk_all_invariant_mae": 9.662237498873756, "fpem/counterfactual_risk_routed_mae": 9.516549128577823, "fpem/counterfactual_risk_oracle_mae": 9.3780164037432, "fpem/counterfactual_risk_router_accuracy": 0.5446428571428571, "fpem/counterfactual_risk_router_balanced_accuracy": 0.5191568903979801, "fpem/counterfactual_risk_inv_route_ratio": 0.4380952380952381, "fpem/counterfactual_risk_env_route_ratio": 0.5619047619047619, "fpem/counterfactual_risk_inv_switch_precision": 0.22562321679932731, "fpem/counterfactual_risk_correct_inv_switches": 1.5047619047619047, "fpem/counterfactual_risk_harmful_inv_switches": 5.504761904761905, "fpem/counterfactual_risk_saved_loss": 0.01671198294276283, "fpem/counterfactual_risk_added_loss": 0.11923579403332302, "fpem/counterfactual_risk_net_gain": -0.10252382187616257, "fpem/counterfactual_risk_regret": 0.13853272483462378, "fpem/counterfactual_risk_oracle_gap_closed": -16.935190014754024, "fpem/counterfactual_risk_delta_mean": -0.24821221147264752, "fpem/counterfactual_risk_target_inv_ratio": 0.20535714285714285, "fpem/counterfactual_risk_weight_env_sum": 7.999999922797794, "fpem/counterfactual_risk_weight_inv_sum": 7.999999950045631, "fpem/counterfactual_risk_prediction_is_hard_route": 1.0, "fpem/counterfactual_risk_prediction_is_soft_fusion": 0.0, "fpem/counterfactual_risk_target_detached": 1.0, "fpem/counterfactual_risk_uses_threshold": 0.0, "fpem/counterfactual_risk_all_samples_used_for_router": 1.0, "fpem/hard_router_predicted_env_ratio": 0.5619047619047619, "fpem/hard_router_effective_env_ratio": 1.0, "fpem/hard_router_target_env_ratio": 0.7946428571428571, "fpem/hard_router_gain_mean": -0.24821221147264752, "fpem/expert_prediction_pairwise_difference": 0.0, "fpem/delta_pairwise_cosine": 0.0, "fpem/delta_pairwise_l1": 0.0, "fpem/delta_pairwise_l2": 0.0, "fpem/expert_0_parameter_norm": 14.882429122924805, "fpem/hard_binary_router_enabled": 0.0, "fpem/hard_router_uses_target_in_forward": 0.0, "fpem/stored_future_c_loaded": 0.0, "fpem/prediction_is_weighted_complete_fusion": 0.0, "fpem/prediction_is_hard_route": 1.0, "fpem/conservative_inv_override_enabled": 0.0, "fpem/conservative_router_features_detached": 1.0, "fpem/counterfactual_risk_router_enabled": 1.0, "fpem/counterfactual_risk_stage2_active_forward": 1.0, "fpem/counterfactual_risk_deploy_route_active": 0.0, "fpem/counterfactual_risk_training_uses_route": 0.0, "fpem/counterfactual_risk_forward_uses_threshold": 0.0, "fpem/future_mi_loss": 0.0, "fpem/future_mi_valid": 0.0, "fpem/future_mi_logvar_mean": 0.0, "fpem/future_mi_target_mode_env_encoder": 0.0, "fpem/swap_loss": 0.0, "fpem/swap_diff_loss": 0.0, "fpem/swap_same_loss": 0.0, "fpem/swap_gain_mean": 0.0, "fpem/swap_s_gain_mean": 0.0, "fpem/swap_fallback_router_loss": 0.0, "fpem/swap_fallback_q_mean": 0.0, "fpem/swap_prediction_delta": 0.0, "fpem/swap_route_delta": 0.0, "fpem/swap_hyper_alpha_delta": 0.0, "fpem/swap_hyper_delta_norm": 0.0, "fpem/loss_env_day": 0.0, "fpem/loss_env_hour": 0.0, "fpem/loss_env_rush": 0.0, "fpem/env_day_acc": 0.0, "fpem/env_hour_acc": 0.0, "fpem/env_rush_acc": 0.0, "fpem/loss_env_supcon": 0.0, "fpem/env_supcon_valid_pairs": 0.0, "fpem/loss_inv_env_adv": 0.0, "fpem/inv_day_acc": 0.0, "fpem/inv_hour_acc": 0.0, "fpem/inv_rush_acc": 0.0, "fpem/loss_cross_cov_sep": 0.0, "fpem/confounder_dep_enabled": 0.0, "fpem/confounder_dep_mode_gci": 0.0, "fpem/confounder_dep_mode_scd": 1.0, "fpem/confounder_dep_mode_both": 0.0, "fpem/confounder_dep_total": 0.0, "fpem/loss_gci": 0.0, "fpem/loss_gci_drop": 0.0, "fpem/loss_gci_keep": 0.0, "fpem/loss_gci_graph_align": 0.0, "fpem/loss_scd": 0.0, "fpem/loss_conf_kl": 0.0, "fpem/effective_gci_weight": 0.0, "fpem/effective_gci_graph_align_weight": 0.0, "fpem/effective_scd_weight": 0.0, "fpem/effective_conf_kl_weight": 0.0, "fpem/confounder_dep_ramp_factor": 0.0, "fpem/C_mean": 0.0, "fpem/C_std": 0.0, "fpem/C_norm": 0.0, "fpem/confounder_token_norm": 0.0, "fpem/confounder_variational": 0.0, "fpem/confounder_projection_trace": 0.0, "fpem/confounder_projection_ridge": 0.0, "fpem/confounder_projection_rank_dim": 0.0, "fpem/confounder_projection_calls": 0.0, "fpem/confounder_dep_detach_target": 0.0, "fpem/gci_nonedge_mass_before_C": 0.0, "fpem/gci_nonedge_mass_after_C": 0.0, "fpem/gci_nonedge_mass_reduction": 0.0, "fpem/gci_relative_violation": 0.0, "fpem/gci_edge_before_C": 0.0, "fpem/gci_edge_after_C": 0.0, "fpem/gci_nonedge_conn_before_C": 0.0, "fpem/gci_nonedge_conn_after_C": 0.0, "fpem/gci_nonedge_conn_reduction": 0.0, "fpem/gci_edge_conn_before_C": 0.0, "fpem/gci_edge_conn_after_C": 0.0, "fpem/gci_edge_conn_reduction": 0.0, "fpem/gci_nonedge_dep_before_C": 0.0, "fpem/gci_nonedge_dep_after_C": 0.0, "fpem/gci_nonedge_dep_reduction": 0.0, "fpem/gci_edge_dep_before_C": 0.0, "fpem/gci_edge_dep_after_C": 0.0, "fpem/gci_nonedge_count": 0.0, "fpem/gci_edge_count": 0.0, "fpem/gci_node_count": 0.0, "fpem/gci_node_vector_dim": 0.0, "fpem/gci_graph_embed_dim": 0.0, "fpem/gci_graph_embedding_norm_before": 0.0, "fpem/gci_graph_embedding_norm_after": 0.0, "fpem/gci_graph_embedding_std_before": 0.0, "fpem/gci_graph_embedding_std_after": 0.0, "fpem/gci_graph_adj_mean_before": 0.0, "fpem/gci_graph_adj_mean_after": 0.0, "fpem/gci_graph_adj_std_before": 0.0, "fpem/gci_graph_adj_std_after": 0.0, "fpem/gci_graph_align_weight": 0.0, "fpem/gci_graph_align_raw_mse": 0.0, "fpem/gci_graph_align_normalized": 0.0, "fpem/gci_edge_preserve_beta": 0.0, "fpem/gci_graph_align_target_available": 0.0, "fpem/gci_target_adj_mean": 0.0, "fpem/gci_target_adj_std": 0.0, "fpem/gci_target_edge_mean": 0.0, "fpem/gci_target_nonedge_mean": 0.0, "fpem/gci_target_diag_mean": 0.0, "fpem/gci_graph_align_updates_agcrn": 0.0, "fpem/gci_updates_graph_linear": 0.0, "fpem/gci_graph_construction_agcrn_softmax": 0.0, "fpem/scd_assoc_before_C": 0.0, "fpem/scd_assoc_after_C": 0.0, "fpem/scd_assoc_reduction": 0.0, "fpem/scd_relative_violation": 0.0, "fpem/sample_assoc_before_C": 0.0, "fpem/sample_assoc_after_C": 0.0, "fpem/sample_assoc_reduction": 0.0, "fpem/sample_dep_before_C": 0.0, "fpem/sample_dep_after_C": 0.0, "fpem/sample_dep_reduction": 0.0, "fpem/scd_batch_size": 0.0, "fpem/scd_sample_vector_dim": 0.0, "fpem/sample_kernel_alignment": 0.0, "fpem/scd_alignment_loss": 0.0, "fpem/load_level_experts_enabled": 1.0, "fpem/load_level_uses_target_or_future_load": 0.0, "fpem/environment_gate_uses_target_in_forward": 0.0, "fpem/load_level_env_residual_scale": 0.0, "fpem/uses_cached_observable_load_prior": 1.0, "fpem/primary_loss": 8.989687070392428, "fpem/inv_pred_loss": 9.219365033649263, "fpem/primary_uses_route": 1.0, "fpem/primary_uses_env_fusion": 0.0, "fpem/backbone_agcrn": 1.0, "fpem/backbone_graphwavenet": 0.0, "fpem/backbone_staeformer": 0.0, "fpem/gc_pred_loss_only": 1.0, "fpem/env_route_head_mode_hyper_proto": 1.0, "fpem/fpem_force_uniform_route": 0.0, "fpem/hard_prediction_sinkhorn_total_replaces_primary": 0.0, "fpem/hard_prediction_environment_sinkhorn_total_replaces_primary": 0.0, "fpem/warmup_risk_sinkhorn_total_replaces_primary": 0.0, "fpem/lambda_club_mi": 0.0}}
EPOCH {"epoch": 25, "train_loss": 1.2955765962600707, "val": {"loss": 11.797669887542725, "mae": 11.573437690734863, "mape": 0.18376345932483673}, "test_mixed": {"loss": NaN, "mae": NaN, "mape": NaN}, "test_workday": {"loss": NaN, "mae": NaN, "mape": NaN}, "test_holiday": {"loss": NaN, "mae": NaN, "mape": NaN}, "test_avg_mae": NaN, "best_selection_value": 11.797669887542725, "best_selection_split": "val", "best_selection_metric": "val_loss", "lr": 0.001, "fpem_logs": {"fpem/fpem_env_use_exogenous": 1.0, "fpem/env_exogenous_available": 1.0, "fpem/env_exogenous_time_available": 1.0, "fpem/env_exogenous_load_available": 1.0, "fpem/env_exogenous_feature_dim": 32.0, "fpem/env_exogenous_embedding_norm": 2.4949841385795954, "fpem/env_exogenous_load_embedding_norm": 1.6422675178164527, "fpem/fpem_env_use_period_context": 1.0, "fpem/env_period_context_available": 1.0, "fpem/env_period_day_available_ratio": 0.9732142857142857, "fpem/env_period_week_available_ratio": 0.8244047619047619, "fpem/env_period_context_feature_dim": 6.0, "fpem/env_period_context_scale": 0.10000000149011612, "fpem/env_period_context_delta_norm": 0.20782210883640106, "fpem/env_period_context_day_diff_norm": 0.16272705225717454, "fpem/env_period_context_week_diff_norm": 0.10188992715307645, "fpem/env_rep_ablation_normal": 1.0, "fpem/env_rep_ablation_zero": 0.0, "fpem/env_rep_ablation_shuffle_batch": 0.0, "fpem/env_rep_ablation_mode_id": 0.0, "fpem/mask_loss": 0.0, "fpem/mask_sparse_loss": 0.0, "fpem/mask_entropy_loss": 0.0, "fpem/mask_mean": 1.0, "fpem/mask_entropy": 0.0, "fpem/mask_active_ratio": 1.0, "fpem/fusion_alpha_mean": 0.0, "fpem/fusion_alpha_std": 0.0, "fpem/fusion_alpha_min": 0.0, "fpem/fusion_alpha_max": 0.0, "fpem/env_route_loss": 1.2955765962600707, "fpem/env_route_L_final": 8.985742046719505, "fpem/env_route_L_global": 0.0, "fpem/env_route_L_route_soft": 0.0, "fpem/env_route_L_expert": 9.414025883447556, "fpem/env_route_L_router_oracle": 1.2955765962600707, "fpem/env_route_L_balance": 0.0, "fpem/env_route_L_diverse": 0.0, "fpem/env_route_L_proto_align": 0.0, "fpem/env_route_entropy": 0.0, "fpem/env_route_q_max_mean": 0.0, "fpem/hyper_alpha_mean": 0.0, "fpem/hyper_delta_norm": 0.0, "fpem/hyper_route_proto_mode_uniform_warmup": 0.0, "fpem/hyper_route_proto_mode_uniform_fixed": 0.0, "fpem/hyper_route_proto_mode_sinkhorn": 0.0, "fpem/hyper_route_proto_mode_softmax": 0.0, "fpem/fallback_q_mean": 0.0, "fpem/fallback_q_max": 0.0, "fpem/env_q_sum_mean": 1.0, "fpem/oracle_fallback_rate": 0.0, "fpem/route_count_fallback": 0.0, "fpem/env_route_head_mode": 1.0, "fpem/route_entropy_mean": 0.0, "fpem/route_mean_distribution_entropy": 0.0, "fpem/effective_expert_number": 1.0, "fpem/max_expert_usage_ratio": 0.0, "fpem/min_expert_usage_ratio": 0.0, "fpem/prototype_pairwise_cosine": 0.0, "fpem/expert_prediction_pairwise_cosine": 0.0, "fpem/expert_collapse_warning": 0.0, "fpem/env_route_target_mode_env_prototype": 0.0, "fpem/env_route_target_mode_hybrid": 0.0, "fpem/env_route_hybrid_alpha": 0.0, "fpem/env_route_train_mode_warmup_risk_sinkhorn": 0.0, "fpem/warmup_risk_stage_warmup": 0.0, "fpem/warmup_risk_stage_soft": 0.0, "fpem/warmup_risk_stage_hard": 0.0, "fpem/warmup_risk_selected_loss": 0.0, "fpem/warmup_risk_uniform_common_loss": 0.0, "fpem/warmup_risk_lambda_common": 0.0, "fpem/warmup_risk_total_common_term": 0.0, "fpem/warmup_risk_temperature": 0.0, "fpem/warmup_risk_temperature_progress": 0.0, "fpem/uniform_expert_mae": 0.0, "fpem/risk_routed_mae": 0.0, "fpem/risk_prediction_mae": 0.0, "fpem/risk_loss": 0.0, "fpem/risk_ranking_loss": 0.0, "fpem/risk_ranking_accuracy": 0.0, "fpem/risk_oracle_argmin_accuracy": 0.0, "fpem/risk_router_temperature": 0.0, "fpem/risk_router_lambda": 0.0, "fpem/risk_router_pairwise_lambda": 0.0, "fpem/env_route_train_mode_progressive_gmm_environment": 0.0, "fpem/top_level_prediction_source_progressive_gmm_teacher_hard": 0.0, "fpem/progressive_assignment_uses_target_or_prediction_error": 0.0, "fpem/progressive_partition_ready": 0.0, "fpem/progressive_selected_k": 0.0, "fpem/progressive_active_expert_count": 0.0, "fpem/progressive_last_partition_epoch": 0.0, "fpem/progressive_lambda_common": 0.0, "fpem/progressive_common_term": 0.0, "fpem/progressive_compactness_loss": 0.0, "fpem/progressive_consistency_loss": 0.0, "fpem/progressive_cluster_entropy": 0.0, "fpem/progressive_assignment_change_ratio": 0.0, "fpem/progressive_hungarian_overlap_score": 0.0, "fpem/progressive_partition_update_time_sec": 0.0, "fpem/progressive_routed_mae": 0.0, "fpem/progressive_gmm_environment_total_replaces_primary": 0.0, "fpem/env_route_count_head_0": 16.0, "fpem/env_route_oracle_count_head_0": 16.0, "fpem/route_count_env_head_0": 16.0, "fpem/route_soft_mean_expert_0": 1.0, "fpem/route_hard_count_expert_0": 16.0, "fpem/hard_count_expert_0": 16.0, "fpem/sinkhorn_soft_col_mass_expert_0": 0.0, "fpem/progressive_active_expert_0": 0.0, "fpem/progressive_cluster_size_0": 0.0, "fpem/progressive_cluster_ratio_0": 0.0, "fpem/progressive_cluster_to_expert_0": 0.0, "fpem/progressive_bic_k1": 0.0, "fpem/progressive_bic_score_k1": 0.0, "fpem/progressive_bic_rejected_k1": 0.0, "fpem/hyper_alpha_head_0": 0.0, "fpem/hyper_gamma_norm_head_0": 0.0, "fpem/hyper_beta_norm_head_0": 0.0, "fpem/expert_cross_mae_group_0_expert_0": 9.414025883447556, "fpem/load_expert_loss": 9.414025883447556, "fpem/counterfactual_risk_router_loss": 1.2955765962600707, "fpem/counterfactual_risk_regression_loss": 0.9353776596841358, "fpem/counterfactual_risk_ranking_loss": 0.7203978723003751, "fpem/load_level_assignment_detached": 1.0, "fpem/load_level_count_0": 1680.0, "fpem/load_level_ratio_0": 1.0, "fpem/expert_0_global_loss": 9.414025883447556, "fpem/expert_0_selected_loss": 9.414025883447556, "fpem/counterfactual_risk_stage2_active": 1.0, "fpem/counterfactual_risk_stage2_start_epoch": 20.0, "fpem/counterfactual_risk_all_environment_mae": 9.414025883447556, "fpem/counterfactual_risk_all_invariant_mae": 9.662237471625918, "fpem/counterfactual_risk_routed_mae": 9.512104402269635, "fpem/counterfactual_risk_oracle_mae": 9.378016907828195, "fpem/counterfactual_risk_router_accuracy": 0.5410714285714285, "fpem/counterfactual_risk_router_balanced_accuracy": 0.511810885866483, "fpem/counterfactual_risk_inv_route_ratio": 0.4357142857142857, "fpem/counterfactual_risk_env_route_ratio": 0.5642857142857143, "fpem/counterfactual_risk_inv_switch_precision": 0.21332823627051853, "fpem/counterfactual_risk_correct_inv_switches": 1.457142857142857, "fpem/counterfactual_risk_harmful_inv_switches": 5.514285714285714, "fpem/counterfactual_risk_saved_loss": 0.016741237328166052, "fpem/counterfactual_risk_added_loss": 0.11481977630229223, "fpem/counterfactual_risk_net_gain": -0.09807851882207962, "fpem/counterfactual_risk_regret": 0.13408749444144114, "fpem/counterfactual_risk_oracle_gap_closed": -2367.61414619937, "fpem/counterfactual_risk_delta_mean": -0.2482116455123538, "fpem/counterfactual_risk_target_inv_ratio": 0.20535714285714285, "fpem/counterfactual_risk_weight_env_sum": 8.076190394446963, "fpem/counterfactual_risk_weight_inv_sum": 7.9238094738551546, "fpem/counterfactual_risk_prediction_is_hard_route": 1.0, "fpem/counterfactual_risk_prediction_is_soft_fusion": 0.0, "fpem/counterfactual_risk_target_detached": 1.0, "fpem/counterfactual_risk_uses_threshold": 0.0, "fpem/counterfactual_risk_all_samples_used_for_router": 1.0, "fpem/hard_router_predicted_env_ratio": 0.5642857142857143, "fpem/hard_router_effective_env_ratio": 1.0, "fpem/hard_router_target_env_ratio": 0.7946428571428571, "fpem/hard_router_gain_mean": -0.2482116455123538, "fpem/expert_prediction_pairwise_difference": 0.0, "fpem/delta_pairwise_cosine": 0.0, "fpem/delta_pairwise_l1": 0.0, "fpem/delta_pairwise_l2": 0.0, "fpem/expert_0_parameter_norm": 14.882429122924805, "fpem/hard_binary_router_enabled": 0.0, "fpem/hard_router_uses_target_in_forward": 0.0, "fpem/stored_future_c_loaded": 0.0, "fpem/prediction_is_weighted_complete_fusion": 0.0, "fpem/prediction_is_hard_route": 1.0, "fpem/conservative_inv_override_enabled": 0.0, "fpem/conservative_router_features_detached": 1.0, "fpem/counterfactual_risk_router_enabled": 1.0, "fpem/counterfactual_risk_stage2_active_forward": 1.0, "fpem/counterfactual_risk_deploy_route_active": 0.0, "fpem/counterfactual_risk_training_uses_route": 0.0, "fpem/counterfactual_risk_forward_uses_threshold": 0.0, "fpem/future_mi_loss": 0.0, "fpem/future_mi_valid": 0.0, "fpem/future_mi_logvar_mean": 0.0, "fpem/future_mi_target_mode_env_encoder": 0.0, "fpem/swap_loss": 0.0, "fpem/swap_diff_loss": 0.0, "fpem/swap_same_loss": 0.0, "fpem/swap_gain_mean": 0.0, "fpem/swap_s_gain_mean": 0.0, "fpem/swap_fallback_router_loss": 0.0, "fpem/swap_fallback_q_mean": 0.0, "fpem/swap_prediction_delta": 0.0, "fpem/swap_route_delta": 0.0, "fpem/swap_hyper_alpha_delta": 0.0, "fpem/swap_hyper_delta_norm": 0.0, "fpem/loss_env_day": 0.0, "fpem/loss_env_hour": 0.0, "fpem/loss_env_rush": 0.0, "fpem/env_day_acc": 0.0, "fpem/env_hour_acc": 0.0, "fpem/env_rush_acc": 0.0, "fpem/loss_env_supcon": 0.0, "fpem/env_supcon_valid_pairs": 0.0, "fpem/loss_inv_env_adv": 0.0, "fpem/inv_day_acc": 0.0, "fpem/inv_hour_acc": 0.0, "fpem/inv_rush_acc": 0.0, "fpem/loss_cross_cov_sep": 0.0, "fpem/confounder_dep_enabled": 0.0, "fpem/confounder_dep_mode_gci": 0.0, "fpem/confounder_dep_mode_scd": 1.0, "fpem/confounder_dep_mode_both": 0.0, "fpem/confounder_dep_total": 0.0, "fpem/loss_gci": 0.0, "fpem/loss_gci_drop": 0.0, "fpem/loss_gci_keep": 0.0, "fpem/loss_gci_graph_align": 0.0, "fpem/loss_scd": 0.0, "fpem/loss_conf_kl": 0.0, "fpem/effective_gci_weight": 0.0, "fpem/effective_gci_graph_align_weight": 0.0, "fpem/effective_scd_weight": 0.0, "fpem/effective_conf_kl_weight": 0.0, "fpem/confounder_dep_ramp_factor": 0.0, "fpem/C_mean": 0.0, "fpem/C_std": 0.0, "fpem/C_norm": 0.0, "fpem/confounder_token_norm": 0.0, "fpem/confounder_variational": 0.0, "fpem/confounder_projection_trace": 0.0, "fpem/confounder_projection_ridge": 0.0, "fpem/confounder_projection_rank_dim": 0.0, "fpem/confounder_projection_calls": 0.0, "fpem/confounder_dep_detach_target": 0.0, "fpem/gci_nonedge_mass_before_C": 0.0, "fpem/gci_nonedge_mass_after_C": 0.0, "fpem/gci_nonedge_mass_reduction": 0.0, "fpem/gci_relative_violation": 0.0, "fpem/gci_edge_before_C": 0.0, "fpem/gci_edge_after_C": 0.0, "fpem/gci_nonedge_conn_before_C": 0.0, "fpem/gci_nonedge_conn_after_C": 0.0, "fpem/gci_nonedge_conn_reduction": 0.0, "fpem/gci_edge_conn_before_C": 0.0, "fpem/gci_edge_conn_after_C": 0.0, "fpem/gci_edge_conn_reduction": 0.0, "fpem/gci_nonedge_dep_before_C": 0.0, "fpem/gci_nonedge_dep_after_C": 0.0, "fpem/gci_nonedge_dep_reduction": 0.0, "fpem/gci_edge_dep_before_C": 0.0, "fpem/gci_edge_dep_after_C": 0.0, "fpem/gci_nonedge_count": 0.0, "fpem/gci_edge_count": 0.0, "fpem/gci_node_count": 0.0, "fpem/gci_node_vector_dim": 0.0, "fpem/gci_graph_embed_dim": 0.0, "fpem/gci_graph_embedding_norm_before": 0.0, "fpem/gci_graph_embedding_norm_after": 0.0, "fpem/gci_graph_embedding_std_before": 0.0, "fpem/gci_graph_embedding_std_after": 0.0, "fpem/gci_graph_adj_mean_before": 0.0, "fpem/gci_graph_adj_mean_after": 0.0, "fpem/gci_graph_adj_std_before": 0.0, "fpem/gci_graph_adj_std_after": 0.0, "fpem/gci_graph_align_weight": 0.0, "fpem/gci_graph_align_raw_mse": 0.0, "fpem/gci_graph_align_normalized": 0.0, "fpem/gci_edge_preserve_beta": 0.0, "fpem/gci_graph_align_target_available": 0.0, "fpem/gci_target_adj_mean": 0.0, "fpem/gci_target_adj_std": 0.0, "fpem/gci_target_edge_mean": 0.0, "fpem/gci_target_nonedge_mean": 0.0, "fpem/gci_target_diag_mean": 0.0, "fpem/gci_graph_align_updates_agcrn": 0.0, "fpem/gci_updates_graph_linear": 0.0, "fpem/gci_graph_construction_agcrn_softmax": 0.0, "fpem/scd_assoc_before_C": 0.0, "fpem/scd_assoc_after_C": 0.0, "fpem/scd_assoc_reduction": 0.0, "fpem/scd_relative_violation": 0.0, "fpem/sample_assoc_before_C": 0.0, "fpem/sample_assoc_after_C": 0.0, "fpem/sample_assoc_reduction": 0.0, "fpem/sample_dep_before_C": 0.0, "fpem/sample_dep_after_C": 0.0, "fpem/sample_dep_reduction": 0.0, "fpem/scd_batch_size": 0.0, "fpem/scd_sample_vector_dim": 0.0, "fpem/sample_kernel_alignment": 0.0, "fpem/scd_alignment_loss": 0.0, "fpem/load_level_experts_enabled": 1.0, "fpem/load_level_uses_target_or_future_load": 0.0, "fpem/environment_gate_uses_target_in_forward": 0.0, "fpem/load_level_env_residual_scale": 0.0, "fpem/uses_cached_observable_load_prior": 1.0, "fpem/primary_loss": 8.985742046719505, "fpem/inv_pred_loss": 9.215686080569313, "fpem/primary_uses_route": 1.0, "fpem/primary_uses_env_fusion": 0.0, "fpem/backbone_agcrn": 1.0, "fpem/backbone_graphwavenet": 0.0, "fpem/backbone_staeformer": 0.0, "fpem/gc_pred_loss_only": 1.0, "fpem/env_route_head_mode_hyper_proto": 1.0, "fpem/fpem_force_uniform_route": 0.0, "fpem/hard_prediction_sinkhorn_total_replaces_primary": 0.0, "fpem/hard_prediction_environment_sinkhorn_total_replaces_primary": 0.0, "fpem/warmup_risk_sinkhorn_total_replaces_primary": 0.0, "fpem/lambda_club_mi": 0.0}}
EPOCH {"epoch": 26, "train_loss": 1.2747178043637957, "val": {"loss": 11.817079888449776, "mae": 11.595840454101562, "mape": 0.18530210852622986}, "test_mixed": {"loss": NaN, "mae": NaN, "mape": NaN}, "test_workday": {"loss": NaN, "mae": NaN, "mape": NaN}, "test_holiday": {"loss": NaN, "mae": NaN, "mape": NaN}, "test_avg_mae": NaN, "best_selection_value": 11.817079888449776, "best_selection_split": "val", "best_selection_metric": "val_loss", "lr": 0.001, "fpem_logs": {"fpem/fpem_env_use_exogenous": 1.0, "fpem/env_exogenous_available": 1.0, "fpem/env_exogenous_time_available": 1.0, "fpem/env_exogenous_load_available": 1.0, "fpem/env_exogenous_feature_dim": 32.0, "fpem/env_exogenous_embedding_norm": 2.494984115873064, "fpem/env_exogenous_load_embedding_norm": 1.642267522357759, "fpem/fpem_env_use_period_context": 1.0, "fpem/env_period_context_available": 1.0, "fpem/env_period_day_available_ratio": 0.9732142857142857, "fpem/env_period_week_available_ratio": 0.8244047619047619, "fpem/env_period_context_feature_dim": 6.0, "fpem/env_period_context_scale": 0.10000000149011612, "fpem/env_period_context_delta_norm": 0.2078221082687378, "fpem/env_period_context_day_diff_norm": 0.16272705183142708, "fpem/env_period_context_week_diff_norm": 0.10188992715307645, "fpem/env_rep_ablation_normal": 1.0, "fpem/env_rep_ablation_zero": 0.0, "fpem/env_rep_ablation_shuffle_batch": 0.0, "fpem/env_rep_ablation_mode_id": 0.0, "fpem/mask_loss": 0.0, "fpem/mask_sparse_loss": 0.0, "fpem/mask_entropy_loss": 0.0, "fpem/mask_mean": 1.0, "fpem/mask_entropy": 0.0, "fpem/mask_active_ratio": 1.0, "fpem/fusion_alpha_mean": 0.0, "fpem/fusion_alpha_std": 0.0, "fpem/fusion_alpha_min": 0.0, "fpem/fusion_alpha_max": 0.0, "fpem/env_route_loss": 1.2747178043637957, "fpem/env_route_L_final": 8.99311727796282, "fpem/env_route_L_global": 0.0, "fpem/env_route_L_route_soft": 0.0, "fpem/env_route_L_expert": 9.414026319412958, "fpem/env_route_L_router_oracle": 1.2747178043637957, "fpem/env_route_L_balance": 0.0, "fpem/env_route_L_diverse": 0.0, "fpem/env_route_L_proto_align": 0.0, "fpem/env_route_entropy": 0.0, "fpem/env_route_q_max_mean": 0.0, "fpem/hyper_alpha_mean": 0.0, "fpem/hyper_delta_norm": 0.0, "fpem/hyper_route_proto_mode_uniform_warmup": 0.0, "fpem/hyper_route_proto_mode_uniform_fixed": 0.0, "fpem/hyper_route_proto_mode_sinkhorn": 0.0, "fpem/hyper_route_proto_mode_softmax": 0.0, "fpem/fallback_q_mean": 0.0, "fpem/fallback_q_max": 0.0, "fpem/env_q_sum_mean": 1.0, "fpem/oracle_fallback_rate": 0.0, "fpem/route_count_fallback": 0.0, "fpem/env_route_head_mode": 1.0, "fpem/route_entropy_mean": 0.0, "fpem/route_mean_distribution_entropy": 0.0, "fpem/effective_expert_number": 1.0, "fpem/max_expert_usage_ratio": 0.0, "fpem/min_expert_usage_ratio": 0.0, "fpem/prototype_pairwise_cosine": 0.0, "fpem/expert_prediction_pairwise_cosine": 0.0, "fpem/expert_collapse_warning": 0.0, "fpem/env_route_target_mode_env_prototype": 0.0, "fpem/env_route_target_mode_hybrid": 0.0, "fpem/env_route_hybrid_alpha": 0.0, "fpem/env_route_train_mode_warmup_risk_sinkhorn": 0.0, "fpem/warmup_risk_stage_warmup": 0.0, "fpem/warmup_risk_stage_soft": 0.0, "fpem/warmup_risk_stage_hard": 0.0, "fpem/warmup_risk_selected_loss": 0.0, "fpem/warmup_risk_uniform_common_loss": 0.0, "fpem/warmup_risk_lambda_common": 0.0, "fpem/warmup_risk_total_common_term": 0.0, "fpem/warmup_risk_temperature": 0.0, "fpem/warmup_risk_temperature_progress": 0.0, "fpem/uniform_expert_mae": 0.0, "fpem/risk_routed_mae": 0.0, "fpem/risk_prediction_mae": 0.0, "fpem/risk_loss": 0.0, "fpem/risk_ranking_loss": 0.0, "fpem/risk_ranking_accuracy": 0.0, "fpem/risk_oracle_argmin_accuracy": 0.0, "fpem/risk_router_temperature": 0.0, "fpem/risk_router_lambda": 0.0, "fpem/risk_router_pairwise_lambda": 0.0, "fpem/env_route_train_mode_progressive_gmm_environment": 0.0, "fpem/top_level_prediction_source_progressive_gmm_teacher_hard": 0.0, "fpem/progressive_assignment_uses_target_or_prediction_error": 0.0, "fpem/progressive_partition_ready": 0.0, "fpem/progressive_selected_k": 0.0, "fpem/progressive_active_expert_count": 0.0, "fpem/progressive_last_partition_epoch": 0.0, "fpem/progressive_lambda_common": 0.0, "fpem/progressive_common_term": 0.0, "fpem/progressive_compactness_loss": 0.0, "fpem/progressive_consistency_loss": 0.0, "fpem/progressive_cluster_entropy": 0.0, "fpem/progressive_assignment_change_ratio": 0.0, "fpem/progressive_hungarian_overlap_score": 0.0, "fpem/progressive_partition_update_time_sec": 0.0, "fpem/progressive_routed_mae": 0.0, "fpem/progressive_gmm_environment_total_replaces_primary": 0.0, "fpem/env_route_count_head_0": 16.0, "fpem/env_route_oracle_count_head_0": 16.0, "fpem/route_count_env_head_0": 16.0, "fpem/route_soft_mean_expert_0": 1.0, "fpem/route_hard_count_expert_0": 16.0, "fpem/hard_count_expert_0": 16.0, "fpem/sinkhorn_soft_col_mass_expert_0": 0.0, "fpem/progressive_active_expert_0": 0.0, "fpem/progressive_cluster_size_0": 0.0, "fpem/progressive_cluster_ratio_0": 0.0, "fpem/progressive_cluster_to_expert_0": 0.0, "fpem/progressive_bic_k1": 0.0, "fpem/progressive_bic_score_k1": 0.0, "fpem/progressive_bic_rejected_k1": 0.0, "fpem/hyper_alpha_head_0": 0.0, "fpem/hyper_gamma_norm_head_0": 0.0, "fpem/hyper_beta_norm_head_0": 0.0, "fpem/expert_cross_mae_group_0_expert_0": 9.414026319412958, "fpem/load_expert_loss": 9.414026319412958, "fpem/counterfactual_risk_router_loss": 1.2747178043637957, "fpem/counterfactual_risk_regression_loss": 0.9190535697199049, "fpem/counterfactual_risk_ranking_loss": 0.7113284718422662, "fpem/load_level_assignment_detached": 1.0, "fpem/load_level_count_0": 1680.0, "fpem/load_level_ratio_0": 1.0, "fpem/expert_0_global_loss": 9.414026319412958, "fpem/expert_0_selected_loss": 9.414026319412958, "fpem/counterfactual_risk_stage2_active": 1.0, "fpem/counterfactual_risk_stage2_start_epoch": 20.0, "fpem/counterfactual_risk_all_environment_mae": 9.414026319412958, "fpem/counterfactual_risk_all_invariant_mae": 9.6622375306629, "fpem/counterfactual_risk_routed_mae": 9.514614586603074, "fpem/counterfactual_risk_oracle_mae": 9.378017366500128, "fpem/counterfactual_risk_router_accuracy": 0.55, "fpem/counterfactual_risk_router_balanced_accuracy": 0.5214104804254713, "fpem/counterfactual_risk_inv_route_ratio": 0.42916666666666664, "fpem/counterfactual_risk_env_route_ratio": 0.5708333333333333, "fpem/counterfactual_risk_inv_switch_precision": 0.20765705513102667, "fpem/counterfactual_risk_correct_inv_switches": 1.4761904761904763, "fpem/counterfactual_risk_harmful_inv_switches": 5.390476190476191, "fpem/counterfactual_risk_saved_loss": 0.015250876829737709, "fpem/counterfactual_risk_added_loss": 0.11583915480545588, "fpem/counterfactual_risk_net_gain": -0.1005882671901158, "fpem/counterfactual_risk_regret": 0.13659722010294598, "fpem/counterfactual_risk_oracle_gap_closed": -336.793210997397, "fpem/counterfactual_risk_delta_mean": -0.24821118400210426, "fpem/counterfactual_risk_target_inv_ratio": 0.20535714285714285, "fpem/counterfactual_risk_weight_env_sum": 8.076190380823045, "fpem/counterfactual_risk_weight_inv_sum": 7.923809451148624, "fpem/counterfactual_risk_prediction_is_hard_route": 1.0, "fpem/counterfactual_risk_prediction_is_soft_fusion": 0.0, "fpem/counterfactual_risk_target_detached": 1.0, "fpem/counterfactual_risk_uses_threshold": 0.0, "fpem/counterfactual_risk_all_samples_used_for_router": 1.0, "fpem/hard_router_predicted_env_ratio": 0.5708333333333333, "fpem/hard_router_effective_env_ratio": 1.0, "fpem/hard_router_target_env_ratio": 0.7946428571428571, "fpem/hard_router_gain_mean": -0.24821118400210426, "fpem/expert_prediction_pairwise_difference": 0.0, "fpem/delta_pairwise_cosine": 0.0, "fpem/delta_pairwise_l1": 0.0, "fpem/delta_pairwise_l2": 0.0, "fpem/expert_0_parameter_norm": 14.882429122924805, "fpem/hard_binary_router_enabled": 0.0, "fpem/hard_router_uses_target_in_forward": 0.0, "fpem/stored_future_c_loaded": 0.0, "fpem/prediction_is_weighted_complete_fusion": 0.0, "fpem/prediction_is_hard_route": 1.0, "fpem/conservative_inv_override_enabled": 0.0, "fpem/conservative_router_features_detached": 1.0, "fpem/counterfactual_risk_router_enabled": 1.0, "fpem/counterfactual_risk_stage2_active_forward": 1.0, "fpem/counterfactual_risk_deploy_route_active": 0.0, "fpem/counterfactual_risk_training_uses_route": 0.0, "fpem/counterfactual_risk_forward_uses_threshold": 0.0, "fpem/future_mi_loss": 0.0, "fpem/future_mi_valid": 0.0, "fpem/future_mi_logvar_mean": 0.0, "fpem/future_mi_target_mode_env_encoder": 0.0, "fpem/swap_loss": 0.0, "fpem/swap_diff_loss": 0.0, "fpem/swap_same_loss": 0.0, "fpem/swap_gain_mean": 0.0, "fpem/swap_s_gain_mean": 0.0, "fpem/swap_fallback_router_loss": 0.0, "fpem/swap_fallback_q_mean": 0.0, "fpem/swap_prediction_delta": 0.0, "fpem/swap_route_delta": 0.0, "fpem/swap_hyper_alpha_delta": 0.0, "fpem/swap_hyper_delta_norm": 0.0, "fpem/loss_env_day": 0.0, "fpem/loss_env_hour": 0.0, "fpem/loss_env_rush": 0.0, "fpem/env_day_acc": 0.0, "fpem/env_hour_acc": 0.0, "fpem/env_rush_acc": 0.0, "fpem/loss_env_supcon": 0.0, "fpem/env_supcon_valid_pairs": 0.0, "fpem/loss_inv_env_adv": 0.0, "fpem/inv_day_acc": 0.0, "fpem/inv_hour_acc": 0.0, "fpem/inv_rush_acc": 0.0, "fpem/loss_cross_cov_sep": 0.0, "fpem/confounder_dep_enabled": 0.0, "fpem/confounder_dep_mode_gci": 0.0, "fpem/confounder_dep_mode_scd": 1.0, "fpem/confounder_dep_mode_both": 0.0, "fpem/confounder_dep_total": 0.0, "fpem/loss_gci": 0.0, "fpem/loss_gci_drop": 0.0, "fpem/loss_gci_keep": 0.0, "fpem/loss_gci_graph_align": 0.0, "fpem/loss_scd": 0.0, "fpem/loss_conf_kl": 0.0, "fpem/effective_gci_weight": 0.0, "fpem/effective_gci_graph_align_weight": 0.0, "fpem/effective_scd_weight": 0.0, "fpem/effective_conf_kl_weight": 0.0, "fpem/confounder_dep_ramp_factor": 0.0, "fpem/C_mean": 0.0, "fpem/C_std": 0.0, "fpem/C_norm": 0.0, "fpem/confounder_token_norm": 0.0, "fpem/confounder_variational": 0.0, "fpem/confounder_projection_trace": 0.0, "fpem/confounder_projection_ridge": 0.0, "fpem/confounder_projection_rank_dim": 0.0, "fpem/confounder_projection_calls": 0.0, "fpem/confounder_dep_detach_target": 0.0, "fpem/gci_nonedge_mass_before_C": 0.0, "fpem/gci_nonedge_mass_after_C": 0.0, "fpem/gci_nonedge_mass_reduction": 0.0, "fpem/gci_relative_violation": 0.0, "fpem/gci_edge_before_C": 0.0, "fpem/gci_edge_after_C": 0.0, "fpem/gci_nonedge_conn_before_C": 0.0, "fpem/gci_nonedge_conn_after_C": 0.0, "fpem/gci_nonedge_conn_reduction": 0.0, "fpem/gci_edge_conn_before_C": 0.0, "fpem/gci_edge_conn_after_C": 0.0, "fpem/gci_edge_conn_reduction": 0.0, "fpem/gci_nonedge_dep_before_C": 0.0, "fpem/gci_nonedge_dep_after_C": 0.0, "fpem/gci_nonedge_dep_reduction": 0.0, "fpem/gci_edge_dep_before_C": 0.0, "fpem/gci_edge_dep_after_C": 0.0, "fpem/gci_nonedge_count": 0.0, "fpem/gci_edge_count": 0.0, "fpem/gci_node_count": 0.0, "fpem/gci_node_vector_dim": 0.0, "fpem/gci_graph_embed_dim": 0.0, "fpem/gci_graph_embedding_norm_before": 0.0, "fpem/gci_graph_embedding_norm_after": 0.0, "fpem/gci_graph_embedding_std_before": 0.0, "fpem/gci_graph_embedding_std_after": 0.0, "fpem/gci_graph_adj_mean_before": 0.0, "fpem/gci_graph_adj_mean_after": 0.0, "fpem/gci_graph_adj_std_before": 0.0, "fpem/gci_graph_adj_std_after": 0.0, "fpem/gci_graph_align_weight": 0.0, "fpem/gci_graph_align_raw_mse": 0.0, "fpem/gci_graph_align_normalized": 0.0, "fpem/gci_edge_preserve_beta": 0.0, "fpem/gci_graph_align_target_available": 0.0, "fpem/gci_target_adj_mean": 0.0, "fpem/gci_target_adj_std": 0.0, "fpem/gci_target_edge_mean": 0.0, "fpem/gci_target_nonedge_mean": 0.0, "fpem/gci_target_diag_mean": 0.0, "fpem/gci_graph_align_updates_agcrn": 0.0, "fpem/gci_updates_graph_linear": 0.0, "fpem/gci_graph_construction_agcrn_softmax": 0.0, "fpem/scd_assoc_before_C": 0.0, "fpem/scd_assoc_after_C": 0.0, "fpem/scd_assoc_reduction": 0.0, "fpem/scd_relative_violation": 0.0, "fpem/sample_assoc_before_C": 0.0, "fpem/sample_assoc_after_C": 0.0, "fpem/sample_assoc_reduction": 0.0, "fpem/sample_dep_before_C": 0.0, "fpem/sample_dep_after_C": 0.0, "fpem/sample_dep_reduction": 0.0, "fpem/scd_batch_size": 0.0, "fpem/scd_sample_vector_dim": 0.0, "fpem/sample_kernel_alignment": 0.0, "fpem/scd_alignment_loss": 0.0, "fpem/load_level_experts_enabled": 1.0, "fpem/load_level_uses_target_or_future_load": 0.0, "fpem/environment_gate_uses_target_in_forward": 0.0, "fpem/load_level_env_residual_scale": 0.0, "fpem/uses_cached_observable_load_prior": 1.0, "fpem/primary_loss": 8.99311727796282, "fpem/inv_pred_loss": 9.222540083385649, "fpem/primary_uses_route": 1.0, "fpem/primary_uses_env_fusion": 0.0, "fpem/backbone_agcrn": 1.0, "fpem/backbone_graphwavenet": 0.0, "fpem/backbone_staeformer": 0.0, "fpem/gc_pred_loss_only": 1.0, "fpem/env_route_head_mode_hyper_proto": 1.0, "fpem/fpem_force_uniform_route": 0.0, "fpem/hard_prediction_sinkhorn_total_replaces_primary": 0.0, "fpem/hard_prediction_environment_sinkhorn_total_replaces_primary": 0.0, "fpem/warmup_risk_sinkhorn_total_replaces_primary": 0.0, "fpem/lambda_club_mi": 0.0}}
EPOCH {"epoch": 27, "train_loss": 1.3003054675601777, "val": {"loss": 11.797669887542725, "mae": 11.573437690734863, "mape": 0.18376345932483673}, "test_mixed": {"loss": NaN, "mae": NaN, "mape": NaN}, "test_workday": {"loss": NaN, "mae": NaN, "mape": NaN}, "test_holiday": {"loss": NaN, "mae": NaN, "mape": NaN}, "test_avg_mae": NaN, "best_selection_value": 11.797669887542725, "best_selection_split": "val", "best_selection_metric": "val_loss", "lr": 0.001, "fpem_logs": {"fpem/fpem_env_use_exogenous": 1.0, "fpem/env_exogenous_available": 1.0, "fpem/env_exogenous_time_available": 1.0, "fpem/env_exogenous_load_available": 1.0, "fpem/env_exogenous_feature_dim": 32.0, "fpem/env_exogenous_embedding_norm": 2.494984115873064, "fpem/env_exogenous_load_embedding_norm": 1.642267520087106, "fpem/fpem_env_use_period_context": 1.0, "fpem/env_period_context_available": 1.0, "fpem/env_period_day_available_ratio": 0.9732142857142857, "fpem/env_period_week_available_ratio": 0.8244047619047619, "fpem/env_period_context_feature_dim": 6.0, "fpem/env_period_context_scale": 0.10000000149011612, "fpem/env_period_context_delta_norm": 0.20782210883640106, "fpem/env_period_context_day_diff_norm": 0.16272705225717454, "fpem/env_period_context_week_diff_norm": 0.10188992747238704, "fpem/env_rep_ablation_normal": 1.0, "fpem/env_rep_ablation_zero": 0.0, "fpem/env_rep_ablation_shuffle_batch": 0.0, "fpem/env_rep_ablation_mode_id": 0.0, "fpem/mask_loss": 0.0, "fpem/mask_sparse_loss": 0.0, "fpem/mask_entropy_loss": 0.0, "fpem/mask_mean": 1.0, "fpem/mask_entropy": 0.0, "fpem/mask_active_ratio": 1.0, "fpem/fusion_alpha_mean": 0.0, "fpem/fusion_alpha_std": 0.0, "fpem/fusion_alpha_min": 0.0, "fpem/fusion_alpha_max": 0.0, "fpem/env_route_loss": 1.3003054675601777, "fpem/env_route_L_final": 8.991374238332112, "fpem/env_route_L_global": 0.0, "fpem/env_route_L_route_soft": 0.0, "fpem/env_route_L_expert": 9.414024970644997, "fpem/env_route_L_router_oracle": 1.3003054675601777, "fpem/env_route_L_balance": 0.0, "fpem/env_route_L_diverse": 0.0, "fpem/env_route_L_proto_align": 0.0, "fpem/env_route_entropy": 0.0, "fpem/env_route_q_max_mean": 0.0, "fpem/hyper_alpha_mean": 0.0, "fpem/hyper_delta_norm": 0.0, "fpem/hyper_route_proto_mode_uniform_warmup": 0.0, "fpem/hyper_route_proto_mode_uniform_fixed": 0.0, "fpem/hyper_route_proto_mode_sinkhorn": 0.0, "fpem/hyper_route_proto_mode_softmax": 0.0, "fpem/fallback_q_mean": 0.0, "fpem/fallback_q_max": 0.0, "fpem/env_q_sum_mean": 1.0, "fpem/oracle_fallback_rate": 0.0, "fpem/route_count_fallback": 0.0, "fpem/env_route_head_mode": 1.0, "fpem/route_entropy_mean": 0.0, "fpem/route_mean_distribution_entropy": 0.0, "fpem/effective_expert_number": 1.0, "fpem/max_expert_usage_ratio": 0.0, "fpem/min_expert_usage_ratio": 0.0, "fpem/prototype_pairwise_cosine": 0.0, "fpem/expert_prediction_pairwise_cosine": 0.0, "fpem/expert_collapse_warning": 0.0, "fpem/env_route_target_mode_env_prototype": 0.0, "fpem/env_route_target_mode_hybrid": 0.0, "fpem/env_route_hybrid_alpha": 0.0, "fpem/env_route_train_mode_warmup_risk_sinkhorn": 0.0, "fpem/warmup_risk_stage_warmup": 0.0, "fpem/warmup_risk_stage_soft": 0.0, "fpem/warmup_risk_stage_hard": 0.0, "fpem/warmup_risk_selected_loss": 0.0, "fpem/warmup_risk_uniform_common_loss": 0.0, "fpem/warmup_risk_lambda_common": 0.0, "fpem/warmup_risk_total_common_term": 0.0, "fpem/warmup_risk_temperature": 0.0, "fpem/warmup_risk_temperature_progress": 0.0, "fpem/uniform_expert_mae": 0.0, "fpem/risk_routed_mae": 0.0, "fpem/risk_prediction_mae": 0.0, "fpem/risk_loss": 0.0, "fpem/risk_ranking_loss": 0.0, "fpem/risk_ranking_accuracy": 0.0, "fpem/risk_oracle_argmin_accuracy": 0.0, "fpem/risk_router_temperature": 0.0, "fpem/risk_router_lambda": 0.0, "fpem/risk_router_pairwise_lambda": 0.0, "fpem/env_route_train_mode_progressive_gmm_environment": 0.0, "fpem/top_level_prediction_source_progressive_gmm_teacher_hard": 0.0, "fpem/progressive_assignment_uses_target_or_prediction_error": 0.0, "fpem/progressive_partition_ready": 0.0, "fpem/progressive_selected_k": 0.0, "fpem/progressive_active_expert_count": 0.0, "fpem/progressive_last_partition_epoch": 0.0, "fpem/progressive_lambda_common": 0.0, "fpem/progressive_common_term": 0.0, "fpem/progressive_compactness_loss": 0.0, "fpem/progressive_consistency_loss": 0.0, "fpem/progressive_cluster_entropy": 0.0, "fpem/progressive_assignment_change_ratio": 0.0, "fpem/progressive_hungarian_overlap_score": 0.0, "fpem/progressive_partition_update_time_sec": 0.0, "fpem/progressive_routed_mae": 0.0, "fpem/progressive_gmm_environment_total_replaces_primary": 0.0, "fpem/env_route_count_head_0": 16.0, "fpem/env_route_oracle_count_head_0": 16.0, "fpem/route_count_env_head_0": 16.0, "fpem/route_soft_mean_expert_0": 1.0, "fpem/route_hard_count_expert_0": 16.0, "fpem/hard_count_expert_0": 16.0, "fpem/sinkhorn_soft_col_mass_expert_0": 0.0, "fpem/progressive_active_expert_0": 0.0, "fpem/progressive_cluster_size_0": 0.0, "fpem/progressive_cluster_ratio_0": 0.0, "fpem/progressive_cluster_to_expert_0": 0.0, "fpem/progressive_bic_k1": 0.0, "fpem/progressive_bic_score_k1": 0.0, "fpem/progressive_bic_rejected_k1": 0.0, "fpem/hyper_alpha_head_0": 0.0, "fpem/hyper_gamma_norm_head_0": 0.0, "fpem/hyper_beta_norm_head_0": 0.0, "fpem/expert_cross_mae_group_0_expert_0": 9.414024970644997, "fpem/load_expert_loss": 9.414024970644997, "fpem/counterfactual_risk_router_loss": 1.3003054675601777, "fpem/counterfactual_risk_regression_loss": 0.9552045529796964, "fpem/counterfactual_risk_ranking_loss": 0.6902018280256362, "fpem/load_level_assignment_detached": 1.0, "fpem/load_level_count_0": 1680.0, "fpem/load_level_ratio_0": 1.0, "fpem/expert_0_global_loss": 9.414024970644997, "fpem/expert_0_selected_loss": 9.414024970644997, "fpem/counterfactual_risk_stage2_active": 1.0, "fpem/counterfactual_risk_stage2_start_epoch": 20.0, "fpem/counterfactual_risk_all_environment_mae": 9.414024970644997, "fpem/counterfactual_risk_all_invariant_mae": 9.662237430754162, "fpem/counterfactual_risk_routed_mae": 9.507958934420632, "fpem/counterfactual_risk_oracle_mae": 9.378016208467029, "fpem/counterfactual_risk_router_accuracy": 0.5601190476190476, "fpem/counterfactual_risk_router_balanced_accuracy": 0.537478002622014, "fpem/counterfactual_risk_inv_route_ratio": 0.44285714285714284, "fpem/counterfactual_risk_env_route_ratio": 0.5571428571428572, "fpem/counterfactual_risk_inv_switch_precision": 0.23665128889537992, "fpem/counterfactual_risk_correct_inv_switches": 1.6666666666666667, "fpem/counterfactual_risk_harmful_inv_switches": 5.419047619047619, "fpem/counterfactual_risk_saved_loss": 0.01881703039010366, "fpem/counterfactual_risk_added_loss": 0.11275095230057126, "fpem/counterfactual_risk_net_gain": -0.09393396377563476, "fpem/counterfactual_risk_regret": 0.12994272595360165, "fpem/counterfactual_risk_oracle_gap_closed": -3664.8658309391744, "fpem/counterfactual_risk_delta_mean": -0.24821245954150245, "fpem/counterfactual_risk_target_inv_ratio": 0.20535714285714285, "fpem/counterfactual_risk_weight_env_sum": 8.22857132866269, "fpem/counterfactual_risk_weight_inv_sum": 7.771428489685059, "fpem/counterfactual_risk_prediction_is_hard_route": 1.0, "fpem/counterfactual_risk_prediction_is_soft_fusion": 0.0, "fpem/counterfactual_risk_target_detached": 1.0, "fpem/counterfactual_risk_uses_threshold": 0.0, "fpem/counterfactual_risk_all_samples_used_for_router": 1.0, "fpem/hard_router_predicted_env_ratio": 0.5571428571428572, "fpem/hard_router_effective_env_ratio": 1.0, "fpem/hard_router_target_env_ratio": 0.7946428571428571, "fpem/hard_router_gain_mean": -0.24821245954150245, "fpem/expert_prediction_pairwise_difference": 0.0, "fpem/delta_pairwise_cosine": 0.0, "fpem/delta_pairwise_l1": 0.0, "fpem/delta_pairwise_l2": 0.0, "fpem/expert_0_parameter_norm": 14.882429122924805, "fpem/hard_binary_router_enabled": 0.0, "fpem/hard_router_uses_target_in_forward": 0.0, "fpem/stored_future_c_loaded": 0.0, "fpem/prediction_is_weighted_complete_fusion": 0.0, "fpem/prediction_is_hard_route": 1.0, "fpem/conservative_inv_override_enabled": 0.0, "fpem/conservative_router_features_detached": 1.0, "fpem/counterfactual_risk_router_enabled": 1.0, "fpem/counterfactual_risk_stage2_active_forward": 1.0, "fpem/counterfactual_risk_deploy_route_active": 0.0, "fpem/counterfactual_risk_training_uses_route": 0.0, "fpem/counterfactual_risk_forward_uses_threshold": 0.0, "fpem/future_mi_loss": 0.0, "fpem/future_mi_valid": 0.0, "fpem/future_mi_logvar_mean": 0.0, "fpem/future_mi_target_mode_env_encoder": 0.0, "fpem/swap_loss": 0.0, "fpem/swap_diff_loss": 0.0, "fpem/swap_same_loss": 0.0, "fpem/swap_gain_mean": 0.0, "fpem/swap_s_gain_mean": 0.0, "fpem/swap_fallback_router_loss": 0.0, "fpem/swap_fallback_q_mean": 0.0, "fpem/swap_prediction_delta": 0.0, "fpem/swap_route_delta": 0.0, "fpem/swap_hyper_alpha_delta": 0.0, "fpem/swap_hyper_delta_norm": 0.0, "fpem/loss_env_day": 0.0, "fpem/loss_env_hour": 0.0, "fpem/loss_env_rush": 0.0, "fpem/env_day_acc": 0.0, "fpem/env_hour_acc": 0.0, "fpem/env_rush_acc": 0.0, "fpem/loss_env_supcon": 0.0, "fpem/env_supcon_valid_pairs": 0.0, "fpem/loss_inv_env_adv": 0.0, "fpem/inv_day_acc": 0.0, "fpem/inv_hour_acc": 0.0, "fpem/inv_rush_acc": 0.0, "fpem/loss_cross_cov_sep": 0.0, "fpem/confounder_dep_enabled": 0.0, "fpem/confounder_dep_mode_gci": 0.0, "fpem/confounder_dep_mode_scd": 1.0, "fpem/confounder_dep_mode_both": 0.0, "fpem/confounder_dep_total": 0.0, "fpem/loss_gci": 0.0, "fpem/loss_gci_drop": 0.0, "fpem/loss_gci_keep": 0.0, "fpem/loss_gci_graph_align": 0.0, "fpem/loss_scd": 0.0, "fpem/loss_conf_kl": 0.0, "fpem/effective_gci_weight": 0.0, "fpem/effective_gci_graph_align_weight": 0.0, "fpem/effective_scd_weight": 0.0, "fpem/effective_conf_kl_weight": 0.0, "fpem/confounder_dep_ramp_factor": 0.0, "fpem/C_mean": 0.0, "fpem/C_std": 0.0, "fpem/C_norm": 0.0, "fpem/confounder_token_norm": 0.0, "fpem/confounder_variational": 0.0, "fpem/confounder_projection_trace": 0.0, "fpem/confounder_projection_ridge": 0.0, "fpem/confounder_projection_rank_dim": 0.0, "fpem/confounder_projection_calls": 0.0, "fpem/confounder_dep_detach_target": 0.0, "fpem/gci_nonedge_mass_before_C": 0.0, "fpem/gci_nonedge_mass_after_C": 0.0, "fpem/gci_nonedge_mass_reduction": 0.0, "fpem/gci_relative_violation": 0.0, "fpem/gci_edge_before_C": 0.0, "fpem/gci_edge_after_C": 0.0, "fpem/gci_nonedge_conn_before_C": 0.0, "fpem/gci_nonedge_conn_after_C": 0.0, "fpem/gci_nonedge_conn_reduction": 0.0, "fpem/gci_edge_conn_before_C": 0.0, "fpem/gci_edge_conn_after_C": 0.0, "fpem/gci_edge_conn_reduction": 0.0, "fpem/gci_nonedge_dep_before_C": 0.0, "fpem/gci_nonedge_dep_after_C": 0.0, "fpem/gci_nonedge_dep_reduction": 0.0, "fpem/gci_edge_dep_before_C": 0.0, "fpem/gci_edge_dep_after_C": 0.0, "fpem/gci_nonedge_count": 0.0, "fpem/gci_edge_count": 0.0, "fpem/gci_node_count": 0.0, "fpem/gci_node_vector_dim": 0.0, "fpem/gci_graph_embed_dim": 0.0, "fpem/gci_graph_embedding_norm_before": 0.0, "fpem/gci_graph_embedding_norm_after": 0.0, "fpem/gci_graph_embedding_std_before": 0.0, "fpem/gci_graph_embedding_std_after": 0.0, "fpem/gci_graph_adj_mean_before": 0.0, "fpem/gci_graph_adj_mean_after": 0.0, "fpem/gci_graph_adj_std_before": 0.0, "fpem/gci_graph_adj_std_after": 0.0, "fpem/gci_graph_align_weight": 0.0, "fpem/gci_graph_align_raw_mse": 0.0, "fpem/gci_graph_align_normalized": 0.0, "fpem/gci_edge_preserve_beta": 0.0, "fpem/gci_graph_align_target_available": 0.0, "fpem/gci_target_adj_mean": 0.0, "fpem/gci_target_adj_std": 0.0, "fpem/gci_target_edge_mean": 0.0, "fpem/gci_target_nonedge_mean": 0.0, "fpem/gci_target_diag_mean": 0.0, "fpem/gci_graph_align_updates_agcrn": 0.0, "fpem/gci_updates_graph_linear": 0.0, "fpem/gci_graph_construction_agcrn_softmax": 0.0, "fpem/scd_assoc_before_C": 0.0, "fpem/scd_assoc_after_C": 0.0, "fpem/scd_assoc_reduction": 0.0, "fpem/scd_relative_violation": 0.0, "fpem/sample_assoc_before_C": 0.0, "fpem/sample_assoc_after_C": 0.0, "fpem/sample_assoc_reduction": 0.0, "fpem/sample_dep_before_C": 0.0, "fpem/sample_dep_after_C": 0.0, "fpem/sample_dep_reduction": 0.0, "fpem/scd_batch_size": 0.0, "fpem/scd_sample_vector_dim": 0.0, "fpem/sample_kernel_alignment": 0.0, "fpem/scd_alignment_loss": 0.0, "fpem/load_level_experts_enabled": 1.0, "fpem/load_level_uses_target_or_future_load": 0.0, "fpem/environment_gate_uses_target_in_forward": 0.0, "fpem/load_level_env_residual_scale": 0.0, "fpem/uses_cached_observable_load_prior": 1.0, "fpem/primary_loss": 8.991374238332112, "fpem/inv_pred_loss": 9.221436091831752, "fpem/primary_uses_route": 1.0, "fpem/primary_uses_env_fusion": 0.0, "fpem/backbone_agcrn": 1.0, "fpem/backbone_graphwavenet": 0.0, "fpem/backbone_staeformer": 0.0, "fpem/gc_pred_loss_only": 1.0, "fpem/env_route_head_mode_hyper_proto": 1.0, "fpem/fpem_force_uniform_route": 0.0, "fpem/hard_prediction_sinkhorn_total_replaces_primary": 0.0, "fpem/hard_prediction_environment_sinkhorn_total_replaces_primary": 0.0, "fpem/warmup_risk_sinkhorn_total_replaces_primary": 0.0, "fpem/lambda_club_mi": 0.0}}
EPOCH {"epoch": 28, "train_loss": 1.2762249594643003, "val": {"loss": 11.82446191045973, "mae": 11.607134819030762, "mape": 0.18665972352027893}, "test_mixed": {"loss": NaN, "mae": NaN, "mape": NaN}, "test_workday": {"loss": NaN, "mae": NaN, "mape": NaN}, "test_holiday": {"loss": NaN, "mae": NaN, "mape": NaN}, "test_avg_mae": NaN, "best_selection_value": 11.82446191045973, "best_selection_split": "val", "best_selection_metric": "val_loss", "lr": 0.001, "fpem_logs": {"fpem/fpem_env_use_exogenous": 1.0, "fpem/env_exogenous_available": 1.0, "fpem/env_exogenous_time_available": 1.0, "fpem/env_exogenous_load_available": 1.0, "fpem/env_exogenous_feature_dim": 32.0, "fpem/env_exogenous_embedding_norm": 2.494984115873064, "fpem/env_exogenous_load_embedding_norm": 1.6422675132751465, "fpem/fpem_env_use_period_context": 1.0, "fpem/env_period_context_available": 1.0, "fpem/env_period_day_available_ratio": 0.9732142857142857, "fpem/env_period_week_available_ratio": 0.8244047619047619, "fpem/env_period_context_feature_dim": 6.0, "fpem/env_period_context_scale": 0.10000000149011612, "fpem/env_period_context_delta_norm": 0.20782210940406437, "fpem/env_period_context_day_diff_norm": 0.16272705168951127, "fpem/env_period_context_week_diff_norm": 0.10188992676280793, "fpem/env_rep_ablation_normal": 1.0, "fpem/env_rep_ablation_zero": 0.0, "fpem/env_rep_ablation_shuffle_batch": 0.0, "fpem/env_rep_ablation_mode_id": 0.0, "fpem/mask_loss": 0.0, "fpem/mask_sparse_loss": 0.0, "fpem/mask_entropy_loss": 0.0, "fpem/mask_mean": 1.0, "fpem/mask_entropy": 0.0, "fpem/mask_active_ratio": 1.0, "fpem/fusion_alpha_mean": 0.0, "fpem/fusion_alpha_std": 0.0, "fpem/fusion_alpha_min": 0.0, "fpem/fusion_alpha_max": 0.0, "fpem/env_route_loss": 1.2762249594643003, "fpem/env_route_L_final": 8.98950088137672, "fpem/env_route_L_global": 0.0, "fpem/env_route_L_route_soft": 0.0, "fpem/env_route_L_expert": 9.414026269458589, "fpem/env_route_L_router_oracle": 1.2762249594643003, "fpem/env_route_L_balance": 0.0, "fpem/env_route_L_diverse": 0.0, "fpem/env_route_L_proto_align": 0.0, "fpem/env_route_entropy": 0.0, "fpem/env_route_q_max_mean": 0.0, "fpem/hyper_alpha_mean": 0.0, "fpem/hyper_delta_norm": 0.0, "fpem/hyper_route_proto_mode_uniform_warmup": 0.0, "fpem/hyper_route_proto_mode_uniform_fixed": 0.0, "fpem/hyper_route_proto_mode_sinkhorn": 0.0, "fpem/hyper_route_proto_mode_softmax": 0.0, "fpem/fallback_q_mean": 0.0, "fpem/fallback_q_max": 0.0, "fpem/env_q_sum_mean": 1.0, "fpem/oracle_fallback_rate": 0.0, "fpem/route_count_fallback": 0.0, "fpem/env_route_head_mode": 1.0, "fpem/route_entropy_mean": 0.0, "fpem/route_mean_distribution_entropy": 0.0, "fpem/effective_expert_number": 1.0, "fpem/max_expert_usage_ratio": 0.0, "fpem/min_expert_usage_ratio": 0.0, "fpem/prototype_pairwise_cosine": 0.0, "fpem/expert_prediction_pairwise_cosine": 0.0, "fpem/expert_collapse_warning": 0.0, "fpem/env_route_target_mode_env_prototype": 0.0, "fpem/env_route_target_mode_hybrid": 0.0, "fpem/env_route_hybrid_alpha": 0.0, "fpem/env_route_train_mode_warmup_risk_sinkhorn": 0.0, "fpem/warmup_risk_stage_warmup": 0.0, "fpem/warmup_risk_stage_soft": 0.0, "fpem/warmup_risk_stage_hard": 0.0, "fpem/warmup_risk_selected_loss": 0.0, "fpem/warmup_risk_uniform_common_loss": 0.0, "fpem/warmup_risk_lambda_common": 0.0, "fpem/warmup_risk_total_common_term": 0.0, "fpem/warmup_risk_temperature": 0.0, "fpem/warmup_risk_temperature_progress": 0.0, "fpem/uniform_expert_mae": 0.0, "fpem/risk_routed_mae": 0.0, "fpem/risk_prediction_mae": 0.0, "fpem/risk_loss": 0.0, "fpem/risk_ranking_loss": 0.0, "fpem/risk_ranking_accuracy": 0.0, "fpem/risk_oracle_argmin_accuracy": 0.0, "fpem/risk_router_temperature": 0.0, "fpem/risk_router_lambda": 0.0, "fpem/risk_router_pairwise_lambda": 0.0, "fpem/env_route_train_mode_progressive_gmm_environment": 0.0, "fpem/top_level_prediction_source_progressive_gmm_teacher_hard": 0.0, "fpem/progressive_assignment_uses_target_or_prediction_error": 0.0, "fpem/progressive_partition_ready": 0.0, "fpem/progressive_selected_k": 0.0, "fpem/progressive_active_expert_count": 0.0, "fpem/progressive_last_partition_epoch": 0.0, "fpem/progressive_lambda_common": 0.0, "fpem/progressive_common_term": 0.0, "fpem/progressive_compactness_loss": 0.0, "fpem/progressive_consistency_loss": 0.0, "fpem/progressive_cluster_entropy": 0.0, "fpem/progressive_assignment_change_ratio": 0.0, "fpem/progressive_hungarian_overlap_score": 0.0, "fpem/progressive_partition_update_time_sec": 0.0, "fpem/progressive_routed_mae": 0.0, "fpem/progressive_gmm_environment_total_replaces_primary": 0.0, "fpem/env_route_count_head_0": 16.0, "fpem/env_route_oracle_count_head_0": 16.0, "fpem/route_count_env_head_0": 16.0, "fpem/route_soft_mean_expert_0": 1.0, "fpem/route_hard_count_expert_0": 16.0, "fpem/hard_count_expert_0": 16.0, "fpem/sinkhorn_soft_col_mass_expert_0": 0.0, "fpem/progressive_active_expert_0": 0.0, "fpem/progressive_cluster_size_0": 0.0, "fpem/progressive_cluster_ratio_0": 0.0, "fpem/progressive_cluster_to_expert_0": 0.0, "fpem/progressive_bic_k1": 0.0, "fpem/progressive_bic_score_k1": 0.0, "fpem/progressive_bic_rejected_k1": 0.0, "fpem/hyper_alpha_head_0": 0.0, "fpem/hyper_gamma_norm_head_0": 0.0, "fpem/hyper_beta_norm_head_0": 0.0, "fpem/expert_cross_mae_group_0_expert_0": 9.414026269458589, "fpem/load_expert_loss": 9.414026269458589, "fpem/counterfactual_risk_router_loss": 1.2762249594643003, "fpem/counterfactual_risk_regression_loss": 0.9274499139615467, "fpem/counterfactual_risk_ranking_loss": 0.6975500895863488, "fpem/load_level_assignment_detached": 1.0, "fpem/load_level_count_0": 1680.0, "fpem/load_level_ratio_0": 1.0, "fpem/expert_0_global_loss": 9.414026269458589, "fpem/expert_0_selected_loss": 9.414026269458589, "fpem/counterfactual_risk_stage2_active": 1.0, "fpem/counterfactual_risk_stage2_start_epoch": 20.0, "fpem/counterfactual_risk_all_environment_mae": 9.414026269458589, "fpem/counterfactual_risk_all_invariant_mae": 9.662237535204206, "fpem/counterfactual_risk_routed_mae": 9.507391952332997, "fpem/counterfactual_risk_oracle_mae": 9.378017334710984, "fpem/counterfactual_risk_router_accuracy": 0.569047619047619, "fpem/counterfactual_risk_router_balanced_accuracy": 0.5282768416972388, "fpem/counterfactual_risk_inv_route_ratio": 0.4160714285714286, "fpem/counterfactual_risk_env_route_ratio": 0.5839285714285715, "fpem/counterfactual_risk_inv_switch_precision": 0.22190648338624408, "fpem/counterfactual_risk_correct_inv_switches": 1.5238095238095237, "fpem/counterfactual_risk_harmful_inv_switches": 5.133333333333334, "fpem/counterfactual_risk_saved_loss": 0.01631068487962087, "fpem/counterfactual_risk_added_loss": 0.10967638634500049, "fpem/counterfactual_risk_net_gain": -0.0933656828744071, "fpem/counterfactual_risk_regret": 0.1293746176220122, "fpem/counterfactual_risk_oracle_gap_closed": -2729.2930087056898, "fpem/counterfactual_risk_delta_mean": -0.2482111896787371, "fpem/counterfactual_risk_target_inv_ratio": 0.20535714285714285, "fpem/counterfactual_risk_weight_env_sum": 8.152380879720052, "fpem/counterfactual_risk_weight_inv_sum": 7.847618997664679, "fpem/counterfactual_risk_prediction_is_hard_route": 1.0, "fpem/counterfactual_risk_prediction_is_soft_fusion": 0.0, "fpem/counterfactual_risk_target_detached": 1.0, "fpem/counterfactual_risk_uses_threshold": 0.0, "fpem/counterfactual_risk_all_samples_used_for_router": 1.0, "fpem/hard_router_predicted_env_ratio": 0.5839285714285715, "fpem/hard_router_effective_env_ratio": 1.0, "fpem/hard_router_target_env_ratio": 0.7946428571428571, "fpem/hard_router_gain_mean": -0.2482111896787371, "fpem/expert_prediction_pairwise_difference": 0.0, "fpem/delta_pairwise_cosine": 0.0, "fpem/delta_pairwise_l1": 0.0, "fpem/delta_pairwise_l2": 0.0, "fpem/expert_0_parameter_norm": 14.882429122924805, "fpem/hard_binary_router_enabled": 0.0, "fpem/hard_router_uses_target_in_forward": 0.0, "fpem/stored_future_c_loaded": 0.0, "fpem/prediction_is_weighted_complete_fusion": 0.0, "fpem/prediction_is_hard_route": 1.0, "fpem/conservative_inv_override_enabled": 0.0, "fpem/conservative_router_features_detached": 1.0, "fpem/counterfactual_risk_router_enabled": 1.0, "fpem/counterfactual_risk_stage2_active_forward": 1.0, "fpem/counterfactual_risk_deploy_route_active": 0.0, "fpem/counterfactual_risk_training_uses_route": 0.0, "fpem/counterfactual_risk_forward_uses_threshold": 0.0, "fpem/future_mi_loss": 0.0, "fpem/future_mi_valid": 0.0, "fpem/future_mi_logvar_mean": 0.0, "fpem/future_mi_target_mode_env_encoder": 0.0, "fpem/swap_loss": 0.0, "fpem/swap_diff_loss": 0.0, "fpem/swap_same_loss": 0.0, "fpem/swap_gain_mean": 0.0, "fpem/swap_s_gain_mean": 0.0, "fpem/swap_fallback_router_loss": 0.0, "fpem/swap_fallback_q_mean": 0.0, "fpem/swap_prediction_delta": 0.0, "fpem/swap_route_delta": 0.0, "fpem/swap_hyper_alpha_delta": 0.0, "fpem/swap_hyper_delta_norm": 0.0, "fpem/loss_env_day": 0.0, "fpem/loss_env_hour": 0.0, "fpem/loss_env_rush": 0.0, "fpem/env_day_acc": 0.0, "fpem/env_hour_acc": 0.0, "fpem/env_rush_acc": 0.0, "fpem/loss_env_supcon": 0.0, "fpem/env_supcon_valid_pairs": 0.0, "fpem/loss_inv_env_adv": 0.0, "fpem/inv_day_acc": 0.0, "fpem/inv_hour_acc": 0.0, "fpem/inv_rush_acc": 0.0, "fpem/loss_cross_cov_sep": 0.0, "fpem/confounder_dep_enabled": 0.0, "fpem/confounder_dep_mode_gci": 0.0, "fpem/confounder_dep_mode_scd": 1.0, "fpem/confounder_dep_mode_both": 0.0, "fpem/confounder_dep_total": 0.0, "fpem/loss_gci": 0.0, "fpem/loss_gci_drop": 0.0, "fpem/loss_gci_keep": 0.0, "fpem/loss_gci_graph_align": 0.0, "fpem/loss_scd": 0.0, "fpem/loss_conf_kl": 0.0, "fpem/effective_gci_weight": 0.0, "fpem/effective_gci_graph_align_weight": 0.0, "fpem/effective_scd_weight": 0.0, "fpem/effective_conf_kl_weight": 0.0, "fpem/confounder_dep_ramp_factor": 0.0, "fpem/C_mean": 0.0, "fpem/C_std": 0.0, "fpem/C_norm": 0.0, "fpem/confounder_token_norm": 0.0, "fpem/confounder_variational": 0.0, "fpem/confounder_projection_trace": 0.0, "fpem/confounder_projection_ridge": 0.0, "fpem/confounder_projection_rank_dim": 0.0, "fpem/confounder_projection_calls": 0.0, "fpem/confounder_dep_detach_target": 0.0, "fpem/gci_nonedge_mass_before_C": 0.0, "fpem/gci_nonedge_mass_after_C": 0.0, "fpem/gci_nonedge_mass_reduction": 0.0, "fpem/gci_relative_violation": 0.0, "fpem/gci_edge_before_C": 0.0, "fpem/gci_edge_after_C": 0.0, "fpem/gci_nonedge_conn_before_C": 0.0, "fpem/gci_nonedge_conn_after_C": 0.0, "fpem/gci_nonedge_conn_reduction": 0.0, "fpem/gci_edge_conn_before_C": 0.0, "fpem/gci_edge_conn_after_C": 0.0, "fpem/gci_edge_conn_reduction": 0.0, "fpem/gci_nonedge_dep_before_C": 0.0, "fpem/gci_nonedge_dep_after_C": 0.0, "fpem/gci_nonedge_dep_reduction": 0.0, "fpem/gci_edge_dep_before_C": 0.0, "fpem/gci_edge_dep_after_C": 0.0, "fpem/gci_nonedge_count": 0.0, "fpem/gci_edge_count": 0.0, "fpem/gci_node_count": 0.0, "fpem/gci_node_vector_dim": 0.0, "fpem/gci_graph_embed_dim": 0.0, "fpem/gci_graph_embedding_norm_before": 0.0, "fpem/gci_graph_embedding_norm_after": 0.0, "fpem/gci_graph_embedding_std_before": 0.0, "fpem/gci_graph_embedding_std_after": 0.0, "fpem/gci_graph_adj_mean_before": 0.0, "fpem/gci_graph_adj_mean_after": 0.0, "fpem/gci_graph_adj_std_before": 0.0, "fpem/gci_graph_adj_std_after": 0.0, "fpem/gci_graph_align_weight": 0.0, "fpem/gci_graph_align_raw_mse": 0.0, "fpem/gci_graph_align_normalized": 0.0, "fpem/gci_edge_preserve_beta": 0.0, "fpem/gci_graph_align_target_available": 0.0, "fpem/gci_target_adj_mean": 0.0, "fpem/gci_target_adj_std": 0.0, "fpem/gci_target_edge_mean": 0.0, "fpem/gci_target_nonedge_mean": 0.0, "fpem/gci_target_diag_mean": 0.0, "fpem/gci_graph_align_updates_agcrn": 0.0, "fpem/gci_updates_graph_linear": 0.0, "fpem/gci_graph_construction_agcrn_softmax": 0.0, "fpem/scd_assoc_before_C": 0.0, "fpem/scd_assoc_after_C": 0.0, "fpem/scd_assoc_reduction": 0.0, "fpem/scd_relative_violation": 0.0, "fpem/sample_assoc_before_C": 0.0, "fpem/sample_assoc_after_C": 0.0, "fpem/sample_assoc_reduction": 0.0, "fpem/sample_dep_before_C": 0.0, "fpem/sample_dep_after_C": 0.0, "fpem/sample_dep_reduction": 0.0, "fpem/scd_batch_size": 0.0, "fpem/scd_sample_vector_dim": 0.0, "fpem/sample_kernel_alignment": 0.0, "fpem/scd_alignment_loss": 0.0, "fpem/load_level_experts_enabled": 1.0, "fpem/load_level_uses_target_or_future_load": 0.0, "fpem/environment_gate_uses_target_in_forward": 0.0, "fpem/load_level_env_residual_scale": 0.0, "fpem/uses_cached_observable_load_prior": 1.0, "fpem/primary_loss": 8.98950088137672, "fpem/inv_pred_loss": 9.219089589800154, "fpem/primary_uses_route": 1.0, "fpem/primary_uses_env_fusion": 0.0, "fpem/backbone_agcrn": 1.0, "fpem/backbone_graphwavenet": 0.0, "fpem/backbone_staeformer": 0.0, "fpem/gc_pred_loss_only": 1.0, "fpem/env_route_head_mode_hyper_proto": 1.0, "fpem/fpem_force_uniform_route": 0.0, "fpem/hard_prediction_sinkhorn_total_replaces_primary": 0.0, "fpem/hard_prediction_environment_sinkhorn_total_replaces_primary": 0.0, "fpem/warmup_risk_sinkhorn_total_replaces_primary": 0.0, "fpem/lambda_club_mi": 0.0}}
EPOCH {"epoch": 29, "train_loss": 1.27426571448644, "val": {"loss": 11.815316756566366, "mae": 11.594267845153809, "mape": 0.18520092964172363}, "test_mixed": {"loss": NaN, "mae": NaN, "mape": NaN}, "test_workday": {"loss": NaN, "mae": NaN, "mape": NaN}, "test_holiday": {"loss": NaN, "mae": NaN, "mape": NaN}, "test_avg_mae": NaN, "best_selection_value": 11.815316756566366, "best_selection_split": "val", "best_selection_metric": "val_loss", "lr": 0.001, "fpem_logs": {"fpem/fpem_env_use_exogenous": 1.0, "fpem/env_exogenous_available": 1.0, "fpem/env_exogenous_time_available": 1.0, "fpem/env_exogenous_load_available": 1.0, "fpem/env_exogenous_feature_dim": 32.0, "fpem/env_exogenous_embedding_norm": 2.4949841340382894, "fpem/env_exogenous_load_embedding_norm": 1.6422675087338403, "fpem/fpem_env_use_period_context": 1.0, "fpem/env_period_context_available": 1.0, "fpem/env_period_day_available_ratio": 0.9732142857142857, "fpem/env_period_week_available_ratio": 0.8244047619047619, "fpem/env_period_context_feature_dim": 6.0, "fpem/env_period_context_scale": 0.10000000149011612, "fpem/env_period_context_delta_norm": 0.20782210841065363, "fpem/env_period_context_day_diff_norm": 0.16272705211525873, "fpem/env_period_context_week_diff_norm": 0.10188992690472376, "fpem/env_rep_ablation_normal": 1.0, "fpem/env_rep_ablation_zero": 0.0, "fpem/env_rep_ablation_shuffle_batch": 0.0, "fpem/env_rep_ablation_mode_id": 0.0, "fpem/mask_loss": 0.0, "fpem/mask_sparse_loss": 0.0, "fpem/mask_entropy_loss": 0.0, "fpem/mask_mean": 1.0, "fpem/mask_entropy": 0.0, "fpem/mask_active_ratio": 1.0, "fpem/fusion_alpha_mean": 0.0, "fpem/fusion_alpha_std": 0.0, "fpem/fusion_alpha_min": 0.0, "fpem/fusion_alpha_max": 0.0, "fpem/env_route_loss": 1.27426571448644, "fpem/env_route_L_final": 8.987030369894844, "fpem/env_route_L_global": 0.0, "fpem/env_route_L_route_soft": 0.0, "fpem/env_route_L_expert": 9.41402535665603, "fpem/env_route_L_router_oracle": 1.27426571448644, "fpem/env_route_L_balance": 0.0, "fpem/env_route_L_diverse": 0.0, "fpem/env_route_L_proto_align": 0.0, "fpem/env_route_entropy": 0.0, "fpem/env_route_q_max_mean": 0.0, "fpem/hyper_alpha_mean": 0.0, "fpem/hyper_delta_norm": 0.0, "fpem/hyper_route_proto_mode_uniform_warmup": 0.0, "fpem/hyper_route_proto_mode_uniform_fixed": 0.0, "fpem/hyper_route_proto_mode_sinkhorn": 0.0, "fpem/hyper_route_proto_mode_softmax": 0.0, "fpem/fallback_q_mean": 0.0, "fpem/fallback_q_max": 0.0, "fpem/env_q_sum_mean": 1.0, "fpem/oracle_fallback_rate": 0.0, "fpem/route_count_fallback": 0.0, "fpem/env_route_head_mode": 1.0, "fpem/route_entropy_mean": 0.0, "fpem/route_mean_distribution_entropy": 0.0, "fpem/effective_expert_number": 1.0, "fpem/max_expert_usage_ratio": 0.0, "fpem/min_expert_usage_ratio": 0.0, "fpem/prototype_pairwise_cosine": 0.0, "fpem/expert_prediction_pairwise_cosine": 0.0, "fpem/expert_collapse_warning": 0.0, "fpem/env_route_target_mode_env_prototype": 0.0, "fpem/env_route_target_mode_hybrid": 0.0, "fpem/env_route_hybrid_alpha": 0.0, "fpem/env_route_train_mode_warmup_risk_sinkhorn": 0.0, "fpem/warmup_risk_stage_warmup": 0.0, "fpem/warmup_risk_stage_soft": 0.0, "fpem/warmup_risk_stage_hard": 0.0, "fpem/warmup_risk_selected_loss": 0.0, "fpem/warmup_risk_uniform_common_loss": 0.0, "fpem/warmup_risk_lambda_common": 0.0, "fpem/warmup_risk_total_common_term": 0.0, "fpem/warmup_risk_temperature": 0.0, "fpem/warmup_risk_temperature_progress": 0.0, "fpem/uniform_expert_mae": 0.0, "fpem/risk_routed_mae": 0.0, "fpem/risk_prediction_mae": 0.0, "fpem/risk_loss": 0.0, "fpem/risk_ranking_loss": 0.0, "fpem/risk_ranking_accuracy": 0.0, "fpem/risk_oracle_argmin_accuracy": 0.0, "fpem/risk_router_temperature": 0.0, "fpem/risk_router_lambda": 0.0, "fpem/risk_router_pairwise_lambda": 0.0, "fpem/env_route_train_mode_progressive_gmm_environment": 0.0, "fpem/top_level_prediction_source_progressive_gmm_teacher_hard": 0.0, "fpem/progressive_assignment_uses_target_or_prediction_error": 0.0, "fpem/progressive_partition_ready": 0.0, "fpem/progressive_selected_k": 0.0, "fpem/progressive_active_expert_count": 0.0, "fpem/progressive_last_partition_epoch": 0.0, "fpem/progressive_lambda_common": 0.0, "fpem/progressive_common_term": 0.0, "fpem/progressive_compactness_loss": 0.0, "fpem/progressive_consistency_loss": 0.0, "fpem/progressive_cluster_entropy": 0.0, "fpem/progressive_assignment_change_ratio": 0.0, "fpem/progressive_hungarian_overlap_score": 0.0, "fpem/progressive_partition_update_time_sec": 0.0, "fpem/progressive_routed_mae": 0.0, "fpem/progressive_gmm_environment_total_replaces_primary": 0.0, "fpem/env_route_count_head_0": 16.0, "fpem/env_route_oracle_count_head_0": 16.0, "fpem/route_count_env_head_0": 16.0, "fpem/route_soft_mean_expert_0": 1.0, "fpem/route_hard_count_expert_0": 16.0, "fpem/hard_count_expert_0": 16.0, "fpem/sinkhorn_soft_col_mass_expert_0": 0.0, "fpem/progressive_active_expert_0": 0.0, "fpem/progressive_cluster_size_0": 0.0, "fpem/progressive_cluster_ratio_0": 0.0, "fpem/progressive_cluster_to_expert_0": 0.0, "fpem/progressive_bic_k1": 0.0, "fpem/progressive_bic_score_k1": 0.0, "fpem/progressive_bic_rejected_k1": 0.0, "fpem/hyper_alpha_head_0": 0.0, "fpem/hyper_gamma_norm_head_0": 0.0, "fpem/hyper_beta_norm_head_0": 0.0, "fpem/expert_cross_mae_group_0_expert_0": 9.41402535665603, "fpem/load_expert_loss": 9.41402535665603, "fpem/counterfactual_risk_router_loss": 1.27426571448644, "fpem/counterfactual_risk_regression_loss": 0.9215588288647788, "fpem/counterfactual_risk_ranking_loss": 0.7054137689726693, "fpem/load_level_assignment_detached": 1.0, "fpem/load_level_count_0": 1680.0, "fpem/load_level_ratio_0": 1.0, "fpem/expert_0_global_loss": 9.41402535665603, "fpem/expert_0_selected_loss": 9.41402535665603, "fpem/counterfactual_risk_stage2_active": 1.0, "fpem/counterfactual_risk_stage2_start_epoch": 20.0, "fpem/counterfactual_risk_all_environment_mae": 9.41402535665603, "fpem/counterfactual_risk_all_invariant_mae": 9.662237535204206, "fpem/counterfactual_risk_routed_mae": 9.519398575737362, "fpem/counterfactual_risk_oracle_mae": 9.378016494569325, "fpem/counterfactual_risk_router_accuracy": 0.525, "fpem/counterfactual_risk_router_balanced_accuracy": 0.5029196194240025, "fpem/counterfactual_risk_inv_route_ratio": 0.4708333333333333, "fpem/counterfactual_risk_env_route_ratio": 0.5291666666666667, "fpem/counterfactual_risk_inv_switch_precision": 0.20913602645908083, "fpem/counterfactual_risk_correct_inv_switches": 1.6095238095238096, "fpem/counterfactual_risk_harmful_inv_switches": 5.923809523809524, "fpem/counterfactual_risk_saved_loss": 0.016645937732287817, "fpem/counterfactual_risk_added_loss": 0.12201908315931048, "fpem/counterfactual_risk_net_gain": -0.10537321908133371, "fpem/counterfactual_risk_regret": 0.1413820811680385, "fpem/counterfactual_risk_oracle_gap_closed": -1386.6770594558545, "fpem/counterfactual_risk_delta_mean": -0.24821212135610127, "fpem/counterfactual_risk_target_inv_ratio": 0.20535714285714285, "fpem/counterfactual_risk_weight_env_sum": 8.076190408070882, "fpem/counterfactual_risk_weight_inv_sum": 7.923809451148624, "fpem/counterfactual_risk_prediction_is_hard_route": 1.0, "fpem/counterfactual_risk_prediction_is_soft_fusion": 0.0, "fpem/counterfactual_risk_target_detached": 1.0, "fpem/counterfactual_risk_uses_threshold": 0.0, "fpem/counterfactual_risk_all_samples_used_for_router": 1.0, "fpem/hard_router_predicted_env_ratio": 0.5291666666666667, "fpem/hard_router_effective_env_ratio": 1.0, "fpem/hard_router_target_env_ratio": 0.7946428571428571, "fpem/hard_router_gain_mean": -0.24821212135610127, "fpem/expert_prediction_pairwise_difference": 0.0, "fpem/delta_pairwise_cosine": 0.0, "fpem/delta_pairwise_l1": 0.0, "fpem/delta_pairwise_l2": 0.0, "fpem/expert_0_parameter_norm": 14.882429122924805, "fpem/hard_binary_router_enabled": 0.0, "fpem/hard_router_uses_target_in_forward": 0.0, "fpem/stored_future_c_loaded": 0.0, "fpem/prediction_is_weighted_complete_fusion": 0.0, "fpem/prediction_is_hard_route": 1.0, "fpem/conservative_inv_override_enabled": 0.0, "fpem/conservative_router_features_detached": 1.0, "fpem/counterfactual_risk_router_enabled": 1.0, "fpem/counterfactual_risk_stage2_active_forward": 1.0, "fpem/counterfactual_risk_deploy_route_active": 0.0, "fpem/counterfactual_risk_training_uses_route": 0.0, "fpem/counterfactual_risk_forward_uses_threshold": 0.0, "fpem/future_mi_loss": 0.0, "fpem/future_mi_valid": 0.0, "fpem/future_mi_logvar_mean": 0.0, "fpem/future_mi_target_mode_env_encoder": 0.0, "fpem/swap_loss": 0.0, "fpem/swap_diff_loss": 0.0, "fpem/swap_same_loss": 0.0, "fpem/swap_gain_mean": 0.0, "fpem/swap_s_gain_mean": 0.0, "fpem/swap_fallback_router_loss": 0.0, "fpem/swap_fallback_q_mean": 0.0, "fpem/swap_prediction_delta": 0.0, "fpem/swap_route_delta": 0.0, "fpem/swap_hyper_alpha_delta": 0.0, "fpem/swap_hyper_delta_norm": 0.0, "fpem/loss_env_day": 0.0, "fpem/loss_env_hour": 0.0, "fpem/loss_env_rush": 0.0, "fpem/env_day_acc": 0.0, "fpem/env_hour_acc": 0.0, "fpem/env_rush_acc": 0.0, "fpem/loss_env_supcon": 0.0, "fpem/env_supcon_valid_pairs": 0.0, "fpem/loss_inv_env_adv": 0.0, "fpem/inv_day_acc": 0.0, "fpem/inv_hour_acc": 0.0, "fpem/inv_rush_acc": 0.0, "fpem/loss_cross_cov_sep": 0.0, "fpem/confounder_dep_enabled": 0.0, "fpem/confounder_dep_mode_gci": 0.0, "fpem/confounder_dep_mode_scd": 1.0, "fpem/confounder_dep_mode_both": 0.0, "fpem/confounder_dep_total": 0.0, "fpem/loss_gci": 0.0, "fpem/loss_gci_drop": 0.0, "fpem/loss_gci_keep": 0.0, "fpem/loss_gci_graph_align": 0.0, "fpem/loss_scd": 0.0, "fpem/loss_conf_kl": 0.0, "fpem/effective_gci_weight": 0.0, "fpem/effective_gci_graph_align_weight": 0.0, "fpem/effective_scd_weight": 0.0, "fpem/effective_conf_kl_weight": 0.0, "fpem/confounder_dep_ramp_factor": 0.0, "fpem/C_mean": 0.0, "fpem/C_std": 0.0, "fpem/C_norm": 0.0, "fpem/confounder_token_norm": 0.0, "fpem/confounder_variational": 0.0, "fpem/confounder_projection_trace": 0.0, "fpem/confounder_projection_ridge": 0.0, "fpem/confounder_projection_rank_dim": 0.0, "fpem/confounder_projection_calls": 0.0, "fpem/confounder_dep_detach_target": 0.0, "fpem/gci_nonedge_mass_before_C": 0.0, "fpem/gci_nonedge_mass_after_C": 0.0, "fpem/gci_nonedge_mass_reduction": 0.0, "fpem/gci_relative_violation": 0.0, "fpem/gci_edge_before_C": 0.0, "fpem/gci_edge_after_C": 0.0, "fpem/gci_nonedge_conn_before_C": 0.0, "fpem/gci_nonedge_conn_after_C": 0.0, "fpem/gci_nonedge_conn_reduction": 0.0, "fpem/gci_edge_conn_before_C": 0.0, "fpem/gci_edge_conn_after_C": 0.0, "fpem/gci_edge_conn_reduction": 0.0, "fpem/gci_nonedge_dep_before_C": 0.0, "fpem/gci_nonedge_dep_after_C": 0.0, "fpem/gci_nonedge_dep_reduction": 0.0, "fpem/gci_edge_dep_before_C": 0.0, "fpem/gci_edge_dep_after_C": 0.0, "fpem/gci_nonedge_count": 0.0, "fpem/gci_edge_count": 0.0, "fpem/gci_node_count": 0.0, "fpem/gci_node_vector_dim": 0.0, "fpem/gci_graph_embed_dim": 0.0, "fpem/gci_graph_embedding_norm_before": 0.0, "fpem/gci_graph_embedding_norm_after": 0.0, "fpem/gci_graph_embedding_std_before": 0.0, "fpem/gci_graph_embedding_std_after": 0.0, "fpem/gci_graph_adj_mean_before": 0.0, "fpem/gci_graph_adj_mean_after": 0.0, "fpem/gci_graph_adj_std_before": 0.0, "fpem/gci_graph_adj_std_after": 0.0, "fpem/gci_graph_align_weight": 0.0, "fpem/gci_graph_align_raw_mse": 0.0, "fpem/gci_graph_align_normalized": 0.0, "fpem/gci_edge_preserve_beta": 0.0, "fpem/gci_graph_align_target_available": 0.0, "fpem/gci_target_adj_mean": 0.0, "fpem/gci_target_adj_std": 0.0, "fpem/gci_target_edge_mean": 0.0, "fpem/gci_target_nonedge_mean": 0.0, "fpem/gci_target_diag_mean": 0.0, "fpem/gci_graph_align_updates_agcrn": 0.0, "fpem/gci_updates_graph_linear": 0.0, "fpem/gci_graph_construction_agcrn_softmax": 0.0, "fpem/scd_assoc_before_C": 0.0, "fpem/scd_assoc_after_C": 0.0, "fpem/scd_assoc_reduction": 0.0, "fpem/scd_relative_violation": 0.0, "fpem/sample_assoc_before_C": 0.0, "fpem/sample_assoc_after_C": 0.0, "fpem/sample_assoc_reduction": 0.0, "fpem/sample_dep_before_C": 0.0, "fpem/sample_dep_after_C": 0.0, "fpem/sample_dep_reduction": 0.0, "fpem/scd_batch_size": 0.0, "fpem/scd_sample_vector_dim": 0.0, "fpem/sample_kernel_alignment": 0.0, "fpem/scd_alignment_loss": 0.0, "fpem/load_level_experts_enabled": 1.0, "fpem/load_level_uses_target_or_future_load": 0.0, "fpem/environment_gate_uses_target_in_forward": 0.0, "fpem/load_level_env_residual_scale": 0.0, "fpem/uses_cached_observable_load_prior": 1.0, "fpem/primary_loss": 8.987030369894844, "fpem/inv_pred_loss": 9.217186846051897, "fpem/primary_uses_route": 1.0, "fpem/primary_uses_env_fusion": 0.0, "fpem/backbone_agcrn": 1.0, "fpem/backbone_graphwavenet": 0.0, "fpem/backbone_staeformer": 0.0, "fpem/gc_pred_loss_only": 1.0, "fpem/env_route_head_mode_hyper_proto": 1.0, "fpem/fpem_force_uniform_route": 0.0, "fpem/hard_prediction_sinkhorn_total_replaces_primary": 0.0, "fpem/hard_prediction_environment_sinkhorn_total_replaces_primary": 0.0, "fpem/warmup_risk_sinkhorn_total_replaces_primary": 0.0, "fpem/lambda_club_mi": 0.0}}
EPOCH {"epoch": 30, "train_loss": 1.3161163545790173, "val": {"loss": 11.823122501373291, "mae": 11.604348182678223, "mape": 0.18602201342582703}, "test_mixed": {"loss": NaN, "mae": NaN, "mape": NaN}, "test_workday": {"loss": NaN, "mae": NaN, "mape": NaN}, "test_holiday": {"loss": NaN, "mae": NaN, "mape": NaN}, "test_avg_mae": NaN, "best_selection_value": 11.823122501373291, "best_selection_split": "val", "best_selection_metric": "val_loss", "lr": 0.001, "fpem_logs": {"fpem/fpem_env_use_exogenous": 1.0, "fpem/env_exogenous_available": 1.0, "fpem/env_exogenous_time_available": 1.0, "fpem/env_exogenous_load_available": 1.0, "fpem/env_exogenous_feature_dim": 32.0, "fpem/env_exogenous_embedding_norm": 2.49498412722633, "fpem/env_exogenous_load_embedding_norm": 1.6422675087338403, "fpem/fpem_env_use_period_context": 1.0, "fpem/env_period_context_available": 1.0, "fpem/env_period_day_available_ratio": 0.9732142857142857, "fpem/env_period_week_available_ratio": 0.8244047619047619, "fpem/env_period_context_feature_dim": 6.0, "fpem/env_period_context_scale": 0.10000000149011612, "fpem/env_period_context_delta_norm": 0.20782210713341123, "fpem/env_period_context_day_diff_norm": 0.1627270520443008, "fpem/env_period_context_week_diff_norm": 0.1018899268692448, "fpem/env_rep_ablation_normal": 1.0, "fpem/env_rep_ablation_zero": 0.0, "fpem/env_rep_ablation_shuffle_batch": 0.0, "fpem/env_rep_ablation_mode_id": 0.0, "fpem/mask_loss": 0.0, "fpem/mask_sparse_loss": 0.0, "fpem/mask_entropy_loss": 0.0, "fpem/mask_mean": 1.0, "fpem/mask_entropy": 0.0, "fpem/mask_active_ratio": 1.0, "fpem/fusion_alpha_mean": 0.0, "fpem/fusion_alpha_std": 0.0, "fpem/fusion_alpha_min": 0.0, "fpem/fusion_alpha_max": 0.0, "fpem/env_route_loss": 1.3161163545790173, "fpem/env_route_L_final": 8.986779362814767, "fpem/env_route_L_global": 0.0, "fpem/env_route_L_route_soft": 0.0, "fpem/env_route_L_expert": 9.414025897071475, "fpem/env_route_L_router_oracle": 1.3161163545790173, "fpem/env_route_L_balance": 0.0, "fpem/env_route_L_diverse": 0.0, "fpem/env_route_L_proto_align": 0.0, "fpem/env_route_entropy": 0.0, "fpem/env_route_q_max_mean": 0.0, "fpem/hyper_alpha_mean": 0.0, "fpem/hyper_delta_norm": 0.0, "fpem/hyper_route_proto_mode_uniform_warmup": 0.0, "fpem/hyper_route_proto_mode_uniform_fixed": 0.0, "fpem/hyper_route_proto_mode_sinkhorn": 0.0, "fpem/hyper_route_proto_mode_softmax": 0.0, "fpem/fallback_q_mean": 0.0, "fpem/fallback_q_max": 0.0, "fpem/env_q_sum_mean": 1.0, "fpem/oracle_fallback_rate": 0.0, "fpem/route_count_fallback": 0.0, "fpem/env_route_head_mode": 1.0, "fpem/route_entropy_mean": 0.0, "fpem/route_mean_distribution_entropy": 0.0, "fpem/effective_expert_number": 1.0, "fpem/max_expert_usage_ratio": 0.0, "fpem/min_expert_usage_ratio": 0.0, "fpem/prototype_pairwise_cosine": 0.0, "fpem/expert_prediction_pairwise_cosine": 0.0, "fpem/expert_collapse_warning": 0.0, "fpem/env_route_target_mode_env_prototype": 0.0, "fpem/env_route_target_mode_hybrid": 0.0, "fpem/env_route_hybrid_alpha": 0.0, "fpem/env_route_train_mode_warmup_risk_sinkhorn": 0.0, "fpem/warmup_risk_stage_warmup": 0.0, "fpem/warmup_risk_stage_soft": 0.0, "fpem/warmup_risk_stage_hard": 0.0, "fpem/warmup_risk_selected_loss": 0.0, "fpem/warmup_risk_uniform_common_loss": 0.0, "fpem/warmup_risk_lambda_common": 0.0, "fpem/warmup_risk_total_common_term": 0.0, "fpem/warmup_risk_temperature": 0.0, "fpem/warmup_risk_temperature_progress": 0.0, "fpem/uniform_expert_mae": 0.0, "fpem/risk_routed_mae": 0.0, "fpem/risk_prediction_mae": 0.0, "fpem/risk_loss": 0.0, "fpem/risk_ranking_loss": 0.0, "fpem/risk_ranking_accuracy": 0.0, "fpem/risk_oracle_argmin_accuracy": 0.0, "fpem/risk_router_temperature": 0.0, "fpem/risk_router_lambda": 0.0, "fpem/risk_router_pairwise_lambda": 0.0, "fpem/env_route_train_mode_progressive_gmm_environment": 0.0, "fpem/top_level_prediction_source_progressive_gmm_teacher_hard": 0.0, "fpem/progressive_assignment_uses_target_or_prediction_error": 0.0, "fpem/progressive_partition_ready": 0.0, "fpem/progressive_selected_k": 0.0, "fpem/progressive_active_expert_count": 0.0, "fpem/progressive_last_partition_epoch": 0.0, "fpem/progressive_lambda_common": 0.0, "fpem/progressive_common_term": 0.0, "fpem/progressive_compactness_loss": 0.0, "fpem/progressive_consistency_loss": 0.0, "fpem/progressive_cluster_entropy": 0.0, "fpem/progressive_assignment_change_ratio": 0.0, "fpem/progressive_hungarian_overlap_score": 0.0, "fpem/progressive_partition_update_time_sec": 0.0, "fpem/progressive_routed_mae": 0.0, "fpem/progressive_gmm_environment_total_replaces_primary": 0.0, "fpem/env_route_count_head_0": 16.0, "fpem/env_route_oracle_count_head_0": 16.0, "fpem/route_count_env_head_0": 16.0, "fpem/route_soft_mean_expert_0": 1.0, "fpem/route_hard_count_expert_0": 16.0, "fpem/hard_count_expert_0": 16.0, "fpem/sinkhorn_soft_col_mass_expert_0": 0.0, "fpem/progressive_active_expert_0": 0.0, "fpem/progressive_cluster_size_0": 0.0, "fpem/progressive_cluster_ratio_0": 0.0, "fpem/progressive_cluster_to_expert_0": 0.0, "fpem/progressive_bic_k1": 0.0, "fpem/progressive_bic_score_k1": 0.0, "fpem/progressive_bic_rejected_k1": 0.0, "fpem/hyper_alpha_head_0": 0.0, "fpem/hyper_gamma_norm_head_0": 0.0, "fpem/hyper_beta_norm_head_0": 0.0, "fpem/expert_cross_mae_group_0_expert_0": 9.414025897071475, "fpem/load_expert_loss": 9.414025897071475, "fpem/counterfactual_risk_router_loss": 1.3161163545790173, "fpem/counterfactual_risk_regression_loss": 0.9678896102167311, "fpem/counterfactual_risk_ranking_loss": 0.6964534736814953, "fpem/load_level_assignment_detached": 1.0, "fpem/load_level_count_0": 1680.0, "fpem/load_level_ratio_0": 1.0, "fpem/expert_0_global_loss": 9.414025897071475, "fpem/expert_0_selected_loss": 9.414025897071475, "fpem/counterfactual_risk_stage2_active": 1.0, "fpem/counterfactual_risk_stage2_start_epoch": 20.0, "fpem/counterfactual_risk_all_environment_mae": 9.414025897071475, "fpem/counterfactual_risk_all_invariant_mae": 9.662237517038982, "fpem/counterfactual_risk_routed_mae": 9.50471578325544, "fpem/counterfactual_risk_oracle_mae": 9.378017080397832, "fpem/counterfactual_risk_router_accuracy": 0.5517857142857143, "fpem/counterfactual_risk_router_balanced_accuracy": 0.5200588046085267, "fpem/counterfactual_risk_inv_route_ratio": 0.4392857142857143, "fpem/counterfactual_risk_env_route_ratio": 0.5607142857142857, "fpem/counterfactual_risk_inv_switch_precision": 0.22411324580510458, "fpem/counterfactual_risk_correct_inv_switches": 1.5714285714285714, "fpem/counterfactual_risk_harmful_inv_switches": 5.457142857142857, "fpem/counterfactual_risk_saved_loss": 0.01788452778543745, "fpem/counterfactual_risk_added_loss": 0.10857444221065157, "fpem/counterfactual_risk_net_gain": -0.09068988618396577, "fpem/counterfactual_risk_regret": 0.1266987028576079, "fpem/counterfactual_risk_oracle_gap_closed": -5215.0896804795375, "fpem/counterfactual_risk_delta_mean": -0.24821157867000215, "fpem/counterfactual_risk_target_inv_ratio": 0.20535714285714285, "fpem/counterfactual_risk_weight_env_sum": 8.30476183664231, "fpem/counterfactual_risk_weight_inv_sum": 7.695238031659808, "fpem/counterfactual_risk_prediction_is_hard_route": 1.0, "fpem/counterfactual_risk_prediction_is_soft_fusion": 0.0, "fpem/counterfactual_risk_target_detached": 1.0, "fpem/counterfactual_risk_uses_threshold": 0.0, "fpem/counterfactual_risk_all_samples_used_for_router": 1.0, "fpem/hard_router_predicted_env_ratio": 0.5607142857142857, "fpem/hard_router_effective_env_ratio": 1.0, "fpem/hard_router_target_env_ratio": 0.7946428571428571, "fpem/hard_router_gain_mean": -0.24821157867000215, "fpem/expert_prediction_pairwise_difference": 0.0, "fpem/delta_pairwise_cosine": 0.0, "fpem/delta_pairwise_l1": 0.0, "fpem/delta_pairwise_l2": 0.0, "fpem/expert_0_parameter_norm": 14.882429122924805, "fpem/hard_binary_router_enabled": 0.0, "fpem/hard_router_uses_target_in_forward": 0.0, "fpem/stored_future_c_loaded": 0.0, "fpem/prediction_is_weighted_complete_fusion": 0.0, "fpem/prediction_is_hard_route": 1.0, "fpem/conservative_inv_override_enabled": 0.0, "fpem/conservative_router_features_detached": 1.0, "fpem/counterfactual_risk_router_enabled": 1.0, "fpem/counterfactual_risk_stage2_active_forward": 1.0, "fpem/counterfactual_risk_deploy_route_active": 0.0, "fpem/counterfactual_risk_training_uses_route": 0.0, "fpem/counterfactual_risk_forward_uses_threshold": 0.0, "fpem/future_mi_loss": 0.0, "fpem/future_mi_valid": 0.0, "fpem/future_mi_logvar_mean": 0.0, "fpem/future_mi_target_mode_env_encoder": 0.0, "fpem/swap_loss": 0.0, "fpem/swap_diff_loss": 0.0, "fpem/swap_same_loss": 0.0, "fpem/swap_gain_mean": 0.0, "fpem/swap_s_gain_mean": 0.0, "fpem/swap_fallback_router_loss": 0.0, "fpem/swap_fallback_q_mean": 0.0, "fpem/swap_prediction_delta": 0.0, "fpem/swap_route_delta": 0.0, "fpem/swap_hyper_alpha_delta": 0.0, "fpem/swap_hyper_delta_norm": 0.0, "fpem/loss_env_day": 0.0, "fpem/loss_env_hour": 0.0, "fpem/loss_env_rush": 0.0, "fpem/env_day_acc": 0.0, "fpem/env_hour_acc": 0.0, "fpem/env_rush_acc": 0.0, "fpem/loss_env_supcon": 0.0, "fpem/env_supcon_valid_pairs": 0.0, "fpem/loss_inv_env_adv": 0.0, "fpem/inv_day_acc": 0.0, "fpem/inv_hour_acc": 0.0, "fpem/inv_rush_acc": 0.0, "fpem/loss_cross_cov_sep": 0.0, "fpem/confounder_dep_enabled": 0.0, "fpem/confounder_dep_mode_gci": 0.0, "fpem/confounder_dep_mode_scd": 1.0, "fpem/confounder_dep_mode_both": 0.0, "fpem/confounder_dep_total": 0.0, "fpem/loss_gci": 0.0, "fpem/loss_gci_drop": 0.0, "fpem/loss_gci_keep": 0.0, "fpem/loss_gci_graph_align": 0.0, "fpem/loss_scd": 0.0, "fpem/loss_conf_kl": 0.0, "fpem/effective_gci_weight": 0.0, "fpem/effective_gci_graph_align_weight": 0.0, "fpem/effective_scd_weight": 0.0, "fpem/effective_conf_kl_weight": 0.0, "fpem/confounder_dep_ramp_factor": 0.0, "fpem/C_mean": 0.0, "fpem/C_std": 0.0, "fpem/C_norm": 0.0, "fpem/confounder_token_norm": 0.0, "fpem/confounder_variational": 0.0, "fpem/confounder_projection_trace": 0.0, "fpem/confounder_projection_ridge": 0.0, "fpem/confounder_projection_rank_dim": 0.0, "fpem/confounder_projection_calls": 0.0, "fpem/confounder_dep_detach_target": 0.0, "fpem/gci_nonedge_mass_before_C": 0.0, "fpem/gci_nonedge_mass_after_C": 0.0, "fpem/gci_nonedge_mass_reduction": 0.0, "fpem/gci_relative_violation": 0.0, "fpem/gci_edge_before_C": 0.0, "fpem/gci_edge_after_C": 0.0, "fpem/gci_nonedge_conn_before_C": 0.0, "fpem/gci_nonedge_conn_after_C": 0.0, "fpem/gci_nonedge_conn_reduction": 0.0, "fpem/gci_edge_conn_before_C": 0.0, "fpem/gci_edge_conn_after_C": 0.0, "fpem/gci_edge_conn_reduction": 0.0, "fpem/gci_nonedge_dep_before_C": 0.0, "fpem/gci_nonedge_dep_after_C": 0.0, "fpem/gci_nonedge_dep_reduction": 0.0, "fpem/gci_edge_dep_before_C": 0.0, "fpem/gci_edge_dep_after_C": 0.0, "fpem/gci_nonedge_count": 0.0, "fpem/gci_edge_count": 0.0, "fpem/gci_node_count": 0.0, "fpem/gci_node_vector_dim": 0.0, "fpem/gci_graph_embed_dim": 0.0, "fpem/gci_graph_embedding_norm_before": 0.0, "fpem/gci_graph_embedding_norm_after": 0.0, "fpem/gci_graph_embedding_std_before": 0.0, "fpem/gci_graph_embedding_std_after": 0.0, "fpem/gci_graph_adj_mean_before": 0.0, "fpem/gci_graph_adj_mean_after": 0.0, "fpem/gci_graph_adj_std_before": 0.0, "fpem/gci_graph_adj_std_after": 0.0, "fpem/gci_graph_align_weight": 0.0, "fpem/gci_graph_align_raw_mse": 0.0, "fpem/gci_graph_align_normalized": 0.0, "fpem/gci_edge_preserve_beta": 0.0, "fpem/gci_graph_align_target_available": 0.0, "fpem/gci_target_adj_mean": 0.0, "fpem/gci_target_adj_std": 0.0, "fpem/gci_target_edge_mean": 0.0, "fpem/gci_target_nonedge_mean": 0.0, "fpem/gci_target_diag_mean": 0.0, "fpem/gci_graph_align_updates_agcrn": 0.0, "fpem/gci_updates_graph_linear": 0.0, "fpem/gci_graph_construction_agcrn_softmax": 0.0, "fpem/scd_assoc_before_C": 0.0, "fpem/scd_assoc_after_C": 0.0, "fpem/scd_assoc_reduction": 0.0, "fpem/scd_relative_violation": 0.0, "fpem/sample_assoc_before_C": 0.0, "fpem/sample_assoc_after_C": 0.0, "fpem/sample_assoc_reduction": 0.0, "fpem/sample_dep_before_C": 0.0, "fpem/sample_dep_after_C": 0.0, "fpem/sample_dep_reduction": 0.0, "fpem/scd_batch_size": 0.0, "fpem/scd_sample_vector_dim": 0.0, "fpem/sample_kernel_alignment": 0.0, "fpem/scd_alignment_loss": 0.0, "fpem/load_level_experts_enabled": 1.0, "fpem/load_level_uses_target_or_future_load": 0.0, "fpem/environment_gate_uses_target_in_forward": 0.0, "fpem/load_level_env_residual_scale": 0.0, "fpem/uses_cached_observable_load_prior": 1.0, "fpem/primary_loss": 8.986779362814767, "fpem/inv_pred_loss": 9.21670602162679, "fpem/primary_uses_route": 1.0, "fpem/primary_uses_env_fusion": 0.0, "fpem/backbone_agcrn": 1.0, "fpem/backbone_graphwavenet": 0.0, "fpem/backbone_staeformer": 0.0, "fpem/gc_pred_loss_only": 1.0, "fpem/env_route_head_mode_hyper_proto": 1.0, "fpem/fpem_force_uniform_route": 0.0, "fpem/hard_prediction_sinkhorn_total_replaces_primary": 0.0, "fpem/hard_prediction_environment_sinkhorn_total_replaces_primary": 0.0, "fpem/warmup_risk_sinkhorn_total_replaces_primary": 0.0, "fpem/lambda_club_mi": 0.0}}
EPOCH {"epoch": 31, "train_loss": 1.2576604593367804, "val": {"loss": 11.821858750449287, "mae": 11.60317325592041, "mape": 0.1858278214931488}, "test_mixed": {"loss": NaN, "mae": NaN, "mape": NaN}, "test_workday": {"loss": NaN, "mae": NaN, "mape": NaN}, "test_holiday": {"loss": NaN, "mae": NaN, "mape": NaN}, "test_avg_mae": NaN, "best_selection_value": 11.821858750449287, "best_selection_split": "val", "best_selection_metric": "val_loss", "lr": 0.001, "fpem_logs": {"fpem/fpem_env_use_exogenous": 1.0, "fpem/env_exogenous_available": 1.0, "fpem/env_exogenous_time_available": 1.0, "fpem/env_exogenous_load_available": 1.0, "fpem/env_exogenous_feature_dim": 32.0, "fpem/env_exogenous_embedding_norm": 2.494984111331758, "fpem/env_exogenous_load_embedding_norm": 1.6422675212224325, "fpem/fpem_env_use_period_context": 1.0, "fpem/env_period_context_available": 1.0, "fpem/env_period_day_available_ratio": 0.9732142857142857, "fpem/env_period_week_available_ratio": 0.8244047619047619, "fpem/env_period_context_feature_dim": 6.0, "fpem/env_period_context_scale": 0.10000000149011612, "fpem/env_period_context_delta_norm": 0.2078221082687378, "fpem/env_period_context_day_diff_norm": 0.1627270533925011, "fpem/env_period_context_week_diff_norm": 0.1018899272595133, "fpem/env_rep_ablation_normal": 1.0, "fpem/env_rep_ablation_zero": 0.0, "fpem/env_rep_ablation_shuffle_batch": 0.0, "fpem/env_rep_ablation_mode_id": 0.0, "fpem/mask_loss": 0.0, "fpem/mask_sparse_loss": 0.0, "fpem/mask_entropy_loss": 0.0, "fpem/mask_mean": 1.0, "fpem/mask_entropy": 0.0, "fpem/mask_active_ratio": 1.0, "fpem/fusion_alpha_mean": 0.0, "fpem/fusion_alpha_std": 0.0, "fpem/fusion_alpha_min": 0.0, "fpem/fusion_alpha_max": 0.0, "fpem/env_route_loss": 1.2576604593367804, "fpem/env_route_L_final": 8.987332139696393, "fpem/env_route_L_global": 0.0, "fpem/env_route_L_route_soft": 0.0, "fpem/env_route_L_expert": 9.414025411151705, "fpem/env_route_L_router_oracle": 1.2576604593367804, "fpem/env_route_L_balance": 0.0, "fpem/env_route_L_diverse": 0.0, "fpem/env_route_L_proto_align": 0.0, "fpem/env_route_entropy": 0.0, "fpem/env_route_q_max_mean": 0.0, "fpem/hyper_alpha_mean": 0.0, "fpem/hyper_delta_norm": 0.0, "fpem/hyper_route_proto_mode_uniform_warmup": 0.0, "fpem/hyper_route_proto_mode_uniform_fixed": 0.0, "fpem/hyper_route_proto_mode_sinkhorn": 0.0, "fpem/hyper_route_proto_mode_softmax": 0.0, "fpem/fallback_q_mean": 0.0, "fpem/fallback_q_max": 0.0, "fpem/env_q_sum_mean": 1.0, "fpem/oracle_fallback_rate": 0.0, "fpem/route_count_fallback": 0.0, "fpem/env_route_head_mode": 1.0, "fpem/route_entropy_mean": 0.0, "fpem/route_mean_distribution_entropy": 0.0, "fpem/effective_expert_number": 1.0, "fpem/max_expert_usage_ratio": 0.0, "fpem/min_expert_usage_ratio": 0.0, "fpem/prototype_pairwise_cosine": 0.0, "fpem/expert_prediction_pairwise_cosine": 0.0, "fpem/expert_collapse_warning": 0.0, "fpem/env_route_target_mode_env_prototype": 0.0, "fpem/env_route_target_mode_hybrid": 0.0, "fpem/env_route_hybrid_alpha": 0.0, "fpem/env_route_train_mode_warmup_risk_sinkhorn": 0.0, "fpem/warmup_risk_stage_warmup": 0.0, "fpem/warmup_risk_stage_soft": 0.0, "fpem/warmup_risk_stage_hard": 0.0, "fpem/warmup_risk_selected_loss": 0.0, "fpem/warmup_risk_uniform_common_loss": 0.0, "fpem/warmup_risk_lambda_common": 0.0, "fpem/warmup_risk_total_common_term": 0.0, "fpem/warmup_risk_temperature": 0.0, "fpem/warmup_risk_temperature_progress": 0.0, "fpem/uniform_expert_mae": 0.0, "fpem/risk_routed_mae": 0.0, "fpem/risk_prediction_mae": 0.0, "fpem/risk_loss": 0.0, "fpem/risk_ranking_loss": 0.0, "fpem/risk_ranking_accuracy": 0.0, "fpem/risk_oracle_argmin_accuracy": 0.0, "fpem/risk_router_temperature": 0.0, "fpem/risk_router_lambda": 0.0, "fpem/risk_router_pairwise_lambda": 0.0, "fpem/env_route_train_mode_progressive_gmm_environment": 0.0, "fpem/top_level_prediction_source_progressive_gmm_teacher_hard": 0.0, "fpem/progressive_assignment_uses_target_or_prediction_error": 0.0, "fpem/progressive_partition_ready": 0.0, "fpem/progressive_selected_k": 0.0, "fpem/progressive_active_expert_count": 0.0, "fpem/progressive_last_partition_epoch": 0.0, "fpem/progressive_lambda_common": 0.0, "fpem/progressive_common_term": 0.0, "fpem/progressive_compactness_loss": 0.0, "fpem/progressive_consistency_loss": 0.0, "fpem/progressive_cluster_entropy": 0.0, "fpem/progressive_assignment_change_ratio": 0.0, "fpem/progressive_hungarian_overlap_score": 0.0, "fpem/progressive_partition_update_time_sec": 0.0, "fpem/progressive_routed_mae": 0.0, "fpem/progressive_gmm_environment_total_replaces_primary": 0.0, "fpem/env_route_count_head_0": 16.0, "fpem/env_route_oracle_count_head_0": 16.0, "fpem/route_count_env_head_0": 16.0, "fpem/route_soft_mean_expert_0": 1.0, "fpem/route_hard_count_expert_0": 16.0, "fpem/hard_count_expert_0": 16.0, "fpem/sinkhorn_soft_col_mass_expert_0": 0.0, "fpem/progressive_active_expert_0": 0.0, "fpem/progressive_cluster_size_0": 0.0, "fpem/progressive_cluster_ratio_0": 0.0, "fpem/progressive_cluster_to_expert_0": 0.0, "fpem/progressive_bic_k1": 0.0, "fpem/progressive_bic_score_k1": 0.0, "fpem/progressive_bic_rejected_k1": 0.0, "fpem/hyper_alpha_head_0": 0.0, "fpem/hyper_gamma_norm_head_0": 0.0, "fpem/hyper_beta_norm_head_0": 0.0, "fpem/expert_cross_mae_group_0_expert_0": 9.414025411151705, "fpem/load_expert_loss": 9.414025411151705, "fpem/counterfactual_risk_router_loss": 1.2576604593367804, "fpem/counterfactual_risk_regression_loss": 0.9098417480786641, "fpem/counterfactual_risk_ranking_loss": 0.6956374162719363, "fpem/load_level_assignment_detached": 1.0, "fpem/load_level_count_0": 1680.0, "fpem/load_level_ratio_0": 1.0, "fpem/expert_0_global_loss": 9.414025411151705, "fpem/expert_0_selected_loss": 9.414025411151705, "fpem/counterfactual_risk_stage2_active": 1.0, "fpem/counterfactual_risk_stage2_start_epoch": 20.0, "fpem/counterfactual_risk_all_environment_mae": 9.414025411151705, "fpem/counterfactual_risk_all_invariant_mae": 9.662237485249838, "fpem/counterfactual_risk_routed_mae": 9.512363224937802, "fpem/counterfactual_risk_oracle_mae": 9.378016539982386, "fpem/counterfactual_risk_router_accuracy": 0.5488095238095239, "fpem/counterfactual_risk_router_balanced_accuracy": 0.540606366168885, "fpem/counterfactual_risk_inv_route_ratio": 0.45416666666666666, "fpem/counterfactual_risk_env_route_ratio": 0.5458333333333333, "fpem/counterfactual_risk_inv_switch_precision": 0.22196510207085382, "fpem/counterfactual_risk_correct_inv_switches": 1.6666666666666667, "fpem/counterfactual_risk_harmful_inv_switches": 5.6, "fpem/counterfactual_risk_saved_loss": 0.018652466507185075, "fpem/counterfactual_risk_added_loss": 0.11699019443421137, "fpem/counterfactual_risk_net_gain": -0.09833781378609793, "fpem/counterfactual_risk_regret": 0.13434668495541527, "fpem/counterfactual_risk_oracle_gap_closed": -1241.329549990949, "fpem/counterfactual_risk_delta_mean": -0.24821205139160157, "fpem/counterfactual_risk_target_inv_ratio": 0.20535714285714285, "fpem/counterfactual_risk_weight_env_sum": 8.152380852472215, "fpem/counterfactual_risk_weight_inv_sum": 7.847618988582066, "fpem/counterfactual_risk_prediction_is_hard_route": 1.0, "fpem/counterfactual_risk_prediction_is_soft_fusion": 0.0, "fpem/counterfactual_risk_target_detached": 1.0, "fpem/counterfactual_risk_uses_threshold": 0.0, "fpem/counterfactual_risk_all_samples_used_for_router": 1.0, "fpem/hard_router_predicted_env_ratio": 0.5458333333333333, "fpem/hard_router_effective_env_ratio": 1.0, "fpem/hard_router_target_env_ratio": 0.7946428571428571, "fpem/hard_router_gain_mean": -0.24821205139160157, "fpem/expert_prediction_pairwise_difference": 0.0, "fpem/delta_pairwise_cosine": 0.0, "fpem/delta_pairwise_l1": 0.0, "fpem/delta_pairwise_l2": 0.0, "fpem/expert_0_parameter_norm": 14.882429122924805, "fpem/hard_binary_router_enabled": 0.0, "fpem/hard_router_uses_target_in_forward": 0.0, "fpem/stored_future_c_loaded": 0.0, "fpem/prediction_is_weighted_complete_fusion": 0.0, "fpem/prediction_is_hard_route": 1.0, "fpem/conservative_inv_override_enabled": 0.0, "fpem/conservative_router_features_detached": 1.0, "fpem/counterfactual_risk_router_enabled": 1.0, "fpem/counterfactual_risk_stage2_active_forward": 1.0, "fpem/counterfactual_risk_deploy_route_active": 0.0, "fpem/counterfactual_risk_training_uses_route": 0.0, "fpem/counterfactual_risk_forward_uses_threshold": 0.0, "fpem/future_mi_loss": 0.0, "fpem/future_mi_valid": 0.0, "fpem/future_mi_logvar_mean": 0.0, "fpem/future_mi_target_mode_env_encoder": 0.0, "fpem/swap_loss": 0.0, "fpem/swap_diff_loss": 0.0, "fpem/swap_same_loss": 0.0, "fpem/swap_gain_mean": 0.0, "fpem/swap_s_gain_mean": 0.0, "fpem/swap_fallback_router_loss": 0.0, "fpem/swap_fallback_q_mean": 0.0, "fpem/swap_prediction_delta": 0.0, "fpem/swap_route_delta": 0.0, "fpem/swap_hyper_alpha_delta": 0.0, "fpem/swap_hyper_delta_norm": 0.0, "fpem/loss_env_day": 0.0, "fpem/loss_env_hour": 0.0, "fpem/loss_env_rush": 0.0, "fpem/env_day_acc": 0.0, "fpem/env_hour_acc": 0.0, "fpem/env_rush_acc": 0.0, "fpem/loss_env_supcon": 0.0, "fpem/env_supcon_valid_pairs": 0.0, "fpem/loss_inv_env_adv": 0.0, "fpem/inv_day_acc": 0.0, "fpem/inv_hour_acc": 0.0, "fpem/inv_rush_acc": 0.0, "fpem/loss_cross_cov_sep": 0.0, "fpem/confounder_dep_enabled": 0.0, "fpem/confounder_dep_mode_gci": 0.0, "fpem/confounder_dep_mode_scd": 1.0, "fpem/confounder_dep_mode_both": 0.0, "fpem/confounder_dep_total": 0.0, "fpem/loss_gci": 0.0, "fpem/loss_gci_drop": 0.0, "fpem/loss_gci_keep": 0.0, "fpem/loss_gci_graph_align": 0.0, "fpem/loss_scd": 0.0, "fpem/loss_conf_kl": 0.0, "fpem/effective_gci_weight": 0.0, "fpem/effective_gci_graph_align_weight": 0.0, "fpem/effective_scd_weight": 0.0, "fpem/effective_conf_kl_weight": 0.0, "fpem/confounder_dep_ramp_factor": 0.0, "fpem/C_mean": 0.0, "fpem/C_std": 0.0, "fpem/C_norm": 0.0, "fpem/confounder_token_norm": 0.0, "fpem/confounder_variational": 0.0, "fpem/confounder_projection_trace": 0.0, "fpem/confounder_projection_ridge": 0.0, "fpem/confounder_projection_rank_dim": 0.0, "fpem/confounder_projection_calls": 0.0, "fpem/confounder_dep_detach_target": 0.0, "fpem/gci_nonedge_mass_before_C": 0.0, "fpem/gci_nonedge_mass_after_C": 0.0, "fpem/gci_nonedge_mass_reduction": 0.0, "fpem/gci_relative_violation": 0.0, "fpem/gci_edge_before_C": 0.0, "fpem/gci_edge_after_C": 0.0, "fpem/gci_nonedge_conn_before_C": 0.0, "fpem/gci_nonedge_conn_after_C": 0.0, "fpem/gci_nonedge_conn_reduction": 0.0, "fpem/gci_edge_conn_before_C": 0.0, "fpem/gci_edge_conn_after_C": 0.0, "fpem/gci_edge_conn_reduction": 0.0, "fpem/gci_nonedge_dep_before_C": 0.0, "fpem/gci_nonedge_dep_after_C": 0.0, "fpem/gci_nonedge_dep_reduction": 0.0, "fpem/gci_edge_dep_before_C": 0.0, "fpem/gci_edge_dep_after_C": 0.0, "fpem/gci_nonedge_count": 0.0, "fpem/gci_edge_count": 0.0, "fpem/gci_node_count": 0.0, "fpem/gci_node_vector_dim": 0.0, "fpem/gci_graph_embed_dim": 0.0, "fpem/gci_graph_embedding_norm_before": 0.0, "fpem/gci_graph_embedding_norm_after": 0.0, "fpem/gci_graph_embedding_std_before": 0.0, "fpem/gci_graph_embedding_std_after": 0.0, "fpem/gci_graph_adj_mean_before": 0.0, "fpem/gci_graph_adj_mean_after": 0.0, "fpem/gci_graph_adj_std_before": 0.0, "fpem/gci_graph_adj_std_after": 0.0, "fpem/gci_graph_align_weight": 0.0, "fpem/gci_graph_align_raw_mse": 0.0, "fpem/gci_graph_align_normalized": 0.0, "fpem/gci_edge_preserve_beta": 0.0, "fpem/gci_graph_align_target_available": 0.0, "fpem/gci_target_adj_mean": 0.0, "fpem/gci_target_adj_std": 0.0, "fpem/gci_target_edge_mean": 0.0, "fpem/gci_target_nonedge_mean": 0.0, "fpem/gci_target_diag_mean": 0.0, "fpem/gci_graph_align_updates_agcrn": 0.0, "fpem/gci_updates_graph_linear": 0.0, "fpem/gci_graph_construction_agcrn_softmax": 0.0, "fpem/scd_assoc_before_C": 0.0, "fpem/scd_assoc_after_C": 0.0, "fpem/scd_assoc_reduction": 0.0, "fpem/scd_relative_violation": 0.0, "fpem/sample_assoc_before_C": 0.0, "fpem/sample_assoc_after_C": 0.0, "fpem/sample_assoc_reduction": 0.0, "fpem/sample_dep_before_C": 0.0, "fpem/sample_dep_after_C": 0.0, "fpem/sample_dep_reduction": 0.0, "fpem/scd_batch_size": 0.0, "fpem/scd_sample_vector_dim": 0.0, "fpem/sample_kernel_alignment": 0.0, "fpem/scd_alignment_loss": 0.0, "fpem/load_level_experts_enabled": 1.0, "fpem/load_level_uses_target_or_future_load": 0.0, "fpem/environment_gate_uses_target_in_forward": 0.0, "fpem/load_level_env_residual_scale": 0.0, "fpem/uses_cached_observable_load_prior": 1.0, "fpem/primary_loss": 8.987332139696393, "fpem/inv_pred_loss": 9.217107227870397, "fpem/primary_uses_route": 1.0, "fpem/primary_uses_env_fusion": 0.0, "fpem/backbone_agcrn": 1.0, "fpem/backbone_graphwavenet": 0.0, "fpem/backbone_staeformer": 0.0, "fpem/gc_pred_loss_only": 1.0, "fpem/env_route_head_mode_hyper_proto": 1.0, "fpem/fpem_force_uniform_route": 0.0, "fpem/hard_prediction_sinkhorn_total_replaces_primary": 0.0, "fpem/hard_prediction_environment_sinkhorn_total_replaces_primary": 0.0, "fpem/warmup_risk_sinkhorn_total_replaces_primary": 0.0, "fpem/lambda_club_mi": 0.0}}
EPOCH {"epoch": 32, "train_loss": 1.2104190247399467, "val": {"loss": 11.802918646070692, "mae": 11.580667495727539, "mape": 0.18444189429283142}, "test_mixed": {"loss": NaN, "mae": NaN, "mape": NaN}, "test_workday": {"loss": NaN, "mae": NaN, "mape": NaN}, "test_holiday": {"loss": NaN, "mae": NaN, "mape": NaN}, "test_avg_mae": NaN, "best_selection_value": 11.802918646070692, "best_selection_split": "val", "best_selection_metric": "val_loss", "lr": 0.001, "fpem_logs": {"fpem/fpem_env_use_exogenous": 1.0, "fpem/env_exogenous_available": 1.0, "fpem/env_exogenous_time_available": 1.0, "fpem/env_exogenous_load_available": 1.0, "fpem/env_exogenous_feature_dim": 32.0, "fpem/env_exogenous_embedding_norm": 2.4949841317676364, "fpem/env_exogenous_load_embedding_norm": 1.6422675019218809, "fpem/fpem_env_use_period_context": 1.0, "fpem/env_period_context_available": 1.0, "fpem/env_period_day_available_ratio": 0.9732142857142857, "fpem/env_period_week_available_ratio": 0.8244047619047619, "fpem/env_period_context_feature_dim": 6.0, "fpem/env_period_context_scale": 0.10000000149011612, "fpem/env_period_context_delta_norm": 0.20782210869448525, "fpem/env_period_context_day_diff_norm": 0.1627270519733429, "fpem/env_period_context_week_diff_norm": 0.10188992715307645, "fpem/env_rep_ablation_normal": 1.0, "fpem/env_rep_ablation_zero": 0.0, "fpem/env_rep_ablation_shuffle_batch": 0.0, "fpem/env_rep_ablation_mode_id": 0.0, "fpem/mask_loss": 0.0, "fpem/mask_sparse_loss": 0.0, "fpem/mask_entropy_loss": 0.0, "fpem/mask_mean": 1.0, "fpem/mask_entropy": 0.0, "fpem/mask_active_ratio": 1.0, "fpem/fusion_alpha_mean": 0.0, "fpem/fusion_alpha_std": 0.0, "fpem/fusion_alpha_min": 0.0, "fpem/fusion_alpha_max": 0.0, "fpem/env_route_loss": 1.2104190247399467, "fpem/env_route_L_final": 8.984427252269926, "fpem/env_route_L_global": 0.0, "fpem/env_route_L_route_soft": 0.0, "fpem/env_route_L_expert": 9.414026301247732, "fpem/env_route_L_router_oracle": 1.2104190247399467, "fpem/env_route_L_balance": 0.0, "fpem/env_route_L_diverse": 0.0, "fpem/env_route_L_proto_align": 0.0, "fpem/env_route_entropy": 0.0, "fpem/env_route_q_max_mean": 0.0, "fpem/hyper_alpha_mean": 0.0, "fpem/hyper_delta_norm": 0.0, "fpem/hyper_route_proto_mode_uniform_warmup": 0.0, "fpem/hyper_route_proto_mode_uniform_fixed": 0.0, "fpem/hyper_route_proto_mode_sinkhorn": 0.0, "fpem/hyper_route_proto_mode_softmax": 0.0, "fpem/fallback_q_mean": 0.0, "fpem/fallback_q_max": 0.0, "fpem/env_q_sum_mean": 1.0, "fpem/oracle_fallback_rate": 0.0, "fpem/route_count_fallback": 0.0, "fpem/env_route_head_mode": 1.0, "fpem/route_entropy_mean": 0.0, "fpem/route_mean_distribution_entropy": 0.0, "fpem/effective_expert_number": 1.0, "fpem/max_expert_usage_ratio": 0.0, "fpem/min_expert_usage_ratio": 0.0, "fpem/prototype_pairwise_cosine": 0.0, "fpem/expert_prediction_pairwise_cosine": 0.0, "fpem/expert_collapse_warning": 0.0, "fpem/env_route_target_mode_env_prototype": 0.0, "fpem/env_route_target_mode_hybrid": 0.0, "fpem/env_route_hybrid_alpha": 0.0, "fpem/env_route_train_mode_warmup_risk_sinkhorn": 0.0, "fpem/warmup_risk_stage_warmup": 0.0, "fpem/warmup_risk_stage_soft": 0.0, "fpem/warmup_risk_stage_hard": 0.0, "fpem/warmup_risk_selected_loss": 0.0, "fpem/warmup_risk_uniform_common_loss": 0.0, "fpem/warmup_risk_lambda_common": 0.0, "fpem/warmup_risk_total_common_term": 0.0, "fpem/warmup_risk_temperature": 0.0, "fpem/warmup_risk_temperature_progress": 0.0, "fpem/uniform_expert_mae": 0.0, "fpem/risk_routed_mae": 0.0, "fpem/risk_prediction_mae": 0.0, "fpem/risk_loss": 0.0, "fpem/risk_ranking_loss": 0.0, "fpem/risk_ranking_accuracy": 0.0, "fpem/risk_oracle_argmin_accuracy": 0.0, "fpem/risk_router_temperature": 0.0, "fpem/risk_router_lambda": 0.0, "fpem/risk_router_pairwise_lambda": 0.0, "fpem/env_route_train_mode_progressive_gmm_environment": 0.0, "fpem/top_level_prediction_source_progressive_gmm_teacher_hard": 0.0, "fpem/progressive_assignment_uses_target_or_prediction_error": 0.0, "fpem/progressive_partition_ready": 0.0, "fpem/progressive_selected_k": 0.0, "fpem/progressive_active_expert_count": 0.0, "fpem/progressive_last_partition_epoch": 0.0, "fpem/progressive_lambda_common": 0.0, "fpem/progressive_common_term": 0.0, "fpem/progressive_compactness_loss": 0.0, "fpem/progressive_consistency_loss": 0.0, "fpem/progressive_cluster_entropy": 0.0, "fpem/progressive_assignment_change_ratio": 0.0, "fpem/progressive_hungarian_overlap_score": 0.0, "fpem/progressive_partition_update_time_sec": 0.0, "fpem/progressive_routed_mae": 0.0, "fpem/progressive_gmm_environment_total_replaces_primary": 0.0, "fpem/env_route_count_head_0": 16.0, "fpem/env_route_oracle_count_head_0": 16.0, "fpem/route_count_env_head_0": 16.0, "fpem/route_soft_mean_expert_0": 1.0, "fpem/route_hard_count_expert_0": 16.0, "fpem/hard_count_expert_0": 16.0, "fpem/sinkhorn_soft_col_mass_expert_0": 0.0, "fpem/progressive_active_expert_0": 0.0, "fpem/progressive_cluster_size_0": 0.0, "fpem/progressive_cluster_ratio_0": 0.0, "fpem/progressive_cluster_to_expert_0": 0.0, "fpem/progressive_bic_k1": 0.0, "fpem/progressive_bic_score_k1": 0.0, "fpem/progressive_bic_rejected_k1": 0.0, "fpem/hyper_alpha_head_0": 0.0, "fpem/hyper_gamma_norm_head_0": 0.0, "fpem/hyper_beta_norm_head_0": 0.0, "fpem/expert_cross_mae_group_0_expert_0": 9.414026301247732, "fpem/load_expert_loss": 9.414026301247732, "fpem/counterfactual_risk_router_loss": 1.2104190247399467, "fpem/counterfactual_risk_regression_loss": 0.8686453715676353, "fpem/counterfactual_risk_ranking_loss": 0.6835473066284543, "fpem/load_level_assignment_detached": 1.0, "fpem/load_level_count_0": 1680.0, "fpem/load_level_ratio_0": 1.0, "fpem/expert_0_global_loss": 9.414026301247732, "fpem/expert_0_selected_loss": 9.414026301247732, "fpem/counterfactual_risk_stage2_active": 1.0, "fpem/counterfactual_risk_stage2_start_epoch": 20.0, "fpem/counterfactual_risk_all_environment_mae": 9.414026301247732, "fpem/counterfactual_risk_all_invariant_mae": 9.662237480708532, "fpem/counterfactual_risk_routed_mae": 9.496469688415527, "fpem/counterfactual_risk_oracle_mae": 9.37801730292184, "fpem/counterfactual_risk_router_accuracy": 0.5797619047619048, "fpem/counterfactual_risk_router_balanced_accuracy": 0.5433549402725129, "fpem/counterfactual_risk_inv_route_ratio": 0.40535714285714286, "fpem/counterfactual_risk_env_route_ratio": 0.5946428571428571, "fpem/counterfactual_risk_inv_switch_precision": 0.229729929850215, "fpem/counterfactual_risk_correct_inv_switches": 1.5238095238095237, "fpem/counterfactual_risk_harmful_inv_switches": 4.961904761904762, "fpem/counterfactual_risk_saved_loss": 0.017759150976226445, "fpem/counterfactual_risk_added_loss": 0.10020269737357185, "fpem/counterfactual_risk_net_gain": -0.08244338716779437, "fpem/counterfactual_risk_regret": 0.11845238549368722, "fpem/counterfactual_risk_oracle_gap_closed": -5410.892676514813, "fpem/counterfactual_risk_delta_mean": -0.24821127511206129, "fpem/counterfactual_risk_target_inv_ratio": 0.20535714285714285, "fpem/counterfactual_risk_weight_env_sum": 8.38095228558495, "fpem/counterfactual_risk_weight_inv_sum": 7.619047560010638, "fpem/counterfactual_risk_prediction_is_hard_route": 1.0, "fpem/counterfactual_risk_prediction_is_soft_fusion": 0.0, "fpem/counterfactual_risk_target_detached": 1.0, "fpem/counterfactual_risk_uses_threshold": 0.0, "fpem/counterfactual_risk_all_samples_used_for_router": 1.0, "fpem/hard_router_predicted_env_ratio": 0.5946428571428571, "fpem/hard_router_effective_env_ratio": 1.0, "fpem/hard_router_target_env_ratio": 0.7946428571428571, "fpem/hard_router_gain_mean": -0.24821127511206129, "fpem/expert_prediction_pairwise_difference": 0.0, "fpem/delta_pairwise_cosine": 0.0, "fpem/delta_pairwise_l1": 0.0, "fpem/delta_pairwise_l2": 0.0, "fpem/expert_0_parameter_norm": 14.882429122924805, "fpem/hard_binary_router_enabled": 0.0, "fpem/hard_router_uses_target_in_forward": 0.0, "fpem/stored_future_c_loaded": 0.0, "fpem/prediction_is_weighted_complete_fusion": 0.0, "fpem/prediction_is_hard_route": 1.0, "fpem/conservative_inv_override_enabled": 0.0, "fpem/conservative_router_features_detached": 1.0, "fpem/counterfactual_risk_router_enabled": 1.0, "fpem/counterfactual_risk_stage2_active_forward": 1.0, "fpem/counterfactual_risk_deploy_route_active": 0.0, "fpem/counterfactual_risk_training_uses_route": 0.0, "fpem/counterfactual_risk_forward_uses_threshold": 0.0, "fpem/future_mi_loss": 0.0, "fpem/future_mi_valid": 0.0, "fpem/future_mi_logvar_mean": 0.0, "fpem/future_mi_target_mode_env_encoder": 0.0, "fpem/swap_loss": 0.0, "fpem/swap_diff_loss": 0.0, "fpem/swap_same_loss": 0.0, "fpem/swap_gain_mean": 0.0, "fpem/swap_s_gain_mean": 0.0, "fpem/swap_fallback_router_loss": 0.0, "fpem/swap_fallback_q_mean": 0.0, "fpem/swap_prediction_delta": 0.0, "fpem/swap_route_delta": 0.0, "fpem/swap_hyper_alpha_delta": 0.0, "fpem/swap_hyper_delta_norm": 0.0, "fpem/loss_env_day": 0.0, "fpem/loss_env_hour": 0.0, "fpem/loss_env_rush": 0.0, "fpem/env_day_acc": 0.0, "fpem/env_hour_acc": 0.0, "fpem/env_rush_acc": 0.0, "fpem/loss_env_supcon": 0.0, "fpem/env_supcon_valid_pairs": 0.0, "fpem/loss_inv_env_adv": 0.0, "fpem/inv_day_acc": 0.0, "fpem/inv_hour_acc": 0.0, "fpem/inv_rush_acc": 0.0, "fpem/loss_cross_cov_sep": 0.0, "fpem/confounder_dep_enabled": 0.0, "fpem/confounder_dep_mode_gci": 0.0, "fpem/confounder_dep_mode_scd": 1.0, "fpem/confounder_dep_mode_both": 0.0, "fpem/confounder_dep_total": 0.0, "fpem/loss_gci": 0.0, "fpem/loss_gci_drop": 0.0, "fpem/loss_gci_keep": 0.0, "fpem/loss_gci_graph_align": 0.0, "fpem/loss_scd": 0.0, "fpem/loss_conf_kl": 0.0, "fpem/effective_gci_weight": 0.0, "fpem/effective_gci_graph_align_weight": 0.0, "fpem/effective_scd_weight": 0.0, "fpem/effective_conf_kl_weight": 0.0, "fpem/confounder_dep_ramp_factor": 0.0, "fpem/C_mean": 0.0, "fpem/C_std": 0.0, "fpem/C_norm": 0.0, "fpem/confounder_token_norm": 0.0, "fpem/confounder_variational": 0.0, "fpem/confounder_projection_trace": 0.0, "fpem/confounder_projection_ridge": 0.0, "fpem/confounder_projection_rank_dim": 0.0, "fpem/confounder_projection_calls": 0.0, "fpem/confounder_dep_detach_target": 0.0, "fpem/gci_nonedge_mass_before_C": 0.0, "fpem/gci_nonedge_mass_after_C": 0.0, "fpem/gci_nonedge_mass_reduction": 0.0, "fpem/gci_relative_violation": 0.0, "fpem/gci_edge_before_C": 0.0, "fpem/gci_edge_after_C": 0.0, "fpem/gci_nonedge_conn_before_C": 0.0, "fpem/gci_nonedge_conn_after_C": 0.0, "fpem/gci_nonedge_conn_reduction": 0.0, "fpem/gci_edge_conn_before_C": 0.0, "fpem/gci_edge_conn_after_C": 0.0, "fpem/gci_edge_conn_reduction": 0.0, "fpem/gci_nonedge_dep_before_C": 0.0, "fpem/gci_nonedge_dep_after_C": 0.0, "fpem/gci_nonedge_dep_reduction": 0.0, "fpem/gci_edge_dep_before_C": 0.0, "fpem/gci_edge_dep_after_C": 0.0, "fpem/gci_nonedge_count": 0.0, "fpem/gci_edge_count": 0.0, "fpem/gci_node_count": 0.0, "fpem/gci_node_vector_dim": 0.0, "fpem/gci_graph_embed_dim": 0.0, "fpem/gci_graph_embedding_norm_before": 0.0, "fpem/gci_graph_embedding_norm_after": 0.0, "fpem/gci_graph_embedding_std_before": 0.0, "fpem/gci_graph_embedding_std_after": 0.0, "fpem/gci_graph_adj_mean_before": 0.0, "fpem/gci_graph_adj_mean_after": 0.0, "fpem/gci_graph_adj_std_before": 0.0, "fpem/gci_graph_adj_std_after": 0.0, "fpem/gci_graph_align_weight": 0.0, "fpem/gci_graph_align_raw_mse": 0.0, "fpem/gci_graph_align_normalized": 0.0, "fpem/gci_edge_preserve_beta": 0.0, "fpem/gci_graph_align_target_available": 0.0, "fpem/gci_target_adj_mean": 0.0, "fpem/gci_target_adj_std": 0.0, "fpem/gci_target_edge_mean": 0.0, "fpem/gci_target_nonedge_mean": 0.0, "fpem/gci_target_diag_mean": 0.0, "fpem/gci_graph_align_updates_agcrn": 0.0, "fpem/gci_updates_graph_linear": 0.0, "fpem/gci_graph_construction_agcrn_softmax": 0.0, "fpem/scd_assoc_before_C": 0.0, "fpem/scd_assoc_after_C": 0.0, "fpem/scd_assoc_reduction": 0.0, "fpem/scd_relative_violation": 0.0, "fpem/sample_assoc_before_C": 0.0, "fpem/sample_assoc_after_C": 0.0, "fpem/sample_assoc_reduction": 0.0, "fpem/sample_dep_before_C": 0.0, "fpem/sample_dep_after_C": 0.0, "fpem/sample_dep_reduction": 0.0, "fpem/scd_batch_size": 0.0, "fpem/scd_sample_vector_dim": 0.0, "fpem/sample_kernel_alignment": 0.0, "fpem/scd_alignment_loss": 0.0, "fpem/load_level_experts_enabled": 1.0, "fpem/load_level_uses_target_or_future_load": 0.0, "fpem/environment_gate_uses_target_in_forward": 0.0, "fpem/load_level_env_residual_scale": 0.0, "fpem/uses_cached_observable_load_prior": 1.0, "fpem/primary_loss": 8.984427252269926, "fpem/inv_pred_loss": 9.213863740648542, "fpem/primary_uses_route": 1.0, "fpem/primary_uses_env_fusion": 0.0, "fpem/backbone_agcrn": 1.0, "fpem/backbone_graphwavenet": 0.0, "fpem/backbone_staeformer": 0.0, "fpem/gc_pred_loss_only": 1.0, "fpem/env_route_head_mode_hyper_proto": 1.0, "fpem/fpem_force_uniform_route": 0.0, "fpem/hard_prediction_sinkhorn_total_replaces_primary": 0.0, "fpem/hard_prediction_environment_sinkhorn_total_replaces_primary": 0.0, "fpem/warmup_risk_sinkhorn_total_replaces_primary": 0.0, "fpem/lambda_club_mi": 0.0}}
EPOCH {"epoch": 33, "train_loss": 1.2514396903060732, "val": {"loss": 11.821013768513998, "mae": 11.602507591247559, "mape": 0.18577806651592255}, "test_mixed": {"loss": NaN, "mae": NaN, "mape": NaN}, "test_workday": {"loss": NaN, "mae": NaN, "mape": NaN}, "test_holiday": {"loss": NaN, "mae": NaN, "mape": NaN}, "test_avg_mae": NaN, "best_selection_value": 11.821013768513998, "best_selection_split": "val", "best_selection_metric": "val_loss", "lr": 0.001, "fpem_logs": {"fpem/fpem_env_use_exogenous": 1.0, "fpem/env_exogenous_available": 1.0, "fpem/env_exogenous_time_available": 1.0, "fpem/env_exogenous_load_available": 1.0, "fpem/env_exogenous_feature_dim": 32.0, "fpem/env_exogenous_embedding_norm": 2.4949841317676364, "fpem/env_exogenous_load_embedding_norm": 1.6422675098691668, "fpem/fpem_env_use_period_context": 1.0, "fpem/env_period_context_available": 1.0, "fpem/env_period_day_available_ratio": 0.9732142857142857, "fpem/env_period_week_available_ratio": 0.8244047619047619, "fpem/env_period_context_feature_dim": 6.0, "fpem/env_period_context_scale": 0.10000000149011612, "fpem/env_period_context_delta_norm": 0.20782210727532704, "fpem/env_period_context_day_diff_norm": 0.1627270514056796, "fpem/env_period_context_week_diff_norm": 0.10188992697568167, "fpem/env_rep_ablation_normal": 1.0, "fpem/env_rep_ablation_zero": 0.0, "fpem/env_rep_ablation_shuffle_batch": 0.0, "fpem/env_rep_ablation_mode_id": 0.0, "fpem/mask_loss": 0.0, "fpem/mask_sparse_loss": 0.0, "fpem/mask_entropy_loss": 0.0, "fpem/mask_mean": 1.0, "fpem/mask_entropy": 0.0, "fpem/mask_active_ratio": 1.0, "fpem/fusion_alpha_mean": 0.0, "fpem/fusion_alpha_std": 0.0, "fpem/fusion_alpha_min": 0.0, "fpem/fusion_alpha_max": 0.0, "fpem/env_route_loss": 1.2514396903060732, "fpem/env_route_L_final": 8.983041890462239, "fpem/env_route_L_global": 0.0, "fpem/env_route_L_route_soft": 0.0, "fpem/env_route_L_expert": 9.414025724501837, "fpem/env_route_L_router_oracle": 1.2514396903060732, "fpem/env_route_L_balance": 0.0, "fpem/env_route_L_diverse": 0.0, "fpem/env_route_L_proto_align": 0.0, "fpem/env_route_entropy": 0.0, "fpem/env_route_q_max_mean": 0.0, "fpem/hyper_alpha_mean": 0.0, "fpem/hyper_delta_norm": 0.0, "fpem/hyper_route_proto_mode_uniform_warmup": 0.0, "fpem/hyper_route_proto_mode_uniform_fixed": 0.0, "fpem/hyper_route_proto_mode_sinkhorn": 0.0, "fpem/hyper_route_proto_mode_softmax": 0.0, "fpem/fallback_q_mean": 0.0, "fpem/fallback_q_max": 0.0, "fpem/env_q_sum_mean": 1.0, "fpem/oracle_fallback_rate": 0.0, "fpem/route_count_fallback": 0.0, "fpem/env_route_head_mode": 1.0, "fpem/route_entropy_mean": 0.0, "fpem/route_mean_distribution_entropy": 0.0, "fpem/effective_expert_number": 1.0, "fpem/max_expert_usage_ratio": 0.0, "fpem/min_expert_usage_ratio": 0.0, "fpem/prototype_pairwise_cosine": 0.0, "fpem/expert_prediction_pairwise_cosine": 0.0, "fpem/expert_collapse_warning": 0.0, "fpem/env_route_target_mode_env_prototype": 0.0, "fpem/env_route_target_mode_hybrid": 0.0, "fpem/env_route_hybrid_alpha": 0.0, "fpem/env_route_train_mode_warmup_risk_sinkhorn": 0.0, "fpem/warmup_risk_stage_warmup": 0.0, "fpem/warmup_risk_stage_soft": 0.0, "fpem/warmup_risk_stage_hard": 0.0, "fpem/warmup_risk_selected_loss": 0.0, "fpem/warmup_risk_uniform_common_loss": 0.0, "fpem/warmup_risk_lambda_common": 0.0, "fpem/warmup_risk_total_common_term": 0.0, "fpem/warmup_risk_temperature": 0.0, "fpem/warmup_risk_temperature_progress": 0.0, "fpem/uniform_expert_mae": 0.0, "fpem/risk_routed_mae": 0.0, "fpem/risk_prediction_mae": 0.0, "fpem/risk_loss": 0.0, "fpem/risk_ranking_loss": 0.0, "fpem/risk_ranking_accuracy": 0.0, "fpem/risk_oracle_argmin_accuracy": 0.0, "fpem/risk_router_temperature": 0.0, "fpem/risk_router_lambda": 0.0, "fpem/risk_router_pairwise_lambda": 0.0, "fpem/env_route_train_mode_progressive_gmm_environment": 0.0, "fpem/top_level_prediction_source_progressive_gmm_teacher_hard": 0.0, "fpem/progressive_assignment_uses_target_or_prediction_error": 0.0, "fpem/progressive_partition_ready": 0.0, "fpem/progressive_selected_k": 0.0, "fpem/progressive_active_expert_count": 0.0, "fpem/progressive_last_partition_epoch": 0.0, "fpem/progressive_lambda_common": 0.0, "fpem/progressive_common_term": 0.0, "fpem/progressive_compactness_loss": 0.0, "fpem/progressive_consistency_loss": 0.0, "fpem/progressive_cluster_entropy": 0.0, "fpem/progressive_assignment_change_ratio": 0.0, "fpem/progressive_hungarian_overlap_score": 0.0, "fpem/progressive_partition_update_time_sec": 0.0, "fpem/progressive_routed_mae": 0.0, "fpem/progressive_gmm_environment_total_replaces_primary": 0.0, "fpem/env_route_count_head_0": 16.0, "fpem/env_route_oracle_count_head_0": 16.0, "fpem/route_count_env_head_0": 16.0, "fpem/route_soft_mean_expert_0": 1.0, "fpem/route_hard_count_expert_0": 16.0, "fpem/hard_count_expert_0": 16.0, "fpem/sinkhorn_soft_col_mass_expert_0": 0.0, "fpem/progressive_active_expert_0": 0.0, "fpem/progressive_cluster_size_0": 0.0, "fpem/progressive_cluster_ratio_0": 0.0, "fpem/progressive_cluster_to_expert_0": 0.0, "fpem/progressive_bic_k1": 0.0, "fpem/progressive_bic_score_k1": 0.0, "fpem/progressive_bic_rejected_k1": 0.0, "fpem/hyper_alpha_head_0": 0.0, "fpem/hyper_gamma_norm_head_0": 0.0, "fpem/hyper_beta_norm_head_0": 0.0, "fpem/expert_cross_mae_group_0_expert_0": 9.414025724501837, "fpem/load_expert_loss": 9.414025724501837, "fpem/counterfactual_risk_router_loss": 1.2514396903060732, "fpem/counterfactual_risk_regression_loss": 0.9150865106355577, "fpem/counterfactual_risk_ranking_loss": 0.6727063661529904, "fpem/load_level_assignment_detached": 1.0, "fpem/load_level_count_0": 1680.0, "fpem/load_level_ratio_0": 1.0, "fpem/expert_0_global_loss": 9.414025724501837, "fpem/expert_0_selected_loss": 9.414025724501837, "fpem/counterfactual_risk_stage2_active": 1.0, "fpem/counterfactual_risk_stage2_start_epoch": 20.0, "fpem/counterfactual_risk_all_environment_mae": 9.414025724501837, "fpem/counterfactual_risk_all_invariant_mae": 9.662237439836774, "fpem/counterfactual_risk_routed_mae": 9.492137986137754, "fpem/counterfactual_risk_oracle_mae": 9.378016794295538, "fpem/counterfactual_risk_router_accuracy": 0.5857142857142857, "fpem/counterfactual_risk_router_balanced_accuracy": 0.5598544857331684, "fpem/counterfactual_risk_inv_route_ratio": 0.41964285714285715, "fpem/counterfactual_risk_env_route_ratio": 0.5803571428571429, "fpem/counterfactual_risk_inv_switch_precision": 0.2561932292012941, "fpem/counterfactual_risk_correct_inv_switches": 1.6857142857142857, "fpem/counterfactual_risk_harmful_inv_switches": 5.0285714285714285, "fpem/counterfactual_risk_saved_loss": 0.020350179360026404, "fpem/counterfactual_risk_added_loss": 0.09846245575518835, "fpem/counterfactual_risk_net_gain": -0.07811226163591657, "fpem/counterfactual_risk_regret": 0.1141211918422154, "fpem/counterfactual_risk_oracle_gap_closed": -1238.5963646431364, "fpem/counterfactual_risk_delta_mean": -0.24821178373836336, "fpem/counterfactual_risk_target_inv_ratio": 0.20535714285714285, "fpem/counterfactual_risk_weight_env_sum": 8.076190430777414, "fpem/counterfactual_risk_weight_inv_sum": 7.923809487479073, "fpem/counterfactual_risk_prediction_is_hard_route": 1.0, "fpem/counterfactual_risk_prediction_is_soft_fusion": 0.0, "fpem/counterfactual_risk_target_detached": 1.0, "fpem/counterfactual_risk_uses_threshold": 0.0, "fpem/counterfactual_risk_all_samples_used_for_router": 1.0, "fpem/hard_router_predicted_env_ratio": 0.5803571428571429, "fpem/hard_router_effective_env_ratio": 1.0, "fpem/hard_router_target_env_ratio": 0.7946428571428571, "fpem/hard_router_gain_mean": -0.24821178373836336, "fpem/expert_prediction_pairwise_difference": 0.0, "fpem/delta_pairwise_cosine": 0.0, "fpem/delta_pairwise_l1": 0.0, "fpem/delta_pairwise_l2": 0.0, "fpem/expert_0_parameter_norm": 14.882429122924805, "fpem/hard_binary_router_enabled": 0.0, "fpem/hard_router_uses_target_in_forward": 0.0, "fpem/stored_future_c_loaded": 0.0, "fpem/prediction_is_weighted_complete_fusion": 0.0, "fpem/prediction_is_hard_route": 1.0, "fpem/conservative_inv_override_enabled": 0.0, "fpem/conservative_router_features_detached": 1.0, "fpem/counterfactual_risk_router_enabled": 1.0, "fpem/counterfactual_risk_stage2_active_forward": 1.0, "fpem/counterfactual_risk_deploy_route_active": 0.0, "fpem/counterfactual_risk_training_uses_route": 0.0, "fpem/counterfactual_risk_forward_uses_threshold": 0.0, "fpem/future_mi_loss": 0.0, "fpem/future_mi_valid": 0.0, "fpem/future_mi_logvar_mean": 0.0, "fpem/future_mi_target_mode_env_encoder": 0.0, "fpem/swap_loss": 0.0, "fpem/swap_diff_loss": 0.0, "fpem/swap_same_loss": 0.0, "fpem/swap_gain_mean": 0.0, "fpem/swap_s_gain_mean": 0.0, "fpem/swap_fallback_router_loss": 0.0, "fpem/swap_fallback_q_mean": 0.0, "fpem/swap_prediction_delta": 0.0, "fpem/swap_route_delta": 0.0, "fpem/swap_hyper_alpha_delta": 0.0, "fpem/swap_hyper_delta_norm": 0.0, "fpem/loss_env_day": 0.0, "fpem/loss_env_hour": 0.0, "fpem/loss_env_rush": 0.0, "fpem/env_day_acc": 0.0, "fpem/env_hour_acc": 0.0, "fpem/env_rush_acc": 0.0, "fpem/loss_env_supcon": 0.0, "fpem/env_supcon_valid_pairs": 0.0, "fpem/loss_inv_env_adv": 0.0, "fpem/inv_day_acc": 0.0, "fpem/inv_hour_acc": 0.0, "fpem/inv_rush_acc": 0.0, "fpem/loss_cross_cov_sep": 0.0, "fpem/confounder_dep_enabled": 0.0, "fpem/confounder_dep_mode_gci": 0.0, "fpem/confounder_dep_mode_scd": 1.0, "fpem/confounder_dep_mode_both": 0.0, "fpem/confounder_dep_total": 0.0, "fpem/loss_gci": 0.0, "fpem/loss_gci_drop": 0.0, "fpem/loss_gci_keep": 0.0, "fpem/loss_gci_graph_align": 0.0, "fpem/loss_scd": 0.0, "fpem/loss_conf_kl": 0.0, "fpem/effective_gci_weight": 0.0, "fpem/effective_gci_graph_align_weight": 0.0, "fpem/effective_scd_weight": 0.0, "fpem/effective_conf_kl_weight": 0.0, "fpem/confounder_dep_ramp_factor": 0.0, "fpem/C_mean": 0.0, "fpem/C_std": 0.0, "fpem/C_norm": 0.0, "fpem/confounder_token_norm": 0.0, "fpem/confounder_variational": 0.0, "fpem/confounder_projection_trace": 0.0, "fpem/confounder_projection_ridge": 0.0, "fpem/confounder_projection_rank_dim": 0.0, "fpem/confounder_projection_calls": 0.0, "fpem/confounder_dep_detach_target": 0.0, "fpem/gci_nonedge_mass_before_C": 0.0, "fpem/gci_nonedge_mass_after_C": 0.0, "fpem/gci_nonedge_mass_reduction": 0.0, "fpem/gci_relative_violation": 0.0, "fpem/gci_edge_before_C": 0.0, "fpem/gci_edge_after_C": 0.0, "fpem/gci_nonedge_conn_before_C": 0.0, "fpem/gci_nonedge_conn_after_C": 0.0, "fpem/gci_nonedge_conn_reduction": 0.0, "fpem/gci_edge_conn_before_C": 0.0, "fpem/gci_edge_conn_after_C": 0.0, "fpem/gci_edge_conn_reduction": 0.0, "fpem/gci_nonedge_dep_before_C": 0.0, "fpem/gci_nonedge_dep_after_C": 0.0, "fpem/gci_nonedge_dep_reduction": 0.0, "fpem/gci_edge_dep_before_C": 0.0, "fpem/gci_edge_dep_after_C": 0.0, "fpem/gci_nonedge_count": 0.0, "fpem/gci_edge_count": 0.0, "fpem/gci_node_count": 0.0, "fpem/gci_node_vector_dim": 0.0, "fpem/gci_graph_embed_dim": 0.0, "fpem/gci_graph_embedding_norm_before": 0.0, "fpem/gci_graph_embedding_norm_after": 0.0, "fpem/gci_graph_embedding_std_before": 0.0, "fpem/gci_graph_embedding_std_after": 0.0, "fpem/gci_graph_adj_mean_before": 0.0, "fpem/gci_graph_adj_mean_after": 0.0, "fpem/gci_graph_adj_std_before": 0.0, "fpem/gci_graph_adj_std_after": 0.0, "fpem/gci_graph_align_weight": 0.0, "fpem/gci_graph_align_raw_mse": 0.0, "fpem/gci_graph_align_normalized": 0.0, "fpem/gci_edge_preserve_beta": 0.0, "fpem/gci_graph_align_target_available": 0.0, "fpem/gci_target_adj_mean": 0.0, "fpem/gci_target_adj_std": 0.0, "fpem/gci_target_edge_mean": 0.0, "fpem/gci_target_nonedge_mean": 0.0, "fpem/gci_target_diag_mean": 0.0, "fpem/gci_graph_align_updates_agcrn": 0.0, "fpem/gci_updates_graph_linear": 0.0, "fpem/gci_graph_construction_agcrn_softmax": 0.0, "fpem/scd_assoc_before_C": 0.0, "fpem/scd_assoc_after_C": 0.0, "fpem/scd_assoc_reduction": 0.0, "fpem/scd_relative_violation": 0.0, "fpem/sample_assoc_before_C": 0.0, "fpem/sample_assoc_after_C": 0.0, "fpem/sample_assoc_reduction": 0.0, "fpem/sample_dep_before_C": 0.0, "fpem/sample_dep_after_C": 0.0, "fpem/sample_dep_reduction": 0.0, "fpem/scd_batch_size": 0.0, "fpem/scd_sample_vector_dim": 0.0, "fpem/sample_kernel_alignment": 0.0, "fpem/scd_alignment_loss": 0.0, "fpem/load_level_experts_enabled": 1.0, "fpem/load_level_uses_target_or_future_load": 0.0, "fpem/environment_gate_uses_target_in_forward": 0.0, "fpem/load_level_env_residual_scale": 0.0, "fpem/uses_cached_observable_load_prior": 1.0, "fpem/primary_loss": 8.983041890462239, "fpem/inv_pred_loss": 9.212811883290609, "fpem/primary_uses_route": 1.0, "fpem/primary_uses_env_fusion": 0.0, "fpem/backbone_agcrn": 1.0, "fpem/backbone_graphwavenet": 0.0, "fpem/backbone_staeformer": 0.0, "fpem/gc_pred_loss_only": 1.0, "fpem/env_route_head_mode_hyper_proto": 1.0, "fpem/fpem_force_uniform_route": 0.0, "fpem/hard_prediction_sinkhorn_total_replaces_primary": 0.0, "fpem/hard_prediction_environment_sinkhorn_total_replaces_primary": 0.0, "fpem/warmup_risk_sinkhorn_total_replaces_primary": 0.0, "fpem/lambda_club_mi": 0.0}}
EPOCH {"epoch": 34, "train_loss": 1.281942337467557, "val": {"loss": 11.817699485354954, "mae": 11.59896469116211, "mape": 0.18547560274600983}, "test_mixed": {"loss": NaN, "mae": NaN, "mape": NaN}, "test_workday": {"loss": NaN, "mae": NaN, "mape": NaN}, "test_holiday": {"loss": NaN, "mae": NaN, "mape": NaN}, "test_avg_mae": NaN, "best_selection_value": 11.817699485354954, "best_selection_split": "val", "best_selection_metric": "val_loss", "lr": 0.001, "fpem_logs": {"fpem/fpem_env_use_exogenous": 1.0, "fpem/env_exogenous_available": 1.0, "fpem/env_exogenous_time_available": 1.0, "fpem/env_exogenous_load_available": 1.0, "fpem/env_exogenous_feature_dim": 32.0, "fpem/env_exogenous_embedding_norm": 2.4949841204143706, "fpem/env_exogenous_load_embedding_norm": 1.6422675212224325, "fpem/fpem_env_use_period_context": 1.0, "fpem/env_period_context_available": 1.0, "fpem/env_period_day_available_ratio": 0.9732142857142857, "fpem/env_period_week_available_ratio": 0.8244047619047619, "fpem/env_period_context_feature_dim": 6.0, "fpem/env_period_context_scale": 0.10000000149011612, "fpem/env_period_context_delta_norm": 0.20782210855256944, "fpem/env_period_context_day_diff_norm": 0.1627270512637638, "fpem/env_period_context_week_diff_norm": 0.10188992711759749, "fpem/env_rep_ablation_normal": 1.0, "fpem/env_rep_ablation_zero": 0.0, "fpem/env_rep_ablation_shuffle_batch": 0.0, "fpem/env_rep_ablation_mode_id": 0.0, "fpem/mask_loss": 0.0, "fpem/mask_sparse_loss": 0.0, "fpem/mask_entropy_loss": 0.0, "fpem/mask_mean": 1.0, "fpem/mask_entropy": 0.0, "fpem/mask_active_ratio": 1.0, "fpem/fusion_alpha_mean": 0.0, "fpem/fusion_alpha_std": 0.0, "fpem/fusion_alpha_min": 0.0, "fpem/fusion_alpha_max": 0.0, "fpem/env_route_loss": 1.281942337467557, "fpem/env_route_L_final": 8.981507360367548, "fpem/env_route_L_global": 0.0, "fpem/env_route_L_route_soft": 0.0, "fpem/env_route_L_expert": 9.414025679088773, "fpem/env_route_L_router_oracle": 1.281942337467557, "fpem/env_route_L_balance": 0.0, "fpem/env_route_L_diverse": 0.0, "fpem/env_route_L_proto_align": 0.0, "fpem/env_route_entropy": 0.0, "fpem/env_route_q_max_mean": 0.0, "fpem/hyper_alpha_mean": 0.0, "fpem/hyper_delta_norm": 0.0, "fpem/hyper_route_proto_mode_uniform_warmup": 0.0, "fpem/hyper_route_proto_mode_uniform_fixed": 0.0, "fpem/hyper_route_proto_mode_sinkhorn": 0.0, "fpem/hyper_route_proto_mode_softmax": 0.0, "fpem/fallback_q_mean": 0.0, "fpem/fallback_q_max": 0.0, "fpem/env_q_sum_mean": 1.0, "fpem/oracle_fallback_rate": 0.0, "fpem/route_count_fallback": 0.0, "fpem/env_route_head_mode": 1.0, "fpem/route_entropy_mean": 0.0, "fpem/route_mean_distribution_entropy": 0.0, "fpem/effective_expert_number": 1.0, "fpem/max_expert_usage_ratio": 0.0, "fpem/min_expert_usage_ratio": 0.0, "fpem/prototype_pairwise_cosine": 0.0, "fpem/expert_prediction_pairwise_cosine": 0.0, "fpem/expert_collapse_warning": 0.0, "fpem/env_route_target_mode_env_prototype": 0.0, "fpem/env_route_target_mode_hybrid": 0.0, "fpem/env_route_hybrid_alpha": 0.0, "fpem/env_route_train_mode_warmup_risk_sinkhorn": 0.0, "fpem/warmup_risk_stage_warmup": 0.0, "fpem/warmup_risk_stage_soft": 0.0, "fpem/warmup_risk_stage_hard": 0.0, "fpem/warmup_risk_selected_loss": 0.0, "fpem/warmup_risk_uniform_common_loss": 0.0, "fpem/warmup_risk_lambda_common": 0.0, "fpem/warmup_risk_total_common_term": 0.0, "fpem/warmup_risk_temperature": 0.0, "fpem/warmup_risk_temperature_progress": 0.0, "fpem/uniform_expert_mae": 0.0, "fpem/risk_routed_mae": 0.0, "fpem/risk_prediction_mae": 0.0, "fpem/risk_loss": 0.0, "fpem/risk_ranking_loss": 0.0, "fpem/risk_ranking_accuracy": 0.0, "fpem/risk_oracle_argmin_accuracy": 0.0, "fpem/risk_router_temperature": 0.0, "fpem/risk_router_lambda": 0.0, "fpem/risk_router_pairwise_lambda": 0.0, "fpem/env_route_train_mode_progressive_gmm_environment": 0.0, "fpem/top_level_prediction_source_progressive_gmm_teacher_hard": 0.0, "fpem/progressive_assignment_uses_target_or_prediction_error": 0.0, "fpem/progressive_partition_ready": 0.0, "fpem/progressive_selected_k": 0.0, "fpem/progressive_active_expert_count": 0.0, "fpem/progressive_last_partition_epoch": 0.0, "fpem/progressive_lambda_common": 0.0, "fpem/progressive_common_term": 0.0, "fpem/progressive_compactness_loss": 0.0, "fpem/progressive_consistency_loss": 0.0, "fpem/progressive_cluster_entropy": 0.0, "fpem/progressive_assignment_change_ratio": 0.0, "fpem/progressive_hungarian_overlap_score": 0.0, "fpem/progressive_partition_update_time_sec": 0.0, "fpem/progressive_routed_mae": 0.0, "fpem/progressive_gmm_environment_total_replaces_primary": 0.0, "fpem/env_route_count_head_0": 16.0, "fpem/env_route_oracle_count_head_0": 16.0, "fpem/route_count_env_head_0": 16.0, "fpem/route_soft_mean_expert_0": 1.0, "fpem/route_hard_count_expert_0": 16.0, "fpem/hard_count_expert_0": 16.0, "fpem/sinkhorn_soft_col_mass_expert_0": 0.0, "fpem/progressive_active_expert_0": 0.0, "fpem/progressive_cluster_size_0": 0.0, "fpem/progressive_cluster_ratio_0": 0.0, "fpem/progressive_cluster_to_expert_0": 0.0, "fpem/progressive_bic_k1": 0.0, "fpem/progressive_bic_score_k1": 0.0, "fpem/progressive_bic_rejected_k1": 0.0, "fpem/hyper_alpha_head_0": 0.0, "fpem/hyper_gamma_norm_head_0": 0.0, "fpem/hyper_beta_norm_head_0": 0.0, "fpem/expert_cross_mae_group_0_expert_0": 9.414025679088773, "fpem/load_expert_loss": 9.414025679088773, "fpem/counterfactual_risk_router_loss": 1.281942337467557, "fpem/counterfactual_risk_regression_loss": 0.9327020771446682, "fpem/counterfactual_risk_ranking_loss": 0.6984805220649356, "fpem/load_level_assignment_detached": 1.0, "fpem/load_level_count_0": 1680.0, "fpem/load_level_ratio_0": 1.0, "fpem/expert_0_global_loss": 9.414025679088773, "fpem/expert_0_selected_loss": 9.414025679088773, "fpem/counterfactual_risk_stage2_active": 1.0, "fpem/counterfactual_risk_stage2_start_epoch": 20.0, "fpem/counterfactual_risk_all_environment_mae": 9.414025679088773, "fpem/counterfactual_risk_all_invariant_mae": 9.662237503415062, "fpem/counterfactual_risk_routed_mae": 9.520432944524856, "fpem/counterfactual_risk_oracle_mae": 9.378016812460762, "fpem/counterfactual_risk_router_accuracy": 0.5303571428571429, "fpem/counterfactual_risk_router_balanced_accuracy": 0.5225548524232138, "fpem/counterfactual_risk_inv_route_ratio": 0.47619047619047616, "fpem/counterfactual_risk_env_route_ratio": 0.5238095238095238, "fpem/counterfactual_risk_inv_switch_precision": 0.22403718488556998, "fpem/counterfactual_risk_correct_inv_switches": 1.6952380952380952, "fpem/counterfactual_risk_harmful_inv_switches": 5.923809523809524, "fpem/counterfactual_risk_saved_loss": 0.017318746731394812, "fpem/counterfactual_risk_added_loss": 0.12372601543154035, "fpem/counterfactual_risk_net_gain": -0.10640726543608166, "fpem/counterfactual_risk_regret": 0.14241613206409273, "fpem/counterfactual_risk_oracle_gap_closed": -4000.8310210680033, "fpem/counterfactual_risk_delta_mean": -0.2482118009101777, "fpem/counterfactual_risk_target_inv_ratio": 0.20535714285714285, "fpem/counterfactual_risk_weight_env_sum": 8.228571324121384, "fpem/counterfactual_risk_weight_inv_sum": 7.771428535098122, "fpem/counterfactual_risk_prediction_is_hard_route": 1.0, "fpem/counterfactual_risk_prediction_is_soft_fusion": 0.0, "fpem/counterfactual_risk_target_detached": 1.0, "fpem/counterfactual_risk_uses_threshold": 0.0, "fpem/counterfactual_risk_all_samples_used_for_router": 1.0, "fpem/hard_router_predicted_env_ratio": 0.5238095238095238, "fpem/hard_router_effective_env_ratio": 1.0, "fpem/hard_router_target_env_ratio": 0.7946428571428571, "fpem/hard_router_gain_mean": -0.2482118009101777, "fpem/expert_prediction_pairwise_difference": 0.0, "fpem/delta_pairwise_cosine": 0.0, "fpem/delta_pairwise_l1": 0.0, "fpem/delta_pairwise_l2": 0.0, "fpem/expert_0_parameter_norm": 14.882429122924805, "fpem/hard_binary_router_enabled": 0.0, "fpem/hard_router_uses_target_in_forward": 0.0, "fpem/stored_future_c_loaded": 0.0, "fpem/prediction_is_weighted_complete_fusion": 0.0, "fpem/prediction_is_hard_route": 1.0, "fpem/conservative_inv_override_enabled": 0.0, "fpem/conservative_router_features_detached": 1.0, "fpem/counterfactual_risk_router_enabled": 1.0, "fpem/counterfactual_risk_stage2_active_forward": 1.0, "fpem/counterfactual_risk_deploy_route_active": 0.0, "fpem/counterfactual_risk_training_uses_route": 0.0, "fpem/counterfactual_risk_forward_uses_threshold": 0.0, "fpem/future_mi_loss": 0.0, "fpem/future_mi_valid": 0.0, "fpem/future_mi_logvar_mean": 0.0, "fpem/future_mi_target_mode_env_encoder": 0.0, "fpem/swap_loss": 0.0, "fpem/swap_diff_loss": 0.0, "fpem/swap_same_loss": 0.0, "fpem/swap_gain_mean": 0.0, "fpem/swap_s_gain_mean": 0.0, "fpem/swap_fallback_router_loss": 0.0, "fpem/swap_fallback_q_mean": 0.0, "fpem/swap_prediction_delta": 0.0, "fpem/swap_route_delta": 0.0, "fpem/swap_hyper_alpha_delta": 0.0, "fpem/swap_hyper_delta_norm": 0.0, "fpem/loss_env_day": 0.0, "fpem/loss_env_hour": 0.0, "fpem/loss_env_rush": 0.0, "fpem/env_day_acc": 0.0, "fpem/env_hour_acc": 0.0, "fpem/env_rush_acc": 0.0, "fpem/loss_env_supcon": 0.0, "fpem/env_supcon_valid_pairs": 0.0, "fpem/loss_inv_env_adv": 0.0, "fpem/inv_day_acc": 0.0, "fpem/inv_hour_acc": 0.0, "fpem/inv_rush_acc": 0.0, "fpem/loss_cross_cov_sep": 0.0, "fpem/confounder_dep_enabled": 0.0, "fpem/confounder_dep_mode_gci": 0.0, "fpem/confounder_dep_mode_scd": 1.0, "fpem/confounder_dep_mode_both": 0.0, "fpem/confounder_dep_total": 0.0, "fpem/loss_gci": 0.0, "fpem/loss_gci_drop": 0.0, "fpem/loss_gci_keep": 0.0, "fpem/loss_gci_graph_align": 0.0, "fpem/loss_scd": 0.0, "fpem/loss_conf_kl": 0.0, "fpem/effective_gci_weight": 0.0, "fpem/effective_gci_graph_align_weight": 0.0, "fpem/effective_scd_weight": 0.0, "fpem/effective_conf_kl_weight": 0.0, "fpem/confounder_dep_ramp_factor": 0.0, "fpem/C_mean": 0.0, "fpem/C_std": 0.0, "fpem/C_norm": 0.0, "fpem/confounder_token_norm": 0.0, "fpem/confounder_variational": 0.0, "fpem/confounder_projection_trace": 0.0, "fpem/confounder_projection_ridge": 0.0, "fpem/confounder_projection_rank_dim": 0.0, "fpem/confounder_projection_calls": 0.0, "fpem/confounder_dep_detach_target": 0.0, "fpem/gci_nonedge_mass_before_C": 0.0, "fpem/gci_nonedge_mass_after_C": 0.0, "fpem/gci_nonedge_mass_reduction": 0.0, "fpem/gci_relative_violation": 0.0, "fpem/gci_edge_before_C": 0.0, "fpem/gci_edge_after_C": 0.0, "fpem/gci_nonedge_conn_before_C": 0.0, "fpem/gci_nonedge_conn_after_C": 0.0, "fpem/gci_nonedge_conn_reduction": 0.0, "fpem/gci_edge_conn_before_C": 0.0, "fpem/gci_edge_conn_after_C": 0.0, "fpem/gci_edge_conn_reduction": 0.0, "fpem/gci_nonedge_dep_before_C": 0.0, "fpem/gci_nonedge_dep_after_C": 0.0, "fpem/gci_nonedge_dep_reduction": 0.0, "fpem/gci_edge_dep_before_C": 0.0, "fpem/gci_edge_dep_after_C": 0.0, "fpem/gci_nonedge_count": 0.0, "fpem/gci_edge_count": 0.0, "fpem/gci_node_count": 0.0, "fpem/gci_node_vector_dim": 0.0, "fpem/gci_graph_embed_dim": 0.0, "fpem/gci_graph_embedding_norm_before": 0.0, "fpem/gci_graph_embedding_norm_after": 0.0, "fpem/gci_graph_embedding_std_before": 0.0, "fpem/gci_graph_embedding_std_after": 0.0, "fpem/gci_graph_adj_mean_before": 0.0, "fpem/gci_graph_adj_mean_after": 0.0, "fpem/gci_graph_adj_std_before": 0.0, "fpem/gci_graph_adj_std_after": 0.0, "fpem/gci_graph_align_weight": 0.0, "fpem/gci_graph_align_raw_mse": 0.0, "fpem/gci_graph_align_normalized": 0.0, "fpem/gci_edge_preserve_beta": 0.0, "fpem/gci_graph_align_target_available": 0.0, "fpem/gci_target_adj_mean": 0.0, "fpem/gci_target_adj_std": 0.0, "fpem/gci_target_edge_mean": 0.0, "fpem/gci_target_nonedge_mean": 0.0, "fpem/gci_target_diag_mean": 0.0, "fpem/gci_graph_align_updates_agcrn": 0.0, "fpem/gci_updates_graph_linear": 0.0, "fpem/gci_graph_construction_agcrn_softmax": 0.0, "fpem/scd_assoc_before_C": 0.0, "fpem/scd_assoc_after_C": 0.0, "fpem/scd_assoc_reduction": 0.0, "fpem/scd_relative_violation": 0.0, "fpem/sample_assoc_before_C": 0.0, "fpem/sample_assoc_after_C": 0.0, "fpem/sample_assoc_reduction": 0.0, "fpem/sample_dep_before_C": 0.0, "fpem/sample_dep_after_C": 0.0, "fpem/sample_dep_reduction": 0.0, "fpem/scd_batch_size": 0.0, "fpem/scd_sample_vector_dim": 0.0, "fpem/sample_kernel_alignment": 0.0, "fpem/scd_alignment_loss": 0.0, "fpem/load_level_experts_enabled": 1.0, "fpem/load_level_uses_target_or_future_load": 0.0, "fpem/environment_gate_uses_target_in_forward": 0.0, "fpem/load_level_env_residual_scale": 0.0, "fpem/uses_cached_observable_load_prior": 1.0, "fpem/primary_loss": 8.981507360367548, "fpem/inv_pred_loss": 9.210995220002674, "fpem/primary_uses_route": 1.0, "fpem/primary_uses_env_fusion": 0.0, "fpem/backbone_agcrn": 1.0, "fpem/backbone_graphwavenet": 0.0, "fpem/backbone_staeformer": 0.0, "fpem/gc_pred_loss_only": 1.0, "fpem/env_route_head_mode_hyper_proto": 1.0, "fpem/fpem_force_uniform_route": 0.0, "fpem/hard_prediction_sinkhorn_total_replaces_primary": 0.0, "fpem/hard_prediction_environment_sinkhorn_total_replaces_primary": 0.0, "fpem/warmup_risk_sinkhorn_total_replaces_primary": 0.0, "fpem/lambda_club_mi": 0.0}}
EPOCH {"epoch": 35, "train_loss": 1.1782913928940182, "val": {"loss": 11.800929625829061, "mae": 11.579418182373047, "mape": 0.18438680469989777}, "test_mixed": {"loss": NaN, "mae": NaN, "mape": NaN}, "test_workday": {"loss": NaN, "mae": NaN, "mape": NaN}, "test_holiday": {"loss": NaN, "mae": NaN, "mape": NaN}, "test_avg_mae": NaN, "best_selection_value": 11.800929625829061, "best_selection_split": "val", "best_selection_metric": "val_loss", "lr": 0.001, "fpem_logs": {"fpem/fpem_env_use_exogenous": 1.0, "fpem/env_exogenous_available": 1.0, "fpem/env_exogenous_time_available": 1.0, "fpem/env_exogenous_load_available": 1.0, "fpem/env_exogenous_feature_dim": 32.0, "fpem/env_exogenous_embedding_norm": 2.4949841067904517, "fpem/env_exogenous_load_embedding_norm": 1.6422675075985136, "fpem/fpem_env_use_period_context": 1.0, "fpem/env_period_context_available": 1.0, "fpem/env_period_day_available_ratio": 0.9732142857142857, "fpem/env_period_week_available_ratio": 0.8244047619047619, "fpem/env_period_context_feature_dim": 6.0, "fpem/env_period_context_scale": 0.10000000149011612, "fpem/env_period_context_delta_norm": 0.2078221089783169, "fpem/env_period_context_day_diff_norm": 0.16272705254100617, "fpem/env_period_context_week_diff_norm": 0.10188992637253944, "fpem/env_rep_ablation_normal": 1.0, "fpem/env_rep_ablation_zero": 0.0, "fpem/env_rep_ablation_shuffle_batch": 0.0, "fpem/env_rep_ablation_mode_id": 0.0, "fpem/mask_loss": 0.0, "fpem/mask_sparse_loss": 0.0, "fpem/mask_entropy_loss": 0.0, "fpem/mask_mean": 1.0, "fpem/mask_entropy": 0.0, "fpem/mask_active_ratio": 1.0, "fpem/fusion_alpha_mean": 0.0, "fpem/fusion_alpha_std": 0.0, "fpem/fusion_alpha_min": 0.0, "fpem/fusion_alpha_max": 0.0, "fpem/env_route_loss": 1.1782913928940182, "fpem/env_route_L_final": 8.988424855186826, "fpem/env_route_L_global": 0.0, "fpem/env_route_L_route_soft": 0.0, "fpem/env_route_L_expert": 9.414026105971564, "fpem/env_route_L_router_oracle": 1.1782913928940182, "fpem/env_route_L_balance": 0.0, "fpem/env_route_L_diverse": 0.0, "fpem/env_route_L_proto_align": 0.0, "fpem/env_route_entropy": 0.0, "fpem/env_route_q_max_mean": 0.0, "fpem/hyper_alpha_mean": 0.0, "fpem/hyper_delta_norm": 0.0, "fpem/hyper_route_proto_mode_uniform_warmup": 0.0, "fpem/hyper_route_proto_mode_uniform_fixed": 0.0, "fpem/hyper_route_proto_mode_sinkhorn": 0.0, "fpem/hyper_route_proto_mode_softmax": 0.0, "fpem/fallback_q_mean": 0.0, "fpem/fallback_q_max": 0.0, "fpem/env_q_sum_mean": 1.0, "fpem/oracle_fallback_rate": 0.0, "fpem/route_count_fallback": 0.0, "fpem/env_route_head_mode": 1.0, "fpem/route_entropy_mean": 0.0, "fpem/route_mean_distribution_entropy": 0.0, "fpem/effective_expert_number": 1.0, "fpem/max_expert_usage_ratio": 0.0, "fpem/min_expert_usage_ratio": 0.0, "fpem/prototype_pairwise_cosine": 0.0, "fpem/expert_prediction_pairwise_cosine": 0.0, "fpem/expert_collapse_warning": 0.0, "fpem/env_route_target_mode_env_prototype": 0.0, "fpem/env_route_target_mode_hybrid": 0.0, "fpem/env_route_hybrid_alpha": 0.0, "fpem/env_route_train_mode_warmup_risk_sinkhorn": 0.0, "fpem/warmup_risk_stage_warmup": 0.0, "fpem/warmup_risk_stage_soft": 0.0, "fpem/warmup_risk_stage_hard": 0.0, "fpem/warmup_risk_selected_loss": 0.0, "fpem/warmup_risk_uniform_common_loss": 0.0, "fpem/warmup_risk_lambda_common": 0.0, "fpem/warmup_risk_total_common_term": 0.0, "fpem/warmup_risk_temperature": 0.0, "fpem/warmup_risk_temperature_progress": 0.0, "fpem/uniform_expert_mae": 0.0, "fpem/risk_routed_mae": 0.0, "fpem/risk_prediction_mae": 0.0, "fpem/risk_loss": 0.0, "fpem/risk_ranking_loss": 0.0, "fpem/risk_ranking_accuracy": 0.0, "fpem/risk_oracle_argmin_accuracy": 0.0, "fpem/risk_router_temperature": 0.0, "fpem/risk_router_lambda": 0.0, "fpem/risk_router_pairwise_lambda": 0.0, "fpem/env_route_train_mode_progressive_gmm_environment": 0.0, "fpem/top_level_prediction_source_progressive_gmm_teacher_hard": 0.0, "fpem/progressive_assignment_uses_target_or_prediction_error": 0.0, "fpem/progressive_partition_ready": 0.0, "fpem/progressive_selected_k": 0.0, "fpem/progressive_active_expert_count": 0.0, "fpem/progressive_last_partition_epoch": 0.0, "fpem/progressive_lambda_common": 0.0, "fpem/progressive_common_term": 0.0, "fpem/progressive_compactness_loss": 0.0, "fpem/progressive_consistency_loss": 0.0, "fpem/progressive_cluster_entropy": 0.0, "fpem/progressive_assignment_change_ratio": 0.0, "fpem/progressive_hungarian_overlap_score": 0.0, "fpem/progressive_partition_update_time_sec": 0.0, "fpem/progressive_routed_mae": 0.0, "fpem/progressive_gmm_environment_total_replaces_primary": 0.0, "fpem/env_route_count_head_0": 16.0, "fpem/env_route_oracle_count_head_0": 16.0, "fpem/route_count_env_head_0": 16.0, "fpem/route_soft_mean_expert_0": 1.0, "fpem/route_hard_count_expert_0": 16.0, "fpem/hard_count_expert_0": 16.0, "fpem/sinkhorn_soft_col_mass_expert_0": 0.0, "fpem/progressive_active_expert_0": 0.0, "fpem/progressive_cluster_size_0": 0.0, "fpem/progressive_cluster_ratio_0": 0.0, "fpem/progressive_cluster_to_expert_0": 0.0, "fpem/progressive_bic_k1": 0.0, "fpem/progressive_bic_score_k1": 0.0, "fpem/progressive_bic_rejected_k1": 0.0, "fpem/hyper_alpha_head_0": 0.0, "fpem/hyper_gamma_norm_head_0": 0.0, "fpem/hyper_beta_norm_head_0": 0.0, "fpem/expert_cross_mae_group_0_expert_0": 9.414026105971564, "fpem/load_expert_loss": 9.414026105971564, "fpem/counterfactual_risk_router_loss": 1.1782913928940182, "fpem/counterfactual_risk_regression_loss": 0.8344160037381309, "fpem/counterfactual_risk_ranking_loss": 0.6877507925033569, "fpem/load_level_assignment_detached": 1.0, "fpem/load_level_count_0": 1680.0, "fpem/load_level_ratio_0": 1.0, "fpem/expert_0_global_loss": 9.414026105971564, "fpem/expert_0_selected_loss": 9.414026105971564, "fpem/counterfactual_risk_stage2_active": 1.0, "fpem/counterfactual_risk_stage2_start_epoch": 20.0, "fpem/counterfactual_risk_all_environment_mae": 9.414026105971564, "fpem/counterfactual_risk_all_invariant_mae": 9.662237512497676, "fpem/counterfactual_risk_routed_mae": 9.502454898470925, "fpem/counterfactual_risk_oracle_mae": 9.378017243884859, "fpem/counterfactual_risk_router_accuracy": 0.5571428571428572, "fpem/counterfactual_risk_router_balanced_accuracy": 0.5213943345206125, "fpem/counterfactual_risk_inv_route_ratio": 0.42916666666666664, "fpem/counterfactual_risk_env_route_ratio": 0.5708333333333333, "fpem/counterfactual_risk_inv_switch_precision": 0.23167182391598112, "fpem/counterfactual_risk_correct_inv_switches": 1.5333333333333334, "fpem/counterfactual_risk_harmful_inv_switches": 5.333333333333333, "fpem/counterfactual_risk_saved_loss": 0.016237727942920867, "fpem/counterfactual_risk_added_loss": 0.10466650951476324, "fpem/counterfactual_risk_net_gain": -0.08842879249936059, "fpem/counterfactual_risk_regret": 0.12443765458606539, "fpem/counterfactual_risk_oracle_gap_closed": -3304.8391784792143, "fpem/counterfactual_risk_delta_mean": -0.24821142781348454, "fpem/counterfactual_risk_target_inv_ratio": 0.20535714285714285, "fpem/counterfactual_risk_weight_env_sum": 8.152380884261358, "fpem/counterfactual_risk_weight_inv_sum": 7.847618974958148, "fpem/counterfactual_risk_prediction_is_hard_route": 1.0, "fpem/counterfactual_risk_prediction_is_soft_fusion": 0.0, "fpem/counterfactual_risk_target_detached": 1.0, "fpem/counterfactual_risk_uses_threshold": 0.0, "fpem/counterfactual_risk_all_samples_used_for_router": 1.0, "fpem/hard_router_predicted_env_ratio": 0.5708333333333333, "fpem/hard_router_effective_env_ratio": 1.0, "fpem/hard_router_target_env_ratio": 0.7946428571428571, "fpem/hard_router_gain_mean": -0.24821142781348454, "fpem/expert_prediction_pairwise_difference": 0.0, "fpem/delta_pairwise_cosine": 0.0, "fpem/delta_pairwise_l1": 0.0, "fpem/delta_pairwise_l2": 0.0, "fpem/expert_0_parameter_norm": 14.882429122924805, "fpem/hard_binary_router_enabled": 0.0, "fpem/hard_router_uses_target_in_forward": 0.0, "fpem/stored_future_c_loaded": 0.0, "fpem/prediction_is_weighted_complete_fusion": 0.0, "fpem/prediction_is_hard_route": 1.0, "fpem/conservative_inv_override_enabled": 0.0, "fpem/conservative_router_features_detached": 1.0, "fpem/counterfactual_risk_router_enabled": 1.0, "fpem/counterfactual_risk_stage2_active_forward": 1.0, "fpem/counterfactual_risk_deploy_route_active": 0.0, "fpem/counterfactual_risk_training_uses_route": 0.0, "fpem/counterfactual_risk_forward_uses_threshold": 0.0, "fpem/future_mi_loss": 0.0, "fpem/future_mi_valid": 0.0, "fpem/future_mi_logvar_mean": 0.0, "fpem/future_mi_target_mode_env_encoder": 0.0, "fpem/swap_loss": 0.0, "fpem/swap_diff_loss": 0.0, "fpem/swap_same_loss": 0.0, "fpem/swap_gain_mean": 0.0, "fpem/swap_s_gain_mean": 0.0, "fpem/swap_fallback_router_loss": 0.0, "fpem/swap_fallback_q_mean": 0.0, "fpem/swap_prediction_delta": 0.0, "fpem/swap_route_delta": 0.0, "fpem/swap_hyper_alpha_delta": 0.0, "fpem/swap_hyper_delta_norm": 0.0, "fpem/loss_env_day": 0.0, "fpem/loss_env_hour": 0.0, "fpem/loss_env_rush": 0.0, "fpem/env_day_acc": 0.0, "fpem/env_hour_acc": 0.0, "fpem/env_rush_acc": 0.0, "fpem/loss_env_supcon": 0.0, "fpem/env_supcon_valid_pairs": 0.0, "fpem/loss_inv_env_adv": 0.0, "fpem/inv_day_acc": 0.0, "fpem/inv_hour_acc": 0.0, "fpem/inv_rush_acc": 0.0, "fpem/loss_cross_cov_sep": 0.0, "fpem/confounder_dep_enabled": 0.0, "fpem/confounder_dep_mode_gci": 0.0, "fpem/confounder_dep_mode_scd": 1.0, "fpem/confounder_dep_mode_both": 0.0, "fpem/confounder_dep_total": 0.0, "fpem/loss_gci": 0.0, "fpem/loss_gci_drop": 0.0, "fpem/loss_gci_keep": 0.0, "fpem/loss_gci_graph_align": 0.0, "fpem/loss_scd": 0.0, "fpem/loss_conf_kl": 0.0, "fpem/effective_gci_weight": 0.0, "fpem/effective_gci_graph_align_weight": 0.0, "fpem/effective_scd_weight": 0.0, "fpem/effective_conf_kl_weight": 0.0, "fpem/confounder_dep_ramp_factor": 0.0, "fpem/C_mean": 0.0, "fpem/C_std": 0.0, "fpem/C_norm": 0.0, "fpem/confounder_token_norm": 0.0, "fpem/confounder_variational": 0.0, "fpem/confounder_projection_trace": 0.0, "fpem/confounder_projection_ridge": 0.0, "fpem/confounder_projection_rank_dim": 0.0, "fpem/confounder_projection_calls": 0.0, "fpem/confounder_dep_detach_target": 0.0, "fpem/gci_nonedge_mass_before_C": 0.0, "fpem/gci_nonedge_mass_after_C": 0.0, "fpem/gci_nonedge_mass_reduction": 0.0, "fpem/gci_relative_violation": 0.0, "fpem/gci_edge_before_C": 0.0, "fpem/gci_edge_after_C": 0.0, "fpem/gci_nonedge_conn_before_C": 0.0, "fpem/gci_nonedge_conn_after_C": 0.0, "fpem/gci_nonedge_conn_reduction": 0.0, "fpem/gci_edge_conn_before_C": 0.0, "fpem/gci_edge_conn_after_C": 0.0, "fpem/gci_edge_conn_reduction": 0.0, "fpem/gci_nonedge_dep_before_C": 0.0, "fpem/gci_nonedge_dep_after_C": 0.0, "fpem/gci_nonedge_dep_reduction": 0.0, "fpem/gci_edge_dep_before_C": 0.0, "fpem/gci_edge_dep_after_C": 0.0, "fpem/gci_nonedge_count": 0.0, "fpem/gci_edge_count": 0.0, "fpem/gci_node_count": 0.0, "fpem/gci_node_vector_dim": 0.0, "fpem/gci_graph_embed_dim": 0.0, "fpem/gci_graph_embedding_norm_before": 0.0, "fpem/gci_graph_embedding_norm_after": 0.0, "fpem/gci_graph_embedding_std_before": 0.0, "fpem/gci_graph_embedding_std_after": 0.0, "fpem/gci_graph_adj_mean_before": 0.0, "fpem/gci_graph_adj_mean_after": 0.0, "fpem/gci_graph_adj_std_before": 0.0, "fpem/gci_graph_adj_std_after": 0.0, "fpem/gci_graph_align_weight": 0.0, "fpem/gci_graph_align_raw_mse": 0.0, "fpem/gci_graph_align_normalized": 0.0, "fpem/gci_edge_preserve_beta": 0.0, "fpem/gci_graph_align_target_available": 0.0, "fpem/gci_target_adj_mean": 0.0, "fpem/gci_target_adj_std": 0.0, "fpem/gci_target_edge_mean": 0.0, "fpem/gci_target_nonedge_mean": 0.0, "fpem/gci_target_diag_mean": 0.0, "fpem/gci_graph_align_updates_agcrn": 0.0, "fpem/gci_updates_graph_linear": 0.0, "fpem/gci_graph_construction_agcrn_softmax": 0.0, "fpem/scd_assoc_before_C": 0.0, "fpem/scd_assoc_after_C": 0.0, "fpem/scd_assoc_reduction": 0.0, "fpem/scd_relative_violation": 0.0, "fpem/sample_assoc_before_C": 0.0, "fpem/sample_assoc_after_C": 0.0, "fpem/sample_assoc_reduction": 0.0, "fpem/sample_dep_before_C": 0.0, "fpem/sample_dep_after_C": 0.0, "fpem/sample_dep_reduction": 0.0, "fpem/scd_batch_size": 0.0, "fpem/scd_sample_vector_dim": 0.0, "fpem/sample_kernel_alignment": 0.0, "fpem/scd_alignment_loss": 0.0, "fpem/load_level_experts_enabled": 1.0, "fpem/load_level_uses_target_or_future_load": 0.0, "fpem/environment_gate_uses_target_in_forward": 0.0, "fpem/load_level_env_residual_scale": 0.0, "fpem/uses_cached_observable_load_prior": 1.0, "fpem/primary_loss": 8.988424855186826, "fpem/inv_pred_loss": 9.218808973403204, "fpem/primary_uses_route": 1.0, "fpem/primary_uses_env_fusion": 0.0, "fpem/backbone_agcrn": 1.0, "fpem/backbone_graphwavenet": 0.0, "fpem/backbone_staeformer": 0.0, "fpem/gc_pred_loss_only": 1.0, "fpem/env_route_head_mode_hyper_proto": 1.0, "fpem/fpem_force_uniform_route": 0.0, "fpem/hard_prediction_sinkhorn_total_replaces_primary": 0.0, "fpem/hard_prediction_environment_sinkhorn_total_replaces_primary": 0.0, "fpem/warmup_risk_sinkhorn_total_replaces_primary": 0.0, "fpem/lambda_club_mi": 0.0}}
EPOCH {"epoch": 36, "train_loss": 1.1620857045764015, "val": {"loss": 11.795478714836968, "mae": 11.571746826171875, "mape": 0.18386024236679077}, "test_mixed": {"loss": NaN, "mae": NaN, "mape": NaN}, "test_workday": {"loss": NaN, "mae": NaN, "mape": NaN}, "test_holiday": {"loss": NaN, "mae": NaN, "mape": NaN}, "test_avg_mae": NaN, "best_selection_value": 11.795478714836968, "best_selection_split": "val", "best_selection_metric": "val_loss", "lr": 0.001, "fpem_logs": {"fpem/fpem_env_use_exogenous": 1.0, "fpem/env_exogenous_available": 1.0, "fpem/env_exogenous_time_available": 1.0, "fpem/env_exogenous_load_available": 1.0, "fpem/env_exogenous_feature_dim": 32.0, "fpem/env_exogenous_embedding_norm": 2.494984124955677, "fpem/env_exogenous_load_embedding_norm": 1.6422675189517792, "fpem/fpem_env_use_period_context": 1.0, "fpem/env_period_context_available": 1.0, "fpem/env_period_day_available_ratio": 0.9732142857142857, "fpem/env_period_week_available_ratio": 0.8244047619047619, "fpem/env_period_context_feature_dim": 6.0, "fpem/env_period_context_scale": 0.10000000149011612, "fpem/env_period_context_delta_norm": 0.2078221077010745, "fpem/env_period_context_day_diff_norm": 0.16272705254100617, "fpem/env_period_context_week_diff_norm": 0.10188992662089212, "fpem/env_rep_ablation_normal": 1.0, "fpem/env_rep_ablation_zero": 0.0, "fpem/env_rep_ablation_shuffle_batch": 0.0, "fpem/env_rep_ablation_mode_id": 0.0, "fpem/mask_loss": 0.0, "fpem/mask_sparse_loss": 0.0, "fpem/mask_entropy_loss": 0.0, "fpem/mask_mean": 1.0, "fpem/mask_entropy": 0.0, "fpem/mask_active_ratio": 1.0, "fpem/fusion_alpha_mean": 0.0, "fpem/fusion_alpha_std": 0.0, "fpem/fusion_alpha_min": 0.0, "fpem/fusion_alpha_max": 0.0, "fpem/env_route_loss": 1.1620857045764015, "fpem/env_route_L_final": 8.988968413216726, "fpem/env_route_L_global": 0.0, "fpem/env_route_L_route_soft": 0.0, "fpem/env_route_L_expert": 9.414025211334229, "fpem/env_route_L_router_oracle": 1.1620857045764015, "fpem/env_route_L_balance": 0.0, "fpem/env_route_L_diverse": 0.0, "fpem/env_route_L_proto_align": 0.0, "fpem/env_route_entropy": 0.0, "fpem/env_route_q_max_mean": 0.0, "fpem/hyper_alpha_mean": 0.0, "fpem/hyper_delta_norm": 0.0, "fpem/hyper_route_proto_mode_uniform_warmup": 0.0, "fpem/hyper_route_proto_mode_uniform_fixed": 0.0, "fpem/hyper_route_proto_mode_sinkhorn": 0.0, "fpem/hyper_route_proto_mode_softmax": 0.0, "fpem/fallback_q_mean": 0.0, "fpem/fallback_q_max": 0.0, "fpem/env_q_sum_mean": 1.0, "fpem/oracle_fallback_rate": 0.0, "fpem/route_count_fallback": 0.0, "fpem/env_route_head_mode": 1.0, "fpem/route_entropy_mean": 0.0, "fpem/route_mean_distribution_entropy": 0.0, "fpem/effective_expert_number": 1.0, "fpem/max_expert_usage_ratio": 0.0, "fpem/min_expert_usage_ratio": 0.0, "fpem/prototype_pairwise_cosine": 0.0, "fpem/expert_prediction_pairwise_cosine": 0.0, "fpem/expert_collapse_warning": 0.0, "fpem/env_route_target_mode_env_prototype": 0.0, "fpem/env_route_target_mode_hybrid": 0.0, "fpem/env_route_hybrid_alpha": 0.0, "fpem/env_route_train_mode_warmup_risk_sinkhorn": 0.0, "fpem/warmup_risk_stage_warmup": 0.0, "fpem/warmup_risk_stage_soft": 0.0, "fpem/warmup_risk_stage_hard": 0.0, "fpem/warmup_risk_selected_loss": 0.0, "fpem/warmup_risk_uniform_common_loss": 0.0, "fpem/warmup_risk_lambda_common": 0.0, "fpem/warmup_risk_total_common_term": 0.0, "fpem/warmup_risk_temperature": 0.0, "fpem/warmup_risk_temperature_progress": 0.0, "fpem/uniform_expert_mae": 0.0, "fpem/risk_routed_mae": 0.0, "fpem/risk_prediction_mae": 0.0, "fpem/risk_loss": 0.0, "fpem/risk_ranking_loss": 0.0, "fpem/risk_ranking_accuracy": 0.0, "fpem/risk_oracle_argmin_accuracy": 0.0, "fpem/risk_router_temperature": 0.0, "fpem/risk_router_lambda": 0.0, "fpem/risk_router_pairwise_lambda": 0.0, "fpem/env_route_train_mode_progressive_gmm_environment": 0.0, "fpem/top_level_prediction_source_progressive_gmm_teacher_hard": 0.0, "fpem/progressive_assignment_uses_target_or_prediction_error": 0.0, "fpem/progressive_partition_ready": 0.0, "fpem/progressive_selected_k": 0.0, "fpem/progressive_active_expert_count": 0.0, "fpem/progressive_last_partition_epoch": 0.0, "fpem/progressive_lambda_common": 0.0, "fpem/progressive_common_term": 0.0, "fpem/progressive_compactness_loss": 0.0, "fpem/progressive_consistency_loss": 0.0, "fpem/progressive_cluster_entropy": 0.0, "fpem/progressive_assignment_change_ratio": 0.0, "fpem/progressive_hungarian_overlap_score": 0.0, "fpem/progressive_partition_update_time_sec": 0.0, "fpem/progressive_routed_mae": 0.0, "fpem/progressive_gmm_environment_total_replaces_primary": 0.0, "fpem/env_route_count_head_0": 16.0, "fpem/env_route_oracle_count_head_0": 16.0, "fpem/route_count_env_head_0": 16.0, "fpem/route_soft_mean_expert_0": 1.0, "fpem/route_hard_count_expert_0": 16.0, "fpem/hard_count_expert_0": 16.0, "fpem/sinkhorn_soft_col_mass_expert_0": 0.0, "fpem/progressive_active_expert_0": 0.0, "fpem/progressive_cluster_size_0": 0.0, "fpem/progressive_cluster_ratio_0": 0.0, "fpem/progressive_cluster_to_expert_0": 0.0, "fpem/progressive_bic_k1": 0.0, "fpem/progressive_bic_score_k1": 0.0, "fpem/progressive_bic_rejected_k1": 0.0, "fpem/hyper_alpha_head_0": 0.0, "fpem/hyper_gamma_norm_head_0": 0.0, "fpem/hyper_beta_norm_head_0": 0.0, "fpem/expert_cross_mae_group_0_expert_0": 9.414025211334229, "fpem/load_expert_loss": 9.414025211334229, "fpem/counterfactual_risk_router_loss": 1.1620857045764015, "fpem/counterfactual_risk_regression_loss": 0.8195873413767133, "fpem/counterfactual_risk_ranking_loss": 0.6849967161814372, "fpem/load_level_assignment_detached": 1.0, "fpem/load_level_count_0": 1680.0, "fpem/load_level_ratio_0": 1.0, "fpem/expert_0_global_loss": 9.414025211334229, "fpem/expert_0_selected_loss": 9.414025211334229, "fpem/counterfactual_risk_stage2_active": 1.0, "fpem/counterfactual_risk_stage2_start_epoch": 20.0, "fpem/counterfactual_risk_all_environment_mae": 9.414025211334229, "fpem/counterfactual_risk_all_invariant_mae": 9.66223749433245, "fpem/counterfactual_risk_routed_mae": 9.497842475346156, "fpem/counterfactual_risk_oracle_mae": 9.378016244797479, "fpem/counterfactual_risk_router_accuracy": 0.5886904761904762, "fpem/counterfactual_risk_router_balanced_accuracy": 0.5536438570136115, "fpem/counterfactual_risk_inv_route_ratio": 0.4083333333333333, "fpem/counterfactual_risk_env_route_ratio": 0.5916666666666667, "fpem/counterfactual_risk_inv_switch_precision": 0.25159967513311476, "fpem/counterfactual_risk_correct_inv_switches": 1.619047619047619, "fpem/counterfactual_risk_harmful_inv_switches": 4.914285714285715, "fpem/counterfactual_risk_saved_loss": 0.017423521904718308, "fpem/counterfactual_risk_added_loss": 0.10124090356486184, "fpem/counterfactual_risk_net_gain": -0.08381726401192802, "fpem/counterfactual_risk_regret": 0.11982623054867698, "fpem/counterfactual_risk_oracle_gap_closed": -4825.949031918106, "fpem/counterfactual_risk_delta_mean": -0.24821235949084872, "fpem/counterfactual_risk_target_inv_ratio": 0.20535714285714285, "fpem/counterfactual_risk_weight_env_sum": 8.15238090696789, "fpem/counterfactual_risk_weight_inv_sum": 7.84761898404076, "fpem/counterfactual_risk_prediction_is_hard_route": 1.0, "fpem/counterfactual_risk_prediction_is_soft_fusion": 0.0, "fpem/counterfactual_risk_target_detached": 1.0, "fpem/counterfactual_risk_uses_threshold": 0.0, "fpem/counterfactual_risk_all_samples_used_for_router": 1.0, "fpem/hard_router_predicted_env_ratio": 0.5916666666666667, "fpem/hard_router_effective_env_ratio": 1.0, "fpem/hard_router_target_env_ratio": 0.7946428571428571, "fpem/hard_router_gain_mean": -0.24821235949084872, "fpem/expert_prediction_pairwise_difference": 0.0, "fpem/delta_pairwise_cosine": 0.0, "fpem/delta_pairwise_l1": 0.0, "fpem/delta_pairwise_l2": 0.0, "fpem/expert_0_parameter_norm": 14.882429122924805, "fpem/hard_binary_router_enabled": 0.0, "fpem/hard_router_uses_target_in_forward": 0.0, "fpem/stored_future_c_loaded": 0.0, "fpem/prediction_is_weighted_complete_fusion": 0.0, "fpem/prediction_is_hard_route": 1.0, "fpem/conservative_inv_override_enabled": 0.0, "fpem/conservative_router_features_detached": 1.0, "fpem/counterfactual_risk_router_enabled": 1.0, "fpem/counterfactual_risk_stage2_active_forward": 1.0, "fpem/counterfactual_risk_deploy_route_active": 0.0, "fpem/counterfactual_risk_training_uses_route": 0.0, "fpem/counterfactual_risk_forward_uses_threshold": 0.0, "fpem/future_mi_loss": 0.0, "fpem/future_mi_valid": 0.0, "fpem/future_mi_logvar_mean": 0.0, "fpem/future_mi_target_mode_env_encoder": 0.0, "fpem/swap_loss": 0.0, "fpem/swap_diff_loss": 0.0, "fpem/swap_same_loss": 0.0, "fpem/swap_gain_mean": 0.0, "fpem/swap_s_gain_mean": 0.0, "fpem/swap_fallback_router_loss": 0.0, "fpem/swap_fallback_q_mean": 0.0, "fpem/swap_prediction_delta": 0.0, "fpem/swap_route_delta": 0.0, "fpem/swap_hyper_alpha_delta": 0.0, "fpem/swap_hyper_delta_norm": 0.0, "fpem/loss_env_day": 0.0, "fpem/loss_env_hour": 0.0, "fpem/loss_env_rush": 0.0, "fpem/env_day_acc": 0.0, "fpem/env_hour_acc": 0.0, "fpem/env_rush_acc": 0.0, "fpem/loss_env_supcon": 0.0, "fpem/env_supcon_valid_pairs": 0.0, "fpem/loss_inv_env_adv": 0.0, "fpem/inv_day_acc": 0.0, "fpem/inv_hour_acc": 0.0, "fpem/inv_rush_acc": 0.0, "fpem/loss_cross_cov_sep": 0.0, "fpem/confounder_dep_enabled": 0.0, "fpem/confounder_dep_mode_gci": 0.0, "fpem/confounder_dep_mode_scd": 1.0, "fpem/confounder_dep_mode_both": 0.0, "fpem/confounder_dep_total": 0.0, "fpem/loss_gci": 0.0, "fpem/loss_gci_drop": 0.0, "fpem/loss_gci_keep": 0.0, "fpem/loss_gci_graph_align": 0.0, "fpem/loss_scd": 0.0, "fpem/loss_conf_kl": 0.0, "fpem/effective_gci_weight": 0.0, "fpem/effective_gci_graph_align_weight": 0.0, "fpem/effective_scd_weight": 0.0, "fpem/effective_conf_kl_weight": 0.0, "fpem/confounder_dep_ramp_factor": 0.0, "fpem/C_mean": 0.0, "fpem/C_std": 0.0, "fpem/C_norm": 0.0, "fpem/confounder_token_norm": 0.0, "fpem/confounder_variational": 0.0, "fpem/confounder_projection_trace": 0.0, "fpem/confounder_projection_ridge": 0.0, "fpem/confounder_projection_rank_dim": 0.0, "fpem/confounder_projection_calls": 0.0, "fpem/confounder_dep_detach_target": 0.0, "fpem/gci_nonedge_mass_before_C": 0.0, "fpem/gci_nonedge_mass_after_C": 0.0, "fpem/gci_nonedge_mass_reduction": 0.0, "fpem/gci_relative_violation": 0.0, "fpem/gci_edge_before_C": 0.0, "fpem/gci_edge_after_C": 0.0, "fpem/gci_nonedge_conn_before_C": 0.0, "fpem/gci_nonedge_conn_after_C": 0.0, "fpem/gci_nonedge_conn_reduction": 0.0, "fpem/gci_edge_conn_before_C": 0.0, "fpem/gci_edge_conn_after_C": 0.0, "fpem/gci_edge_conn_reduction": 0.0, "fpem/gci_nonedge_dep_before_C": 0.0, "fpem/gci_nonedge_dep_after_C": 0.0, "fpem/gci_nonedge_dep_reduction": 0.0, "fpem/gci_edge_dep_before_C": 0.0, "fpem/gci_edge_dep_after_C": 0.0, "fpem/gci_nonedge_count": 0.0, "fpem/gci_edge_count": 0.0, "fpem/gci_node_count": 0.0, "fpem/gci_node_vector_dim": 0.0, "fpem/gci_graph_embed_dim": 0.0, "fpem/gci_graph_embedding_norm_before": 0.0, "fpem/gci_graph_embedding_norm_after": 0.0, "fpem/gci_graph_embedding_std_before": 0.0, "fpem/gci_graph_embedding_std_after": 0.0, "fpem/gci_graph_adj_mean_before": 0.0, "fpem/gci_graph_adj_mean_after": 0.0, "fpem/gci_graph_adj_std_before": 0.0, "fpem/gci_graph_adj_std_after": 0.0, "fpem/gci_graph_align_weight": 0.0, "fpem/gci_graph_align_raw_mse": 0.0, "fpem/gci_graph_align_normalized": 0.0, "fpem/gci_edge_preserve_beta": 0.0, "fpem/gci_graph_align_target_available": 0.0, "fpem/gci_target_adj_mean": 0.0, "fpem/gci_target_adj_std": 0.0, "fpem/gci_target_edge_mean": 0.0, "fpem/gci_target_nonedge_mean": 0.0, "fpem/gci_target_diag_mean": 0.0, "fpem/gci_graph_align_updates_agcrn": 0.0, "fpem/gci_updates_graph_linear": 0.0, "fpem/gci_graph_construction_agcrn_softmax": 0.0, "fpem/scd_assoc_before_C": 0.0, "fpem/scd_assoc_after_C": 0.0, "fpem/scd_assoc_reduction": 0.0, "fpem/scd_relative_violation": 0.0, "fpem/sample_assoc_before_C": 0.0, "fpem/sample_assoc_after_C": 0.0, "fpem/sample_assoc_reduction": 0.0, "fpem/sample_dep_before_C": 0.0, "fpem/sample_dep_after_C": 0.0, "fpem/sample_dep_reduction": 0.0, "fpem/scd_batch_size": 0.0, "fpem/scd_sample_vector_dim": 0.0, "fpem/sample_kernel_alignment": 0.0, "fpem/scd_alignment_loss": 0.0, "fpem/load_level_experts_enabled": 1.0, "fpem/load_level_uses_target_or_future_load": 0.0, "fpem/environment_gate_uses_target_in_forward": 0.0, "fpem/load_level_env_residual_scale": 0.0, "fpem/uses_cached_observable_load_prior": 1.0, "fpem/primary_loss": 8.988968413216726, "fpem/inv_pred_loss": 9.21878055844988, "fpem/primary_uses_route": 1.0, "fpem/primary_uses_env_fusion": 0.0, "fpem/backbone_agcrn": 1.0, "fpem/backbone_graphwavenet": 0.0, "fpem/backbone_staeformer": 0.0, "fpem/gc_pred_loss_only": 1.0, "fpem/env_route_head_mode_hyper_proto": 1.0, "fpem/fpem_force_uniform_route": 0.0, "fpem/hard_prediction_sinkhorn_total_replaces_primary": 0.0, "fpem/hard_prediction_environment_sinkhorn_total_replaces_primary": 0.0, "fpem/warmup_risk_sinkhorn_total_replaces_primary": 0.0, "fpem/lambda_club_mi": 0.0}}
EPOCH {"epoch": 37, "train_loss": 1.2279530235699245, "val": {"loss": 11.810628546608818, "mae": 11.589221954345703, "mape": 0.18490749597549438}, "test_mixed": {"loss": NaN, "mae": NaN, "mape": NaN}, "test_workday": {"loss": NaN, "mae": NaN, "mape": NaN}, "test_holiday": {"loss": NaN, "mae": NaN, "mape": NaN}, "test_avg_mae": NaN, "best_selection_value": 11.810628546608818, "best_selection_split": "val", "best_selection_metric": "val_loss", "lr": 0.001, "fpem_logs": {"fpem/fpem_env_use_exogenous": 1.0, "fpem/env_exogenous_available": 1.0, "fpem/env_exogenous_time_available": 1.0, "fpem/env_exogenous_load_available": 1.0, "fpem/env_exogenous_feature_dim": 32.0, "fpem/env_exogenous_embedding_norm": 2.494984140850249, "fpem/env_exogenous_load_embedding_norm": 1.6422675314403716, "fpem/fpem_env_use_period_context": 1.0, "fpem/env_period_context_available": 1.0, "fpem/env_period_day_available_ratio": 0.9732142857142857, "fpem/env_period_week_available_ratio": 0.8244047619047619, "fpem/env_period_context_feature_dim": 6.0, "fpem/env_period_context_scale": 0.10000000149011612, "fpem/env_period_context_delta_norm": 0.20782210784299032, "fpem/env_period_context_day_diff_norm": 0.16272705303771154, "fpem/env_period_context_week_diff_norm": 0.10188992619514466, "fpem/env_rep_ablation_normal": 1.0, "fpem/env_rep_ablation_zero": 0.0, "fpem/env_rep_ablation_shuffle_batch": 0.0, "fpem/env_rep_ablation_mode_id": 0.0, "fpem/mask_loss": 0.0, "fpem/mask_sparse_loss": 0.0, "fpem/mask_entropy_loss": 0.0, "fpem/mask_mean": 1.0, "fpem/mask_entropy": 0.0, "fpem/mask_active_ratio": 1.0, "fpem/fusion_alpha_mean": 0.0, "fpem/fusion_alpha_std": 0.0, "fpem/fusion_alpha_min": 0.0, "fpem/fusion_alpha_max": 0.0, "fpem/env_route_loss": 1.2279530235699245, "fpem/env_route_L_final": 8.989837610153925, "fpem/env_route_L_global": 0.0, "fpem/env_route_L_route_soft": 0.0, "fpem/env_route_L_expert": 9.414024970644997, "fpem/env_route_L_router_oracle": 1.2279530235699245, "fpem/env_route_L_balance": 0.0, "fpem/env_route_L_diverse": 0.0, "fpem/env_route_L_proto_align": 0.0, "fpem/env_route_entropy": 0.0, "fpem/env_route_q_max_mean": 0.0, "fpem/hyper_alpha_mean": 0.0, "fpem/hyper_delta_norm": 0.0, "fpem/hyper_route_proto_mode_uniform_warmup": 0.0, "fpem/hyper_route_proto_mode_uniform_fixed": 0.0, "fpem/hyper_route_proto_mode_sinkhorn": 0.0, "fpem/hyper_route_proto_mode_softmax": 0.0, "fpem/fallback_q_mean": 0.0, "fpem/fallback_q_max": 0.0, "fpem/env_q_sum_mean": 1.0, "fpem/oracle_fallback_rate": 0.0, "fpem/route_count_fallback": 0.0, "fpem/env_route_head_mode": 1.0, "fpem/route_entropy_mean": 0.0, "fpem/route_mean_distribution_entropy": 0.0, "fpem/effective_expert_number": 1.0, "fpem/max_expert_usage_ratio": 0.0, "fpem/min_expert_usage_ratio": 0.0, "fpem/prototype_pairwise_cosine": 0.0, "fpem/expert_prediction_pairwise_cosine": 0.0, "fpem/expert_collapse_warning": 0.0, "fpem/env_route_target_mode_env_prototype": 0.0, "fpem/env_route_target_mode_hybrid": 0.0, "fpem/env_route_hybrid_alpha": 0.0, "fpem/env_route_train_mode_warmup_risk_sinkhorn": 0.0, "fpem/warmup_risk_stage_warmup": 0.0, "fpem/warmup_risk_stage_soft": 0.0, "fpem/warmup_risk_stage_hard": 0.0, "fpem/warmup_risk_selected_loss": 0.0, "fpem/warmup_risk_uniform_common_loss": 0.0, "fpem/warmup_risk_lambda_common": 0.0, "fpem/warmup_risk_total_common_term": 0.0, "fpem/warmup_risk_temperature": 0.0, "fpem/warmup_risk_temperature_progress": 0.0, "fpem/uniform_expert_mae": 0.0, "fpem/risk_routed_mae": 0.0, "fpem/risk_prediction_mae": 0.0, "fpem/risk_loss": 0.0, "fpem/risk_ranking_loss": 0.0, "fpem/risk_ranking_accuracy": 0.0, "fpem/risk_oracle_argmin_accuracy": 0.0, "fpem/risk_router_temperature": 0.0, "fpem/risk_router_lambda": 0.0, "fpem/risk_router_pairwise_lambda": 0.0, "fpem/env_route_train_mode_progressive_gmm_environment": 0.0, "fpem/top_level_prediction_source_progressive_gmm_teacher_hard": 0.0, "fpem/progressive_assignment_uses_target_or_prediction_error": 0.0, "fpem/progressive_partition_ready": 0.0, "fpem/progressive_selected_k": 0.0, "fpem/progressive_active_expert_count": 0.0, "fpem/progressive_last_partition_epoch": 0.0, "fpem/progressive_lambda_common": 0.0, "fpem/progressive_common_term": 0.0, "fpem/progressive_compactness_loss": 0.0, "fpem/progressive_consistency_loss": 0.0, "fpem/progressive_cluster_entropy": 0.0, "fpem/progressive_assignment_change_ratio": 0.0, "fpem/progressive_hungarian_overlap_score": 0.0, "fpem/progressive_partition_update_time_sec": 0.0, "fpem/progressive_routed_mae": 0.0, "fpem/progressive_gmm_environment_total_replaces_primary": 0.0, "fpem/env_route_count_head_0": 16.0, "fpem/env_route_oracle_count_head_0": 16.0, "fpem/route_count_env_head_0": 16.0, "fpem/route_soft_mean_expert_0": 1.0, "fpem/route_hard_count_expert_0": 16.0, "fpem/hard_count_expert_0": 16.0, "fpem/sinkhorn_soft_col_mass_expert_0": 0.0, "fpem/progressive_active_expert_0": 0.0, "fpem/progressive_cluster_size_0": 0.0, "fpem/progressive_cluster_ratio_0": 0.0, "fpem/progressive_cluster_to_expert_0": 0.0, "fpem/progressive_bic_k1": 0.0, "fpem/progressive_bic_score_k1": 0.0, "fpem/progressive_bic_rejected_k1": 0.0, "fpem/hyper_alpha_head_0": 0.0, "fpem/hyper_gamma_norm_head_0": 0.0, "fpem/hyper_beta_norm_head_0": 0.0, "fpem/expert_cross_mae_group_0_expert_0": 9.414024970644997, "fpem/load_expert_loss": 9.414024970644997, "fpem/counterfactual_risk_router_loss": 1.2279530235699245, "fpem/counterfactual_risk_regression_loss": 0.8836546090387163, "fpem/counterfactual_risk_ranking_loss": 0.6885968219666254, "fpem/load_level_assignment_detached": 1.0, "fpem/load_level_count_0": 1680.0, "fpem/load_level_ratio_0": 1.0, "fpem/expert_0_global_loss": 9.414024970644997, "fpem/expert_0_selected_loss": 9.414024970644997, "fpem/counterfactual_risk_stage2_active": 1.0, "fpem/counterfactual_risk_stage2_start_epoch": 20.0, "fpem/counterfactual_risk_all_environment_mae": 9.414024970644997, "fpem/counterfactual_risk_all_invariant_mae": 9.662237485249838, "fpem/counterfactual_risk_routed_mae": 9.49001248223441, "fpem/counterfactual_risk_oracle_mae": 9.37801630383446, "fpem/counterfactual_risk_router_accuracy": 0.5946428571428571, "fpem/counterfactual_risk_router_balanced_accuracy": 0.5253082116444906, "fpem/counterfactual_risk_inv_route_ratio": 0.3607142857142857, "fpem/counterfactual_risk_env_route_ratio": 0.6392857142857142, "fpem/counterfactual_risk_inv_switch_precision": 0.2148526112948145, "fpem/counterfactual_risk_correct_inv_switches": 1.2857142857142858, "fpem/counterfactual_risk_harmful_inv_switches": 4.485714285714286, "fpem/counterfactual_risk_saved_loss": 0.014855244897660755, "fpem/counterfactual_risk_added_loss": 0.0908426494825454, "fpem/counterfactual_risk_net_gain": -0.0759875115894136, "fpem/counterfactual_risk_regret": 0.11199617839994885, "fpem/counterfactual_risk_oracle_gap_closed": -3282.957310370427, "fpem/counterfactual_risk_delta_mean": -0.24821240234942663, "fpem/counterfactual_risk_target_inv_ratio": 0.20535714285714285, "fpem/counterfactual_risk_weight_env_sum": 8.228571405864898, "fpem/counterfactual_risk_weight_inv_sum": 7.771428503308978, "fpem/counterfactual_risk_prediction_is_hard_route": 1.0, "fpem/counterfactual_risk_prediction_is_soft_fusion": 0.0, "fpem/counterfactual_risk_target_detached": 1.0, "fpem/counterfactual_risk_uses_threshold": 0.0, "fpem/counterfactual_risk_all_samples_used_for_router": 1.0, "fpem/hard_router_predicted_env_ratio": 0.6392857142857142, "fpem/hard_router_effective_env_ratio": 1.0, "fpem/hard_router_target_env_ratio": 0.7946428571428571, "fpem/hard_router_gain_mean": -0.24821240234942663, "fpem/expert_prediction_pairwise_difference": 0.0, "fpem/delta_pairwise_cosine": 0.0, "fpem/delta_pairwise_l1": 0.0, "fpem/delta_pairwise_l2": 0.0, "fpem/expert_0_parameter_norm": 14.882429122924805, "fpem/hard_binary_router_enabled": 0.0, "fpem/hard_router_uses_target_in_forward": 0.0, "fpem/stored_future_c_loaded": 0.0, "fpem/prediction_is_weighted_complete_fusion": 0.0, "fpem/prediction_is_hard_route": 1.0, "fpem/conservative_inv_override_enabled": 0.0, "fpem/conservative_router_features_detached": 1.0, "fpem/counterfactual_risk_router_enabled": 1.0, "fpem/counterfactual_risk_stage2_active_forward": 1.0, "fpem/counterfactual_risk_deploy_route_active": 0.0, "fpem/counterfactual_risk_training_uses_route": 0.0, "fpem/counterfactual_risk_forward_uses_threshold": 0.0, "fpem/future_mi_loss": 0.0, "fpem/future_mi_valid": 0.0, "fpem/future_mi_logvar_mean": 0.0, "fpem/future_mi_target_mode_env_encoder": 0.0, "fpem/swap_loss": 0.0, "fpem/swap_diff_loss": 0.0, "fpem/swap_same_loss": 0.0, "fpem/swap_gain_mean": 0.0, "fpem/swap_s_gain_mean": 0.0, "fpem/swap_fallback_router_loss": 0.0, "fpem/swap_fallback_q_mean": 0.0, "fpem/swap_prediction_delta": 0.0, "fpem/swap_route_delta": 0.0, "fpem/swap_hyper_alpha_delta": 0.0, "fpem/swap_hyper_delta_norm": 0.0, "fpem/loss_env_day": 0.0, "fpem/loss_env_hour": 0.0, "fpem/loss_env_rush": 0.0, "fpem/env_day_acc": 0.0, "fpem/env_hour_acc": 0.0, "fpem/env_rush_acc": 0.0, "fpem/loss_env_supcon": 0.0, "fpem/env_supcon_valid_pairs": 0.0, "fpem/loss_inv_env_adv": 0.0, "fpem/inv_day_acc": 0.0, "fpem/inv_hour_acc": 0.0, "fpem/inv_rush_acc": 0.0, "fpem/loss_cross_cov_sep": 0.0, "fpem/confounder_dep_enabled": 0.0, "fpem/confounder_dep_mode_gci": 0.0, "fpem/confounder_dep_mode_scd": 1.0, "fpem/confounder_dep_mode_both": 0.0, "fpem/confounder_dep_total": 0.0, "fpem/loss_gci": 0.0, "fpem/loss_gci_drop": 0.0, "fpem/loss_gci_keep": 0.0, "fpem/loss_gci_graph_align": 0.0, "fpem/loss_scd": 0.0, "fpem/loss_conf_kl": 0.0, "fpem/effective_gci_weight": 0.0, "fpem/effective_gci_graph_align_weight": 0.0, "fpem/effective_scd_weight": 0.0, "fpem/effective_conf_kl_weight": 0.0, "fpem/confounder_dep_ramp_factor": 0.0, "fpem/C_mean": 0.0, "fpem/C_std": 0.0, "fpem/C_norm": 0.0, "fpem/confounder_token_norm": 0.0, "fpem/confounder_variational": 0.0, "fpem/confounder_projection_trace": 0.0, "fpem/confounder_projection_ridge": 0.0, "fpem/confounder_projection_rank_dim": 0.0, "fpem/confounder_projection_calls": 0.0, "fpem/confounder_dep_detach_target": 0.0, "fpem/gci_nonedge_mass_before_C": 0.0, "fpem/gci_nonedge_mass_after_C": 0.0, "fpem/gci_nonedge_mass_reduction": 0.0, "fpem/gci_relative_violation": 0.0, "fpem/gci_edge_before_C": 0.0, "fpem/gci_edge_after_C": 0.0, "fpem/gci_nonedge_conn_before_C": 0.0, "fpem/gci_nonedge_conn_after_C": 0.0, "fpem/gci_nonedge_conn_reduction": 0.0, "fpem/gci_edge_conn_before_C": 0.0, "fpem/gci_edge_conn_after_C": 0.0, "fpem/gci_edge_conn_reduction": 0.0, "fpem/gci_nonedge_dep_before_C": 0.0, "fpem/gci_nonedge_dep_after_C": 0.0, "fpem/gci_nonedge_dep_reduction": 0.0, "fpem/gci_edge_dep_before_C": 0.0, "fpem/gci_edge_dep_after_C": 0.0, "fpem/gci_nonedge_count": 0.0, "fpem/gci_edge_count": 0.0, "fpem/gci_node_count": 0.0, "fpem/gci_node_vector_dim": 0.0, "fpem/gci_graph_embed_dim": 0.0, "fpem/gci_graph_embedding_norm_before": 0.0, "fpem/gci_graph_embedding_norm_after": 0.0, "fpem/gci_graph_embedding_std_before": 0.0, "fpem/gci_graph_embedding_std_after": 0.0, "fpem/gci_graph_adj_mean_before": 0.0, "fpem/gci_graph_adj_mean_after": 0.0, "fpem/gci_graph_adj_std_before": 0.0, "fpem/gci_graph_adj_std_after": 0.0, "fpem/gci_graph_align_weight": 0.0, "fpem/gci_graph_align_raw_mse": 0.0, "fpem/gci_graph_align_normalized": 0.0, "fpem/gci_edge_preserve_beta": 0.0, "fpem/gci_graph_align_target_available": 0.0, "fpem/gci_target_adj_mean": 0.0, "fpem/gci_target_adj_std": 0.0, "fpem/gci_target_edge_mean": 0.0, "fpem/gci_target_nonedge_mean": 0.0, "fpem/gci_target_diag_mean": 0.0, "fpem/gci_graph_align_updates_agcrn": 0.0, "fpem/gci_updates_graph_linear": 0.0, "fpem/gci_graph_construction_agcrn_softmax": 0.0, "fpem/scd_assoc_before_C": 0.0, "fpem/scd_assoc_after_C": 0.0, "fpem/scd_assoc_reduction": 0.0, "fpem/scd_relative_violation": 0.0, "fpem/sample_assoc_before_C": 0.0, "fpem/sample_assoc_after_C": 0.0, "fpem/sample_assoc_reduction": 0.0, "fpem/sample_dep_before_C": 0.0, "fpem/sample_dep_after_C": 0.0, "fpem/sample_dep_reduction": 0.0, "fpem/scd_batch_size": 0.0, "fpem/scd_sample_vector_dim": 0.0, "fpem/sample_kernel_alignment": 0.0, "fpem/scd_alignment_loss": 0.0, "fpem/load_level_experts_enabled": 1.0, "fpem/load_level_uses_target_or_future_load": 0.0, "fpem/environment_gate_uses_target_in_forward": 0.0, "fpem/load_level_env_residual_scale": 0.0, "fpem/uses_cached_observable_load_prior": 1.0, "fpem/primary_loss": 8.989837610153925, "fpem/inv_pred_loss": 9.219329089210147, "fpem/primary_uses_route": 1.0, "fpem/primary_uses_env_fusion": 0.0, "fpem/backbone_agcrn": 1.0, "fpem/backbone_graphwavenet": 0.0, "fpem/backbone_staeformer": 0.0, "fpem/gc_pred_loss_only": 1.0, "fpem/env_route_head_mode_hyper_proto": 1.0, "fpem/fpem_force_uniform_route": 0.0, "fpem/hard_prediction_sinkhorn_total_replaces_primary": 0.0, "fpem/hard_prediction_environment_sinkhorn_total_replaces_primary": 0.0, "fpem/warmup_risk_sinkhorn_total_replaces_primary": 0.0, "fpem/lambda_club_mi": 0.0}}
EPOCH {"epoch": 38, "train_loss": 1.2330652327764602, "val": {"loss": 11.812192254596287, "mae": 11.591517448425293, "mape": 0.18510808050632477}, "test_mixed": {"loss": NaN, "mae": NaN, "mape": NaN}, "test_workday": {"loss": NaN, "mae": NaN, "mape": NaN}, "test_holiday": {"loss": NaN, "mae": NaN, "mape": NaN}, "test_avg_mae": NaN, "best_selection_value": 11.812192254596287, "best_selection_split": "val", "best_selection_metric": "val_loss", "lr": 0.001, "fpem_logs": {"fpem/fpem_env_use_exogenous": 1.0, "fpem/env_exogenous_available": 1.0, "fpem/env_exogenous_time_available": 1.0, "fpem/env_exogenous_load_available": 1.0, "fpem/env_exogenous_feature_dim": 32.0, "fpem/env_exogenous_embedding_norm": 2.4949841476622083, "fpem/env_exogenous_load_embedding_norm": 1.642267520087106, "fpem/fpem_env_use_period_context": 1.0, "fpem/env_period_context_available": 1.0, "fpem/env_period_day_available_ratio": 0.9732142857142857, "fpem/env_period_week_available_ratio": 0.8244047619047619, "fpem/env_period_context_feature_dim": 6.0, "fpem/env_period_context_scale": 0.10000000149011612, "fpem/env_period_context_delta_norm": 0.2078221075591587, "fpem/env_period_context_day_diff_norm": 0.1627270526119641, "fpem/env_period_context_week_diff_norm": 0.10188992690472376, "fpem/env_rep_ablation_normal": 1.0, "fpem/env_rep_ablation_zero": 0.0, "fpem/env_rep_ablation_shuffle_batch": 0.0, "fpem/env_rep_ablation_mode_id": 0.0, "fpem/mask_loss": 0.0, "fpem/mask_sparse_loss": 0.0, "fpem/mask_entropy_loss": 0.0, "fpem/mask_mean": 1.0, "fpem/mask_entropy": 0.0, "fpem/mask_active_ratio": 1.0, "fpem/fusion_alpha_mean": 0.0, "fpem/fusion_alpha_std": 0.0, "fpem/fusion_alpha_min": 0.0, "fpem/fusion_alpha_max": 0.0, "fpem/env_route_loss": 1.2330652327764602, "fpem/env_route_L_final": 8.989116514296759, "fpem/env_route_L_global": 0.0, "fpem/env_route_L_route_soft": 0.0, "fpem/env_route_L_expert": 9.414025483812605, "fpem/env_route_L_router_oracle": 1.2330652327764602, "fpem/env_route_L_balance": 0.0, "fpem/env_route_L_diverse": 0.0, "fpem/env_route_L_proto_align": 0.0, "fpem/env_route_entropy": 0.0, "fpem/env_route_q_max_mean": 0.0, "fpem/hyper_alpha_mean": 0.0, "fpem/hyper_delta_norm": 0.0, "fpem/hyper_route_proto_mode_uniform_warmup": 0.0, "fpem/hyper_route_proto_mode_uniform_fixed": 0.0, "fpem/hyper_route_proto_mode_sinkhorn": 0.0, "fpem/hyper_route_proto_mode_softmax": 0.0, "fpem/fallback_q_mean": 0.0, "fpem/fallback_q_max": 0.0, "fpem/env_q_sum_mean": 1.0, "fpem/oracle_fallback_rate": 0.0, "fpem/route_count_fallback": 0.0, "fpem/env_route_head_mode": 1.0, "fpem/route_entropy_mean": 0.0, "fpem/route_mean_distribution_entropy": 0.0, "fpem/effective_expert_number": 1.0, "fpem/max_expert_usage_ratio": 0.0, "fpem/min_expert_usage_ratio": 0.0, "fpem/prototype_pairwise_cosine": 0.0, "fpem/expert_prediction_pairwise_cosine": 0.0, "fpem/expert_collapse_warning": 0.0, "fpem/env_route_target_mode_env_prototype": 0.0, "fpem/env_route_target_mode_hybrid": 0.0, "fpem/env_route_hybrid_alpha": 0.0, "fpem/env_route_train_mode_warmup_risk_sinkhorn": 0.0, "fpem/warmup_risk_stage_warmup": 0.0, "fpem/warmup_risk_stage_soft": 0.0, "fpem/warmup_risk_stage_hard": 0.0, "fpem/warmup_risk_selected_loss": 0.0, "fpem/warmup_risk_uniform_common_loss": 0.0, "fpem/warmup_risk_lambda_common": 0.0, "fpem/warmup_risk_total_common_term": 0.0, "fpem/warmup_risk_temperature": 0.0, "fpem/warmup_risk_temperature_progress": 0.0, "fpem/uniform_expert_mae": 0.0, "fpem/risk_routed_mae": 0.0, "fpem/risk_prediction_mae": 0.0, "fpem/risk_loss": 0.0, "fpem/risk_ranking_loss": 0.0, "fpem/risk_ranking_accuracy": 0.0, "fpem/risk_oracle_argmin_accuracy": 0.0, "fpem/risk_router_temperature": 0.0, "fpem/risk_router_lambda": 0.0, "fpem/risk_router_pairwise_lambda": 0.0, "fpem/env_route_train_mode_progressive_gmm_environment": 0.0, "fpem/top_level_prediction_source_progressive_gmm_teacher_hard": 0.0, "fpem/progressive_assignment_uses_target_or_prediction_error": 0.0, "fpem/progressive_partition_ready": 0.0, "fpem/progressive_selected_k": 0.0, "fpem/progressive_active_expert_count": 0.0, "fpem/progressive_last_partition_epoch": 0.0, "fpem/progressive_lambda_common": 0.0, "fpem/progressive_common_term": 0.0, "fpem/progressive_compactness_loss": 0.0, "fpem/progressive_consistency_loss": 0.0, "fpem/progressive_cluster_entropy": 0.0, "fpem/progressive_assignment_change_ratio": 0.0, "fpem/progressive_hungarian_overlap_score": 0.0, "fpem/progressive_partition_update_time_sec": 0.0, "fpem/progressive_routed_mae": 0.0, "fpem/progressive_gmm_environment_total_replaces_primary": 0.0, "fpem/env_route_count_head_0": 16.0, "fpem/env_route_oracle_count_head_0": 16.0, "fpem/route_count_env_head_0": 16.0, "fpem/route_soft_mean_expert_0": 1.0, "fpem/route_hard_count_expert_0": 16.0, "fpem/hard_count_expert_0": 16.0, "fpem/sinkhorn_soft_col_mass_expert_0": 0.0, "fpem/progressive_active_expert_0": 0.0, "fpem/progressive_cluster_size_0": 0.0, "fpem/progressive_cluster_ratio_0": 0.0, "fpem/progressive_cluster_to_expert_0": 0.0, "fpem/progressive_bic_k1": 0.0, "fpem/progressive_bic_score_k1": 0.0, "fpem/progressive_bic_rejected_k1": 0.0, "fpem/hyper_alpha_head_0": 0.0, "fpem/hyper_gamma_norm_head_0": 0.0, "fpem/hyper_beta_norm_head_0": 0.0, "fpem/expert_cross_mae_group_0_expert_0": 9.414025483812605, "fpem/load_expert_loss": 9.414025483812605, "fpem/counterfactual_risk_router_loss": 1.2330652327764602, "fpem/counterfactual_risk_regression_loss": 0.8945538051071621, "fpem/counterfactual_risk_ranking_loss": 0.6770228527841113, "fpem/load_level_assignment_detached": 1.0, "fpem/load_level_count_0": 1680.0, "fpem/load_level_ratio_0": 1.0, "fpem/expert_0_global_loss": 9.414025483812605, "fpem/expert_0_selected_loss": 9.414025483812605, "fpem/counterfactual_risk_stage2_active": 1.0, "fpem/counterfactual_risk_stage2_start_epoch": 20.0, "fpem/counterfactual_risk_all_environment_mae": 9.414025483812605, "fpem/counterfactual_risk_all_invariant_mae": 9.662237458002, "fpem/counterfactual_risk_routed_mae": 9.485383624122257, "fpem/counterfactual_risk_oracle_mae": 9.378016490028019, "fpem/counterfactual_risk_router_accuracy": 0.5946428571428571, "fpem/counterfactual_risk_router_balanced_accuracy": 0.5558468682425363, "fpem/counterfactual_risk_inv_route_ratio": 0.39285714285714285, "fpem/counterfactual_risk_env_route_ratio": 0.6071428571428571, "fpem/counterfactual_risk_inv_switch_precision": 0.24624923233475005, "fpem/counterfactual_risk_correct_inv_switches": 1.542857142857143, "fpem/counterfactual_risk_harmful_inv_switches": 4.742857142857143, "fpem/counterfactual_risk_saved_loss": 0.01721750157220023, "fpem/counterfactual_risk_added_loss": 0.08857563251540775, "fpem/counterfactual_risk_net_gain": -0.0713581403096517, "fpem/counterfactual_risk_regret": 0.10736713409423829, "fpem/counterfactual_risk_oracle_gap_closed": -3905.6384535911006, "fpem/counterfactual_risk_delta_mean": -0.24821197972411202, "fpem/counterfactual_risk_target_inv_ratio": 0.20535714285714285, "fpem/counterfactual_risk_weight_env_sum": 8.30476181393578, "fpem/counterfactual_risk_weight_inv_sum": 7.695238067990258, "fpem/counterfactual_risk_prediction_is_hard_route": 1.0, "fpem/counterfactual_risk_prediction_is_soft_fusion": 0.0, "fpem/counterfactual_risk_target_detached": 1.0, "fpem/counterfactual_risk_uses_threshold": 0.0, "fpem/counterfactual_risk_all_samples_used_for_router": 1.0, "fpem/hard_router_predicted_env_ratio": 0.6071428571428571, "fpem/hard_router_effective_env_ratio": 1.0, "fpem/hard_router_target_env_ratio": 0.7946428571428571, "fpem/hard_router_gain_mean": -0.24821197972411202, "fpem/expert_prediction_pairwise_difference": 0.0, "fpem/delta_pairwise_cosine": 0.0, "fpem/delta_pairwise_l1": 0.0, "fpem/delta_pairwise_l2": 0.0, "fpem/expert_0_parameter_norm": 14.882429122924805, "fpem/hard_binary_router_enabled": 0.0, "fpem/hard_router_uses_target_in_forward": 0.0, "fpem/stored_future_c_loaded": 0.0, "fpem/prediction_is_weighted_complete_fusion": 0.0, "fpem/prediction_is_hard_route": 1.0, "fpem/conservative_inv_override_enabled": 0.0, "fpem/conservative_router_features_detached": 1.0, "fpem/counterfactual_risk_router_enabled": 1.0, "fpem/counterfactual_risk_stage2_active_forward": 1.0, "fpem/counterfactual_risk_deploy_route_active": 0.0, "fpem/counterfactual_risk_training_uses_route": 0.0, "fpem/counterfactual_risk_forward_uses_threshold": 0.0, "fpem/future_mi_loss": 0.0, "fpem/future_mi_valid": 0.0, "fpem/future_mi_logvar_mean": 0.0, "fpem/future_mi_target_mode_env_encoder": 0.0, "fpem/swap_loss": 0.0, "fpem/swap_diff_loss": 0.0, "fpem/swap_same_loss": 0.0, "fpem/swap_gain_mean": 0.0, "fpem/swap_s_gain_mean": 0.0, "fpem/swap_fallback_router_loss": 0.0, "fpem/swap_fallback_q_mean": 0.0, "fpem/swap_prediction_delta": 0.0, "fpem/swap_route_delta": 0.0, "fpem/swap_hyper_alpha_delta": 0.0, "fpem/swap_hyper_delta_norm": 0.0, "fpem/loss_env_day": 0.0, "fpem/loss_env_hour": 0.0, "fpem/loss_env_rush": 0.0, "fpem/env_day_acc": 0.0, "fpem/env_hour_acc": 0.0, "fpem/env_rush_acc": 0.0, "fpem/loss_env_supcon": 0.0, "fpem/env_supcon_valid_pairs": 0.0, "fpem/loss_inv_env_adv": 0.0, "fpem/inv_day_acc": 0.0, "fpem/inv_hour_acc": 0.0, "fpem/inv_rush_acc": 0.0, "fpem/loss_cross_cov_sep": 0.0, "fpem/confounder_dep_enabled": 0.0, "fpem/confounder_dep_mode_gci": 0.0, "fpem/confounder_dep_mode_scd": 1.0, "fpem/confounder_dep_mode_both": 0.0, "fpem/confounder_dep_total": 0.0, "fpem/loss_gci": 0.0, "fpem/loss_gci_drop": 0.0, "fpem/loss_gci_keep": 0.0, "fpem/loss_gci_graph_align": 0.0, "fpem/loss_scd": 0.0, "fpem/loss_conf_kl": 0.0, "fpem/effective_gci_weight": 0.0, "fpem/effective_gci_graph_align_weight": 0.0, "fpem/effective_scd_weight": 0.0, "fpem/effective_conf_kl_weight": 0.0, "fpem/confounder_dep_ramp_factor": 0.0, "fpem/C_mean": 0.0, "fpem/C_std": 0.0, "fpem/C_norm": 0.0, "fpem/confounder_token_norm": 0.0, "fpem/confounder_variational": 0.0, "fpem/confounder_projection_trace": 0.0, "fpem/confounder_projection_ridge": 0.0, "fpem/confounder_projection_rank_dim": 0.0, "fpem/confounder_projection_calls": 0.0, "fpem/confounder_dep_detach_target": 0.0, "fpem/gci_nonedge_mass_before_C": 0.0, "fpem/gci_nonedge_mass_after_C": 0.0, "fpem/gci_nonedge_mass_reduction": 0.0, "fpem/gci_relative_violation": 0.0, "fpem/gci_edge_before_C": 0.0, "fpem/gci_edge_after_C": 0.0, "fpem/gci_nonedge_conn_before_C": 0.0, "fpem/gci_nonedge_conn_after_C": 0.0, "fpem/gci_nonedge_conn_reduction": 0.0, "fpem/gci_edge_conn_before_C": 0.0, "fpem/gci_edge_conn_after_C": 0.0, "fpem/gci_edge_conn_reduction": 0.0, "fpem/gci_nonedge_dep_before_C": 0.0, "fpem/gci_nonedge_dep_after_C": 0.0, "fpem/gci_nonedge_dep_reduction": 0.0, "fpem/gci_edge_dep_before_C": 0.0, "fpem/gci_edge_dep_after_C": 0.0, "fpem/gci_nonedge_count": 0.0, "fpem/gci_edge_count": 0.0, "fpem/gci_node_count": 0.0, "fpem/gci_node_vector_dim": 0.0, "fpem/gci_graph_embed_dim": 0.0, "fpem/gci_graph_embedding_norm_before": 0.0, "fpem/gci_graph_embedding_norm_after": 0.0, "fpem/gci_graph_embedding_std_before": 0.0, "fpem/gci_graph_embedding_std_after": 0.0, "fpem/gci_graph_adj_mean_before": 0.0, "fpem/gci_graph_adj_mean_after": 0.0, "fpem/gci_graph_adj_std_before": 0.0, "fpem/gci_graph_adj_std_after": 0.0, "fpem/gci_graph_align_weight": 0.0, "fpem/gci_graph_align_raw_mse": 0.0, "fpem/gci_graph_align_normalized": 0.0, "fpem/gci_edge_preserve_beta": 0.0, "fpem/gci_graph_align_target_available": 0.0, "fpem/gci_target_adj_mean": 0.0, "fpem/gci_target_adj_std": 0.0, "fpem/gci_target_edge_mean": 0.0, "fpem/gci_target_nonedge_mean": 0.0, "fpem/gci_target_diag_mean": 0.0, "fpem/gci_graph_align_updates_agcrn": 0.0, "fpem/gci_updates_graph_linear": 0.0, "fpem/gci_graph_construction_agcrn_softmax": 0.0, "fpem/scd_assoc_before_C": 0.0, "fpem/scd_assoc_after_C": 0.0, "fpem/scd_assoc_reduction": 0.0, "fpem/scd_relative_violation": 0.0, "fpem/sample_assoc_before_C": 0.0, "fpem/sample_assoc_after_C": 0.0, "fpem/sample_assoc_reduction": 0.0, "fpem/sample_dep_before_C": 0.0, "fpem/sample_dep_after_C": 0.0, "fpem/sample_dep_reduction": 0.0, "fpem/scd_batch_size": 0.0, "fpem/scd_sample_vector_dim": 0.0, "fpem/sample_kernel_alignment": 0.0, "fpem/scd_alignment_loss": 0.0, "fpem/load_level_experts_enabled": 1.0, "fpem/load_level_uses_target_or_future_load": 0.0, "fpem/environment_gate_uses_target_in_forward": 0.0, "fpem/load_level_env_residual_scale": 0.0, "fpem/uses_cached_observable_load_prior": 1.0, "fpem/primary_loss": 8.989116514296759, "fpem/inv_pred_loss": 9.21884962717692, "fpem/primary_uses_route": 1.0, "fpem/primary_uses_env_fusion": 0.0, "fpem/backbone_agcrn": 1.0, "fpem/backbone_graphwavenet": 0.0, "fpem/backbone_staeformer": 0.0, "fpem/gc_pred_loss_only": 1.0, "fpem/env_route_head_mode_hyper_proto": 1.0, "fpem/fpem_force_uniform_route": 0.0, "fpem/hard_prediction_sinkhorn_total_replaces_primary": 0.0, "fpem/hard_prediction_environment_sinkhorn_total_replaces_primary": 0.0, "fpem/warmup_risk_sinkhorn_total_replaces_primary": 0.0, "fpem/lambda_club_mi": 0.0}}
EPOCH {"epoch": 39, "train_loss": 1.242707217307318, "val": {"loss": 11.824682686063978, "mae": 11.60654354095459, "mape": 0.1861582249403}, "test_mixed": {"loss": NaN, "mae": NaN, "mape": NaN}, "test_workday": {"loss": NaN, "mae": NaN, "mape": NaN}, "test_holiday": {"loss": NaN, "mae": NaN, "mape": NaN}, "test_avg_mae": NaN, "best_selection_value": 11.824682686063978, "best_selection_split": "val", "best_selection_metric": "val_loss", "lr": 0.001, "fpem_logs": {"fpem/fpem_env_use_exogenous": 1.0, "fpem/env_exogenous_available": 1.0, "fpem/env_exogenous_time_available": 1.0, "fpem/env_exogenous_load_available": 1.0, "fpem/env_exogenous_feature_dim": 32.0, "fpem/env_exogenous_embedding_norm": 2.4949841226850236, "fpem/env_exogenous_load_embedding_norm": 1.642267522357759, "fpem/fpem_env_use_period_context": 1.0, "fpem/env_period_context_available": 1.0, "fpem/env_period_day_available_ratio": 0.9732142857142857, "fpem/env_period_week_available_ratio": 0.8244047619047619, "fpem/env_period_context_feature_dim": 6.0, "fpem/env_period_context_scale": 0.10000000149011612, "fpem/env_period_context_delta_norm": 0.20782210869448525, "fpem/env_period_context_day_diff_norm": 0.16272705438591184, "fpem/env_period_context_week_diff_norm": 0.1018899255210445, "fpem/env_rep_ablation_normal": 1.0, "fpem/env_rep_ablation_zero": 0.0, "fpem/env_rep_ablation_shuffle_batch": 0.0, "fpem/env_rep_ablation_mode_id": 0.0, "fpem/mask_loss": 0.0, "fpem/mask_sparse_loss": 0.0, "fpem/mask_entropy_loss": 0.0, "fpem/mask_mean": 1.0, "fpem/mask_entropy": 0.0, "fpem/mask_active_ratio": 1.0, "fpem/fusion_alpha_mean": 0.0, "fpem/fusion_alpha_std": 0.0, "fpem/fusion_alpha_min": 0.0, "fpem/fusion_alpha_max": 0.0, "fpem/env_route_loss": 1.242707217307318, "fpem/env_route_L_final": 8.985409614018032, "fpem/env_route_L_global": 0.0, "fpem/env_route_L_route_soft": 0.0, "fpem/env_route_L_expert": 9.414027695428757, "fpem/env_route_L_router_oracle": 1.242707217307318, "fpem/env_route_L_balance": 0.0, "fpem/env_route_L_diverse": 0.0, "fpem/env_route_L_proto_align": 0.0, "fpem/env_route_entropy": 0.0, "fpem/env_route_q_max_mean": 0.0, "fpem/hyper_alpha_mean": 0.0, "fpem/hyper_delta_norm": 0.0, "fpem/hyper_route_proto_mode_uniform_warmup": 0.0, "fpem/hyper_route_proto_mode_uniform_fixed": 0.0, "fpem/hyper_route_proto_mode_sinkhorn": 0.0, "fpem/hyper_route_proto_mode_softmax": 0.0, "fpem/fallback_q_mean": 0.0, "fpem/fallback_q_max": 0.0, "fpem/env_q_sum_mean": 1.0, "fpem/oracle_fallback_rate": 0.0, "fpem/route_count_fallback": 0.0, "fpem/env_route_head_mode": 1.0, "fpem/route_entropy_mean": 0.0, "fpem/route_mean_distribution_entropy": 0.0, "fpem/effective_expert_number": 1.0, "fpem/max_expert_usage_ratio": 0.0, "fpem/min_expert_usage_ratio": 0.0, "fpem/prototype_pairwise_cosine": 0.0, "fpem/expert_prediction_pairwise_cosine": 0.0, "fpem/expert_collapse_warning": 0.0, "fpem/env_route_target_mode_env_prototype": 0.0, "fpem/env_route_target_mode_hybrid": 0.0, "fpem/env_route_hybrid_alpha": 0.0, "fpem/env_route_train_mode_warmup_risk_sinkhorn": 0.0, "fpem/warmup_risk_stage_warmup": 0.0, "fpem/warmup_risk_stage_soft": 0.0, "fpem/warmup_risk_stage_hard": 0.0, "fpem/warmup_risk_selected_loss": 0.0, "fpem/warmup_risk_uniform_common_loss": 0.0, "fpem/warmup_risk_lambda_common": 0.0, "fpem/warmup_risk_total_common_term": 0.0, "fpem/warmup_risk_temperature": 0.0, "fpem/warmup_risk_temperature_progress": 0.0, "fpem/uniform_expert_mae": 0.0, "fpem/risk_routed_mae": 0.0, "fpem/risk_prediction_mae": 0.0, "fpem/risk_loss": 0.0, "fpem/risk_ranking_loss": 0.0, "fpem/risk_ranking_accuracy": 0.0, "fpem/risk_oracle_argmin_accuracy": 0.0, "fpem/risk_router_temperature": 0.0, "fpem/risk_router_lambda": 0.0, "fpem/risk_router_pairwise_lambda": 0.0, "fpem/env_route_train_mode_progressive_gmm_environment": 0.0, "fpem/top_level_prediction_source_progressive_gmm_teacher_hard": 0.0, "fpem/progressive_assignment_uses_target_or_prediction_error": 0.0, "fpem/progressive_partition_ready": 0.0, "fpem/progressive_selected_k": 0.0, "fpem/progressive_active_expert_count": 0.0, "fpem/progressive_last_partition_epoch": 0.0, "fpem/progressive_lambda_common": 0.0, "fpem/progressive_common_term": 0.0, "fpem/progressive_compactness_loss": 0.0, "fpem/progressive_consistency_loss": 0.0, "fpem/progressive_cluster_entropy": 0.0, "fpem/progressive_assignment_change_ratio": 0.0, "fpem/progressive_hungarian_overlap_score": 0.0, "fpem/progressive_partition_update_time_sec": 0.0, "fpem/progressive_routed_mae": 0.0, "fpem/progressive_gmm_environment_total_replaces_primary": 0.0, "fpem/env_route_count_head_0": 16.0, "fpem/env_route_oracle_count_head_0": 16.0, "fpem/route_count_env_head_0": 16.0, "fpem/route_soft_mean_expert_0": 1.0, "fpem/route_hard_count_expert_0": 16.0, "fpem/hard_count_expert_0": 16.0, "fpem/sinkhorn_soft_col_mass_expert_0": 0.0, "fpem/progressive_active_expert_0": 0.0, "fpem/progressive_cluster_size_0": 0.0, "fpem/progressive_cluster_ratio_0": 0.0, "fpem/progressive_cluster_to_expert_0": 0.0, "fpem/progressive_bic_k1": 0.0, "fpem/progressive_bic_score_k1": 0.0, "fpem/progressive_bic_rejected_k1": 0.0, "fpem/hyper_alpha_head_0": 0.0, "fpem/hyper_gamma_norm_head_0": 0.0, "fpem/hyper_beta_norm_head_0": 0.0, "fpem/expert_cross_mae_group_0_expert_0": 9.414027695428757, "fpem/load_expert_loss": 9.414027695428757, "fpem/counterfactual_risk_router_loss": 1.242707217307318, "fpem/counterfactual_risk_regression_loss": 0.9035914316063836, "fpem/counterfactual_risk_ranking_loss": 0.6782315719695319, "fpem/load_level_assignment_detached": 1.0, "fpem/load_level_count_0": 1680.0, "fpem/load_level_ratio_0": 1.0, "fpem/expert_0_global_loss": 9.414027695428757, "fpem/expert_0_selected_loss": 9.414027695428757, "fpem/counterfactual_risk_stage2_active": 1.0, "fpem/counterfactual_risk_stage2_start_epoch": 20.0, "fpem/counterfactual_risk_all_environment_mae": 9.414027695428757, "fpem/counterfactual_risk_all_invariant_mae": 9.662237476167224, "fpem/counterfactual_risk_routed_mae": 9.484798049926757, "fpem/counterfactual_risk_oracle_mae": 9.378018769763765, "fpem/counterfactual_risk_router_accuracy": 0.6130952380952381, "fpem/counterfactual_risk_router_balanced_accuracy": 0.5585588097572327, "fpem/counterfactual_risk_inv_route_ratio": 0.3470238095238095, "fpem/counterfactual_risk_env_route_ratio": 0.6529761904761905, "fpem/counterfactual_risk_inv_switch_precision": 0.23218794905004048, "fpem/counterfactual_risk_correct_inv_switches": 1.3238095238095238, "fpem/counterfactual_risk_harmful_inv_switches": 4.228571428571429, "fpem/counterfactual_risk_saved_loss": 0.014239710143634251, "fpem/counterfactual_risk_added_loss": 0.08501002958842686, "fpem/counterfactual_risk_net_gain": -0.07077035449800037, "fpem/counterfactual_risk_regret": 0.10677928016299293, "fpem/counterfactual_risk_oracle_gap_closed": -4598.556186581727, "fpem/counterfactual_risk_delta_mean": -0.24820975647086188, "fpem/counterfactual_risk_target_inv_ratio": 0.20535714285714285, "fpem/counterfactual_risk_weight_env_sum": 8.304761845724924, "fpem/counterfactual_risk_weight_inv_sum": 7.69523800441197, "fpem/counterfactual_risk_prediction_is_hard_route": 1.0, "fpem/counterfactual_risk_prediction_is_soft_fusion": 0.0, "fpem/counterfactual_risk_target_detached": 1.0, "fpem/counterfactual_risk_uses_threshold": 0.0, "fpem/counterfactual_risk_all_samples_used_for_router": 1.0, "fpem/hard_router_predicted_env_ratio": 0.6529761904761905, "fpem/hard_router_effective_env_ratio": 1.0, "fpem/hard_router_target_env_ratio": 0.7946428571428571, "fpem/hard_router_gain_mean": -0.24820975647086188, "fpem/expert_prediction_pairwise_difference": 0.0, "fpem/delta_pairwise_cosine": 0.0, "fpem/delta_pairwise_l1": 0.0, "fpem/delta_pairwise_l2": 0.0, "fpem/expert_0_parameter_norm": 14.882429122924805, "fpem/hard_binary_router_enabled": 0.0, "fpem/hard_router_uses_target_in_forward": 0.0, "fpem/stored_future_c_loaded": 0.0, "fpem/prediction_is_weighted_complete_fusion": 0.0, "fpem/prediction_is_hard_route": 1.0, "fpem/conservative_inv_override_enabled": 0.0, "fpem/conservative_router_features_detached": 1.0, "fpem/counterfactual_risk_router_enabled": 1.0, "fpem/counterfactual_risk_stage2_active_forward": 1.0, "fpem/counterfactual_risk_deploy_route_active": 0.0, "fpem/counterfactual_risk_training_uses_route": 0.0, "fpem/counterfactual_risk_forward_uses_threshold": 0.0, "fpem/future_mi_loss": 0.0, "fpem/future_mi_valid": 0.0, "fpem/future_mi_logvar_mean": 0.0, "fpem/future_mi_target_mode_env_encoder": 0.0, "fpem/swap_loss": 0.0, "fpem/swap_diff_loss": 0.0, "fpem/swap_same_loss": 0.0, "fpem/swap_gain_mean": 0.0, "fpem/swap_s_gain_mean": 0.0, "fpem/swap_fallback_router_loss": 0.0, "fpem/swap_fallback_q_mean": 0.0, "fpem/swap_prediction_delta": 0.0, "fpem/swap_route_delta": 0.0, "fpem/swap_hyper_alpha_delta": 0.0, "fpem/swap_hyper_delta_norm": 0.0, "fpem/loss_env_day": 0.0, "fpem/loss_env_hour": 0.0, "fpem/loss_env_rush": 0.0, "fpem/env_day_acc": 0.0, "fpem/env_hour_acc": 0.0, "fpem/env_rush_acc": 0.0, "fpem/loss_env_supcon": 0.0, "fpem/env_supcon_valid_pairs": 0.0, "fpem/loss_inv_env_adv": 0.0, "fpem/inv_day_acc": 0.0, "fpem/inv_hour_acc": 0.0, "fpem/inv_rush_acc": 0.0, "fpem/loss_cross_cov_sep": 0.0, "fpem/confounder_dep_enabled": 0.0, "fpem/confounder_dep_mode_gci": 0.0, "fpem/confounder_dep_mode_scd": 1.0, "fpem/confounder_dep_mode_both": 0.0, "fpem/confounder_dep_total": 0.0, "fpem/loss_gci": 0.0, "fpem/loss_gci_drop": 0.0, "fpem/loss_gci_keep": 0.0, "fpem/loss_gci_graph_align": 0.0, "fpem/loss_scd": 0.0, "fpem/loss_conf_kl": 0.0, "fpem/effective_gci_weight": 0.0, "fpem/effective_gci_graph_align_weight": 0.0, "fpem/effective_scd_weight": 0.0, "fpem/effective_conf_kl_weight": 0.0, "fpem/confounder_dep_ramp_factor": 0.0, "fpem/C_mean": 0.0, "fpem/C_std": 0.0, "fpem/C_norm": 0.0, "fpem/confounder_token_norm": 0.0, "fpem/confounder_variational": 0.0, "fpem/confounder_projection_trace": 0.0, "fpem/confounder_projection_ridge": 0.0, "fpem/confounder_projection_rank_dim": 0.0, "fpem/confounder_projection_calls": 0.0, "fpem/confounder_dep_detach_target": 0.0, "fpem/gci_nonedge_mass_before_C": 0.0, "fpem/gci_nonedge_mass_after_C": 0.0, "fpem/gci_nonedge_mass_reduction": 0.0, "fpem/gci_relative_violation": 0.0, "fpem/gci_edge_before_C": 0.0, "fpem/gci_edge_after_C": 0.0, "fpem/gci_nonedge_conn_before_C": 0.0, "fpem/gci_nonedge_conn_after_C": 0.0, "fpem/gci_nonedge_conn_reduction": 0.0, "fpem/gci_edge_conn_before_C": 0.0, "fpem/gci_edge_conn_after_C": 0.0, "fpem/gci_edge_conn_reduction": 0.0, "fpem/gci_nonedge_dep_before_C": 0.0, "fpem/gci_nonedge_dep_after_C": 0.0, "fpem/gci_nonedge_dep_reduction": 0.0, "fpem/gci_edge_dep_before_C": 0.0, "fpem/gci_edge_dep_after_C": 0.0, "fpem/gci_nonedge_count": 0.0, "fpem/gci_edge_count": 0.0, "fpem/gci_node_count": 0.0, "fpem/gci_node_vector_dim": 0.0, "fpem/gci_graph_embed_dim": 0.0, "fpem/gci_graph_embedding_norm_before": 0.0, "fpem/gci_graph_embedding_norm_after": 0.0, "fpem/gci_graph_embedding_std_before": 0.0, "fpem/gci_graph_embedding_std_after": 0.0, "fpem/gci_graph_adj_mean_before": 0.0, "fpem/gci_graph_adj_mean_after": 0.0, "fpem/gci_graph_adj_std_before": 0.0, "fpem/gci_graph_adj_std_after": 0.0, "fpem/gci_graph_align_weight": 0.0, "fpem/gci_graph_align_raw_mse": 0.0, "fpem/gci_graph_align_normalized": 0.0, "fpem/gci_edge_preserve_beta": 0.0, "fpem/gci_graph_align_target_available": 0.0, "fpem/gci_target_adj_mean": 0.0, "fpem/gci_target_adj_std": 0.0, "fpem/gci_target_edge_mean": 0.0, "fpem/gci_target_nonedge_mean": 0.0, "fpem/gci_target_diag_mean": 0.0, "fpem/gci_graph_align_updates_agcrn": 0.0, "fpem/gci_updates_graph_linear": 0.0, "fpem/gci_graph_construction_agcrn_softmax": 0.0, "fpem/scd_assoc_before_C": 0.0, "fpem/scd_assoc_after_C": 0.0, "fpem/scd_assoc_reduction": 0.0, "fpem/scd_relative_violation": 0.0, "fpem/sample_assoc_before_C": 0.0, "fpem/sample_assoc_after_C": 0.0, "fpem/sample_assoc_reduction": 0.0, "fpem/sample_dep_before_C": 0.0, "fpem/sample_dep_after_C": 0.0, "fpem/sample_dep_reduction": 0.0, "fpem/scd_batch_size": 0.0, "fpem/scd_sample_vector_dim": 0.0, "fpem/sample_kernel_alignment": 0.0, "fpem/scd_alignment_loss": 0.0, "fpem/load_level_experts_enabled": 1.0, "fpem/load_level_uses_target_or_future_load": 0.0, "fpem/environment_gate_uses_target_in_forward": 0.0, "fpem/load_level_env_residual_scale": 0.0, "fpem/uses_cached_observable_load_prior": 1.0, "fpem/primary_loss": 8.985409614018032, "fpem/inv_pred_loss": 9.215182486034575, "fpem/primary_uses_route": 1.0, "fpem/primary_uses_env_fusion": 0.0, "fpem/backbone_agcrn": 1.0, "fpem/backbone_graphwavenet": 0.0, "fpem/backbone_staeformer": 0.0, "fpem/gc_pred_loss_only": 1.0, "fpem/env_route_head_mode_hyper_proto": 1.0, "fpem/fpem_force_uniform_route": 0.0, "fpem/hard_prediction_sinkhorn_total_replaces_primary": 0.0, "fpem/hard_prediction_environment_sinkhorn_total_replaces_primary": 0.0, "fpem/warmup_risk_sinkhorn_total_replaces_primary": 0.0, "fpem/lambda_club_mi": 0.0}}
EPOCH {"epoch": 40, "train_loss": 1.2673288668904985, "val": {"loss": 11.818792475594414, "mae": 11.59982967376709, "mape": 0.18582193553447723}, "test_mixed": {"loss": NaN, "mae": NaN, "mape": NaN}, "test_workday": {"loss": NaN, "mae": NaN, "mape": NaN}, "test_holiday": {"loss": NaN, "mae": NaN, "mape": NaN}, "test_avg_mae": NaN, "best_selection_value": 11.818792475594414, "best_selection_split": "val", "best_selection_metric": "val_loss", "lr": 0.001, "fpem_logs": {"fpem/fpem_env_use_exogenous": 1.0, "fpem/env_exogenous_available": 1.0, "fpem/env_exogenous_time_available": 1.0, "fpem/env_exogenous_load_available": 1.0, "fpem/env_exogenous_feature_dim": 32.0, "fpem/env_exogenous_embedding_norm": 2.494984124955677, "fpem/env_exogenous_load_embedding_norm": 1.6422675110044933, "fpem/fpem_env_use_period_context": 1.0, "fpem/env_period_context_available": 1.0, "fpem/env_period_day_available_ratio": 0.9732142857142857, "fpem/env_period_week_available_ratio": 0.8244047619047619, "fpem/env_period_context_feature_dim": 6.0, "fpem/env_period_context_scale": 0.10000000149011612, "fpem/env_period_context_delta_norm": 0.2078221077010745, "fpem/env_period_context_day_diff_norm": 0.16272705289579573, "fpem/env_period_context_week_diff_norm": 0.10188992747238704, "fpem/env_rep_ablation_normal": 1.0, "fpem/env_rep_ablation_zero": 0.0, "fpem/env_rep_ablation_shuffle_batch": 0.0, "fpem/env_rep_ablation_mode_id": 0.0, "fpem/mask_loss": 0.0, "fpem/mask_sparse_loss": 0.0, "fpem/mask_entropy_loss": 0.0, "fpem/mask_mean": 1.0, "fpem/mask_entropy": 0.0, "fpem/mask_active_ratio": 1.0, "fpem/fusion_alpha_mean": 0.0, "fpem/fusion_alpha_std": 0.0, "fpem/fusion_alpha_min": 0.0, "fpem/fusion_alpha_max": 0.0, "fpem/env_route_loss": 1.2673288668904985, "fpem/env_route_L_final": 8.983397456577846, "fpem/env_route_L_global": 0.0, "fpem/env_route_L_route_soft": 0.0, "fpem/env_route_L_expert": 9.414026323954264, "fpem/env_route_L_router_oracle": 1.2673288668904985, "fpem/env_route_L_balance": 0.0, "fpem/env_route_L_diverse": 0.0, "fpem/env_route_L_proto_align": 0.0, "fpem/env_route_entropy": 0.0, "fpem/env_route_q_max_mean": 0.0, "fpem/hyper_alpha_mean": 0.0, "fpem/hyper_delta_norm": 0.0, "fpem/hyper_route_proto_mode_uniform_warmup": 0.0, "fpem/hyper_route_proto_mode_uniform_fixed": 0.0, "fpem/hyper_route_proto_mode_sinkhorn": 0.0, "fpem/hyper_route_proto_mode_softmax": 0.0, "fpem/fallback_q_mean": 0.0, "fpem/fallback_q_max": 0.0, "fpem/env_q_sum_mean": 1.0, "fpem/oracle_fallback_rate": 0.0, "fpem/route_count_fallback": 0.0, "fpem/env_route_head_mode": 1.0, "fpem/route_entropy_mean": 0.0, "fpem/route_mean_distribution_entropy": 0.0, "fpem/effective_expert_number": 1.0, "fpem/max_expert_usage_ratio": 0.0, "fpem/min_expert_usage_ratio": 0.0, "fpem/prototype_pairwise_cosine": 0.0, "fpem/expert_prediction_pairwise_cosine": 0.0, "fpem/expert_collapse_warning": 0.0, "fpem/env_route_target_mode_env_prototype": 0.0, "fpem/env_route_target_mode_hybrid": 0.0, "fpem/env_route_hybrid_alpha": 0.0, "fpem/env_route_train_mode_warmup_risk_sinkhorn": 0.0, "fpem/warmup_risk_stage_warmup": 0.0, "fpem/warmup_risk_stage_soft": 0.0, "fpem/warmup_risk_stage_hard": 0.0, "fpem/warmup_risk_selected_loss": 0.0, "fpem/warmup_risk_uniform_common_loss": 0.0, "fpem/warmup_risk_lambda_common": 0.0, "fpem/warmup_risk_total_common_term": 0.0, "fpem/warmup_risk_temperature": 0.0, "fpem/warmup_risk_temperature_progress": 0.0, "fpem/uniform_expert_mae": 0.0, "fpem/risk_routed_mae": 0.0, "fpem/risk_prediction_mae": 0.0, "fpem/risk_loss": 0.0, "fpem/risk_ranking_loss": 0.0, "fpem/risk_ranking_accuracy": 0.0, "fpem/risk_oracle_argmin_accuracy": 0.0, "fpem/risk_router_temperature": 0.0, "fpem/risk_router_lambda": 0.0, "fpem/risk_router_pairwise_lambda": 0.0, "fpem/env_route_train_mode_progressive_gmm_environment": 0.0, "fpem/top_level_prediction_source_progressive_gmm_teacher_hard": 0.0, "fpem/progressive_assignment_uses_target_or_prediction_error": 0.0, "fpem/progressive_partition_ready": 0.0, "fpem/progressive_selected_k": 0.0, "fpem/progressive_active_expert_count": 0.0, "fpem/progressive_last_partition_epoch": 0.0, "fpem/progressive_lambda_common": 0.0, "fpem/progressive_common_term": 0.0, "fpem/progressive_compactness_loss": 0.0, "fpem/progressive_consistency_loss": 0.0, "fpem/progressive_cluster_entropy": 0.0, "fpem/progressive_assignment_change_ratio": 0.0, "fpem/progressive_hungarian_overlap_score": 0.0, "fpem/progressive_partition_update_time_sec": 0.0, "fpem/progressive_routed_mae": 0.0, "fpem/progressive_gmm_environment_total_replaces_primary": 0.0, "fpem/env_route_count_head_0": 16.0, "fpem/env_route_oracle_count_head_0": 16.0, "fpem/route_count_env_head_0": 16.0, "fpem/route_soft_mean_expert_0": 1.0, "fpem/route_hard_count_expert_0": 16.0, "fpem/hard_count_expert_0": 16.0, "fpem/sinkhorn_soft_col_mass_expert_0": 0.0, "fpem/progressive_active_expert_0": 0.0, "fpem/progressive_cluster_size_0": 0.0, "fpem/progressive_cluster_ratio_0": 0.0, "fpem/progressive_cluster_to_expert_0": 0.0, "fpem/progressive_bic_k1": 0.0, "fpem/progressive_bic_score_k1": 0.0, "fpem/progressive_bic_rejected_k1": 0.0, "fpem/hyper_alpha_head_0": 0.0, "fpem/hyper_gamma_norm_head_0": 0.0, "fpem/hyper_beta_norm_head_0": 0.0, "fpem/expert_cross_mae_group_0_expert_0": 9.414026323954264, "fpem/load_expert_loss": 9.414026323954264, "fpem/counterfactual_risk_router_loss": 1.2673288668904985, "fpem/counterfactual_risk_regression_loss": 0.9266564363525027, "fpem/counterfactual_risk_ranking_loss": 0.6813448650496347, "fpem/load_level_assignment_detached": 1.0, "fpem/load_level_count_0": 1680.0, "fpem/load_level_ratio_0": 1.0, "fpem/expert_0_global_loss": 9.414026323954264, "fpem/expert_0_selected_loss": 9.414026323954264, "fpem/counterfactual_risk_stage2_active": 1.0, "fpem/counterfactual_risk_stage2_start_epoch": 20.0, "fpem/counterfactual_risk_all_environment_mae": 9.414026323954264, "fpem/counterfactual_risk_all_invariant_mae": 9.6622375306629, "fpem/counterfactual_risk_routed_mae": 9.48748618534633, "fpem/counterfactual_risk_oracle_mae": 9.378017420995803, "fpem/counterfactual_risk_router_accuracy": 0.6125, "fpem/counterfactual_risk_router_balanced_accuracy": 0.5672847936550777, "fpem/counterfactual_risk_inv_route_ratio": 0.3738095238095238, "fpem/counterfactual_risk_env_route_ratio": 0.6261904761904762, "fpem/counterfactual_risk_inv_switch_precision": 0.2634367265871593, "fpem/counterfactual_risk_correct_inv_switches": 1.5333333333333334, "fpem/counterfactual_risk_harmful_inv_switches": 4.447619047619048, "fpem/counterfactual_risk_saved_loss": 0.016968969504038492, "fpem/counterfactual_risk_added_loss": 0.09042875908669971, "fpem/counterfactual_risk_net_gain": -0.07345986139206659, "fpem/counterfactual_risk_regret": 0.10946876435052781, "fpem/counterfactual_risk_oracle_gap_closed": -5023.589089901248, "fpem/counterfactual_risk_delta_mean": -0.24821110793522427, "fpem/counterfactual_risk_target_inv_ratio": 0.20535714285714285, "fpem/counterfactual_risk_weight_env_sum": 8.304761791229248, "fpem/counterfactual_risk_weight_inv_sum": 7.69523804074242, "fpem/counterfactual_risk_prediction_is_hard_route": 1.0, "fpem/counterfactual_risk_prediction_is_soft_fusion": 0.0, "fpem/counterfactual_risk_target_detached": 1.0, "fpem/counterfactual_risk_uses_threshold": 0.0, "fpem/counterfactual_risk_all_samples_used_for_router": 1.0, "fpem/hard_router_predicted_env_ratio": 0.6261904761904762, "fpem/hard_router_effective_env_ratio": 1.0, "fpem/hard_router_target_env_ratio": 0.7946428571428571, "fpem/hard_router_gain_mean": -0.24821110793522427, "fpem/expert_prediction_pairwise_difference": 0.0, "fpem/delta_pairwise_cosine": 0.0, "fpem/delta_pairwise_l1": 0.0, "fpem/delta_pairwise_l2": 0.0, "fpem/expert_0_parameter_norm": 14.882429122924805, "fpem/hard_binary_router_enabled": 0.0, "fpem/hard_router_uses_target_in_forward": 0.0, "fpem/stored_future_c_loaded": 0.0, "fpem/prediction_is_weighted_complete_fusion": 0.0, "fpem/prediction_is_hard_route": 1.0, "fpem/conservative_inv_override_enabled": 0.0, "fpem/conservative_router_features_detached": 1.0, "fpem/counterfactual_risk_router_enabled": 1.0, "fpem/counterfactual_risk_stage2_active_forward": 1.0, "fpem/counterfactual_risk_deploy_route_active": 0.0, "fpem/counterfactual_risk_training_uses_route": 0.0, "fpem/counterfactual_risk_forward_uses_threshold": 0.0, "fpem/future_mi_loss": 0.0, "fpem/future_mi_valid": 0.0, "fpem/future_mi_logvar_mean": 0.0, "fpem/future_mi_target_mode_env_encoder": 0.0, "fpem/swap_loss": 0.0, "fpem/swap_diff_loss": 0.0, "fpem/swap_same_loss": 0.0, "fpem/swap_gain_mean": 0.0, "fpem/swap_s_gain_mean": 0.0, "fpem/swap_fallback_router_loss": 0.0, "fpem/swap_fallback_q_mean": 0.0, "fpem/swap_prediction_delta": 0.0, "fpem/swap_route_delta": 0.0, "fpem/swap_hyper_alpha_delta": 0.0, "fpem/swap_hyper_delta_norm": 0.0, "fpem/loss_env_day": 0.0, "fpem/loss_env_hour": 0.0, "fpem/loss_env_rush": 0.0, "fpem/env_day_acc": 0.0, "fpem/env_hour_acc": 0.0, "fpem/env_rush_acc": 0.0, "fpem/loss_env_supcon": 0.0, "fpem/env_supcon_valid_pairs": 0.0, "fpem/loss_inv_env_adv": 0.0, "fpem/inv_day_acc": 0.0, "fpem/inv_hour_acc": 0.0, "fpem/inv_rush_acc": 0.0, "fpem/loss_cross_cov_sep": 0.0, "fpem/confounder_dep_enabled": 0.0, "fpem/confounder_dep_mode_gci": 0.0, "fpem/confounder_dep_mode_scd": 1.0, "fpem/confounder_dep_mode_both": 0.0, "fpem/confounder_dep_total": 0.0, "fpem/loss_gci": 0.0, "fpem/loss_gci_drop": 0.0, "fpem/loss_gci_keep": 0.0, "fpem/loss_gci_graph_align": 0.0, "fpem/loss_scd": 0.0, "fpem/loss_conf_kl": 0.0, "fpem/effective_gci_weight": 0.0, "fpem/effective_gci_graph_align_weight": 0.0, "fpem/effective_scd_weight": 0.0, "fpem/effective_conf_kl_weight": 0.0, "fpem/confounder_dep_ramp_factor": 0.0, "fpem/C_mean": 0.0, "fpem/C_std": 0.0, "fpem/C_norm": 0.0, "fpem/confounder_token_norm": 0.0, "fpem/confounder_variational": 0.0, "fpem/confounder_projection_trace": 0.0, "fpem/confounder_projection_ridge": 0.0, "fpem/confounder_projection_rank_dim": 0.0, "fpem/confounder_projection_calls": 0.0, "fpem/confounder_dep_detach_target": 0.0, "fpem/gci_nonedge_mass_before_C": 0.0, "fpem/gci_nonedge_mass_after_C": 0.0, "fpem/gci_nonedge_mass_reduction": 0.0, "fpem/gci_relative_violation": 0.0, "fpem/gci_edge_before_C": 0.0, "fpem/gci_edge_after_C": 0.0, "fpem/gci_nonedge_conn_before_C": 0.0, "fpem/gci_nonedge_conn_after_C": 0.0, "fpem/gci_nonedge_conn_reduction": 0.0, "fpem/gci_edge_conn_before_C": 0.0, "fpem/gci_edge_conn_after_C": 0.0, "fpem/gci_edge_conn_reduction": 0.0, "fpem/gci_nonedge_dep_before_C": 0.0, "fpem/gci_nonedge_dep_after_C": 0.0, "fpem/gci_nonedge_dep_reduction": 0.0, "fpem/gci_edge_dep_before_C": 0.0, "fpem/gci_edge_dep_after_C": 0.0, "fpem/gci_nonedge_count": 0.0, "fpem/gci_edge_count": 0.0, "fpem/gci_node_count": 0.0, "fpem/gci_node_vector_dim": 0.0, "fpem/gci_graph_embed_dim": 0.0, "fpem/gci_graph_embedding_norm_before": 0.0, "fpem/gci_graph_embedding_norm_after": 0.0, "fpem/gci_graph_embedding_std_before": 0.0, "fpem/gci_graph_embedding_std_after": 0.0, "fpem/gci_graph_adj_mean_before": 0.0, "fpem/gci_graph_adj_mean_after": 0.0, "fpem/gci_graph_adj_std_before": 0.0, "fpem/gci_graph_adj_std_after": 0.0, "fpem/gci_graph_align_weight": 0.0, "fpem/gci_graph_align_raw_mse": 0.0, "fpem/gci_graph_align_normalized": 0.0, "fpem/gci_edge_preserve_beta": 0.0, "fpem/gci_graph_align_target_available": 0.0, "fpem/gci_target_adj_mean": 0.0, "fpem/gci_target_adj_std": 0.0, "fpem/gci_target_edge_mean": 0.0, "fpem/gci_target_nonedge_mean": 0.0, "fpem/gci_target_diag_mean": 0.0, "fpem/gci_graph_align_updates_agcrn": 0.0, "fpem/gci_updates_graph_linear": 0.0, "fpem/gci_graph_construction_agcrn_softmax": 0.0, "fpem/scd_assoc_before_C": 0.0, "fpem/scd_assoc_after_C": 0.0, "fpem/scd_assoc_reduction": 0.0, "fpem/scd_relative_violation": 0.0, "fpem/sample_assoc_before_C": 0.0, "fpem/sample_assoc_after_C": 0.0, "fpem/sample_assoc_reduction": 0.0, "fpem/sample_dep_before_C": 0.0, "fpem/sample_dep_after_C": 0.0, "fpem/sample_dep_reduction": 0.0, "fpem/scd_batch_size": 0.0, "fpem/scd_sample_vector_dim": 0.0, "fpem/sample_kernel_alignment": 0.0, "fpem/scd_alignment_loss": 0.0, "fpem/load_level_experts_enabled": 1.0, "fpem/load_level_uses_target_or_future_load": 0.0, "fpem/environment_gate_uses_target_in_forward": 0.0, "fpem/load_level_env_residual_scale": 0.0, "fpem/uses_cached_observable_load_prior": 1.0, "fpem/primary_loss": 8.983397456577846, "fpem/inv_pred_loss": 9.212689971923828, "fpem/primary_uses_route": 1.0, "fpem/primary_uses_env_fusion": 0.0, "fpem/backbone_agcrn": 1.0, "fpem/backbone_graphwavenet": 0.0, "fpem/backbone_staeformer": 0.0, "fpem/gc_pred_loss_only": 1.0, "fpem/env_route_head_mode_hyper_proto": 1.0, "fpem/fpem_force_uniform_route": 0.0, "fpem/hard_prediction_sinkhorn_total_replaces_primary": 0.0, "fpem/hard_prediction_environment_sinkhorn_total_replaces_primary": 0.0, "fpem/warmup_risk_sinkhorn_total_replaces_primary": 0.0, "fpem/lambda_club_mi": 0.0}}
EPOCH {"epoch": 41, "train_loss": 1.2572997033596038, "val": {"loss": 11.808564530478584, "mae": 11.587198257446289, "mape": 0.18477021157741547}, "test_mixed": {"loss": NaN, "mae": NaN, "mape": NaN}, "test_workday": {"loss": NaN, "mae": NaN, "mape": NaN}, "test_holiday": {"loss": NaN, "mae": NaN, "mape": NaN}, "test_avg_mae": NaN, "best_selection_value": 11.808564530478584, "best_selection_split": "val", "best_selection_metric": "val_loss", "lr": 0.001, "fpem_logs": {"fpem/fpem_env_use_exogenous": 1.0, "fpem/env_exogenous_available": 1.0, "fpem/env_exogenous_time_available": 1.0, "fpem/env_exogenous_load_available": 1.0, "fpem/env_exogenous_feature_dim": 32.0, "fpem/env_exogenous_embedding_norm": 2.4949841226850236, "fpem/env_exogenous_load_embedding_norm": 1.6422675212224325, "fpem/fpem_env_use_period_context": 1.0, "fpem/env_period_context_available": 1.0, "fpem/env_period_day_available_ratio": 0.9732142857142857, "fpem/env_period_week_available_ratio": 0.8244047619047619, "fpem/env_period_context_feature_dim": 6.0, "fpem/env_period_context_scale": 0.10000000149011612, "fpem/env_period_context_delta_norm": 0.20782210684957958, "fpem/env_period_context_day_diff_norm": 0.1627270533925011, "fpem/env_period_context_week_diff_norm": 0.10188992697568167, "fpem/env_rep_ablation_normal": 1.0, "fpem/env_rep_ablation_zero": 0.0, "fpem/env_rep_ablation_shuffle_batch": 0.0, "fpem/env_rep_ablation_mode_id": 0.0, "fpem/mask_loss": 0.0, "fpem/mask_sparse_loss": 0.0, "fpem/mask_entropy_loss": 0.0, "fpem/mask_mean": 1.0, "fpem/mask_entropy": 0.0, "fpem/mask_active_ratio": 1.0, "fpem/fusion_alpha_mean": 0.0, "fpem/fusion_alpha_std": 0.0, "fpem/fusion_alpha_min": 0.0, "fpem/fusion_alpha_max": 0.0, "fpem/env_route_loss": 1.2572997033596038, "fpem/env_route_L_final": 8.991987105778286, "fpem/env_route_L_global": 0.0, "fpem/env_route_L_route_soft": 0.0, "fpem/env_route_L_expert": 9.414025692712693, "fpem/env_route_L_router_oracle": 1.2572997033596038, "fpem/env_route_L_balance": 0.0, "fpem/env_route_L_diverse": 0.0, "fpem/env_route_L_proto_align": 0.0, "fpem/env_route_entropy": 0.0, "fpem/env_route_q_max_mean": 0.0, "fpem/hyper_alpha_mean": 0.0, "fpem/hyper_delta_norm": 0.0, "fpem/hyper_route_proto_mode_uniform_warmup": 0.0, "fpem/hyper_route_proto_mode_uniform_fixed": 0.0, "fpem/hyper_route_proto_mode_sinkhorn": 0.0, "fpem/hyper_route_proto_mode_softmax": 0.0, "fpem/fallback_q_mean": 0.0, "fpem/fallback_q_max": 0.0, "fpem/env_q_sum_mean": 1.0, "fpem/oracle_fallback_rate": 0.0, "fpem/route_count_fallback": 0.0, "fpem/env_route_head_mode": 1.0, "fpem/route_entropy_mean": 0.0, "fpem/route_mean_distribution_entropy": 0.0, "fpem/effective_expert_number": 1.0, "fpem/max_expert_usage_ratio": 0.0, "fpem/min_expert_usage_ratio": 0.0, "fpem/prototype_pairwise_cosine": 0.0, "fpem/expert_prediction_pairwise_cosine": 0.0, "fpem/expert_collapse_warning": 0.0, "fpem/env_route_target_mode_env_prototype": 0.0, "fpem/env_route_target_mode_hybrid": 0.0, "fpem/env_route_hybrid_alpha": 0.0, "fpem/env_route_train_mode_warmup_risk_sinkhorn": 0.0, "fpem/warmup_risk_stage_warmup": 0.0, "fpem/warmup_risk_stage_soft": 0.0, "fpem/warmup_risk_stage_hard": 0.0, "fpem/warmup_risk_selected_loss": 0.0, "fpem/warmup_risk_uniform_common_loss": 0.0, "fpem/warmup_risk_lambda_common": 0.0, "fpem/warmup_risk_total_common_term": 0.0, "fpem/warmup_risk_temperature": 0.0, "fpem/warmup_risk_temperature_progress": 0.0, "fpem/uniform_expert_mae": 0.0, "fpem/risk_routed_mae": 0.0, "fpem/risk_prediction_mae": 0.0, "fpem/risk_loss": 0.0, "fpem/risk_ranking_loss": 0.0, "fpem/risk_ranking_accuracy": 0.0, "fpem/risk_oracle_argmin_accuracy": 0.0, "fpem/risk_router_temperature": 0.0, "fpem/risk_router_lambda": 0.0, "fpem/risk_router_pairwise_lambda": 0.0, "fpem/env_route_train_mode_progressive_gmm_environment": 0.0, "fpem/top_level_prediction_source_progressive_gmm_teacher_hard": 0.0, "fpem/progressive_assignment_uses_target_or_prediction_error": 0.0, "fpem/progressive_partition_ready": 0.0, "fpem/progressive_selected_k": 0.0, "fpem/progressive_active_expert_count": 0.0, "fpem/progressive_last_partition_epoch": 0.0, "fpem/progressive_lambda_common": 0.0, "fpem/progressive_common_term": 0.0, "fpem/progressive_compactness_loss": 0.0, "fpem/progressive_consistency_loss": 0.0, "fpem/progressive_cluster_entropy": 0.0, "fpem/progressive_assignment_change_ratio": 0.0, "fpem/progressive_hungarian_overlap_score": 0.0, "fpem/progressive_partition_update_time_sec": 0.0, "fpem/progressive_routed_mae": 0.0, "fpem/progressive_gmm_environment_total_replaces_primary": 0.0, "fpem/env_route_count_head_0": 16.0, "fpem/env_route_oracle_count_head_0": 16.0, "fpem/route_count_env_head_0": 16.0, "fpem/route_soft_mean_expert_0": 1.0, "fpem/route_hard_count_expert_0": 16.0, "fpem/hard_count_expert_0": 16.0, "fpem/sinkhorn_soft_col_mass_expert_0": 0.0, "fpem/progressive_active_expert_0": 0.0, "fpem/progressive_cluster_size_0": 0.0, "fpem/progressive_cluster_ratio_0": 0.0, "fpem/progressive_cluster_to_expert_0": 0.0, "fpem/progressive_bic_k1": 0.0, "fpem/progressive_bic_score_k1": 0.0, "fpem/progressive_bic_rejected_k1": 0.0, "fpem/hyper_alpha_head_0": 0.0, "fpem/hyper_gamma_norm_head_0": 0.0, "fpem/hyper_beta_norm_head_0": 0.0, "fpem/expert_cross_mae_group_0_expert_0": 9.414025692712693, "fpem/load_expert_loss": 9.414025692712693, "fpem/counterfactual_risk_router_loss": 1.2572997033596038, "fpem/counterfactual_risk_regression_loss": 0.9134761794691995, "fpem/counterfactual_risk_ranking_loss": 0.6876470531736102, "fpem/load_level_assignment_detached": 1.0, "fpem/load_level_count_0": 1680.0, "fpem/load_level_ratio_0": 1.0, "fpem/expert_0_global_loss": 9.414025692712693, "fpem/expert_0_selected_loss": 9.414025692712693, "fpem/counterfactual_risk_stage2_active": 1.0, "fpem/counterfactual_risk_stage2_start_epoch": 20.0, "fpem/counterfactual_risk_all_environment_mae": 9.414025692712693, "fpem/counterfactual_risk_all_invariant_mae": 9.662237471625918, "fpem/counterfactual_risk_routed_mae": 9.503365934462774, "fpem/counterfactual_risk_oracle_mae": 9.378016653515044, "fpem/counterfactual_risk_router_accuracy": 0.5666666666666667, "fpem/counterfactual_risk_router_balanced_accuracy": 0.5478252061775752, "fpem/counterfactual_risk_inv_route_ratio": 0.43154761904761907, "fpem/counterfactual_risk_env_route_ratio": 0.5684523809523809, "fpem/counterfactual_risk_inv_switch_precision": 0.23321477926912762, "fpem/counterfactual_risk_correct_inv_switches": 1.6285714285714286, "fpem/counterfactual_risk_harmful_inv_switches": 5.276190476190476, "fpem/counterfactual_risk_saved_loss": 0.017220198540460495, "fpem/counterfactual_risk_added_loss": 0.10656048811617352, "fpem/counterfactual_risk_net_gain": -0.08934024175008139, "fpem/counterfactual_risk_regret": 0.12534928094773065, "fpem/counterfactual_risk_oracle_gap_closed": -11.703402819165161, "fpem/counterfactual_risk_delta_mean": -0.24821189074289232, "fpem/counterfactual_risk_target_inv_ratio": 0.20535714285714285, "fpem/counterfactual_risk_weight_env_sum": 7.9999999455043245, "fpem/counterfactual_risk_weight_inv_sum": 7.9999999409630185, "fpem/counterfactual_risk_prediction_is_hard_route": 1.0, "fpem/counterfactual_risk_prediction_is_soft_fusion": 0.0, "fpem/counterfactual_risk_target_detached": 1.0, "fpem/counterfactual_risk_uses_threshold": 0.0, "fpem/counterfactual_risk_all_samples_used_for_router": 1.0, "fpem/hard_router_predicted_env_ratio": 0.5684523809523809, "fpem/hard_router_effective_env_ratio": 1.0, "fpem/hard_router_target_env_ratio": 0.7946428571428571, "fpem/hard_router_gain_mean": -0.24821189074289232, "fpem/expert_prediction_pairwise_difference": 0.0, "fpem/delta_pairwise_cosine": 0.0, "fpem/delta_pairwise_l1": 0.0, "fpem/delta_pairwise_l2": 0.0, "fpem/expert_0_parameter_norm": 14.882429122924805, "fpem/hard_binary_router_enabled": 0.0, "fpem/hard_router_uses_target_in_forward": 0.0, "fpem/stored_future_c_loaded": 0.0, "fpem/prediction_is_weighted_complete_fusion": 0.0, "fpem/prediction_is_hard_route": 1.0, "fpem/conservative_inv_override_enabled": 0.0, "fpem/conservative_router_features_detached": 1.0, "fpem/counterfactual_risk_router_enabled": 1.0, "fpem/counterfactual_risk_stage2_active_forward": 1.0, "fpem/counterfactual_risk_deploy_route_active": 0.0, "fpem/counterfactual_risk_training_uses_route": 0.0, "fpem/counterfactual_risk_forward_uses_threshold": 0.0, "fpem/future_mi_loss": 0.0, "fpem/future_mi_valid": 0.0, "fpem/future_mi_logvar_mean": 0.0, "fpem/future_mi_target_mode_env_encoder": 0.0, "fpem/swap_loss": 0.0, "fpem/swap_diff_loss": 0.0, "fpem/swap_same_loss": 0.0, "fpem/swap_gain_mean": 0.0, "fpem/swap_s_gain_mean": 0.0, "fpem/swap_fallback_router_loss": 0.0, "fpem/swap_fallback_q_mean": 0.0, "fpem/swap_prediction_delta": 0.0, "fpem/swap_route_delta": 0.0, "fpem/swap_hyper_alpha_delta": 0.0, "fpem/swap_hyper_delta_norm": 0.0, "fpem/loss_env_day": 0.0, "fpem/loss_env_hour": 0.0, "fpem/loss_env_rush": 0.0, "fpem/env_day_acc": 0.0, "fpem/env_hour_acc": 0.0, "fpem/env_rush_acc": 0.0, "fpem/loss_env_supcon": 0.0, "fpem/env_supcon_valid_pairs": 0.0, "fpem/loss_inv_env_adv": 0.0, "fpem/inv_day_acc": 0.0, "fpem/inv_hour_acc": 0.0, "fpem/inv_rush_acc": 0.0, "fpem/loss_cross_cov_sep": 0.0, "fpem/confounder_dep_enabled": 0.0, "fpem/confounder_dep_mode_gci": 0.0, "fpem/confounder_dep_mode_scd": 1.0, "fpem/confounder_dep_mode_both": 0.0, "fpem/confounder_dep_total": 0.0, "fpem/loss_gci": 0.0, "fpem/loss_gci_drop": 0.0, "fpem/loss_gci_keep": 0.0, "fpem/loss_gci_graph_align": 0.0, "fpem/loss_scd": 0.0, "fpem/loss_conf_kl": 0.0, "fpem/effective_gci_weight": 0.0, "fpem/effective_gci_graph_align_weight": 0.0, "fpem/effective_scd_weight": 0.0, "fpem/effective_conf_kl_weight": 0.0, "fpem/confounder_dep_ramp_factor": 0.0, "fpem/C_mean": 0.0, "fpem/C_std": 0.0, "fpem/C_norm": 0.0, "fpem/confounder_token_norm": 0.0, "fpem/confounder_variational": 0.0, "fpem/confounder_projection_trace": 0.0, "fpem/confounder_projection_ridge": 0.0, "fpem/confounder_projection_rank_dim": 0.0, "fpem/confounder_projection_calls": 0.0, "fpem/confounder_dep_detach_target": 0.0, "fpem/gci_nonedge_mass_before_C": 0.0, "fpem/gci_nonedge_mass_after_C": 0.0, "fpem/gci_nonedge_mass_reduction": 0.0, "fpem/gci_relative_violation": 0.0, "fpem/gci_edge_before_C": 0.0, "fpem/gci_edge_after_C": 0.0, "fpem/gci_nonedge_conn_before_C": 0.0, "fpem/gci_nonedge_conn_after_C": 0.0, "fpem/gci_nonedge_conn_reduction": 0.0, "fpem/gci_edge_conn_before_C": 0.0, "fpem/gci_edge_conn_after_C": 0.0, "fpem/gci_edge_conn_reduction": 0.0, "fpem/gci_nonedge_dep_before_C": 0.0, "fpem/gci_nonedge_dep_after_C": 0.0, "fpem/gci_nonedge_dep_reduction": 0.0, "fpem/gci_edge_dep_before_C": 0.0, "fpem/gci_edge_dep_after_C": 0.0, "fpem/gci_nonedge_count": 0.0, "fpem/gci_edge_count": 0.0, "fpem/gci_node_count": 0.0, "fpem/gci_node_vector_dim": 0.0, "fpem/gci_graph_embed_dim": 0.0, "fpem/gci_graph_embedding_norm_before": 0.0, "fpem/gci_graph_embedding_norm_after": 0.0, "fpem/gci_graph_embedding_std_before": 0.0, "fpem/gci_graph_embedding_std_after": 0.0, "fpem/gci_graph_adj_mean_before": 0.0, "fpem/gci_graph_adj_mean_after": 0.0, "fpem/gci_graph_adj_std_before": 0.0, "fpem/gci_graph_adj_std_after": 0.0, "fpem/gci_graph_align_weight": 0.0, "fpem/gci_graph_align_raw_mse": 0.0, "fpem/gci_graph_align_normalized": 0.0, "fpem/gci_edge_preserve_beta": 0.0, "fpem/gci_graph_align_target_available": 0.0, "fpem/gci_target_adj_mean": 0.0, "fpem/gci_target_adj_std": 0.0, "fpem/gci_target_edge_mean": 0.0, "fpem/gci_target_nonedge_mean": 0.0, "fpem/gci_target_diag_mean": 0.0, "fpem/gci_graph_align_updates_agcrn": 0.0, "fpem/gci_updates_graph_linear": 0.0, "fpem/gci_graph_construction_agcrn_softmax": 0.0, "fpem/scd_assoc_before_C": 0.0, "fpem/scd_assoc_after_C": 0.0, "fpem/scd_assoc_reduction": 0.0, "fpem/scd_relative_violation": 0.0, "fpem/sample_assoc_before_C": 0.0, "fpem/sample_assoc_after_C": 0.0, "fpem/sample_assoc_reduction": 0.0, "fpem/sample_dep_before_C": 0.0, "fpem/sample_dep_after_C": 0.0, "fpem/sample_dep_reduction": 0.0, "fpem/scd_batch_size": 0.0, "fpem/scd_sample_vector_dim": 0.0, "fpem/sample_kernel_alignment": 0.0, "fpem/scd_alignment_loss": 0.0, "fpem/load_level_experts_enabled": 1.0, "fpem/load_level_uses_target_or_future_load": 0.0, "fpem/environment_gate_uses_target_in_forward": 0.0, "fpem/load_level_env_residual_scale": 0.0, "fpem/uses_cached_observable_load_prior": 1.0, "fpem/primary_loss": 8.991987105778286, "fpem/inv_pred_loss": 9.221682357788087, "fpem/primary_uses_route": 1.0, "fpem/primary_uses_env_fusion": 0.0, "fpem/backbone_agcrn": 1.0, "fpem/backbone_graphwavenet": 0.0, "fpem/backbone_staeformer": 0.0, "fpem/gc_pred_loss_only": 1.0, "fpem/env_route_head_mode_hyper_proto": 1.0, "fpem/fpem_force_uniform_route": 0.0, "fpem/hard_prediction_sinkhorn_total_replaces_primary": 0.0, "fpem/hard_prediction_environment_sinkhorn_total_replaces_primary": 0.0, "fpem/warmup_risk_sinkhorn_total_replaces_primary": 0.0, "fpem/lambda_club_mi": 0.0}}
EPOCH {"epoch": 42, "train_loss": 1.1415635398456028, "val": {"loss": 11.798618502087063, "mae": 11.57505989074707, "mape": 0.18400780856609344}, "test_mixed": {"loss": NaN, "mae": NaN, "mape": NaN}, "test_workday": {"loss": NaN, "mae": NaN, "mape": NaN}, "test_holiday": {"loss": NaN, "mae": NaN, "mape": NaN}, "test_avg_mae": NaN, "best_selection_value": 11.798618502087063, "best_selection_split": "val", "best_selection_metric": "val_loss", "lr": 0.001, "fpem_logs": {"fpem/fpem_env_use_exogenous": 1.0, "fpem/env_exogenous_available": 1.0, "fpem/env_exogenous_time_available": 1.0, "fpem/env_exogenous_load_available": 1.0, "fpem/env_exogenous_feature_dim": 32.0, "fpem/env_exogenous_embedding_norm": 2.494984124955677, "fpem/env_exogenous_load_embedding_norm": 1.6422675166811262, "fpem/fpem_env_use_period_context": 1.0, "fpem/env_period_context_available": 1.0, "fpem/env_period_day_available_ratio": 0.9732142857142857, "fpem/env_period_week_available_ratio": 0.8244047619047619, "fpem/env_period_context_feature_dim": 6.0, "fpem/env_period_context_scale": 0.10000000149011612, "fpem/env_period_context_delta_norm": 0.2078221082687378, "fpem/env_period_context_day_diff_norm": 0.16272705183142708, "fpem/env_period_context_week_diff_norm": 0.10188992704663957, "fpem/env_rep_ablation_normal": 1.0, "fpem/env_rep_ablation_zero": 0.0, "fpem/env_rep_ablation_shuffle_batch": 0.0, "fpem/env_rep_ablation_mode_id": 0.0, "fpem/mask_loss": 0.0, "fpem/mask_sparse_loss": 0.0, "fpem/mask_entropy_loss": 0.0, "fpem/mask_mean": 1.0, "fpem/mask_entropy": 0.0, "fpem/mask_active_ratio": 1.0, "fpem/fusion_alpha_mean": 0.0, "fpem/fusion_alpha_std": 0.0, "fpem/fusion_alpha_min": 0.0, "fpem/fusion_alpha_max": 0.0, "fpem/env_route_loss": 1.1415635398456028, "fpem/env_route_L_final": 8.986657406034924, "fpem/env_route_L_global": 0.0, "fpem/env_route_L_route_soft": 0.0, "fpem/env_route_L_expert": 9.414026896158854, "fpem/env_route_L_router_oracle": 1.1415635398456028, "fpem/env_route_L_balance": 0.0, "fpem/env_route_L_diverse": 0.0, "fpem/env_route_L_proto_align": 0.0, "fpem/env_route_entropy": 0.0, "fpem/env_route_q_max_mean": 0.0, "fpem/hyper_alpha_mean": 0.0, "fpem/hyper_delta_norm": 0.0, "fpem/hyper_route_proto_mode_uniform_warmup": 0.0, "fpem/hyper_route_proto_mode_uniform_fixed": 0.0, "fpem/hyper_route_proto_mode_sinkhorn": 0.0, "fpem/hyper_route_proto_mode_softmax": 0.0, "fpem/fallback_q_mean": 0.0, "fpem/fallback_q_max": 0.0, "fpem/env_q_sum_mean": 1.0, "fpem/oracle_fallback_rate": 0.0, "fpem/route_count_fallback": 0.0, "fpem/env_route_head_mode": 1.0, "fpem/route_entropy_mean": 0.0, "fpem/route_mean_distribution_entropy": 0.0, "fpem/effective_expert_number": 1.0, "fpem/max_expert_usage_ratio": 0.0, "fpem/min_expert_usage_ratio": 0.0, "fpem/prototype_pairwise_cosine": 0.0, "fpem/expert_prediction_pairwise_cosine": 0.0, "fpem/expert_collapse_warning": 0.0, "fpem/env_route_target_mode_env_prototype": 0.0, "fpem/env_route_target_mode_hybrid": 0.0, "fpem/env_route_hybrid_alpha": 0.0, "fpem/env_route_train_mode_warmup_risk_sinkhorn": 0.0, "fpem/warmup_risk_stage_warmup": 0.0, "fpem/warmup_risk_stage_soft": 0.0, "fpem/warmup_risk_stage_hard": 0.0, "fpem/warmup_risk_selected_loss": 0.0, "fpem/warmup_risk_uniform_common_loss": 0.0, "fpem/warmup_risk_lambda_common": 0.0, "fpem/warmup_risk_total_common_term": 0.0, "fpem/warmup_risk_temperature": 0.0, "fpem/warmup_risk_temperature_progress": 0.0, "fpem/uniform_expert_mae": 0.0, "fpem/risk_routed_mae": 0.0, "fpem/risk_prediction_mae": 0.0, "fpem/risk_loss": 0.0, "fpem/risk_ranking_loss": 0.0, "fpem/risk_ranking_accuracy": 0.0, "fpem/risk_oracle_argmin_accuracy": 0.0, "fpem/risk_router_temperature": 0.0, "fpem/risk_router_lambda": 0.0, "fpem/risk_router_pairwise_lambda": 0.0, "fpem/env_route_train_mode_progressive_gmm_environment": 0.0, "fpem/top_level_prediction_source_progressive_gmm_teacher_hard": 0.0, "fpem/progressive_assignment_uses_target_or_prediction_error": 0.0, "fpem/progressive_partition_ready": 0.0, "fpem/progressive_selected_k": 0.0, "fpem/progressive_active_expert_count": 0.0, "fpem/progressive_last_partition_epoch": 0.0, "fpem/progressive_lambda_common": 0.0, "fpem/progressive_common_term": 0.0, "fpem/progressive_compactness_loss": 0.0, "fpem/progressive_consistency_loss": 0.0, "fpem/progressive_cluster_entropy": 0.0, "fpem/progressive_assignment_change_ratio": 0.0, "fpem/progressive_hungarian_overlap_score": 0.0, "fpem/progressive_partition_update_time_sec": 0.0, "fpem/progressive_routed_mae": 0.0, "fpem/progressive_gmm_environment_total_replaces_primary": 0.0, "fpem/env_route_count_head_0": 16.0, "fpem/env_route_oracle_count_head_0": 16.0, "fpem/route_count_env_head_0": 16.0, "fpem/route_soft_mean_expert_0": 1.0, "fpem/route_hard_count_expert_0": 16.0, "fpem/hard_count_expert_0": 16.0, "fpem/sinkhorn_soft_col_mass_expert_0": 0.0, "fpem/progressive_active_expert_0": 0.0, "fpem/progressive_cluster_size_0": 0.0, "fpem/progressive_cluster_ratio_0": 0.0, "fpem/progressive_cluster_to_expert_0": 0.0, "fpem/progressive_bic_k1": 0.0, "fpem/progressive_bic_score_k1": 0.0, "fpem/progressive_bic_rejected_k1": 0.0, "fpem/hyper_alpha_head_0": 0.0, "fpem/hyper_gamma_norm_head_0": 0.0, "fpem/hyper_beta_norm_head_0": 0.0, "fpem/expert_cross_mae_group_0_expert_0": 9.414026896158854, "fpem/load_expert_loss": 9.414026896158854, "fpem/counterfactual_risk_router_loss": 1.1415635398456028, "fpem/counterfactual_risk_regression_loss": 0.8036983006057286, "fpem/counterfactual_risk_ranking_loss": 0.6757304685456412, "fpem/load_level_assignment_detached": 1.0, "fpem/load_level_count_0": 1680.0, "fpem/load_level_ratio_0": 1.0, "fpem/expert_0_global_loss": 9.414026896158854, "fpem/expert_0_selected_loss": 9.414026896158854, "fpem/counterfactual_risk_stage2_active": 1.0, "fpem/counterfactual_risk_stage2_start_epoch": 20.0, "fpem/counterfactual_risk_all_environment_mae": 9.414026896158854, "fpem/counterfactual_risk_all_invariant_mae": 9.662237476167224, "fpem/counterfactual_risk_routed_mae": 9.49429691859654, "fpem/counterfactual_risk_oracle_mae": 9.378017975035167, "fpem/counterfactual_risk_router_accuracy": 0.5863095238095238, "fpem/counterfactual_risk_router_balanced_accuracy": 0.5712254651955195, "fpem/counterfactual_risk_inv_route_ratio": 0.4095238095238095, "fpem/counterfactual_risk_env_route_ratio": 0.5904761904761905, "fpem/counterfactual_risk_inv_switch_precision": 0.26906789434807643, "fpem/counterfactual_risk_correct_inv_switches": 1.6095238095238096, "fpem/counterfactual_risk_harmful_inv_switches": 4.942857142857143, "fpem/counterfactual_risk_saved_loss": 0.018071634428841726, "fpem/counterfactual_risk_added_loss": 0.09834155795120057, "fpem/counterfactual_risk_net_gain": -0.08027002243768601, "fpem/counterfactual_risk_regret": 0.1162789435613723, "fpem/counterfactual_risk_oracle_gap_closed": -3579.8108614042403, "fpem/counterfactual_risk_delta_mean": -0.24821054807731083, "fpem/counterfactual_risk_target_inv_ratio": 0.20535714285714285, "fpem/counterfactual_risk_weight_env_sum": 8.228571333203996, "fpem/counterfactual_risk_weight_inv_sum": 7.771428516932896, "fpem/counterfactual_risk_prediction_is_hard_route": 1.0, "fpem/counterfactual_risk_prediction_is_soft_fusion": 0.0, "fpem/counterfactual_risk_target_detached": 1.0, "fpem/counterfactual_risk_uses_threshold": 0.0, "fpem/counterfactual_risk_all_samples_used_for_router": 1.0, "fpem/hard_router_predicted_env_ratio": 0.5904761904761905, "fpem/hard_router_effective_env_ratio": 1.0, "fpem/hard_router_target_env_ratio": 0.7946428571428571, "fpem/hard_router_gain_mean": -0.24821054807731083, "fpem/expert_prediction_pairwise_difference": 0.0, "fpem/delta_pairwise_cosine": 0.0, "fpem/delta_pairwise_l1": 0.0, "fpem/delta_pairwise_l2": 0.0, "fpem/expert_0_parameter_norm": 14.882429122924805, "fpem/hard_binary_router_enabled": 0.0, "fpem/hard_router_uses_target_in_forward": 0.0, "fpem/stored_future_c_loaded": 0.0, "fpem/prediction_is_weighted_complete_fusion": 0.0, "fpem/prediction_is_hard_route": 1.0, "fpem/conservative_inv_override_enabled": 0.0, "fpem/conservative_router_features_detached": 1.0, "fpem/counterfactual_risk_router_enabled": 1.0, "fpem/counterfactual_risk_stage2_active_forward": 1.0, "fpem/counterfactual_risk_deploy_route_active": 0.0, "fpem/counterfactual_risk_training_uses_route": 0.0, "fpem/counterfactual_risk_forward_uses_threshold": 0.0, "fpem/future_mi_loss": 0.0, "fpem/future_mi_valid": 0.0, "fpem/future_mi_logvar_mean": 0.0, "fpem/future_mi_target_mode_env_encoder": 0.0, "fpem/swap_loss": 0.0, "fpem/swap_diff_loss": 0.0, "fpem/swap_same_loss": 0.0, "fpem/swap_gain_mean": 0.0, "fpem/swap_s_gain_mean": 0.0, "fpem/swap_fallback_router_loss": 0.0, "fpem/swap_fallback_q_mean": 0.0, "fpem/swap_prediction_delta": 0.0, "fpem/swap_route_delta": 0.0, "fpem/swap_hyper_alpha_delta": 0.0, "fpem/swap_hyper_delta_norm": 0.0, "fpem/loss_env_day": 0.0, "fpem/loss_env_hour": 0.0, "fpem/loss_env_rush": 0.0, "fpem/env_day_acc": 0.0, "fpem/env_hour_acc": 0.0, "fpem/env_rush_acc": 0.0, "fpem/loss_env_supcon": 0.0, "fpem/env_supcon_valid_pairs": 0.0, "fpem/loss_inv_env_adv": 0.0, "fpem/inv_day_acc": 0.0, "fpem/inv_hour_acc": 0.0, "fpem/inv_rush_acc": 0.0, "fpem/loss_cross_cov_sep": 0.0, "fpem/confounder_dep_enabled": 0.0, "fpem/confounder_dep_mode_gci": 0.0, "fpem/confounder_dep_mode_scd": 1.0, "fpem/confounder_dep_mode_both": 0.0, "fpem/confounder_dep_total": 0.0, "fpem/loss_gci": 0.0, "fpem/loss_gci_drop": 0.0, "fpem/loss_gci_keep": 0.0, "fpem/loss_gci_graph_align": 0.0, "fpem/loss_scd": 0.0, "fpem/loss_conf_kl": 0.0, "fpem/effective_gci_weight": 0.0, "fpem/effective_gci_graph_align_weight": 0.0, "fpem/effective_scd_weight": 0.0, "fpem/effective_conf_kl_weight": 0.0, "fpem/confounder_dep_ramp_factor": 0.0, "fpem/C_mean": 0.0, "fpem/C_std": 0.0, "fpem/C_norm": 0.0, "fpem/confounder_token_norm": 0.0, "fpem/confounder_variational": 0.0, "fpem/confounder_projection_trace": 0.0, "fpem/confounder_projection_ridge": 0.0, "fpem/confounder_projection_rank_dim": 0.0, "fpem/confounder_projection_calls": 0.0, "fpem/confounder_dep_detach_target": 0.0, "fpem/gci_nonedge_mass_before_C": 0.0, "fpem/gci_nonedge_mass_after_C": 0.0, "fpem/gci_nonedge_mass_reduction": 0.0, "fpem/gci_relative_violation": 0.0, "fpem/gci_edge_before_C": 0.0, "fpem/gci_edge_after_C": 0.0, "fpem/gci_nonedge_conn_before_C": 0.0, "fpem/gci_nonedge_conn_after_C": 0.0, "fpem/gci_nonedge_conn_reduction": 0.0, "fpem/gci_edge_conn_before_C": 0.0, "fpem/gci_edge_conn_after_C": 0.0, "fpem/gci_edge_conn_reduction": 0.0, "fpem/gci_nonedge_dep_before_C": 0.0, "fpem/gci_nonedge_dep_after_C": 0.0, "fpem/gci_nonedge_dep_reduction": 0.0, "fpem/gci_edge_dep_before_C": 0.0, "fpem/gci_edge_dep_after_C": 0.0, "fpem/gci_nonedge_count": 0.0, "fpem/gci_edge_count": 0.0, "fpem/gci_node_count": 0.0, "fpem/gci_node_vector_dim": 0.0, "fpem/gci_graph_embed_dim": 0.0, "fpem/gci_graph_embedding_norm_before": 0.0, "fpem/gci_graph_embedding_norm_after": 0.0, "fpem/gci_graph_embedding_std_before": 0.0, "fpem/gci_graph_embedding_std_after": 0.0, "fpem/gci_graph_adj_mean_before": 0.0, "fpem/gci_graph_adj_mean_after": 0.0, "fpem/gci_graph_adj_std_before": 0.0, "fpem/gci_graph_adj_std_after": 0.0, "fpem/gci_graph_align_weight": 0.0, "fpem/gci_graph_align_raw_mse": 0.0, "fpem/gci_graph_align_normalized": 0.0, "fpem/gci_edge_preserve_beta": 0.0, "fpem/gci_graph_align_target_available": 0.0, "fpem/gci_target_adj_mean": 0.0, "fpem/gci_target_adj_std": 0.0, "fpem/gci_target_edge_mean": 0.0, "fpem/gci_target_nonedge_mean": 0.0, "fpem/gci_target_diag_mean": 0.0, "fpem/gci_graph_align_updates_agcrn": 0.0, "fpem/gci_updates_graph_linear": 0.0, "fpem/gci_graph_construction_agcrn_softmax": 0.0, "fpem/scd_assoc_before_C": 0.0, "fpem/scd_assoc_after_C": 0.0, "fpem/scd_assoc_reduction": 0.0, "fpem/scd_relative_violation": 0.0, "fpem/sample_assoc_before_C": 0.0, "fpem/sample_assoc_after_C": 0.0, "fpem/sample_assoc_reduction": 0.0, "fpem/sample_dep_before_C": 0.0, "fpem/sample_dep_after_C": 0.0, "fpem/sample_dep_reduction": 0.0, "fpem/scd_batch_size": 0.0, "fpem/scd_sample_vector_dim": 0.0, "fpem/sample_kernel_alignment": 0.0, "fpem/scd_alignment_loss": 0.0, "fpem/load_level_experts_enabled": 1.0, "fpem/load_level_uses_target_or_future_load": 0.0, "fpem/environment_gate_uses_target_in_forward": 0.0, "fpem/load_level_env_residual_scale": 0.0, "fpem/uses_cached_observable_load_prior": 1.0, "fpem/primary_loss": 8.986657406034924, "fpem/inv_pred_loss": 9.216382167452858, "fpem/primary_uses_route": 1.0, "fpem/primary_uses_env_fusion": 0.0, "fpem/backbone_agcrn": 1.0, "fpem/backbone_graphwavenet": 0.0, "fpem/backbone_staeformer": 0.0, "fpem/gc_pred_loss_only": 1.0, "fpem/env_route_head_mode_hyper_proto": 1.0, "fpem/fpem_force_uniform_route": 0.0, "fpem/hard_prediction_sinkhorn_total_replaces_primary": 0.0, "fpem/hard_prediction_environment_sinkhorn_total_replaces_primary": 0.0, "fpem/warmup_risk_sinkhorn_total_replaces_primary": 0.0, "fpem/lambda_club_mi": 0.0}}
EPOCH {"epoch": 43, "train_loss": 1.2477460662523905, "val": {"loss": 11.809600167804295, "mae": 11.588457107543945, "mape": 0.18488143384456635}, "test_mixed": {"loss": NaN, "mae": NaN, "mape": NaN}, "test_workday": {"loss": NaN, "mae": NaN, "mape": NaN}, "test_holiday": {"loss": NaN, "mae": NaN, "mape": NaN}, "test_avg_mae": NaN, "best_selection_value": 11.809600167804295, "best_selection_split": "val", "best_selection_metric": "val_loss", "lr": 0.001, "fpem_logs": {"fpem/fpem_env_use_exogenous": 1.0, "fpem/env_exogenous_available": 1.0, "fpem/env_exogenous_time_available": 1.0, "fpem/env_exogenous_load_available": 1.0, "fpem/env_exogenous_feature_dim": 32.0, "fpem/env_exogenous_embedding_norm": 2.49498412722633, "fpem/env_exogenous_load_embedding_norm": 1.6422675155457995, "fpem/fpem_env_use_period_context": 1.0, "fpem/env_period_context_available": 1.0, "fpem/env_period_day_available_ratio": 0.9732142857142857, "fpem/env_period_week_available_ratio": 0.8244047619047619, "fpem/env_period_context_feature_dim": 6.0, "fpem/env_period_context_scale": 0.10000000149011612, "fpem/env_period_context_delta_norm": 0.20782210869448525, "fpem/env_period_context_day_diff_norm": 0.16272705218621664, "fpem/env_period_context_week_diff_norm": 0.10188992715307645, "fpem/env_rep_ablation_normal": 1.0, "fpem/env_rep_ablation_zero": 0.0, "fpem/env_rep_ablation_shuffle_batch": 0.0, "fpem/env_rep_ablation_mode_id": 0.0, "fpem/mask_loss": 0.0, "fpem/mask_sparse_loss": 0.0, "fpem/mask_entropy_loss": 0.0, "fpem/mask_mean": 1.0, "fpem/mask_entropy": 0.0, "fpem/mask_active_ratio": 1.0, "fpem/fusion_alpha_mean": 0.0, "fpem/fusion_alpha_std": 0.0, "fpem/fusion_alpha_min": 0.0, "fpem/fusion_alpha_max": 0.0, "fpem/env_route_loss": 1.2477460662523905, "fpem/env_route_L_final": 8.989093317304338, "fpem/env_route_L_global": 0.0, "fpem/env_route_L_route_soft": 0.0, "fpem/env_route_L_expert": 9.41402511142549, "fpem/env_route_L_router_oracle": 1.2477460662523905, "fpem/env_route_L_balance": 0.0, "fpem/env_route_L_diverse": 0.0, "fpem/env_route_L_proto_align": 0.0, "fpem/env_route_entropy": 0.0, "fpem/env_route_q_max_mean": 0.0, "fpem/hyper_alpha_mean": 0.0, "fpem/hyper_delta_norm": 0.0, "fpem/hyper_route_proto_mode_uniform_warmup": 0.0, "fpem/hyper_route_proto_mode_uniform_fixed": 0.0, "fpem/hyper_route_proto_mode_sinkhorn": 0.0, "fpem/hyper_route_proto_mode_softmax": 0.0, "fpem/fallback_q_mean": 0.0, "fpem/fallback_q_max": 0.0, "fpem/env_q_sum_mean": 1.0, "fpem/oracle_fallback_rate": 0.0, "fpem/route_count_fallback": 0.0, "fpem/env_route_head_mode": 1.0, "fpem/route_entropy_mean": 0.0, "fpem/route_mean_distribution_entropy": 0.0, "fpem/effective_expert_number": 1.0, "fpem/max_expert_usage_ratio": 0.0, "fpem/min_expert_usage_ratio": 0.0, "fpem/prototype_pairwise_cosine": 0.0, "fpem/expert_prediction_pairwise_cosine": 0.0, "fpem/expert_collapse_warning": 0.0, "fpem/env_route_target_mode_env_prototype": 0.0, "fpem/env_route_target_mode_hybrid": 0.0, "fpem/env_route_hybrid_alpha": 0.0, "fpem/env_route_train_mode_warmup_risk_sinkhorn": 0.0, "fpem/warmup_risk_stage_warmup": 0.0, "fpem/warmup_risk_stage_soft": 0.0, "fpem/warmup_risk_stage_hard": 0.0, "fpem/warmup_risk_selected_loss": 0.0, "fpem/warmup_risk_uniform_common_loss": 0.0, "fpem/warmup_risk_lambda_common": 0.0, "fpem/warmup_risk_total_common_term": 0.0, "fpem/warmup_risk_temperature": 0.0, "fpem/warmup_risk_temperature_progress": 0.0, "fpem/uniform_expert_mae": 0.0, "fpem/risk_routed_mae": 0.0, "fpem/risk_prediction_mae": 0.0, "fpem/risk_loss": 0.0, "fpem/risk_ranking_loss": 0.0, "fpem/risk_ranking_accuracy": 0.0, "fpem/risk_oracle_argmin_accuracy": 0.0, "fpem/risk_router_temperature": 0.0, "fpem/risk_router_lambda": 0.0, "fpem/risk_router_pairwise_lambda": 0.0, "fpem/env_route_train_mode_progressive_gmm_environment": 0.0, "fpem/top_level_prediction_source_progressive_gmm_teacher_hard": 0.0, "fpem/progressive_assignment_uses_target_or_prediction_error": 0.0, "fpem/progressive_partition_ready": 0.0, "fpem/progressive_selected_k": 0.0, "fpem/progressive_active_expert_count": 0.0, "fpem/progressive_last_partition_epoch": 0.0, "fpem/progressive_lambda_common": 0.0, "fpem/progressive_common_term": 0.0, "fpem/progressive_compactness_loss": 0.0, "fpem/progressive_consistency_loss": 0.0, "fpem/progressive_cluster_entropy": 0.0, "fpem/progressive_assignment_change_ratio": 0.0, "fpem/progressive_hungarian_overlap_score": 0.0, "fpem/progressive_partition_update_time_sec": 0.0, "fpem/progressive_routed_mae": 0.0, "fpem/progressive_gmm_environment_total_replaces_primary": 0.0, "fpem/env_route_count_head_0": 16.0, "fpem/env_route_oracle_count_head_0": 16.0, "fpem/route_count_env_head_0": 16.0, "fpem/route_soft_mean_expert_0": 1.0, "fpem/route_hard_count_expert_0": 16.0, "fpem/hard_count_expert_0": 16.0, "fpem/sinkhorn_soft_col_mass_expert_0": 0.0, "fpem/progressive_active_expert_0": 0.0, "fpem/progressive_cluster_size_0": 0.0, "fpem/progressive_cluster_ratio_0": 0.0, "fpem/progressive_cluster_to_expert_0": 0.0, "fpem/progressive_bic_k1": 0.0, "fpem/progressive_bic_score_k1": 0.0, "fpem/progressive_bic_rejected_k1": 0.0, "fpem/hyper_alpha_head_0": 0.0, "fpem/hyper_gamma_norm_head_0": 0.0, "fpem/hyper_beta_norm_head_0": 0.0, "fpem/expert_cross_mae_group_0_expert_0": 9.41402511142549, "fpem/load_expert_loss": 9.41402511142549, "fpem/counterfactual_risk_router_loss": 1.2477460662523905, "fpem/counterfactual_risk_regression_loss": 0.9092639023349398, "fpem/counterfactual_risk_ranking_loss": 0.6769643227259318, "fpem/load_level_assignment_detached": 1.0, "fpem/load_level_count_0": 1680.0, "fpem/load_level_ratio_0": 1.0, "fpem/expert_0_global_loss": 9.41402511142549, "fpem/expert_0_selected_loss": 9.41402511142549, "fpem/counterfactual_risk_stage2_active": 1.0, "fpem/counterfactual_risk_stage2_start_epoch": 20.0, "fpem/counterfactual_risk_all_environment_mae": 9.41402511142549, "fpem/counterfactual_risk_all_invariant_mae": 9.662237480708532, "fpem/counterfactual_risk_routed_mae": 9.476701445806594, "fpem/counterfactual_risk_oracle_mae": 9.378016140347436, "fpem/counterfactual_risk_router_accuracy": 0.6303571428571428, "fpem/counterfactual_risk_router_balanced_accuracy": 0.5476806654816582, "fpem/counterfactual_risk_inv_route_ratio": 0.3333333333333333, "fpem/counterfactual_risk_env_route_ratio": 0.6666666666666666, "fpem/counterfactual_risk_inv_switch_precision": 0.25307634529613315, "fpem/counterfactual_risk_correct_inv_switches": 1.3523809523809525, "fpem/counterfactual_risk_harmful_inv_switches": 3.980952380952381, "fpem/counterfactual_risk_saved_loss": 0.014525634901864188, "fpem/counterfactual_risk_added_loss": 0.07720200745832352, "fpem/counterfactual_risk_net_gain": -0.06267633438110351, "fpem/counterfactual_risk_regret": 0.09868530545915877, "fpem/counterfactual_risk_oracle_gap_closed": -1599.7384516195527, "fpem/counterfactual_risk_delta_mean": -0.24821239355064573, "fpem/counterfactual_risk_target_inv_ratio": 0.20535714285714285, "fpem/counterfactual_risk_weight_env_sum": 8.228571383158366, "fpem/counterfactual_risk_weight_inv_sum": 7.771428535098122, "fpem/counterfactual_risk_prediction_is_hard_route": 1.0, "fpem/counterfactual_risk_prediction_is_soft_fusion": 0.0, "fpem/counterfactual_risk_target_detached": 1.0, "fpem/counterfactual_risk_uses_threshold": 0.0, "fpem/counterfactual_risk_all_samples_used_for_router": 1.0, "fpem/hard_router_predicted_env_ratio": 0.6666666666666666, "fpem/hard_router_effective_env_ratio": 1.0, "fpem/hard_router_target_env_ratio": 0.7946428571428571, "fpem/hard_router_gain_mean": -0.24821239355064573, "fpem/expert_prediction_pairwise_difference": 0.0, "fpem/delta_pairwise_cosine": 0.0, "fpem/delta_pairwise_l1": 0.0, "fpem/delta_pairwise_l2": 0.0, "fpem/expert_0_parameter_norm": 14.882429122924805, "fpem/hard_binary_router_enabled": 0.0, "fpem/hard_router_uses_target_in_forward": 0.0, "fpem/stored_future_c_loaded": 0.0, "fpem/prediction_is_weighted_complete_fusion": 0.0, "fpem/prediction_is_hard_route": 1.0, "fpem/conservative_inv_override_enabled": 0.0, "fpem/conservative_router_features_detached": 1.0, "fpem/counterfactual_risk_router_enabled": 1.0, "fpem/counterfactual_risk_stage2_active_forward": 1.0, "fpem/counterfactual_risk_deploy_route_active": 0.0, "fpem/counterfactual_risk_training_uses_route": 0.0, "fpem/counterfactual_risk_forward_uses_threshold": 0.0, "fpem/future_mi_loss": 0.0, "fpem/future_mi_valid": 0.0, "fpem/future_mi_logvar_mean": 0.0, "fpem/future_mi_target_mode_env_encoder": 0.0, "fpem/swap_loss": 0.0, "fpem/swap_diff_loss": 0.0, "fpem/swap_same_loss": 0.0, "fpem/swap_gain_mean": 0.0, "fpem/swap_s_gain_mean": 0.0, "fpem/swap_fallback_router_loss": 0.0, "fpem/swap_fallback_q_mean": 0.0, "fpem/swap_prediction_delta": 0.0, "fpem/swap_route_delta": 0.0, "fpem/swap_hyper_alpha_delta": 0.0, "fpem/swap_hyper_delta_norm": 0.0, "fpem/loss_env_day": 0.0, "fpem/loss_env_hour": 0.0, "fpem/loss_env_rush": 0.0, "fpem/env_day_acc": 0.0, "fpem/env_hour_acc": 0.0, "fpem/env_rush_acc": 0.0, "fpem/loss_env_supcon": 0.0, "fpem/env_supcon_valid_pairs": 0.0, "fpem/loss_inv_env_adv": 0.0, "fpem/inv_day_acc": 0.0, "fpem/inv_hour_acc": 0.0, "fpem/inv_rush_acc": 0.0, "fpem/loss_cross_cov_sep": 0.0, "fpem/confounder_dep_enabled": 0.0, "fpem/confounder_dep_mode_gci": 0.0, "fpem/confounder_dep_mode_scd": 1.0, "fpem/confounder_dep_mode_both": 0.0, "fpem/confounder_dep_total": 0.0, "fpem/loss_gci": 0.0, "fpem/loss_gci_drop": 0.0, "fpem/loss_gci_keep": 0.0, "fpem/loss_gci_graph_align": 0.0, "fpem/loss_scd": 0.0, "fpem/loss_conf_kl": 0.0, "fpem/effective_gci_weight": 0.0, "fpem/effective_gci_graph_align_weight": 0.0, "fpem/effective_scd_weight": 0.0, "fpem/effective_conf_kl_weight": 0.0, "fpem/confounder_dep_ramp_factor": 0.0, "fpem/C_mean": 0.0, "fpem/C_std": 0.0, "fpem/C_norm": 0.0, "fpem/confounder_token_norm": 0.0, "fpem/confounder_variational": 0.0, "fpem/confounder_projection_trace": 0.0, "fpem/confounder_projection_ridge": 0.0, "fpem/confounder_projection_rank_dim": 0.0, "fpem/confounder_projection_calls": 0.0, "fpem/confounder_dep_detach_target": 0.0, "fpem/gci_nonedge_mass_before_C": 0.0, "fpem/gci_nonedge_mass_after_C": 0.0, "fpem/gci_nonedge_mass_reduction": 0.0, "fpem/gci_relative_violation": 0.0, "fpem/gci_edge_before_C": 0.0, "fpem/gci_edge_after_C": 0.0, "fpem/gci_nonedge_conn_before_C": 0.0, "fpem/gci_nonedge_conn_after_C": 0.0, "fpem/gci_nonedge_conn_reduction": 0.0, "fpem/gci_edge_conn_before_C": 0.0, "fpem/gci_edge_conn_after_C": 0.0, "fpem/gci_edge_conn_reduction": 0.0, "fpem/gci_nonedge_dep_before_C": 0.0, "fpem/gci_nonedge_dep_after_C": 0.0, "fpem/gci_nonedge_dep_reduction": 0.0, "fpem/gci_edge_dep_before_C": 0.0, "fpem/gci_edge_dep_after_C": 0.0, "fpem/gci_nonedge_count": 0.0, "fpem/gci_edge_count": 0.0, "fpem/gci_node_count": 0.0, "fpem/gci_node_vector_dim": 0.0, "fpem/gci_graph_embed_dim": 0.0, "fpem/gci_graph_embedding_norm_before": 0.0, "fpem/gci_graph_embedding_norm_after": 0.0, "fpem/gci_graph_embedding_std_before": 0.0, "fpem/gci_graph_embedding_std_after": 0.0, "fpem/gci_graph_adj_mean_before": 0.0, "fpem/gci_graph_adj_mean_after": 0.0, "fpem/gci_graph_adj_std_before": 0.0, "fpem/gci_graph_adj_std_after": 0.0, "fpem/gci_graph_align_weight": 0.0, "fpem/gci_graph_align_raw_mse": 0.0, "fpem/gci_graph_align_normalized": 0.0, "fpem/gci_edge_preserve_beta": 0.0, "fpem/gci_graph_align_target_available": 0.0, "fpem/gci_target_adj_mean": 0.0, "fpem/gci_target_adj_std": 0.0, "fpem/gci_target_edge_mean": 0.0, "fpem/gci_target_nonedge_mean": 0.0, "fpem/gci_target_diag_mean": 0.0, "fpem/gci_graph_align_updates_agcrn": 0.0, "fpem/gci_updates_graph_linear": 0.0, "fpem/gci_graph_construction_agcrn_softmax": 0.0, "fpem/scd_assoc_before_C": 0.0, "fpem/scd_assoc_after_C": 0.0, "fpem/scd_assoc_reduction": 0.0, "fpem/scd_relative_violation": 0.0, "fpem/sample_assoc_before_C": 0.0, "fpem/sample_assoc_after_C": 0.0, "fpem/sample_assoc_reduction": 0.0, "fpem/sample_dep_before_C": 0.0, "fpem/sample_dep_after_C": 0.0, "fpem/sample_dep_reduction": 0.0, "fpem/scd_batch_size": 0.0, "fpem/scd_sample_vector_dim": 0.0, "fpem/sample_kernel_alignment": 0.0, "fpem/scd_alignment_loss": 0.0, "fpem/load_level_experts_enabled": 1.0, "fpem/load_level_uses_target_or_future_load": 0.0, "fpem/environment_gate_uses_target_in_forward": 0.0, "fpem/load_level_env_residual_scale": 0.0, "fpem/uses_cached_observable_load_prior": 1.0, "fpem/primary_loss": 8.989093317304338, "fpem/inv_pred_loss": 9.21848688579741, "fpem/primary_uses_route": 1.0, "fpem/primary_uses_env_fusion": 0.0, "fpem/backbone_agcrn": 1.0, "fpem/backbone_graphwavenet": 0.0, "fpem/backbone_staeformer": 0.0, "fpem/gc_pred_loss_only": 1.0, "fpem/env_route_head_mode_hyper_proto": 1.0, "fpem/fpem_force_uniform_route": 0.0, "fpem/hard_prediction_sinkhorn_total_replaces_primary": 0.0, "fpem/hard_prediction_environment_sinkhorn_total_replaces_primary": 0.0, "fpem/warmup_risk_sinkhorn_total_replaces_primary": 0.0, "fpem/lambda_club_mi": 0.0}}
EPOCH {"epoch": 44, "train_loss": 1.2135005457060677, "val": {"loss": 11.815446270836723, "mae": 11.595894813537598, "mape": 0.18525011837482452}, "test_mixed": {"loss": NaN, "mae": NaN, "mape": NaN}, "test_workday": {"loss": NaN, "mae": NaN, "mape": NaN}, "test_holiday": {"loss": NaN, "mae": NaN, "mape": NaN}, "test_avg_mae": NaN, "best_selection_value": 11.815446270836723, "best_selection_split": "val", "best_selection_metric": "val_loss", "lr": 0.001, "fpem_logs": {"fpem/fpem_env_use_exogenous": 1.0, "fpem/env_exogenous_available": 1.0, "fpem/env_exogenous_time_available": 1.0, "fpem/env_exogenous_load_available": 1.0, "fpem/env_exogenous_feature_dim": 32.0, "fpem/env_exogenous_embedding_norm": 2.494984124955677, "fpem/env_exogenous_load_embedding_norm": 1.6422675246284122, "fpem/fpem_env_use_period_context": 1.0, "fpem/env_period_context_available": 1.0, "fpem/env_period_day_available_ratio": 0.9732142857142857, "fpem/env_period_week_available_ratio": 0.8244047619047619, "fpem/env_period_context_feature_dim": 6.0, "fpem/env_period_context_scale": 0.10000000149011612, "fpem/env_period_context_delta_norm": 0.2078221075591587, "fpem/env_period_context_day_diff_norm": 0.16272705445686977, "fpem/env_period_context_week_diff_norm": 0.10188992754334496, "fpem/env_rep_ablation_normal": 1.0, "fpem/env_rep_ablation_zero": 0.0, "fpem/env_rep_ablation_shuffle_batch": 0.0, "fpem/env_rep_ablation_mode_id": 0.0, "fpem/mask_loss": 0.0, "fpem/mask_sparse_loss": 0.0, "fpem/mask_entropy_loss": 0.0, "fpem/mask_mean": 1.0, "fpem/mask_entropy": 0.0, "fpem/mask_active_ratio": 1.0, "fpem/fusion_alpha_mean": 0.0, "fpem/fusion_alpha_std": 0.0, "fpem/fusion_alpha_min": 0.0, "fpem/fusion_alpha_max": 0.0, "fpem/env_route_loss": 1.2135005457060677, "fpem/env_route_L_final": 8.981600838615782, "fpem/env_route_L_global": 0.0, "fpem/env_route_L_route_soft": 0.0, "fpem/env_route_L_expert": 9.414025883447556, "fpem/env_route_L_router_oracle": 1.2135005457060677, "fpem/env_route_L_balance": 0.0, "fpem/env_route_L_diverse": 0.0, "fpem/env_route_L_proto_align": 0.0, "fpem/env_route_entropy": 0.0, "fpem/env_route_q_max_mean": 0.0, "fpem/hyper_alpha_mean": 0.0, "fpem/hyper_delta_norm": 0.0, "fpem/hyper_route_proto_mode_uniform_warmup": 0.0, "fpem/hyper_route_proto_mode_uniform_fixed": 0.0, "fpem/hyper_route_proto_mode_sinkhorn": 0.0, "fpem/hyper_route_proto_mode_softmax": 0.0, "fpem/fallback_q_mean": 0.0, "fpem/fallback_q_max": 0.0, "fpem/env_q_sum_mean": 1.0, "fpem/oracle_fallback_rate": 0.0, "fpem/route_count_fallback": 0.0, "fpem/env_route_head_mode": 1.0, "fpem/route_entropy_mean": 0.0, "fpem/route_mean_distribution_entropy": 0.0, "fpem/effective_expert_number": 1.0, "fpem/max_expert_usage_ratio": 0.0, "fpem/min_expert_usage_ratio": 0.0, "fpem/prototype_pairwise_cosine": 0.0, "fpem/expert_prediction_pairwise_cosine": 0.0, "fpem/expert_collapse_warning": 0.0, "fpem/env_route_target_mode_env_prototype": 0.0, "fpem/env_route_target_mode_hybrid": 0.0, "fpem/env_route_hybrid_alpha": 0.0, "fpem/env_route_train_mode_warmup_risk_sinkhorn": 0.0, "fpem/warmup_risk_stage_warmup": 0.0, "fpem/warmup_risk_stage_soft": 0.0, "fpem/warmup_risk_stage_hard": 0.0, "fpem/warmup_risk_selected_loss": 0.0, "fpem/warmup_risk_uniform_common_loss": 0.0, "fpem/warmup_risk_lambda_common": 0.0, "fpem/warmup_risk_total_common_term": 0.0, "fpem/warmup_risk_temperature": 0.0, "fpem/warmup_risk_temperature_progress": 0.0, "fpem/uniform_expert_mae": 0.0, "fpem/risk_routed_mae": 0.0, "fpem/risk_prediction_mae": 0.0, "fpem/risk_loss": 0.0, "fpem/risk_ranking_loss": 0.0, "fpem/risk_ranking_accuracy": 0.0, "fpem/risk_oracle_argmin_accuracy": 0.0, "fpem/risk_router_temperature": 0.0, "fpem/risk_router_lambda": 0.0, "fpem/risk_router_pairwise_lambda": 0.0, "fpem/env_route_train_mode_progressive_gmm_environment": 0.0, "fpem/top_level_prediction_source_progressive_gmm_teacher_hard": 0.0, "fpem/progressive_assignment_uses_target_or_prediction_error": 0.0, "fpem/progressive_partition_ready": 0.0, "fpem/progressive_selected_k": 0.0, "fpem/progressive_active_expert_count": 0.0, "fpem/progressive_last_partition_epoch": 0.0, "fpem/progressive_lambda_common": 0.0, "fpem/progressive_common_term": 0.0, "fpem/progressive_compactness_loss": 0.0, "fpem/progressive_consistency_loss": 0.0, "fpem/progressive_cluster_entropy": 0.0, "fpem/progressive_assignment_change_ratio": 0.0, "fpem/progressive_hungarian_overlap_score": 0.0, "fpem/progressive_partition_update_time_sec": 0.0, "fpem/progressive_routed_mae": 0.0, "fpem/progressive_gmm_environment_total_replaces_primary": 0.0, "fpem/env_route_count_head_0": 16.0, "fpem/env_route_oracle_count_head_0": 16.0, "fpem/route_count_env_head_0": 16.0, "fpem/route_soft_mean_expert_0": 1.0, "fpem/route_hard_count_expert_0": 16.0, "fpem/hard_count_expert_0": 16.0, "fpem/sinkhorn_soft_col_mass_expert_0": 0.0, "fpem/progressive_active_expert_0": 0.0, "fpem/progressive_cluster_size_0": 0.0, "fpem/progressive_cluster_ratio_0": 0.0, "fpem/progressive_cluster_to_expert_0": 0.0, "fpem/progressive_bic_k1": 0.0, "fpem/progressive_bic_score_k1": 0.0, "fpem/progressive_bic_rejected_k1": 0.0, "fpem/hyper_alpha_head_0": 0.0, "fpem/hyper_gamma_norm_head_0": 0.0, "fpem/hyper_beta_norm_head_0": 0.0, "fpem/expert_cross_mae_group_0_expert_0": 9.414025883447556, "fpem/load_expert_loss": 9.414025883447556, "fpem/counterfactual_risk_router_loss": 1.2135005457060677, "fpem/counterfactual_risk_regression_loss": 0.876623417082287, "fpem/counterfactual_risk_ranking_loss": 0.6737542504356021, "fpem/load_level_assignment_detached": 1.0, "fpem/load_level_count_0": 1680.0, "fpem/load_level_ratio_0": 1.0, "fpem/expert_0_global_loss": 9.414025883447556, "fpem/expert_0_selected_loss": 9.414025883447556, "fpem/counterfactual_risk_stage2_active": 1.0, "fpem/counterfactual_risk_stage2_start_epoch": 20.0, "fpem/counterfactual_risk_all_environment_mae": 9.414025883447556, "fpem/counterfactual_risk_all_invariant_mae": 9.662237467084612, "fpem/counterfactual_risk_routed_mae": 9.480350603376117, "fpem/counterfactual_risk_oracle_mae": 9.378016780671619, "fpem/counterfactual_risk_router_accuracy": 0.6255952380952381, "fpem/counterfactual_risk_router_balanced_accuracy": 0.5541225989659627, "fpem/counterfactual_risk_inv_route_ratio": 0.3476190476190476, "fpem/counterfactual_risk_env_route_ratio": 0.6523809523809524, "fpem/counterfactual_risk_inv_switch_precision": 0.2552456579038075, "fpem/counterfactual_risk_correct_inv_switches": 1.4285714285714286, "fpem/counterfactual_risk_harmful_inv_switches": 4.133333333333334, "fpem/counterfactual_risk_saved_loss": 0.015840134024620055, "fpem/counterfactual_risk_added_loss": 0.08216478256952195, "fpem/counterfactual_risk_net_gain": -0.0663247199285598, "fpem/counterfactual_risk_regret": 0.10233382270449684, "fpem/counterfactual_risk_oracle_gap_closed": -3949.0255124314376, "fpem/counterfactual_risk_delta_mean": -0.24821155057066963, "fpem/counterfactual_risk_target_inv_ratio": 0.20535714285714285, "fpem/counterfactual_risk_weight_env_sum": 8.380952340080624, "fpem/counterfactual_risk_weight_inv_sum": 7.619047605423701, "fpem/counterfactual_risk_prediction_is_hard_route": 1.0, "fpem/counterfactual_risk_prediction_is_soft_fusion": 0.0, "fpem/counterfactual_risk_target_detached": 1.0, "fpem/counterfactual_risk_uses_threshold": 0.0, "fpem/counterfactual_risk_all_samples_used_for_router": 1.0, "fpem/hard_router_predicted_env_ratio": 0.6523809523809524, "fpem/hard_router_effective_env_ratio": 1.0, "fpem/hard_router_target_env_ratio": 0.7946428571428571, "fpem/hard_router_gain_mean": -0.24821155057066963, "fpem/expert_prediction_pairwise_difference": 0.0, "fpem/delta_pairwise_cosine": 0.0, "fpem/delta_pairwise_l1": 0.0, "fpem/delta_pairwise_l2": 0.0, "fpem/expert_0_parameter_norm": 14.882429122924805, "fpem/hard_binary_router_enabled": 0.0, "fpem/hard_router_uses_target_in_forward": 0.0, "fpem/stored_future_c_loaded": 0.0, "fpem/prediction_is_weighted_complete_fusion": 0.0, "fpem/prediction_is_hard_route": 1.0, "fpem/conservative_inv_override_enabled": 0.0, "fpem/conservative_router_features_detached": 1.0, "fpem/counterfactual_risk_router_enabled": 1.0, "fpem/counterfactual_risk_stage2_active_forward": 1.0, "fpem/counterfactual_risk_deploy_route_active": 0.0, "fpem/counterfactual_risk_training_uses_route": 0.0, "fpem/counterfactual_risk_forward_uses_threshold": 0.0, "fpem/future_mi_loss": 0.0, "fpem/future_mi_valid": 0.0, "fpem/future_mi_logvar_mean": 0.0, "fpem/future_mi_target_mode_env_encoder": 0.0, "fpem/swap_loss": 0.0, "fpem/swap_diff_loss": 0.0, "fpem/swap_same_loss": 0.0, "fpem/swap_gain_mean": 0.0, "fpem/swap_s_gain_mean": 0.0, "fpem/swap_fallback_router_loss": 0.0, "fpem/swap_fallback_q_mean": 0.0, "fpem/swap_prediction_delta": 0.0, "fpem/swap_route_delta": 0.0, "fpem/swap_hyper_alpha_delta": 0.0, "fpem/swap_hyper_delta_norm": 0.0, "fpem/loss_env_day": 0.0, "fpem/loss_env_hour": 0.0, "fpem/loss_env_rush": 0.0, "fpem/env_day_acc": 0.0, "fpem/env_hour_acc": 0.0, "fpem/env_rush_acc": 0.0, "fpem/loss_env_supcon": 0.0, "fpem/env_supcon_valid_pairs": 0.0, "fpem/loss_inv_env_adv": 0.0, "fpem/inv_day_acc": 0.0, "fpem/inv_hour_acc": 0.0, "fpem/inv_rush_acc": 0.0, "fpem/loss_cross_cov_sep": 0.0, "fpem/confounder_dep_enabled": 0.0, "fpem/confounder_dep_mode_gci": 0.0, "fpem/confounder_dep_mode_scd": 1.0, "fpem/confounder_dep_mode_both": 0.0, "fpem/confounder_dep_total": 0.0, "fpem/loss_gci": 0.0, "fpem/loss_gci_drop": 0.0, "fpem/loss_gci_keep": 0.0, "fpem/loss_gci_graph_align": 0.0, "fpem/loss_scd": 0.0, "fpem/loss_conf_kl": 0.0, "fpem/effective_gci_weight": 0.0, "fpem/effective_gci_graph_align_weight": 0.0, "fpem/effective_scd_weight": 0.0, "fpem/effective_conf_kl_weight": 0.0, "fpem/confounder_dep_ramp_factor": 0.0, "fpem/C_mean": 0.0, "fpem/C_std": 0.0, "fpem/C_norm": 0.0, "fpem/confounder_token_norm": 0.0, "fpem/confounder_variational": 0.0, "fpem/confounder_projection_trace": 0.0, "fpem/confounder_projection_ridge": 0.0, "fpem/confounder_projection_rank_dim": 0.0, "fpem/confounder_projection_calls": 0.0, "fpem/confounder_dep_detach_target": 0.0, "fpem/gci_nonedge_mass_before_C": 0.0, "fpem/gci_nonedge_mass_after_C": 0.0, "fpem/gci_nonedge_mass_reduction": 0.0, "fpem/gci_relative_violation": 0.0, "fpem/gci_edge_before_C": 0.0, "fpem/gci_edge_after_C": 0.0, "fpem/gci_nonedge_conn_before_C": 0.0, "fpem/gci_nonedge_conn_after_C": 0.0, "fpem/gci_nonedge_conn_reduction": 0.0, "fpem/gci_edge_conn_before_C": 0.0, "fpem/gci_edge_conn_after_C": 0.0, "fpem/gci_edge_conn_reduction": 0.0, "fpem/gci_nonedge_dep_before_C": 0.0, "fpem/gci_nonedge_dep_after_C": 0.0, "fpem/gci_nonedge_dep_reduction": 0.0, "fpem/gci_edge_dep_before_C": 0.0, "fpem/gci_edge_dep_after_C": 0.0, "fpem/gci_nonedge_count": 0.0, "fpem/gci_edge_count": 0.0, "fpem/gci_node_count": 0.0, "fpem/gci_node_vector_dim": 0.0, "fpem/gci_graph_embed_dim": 0.0, "fpem/gci_graph_embedding_norm_before": 0.0, "fpem/gci_graph_embedding_norm_after": 0.0, "fpem/gci_graph_embedding_std_before": 0.0, "fpem/gci_graph_embedding_std_after": 0.0, "fpem/gci_graph_adj_mean_before": 0.0, "fpem/gci_graph_adj_mean_after": 0.0, "fpem/gci_graph_adj_std_before": 0.0, "fpem/gci_graph_adj_std_after": 0.0, "fpem/gci_graph_align_weight": 0.0, "fpem/gci_graph_align_raw_mse": 0.0, "fpem/gci_graph_align_normalized": 0.0, "fpem/gci_edge_preserve_beta": 0.0, "fpem/gci_graph_align_target_available": 0.0, "fpem/gci_target_adj_mean": 0.0, "fpem/gci_target_adj_std": 0.0, "fpem/gci_target_edge_mean": 0.0, "fpem/gci_target_nonedge_mean": 0.0, "fpem/gci_target_diag_mean": 0.0, "fpem/gci_graph_align_updates_agcrn": 0.0, "fpem/gci_updates_graph_linear": 0.0, "fpem/gci_graph_construction_agcrn_softmax": 0.0, "fpem/scd_assoc_before_C": 0.0, "fpem/scd_assoc_after_C": 0.0, "fpem/scd_assoc_reduction": 0.0, "fpem/scd_relative_violation": 0.0, "fpem/sample_assoc_before_C": 0.0, "fpem/sample_assoc_after_C": 0.0, "fpem/sample_assoc_reduction": 0.0, "fpem/sample_dep_before_C": 0.0, "fpem/sample_dep_after_C": 0.0, "fpem/sample_dep_reduction": 0.0, "fpem/scd_batch_size": 0.0, "fpem/scd_sample_vector_dim": 0.0, "fpem/sample_kernel_alignment": 0.0, "fpem/scd_alignment_loss": 0.0, "fpem/load_level_experts_enabled": 1.0, "fpem/load_level_uses_target_or_future_load": 0.0, "fpem/environment_gate_uses_target_in_forward": 0.0, "fpem/load_level_env_residual_scale": 0.0, "fpem/uses_cached_observable_load_prior": 1.0, "fpem/primary_loss": 8.981600838615782, "fpem/inv_pred_loss": 9.211289805457705, "fpem/primary_uses_route": 1.0, "fpem/primary_uses_env_fusion": 0.0, "fpem/backbone_agcrn": 1.0, "fpem/backbone_graphwavenet": 0.0, "fpem/backbone_staeformer": 0.0, "fpem/gc_pred_loss_only": 1.0, "fpem/env_route_head_mode_hyper_proto": 1.0, "fpem/fpem_force_uniform_route": 0.0, "fpem/hard_prediction_sinkhorn_total_replaces_primary": 0.0, "fpem/hard_prediction_environment_sinkhorn_total_replaces_primary": 0.0, "fpem/warmup_risk_sinkhorn_total_replaces_primary": 0.0, "fpem/lambda_club_mi": 0.0}}
EPOCH {"epoch": 45, "train_loss": 1.257333919547853, "val": {"loss": 11.803081936306423, "mae": 11.580458641052246, "mape": 0.18441474437713623}, "test_mixed": {"loss": NaN, "mae": NaN, "mape": NaN}, "test_workday": {"loss": NaN, "mae": NaN, "mape": NaN}, "test_holiday": {"loss": NaN, "mae": NaN, "mape": NaN}, "test_avg_mae": NaN, "best_selection_value": 11.803081936306423, "best_selection_split": "val", "best_selection_metric": "val_loss", "lr": 0.001, "fpem_logs": {"fpem/fpem_env_use_exogenous": 1.0, "fpem/env_exogenous_available": 1.0, "fpem/env_exogenous_time_available": 1.0, "fpem/env_exogenous_load_available": 1.0, "fpem/env_exogenous_feature_dim": 32.0, "fpem/env_exogenous_embedding_norm": 2.494984115873064, "fpem/env_exogenous_load_embedding_norm": 1.642267520087106, "fpem/fpem_env_use_period_context": 1.0, "fpem/env_period_context_available": 1.0, "fpem/env_period_day_available_ratio": 0.9732142857142857, "fpem/env_period_week_available_ratio": 0.8244047619047619, "fpem/env_period_context_feature_dim": 6.0, "fpem/env_period_context_scale": 0.10000000149011612, "fpem/env_period_context_delta_norm": 0.20782210571425302, "fpem/env_period_context_day_diff_norm": 0.1627270526119641, "fpem/env_period_context_week_diff_norm": 0.10188992775621869, "fpem/env_rep_ablation_normal": 1.0, "fpem/env_rep_ablation_zero": 0.0, "fpem/env_rep_ablation_shuffle_batch": 0.0, "fpem/env_rep_ablation_mode_id": 0.0, "fpem/mask_loss": 0.0, "fpem/mask_sparse_loss": 0.0, "fpem/mask_entropy_loss": 0.0, "fpem/mask_mean": 1.0, "fpem/mask_entropy": 0.0, "fpem/mask_active_ratio": 1.0, "fpem/fusion_alpha_mean": 0.0, "fpem/fusion_alpha_std": 0.0, "fpem/fusion_alpha_min": 0.0, "fpem/fusion_alpha_max": 0.0, "fpem/env_route_loss": 1.257333919547853, "fpem/env_route_L_final": 8.990101450965518, "fpem/env_route_L_global": 0.0, "fpem/env_route_L_route_soft": 0.0, "fpem/env_route_L_expert": 9.414026705423991, "fpem/env_route_L_router_oracle": 1.257333919547853, "fpem/env_route_L_balance": 0.0, "fpem/env_route_L_diverse": 0.0, "fpem/env_route_L_proto_align": 0.0, "fpem/env_route_entropy": 0.0, "fpem/env_route_q_max_mean": 0.0, "fpem/hyper_alpha_mean": 0.0, "fpem/hyper_delta_norm": 0.0, "fpem/hyper_route_proto_mode_uniform_warmup": 0.0, "fpem/hyper_route_proto_mode_uniform_fixed": 0.0, "fpem/hyper_route_proto_mode_sinkhorn": 0.0, "fpem/hyper_route_proto_mode_softmax": 0.0, "fpem/fallback_q_mean": 0.0, "fpem/fallback_q_max": 0.0, "fpem/env_q_sum_mean": 1.0, "fpem/oracle_fallback_rate": 0.0, "fpem/route_count_fallback": 0.0, "fpem/env_route_head_mode": 1.0, "fpem/route_entropy_mean": 0.0, "fpem/route_mean_distribution_entropy": 0.0, "fpem/effective_expert_number": 1.0, "fpem/max_expert_usage_ratio": 0.0, "fpem/min_expert_usage_ratio": 0.0, "fpem/prototype_pairwise_cosine": 0.0, "fpem/expert_prediction_pairwise_cosine": 0.0, "fpem/expert_collapse_warning": 0.0, "fpem/env_route_target_mode_env_prototype": 0.0, "fpem/env_route_target_mode_hybrid": 0.0, "fpem/env_route_hybrid_alpha": 0.0, "fpem/env_route_train_mode_warmup_risk_sinkhorn": 0.0, "fpem/warmup_risk_stage_warmup": 0.0, "fpem/warmup_risk_stage_soft": 0.0, "fpem/warmup_risk_stage_hard": 0.0, "fpem/warmup_risk_selected_loss": 0.0, "fpem/warmup_risk_uniform_common_loss": 0.0, "fpem/warmup_risk_lambda_common": 0.0, "fpem/warmup_risk_total_common_term": 0.0, "fpem/warmup_risk_temperature": 0.0, "fpem/warmup_risk_temperature_progress": 0.0, "fpem/uniform_expert_mae": 0.0, "fpem/risk_routed_mae": 0.0, "fpem/risk_prediction_mae": 0.0, "fpem/risk_loss": 0.0, "fpem/risk_ranking_loss": 0.0, "fpem/risk_ranking_accuracy": 0.0, "fpem/risk_oracle_argmin_accuracy": 0.0, "fpem/risk_router_temperature": 0.0, "fpem/risk_router_lambda": 0.0, "fpem/risk_router_pairwise_lambda": 0.0, "fpem/env_route_train_mode_progressive_gmm_environment": 0.0, "fpem/top_level_prediction_source_progressive_gmm_teacher_hard": 0.0, "fpem/progressive_assignment_uses_target_or_prediction_error": 0.0, "fpem/progressive_partition_ready": 0.0, "fpem/progressive_selected_k": 0.0, "fpem/progressive_active_expert_count": 0.0, "fpem/progressive_last_partition_epoch": 0.0, "fpem/progressive_lambda_common": 0.0, "fpem/progressive_common_term": 0.0, "fpem/progressive_compactness_loss": 0.0, "fpem/progressive_consistency_loss": 0.0, "fpem/progressive_cluster_entropy": 0.0, "fpem/progressive_assignment_change_ratio": 0.0, "fpem/progressive_hungarian_overlap_score": 0.0, "fpem/progressive_partition_update_time_sec": 0.0, "fpem/progressive_routed_mae": 0.0, "fpem/progressive_gmm_environment_total_replaces_primary": 0.0, "fpem/env_route_count_head_0": 16.0, "fpem/env_route_oracle_count_head_0": 16.0, "fpem/route_count_env_head_0": 16.0, "fpem/route_soft_mean_expert_0": 1.0, "fpem/route_hard_count_expert_0": 16.0, "fpem/hard_count_expert_0": 16.0, "fpem/sinkhorn_soft_col_mass_expert_0": 0.0, "fpem/progressive_active_expert_0": 0.0, "fpem/progressive_cluster_size_0": 0.0, "fpem/progressive_cluster_ratio_0": 0.0, "fpem/progressive_cluster_to_expert_0": 0.0, "fpem/progressive_bic_k1": 0.0, "fpem/progressive_bic_score_k1": 0.0, "fpem/progressive_bic_rejected_k1": 0.0, "fpem/hyper_alpha_head_0": 0.0, "fpem/hyper_gamma_norm_head_0": 0.0, "fpem/hyper_beta_norm_head_0": 0.0, "fpem/expert_cross_mae_group_0_expert_0": 9.414026705423991, "fpem/load_expert_loss": 9.414026705423991, "fpem/counterfactual_risk_router_loss": 1.257333919547853, "fpem/counterfactual_risk_regression_loss": 0.921485977939197, "fpem/counterfactual_risk_ranking_loss": 0.6716958874747867, "fpem/load_level_assignment_detached": 1.0, "fpem/load_level_count_0": 1680.0, "fpem/load_level_ratio_0": 1.0, "fpem/expert_0_global_loss": 9.414026705423991, "fpem/expert_0_selected_loss": 9.414026705423991, "fpem/counterfactual_risk_stage2_active": 1.0, "fpem/counterfactual_risk_stage2_start_epoch": 20.0, "fpem/counterfactual_risk_all_environment_mae": 9.414026705423991, "fpem/counterfactual_risk_all_invariant_mae": 9.66223740804763, "fpem/counterfactual_risk_routed_mae": 9.492536681038994, "fpem/counterfactual_risk_oracle_mae": 9.378017757052467, "fpem/counterfactual_risk_router_accuracy": 0.5869047619047619, "fpem/counterfactual_risk_router_balanced_accuracy": 0.5640028644175756, "fpem/counterfactual_risk_inv_route_ratio": 0.4148809523809524, "fpem/counterfactual_risk_env_route_ratio": 0.5851190476190476, "fpem/counterfactual_risk_inv_switch_precision": 0.24711640640383675, "fpem/counterfactual_risk_correct_inv_switches": 1.6571428571428573, "fpem/counterfactual_risk_harmful_inv_switches": 4.980952380952381, "fpem/counterfactual_risk_saved_loss": 0.019418533075423468, "fpem/counterfactual_risk_added_loss": 0.09792858475730533, "fpem/counterfactual_risk_net_gain": -0.07850997561500186, "fpem/counterfactual_risk_regret": 0.11451892398652576, "fpem/counterfactual_risk_oracle_gap_closed": -1619.585005124084, "fpem/counterfactual_risk_delta_mean": -0.2482108148790541, "fpem/counterfactual_risk_target_inv_ratio": 0.20535714285714285, "fpem/counterfactual_risk_weight_env_sum": 8.07619038536435, "fpem/counterfactual_risk_weight_inv_sum": 7.923809460231236, "fpem/counterfactual_risk_prediction_is_hard_route": 1.0, "fpem/counterfactual_risk_prediction_is_soft_fusion": 0.0, "fpem/counterfactual_risk_target_detached": 1.0, "fpem/counterfactual_risk_uses_threshold": 0.0, "fpem/counterfactual_risk_all_samples_used_for_router": 1.0, "fpem/hard_router_predicted_env_ratio": 0.5851190476190476, "fpem/hard_router_effective_env_ratio": 1.0, "fpem/hard_router_target_env_ratio": 0.7946428571428571, "fpem/hard_router_gain_mean": -0.2482108148790541, "fpem/expert_prediction_pairwise_difference": 0.0, "fpem/delta_pairwise_cosine": 0.0, "fpem/delta_pairwise_l1": 0.0, "fpem/delta_pairwise_l2": 0.0, "fpem/expert_0_parameter_norm": 14.882429122924805, "fpem/hard_binary_router_enabled": 0.0, "fpem/hard_router_uses_target_in_forward": 0.0, "fpem/stored_future_c_loaded": 0.0, "fpem/prediction_is_weighted_complete_fusion": 0.0, "fpem/prediction_is_hard_route": 1.0, "fpem/conservative_inv_override_enabled": 0.0, "fpem/conservative_router_features_detached": 1.0, "fpem/counterfactual_risk_router_enabled": 1.0, "fpem/counterfactual_risk_stage2_active_forward": 1.0, "fpem/counterfactual_risk_deploy_route_active": 0.0, "fpem/counterfactual_risk_training_uses_route": 0.0, "fpem/counterfactual_risk_forward_uses_threshold": 0.0, "fpem/future_mi_loss": 0.0, "fpem/future_mi_valid": 0.0, "fpem/future_mi_logvar_mean": 0.0, "fpem/future_mi_target_mode_env_encoder": 0.0, "fpem/swap_loss": 0.0, "fpem/swap_diff_loss": 0.0, "fpem/swap_same_loss": 0.0, "fpem/swap_gain_mean": 0.0, "fpem/swap_s_gain_mean": 0.0, "fpem/swap_fallback_router_loss": 0.0, "fpem/swap_fallback_q_mean": 0.0, "fpem/swap_prediction_delta": 0.0, "fpem/swap_route_delta": 0.0, "fpem/swap_hyper_alpha_delta": 0.0, "fpem/swap_hyper_delta_norm": 0.0, "fpem/loss_env_day": 0.0, "fpem/loss_env_hour": 0.0, "fpem/loss_env_rush": 0.0, "fpem/env_day_acc": 0.0, "fpem/env_hour_acc": 0.0, "fpem/env_rush_acc": 0.0, "fpem/loss_env_supcon": 0.0, "fpem/env_supcon_valid_pairs": 0.0, "fpem/loss_inv_env_adv": 0.0, "fpem/inv_day_acc": 0.0, "fpem/inv_hour_acc": 0.0, "fpem/inv_rush_acc": 0.0, "fpem/loss_cross_cov_sep": 0.0, "fpem/confounder_dep_enabled": 0.0, "fpem/confounder_dep_mode_gci": 0.0, "fpem/confounder_dep_mode_scd": 1.0, "fpem/confounder_dep_mode_both": 0.0, "fpem/confounder_dep_total": 0.0, "fpem/loss_gci": 0.0, "fpem/loss_gci_drop": 0.0, "fpem/loss_gci_keep": 0.0, "fpem/loss_gci_graph_align": 0.0, "fpem/loss_scd": 0.0, "fpem/loss_conf_kl": 0.0, "fpem/effective_gci_weight": 0.0, "fpem/effective_gci_graph_align_weight": 0.0, "fpem/effective_scd_weight": 0.0, "fpem/effective_conf_kl_weight": 0.0, "fpem/confounder_dep_ramp_factor": 0.0, "fpem/C_mean": 0.0, "fpem/C_std": 0.0, "fpem/C_norm": 0.0, "fpem/confounder_token_norm": 0.0, "fpem/confounder_variational": 0.0, "fpem/confounder_projection_trace": 0.0, "fpem/confounder_projection_ridge": 0.0, "fpem/confounder_projection_rank_dim": 0.0, "fpem/confounder_projection_calls": 0.0, "fpem/confounder_dep_detach_target": 0.0, "fpem/gci_nonedge_mass_before_C": 0.0, "fpem/gci_nonedge_mass_after_C": 0.0, "fpem/gci_nonedge_mass_reduction": 0.0, "fpem/gci_relative_violation": 0.0, "fpem/gci_edge_before_C": 0.0, "fpem/gci_edge_after_C": 0.0, "fpem/gci_nonedge_conn_before_C": 0.0, "fpem/gci_nonedge_conn_after_C": 0.0, "fpem/gci_nonedge_conn_reduction": 0.0, "fpem/gci_edge_conn_before_C": 0.0, "fpem/gci_edge_conn_after_C": 0.0, "fpem/gci_edge_conn_reduction": 0.0, "fpem/gci_nonedge_dep_before_C": 0.0, "fpem/gci_nonedge_dep_after_C": 0.0, "fpem/gci_nonedge_dep_reduction": 0.0, "fpem/gci_edge_dep_before_C": 0.0, "fpem/gci_edge_dep_after_C": 0.0, "fpem/gci_nonedge_count": 0.0, "fpem/gci_edge_count": 0.0, "fpem/gci_node_count": 0.0, "fpem/gci_node_vector_dim": 0.0, "fpem/gci_graph_embed_dim": 0.0, "fpem/gci_graph_embedding_norm_before": 0.0, "fpem/gci_graph_embedding_norm_after": 0.0, "fpem/gci_graph_embedding_std_before": 0.0, "fpem/gci_graph_embedding_std_after": 0.0, "fpem/gci_graph_adj_mean_before": 0.0, "fpem/gci_graph_adj_mean_after": 0.0, "fpem/gci_graph_adj_std_before": 0.0, "fpem/gci_graph_adj_std_after": 0.0, "fpem/gci_graph_align_weight": 0.0, "fpem/gci_graph_align_raw_mse": 0.0, "fpem/gci_graph_align_normalized": 0.0, "fpem/gci_edge_preserve_beta": 0.0, "fpem/gci_graph_align_target_available": 0.0, "fpem/gci_target_adj_mean": 0.0, "fpem/gci_target_adj_std": 0.0, "fpem/gci_target_edge_mean": 0.0, "fpem/gci_target_nonedge_mean": 0.0, "fpem/gci_target_diag_mean": 0.0, "fpem/gci_graph_align_updates_agcrn": 0.0, "fpem/gci_updates_graph_linear": 0.0, "fpem/gci_graph_construction_agcrn_softmax": 0.0, "fpem/scd_assoc_before_C": 0.0, "fpem/scd_assoc_after_C": 0.0, "fpem/scd_assoc_reduction": 0.0, "fpem/scd_relative_violation": 0.0, "fpem/sample_assoc_before_C": 0.0, "fpem/sample_assoc_after_C": 0.0, "fpem/sample_assoc_reduction": 0.0, "fpem/sample_dep_before_C": 0.0, "fpem/sample_dep_after_C": 0.0, "fpem/sample_dep_reduction": 0.0, "fpem/scd_batch_size": 0.0, "fpem/scd_sample_vector_dim": 0.0, "fpem/sample_kernel_alignment": 0.0, "fpem/scd_alignment_loss": 0.0, "fpem/load_level_experts_enabled": 1.0, "fpem/load_level_uses_target_or_future_load": 0.0, "fpem/environment_gate_uses_target_in_forward": 0.0, "fpem/load_level_env_residual_scale": 0.0, "fpem/uses_cached_observable_load_prior": 1.0, "fpem/primary_loss": 8.990101450965518, "fpem/inv_pred_loss": 9.219569215320405, "fpem/primary_uses_route": 1.0, "fpem/primary_uses_env_fusion": 0.0, "fpem/backbone_agcrn": 1.0, "fpem/backbone_graphwavenet": 0.0, "fpem/backbone_staeformer": 0.0, "fpem/gc_pred_loss_only": 1.0, "fpem/env_route_head_mode_hyper_proto": 1.0, "fpem/fpem_force_uniform_route": 0.0, "fpem/hard_prediction_sinkhorn_total_replaces_primary": 0.0, "fpem/hard_prediction_environment_sinkhorn_total_replaces_primary": 0.0, "fpem/warmup_risk_sinkhorn_total_replaces_primary": 0.0, "fpem/lambda_club_mi": 0.0}}
EPOCH {"epoch": 46, "train_loss": 1.2755775434630259, "val": {"loss": 11.827230956819323, "mae": 11.610091209411621, "mape": 0.18609850108623505}, "test_mixed": {"loss": NaN, "mae": NaN, "mape": NaN}, "test_workday": {"loss": NaN, "mae": NaN, "mape": NaN}, "test_holiday": {"loss": NaN, "mae": NaN, "mape": NaN}, "test_avg_mae": NaN, "best_selection_value": 11.827230956819323, "best_selection_split": "val", "best_selection_metric": "val_loss", "lr": 0.001, "fpem_logs": {"fpem/fpem_env_use_exogenous": 1.0, "fpem/env_exogenous_available": 1.0, "fpem/env_exogenous_time_available": 1.0, "fpem/env_exogenous_load_available": 1.0, "fpem/env_exogenous_feature_dim": 32.0, "fpem/env_exogenous_embedding_norm": 2.494984129496983, "fpem/env_exogenous_load_embedding_norm": 1.642267520087106, "fpem/fpem_env_use_period_context": 1.0, "fpem/env_period_context_available": 1.0, "fpem/env_period_day_available_ratio": 0.9732142857142857, "fpem/env_period_week_available_ratio": 0.8244047619047619, "fpem/env_period_context_feature_dim": 6.0, "fpem/env_period_context_scale": 0.10000000149011612, "fpem/env_period_context_delta_norm": 0.2078221082687378, "fpem/env_period_context_day_diff_norm": 0.1627270533925011, "fpem/env_period_context_week_diff_norm": 0.1018899268692448, "fpem/env_rep_ablation_normal": 1.0, "fpem/env_rep_ablation_zero": 0.0, "fpem/env_rep_ablation_shuffle_batch": 0.0, "fpem/env_rep_ablation_mode_id": 0.0, "fpem/mask_loss": 0.0, "fpem/mask_sparse_loss": 0.0, "fpem/mask_entropy_loss": 0.0, "fpem/mask_mean": 1.0, "fpem/mask_entropy": 0.0, "fpem/mask_active_ratio": 1.0, "fpem/fusion_alpha_mean": 0.0, "fpem/fusion_alpha_std": 0.0, "fpem/fusion_alpha_min": 0.0, "fpem/fusion_alpha_max": 0.0, "fpem/env_route_loss": 1.2755775434630259, "fpem/env_route_L_final": 8.988342380523681, "fpem/env_route_L_global": 0.0, "fpem/env_route_L_route_soft": 0.0, "fpem/env_route_L_expert": 9.414026155925932, "fpem/env_route_L_router_oracle": 1.2755775434630259, "fpem/env_route_L_balance": 0.0, "fpem/env_route_L_diverse": 0.0, "fpem/env_route_L_proto_align": 0.0, "fpem/env_route_entropy": 0.0, "fpem/env_route_q_max_mean": 0.0, "fpem/hyper_alpha_mean": 0.0, "fpem/hyper_delta_norm": 0.0, "fpem/hyper_route_proto_mode_uniform_warmup": 0.0, "fpem/hyper_route_proto_mode_uniform_fixed": 0.0, "fpem/hyper_route_proto_mode_sinkhorn": 0.0, "fpem/hyper_route_proto_mode_softmax": 0.0, "fpem/fallback_q_mean": 0.0, "fpem/fallback_q_max": 0.0, "fpem/env_q_sum_mean": 1.0, "fpem/oracle_fallback_rate": 0.0, "fpem/route_count_fallback": 0.0, "fpem/env_route_head_mode": 1.0, "fpem/route_entropy_mean": 0.0, "fpem/route_mean_distribution_entropy": 0.0, "fpem/effective_expert_number": 1.0, "fpem/max_expert_usage_ratio": 0.0, "fpem/min_expert_usage_ratio": 0.0, "fpem/prototype_pairwise_cosine": 0.0, "fpem/expert_prediction_pairwise_cosine": 0.0, "fpem/expert_collapse_warning": 0.0, "fpem/env_route_target_mode_env_prototype": 0.0, "fpem/env_route_target_mode_hybrid": 0.0, "fpem/env_route_hybrid_alpha": 0.0, "fpem/env_route_train_mode_warmup_risk_sinkhorn": 0.0, "fpem/warmup_risk_stage_warmup": 0.0, "fpem/warmup_risk_stage_soft": 0.0, "fpem/warmup_risk_stage_hard": 0.0, "fpem/warmup_risk_selected_loss": 0.0, "fpem/warmup_risk_uniform_common_loss": 0.0, "fpem/warmup_risk_lambda_common": 0.0, "fpem/warmup_risk_total_common_term": 0.0, "fpem/warmup_risk_temperature": 0.0, "fpem/warmup_risk_temperature_progress": 0.0, "fpem/uniform_expert_mae": 0.0, "fpem/risk_routed_mae": 0.0, "fpem/risk_prediction_mae": 0.0, "fpem/risk_loss": 0.0, "fpem/risk_ranking_loss": 0.0, "fpem/risk_ranking_accuracy": 0.0, "fpem/risk_oracle_argmin_accuracy": 0.0, "fpem/risk_router_temperature": 0.0, "fpem/risk_router_lambda": 0.0, "fpem/risk_router_pairwise_lambda": 0.0, "fpem/env_route_train_mode_progressive_gmm_environment": 0.0, "fpem/top_level_prediction_source_progressive_gmm_teacher_hard": 0.0, "fpem/progressive_assignment_uses_target_or_prediction_error": 0.0, "fpem/progressive_partition_ready": 0.0, "fpem/progressive_selected_k": 0.0, "fpem/progressive_active_expert_count": 0.0, "fpem/progressive_last_partition_epoch": 0.0, "fpem/progressive_lambda_common": 0.0, "fpem/progressive_common_term": 0.0, "fpem/progressive_compactness_loss": 0.0, "fpem/progressive_consistency_loss": 0.0, "fpem/progressive_cluster_entropy": 0.0, "fpem/progressive_assignment_change_ratio": 0.0, "fpem/progressive_hungarian_overlap_score": 0.0, "fpem/progressive_partition_update_time_sec": 0.0, "fpem/progressive_routed_mae": 0.0, "fpem/progressive_gmm_environment_total_replaces_primary": 0.0, "fpem/env_route_count_head_0": 16.0, "fpem/env_route_oracle_count_head_0": 16.0, "fpem/route_count_env_head_0": 16.0, "fpem/route_soft_mean_expert_0": 1.0, "fpem/route_hard_count_expert_0": 16.0, "fpem/hard_count_expert_0": 16.0, "fpem/sinkhorn_soft_col_mass_expert_0": 0.0, "fpem/progressive_active_expert_0": 0.0, "fpem/progressive_cluster_size_0": 0.0, "fpem/progressive_cluster_ratio_0": 0.0, "fpem/progressive_cluster_to_expert_0": 0.0, "fpem/progressive_bic_k1": 0.0, "fpem/progressive_bic_score_k1": 0.0, "fpem/progressive_bic_rejected_k1": 0.0, "fpem/hyper_alpha_head_0": 0.0, "fpem/hyper_gamma_norm_head_0": 0.0, "fpem/hyper_beta_norm_head_0": 0.0, "fpem/expert_cross_mae_group_0_expert_0": 9.414026155925932, "fpem/load_expert_loss": 9.414026155925932, "fpem/counterfactual_risk_router_loss": 1.2755775434630259, "fpem/counterfactual_risk_regression_loss": 0.9357204203094754, "fpem/counterfactual_risk_ranking_loss": 0.6797142386436462, "fpem/load_level_assignment_detached": 1.0, "fpem/load_level_count_0": 1680.0, "fpem/load_level_ratio_0": 1.0, "fpem/expert_0_global_loss": 9.414026155925932, "fpem/expert_0_selected_loss": 9.414026155925932, "fpem/counterfactual_risk_stage2_active": 1.0, "fpem/counterfactual_risk_stage2_start_epoch": 20.0, "fpem/counterfactual_risk_all_environment_mae": 9.414026155925932, "fpem/counterfactual_risk_all_invariant_mae": 9.662237521580288, "fpem/counterfactual_risk_routed_mae": 9.483524971916562, "fpem/counterfactual_risk_oracle_mae": 9.378017062232608, "fpem/counterfactual_risk_router_accuracy": 0.6095238095238096, "fpem/counterfactual_risk_router_balanced_accuracy": 0.5722207715113957, "fpem/counterfactual_risk_inv_route_ratio": 0.3827380952380952, "fpem/counterfactual_risk_env_route_ratio": 0.6172619047619048, "fpem/counterfactual_risk_inv_switch_precision": 0.24595111651079996, "fpem/counterfactual_risk_correct_inv_switches": 1.5809523809523809, "fpem/counterfactual_risk_harmful_inv_switches": 4.542857142857143, "fpem/counterfactual_risk_saved_loss": 0.018061870620364233, "fpem/counterfactual_risk_added_loss": 0.08756072265761239, "fpem/counterfactual_risk_net_gain": -0.06949881599062965, "fpem/counterfactual_risk_regret": 0.10550790968395415, "fpem/counterfactual_risk_oracle_gap_closed": -5170.229276155095, "fpem/counterfactual_risk_delta_mean": -0.24821134010950724, "fpem/counterfactual_risk_target_inv_ratio": 0.20535714285714285, "fpem/counterfactual_risk_weight_env_sum": 8.380952349163238, "fpem/counterfactual_risk_weight_inv_sum": 7.619047546386719, "fpem/counterfactual_risk_prediction_is_hard_route": 1.0, "fpem/counterfactual_risk_prediction_is_soft_fusion": 0.0, "fpem/counterfactual_risk_target_detached": 1.0, "fpem/counterfactual_risk_uses_threshold": 0.0, "fpem/counterfactual_risk_all_samples_used_for_router": 1.0, "fpem/hard_router_predicted_env_ratio": 0.6172619047619048, "fpem/hard_router_effective_env_ratio": 1.0, "fpem/hard_router_target_env_ratio": 0.7946428571428571, "fpem/hard_router_gain_mean": -0.24821134010950724, "fpem/expert_prediction_pairwise_difference": 0.0, "fpem/delta_pairwise_cosine": 0.0, "fpem/delta_pairwise_l1": 0.0, "fpem/delta_pairwise_l2": 0.0, "fpem/expert_0_parameter_norm": 14.882429122924805, "fpem/hard_binary_router_enabled": 0.0, "fpem/hard_router_uses_target_in_forward": 0.0, "fpem/stored_future_c_loaded": 0.0, "fpem/prediction_is_weighted_complete_fusion": 0.0, "fpem/prediction_is_hard_route": 1.0, "fpem/conservative_inv_override_enabled": 0.0, "fpem/conservative_router_features_detached": 1.0, "fpem/counterfactual_risk_router_enabled": 1.0, "fpem/counterfactual_risk_stage2_active_forward": 1.0, "fpem/counterfactual_risk_deploy_route_active": 0.0, "fpem/counterfactual_risk_training_uses_route": 0.0, "fpem/counterfactual_risk_forward_uses_threshold": 0.0, "fpem/future_mi_loss": 0.0, "fpem/future_mi_valid": 0.0, "fpem/future_mi_logvar_mean": 0.0, "fpem/future_mi_target_mode_env_encoder": 0.0, "fpem/swap_loss": 0.0, "fpem/swap_diff_loss": 0.0, "fpem/swap_same_loss": 0.0, "fpem/swap_gain_mean": 0.0, "fpem/swap_s_gain_mean": 0.0, "fpem/swap_fallback_router_loss": 0.0, "fpem/swap_fallback_q_mean": 0.0, "fpem/swap_prediction_delta": 0.0, "fpem/swap_route_delta": 0.0, "fpem/swap_hyper_alpha_delta": 0.0, "fpem/swap_hyper_delta_norm": 0.0, "fpem/loss_env_day": 0.0, "fpem/loss_env_hour": 0.0, "fpem/loss_env_rush": 0.0, "fpem/env_day_acc": 0.0, "fpem/env_hour_acc": 0.0, "fpem/env_rush_acc": 0.0, "fpem/loss_env_supcon": 0.0, "fpem/env_supcon_valid_pairs": 0.0, "fpem/loss_inv_env_adv": 0.0, "fpem/inv_day_acc": 0.0, "fpem/inv_hour_acc": 0.0, "fpem/inv_rush_acc": 0.0, "fpem/loss_cross_cov_sep": 0.0, "fpem/confounder_dep_enabled": 0.0, "fpem/confounder_dep_mode_gci": 0.0, "fpem/confounder_dep_mode_scd": 1.0, "fpem/confounder_dep_mode_both": 0.0, "fpem/confounder_dep_total": 0.0, "fpem/loss_gci": 0.0, "fpem/loss_gci_drop": 0.0, "fpem/loss_gci_keep": 0.0, "fpem/loss_gci_graph_align": 0.0, "fpem/loss_scd": 0.0, "fpem/loss_conf_kl": 0.0, "fpem/effective_gci_weight": 0.0, "fpem/effective_gci_graph_align_weight": 0.0, "fpem/effective_scd_weight": 0.0, "fpem/effective_conf_kl_weight": 0.0, "fpem/confounder_dep_ramp_factor": 0.0, "fpem/C_mean": 0.0, "fpem/C_std": 0.0, "fpem/C_norm": 0.0, "fpem/confounder_token_norm": 0.0, "fpem/confounder_variational": 0.0, "fpem/confounder_projection_trace": 0.0, "fpem/confounder_projection_ridge": 0.0, "fpem/confounder_projection_rank_dim": 0.0, "fpem/confounder_projection_calls": 0.0, "fpem/confounder_dep_detach_target": 0.0, "fpem/gci_nonedge_mass_before_C": 0.0, "fpem/gci_nonedge_mass_after_C": 0.0, "fpem/gci_nonedge_mass_reduction": 0.0, "fpem/gci_relative_violation": 0.0, "fpem/gci_edge_before_C": 0.0, "fpem/gci_edge_after_C": 0.0, "fpem/gci_nonedge_conn_before_C": 0.0, "fpem/gci_nonedge_conn_after_C": 0.0, "fpem/gci_nonedge_conn_reduction": 0.0, "fpem/gci_edge_conn_before_C": 0.0, "fpem/gci_edge_conn_after_C": 0.0, "fpem/gci_edge_conn_reduction": 0.0, "fpem/gci_nonedge_dep_before_C": 0.0, "fpem/gci_nonedge_dep_after_C": 0.0, "fpem/gci_nonedge_dep_reduction": 0.0, "fpem/gci_edge_dep_before_C": 0.0, "fpem/gci_edge_dep_after_C": 0.0, "fpem/gci_nonedge_count": 0.0, "fpem/gci_edge_count": 0.0, "fpem/gci_node_count": 0.0, "fpem/gci_node_vector_dim": 0.0, "fpem/gci_graph_embed_dim": 0.0, "fpem/gci_graph_embedding_norm_before": 0.0, "fpem/gci_graph_embedding_norm_after": 0.0, "fpem/gci_graph_embedding_std_before": 0.0, "fpem/gci_graph_embedding_std_after": 0.0, "fpem/gci_graph_adj_mean_before": 0.0, "fpem/gci_graph_adj_mean_after": 0.0, "fpem/gci_graph_adj_std_before": 0.0, "fpem/gci_graph_adj_std_after": 0.0, "fpem/gci_graph_align_weight": 0.0, "fpem/gci_graph_align_raw_mse": 0.0, "fpem/gci_graph_align_normalized": 0.0, "fpem/gci_edge_preserve_beta": 0.0, "fpem/gci_graph_align_target_available": 0.0, "fpem/gci_target_adj_mean": 0.0, "fpem/gci_target_adj_std": 0.0, "fpem/gci_target_edge_mean": 0.0, "fpem/gci_target_nonedge_mean": 0.0, "fpem/gci_target_diag_mean": 0.0, "fpem/gci_graph_align_updates_agcrn": 0.0, "fpem/gci_updates_graph_linear": 0.0, "fpem/gci_graph_construction_agcrn_softmax": 0.0, "fpem/scd_assoc_before_C": 0.0, "fpem/scd_assoc_after_C": 0.0, "fpem/scd_assoc_reduction": 0.0, "fpem/scd_relative_violation": 0.0, "fpem/sample_assoc_before_C": 0.0, "fpem/sample_assoc_after_C": 0.0, "fpem/sample_assoc_reduction": 0.0, "fpem/sample_dep_before_C": 0.0, "fpem/sample_dep_after_C": 0.0, "fpem/sample_dep_reduction": 0.0, "fpem/scd_batch_size": 0.0, "fpem/scd_sample_vector_dim": 0.0, "fpem/sample_kernel_alignment": 0.0, "fpem/scd_alignment_loss": 0.0, "fpem/load_level_experts_enabled": 1.0, "fpem/load_level_uses_target_or_future_load": 0.0, "fpem/environment_gate_uses_target_in_forward": 0.0, "fpem/load_level_env_residual_scale": 0.0, "fpem/uses_cached_observable_load_prior": 1.0, "fpem/primary_loss": 8.988342380523681, "fpem/inv_pred_loss": 9.217990421113514, "fpem/primary_uses_route": 1.0, "fpem/primary_uses_env_fusion": 0.0, "fpem/backbone_agcrn": 1.0, "fpem/backbone_graphwavenet": 0.0, "fpem/backbone_staeformer": 0.0, "fpem/gc_pred_loss_only": 1.0, "fpem/env_route_head_mode_hyper_proto": 1.0, "fpem/fpem_force_uniform_route": 0.0, "fpem/hard_prediction_sinkhorn_total_replaces_primary": 0.0, "fpem/hard_prediction_environment_sinkhorn_total_replaces_primary": 0.0, "fpem/warmup_risk_sinkhorn_total_replaces_primary": 0.0, "fpem/lambda_club_mi": 0.0}}
EPOCH {"epoch": 47, "train_loss": 1.196304182211558, "val": {"loss": 11.803927368587917, "mae": 11.582164764404297, "mape": 0.1844952255487442}, "test_mixed": {"loss": NaN, "mae": NaN, "mape": NaN}, "test_workday": {"loss": NaN, "mae": NaN, "mape": NaN}, "test_holiday": {"loss": NaN, "mae": NaN, "mape": NaN}, "test_avg_mae": NaN, "best_selection_value": 11.803927368587917, "best_selection_split": "val", "best_selection_metric": "val_loss", "lr": 0.001, "fpem_logs": {"fpem/fpem_env_use_exogenous": 1.0, "fpem/env_exogenous_available": 1.0, "fpem/env_exogenous_time_available": 1.0, "fpem/env_exogenous_load_available": 1.0, "fpem/env_exogenous_feature_dim": 32.0, "fpem/env_exogenous_embedding_norm": 2.49498412722633, "fpem/env_exogenous_load_embedding_norm": 1.642267522357759, "fpem/fpem_env_use_period_context": 1.0, "fpem/env_period_context_available": 1.0, "fpem/env_period_day_available_ratio": 0.9732142857142857, "fpem/env_period_week_available_ratio": 0.8244047619047619, "fpem/env_period_context_feature_dim": 6.0, "fpem/env_period_context_scale": 0.10000000149011612, "fpem/env_period_context_delta_norm": 0.20782210798490616, "fpem/env_period_context_day_diff_norm": 0.16272705254100617, "fpem/env_period_context_week_diff_norm": 0.10188992662089212, "fpem/env_rep_ablation_normal": 1.0, "fpem/env_rep_ablation_zero": 0.0, "fpem/env_rep_ablation_shuffle_batch": 0.0, "fpem/env_rep_ablation_mode_id": 0.0, "fpem/mask_loss": 0.0, "fpem/mask_sparse_loss": 0.0, "fpem/mask_entropy_loss": 0.0, "fpem/mask_mean": 1.0, "fpem/mask_entropy": 0.0, "fpem/mask_active_ratio": 1.0, "fpem/fusion_alpha_mean": 0.0, "fpem/fusion_alpha_std": 0.0, "fpem/fusion_alpha_min": 0.0, "fpem/fusion_alpha_max": 0.0, "fpem/env_route_loss": 1.196304182211558, "fpem/env_route_L_final": 8.986246626717703, "fpem/env_route_L_global": 0.0, "fpem/env_route_L_route_soft": 0.0, "fpem/env_route_L_expert": 9.414025470188685, "fpem/env_route_L_router_oracle": 1.196304182211558, "fpem/env_route_L_balance": 0.0, "fpem/env_route_L_diverse": 0.0, "fpem/env_route_L_proto_align": 0.0, "fpem/env_route_entropy": 0.0, "fpem/env_route_q_max_mean": 0.0, "fpem/hyper_alpha_mean": 0.0, "fpem/hyper_delta_norm": 0.0, "fpem/hyper_route_proto_mode_uniform_warmup": 0.0, "fpem/hyper_route_proto_mode_uniform_fixed": 0.0, "fpem/hyper_route_proto_mode_sinkhorn": 0.0, "fpem/hyper_route_proto_mode_softmax": 0.0, "fpem/fallback_q_mean": 0.0, "fpem/fallback_q_max": 0.0, "fpem/env_q_sum_mean": 1.0, "fpem/oracle_fallback_rate": 0.0, "fpem/route_count_fallback": 0.0, "fpem/env_route_head_mode": 1.0, "fpem/route_entropy_mean": 0.0, "fpem/route_mean_distribution_entropy": 0.0, "fpem/effective_expert_number": 1.0, "fpem/max_expert_usage_ratio": 0.0, "fpem/min_expert_usage_ratio": 0.0, "fpem/prototype_pairwise_cosine": 0.0, "fpem/expert_prediction_pairwise_cosine": 0.0, "fpem/expert_collapse_warning": 0.0, "fpem/env_route_target_mode_env_prototype": 0.0, "fpem/env_route_target_mode_hybrid": 0.0, "fpem/env_route_hybrid_alpha": 0.0, "fpem/env_route_train_mode_warmup_risk_sinkhorn": 0.0, "fpem/warmup_risk_stage_warmup": 0.0, "fpem/warmup_risk_stage_soft": 0.0, "fpem/warmup_risk_stage_hard": 0.0, "fpem/warmup_risk_selected_loss": 0.0, "fpem/warmup_risk_uniform_common_loss": 0.0, "fpem/warmup_risk_lambda_common": 0.0, "fpem/warmup_risk_total_common_term": 0.0, "fpem/warmup_risk_temperature": 0.0, "fpem/warmup_risk_temperature_progress": 0.0, "fpem/uniform_expert_mae": 0.0, "fpem/risk_routed_mae": 0.0, "fpem/risk_prediction_mae": 0.0, "fpem/risk_loss": 0.0, "fpem/risk_ranking_loss": 0.0, "fpem/risk_ranking_accuracy": 0.0, "fpem/risk_oracle_argmin_accuracy": 0.0, "fpem/risk_router_temperature": 0.0, "fpem/risk_router_lambda": 0.0, "fpem/risk_router_pairwise_lambda": 0.0, "fpem/env_route_train_mode_progressive_gmm_environment": 0.0, "fpem/top_level_prediction_source_progressive_gmm_teacher_hard": 0.0, "fpem/progressive_assignment_uses_target_or_prediction_error": 0.0, "fpem/progressive_partition_ready": 0.0, "fpem/progressive_selected_k": 0.0, "fpem/progressive_active_expert_count": 0.0, "fpem/progressive_last_partition_epoch": 0.0, "fpem/progressive_lambda_common": 0.0, "fpem/progressive_common_term": 0.0, "fpem/progressive_compactness_loss": 0.0, "fpem/progressive_consistency_loss": 0.0, "fpem/progressive_cluster_entropy": 0.0, "fpem/progressive_assignment_change_ratio": 0.0, "fpem/progressive_hungarian_overlap_score": 0.0, "fpem/progressive_partition_update_time_sec": 0.0, "fpem/progressive_routed_mae": 0.0, "fpem/progressive_gmm_environment_total_replaces_primary": 0.0, "fpem/env_route_count_head_0": 16.0, "fpem/env_route_oracle_count_head_0": 16.0, "fpem/route_count_env_head_0": 16.0, "fpem/route_soft_mean_expert_0": 1.0, "fpem/route_hard_count_expert_0": 16.0, "fpem/hard_count_expert_0": 16.0, "fpem/sinkhorn_soft_col_mass_expert_0": 0.0, "fpem/progressive_active_expert_0": 0.0, "fpem/progressive_cluster_size_0": 0.0, "fpem/progressive_cluster_ratio_0": 0.0, "fpem/progressive_cluster_to_expert_0": 0.0, "fpem/progressive_bic_k1": 0.0, "fpem/progressive_bic_score_k1": 0.0, "fpem/progressive_bic_rejected_k1": 0.0, "fpem/hyper_alpha_head_0": 0.0, "fpem/hyper_gamma_norm_head_0": 0.0, "fpem/hyper_beta_norm_head_0": 0.0, "fpem/expert_cross_mae_group_0_expert_0": 9.414025470188685, "fpem/load_expert_loss": 9.414025470188685, "fpem/counterfactual_risk_router_loss": 1.196304182211558, "fpem/counterfactual_risk_regression_loss": 0.8589232280140832, "fpem/counterfactual_risk_ranking_loss": 0.6747619078272865, "fpem/load_level_assignment_detached": 1.0, "fpem/load_level_count_0": 1680.0, "fpem/load_level_ratio_0": 1.0, "fpem/expert_0_global_loss": 9.414025470188685, "fpem/expert_0_selected_loss": 9.414025470188685, "fpem/counterfactual_risk_stage2_active": 1.0, "fpem/counterfactual_risk_stage2_start_epoch": 20.0, "fpem/counterfactual_risk_all_environment_mae": 9.414025470188685, "fpem/counterfactual_risk_all_invariant_mae": 9.662237435295468, "fpem/counterfactual_risk_routed_mae": 9.485982259114584, "fpem/counterfactual_risk_oracle_mae": 9.378016558147612, "fpem/counterfactual_risk_router_accuracy": 0.6083333333333333, "fpem/counterfactual_risk_router_balanced_accuracy": 0.5763863938195365, "fpem/counterfactual_risk_inv_route_ratio": 0.3958333333333333, "fpem/counterfactual_risk_env_route_ratio": 0.6041666666666666, "fpem/counterfactual_risk_inv_switch_precision": 0.27645949678761617, "fpem/counterfactual_risk_correct_inv_switches": 1.6761904761904762, "fpem/counterfactual_risk_harmful_inv_switches": 4.6571428571428575, "fpem/counterfactual_risk_saved_loss": 0.018185984946432567, "fpem/counterfactual_risk_added_loss": 0.09014276947293963, "fpem/counterfactual_risk_net_gain": -0.0719567889258975, "fpem/counterfactual_risk_regret": 0.10796570096697126, "fpem/counterfactual_risk_oracle_gap_closed": -1627.781006604595, "fpem/counterfactual_risk_delta_mean": -0.24821203776768275, "fpem/counterfactual_risk_target_inv_ratio": 0.20535714285714285, "fpem/counterfactual_risk_weight_env_sum": 8.152380902426584, "fpem/counterfactual_risk_weight_inv_sum": 7.8476190112885975, "fpem/counterfactual_risk_prediction_is_hard_route": 1.0, "fpem/counterfactual_risk_prediction_is_soft_fusion": 0.0, "fpem/counterfactual_risk_target_detached": 1.0, "fpem/counterfactual_risk_uses_threshold": 0.0, "fpem/counterfactual_risk_all_samples_used_for_router": 1.0, "fpem/hard_router_predicted_env_ratio": 0.6041666666666666, "fpem/hard_router_effective_env_ratio": 1.0, "fpem/hard_router_target_env_ratio": 0.7946428571428571, "fpem/hard_router_gain_mean": -0.24821203776768275, "fpem/expert_prediction_pairwise_difference": 0.0, "fpem/delta_pairwise_cosine": 0.0, "fpem/delta_pairwise_l1": 0.0, "fpem/delta_pairwise_l2": 0.0, "fpem/expert_0_parameter_norm": 14.882429122924805, "fpem/hard_binary_router_enabled": 0.0, "fpem/hard_router_uses_target_in_forward": 0.0, "fpem/stored_future_c_loaded": 0.0, "fpem/prediction_is_weighted_complete_fusion": 0.0, "fpem/prediction_is_hard_route": 1.0, "fpem/conservative_inv_override_enabled": 0.0, "fpem/conservative_router_features_detached": 1.0, "fpem/counterfactual_risk_router_enabled": 1.0, "fpem/counterfactual_risk_stage2_active_forward": 1.0, "fpem/counterfactual_risk_deploy_route_active": 0.0, "fpem/counterfactual_risk_training_uses_route": 0.0, "fpem/counterfactual_risk_forward_uses_threshold": 0.0, "fpem/future_mi_loss": 0.0, "fpem/future_mi_valid": 0.0, "fpem/future_mi_logvar_mean": 0.0, "fpem/future_mi_target_mode_env_encoder": 0.0, "fpem/swap_loss": 0.0, "fpem/swap_diff_loss": 0.0, "fpem/swap_same_loss": 0.0, "fpem/swap_gain_mean": 0.0, "fpem/swap_s_gain_mean": 0.0, "fpem/swap_fallback_router_loss": 0.0, "fpem/swap_fallback_q_mean": 0.0, "fpem/swap_prediction_delta": 0.0, "fpem/swap_route_delta": 0.0, "fpem/swap_hyper_alpha_delta": 0.0, "fpem/swap_hyper_delta_norm": 0.0, "fpem/loss_env_day": 0.0, "fpem/loss_env_hour": 0.0, "fpem/loss_env_rush": 0.0, "fpem/env_day_acc": 0.0, "fpem/env_hour_acc": 0.0, "fpem/env_rush_acc": 0.0, "fpem/loss_env_supcon": 0.0, "fpem/env_supcon_valid_pairs": 0.0, "fpem/loss_inv_env_adv": 0.0, "fpem/inv_day_acc": 0.0, "fpem/inv_hour_acc": 0.0, "fpem/inv_rush_acc": 0.0, "fpem/loss_cross_cov_sep": 0.0, "fpem/confounder_dep_enabled": 0.0, "fpem/confounder_dep_mode_gci": 0.0, "fpem/confounder_dep_mode_scd": 1.0, "fpem/confounder_dep_mode_both": 0.0, "fpem/confounder_dep_total": 0.0, "fpem/loss_gci": 0.0, "fpem/loss_gci_drop": 0.0, "fpem/loss_gci_keep": 0.0, "fpem/loss_gci_graph_align": 0.0, "fpem/loss_scd": 0.0, "fpem/loss_conf_kl": 0.0, "fpem/effective_gci_weight": 0.0, "fpem/effective_gci_graph_align_weight": 0.0, "fpem/effective_scd_weight": 0.0, "fpem/effective_conf_kl_weight": 0.0, "fpem/confounder_dep_ramp_factor": 0.0, "fpem/C_mean": 0.0, "fpem/C_std": 0.0, "fpem/C_norm": 0.0, "fpem/confounder_token_norm": 0.0, "fpem/confounder_variational": 0.0, "fpem/confounder_projection_trace": 0.0, "fpem/confounder_projection_ridge": 0.0, "fpem/confounder_projection_rank_dim": 0.0, "fpem/confounder_projection_calls": 0.0, "fpem/confounder_dep_detach_target": 0.0, "fpem/gci_nonedge_mass_before_C": 0.0, "fpem/gci_nonedge_mass_after_C": 0.0, "fpem/gci_nonedge_mass_reduction": 0.0, "fpem/gci_relative_violation": 0.0, "fpem/gci_edge_before_C": 0.0, "fpem/gci_edge_after_C": 0.0, "fpem/gci_nonedge_conn_before_C": 0.0, "fpem/gci_nonedge_conn_after_C": 0.0, "fpem/gci_nonedge_conn_reduction": 0.0, "fpem/gci_edge_conn_before_C": 0.0, "fpem/gci_edge_conn_after_C": 0.0, "fpem/gci_edge_conn_reduction": 0.0, "fpem/gci_nonedge_dep_before_C": 0.0, "fpem/gci_nonedge_dep_after_C": 0.0, "fpem/gci_nonedge_dep_reduction": 0.0, "fpem/gci_edge_dep_before_C": 0.0, "fpem/gci_edge_dep_after_C": 0.0, "fpem/gci_nonedge_count": 0.0, "fpem/gci_edge_count": 0.0, "fpem/gci_node_count": 0.0, "fpem/gci_node_vector_dim": 0.0, "fpem/gci_graph_embed_dim": 0.0, "fpem/gci_graph_embedding_norm_before": 0.0, "fpem/gci_graph_embedding_norm_after": 0.0, "fpem/gci_graph_embedding_std_before": 0.0, "fpem/gci_graph_embedding_std_after": 0.0, "fpem/gci_graph_adj_mean_before": 0.0, "fpem/gci_graph_adj_mean_after": 0.0, "fpem/gci_graph_adj_std_before": 0.0, "fpem/gci_graph_adj_std_after": 0.0, "fpem/gci_graph_align_weight": 0.0, "fpem/gci_graph_align_raw_mse": 0.0, "fpem/gci_graph_align_normalized": 0.0, "fpem/gci_edge_preserve_beta": 0.0, "fpem/gci_graph_align_target_available": 0.0, "fpem/gci_target_adj_mean": 0.0, "fpem/gci_target_adj_std": 0.0, "fpem/gci_target_edge_mean": 0.0, "fpem/gci_target_nonedge_mean": 0.0, "fpem/gci_target_diag_mean": 0.0, "fpem/gci_graph_align_updates_agcrn": 0.0, "fpem/gci_updates_graph_linear": 0.0, "fpem/gci_graph_construction_agcrn_softmax": 0.0, "fpem/scd_assoc_before_C": 0.0, "fpem/scd_assoc_after_C": 0.0, "fpem/scd_assoc_reduction": 0.0, "fpem/scd_relative_violation": 0.0, "fpem/sample_assoc_before_C": 0.0, "fpem/sample_assoc_after_C": 0.0, "fpem/sample_assoc_reduction": 0.0, "fpem/sample_dep_before_C": 0.0, "fpem/sample_dep_after_C": 0.0, "fpem/sample_dep_reduction": 0.0, "fpem/scd_batch_size": 0.0, "fpem/scd_sample_vector_dim": 0.0, "fpem/sample_kernel_alignment": 0.0, "fpem/scd_alignment_loss": 0.0, "fpem/load_level_experts_enabled": 1.0, "fpem/load_level_uses_target_or_future_load": 0.0, "fpem/environment_gate_uses_target_in_forward": 0.0, "fpem/load_level_env_residual_scale": 0.0, "fpem/uses_cached_observable_load_prior": 1.0, "fpem/primary_loss": 8.986246626717703, "fpem/inv_pred_loss": 9.215791402544294, "fpem/primary_uses_route": 1.0, "fpem/primary_uses_env_fusion": 0.0, "fpem/backbone_agcrn": 1.0, "fpem/backbone_graphwavenet": 0.0, "fpem/backbone_staeformer": 0.0, "fpem/gc_pred_loss_only": 1.0, "fpem/env_route_head_mode_hyper_proto": 1.0, "fpem/fpem_force_uniform_route": 0.0, "fpem/hard_prediction_sinkhorn_total_replaces_primary": 0.0, "fpem/hard_prediction_environment_sinkhorn_total_replaces_primary": 0.0, "fpem/warmup_risk_sinkhorn_total_replaces_primary": 0.0, "fpem/lambda_club_mi": 0.0}}
EPOCH {"epoch": 48, "train_loss": 1.1552872737248738, "val": {"loss": 11.813484456804064, "mae": 11.593578338623047, "mape": 0.18519280850887299}, "test_mixed": {"loss": NaN, "mae": NaN, "mape": NaN}, "test_workday": {"loss": NaN, "mae": NaN, "mape": NaN}, "test_holiday": {"loss": NaN, "mae": NaN, "mape": NaN}, "test_avg_mae": NaN, "best_selection_value": 11.813484456804064, "best_selection_split": "val", "best_selection_metric": "val_loss", "lr": 0.001, "fpem_logs": {"fpem/fpem_env_use_exogenous": 1.0, "fpem/env_exogenous_available": 1.0, "fpem/env_exogenous_time_available": 1.0, "fpem/env_exogenous_load_available": 1.0, "fpem/env_exogenous_feature_dim": 32.0, "fpem/env_exogenous_embedding_norm": 2.494984124955677, "fpem/env_exogenous_load_embedding_norm": 1.6422675041925339, "fpem/fpem_env_use_period_context": 1.0, "fpem/env_period_context_available": 1.0, "fpem/env_period_day_available_ratio": 0.9732142857142857, "fpem/env_period_week_available_ratio": 0.8244047619047619, "fpem/env_period_context_feature_dim": 6.0, "fpem/env_period_context_scale": 0.10000000149011612, "fpem/env_period_context_delta_norm": 0.20782210954598018, "fpem/env_period_context_day_diff_norm": 0.16272705296675363, "fpem/env_period_context_week_diff_norm": 0.10188992665637107, "fpem/env_rep_ablation_normal": 1.0, "fpem/env_rep_ablation_zero": 0.0, "fpem/env_rep_ablation_shuffle_batch": 0.0, "fpem/env_rep_ablation_mode_id": 0.0, "fpem/mask_loss": 0.0, "fpem/mask_sparse_loss": 0.0, "fpem/mask_entropy_loss": 0.0, "fpem/mask_mean": 1.0, "fpem/mask_entropy": 0.0, "fpem/mask_active_ratio": 1.0, "fpem/fusion_alpha_mean": 0.0, "fpem/fusion_alpha_std": 0.0, "fpem/fusion_alpha_min": 0.0, "fpem/fusion_alpha_max": 0.0, "fpem/env_route_loss": 1.1552872737248738, "fpem/env_route_L_final": 8.982349572862898, "fpem/env_route_L_global": 0.0, "fpem/env_route_L_route_soft": 0.0, "fpem/env_route_L_expert": 9.414025788080124, "fpem/env_route_L_router_oracle": 1.1552872737248738, "fpem/env_route_L_balance": 0.0, "fpem/env_route_L_diverse": 0.0, "fpem/env_route_L_proto_align": 0.0, "fpem/env_route_entropy": 0.0, "fpem/env_route_q_max_mean": 0.0, "fpem/hyper_alpha_mean": 0.0, "fpem/hyper_delta_norm": 0.0, "fpem/hyper_route_proto_mode_uniform_warmup": 0.0, "fpem/hyper_route_proto_mode_uniform_fixed": 0.0, "fpem/hyper_route_proto_mode_sinkhorn": 0.0, "fpem/hyper_route_proto_mode_softmax": 0.0, "fpem/fallback_q_mean": 0.0, "fpem/fallback_q_max": 0.0, "fpem/env_q_sum_mean": 1.0, "fpem/oracle_fallback_rate": 0.0, "fpem/route_count_fallback": 0.0, "fpem/env_route_head_mode": 1.0, "fpem/route_entropy_mean": 0.0, "fpem/route_mean_distribution_entropy": 0.0, "fpem/effective_expert_number": 1.0, "fpem/max_expert_usage_ratio": 0.0, "fpem/min_expert_usage_ratio": 0.0, "fpem/prototype_pairwise_cosine": 0.0, "fpem/expert_prediction_pairwise_cosine": 0.0, "fpem/expert_collapse_warning": 0.0, "fpem/env_route_target_mode_env_prototype": 0.0, "fpem/env_route_target_mode_hybrid": 0.0, "fpem/env_route_hybrid_alpha": 0.0, "fpem/env_route_train_mode_warmup_risk_sinkhorn": 0.0, "fpem/warmup_risk_stage_warmup": 0.0, "fpem/warmup_risk_stage_soft": 0.0, "fpem/warmup_risk_stage_hard": 0.0, "fpem/warmup_risk_selected_loss": 0.0, "fpem/warmup_risk_uniform_common_loss": 0.0, "fpem/warmup_risk_lambda_common": 0.0, "fpem/warmup_risk_total_common_term": 0.0, "fpem/warmup_risk_temperature": 0.0, "fpem/warmup_risk_temperature_progress": 0.0, "fpem/uniform_expert_mae": 0.0, "fpem/risk_routed_mae": 0.0, "fpem/risk_prediction_mae": 0.0, "fpem/risk_loss": 0.0, "fpem/risk_ranking_loss": 0.0, "fpem/risk_ranking_accuracy": 0.0, "fpem/risk_oracle_argmin_accuracy": 0.0, "fpem/risk_router_temperature": 0.0, "fpem/risk_router_lambda": 0.0, "fpem/risk_router_pairwise_lambda": 0.0, "fpem/env_route_train_mode_progressive_gmm_environment": 0.0, "fpem/top_level_prediction_source_progressive_gmm_teacher_hard": 0.0, "fpem/progressive_assignment_uses_target_or_prediction_error": 0.0, "fpem/progressive_partition_ready": 0.0, "fpem/progressive_selected_k": 0.0, "fpem/progressive_active_expert_count": 0.0, "fpem/progressive_last_partition_epoch": 0.0, "fpem/progressive_lambda_common": 0.0, "fpem/progressive_common_term": 0.0, "fpem/progressive_compactness_loss": 0.0, "fpem/progressive_consistency_loss": 0.0, "fpem/progressive_cluster_entropy": 0.0, "fpem/progressive_assignment_change_ratio": 0.0, "fpem/progressive_hungarian_overlap_score": 0.0, "fpem/progressive_partition_update_time_sec": 0.0, "fpem/progressive_routed_mae": 0.0, "fpem/progressive_gmm_environment_total_replaces_primary": 0.0, "fpem/env_route_count_head_0": 16.0, "fpem/env_route_oracle_count_head_0": 16.0, "fpem/route_count_env_head_0": 16.0, "fpem/route_soft_mean_expert_0": 1.0, "fpem/route_hard_count_expert_0": 16.0, "fpem/hard_count_expert_0": 16.0, "fpem/sinkhorn_soft_col_mass_expert_0": 0.0, "fpem/progressive_active_expert_0": 0.0, "fpem/progressive_cluster_size_0": 0.0, "fpem/progressive_cluster_ratio_0": 0.0, "fpem/progressive_cluster_to_expert_0": 0.0, "fpem/progressive_bic_k1": 0.0, "fpem/progressive_bic_score_k1": 0.0, "fpem/progressive_bic_rejected_k1": 0.0, "fpem/hyper_alpha_head_0": 0.0, "fpem/hyper_gamma_norm_head_0": 0.0, "fpem/hyper_beta_norm_head_0": 0.0, "fpem/expert_cross_mae_group_0_expert_0": 9.414025788080124, "fpem/load_expert_loss": 9.414025788080124, "fpem/counterfactual_risk_router_loss": 1.1552872737248738, "fpem/counterfactual_risk_regression_loss": 0.8197647594270252, "fpem/counterfactual_risk_ranking_loss": 0.671045017810095, "fpem/load_level_assignment_detached": 1.0, "fpem/load_level_count_0": 1680.0, "fpem/load_level_ratio_0": 1.0, "fpem/expert_0_global_loss": 9.414025788080124, "fpem/expert_0_selected_loss": 9.414025788080124, "fpem/counterfactual_risk_stage2_active": 1.0, "fpem/counterfactual_risk_stage2_start_epoch": 20.0, "fpem/counterfactual_risk_all_environment_mae": 9.414025788080124, "fpem/counterfactual_risk_all_invariant_mae": 9.6622375306629, "fpem/counterfactual_risk_routed_mae": 9.48029051281157, "fpem/counterfactual_risk_oracle_mae": 9.378016885121664, "fpem/counterfactual_risk_router_accuracy": 0.6154761904761905, "fpem/counterfactual_risk_router_balanced_accuracy": 0.5620151049324444, "fpem/counterfactual_risk_inv_route_ratio": 0.36964285714285716, "fpem/counterfactual_risk_env_route_ratio": 0.6303571428571428, "fpem/counterfactual_risk_inv_switch_precision": 0.24695690969626108, "fpem/counterfactual_risk_correct_inv_switches": 1.5238095238095237, "fpem/counterfactual_risk_harmful_inv_switches": 4.390476190476191, "fpem/counterfactual_risk_saved_loss": 0.01622975497018723, "fpem/counterfactual_risk_added_loss": 0.08249446352322896, "fpem/counterfactual_risk_net_gain": -0.06626472473144532, "fpem/counterfactual_risk_regret": 0.10227362768990653, "fpem/counterfactual_risk_oracle_gap_closed": -4818.1554342057025, "fpem/counterfactual_risk_delta_mean": -0.24821170213676635, "fpem/counterfactual_risk_target_inv_ratio": 0.20535714285714285, "fpem/counterfactual_risk_weight_env_sum": 8.30476183664231, "fpem/counterfactual_risk_weight_inv_sum": 7.695238018035889, "fpem/counterfactual_risk_prediction_is_hard_route": 1.0, "fpem/counterfactual_risk_prediction_is_soft_fusion": 0.0, "fpem/counterfactual_risk_target_detached": 1.0, "fpem/counterfactual_risk_uses_threshold": 0.0, "fpem/counterfactual_risk_all_samples_used_for_router": 1.0, "fpem/hard_router_predicted_env_ratio": 0.6303571428571428, "fpem/hard_router_effective_env_ratio": 1.0, "fpem/hard_router_target_env_ratio": 0.7946428571428571, "fpem/hard_router_gain_mean": -0.24821170213676635, "fpem/expert_prediction_pairwise_difference": 0.0, "fpem/delta_pairwise_cosine": 0.0, "fpem/delta_pairwise_l1": 0.0, "fpem/delta_pairwise_l2": 0.0, "fpem/expert_0_parameter_norm": 14.882429122924805, "fpem/hard_binary_router_enabled": 0.0, "fpem/hard_router_uses_target_in_forward": 0.0, "fpem/stored_future_c_loaded": 0.0, "fpem/prediction_is_weighted_complete_fusion": 0.0, "fpem/prediction_is_hard_route": 1.0, "fpem/conservative_inv_override_enabled": 0.0, "fpem/conservative_router_features_detached": 1.0, "fpem/counterfactual_risk_router_enabled": 1.0, "fpem/counterfactual_risk_stage2_active_forward": 1.0, "fpem/counterfactual_risk_deploy_route_active": 0.0, "fpem/counterfactual_risk_training_uses_route": 0.0, "fpem/counterfactual_risk_forward_uses_threshold": 0.0, "fpem/future_mi_loss": 0.0, "fpem/future_mi_valid": 0.0, "fpem/future_mi_logvar_mean": 0.0, "fpem/future_mi_target_mode_env_encoder": 0.0, "fpem/swap_loss": 0.0, "fpem/swap_diff_loss": 0.0, "fpem/swap_same_loss": 0.0, "fpem/swap_gain_mean": 0.0, "fpem/swap_s_gain_mean": 0.0, "fpem/swap_fallback_router_loss": 0.0, "fpem/swap_fallback_q_mean": 0.0, "fpem/swap_prediction_delta": 0.0, "fpem/swap_route_delta": 0.0, "fpem/swap_hyper_alpha_delta": 0.0, "fpem/swap_hyper_delta_norm": 0.0, "fpem/loss_env_day": 0.0, "fpem/loss_env_hour": 0.0, "fpem/loss_env_rush": 0.0, "fpem/env_day_acc": 0.0, "fpem/env_hour_acc": 0.0, "fpem/env_rush_acc": 0.0, "fpem/loss_env_supcon": 0.0, "fpem/env_supcon_valid_pairs": 0.0, "fpem/loss_inv_env_adv": 0.0, "fpem/inv_day_acc": 0.0, "fpem/inv_hour_acc": 0.0, "fpem/inv_rush_acc": 0.0, "fpem/loss_cross_cov_sep": 0.0, "fpem/confounder_dep_enabled": 0.0, "fpem/confounder_dep_mode_gci": 0.0, "fpem/confounder_dep_mode_scd": 1.0, "fpem/confounder_dep_mode_both": 0.0, "fpem/confounder_dep_total": 0.0, "fpem/loss_gci": 0.0, "fpem/loss_gci_drop": 0.0, "fpem/loss_gci_keep": 0.0, "fpem/loss_gci_graph_align": 0.0, "fpem/loss_scd": 0.0, "fpem/loss_conf_kl": 0.0, "fpem/effective_gci_weight": 0.0, "fpem/effective_gci_graph_align_weight": 0.0, "fpem/effective_scd_weight": 0.0, "fpem/effective_conf_kl_weight": 0.0, "fpem/confounder_dep_ramp_factor": 0.0, "fpem/C_mean": 0.0, "fpem/C_std": 0.0, "fpem/C_norm": 0.0, "fpem/confounder_token_norm": 0.0, "fpem/confounder_variational": 0.0, "fpem/confounder_projection_trace": 0.0, "fpem/confounder_projection_ridge": 0.0, "fpem/confounder_projection_rank_dim": 0.0, "fpem/confounder_projection_calls": 0.0, "fpem/confounder_dep_detach_target": 0.0, "fpem/gci_nonedge_mass_before_C": 0.0, "fpem/gci_nonedge_mass_after_C": 0.0, "fpem/gci_nonedge_mass_reduction": 0.0, "fpem/gci_relative_violation": 0.0, "fpem/gci_edge_before_C": 0.0, "fpem/gci_edge_after_C": 0.0, "fpem/gci_nonedge_conn_before_C": 0.0, "fpem/gci_nonedge_conn_after_C": 0.0, "fpem/gci_nonedge_conn_reduction": 0.0, "fpem/gci_edge_conn_before_C": 0.0, "fpem/gci_edge_conn_after_C": 0.0, "fpem/gci_edge_conn_reduction": 0.0, "fpem/gci_nonedge_dep_before_C": 0.0, "fpem/gci_nonedge_dep_after_C": 0.0, "fpem/gci_nonedge_dep_reduction": 0.0, "fpem/gci_edge_dep_before_C": 0.0, "fpem/gci_edge_dep_after_C": 0.0, "fpem/gci_nonedge_count": 0.0, "fpem/gci_edge_count": 0.0, "fpem/gci_node_count": 0.0, "fpem/gci_node_vector_dim": 0.0, "fpem/gci_graph_embed_dim": 0.0, "fpem/gci_graph_embedding_norm_before": 0.0, "fpem/gci_graph_embedding_norm_after": 0.0, "fpem/gci_graph_embedding_std_before": 0.0, "fpem/gci_graph_embedding_std_after": 0.0, "fpem/gci_graph_adj_mean_before": 0.0, "fpem/gci_graph_adj_mean_after": 0.0, "fpem/gci_graph_adj_std_before": 0.0, "fpem/gci_graph_adj_std_after": 0.0, "fpem/gci_graph_align_weight": 0.0, "fpem/gci_graph_align_raw_mse": 0.0, "fpem/gci_graph_align_normalized": 0.0, "fpem/gci_edge_preserve_beta": 0.0, "fpem/gci_graph_align_target_available": 0.0, "fpem/gci_target_adj_mean": 0.0, "fpem/gci_target_adj_std": 0.0, "fpem/gci_target_edge_mean": 0.0, "fpem/gci_target_nonedge_mean": 0.0, "fpem/gci_target_diag_mean": 0.0, "fpem/gci_graph_align_updates_agcrn": 0.0, "fpem/gci_updates_graph_linear": 0.0, "fpem/gci_graph_construction_agcrn_softmax": 0.0, "fpem/scd_assoc_before_C": 0.0, "fpem/scd_assoc_after_C": 0.0, "fpem/scd_assoc_reduction": 0.0, "fpem/scd_relative_violation": 0.0, "fpem/sample_assoc_before_C": 0.0, "fpem/sample_assoc_after_C": 0.0, "fpem/sample_assoc_reduction": 0.0, "fpem/sample_dep_before_C": 0.0, "fpem/sample_dep_after_C": 0.0, "fpem/sample_dep_reduction": 0.0, "fpem/scd_batch_size": 0.0, "fpem/scd_sample_vector_dim": 0.0, "fpem/sample_kernel_alignment": 0.0, "fpem/scd_alignment_loss": 0.0, "fpem/load_level_experts_enabled": 1.0, "fpem/load_level_uses_target_or_future_load": 0.0, "fpem/environment_gate_uses_target_in_forward": 0.0, "fpem/load_level_env_residual_scale": 0.0, "fpem/uses_cached_observable_load_prior": 1.0, "fpem/primary_loss": 8.982349572862898, "fpem/inv_pred_loss": 9.212186772482736, "fpem/primary_uses_route": 1.0, "fpem/primary_uses_env_fusion": 0.0, "fpem/backbone_agcrn": 1.0, "fpem/backbone_graphwavenet": 0.0, "fpem/backbone_staeformer": 0.0, "fpem/gc_pred_loss_only": 1.0, "fpem/env_route_head_mode_hyper_proto": 1.0, "fpem/fpem_force_uniform_route": 0.0, "fpem/hard_prediction_sinkhorn_total_replaces_primary": 0.0, "fpem/hard_prediction_environment_sinkhorn_total_replaces_primary": 0.0, "fpem/warmup_risk_sinkhorn_total_replaces_primary": 0.0, "fpem/lambda_club_mi": 0.0}}
EPOCH {"epoch": 49, "train_loss": 1.2019273593312219, "val": {"loss": 11.810494184494019, "mae": 11.589607238769531, "mape": 0.18498270213603973}, "test_mixed": {"loss": NaN, "mae": NaN, "mape": NaN}, "test_workday": {"loss": NaN, "mae": NaN, "mape": NaN}, "test_holiday": {"loss": NaN, "mae": NaN, "mape": NaN}, "test_avg_mae": NaN, "best_selection_value": 11.810494184494019, "best_selection_split": "val", "best_selection_metric": "val_loss", "lr": 0.001, "fpem_logs": {"fpem/fpem_env_use_exogenous": 1.0, "fpem/env_exogenous_available": 1.0, "fpem/env_exogenous_time_available": 1.0, "fpem/env_exogenous_load_available": 1.0, "fpem/env_exogenous_feature_dim": 32.0, "fpem/env_exogenous_embedding_norm": 2.494984109061105, "fpem/env_exogenous_load_embedding_norm": 1.642267514410473, "fpem/fpem_env_use_period_context": 1.0, "fpem/env_period_context_available": 1.0, "fpem/env_period_day_available_ratio": 0.9732142857142857, "fpem/env_period_week_available_ratio": 0.8244047619047619, "fpem/env_period_context_feature_dim": 6.0, "fpem/env_period_context_scale": 0.10000000149011612, "fpem/env_period_context_delta_norm": 0.20782210784299032, "fpem/env_period_context_day_diff_norm": 0.1627270512637638, "fpem/env_period_context_week_diff_norm": 0.10188992757882391, "fpem/env_rep_ablation_normal": 1.0, "fpem/env_rep_ablation_zero": 0.0, "fpem/env_rep_ablation_shuffle_batch": 0.0, "fpem/env_rep_ablation_mode_id": 0.0, "fpem/mask_loss": 0.0, "fpem/mask_sparse_loss": 0.0, "fpem/mask_entropy_loss": 0.0, "fpem/mask_mean": 1.0, "fpem/mask_entropy": 0.0, "fpem/mask_active_ratio": 1.0, "fpem/fusion_alpha_mean": 0.0, "fpem/fusion_alpha_std": 0.0, "fpem/fusion_alpha_min": 0.0, "fpem/fusion_alpha_max": 0.0, "fpem/env_route_loss": 1.2019273593312219, "fpem/env_route_L_final": 8.990624595823743, "fpem/env_route_L_global": 0.0, "fpem/env_route_L_route_soft": 0.0, "fpem/env_route_L_expert": 9.41402616046724, "fpem/env_route_L_router_oracle": 1.2019273593312219, "fpem/env_route_L_balance": 0.0, "fpem/env_route_L_diverse": 0.0, "fpem/env_route_L_proto_align": 0.0, "fpem/env_route_entropy": 0.0, "fpem/env_route_q_max_mean": 0.0, "fpem/hyper_alpha_mean": 0.0, "fpem/hyper_delta_norm": 0.0, "fpem/hyper_route_proto_mode_uniform_warmup": 0.0, "fpem/hyper_route_proto_mode_uniform_fixed": 0.0, "fpem/hyper_route_proto_mode_sinkhorn": 0.0, "fpem/hyper_route_proto_mode_softmax": 0.0, "fpem/fallback_q_mean": 0.0, "fpem/fallback_q_max": 0.0, "fpem/env_q_sum_mean": 1.0, "fpem/oracle_fallback_rate": 0.0, "fpem/route_count_fallback": 0.0, "fpem/env_route_head_mode": 1.0, "fpem/route_entropy_mean": 0.0, "fpem/route_mean_distribution_entropy": 0.0, "fpem/effective_expert_number": 1.0, "fpem/max_expert_usage_ratio": 0.0, "fpem/min_expert_usage_ratio": 0.0, "fpem/prototype_pairwise_cosine": 0.0, "fpem/expert_prediction_pairwise_cosine": 0.0, "fpem/expert_collapse_warning": 0.0, "fpem/env_route_target_mode_env_prototype": 0.0, "fpem/env_route_target_mode_hybrid": 0.0, "fpem/env_route_hybrid_alpha": 0.0, "fpem/env_route_train_mode_warmup_risk_sinkhorn": 0.0, "fpem/warmup_risk_stage_warmup": 0.0, "fpem/warmup_risk_stage_soft": 0.0, "fpem/warmup_risk_stage_hard": 0.0, "fpem/warmup_risk_selected_loss": 0.0, "fpem/warmup_risk_uniform_common_loss": 0.0, "fpem/warmup_risk_lambda_common": 0.0, "fpem/warmup_risk_total_common_term": 0.0, "fpem/warmup_risk_temperature": 0.0, "fpem/warmup_risk_temperature_progress": 0.0, "fpem/uniform_expert_mae": 0.0, "fpem/risk_routed_mae": 0.0, "fpem/risk_prediction_mae": 0.0, "fpem/risk_loss": 0.0, "fpem/risk_ranking_loss": 0.0, "fpem/risk_ranking_accuracy": 0.0, "fpem/risk_oracle_argmin_accuracy": 0.0, "fpem/risk_router_temperature": 0.0, "fpem/risk_router_lambda": 0.0, "fpem/risk_router_pairwise_lambda": 0.0, "fpem/env_route_train_mode_progressive_gmm_environment": 0.0, "fpem/top_level_prediction_source_progressive_gmm_teacher_hard": 0.0, "fpem/progressive_assignment_uses_target_or_prediction_error": 0.0, "fpem/progressive_partition_ready": 0.0, "fpem/progressive_selected_k": 0.0, "fpem/progressive_active_expert_count": 0.0, "fpem/progressive_last_partition_epoch": 0.0, "fpem/progressive_lambda_common": 0.0, "fpem/progressive_common_term": 0.0, "fpem/progressive_compactness_loss": 0.0, "fpem/progressive_consistency_loss": 0.0, "fpem/progressive_cluster_entropy": 0.0, "fpem/progressive_assignment_change_ratio": 0.0, "fpem/progressive_hungarian_overlap_score": 0.0, "fpem/progressive_partition_update_time_sec": 0.0, "fpem/progressive_routed_mae": 0.0, "fpem/progressive_gmm_environment_total_replaces_primary": 0.0, "fpem/env_route_count_head_0": 16.0, "fpem/env_route_oracle_count_head_0": 16.0, "fpem/route_count_env_head_0": 16.0, "fpem/route_soft_mean_expert_0": 1.0, "fpem/route_hard_count_expert_0": 16.0, "fpem/hard_count_expert_0": 16.0, "fpem/sinkhorn_soft_col_mass_expert_0": 0.0, "fpem/progressive_active_expert_0": 0.0, "fpem/progressive_cluster_size_0": 0.0, "fpem/progressive_cluster_ratio_0": 0.0, "fpem/progressive_cluster_to_expert_0": 0.0, "fpem/progressive_bic_k1": 0.0, "fpem/progressive_bic_score_k1": 0.0, "fpem/progressive_bic_rejected_k1": 0.0, "fpem/hyper_alpha_head_0": 0.0, "fpem/hyper_gamma_norm_head_0": 0.0, "fpem/hyper_beta_norm_head_0": 0.0, "fpem/expert_cross_mae_group_0_expert_0": 9.41402616046724, "fpem/load_expert_loss": 9.41402616046724, "fpem/counterfactual_risk_router_loss": 1.2019273593312219, "fpem/counterfactual_risk_regression_loss": 0.8621135694640023, "fpem/counterfactual_risk_ranking_loss": 0.6796275825727554, "fpem/load_level_assignment_detached": 1.0, "fpem/load_level_count_0": 1680.0, "fpem/load_level_ratio_0": 1.0, "fpem/expert_0_global_loss": 9.41402616046724, "fpem/expert_0_selected_loss": 9.41402616046724, "fpem/counterfactual_risk_stage2_active": 1.0, "fpem/counterfactual_risk_stage2_start_epoch": 20.0, "fpem/counterfactual_risk_all_environment_mae": 9.41402616046724, "fpem/counterfactual_risk_all_invariant_mae": 9.662237476167224, "fpem/counterfactual_risk_routed_mae": 9.487236726851691, "fpem/counterfactual_risk_oracle_mae": 9.378017044067382, "fpem/counterfactual_risk_router_accuracy": 0.6035714285714285, "fpem/counterfactual_risk_router_balanced_accuracy": 0.5574305718853361, "fpem/counterfactual_risk_inv_route_ratio": 0.38035714285714284, "fpem/counterfactual_risk_env_route_ratio": 0.6196428571428572, "fpem/counterfactual_risk_inv_switch_precision": 0.2513632976583072, "fpem/counterfactual_risk_correct_inv_switches": 1.5142857142857142, "fpem/counterfactual_risk_harmful_inv_switches": 4.571428571428571, "fpem/counterfactual_risk_saved_loss": 0.016034050640605743, "fpem/counterfactual_risk_added_loss": 0.08924464129266285, "fpem/counterfactual_risk_net_gain": -0.07321056638445173, "fpem/counterfactual_risk_regret": 0.10921968278430758, "fpem/counterfactual_risk_oracle_gap_closed": -1275.4939108598978, "fpem/counterfactual_risk_delta_mean": -0.2482113459280559, "fpem/counterfactual_risk_target_inv_ratio": 0.20535714285714285, "fpem/counterfactual_risk_weight_env_sum": 8.076190376281739, "fpem/counterfactual_risk_weight_inv_sum": 7.9238094738551546, "fpem/counterfactual_risk_prediction_is_hard_route": 1.0, "fpem/counterfactual_risk_prediction_is_soft_fusion": 0.0, "fpem/counterfactual_risk_target_detached": 1.0, "fpem/counterfactual_risk_uses_threshold": 0.0, "fpem/counterfactual_risk_all_samples_used_for_router": 1.0, "fpem/hard_router_predicted_env_ratio": 0.6196428571428572, "fpem/hard_router_effective_env_ratio": 1.0, "fpem/hard_router_target_env_ratio": 0.7946428571428571, "fpem/hard_router_gain_mean": -0.2482113459280559, "fpem/expert_prediction_pairwise_difference": 0.0, "fpem/delta_pairwise_cosine": 0.0, "fpem/delta_pairwise_l1": 0.0, "fpem/delta_pairwise_l2": 0.0, "fpem/expert_0_parameter_norm": 14.882429122924805, "fpem/hard_binary_router_enabled": 0.0, "fpem/hard_router_uses_target_in_forward": 0.0, "fpem/stored_future_c_loaded": 0.0, "fpem/prediction_is_weighted_complete_fusion": 0.0, "fpem/prediction_is_hard_route": 1.0, "fpem/conservative_inv_override_enabled": 0.0, "fpem/conservative_router_features_detached": 1.0, "fpem/counterfactual_risk_router_enabled": 1.0, "fpem/counterfactual_risk_stage2_active_forward": 1.0, "fpem/counterfactual_risk_deploy_route_active": 0.0, "fpem/counterfactual_risk_training_uses_route": 0.0, "fpem/counterfactual_risk_forward_uses_threshold": 0.0, "fpem/future_mi_loss": 0.0, "fpem/future_mi_valid": 0.0, "fpem/future_mi_logvar_mean": 0.0, "fpem/future_mi_target_mode_env_encoder": 0.0, "fpem/swap_loss": 0.0, "fpem/swap_diff_loss": 0.0, "fpem/swap_same_loss": 0.0, "fpem/swap_gain_mean": 0.0, "fpem/swap_s_gain_mean": 0.0, "fpem/swap_fallback_router_loss": 0.0, "fpem/swap_fallback_q_mean": 0.0, "fpem/swap_prediction_delta": 0.0, "fpem/swap_route_delta": 0.0, "fpem/swap_hyper_alpha_delta": 0.0, "fpem/swap_hyper_delta_norm": 0.0, "fpem/loss_env_day": 0.0, "fpem/loss_env_hour": 0.0, "fpem/loss_env_rush": 0.0, "fpem/env_day_acc": 0.0, "fpem/env_hour_acc": 0.0, "fpem/env_rush_acc": 0.0, "fpem/loss_env_supcon": 0.0, "fpem/env_supcon_valid_pairs": 0.0, "fpem/loss_inv_env_adv": 0.0, "fpem/inv_day_acc": 0.0, "fpem/inv_hour_acc": 0.0, "fpem/inv_rush_acc": 0.0, "fpem/loss_cross_cov_sep": 0.0, "fpem/confounder_dep_enabled": 0.0, "fpem/confounder_dep_mode_gci": 0.0, "fpem/confounder_dep_mode_scd": 1.0, "fpem/confounder_dep_mode_both": 0.0, "fpem/confounder_dep_total": 0.0, "fpem/loss_gci": 0.0, "fpem/loss_gci_drop": 0.0, "fpem/loss_gci_keep": 0.0, "fpem/loss_gci_graph_align": 0.0, "fpem/loss_scd": 0.0, "fpem/loss_conf_kl": 0.0, "fpem/effective_gci_weight": 0.0, "fpem/effective_gci_graph_align_weight": 0.0, "fpem/effective_scd_weight": 0.0, "fpem/effective_conf_kl_weight": 0.0, "fpem/confounder_dep_ramp_factor": 0.0, "fpem/C_mean": 0.0, "fpem/C_std": 0.0, "fpem/C_norm": 0.0, "fpem/confounder_token_norm": 0.0, "fpem/confounder_variational": 0.0, "fpem/confounder_projection_trace": 0.0, "fpem/confounder_projection_ridge": 0.0, "fpem/confounder_projection_rank_dim": 0.0, "fpem/confounder_projection_calls": 0.0, "fpem/confounder_dep_detach_target": 0.0, "fpem/gci_nonedge_mass_before_C": 0.0, "fpem/gci_nonedge_mass_after_C": 0.0, "fpem/gci_nonedge_mass_reduction": 0.0, "fpem/gci_relative_violation": 0.0, "fpem/gci_edge_before_C": 0.0, "fpem/gci_edge_after_C": 0.0, "fpem/gci_nonedge_conn_before_C": 0.0, "fpem/gci_nonedge_conn_after_C": 0.0, "fpem/gci_nonedge_conn_reduction": 0.0, "fpem/gci_edge_conn_before_C": 0.0, "fpem/gci_edge_conn_after_C": 0.0, "fpem/gci_edge_conn_reduction": 0.0, "fpem/gci_nonedge_dep_before_C": 0.0, "fpem/gci_nonedge_dep_after_C": 0.0, "fpem/gci_nonedge_dep_reduction": 0.0, "fpem/gci_edge_dep_before_C": 0.0, "fpem/gci_edge_dep_after_C": 0.0, "fpem/gci_nonedge_count": 0.0, "fpem/gci_edge_count": 0.0, "fpem/gci_node_count": 0.0, "fpem/gci_node_vector_dim": 0.0, "fpem/gci_graph_embed_dim": 0.0, "fpem/gci_graph_embedding_norm_before": 0.0, "fpem/gci_graph_embedding_norm_after": 0.0, "fpem/gci_graph_embedding_std_before": 0.0, "fpem/gci_graph_embedding_std_after": 0.0, "fpem/gci_graph_adj_mean_before": 0.0, "fpem/gci_graph_adj_mean_after": 0.0, "fpem/gci_graph_adj_std_before": 0.0, "fpem/gci_graph_adj_std_after": 0.0, "fpem/gci_graph_align_weight": 0.0, "fpem/gci_graph_align_raw_mse": 0.0, "fpem/gci_graph_align_normalized": 0.0, "fpem/gci_edge_preserve_beta": 0.0, "fpem/gci_graph_align_target_available": 0.0, "fpem/gci_target_adj_mean": 0.0, "fpem/gci_target_adj_std": 0.0, "fpem/gci_target_edge_mean": 0.0, "fpem/gci_target_nonedge_mean": 0.0, "fpem/gci_target_diag_mean": 0.0, "fpem/gci_graph_align_updates_agcrn": 0.0, "fpem/gci_updates_graph_linear": 0.0, "fpem/gci_graph_construction_agcrn_softmax": 0.0, "fpem/scd_assoc_before_C": 0.0, "fpem/scd_assoc_after_C": 0.0, "fpem/scd_assoc_reduction": 0.0, "fpem/scd_relative_violation": 0.0, "fpem/sample_assoc_before_C": 0.0, "fpem/sample_assoc_after_C": 0.0, "fpem/sample_assoc_reduction": 0.0, "fpem/sample_dep_before_C": 0.0, "fpem/sample_dep_after_C": 0.0, "fpem/sample_dep_reduction": 0.0, "fpem/scd_batch_size": 0.0, "fpem/scd_sample_vector_dim": 0.0, "fpem/sample_kernel_alignment": 0.0, "fpem/scd_alignment_loss": 0.0, "fpem/load_level_experts_enabled": 1.0, "fpem/load_level_uses_target_or_future_load": 0.0, "fpem/environment_gate_uses_target_in_forward": 0.0, "fpem/load_level_env_residual_scale": 0.0, "fpem/uses_cached_observable_load_prior": 1.0, "fpem/primary_loss": 8.990624595823743, "fpem/inv_pred_loss": 9.220420801071894, "fpem/primary_uses_route": 1.0, "fpem/primary_uses_env_fusion": 0.0, "fpem/backbone_agcrn": 1.0, "fpem/backbone_graphwavenet": 0.0, "fpem/backbone_staeformer": 0.0, "fpem/gc_pred_loss_only": 1.0, "fpem/env_route_head_mode_hyper_proto": 1.0, "fpem/fpem_force_uniform_route": 0.0, "fpem/hard_prediction_sinkhorn_total_replaces_primary": 0.0, "fpem/hard_prediction_environment_sinkhorn_total_replaces_primary": 0.0, "fpem/warmup_risk_sinkhorn_total_replaces_primary": 0.0, "fpem/lambda_club_mi": 0.0}}
EPOCH {"epoch": 50, "train_loss": 1.1676506871268864, "val": {"loss": 11.84441680378384, "mae": 11.626311302185059, "mape": 0.18670931458473206}, "test_mixed": {"loss": NaN, "mae": NaN, "mape": NaN}, "test_workday": {"loss": NaN, "mae": NaN, "mape": NaN}, "test_holiday": {"loss": NaN, "mae": NaN, "mape": NaN}, "test_avg_mae": NaN, "best_selection_value": 11.84441680378384, "best_selection_split": "val", "best_selection_metric": "val_loss", "lr": 0.001, "fpem_logs": {"fpem/fpem_env_use_exogenous": 1.0, "fpem/env_exogenous_available": 1.0, "fpem/env_exogenous_time_available": 1.0, "fpem/env_exogenous_load_available": 1.0, "fpem/env_exogenous_feature_dim": 32.0, "fpem/env_exogenous_embedding_norm": 2.4949841340382894, "fpem/env_exogenous_load_embedding_norm": 1.642267506463187, "fpem/fpem_env_use_period_context": 1.0, "fpem/env_period_context_available": 1.0, "fpem/env_period_day_available_ratio": 0.9732142857142857, "fpem/env_period_week_available_ratio": 0.8244047619047619, "fpem/env_period_context_feature_dim": 6.0, "fpem/env_period_context_scale": 0.10000000149011612, "fpem/env_period_context_delta_norm": 0.20782210684957958, "fpem/env_period_context_day_diff_norm": 0.16272705289579573, "fpem/env_period_context_week_diff_norm": 0.10188992697568167, "fpem/env_rep_ablation_normal": 1.0, "fpem/env_rep_ablation_zero": 0.0, "fpem/env_rep_ablation_shuffle_batch": 0.0, "fpem/env_rep_ablation_mode_id": 0.0, "fpem/mask_loss": 0.0, "fpem/mask_sparse_loss": 0.0, "fpem/mask_entropy_loss": 0.0, "fpem/mask_mean": 1.0, "fpem/mask_entropy": 0.0, "fpem/mask_active_ratio": 1.0, "fpem/fusion_alpha_mean": 0.0, "fpem/fusion_alpha_std": 0.0, "fpem/fusion_alpha_min": 0.0, "fpem/fusion_alpha_max": 0.0, "fpem/env_route_loss": 1.1676506871268864, "fpem/env_route_L_final": 8.978522205352784, "fpem/env_route_L_global": 0.0, "fpem/env_route_L_route_soft": 0.0, "fpem/env_route_L_expert": 9.41402607418242, "fpem/env_route_L_router_oracle": 1.1676506871268864, "fpem/env_route_L_balance": 0.0, "fpem/env_route_L_diverse": 0.0, "fpem/env_route_L_proto_align": 0.0, "fpem/env_route_entropy": 0.0, "fpem/env_route_q_max_mean": 0.0, "fpem/hyper_alpha_mean": 0.0, "fpem/hyper_delta_norm": 0.0, "fpem/hyper_route_proto_mode_uniform_warmup": 0.0, "fpem/hyper_route_proto_mode_uniform_fixed": 0.0, "fpem/hyper_route_proto_mode_sinkhorn": 0.0, "fpem/hyper_route_proto_mode_softmax": 0.0, "fpem/fallback_q_mean": 0.0, "fpem/fallback_q_max": 0.0, "fpem/env_q_sum_mean": 1.0, "fpem/oracle_fallback_rate": 0.0, "fpem/route_count_fallback": 0.0, "fpem/env_route_head_mode": 1.0, "fpem/route_entropy_mean": 0.0, "fpem/route_mean_distribution_entropy": 0.0, "fpem/effective_expert_number": 1.0, "fpem/max_expert_usage_ratio": 0.0, "fpem/min_expert_usage_ratio": 0.0, "fpem/prototype_pairwise_cosine": 0.0, "fpem/expert_prediction_pairwise_cosine": 0.0, "fpem/expert_collapse_warning": 0.0, "fpem/env_route_target_mode_env_prototype": 0.0, "fpem/env_route_target_mode_hybrid": 0.0, "fpem/env_route_hybrid_alpha": 0.0, "fpem/env_route_train_mode_warmup_risk_sinkhorn": 0.0, "fpem/warmup_risk_stage_warmup": 0.0, "fpem/warmup_risk_stage_soft": 0.0, "fpem/warmup_risk_stage_hard": 0.0, "fpem/warmup_risk_selected_loss": 0.0, "fpem/warmup_risk_uniform_common_loss": 0.0, "fpem/warmup_risk_lambda_common": 0.0, "fpem/warmup_risk_total_common_term": 0.0, "fpem/warmup_risk_temperature": 0.0, "fpem/warmup_risk_temperature_progress": 0.0, "fpem/uniform_expert_mae": 0.0, "fpem/risk_routed_mae": 0.0, "fpem/risk_prediction_mae": 0.0, "fpem/risk_loss": 0.0, "fpem/risk_ranking_loss": 0.0, "fpem/risk_ranking_accuracy": 0.0, "fpem/risk_oracle_argmin_accuracy": 0.0, "fpem/risk_router_temperature": 0.0, "fpem/risk_router_lambda": 0.0, "fpem/risk_router_pairwise_lambda": 0.0, "fpem/env_route_train_mode_progressive_gmm_environment": 0.0, "fpem/top_level_prediction_source_progressive_gmm_teacher_hard": 0.0, "fpem/progressive_assignment_uses_target_or_prediction_error": 0.0, "fpem/progressive_partition_ready": 0.0, "fpem/progressive_selected_k": 0.0, "fpem/progressive_active_expert_count": 0.0, "fpem/progressive_last_partition_epoch": 0.0, "fpem/progressive_lambda_common": 0.0, "fpem/progressive_common_term": 0.0, "fpem/progressive_compactness_loss": 0.0, "fpem/progressive_consistency_loss": 0.0, "fpem/progressive_cluster_entropy": 0.0, "fpem/progressive_assignment_change_ratio": 0.0, "fpem/progressive_hungarian_overlap_score": 0.0, "fpem/progressive_partition_update_time_sec": 0.0, "fpem/progressive_routed_mae": 0.0, "fpem/progressive_gmm_environment_total_replaces_primary": 0.0, "fpem/env_route_count_head_0": 16.0, "fpem/env_route_oracle_count_head_0": 16.0, "fpem/route_count_env_head_0": 16.0, "fpem/route_soft_mean_expert_0": 1.0, "fpem/route_hard_count_expert_0": 16.0, "fpem/hard_count_expert_0": 16.0, "fpem/sinkhorn_soft_col_mass_expert_0": 0.0, "fpem/progressive_active_expert_0": 0.0, "fpem/progressive_cluster_size_0": 0.0, "fpem/progressive_cluster_ratio_0": 0.0, "fpem/progressive_cluster_to_expert_0": 0.0, "fpem/progressive_bic_k1": 0.0, "fpem/progressive_bic_score_k1": 0.0, "fpem/progressive_bic_rejected_k1": 0.0, "fpem/hyper_alpha_head_0": 0.0, "fpem/hyper_gamma_norm_head_0": 0.0, "fpem/hyper_beta_norm_head_0": 0.0, "fpem/expert_cross_mae_group_0_expert_0": 9.41402607418242, "fpem/load_expert_loss": 9.41402607418242, "fpem/counterfactual_risk_router_loss": 1.1676506871268864, "fpem/counterfactual_risk_regression_loss": 0.8311082495819955, "fpem/counterfactual_risk_ranking_loss": 0.6730848840304784, "fpem/load_level_assignment_detached": 1.0, "fpem/load_level_count_0": 1680.0, "fpem/load_level_ratio_0": 1.0, "fpem/expert_0_global_loss": 9.41402607418242, "fpem/expert_0_selected_loss": 9.41402607418242, "fpem/counterfactual_risk_stage2_active": 1.0, "fpem/counterfactual_risk_stage2_start_epoch": 20.0, "fpem/counterfactual_risk_all_environment_mae": 9.41402607418242, "fpem/counterfactual_risk_all_invariant_mae": 9.6622376033238, "fpem/counterfactual_risk_routed_mae": 9.481249768393381, "fpem/counterfactual_risk_oracle_mae": 9.378017048608688, "fpem/counterfactual_risk_router_accuracy": 0.6107142857142858, "fpem/counterfactual_risk_router_balanced_accuracy": 0.5547679993368331, "fpem/counterfactual_risk_inv_route_ratio": 0.38035714285714284, "fpem/counterfactual_risk_env_route_ratio": 0.6196428571428572, "fpem/counterfactual_risk_inv_switch_precision": 0.24885144361427852, "fpem/counterfactual_risk_correct_inv_switches": 1.5714285714285714, "fpem/counterfactual_risk_harmful_inv_switches": 4.514285714285714, "fpem/counterfactual_risk_saved_loss": 0.01770262292453221, "fpem/counterfactual_risk_added_loss": 0.08492631869656699, "fpem/counterfactual_risk_net_gain": -0.06722369421096075, "fpem/counterfactual_risk_regret": 0.10323271978469122, "fpem/counterfactual_risk_oracle_gap_closed": -3401.124894132443, "fpem/counterfactual_risk_delta_mean": -0.2482113534495944, "fpem/counterfactual_risk_target_inv_ratio": 0.20535714285714285, "fpem/counterfactual_risk_weight_env_sum": 8.228571387699672, "fpem/counterfactual_risk_weight_inv_sum": 7.771428507850284, "fpem/counterfactual_risk_prediction_is_hard_route": 1.0, "fpem/counterfactual_risk_prediction_is_soft_fusion": 0.0, "fpem/counterfactual_risk_target_detached": 1.0, "fpem/counterfactual_risk_uses_threshold": 0.0, "fpem/counterfactual_risk_all_samples_used_for_router": 1.0, "fpem/hard_router_predicted_env_ratio": 0.6196428571428572, "fpem/hard_router_effective_env_ratio": 1.0, "fpem/hard_router_target_env_ratio": 0.7946428571428571, "fpem/hard_router_gain_mean": -0.2482113534495944, "fpem/expert_prediction_pairwise_difference": 0.0, "fpem/delta_pairwise_cosine": 0.0, "fpem/delta_pairwise_l1": 0.0, "fpem/delta_pairwise_l2": 0.0, "fpem/expert_0_parameter_norm": 14.882429122924805, "fpem/hard_binary_router_enabled": 0.0, "fpem/hard_router_uses_target_in_forward": 0.0, "fpem/stored_future_c_loaded": 0.0, "fpem/prediction_is_weighted_complete_fusion": 0.0, "fpem/prediction_is_hard_route": 1.0, "fpem/conservative_inv_override_enabled": 0.0, "fpem/conservative_router_features_detached": 1.0, "fpem/counterfactual_risk_router_enabled": 1.0, "fpem/counterfactual_risk_stage2_active_forward": 1.0, "fpem/counterfactual_risk_deploy_route_active": 0.0, "fpem/counterfactual_risk_training_uses_route": 0.0, "fpem/counterfactual_risk_forward_uses_threshold": 0.0, "fpem/future_mi_loss": 0.0, "fpem/future_mi_valid": 0.0, "fpem/future_mi_logvar_mean": 0.0, "fpem/future_mi_target_mode_env_encoder": 0.0, "fpem/swap_loss": 0.0, "fpem/swap_diff_loss": 0.0, "fpem/swap_same_loss": 0.0, "fpem/swap_gain_mean": 0.0, "fpem/swap_s_gain_mean": 0.0, "fpem/swap_fallback_router_loss": 0.0, "fpem/swap_fallback_q_mean": 0.0, "fpem/swap_prediction_delta": 0.0, "fpem/swap_route_delta": 0.0, "fpem/swap_hyper_alpha_delta": 0.0, "fpem/swap_hyper_delta_norm": 0.0, "fpem/loss_env_day": 0.0, "fpem/loss_env_hour": 0.0, "fpem/loss_env_rush": 0.0, "fpem/env_day_acc": 0.0, "fpem/env_hour_acc": 0.0, "fpem/env_rush_acc": 0.0, "fpem/loss_env_supcon": 0.0, "fpem/env_supcon_valid_pairs": 0.0, "fpem/loss_inv_env_adv": 0.0, "fpem/inv_day_acc": 0.0, "fpem/inv_hour_acc": 0.0, "fpem/inv_rush_acc": 0.0, "fpem/loss_cross_cov_sep": 0.0, "fpem/confounder_dep_enabled": 0.0, "fpem/confounder_dep_mode_gci": 0.0, "fpem/confounder_dep_mode_scd": 1.0, "fpem/confounder_dep_mode_both": 0.0, "fpem/confounder_dep_total": 0.0, "fpem/loss_gci": 0.0, "fpem/loss_gci_drop": 0.0, "fpem/loss_gci_keep": 0.0, "fpem/loss_gci_graph_align": 0.0, "fpem/loss_scd": 0.0, "fpem/loss_conf_kl": 0.0, "fpem/effective_gci_weight": 0.0, "fpem/effective_gci_graph_align_weight": 0.0, "fpem/effective_scd_weight": 0.0, "fpem/effective_conf_kl_weight": 0.0, "fpem/confounder_dep_ramp_factor": 0.0, "fpem/C_mean": 0.0, "fpem/C_std": 0.0, "fpem/C_norm": 0.0, "fpem/confounder_token_norm": 0.0, "fpem/confounder_variational": 0.0, "fpem/confounder_projection_trace": 0.0, "fpem/confounder_projection_ridge": 0.0, "fpem/confounder_projection_rank_dim": 0.0, "fpem/confounder_projection_calls": 0.0, "fpem/confounder_dep_detach_target": 0.0, "fpem/gci_nonedge_mass_before_C": 0.0, "fpem/gci_nonedge_mass_after_C": 0.0, "fpem/gci_nonedge_mass_reduction": 0.0, "fpem/gci_relative_violation": 0.0, "fpem/gci_edge_before_C": 0.0, "fpem/gci_edge_after_C": 0.0, "fpem/gci_nonedge_conn_before_C": 0.0, "fpem/gci_nonedge_conn_after_C": 0.0, "fpem/gci_nonedge_conn_reduction": 0.0, "fpem/gci_edge_conn_before_C": 0.0, "fpem/gci_edge_conn_after_C": 0.0, "fpem/gci_edge_conn_reduction": 0.0, "fpem/gci_nonedge_dep_before_C": 0.0, "fpem/gci_nonedge_dep_after_C": 0.0, "fpem/gci_nonedge_dep_reduction": 0.0, "fpem/gci_edge_dep_before_C": 0.0, "fpem/gci_edge_dep_after_C": 0.0, "fpem/gci_nonedge_count": 0.0, "fpem/gci_edge_count": 0.0, "fpem/gci_node_count": 0.0, "fpem/gci_node_vector_dim": 0.0, "fpem/gci_graph_embed_dim": 0.0, "fpem/gci_graph_embedding_norm_before": 0.0, "fpem/gci_graph_embedding_norm_after": 0.0, "fpem/gci_graph_embedding_std_before": 0.0, "fpem/gci_graph_embedding_std_after": 0.0, "fpem/gci_graph_adj_mean_before": 0.0, "fpem/gci_graph_adj_mean_after": 0.0, "fpem/gci_graph_adj_std_before": 0.0, "fpem/gci_graph_adj_std_after": 0.0, "fpem/gci_graph_align_weight": 0.0, "fpem/gci_graph_align_raw_mse": 0.0, "fpem/gci_graph_align_normalized": 0.0, "fpem/gci_edge_preserve_beta": 0.0, "fpem/gci_graph_align_target_available": 0.0, "fpem/gci_target_adj_mean": 0.0, "fpem/gci_target_adj_std": 0.0, "fpem/gci_target_edge_mean": 0.0, "fpem/gci_target_nonedge_mean": 0.0, "fpem/gci_target_diag_mean": 0.0, "fpem/gci_graph_align_updates_agcrn": 0.0, "fpem/gci_updates_graph_linear": 0.0, "fpem/gci_graph_construction_agcrn_softmax": 0.0, "fpem/scd_assoc_before_C": 0.0, "fpem/scd_assoc_after_C": 0.0, "fpem/scd_assoc_reduction": 0.0, "fpem/scd_relative_violation": 0.0, "fpem/sample_assoc_before_C": 0.0, "fpem/sample_assoc_after_C": 0.0, "fpem/sample_assoc_reduction": 0.0, "fpem/sample_dep_before_C": 0.0, "fpem/sample_dep_after_C": 0.0, "fpem/sample_dep_reduction": 0.0, "fpem/scd_batch_size": 0.0, "fpem/scd_sample_vector_dim": 0.0, "fpem/sample_kernel_alignment": 0.0, "fpem/scd_alignment_loss": 0.0, "fpem/load_level_experts_enabled": 1.0, "fpem/load_level_uses_target_or_future_load": 0.0, "fpem/environment_gate_uses_target_in_forward": 0.0, "fpem/load_level_env_residual_scale": 0.0, "fpem/uses_cached_observable_load_prior": 1.0, "fpem/primary_loss": 8.978522205352784, "fpem/inv_pred_loss": 9.208272929418655, "fpem/primary_uses_route": 1.0, "fpem/primary_uses_env_fusion": 0.0, "fpem/backbone_agcrn": 1.0, "fpem/backbone_graphwavenet": 0.0, "fpem/backbone_staeformer": 0.0, "fpem/gc_pred_loss_only": 1.0, "fpem/env_route_head_mode_hyper_proto": 1.0, "fpem/fpem_force_uniform_route": 0.0, "fpem/hard_prediction_sinkhorn_total_replaces_primary": 0.0, "fpem/hard_prediction_environment_sinkhorn_total_replaces_primary": 0.0, "fpem/warmup_risk_sinkhorn_total_replaces_primary": 0.0, "fpem/lambda_club_mi": 0.0}}
EPOCH {"epoch": 51, "train_loss": 1.201024813879104, "val": {"loss": 11.815416600969103, "mae": 11.59586238861084, "mape": 0.18522216379642487}, "test_mixed": {"loss": NaN, "mae": NaN, "mape": NaN}, "test_workday": {"loss": NaN, "mae": NaN, "mape": NaN}, "test_holiday": {"loss": NaN, "mae": NaN, "mape": NaN}, "test_avg_mae": NaN, "best_selection_value": 11.815416600969103, "best_selection_split": "val", "best_selection_metric": "val_loss", "lr": 0.001, "fpem_logs": {"fpem/fpem_env_use_exogenous": 1.0, "fpem/env_exogenous_available": 1.0, "fpem/env_exogenous_time_available": 1.0, "fpem/env_exogenous_load_available": 1.0, "fpem/env_exogenous_feature_dim": 32.0, "fpem/env_exogenous_embedding_norm": 2.4949841522035143, "fpem/env_exogenous_load_embedding_norm": 1.6422675030572074, "fpem/fpem_env_use_period_context": 1.0, "fpem/env_period_context_available": 1.0, "fpem/env_period_day_available_ratio": 0.9732142857142857, "fpem/env_period_week_available_ratio": 0.8244047619047619, "fpem/env_period_context_feature_dim": 6.0, "fpem/env_period_context_scale": 0.10000000149011612, "fpem/env_period_context_delta_norm": 0.20782210926214853, "fpem/env_period_context_day_diff_norm": 0.1627270533925011, "fpem/env_period_context_week_diff_norm": 0.1018899271885554, "fpem/env_rep_ablation_normal": 1.0, "fpem/env_rep_ablation_zero": 0.0, "fpem/env_rep_ablation_shuffle_batch": 0.0, "fpem/env_rep_ablation_mode_id": 0.0, "fpem/mask_loss": 0.0, "fpem/mask_sparse_loss": 0.0, "fpem/mask_entropy_loss": 0.0, "fpem/mask_mean": 1.0, "fpem/mask_entropy": 0.0, "fpem/mask_active_ratio": 1.0, "fpem/fusion_alpha_mean": 0.0, "fpem/fusion_alpha_std": 0.0, "fpem/fusion_alpha_min": 0.0, "fpem/fusion_alpha_max": 0.0, "fpem/env_route_loss": 1.201024813879104, "fpem/env_route_L_final": 8.990176891145252, "fpem/env_route_L_global": 0.0, "fpem/env_route_L_route_soft": 0.0, "fpem/env_route_L_expert": 9.414025815327962, "fpem/env_route_L_router_oracle": 1.201024813879104, "fpem/env_route_L_balance": 0.0, "fpem/env_route_L_diverse": 0.0, "fpem/env_route_L_proto_align": 0.0, "fpem/env_route_entropy": 0.0, "fpem/env_route_q_max_mean": 0.0, "fpem/hyper_alpha_mean": 0.0, "fpem/hyper_delta_norm": 0.0, "fpem/hyper_route_proto_mode_uniform_warmup": 0.0, "fpem/hyper_route_proto_mode_uniform_fixed": 0.0, "fpem/hyper_route_proto_mode_sinkhorn": 0.0, "fpem/hyper_route_proto_mode_softmax": 0.0, "fpem/fallback_q_mean": 0.0, "fpem/fallback_q_max": 0.0, "fpem/env_q_sum_mean": 1.0, "fpem/oracle_fallback_rate": 0.0, "fpem/route_count_fallback": 0.0, "fpem/env_route_head_mode": 1.0, "fpem/route_entropy_mean": 0.0, "fpem/route_mean_distribution_entropy": 0.0, "fpem/effective_expert_number": 1.0, "fpem/max_expert_usage_ratio": 0.0, "fpem/min_expert_usage_ratio": 0.0, "fpem/prototype_pairwise_cosine": 0.0, "fpem/expert_prediction_pairwise_cosine": 0.0, "fpem/expert_collapse_warning": 0.0, "fpem/env_route_target_mode_env_prototype": 0.0, "fpem/env_route_target_mode_hybrid": 0.0, "fpem/env_route_hybrid_alpha": 0.0, "fpem/env_route_train_mode_warmup_risk_sinkhorn": 0.0, "fpem/warmup_risk_stage_warmup": 0.0, "fpem/warmup_risk_stage_soft": 0.0, "fpem/warmup_risk_stage_hard": 0.0, "fpem/warmup_risk_selected_loss": 0.0, "fpem/warmup_risk_uniform_common_loss": 0.0, "fpem/warmup_risk_lambda_common": 0.0, "fpem/warmup_risk_total_common_term": 0.0, "fpem/warmup_risk_temperature": 0.0, "fpem/warmup_risk_temperature_progress": 0.0, "fpem/uniform_expert_mae": 0.0, "fpem/risk_routed_mae": 0.0, "fpem/risk_prediction_mae": 0.0, "fpem/risk_loss": 0.0, "fpem/risk_ranking_loss": 0.0, "fpem/risk_ranking_accuracy": 0.0, "fpem/risk_oracle_argmin_accuracy": 0.0, "fpem/risk_router_temperature": 0.0, "fpem/risk_router_lambda": 0.0, "fpem/risk_router_pairwise_lambda": 0.0, "fpem/env_route_train_mode_progressive_gmm_environment": 0.0, "fpem/top_level_prediction_source_progressive_gmm_teacher_hard": 0.0, "fpem/progressive_assignment_uses_target_or_prediction_error": 0.0, "fpem/progressive_partition_ready": 0.0, "fpem/progressive_selected_k": 0.0, "fpem/progressive_active_expert_count": 0.0, "fpem/progressive_last_partition_epoch": 0.0, "fpem/progressive_lambda_common": 0.0, "fpem/progressive_common_term": 0.0, "fpem/progressive_compactness_loss": 0.0, "fpem/progressive_consistency_loss": 0.0, "fpem/progressive_cluster_entropy": 0.0, "fpem/progressive_assignment_change_ratio": 0.0, "fpem/progressive_hungarian_overlap_score": 0.0, "fpem/progressive_partition_update_time_sec": 0.0, "fpem/progressive_routed_mae": 0.0, "fpem/progressive_gmm_environment_total_replaces_primary": 0.0, "fpem/env_route_count_head_0": 16.0, "fpem/env_route_oracle_count_head_0": 16.0, "fpem/route_count_env_head_0": 16.0, "fpem/route_soft_mean_expert_0": 1.0, "fpem/route_hard_count_expert_0": 16.0, "fpem/hard_count_expert_0": 16.0, "fpem/sinkhorn_soft_col_mass_expert_0": 0.0, "fpem/progressive_active_expert_0": 0.0, "fpem/progressive_cluster_size_0": 0.0, "fpem/progressive_cluster_ratio_0": 0.0, "fpem/progressive_cluster_to_expert_0": 0.0, "fpem/progressive_bic_k1": 0.0, "fpem/progressive_bic_score_k1": 0.0, "fpem/progressive_bic_rejected_k1": 0.0, "fpem/hyper_alpha_head_0": 0.0, "fpem/hyper_gamma_norm_head_0": 0.0, "fpem/hyper_beta_norm_head_0": 0.0, "fpem/expert_cross_mae_group_0_expert_0": 9.414025815327962, "fpem/load_expert_loss": 9.414025815327962, "fpem/counterfactual_risk_router_loss": 1.201024813879104, "fpem/counterfactual_risk_regression_loss": 0.8637247698647635, "fpem/counterfactual_risk_ranking_loss": 0.6746000789460682, "fpem/load_level_assignment_detached": 1.0, "fpem/load_level_count_0": 1680.0, "fpem/load_level_ratio_0": 1.0, "fpem/expert_0_global_loss": 9.414025815327962, "fpem/expert_0_selected_loss": 9.414025815327962, "fpem/counterfactual_risk_stage2_active": 1.0, "fpem/counterfactual_risk_stage2_start_epoch": 20.0, "fpem/counterfactual_risk_all_environment_mae": 9.414025815327962, "fpem/counterfactual_risk_all_invariant_mae": 9.662237476167224, "fpem/counterfactual_risk_routed_mae": 9.471337436494373, "fpem/counterfactual_risk_oracle_mae": 9.37801696232387, "fpem/counterfactual_risk_router_accuracy": 0.6351190476190476, "fpem/counterfactual_risk_router_balanced_accuracy": 0.5669086750064577, "fpem/counterfactual_risk_inv_route_ratio": 0.3345238095238095, "fpem/counterfactual_risk_env_route_ratio": 0.6654761904761904, "fpem/counterfactual_risk_inv_switch_precision": 0.26681921652385165, "fpem/counterfactual_risk_correct_inv_switches": 1.4, "fpem/counterfactual_risk_harmful_inv_switches": 3.9523809523809526, "fpem/counterfactual_risk_saved_loss": 0.015460877475284395, "fpem/counterfactual_risk_added_loss": 0.0727725142524356, "fpem/counterfactual_risk_net_gain": -0.0573116211664109, "fpem/counterfactual_risk_regret": 0.09332047417050317, "fpem/counterfactual_risk_oracle_gap_closed": -4445.727318680374, "fpem/counterfactual_risk_delta_mean": -0.2482116570075353, "fpem/counterfactual_risk_target_inv_ratio": 0.20535714285714285, "fpem/counterfactual_risk_weight_env_sum": 8.380952317374094, "fpem/counterfactual_risk_weight_inv_sum": 7.61904756909325, "fpem/counterfactual_risk_prediction_is_hard_route": 1.0, "fpem/counterfactual_risk_prediction_is_soft_fusion": 0.0, "fpem/counterfactual_risk_target_detached": 1.0, "fpem/counterfactual_risk_uses_threshold": 0.0, "fpem/counterfactual_risk_all_samples_used_for_router": 1.0, "fpem/hard_router_predicted_env_ratio": 0.6654761904761904, "fpem/hard_router_effective_env_ratio": 1.0, "fpem/hard_router_target_env_ratio": 0.7946428571428571, "fpem/hard_router_gain_mean": -0.2482116570075353, "fpem/expert_prediction_pairwise_difference": 0.0, "fpem/delta_pairwise_cosine": 0.0, "fpem/delta_pairwise_l1": 0.0, "fpem/delta_pairwise_l2": 0.0, "fpem/expert_0_parameter_norm": 14.882429122924805, "fpem/hard_binary_router_enabled": 0.0, "fpem/hard_router_uses_target_in_forward": 0.0, "fpem/stored_future_c_loaded": 0.0, "fpem/prediction_is_weighted_complete_fusion": 0.0, "fpem/prediction_is_hard_route": 1.0, "fpem/conservative_inv_override_enabled": 0.0, "fpem/conservative_router_features_detached": 1.0, "fpem/counterfactual_risk_router_enabled": 1.0, "fpem/counterfactual_risk_stage2_active_forward": 1.0, "fpem/counterfactual_risk_deploy_route_active": 0.0, "fpem/counterfactual_risk_training_uses_route": 0.0, "fpem/counterfactual_risk_forward_uses_threshold": 0.0, "fpem/future_mi_loss": 0.0, "fpem/future_mi_valid": 0.0, "fpem/future_mi_logvar_mean": 0.0, "fpem/future_mi_target_mode_env_encoder": 0.0, "fpem/swap_loss": 0.0, "fpem/swap_diff_loss": 0.0, "fpem/swap_same_loss": 0.0, "fpem/swap_gain_mean": 0.0, "fpem/swap_s_gain_mean": 0.0, "fpem/swap_fallback_router_loss": 0.0, "fpem/swap_fallback_q_mean": 0.0, "fpem/swap_prediction_delta": 0.0, "fpem/swap_route_delta": 0.0, "fpem/swap_hyper_alpha_delta": 0.0, "fpem/swap_hyper_delta_norm": 0.0, "fpem/loss_env_day": 0.0, "fpem/loss_env_hour": 0.0, "fpem/loss_env_rush": 0.0, "fpem/env_day_acc": 0.0, "fpem/env_hour_acc": 0.0, "fpem/env_rush_acc": 0.0, "fpem/loss_env_supcon": 0.0, "fpem/env_supcon_valid_pairs": 0.0, "fpem/loss_inv_env_adv": 0.0, "fpem/inv_day_acc": 0.0, "fpem/inv_hour_acc": 0.0, "fpem/inv_rush_acc": 0.0, "fpem/loss_cross_cov_sep": 0.0, "fpem/confounder_dep_enabled": 0.0, "fpem/confounder_dep_mode_gci": 0.0, "fpem/confounder_dep_mode_scd": 1.0, "fpem/confounder_dep_mode_both": 0.0, "fpem/confounder_dep_total": 0.0, "fpem/loss_gci": 0.0, "fpem/loss_gci_drop": 0.0, "fpem/loss_gci_keep": 0.0, "fpem/loss_gci_graph_align": 0.0, "fpem/loss_scd": 0.0, "fpem/loss_conf_kl": 0.0, "fpem/effective_gci_weight": 0.0, "fpem/effective_gci_graph_align_weight": 0.0, "fpem/effective_scd_weight": 0.0, "fpem/effective_conf_kl_weight": 0.0, "fpem/confounder_dep_ramp_factor": 0.0, "fpem/C_mean": 0.0, "fpem/C_std": 0.0, "fpem/C_norm": 0.0, "fpem/confounder_token_norm": 0.0, "fpem/confounder_variational": 0.0, "fpem/confounder_projection_trace": 0.0, "fpem/confounder_projection_ridge": 0.0, "fpem/confounder_projection_rank_dim": 0.0, "fpem/confounder_projection_calls": 0.0, "fpem/confounder_dep_detach_target": 0.0, "fpem/gci_nonedge_mass_before_C": 0.0, "fpem/gci_nonedge_mass_after_C": 0.0, "fpem/gci_nonedge_mass_reduction": 0.0, "fpem/gci_relative_violation": 0.0, "fpem/gci_edge_before_C": 0.0, "fpem/gci_edge_after_C": 0.0, "fpem/gci_nonedge_conn_before_C": 0.0, "fpem/gci_nonedge_conn_after_C": 0.0, "fpem/gci_nonedge_conn_reduction": 0.0, "fpem/gci_edge_conn_before_C": 0.0, "fpem/gci_edge_conn_after_C": 0.0, "fpem/gci_edge_conn_reduction": 0.0, "fpem/gci_nonedge_dep_before_C": 0.0, "fpem/gci_nonedge_dep_after_C": 0.0, "fpem/gci_nonedge_dep_reduction": 0.0, "fpem/gci_edge_dep_before_C": 0.0, "fpem/gci_edge_dep_after_C": 0.0, "fpem/gci_nonedge_count": 0.0, "fpem/gci_edge_count": 0.0, "fpem/gci_node_count": 0.0, "fpem/gci_node_vector_dim": 0.0, "fpem/gci_graph_embed_dim": 0.0, "fpem/gci_graph_embedding_norm_before": 0.0, "fpem/gci_graph_embedding_norm_after": 0.0, "fpem/gci_graph_embedding_std_before": 0.0, "fpem/gci_graph_embedding_std_after": 0.0, "fpem/gci_graph_adj_mean_before": 0.0, "fpem/gci_graph_adj_mean_after": 0.0, "fpem/gci_graph_adj_std_before": 0.0, "fpem/gci_graph_adj_std_after": 0.0, "fpem/gci_graph_align_weight": 0.0, "fpem/gci_graph_align_raw_mse": 0.0, "fpem/gci_graph_align_normalized": 0.0, "fpem/gci_edge_preserve_beta": 0.0, "fpem/gci_graph_align_target_available": 0.0, "fpem/gci_target_adj_mean": 0.0, "fpem/gci_target_adj_std": 0.0, "fpem/gci_target_edge_mean": 0.0, "fpem/gci_target_nonedge_mean": 0.0, "fpem/gci_target_diag_mean": 0.0, "fpem/gci_graph_align_updates_agcrn": 0.0, "fpem/gci_updates_graph_linear": 0.0, "fpem/gci_graph_construction_agcrn_softmax": 0.0, "fpem/scd_assoc_before_C": 0.0, "fpem/scd_assoc_after_C": 0.0, "fpem/scd_assoc_reduction": 0.0, "fpem/scd_relative_violation": 0.0, "fpem/sample_assoc_before_C": 0.0, "fpem/sample_assoc_after_C": 0.0, "fpem/sample_assoc_reduction": 0.0, "fpem/sample_dep_before_C": 0.0, "fpem/sample_dep_after_C": 0.0, "fpem/sample_dep_reduction": 0.0, "fpem/scd_batch_size": 0.0, "fpem/scd_sample_vector_dim": 0.0, "fpem/sample_kernel_alignment": 0.0, "fpem/scd_alignment_loss": 0.0, "fpem/load_level_experts_enabled": 1.0, "fpem/load_level_uses_target_or_future_load": 0.0, "fpem/environment_gate_uses_target_in_forward": 0.0, "fpem/load_level_env_residual_scale": 0.0, "fpem/uses_cached_observable_load_prior": 1.0, "fpem/primary_loss": 8.990176891145252, "fpem/inv_pred_loss": 9.219984508696056, "fpem/primary_uses_route": 1.0, "fpem/primary_uses_env_fusion": 0.0, "fpem/backbone_agcrn": 1.0, "fpem/backbone_graphwavenet": 0.0, "fpem/backbone_staeformer": 0.0, "fpem/gc_pred_loss_only": 1.0, "fpem/env_route_head_mode_hyper_proto": 1.0, "fpem/fpem_force_uniform_route": 0.0, "fpem/hard_prediction_sinkhorn_total_replaces_primary": 0.0, "fpem/hard_prediction_environment_sinkhorn_total_replaces_primary": 0.0, "fpem/warmup_risk_sinkhorn_total_replaces_primary": 0.0, "fpem/lambda_club_mi": 0.0}}
EPOCH {"epoch": 52, "train_loss": 1.2517585277557373, "val": {"loss": 11.812881363762749, "mae": 11.592249870300293, "mape": 0.1851087212562561}, "test_mixed": {"loss": NaN, "mae": NaN, "mape": NaN}, "test_workday": {"loss": NaN, "mae": NaN, "mape": NaN}, "test_holiday": {"loss": NaN, "mae": NaN, "mape": NaN}, "test_avg_mae": NaN, "best_selection_value": 11.812881363762749, "best_selection_split": "val", "best_selection_metric": "val_loss", "lr": 0.001, "fpem_logs": {"fpem/fpem_env_use_exogenous": 1.0, "fpem/env_exogenous_available": 1.0, "fpem/env_exogenous_time_available": 1.0, "fpem/env_exogenous_load_available": 1.0, "fpem/env_exogenous_feature_dim": 32.0, "fpem/env_exogenous_embedding_norm": 2.4949841226850236, "fpem/env_exogenous_load_embedding_norm": 1.6422675166811262, "fpem/fpem_env_use_period_context": 1.0, "fpem/env_period_context_available": 1.0, "fpem/env_period_day_available_ratio": 0.9732142857142857, "fpem/env_period_week_available_ratio": 0.8244047619047619, "fpem/env_period_context_feature_dim": 6.0, "fpem/env_period_context_scale": 0.10000000149011612, "fpem/env_period_context_delta_norm": 0.2078221082687378, "fpem/env_period_context_day_diff_norm": 0.16272705190238498, "fpem/env_period_context_week_diff_norm": 0.10188992683376585, "fpem/env_rep_ablation_normal": 1.0, "fpem/env_rep_ablation_zero": 0.0, "fpem/env_rep_ablation_shuffle_batch": 0.0, "fpem/env_rep_ablation_mode_id": 0.0, "fpem/mask_loss": 0.0, "fpem/mask_sparse_loss": 0.0, "fpem/mask_entropy_loss": 0.0, "fpem/mask_mean": 1.0, "fpem/mask_entropy": 0.0, "fpem/mask_active_ratio": 1.0, "fpem/fusion_alpha_mean": 0.0, "fpem/fusion_alpha_std": 0.0, "fpem/fusion_alpha_min": 0.0, "fpem/fusion_alpha_max": 0.0, "fpem/env_route_loss": 1.2517585277557373, "fpem/env_route_L_final": 8.983459940410796, "fpem/env_route_L_global": 0.0, "fpem/env_route_L_route_soft": 0.0, "fpem/env_route_L_expert": 9.414025170462471, "fpem/env_route_L_router_oracle": 1.2517585277557373, "fpem/env_route_L_balance": 0.0, "fpem/env_route_L_diverse": 0.0, "fpem/env_route_L_proto_align": 0.0, "fpem/env_route_entropy": 0.0, "fpem/env_route_q_max_mean": 0.0, "fpem/hyper_alpha_mean": 0.0, "fpem/hyper_delta_norm": 0.0, "fpem/hyper_route_proto_mode_uniform_warmup": 0.0, "fpem/hyper_route_proto_mode_uniform_fixed": 0.0, "fpem/hyper_route_proto_mode_sinkhorn": 0.0, "fpem/hyper_route_proto_mode_softmax": 0.0, "fpem/fallback_q_mean": 0.0, "fpem/fallback_q_max": 0.0, "fpem/env_q_sum_mean": 1.0, "fpem/oracle_fallback_rate": 0.0, "fpem/route_count_fallback": 0.0, "fpem/env_route_head_mode": 1.0, "fpem/route_entropy_mean": 0.0, "fpem/route_mean_distribution_entropy": 0.0, "fpem/effective_expert_number": 1.0, "fpem/max_expert_usage_ratio": 0.0, "fpem/min_expert_usage_ratio": 0.0, "fpem/prototype_pairwise_cosine": 0.0, "fpem/expert_prediction_pairwise_cosine": 0.0, "fpem/expert_collapse_warning": 0.0, "fpem/env_route_target_mode_env_prototype": 0.0, "fpem/env_route_target_mode_hybrid": 0.0, "fpem/env_route_hybrid_alpha": 0.0, "fpem/env_route_train_mode_warmup_risk_sinkhorn": 0.0, "fpem/warmup_risk_stage_warmup": 0.0, "fpem/warmup_risk_stage_soft": 0.0, "fpem/warmup_risk_stage_hard": 0.0, "fpem/warmup_risk_selected_loss": 0.0, "fpem/warmup_risk_uniform_common_loss": 0.0, "fpem/warmup_risk_lambda_common": 0.0, "fpem/warmup_risk_total_common_term": 0.0, "fpem/warmup_risk_temperature": 0.0, "fpem/warmup_risk_temperature_progress": 0.0, "fpem/uniform_expert_mae": 0.0, "fpem/risk_routed_mae": 0.0, "fpem/risk_prediction_mae": 0.0, "fpem/risk_loss": 0.0, "fpem/risk_ranking_loss": 0.0, "fpem/risk_ranking_accuracy": 0.0, "fpem/risk_oracle_argmin_accuracy": 0.0, "fpem/risk_router_temperature": 0.0, "fpem/risk_router_lambda": 0.0, "fpem/risk_router_pairwise_lambda": 0.0, "fpem/env_route_train_mode_progressive_gmm_environment": 0.0, "fpem/top_level_prediction_source_progressive_gmm_teacher_hard": 0.0, "fpem/progressive_assignment_uses_target_or_prediction_error": 0.0, "fpem/progressive_partition_ready": 0.0, "fpem/progressive_selected_k": 0.0, "fpem/progressive_active_expert_count": 0.0, "fpem/progressive_last_partition_epoch": 0.0, "fpem/progressive_lambda_common": 0.0, "fpem/progressive_common_term": 0.0, "fpem/progressive_compactness_loss": 0.0, "fpem/progressive_consistency_loss": 0.0, "fpem/progressive_cluster_entropy": 0.0, "fpem/progressive_assignment_change_ratio": 0.0, "fpem/progressive_hungarian_overlap_score": 0.0, "fpem/progressive_partition_update_time_sec": 0.0, "fpem/progressive_routed_mae": 0.0, "fpem/progressive_gmm_environment_total_replaces_primary": 0.0, "fpem/env_route_count_head_0": 16.0, "fpem/env_route_oracle_count_head_0": 16.0, "fpem/route_count_env_head_0": 16.0, "fpem/route_soft_mean_expert_0": 1.0, "fpem/route_hard_count_expert_0": 16.0, "fpem/hard_count_expert_0": 16.0, "fpem/sinkhorn_soft_col_mass_expert_0": 0.0, "fpem/progressive_active_expert_0": 0.0, "fpem/progressive_cluster_size_0": 0.0, "fpem/progressive_cluster_ratio_0": 0.0, "fpem/progressive_cluster_to_expert_0": 0.0, "fpem/progressive_bic_k1": 0.0, "fpem/progressive_bic_score_k1": 0.0, "fpem/progressive_bic_rejected_k1": 0.0, "fpem/hyper_alpha_head_0": 0.0, "fpem/hyper_gamma_norm_head_0": 0.0, "fpem/hyper_beta_norm_head_0": 0.0, "fpem/expert_cross_mae_group_0_expert_0": 9.414025170462471, "fpem/load_expert_loss": 9.414025170462471, "fpem/counterfactual_risk_router_loss": 1.2517585277557373, "fpem/counterfactual_risk_regression_loss": 0.9137966783273788, "fpem/counterfactual_risk_ranking_loss": 0.6759237051010132, "fpem/load_level_assignment_detached": 1.0, "fpem/load_level_count_0": 1680.0, "fpem/load_level_ratio_0": 1.0, "fpem/expert_0_global_loss": 9.414025170462471, "fpem/expert_0_selected_loss": 9.414025170462471, "fpem/counterfactual_risk_stage2_active": 1.0, "fpem/counterfactual_risk_stage2_start_epoch": 20.0, "fpem/counterfactual_risk_all_environment_mae": 9.414025170462471, "fpem/counterfactual_risk_all_invariant_mae": 9.662237453460694, "fpem/counterfactual_risk_routed_mae": 9.4833769207909, "fpem/counterfactual_risk_oracle_mae": 9.378016249338787, "fpem/counterfactual_risk_router_accuracy": 0.606547619047619, "fpem/counterfactual_risk_router_balanced_accuracy": 0.5634761534986041, "fpem/counterfactual_risk_inv_route_ratio": 0.3869047619047619, "fpem/counterfactual_risk_env_route_ratio": 0.6130952380952381, "fpem/counterfactual_risk_inv_switch_precision": 0.23998591814722334, "fpem/counterfactual_risk_correct_inv_switches": 1.5904761904761904, "fpem/counterfactual_risk_harmful_inv_switches": 4.6, "fpem/counterfactual_risk_saved_loss": 0.017493997869037447, "fpem/counterfactual_risk_added_loss": 0.08684575926689875, "fpem/counterfactual_risk_net_gain": -0.06935175032842728, "fpem/counterfactual_risk_regret": 0.10536067145211356, "fpem/counterfactual_risk_oracle_gap_closed": -4570.921741449558, "fpem/counterfactual_risk_delta_mean": -0.24821235296272096, "fpem/counterfactual_risk_target_inv_ratio": 0.20535714285714285, "fpem/counterfactual_risk_weight_env_sum": 8.45714277994065, "fpem/counterfactual_risk_weight_inv_sum": 7.542857120150612, "fpem/counterfactual_risk_prediction_is_hard_route": 1.0, "fpem/counterfactual_risk_prediction_is_soft_fusion": 0.0, "fpem/counterfactual_risk_target_detached": 1.0, "fpem/counterfactual_risk_uses_threshold": 0.0, "fpem/counterfactual_risk_all_samples_used_for_router": 1.0, "fpem/hard_router_predicted_env_ratio": 0.6130952380952381, "fpem/hard_router_effective_env_ratio": 1.0, "fpem/hard_router_target_env_ratio": 0.7946428571428571, "fpem/hard_router_gain_mean": -0.24821235296272096, "fpem/expert_prediction_pairwise_difference": 0.0, "fpem/delta_pairwise_cosine": 0.0, "fpem/delta_pairwise_l1": 0.0, "fpem/delta_pairwise_l2": 0.0, "fpem/expert_0_parameter_norm": 14.882429122924805, "fpem/hard_binary_router_enabled": 0.0, "fpem/hard_router_uses_target_in_forward": 0.0, "fpem/stored_future_c_loaded": 0.0, "fpem/prediction_is_weighted_complete_fusion": 0.0, "fpem/prediction_is_hard_route": 1.0, "fpem/conservative_inv_override_enabled": 0.0, "fpem/conservative_router_features_detached": 1.0, "fpem/counterfactual_risk_router_enabled": 1.0, "fpem/counterfactual_risk_stage2_active_forward": 1.0, "fpem/counterfactual_risk_deploy_route_active": 0.0, "fpem/counterfactual_risk_training_uses_route": 0.0, "fpem/counterfactual_risk_forward_uses_threshold": 0.0, "fpem/future_mi_loss": 0.0, "fpem/future_mi_valid": 0.0, "fpem/future_mi_logvar_mean": 0.0, "fpem/future_mi_target_mode_env_encoder": 0.0, "fpem/swap_loss": 0.0, "fpem/swap_diff_loss": 0.0, "fpem/swap_same_loss": 0.0, "fpem/swap_gain_mean": 0.0, "fpem/swap_s_gain_mean": 0.0, "fpem/swap_fallback_router_loss": 0.0, "fpem/swap_fallback_q_mean": 0.0, "fpem/swap_prediction_delta": 0.0, "fpem/swap_route_delta": 0.0, "fpem/swap_hyper_alpha_delta": 0.0, "fpem/swap_hyper_delta_norm": 0.0, "fpem/loss_env_day": 0.0, "fpem/loss_env_hour": 0.0, "fpem/loss_env_rush": 0.0, "fpem/env_day_acc": 0.0, "fpem/env_hour_acc": 0.0, "fpem/env_rush_acc": 0.0, "fpem/loss_env_supcon": 0.0, "fpem/env_supcon_valid_pairs": 0.0, "fpem/loss_inv_env_adv": 0.0, "fpem/inv_day_acc": 0.0, "fpem/inv_hour_acc": 0.0, "fpem/inv_rush_acc": 0.0, "fpem/loss_cross_cov_sep": 0.0, "fpem/confounder_dep_enabled": 0.0, "fpem/confounder_dep_mode_gci": 0.0, "fpem/confounder_dep_mode_scd": 1.0, "fpem/confounder_dep_mode_both": 0.0, "fpem/confounder_dep_total": 0.0, "fpem/loss_gci": 0.0, "fpem/loss_gci_drop": 0.0, "fpem/loss_gci_keep": 0.0, "fpem/loss_gci_graph_align": 0.0, "fpem/loss_scd": 0.0, "fpem/loss_conf_kl": 0.0, "fpem/effective_gci_weight": 0.0, "fpem/effective_gci_graph_align_weight": 0.0, "fpem/effective_scd_weight": 0.0, "fpem/effective_conf_kl_weight": 0.0, "fpem/confounder_dep_ramp_factor": 0.0, "fpem/C_mean": 0.0, "fpem/C_std": 0.0, "fpem/C_norm": 0.0, "fpem/confounder_token_norm": 0.0, "fpem/confounder_variational": 0.0, "fpem/confounder_projection_trace": 0.0, "fpem/confounder_projection_ridge": 0.0, "fpem/confounder_projection_rank_dim": 0.0, "fpem/confounder_projection_calls": 0.0, "fpem/confounder_dep_detach_target": 0.0, "fpem/gci_nonedge_mass_before_C": 0.0, "fpem/gci_nonedge_mass_after_C": 0.0, "fpem/gci_nonedge_mass_reduction": 0.0, "fpem/gci_relative_violation": 0.0, "fpem/gci_edge_before_C": 0.0, "fpem/gci_edge_after_C": 0.0, "fpem/gci_nonedge_conn_before_C": 0.0, "fpem/gci_nonedge_conn_after_C": 0.0, "fpem/gci_nonedge_conn_reduction": 0.0, "fpem/gci_edge_conn_before_C": 0.0, "fpem/gci_edge_conn_after_C": 0.0, "fpem/gci_edge_conn_reduction": 0.0, "fpem/gci_nonedge_dep_before_C": 0.0, "fpem/gci_nonedge_dep_after_C": 0.0, "fpem/gci_nonedge_dep_reduction": 0.0, "fpem/gci_edge_dep_before_C": 0.0, "fpem/gci_edge_dep_after_C": 0.0, "fpem/gci_nonedge_count": 0.0, "fpem/gci_edge_count": 0.0, "fpem/gci_node_count": 0.0, "fpem/gci_node_vector_dim": 0.0, "fpem/gci_graph_embed_dim": 0.0, "fpem/gci_graph_embedding_norm_before": 0.0, "fpem/gci_graph_embedding_norm_after": 0.0, "fpem/gci_graph_embedding_std_before": 0.0, "fpem/gci_graph_embedding_std_after": 0.0, "fpem/gci_graph_adj_mean_before": 0.0, "fpem/gci_graph_adj_mean_after": 0.0, "fpem/gci_graph_adj_std_before": 0.0, "fpem/gci_graph_adj_std_after": 0.0, "fpem/gci_graph_align_weight": 0.0, "fpem/gci_graph_align_raw_mse": 0.0, "fpem/gci_graph_align_normalized": 0.0, "fpem/gci_edge_preserve_beta": 0.0, "fpem/gci_graph_align_target_available": 0.0, "fpem/gci_target_adj_mean": 0.0, "fpem/gci_target_adj_std": 0.0, "fpem/gci_target_edge_mean": 0.0, "fpem/gci_target_nonedge_mean": 0.0, "fpem/gci_target_diag_mean": 0.0, "fpem/gci_graph_align_updates_agcrn": 0.0, "fpem/gci_updates_graph_linear": 0.0, "fpem/gci_graph_construction_agcrn_softmax": 0.0, "fpem/scd_assoc_before_C": 0.0, "fpem/scd_assoc_after_C": 0.0, "fpem/scd_assoc_reduction": 0.0, "fpem/scd_relative_violation": 0.0, "fpem/sample_assoc_before_C": 0.0, "fpem/sample_assoc_after_C": 0.0, "fpem/sample_assoc_reduction": 0.0, "fpem/sample_dep_before_C": 0.0, "fpem/sample_dep_after_C": 0.0, "fpem/sample_dep_reduction": 0.0, "fpem/scd_batch_size": 0.0, "fpem/scd_sample_vector_dim": 0.0, "fpem/sample_kernel_alignment": 0.0, "fpem/scd_alignment_loss": 0.0, "fpem/load_level_experts_enabled": 1.0, "fpem/load_level_uses_target_or_future_load": 0.0, "fpem/environment_gate_uses_target_in_forward": 0.0, "fpem/load_level_env_residual_scale": 0.0, "fpem/uses_cached_observable_load_prior": 1.0, "fpem/primary_loss": 8.983459940410796, "fpem/inv_pred_loss": 9.212673237210229, "fpem/primary_uses_route": 1.0, "fpem/primary_uses_env_fusion": 0.0, "fpem/backbone_agcrn": 1.0, "fpem/backbone_graphwavenet": 0.0, "fpem/backbone_staeformer": 0.0, "fpem/gc_pred_loss_only": 1.0, "fpem/env_route_head_mode_hyper_proto": 1.0, "fpem/fpem_force_uniform_route": 0.0, "fpem/hard_prediction_sinkhorn_total_replaces_primary": 0.0, "fpem/hard_prediction_environment_sinkhorn_total_replaces_primary": 0.0, "fpem/warmup_risk_sinkhorn_total_replaces_primary": 0.0, "fpem/lambda_club_mi": 0.0}}
EPOCH {"epoch": 53, "train_loss": 1.206596991561708, "val": {"loss": 11.812298854192099, "mae": 11.591135025024414, "mape": 0.18509039282798767}, "test_mixed": {"loss": NaN, "mae": NaN, "mape": NaN}, "test_workday": {"loss": NaN, "mae": NaN, "mape": NaN}, "test_holiday": {"loss": NaN, "mae": NaN, "mape": NaN}, "test_avg_mae": NaN, "best_selection_value": 11.812298854192099, "best_selection_split": "val", "best_selection_metric": "val_loss", "lr": 0.001, "fpem_logs": {"fpem/fpem_env_use_exogenous": 1.0, "fpem/env_exogenous_available": 1.0, "fpem/env_exogenous_time_available": 1.0, "fpem/env_exogenous_load_available": 1.0, "fpem/env_exogenous_feature_dim": 32.0, "fpem/env_exogenous_embedding_norm": 2.4949841317676364, "fpem/env_exogenous_load_embedding_norm": 1.6422675257637387, "fpem/fpem_env_use_period_context": 1.0, "fpem/env_period_context_available": 1.0, "fpem/env_period_day_available_ratio": 0.9732142857142857, "fpem/env_period_week_available_ratio": 0.8244047619047619, "fpem/env_period_context_feature_dim": 6.0, "fpem/env_period_context_scale": 0.10000000149011612, "fpem/env_period_context_delta_norm": 0.20782210855256944, "fpem/env_period_context_day_diff_norm": 0.1627270519733429, "fpem/env_period_context_week_diff_norm": 0.10188992701116062, "fpem/env_rep_ablation_normal": 1.0, "fpem/env_rep_ablation_zero": 0.0, "fpem/env_rep_ablation_shuffle_batch": 0.0, "fpem/env_rep_ablation_mode_id": 0.0, "fpem/mask_loss": 0.0, "fpem/mask_sparse_loss": 0.0, "fpem/mask_entropy_loss": 0.0, "fpem/mask_mean": 1.0, "fpem/mask_entropy": 0.0, "fpem/mask_active_ratio": 1.0, "fpem/fusion_alpha_mean": 0.0, "fpem/fusion_alpha_std": 0.0, "fpem/fusion_alpha_min": 0.0, "fpem/fusion_alpha_max": 0.0, "fpem/env_route_loss": 1.206596991561708, "fpem/env_route_L_final": 8.986297802698045, "fpem/env_route_L_global": 0.0, "fpem/env_route_L_route_soft": 0.0, "fpem/env_route_L_expert": 9.41402580624535, "fpem/env_route_L_router_oracle": 1.206596991561708, "fpem/env_route_L_balance": 0.0, "fpem/env_route_L_diverse": 0.0, "fpem/env_route_L_proto_align": 0.0, "fpem/env_route_entropy": 0.0, "fpem/env_route_q_max_mean": 0.0, "fpem/hyper_alpha_mean": 0.0, "fpem/hyper_delta_norm": 0.0, "fpem/hyper_route_proto_mode_uniform_warmup": 0.0, "fpem/hyper_route_proto_mode_uniform_fixed": 0.0, "fpem/hyper_route_proto_mode_sinkhorn": 0.0, "fpem/hyper_route_proto_mode_softmax": 0.0, "fpem/fallback_q_mean": 0.0, "fpem/fallback_q_max": 0.0, "fpem/env_q_sum_mean": 1.0, "fpem/oracle_fallback_rate": 0.0, "fpem/route_count_fallback": 0.0, "fpem/env_route_head_mode": 1.0, "fpem/route_entropy_mean": 0.0, "fpem/route_mean_distribution_entropy": 0.0, "fpem/effective_expert_number": 1.0, "fpem/max_expert_usage_ratio": 0.0, "fpem/min_expert_usage_ratio": 0.0, "fpem/prototype_pairwise_cosine": 0.0, "fpem/expert_prediction_pairwise_cosine": 0.0, "fpem/expert_collapse_warning": 0.0, "fpem/env_route_target_mode_env_prototype": 0.0, "fpem/env_route_target_mode_hybrid": 0.0, "fpem/env_route_hybrid_alpha": 0.0, "fpem/env_route_train_mode_warmup_risk_sinkhorn": 0.0, "fpem/warmup_risk_stage_warmup": 0.0, "fpem/warmup_risk_stage_soft": 0.0, "fpem/warmup_risk_stage_hard": 0.0, "fpem/warmup_risk_selected_loss": 0.0, "fpem/warmup_risk_uniform_common_loss": 0.0, "fpem/warmup_risk_lambda_common": 0.0, "fpem/warmup_risk_total_common_term": 0.0, "fpem/warmup_risk_temperature": 0.0, "fpem/warmup_risk_temperature_progress": 0.0, "fpem/uniform_expert_mae": 0.0, "fpem/risk_routed_mae": 0.0, "fpem/risk_prediction_mae": 0.0, "fpem/risk_loss": 0.0, "fpem/risk_ranking_loss": 0.0, "fpem/risk_ranking_accuracy": 0.0, "fpem/risk_oracle_argmin_accuracy": 0.0, "fpem/risk_router_temperature": 0.0, "fpem/risk_router_lambda": 0.0, "fpem/risk_router_pairwise_lambda": 0.0, "fpem/env_route_train_mode_progressive_gmm_environment": 0.0, "fpem/top_level_prediction_source_progressive_gmm_teacher_hard": 0.0, "fpem/progressive_assignment_uses_target_or_prediction_error": 0.0, "fpem/progressive_partition_ready": 0.0, "fpem/progressive_selected_k": 0.0, "fpem/progressive_active_expert_count": 0.0, "fpem/progressive_last_partition_epoch": 0.0, "fpem/progressive_lambda_common": 0.0, "fpem/progressive_common_term": 0.0, "fpem/progressive_compactness_loss": 0.0, "fpem/progressive_consistency_loss": 0.0, "fpem/progressive_cluster_entropy": 0.0, "fpem/progressive_assignment_change_ratio": 0.0, "fpem/progressive_hungarian_overlap_score": 0.0, "fpem/progressive_partition_update_time_sec": 0.0, "fpem/progressive_routed_mae": 0.0, "fpem/progressive_gmm_environment_total_replaces_primary": 0.0, "fpem/env_route_count_head_0": 16.0, "fpem/env_route_oracle_count_head_0": 16.0, "fpem/route_count_env_head_0": 16.0, "fpem/route_soft_mean_expert_0": 1.0, "fpem/route_hard_count_expert_0": 16.0, "fpem/hard_count_expert_0": 16.0, "fpem/sinkhorn_soft_col_mass_expert_0": 0.0, "fpem/progressive_active_expert_0": 0.0, "fpem/progressive_cluster_size_0": 0.0, "fpem/progressive_cluster_ratio_0": 0.0, "fpem/progressive_cluster_to_expert_0": 0.0, "fpem/progressive_bic_k1": 0.0, "fpem/progressive_bic_score_k1": 0.0, "fpem/progressive_bic_rejected_k1": 0.0, "fpem/hyper_alpha_head_0": 0.0, "fpem/hyper_gamma_norm_head_0": 0.0, "fpem/hyper_beta_norm_head_0": 0.0, "fpem/expert_cross_mae_group_0_expert_0": 9.41402580624535, "fpem/load_expert_loss": 9.41402580624535, "fpem/counterfactual_risk_router_loss": 1.206596991561708, "fpem/counterfactual_risk_regression_loss": 0.8669375080437888, "fpem/counterfactual_risk_ranking_loss": 0.67931896902266, "fpem/load_level_assignment_detached": 1.0, "fpem/load_level_count_0": 1680.0, "fpem/load_level_ratio_0": 1.0, "fpem/expert_0_global_loss": 9.41402580624535, "fpem/expert_0_selected_loss": 9.41402580624535, "fpem/counterfactual_risk_stage2_active": 1.0, "fpem/counterfactual_risk_stage2_start_epoch": 20.0, "fpem/counterfactual_risk_all_environment_mae": 9.41402580624535, "fpem/counterfactual_risk_all_invariant_mae": 9.662237535204206, "fpem/counterfactual_risk_routed_mae": 9.487517093476795, "fpem/counterfactual_risk_oracle_mae": 9.378016912369501, "fpem/counterfactual_risk_router_accuracy": 0.5916666666666667, "fpem/counterfactual_risk_router_balanced_accuracy": 0.5542730022044409, "fpem/counterfactual_risk_inv_route_ratio": 0.39107142857142857, "fpem/counterfactual_risk_env_route_ratio": 0.6089285714285714, "fpem/counterfactual_risk_inv_switch_precision": 0.2340307878596442, "fpem/counterfactual_risk_correct_inv_switches": 1.5047619047619047, "fpem/counterfactual_risk_harmful_inv_switches": 4.752380952380952, "fpem/counterfactual_risk_saved_loss": 0.016748575227601186, "fpem/counterfactual_risk_added_loss": 0.09023987849553426, "fpem/counterfactual_risk_net_gain": -0.07349128723144531, "fpem/counterfactual_risk_regret": 0.109500181107294, "fpem/counterfactual_risk_oracle_gap_closed": -3575.9662770601612, "fpem/counterfactual_risk_delta_mean": -0.2482116577171144, "fpem/counterfactual_risk_target_inv_ratio": 0.20535714285714285, "fpem/counterfactual_risk_weight_env_sum": 8.152380829765683, "fpem/counterfactual_risk_weight_inv_sum": 7.847618970416841, "fpem/counterfactual_risk_prediction_is_hard_route": 1.0, "fpem/counterfactual_risk_prediction_is_soft_fusion": 0.0, "fpem/counterfactual_risk_target_detached": 1.0, "fpem/counterfactual_risk_uses_threshold": 0.0, "fpem/counterfactual_risk_all_samples_used_for_router": 1.0, "fpem/hard_router_predicted_env_ratio": 0.6089285714285714, "fpem/hard_router_effective_env_ratio": 1.0, "fpem/hard_router_target_env_ratio": 0.7946428571428571, "fpem/hard_router_gain_mean": -0.2482116577171144, "fpem/expert_prediction_pairwise_difference": 0.0, "fpem/delta_pairwise_cosine": 0.0, "fpem/delta_pairwise_l1": 0.0, "fpem/delta_pairwise_l2": 0.0, "fpem/expert_0_parameter_norm": 14.882429122924805, "fpem/hard_binary_router_enabled": 0.0, "fpem/hard_router_uses_target_in_forward": 0.0, "fpem/stored_future_c_loaded": 0.0, "fpem/prediction_is_weighted_complete_fusion": 0.0, "fpem/prediction_is_hard_route": 1.0, "fpem/conservative_inv_override_enabled": 0.0, "fpem/conservative_router_features_detached": 1.0, "fpem/counterfactual_risk_router_enabled": 1.0, "fpem/counterfactual_risk_stage2_active_forward": 1.0, "fpem/counterfactual_risk_deploy_route_active": 0.0, "fpem/counterfactual_risk_training_uses_route": 0.0, "fpem/counterfactual_risk_forward_uses_threshold": 0.0, "fpem/future_mi_loss": 0.0, "fpem/future_mi_valid": 0.0, "fpem/future_mi_logvar_mean": 0.0, "fpem/future_mi_target_mode_env_encoder": 0.0, "fpem/swap_loss": 0.0, "fpem/swap_diff_loss": 0.0, "fpem/swap_same_loss": 0.0, "fpem/swap_gain_mean": 0.0, "fpem/swap_s_gain_mean": 0.0, "fpem/swap_fallback_router_loss": 0.0, "fpem/swap_fallback_q_mean": 0.0, "fpem/swap_prediction_delta": 0.0, "fpem/swap_route_delta": 0.0, "fpem/swap_hyper_alpha_delta": 0.0, "fpem/swap_hyper_delta_norm": 0.0, "fpem/loss_env_day": 0.0, "fpem/loss_env_hour": 0.0, "fpem/loss_env_rush": 0.0, "fpem/env_day_acc": 0.0, "fpem/env_hour_acc": 0.0, "fpem/env_rush_acc": 0.0, "fpem/loss_env_supcon": 0.0, "fpem/env_supcon_valid_pairs": 0.0, "fpem/loss_inv_env_adv": 0.0, "fpem/inv_day_acc": 0.0, "fpem/inv_hour_acc": 0.0, "fpem/inv_rush_acc": 0.0, "fpem/loss_cross_cov_sep": 0.0, "fpem/confounder_dep_enabled": 0.0, "fpem/confounder_dep_mode_gci": 0.0, "fpem/confounder_dep_mode_scd": 1.0, "fpem/confounder_dep_mode_both": 0.0, "fpem/confounder_dep_total": 0.0, "fpem/loss_gci": 0.0, "fpem/loss_gci_drop": 0.0, "fpem/loss_gci_keep": 0.0, "fpem/loss_gci_graph_align": 0.0, "fpem/loss_scd": 0.0, "fpem/loss_conf_kl": 0.0, "fpem/effective_gci_weight": 0.0, "fpem/effective_gci_graph_align_weight": 0.0, "fpem/effective_scd_weight": 0.0, "fpem/effective_conf_kl_weight": 0.0, "fpem/confounder_dep_ramp_factor": 0.0, "fpem/C_mean": 0.0, "fpem/C_std": 0.0, "fpem/C_norm": 0.0, "fpem/confounder_token_norm": 0.0, "fpem/confounder_variational": 0.0, "fpem/confounder_projection_trace": 0.0, "fpem/confounder_projection_ridge": 0.0, "fpem/confounder_projection_rank_dim": 0.0, "fpem/confounder_projection_calls": 0.0, "fpem/confounder_dep_detach_target": 0.0, "fpem/gci_nonedge_mass_before_C": 0.0, "fpem/gci_nonedge_mass_after_C": 0.0, "fpem/gci_nonedge_mass_reduction": 0.0, "fpem/gci_relative_violation": 0.0, "fpem/gci_edge_before_C": 0.0, "fpem/gci_edge_after_C": 0.0, "fpem/gci_nonedge_conn_before_C": 0.0, "fpem/gci_nonedge_conn_after_C": 0.0, "fpem/gci_nonedge_conn_reduction": 0.0, "fpem/gci_edge_conn_before_C": 0.0, "fpem/gci_edge_conn_after_C": 0.0, "fpem/gci_edge_conn_reduction": 0.0, "fpem/gci_nonedge_dep_before_C": 0.0, "fpem/gci_nonedge_dep_after_C": 0.0, "fpem/gci_nonedge_dep_reduction": 0.0, "fpem/gci_edge_dep_before_C": 0.0, "fpem/gci_edge_dep_after_C": 0.0, "fpem/gci_nonedge_count": 0.0, "fpem/gci_edge_count": 0.0, "fpem/gci_node_count": 0.0, "fpem/gci_node_vector_dim": 0.0, "fpem/gci_graph_embed_dim": 0.0, "fpem/gci_graph_embedding_norm_before": 0.0, "fpem/gci_graph_embedding_norm_after": 0.0, "fpem/gci_graph_embedding_std_before": 0.0, "fpem/gci_graph_embedding_std_after": 0.0, "fpem/gci_graph_adj_mean_before": 0.0, "fpem/gci_graph_adj_mean_after": 0.0, "fpem/gci_graph_adj_std_before": 0.0, "fpem/gci_graph_adj_std_after": 0.0, "fpem/gci_graph_align_weight": 0.0, "fpem/gci_graph_align_raw_mse": 0.0, "fpem/gci_graph_align_normalized": 0.0, "fpem/gci_edge_preserve_beta": 0.0, "fpem/gci_graph_align_target_available": 0.0, "fpem/gci_target_adj_mean": 0.0, "fpem/gci_target_adj_std": 0.0, "fpem/gci_target_edge_mean": 0.0, "fpem/gci_target_nonedge_mean": 0.0, "fpem/gci_target_diag_mean": 0.0, "fpem/gci_graph_align_updates_agcrn": 0.0, "fpem/gci_updates_graph_linear": 0.0, "fpem/gci_graph_construction_agcrn_softmax": 0.0, "fpem/scd_assoc_before_C": 0.0, "fpem/scd_assoc_after_C": 0.0, "fpem/scd_assoc_reduction": 0.0, "fpem/scd_relative_violation": 0.0, "fpem/sample_assoc_before_C": 0.0, "fpem/sample_assoc_after_C": 0.0, "fpem/sample_assoc_reduction": 0.0, "fpem/sample_dep_before_C": 0.0, "fpem/sample_dep_after_C": 0.0, "fpem/sample_dep_reduction": 0.0, "fpem/scd_batch_size": 0.0, "fpem/scd_sample_vector_dim": 0.0, "fpem/sample_kernel_alignment": 0.0, "fpem/scd_alignment_loss": 0.0, "fpem/load_level_experts_enabled": 1.0, "fpem/load_level_uses_target_or_future_load": 0.0, "fpem/environment_gate_uses_target_in_forward": 0.0, "fpem/load_level_env_residual_scale": 0.0, "fpem/uses_cached_observable_load_prior": 1.0, "fpem/primary_loss": 8.986297802698045, "fpem/inv_pred_loss": 9.215621480487641, "fpem/primary_uses_route": 1.0, "fpem/primary_uses_env_fusion": 0.0, "fpem/backbone_agcrn": 1.0, "fpem/backbone_graphwavenet": 0.0, "fpem/backbone_staeformer": 0.0, "fpem/gc_pred_loss_only": 1.0, "fpem/env_route_head_mode_hyper_proto": 1.0, "fpem/fpem_force_uniform_route": 0.0, "fpem/hard_prediction_sinkhorn_total_replaces_primary": 0.0, "fpem/hard_prediction_environment_sinkhorn_total_replaces_primary": 0.0, "fpem/warmup_risk_sinkhorn_total_replaces_primary": 0.0, "fpem/lambda_club_mi": 0.0}}
EPOCH {"epoch": 54, "train_loss": 1.176899414403098, "val": {"loss": 11.808670785692003, "mae": 11.587898254394531, "mape": 0.18485938012599945}, "test_mixed": {"loss": NaN, "mae": NaN, "mape": NaN}, "test_workday": {"loss": NaN, "mae": NaN, "mape": NaN}, "test_holiday": {"loss": NaN, "mae": NaN, "mape": NaN}, "test_avg_mae": NaN, "best_selection_value": 11.808670785692003, "best_selection_split": "val", "best_selection_metric": "val_loss", "lr": 0.001, "fpem_logs": {"fpem/fpem_env_use_exogenous": 1.0, "fpem/env_exogenous_available": 1.0, "fpem/env_exogenous_time_available": 1.0, "fpem/env_exogenous_load_available": 1.0, "fpem/env_exogenous_feature_dim": 32.0, "fpem/env_exogenous_embedding_norm": 2.494984140850249, "fpem/env_exogenous_load_embedding_norm": 1.6422675166811262, "fpem/fpem_env_use_period_context": 1.0, "fpem/env_period_context_available": 1.0, "fpem/env_period_day_available_ratio": 0.9732142857142857, "fpem/env_period_week_available_ratio": 0.8244047619047619, "fpem/env_period_context_feature_dim": 6.0, "fpem/env_period_context_scale": 0.10000000149011612, "fpem/env_period_context_delta_norm": 0.20782210670766377, "fpem/env_period_context_day_diff_norm": 0.1627270519733429, "fpem/env_period_context_week_diff_norm": 0.10188992743690808, "fpem/env_rep_ablation_normal": 1.0, "fpem/env_rep_ablation_zero": 0.0, "fpem/env_rep_ablation_shuffle_batch": 0.0, "fpem/env_rep_ablation_mode_id": 0.0, "fpem/mask_loss": 0.0, "fpem/mask_sparse_loss": 0.0, "fpem/mask_entropy_loss": 0.0, "fpem/mask_mean": 1.0, "fpem/mask_entropy": 0.0, "fpem/mask_active_ratio": 1.0, "fpem/fusion_alpha_mean": 0.0, "fpem/fusion_alpha_std": 0.0, "fpem/fusion_alpha_min": 0.0, "fpem/fusion_alpha_max": 0.0, "fpem/env_route_loss": 1.176899414403098, "fpem/env_route_L_final": 8.985092812492734, "fpem/env_route_L_global": 0.0, "fpem/env_route_L_route_soft": 0.0, "fpem/env_route_L_expert": 9.414026165008545, "fpem/env_route_L_router_oracle": 1.176899414403098, "fpem/env_route_L_balance": 0.0, "fpem/env_route_L_diverse": 0.0, "fpem/env_route_L_proto_align": 0.0, "fpem/env_route_entropy": 0.0, "fpem/env_route_q_max_mean": 0.0, "fpem/hyper_alpha_mean": 0.0, "fpem/hyper_delta_norm": 0.0, "fpem/hyper_route_proto_mode_uniform_warmup": 0.0, "fpem/hyper_route_proto_mode_uniform_fixed": 0.0, "fpem/hyper_route_proto_mode_sinkhorn": 0.0, "fpem/hyper_route_proto_mode_softmax": 0.0, "fpem/fallback_q_mean": 0.0, "fpem/fallback_q_max": 0.0, "fpem/env_q_sum_mean": 1.0, "fpem/oracle_fallback_rate": 0.0, "fpem/route_count_fallback": 0.0, "fpem/env_route_head_mode": 1.0, "fpem/route_entropy_mean": 0.0, "fpem/route_mean_distribution_entropy": 0.0, "fpem/effective_expert_number": 1.0, "fpem/max_expert_usage_ratio": 0.0, "fpem/min_expert_usage_ratio": 0.0, "fpem/prototype_pairwise_cosine": 0.0, "fpem/expert_prediction_pairwise_cosine": 0.0, "fpem/expert_collapse_warning": 0.0, "fpem/env_route_target_mode_env_prototype": 0.0, "fpem/env_route_target_mode_hybrid": 0.0, "fpem/env_route_hybrid_alpha": 0.0, "fpem/env_route_train_mode_warmup_risk_sinkhorn": 0.0, "fpem/warmup_risk_stage_warmup": 0.0, "fpem/warmup_risk_stage_soft": 0.0, "fpem/warmup_risk_stage_hard": 0.0, "fpem/warmup_risk_selected_loss": 0.0, "fpem/warmup_risk_uniform_common_loss": 0.0, "fpem/warmup_risk_lambda_common": 0.0, "fpem/warmup_risk_total_common_term": 0.0, "fpem/warmup_risk_temperature": 0.0, "fpem/warmup_risk_temperature_progress": 0.0, "fpem/uniform_expert_mae": 0.0, "fpem/risk_routed_mae": 0.0, "fpem/risk_prediction_mae": 0.0, "fpem/risk_loss": 0.0, "fpem/risk_ranking_loss": 0.0, "fpem/risk_ranking_accuracy": 0.0, "fpem/risk_oracle_argmin_accuracy": 0.0, "fpem/risk_router_temperature": 0.0, "fpem/risk_router_lambda": 0.0, "fpem/risk_router_pairwise_lambda": 0.0, "fpem/env_route_train_mode_progressive_gmm_environment": 0.0, "fpem/top_level_prediction_source_progressive_gmm_teacher_hard": 0.0, "fpem/progressive_assignment_uses_target_or_prediction_error": 0.0, "fpem/progressive_partition_ready": 0.0, "fpem/progressive_selected_k": 0.0, "fpem/progressive_active_expert_count": 0.0, "fpem/progressive_last_partition_epoch": 0.0, "fpem/progressive_lambda_common": 0.0, "fpem/progressive_common_term": 0.0, "fpem/progressive_compactness_loss": 0.0, "fpem/progressive_consistency_loss": 0.0, "fpem/progressive_cluster_entropy": 0.0, "fpem/progressive_assignment_change_ratio": 0.0, "fpem/progressive_hungarian_overlap_score": 0.0, "fpem/progressive_partition_update_time_sec": 0.0, "fpem/progressive_routed_mae": 0.0, "fpem/progressive_gmm_environment_total_replaces_primary": 0.0, "fpem/env_route_count_head_0": 16.0, "fpem/env_route_oracle_count_head_0": 16.0, "fpem/route_count_env_head_0": 16.0, "fpem/route_soft_mean_expert_0": 1.0, "fpem/route_hard_count_expert_0": 16.0, "fpem/hard_count_expert_0": 16.0, "fpem/sinkhorn_soft_col_mass_expert_0": 0.0, "fpem/progressive_active_expert_0": 0.0, "fpem/progressive_cluster_size_0": 0.0, "fpem/progressive_cluster_ratio_0": 0.0, "fpem/progressive_cluster_to_expert_0": 0.0, "fpem/progressive_bic_k1": 0.0, "fpem/progressive_bic_score_k1": 0.0, "fpem/progressive_bic_rejected_k1": 0.0, "fpem/hyper_alpha_head_0": 0.0, "fpem/hyper_gamma_norm_head_0": 0.0, "fpem/hyper_beta_norm_head_0": 0.0, "fpem/expert_cross_mae_group_0_expert_0": 9.414026165008545, "fpem/load_expert_loss": 9.414026165008545, "fpem/counterfactual_risk_router_loss": 1.176899414403098, "fpem/counterfactual_risk_regression_loss": 0.8418079002982094, "fpem/counterfactual_risk_ranking_loss": 0.6701830347379049, "fpem/load_level_assignment_detached": 1.0, "fpem/load_level_count_0": 1680.0, "fpem/load_level_ratio_0": 1.0, "fpem/expert_0_global_loss": 9.414026165008545, "fpem/expert_0_selected_loss": 9.414026165008545, "fpem/counterfactual_risk_stage2_active": 1.0, "fpem/counterfactual_risk_stage2_start_epoch": 20.0, "fpem/counterfactual_risk_all_environment_mae": 9.414026165008545, "fpem/counterfactual_risk_all_invariant_mae": 9.662237485249838, "fpem/counterfactual_risk_routed_mae": 9.484365027291433, "fpem/counterfactual_risk_oracle_mae": 9.378017293839228, "fpem/counterfactual_risk_router_accuracy": 0.6035714285714285, "fpem/counterfactual_risk_router_balanced_accuracy": 0.5882558042094821, "fpem/counterfactual_risk_inv_route_ratio": 0.4101190476190476, "fpem/counterfactual_risk_env_route_ratio": 0.5898809523809524, "fpem/counterfactual_risk_inv_switch_precision": 0.28011737373613177, "fpem/counterfactual_risk_correct_inv_switches": 1.7523809523809524, "fpem/counterfactual_risk_harmful_inv_switches": 4.809523809523809, "fpem/counterfactual_risk_saved_loss": 0.02001497575214931, "fpem/counterfactual_risk_added_loss": 0.09035388146127973, "fpem/counterfactual_risk_net_gain": -0.07033886228288923, "fpem/counterfactual_risk_regret": 0.10634773345220656, "fpem/counterfactual_risk_oracle_gap_closed": -2327.8836009028946, "fpem/counterfactual_risk_delta_mean": -0.2482112914323807, "fpem/counterfactual_risk_target_inv_ratio": 0.20535714285714285, "fpem/counterfactual_risk_weight_env_sum": 8.228571351369222, "fpem/counterfactual_risk_weight_inv_sum": 7.771428521474203, "fpem/counterfactual_risk_prediction_is_hard_route": 1.0, "fpem/counterfactual_risk_prediction_is_soft_fusion": 0.0, "fpem/counterfactual_risk_target_detached": 1.0, "fpem/counterfactual_risk_uses_threshold": 0.0, "fpem/counterfactual_risk_all_samples_used_for_router": 1.0, "fpem/hard_router_predicted_env_ratio": 0.5898809523809524, "fpem/hard_router_effective_env_ratio": 1.0, "fpem/hard_router_target_env_ratio": 0.7946428571428571, "fpem/hard_router_gain_mean": -0.2482112914323807, "fpem/expert_prediction_pairwise_difference": 0.0, "fpem/delta_pairwise_cosine": 0.0, "fpem/delta_pairwise_l1": 0.0, "fpem/delta_pairwise_l2": 0.0, "fpem/expert_0_parameter_norm": 14.882429122924805, "fpem/hard_binary_router_enabled": 0.0, "fpem/hard_router_uses_target_in_forward": 0.0, "fpem/stored_future_c_loaded": 0.0, "fpem/prediction_is_weighted_complete_fusion": 0.0, "fpem/prediction_is_hard_route": 1.0, "fpem/conservative_inv_override_enabled": 0.0, "fpem/conservative_router_features_detached": 1.0, "fpem/counterfactual_risk_router_enabled": 1.0, "fpem/counterfactual_risk_stage2_active_forward": 1.0, "fpem/counterfactual_risk_deploy_route_active": 0.0, "fpem/counterfactual_risk_training_uses_route": 0.0, "fpem/counterfactual_risk_forward_uses_threshold": 0.0, "fpem/future_mi_loss": 0.0, "fpem/future_mi_valid": 0.0, "fpem/future_mi_logvar_mean": 0.0, "fpem/future_mi_target_mode_env_encoder": 0.0, "fpem/swap_loss": 0.0, "fpem/swap_diff_loss": 0.0, "fpem/swap_same_loss": 0.0, "fpem/swap_gain_mean": 0.0, "fpem/swap_s_gain_mean": 0.0, "fpem/swap_fallback_router_loss": 0.0, "fpem/swap_fallback_q_mean": 0.0, "fpem/swap_prediction_delta": 0.0, "fpem/swap_route_delta": 0.0, "fpem/swap_hyper_alpha_delta": 0.0, "fpem/swap_hyper_delta_norm": 0.0, "fpem/loss_env_day": 0.0, "fpem/loss_env_hour": 0.0, "fpem/loss_env_rush": 0.0, "fpem/env_day_acc": 0.0, "fpem/env_hour_acc": 0.0, "fpem/env_rush_acc": 0.0, "fpem/loss_env_supcon": 0.0, "fpem/env_supcon_valid_pairs": 0.0, "fpem/loss_inv_env_adv": 0.0, "fpem/inv_day_acc": 0.0, "fpem/inv_hour_acc": 0.0, "fpem/inv_rush_acc": 0.0, "fpem/loss_cross_cov_sep": 0.0, "fpem/confounder_dep_enabled": 0.0, "fpem/confounder_dep_mode_gci": 0.0, "fpem/confounder_dep_mode_scd": 1.0, "fpem/confounder_dep_mode_both": 0.0, "fpem/confounder_dep_total": 0.0, "fpem/loss_gci": 0.0, "fpem/loss_gci_drop": 0.0, "fpem/loss_gci_keep": 0.0, "fpem/loss_gci_graph_align": 0.0, "fpem/loss_scd": 0.0, "fpem/loss_conf_kl": 0.0, "fpem/effective_gci_weight": 0.0, "fpem/effective_gci_graph_align_weight": 0.0, "fpem/effective_scd_weight": 0.0, "fpem/effective_conf_kl_weight": 0.0, "fpem/confounder_dep_ramp_factor": 0.0, "fpem/C_mean": 0.0, "fpem/C_std": 0.0, "fpem/C_norm": 0.0, "fpem/confounder_token_norm": 0.0, "fpem/confounder_variational": 0.0, "fpem/confounder_projection_trace": 0.0, "fpem/confounder_projection_ridge": 0.0, "fpem/confounder_projection_rank_dim": 0.0, "fpem/confounder_projection_calls": 0.0, "fpem/confounder_dep_detach_target": 0.0, "fpem/gci_nonedge_mass_before_C": 0.0, "fpem/gci_nonedge_mass_after_C": 0.0, "fpem/gci_nonedge_mass_reduction": 0.0, "fpem/gci_relative_violation": 0.0, "fpem/gci_edge_before_C": 0.0, "fpem/gci_edge_after_C": 0.0, "fpem/gci_nonedge_conn_before_C": 0.0, "fpem/gci_nonedge_conn_after_C": 0.0, "fpem/gci_nonedge_conn_reduction": 0.0, "fpem/gci_edge_conn_before_C": 0.0, "fpem/gci_edge_conn_after_C": 0.0, "fpem/gci_edge_conn_reduction": 0.0, "fpem/gci_nonedge_dep_before_C": 0.0, "fpem/gci_nonedge_dep_after_C": 0.0, "fpem/gci_nonedge_dep_reduction": 0.0, "fpem/gci_edge_dep_before_C": 0.0, "fpem/gci_edge_dep_after_C": 0.0, "fpem/gci_nonedge_count": 0.0, "fpem/gci_edge_count": 0.0, "fpem/gci_node_count": 0.0, "fpem/gci_node_vector_dim": 0.0, "fpem/gci_graph_embed_dim": 0.0, "fpem/gci_graph_embedding_norm_before": 0.0, "fpem/gci_graph_embedding_norm_after": 0.0, "fpem/gci_graph_embedding_std_before": 0.0, "fpem/gci_graph_embedding_std_after": 0.0, "fpem/gci_graph_adj_mean_before": 0.0, "fpem/gci_graph_adj_mean_after": 0.0, "fpem/gci_graph_adj_std_before": 0.0, "fpem/gci_graph_adj_std_after": 0.0, "fpem/gci_graph_align_weight": 0.0, "fpem/gci_graph_align_raw_mse": 0.0, "fpem/gci_graph_align_normalized": 0.0, "fpem/gci_edge_preserve_beta": 0.0, "fpem/gci_graph_align_target_available": 0.0, "fpem/gci_target_adj_mean": 0.0, "fpem/gci_target_adj_std": 0.0, "fpem/gci_target_edge_mean": 0.0, "fpem/gci_target_nonedge_mean": 0.0, "fpem/gci_target_diag_mean": 0.0, "fpem/gci_graph_align_updates_agcrn": 0.0, "fpem/gci_updates_graph_linear": 0.0, "fpem/gci_graph_construction_agcrn_softmax": 0.0, "fpem/scd_assoc_before_C": 0.0, "fpem/scd_assoc_after_C": 0.0, "fpem/scd_assoc_reduction": 0.0, "fpem/scd_relative_violation": 0.0, "fpem/sample_assoc_before_C": 0.0, "fpem/sample_assoc_after_C": 0.0, "fpem/sample_assoc_reduction": 0.0, "fpem/sample_dep_before_C": 0.0, "fpem/sample_dep_after_C": 0.0, "fpem/sample_dep_reduction": 0.0, "fpem/scd_batch_size": 0.0, "fpem/scd_sample_vector_dim": 0.0, "fpem/sample_kernel_alignment": 0.0, "fpem/scd_alignment_loss": 0.0, "fpem/load_level_experts_enabled": 1.0, "fpem/load_level_uses_target_or_future_load": 0.0, "fpem/environment_gate_uses_target_in_forward": 0.0, "fpem/load_level_env_residual_scale": 0.0, "fpem/uses_cached_observable_load_prior": 1.0, "fpem/primary_loss": 8.985092812492734, "fpem/inv_pred_loss": 9.214248702639626, "fpem/primary_uses_route": 1.0, "fpem/primary_uses_env_fusion": 0.0, "fpem/backbone_agcrn": 1.0, "fpem/backbone_graphwavenet": 0.0, "fpem/backbone_staeformer": 0.0, "fpem/gc_pred_loss_only": 1.0, "fpem/env_route_head_mode_hyper_proto": 1.0, "fpem/fpem_force_uniform_route": 0.0, "fpem/hard_prediction_sinkhorn_total_replaces_primary": 0.0, "fpem/hard_prediction_environment_sinkhorn_total_replaces_primary": 0.0, "fpem/warmup_risk_sinkhorn_total_replaces_primary": 0.0, "fpem/lambda_club_mi": 0.0}}
EPOCH {"epoch": 55, "train_loss": 1.2091629499480838, "val": {"loss": 11.813130988015068, "mae": 11.594327926635742, "mape": 0.18521399796009064}, "test_mixed": {"loss": NaN, "mae": NaN, "mape": NaN}, "test_workday": {"loss": NaN, "mae": NaN, "mape": NaN}, "test_holiday": {"loss": NaN, "mae": NaN, "mape": NaN}, "test_avg_mae": NaN, "best_selection_value": 11.813130988015068, "best_selection_split": "val", "best_selection_metric": "val_loss", "lr": 0.001, "fpem_logs": {"fpem/fpem_env_use_exogenous": 1.0, "fpem/env_exogenous_available": 1.0, "fpem/env_exogenous_time_available": 1.0, "fpem/env_exogenous_load_available": 1.0, "fpem/env_exogenous_feature_dim": 32.0, "fpem/env_exogenous_embedding_norm": 2.4949841317676364, "fpem/env_exogenous_load_embedding_norm": 1.6422674973805746, "fpem/fpem_env_use_period_context": 1.0, "fpem/env_period_context_available": 1.0, "fpem/env_period_day_available_ratio": 0.9732142857142857, "fpem/env_period_week_available_ratio": 0.8244047619047619, "fpem/env_period_context_feature_dim": 6.0, "fpem/env_period_context_scale": 0.10000000149011612, "fpem/env_period_context_delta_norm": 0.20782210869448525, "fpem/env_period_context_day_diff_norm": 0.16272705254100617, "fpem/env_period_context_week_diff_norm": 0.1018899272595133, "fpem/env_rep_ablation_normal": 1.0, "fpem/env_rep_ablation_zero": 0.0, "fpem/env_rep_ablation_shuffle_batch": 0.0, "fpem/env_rep_ablation_mode_id": 0.0, "fpem/mask_loss": 0.0, "fpem/mask_sparse_loss": 0.0, "fpem/mask_entropy_loss": 0.0, "fpem/mask_mean": 1.0, "fpem/mask_entropy": 0.0, "fpem/mask_active_ratio": 1.0, "fpem/fusion_alpha_mean": 0.0, "fpem/fusion_alpha_std": 0.0, "fpem/fusion_alpha_min": 0.0, "fpem/fusion_alpha_max": 0.0, "fpem/env_route_loss": 1.2091629499480838, "fpem/env_route_L_final": 8.985752900441488, "fpem/env_route_L_global": 0.0, "fpem/env_route_L_route_soft": 0.0, "fpem/env_route_L_expert": 9.41402557463873, "fpem/env_route_L_router_oracle": 1.2091629499480838, "fpem/env_route_L_balance": 0.0, "fpem/env_route_L_diverse": 0.0, "fpem/env_route_L_proto_align": 0.0, "fpem/env_route_entropy": 0.0, "fpem/env_route_q_max_mean": 0.0, "fpem/hyper_alpha_mean": 0.0, "fpem/hyper_delta_norm": 0.0, "fpem/hyper_route_proto_mode_uniform_warmup": 0.0, "fpem/hyper_route_proto_mode_uniform_fixed": 0.0, "fpem/hyper_route_proto_mode_sinkhorn": 0.0, "fpem/hyper_route_proto_mode_softmax": 0.0, "fpem/fallback_q_mean": 0.0, "fpem/fallback_q_max": 0.0, "fpem/env_q_sum_mean": 1.0, "fpem/oracle_fallback_rate": 0.0, "fpem/route_count_fallback": 0.0, "fpem/env_route_head_mode": 1.0, "fpem/route_entropy_mean": 0.0, "fpem/route_mean_distribution_entropy": 0.0, "fpem/effective_expert_number": 1.0, "fpem/max_expert_usage_ratio": 0.0, "fpem/min_expert_usage_ratio": 0.0, "fpem/prototype_pairwise_cosine": 0.0, "fpem/expert_prediction_pairwise_cosine": 0.0, "fpem/expert_collapse_warning": 0.0, "fpem/env_route_target_mode_env_prototype": 0.0, "fpem/env_route_target_mode_hybrid": 0.0, "fpem/env_route_hybrid_alpha": 0.0, "fpem/env_route_train_mode_warmup_risk_sinkhorn": 0.0, "fpem/warmup_risk_stage_warmup": 0.0, "fpem/warmup_risk_stage_soft": 0.0, "fpem/warmup_risk_stage_hard": 0.0, "fpem/warmup_risk_selected_loss": 0.0, "fpem/warmup_risk_uniform_common_loss": 0.0, "fpem/warmup_risk_lambda_common": 0.0, "fpem/warmup_risk_total_common_term": 0.0, "fpem/warmup_risk_temperature": 0.0, "fpem/warmup_risk_temperature_progress": 0.0, "fpem/uniform_expert_mae": 0.0, "fpem/risk_routed_mae": 0.0, "fpem/risk_prediction_mae": 0.0, "fpem/risk_loss": 0.0, "fpem/risk_ranking_loss": 0.0, "fpem/risk_ranking_accuracy": 0.0, "fpem/risk_oracle_argmin_accuracy": 0.0, "fpem/risk_router_temperature": 0.0, "fpem/risk_router_lambda": 0.0, "fpem/risk_router_pairwise_lambda": 0.0, "fpem/env_route_train_mode_progressive_gmm_environment": 0.0, "fpem/top_level_prediction_source_progressive_gmm_teacher_hard": 0.0, "fpem/progressive_assignment_uses_target_or_prediction_error": 0.0, "fpem/progressive_partition_ready": 0.0, "fpem/progressive_selected_k": 0.0, "fpem/progressive_active_expert_count": 0.0, "fpem/progressive_last_partition_epoch": 0.0, "fpem/progressive_lambda_common": 0.0, "fpem/progressive_common_term": 0.0, "fpem/progressive_compactness_loss": 0.0, "fpem/progressive_consistency_loss": 0.0, "fpem/progressive_cluster_entropy": 0.0, "fpem/progressive_assignment_change_ratio": 0.0, "fpem/progressive_hungarian_overlap_score": 0.0, "fpem/progressive_partition_update_time_sec": 0.0, "fpem/progressive_routed_mae": 0.0, "fpem/progressive_gmm_environment_total_replaces_primary": 0.0, "fpem/env_route_count_head_0": 16.0, "fpem/env_route_oracle_count_head_0": 16.0, "fpem/route_count_env_head_0": 16.0, "fpem/route_soft_mean_expert_0": 1.0, "fpem/route_hard_count_expert_0": 16.0, "fpem/hard_count_expert_0": 16.0, "fpem/sinkhorn_soft_col_mass_expert_0": 0.0, "fpem/progressive_active_expert_0": 0.0, "fpem/progressive_cluster_size_0": 0.0, "fpem/progressive_cluster_ratio_0": 0.0, "fpem/progressive_cluster_to_expert_0": 0.0, "fpem/progressive_bic_k1": 0.0, "fpem/progressive_bic_score_k1": 0.0, "fpem/progressive_bic_rejected_k1": 0.0, "fpem/hyper_alpha_head_0": 0.0, "fpem/hyper_gamma_norm_head_0": 0.0, "fpem/hyper_beta_norm_head_0": 0.0, "fpem/expert_cross_mae_group_0_expert_0": 9.41402557463873, "fpem/load_expert_loss": 9.41402557463873, "fpem/counterfactual_risk_router_loss": 1.2091629499480838, "fpem/counterfactual_risk_regression_loss": 0.8716973148641132, "fpem/counterfactual_risk_ranking_loss": 0.6749312701679412, "fpem/load_level_assignment_detached": 1.0, "fpem/load_level_count_0": 1680.0, "fpem/load_level_ratio_0": 1.0, "fpem/expert_0_global_loss": 9.41402557463873, "fpem/expert_0_selected_loss": 9.41402557463873, "fpem/counterfactual_risk_stage2_active": 1.0, "fpem/counterfactual_risk_stage2_start_epoch": 20.0, "fpem/counterfactual_risk_all_environment_mae": 9.41402557463873, "fpem/counterfactual_risk_all_invariant_mae": 9.662237485249838, "fpem/counterfactual_risk_routed_mae": 9.492693192618233, "fpem/counterfactual_risk_oracle_mae": 9.378016526358468, "fpem/counterfactual_risk_router_accuracy": 0.5851190476190476, "fpem/counterfactual_risk_router_balanced_accuracy": 0.5436526155187971, "fpem/counterfactual_risk_inv_route_ratio": 0.40595238095238095, "fpem/counterfactual_risk_env_route_ratio": 0.594047619047619, "fpem/counterfactual_risk_inv_switch_precision": 0.23573146781751086, "fpem/counterfactual_risk_correct_inv_switches": 1.5714285714285714, "fpem/counterfactual_risk_harmful_inv_switches": 4.923809523809524, "fpem/counterfactual_risk_saved_loss": 0.017046615481376648, "fpem/counterfactual_risk_added_loss": 0.09571426184404463, "fpem/counterfactual_risk_net_gain": -0.0786676179795038, "fpem/counterfactual_risk_regret": 0.11467666625976562, "fpem/counterfactual_risk_oracle_gap_closed": -459.5274068680902, "fpem/counterfactual_risk_delta_mean": -0.24821193658170246, "fpem/counterfactual_risk_target_inv_ratio": 0.20535714285714285, "fpem/counterfactual_risk_weight_env_sum": 8.076190467107864, "fpem/counterfactual_risk_weight_inv_sum": 7.923809523809524, "fpem/counterfactual_risk_prediction_is_hard_route": 1.0, "fpem/counterfactual_risk_prediction_is_soft_fusion": 0.0, "fpem/counterfactual_risk_target_detached": 1.0, "fpem/counterfactual_risk_uses_threshold": 0.0, "fpem/counterfactual_risk_all_samples_used_for_router": 1.0, "fpem/hard_router_predicted_env_ratio": 0.594047619047619, "fpem/hard_router_effective_env_ratio": 1.0, "fpem/hard_router_target_env_ratio": 0.7946428571428571, "fpem/hard_router_gain_mean": -0.24821193658170246, "fpem/expert_prediction_pairwise_difference": 0.0, "fpem/delta_pairwise_cosine": 0.0, "fpem/delta_pairwise_l1": 0.0, "fpem/delta_pairwise_l2": 0.0, "fpem/expert_0_parameter_norm": 14.882429122924805, "fpem/hard_binary_router_enabled": 0.0, "fpem/hard_router_uses_target_in_forward": 0.0, "fpem/stored_future_c_loaded": 0.0, "fpem/prediction_is_weighted_complete_fusion": 0.0, "fpem/prediction_is_hard_route": 1.0, "fpem/conservative_inv_override_enabled": 0.0, "fpem/conservative_router_features_detached": 1.0, "fpem/counterfactual_risk_router_enabled": 1.0, "fpem/counterfactual_risk_stage2_active_forward": 1.0, "fpem/counterfactual_risk_deploy_route_active": 0.0, "fpem/counterfactual_risk_training_uses_route": 0.0, "fpem/counterfactual_risk_forward_uses_threshold": 0.0, "fpem/future_mi_loss": 0.0, "fpem/future_mi_valid": 0.0, "fpem/future_mi_logvar_mean": 0.0, "fpem/future_mi_target_mode_env_encoder": 0.0, "fpem/swap_loss": 0.0, "fpem/swap_diff_loss": 0.0, "fpem/swap_same_loss": 0.0, "fpem/swap_gain_mean": 0.0, "fpem/swap_s_gain_mean": 0.0, "fpem/swap_fallback_router_loss": 0.0, "fpem/swap_fallback_q_mean": 0.0, "fpem/swap_prediction_delta": 0.0, "fpem/swap_route_delta": 0.0, "fpem/swap_hyper_alpha_delta": 0.0, "fpem/swap_hyper_delta_norm": 0.0, "fpem/loss_env_day": 0.0, "fpem/loss_env_hour": 0.0, "fpem/loss_env_rush": 0.0, "fpem/env_day_acc": 0.0, "fpem/env_hour_acc": 0.0, "fpem/env_rush_acc": 0.0, "fpem/loss_env_supcon": 0.0, "fpem/env_supcon_valid_pairs": 0.0, "fpem/loss_inv_env_adv": 0.0, "fpem/inv_day_acc": 0.0, "fpem/inv_hour_acc": 0.0, "fpem/inv_rush_acc": 0.0, "fpem/loss_cross_cov_sep": 0.0, "fpem/confounder_dep_enabled": 0.0, "fpem/confounder_dep_mode_gci": 0.0, "fpem/confounder_dep_mode_scd": 1.0, "fpem/confounder_dep_mode_both": 0.0, "fpem/confounder_dep_total": 0.0, "fpem/loss_gci": 0.0, "fpem/loss_gci_drop": 0.0, "fpem/loss_gci_keep": 0.0, "fpem/loss_gci_graph_align": 0.0, "fpem/loss_scd": 0.0, "fpem/loss_conf_kl": 0.0, "fpem/effective_gci_weight": 0.0, "fpem/effective_gci_graph_align_weight": 0.0, "fpem/effective_scd_weight": 0.0, "fpem/effective_conf_kl_weight": 0.0, "fpem/confounder_dep_ramp_factor": 0.0, "fpem/C_mean": 0.0, "fpem/C_std": 0.0, "fpem/C_norm": 0.0, "fpem/confounder_token_norm": 0.0, "fpem/confounder_variational": 0.0, "fpem/confounder_projection_trace": 0.0, "fpem/confounder_projection_ridge": 0.0, "fpem/confounder_projection_rank_dim": 0.0, "fpem/confounder_projection_calls": 0.0, "fpem/confounder_dep_detach_target": 0.0, "fpem/gci_nonedge_mass_before_C": 0.0, "fpem/gci_nonedge_mass_after_C": 0.0, "fpem/gci_nonedge_mass_reduction": 0.0, "fpem/gci_relative_violation": 0.0, "fpem/gci_edge_before_C": 0.0, "fpem/gci_edge_after_C": 0.0, "fpem/gci_nonedge_conn_before_C": 0.0, "fpem/gci_nonedge_conn_after_C": 0.0, "fpem/gci_nonedge_conn_reduction": 0.0, "fpem/gci_edge_conn_before_C": 0.0, "fpem/gci_edge_conn_after_C": 0.0, "fpem/gci_edge_conn_reduction": 0.0, "fpem/gci_nonedge_dep_before_C": 0.0, "fpem/gci_nonedge_dep_after_C": 0.0, "fpem/gci_nonedge_dep_reduction": 0.0, "fpem/gci_edge_dep_before_C": 0.0, "fpem/gci_edge_dep_after_C": 0.0, "fpem/gci_nonedge_count": 0.0, "fpem/gci_edge_count": 0.0, "fpem/gci_node_count": 0.0, "fpem/gci_node_vector_dim": 0.0, "fpem/gci_graph_embed_dim": 0.0, "fpem/gci_graph_embedding_norm_before": 0.0, "fpem/gci_graph_embedding_norm_after": 0.0, "fpem/gci_graph_embedding_std_before": 0.0, "fpem/gci_graph_embedding_std_after": 0.0, "fpem/gci_graph_adj_mean_before": 0.0, "fpem/gci_graph_adj_mean_after": 0.0, "fpem/gci_graph_adj_std_before": 0.0, "fpem/gci_graph_adj_std_after": 0.0, "fpem/gci_graph_align_weight": 0.0, "fpem/gci_graph_align_raw_mse": 0.0, "fpem/gci_graph_align_normalized": 0.0, "fpem/gci_edge_preserve_beta": 0.0, "fpem/gci_graph_align_target_available": 0.0, "fpem/gci_target_adj_mean": 0.0, "fpem/gci_target_adj_std": 0.0, "fpem/gci_target_edge_mean": 0.0, "fpem/gci_target_nonedge_mean": 0.0, "fpem/gci_target_diag_mean": 0.0, "fpem/gci_graph_align_updates_agcrn": 0.0, "fpem/gci_updates_graph_linear": 0.0, "fpem/gci_graph_construction_agcrn_softmax": 0.0, "fpem/scd_assoc_before_C": 0.0, "fpem/scd_assoc_after_C": 0.0, "fpem/scd_assoc_reduction": 0.0, "fpem/scd_relative_violation": 0.0, "fpem/sample_assoc_before_C": 0.0, "fpem/sample_assoc_after_C": 0.0, "fpem/sample_assoc_reduction": 0.0, "fpem/sample_dep_before_C": 0.0, "fpem/sample_dep_after_C": 0.0, "fpem/sample_dep_reduction": 0.0, "fpem/scd_batch_size": 0.0, "fpem/scd_sample_vector_dim": 0.0, "fpem/sample_kernel_alignment": 0.0, "fpem/scd_alignment_loss": 0.0, "fpem/load_level_experts_enabled": 1.0, "fpem/load_level_uses_target_or_future_load": 0.0, "fpem/environment_gate_uses_target_in_forward": 0.0, "fpem/load_level_env_residual_scale": 0.0, "fpem/uses_cached_observable_load_prior": 1.0, "fpem/primary_loss": 8.985752900441488, "fpem/inv_pred_loss": 9.214827242351713, "fpem/primary_uses_route": 1.0, "fpem/primary_uses_env_fusion": 0.0, "fpem/backbone_agcrn": 1.0, "fpem/backbone_graphwavenet": 0.0, "fpem/backbone_staeformer": 0.0, "fpem/gc_pred_loss_only": 1.0, "fpem/env_route_head_mode_hyper_proto": 1.0, "fpem/fpem_force_uniform_route": 0.0, "fpem/hard_prediction_sinkhorn_total_replaces_primary": 0.0, "fpem/hard_prediction_environment_sinkhorn_total_replaces_primary": 0.0, "fpem/warmup_risk_sinkhorn_total_replaces_primary": 0.0, "fpem/lambda_club_mi": 0.0}}
EPOCH {"epoch": 56, "train_loss": 1.2289318300428844, "val": {"loss": 11.809029870563084, "mae": 11.589803695678711, "mape": 0.18496710062026978}, "test_mixed": {"loss": NaN, "mae": NaN, "mape": NaN}, "test_workday": {"loss": NaN, "mae": NaN, "mape": NaN}, "test_holiday": {"loss": NaN, "mae": NaN, "mape": NaN}, "test_avg_mae": NaN, "best_selection_value": 11.809029870563084, "best_selection_split": "val", "best_selection_metric": "val_loss", "lr": 0.001, "fpem_logs": {"fpem/fpem_env_use_exogenous": 1.0, "fpem/env_exogenous_available": 1.0, "fpem/env_exogenous_time_available": 1.0, "fpem/env_exogenous_load_available": 1.0, "fpem/env_exogenous_feature_dim": 32.0, "fpem/env_exogenous_embedding_norm": 2.494984124955677, "fpem/env_exogenous_load_embedding_norm": 1.6422675132751465, "fpem/fpem_env_use_period_context": 1.0, "fpem/env_period_context_available": 1.0, "fpem/env_period_day_available_ratio": 0.9732142857142857, "fpem/env_period_week_available_ratio": 0.8244047619047619, "fpem/env_period_context_feature_dim": 6.0, "fpem/env_period_context_scale": 0.10000000149011612, "fpem/env_period_context_delta_norm": 0.20782210912023272, "fpem/env_period_context_day_diff_norm": 0.16272705232813245, "fpem/env_period_context_week_diff_norm": 0.10188992743690808, "fpem/env_rep_ablation_normal": 1.0, "fpem/env_rep_ablation_zero": 0.0, "fpem/env_rep_ablation_shuffle_batch": 0.0, "fpem/env_rep_ablation_mode_id": 0.0, "fpem/mask_loss": 0.0, "fpem/mask_sparse_loss": 0.0, "fpem/mask_entropy_loss": 0.0, "fpem/mask_mean": 1.0, "fpem/mask_entropy": 0.0, "fpem/mask_active_ratio": 1.0, "fpem/fusion_alpha_mean": 0.0, "fpem/fusion_alpha_std": 0.0, "fpem/fusion_alpha_min": 0.0, "fpem/fusion_alpha_max": 0.0, "fpem/env_route_loss": 1.2289318300428844, "fpem/env_route_L_final": 8.991920625595819, "fpem/env_route_L_global": 0.0, "fpem/env_route_L_route_soft": 0.0, "fpem/env_route_L_expert": 9.414026051475888, "fpem/env_route_L_router_oracle": 1.2289318300428844, "fpem/env_route_L_balance": 0.0, "fpem/env_route_L_diverse": 0.0, "fpem/env_route_L_proto_align": 0.0, "fpem/env_route_entropy": 0.0, "fpem/env_route_q_max_mean": 0.0, "fpem/hyper_alpha_mean": 0.0, "fpem/hyper_delta_norm": 0.0, "fpem/hyper_route_proto_mode_uniform_warmup": 0.0, "fpem/hyper_route_proto_mode_uniform_fixed": 0.0, "fpem/hyper_route_proto_mode_sinkhorn": 0.0, "fpem/hyper_route_proto_mode_softmax": 0.0, "fpem/fallback_q_mean": 0.0, "fpem/fallback_q_max": 0.0, "fpem/env_q_sum_mean": 1.0, "fpem/oracle_fallback_rate": 0.0, "fpem/route_count_fallback": 0.0, "fpem/env_route_head_mode": 1.0, "fpem/route_entropy_mean": 0.0, "fpem/route_mean_distribution_entropy": 0.0, "fpem/effective_expert_number": 1.0, "fpem/max_expert_usage_ratio": 0.0, "fpem/min_expert_usage_ratio": 0.0, "fpem/prototype_pairwise_cosine": 0.0, "fpem/expert_prediction_pairwise_cosine": 0.0, "fpem/expert_collapse_warning": 0.0, "fpem/env_route_target_mode_env_prototype": 0.0, "fpem/env_route_target_mode_hybrid": 0.0, "fpem/env_route_hybrid_alpha": 0.0, "fpem/env_route_train_mode_warmup_risk_sinkhorn": 0.0, "fpem/warmup_risk_stage_warmup": 0.0, "fpem/warmup_risk_stage_soft": 0.0, "fpem/warmup_risk_stage_hard": 0.0, "fpem/warmup_risk_selected_loss": 0.0, "fpem/warmup_risk_uniform_common_loss": 0.0, "fpem/warmup_risk_lambda_common": 0.0, "fpem/warmup_risk_total_common_term": 0.0, "fpem/warmup_risk_temperature": 0.0, "fpem/warmup_risk_temperature_progress": 0.0, "fpem/uniform_expert_mae": 0.0, "fpem/risk_routed_mae": 0.0, "fpem/risk_prediction_mae": 0.0, "fpem/risk_loss": 0.0, "fpem/risk_ranking_loss": 0.0, "fpem/risk_ranking_accuracy": 0.0, "fpem/risk_oracle_argmin_accuracy": 0.0, "fpem/risk_router_temperature": 0.0, "fpem/risk_router_lambda": 0.0, "fpem/risk_router_pairwise_lambda": 0.0, "fpem/env_route_train_mode_progressive_gmm_environment": 0.0, "fpem/top_level_prediction_source_progressive_gmm_teacher_hard": 0.0, "fpem/progressive_assignment_uses_target_or_prediction_error": 0.0, "fpem/progressive_partition_ready": 0.0, "fpem/progressive_selected_k": 0.0, "fpem/progressive_active_expert_count": 0.0, "fpem/progressive_last_partition_epoch": 0.0, "fpem/progressive_lambda_common": 0.0, "fpem/progressive_common_term": 0.0, "fpem/progressive_compactness_loss": 0.0, "fpem/progressive_consistency_loss": 0.0, "fpem/progressive_cluster_entropy": 0.0, "fpem/progressive_assignment_change_ratio": 0.0, "fpem/progressive_hungarian_overlap_score": 0.0, "fpem/progressive_partition_update_time_sec": 0.0, "fpem/progressive_routed_mae": 0.0, "fpem/progressive_gmm_environment_total_replaces_primary": 0.0, "fpem/env_route_count_head_0": 16.0, "fpem/env_route_oracle_count_head_0": 16.0, "fpem/route_count_env_head_0": 16.0, "fpem/route_soft_mean_expert_0": 1.0, "fpem/route_hard_count_expert_0": 16.0, "fpem/hard_count_expert_0": 16.0, "fpem/sinkhorn_soft_col_mass_expert_0": 0.0, "fpem/progressive_active_expert_0": 0.0, "fpem/progressive_cluster_size_0": 0.0, "fpem/progressive_cluster_ratio_0": 0.0, "fpem/progressive_cluster_to_expert_0": 0.0, "fpem/progressive_bic_k1": 0.0, "fpem/progressive_bic_score_k1": 0.0, "fpem/progressive_bic_rejected_k1": 0.0, "fpem/hyper_alpha_head_0": 0.0, "fpem/hyper_gamma_norm_head_0": 0.0, "fpem/hyper_beta_norm_head_0": 0.0, "fpem/expert_cross_mae_group_0_expert_0": 9.414026051475888, "fpem/load_expert_loss": 9.414026051475888, "fpem/counterfactual_risk_router_loss": 1.2289318300428844, "fpem/counterfactual_risk_regression_loss": 0.8894110097771599, "fpem/counterfactual_risk_ranking_loss": 0.679041638260796, "fpem/load_level_assignment_detached": 1.0, "fpem/load_level_count_0": 1680.0, "fpem/load_level_ratio_0": 1.0, "fpem/expert_0_global_loss": 9.414026051475888, "fpem/expert_0_selected_loss": 9.414026051475888, "fpem/counterfactual_risk_stage2_active": 1.0, "fpem/counterfactual_risk_stage2_start_epoch": 20.0, "fpem/counterfactual_risk_all_environment_mae": 9.414026051475888, "fpem/counterfactual_risk_all_invariant_mae": 9.662237548828125, "fpem/counterfactual_risk_routed_mae": 9.479660397484189, "fpem/counterfactual_risk_oracle_mae": 9.378016844249906, "fpem/counterfactual_risk_router_accuracy": 0.6089285714285714, "fpem/counterfactual_risk_router_balanced_accuracy": 0.5379365472566514, "fpem/counterfactual_risk_inv_route_ratio": 0.3630952380952381, "fpem/counterfactual_risk_env_route_ratio": 0.6369047619047619, "fpem/counterfactual_risk_inv_switch_precision": 0.22857246384734198, "fpem/counterfactual_risk_correct_inv_switches": 1.4190476190476191, "fpem/counterfactual_risk_harmful_inv_switches": 4.390476190476191, "fpem/counterfactual_risk_saved_loss": 0.015463694646244957, "fpem/counterfactual_risk_added_loss": 0.08109801170371828, "fpem/counterfactual_risk_net_gain": -0.06563434600830079, "fpem/counterfactual_risk_regret": 0.101643553234282, "fpem/counterfactual_risk_oracle_gap_closed": -2669.17871243551, "fpem/counterfactual_risk_delta_mean": -0.24821142412367322, "fpem/counterfactual_risk_target_inv_ratio": 0.20535714285714285, "fpem/counterfactual_risk_weight_env_sum": 8.22857136499314, "fpem/counterfactual_risk_weight_inv_sum": 7.771428539639428, "fpem/counterfactual_risk_prediction_is_hard_route": 1.0, "fpem/counterfactual_risk_prediction_is_soft_fusion": 0.0, "fpem/counterfactual_risk_target_detached": 1.0, "fpem/counterfactual_risk_uses_threshold": 0.0, "fpem/counterfactual_risk_all_samples_used_for_router": 1.0, "fpem/hard_router_predicted_env_ratio": 0.6369047619047619, "fpem/hard_router_effective_env_ratio": 1.0, "fpem/hard_router_target_env_ratio": 0.7946428571428571, "fpem/hard_router_gain_mean": -0.24821142412367322, "fpem/expert_prediction_pairwise_difference": 0.0, "fpem/delta_pairwise_cosine": 0.0, "fpem/delta_pairwise_l1": 0.0, "fpem/delta_pairwise_l2": 0.0, "fpem/expert_0_parameter_norm": 14.882429122924805, "fpem/hard_binary_router_enabled": 0.0, "fpem/hard_router_uses_target_in_forward": 0.0, "fpem/stored_future_c_loaded": 0.0, "fpem/prediction_is_weighted_complete_fusion": 0.0, "fpem/prediction_is_hard_route": 1.0, "fpem/conservative_inv_override_enabled": 0.0, "fpem/conservative_router_features_detached": 1.0, "fpem/counterfactual_risk_router_enabled": 1.0, "fpem/counterfactual_risk_stage2_active_forward": 1.0, "fpem/counterfactual_risk_deploy_route_active": 0.0, "fpem/counterfactual_risk_training_uses_route": 0.0, "fpem/counterfactual_risk_forward_uses_threshold": 0.0, "fpem/future_mi_loss": 0.0, "fpem/future_mi_valid": 0.0, "fpem/future_mi_logvar_mean": 0.0, "fpem/future_mi_target_mode_env_encoder": 0.0, "fpem/swap_loss": 0.0, "fpem/swap_diff_loss": 0.0, "fpem/swap_same_loss": 0.0, "fpem/swap_gain_mean": 0.0, "fpem/swap_s_gain_mean": 0.0, "fpem/swap_fallback_router_loss": 0.0, "fpem/swap_fallback_q_mean": 0.0, "fpem/swap_prediction_delta": 0.0, "fpem/swap_route_delta": 0.0, "fpem/swap_hyper_alpha_delta": 0.0, "fpem/swap_hyper_delta_norm": 0.0, "fpem/loss_env_day": 0.0, "fpem/loss_env_hour": 0.0, "fpem/loss_env_rush": 0.0, "fpem/env_day_acc": 0.0, "fpem/env_hour_acc": 0.0, "fpem/env_rush_acc": 0.0, "fpem/loss_env_supcon": 0.0, "fpem/env_supcon_valid_pairs": 0.0, "fpem/loss_inv_env_adv": 0.0, "fpem/inv_day_acc": 0.0, "fpem/inv_hour_acc": 0.0, "fpem/inv_rush_acc": 0.0, "fpem/loss_cross_cov_sep": 0.0, "fpem/confounder_dep_enabled": 0.0, "fpem/confounder_dep_mode_gci": 0.0, "fpem/confounder_dep_mode_scd": 1.0, "fpem/confounder_dep_mode_both": 0.0, "fpem/confounder_dep_total": 0.0, "fpem/loss_gci": 0.0, "fpem/loss_gci_drop": 0.0, "fpem/loss_gci_keep": 0.0, "fpem/loss_gci_graph_align": 0.0, "fpem/loss_scd": 0.0, "fpem/loss_conf_kl": 0.0, "fpem/effective_gci_weight": 0.0, "fpem/effective_gci_graph_align_weight": 0.0, "fpem/effective_scd_weight": 0.0, "fpem/effective_conf_kl_weight": 0.0, "fpem/confounder_dep_ramp_factor": 0.0, "fpem/C_mean": 0.0, "fpem/C_std": 0.0, "fpem/C_norm": 0.0, "fpem/confounder_token_norm": 0.0, "fpem/confounder_variational": 0.0, "fpem/confounder_projection_trace": 0.0, "fpem/confounder_projection_ridge": 0.0, "fpem/confounder_projection_rank_dim": 0.0, "fpem/confounder_projection_calls": 0.0, "fpem/confounder_dep_detach_target": 0.0, "fpem/gci_nonedge_mass_before_C": 0.0, "fpem/gci_nonedge_mass_after_C": 0.0, "fpem/gci_nonedge_mass_reduction": 0.0, "fpem/gci_relative_violation": 0.0, "fpem/gci_edge_before_C": 0.0, "fpem/gci_edge_after_C": 0.0, "fpem/gci_nonedge_conn_before_C": 0.0, "fpem/gci_nonedge_conn_after_C": 0.0, "fpem/gci_nonedge_conn_reduction": 0.0, "fpem/gci_edge_conn_before_C": 0.0, "fpem/gci_edge_conn_after_C": 0.0, "fpem/gci_edge_conn_reduction": 0.0, "fpem/gci_nonedge_dep_before_C": 0.0, "fpem/gci_nonedge_dep_after_C": 0.0, "fpem/gci_nonedge_dep_reduction": 0.0, "fpem/gci_edge_dep_before_C": 0.0, "fpem/gci_edge_dep_after_C": 0.0, "fpem/gci_nonedge_count": 0.0, "fpem/gci_edge_count": 0.0, "fpem/gci_node_count": 0.0, "fpem/gci_node_vector_dim": 0.0, "fpem/gci_graph_embed_dim": 0.0, "fpem/gci_graph_embedding_norm_before": 0.0, "fpem/gci_graph_embedding_norm_after": 0.0, "fpem/gci_graph_embedding_std_before": 0.0, "fpem/gci_graph_embedding_std_after": 0.0, "fpem/gci_graph_adj_mean_before": 0.0, "fpem/gci_graph_adj_mean_after": 0.0, "fpem/gci_graph_adj_std_before": 0.0, "fpem/gci_graph_adj_std_after": 0.0, "fpem/gci_graph_align_weight": 0.0, "fpem/gci_graph_align_raw_mse": 0.0, "fpem/gci_graph_align_normalized": 0.0, "fpem/gci_edge_preserve_beta": 0.0, "fpem/gci_graph_align_target_available": 0.0, "fpem/gci_target_adj_mean": 0.0, "fpem/gci_target_adj_std": 0.0, "fpem/gci_target_edge_mean": 0.0, "fpem/gci_target_nonedge_mean": 0.0, "fpem/gci_target_diag_mean": 0.0, "fpem/gci_graph_align_updates_agcrn": 0.0, "fpem/gci_updates_graph_linear": 0.0, "fpem/gci_graph_construction_agcrn_softmax": 0.0, "fpem/scd_assoc_before_C": 0.0, "fpem/scd_assoc_after_C": 0.0, "fpem/scd_assoc_reduction": 0.0, "fpem/scd_relative_violation": 0.0, "fpem/sample_assoc_before_C": 0.0, "fpem/sample_assoc_after_C": 0.0, "fpem/sample_assoc_reduction": 0.0, "fpem/sample_dep_before_C": 0.0, "fpem/sample_dep_after_C": 0.0, "fpem/sample_dep_reduction": 0.0, "fpem/scd_batch_size": 0.0, "fpem/scd_sample_vector_dim": 0.0, "fpem/sample_kernel_alignment": 0.0, "fpem/scd_alignment_loss": 0.0, "fpem/load_level_experts_enabled": 1.0, "fpem/load_level_uses_target_or_future_load": 0.0, "fpem/environment_gate_uses_target_in_forward": 0.0, "fpem/load_level_env_residual_scale": 0.0, "fpem/uses_cached_observable_load_prior": 1.0, "fpem/primary_loss": 8.991920625595819, "fpem/inv_pred_loss": 9.222213967641194, "fpem/primary_uses_route": 1.0, "fpem/primary_uses_env_fusion": 0.0, "fpem/backbone_agcrn": 1.0, "fpem/backbone_graphwavenet": 0.0, "fpem/backbone_staeformer": 0.0, "fpem/gc_pred_loss_only": 1.0, "fpem/env_route_head_mode_hyper_proto": 1.0, "fpem/fpem_force_uniform_route": 0.0, "fpem/hard_prediction_sinkhorn_total_replaces_primary": 0.0, "fpem/hard_prediction_environment_sinkhorn_total_replaces_primary": 0.0, "fpem/warmup_risk_sinkhorn_total_replaces_primary": 0.0, "fpem/lambda_club_mi": 0.0}}
EPOCH {"epoch": 57, "train_loss": 1.188589865253085, "val": {"loss": 11.808406326505873, "mae": 11.587316513061523, "mape": 0.1848783642053604}, "test_mixed": {"loss": NaN, "mae": NaN, "mape": NaN}, "test_workday": {"loss": NaN, "mae": NaN, "mape": NaN}, "test_holiday": {"loss": NaN, "mae": NaN, "mape": NaN}, "test_avg_mae": NaN, "best_selection_value": 11.808406326505873, "best_selection_split": "val", "best_selection_metric": "val_loss", "lr": 0.0005, "fpem_logs": {"fpem/fpem_env_use_exogenous": 1.0, "fpem/env_exogenous_available": 1.0, "fpem/env_exogenous_time_available": 1.0, "fpem/env_exogenous_load_available": 1.0, "fpem/env_exogenous_feature_dim": 32.0, "fpem/env_exogenous_embedding_norm": 2.494984113602411, "fpem/env_exogenous_load_embedding_norm": 1.6422675212224325, "fpem/fpem_env_use_period_context": 1.0, "fpem/env_period_context_available": 1.0, "fpem/env_period_day_available_ratio": 0.9732142857142857, "fpem/env_period_week_available_ratio": 0.8244047619047619, "fpem/env_period_context_feature_dim": 6.0, "fpem/env_period_context_scale": 0.10000000149011612, "fpem/env_period_context_delta_norm": 0.20782210883640106, "fpem/env_period_context_day_diff_norm": 0.16272705239909036, "fpem/env_period_context_week_diff_norm": 0.1018899265499342, "fpem/env_rep_ablation_normal": 1.0, "fpem/env_rep_ablation_zero": 0.0, "fpem/env_rep_ablation_shuffle_batch": 0.0, "fpem/env_rep_ablation_mode_id": 0.0, "fpem/mask_loss": 0.0, "fpem/mask_sparse_loss": 0.0, "fpem/mask_entropy_loss": 0.0, "fpem/mask_mean": 1.0, "fpem/mask_entropy": 0.0, "fpem/mask_active_ratio": 1.0, "fpem/fusion_alpha_mean": 0.0, "fpem/fusion_alpha_std": 0.0, "fpem/fusion_alpha_min": 0.0, "fpem/fusion_alpha_max": 0.0, "fpem/env_route_loss": 1.188589865253085, "fpem/env_route_L_final": 8.984118552435012, "fpem/env_route_L_global": 0.0, "fpem/env_route_L_route_soft": 0.0, "fpem/env_route_L_expert": 9.414026165008545, "fpem/env_route_L_router_oracle": 1.188589865253085, "fpem/env_route_L_balance": 0.0, "fpem/env_route_L_diverse": 0.0, "fpem/env_route_L_proto_align": 0.0, "fpem/env_route_entropy": 0.0, "fpem/env_route_q_max_mean": 0.0, "fpem/hyper_alpha_mean": 0.0, "fpem/hyper_delta_norm": 0.0, "fpem/hyper_route_proto_mode_uniform_warmup": 0.0, "fpem/hyper_route_proto_mode_uniform_fixed": 0.0, "fpem/hyper_route_proto_mode_sinkhorn": 0.0, "fpem/hyper_route_proto_mode_softmax": 0.0, "fpem/fallback_q_mean": 0.0, "fpem/fallback_q_max": 0.0, "fpem/env_q_sum_mean": 1.0, "fpem/oracle_fallback_rate": 0.0, "fpem/route_count_fallback": 0.0, "fpem/env_route_head_mode": 1.0, "fpem/route_entropy_mean": 0.0, "fpem/route_mean_distribution_entropy": 0.0, "fpem/effective_expert_number": 1.0, "fpem/max_expert_usage_ratio": 0.0, "fpem/min_expert_usage_ratio": 0.0, "fpem/prototype_pairwise_cosine": 0.0, "fpem/expert_prediction_pairwise_cosine": 0.0, "fpem/expert_collapse_warning": 0.0, "fpem/env_route_target_mode_env_prototype": 0.0, "fpem/env_route_target_mode_hybrid": 0.0, "fpem/env_route_hybrid_alpha": 0.0, "fpem/env_route_train_mode_warmup_risk_sinkhorn": 0.0, "fpem/warmup_risk_stage_warmup": 0.0, "fpem/warmup_risk_stage_soft": 0.0, "fpem/warmup_risk_stage_hard": 0.0, "fpem/warmup_risk_selected_loss": 0.0, "fpem/warmup_risk_uniform_common_loss": 0.0, "fpem/warmup_risk_lambda_common": 0.0, "fpem/warmup_risk_total_common_term": 0.0, "fpem/warmup_risk_temperature": 0.0, "fpem/warmup_risk_temperature_progress": 0.0, "fpem/uniform_expert_mae": 0.0, "fpem/risk_routed_mae": 0.0, "fpem/risk_prediction_mae": 0.0, "fpem/risk_loss": 0.0, "fpem/risk_ranking_loss": 0.0, "fpem/risk_ranking_accuracy": 0.0, "fpem/risk_oracle_argmin_accuracy": 0.0, "fpem/risk_router_temperature": 0.0, "fpem/risk_router_lambda": 0.0, "fpem/risk_router_pairwise_lambda": 0.0, "fpem/env_route_train_mode_progressive_gmm_environment": 0.0, "fpem/top_level_prediction_source_progressive_gmm_teacher_hard": 0.0, "fpem/progressive_assignment_uses_target_or_prediction_error": 0.0, "fpem/progressive_partition_ready": 0.0, "fpem/progressive_selected_k": 0.0, "fpem/progressive_active_expert_count": 0.0, "fpem/progressive_last_partition_epoch": 0.0, "fpem/progressive_lambda_common": 0.0, "fpem/progressive_common_term": 0.0, "fpem/progressive_compactness_loss": 0.0, "fpem/progressive_consistency_loss": 0.0, "fpem/progressive_cluster_entropy": 0.0, "fpem/progressive_assignment_change_ratio": 0.0, "fpem/progressive_hungarian_overlap_score": 0.0, "fpem/progressive_partition_update_time_sec": 0.0, "fpem/progressive_routed_mae": 0.0, "fpem/progressive_gmm_environment_total_replaces_primary": 0.0, "fpem/env_route_count_head_0": 16.0, "fpem/env_route_oracle_count_head_0": 16.0, "fpem/route_count_env_head_0": 16.0, "fpem/route_soft_mean_expert_0": 1.0, "fpem/route_hard_count_expert_0": 16.0, "fpem/hard_count_expert_0": 16.0, "fpem/sinkhorn_soft_col_mass_expert_0": 0.0, "fpem/progressive_active_expert_0": 0.0, "fpem/progressive_cluster_size_0": 0.0, "fpem/progressive_cluster_ratio_0": 0.0, "fpem/progressive_cluster_to_expert_0": 0.0, "fpem/progressive_bic_k1": 0.0, "fpem/progressive_bic_score_k1": 0.0, "fpem/progressive_bic_rejected_k1": 0.0, "fpem/hyper_alpha_head_0": 0.0, "fpem/hyper_gamma_norm_head_0": 0.0, "fpem/hyper_beta_norm_head_0": 0.0, "fpem/expert_cross_mae_group_0_expert_0": 9.414026165008545, "fpem/load_expert_loss": 9.414026165008545, "fpem/counterfactual_risk_router_loss": 1.188589865253085, "fpem/counterfactual_risk_regression_loss": 0.8547592185792469, "fpem/counterfactual_risk_ranking_loss": 0.6676612882387071, "fpem/load_level_assignment_detached": 1.0, "fpem/load_level_count_0": 1680.0, "fpem/load_level_ratio_0": 1.0, "fpem/expert_0_global_loss": 9.414026165008545, "fpem/expert_0_selected_loss": 9.414026165008545, "fpem/counterfactual_risk_stage2_active": 1.0, "fpem/counterfactual_risk_stage2_start_epoch": 20.0, "fpem/counterfactual_risk_all_environment_mae": 9.414026165008545, "fpem/counterfactual_risk_all_invariant_mae": 9.66223749433245, "fpem/counterfactual_risk_routed_mae": 9.488141859145392, "fpem/counterfactual_risk_oracle_mae": 9.378017330169678, "fpem/counterfactual_risk_router_accuracy": 0.594047619047619, "fpem/counterfactual_risk_router_balanced_accuracy": 0.562339617666744, "fpem/counterfactual_risk_inv_route_ratio": 0.3982142857142857, "fpem/counterfactual_risk_env_route_ratio": 0.6017857142857143, "fpem/counterfactual_risk_inv_switch_precision": 0.2578980320975894, "fpem/counterfactual_risk_correct_inv_switches": 1.5809523809523809, "fpem/counterfactual_risk_harmful_inv_switches": 4.79047619047619, "fpem/counterfactual_risk_saved_loss": 0.016825275619824727, "fpem/counterfactual_risk_added_loss": 0.09094095159144629, "fpem/counterfactual_risk_net_gain": -0.07411569413684663, "fpem/counterfactual_risk_regret": 0.11012452897571381, "fpem/counterfactual_risk_oracle_gap_closed": -1849.0593273806608, "fpem/counterfactual_risk_delta_mean": -0.24821129881200335, "fpem/counterfactual_risk_target_inv_ratio": 0.20535714285714285, "fpem/counterfactual_risk_weight_env_sum": 8.076190408070882, "fpem/counterfactual_risk_weight_inv_sum": 7.92380945568993, "fpem/counterfactual_risk_prediction_is_hard_route": 1.0, "fpem/counterfactual_risk_prediction_is_soft_fusion": 0.0, "fpem/counterfactual_risk_target_detached": 1.0, "fpem/counterfactual_risk_uses_threshold": 0.0, "fpem/counterfactual_risk_all_samples_used_for_router": 1.0, "fpem/hard_router_predicted_env_ratio": 0.6017857142857143, "fpem/hard_router_effective_env_ratio": 1.0, "fpem/hard_router_target_env_ratio": 0.7946428571428571, "fpem/hard_router_gain_mean": -0.24821129881200335, "fpem/expert_prediction_pairwise_difference": 0.0, "fpem/delta_pairwise_cosine": 0.0, "fpem/delta_pairwise_l1": 0.0, "fpem/delta_pairwise_l2": 0.0, "fpem/expert_0_parameter_norm": 14.882429122924805, "fpem/hard_binary_router_enabled": 0.0, "fpem/hard_router_uses_target_in_forward": 0.0, "fpem/stored_future_c_loaded": 0.0, "fpem/prediction_is_weighted_complete_fusion": 0.0, "fpem/prediction_is_hard_route": 1.0, "fpem/conservative_inv_override_enabled": 0.0, "fpem/conservative_router_features_detached": 1.0, "fpem/counterfactual_risk_router_enabled": 1.0, "fpem/counterfactual_risk_stage2_active_forward": 1.0, "fpem/counterfactual_risk_deploy_route_active": 0.0, "fpem/counterfactual_risk_training_uses_route": 0.0, "fpem/counterfactual_risk_forward_uses_threshold": 0.0, "fpem/future_mi_loss": 0.0, "fpem/future_mi_valid": 0.0, "fpem/future_mi_logvar_mean": 0.0, "fpem/future_mi_target_mode_env_encoder": 0.0, "fpem/swap_loss": 0.0, "fpem/swap_diff_loss": 0.0, "fpem/swap_same_loss": 0.0, "fpem/swap_gain_mean": 0.0, "fpem/swap_s_gain_mean": 0.0, "fpem/swap_fallback_router_loss": 0.0, "fpem/swap_fallback_q_mean": 0.0, "fpem/swap_prediction_delta": 0.0, "fpem/swap_route_delta": 0.0, "fpem/swap_hyper_alpha_delta": 0.0, "fpem/swap_hyper_delta_norm": 0.0, "fpem/loss_env_day": 0.0, "fpem/loss_env_hour": 0.0, "fpem/loss_env_rush": 0.0, "fpem/env_day_acc": 0.0, "fpem/env_hour_acc": 0.0, "fpem/env_rush_acc": 0.0, "fpem/loss_env_supcon": 0.0, "fpem/env_supcon_valid_pairs": 0.0, "fpem/loss_inv_env_adv": 0.0, "fpem/inv_day_acc": 0.0, "fpem/inv_hour_acc": 0.0, "fpem/inv_rush_acc": 0.0, "fpem/loss_cross_cov_sep": 0.0, "fpem/confounder_dep_enabled": 0.0, "fpem/confounder_dep_mode_gci": 0.0, "fpem/confounder_dep_mode_scd": 1.0, "fpem/confounder_dep_mode_both": 0.0, "fpem/confounder_dep_total": 0.0, "fpem/loss_gci": 0.0, "fpem/loss_gci_drop": 0.0, "fpem/loss_gci_keep": 0.0, "fpem/loss_gci_graph_align": 0.0, "fpem/loss_scd": 0.0, "fpem/loss_conf_kl": 0.0, "fpem/effective_gci_weight": 0.0, "fpem/effective_gci_graph_align_weight": 0.0, "fpem/effective_scd_weight": 0.0, "fpem/effective_conf_kl_weight": 0.0, "fpem/confounder_dep_ramp_factor": 0.0, "fpem/C_mean": 0.0, "fpem/C_std": 0.0, "fpem/C_norm": 0.0, "fpem/confounder_token_norm": 0.0, "fpem/confounder_variational": 0.0, "fpem/confounder_projection_trace": 0.0, "fpem/confounder_projection_ridge": 0.0, "fpem/confounder_projection_rank_dim": 0.0, "fpem/confounder_projection_calls": 0.0, "fpem/confounder_dep_detach_target": 0.0, "fpem/gci_nonedge_mass_before_C": 0.0, "fpem/gci_nonedge_mass_after_C": 0.0, "fpem/gci_nonedge_mass_reduction": 0.0, "fpem/gci_relative_violation": 0.0, "fpem/gci_edge_before_C": 0.0, "fpem/gci_edge_after_C": 0.0, "fpem/gci_nonedge_conn_before_C": 0.0, "fpem/gci_nonedge_conn_after_C": 0.0, "fpem/gci_nonedge_conn_reduction": 0.0, "fpem/gci_edge_conn_before_C": 0.0, "fpem/gci_edge_conn_after_C": 0.0, "fpem/gci_edge_conn_reduction": 0.0, "fpem/gci_nonedge_dep_before_C": 0.0, "fpem/gci_nonedge_dep_after_C": 0.0, "fpem/gci_nonedge_dep_reduction": 0.0, "fpem/gci_edge_dep_before_C": 0.0, "fpem/gci_edge_dep_after_C": 0.0, "fpem/gci_nonedge_count": 0.0, "fpem/gci_edge_count": 0.0, "fpem/gci_node_count": 0.0, "fpem/gci_node_vector_dim": 0.0, "fpem/gci_graph_embed_dim": 0.0, "fpem/gci_graph_embedding_norm_before": 0.0, "fpem/gci_graph_embedding_norm_after": 0.0, "fpem/gci_graph_embedding_std_before": 0.0, "fpem/gci_graph_embedding_std_after": 0.0, "fpem/gci_graph_adj_mean_before": 0.0, "fpem/gci_graph_adj_mean_after": 0.0, "fpem/gci_graph_adj_std_before": 0.0, "fpem/gci_graph_adj_std_after": 0.0, "fpem/gci_graph_align_weight": 0.0, "fpem/gci_graph_align_raw_mse": 0.0, "fpem/gci_graph_align_normalized": 0.0, "fpem/gci_edge_preserve_beta": 0.0, "fpem/gci_graph_align_target_available": 0.0, "fpem/gci_target_adj_mean": 0.0, "fpem/gci_target_adj_std": 0.0, "fpem/gci_target_edge_mean": 0.0, "fpem/gci_target_nonedge_mean": 0.0, "fpem/gci_target_diag_mean": 0.0, "fpem/gci_graph_align_updates_agcrn": 0.0, "fpem/gci_updates_graph_linear": 0.0, "fpem/gci_graph_construction_agcrn_softmax": 0.0, "fpem/scd_assoc_before_C": 0.0, "fpem/scd_assoc_after_C": 0.0, "fpem/scd_assoc_reduction": 0.0, "fpem/scd_relative_violation": 0.0, "fpem/sample_assoc_before_C": 0.0, "fpem/sample_assoc_after_C": 0.0, "fpem/sample_assoc_reduction": 0.0, "fpem/sample_dep_before_C": 0.0, "fpem/sample_dep_after_C": 0.0, "fpem/sample_dep_reduction": 0.0, "fpem/scd_batch_size": 0.0, "fpem/scd_sample_vector_dim": 0.0, "fpem/sample_kernel_alignment": 0.0, "fpem/scd_alignment_loss": 0.0, "fpem/load_level_experts_enabled": 1.0, "fpem/load_level_uses_target_or_future_load": 0.0, "fpem/environment_gate_uses_target_in_forward": 0.0, "fpem/load_level_env_residual_scale": 0.0, "fpem/uses_cached_observable_load_prior": 1.0, "fpem/primary_loss": 8.984118552435012, "fpem/inv_pred_loss": 9.213603383018857, "fpem/primary_uses_route": 1.0, "fpem/primary_uses_env_fusion": 0.0, "fpem/backbone_agcrn": 1.0, "fpem/backbone_graphwavenet": 0.0, "fpem/backbone_staeformer": 0.0, "fpem/gc_pred_loss_only": 1.0, "fpem/env_route_head_mode_hyper_proto": 1.0, "fpem/fpem_force_uniform_route": 0.0, "fpem/hard_prediction_sinkhorn_total_replaces_primary": 0.0, "fpem/hard_prediction_environment_sinkhorn_total_replaces_primary": 0.0, "fpem/warmup_risk_sinkhorn_total_replaces_primary": 0.0, "fpem/lambda_club_mi": 0.0}}
EPOCH {"epoch": 58, "train_loss": 1.1936426860945566, "val": {"loss": 11.808777199851143, "mae": 11.58784294128418, "mape": 0.1848893165588379}, "test_mixed": {"loss": NaN, "mae": NaN, "mape": NaN}, "test_workday": {"loss": NaN, "mae": NaN, "mape": NaN}, "test_holiday": {"loss": NaN, "mae": NaN, "mape": NaN}, "test_avg_mae": NaN, "best_selection_value": 11.808777199851143, "best_selection_split": "val", "best_selection_metric": "val_loss", "lr": 0.0005, "fpem_logs": {"fpem/fpem_env_use_exogenous": 1.0, "fpem/env_exogenous_available": 1.0, "fpem/env_exogenous_time_available": 1.0, "fpem/env_exogenous_load_available": 1.0, "fpem/env_exogenous_feature_dim": 32.0, "fpem/env_exogenous_embedding_norm": 2.494984109061105, "fpem/env_exogenous_load_embedding_norm": 1.6422675121398198, "fpem/fpem_env_use_period_context": 1.0, "fpem/env_period_context_available": 1.0, "fpem/env_period_day_available_ratio": 0.9732142857142857, "fpem/env_period_week_available_ratio": 0.8244047619047619, "fpem/env_period_context_feature_dim": 6.0, "fpem/env_period_context_scale": 0.10000000149011612, "fpem/env_period_context_delta_norm": 0.20782210841065363, "fpem/env_period_context_day_diff_norm": 0.16272705310866947, "fpem/env_period_context_week_diff_norm": 0.10188992747238704, "fpem/env_rep_ablation_normal": 1.0, "fpem/env_rep_ablation_zero": 0.0, "fpem/env_rep_ablation_shuffle_batch": 0.0, "fpem/env_rep_ablation_mode_id": 0.0, "fpem/mask_loss": 0.0, "fpem/mask_sparse_loss": 0.0, "fpem/mask_entropy_loss": 0.0, "fpem/mask_mean": 1.0, "fpem/mask_entropy": 0.0, "fpem/mask_active_ratio": 1.0, "fpem/fusion_alpha_mean": 0.0, "fpem/fusion_alpha_std": 0.0, "fpem/fusion_alpha_min": 0.0, "fpem/fusion_alpha_max": 0.0, "fpem/env_route_loss": 1.1936426860945566, "fpem/env_route_L_final": 8.981777831486292, "fpem/env_route_L_global": 0.0, "fpem/env_route_L_route_soft": 0.0, "fpem/env_route_L_expert": 9.414027377537318, "fpem/env_route_L_router_oracle": 1.1936426860945566, "fpem/env_route_L_balance": 0.0, "fpem/env_route_L_diverse": 0.0, "fpem/env_route_L_proto_align": 0.0, "fpem/env_route_entropy": 0.0, "fpem/env_route_q_max_mean": 0.0, "fpem/hyper_alpha_mean": 0.0, "fpem/hyper_delta_norm": 0.0, "fpem/hyper_route_proto_mode_uniform_warmup": 0.0, "fpem/hyper_route_proto_mode_uniform_fixed": 0.0, "fpem/hyper_route_proto_mode_sinkhorn": 0.0, "fpem/hyper_route_proto_mode_softmax": 0.0, "fpem/fallback_q_mean": 0.0, "fpem/fallback_q_max": 0.0, "fpem/env_q_sum_mean": 1.0, "fpem/oracle_fallback_rate": 0.0, "fpem/route_count_fallback": 0.0, "fpem/env_route_head_mode": 1.0, "fpem/route_entropy_mean": 0.0, "fpem/route_mean_distribution_entropy": 0.0, "fpem/effective_expert_number": 1.0, "fpem/max_expert_usage_ratio": 0.0, "fpem/min_expert_usage_ratio": 0.0, "fpem/prototype_pairwise_cosine": 0.0, "fpem/expert_prediction_pairwise_cosine": 0.0, "fpem/expert_collapse_warning": 0.0, "fpem/env_route_target_mode_env_prototype": 0.0, "fpem/env_route_target_mode_hybrid": 0.0, "fpem/env_route_hybrid_alpha": 0.0, "fpem/env_route_train_mode_warmup_risk_sinkhorn": 0.0, "fpem/warmup_risk_stage_warmup": 0.0, "fpem/warmup_risk_stage_soft": 0.0, "fpem/warmup_risk_stage_hard": 0.0, "fpem/warmup_risk_selected_loss": 0.0, "fpem/warmup_risk_uniform_common_loss": 0.0, "fpem/warmup_risk_lambda_common": 0.0, "fpem/warmup_risk_total_common_term": 0.0, "fpem/warmup_risk_temperature": 0.0, "fpem/warmup_risk_temperature_progress": 0.0, "fpem/uniform_expert_mae": 0.0, "fpem/risk_routed_mae": 0.0, "fpem/risk_prediction_mae": 0.0, "fpem/risk_loss": 0.0, "fpem/risk_ranking_loss": 0.0, "fpem/risk_ranking_accuracy": 0.0, "fpem/risk_oracle_argmin_accuracy": 0.0, "fpem/risk_router_temperature": 0.0, "fpem/risk_router_lambda": 0.0, "fpem/risk_router_pairwise_lambda": 0.0, "fpem/env_route_train_mode_progressive_gmm_environment": 0.0, "fpem/top_level_prediction_source_progressive_gmm_teacher_hard": 0.0, "fpem/progressive_assignment_uses_target_or_prediction_error": 0.0, "fpem/progressive_partition_ready": 0.0, "fpem/progressive_selected_k": 0.0, "fpem/progressive_active_expert_count": 0.0, "fpem/progressive_last_partition_epoch": 0.0, "fpem/progressive_lambda_common": 0.0, "fpem/progressive_common_term": 0.0, "fpem/progressive_compactness_loss": 0.0, "fpem/progressive_consistency_loss": 0.0, "fpem/progressive_cluster_entropy": 0.0, "fpem/progressive_assignment_change_ratio": 0.0, "fpem/progressive_hungarian_overlap_score": 0.0, "fpem/progressive_partition_update_time_sec": 0.0, "fpem/progressive_routed_mae": 0.0, "fpem/progressive_gmm_environment_total_replaces_primary": 0.0, "fpem/env_route_count_head_0": 16.0, "fpem/env_route_oracle_count_head_0": 16.0, "fpem/route_count_env_head_0": 16.0, "fpem/route_soft_mean_expert_0": 1.0, "fpem/route_hard_count_expert_0": 16.0, "fpem/hard_count_expert_0": 16.0, "fpem/sinkhorn_soft_col_mass_expert_0": 0.0, "fpem/progressive_active_expert_0": 0.0, "fpem/progressive_cluster_size_0": 0.0, "fpem/progressive_cluster_ratio_0": 0.0, "fpem/progressive_cluster_to_expert_0": 0.0, "fpem/progressive_bic_k1": 0.0, "fpem/progressive_bic_score_k1": 0.0, "fpem/progressive_bic_rejected_k1": 0.0, "fpem/hyper_alpha_head_0": 0.0, "fpem/hyper_gamma_norm_head_0": 0.0, "fpem/hyper_beta_norm_head_0": 0.0, "fpem/expert_cross_mae_group_0_expert_0": 9.414027377537318, "fpem/load_expert_loss": 9.414027377537318, "fpem/counterfactual_risk_router_loss": 1.1936426860945566, "fpem/counterfactual_risk_regression_loss": 0.853473821140471, "fpem/counterfactual_risk_ranking_loss": 0.6803377384231204, "fpem/load_level_assignment_detached": 1.0, "fpem/load_level_count_0": 1680.0, "fpem/load_level_ratio_0": 1.0, "fpem/expert_0_global_loss": 9.414027377537318, "fpem/expert_0_selected_loss": 9.414027377537318, "fpem/counterfactual_risk_stage2_active": 1.0, "fpem/counterfactual_risk_stage2_start_epoch": 20.0, "fpem/counterfactual_risk_all_environment_mae": 9.414027377537318, "fpem/counterfactual_risk_all_invariant_mae": 9.662237521580288, "fpem/counterfactual_risk_routed_mae": 9.48695710954212, "fpem/counterfactual_risk_oracle_mae": 9.378018370128814, "fpem/counterfactual_risk_router_accuracy": 0.5863095238095238, "fpem/counterfactual_risk_router_balanced_accuracy": 0.5315369316509791, "fpem/counterfactual_risk_inv_route_ratio": 0.39285714285714285, "fpem/counterfactual_risk_env_route_ratio": 0.6071428571428571, "fpem/counterfactual_risk_inv_switch_precision": 0.22867009036597752, "fpem/counterfactual_risk_correct_inv_switches": 1.4761904761904763, "fpem/counterfactual_risk_harmful_inv_switches": 4.809523809523809, "fpem/counterfactual_risk_saved_loss": 0.01620209628627414, "fpem/counterfactual_risk_added_loss": 0.08913187313647497, "fpem/counterfactual_risk_net_gain": -0.07292973200480143, "fpem/counterfactual_risk_regret": 0.10893873941330683, "fpem/counterfactual_risk_oracle_gap_closed": -2856.712074162527, "fpem/counterfactual_risk_delta_mean": -0.24821013169629233, "fpem/counterfactual_risk_target_inv_ratio": 0.20535714285714285, "fpem/counterfactual_risk_weight_env_sum": 8.228571383158366, "fpem/counterfactual_risk_weight_inv_sum": 7.771428521474203, "fpem/counterfactual_risk_prediction_is_hard_route": 1.0, "fpem/counterfactual_risk_prediction_is_soft_fusion": 0.0, "fpem/counterfactual_risk_target_detached": 1.0, "fpem/counterfactual_risk_uses_threshold": 0.0, "fpem/counterfactual_risk_all_samples_used_for_router": 1.0, "fpem/hard_router_predicted_env_ratio": 0.6071428571428571, "fpem/hard_router_effective_env_ratio": 1.0, "fpem/hard_router_target_env_ratio": 0.7946428571428571, "fpem/hard_router_gain_mean": -0.24821013169629233, "fpem/expert_prediction_pairwise_difference": 0.0, "fpem/delta_pairwise_cosine": 0.0, "fpem/delta_pairwise_l1": 0.0, "fpem/delta_pairwise_l2": 0.0, "fpem/expert_0_parameter_norm": 14.882429122924805, "fpem/hard_binary_router_enabled": 0.0, "fpem/hard_router_uses_target_in_forward": 0.0, "fpem/stored_future_c_loaded": 0.0, "fpem/prediction_is_weighted_complete_fusion": 0.0, "fpem/prediction_is_hard_route": 1.0, "fpem/conservative_inv_override_enabled": 0.0, "fpem/conservative_router_features_detached": 1.0, "fpem/counterfactual_risk_router_enabled": 1.0, "fpem/counterfactual_risk_stage2_active_forward": 1.0, "fpem/counterfactual_risk_deploy_route_active": 0.0, "fpem/counterfactual_risk_training_uses_route": 0.0, "fpem/counterfactual_risk_forward_uses_threshold": 0.0, "fpem/future_mi_loss": 0.0, "fpem/future_mi_valid": 0.0, "fpem/future_mi_logvar_mean": 0.0, "fpem/future_mi_target_mode_env_encoder": 0.0, "fpem/swap_loss": 0.0, "fpem/swap_diff_loss": 0.0, "fpem/swap_same_loss": 0.0, "fpem/swap_gain_mean": 0.0, "fpem/swap_s_gain_mean": 0.0, "fpem/swap_fallback_router_loss": 0.0, "fpem/swap_fallback_q_mean": 0.0, "fpem/swap_prediction_delta": 0.0, "fpem/swap_route_delta": 0.0, "fpem/swap_hyper_alpha_delta": 0.0, "fpem/swap_hyper_delta_norm": 0.0, "fpem/loss_env_day": 0.0, "fpem/loss_env_hour": 0.0, "fpem/loss_env_rush": 0.0, "fpem/env_day_acc": 0.0, "fpem/env_hour_acc": 0.0, "fpem/env_rush_acc": 0.0, "fpem/loss_env_supcon": 0.0, "fpem/env_supcon_valid_pairs": 0.0, "fpem/loss_inv_env_adv": 0.0, "fpem/inv_day_acc": 0.0, "fpem/inv_hour_acc": 0.0, "fpem/inv_rush_acc": 0.0, "fpem/loss_cross_cov_sep": 0.0, "fpem/confounder_dep_enabled": 0.0, "fpem/confounder_dep_mode_gci": 0.0, "fpem/confounder_dep_mode_scd": 1.0, "fpem/confounder_dep_mode_both": 0.0, "fpem/confounder_dep_total": 0.0, "fpem/loss_gci": 0.0, "fpem/loss_gci_drop": 0.0, "fpem/loss_gci_keep": 0.0, "fpem/loss_gci_graph_align": 0.0, "fpem/loss_scd": 0.0, "fpem/loss_conf_kl": 0.0, "fpem/effective_gci_weight": 0.0, "fpem/effective_gci_graph_align_weight": 0.0, "fpem/effective_scd_weight": 0.0, "fpem/effective_conf_kl_weight": 0.0, "fpem/confounder_dep_ramp_factor": 0.0, "fpem/C_mean": 0.0, "fpem/C_std": 0.0, "fpem/C_norm": 0.0, "fpem/confounder_token_norm": 0.0, "fpem/confounder_variational": 0.0, "fpem/confounder_projection_trace": 0.0, "fpem/confounder_projection_ridge": 0.0, "fpem/confounder_projection_rank_dim": 0.0, "fpem/confounder_projection_calls": 0.0, "fpem/confounder_dep_detach_target": 0.0, "fpem/gci_nonedge_mass_before_C": 0.0, "fpem/gci_nonedge_mass_after_C": 0.0, "fpem/gci_nonedge_mass_reduction": 0.0, "fpem/gci_relative_violation": 0.0, "fpem/gci_edge_before_C": 0.0, "fpem/gci_edge_after_C": 0.0, "fpem/gci_nonedge_conn_before_C": 0.0, "fpem/gci_nonedge_conn_after_C": 0.0, "fpem/gci_nonedge_conn_reduction": 0.0, "fpem/gci_edge_conn_before_C": 0.0, "fpem/gci_edge_conn_after_C": 0.0, "fpem/gci_edge_conn_reduction": 0.0, "fpem/gci_nonedge_dep_before_C": 0.0, "fpem/gci_nonedge_dep_after_C": 0.0, "fpem/gci_nonedge_dep_reduction": 0.0, "fpem/gci_edge_dep_before_C": 0.0, "fpem/gci_edge_dep_after_C": 0.0, "fpem/gci_nonedge_count": 0.0, "fpem/gci_edge_count": 0.0, "fpem/gci_node_count": 0.0, "fpem/gci_node_vector_dim": 0.0, "fpem/gci_graph_embed_dim": 0.0, "fpem/gci_graph_embedding_norm_before": 0.0, "fpem/gci_graph_embedding_norm_after": 0.0, "fpem/gci_graph_embedding_std_before": 0.0, "fpem/gci_graph_embedding_std_after": 0.0, "fpem/gci_graph_adj_mean_before": 0.0, "fpem/gci_graph_adj_mean_after": 0.0, "fpem/gci_graph_adj_std_before": 0.0, "fpem/gci_graph_adj_std_after": 0.0, "fpem/gci_graph_align_weight": 0.0, "fpem/gci_graph_align_raw_mse": 0.0, "fpem/gci_graph_align_normalized": 0.0, "fpem/gci_edge_preserve_beta": 0.0, "fpem/gci_graph_align_target_available": 0.0, "fpem/gci_target_adj_mean": 0.0, "fpem/gci_target_adj_std": 0.0, "fpem/gci_target_edge_mean": 0.0, "fpem/gci_target_nonedge_mean": 0.0, "fpem/gci_target_diag_mean": 0.0, "fpem/gci_graph_align_updates_agcrn": 0.0, "fpem/gci_updates_graph_linear": 0.0, "fpem/gci_graph_construction_agcrn_softmax": 0.0, "fpem/scd_assoc_before_C": 0.0, "fpem/scd_assoc_after_C": 0.0, "fpem/scd_assoc_reduction": 0.0, "fpem/scd_relative_violation": 0.0, "fpem/sample_assoc_before_C": 0.0, "fpem/sample_assoc_after_C": 0.0, "fpem/sample_assoc_reduction": 0.0, "fpem/sample_dep_before_C": 0.0, "fpem/sample_dep_after_C": 0.0, "fpem/sample_dep_reduction": 0.0, "fpem/scd_batch_size": 0.0, "fpem/scd_sample_vector_dim": 0.0, "fpem/sample_kernel_alignment": 0.0, "fpem/scd_alignment_loss": 0.0, "fpem/load_level_experts_enabled": 1.0, "fpem/load_level_uses_target_or_future_load": 0.0, "fpem/environment_gate_uses_target_in_forward": 0.0, "fpem/load_level_env_residual_scale": 0.0, "fpem/uses_cached_observable_load_prior": 1.0, "fpem/primary_loss": 8.981777831486292, "fpem/inv_pred_loss": 9.21120028722854, "fpem/primary_uses_route": 1.0, "fpem/primary_uses_env_fusion": 0.0, "fpem/backbone_agcrn": 1.0, "fpem/backbone_graphwavenet": 0.0, "fpem/backbone_staeformer": 0.0, "fpem/gc_pred_loss_only": 1.0, "fpem/env_route_head_mode_hyper_proto": 1.0, "fpem/fpem_force_uniform_route": 0.0, "fpem/hard_prediction_sinkhorn_total_replaces_primary": 0.0, "fpem/hard_prediction_environment_sinkhorn_total_replaces_primary": 0.0, "fpem/warmup_risk_sinkhorn_total_replaces_primary": 0.0, "fpem/lambda_club_mi": 0.0}}
EPOCH {"epoch": 59, "train_loss": 1.1591670507476444, "val": {"loss": 11.811415248446995, "mae": 11.592178344726562, "mape": 0.18509088456630707}, "test_mixed": {"loss": NaN, "mae": NaN, "mape": NaN}, "test_workday": {"loss": NaN, "mae": NaN, "mape": NaN}, "test_holiday": {"loss": NaN, "mae": NaN, "mape": NaN}, "test_avg_mae": NaN, "best_selection_value": 11.811415248446995, "best_selection_split": "val", "best_selection_metric": "val_loss", "lr": 0.0005, "fpem_logs": {"fpem/fpem_env_use_exogenous": 1.0, "fpem/env_exogenous_available": 1.0, "fpem/env_exogenous_time_available": 1.0, "fpem/env_exogenous_load_available": 1.0, "fpem/env_exogenous_feature_dim": 32.0, "fpem/env_exogenous_embedding_norm": 2.4949841385795954, "fpem/env_exogenous_load_embedding_norm": 1.6422675053278606, "fpem/fpem_env_use_period_context": 1.0, "fpem/env_period_context_available": 1.0, "fpem/env_period_day_available_ratio": 0.9732142857142857, "fpem/env_period_week_available_ratio": 0.8244047619047619, "fpem/env_period_context_feature_dim": 6.0, "fpem/env_period_context_scale": 0.10000000149011612, "fpem/env_period_context_delta_norm": 0.20782210798490616, "fpem/env_period_context_day_diff_norm": 0.16272705239909036, "fpem/env_period_context_week_diff_norm": 0.10188992757882391, "fpem/env_rep_ablation_normal": 1.0, "fpem/env_rep_ablation_zero": 0.0, "fpem/env_rep_ablation_shuffle_batch": 0.0, "fpem/env_rep_ablation_mode_id": 0.0, "fpem/mask_loss": 0.0, "fpem/mask_sparse_loss": 0.0, "fpem/mask_entropy_loss": 0.0, "fpem/mask_mean": 1.0, "fpem/mask_entropy": 0.0, "fpem/mask_active_ratio": 1.0, "fpem/fusion_alpha_mean": 0.0, "fpem/fusion_alpha_std": 0.0, "fpem/fusion_alpha_min": 0.0, "fpem/fusion_alpha_max": 0.0, "fpem/env_route_loss": 1.1591670507476444, "fpem/env_route_L_final": 8.985412770225889, "fpem/env_route_L_global": 0.0, "fpem/env_route_L_route_soft": 0.0, "fpem/env_route_L_expert": 9.414026214962913, "fpem/env_route_L_router_oracle": 1.1591670507476444, "fpem/env_route_L_balance": 0.0, "fpem/env_route_L_diverse": 0.0, "fpem/env_route_L_proto_align": 0.0, "fpem/env_route_entropy": 0.0, "fpem/env_route_q_max_mean": 0.0, "fpem/hyper_alpha_mean": 0.0, "fpem/hyper_delta_norm": 0.0, "fpem/hyper_route_proto_mode_uniform_warmup": 0.0, "fpem/hyper_route_proto_mode_uniform_fixed": 0.0, "fpem/hyper_route_proto_mode_sinkhorn": 0.0, "fpem/hyper_route_proto_mode_softmax": 0.0, "fpem/fallback_q_mean": 0.0, "fpem/fallback_q_max": 0.0, "fpem/env_q_sum_mean": 1.0, "fpem/oracle_fallback_rate": 0.0, "fpem/route_count_fallback": 0.0, "fpem/env_route_head_mode": 1.0, "fpem/route_entropy_mean": 0.0, "fpem/route_mean_distribution_entropy": 0.0, "fpem/effective_expert_number": 1.0, "fpem/max_expert_usage_ratio": 0.0, "fpem/min_expert_usage_ratio": 0.0, "fpem/prototype_pairwise_cosine": 0.0, "fpem/expert_prediction_pairwise_cosine": 0.0, "fpem/expert_collapse_warning": 0.0, "fpem/env_route_target_mode_env_prototype": 0.0, "fpem/env_route_target_mode_hybrid": 0.0, "fpem/env_route_hybrid_alpha": 0.0, "fpem/env_route_train_mode_warmup_risk_sinkhorn": 0.0, "fpem/warmup_risk_stage_warmup": 0.0, "fpem/warmup_risk_stage_soft": 0.0, "fpem/warmup_risk_stage_hard": 0.0, "fpem/warmup_risk_selected_loss": 0.0, "fpem/warmup_risk_uniform_common_loss": 0.0, "fpem/warmup_risk_lambda_common": 0.0, "fpem/warmup_risk_total_common_term": 0.0, "fpem/warmup_risk_temperature": 0.0, "fpem/warmup_risk_temperature_progress": 0.0, "fpem/uniform_expert_mae": 0.0, "fpem/risk_routed_mae": 0.0, "fpem/risk_prediction_mae": 0.0, "fpem/risk_loss": 0.0, "fpem/risk_ranking_loss": 0.0, "fpem/risk_ranking_accuracy": 0.0, "fpem/risk_oracle_argmin_accuracy": 0.0, "fpem/risk_router_temperature": 0.0, "fpem/risk_router_lambda": 0.0, "fpem/risk_router_pairwise_lambda": 0.0, "fpem/env_route_train_mode_progressive_gmm_environment": 0.0, "fpem/top_level_prediction_source_progressive_gmm_teacher_hard": 0.0, "fpem/progressive_assignment_uses_target_or_prediction_error": 0.0, "fpem/progressive_partition_ready": 0.0, "fpem/progressive_selected_k": 0.0, "fpem/progressive_active_expert_count": 0.0, "fpem/progressive_last_partition_epoch": 0.0, "fpem/progressive_lambda_common": 0.0, "fpem/progressive_common_term": 0.0, "fpem/progressive_compactness_loss": 0.0, "fpem/progressive_consistency_loss": 0.0, "fpem/progressive_cluster_entropy": 0.0, "fpem/progressive_assignment_change_ratio": 0.0, "fpem/progressive_hungarian_overlap_score": 0.0, "fpem/progressive_partition_update_time_sec": 0.0, "fpem/progressive_routed_mae": 0.0, "fpem/progressive_gmm_environment_total_replaces_primary": 0.0, "fpem/env_route_count_head_0": 16.0, "fpem/env_route_oracle_count_head_0": 16.0, "fpem/route_count_env_head_0": 16.0, "fpem/route_soft_mean_expert_0": 1.0, "fpem/route_hard_count_expert_0": 16.0, "fpem/hard_count_expert_0": 16.0, "fpem/sinkhorn_soft_col_mass_expert_0": 0.0, "fpem/progressive_active_expert_0": 0.0, "fpem/progressive_cluster_size_0": 0.0, "fpem/progressive_cluster_ratio_0": 0.0, "fpem/progressive_cluster_to_expert_0": 0.0, "fpem/progressive_bic_k1": 0.0, "fpem/progressive_bic_score_k1": 0.0, "fpem/progressive_bic_rejected_k1": 0.0, "fpem/hyper_alpha_head_0": 0.0, "fpem/hyper_gamma_norm_head_0": 0.0, "fpem/hyper_beta_norm_head_0": 0.0, "fpem/expert_cross_mae_group_0_expert_0": 9.414026214962913, "fpem/load_expert_loss": 9.414026214962913, "fpem/counterfactual_risk_router_loss": 1.1591670507476444, "fpem/counterfactual_risk_regression_loss": 0.8267146337599981, "fpem/counterfactual_risk_ranking_loss": 0.6649048345429557, "fpem/load_level_assignment_detached": 1.0, "fpem/load_level_count_0": 1680.0, "fpem/load_level_ratio_0": 1.0, "fpem/expert_0_global_loss": 9.414026214962913, "fpem/expert_0_selected_loss": 9.414026214962913, "fpem/counterfactual_risk_stage2_active": 1.0, "fpem/counterfactual_risk_stage2_start_epoch": 20.0, "fpem/counterfactual_risk_all_environment_mae": 9.414026214962913, "fpem/counterfactual_risk_all_invariant_mae": 9.66223744437808, "fpem/counterfactual_risk_routed_mae": 9.467332553863525, "fpem/counterfactual_risk_oracle_mae": 9.378017284756615, "fpem/counterfactual_risk_router_accuracy": 0.6529761904761905, "fpem/counterfactual_risk_router_balanced_accuracy": 0.5860843658447266, "fpem/counterfactual_risk_inv_route_ratio": 0.3202380952380952, "fpem/counterfactual_risk_env_route_ratio": 0.6797619047619048, "fpem/counterfactual_risk_inv_switch_precision": 0.2827296810490744, "fpem/counterfactual_risk_correct_inv_switches": 1.4285714285714286, "fpem/counterfactual_risk_harmful_inv_switches": 3.6952380952380954, "fpem/counterfactual_risk_saved_loss": 0.014966598436945961, "fpem/counterfactual_risk_added_loss": 0.06827293308008285, "fpem/counterfactual_risk_net_gain": -0.05330633890061151, "fpem/counterfactual_risk_regret": 0.08931526910691034, "fpem/counterfactual_risk_oracle_gap_closed": -4932.731965344222, "fpem/counterfactual_risk_delta_mean": -0.2482113032113938, "fpem/counterfactual_risk_target_inv_ratio": 0.20535714285714285, "fpem/counterfactual_risk_weight_env_sum": 8.457142734527588, "fpem/counterfactual_risk_weight_inv_sum": 7.542857056572323, "fpem/counterfactual_risk_prediction_is_hard_route": 1.0, "fpem/counterfactual_risk_prediction_is_soft_fusion": 0.0, "fpem/counterfactual_risk_target_detached": 1.0, "fpem/counterfactual_risk_uses_threshold": 0.0, "fpem/counterfactual_risk_all_samples_used_for_router": 1.0, "fpem/hard_router_predicted_env_ratio": 0.6797619047619048, "fpem/hard_router_effective_env_ratio": 1.0, "fpem/hard_router_target_env_ratio": 0.7946428571428571, "fpem/hard_router_gain_mean": -0.2482113032113938, "fpem/expert_prediction_pairwise_difference": 0.0, "fpem/delta_pairwise_cosine": 0.0, "fpem/delta_pairwise_l1": 0.0, "fpem/delta_pairwise_l2": 0.0, "fpem/expert_0_parameter_norm": 14.882429122924805, "fpem/hard_binary_router_enabled": 0.0, "fpem/hard_router_uses_target_in_forward": 0.0, "fpem/stored_future_c_loaded": 0.0, "fpem/prediction_is_weighted_complete_fusion": 0.0, "fpem/prediction_is_hard_route": 1.0, "fpem/conservative_inv_override_enabled": 0.0, "fpem/conservative_router_features_detached": 1.0, "fpem/counterfactual_risk_router_enabled": 1.0, "fpem/counterfactual_risk_stage2_active_forward": 1.0, "fpem/counterfactual_risk_deploy_route_active": 0.0, "fpem/counterfactual_risk_training_uses_route": 0.0, "fpem/counterfactual_risk_forward_uses_threshold": 0.0, "fpem/future_mi_loss": 0.0, "fpem/future_mi_valid": 0.0, "fpem/future_mi_logvar_mean": 0.0, "fpem/future_mi_target_mode_env_encoder": 0.0, "fpem/swap_loss": 0.0, "fpem/swap_diff_loss": 0.0, "fpem/swap_same_loss": 0.0, "fpem/swap_gain_mean": 0.0, "fpem/swap_s_gain_mean": 0.0, "fpem/swap_fallback_router_loss": 0.0, "fpem/swap_fallback_q_mean": 0.0, "fpem/swap_prediction_delta": 0.0, "fpem/swap_route_delta": 0.0, "fpem/swap_hyper_alpha_delta": 0.0, "fpem/swap_hyper_delta_norm": 0.0, "fpem/loss_env_day": 0.0, "fpem/loss_env_hour": 0.0, "fpem/loss_env_rush": 0.0, "fpem/env_day_acc": 0.0, "fpem/env_hour_acc": 0.0, "fpem/env_rush_acc": 0.0, "fpem/loss_env_supcon": 0.0, "fpem/env_supcon_valid_pairs": 0.0, "fpem/loss_inv_env_adv": 0.0, "fpem/inv_day_acc": 0.0, "fpem/inv_hour_acc": 0.0, "fpem/inv_rush_acc": 0.0, "fpem/loss_cross_cov_sep": 0.0, "fpem/confounder_dep_enabled": 0.0, "fpem/confounder_dep_mode_gci": 0.0, "fpem/confounder_dep_mode_scd": 1.0, "fpem/confounder_dep_mode_both": 0.0, "fpem/confounder_dep_total": 0.0, "fpem/loss_gci": 0.0, "fpem/loss_gci_drop": 0.0, "fpem/loss_gci_keep": 0.0, "fpem/loss_gci_graph_align": 0.0, "fpem/loss_scd": 0.0, "fpem/loss_conf_kl": 0.0, "fpem/effective_gci_weight": 0.0, "fpem/effective_gci_graph_align_weight": 0.0, "fpem/effective_scd_weight": 0.0, "fpem/effective_conf_kl_weight": 0.0, "fpem/confounder_dep_ramp_factor": 0.0, "fpem/C_mean": 0.0, "fpem/C_std": 0.0, "fpem/C_norm": 0.0, "fpem/confounder_token_norm": 0.0, "fpem/confounder_variational": 0.0, "fpem/confounder_projection_trace": 0.0, "fpem/confounder_projection_ridge": 0.0, "fpem/confounder_projection_rank_dim": 0.0, "fpem/confounder_projection_calls": 0.0, "fpem/confounder_dep_detach_target": 0.0, "fpem/gci_nonedge_mass_before_C": 0.0, "fpem/gci_nonedge_mass_after_C": 0.0, "fpem/gci_nonedge_mass_reduction": 0.0, "fpem/gci_relative_violation": 0.0, "fpem/gci_edge_before_C": 0.0, "fpem/gci_edge_after_C": 0.0, "fpem/gci_nonedge_conn_before_C": 0.0, "fpem/gci_nonedge_conn_after_C": 0.0, "fpem/gci_nonedge_conn_reduction": 0.0, "fpem/gci_edge_conn_before_C": 0.0, "fpem/gci_edge_conn_after_C": 0.0, "fpem/gci_edge_conn_reduction": 0.0, "fpem/gci_nonedge_dep_before_C": 0.0, "fpem/gci_nonedge_dep_after_C": 0.0, "fpem/gci_nonedge_dep_reduction": 0.0, "fpem/gci_edge_dep_before_C": 0.0, "fpem/gci_edge_dep_after_C": 0.0, "fpem/gci_nonedge_count": 0.0, "fpem/gci_edge_count": 0.0, "fpem/gci_node_count": 0.0, "fpem/gci_node_vector_dim": 0.0, "fpem/gci_graph_embed_dim": 0.0, "fpem/gci_graph_embedding_norm_before": 0.0, "fpem/gci_graph_embedding_norm_after": 0.0, "fpem/gci_graph_embedding_std_before": 0.0, "fpem/gci_graph_embedding_std_after": 0.0, "fpem/gci_graph_adj_mean_before": 0.0, "fpem/gci_graph_adj_mean_after": 0.0, "fpem/gci_graph_adj_std_before": 0.0, "fpem/gci_graph_adj_std_after": 0.0, "fpem/gci_graph_align_weight": 0.0, "fpem/gci_graph_align_raw_mse": 0.0, "fpem/gci_graph_align_normalized": 0.0, "fpem/gci_edge_preserve_beta": 0.0, "fpem/gci_graph_align_target_available": 0.0, "fpem/gci_target_adj_mean": 0.0, "fpem/gci_target_adj_std": 0.0, "fpem/gci_target_edge_mean": 0.0, "fpem/gci_target_nonedge_mean": 0.0, "fpem/gci_target_diag_mean": 0.0, "fpem/gci_graph_align_updates_agcrn": 0.0, "fpem/gci_updates_graph_linear": 0.0, "fpem/gci_graph_construction_agcrn_softmax": 0.0, "fpem/scd_assoc_before_C": 0.0, "fpem/scd_assoc_after_C": 0.0, "fpem/scd_assoc_reduction": 0.0, "fpem/scd_relative_violation": 0.0, "fpem/sample_assoc_before_C": 0.0, "fpem/sample_assoc_after_C": 0.0, "fpem/sample_assoc_reduction": 0.0, "fpem/sample_dep_before_C": 0.0, "fpem/sample_dep_after_C": 0.0, "fpem/sample_dep_reduction": 0.0, "fpem/scd_batch_size": 0.0, "fpem/scd_sample_vector_dim": 0.0, "fpem/sample_kernel_alignment": 0.0, "fpem/scd_alignment_loss": 0.0, "fpem/load_level_experts_enabled": 1.0, "fpem/load_level_uses_target_or_future_load": 0.0, "fpem/environment_gate_uses_target_in_forward": 0.0, "fpem/load_level_env_residual_scale": 0.0, "fpem/uses_cached_observable_load_prior": 1.0, "fpem/primary_loss": 8.985412770225889, "fpem/inv_pred_loss": 9.21569113504319, "fpem/primary_uses_route": 1.0, "fpem/primary_uses_env_fusion": 0.0, "fpem/backbone_agcrn": 1.0, "fpem/backbone_graphwavenet": 0.0, "fpem/backbone_staeformer": 0.0, "fpem/gc_pred_loss_only": 1.0, "fpem/env_route_head_mode_hyper_proto": 1.0, "fpem/fpem_force_uniform_route": 0.0, "fpem/hard_prediction_sinkhorn_total_replaces_primary": 0.0, "fpem/hard_prediction_environment_sinkhorn_total_replaces_primary": 0.0, "fpem/warmup_risk_sinkhorn_total_replaces_primary": 0.0, "fpem/lambda_club_mi": 0.0}}
EPOCH {"epoch": 60, "train_loss": 1.168316259838286, "val": {"loss": 11.80695202615526, "mae": 11.585972785949707, "mape": 0.18473519384860992}, "test_mixed": {"loss": NaN, "mae": NaN, "mape": NaN}, "test_workday": {"loss": NaN, "mae": NaN, "mape": NaN}, "test_holiday": {"loss": NaN, "mae": NaN, "mape": NaN}, "test_avg_mae": NaN, "best_selection_value": 11.80695202615526, "best_selection_split": "val", "best_selection_metric": "val_loss", "lr": 0.0005, "fpem_logs": {"fpem/fpem_env_use_exogenous": 1.0, "fpem/env_exogenous_available": 1.0, "fpem/env_exogenous_time_available": 1.0, "fpem/env_exogenous_load_available": 1.0, "fpem/env_exogenous_feature_dim": 32.0, "fpem/env_exogenous_embedding_norm": 2.4949841226850236, "fpem/env_exogenous_load_embedding_norm": 1.6422675110044933, "fpem/fpem_env_use_period_context": 1.0, "fpem/env_period_context_available": 1.0, "fpem/env_period_day_available_ratio": 0.9732142857142857, "fpem/env_period_week_available_ratio": 0.8244047619047619, "fpem/env_period_context_feature_dim": 6.0, "fpem/env_period_context_scale": 0.10000000149011612, "fpem/env_period_context_delta_norm": 0.20782210812682197, "fpem/env_period_context_day_diff_norm": 0.16272705417303812, "fpem/env_period_context_week_diff_norm": 0.1018899265499342, "fpem/env_rep_ablation_normal": 1.0, "fpem/env_rep_ablation_zero": 0.0, "fpem/env_rep_ablation_shuffle_batch": 0.0, "fpem/env_rep_ablation_mode_id": 0.0, "fpem/mask_loss": 0.0, "fpem/mask_sparse_loss": 0.0, "fpem/mask_entropy_loss": 0.0, "fpem/mask_mean": 1.0, "fpem/mask_entropy": 0.0, "fpem/mask_active_ratio": 1.0, "fpem/fusion_alpha_mean": 0.0, "fpem/fusion_alpha_std": 0.0, "fpem/fusion_alpha_min": 0.0, "fpem/fusion_alpha_max": 0.0, "fpem/env_route_loss": 1.168316259838286, "fpem/env_route_L_final": 8.984316784994943, "fpem/env_route_L_global": 0.0, "fpem/env_route_L_route_soft": 0.0, "fpem/env_route_L_expert": 9.414025175003779, "fpem/env_route_L_router_oracle": 1.168316259838286, "fpem/env_route_L_balance": 0.0, "fpem/env_route_L_diverse": 0.0, "fpem/env_route_L_proto_align": 0.0, "fpem/env_route_entropy": 0.0, "fpem/env_route_q_max_mean": 0.0, "fpem/hyper_alpha_mean": 0.0, "fpem/hyper_delta_norm": 0.0, "fpem/hyper_route_proto_mode_uniform_warmup": 0.0, "fpem/hyper_route_proto_mode_uniform_fixed": 0.0, "fpem/hyper_route_proto_mode_sinkhorn": 0.0, "fpem/hyper_route_proto_mode_softmax": 0.0, "fpem/fallback_q_mean": 0.0, "fpem/fallback_q_max": 0.0, "fpem/env_q_sum_mean": 1.0, "fpem/oracle_fallback_rate": 0.0, "fpem/route_count_fallback": 0.0, "fpem/env_route_head_mode": 1.0, "fpem/route_entropy_mean": 0.0, "fpem/route_mean_distribution_entropy": 0.0, "fpem/effective_expert_number": 1.0, "fpem/max_expert_usage_ratio": 0.0, "fpem/min_expert_usage_ratio": 0.0, "fpem/prototype_pairwise_cosine": 0.0, "fpem/expert_prediction_pairwise_cosine": 0.0, "fpem/expert_collapse_warning": 0.0, "fpem/env_route_target_mode_env_prototype": 0.0, "fpem/env_route_target_mode_hybrid": 0.0, "fpem/env_route_hybrid_alpha": 0.0, "fpem/env_route_train_mode_warmup_risk_sinkhorn": 0.0, "fpem/warmup_risk_stage_warmup": 0.0, "fpem/warmup_risk_stage_soft": 0.0, "fpem/warmup_risk_stage_hard": 0.0, "fpem/warmup_risk_selected_loss": 0.0, "fpem/warmup_risk_uniform_common_loss": 0.0, "fpem/warmup_risk_lambda_common": 0.0, "fpem/warmup_risk_total_common_term": 0.0, "fpem/warmup_risk_temperature": 0.0, "fpem/warmup_risk_temperature_progress": 0.0, "fpem/uniform_expert_mae": 0.0, "fpem/risk_routed_mae": 0.0, "fpem/risk_prediction_mae": 0.0, "fpem/risk_loss": 0.0, "fpem/risk_ranking_loss": 0.0, "fpem/risk_ranking_accuracy": 0.0, "fpem/risk_oracle_argmin_accuracy": 0.0, "fpem/risk_router_temperature": 0.0, "fpem/risk_router_lambda": 0.0, "fpem/risk_router_pairwise_lambda": 0.0, "fpem/env_route_train_mode_progressive_gmm_environment": 0.0, "fpem/top_level_prediction_source_progressive_gmm_teacher_hard": 0.0, "fpem/progressive_assignment_uses_target_or_prediction_error": 0.0, "fpem/progressive_partition_ready": 0.0, "fpem/progressive_selected_k": 0.0, "fpem/progressive_active_expert_count": 0.0, "fpem/progressive_last_partition_epoch": 0.0, "fpem/progressive_lambda_common": 0.0, "fpem/progressive_common_term": 0.0, "fpem/progressive_compactness_loss": 0.0, "fpem/progressive_consistency_loss": 0.0, "fpem/progressive_cluster_entropy": 0.0, "fpem/progressive_assignment_change_ratio": 0.0, "fpem/progressive_hungarian_overlap_score": 0.0, "fpem/progressive_partition_update_time_sec": 0.0, "fpem/progressive_routed_mae": 0.0, "fpem/progressive_gmm_environment_total_replaces_primary": 0.0, "fpem/env_route_count_head_0": 16.0, "fpem/env_route_oracle_count_head_0": 16.0, "fpem/route_count_env_head_0": 16.0, "fpem/route_soft_mean_expert_0": 1.0, "fpem/route_hard_count_expert_0": 16.0, "fpem/hard_count_expert_0": 16.0, "fpem/sinkhorn_soft_col_mass_expert_0": 0.0, "fpem/progressive_active_expert_0": 0.0, "fpem/progressive_cluster_size_0": 0.0, "fpem/progressive_cluster_ratio_0": 0.0, "fpem/progressive_cluster_to_expert_0": 0.0, "fpem/progressive_bic_k1": 0.0, "fpem/progressive_bic_score_k1": 0.0, "fpem/progressive_bic_rejected_k1": 0.0, "fpem/hyper_alpha_head_0": 0.0, "fpem/hyper_gamma_norm_head_0": 0.0, "fpem/hyper_beta_norm_head_0": 0.0, "fpem/expert_cross_mae_group_0_expert_0": 9.414025175003779, "fpem/load_expert_loss": 9.414025175003779, "fpem/counterfactual_risk_router_loss": 1.168316259838286, "fpem/counterfactual_risk_regression_loss": 0.8312776145480928, "fpem/counterfactual_risk_ranking_loss": 0.6740773013659886, "fpem/load_level_assignment_detached": 1.0, "fpem/load_level_count_0": 1680.0, "fpem/load_level_ratio_0": 1.0, "fpem/expert_0_global_loss": 9.414025175003779, "fpem/expert_0_selected_loss": 9.414025175003779, "fpem/counterfactual_risk_stage2_active": 1.0, "fpem/counterfactual_risk_stage2_start_epoch": 20.0, "fpem/counterfactual_risk_all_environment_mae": 9.414025175003779, "fpem/counterfactual_risk_all_invariant_mae": 9.662237526121594, "fpem/counterfactual_risk_routed_mae": 9.485293624514625, "fpem/counterfactual_risk_oracle_mae": 9.378016240256173, "fpem/counterfactual_risk_router_accuracy": 0.6083333333333333, "fpem/counterfactual_risk_router_balanced_accuracy": 0.5516752589316595, "fpem/counterfactual_risk_inv_route_ratio": 0.39107142857142857, "fpem/counterfactual_risk_env_route_ratio": 0.6089285714285714, "fpem/counterfactual_risk_inv_switch_precision": 0.2593925696043741, "fpem/counterfactual_risk_correct_inv_switches": 1.638095238095238, "fpem/counterfactual_risk_harmful_inv_switches": 4.619047619047619, "fpem/counterfactual_risk_saved_loss": 0.01819263668287368, "fpem/counterfactual_risk_added_loss": 0.08946110960983095, "fpem/counterfactual_risk_net_gain": -0.07126844951084682, "fpem/counterfactual_risk_regret": 0.10727738425845192, "fpem/counterfactual_risk_oracle_gap_closed": -3570.1840054532245, "fpem/counterfactual_risk_delta_mean": -0.24821233181726365, "fpem/counterfactual_risk_target_inv_ratio": 0.20535714285714285, "fpem/counterfactual_risk_weight_env_sum": 8.152380866096133, "fpem/counterfactual_risk_weight_inv_sum": 7.847618974958148, "fpem/counterfactual_risk_prediction_is_hard_route": 1.0, "fpem/counterfactual_risk_prediction_is_soft_fusion": 0.0, "fpem/counterfactual_risk_target_detached": 1.0, "fpem/counterfactual_risk_uses_threshold": 0.0, "fpem/counterfactual_risk_all_samples_used_for_router": 1.0, "fpem/hard_router_predicted_env_ratio": 0.6089285714285714, "fpem/hard_router_effective_env_ratio": 1.0, "fpem/hard_router_target_env_ratio": 0.7946428571428571, "fpem/hard_router_gain_mean": -0.24821233181726365, "fpem/expert_prediction_pairwise_difference": 0.0, "fpem/delta_pairwise_cosine": 0.0, "fpem/delta_pairwise_l1": 0.0, "fpem/delta_pairwise_l2": 0.0, "fpem/expert_0_parameter_norm": 14.882429122924805, "fpem/hard_binary_router_enabled": 0.0, "fpem/hard_router_uses_target_in_forward": 0.0, "fpem/stored_future_c_loaded": 0.0, "fpem/prediction_is_weighted_complete_fusion": 0.0, "fpem/prediction_is_hard_route": 1.0, "fpem/conservative_inv_override_enabled": 0.0, "fpem/conservative_router_features_detached": 1.0, "fpem/counterfactual_risk_router_enabled": 1.0, "fpem/counterfactual_risk_stage2_active_forward": 1.0, "fpem/counterfactual_risk_deploy_route_active": 0.0, "fpem/counterfactual_risk_training_uses_route": 0.0, "fpem/counterfactual_risk_forward_uses_threshold": 0.0, "fpem/future_mi_loss": 0.0, "fpem/future_mi_valid": 0.0, "fpem/future_mi_logvar_mean": 0.0, "fpem/future_mi_target_mode_env_encoder": 0.0, "fpem/swap_loss": 0.0, "fpem/swap_diff_loss": 0.0, "fpem/swap_same_loss": 0.0, "fpem/swap_gain_mean": 0.0, "fpem/swap_s_gain_mean": 0.0, "fpem/swap_fallback_router_loss": 0.0, "fpem/swap_fallback_q_mean": 0.0, "fpem/swap_prediction_delta": 0.0, "fpem/swap_route_delta": 0.0, "fpem/swap_hyper_alpha_delta": 0.0, "fpem/swap_hyper_delta_norm": 0.0, "fpem/loss_env_day": 0.0, "fpem/loss_env_hour": 0.0, "fpem/loss_env_rush": 0.0, "fpem/env_day_acc": 0.0, "fpem/env_hour_acc": 0.0, "fpem/env_rush_acc": 0.0, "fpem/loss_env_supcon": 0.0, "fpem/env_supcon_valid_pairs": 0.0, "fpem/loss_inv_env_adv": 0.0, "fpem/inv_day_acc": 0.0, "fpem/inv_hour_acc": 0.0, "fpem/inv_rush_acc": 0.0, "fpem/loss_cross_cov_sep": 0.0, "fpem/confounder_dep_enabled": 0.0, "fpem/confounder_dep_mode_gci": 0.0, "fpem/confounder_dep_mode_scd": 1.0, "fpem/confounder_dep_mode_both": 0.0, "fpem/confounder_dep_total": 0.0, "fpem/loss_gci": 0.0, "fpem/loss_gci_drop": 0.0, "fpem/loss_gci_keep": 0.0, "fpem/loss_gci_graph_align": 0.0, "fpem/loss_scd": 0.0, "fpem/loss_conf_kl": 0.0, "fpem/effective_gci_weight": 0.0, "fpem/effective_gci_graph_align_weight": 0.0, "fpem/effective_scd_weight": 0.0, "fpem/effective_conf_kl_weight": 0.0, "fpem/confounder_dep_ramp_factor": 0.0, "fpem/C_mean": 0.0, "fpem/C_std": 0.0, "fpem/C_norm": 0.0, "fpem/confounder_token_norm": 0.0, "fpem/confounder_variational": 0.0, "fpem/confounder_projection_trace": 0.0, "fpem/confounder_projection_ridge": 0.0, "fpem/confounder_projection_rank_dim": 0.0, "fpem/confounder_projection_calls": 0.0, "fpem/confounder_dep_detach_target": 0.0, "fpem/gci_nonedge_mass_before_C": 0.0, "fpem/gci_nonedge_mass_after_C": 0.0, "fpem/gci_nonedge_mass_reduction": 0.0, "fpem/gci_relative_violation": 0.0, "fpem/gci_edge_before_C": 0.0, "fpem/gci_edge_after_C": 0.0, "fpem/gci_nonedge_conn_before_C": 0.0, "fpem/gci_nonedge_conn_after_C": 0.0, "fpem/gci_nonedge_conn_reduction": 0.0, "fpem/gci_edge_conn_before_C": 0.0, "fpem/gci_edge_conn_after_C": 0.0, "fpem/gci_edge_conn_reduction": 0.0, "fpem/gci_nonedge_dep_before_C": 0.0, "fpem/gci_nonedge_dep_after_C": 0.0, "fpem/gci_nonedge_dep_reduction": 0.0, "fpem/gci_edge_dep_before_C": 0.0, "fpem/gci_edge_dep_after_C": 0.0, "fpem/gci_nonedge_count": 0.0, "fpem/gci_edge_count": 0.0, "fpem/gci_node_count": 0.0, "fpem/gci_node_vector_dim": 0.0, "fpem/gci_graph_embed_dim": 0.0, "fpem/gci_graph_embedding_norm_before": 0.0, "fpem/gci_graph_embedding_norm_after": 0.0, "fpem/gci_graph_embedding_std_before": 0.0, "fpem/gci_graph_embedding_std_after": 0.0, "fpem/gci_graph_adj_mean_before": 0.0, "fpem/gci_graph_adj_mean_after": 0.0, "fpem/gci_graph_adj_std_before": 0.0, "fpem/gci_graph_adj_std_after": 0.0, "fpem/gci_graph_align_weight": 0.0, "fpem/gci_graph_align_raw_mse": 0.0, "fpem/gci_graph_align_normalized": 0.0, "fpem/gci_edge_preserve_beta": 0.0, "fpem/gci_graph_align_target_available": 0.0, "fpem/gci_target_adj_mean": 0.0, "fpem/gci_target_adj_std": 0.0, "fpem/gci_target_edge_mean": 0.0, "fpem/gci_target_nonedge_mean": 0.0, "fpem/gci_target_diag_mean": 0.0, "fpem/gci_graph_align_updates_agcrn": 0.0, "fpem/gci_updates_graph_linear": 0.0, "fpem/gci_graph_construction_agcrn_softmax": 0.0, "fpem/scd_assoc_before_C": 0.0, "fpem/scd_assoc_after_C": 0.0, "fpem/scd_assoc_reduction": 0.0, "fpem/scd_relative_violation": 0.0, "fpem/sample_assoc_before_C": 0.0, "fpem/sample_assoc_after_C": 0.0, "fpem/sample_assoc_reduction": 0.0, "fpem/sample_dep_before_C": 0.0, "fpem/sample_dep_after_C": 0.0, "fpem/sample_dep_reduction": 0.0, "fpem/scd_batch_size": 0.0, "fpem/scd_sample_vector_dim": 0.0, "fpem/sample_kernel_alignment": 0.0, "fpem/scd_alignment_loss": 0.0, "fpem/load_level_experts_enabled": 1.0, "fpem/load_level_uses_target_or_future_load": 0.0, "fpem/environment_gate_uses_target_in_forward": 0.0, "fpem/load_level_env_residual_scale": 0.0, "fpem/uses_cached_observable_load_prior": 1.0, "fpem/primary_loss": 8.984316784994943, "fpem/inv_pred_loss": 9.214397285098121, "fpem/primary_uses_route": 1.0, "fpem/primary_uses_env_fusion": 0.0, "fpem/backbone_agcrn": 1.0, "fpem/backbone_graphwavenet": 0.0, "fpem/backbone_staeformer": 0.0, "fpem/gc_pred_loss_only": 1.0, "fpem/env_route_head_mode_hyper_proto": 1.0, "fpem/fpem_force_uniform_route": 0.0, "fpem/hard_prediction_sinkhorn_total_replaces_primary": 0.0, "fpem/hard_prediction_environment_sinkhorn_total_replaces_primary": 0.0, "fpem/warmup_risk_sinkhorn_total_replaces_primary": 0.0, "fpem/lambda_club_mi": 0.0}}
EPOCH {"epoch": 61, "train_loss": 1.2252227879705884, "val": {"loss": 11.818637079662746, "mae": 11.599958419799805, "mape": 0.1855420023202896}, "test_mixed": {"loss": NaN, "mae": NaN, "mape": NaN}, "test_workday": {"loss": NaN, "mae": NaN, "mape": NaN}, "test_holiday": {"loss": NaN, "mae": NaN, "mape": NaN}, "test_avg_mae": NaN, "best_selection_value": 11.818637079662746, "best_selection_split": "val", "best_selection_metric": "val_loss", "lr": 0.0005, "fpem_logs": {"fpem/fpem_env_use_exogenous": 1.0, "fpem/env_exogenous_available": 1.0, "fpem/env_exogenous_time_available": 1.0, "fpem/env_exogenous_load_available": 1.0, "fpem/env_exogenous_feature_dim": 32.0, "fpem/env_exogenous_embedding_norm": 2.4949841385795954, "fpem/env_exogenous_load_embedding_norm": 1.6422675155457995, "fpem/fpem_env_use_period_context": 1.0, "fpem/env_period_context_available": 1.0, "fpem/env_period_day_available_ratio": 0.9732142857142857, "fpem/env_period_week_available_ratio": 0.8244047619047619, "fpem/env_period_context_feature_dim": 6.0, "fpem/env_period_context_scale": 0.10000000149011612, "fpem/env_period_context_delta_norm": 0.20782210684957958, "fpem/env_period_context_day_diff_norm": 0.16272705097993215, "fpem/env_period_context_week_diff_norm": 0.10188992754334496, "fpem/env_rep_ablation_normal": 1.0, "fpem/env_rep_ablation_zero": 0.0, "fpem/env_rep_ablation_shuffle_batch": 0.0, "fpem/env_rep_ablation_mode_id": 0.0, "fpem/mask_loss": 0.0, "fpem/mask_sparse_loss": 0.0, "fpem/mask_entropy_loss": 0.0, "fpem/mask_mean": 1.0, "fpem/mask_entropy": 0.0, "fpem/mask_active_ratio": 1.0, "fpem/fusion_alpha_mean": 0.0, "fpem/fusion_alpha_std": 0.0, "fpem/fusion_alpha_min": 0.0, "fpem/fusion_alpha_max": 0.0, "fpem/env_route_loss": 1.2252227879705884, "fpem/env_route_L_final": 8.982385844276065, "fpem/env_route_L_global": 0.0, "fpem/env_route_L_route_soft": 0.0, "fpem/env_route_L_expert": 9.414025838034494, "fpem/env_route_L_router_oracle": 1.2252227879705884, "fpem/env_route_L_balance": 0.0, "fpem/env_route_L_diverse": 0.0, "fpem/env_route_L_proto_align": 0.0, "fpem/env_route_entropy": 0.0, "fpem/env_route_q_max_mean": 0.0, "fpem/hyper_alpha_mean": 0.0, "fpem/hyper_delta_norm": 0.0, "fpem/hyper_route_proto_mode_uniform_warmup": 0.0, "fpem/hyper_route_proto_mode_uniform_fixed": 0.0, "fpem/hyper_route_proto_mode_sinkhorn": 0.0, "fpem/hyper_route_proto_mode_softmax": 0.0, "fpem/fallback_q_mean": 0.0, "fpem/fallback_q_max": 0.0, "fpem/env_q_sum_mean": 1.0, "fpem/oracle_fallback_rate": 0.0, "fpem/route_count_fallback": 0.0, "fpem/env_route_head_mode": 1.0, "fpem/route_entropy_mean": 0.0, "fpem/route_mean_distribution_entropy": 0.0, "fpem/effective_expert_number": 1.0, "fpem/max_expert_usage_ratio": 0.0, "fpem/min_expert_usage_ratio": 0.0, "fpem/prototype_pairwise_cosine": 0.0, "fpem/expert_prediction_pairwise_cosine": 0.0, "fpem/expert_collapse_warning": 0.0, "fpem/env_route_target_mode_env_prototype": 0.0, "fpem/env_route_target_mode_hybrid": 0.0, "fpem/env_route_hybrid_alpha": 0.0, "fpem/env_route_train_mode_warmup_risk_sinkhorn": 0.0, "fpem/warmup_risk_stage_warmup": 0.0, "fpem/warmup_risk_stage_soft": 0.0, "fpem/warmup_risk_stage_hard": 0.0, "fpem/warmup_risk_selected_loss": 0.0, "fpem/warmup_risk_uniform_common_loss": 0.0, "fpem/warmup_risk_lambda_common": 0.0, "fpem/warmup_risk_total_common_term": 0.0, "fpem/warmup_risk_temperature": 0.0, "fpem/warmup_risk_temperature_progress": 0.0, "fpem/uniform_expert_mae": 0.0, "fpem/risk_routed_mae": 0.0, "fpem/risk_prediction_mae": 0.0, "fpem/risk_loss": 0.0, "fpem/risk_ranking_loss": 0.0, "fpem/risk_ranking_accuracy": 0.0, "fpem/risk_oracle_argmin_accuracy": 0.0, "fpem/risk_router_temperature": 0.0, "fpem/risk_router_lambda": 0.0, "fpem/risk_router_pairwise_lambda": 0.0, "fpem/env_route_train_mode_progressive_gmm_environment": 0.0, "fpem/top_level_prediction_source_progressive_gmm_teacher_hard": 0.0, "fpem/progressive_assignment_uses_target_or_prediction_error": 0.0, "fpem/progressive_partition_ready": 0.0, "fpem/progressive_selected_k": 0.0, "fpem/progressive_active_expert_count": 0.0, "fpem/progressive_last_partition_epoch": 0.0, "fpem/progressive_lambda_common": 0.0, "fpem/progressive_common_term": 0.0, "fpem/progressive_compactness_loss": 0.0, "fpem/progressive_consistency_loss": 0.0, "fpem/progressive_cluster_entropy": 0.0, "fpem/progressive_assignment_change_ratio": 0.0, "fpem/progressive_hungarian_overlap_score": 0.0, "fpem/progressive_partition_update_time_sec": 0.0, "fpem/progressive_routed_mae": 0.0, "fpem/progressive_gmm_environment_total_replaces_primary": 0.0, "fpem/env_route_count_head_0": 16.0, "fpem/env_route_oracle_count_head_0": 16.0, "fpem/route_count_env_head_0": 16.0, "fpem/route_soft_mean_expert_0": 1.0, "fpem/route_hard_count_expert_0": 16.0, "fpem/hard_count_expert_0": 16.0, "fpem/sinkhorn_soft_col_mass_expert_0": 0.0, "fpem/progressive_active_expert_0": 0.0, "fpem/progressive_cluster_size_0": 0.0, "fpem/progressive_cluster_ratio_0": 0.0, "fpem/progressive_cluster_to_expert_0": 0.0, "fpem/progressive_bic_k1": 0.0, "fpem/progressive_bic_score_k1": 0.0, "fpem/progressive_bic_rejected_k1": 0.0, "fpem/hyper_alpha_head_0": 0.0, "fpem/hyper_gamma_norm_head_0": 0.0, "fpem/hyper_beta_norm_head_0": 0.0, "fpem/expert_cross_mae_group_0_expert_0": 9.414025838034494, "fpem/load_expert_loss": 9.414025838034494, "fpem/counterfactual_risk_router_loss": 1.2252227879705884, "fpem/counterfactual_risk_regression_loss": 0.8885210837636676, "fpem/counterfactual_risk_ranking_loss": 0.6734034004665557, "fpem/load_level_assignment_detached": 1.0, "fpem/load_level_count_0": 1680.0, "fpem/load_level_ratio_0": 1.0, "fpem/expert_0_global_loss": 9.414025838034494, "fpem/expert_0_selected_loss": 9.414025838034494, "fpem/counterfactual_risk_stage2_active": 1.0, "fpem/counterfactual_risk_stage2_start_epoch": 20.0, "fpem/counterfactual_risk_all_environment_mae": 9.414025838034494, "fpem/counterfactual_risk_all_invariant_mae": 9.662237439836774, "fpem/counterfactual_risk_routed_mae": 9.487319751012892, "fpem/counterfactual_risk_oracle_mae": 9.378017007736933, "fpem/counterfactual_risk_router_accuracy": 0.593452380952381, "fpem/counterfactual_risk_router_balanced_accuracy": 0.5528384478319259, "fpem/counterfactual_risk_inv_route_ratio": 0.4107142857142857, "fpem/counterfactual_risk_env_route_ratio": 0.5892857142857143, "fpem/counterfactual_risk_inv_switch_precision": 0.25839999055578594, "fpem/counterfactual_risk_correct_inv_switches": 1.6761904761904762, "fpem/counterfactual_risk_harmful_inv_switches": 4.895238095238096, "fpem/counterfactual_risk_saved_loss": 0.01899771321387518, "fpem/counterfactual_risk_added_loss": 0.0922915932678041, "fpem/counterfactual_risk_net_gain": -0.07329391297839936, "fpem/counterfactual_risk_regret": 0.10930274327596029, "fpem/counterfactual_risk_oracle_gap_closed": -767.0996444041886, "fpem/counterfactual_risk_delta_mean": -0.24821161400704156, "fpem/counterfactual_risk_target_inv_ratio": 0.20535714285714285, "fpem/counterfactual_risk_weight_env_sum": 8.076190389905657, "fpem/counterfactual_risk_weight_inv_sum": 7.9238094647725426, "fpem/counterfactual_risk_prediction_is_hard_route": 1.0, "fpem/counterfactual_risk_prediction_is_soft_fusion": 0.0, "fpem/counterfactual_risk_target_detached": 1.0, "fpem/counterfactual_risk_uses_threshold": 0.0, "fpem/counterfactual_risk_all_samples_used_for_router": 1.0, "fpem/hard_router_predicted_env_ratio": 0.5892857142857143, "fpem/hard_router_effective_env_ratio": 1.0, "fpem/hard_router_target_env_ratio": 0.7946428571428571, "fpem/hard_router_gain_mean": -0.24821161400704156, "fpem/expert_prediction_pairwise_difference": 0.0, "fpem/delta_pairwise_cosine": 0.0, "fpem/delta_pairwise_l1": 0.0, "fpem/delta_pairwise_l2": 0.0, "fpem/expert_0_parameter_norm": 14.882429122924805, "fpem/hard_binary_router_enabled": 0.0, "fpem/hard_router_uses_target_in_forward": 0.0, "fpem/stored_future_c_loaded": 0.0, "fpem/prediction_is_weighted_complete_fusion": 0.0, "fpem/prediction_is_hard_route": 1.0, "fpem/conservative_inv_override_enabled": 0.0, "fpem/conservative_router_features_detached": 1.0, "fpem/counterfactual_risk_router_enabled": 1.0, "fpem/counterfactual_risk_stage2_active_forward": 1.0, "fpem/counterfactual_risk_deploy_route_active": 0.0, "fpem/counterfactual_risk_training_uses_route": 0.0, "fpem/counterfactual_risk_forward_uses_threshold": 0.0, "fpem/future_mi_loss": 0.0, "fpem/future_mi_valid": 0.0, "fpem/future_mi_logvar_mean": 0.0, "fpem/future_mi_target_mode_env_encoder": 0.0, "fpem/swap_loss": 0.0, "fpem/swap_diff_loss": 0.0, "fpem/swap_same_loss": 0.0, "fpem/swap_gain_mean": 0.0, "fpem/swap_s_gain_mean": 0.0, "fpem/swap_fallback_router_loss": 0.0, "fpem/swap_fallback_q_mean": 0.0, "fpem/swap_prediction_delta": 0.0, "fpem/swap_route_delta": 0.0, "fpem/swap_hyper_alpha_delta": 0.0, "fpem/swap_hyper_delta_norm": 0.0, "fpem/loss_env_day": 0.0, "fpem/loss_env_hour": 0.0, "fpem/loss_env_rush": 0.0, "fpem/env_day_acc": 0.0, "fpem/env_hour_acc": 0.0, "fpem/env_rush_acc": 0.0, "fpem/loss_env_supcon": 0.0, "fpem/env_supcon_valid_pairs": 0.0, "fpem/loss_inv_env_adv": 0.0, "fpem/inv_day_acc": 0.0, "fpem/inv_hour_acc": 0.0, "fpem/inv_rush_acc": 0.0, "fpem/loss_cross_cov_sep": 0.0, "fpem/confounder_dep_enabled": 0.0, "fpem/confounder_dep_mode_gci": 0.0, "fpem/confounder_dep_mode_scd": 1.0, "fpem/confounder_dep_mode_both": 0.0, "fpem/confounder_dep_total": 0.0, "fpem/loss_gci": 0.0, "fpem/loss_gci_drop": 0.0, "fpem/loss_gci_keep": 0.0, "fpem/loss_gci_graph_align": 0.0, "fpem/loss_scd": 0.0, "fpem/loss_conf_kl": 0.0, "fpem/effective_gci_weight": 0.0, "fpem/effective_gci_graph_align_weight": 0.0, "fpem/effective_scd_weight": 0.0, "fpem/effective_conf_kl_weight": 0.0, "fpem/confounder_dep_ramp_factor": 0.0, "fpem/C_mean": 0.0, "fpem/C_std": 0.0, "fpem/C_norm": 0.0, "fpem/confounder_token_norm": 0.0, "fpem/confounder_variational": 0.0, "fpem/confounder_projection_trace": 0.0, "fpem/confounder_projection_ridge": 0.0, "fpem/confounder_projection_rank_dim": 0.0, "fpem/confounder_projection_calls": 0.0, "fpem/confounder_dep_detach_target": 0.0, "fpem/gci_nonedge_mass_before_C": 0.0, "fpem/gci_nonedge_mass_after_C": 0.0, "fpem/gci_nonedge_mass_reduction": 0.0, "fpem/gci_relative_violation": 0.0, "fpem/gci_edge_before_C": 0.0, "fpem/gci_edge_after_C": 0.0, "fpem/gci_nonedge_conn_before_C": 0.0, "fpem/gci_nonedge_conn_after_C": 0.0, "fpem/gci_nonedge_conn_reduction": 0.0, "fpem/gci_edge_conn_before_C": 0.0, "fpem/gci_edge_conn_after_C": 0.0, "fpem/gci_edge_conn_reduction": 0.0, "fpem/gci_nonedge_dep_before_C": 0.0, "fpem/gci_nonedge_dep_after_C": 0.0, "fpem/gci_nonedge_dep_reduction": 0.0, "fpem/gci_edge_dep_before_C": 0.0, "fpem/gci_edge_dep_after_C": 0.0, "fpem/gci_nonedge_count": 0.0, "fpem/gci_edge_count": 0.0, "fpem/gci_node_count": 0.0, "fpem/gci_node_vector_dim": 0.0, "fpem/gci_graph_embed_dim": 0.0, "fpem/gci_graph_embedding_norm_before": 0.0, "fpem/gci_graph_embedding_norm_after": 0.0, "fpem/gci_graph_embedding_std_before": 0.0, "fpem/gci_graph_embedding_std_after": 0.0, "fpem/gci_graph_adj_mean_before": 0.0, "fpem/gci_graph_adj_mean_after": 0.0, "fpem/gci_graph_adj_std_before": 0.0, "fpem/gci_graph_adj_std_after": 0.0, "fpem/gci_graph_align_weight": 0.0, "fpem/gci_graph_align_raw_mse": 0.0, "fpem/gci_graph_align_normalized": 0.0, "fpem/gci_edge_preserve_beta": 0.0, "fpem/gci_graph_align_target_available": 0.0, "fpem/gci_target_adj_mean": 0.0, "fpem/gci_target_adj_std": 0.0, "fpem/gci_target_edge_mean": 0.0, "fpem/gci_target_nonedge_mean": 0.0, "fpem/gci_target_diag_mean": 0.0, "fpem/gci_graph_align_updates_agcrn": 0.0, "fpem/gci_updates_graph_linear": 0.0, "fpem/gci_graph_construction_agcrn_softmax": 0.0, "fpem/scd_assoc_before_C": 0.0, "fpem/scd_assoc_after_C": 0.0, "fpem/scd_assoc_reduction": 0.0, "fpem/scd_relative_violation": 0.0, "fpem/sample_assoc_before_C": 0.0, "fpem/sample_assoc_after_C": 0.0, "fpem/sample_assoc_reduction": 0.0, "fpem/sample_dep_before_C": 0.0, "fpem/sample_dep_after_C": 0.0, "fpem/sample_dep_reduction": 0.0, "fpem/scd_batch_size": 0.0, "fpem/scd_sample_vector_dim": 0.0, "fpem/sample_kernel_alignment": 0.0, "fpem/scd_alignment_loss": 0.0, "fpem/load_level_experts_enabled": 1.0, "fpem/load_level_uses_target_or_future_load": 0.0, "fpem/environment_gate_uses_target_in_forward": 0.0, "fpem/load_level_env_residual_scale": 0.0, "fpem/uses_cached_observable_load_prior": 1.0, "fpem/primary_loss": 8.982385844276065, "fpem/inv_pred_loss": 9.212357584635416, "fpem/primary_uses_route": 1.0, "fpem/primary_uses_env_fusion": 0.0, "fpem/backbone_agcrn": 1.0, "fpem/backbone_graphwavenet": 0.0, "fpem/backbone_staeformer": 0.0, "fpem/gc_pred_loss_only": 1.0, "fpem/env_route_head_mode_hyper_proto": 1.0, "fpem/fpem_force_uniform_route": 0.0, "fpem/hard_prediction_sinkhorn_total_replaces_primary": 0.0, "fpem/hard_prediction_environment_sinkhorn_total_replaces_primary": 0.0, "fpem/warmup_risk_sinkhorn_total_replaces_primary": 0.0, "fpem/lambda_club_mi": 0.0}}
EPOCH {"epoch": 62, "train_loss": 1.208298961321513, "val": {"loss": 11.80868313047621, "mae": 11.588010787963867, "mape": 0.18488676846027374}, "test_mixed": {"loss": NaN, "mae": NaN, "mape": NaN}, "test_workday": {"loss": NaN, "mae": NaN, "mape": NaN}, "test_holiday": {"loss": NaN, "mae": NaN, "mape": NaN}, "test_avg_mae": NaN, "best_selection_value": 11.80868313047621, "best_selection_split": "val", "best_selection_metric": "val_loss", "lr": 0.0005, "fpem_logs": {"fpem/fpem_env_use_exogenous": 1.0, "fpem/env_exogenous_available": 1.0, "fpem/env_exogenous_time_available": 1.0, "fpem/env_exogenous_load_available": 1.0, "fpem/env_exogenous_feature_dim": 32.0, "fpem/env_exogenous_embedding_norm": 2.4949841340382894, "fpem/env_exogenous_load_embedding_norm": 1.6422675212224325, "fpem/fpem_env_use_period_context": 1.0, "fpem/env_period_context_available": 1.0, "fpem/env_period_day_available_ratio": 0.9732142857142857, "fpem/env_period_week_available_ratio": 0.8244047619047619, "fpem/env_period_context_feature_dim": 6.0, "fpem/env_period_context_scale": 0.10000000149011612, "fpem/env_period_context_delta_norm": 0.2078221089783169, "fpem/env_period_context_day_diff_norm": 0.16272705310866947, "fpem/env_period_context_week_diff_norm": 0.10188992619514466, "fpem/env_rep_ablation_normal": 1.0, "fpem/env_rep_ablation_zero": 0.0, "fpem/env_rep_ablation_shuffle_batch": 0.0, "fpem/env_rep_ablation_mode_id": 0.0, "fpem/mask_loss": 0.0, "fpem/mask_sparse_loss": 0.0, "fpem/mask_entropy_loss": 0.0, "fpem/mask_mean": 1.0, "fpem/mask_entropy": 0.0, "fpem/mask_active_ratio": 1.0, "fpem/fusion_alpha_mean": 0.0, "fpem/fusion_alpha_std": 0.0, "fpem/fusion_alpha_min": 0.0, "fpem/fusion_alpha_max": 0.0, "fpem/env_route_loss": 1.208298961321513, "fpem/env_route_L_final": 8.9886920883542, "fpem/env_route_L_global": 0.0, "fpem/env_route_L_route_soft": 0.0, "fpem/env_route_L_expert": 9.414025956108457, "fpem/env_route_L_router_oracle": 1.208298961321513, "fpem/env_route_L_balance": 0.0, "fpem/env_route_L_diverse": 0.0, "fpem/env_route_L_proto_align": 0.0, "fpem/env_route_entropy": 0.0, "fpem/env_route_q_max_mean": 0.0, "fpem/hyper_alpha_mean": 0.0, "fpem/hyper_delta_norm": 0.0, "fpem/hyper_route_proto_mode_uniform_warmup": 0.0, "fpem/hyper_route_proto_mode_uniform_fixed": 0.0, "fpem/hyper_route_proto_mode_sinkhorn": 0.0, "fpem/hyper_route_proto_mode_softmax": 0.0, "fpem/fallback_q_mean": 0.0, "fpem/fallback_q_max": 0.0, "fpem/env_q_sum_mean": 1.0, "fpem/oracle_fallback_rate": 0.0, "fpem/route_count_fallback": 0.0, "fpem/env_route_head_mode": 1.0, "fpem/route_entropy_mean": 0.0, "fpem/route_mean_distribution_entropy": 0.0, "fpem/effective_expert_number": 1.0, "fpem/max_expert_usage_ratio": 0.0, "fpem/min_expert_usage_ratio": 0.0, "fpem/prototype_pairwise_cosine": 0.0, "fpem/expert_prediction_pairwise_cosine": 0.0, "fpem/expert_collapse_warning": 0.0, "fpem/env_route_target_mode_env_prototype": 0.0, "fpem/env_route_target_mode_hybrid": 0.0, "fpem/env_route_hybrid_alpha": 0.0, "fpem/env_route_train_mode_warmup_risk_sinkhorn": 0.0, "fpem/warmup_risk_stage_warmup": 0.0, "fpem/warmup_risk_stage_soft": 0.0, "fpem/warmup_risk_stage_hard": 0.0, "fpem/warmup_risk_selected_loss": 0.0, "fpem/warmup_risk_uniform_common_loss": 0.0, "fpem/warmup_risk_lambda_common": 0.0, "fpem/warmup_risk_total_common_term": 0.0, "fpem/warmup_risk_temperature": 0.0, "fpem/warmup_risk_temperature_progress": 0.0, "fpem/uniform_expert_mae": 0.0, "fpem/risk_routed_mae": 0.0, "fpem/risk_prediction_mae": 0.0, "fpem/risk_loss": 0.0, "fpem/risk_ranking_loss": 0.0, "fpem/risk_ranking_accuracy": 0.0, "fpem/risk_oracle_argmin_accuracy": 0.0, "fpem/risk_router_temperature": 0.0, "fpem/risk_router_lambda": 0.0, "fpem/risk_router_pairwise_lambda": 0.0, "fpem/env_route_train_mode_progressive_gmm_environment": 0.0, "fpem/top_level_prediction_source_progressive_gmm_teacher_hard": 0.0, "fpem/progressive_assignment_uses_target_or_prediction_error": 0.0, "fpem/progressive_partition_ready": 0.0, "fpem/progressive_selected_k": 0.0, "fpem/progressive_active_expert_count": 0.0, "fpem/progressive_last_partition_epoch": 0.0, "fpem/progressive_lambda_common": 0.0, "fpem/progressive_common_term": 0.0, "fpem/progressive_compactness_loss": 0.0, "fpem/progressive_consistency_loss": 0.0, "fpem/progressive_cluster_entropy": 0.0, "fpem/progressive_assignment_change_ratio": 0.0, "fpem/progressive_hungarian_overlap_score": 0.0, "fpem/progressive_partition_update_time_sec": 0.0, "fpem/progressive_routed_mae": 0.0, "fpem/progressive_gmm_environment_total_replaces_primary": 0.0, "fpem/env_route_count_head_0": 16.0, "fpem/env_route_oracle_count_head_0": 16.0, "fpem/route_count_env_head_0": 16.0, "fpem/route_soft_mean_expert_0": 1.0, "fpem/route_hard_count_expert_0": 16.0, "fpem/hard_count_expert_0": 16.0, "fpem/sinkhorn_soft_col_mass_expert_0": 0.0, "fpem/progressive_active_expert_0": 0.0, "fpem/progressive_cluster_size_0": 0.0, "fpem/progressive_cluster_ratio_0": 0.0, "fpem/progressive_cluster_to_expert_0": 0.0, "fpem/progressive_bic_k1": 0.0, "fpem/progressive_bic_score_k1": 0.0, "fpem/progressive_bic_rejected_k1": 0.0, "fpem/hyper_alpha_head_0": 0.0, "fpem/hyper_gamma_norm_head_0": 0.0, "fpem/hyper_beta_norm_head_0": 0.0, "fpem/expert_cross_mae_group_0_expert_0": 9.414025956108457, "fpem/load_expert_loss": 9.414025956108457, "fpem/counterfactual_risk_router_loss": 1.208298961321513, "fpem/counterfactual_risk_regression_loss": 0.8747304842585609, "fpem/counterfactual_risk_ranking_loss": 0.667136952422914, "fpem/load_level_assignment_detached": 1.0, "fpem/load_level_count_0": 1680.0, "fpem/load_level_ratio_0": 1.0, "fpem/expert_0_global_loss": 9.414025956108457, "fpem/expert_0_selected_loss": 9.414025956108457, "fpem/counterfactual_risk_stage2_active": 1.0, "fpem/counterfactual_risk_stage2_start_epoch": 20.0, "fpem/counterfactual_risk_all_environment_mae": 9.414025956108457, "fpem/counterfactual_risk_all_invariant_mae": 9.662237467084612, "fpem/counterfactual_risk_routed_mae": 9.483758835565476, "fpem/counterfactual_risk_oracle_mae": 9.378016971406483, "fpem/counterfactual_risk_router_accuracy": 0.5970238095238095, "fpem/counterfactual_risk_router_balanced_accuracy": 0.5543754671301161, "fpem/counterfactual_risk_inv_route_ratio": 0.40595238095238095, "fpem/counterfactual_risk_env_route_ratio": 0.594047619047619, "fpem/counterfactual_risk_inv_switch_precision": 0.260631145962647, "fpem/counterfactual_risk_correct_inv_switches": 1.6666666666666667, "fpem/counterfactual_risk_harmful_inv_switches": 4.828571428571428, "fpem/counterfactual_risk_saved_loss": 0.018355372973850797, "fpem/counterfactual_risk_added_loss": 0.08808834921746027, "fpem/counterfactual_risk_net_gain": -0.06973287945701963, "fpem/counterfactual_risk_regret": 0.10574186415899367, "fpem/counterfactual_risk_oracle_gap_closed": -2130.088809918222, "fpem/counterfactual_risk_delta_mean": -0.24821162067708516, "fpem/counterfactual_risk_target_inv_ratio": 0.20535714285714285, "fpem/counterfactual_risk_weight_env_sum": 8.152380916050502, "fpem/counterfactual_risk_weight_inv_sum": 7.8476190158299035, "fpem/counterfactual_risk_prediction_is_hard_route": 1.0, "fpem/counterfactual_risk_prediction_is_soft_fusion": 0.0, "fpem/counterfactual_risk_target_detached": 1.0, "fpem/counterfactual_risk_uses_threshold": 0.0, "fpem/counterfactual_risk_all_samples_used_for_router": 1.0, "fpem/hard_router_predicted_env_ratio": 0.594047619047619, "fpem/hard_router_effective_env_ratio": 1.0, "fpem/hard_router_target_env_ratio": 0.7946428571428571, "fpem/hard_router_gain_mean": -0.24821162067708516, "fpem/expert_prediction_pairwise_difference": 0.0, "fpem/delta_pairwise_cosine": 0.0, "fpem/delta_pairwise_l1": 0.0, "fpem/delta_pairwise_l2": 0.0, "fpem/expert_0_parameter_norm": 14.882429122924805, "fpem/hard_binary_router_enabled": 0.0, "fpem/hard_router_uses_target_in_forward": 0.0, "fpem/stored_future_c_loaded": 0.0, "fpem/prediction_is_weighted_complete_fusion": 0.0, "fpem/prediction_is_hard_route": 1.0, "fpem/conservative_inv_override_enabled": 0.0, "fpem/conservative_router_features_detached": 1.0, "fpem/counterfactual_risk_router_enabled": 1.0, "fpem/counterfactual_risk_stage2_active_forward": 1.0, "fpem/counterfactual_risk_deploy_route_active": 0.0, "fpem/counterfactual_risk_training_uses_route": 0.0, "fpem/counterfactual_risk_forward_uses_threshold": 0.0, "fpem/future_mi_loss": 0.0, "fpem/future_mi_valid": 0.0, "fpem/future_mi_logvar_mean": 0.0, "fpem/future_mi_target_mode_env_encoder": 0.0, "fpem/swap_loss": 0.0, "fpem/swap_diff_loss": 0.0, "fpem/swap_same_loss": 0.0, "fpem/swap_gain_mean": 0.0, "fpem/swap_s_gain_mean": 0.0, "fpem/swap_fallback_router_loss": 0.0, "fpem/swap_fallback_q_mean": 0.0, "fpem/swap_prediction_delta": 0.0, "fpem/swap_route_delta": 0.0, "fpem/swap_hyper_alpha_delta": 0.0, "fpem/swap_hyper_delta_norm": 0.0, "fpem/loss_env_day": 0.0, "fpem/loss_env_hour": 0.0, "fpem/loss_env_rush": 0.0, "fpem/env_day_acc": 0.0, "fpem/env_hour_acc": 0.0, "fpem/env_rush_acc": 0.0, "fpem/loss_env_supcon": 0.0, "fpem/env_supcon_valid_pairs": 0.0, "fpem/loss_inv_env_adv": 0.0, "fpem/inv_day_acc": 0.0, "fpem/inv_hour_acc": 0.0, "fpem/inv_rush_acc": 0.0, "fpem/loss_cross_cov_sep": 0.0, "fpem/confounder_dep_enabled": 0.0, "fpem/confounder_dep_mode_gci": 0.0, "fpem/confounder_dep_mode_scd": 1.0, "fpem/confounder_dep_mode_both": 0.0, "fpem/confounder_dep_total": 0.0, "fpem/loss_gci": 0.0, "fpem/loss_gci_drop": 0.0, "fpem/loss_gci_keep": 0.0, "fpem/loss_gci_graph_align": 0.0, "fpem/loss_scd": 0.0, "fpem/loss_conf_kl": 0.0, "fpem/effective_gci_weight": 0.0, "fpem/effective_gci_graph_align_weight": 0.0, "fpem/effective_scd_weight": 0.0, "fpem/effective_conf_kl_weight": 0.0, "fpem/confounder_dep_ramp_factor": 0.0, "fpem/C_mean": 0.0, "fpem/C_std": 0.0, "fpem/C_norm": 0.0, "fpem/confounder_token_norm": 0.0, "fpem/confounder_variational": 0.0, "fpem/confounder_projection_trace": 0.0, "fpem/confounder_projection_ridge": 0.0, "fpem/confounder_projection_rank_dim": 0.0, "fpem/confounder_projection_calls": 0.0, "fpem/confounder_dep_detach_target": 0.0, "fpem/gci_nonedge_mass_before_C": 0.0, "fpem/gci_nonedge_mass_after_C": 0.0, "fpem/gci_nonedge_mass_reduction": 0.0, "fpem/gci_relative_violation": 0.0, "fpem/gci_edge_before_C": 0.0, "fpem/gci_edge_after_C": 0.0, "fpem/gci_nonedge_conn_before_C": 0.0, "fpem/gci_nonedge_conn_after_C": 0.0, "fpem/gci_nonedge_conn_reduction": 0.0, "fpem/gci_edge_conn_before_C": 0.0, "fpem/gci_edge_conn_after_C": 0.0, "fpem/gci_edge_conn_reduction": 0.0, "fpem/gci_nonedge_dep_before_C": 0.0, "fpem/gci_nonedge_dep_after_C": 0.0, "fpem/gci_nonedge_dep_reduction": 0.0, "fpem/gci_edge_dep_before_C": 0.0, "fpem/gci_edge_dep_after_C": 0.0, "fpem/gci_nonedge_count": 0.0, "fpem/gci_edge_count": 0.0, "fpem/gci_node_count": 0.0, "fpem/gci_node_vector_dim": 0.0, "fpem/gci_graph_embed_dim": 0.0, "fpem/gci_graph_embedding_norm_before": 0.0, "fpem/gci_graph_embedding_norm_after": 0.0, "fpem/gci_graph_embedding_std_before": 0.0, "fpem/gci_graph_embedding_std_after": 0.0, "fpem/gci_graph_adj_mean_before": 0.0, "fpem/gci_graph_adj_mean_after": 0.0, "fpem/gci_graph_adj_std_before": 0.0, "fpem/gci_graph_adj_std_after": 0.0, "fpem/gci_graph_align_weight": 0.0, "fpem/gci_graph_align_raw_mse": 0.0, "fpem/gci_graph_align_normalized": 0.0, "fpem/gci_edge_preserve_beta": 0.0, "fpem/gci_graph_align_target_available": 0.0, "fpem/gci_target_adj_mean": 0.0, "fpem/gci_target_adj_std": 0.0, "fpem/gci_target_edge_mean": 0.0, "fpem/gci_target_nonedge_mean": 0.0, "fpem/gci_target_diag_mean": 0.0, "fpem/gci_graph_align_updates_agcrn": 0.0, "fpem/gci_updates_graph_linear": 0.0, "fpem/gci_graph_construction_agcrn_softmax": 0.0, "fpem/scd_assoc_before_C": 0.0, "fpem/scd_assoc_after_C": 0.0, "fpem/scd_assoc_reduction": 0.0, "fpem/scd_relative_violation": 0.0, "fpem/sample_assoc_before_C": 0.0, "fpem/sample_assoc_after_C": 0.0, "fpem/sample_assoc_reduction": 0.0, "fpem/sample_dep_before_C": 0.0, "fpem/sample_dep_after_C": 0.0, "fpem/sample_dep_reduction": 0.0, "fpem/scd_batch_size": 0.0, "fpem/scd_sample_vector_dim": 0.0, "fpem/sample_kernel_alignment": 0.0, "fpem/scd_alignment_loss": 0.0, "fpem/load_level_experts_enabled": 1.0, "fpem/load_level_uses_target_or_future_load": 0.0, "fpem/environment_gate_uses_target_in_forward": 0.0, "fpem/load_level_env_residual_scale": 0.0, "fpem/uses_cached_observable_load_prior": 1.0, "fpem/primary_loss": 8.9886920883542, "fpem/inv_pred_loss": 9.218302145458402, "fpem/primary_uses_route": 1.0, "fpem/primary_uses_env_fusion": 0.0, "fpem/backbone_agcrn": 1.0, "fpem/backbone_graphwavenet": 0.0, "fpem/backbone_staeformer": 0.0, "fpem/gc_pred_loss_only": 1.0, "fpem/env_route_head_mode_hyper_proto": 1.0, "fpem/fpem_force_uniform_route": 0.0, "fpem/hard_prediction_sinkhorn_total_replaces_primary": 0.0, "fpem/hard_prediction_environment_sinkhorn_total_replaces_primary": 0.0, "fpem/warmup_risk_sinkhorn_total_replaces_primary": 0.0, "fpem/lambda_club_mi": 0.0}}
EPOCH {"epoch": 63, "train_loss": 1.2087454648244949, "val": {"loss": 11.80710694524977, "mae": 11.585929870605469, "mape": 0.1847064197063446}, "test_mixed": {"loss": NaN, "mae": NaN, "mape": NaN}, "test_workday": {"loss": NaN, "mae": NaN, "mape": NaN}, "test_holiday": {"loss": NaN, "mae": NaN, "mape": NaN}, "test_avg_mae": NaN, "best_selection_value": 11.80710694524977, "best_selection_split": "val", "best_selection_metric": "val_loss", "lr": 0.0005, "fpem_logs": {"fpem/fpem_env_use_exogenous": 1.0, "fpem/env_exogenous_available": 1.0, "fpem/env_exogenous_time_available": 1.0, "fpem/env_exogenous_load_available": 1.0, "fpem/env_exogenous_feature_dim": 32.0, "fpem/env_exogenous_embedding_norm": 2.494984129496983, "fpem/env_exogenous_load_embedding_norm": 1.6422674973805746, "fpem/fpem_env_use_period_context": 1.0, "fpem/env_period_context_available": 1.0, "fpem/env_period_day_available_ratio": 0.9732142857142857, "fpem/env_period_week_available_ratio": 0.8244047619047619, "fpem/env_period_context_feature_dim": 6.0, "fpem/env_period_context_scale": 0.10000000149011612, "fpem/env_period_context_delta_norm": 0.20782210841065363, "fpem/env_period_context_day_diff_norm": 0.16272705176046917, "fpem/env_period_context_week_diff_norm": 0.10188992676280793, "fpem/env_rep_ablation_normal": 1.0, "fpem/env_rep_ablation_zero": 0.0, "fpem/env_rep_ablation_shuffle_batch": 0.0, "fpem/env_rep_ablation_mode_id": 0.0, "fpem/mask_loss": 0.0, "fpem/mask_sparse_loss": 0.0, "fpem/mask_entropy_loss": 0.0, "fpem/mask_mean": 1.0, "fpem/mask_entropy": 0.0, "fpem/mask_active_ratio": 1.0, "fpem/fusion_alpha_mean": 0.0, "fpem/fusion_alpha_std": 0.0, "fpem/fusion_alpha_min": 0.0, "fpem/fusion_alpha_max": 0.0, "fpem/env_route_loss": 1.2087454648244949, "fpem/env_route_L_final": 8.991673446836925, "fpem/env_route_L_global": 0.0, "fpem/env_route_L_route_soft": 0.0, "fpem/env_route_L_expert": 9.414025070553734, "fpem/env_route_L_router_oracle": 1.2087454648244949, "fpem/env_route_L_balance": 0.0, "fpem/env_route_L_diverse": 0.0, "fpem/env_route_L_proto_align": 0.0, "fpem/env_route_entropy": 0.0, "fpem/env_route_q_max_mean": 0.0, "fpem/hyper_alpha_mean": 0.0, "fpem/hyper_delta_norm": 0.0, "fpem/hyper_route_proto_mode_uniform_warmup": 0.0, "fpem/hyper_route_proto_mode_uniform_fixed": 0.0, "fpem/hyper_route_proto_mode_sinkhorn": 0.0, "fpem/hyper_route_proto_mode_softmax": 0.0, "fpem/fallback_q_mean": 0.0, "fpem/fallback_q_max": 0.0, "fpem/env_q_sum_mean": 1.0, "fpem/oracle_fallback_rate": 0.0, "fpem/route_count_fallback": 0.0, "fpem/env_route_head_mode": 1.0, "fpem/route_entropy_mean": 0.0, "fpem/route_mean_distribution_entropy": 0.0, "fpem/effective_expert_number": 1.0, "fpem/max_expert_usage_ratio": 0.0, "fpem/min_expert_usage_ratio": 0.0, "fpem/prototype_pairwise_cosine": 0.0, "fpem/expert_prediction_pairwise_cosine": 0.0, "fpem/expert_collapse_warning": 0.0, "fpem/env_route_target_mode_env_prototype": 0.0, "fpem/env_route_target_mode_hybrid": 0.0, "fpem/env_route_hybrid_alpha": 0.0, "fpem/env_route_train_mode_warmup_risk_sinkhorn": 0.0, "fpem/warmup_risk_stage_warmup": 0.0, "fpem/warmup_risk_stage_soft": 0.0, "fpem/warmup_risk_stage_hard": 0.0, "fpem/warmup_risk_selected_loss": 0.0, "fpem/warmup_risk_uniform_common_loss": 0.0, "fpem/warmup_risk_lambda_common": 0.0, "fpem/warmup_risk_total_common_term": 0.0, "fpem/warmup_risk_temperature": 0.0, "fpem/warmup_risk_temperature_progress": 0.0, "fpem/uniform_expert_mae": 0.0, "fpem/risk_routed_mae": 0.0, "fpem/risk_prediction_mae": 0.0, "fpem/risk_loss": 0.0, "fpem/risk_ranking_loss": 0.0, "fpem/risk_ranking_accuracy": 0.0, "fpem/risk_oracle_argmin_accuracy": 0.0, "fpem/risk_router_temperature": 0.0, "fpem/risk_router_lambda": 0.0, "fpem/risk_router_pairwise_lambda": 0.0, "fpem/env_route_train_mode_progressive_gmm_environment": 0.0, "fpem/top_level_prediction_source_progressive_gmm_teacher_hard": 0.0, "fpem/progressive_assignment_uses_target_or_prediction_error": 0.0, "fpem/progressive_partition_ready": 0.0, "fpem/progressive_selected_k": 0.0, "fpem/progressive_active_expert_count": 0.0, "fpem/progressive_last_partition_epoch": 0.0, "fpem/progressive_lambda_common": 0.0, "fpem/progressive_common_term": 0.0, "fpem/progressive_compactness_loss": 0.0, "fpem/progressive_consistency_loss": 0.0, "fpem/progressive_cluster_entropy": 0.0, "fpem/progressive_assignment_change_ratio": 0.0, "fpem/progressive_hungarian_overlap_score": 0.0, "fpem/progressive_partition_update_time_sec": 0.0, "fpem/progressive_routed_mae": 0.0, "fpem/progressive_gmm_environment_total_replaces_primary": 0.0, "fpem/env_route_count_head_0": 16.0, "fpem/env_route_oracle_count_head_0": 16.0, "fpem/route_count_env_head_0": 16.0, "fpem/route_soft_mean_expert_0": 1.0, "fpem/route_hard_count_expert_0": 16.0, "fpem/hard_count_expert_0": 16.0, "fpem/sinkhorn_soft_col_mass_expert_0": 0.0, "fpem/progressive_active_expert_0": 0.0, "fpem/progressive_cluster_size_0": 0.0, "fpem/progressive_cluster_ratio_0": 0.0, "fpem/progressive_cluster_to_expert_0": 0.0, "fpem/progressive_bic_k1": 0.0, "fpem/progressive_bic_score_k1": 0.0, "fpem/progressive_bic_rejected_k1": 0.0, "fpem/hyper_alpha_head_0": 0.0, "fpem/hyper_gamma_norm_head_0": 0.0, "fpem/hyper_beta_norm_head_0": 0.0, "fpem/expert_cross_mae_group_0_expert_0": 9.414025070553734, "fpem/load_expert_loss": 9.414025070553734, "fpem/counterfactual_risk_router_loss": 1.2087454648244949, "fpem/counterfactual_risk_regression_loss": 0.8739881813526154, "fpem/counterfactual_risk_ranking_loss": 0.6695145618347894, "fpem/load_level_assignment_detached": 1.0, "fpem/load_level_count_0": 1680.0, "fpem/load_level_ratio_0": 1.0, "fpem/expert_0_global_loss": 9.414025070553734, "fpem/expert_0_selected_loss": 9.414025070553734, "fpem/counterfactual_risk_stage2_active": 1.0, "fpem/counterfactual_risk_stage2_start_epoch": 20.0, "fpem/counterfactual_risk_all_environment_mae": 9.414025070553734, "fpem/counterfactual_risk_all_invariant_mae": 9.662237503415062, "fpem/counterfactual_risk_routed_mae": 9.481398237319219, "fpem/counterfactual_risk_oracle_mae": 9.37801617213658, "fpem/counterfactual_risk_router_accuracy": 0.6113095238095239, "fpem/counterfactual_risk_router_balanced_accuracy": 0.576002901224863, "fpem/counterfactual_risk_inv_route_ratio": 0.38571428571428573, "fpem/counterfactual_risk_env_route_ratio": 0.6142857142857143, "fpem/counterfactual_risk_inv_switch_precision": 0.265886419514815, "fpem/counterfactual_risk_correct_inv_switches": 1.619047619047619, "fpem/counterfactual_risk_harmful_inv_switches": 4.552380952380952, "fpem/counterfactual_risk_saved_loss": 0.01677530464671907, "fpem/counterfactual_risk_added_loss": 0.08414849312532516, "fpem/counterfactual_risk_net_gain": -0.06737316676548549, "fpem/counterfactual_risk_regret": 0.10338206518264044, "fpem/counterfactual_risk_oracle_gap_closed": -2294.760364167534, "fpem/counterfactual_risk_delta_mean": -0.24821245996724992, "fpem/counterfactual_risk_target_inv_ratio": 0.20535714285714285, "fpem/counterfactual_risk_weight_env_sum": 8.152380866096133, "fpem/counterfactual_risk_weight_inv_sum": 7.847618970416841, "fpem/counterfactual_risk_prediction_is_hard_route": 1.0, "fpem/counterfactual_risk_prediction_is_soft_fusion": 0.0, "fpem/counterfactual_risk_target_detached": 1.0, "fpem/counterfactual_risk_uses_threshold": 0.0, "fpem/counterfactual_risk_all_samples_used_for_router": 1.0, "fpem/hard_router_predicted_env_ratio": 0.6142857142857143, "fpem/hard_router_effective_env_ratio": 1.0, "fpem/hard_router_target_env_ratio": 0.7946428571428571, "fpem/hard_router_gain_mean": -0.24821245996724992, "fpem/expert_prediction_pairwise_difference": 0.0, "fpem/delta_pairwise_cosine": 0.0, "fpem/delta_pairwise_l1": 0.0, "fpem/delta_pairwise_l2": 0.0, "fpem/expert_0_parameter_norm": 14.882429122924805, "fpem/hard_binary_router_enabled": 0.0, "fpem/hard_router_uses_target_in_forward": 0.0, "fpem/stored_future_c_loaded": 0.0, "fpem/prediction_is_weighted_complete_fusion": 0.0, "fpem/prediction_is_hard_route": 1.0, "fpem/conservative_inv_override_enabled": 0.0, "fpem/conservative_router_features_detached": 1.0, "fpem/counterfactual_risk_router_enabled": 1.0, "fpem/counterfactual_risk_stage2_active_forward": 1.0, "fpem/counterfactual_risk_deploy_route_active": 0.0, "fpem/counterfactual_risk_training_uses_route": 0.0, "fpem/counterfactual_risk_forward_uses_threshold": 0.0, "fpem/future_mi_loss": 0.0, "fpem/future_mi_valid": 0.0, "fpem/future_mi_logvar_mean": 0.0, "fpem/future_mi_target_mode_env_encoder": 0.0, "fpem/swap_loss": 0.0, "fpem/swap_diff_loss": 0.0, "fpem/swap_same_loss": 0.0, "fpem/swap_gain_mean": 0.0, "fpem/swap_s_gain_mean": 0.0, "fpem/swap_fallback_router_loss": 0.0, "fpem/swap_fallback_q_mean": 0.0, "fpem/swap_prediction_delta": 0.0, "fpem/swap_route_delta": 0.0, "fpem/swap_hyper_alpha_delta": 0.0, "fpem/swap_hyper_delta_norm": 0.0, "fpem/loss_env_day": 0.0, "fpem/loss_env_hour": 0.0, "fpem/loss_env_rush": 0.0, "fpem/env_day_acc": 0.0, "fpem/env_hour_acc": 0.0, "fpem/env_rush_acc": 0.0, "fpem/loss_env_supcon": 0.0, "fpem/env_supcon_valid_pairs": 0.0, "fpem/loss_inv_env_adv": 0.0, "fpem/inv_day_acc": 0.0, "fpem/inv_hour_acc": 0.0, "fpem/inv_rush_acc": 0.0, "fpem/loss_cross_cov_sep": 0.0, "fpem/confounder_dep_enabled": 0.0, "fpem/confounder_dep_mode_gci": 0.0, "fpem/confounder_dep_mode_scd": 1.0, "fpem/confounder_dep_mode_both": 0.0, "fpem/confounder_dep_total": 0.0, "fpem/loss_gci": 0.0, "fpem/loss_gci_drop": 0.0, "fpem/loss_gci_keep": 0.0, "fpem/loss_gci_graph_align": 0.0, "fpem/loss_scd": 0.0, "fpem/loss_conf_kl": 0.0, "fpem/effective_gci_weight": 0.0, "fpem/effective_gci_graph_align_weight": 0.0, "fpem/effective_scd_weight": 0.0, "fpem/effective_conf_kl_weight": 0.0, "fpem/confounder_dep_ramp_factor": 0.0, "fpem/C_mean": 0.0, "fpem/C_std": 0.0, "fpem/C_norm": 0.0, "fpem/confounder_token_norm": 0.0, "fpem/confounder_variational": 0.0, "fpem/confounder_projection_trace": 0.0, "fpem/confounder_projection_ridge": 0.0, "fpem/confounder_projection_rank_dim": 0.0, "fpem/confounder_projection_calls": 0.0, "fpem/confounder_dep_detach_target": 0.0, "fpem/gci_nonedge_mass_before_C": 0.0, "fpem/gci_nonedge_mass_after_C": 0.0, "fpem/gci_nonedge_mass_reduction": 0.0, "fpem/gci_relative_violation": 0.0, "fpem/gci_edge_before_C": 0.0, "fpem/gci_edge_after_C": 0.0, "fpem/gci_nonedge_conn_before_C": 0.0, "fpem/gci_nonedge_conn_after_C": 0.0, "fpem/gci_nonedge_conn_reduction": 0.0, "fpem/gci_edge_conn_before_C": 0.0, "fpem/gci_edge_conn_after_C": 0.0, "fpem/gci_edge_conn_reduction": 0.0, "fpem/gci_nonedge_dep_before_C": 0.0, "fpem/gci_nonedge_dep_after_C": 0.0, "fpem/gci_nonedge_dep_reduction": 0.0, "fpem/gci_edge_dep_before_C": 0.0, "fpem/gci_edge_dep_after_C": 0.0, "fpem/gci_nonedge_count": 0.0, "fpem/gci_edge_count": 0.0, "fpem/gci_node_count": 0.0, "fpem/gci_node_vector_dim": 0.0, "fpem/gci_graph_embed_dim": 0.0, "fpem/gci_graph_embedding_norm_before": 0.0, "fpem/gci_graph_embedding_norm_after": 0.0, "fpem/gci_graph_embedding_std_before": 0.0, "fpem/gci_graph_embedding_std_after": 0.0, "fpem/gci_graph_adj_mean_before": 0.0, "fpem/gci_graph_adj_mean_after": 0.0, "fpem/gci_graph_adj_std_before": 0.0, "fpem/gci_graph_adj_std_after": 0.0, "fpem/gci_graph_align_weight": 0.0, "fpem/gci_graph_align_raw_mse": 0.0, "fpem/gci_graph_align_normalized": 0.0, "fpem/gci_edge_preserve_beta": 0.0, "fpem/gci_graph_align_target_available": 0.0, "fpem/gci_target_adj_mean": 0.0, "fpem/gci_target_adj_std": 0.0, "fpem/gci_target_edge_mean": 0.0, "fpem/gci_target_nonedge_mean": 0.0, "fpem/gci_target_diag_mean": 0.0, "fpem/gci_graph_align_updates_agcrn": 0.0, "fpem/gci_updates_graph_linear": 0.0, "fpem/gci_graph_construction_agcrn_softmax": 0.0, "fpem/scd_assoc_before_C": 0.0, "fpem/scd_assoc_after_C": 0.0, "fpem/scd_assoc_reduction": 0.0, "fpem/scd_relative_violation": 0.0, "fpem/sample_assoc_before_C": 0.0, "fpem/sample_assoc_after_C": 0.0, "fpem/sample_assoc_reduction": 0.0, "fpem/sample_dep_before_C": 0.0, "fpem/sample_dep_after_C": 0.0, "fpem/sample_dep_reduction": 0.0, "fpem/scd_batch_size": 0.0, "fpem/scd_sample_vector_dim": 0.0, "fpem/sample_kernel_alignment": 0.0, "fpem/scd_alignment_loss": 0.0, "fpem/load_level_experts_enabled": 1.0, "fpem/load_level_uses_target_or_future_load": 0.0, "fpem/environment_gate_uses_target_in_forward": 0.0, "fpem/load_level_env_residual_scale": 0.0, "fpem/uses_cached_observable_load_prior": 1.0, "fpem/primary_loss": 8.991673446836925, "fpem/inv_pred_loss": 9.221371087573823, "fpem/primary_uses_route": 1.0, "fpem/primary_uses_env_fusion": 0.0, "fpem/backbone_agcrn": 1.0, "fpem/backbone_graphwavenet": 0.0, "fpem/backbone_staeformer": 0.0, "fpem/gc_pred_loss_only": 1.0, "fpem/env_route_head_mode_hyper_proto": 1.0, "fpem/fpem_force_uniform_route": 0.0, "fpem/hard_prediction_sinkhorn_total_replaces_primary": 0.0, "fpem/hard_prediction_environment_sinkhorn_total_replaces_primary": 0.0, "fpem/warmup_risk_sinkhorn_total_replaces_primary": 0.0, "fpem/lambda_club_mi": 0.0}}
EPOCH {"epoch": 64, "train_loss": 1.1659792888732183, "val": {"loss": 11.817440059449938, "mae": 11.598661422729492, "mape": 0.185459166765213}, "test_mixed": {"loss": NaN, "mae": NaN, "mape": NaN}, "test_workday": {"loss": NaN, "mae": NaN, "mape": NaN}, "test_holiday": {"loss": NaN, "mae": NaN, "mape": NaN}, "test_avg_mae": NaN, "best_selection_value": 11.817440059449938, "best_selection_split": "val", "best_selection_metric": "val_loss", "lr": 0.0005, "fpem_logs": {"fpem/fpem_env_use_exogenous": 1.0, "fpem/env_exogenous_available": 1.0, "fpem/env_exogenous_time_available": 1.0, "fpem/env_exogenous_load_available": 1.0, "fpem/env_exogenous_feature_dim": 32.0, "fpem/env_exogenous_embedding_norm": 2.494984124955677, "fpem/env_exogenous_load_embedding_norm": 1.6422675053278606, "fpem/fpem_env_use_period_context": 1.0, "fpem/env_period_context_available": 1.0, "fpem/env_period_day_available_ratio": 0.9732142857142857, "fpem/env_period_week_available_ratio": 0.8244047619047619, "fpem/env_period_context_feature_dim": 6.0, "fpem/env_period_context_scale": 0.10000000149011612, "fpem/env_period_context_delta_norm": 0.2078221089783169, "fpem/env_period_context_day_diff_norm": 0.16272705374729066, "fpem/env_period_context_week_diff_norm": 0.10188992619514466, "fpem/env_rep_ablation_normal": 1.0, "fpem/env_rep_ablation_zero": 0.0, "fpem/env_rep_ablation_shuffle_batch": 0.0, "fpem/env_rep_ablation_mode_id": 0.0, "fpem/mask_loss": 0.0, "fpem/mask_sparse_loss": 0.0, "fpem/mask_entropy_loss": 0.0, "fpem/mask_mean": 1.0, "fpem/mask_entropy": 0.0, "fpem/mask_active_ratio": 1.0, "fpem/fusion_alpha_mean": 0.0, "fpem/fusion_alpha_std": 0.0, "fpem/fusion_alpha_min": 0.0, "fpem/fusion_alpha_max": 0.0, "fpem/env_route_loss": 1.1659792888732183, "fpem/env_route_L_final": 8.983137598491851, "fpem/env_route_L_global": 0.0, "fpem/env_route_L_route_soft": 0.0, "fpem/env_route_L_expert": 9.414025279453822, "fpem/env_route_L_router_oracle": 1.1659792888732183, "fpem/env_route_L_balance": 0.0, "fpem/env_route_L_diverse": 0.0, "fpem/env_route_L_proto_align": 0.0, "fpem/env_route_entropy": 0.0, "fpem/env_route_q_max_mean": 0.0, "fpem/hyper_alpha_mean": 0.0, "fpem/hyper_delta_norm": 0.0, "fpem/hyper_route_proto_mode_uniform_warmup": 0.0, "fpem/hyper_route_proto_mode_uniform_fixed": 0.0, "fpem/hyper_route_proto_mode_sinkhorn": 0.0, "fpem/hyper_route_proto_mode_softmax": 0.0, "fpem/fallback_q_mean": 0.0, "fpem/fallback_q_max": 0.0, "fpem/env_q_sum_mean": 1.0, "fpem/oracle_fallback_rate": 0.0, "fpem/route_count_fallback": 0.0, "fpem/env_route_head_mode": 1.0, "fpem/route_entropy_mean": 0.0, "fpem/route_mean_distribution_entropy": 0.0, "fpem/effective_expert_number": 1.0, "fpem/max_expert_usage_ratio": 0.0, "fpem/min_expert_usage_ratio": 0.0, "fpem/prototype_pairwise_cosine": 0.0, "fpem/expert_prediction_pairwise_cosine": 0.0, "fpem/expert_collapse_warning": 0.0, "fpem/env_route_target_mode_env_prototype": 0.0, "fpem/env_route_target_mode_hybrid": 0.0, "fpem/env_route_hybrid_alpha": 0.0, "fpem/env_route_train_mode_warmup_risk_sinkhorn": 0.0, "fpem/warmup_risk_stage_warmup": 0.0, "fpem/warmup_risk_stage_soft": 0.0, "fpem/warmup_risk_stage_hard": 0.0, "fpem/warmup_risk_selected_loss": 0.0, "fpem/warmup_risk_uniform_common_loss": 0.0, "fpem/warmup_risk_lambda_common": 0.0, "fpem/warmup_risk_total_common_term": 0.0, "fpem/warmup_risk_temperature": 0.0, "fpem/warmup_risk_temperature_progress": 0.0, "fpem/uniform_expert_mae": 0.0, "fpem/risk_routed_mae": 0.0, "fpem/risk_prediction_mae": 0.0, "fpem/risk_loss": 0.0, "fpem/risk_ranking_loss": 0.0, "fpem/risk_ranking_accuracy": 0.0, "fpem/risk_oracle_argmin_accuracy": 0.0, "fpem/risk_router_temperature": 0.0, "fpem/risk_router_lambda": 0.0, "fpem/risk_router_pairwise_lambda": 0.0, "fpem/env_route_train_mode_progressive_gmm_environment": 0.0, "fpem/top_level_prediction_source_progressive_gmm_teacher_hard": 0.0, "fpem/progressive_assignment_uses_target_or_prediction_error": 0.0, "fpem/progressive_partition_ready": 0.0, "fpem/progressive_selected_k": 0.0, "fpem/progressive_active_expert_count": 0.0, "fpem/progressive_last_partition_epoch": 0.0, "fpem/progressive_lambda_common": 0.0, "fpem/progressive_common_term": 0.0, "fpem/progressive_compactness_loss": 0.0, "fpem/progressive_consistency_loss": 0.0, "fpem/progressive_cluster_entropy": 0.0, "fpem/progressive_assignment_change_ratio": 0.0, "fpem/progressive_hungarian_overlap_score": 0.0, "fpem/progressive_partition_update_time_sec": 0.0, "fpem/progressive_routed_mae": 0.0, "fpem/progressive_gmm_environment_total_replaces_primary": 0.0, "fpem/env_route_count_head_0": 16.0, "fpem/env_route_oracle_count_head_0": 16.0, "fpem/route_count_env_head_0": 16.0, "fpem/route_soft_mean_expert_0": 1.0, "fpem/route_hard_count_expert_0": 16.0, "fpem/hard_count_expert_0": 16.0, "fpem/sinkhorn_soft_col_mass_expert_0": 0.0, "fpem/progressive_active_expert_0": 0.0, "fpem/progressive_cluster_size_0": 0.0, "fpem/progressive_cluster_ratio_0": 0.0, "fpem/progressive_cluster_to_expert_0": 0.0, "fpem/progressive_bic_k1": 0.0, "fpem/progressive_bic_score_k1": 0.0, "fpem/progressive_bic_rejected_k1": 0.0, "fpem/hyper_alpha_head_0": 0.0, "fpem/hyper_gamma_norm_head_0": 0.0, "fpem/hyper_beta_norm_head_0": 0.0, "fpem/expert_cross_mae_group_0_expert_0": 9.414025279453822, "fpem/load_expert_loss": 9.414025279453822, "fpem/counterfactual_risk_router_loss": 1.1659792888732183, "fpem/counterfactual_risk_regression_loss": 0.8299097337893078, "fpem/counterfactual_risk_ranking_loss": 0.6721391104516529, "fpem/load_level_assignment_detached": 1.0, "fpem/load_level_count_0": 1680.0, "fpem/load_level_ratio_0": 1.0, "fpem/expert_0_global_loss": 9.414025279453822, "fpem/expert_0_selected_loss": 9.414025279453822, "fpem/counterfactual_risk_stage2_active": 1.0, "fpem/counterfactual_risk_stage2_start_epoch": 20.0, "fpem/counterfactual_risk_all_environment_mae": 9.414025279453822, "fpem/counterfactual_risk_all_invariant_mae": 9.662237517038982, "fpem/counterfactual_risk_routed_mae": 9.488768000829788, "fpem/counterfactual_risk_oracle_mae": 9.378016321999686, "fpem/counterfactual_risk_router_accuracy": 0.5982142857142857, "fpem/counterfactual_risk_router_balanced_accuracy": 0.5517672442254566, "fpem/counterfactual_risk_inv_route_ratio": 0.38452380952380955, "fpem/counterfactual_risk_env_route_ratio": 0.6154761904761905, "fpem/counterfactual_risk_inv_switch_precision": 0.2634965338877269, "fpem/counterfactual_risk_correct_inv_switches": 1.5047619047619047, "fpem/counterfactual_risk_harmful_inv_switches": 4.647619047619048, "fpem/counterfactual_risk_saved_loss": 0.016074350334349133, "fpem/counterfactual_risk_added_loss": 0.09081706603368124, "fpem/counterfactual_risk_net_gain": -0.07474272137596494, "fpem/counterfactual_risk_regret": 0.11075167883010138, "fpem/counterfactual_risk_oracle_gap_closed": -3644.36704238568, "fpem/counterfactual_risk_delta_mean": -0.2482122276510511, "fpem/counterfactual_risk_target_inv_ratio": 0.20535714285714285, "fpem/counterfactual_risk_weight_env_sum": 8.228571283249629, "fpem/counterfactual_risk_weight_inv_sum": 7.771428530556815, "fpem/counterfactual_risk_prediction_is_hard_route": 1.0, "fpem/counterfactual_risk_prediction_is_soft_fusion": 0.0, "fpem/counterfactual_risk_target_detached": 1.0, "fpem/counterfactual_risk_uses_threshold": 0.0, "fpem/counterfactual_risk_all_samples_used_for_router": 1.0, "fpem/hard_router_predicted_env_ratio": 0.6154761904761905, "fpem/hard_router_effective_env_ratio": 1.0, "fpem/hard_router_target_env_ratio": 0.7946428571428571, "fpem/hard_router_gain_mean": -0.2482122276510511, "fpem/expert_prediction_pairwise_difference": 0.0, "fpem/delta_pairwise_cosine": 0.0, "fpem/delta_pairwise_l1": 0.0, "fpem/delta_pairwise_l2": 0.0, "fpem/expert_0_parameter_norm": 14.882429122924805, "fpem/hard_binary_router_enabled": 0.0, "fpem/hard_router_uses_target_in_forward": 0.0, "fpem/stored_future_c_loaded": 0.0, "fpem/prediction_is_weighted_complete_fusion": 0.0, "fpem/prediction_is_hard_route": 1.0, "fpem/conservative_inv_override_enabled": 0.0, "fpem/conservative_router_features_detached": 1.0, "fpem/counterfactual_risk_router_enabled": 1.0, "fpem/counterfactual_risk_stage2_active_forward": 1.0, "fpem/counterfactual_risk_deploy_route_active": 0.0, "fpem/counterfactual_risk_training_uses_route": 0.0, "fpem/counterfactual_risk_forward_uses_threshold": 0.0, "fpem/future_mi_loss": 0.0, "fpem/future_mi_valid": 0.0, "fpem/future_mi_logvar_mean": 0.0, "fpem/future_mi_target_mode_env_encoder": 0.0, "fpem/swap_loss": 0.0, "fpem/swap_diff_loss": 0.0, "fpem/swap_same_loss": 0.0, "fpem/swap_gain_mean": 0.0, "fpem/swap_s_gain_mean": 0.0, "fpem/swap_fallback_router_loss": 0.0, "fpem/swap_fallback_q_mean": 0.0, "fpem/swap_prediction_delta": 0.0, "fpem/swap_route_delta": 0.0, "fpem/swap_hyper_alpha_delta": 0.0, "fpem/swap_hyper_delta_norm": 0.0, "fpem/loss_env_day": 0.0, "fpem/loss_env_hour": 0.0, "fpem/loss_env_rush": 0.0, "fpem/env_day_acc": 0.0, "fpem/env_hour_acc": 0.0, "fpem/env_rush_acc": 0.0, "fpem/loss_env_supcon": 0.0, "fpem/env_supcon_valid_pairs": 0.0, "fpem/loss_inv_env_adv": 0.0, "fpem/inv_day_acc": 0.0, "fpem/inv_hour_acc": 0.0, "fpem/inv_rush_acc": 0.0, "fpem/loss_cross_cov_sep": 0.0, "fpem/confounder_dep_enabled": 0.0, "fpem/confounder_dep_mode_gci": 0.0, "fpem/confounder_dep_mode_scd": 1.0, "fpem/confounder_dep_mode_both": 0.0, "fpem/confounder_dep_total": 0.0, "fpem/loss_gci": 0.0, "fpem/loss_gci_drop": 0.0, "fpem/loss_gci_keep": 0.0, "fpem/loss_gci_graph_align": 0.0, "fpem/loss_scd": 0.0, "fpem/loss_conf_kl": 0.0, "fpem/effective_gci_weight": 0.0, "fpem/effective_gci_graph_align_weight": 0.0, "fpem/effective_scd_weight": 0.0, "fpem/effective_conf_kl_weight": 0.0, "fpem/confounder_dep_ramp_factor": 0.0, "fpem/C_mean": 0.0, "fpem/C_std": 0.0, "fpem/C_norm": 0.0, "fpem/confounder_token_norm": 0.0, "fpem/confounder_variational": 0.0, "fpem/confounder_projection_trace": 0.0, "fpem/confounder_projection_ridge": 0.0, "fpem/confounder_projection_rank_dim": 0.0, "fpem/confounder_projection_calls": 0.0, "fpem/confounder_dep_detach_target": 0.0, "fpem/gci_nonedge_mass_before_C": 0.0, "fpem/gci_nonedge_mass_after_C": 0.0, "fpem/gci_nonedge_mass_reduction": 0.0, "fpem/gci_relative_violation": 0.0, "fpem/gci_edge_before_C": 0.0, "fpem/gci_edge_after_C": 0.0, "fpem/gci_nonedge_conn_before_C": 0.0, "fpem/gci_nonedge_conn_after_C": 0.0, "fpem/gci_nonedge_conn_reduction": 0.0, "fpem/gci_edge_conn_before_C": 0.0, "fpem/gci_edge_conn_after_C": 0.0, "fpem/gci_edge_conn_reduction": 0.0, "fpem/gci_nonedge_dep_before_C": 0.0, "fpem/gci_nonedge_dep_after_C": 0.0, "fpem/gci_nonedge_dep_reduction": 0.0, "fpem/gci_edge_dep_before_C": 0.0, "fpem/gci_edge_dep_after_C": 0.0, "fpem/gci_nonedge_count": 0.0, "fpem/gci_edge_count": 0.0, "fpem/gci_node_count": 0.0, "fpem/gci_node_vector_dim": 0.0, "fpem/gci_graph_embed_dim": 0.0, "fpem/gci_graph_embedding_norm_before": 0.0, "fpem/gci_graph_embedding_norm_after": 0.0, "fpem/gci_graph_embedding_std_before": 0.0, "fpem/gci_graph_embedding_std_after": 0.0, "fpem/gci_graph_adj_mean_before": 0.0, "fpem/gci_graph_adj_mean_after": 0.0, "fpem/gci_graph_adj_std_before": 0.0, "fpem/gci_graph_adj_std_after": 0.0, "fpem/gci_graph_align_weight": 0.0, "fpem/gci_graph_align_raw_mse": 0.0, "fpem/gci_graph_align_normalized": 0.0, "fpem/gci_edge_preserve_beta": 0.0, "fpem/gci_graph_align_target_available": 0.0, "fpem/gci_target_adj_mean": 0.0, "fpem/gci_target_adj_std": 0.0, "fpem/gci_target_edge_mean": 0.0, "fpem/gci_target_nonedge_mean": 0.0, "fpem/gci_target_diag_mean": 0.0, "fpem/gci_graph_align_updates_agcrn": 0.0, "fpem/gci_updates_graph_linear": 0.0, "fpem/gci_graph_construction_agcrn_softmax": 0.0, "fpem/scd_assoc_before_C": 0.0, "fpem/scd_assoc_after_C": 0.0, "fpem/scd_assoc_reduction": 0.0, "fpem/scd_relative_violation": 0.0, "fpem/sample_assoc_before_C": 0.0, "fpem/sample_assoc_after_C": 0.0, "fpem/sample_assoc_reduction": 0.0, "fpem/sample_dep_before_C": 0.0, "fpem/sample_dep_after_C": 0.0, "fpem/sample_dep_reduction": 0.0, "fpem/scd_batch_size": 0.0, "fpem/scd_sample_vector_dim": 0.0, "fpem/sample_kernel_alignment": 0.0, "fpem/scd_alignment_loss": 0.0, "fpem/load_level_experts_enabled": 1.0, "fpem/load_level_uses_target_or_future_load": 0.0, "fpem/environment_gate_uses_target_in_forward": 0.0, "fpem/load_level_env_residual_scale": 0.0, "fpem/uses_cached_observable_load_prior": 1.0, "fpem/primary_loss": 8.983137598491851, "fpem/inv_pred_loss": 9.213084397997175, "fpem/primary_uses_route": 1.0, "fpem/primary_uses_env_fusion": 0.0, "fpem/backbone_agcrn": 1.0, "fpem/backbone_graphwavenet": 0.0, "fpem/backbone_staeformer": 0.0, "fpem/gc_pred_loss_only": 1.0, "fpem/env_route_head_mode_hyper_proto": 1.0, "fpem/fpem_force_uniform_route": 0.0, "fpem/hard_prediction_sinkhorn_total_replaces_primary": 0.0, "fpem/hard_prediction_environment_sinkhorn_total_replaces_primary": 0.0, "fpem/warmup_risk_sinkhorn_total_replaces_primary": 0.0, "fpem/lambda_club_mi": 0.0}}
EPOCH {"epoch": 65, "train_loss": 1.2172724417277745, "val": {"loss": 11.81170521842109, "mae": 11.592925071716309, "mape": 0.1851465255022049}, "test_mixed": {"loss": NaN, "mae": NaN, "mape": NaN}, "test_workday": {"loss": NaN, "mae": NaN, "mape": NaN}, "test_holiday": {"loss": NaN, "mae": NaN, "mape": NaN}, "test_avg_mae": NaN, "best_selection_value": 11.81170521842109, "best_selection_split": "val", "best_selection_metric": "val_loss", "lr": 0.0005, "fpem_logs": {"fpem/fpem_env_use_exogenous": 1.0, "fpem/env_exogenous_available": 1.0, "fpem/env_exogenous_time_available": 1.0, "fpem/env_exogenous_load_available": 1.0, "fpem/env_exogenous_feature_dim": 32.0, "fpem/env_exogenous_embedding_norm": 2.4949841363089424, "fpem/env_exogenous_load_embedding_norm": 1.6422675121398198, "fpem/fpem_env_use_period_context": 1.0, "fpem/env_period_context_available": 1.0, "fpem/env_period_day_available_ratio": 0.9732142857142857, "fpem/env_period_week_available_ratio": 0.8244047619047619, "fpem/env_period_context_feature_dim": 6.0, "fpem/env_period_context_scale": 0.10000000149011612, "fpem/env_period_context_delta_norm": 0.20782210784299032, "fpem/env_period_context_day_diff_norm": 0.16272705225717454, "fpem/env_period_context_week_diff_norm": 0.10188992662089212, "fpem/env_rep_ablation_normal": 1.0, "fpem/env_rep_ablation_zero": 0.0, "fpem/env_rep_ablation_shuffle_batch": 0.0, "fpem/env_rep_ablation_mode_id": 0.0, "fpem/mask_loss": 0.0, "fpem/mask_sparse_loss": 0.0, "fpem/mask_entropy_loss": 0.0, "fpem/mask_mean": 1.0, "fpem/mask_entropy": 0.0, "fpem/mask_active_ratio": 1.0, "fpem/fusion_alpha_mean": 0.0, "fpem/fusion_alpha_std": 0.0, "fpem/fusion_alpha_min": 0.0, "fpem/fusion_alpha_max": 0.0, "fpem/env_route_loss": 1.2172724417277745, "fpem/env_route_L_final": 8.99130979719616, "fpem/env_route_L_global": 0.0, "fpem/env_route_L_route_soft": 0.0, "fpem/env_route_L_expert": 9.414026006062825, "fpem/env_route_L_router_oracle": 1.2172724417277745, "fpem/env_route_L_balance": 0.0, "fpem/env_route_L_diverse": 0.0, "fpem/env_route_L_proto_align": 0.0, "fpem/env_route_entropy": 0.0, "fpem/env_route_q_max_mean": 0.0, "fpem/hyper_alpha_mean": 0.0, "fpem/hyper_delta_norm": 0.0, "fpem/hyper_route_proto_mode_uniform_warmup": 0.0, "fpem/hyper_route_proto_mode_uniform_fixed": 0.0, "fpem/hyper_route_proto_mode_sinkhorn": 0.0, "fpem/hyper_route_proto_mode_softmax": 0.0, "fpem/fallback_q_mean": 0.0, "fpem/fallback_q_max": 0.0, "fpem/env_q_sum_mean": 1.0, "fpem/oracle_fallback_rate": 0.0, "fpem/route_count_fallback": 0.0, "fpem/env_route_head_mode": 1.0, "fpem/route_entropy_mean": 0.0, "fpem/route_mean_distribution_entropy": 0.0, "fpem/effective_expert_number": 1.0, "fpem/max_expert_usage_ratio": 0.0, "fpem/min_expert_usage_ratio": 0.0, "fpem/prototype_pairwise_cosine": 0.0, "fpem/expert_prediction_pairwise_cosine": 0.0, "fpem/expert_collapse_warning": 0.0, "fpem/env_route_target_mode_env_prototype": 0.0, "fpem/env_route_target_mode_hybrid": 0.0, "fpem/env_route_hybrid_alpha": 0.0, "fpem/env_route_train_mode_warmup_risk_sinkhorn": 0.0, "fpem/warmup_risk_stage_warmup": 0.0, "fpem/warmup_risk_stage_soft": 0.0, "fpem/warmup_risk_stage_hard": 0.0, "fpem/warmup_risk_selected_loss": 0.0, "fpem/warmup_risk_uniform_common_loss": 0.0, "fpem/warmup_risk_lambda_common": 0.0, "fpem/warmup_risk_total_common_term": 0.0, "fpem/warmup_risk_temperature": 0.0, "fpem/warmup_risk_temperature_progress": 0.0, "fpem/uniform_expert_mae": 0.0, "fpem/risk_routed_mae": 0.0, "fpem/risk_prediction_mae": 0.0, "fpem/risk_loss": 0.0, "fpem/risk_ranking_loss": 0.0, "fpem/risk_ranking_accuracy": 0.0, "fpem/risk_oracle_argmin_accuracy": 0.0, "fpem/risk_router_temperature": 0.0, "fpem/risk_router_lambda": 0.0, "fpem/risk_router_pairwise_lambda": 0.0, "fpem/env_route_train_mode_progressive_gmm_environment": 0.0, "fpem/top_level_prediction_source_progressive_gmm_teacher_hard": 0.0, "fpem/progressive_assignment_uses_target_or_prediction_error": 0.0, "fpem/progressive_partition_ready": 0.0, "fpem/progressive_selected_k": 0.0, "fpem/progressive_active_expert_count": 0.0, "fpem/progressive_last_partition_epoch": 0.0, "fpem/progressive_lambda_common": 0.0, "fpem/progressive_common_term": 0.0, "fpem/progressive_compactness_loss": 0.0, "fpem/progressive_consistency_loss": 0.0, "fpem/progressive_cluster_entropy": 0.0, "fpem/progressive_assignment_change_ratio": 0.0, "fpem/progressive_hungarian_overlap_score": 0.0, "fpem/progressive_partition_update_time_sec": 0.0, "fpem/progressive_routed_mae": 0.0, "fpem/progressive_gmm_environment_total_replaces_primary": 0.0, "fpem/env_route_count_head_0": 16.0, "fpem/env_route_oracle_count_head_0": 16.0, "fpem/route_count_env_head_0": 16.0, "fpem/route_soft_mean_expert_0": 1.0, "fpem/route_hard_count_expert_0": 16.0, "fpem/hard_count_expert_0": 16.0, "fpem/sinkhorn_soft_col_mass_expert_0": 0.0, "fpem/progressive_active_expert_0": 0.0, "fpem/progressive_cluster_size_0": 0.0, "fpem/progressive_cluster_ratio_0": 0.0, "fpem/progressive_cluster_to_expert_0": 0.0, "fpem/progressive_bic_k1": 0.0, "fpem/progressive_bic_score_k1": 0.0, "fpem/progressive_bic_rejected_k1": 0.0, "fpem/hyper_alpha_head_0": 0.0, "fpem/hyper_gamma_norm_head_0": 0.0, "fpem/hyper_beta_norm_head_0": 0.0, "fpem/expert_cross_mae_group_0_expert_0": 9.414026006062825, "fpem/load_expert_loss": 9.414026006062825, "fpem/counterfactual_risk_router_loss": 1.2172724417277745, "fpem/counterfactual_risk_regression_loss": 0.884776965209416, "fpem/counterfactual_risk_ranking_loss": 0.6649909638223194, "fpem/load_level_assignment_detached": 1.0, "fpem/load_level_count_0": 1680.0, "fpem/load_level_ratio_0": 1.0, "fpem/expert_0_global_loss": 9.414026006062825, "fpem/expert_0_selected_loss": 9.414026006062825, "fpem/counterfactual_risk_stage2_active": 1.0, "fpem/counterfactual_risk_stage2_start_epoch": 20.0, "fpem/counterfactual_risk_all_environment_mae": 9.414026006062825, "fpem/counterfactual_risk_all_invariant_mae": 9.6622375306629, "fpem/counterfactual_risk_routed_mae": 9.480519812447683, "fpem/counterfactual_risk_oracle_mae": 9.378017080397832, "fpem/counterfactual_risk_router_accuracy": 0.6083333333333333, "fpem/counterfactual_risk_router_balanced_accuracy": 0.5725446410122372, "fpem/counterfactual_risk_inv_route_ratio": 0.38392857142857145, "fpem/counterfactual_risk_env_route_ratio": 0.6160714285714286, "fpem/counterfactual_risk_inv_switch_precision": 0.2717335093589056, "fpem/counterfactual_risk_correct_inv_switches": 1.5809523809523809, "fpem/counterfactual_risk_harmful_inv_switches": 4.561904761904762, "fpem/counterfactual_risk_saved_loss": 0.01693394354411534, "fpem/counterfactual_risk_added_loss": 0.08342774311701456, "fpem/counterfactual_risk_net_gain": -0.06649380638485863, "fpem/counterfactual_risk_regret": 0.10250273204985119, "fpem/counterfactual_risk_oracle_gap_closed": -3296.628711731967, "fpem/counterfactual_risk_delta_mean": -0.24821149181751978, "fpem/counterfactual_risk_target_inv_ratio": 0.20535714285714285, "fpem/counterfactual_risk_weight_env_sum": 8.304761882055374, "fpem/counterfactual_risk_weight_inv_sum": 7.695238031659808, "fpem/counterfactual_risk_prediction_is_hard_route": 1.0, "fpem/counterfactual_risk_prediction_is_soft_fusion": 0.0, "fpem/counterfactual_risk_target_detached": 1.0, "fpem/counterfactual_risk_uses_threshold": 0.0, "fpem/counterfactual_risk_all_samples_used_for_router": 1.0, "fpem/hard_router_predicted_env_ratio": 0.6160714285714286, "fpem/hard_router_effective_env_ratio": 1.0, "fpem/hard_router_target_env_ratio": 0.7946428571428571, "fpem/hard_router_gain_mean": -0.24821149181751978, "fpem/expert_prediction_pairwise_difference": 0.0, "fpem/delta_pairwise_cosine": 0.0, "fpem/delta_pairwise_l1": 0.0, "fpem/delta_pairwise_l2": 0.0, "fpem/expert_0_parameter_norm": 14.882429122924805, "fpem/hard_binary_router_enabled": 0.0, "fpem/hard_router_uses_target_in_forward": 0.0, "fpem/stored_future_c_loaded": 0.0, "fpem/prediction_is_weighted_complete_fusion": 0.0, "fpem/prediction_is_hard_route": 1.0, "fpem/conservative_inv_override_enabled": 0.0, "fpem/conservative_router_features_detached": 1.0, "fpem/counterfactual_risk_router_enabled": 1.0, "fpem/counterfactual_risk_stage2_active_forward": 1.0, "fpem/counterfactual_risk_deploy_route_active": 0.0, "fpem/counterfactual_risk_training_uses_route": 0.0, "fpem/counterfactual_risk_forward_uses_threshold": 0.0, "fpem/future_mi_loss": 0.0, "fpem/future_mi_valid": 0.0, "fpem/future_mi_logvar_mean": 0.0, "fpem/future_mi_target_mode_env_encoder": 0.0, "fpem/swap_loss": 0.0, "fpem/swap_diff_loss": 0.0, "fpem/swap_same_loss": 0.0, "fpem/swap_gain_mean": 0.0, "fpem/swap_s_gain_mean": 0.0, "fpem/swap_fallback_router_loss": 0.0, "fpem/swap_fallback_q_mean": 0.0, "fpem/swap_prediction_delta": 0.0, "fpem/swap_route_delta": 0.0, "fpem/swap_hyper_alpha_delta": 0.0, "fpem/swap_hyper_delta_norm": 0.0, "fpem/loss_env_day": 0.0, "fpem/loss_env_hour": 0.0, "fpem/loss_env_rush": 0.0, "fpem/env_day_acc": 0.0, "fpem/env_hour_acc": 0.0, "fpem/env_rush_acc": 0.0, "fpem/loss_env_supcon": 0.0, "fpem/env_supcon_valid_pairs": 0.0, "fpem/loss_inv_env_adv": 0.0, "fpem/inv_day_acc": 0.0, "fpem/inv_hour_acc": 0.0, "fpem/inv_rush_acc": 0.0, "fpem/loss_cross_cov_sep": 0.0, "fpem/confounder_dep_enabled": 0.0, "fpem/confounder_dep_mode_gci": 0.0, "fpem/confounder_dep_mode_scd": 1.0, "fpem/confounder_dep_mode_both": 0.0, "fpem/confounder_dep_total": 0.0, "fpem/loss_gci": 0.0, "fpem/loss_gci_drop": 0.0, "fpem/loss_gci_keep": 0.0, "fpem/loss_gci_graph_align": 0.0, "fpem/loss_scd": 0.0, "fpem/loss_conf_kl": 0.0, "fpem/effective_gci_weight": 0.0, "fpem/effective_gci_graph_align_weight": 0.0, "fpem/effective_scd_weight": 0.0, "fpem/effective_conf_kl_weight": 0.0, "fpem/confounder_dep_ramp_factor": 0.0, "fpem/C_mean": 0.0, "fpem/C_std": 0.0, "fpem/C_norm": 0.0, "fpem/confounder_token_norm": 0.0, "fpem/confounder_variational": 0.0, "fpem/confounder_projection_trace": 0.0, "fpem/confounder_projection_ridge": 0.0, "fpem/confounder_projection_rank_dim": 0.0, "fpem/confounder_projection_calls": 0.0, "fpem/confounder_dep_detach_target": 0.0, "fpem/gci_nonedge_mass_before_C": 0.0, "fpem/gci_nonedge_mass_after_C": 0.0, "fpem/gci_nonedge_mass_reduction": 0.0, "fpem/gci_relative_violation": 0.0, "fpem/gci_edge_before_C": 0.0, "fpem/gci_edge_after_C": 0.0, "fpem/gci_nonedge_conn_before_C": 0.0, "fpem/gci_nonedge_conn_after_C": 0.0, "fpem/gci_nonedge_conn_reduction": 0.0, "fpem/gci_edge_conn_before_C": 0.0, "fpem/gci_edge_conn_after_C": 0.0, "fpem/gci_edge_conn_reduction": 0.0, "fpem/gci_nonedge_dep_before_C": 0.0, "fpem/gci_nonedge_dep_after_C": 0.0, "fpem/gci_nonedge_dep_reduction": 0.0, "fpem/gci_edge_dep_before_C": 0.0, "fpem/gci_edge_dep_after_C": 0.0, "fpem/gci_nonedge_count": 0.0, "fpem/gci_edge_count": 0.0, "fpem/gci_node_count": 0.0, "fpem/gci_node_vector_dim": 0.0, "fpem/gci_graph_embed_dim": 0.0, "fpem/gci_graph_embedding_norm_before": 0.0, "fpem/gci_graph_embedding_norm_after": 0.0, "fpem/gci_graph_embedding_std_before": 0.0, "fpem/gci_graph_embedding_std_after": 0.0, "fpem/gci_graph_adj_mean_before": 0.0, "fpem/gci_graph_adj_mean_after": 0.0, "fpem/gci_graph_adj_std_before": 0.0, "fpem/gci_graph_adj_std_after": 0.0, "fpem/gci_graph_align_weight": 0.0, "fpem/gci_graph_align_raw_mse": 0.0, "fpem/gci_graph_align_normalized": 0.0, "fpem/gci_edge_preserve_beta": 0.0, "fpem/gci_graph_align_target_available": 0.0, "fpem/gci_target_adj_mean": 0.0, "fpem/gci_target_adj_std": 0.0, "fpem/gci_target_edge_mean": 0.0, "fpem/gci_target_nonedge_mean": 0.0, "fpem/gci_target_diag_mean": 0.0, "fpem/gci_graph_align_updates_agcrn": 0.0, "fpem/gci_updates_graph_linear": 0.0, "fpem/gci_graph_construction_agcrn_softmax": 0.0, "fpem/scd_assoc_before_C": 0.0, "fpem/scd_assoc_after_C": 0.0, "fpem/scd_assoc_reduction": 0.0, "fpem/scd_relative_violation": 0.0, "fpem/sample_assoc_before_C": 0.0, "fpem/sample_assoc_after_C": 0.0, "fpem/sample_assoc_reduction": 0.0, "fpem/sample_dep_before_C": 0.0, "fpem/sample_dep_after_C": 0.0, "fpem/sample_dep_reduction": 0.0, "fpem/scd_batch_size": 0.0, "fpem/scd_sample_vector_dim": 0.0, "fpem/sample_kernel_alignment": 0.0, "fpem/scd_alignment_loss": 0.0, "fpem/load_level_experts_enabled": 1.0, "fpem/load_level_uses_target_or_future_load": 0.0, "fpem/environment_gate_uses_target_in_forward": 0.0, "fpem/load_level_env_residual_scale": 0.0, "fpem/uses_cached_observable_load_prior": 1.0, "fpem/primary_loss": 8.99130979719616, "fpem/inv_pred_loss": 9.221390170142763, "fpem/primary_uses_route": 1.0, "fpem/primary_uses_env_fusion": 0.0, "fpem/backbone_agcrn": 1.0, "fpem/backbone_graphwavenet": 0.0, "fpem/backbone_staeformer": 0.0, "fpem/gc_pred_loss_only": 1.0, "fpem/env_route_head_mode_hyper_proto": 1.0, "fpem/fpem_force_uniform_route": 0.0, "fpem/hard_prediction_sinkhorn_total_replaces_primary": 0.0, "fpem/hard_prediction_environment_sinkhorn_total_replaces_primary": 0.0, "fpem/warmup_risk_sinkhorn_total_replaces_primary": 0.0, "fpem/lambda_club_mi": 0.0}}
EPOCH {"epoch": 66, "train_loss": 1.1720116652193524, "val": {"loss": 11.810400115119087, "mae": 11.589774131774902, "mape": 0.18498015403747559}, "test_mixed": {"loss": NaN, "mae": NaN, "mape": NaN}, "test_workday": {"loss": NaN, "mae": NaN, "mape": NaN}, "test_holiday": {"loss": NaN, "mae": NaN, "mape": NaN}, "test_avg_mae": NaN, "best_selection_value": 11.810400115119087, "best_selection_split": "val", "best_selection_metric": "val_loss", "lr": 0.0005, "fpem_logs": {"fpem/fpem_env_use_exogenous": 1.0, "fpem/env_exogenous_available": 1.0, "fpem/env_exogenous_time_available": 1.0, "fpem/env_exogenous_load_available": 1.0, "fpem/env_exogenous_feature_dim": 32.0, "fpem/env_exogenous_embedding_norm": 2.494984129496983, "fpem/env_exogenous_load_embedding_norm": 1.642267522357759, "fpem/fpem_env_use_period_context": 1.0, "fpem/env_period_context_available": 1.0, "fpem/env_period_day_available_ratio": 0.9732142857142857, "fpem/env_period_week_available_ratio": 0.8244047619047619, "fpem/env_period_context_feature_dim": 6.0, "fpem/env_period_context_scale": 0.10000000149011612, "fpem/env_period_context_delta_norm": 0.20782210869448525, "fpem/env_period_context_day_diff_norm": 0.1627270506961005, "fpem/env_period_context_week_diff_norm": 0.1018899271885554, "fpem/env_rep_ablation_normal": 1.0, "fpem/env_rep_ablation_zero": 0.0, "fpem/env_rep_ablation_shuffle_batch": 0.0, "fpem/env_rep_ablation_mode_id": 0.0, "fpem/mask_loss": 0.0, "fpem/mask_sparse_loss": 0.0, "fpem/mask_entropy_loss": 0.0, "fpem/mask_mean": 1.0, "fpem/mask_entropy": 0.0, "fpem/mask_active_ratio": 1.0, "fpem/fusion_alpha_mean": 0.0, "fpem/fusion_alpha_std": 0.0, "fpem/fusion_alpha_min": 0.0, "fpem/fusion_alpha_max": 0.0, "fpem/env_route_loss": 1.1720116652193524, "fpem/env_route_L_final": 8.986216799418132, "fpem/env_route_L_global": 0.0, "fpem/env_route_L_route_soft": 0.0, "fpem/env_route_L_expert": 9.414026101430258, "fpem/env_route_L_router_oracle": 1.1720116652193524, "fpem/env_route_L_balance": 0.0, "fpem/env_route_L_diverse": 0.0, "fpem/env_route_L_proto_align": 0.0, "fpem/env_route_entropy": 0.0, "fpem/env_route_q_max_mean": 0.0, "fpem/hyper_alpha_mean": 0.0, "fpem/hyper_delta_norm": 0.0, "fpem/hyper_route_proto_mode_uniform_warmup": 0.0, "fpem/hyper_route_proto_mode_uniform_fixed": 0.0, "fpem/hyper_route_proto_mode_sinkhorn": 0.0, "fpem/hyper_route_proto_mode_softmax": 0.0, "fpem/fallback_q_mean": 0.0, "fpem/fallback_q_max": 0.0, "fpem/env_q_sum_mean": 1.0, "fpem/oracle_fallback_rate": 0.0, "fpem/route_count_fallback": 0.0, "fpem/env_route_head_mode": 1.0, "fpem/route_entropy_mean": 0.0, "fpem/route_mean_distribution_entropy": 0.0, "fpem/effective_expert_number": 1.0, "fpem/max_expert_usage_ratio": 0.0, "fpem/min_expert_usage_ratio": 0.0, "fpem/prototype_pairwise_cosine": 0.0, "fpem/expert_prediction_pairwise_cosine": 0.0, "fpem/expert_collapse_warning": 0.0, "fpem/env_route_target_mode_env_prototype": 0.0, "fpem/env_route_target_mode_hybrid": 0.0, "fpem/env_route_hybrid_alpha": 0.0, "fpem/env_route_train_mode_warmup_risk_sinkhorn": 0.0, "fpem/warmup_risk_stage_warmup": 0.0, "fpem/warmup_risk_stage_soft": 0.0, "fpem/warmup_risk_stage_hard": 0.0, "fpem/warmup_risk_selected_loss": 0.0, "fpem/warmup_risk_uniform_common_loss": 0.0, "fpem/warmup_risk_lambda_common": 0.0, "fpem/warmup_risk_total_common_term": 0.0, "fpem/warmup_risk_temperature": 0.0, "fpem/warmup_risk_temperature_progress": 0.0, "fpem/uniform_expert_mae": 0.0, "fpem/risk_routed_mae": 0.0, "fpem/risk_prediction_mae": 0.0, "fpem/risk_loss": 0.0, "fpem/risk_ranking_loss": 0.0, "fpem/risk_ranking_accuracy": 0.0, "fpem/risk_oracle_argmin_accuracy": 0.0, "fpem/risk_router_temperature": 0.0, "fpem/risk_router_lambda": 0.0, "fpem/risk_router_pairwise_lambda": 0.0, "fpem/env_route_train_mode_progressive_gmm_environment": 0.0, "fpem/top_level_prediction_source_progressive_gmm_teacher_hard": 0.0, "fpem/progressive_assignment_uses_target_or_prediction_error": 0.0, "fpem/progressive_partition_ready": 0.0, "fpem/progressive_selected_k": 0.0, "fpem/progressive_active_expert_count": 0.0, "fpem/progressive_last_partition_epoch": 0.0, "fpem/progressive_lambda_common": 0.0, "fpem/progressive_common_term": 0.0, "fpem/progressive_compactness_loss": 0.0, "fpem/progressive_consistency_loss": 0.0, "fpem/progressive_cluster_entropy": 0.0, "fpem/progressive_assignment_change_ratio": 0.0, "fpem/progressive_hungarian_overlap_score": 0.0, "fpem/progressive_partition_update_time_sec": 0.0, "fpem/progressive_routed_mae": 0.0, "fpem/progressive_gmm_environment_total_replaces_primary": 0.0, "fpem/env_route_count_head_0": 16.0, "fpem/env_route_oracle_count_head_0": 16.0, "fpem/route_count_env_head_0": 16.0, "fpem/route_soft_mean_expert_0": 1.0, "fpem/route_hard_count_expert_0": 16.0, "fpem/hard_count_expert_0": 16.0, "fpem/sinkhorn_soft_col_mass_expert_0": 0.0, "fpem/progressive_active_expert_0": 0.0, "fpem/progressive_cluster_size_0": 0.0, "fpem/progressive_cluster_ratio_0": 0.0, "fpem/progressive_cluster_to_expert_0": 0.0, "fpem/progressive_bic_k1": 0.0, "fpem/progressive_bic_score_k1": 0.0, "fpem/progressive_bic_rejected_k1": 0.0, "fpem/hyper_alpha_head_0": 0.0, "fpem/hyper_gamma_norm_head_0": 0.0, "fpem/hyper_beta_norm_head_0": 0.0, "fpem/expert_cross_mae_group_0_expert_0": 9.414026101430258, "fpem/load_expert_loss": 9.414026101430258, "fpem/counterfactual_risk_router_loss": 1.1720116652193524, "fpem/counterfactual_risk_regression_loss": 0.8388566657191231, "fpem/counterfactual_risk_ranking_loss": 0.6663100004196167, "fpem/load_level_assignment_detached": 1.0, "fpem/load_level_count_0": 1680.0, "fpem/load_level_ratio_0": 1.0, "fpem/expert_0_global_loss": 9.414026101430258, "fpem/expert_0_selected_loss": 9.414026101430258, "fpem/counterfactual_risk_stage2_active": 1.0, "fpem/counterfactual_risk_stage2_start_epoch": 20.0, "fpem/counterfactual_risk_all_environment_mae": 9.414026101430258, "fpem/counterfactual_risk_all_invariant_mae": 9.66223749433245, "fpem/counterfactual_risk_routed_mae": 9.485864280519031, "fpem/counterfactual_risk_oracle_mae": 9.378016830625988, "fpem/counterfactual_risk_router_accuracy": 0.5904761904761905, "fpem/counterfactual_risk_router_balanced_accuracy": 0.5602247113273258, "fpem/counterfactual_risk_inv_route_ratio": 0.40654761904761905, "fpem/counterfactual_risk_env_route_ratio": 0.593452380952381, "fpem/counterfactual_risk_inv_switch_precision": 0.24704872327191488, "fpem/counterfactual_risk_correct_inv_switches": 1.619047619047619, "fpem/counterfactual_risk_harmful_inv_switches": 4.885714285714286, "fpem/counterfactual_risk_saved_loss": 0.01771507461865743, "fpem/counterfactual_risk_added_loss": 0.08955327229840415, "fpem/counterfactual_risk_net_gain": -0.07183817908877418, "fpem/counterfactual_risk_regret": 0.10784744989304315, "fpem/counterfactual_risk_oracle_gap_closed": -2329.873891959071, "fpem/counterfactual_risk_delta_mean": -0.24821138637406484, "fpem/counterfactual_risk_target_inv_ratio": 0.20535714285714285, "fpem/counterfactual_risk_weight_env_sum": 8.152380834306989, "fpem/counterfactual_risk_weight_inv_sum": 7.8476190067472915, "fpem/counterfactual_risk_prediction_is_hard_route": 1.0, "fpem/counterfactual_risk_prediction_is_soft_fusion": 0.0, "fpem/counterfactual_risk_target_detached": 1.0, "fpem/counterfactual_risk_uses_threshold": 0.0, "fpem/counterfactual_risk_all_samples_used_for_router": 1.0, "fpem/hard_router_predicted_env_ratio": 0.593452380952381, "fpem/hard_router_effective_env_ratio": 1.0, "fpem/hard_router_target_env_ratio": 0.7946428571428571, "fpem/hard_router_gain_mean": -0.24821138637406484, "fpem/expert_prediction_pairwise_difference": 0.0, "fpem/delta_pairwise_cosine": 0.0, "fpem/delta_pairwise_l1": 0.0, "fpem/delta_pairwise_l2": 0.0, "fpem/expert_0_parameter_norm": 14.882429122924805, "fpem/hard_binary_router_enabled": 0.0, "fpem/hard_router_uses_target_in_forward": 0.0, "fpem/stored_future_c_loaded": 0.0, "fpem/prediction_is_weighted_complete_fusion": 0.0, "fpem/prediction_is_hard_route": 1.0, "fpem/conservative_inv_override_enabled": 0.0, "fpem/conservative_router_features_detached": 1.0, "fpem/counterfactual_risk_router_enabled": 1.0, "fpem/counterfactual_risk_stage2_active_forward": 1.0, "fpem/counterfactual_risk_deploy_route_active": 0.0, "fpem/counterfactual_risk_training_uses_route": 0.0, "fpem/counterfactual_risk_forward_uses_threshold": 0.0, "fpem/future_mi_loss": 0.0, "fpem/future_mi_valid": 0.0, "fpem/future_mi_logvar_mean": 0.0, "fpem/future_mi_target_mode_env_encoder": 0.0, "fpem/swap_loss": 0.0, "fpem/swap_diff_loss": 0.0, "fpem/swap_same_loss": 0.0, "fpem/swap_gain_mean": 0.0, "fpem/swap_s_gain_mean": 0.0, "fpem/swap_fallback_router_loss": 0.0, "fpem/swap_fallback_q_mean": 0.0, "fpem/swap_prediction_delta": 0.0, "fpem/swap_route_delta": 0.0, "fpem/swap_hyper_alpha_delta": 0.0, "fpem/swap_hyper_delta_norm": 0.0, "fpem/loss_env_day": 0.0, "fpem/loss_env_hour": 0.0, "fpem/loss_env_rush": 0.0, "fpem/env_day_acc": 0.0, "fpem/env_hour_acc": 0.0, "fpem/env_rush_acc": 0.0, "fpem/loss_env_supcon": 0.0, "fpem/env_supcon_valid_pairs": 0.0, "fpem/loss_inv_env_adv": 0.0, "fpem/inv_day_acc": 0.0, "fpem/inv_hour_acc": 0.0, "fpem/inv_rush_acc": 0.0, "fpem/loss_cross_cov_sep": 0.0, "fpem/confounder_dep_enabled": 0.0, "fpem/confounder_dep_mode_gci": 0.0, "fpem/confounder_dep_mode_scd": 1.0, "fpem/confounder_dep_mode_both": 0.0, "fpem/confounder_dep_total": 0.0, "fpem/loss_gci": 0.0, "fpem/loss_gci_drop": 0.0, "fpem/loss_gci_keep": 0.0, "fpem/loss_gci_graph_align": 0.0, "fpem/loss_scd": 0.0, "fpem/loss_conf_kl": 0.0, "fpem/effective_gci_weight": 0.0, "fpem/effective_gci_graph_align_weight": 0.0, "fpem/effective_scd_weight": 0.0, "fpem/effective_conf_kl_weight": 0.0, "fpem/confounder_dep_ramp_factor": 0.0, "fpem/C_mean": 0.0, "fpem/C_std": 0.0, "fpem/C_norm": 0.0, "fpem/confounder_token_norm": 0.0, "fpem/confounder_variational": 0.0, "fpem/confounder_projection_trace": 0.0, "fpem/confounder_projection_ridge": 0.0, "fpem/confounder_projection_rank_dim": 0.0, "fpem/confounder_projection_calls": 0.0, "fpem/confounder_dep_detach_target": 0.0, "fpem/gci_nonedge_mass_before_C": 0.0, "fpem/gci_nonedge_mass_after_C": 0.0, "fpem/gci_nonedge_mass_reduction": 0.0, "fpem/gci_relative_violation": 0.0, "fpem/gci_edge_before_C": 0.0, "fpem/gci_edge_after_C": 0.0, "fpem/gci_nonedge_conn_before_C": 0.0, "fpem/gci_nonedge_conn_after_C": 0.0, "fpem/gci_nonedge_conn_reduction": 0.0, "fpem/gci_edge_conn_before_C": 0.0, "fpem/gci_edge_conn_after_C": 0.0, "fpem/gci_edge_conn_reduction": 0.0, "fpem/gci_nonedge_dep_before_C": 0.0, "fpem/gci_nonedge_dep_after_C": 0.0, "fpem/gci_nonedge_dep_reduction": 0.0, "fpem/gci_edge_dep_before_C": 0.0, "fpem/gci_edge_dep_after_C": 0.0, "fpem/gci_nonedge_count": 0.0, "fpem/gci_edge_count": 0.0, "fpem/gci_node_count": 0.0, "fpem/gci_node_vector_dim": 0.0, "fpem/gci_graph_embed_dim": 0.0, "fpem/gci_graph_embedding_norm_before": 0.0, "fpem/gci_graph_embedding_norm_after": 0.0, "fpem/gci_graph_embedding_std_before": 0.0, "fpem/gci_graph_embedding_std_after": 0.0, "fpem/gci_graph_adj_mean_before": 0.0, "fpem/gci_graph_adj_mean_after": 0.0, "fpem/gci_graph_adj_std_before": 0.0, "fpem/gci_graph_adj_std_after": 0.0, "fpem/gci_graph_align_weight": 0.0, "fpem/gci_graph_align_raw_mse": 0.0, "fpem/gci_graph_align_normalized": 0.0, "fpem/gci_edge_preserve_beta": 0.0, "fpem/gci_graph_align_target_available": 0.0, "fpem/gci_target_adj_mean": 0.0, "fpem/gci_target_adj_std": 0.0, "fpem/gci_target_edge_mean": 0.0, "fpem/gci_target_nonedge_mean": 0.0, "fpem/gci_target_diag_mean": 0.0, "fpem/gci_graph_align_updates_agcrn": 0.0, "fpem/gci_updates_graph_linear": 0.0, "fpem/gci_graph_construction_agcrn_softmax": 0.0, "fpem/scd_assoc_before_C": 0.0, "fpem/scd_assoc_after_C": 0.0, "fpem/scd_assoc_reduction": 0.0, "fpem/scd_relative_violation": 0.0, "fpem/sample_assoc_before_C": 0.0, "fpem/sample_assoc_after_C": 0.0, "fpem/sample_assoc_reduction": 0.0, "fpem/sample_dep_before_C": 0.0, "fpem/sample_dep_after_C": 0.0, "fpem/sample_dep_reduction": 0.0, "fpem/scd_batch_size": 0.0, "fpem/scd_sample_vector_dim": 0.0, "fpem/sample_kernel_alignment": 0.0, "fpem/scd_alignment_loss": 0.0, "fpem/load_level_experts_enabled": 1.0, "fpem/load_level_uses_target_or_future_load": 0.0, "fpem/environment_gate_uses_target_in_forward": 0.0, "fpem/load_level_env_residual_scale": 0.0, "fpem/uses_cached_observable_load_prior": 1.0, "fpem/primary_loss": 8.986216799418132, "fpem/inv_pred_loss": 9.215897646404448, "fpem/primary_uses_route": 1.0, "fpem/primary_uses_env_fusion": 0.0, "fpem/backbone_agcrn": 1.0, "fpem/backbone_graphwavenet": 0.0, "fpem/backbone_staeformer": 0.0, "fpem/gc_pred_loss_only": 1.0, "fpem/env_route_head_mode_hyper_proto": 1.0, "fpem/fpem_force_uniform_route": 0.0, "fpem/hard_prediction_sinkhorn_total_replaces_primary": 0.0, "fpem/hard_prediction_environment_sinkhorn_total_replaces_primary": 0.0, "fpem/warmup_risk_sinkhorn_total_replaces_primary": 0.0, "fpem/lambda_club_mi": 0.0}}
EARLY_STOP epoch=66 patience=30
COUNTERFACTUAL_RISK_ROUTER_FINAL_AUDIT {"val": {"split": "val", "num_samples": 274, "all_environment_mae": 12.374505043029785, "all_invariant_mae": 12.481095314025879, "learned_risk_routing_mae": 12.37129020690918, "oracle_mae": 12.299715995788574, "router_accuracy": 0.6605839133262634, "balanced_accuracy": 0.5204237103462219, "env_route_ratio": 0.974452555179596, "inv_route_ratio": 0.025547444820404053, "inv_switch_precision": 0.7142857142857143, "correct_beneficial_inv_switches": 5, "harmful_inv_switches": 2, "saved_loss": 0.005180578162200259, "added_loss": 0.001965562792590065, "net_gain": 0.0032148361206054688, "regret": 0.07157421112060547, "oracle_gap_closed": 0.04298538675371707, "target_inv_ratio": 0.35036495327949524, "delta_mean": -0.10658982396125793, "prediction_source": "counterfactual_risk_router_hard_argmin", "prediction_is_soft_fusion": false, "uses_threshold": false}, "test_mixed": {"split": "test_mixed", "num_samples": 546, "all_environment_mae": 11.274324417114258, "all_invariant_mae": 11.461053848266602, "learned_risk_routing_mae": 11.274835586547852, "oracle_mae": 11.219718933105469, "router_accuracy": 0.721611738204956, "balanced_accuracy": 0.5378205180168152, "env_route_ratio": 0.9450549483299255, "inv_route_ratio": 0.05494505539536476, "inv_switch_precision": 0.5666666666666667, "correct_beneficial_inv_switches": 17, "harmful_inv_switches": 13, "saved_loss": 0.006867512678488707, "added_loss": 0.0073780009161421665, "net_gain": -0.00051116943359375, "regret": 0.05511665344238281, "oracle_gap_closed": -0.009361137308323728, "target_inv_ratio": 0.2857142984867096, "delta_mean": -0.18672971427440643, "prediction_source": "counterfactual_risk_router_hard_argmin", "prediction_is_soft_fusion": false, "uses_threshold": false}, "test_workday": {"split": "test_workday", "num_samples": 354, "all_environment_mae": 11.15886116027832, "all_invariant_mae": 11.337368965148926, "learned_risk_routing_mae": 11.158326148986816, "oracle_mae": 11.102283477783203, "router_accuracy": 0.7033898234367371, "balanced_accuracy": 0.550186276435852, "env_route_ratio": 0.9237288236618042, "inv_route_ratio": 0.0762711837887764, "inv_switch_precision": 0.5925925925925926, "correct_beneficial_inv_switches": 16, "harmful_inv_switches": 11, "saved_loss": 0.010356738742461985, "added_loss": 0.00982166818306271, "net_gain": 0.0005350112915039062, "regret": 0.05604267120361328, "oracle_gap_closed": 0.00945622492667633, "target_inv_ratio": 0.31073445081710815, "delta_mean": -0.1785087287425995, "prediction_source": "counterfactual_risk_router_hard_argmin", "prediction_is_soft_fusion": false, "uses_threshold": false}, "test_holiday": {"split": "test_holiday", "num_samples": 192, "all_environment_mae": 11.487210273742676, "all_invariant_mae": 11.68909740447998, "learned_risk_routing_mae": 11.489649772644043, "oracle_mae": 11.436236381530762, "router_accuracy": 0.7552083134651184, "balanced_accuracy": 0.5040202736854553, "env_route_ratio": 0.984375, "inv_route_ratio": 0.015625, "inv_switch_precision": 0.3333333333333333, "correct_beneficial_inv_switches": 1, "harmful_inv_switches": 2, "saved_loss": 0.00043425212303797406, "added_loss": 0.0028724893927574158, "net_gain": -0.0024394989013671875, "regret": 0.05341339111328125, "oracle_gap_closed": -0.0478578110383536, "target_inv_ratio": 0.2395833283662796, "delta_mean": -0.20188714563846588, "prediction_source": "counterfactual_risk_router_hard_argmin", "prediction_is_soft_fusion": false, "uses_threshold": false}}
SUMMARY {"exp_name": "fpem_agcrn_aligned_confounder_dep_norm_align_obs_k1_counterfactual_risk_router_period_context_0813_conf_scd_seed2024", "model": "steve", "ablation": "conf_scd", "best_epoch": 36, "best_val_loss": 11.795478714836968, "best_checkpoint_selection_split": "val", "best_checkpoint_selection_metric": "val_loss", "test_mixed_mae": 10.574128150939941, "test_workday_mae": 10.476288795471191, "test_holiday_mae": 10.74378776550293, "test_avg_mae": 10.61003828048706, "top_level_prediction_source": "counterfactual_risk_router_hard_argmin_test_diagnostic_best", "fpem_override_threshold": 0.5, "fpem_override_margin": 0.0, "finished": true}
