swap_type,num_samples,mean_abs_pred_swap_minus_original,median_abs_pred_swap_minus_original,mae_original,mae_swapped,delta_mae
same_env,546,0.6324769854545593,0.5310236215591431,10.116355895996094,10.231666564941406,0.1153106689453125
cross_env,546,0.6357309222221375,0.5397136211395264,10.116355895996094,10.227972030639648,0.11161613464355469
