feature_set,regressor,n_train,n_test,residual_mae,r2
z_inv_raw,ridge,382,164,4.285153388977051,0.5377200841903687
z_inv_raw,linear_regression,382,164,4.520441055297852,0.49865150451660156
h_inv,ridge,382,164,4.285153388977051,0.5377200841903687
h_inv,linear_regression,382,164,4.520441055297852,0.49865150451660156
e_env,ridge,382,164,5.4396281242370605,0.4676796793937683
e_env,linear_regression,382,164,5.661321640014648,0.43530571460723877
h_inv_plus_e_env,ridge,382,164,4.4867939949035645,0.4980506896972656
h_inv_plus_e_env,linear_regression,382,164,5.00935173034668,0.38800567388534546
