scope,expert,soft_usage_mean,hard_count,hard_usage_ratio,route_entropy_mean,route_mean_distribution_entropy,effective_expert_number,max_expert_usage_ratio,min_expert_usage_ratio
expert,0,0.3504347795750195,0,0.0,0.8419023369279256,0.8419335442425253,2.32085010758178,0.5920943998810135,0.05747082033928061
expert,1,0.5920943998810135,546,1.0,0.8419023369279256,0.8419335442425253,2.32085010758178,0.5920943998810135,0.05747082033928061
expert,2,0.05747082033928061,0,0.0,0.8419023369279256,0.8419335442425253,2.32085010758178,0.5920943998810135,0.05747082033928061
overall,all,0.9999999997953137,546,1.0,0.8419023369279256,0.8419335442425253,2.32085010758178,0.5920943998810135,0.05747082033928061
