{
  "exp_name": "fpem_agcrn_aligned_pretrained_inv_module_build_bu_inv_loss_only_seed2025",
  "seed": 2025,
  "dataset": "NYCTaxi_TDS",
  "model": "steve",
  "ablation": "bu_inv_loss_only",
  "best_epoch": 86,
  "best_val_loss": 11.340829054514566,
  "test_mixed_mae": 10.220242500305176,
  "test_workday_mae": 10.11793041229248,
  "test_holiday_mae": 10.398355484008789,
  "test_avg_mae": 10.258142948150635,
  "finished": true,
  "counts": {
    "train_total": 1680,
    "train_workday": 1200,
    "train_holiday": 480,
    "train_workday_holiday_ratio": 2.5,
    "val_total": 274,
    "val_workday": 178,
    "val_holiday": 96,
    "test_total": 546,
    "test_workday": 354,
    "test_holiday": 192
  },
  "best": {
    "val": {
      "mae": 11.340829054514566,
      "epoch": 86
    },
    "test_avg": {
      "mae": 10.253556251525879,
      "epoch": 85
    },
    "workday": {
      "mae": 10.116679191589355,
      "epoch": 80
    },
    "holiday": {
      "mae": 10.388140678405762,
      "epoch": 97
    }
  },
  "final": {
    "val": {
      "selected_epoch": 86,
      "val": {
        "loss": 11.340829054514566,
        "mae": 11.144331932067871,
        "mape": 0.20099997520446777
      },
      "test_mixed": {
        "loss": 10.24162905556815,
        "mae": 10.220242500305176,
        "mape": 0.1873466968536377
      },
      "test_workday": {
        "loss": 10.10388533965401,
        "mae": 10.11793041229248,
        "mape": 0.18814460933208466
      },
      "test_holiday": {
        "loss": 10.476198116938273,
        "mae": 10.398355484008789,
        "mape": 0.18595758080482483
      },
      "test_avg_mae": 10.258142948150635
    },
    "test_avg": {
      "selected_epoch": 85,
      "val": {
        "loss": 11.348817745844523,
        "mae": 11.152057647705078,
        "mape": 0.2029392421245575
      },
      "test_mixed": {
        "loss": 10.243333394186838,
        "mae": 10.216617584228516,
        "mape": 0.1887584924697876
      },
      "test_workday": {
        "loss": 10.109100880830184,
        "mae": 10.116901397705078,
        "mape": 0.18966500461101532
      },
      "test_holiday": {
        "loss": 10.470941146214804,
        "mae": 10.39021110534668,
        "mape": 0.18718035519123077
      },
      "test_avg_mae": 10.253556251525879
    },
    "workday": {
      "selected_epoch": 80,
      "val": {
        "loss": 11.347193029191759,
        "mae": 11.148073196411133,
        "mape": 0.20210953056812286
      },
      "test_mixed": {
        "loss": 10.24357487814767,
        "mae": 10.220109939575195,
        "mape": 0.18791520595550537
      },
      "test_workday": {
        "loss": 10.105342740597932,
        "mae": 10.116679191589355,
        "mape": 0.18889717757701874
      },
      "test_holiday": {
        "loss": 10.47877045472463,
        "mae": 10.400172233581543,
        "mape": 0.18620565533638
      },
      "test_avg_mae": 10.25842571258545
    },
    "holiday": {
      "selected_epoch": 97,
      "val": {
        "loss": 11.352686431672838,
        "mae": 11.154757499694824,
        "mape": 0.20149315893650055
      },
      "test_mixed": {
        "loss": 10.245251628330776,
        "mae": 10.219361305236816,
        "mape": 0.18775349855422974
      },
      "test_workday": {
        "loss": 10.113364572110383,
        "mae": 10.12240982055664,
        "mape": 0.18853162229061127
      },
      "test_holiday": {
        "loss": 10.468296647071838,
        "mae": 10.388140678405762,
        "mape": 0.18639881908893585
      },
      "test_avg_mae": 10.255275249481201
    }
  },
  "elapsed_min": 71.16971584161122,
  "args": {
    "seed": 2025,
    "device": "cuda:0",
    "mode": "train",
    "best_path": "/home/zhangwt/remote/StableST/experiments/NYCTaxi/20240510-014845/best_model.pth",
    "debug": false,
    "data_dir": "/data/OuXiaoyu/STEVE_CODE/STEVE/data",
    "dataset": "NYCTaxi_TDS",
    "input_length": 35,
    "batch_size": 16,
    "test_batch_size": 16,
    "graph_file": "/data/OuXiaoyu/STEVE_CODE/STEVE/data/NYCTaxi_TDS/adj_mx.npz",
    "num_nodes": 200,
    "len_closeness": 8,
    "len_period": 27,
    "len_trend": 0,
    "d_input": 2,
    "d_output": 2,
    "d_model": 64,
    "dropout": 0.1,
    "percent": 0.1,
    "shm_temp": 0.5,
    "nmb_prototype": 4,
    "yita": 0.5,
    "layers": 3,
    "K": 64,
    "bank_gamma": 0.2,
    "kw": 1,
    "mi_w": 2,
    "epochs": 100,
    "lr_init": 0.001,
    "early_stop": true,
    "early_stop_patience": 30,
    "grad_norm": true,
    "max_grad_norm": 5,
    "use_dwa": true,
    "temp": 2,
    "MMI": false,
    "lr_patience": 20,
    "lr_mode": "only",
    "use_RevIN": true,
    "ablation": "bu_inv_loss_only",
    "config_filename": "/data/OuXiaoyu/STEVE_CODE/STEVE/configs/NYCTaxi.yaml",
    "model": "steve",
    "early_stop_test_avg_mae_epoch": 40,
    "early_stop_test_avg_mae_threshold": 12.0,
    "train_work_per_holiday": 2.5,
    "exp_name": "fpem_agcrn_aligned_pretrained_inv_module_build_bu_inv_loss_only_seed2025",
    "run_name": "fpem_agcrn_aligned_pretrained_inv_module_build_bu_inv_loss_only_seed2025",
    "result_root": "/data/OuXiaoyu/STEVE_CODE/STEVE/experiments/NYCTaxi_TDS",
    "resume": true,
    "resume_reset_patience": true,
    "max_train_batches": null,
    "max_eval_batches": null,
    "agcrn_lr": 0.003,
    "agcrn_embed_dim": 10,
    "agcrn_rnn_units": 64,
    "agcrn_num_layers": 2,
    "agcrn_cheb_k": 2,
    "fpem_use_pretrained_inv_agcrn": true,
    "fpem_pretrained_inv_agcrn_path": "/data/OuXiaoyu/STEVE_CODE/STEVE/experiments/NYCTaxi_TDS/pure_agcrn_seed2024/best_val_model.pth",
    "fpem_backbone": "agcrn",
    "fpem_use_env_mask": false,
    "fpem_confounder_use_mask": false,
    "fpem_env_mask_hidden_dim": 64,
    "fpem_env_mask_temperature": 1.0,
    "fpem_env_mask_warmup_epochs": 5,
    "fpem_lambda_mask_sparse": 0.0005,
    "fpem_lambda_mask_entropy": 0.0005,
    "fpem_use_env_route": false,
    "fpem_use_env_fusion": false,
    "fpem_env_route_k": 1,
    "fpem_env_route_head_mode": "concat_input",
    "fpem_env_route_mode": "confidence_mix",
    "fpem_env_route_use_inv_fallback_expert": false,
    "fpem_env_route_tau": 1.0,
    "fpem_env_route_oracle_tau": 0.3,
    "fpem_env_route_train_mode": "soft_oracle",
    "fpem_env_route_hidden_dim": 64,
    "fpem_env_route_warmup_epochs": 5,
    "fpem_env_route_lambda_final": 1.0,
    "fpem_env_route_lambda_global": 0.0,
    "fpem_env_route_lambda_route_soft": 0.5,
    "fpem_env_route_lambda_expert": 0.2,
    "fpem_env_route_lambda_router_oracle": 1.0,
    "fpem_env_route_lambda_balance": 0.0,
    "fpem_env_route_lambda_diverse": 0.0,
    "fpem_env_route_lambda_entropy": 0.0,
    "fpem_lambda_inv_pred": 0.2,
    "fpem_hyper_alpha_mode": "sample_gate",
    "fpem_lambda_hyper_delta_norm": 0.0001,
    "fpem_use_confounder_extractor": false,
    "fpem_use_club_mi": false,
    "fpem_lambda_club_mi": 0.0,
    "fpem_use_future_mi": false,
    "fpem_lambda_future_mi": 0.0,
    "fpem_future_mi_target_mode": "env_encoder",
    "fpem_future_mi_warmup_epochs": 5,
    "fpem_future_mi_hidden_dim": 64,
    "fpem_future_mi_detach_target": true,
    "fpem_use_swap": false,
    "fpem_lambda_swap": 0.0,
    "fpem_swap_warmup_epochs": 30,
    "fpem_swap_margin": 0.01,
    "fpem_swap_gain_eta": 0.0,
    "fpem_swap_gain_tau": 0.05,
    "fpem_lambda_swap_diff": 1.0,
    "fpem_lambda_swap_same": 0.05,
    "fpem_swap_only_diff_route": true,
    "fpem_swap_detach_inv": true,
    "fpem_swap_detach_env": false,
    "fpem_use_swap_fallback_router_loss": false,
    "fpem_lambda_swap_fallback_router": 0.0,
    "fpem_swap_fallback_warmup_epochs": 30,
    "fpem_use_grad_consensus": false,
    "fpem_gc_pred_loss_only": true,
    "fpem_gc_inv_rho": 0.3,
    "fpem_gc_env_rho": 0.3,
    "fpem_gc_tau": 0.5,
    "fpem_gc_temp": 0.1,
    "fpem_gc_min_keep": 0.2,
    "fpem_gc_warmup_epochs": 10,
    "fpem_gc_route_min_samples": 2,
    "fpem_use_gradcompat_aux": false,
    "fpem_lambda_gradcompat_aux": 0.0,