[StableST] loaded pretrained invariant AGCRN encoder and prediction head from /data/OuXiaoyu/STEVE_CODE/STEVE/experiments/NYCTaxi_TDS/pure_agcrn_seed2024/best_val_model.pth; missing=[] unexpected=[]
/data/OuXiaoyu/miniconda3/envs/basicts/lib/python3.11/site-packages/torch/optim/lr_scheduler.py:62: UserWarning: The verbose parameter is deprecated. Please use get_last_lr() to access the learning rate.
  warnings.warn(
{
  "args": {
    "seed": 2024,
    "device": "cuda:0",
    "mode": "train",
    "best_path": "/home/zhangwt/remote/StableST/experiments/NYCTaxi/20240510-014845/best_model.pth",
    "debug": false,
    "data_dir": "/data/OuXiaoyu/STEVE_CODE/STEVE/data",
    "dataset": "NYCTaxi_TDS",
    "input_length": 35,
    "batch_size": 16,
    "test_batch_size": 16,
    "graph_file": "/data/OuXiaoyu/STEVE_CODE/STEVE/data/NYCTaxi_TDS/adj_mx.npz",
    "num_nodes": 200,
    "len_closeness": 8,
    "len_period": 27,
    "len_trend": 0,
    "d_input": 2,
    "d_output": 2,
    "d_model": 64,
    "dropout": 0.1,
    "percent": 0.1,
    "shm_temp": 0.5,
    "nmb_prototype": 4,
    "yita": 0.5,
    "layers": 3,
    "K": 64,
    "bank_gamma": 0.2,
    "kw": 1,
    "mi_w": 2,
    "epochs": 100,
    "lr_init": 0.001,
    "early_stop": true,
    "early_stop_patience": 30,
    "grad_norm": true,
    "max_grad_norm": 5,
    "use_dwa": true,
    "temp": 2,
    "MMI": false,
    "lr_patience": 20,
    "lr_mode": "only",
    "use_RevIN": true,
    "confounder_dep_mode": "gci",
    "confounder_extractor": "token_attention",
    "confounder_dim": 8,
    "confounder_num_heads": 4,
    "confounder_attention_dropout": 0.0,
    "confounder_graph_embed_dim": 16,
    "confounder_variational": true,
    "confounder_kl_weight": 0.0001,
    "confounder_dep_warmup_epochs": 5,
    "confounder_dep_ramp_epochs": 10,
    "confounder_projection_ridge": 0.001,
    "confounder_dep_detach_target": true,
    "gci_weight": 0.001,
    "gci_graph_align_weight": 0.1,
    "gci_graph_hops": 1,
    "gci_symmetrize_adj": true,
    "gci_add_self_loops": true,
    "scd_weight": 0.0,
    "dep_eps": 1e-06,
    "confounder_injection": "none",
    "ablation": "conf_gci",
    "config_filename": "/data/OuXiaoyu/STEVE_CODE/STEVE/configs/NYCTaxi.yaml",
    "model": "steve",
    "data_seed": 2024,
    "early_stop_test_avg_mae_epoch": 0,
    "early_stop_test_avg_mae_threshold": 12.0,
    "train_work_per_holiday": 2.5,
    "exp_name": "fpem_agcrn_aligned_confounder_dep_norm_align_obs_k1_counterfactual_risk_router_0812_conf_gci_seed2024",
    "run_name": "fpem_agcrn_aligned_confounder_dep_norm_align_obs_k1_counterfactual_risk_router_0812_conf_gci_seed2024",
    "result_root": "/data/OuXiaoyu/STEVE_CODE/STEVE/experiments/NYCTaxi_TDS",
    "resume": false,
    "resume_reset_patience": true,
    "best_selection_split": "val",
    "max_train_batches": null,
    "max_eval_batches": null,
    "fpem_backbone": "agcrn",
    "agcrn_lr": 0.003,
    "agcrn_embed_dim": 10,
    "agcrn_rnn_units": 64,
    "agcrn_num_layers": 2,
    "agcrn_cheb_k": 2,
    "graphwavenet_layers": 4,
    "graphwavenet_kernel_size": 2,
    "graphwavenet_dropout": 0.1,
    "staeformer_layers": 2,
    "staeformer_heads": 4,
    "staeformer_dropout": 0.1,
    "staeformer_mlp_ratio": 2.0,
    "staeformer_input_length_max": 512,
    "fpem_use_pretrained_inv_agcrn": true,
    "fpem_pretrained_inv_agcrn_path": "/data/OuXiaoyu/STEVE_CODE/STEVE/experiments/NYCTaxi_TDS/pure_agcrn_seed2024/best_val_model.pth",
    "fpem_use_env_supervision": false,
    "fpem_lambda_env_day_cls": 0.0,
    "fpem_lambda_env_hour_cls": 0.0,
    "fpem_lambda_env_rush_cls": 0.0,
    "fpem_env_use_exogenous": true,
    "fpem_env_exogenous_hour_dim": 8,
    "fpem_env_exogenous_day_dim": 4,
    "fpem_env_exogenous_rush_dim": 4,
    "fpem_env_exogenous_load_dim": 8,
    "fpem_env_exogenous_load_num_embeddings": 6,
    "fpem_env_exogenous_scale": 0.1,
    "fpem_ignore_future_c": true,
    "fpem_use_load_level_experts": true,
    "fpem_load_level_k": 1,
    "fpem_load_level_mode": "train_quantile",
    "fpem_randomize_train_load_level": false,
    "fpem_random_load_level_seed": 20260727,
    "fpem_use_environment_gate": false,
    "fpem_environment_gate_hidden_dim": 64,
    "fpem_environment_gate_warmup_epochs": 5,
    "fpem_environment_gate_margin_relative": 0.01,
    "fpem_environment_gate_temperature": 0.05,
    "fpem_lambda_environment_gate": 1.0,
    "fpem_lambda_load_expert": 0.2,
    "fpem_conservative_inv_override": false,
    "fpem_override_margin": 0.0,
    "fpem_override_threshold": 0.5,
    "fpem_override_threshold_grid": "0.50,0.55,0.60,0.65,0.70,0.75,0.80,0.85,0.90,0.95",
    "fpem_override_margin_grid": "",
    "fpem_override_threshold_selection_split": "val",
    "fpem_override_weight_min": 0.0,
    "fpem_override_weight_max": 20.0,
    "fpem_harmful_switch_weight": 2.0,
    "fpem_override_router_loss_weight": 1.0,
    "fpem_counterfactual_risk_router": true,
    "fpem_counterfactual_risk_stage2_start_epoch": 20,
    "fpem_counterfactual_risk_regression_weight": 1.0,
    "fpem_counterfactual_risk_ranking_weight": 0.5,
    "fpem_counterfactual_risk_router_loss_weight": 1.0,
    "fpem_counterfactual_risk_weight_min": 0.0,
    "fpem_counterfactual_risk_weight_max": 20.0,
    "fpem_counterfactual_risk_ranking_temperature": 1.0,
    "fpem_use_env_supcon": false,
    "fpem_lambda_env_supcon": 0.0,
    "fpem_env_supcon_temperature": 0.1,
    "fpem_use_inv_projector": false,
    "fpem_use_inv_env_adversarial": false,
    "fpem_lambda_inv_env_adv": 0.0,
    "fpem_grl_alpha": 1.0,
    "fpem_env_route_head_mode": "hyper_inv_film_proto_input_add",
    "fpem_use_env_prototype_router": false,
    "fpem_env_route_target_mode": "prediction_oracle",
    "fpem_env_route_train_mode": "soft_oracle",
    "fpem_env_route_inference_mode": "mlp",
    "fpem_env_prototype_temperature": 1.0,
    "fpem_env_route_hybrid_alpha": 1.0,
    "fpem_env_route_hybrid_alpha_start": 1.0,
    "fpem_env_route_hybrid_alpha_end": 0.5,
    "fpem_env_route_hybrid_alpha_decay_epochs": 30,
    "fpem_use_sinkhorn_route": false,
    "fpem_force_uniform_route": false,
    "fpem_env_rep_ablation": "normal",
    "fpem_env_route_sinkhorn_tau": 1.0,
    "fpem_env_route_sinkhorn_iters": 5,
    "fpem_env_sinkhorn_prediction_alpha_start": 0.2,
    "fpem_env_sinkhorn_prediction_alpha_final": 1.0,
    "fpem_env_sinkhorn_environment_beta_start": 1.0,
    "fpem_env_sinkhorn_environment_beta_final": 0.2,
    "fpem_env_sinkhorn_schedule_start_epoch": 5,
    "fpem_env_sinkhorn_schedule_end_epoch": 15,
    "fpem_env_sinkhorn_temporal_lambda": 0.05,
    "fpem_env_sinkhorn_gaussian_ema": 0.05,
    "fpem_env_sinkhorn_gaussian_min_var": 0.0001,
    "fpem_sinkhorn_warmup_epochs": 10,
    "fpem_sinkhorn_soft_end_epoch": 20,
    "fpem_sinkhorn_temperature_start": 1.0,
    "fpem_sinkhorn_temperature_final": 0.3,
    "fpem_sinkhorn_lambda_common": 0.1,
    "fpem_risk_router_temperature": 1.0,
    "fpem_risk_router_lambda": 0.5,
    "fpem_risk_router_pairwise_lambda": 0.0,
    "fpem_env_teacher_ema_momentum": 0.995,
    "fpem_env_partition_start_epoch": 5,
    "fpem_env_partition_update_interval": 5,
    "fpem_env_partition_freeze_last_epochs": 15,
    "fpem_env_partition_max_batches": -1,
    "fpem_env_max_clusters": 6,
    "fpem_env_min_cluster_ratio": 0.08,
    "fpem_env_gmm_n_init": 10,
    "fpem_env_gmm_variance_floor": 0.0001,
    "fpem_env_progressive_lambda_common": 0.2,
    "fpem_env_cluster_compactness_lambda": 0.01,
    "fpem_env_cluster_consistency_lambda": 0.05,
    "fpem_env_split_perturb_std": 1e-05,
    "fpem_sinkhorn_iters": 3,
    "fpem_sinkhorn_epsilon": 0.05,
    "fpem_expert_uniform_warmup_epochs": 0,
    "fpem_env_route_balance_warmup_epochs": 0,
    "fpem_env_route_initial_temperature": 1.0,
    "fpem_env_route_final_temperature": 0.3,
    "fpem_use_cross_cov_sep": false,
    "fpem_lambda_cross_cov_sep": 0.0,
    "gci_edge_preserve_beta": 0.1,
    "gci_ridge": null,
    "scd_ridge": null,
    "gci_detach_target": null,
    "scd_detach_target": null,
    "scd_alignment_weight": null,
    "save_test_selected_checkpoints": false,
    "fpem_use_confounder_extractor": false,
    "fpem_use_env_mask": false,
    "fpem_confounder_use_mask": false,
    "fpem_lambda_mask_sparse": 0.0,
    "fpem_lambda_mask_entropy": 0.0,
    "fpem_lambda_inv_pred": 0.2,
    "fpem_use_env_route": true,
    "fpem_env_route_k": 1,
    "fpem_use_observable_load_prior": true,
    "fpem_observable_load_prior_cache": "/data/OuXiaoyu/STEVE_CODE/STEVE/data/NYCTaxi/observable_load_prior_k3_v1.npz",
    "fpem_observable_load_random_seed": 314159,
    "fpem_use_random_balanced_assignment": false,
    "fpem_hyper_alpha_mode": "fixed_one",
    "fpem_use_hard_environment_router": false,
    "fpem_hard_router_hidden_dim": 64,
    "fpem_hard_router_warmup_epochs": 0,
    "fpem_lambda_hard_router": 0.0,
    "fpem_env_route_use_inv_fallback_expert": false,
    "fpem_env_route_lambda_balance": 0.0,
    "fpem_env_route_lambda_diverse": 0.0,
    "fpem_env_route_lambda_proto_align": 0.0,
    "fpem_env_route_lambda_entropy": 0.0,
    "fpem_env_route_lambda_route_soft": 0.0,
    "fpem_use_future_mi": false,
    "fpem_lambda_future_mi": 0.0,
    "fpem_use_swap": false,
    "fpem_lambda_swap": 0.0,
    "fpem_use_club_mi": false,
    "fpem_lambda_club_mi": 0.0,
    "fpem_use_env_fusion": false,
    "fpem_use_grad_consensus": false,
    "fpem_gc_pred_loss_only": true,
    "git_commit": "1b38ed8",
    "log_dir": "/data/OuXiaoyu/STEVE_CODE/STEVE/experiments/NYCTaxi_TDS/fpem_agcrn_aligned_confounder_dep_norm_align_obs_k1_counterfactual_risk_router_0812_conf_gci_seed2024",
    "fpem_observable_load_prior_summary": {
      "path": "/data/OuXiaoyu/STEVE_CODE/STEVE/data/NYCTaxi/observable_load_prior_k3_v1.npz",
      "cache_version": 1,
      "created": false,
      "CP_shape": [
        200,
        2
      ],
      "CP_zero_count": 0,
      "thresholds": [
        0.165,
        0.20350000000000001
      ],
      "random_assignment_seed": 314159,
      "metadata": {
        "cache_version": 1,
        "formula": "c_obs=clip(ceil(5*x[:,-1]/CP),0,5); CP=max(train_x,axis=(0,1)); CP==0 -> c_obs=0",
        "load_score": "mean(c_obs/5 over nodes and channels)",
        "quantiles": [
          0.3333333333333333,
          0.6666666666666666
        ],
        "random_assignment_seed": 314159,
        "source_x_shapes": {
          "test": [
            546,
            35,
            200,
            2
          ],
          "train": [
            1912,
            35,
            200,
            2
          ],
          "val": [
            274,
            35,
            200,
            2
          ]
        },
        "threshold_fit_split": "train",
        "uses_stored_c": false,
        "uses_target_y": false
      },
      "splits": {
        "train": {
          "samples": 1912,
          "c_obs_shape": [
            1912,
            200,
            2
          ],
          "score_min": 0.005,
          "score_max": 0.32,
          "expert_counts": [
            639,
            636,
            637
          ],
          "random_expert_counts": [
            639,
            636,
            637
          ]
        },
        "val": {
          "samples": 274,
          "c_obs_shape": [
            274,
            200,
            2
          ],
          "score_min": 0.0925,
          "score_max": 0.311,
          "expert_counts": [
            73,
            81,
            120
          ],
          "random_expert_counts": [
            73,
            81,
            120
          ]
        },
        "test": {
          "samples": 546,
          "c_obs_shape": [
            546,
            200,
            2
          ],
          "score_min": 0.08850000000000001,
          "score_max": 0.331,
          "expert_counts": [
            125,
            183,
            238
          ],
          "random_expert_counts": [
            125,
            183,
            238
          ]
        }
      }
    },
    "fpem_load_level_thresholds": [],
    "fpem_load_level_train_counts": [
      1912
    ],
    "fpem_load_level_source": "cached c_obs=clip(ceil(5*x[:, -1]/train-only CP),0,5)",
    "fpem_load_level_threshold_fit_split": "raw train",
    "fpem_load_level_uses_target_or_future_load": false,
    "fpem_input_scaler_mean": 38.48429196519959,
    "fpem_input_scaler_std": 103.72333844876623
  },
  "counts": {
    "train_total": 1680,
    "train_workday": 1200,
    "train_holiday": 480,
    "train_workday_holiday_ratio": 2.5,
    "val_total": 274,
    "val_workday": 178,
    "val_holiday": 96,
    "test_total": 546,
    "test_workday": 354,
    "test_holiday": 192,
    "train_shuffle": true,
    "train_chronological_for_env_sinkhorn_temporal": false,
    "traffic_load_c_audit": {
      "ignored": true,
      "loaded_into_training_or_inference": false,
      "reason": "stored c is derived from future y[:,0]"
    },
    "observable_load_prior": {
      "path": "/data/OuXiaoyu/STEVE_CODE/STEVE/data/NYCTaxi/observable_load_prior_k3_v1.npz",
      "cache_version": 1,
      "created": false,
      "CP_shape": [
        200,
        2
      ],
      "CP_zero_count": 0,
      "thresholds": [
        0.165,
        0.20350000000000001
      ],
      "random_assignment_seed": 314159,
      "metadata": {
        "cache_version": 1,
        "formula": "c_obs=clip(ceil(5*x[:,-1]/CP),0,5); CP=max(train_x,axis=(0,1)); CP==0 -> c_obs=0",
        "load_score": "mean(c_obs/5 over nodes and channels)",
        "quantiles": [
          0.3333333333333333,
          0.6666666666666666
        ],
        "random_assignment_seed": 314159,
        "source_x_shapes": {
          "test": [
            546,
            35,
            200,
            2
          ],
          "train": [
            1912,
            35,
            200,
            2
          ],
          "val": [
            274,
            35,
            200,
            2
          ]
        },
        "threshold_fit_split": "train",
        "uses_stored_c": false,
        "uses_target_y": false
      },
      "splits": {
        "train": {
          "samples": 1912,
          "c_obs_shape": [
            1912,
            200,
            2
          ],
          "score_min": 0.005,
          "score_max": 0.32,
          "expert_counts": [
            639,
            636,
            637
          ],
          "random_expert_counts": [
            639,
            636,
            637
          ]
        },
        "val": {
          "samples": 274,
          "c_obs_shape": [
            274,
            200,
            2
          ],
          "score_min": 0.0925,
          "score_max": 0.311,
          "expert_counts": [
            73,
            81,
            120
          ],
          "random_expert_counts": [
            73,
            81,
            120
          ]
        },
        "test": {
          "samples": 546,
          "c_obs_shape": [
            546,
            200,
            2
          ],
          "score_min": 0.08850000000000001,
          "score_max": 0.331,
          "expert_counts": [
            125,
            183,
            238
          ],
          "random_expert_counts": [
            125,
            183,
            238
          ]
        }
      }
    },
    "load_level_source": "cached c_obs=clip(ceil(5*x[:, -1]/train-only CP),0,5)",
    "load_level_threshold_fit_split": "raw train",
    "load_level_thresholds": [],
    "load_level_train_counts": [
      1912
    ],
    "load_level_uses_target_or_future_load": false
  },
  "trainable_params": 902110,
  "frozen_params": 1625073,
  "optimizer_params": 902110,
  "resume_start_epoch": 1,
  "top_level_prediction_source": "counterfactual_risk_router_hard_argmin_test_diagnostic_best",
  "frozen_invariant_parameters": [
    "encoder_inv.node_embeddings",
    "encoder_inv.cells.0.gate.weights_pool",
    "encoder_inv.cells.0.gate.bias_pool",
    "encoder_inv.cells.0.update.weights_pool",
    "encoder_inv.cells.0.update.bias_pool",
    "encoder_inv.cells.1.gate.weights_pool",
    "encoder_inv.cells.1.gate.bias_pool",
    "encoder_inv.cells.1.update.weights_pool",
    "encoder_inv.cells.1.update.bias_pool",
    "tcl4h.weight",
    "tcl4h.bias",
    "invariant_predict_conv_2.weight",
    "invariant_predict_conv_2.bias"
  ],
  "trainable_invariant_parameters": [],
  "invariant_candidate_val": {
    "mae": 11.673948287963867,
    "mape": 0.18977294862270355
  }
}
EPOCH {"epoch": 1, "train_loss": 17.83578281402588, "val": {"loss": 12.063417805565727, "mae": 11.849502563476562, "mape": 0.19513370096683502}, "test_mixed": {"loss": NaN, "mae": NaN, "mape": NaN}, "test_workday": {"loss": NaN, "mae": NaN, "mape": NaN}, "test_holiday": {"loss": NaN, "mae": NaN, "mape": NaN}, "test_avg_mae": NaN, "best_selection_value": 12.063417805565727, "best_selection_split": "val", "best_selection_metric": "val_loss", "lr": 0.001, "fpem_logs": {"fpem/fpem_env_use_exogenous": 1.0, "fpem/env_exogenous_available": 1.0, "fpem/env_exogenous_time_available": 1.0, "fpem/env_exogenous_load_available": 1.0, "fpem/env_exogenous_feature_dim": 32.0, "fpem/env_exogenous_embedding_norm": 2.546766519546509, "fpem/env_exogenous_load_embedding_norm": 1.7718480246407644, "fpem/env_rep_ablation_normal": 1.0, "fpem/env_rep_ablation_zero": 0.0, "fpem/env_rep_ablation_shuffle_batch": 0.0, "fpem/env_rep_ablation_mode_id": 0.0, "fpem/mask_loss": 0.0, "fpem/mask_sparse_loss": 0.0, "fpem/mask_entropy_loss": 0.0, "fpem/mask_mean": 1.0, "fpem/mask_entropy": 0.0, "fpem/mask_active_ratio": 1.0, "fpem/fusion_alpha_mean": 0.0, "fpem/fusion_alpha_std": 0.0, "fpem/fusion_alpha_min": 0.0, "fpem/fusion_alpha_max": 0.0, "fpem/env_route_loss": 2.991118836402893, "fpem/env_route_L_final": 14.744665908813477, "fpem/env_route_L_global": 0.0, "fpem/env_route_L_route_soft": 0.0, "fpem/env_route_L_expert": 14.955594017392112, "fpem/env_route_L_router_oracle": 0.0, "fpem/env_route_L_balance": 0.0, "fpem/env_route_L_diverse": 0.0, "fpem/env_route_L_proto_align": 0.0, "fpem/env_route_entropy": 0.0, "fpem/env_route_q_max_mean": 0.0, "fpem/hyper_alpha_mean": 0.0, "fpem/hyper_delta_norm": 0.0, "fpem/hyper_route_proto_mode_uniform_warmup": 0.0, "fpem/hyper_route_proto_mode_uniform_fixed": 0.0, "fpem/hyper_route_proto_mode_sinkhorn": 0.0, "fpem/hyper_route_proto_mode_softmax": 0.0, "fpem/fallback_q_mean": 0.0, "fpem/fallback_q_max": 0.0, "fpem/env_q_sum_mean": 1.0, "fpem/oracle_fallback_rate": 0.0, "fpem/route_count_fallback": 0.0, "fpem/env_route_head_mode": 1.0, "fpem/route_entropy_mean": 0.0, "fpem/route_mean_distribution_entropy": 0.0, "fpem/effective_expert_number": 1.0, "fpem/max_expert_usage_ratio": 0.0, "fpem/min_expert_usage_ratio": 0.0, "fpem/prototype_pairwise_cosine": 0.0, "fpem/expert_prediction_pairwise_cosine": 0.0, "fpem/expert_collapse_warning": 0.0, "fpem/env_route_target_mode_env_prototype": 0.0, "fpem/env_route_target_mode_hybrid": 0.0, "fpem/env_route_hybrid_alpha": 0.0, "fpem/env_route_train_mode_warmup_risk_sinkhorn": 0.0, "fpem/warmup_risk_stage_warmup": 0.0, "fpem/warmup_risk_stage_soft": 0.0, "fpem/warmup_risk_stage_hard": 0.0, "fpem/warmup_risk_selected_loss": 0.0, "fpem/warmup_risk_uniform_common_loss": 0.0, "fpem/warmup_risk_lambda_common": 0.0, "fpem/warmup_risk_total_common_term": 0.0, "fpem/warmup_risk_temperature": 0.0, "fpem/warmup_risk_temperature_progress": 0.0, "fpem/uniform_expert_mae": 0.0, "fpem/risk_routed_mae": 0.0, "fpem/risk_prediction_mae": 0.0, "fpem/risk_loss": 0.0, "fpem/risk_ranking_loss": 0.0, "fpem/risk_ranking_accuracy": 0.0, "fpem/risk_oracle_argmin_accuracy": 0.0, "fpem/risk_router_temperature": 0.0, "fpem/risk_router_lambda": 0.0, "fpem/risk_router_pairwise_lambda": 0.0, "fpem/env_route_train_mode_progressive_gmm_environment": 0.0, "fpem/top_level_prediction_source_progressive_gmm_teacher_hard": 0.0, "fpem/progressive_assignment_uses_target_or_prediction_error": 0.0, "fpem/progressive_partition_ready": 0.0, "fpem/progressive_selected_k": 0.0, "fpem/progressive_active_expert_count": 0.0, "fpem/progressive_last_partition_epoch": 0.0, "fpem/progressive_lambda_common": 0.0, "fpem/progressive_common_term": 0.0, "fpem/progressive_compactness_loss": 0.0, "fpem/progressive_consistency_loss": 0.0, "fpem/progressive_cluster_entropy": 0.0, "fpem/progressive_assignment_change_ratio": 0.0, "fpem/progressive_hungarian_overlap_score": 0.0, "fpem/progressive_partition_update_time_sec": 0.0, "fpem/progressive_routed_mae": 0.0, "fpem/progressive_gmm_environment_total_replaces_primary": 0.0, "fpem/env_route_count_head_0": 16.0, "fpem/env_route_oracle_count_head_0": 16.0, "fpem/route_count_env_head_0": 16.0, "fpem/route_soft_mean_expert_0": 1.0, "fpem/route_hard_count_expert_0": 16.0, "fpem/hard_count_expert_0": 16.0, "fpem/sinkhorn_soft_col_mass_expert_0": 0.0, "fpem/progressive_active_expert_0": 0.0, "fpem/progressive_cluster_size_0": 0.0, "fpem/progressive_cluster_ratio_0": 0.0, "fpem/progressive_cluster_to_expert_0": 0.0, "fpem/progressive_bic_k1": 0.0, "fpem/progressive_bic_score_k1": 0.0, "fpem/progressive_bic_rejected_k1": 0.0, "fpem/hyper_alpha_head_0": 0.0, "fpem/hyper_gamma_norm_head_0": 0.0, "fpem/hyper_beta_norm_head_0": 0.0, "fpem/expert_cross_mae_group_0_expert_0": 14.955594017392112, "fpem/load_expert_loss": 14.955594017392112, "fpem/counterfactual_risk_router_loss": 0.0, "fpem/counterfactual_risk_regression_loss": 12.046926316760835, "fpem/counterfactual_risk_ranking_loss": 2.5062417393638974, "fpem/load_level_assignment_detached": 1.0, "fpem/load_level_count_0": 1680.0, "fpem/load_level_ratio_0": 1.0, "fpem/expert_0_global_loss": 14.955594017392112, "fpem/expert_0_selected_loss": 14.955594017392112, "fpem/counterfactual_risk_stage2_active": 0.0, "fpem/counterfactual_risk_stage2_start_epoch": 20.0, "fpem/counterfactual_risk_all_environment_mae": 14.955594017392112, "fpem/counterfactual_risk_all_invariant_mae": 9.662237498873756, "fpem/counterfactual_risk_routed_mae": 14.955594017392112, "fpem/counterfactual_risk_oracle_mae": 9.645469506581625, "fpem/counterfactual_risk_router_accuracy": 0.06904761904761905, "fpem/counterfactual_risk_router_balanced_accuracy": 0.2619047619047619, "fpem/counterfactual_risk_inv_route_ratio": 0.0, "fpem/counterfactual_risk_env_route_ratio": 1.0, "fpem/counterfactual_risk_inv_switch_precision": 0.0, "fpem/counterfactual_risk_correct_inv_switches": 0.0, "fpem/counterfactual_risk_harmful_inv_switches": 0.0, "fpem/counterfactual_risk_saved_loss": 0.0, "fpem/counterfactual_risk_added_loss": 0.0, "fpem/counterfactual_risk_net_gain": 0.0, "fpem/counterfactual_risk_regret": 5.310124492645263, "fpem/counterfactual_risk_oracle_gap_closed": 0.0, "fpem/counterfactual_risk_delta_mean": 5.293356497514815, "fpem/counterfactual_risk_target_inv_ratio": 0.930952380952381, "fpem/counterfactual_risk_weight_env_sum": 3.8095237913585844, "fpem/counterfactual_risk_weight_inv_sum": 11.809523695991153, "fpem/counterfactual_risk_prediction_is_hard_route": 1.0, "fpem/counterfactual_risk_prediction_is_soft_fusion": 0.0, "fpem/counterfactual_risk_target_detached": 1.0, "fpem/counterfactual_risk_uses_threshold": 0.0, "fpem/counterfactual_risk_all_samples_used_for_router": 1.0, "fpem/hard_router_predicted_env_ratio": 1.0, "fpem/hard_router_effective_env_ratio": 1.0, "fpem/hard_router_target_env_ratio": 0.06904761904761905, "fpem/hard_router_gain_mean": 5.293356497514815, "fpem/expert_prediction_pairwise_difference": 0.0, "fpem/delta_pairwise_cosine": 0.0, "fpem/delta_pairwise_l1": 0.0, "fpem/delta_pairwise_l2": 0.0, "fpem/expert_0_parameter_norm": 14.83893860408238, "fpem/hard_binary_router_enabled": 0.0, "fpem/hard_router_uses_target_in_forward": 0.0, "fpem/stored_future_c_loaded": 0.0, "fpem/prediction_is_weighted_complete_fusion": 0.0, "fpem/prediction_is_hard_route": 1.0, "fpem/conservative_inv_override_enabled": 0.0, "fpem/conservative_router_features_detached": 1.0, "fpem/counterfactual_risk_router_enabled": 1.0, "fpem/counterfactual_risk_stage2_active_forward": 0.0, "fpem/counterfactual_risk_deploy_route_active": 0.0, "fpem/counterfactual_risk_training_uses_route": 0.0, "fpem/counterfactual_risk_forward_uses_threshold": 0.0, "fpem/future_mi_loss": 0.0, "fpem/future_mi_valid": 0.0, "fpem/future_mi_logvar_mean": 0.0, "fpem/future_mi_target_mode_env_encoder": 0.0, "fpem/swap_loss": 0.0, "fpem/swap_diff_loss": 0.0, "fpem/swap_same_loss": 0.0, "fpem/swap_gain_mean": 0.0, "fpem/swap_s_gain_mean": 0.0, "fpem/swap_fallback_router_loss": 0.0, "fpem/swap_fallback_q_mean": 0.0, "fpem/swap_prediction_delta": 0.0, "fpem/swap_route_delta": 0.0, "fpem/swap_hyper_alpha_delta": 0.0, "fpem/swap_hyper_delta_norm": 0.0, "fpem/loss_env_day": 0.0, "fpem/loss_env_hour": 0.0, "fpem/loss_env_rush": 0.0, "fpem/env_day_acc": 0.0, "fpem/env_hour_acc": 0.0, "fpem/env_rush_acc": 0.0, "fpem/loss_env_supcon": 0.0, "fpem/env_supcon_valid_pairs": 0.0, "fpem/loss_inv_env_adv": 0.0, "fpem/inv_day_acc": 0.0, "fpem/inv_hour_acc": 0.0, "fpem/inv_rush_acc": 0.0, "fpem/loss_cross_cov_sep": 0.0, "fpem/confounder_dep_enabled": 1.0, "fpem/confounder_dep_mode_gci": 1.0, "fpem/confounder_dep_mode_scd": 0.0, "fpem/confounder_dep_mode_both": 0.0, "fpem/confounder_dep_total": 0.09999796620437078, "fpem/loss_gci": 3.3281387905909856e-08, "fpem/loss_gci_drop": 3.3281387905909856e-08, "fpem/loss_gci_keep": 3.3982046889224176e-16, "fpem/loss_gci_graph_align": 0.9999796413239979, "fpem/loss_scd": 0.0, "fpem/loss_conf_kl": 0.08571385968299139, "fpem/effective_gci_weight": 0.0, "fpem/effective_gci_graph_align_weight": 0.10000000149011612, "fpem/effective_scd_weight": 0.0, "fpem/effective_conf_kl_weight": 0.0, "fpem/confounder_dep_ramp_factor": 0.0, "fpem/C_mean": 0.04955385898550351, "fpem/C_std": 1.011108904793149, "fpem/C_norm": 2.791166230610439, "fpem/confounder_token_norm": 7.977112674713135, "fpem/confounder_variational": 1.0, "fpem/confounder_projection_trace": 7.998671736036028, "fpem/confounder_projection_ridge": 0.0010000000474974513, "fpem/confounder_projection_rank_dim": 8.0, "fpem/confounder_projection_calls": 1.0, "fpem/confounder_dep_detach_target": 1.0, "fpem/gci_nonedge_mass_before_C": 0.9593999981880188, "fpem/gci_nonedge_mass_after_C": 0.9593999981880188, "fpem/gci_nonedge_mass_reduction": 0.0, "fpem/gci_relative_violation": 3.3281387905909856e-08, "fpem/gci_edge_before_C": 0.005000000322858493, "fpem/gci_edge_after_C": 0.005000000101115023, "fpem/gci_nonedge_conn_before_C": 0.004999999888241291, "fpem/gci_nonedge_conn_after_C": 0.004999999888241291, "fpem/gci_nonedge_conn_reduction": 0.0, "fpem/gci_edge_conn_before_C": 0.005000000322858493, "fpem/gci_edge_conn_after_C": 0.005000000101115023, "fpem/gci_edge_conn_reduction": 2.217434701465425e-10, "fpem/gci_nonedge_dep_before_C": 0.004999999888241291, "fpem/gci_nonedge_dep_after_C": 0.004999999888241291, "fpem/gci_nonedge_dep_reduction": 0.0, "fpem/gci_edge_dep_before_C": 0.005000000322858493, "fpem/gci_edge_dep_after_C": 0.005000000101115023, "fpem/gci_nonedge_count": 38376.0, "fpem/gci_edge_count": 1424.0, "fpem/gci_node_count": 200.0, "fpem/gci_node_vector_dim": 2240.0, "fpem/gci_graph_embed_dim": 16.0, "fpem/gci_graph_embedding_norm_before": 0.04353576064819381, "fpem/gci_graph_embedding_norm_after": 0.04353196578366416, "fpem/gci_graph_embedding_std_before": 0.01085897461466846, "fpem/gci_graph_embedding_std_after": 0.010858001976850487, "fpem/gci_graph_adj_mean_before": 0.004999999888241291, "fpem/gci_graph_adj_mean_after": 0.004999999888241291, "fpem/gci_graph_adj_std_before": 1.7865854670805535e-08, "fpem/gci_graph_adj_std_after": 1.1674952705127628e-08, "fpem/gci_graph_align_weight": 0.10000000149011612, "fpem/gci_graph_align_raw_mse": 5.381746434739485e-08, "fpem/gci_graph_align_normalized": 0.9999796413239979, "fpem/gci_edge_preserve_beta": 0.10000000149011612, "fpem/gci_graph_align_target_available": 1.0, "fpem/gci_target_adj_mean": 0.004999999888241291, "fpem/gci_target_adj_std": 0.0002319861378055066, "fpem/gci_target_edge_mean": 0.00513450289145112, "fpem/gci_target_nonedge_mean": 0.0049905311316251755, "fpem/gci_target_diag_mean": 0.00585911376401782, "fpem/gci_graph_align_updates_agcrn": 0.0, "fpem/gci_updates_graph_linear": 0.0, "fpem/gci_graph_construction_agcrn_softmax": 1.0, "fpem/scd_assoc_before_C": 0.0, "fpem/scd_assoc_after_C": 0.0, "fpem/scd_assoc_reduction": 0.0, "fpem/scd_relative_violation": 0.0, "fpem/sample_assoc_before_C": 0.0, "fpem/sample_assoc_after_C": 0.0, "fpem/sample_assoc_reduction": 0.0, "fpem/sample_dep_before_C": 0.0, "fpem/sample_dep_after_C": 0.0, "fpem/sample_dep_reduction": 0.0, "fpem/scd_batch_size": 0.0, "fpem/scd_sample_vector_dim": 0.0, "fpem/sample_kernel_alignment": 0.0, "fpem/scd_alignment_loss": 0.0, "fpem/load_level_experts_enabled": 1.0, "fpem/load_level_uses_target_or_future_load": 0.0, "fpem/environment_gate_uses_target_in_forward": 0.0, "fpem/load_level_env_residual_scale": 0.0, "fpem/uses_cached_observable_load_prior": 1.0, "fpem/primary_loss": 14.744665908813477, "fpem/inv_pred_loss": 9.219269271123977, "fpem/primary_uses_route": 1.0, "fpem/primary_uses_env_fusion": 0.0, "fpem/backbone_agcrn": 1.0, "fpem/backbone_graphwavenet": 0.0, "fpem/backbone_staeformer": 0.0, "fpem/gc_pred_loss_only": 1.0, "fpem/env_route_head_mode_hyper_proto": 1.0, "fpem/fpem_force_uniform_route": 0.0, "fpem/hard_prediction_sinkhorn_total_replaces_primary": 0.0, "fpem/hard_prediction_environment_sinkhorn_total_replaces_primary": 0.0, "fpem/warmup_risk_sinkhorn_total_replaces_primary": 0.0, "fpem/lambda_club_mi": 0.0}}
EPOCH {"epoch": 2, "train_loss": 12.09064945039295, "val": {"loss": 11.915536297692192, "mae": 11.706664085388184, "mape": 0.19402070343494415}, "test_mixed": {"loss": NaN, "mae": NaN, "mape": NaN}, "test_workday": {"loss": NaN, "mae": NaN, "mape": NaN}, "test_holiday": {"loss": NaN, "mae": NaN, "mape": NaN}, "test_avg_mae": NaN, "best_selection_value": 11.915536297692192, "best_selection_split": "val", "best_selection_metric": "val_loss", "lr": 0.001, "fpem_logs": {"fpem/fpem_env_use_exogenous": 1.0, "fpem/env_exogenous_available": 1.0, "fpem/env_exogenous_time_available": 1.0, "fpem/env_exogenous_load_available": 1.0, "fpem/env_exogenous_feature_dim": 32.0, "fpem/env_exogenous_embedding_norm": 2.556244709378197, "fpem/env_exogenous_load_embedding_norm": 1.7880318232945034, "fpem/env_rep_ablation_normal": 1.0, "fpem/env_rep_ablation_zero": 0.0, "fpem/env_rep_ablation_shuffle_batch": 0.0, "fpem/env_rep_ablation_mode_id": 0.0, "fpem/mask_loss": 0.0, "fpem/mask_sparse_loss": 0.0, "fpem/mask_entropy_loss": 0.0, "fpem/mask_mean": 1.0, "fpem/mask_entropy": 0.0, "fpem/mask_active_ratio": 1.0, "fpem/fusion_alpha_mean": 0.0, "fpem/fusion_alpha_std": 0.0, "fpem/fusion_alpha_min": 0.0, "fpem/fusion_alpha_max": 0.0, "fpem/env_route_loss": 2.056955211503165, "fpem/env_route_L_final": 9.934189088003976, "fpem/env_route_L_global": 0.0, "fpem/env_route_L_route_soft": 0.0, "fpem/env_route_L_expert": 10.284775906517392, "fpem/env_route_L_router_oracle": 0.0, "fpem/env_route_L_balance": 0.0, "fpem/env_route_L_diverse": 0.0, "fpem/env_route_L_proto_align": 0.0, "fpem/env_route_entropy": 0.0, "fpem/env_route_q_max_mean": 0.0, "fpem/hyper_alpha_mean": 0.0, "fpem/hyper_delta_norm": 0.0, "fpem/hyper_route_proto_mode_uniform_warmup": 0.0, "fpem/hyper_route_proto_mode_uniform_fixed": 0.0, "fpem/hyper_route_proto_mode_sinkhorn": 0.0, "fpem/hyper_route_proto_mode_softmax": 0.0, "fpem/fallback_q_mean": 0.0, "fpem/fallback_q_max": 0.0, "fpem/env_q_sum_mean": 1.0, "fpem/oracle_fallback_rate": 0.0, "fpem/route_count_fallback": 0.0, "fpem/env_route_head_mode": 1.0, "fpem/route_entropy_mean": 0.0, "fpem/route_mean_distribution_entropy": 0.0, "fpem/effective_expert_number": 1.0, "fpem/max_expert_usage_ratio": 0.0, "fpem/min_expert_usage_ratio": 0.0, "fpem/prototype_pairwise_cosine": 0.0, "fpem/expert_prediction_pairwise_cosine": 0.0, "fpem/expert_collapse_warning": 0.0, "fpem/env_route_target_mode_env_prototype": 0.0, "fpem/env_route_target_mode_hybrid": 0.0, "fpem/env_route_hybrid_alpha": 0.0, "fpem/env_route_train_mode_warmup_risk_sinkhorn": 0.0, "fpem/warmup_risk_stage_warmup": 0.0, "fpem/warmup_risk_stage_soft": 0.0, "fpem/warmup_risk_stage_hard": 0.0, "fpem/warmup_risk_selected_loss": 0.0, "fpem/warmup_risk_uniform_common_loss": 0.0, "fpem/warmup_risk_lambda_common": 0.0, "fpem/warmup_risk_total_common_term": 0.0, "fpem/warmup_risk_temperature": 0.0, "fpem/warmup_risk_temperature_progress": 0.0, "fpem/uniform_expert_mae": 0.0, "fpem/risk_routed_mae": 0.0, "fpem/risk_prediction_mae": 0.0, "fpem/risk_loss": 0.0, "fpem/risk_ranking_loss": 0.0, "fpem/risk_ranking_accuracy": 0.0, "fpem/risk_oracle_argmin_accuracy": 0.0, "fpem/risk_router_temperature": 0.0, "fpem/risk_router_lambda": 0.0, "fpem/risk_router_pairwise_lambda": 0.0, "fpem/env_route_train_mode_progressive_gmm_environment": 0.0, "fpem/top_level_prediction_source_progressive_gmm_teacher_hard": 0.0, "fpem/progressive_assignment_uses_target_or_prediction_error": 0.0, "fpem/progressive_partition_ready": 0.0, "fpem/progressive_selected_k": 0.0, "fpem/progressive_active_expert_count": 0.0, "fpem/progressive_last_partition_epoch": 0.0, "fpem/progressive_lambda_common": 0.0, "fpem/progressive_common_term": 0.0, "fpem/progressive_compactness_loss": 0.0, "fpem/progressive_consistency_loss": 0.0, "fpem/progressive_cluster_entropy": 0.0, "fpem/progressive_assignment_change_ratio": 0.0, "fpem/progressive_hungarian_overlap_score": 0.0, "fpem/progressive_partition_update_time_sec": 0.0, "fpem/progressive_routed_mae": 0.0, "fpem/progressive_gmm_environment_total_replaces_primary": 0.0, "fpem/env_route_count_head_0": 16.0, "fpem/env_route_oracle_count_head_0": 16.0, "fpem/route_count_env_head_0": 16.0, "fpem/route_soft_mean_expert_0": 1.0, "fpem/route_hard_count_expert_0": 16.0, "fpem/hard_count_expert_0": 16.0, "fpem/sinkhorn_soft_col_mass_expert_0": 0.0, "fpem/progressive_active_expert_0": 0.0, "fpem/progressive_cluster_size_0": 0.0, "fpem/progressive_cluster_ratio_0": 0.0, "fpem/progressive_cluster_to_expert_0": 0.0, "fpem/progressive_bic_k1": 0.0, "fpem/progressive_bic_score_k1": 0.0, "fpem/progressive_bic_rejected_k1": 0.0, "fpem/hyper_alpha_head_0": 0.0, "fpem/hyper_gamma_norm_head_0": 0.0, "fpem/hyper_beta_norm_head_0": 0.0, "fpem/expert_cross_mae_group_0_expert_0": 10.284775906517392, "fpem/load_expert_loss": 10.284775906517392, "fpem/counterfactual_risk_router_loss": 0.0, "fpem/counterfactual_risk_regression_loss": 9.562912722996304, "fpem/counterfactual_risk_ranking_loss": 1.8772400572186425, "fpem/load_level_assignment_detached": 1.0, "fpem/load_level_count_0": 1680.0, "fpem/load_level_ratio_0": 1.0, "fpem/expert_0_global_loss": 10.284775906517392, "fpem/expert_0_selected_loss": 10.284775906517392, "fpem/counterfactual_risk_stage2_active": 0.0, "fpem/counterfactual_risk_stage2_start_epoch": 20.0, "fpem/counterfactual_risk_all_environment_mae": 10.284775906517392, "fpem/counterfactual_risk_all_invariant_mae": 9.662237548828125, "fpem/counterfactual_risk_routed_mae": 10.284775906517392, "fpem/counterfactual_risk_oracle_mae": 9.60485284896124, "fpem/counterfactual_risk_router_accuracy": 0.20476190476190476, "fpem/counterfactual_risk_router_balanced_accuracy": 0.43333333333333335, "fpem/counterfactual_risk_inv_route_ratio": 0.0, "fpem/counterfactual_risk_env_route_ratio": 1.0, "fpem/counterfactual_risk_inv_switch_precision": 0.0, "fpem/counterfactual_risk_correct_inv_switches": 0.0, "fpem/counterfactual_risk_harmful_inv_switches": 0.0, "fpem/counterfactual_risk_saved_loss": 0.0, "fpem/counterfactual_risk_added_loss": 0.0, "fpem/counterfactual_risk_net_gain": 0.0, "fpem/counterfactual_risk_regret": 0.6799230575561523, "fpem/counterfactual_risk_oracle_gap_closed": 0.0, "fpem/counterfactual_risk_delta_mean": 0.6225384558950152, "fpem/counterfactual_risk_target_inv_ratio": 0.7952380952380952, "fpem/counterfactual_risk_weight_env_sum": 6.780952303750174, "fpem/counterfactual_risk_weight_inv_sum": 9.066666603088379, "fpem/counterfactual_risk_prediction_is_hard_route": 1.0, "fpem/counterfactual_risk_prediction_is_soft_fusion": 0.0, "fpem/counterfactual_risk_target_detached": 1.0, "fpem/counterfactual_risk_uses_threshold": 0.0, "fpem/counterfactual_risk_all_samples_used_for_router": 1.0, "fpem/hard_router_predicted_env_ratio": 1.0, "fpem/hard_router_effective_env_ratio": 1.0, "fpem/hard_router_target_env_ratio": 0.20476190476190476, "fpem/hard_router_gain_mean": 0.6225384558950152, "fpem/expert_prediction_pairwise_difference": 0.0, "fpem/delta_pairwise_cosine": 0.0, "fpem/delta_pairwise_l1": 0.0, "fpem/delta_pairwise_l2": 0.0, "fpem/expert_0_parameter_norm": 14.831990559895834, "fpem/hard_binary_router_enabled": 0.0, "fpem/hard_router_uses_target_in_forward": 0.0, "fpem/stored_future_c_loaded": 0.0, "fpem/prediction_is_weighted_complete_fusion": 0.0, "fpem/prediction_is_hard_route": 1.0, "fpem/conservative_inv_override_enabled": 0.0, "fpem/conservative_router_features_detached": 1.0, "fpem/counterfactual_risk_router_enabled": 1.0, "fpem/counterfactual_risk_stage2_active_forward": 0.0, "fpem/counterfactual_risk_deploy_route_active": 0.0, "fpem/counterfactual_risk_training_uses_route": 0.0, "fpem/counterfactual_risk_forward_uses_threshold": 0.0, "fpem/future_mi_loss": 0.0, "fpem/future_mi_valid": 0.0, "fpem/future_mi_logvar_mean": 0.0, "fpem/future_mi_target_mode_env_encoder": 0.0, "fpem/swap_loss": 0.0, "fpem/swap_diff_loss": 0.0, "fpem/swap_same_loss": 0.0, "fpem/swap_gain_mean": 0.0, "fpem/swap_s_gain_mean": 0.0, "fpem/swap_fallback_router_loss": 0.0, "fpem/swap_fallback_q_mean": 0.0, "fpem/swap_prediction_delta": 0.0, "fpem/swap_route_delta": 0.0, "fpem/swap_hyper_alpha_delta": 0.0, "fpem/swap_hyper_delta_norm": 0.0, "fpem/loss_env_day": 0.0, "fpem/loss_env_hour": 0.0, "fpem/loss_env_rush": 0.0, "fpem/env_day_acc": 0.0, "fpem/env_hour_acc": 0.0, "fpem/env_rush_acc": 0.0, "fpem/loss_env_supcon": 0.0, "fpem/env_supcon_valid_pairs": 0.0, "fpem/loss_inv_env_adv": 0.0, "fpem/inv_day_acc": 0.0, "fpem/inv_hour_acc": 0.0, "fpem/inv_rush_acc": 0.0, "fpem/loss_cross_cov_sep": 0.0, "fpem/confounder_dep_enabled": 1.0, "fpem/confounder_dep_mode_gci": 1.0, "fpem/confounder_dep_mode_scd": 0.0, "fpem/confounder_dep_mode_both": 0.0, "fpem/confounder_dep_total": 0.099505134281658, "fpem/loss_gci": 1.1598195797647902e-05, "fpem/loss_gci_drop": 1.1598087411052964e-05, "fpem/loss_gci_keep": 1.0835393540651981e-09, "fpem/loss_gci_graph_align": 0.9950513272058397, "fpem/loss_scd": 0.0, "fpem/loss_conf_kl": 0.04789227712012473, "fpem/effective_gci_weight": 0.0, "fpem/effective_gci_graph_align_weight": 0.10000000149011612, "fpem/effective_scd_weight": 0.0, "fpem/effective_conf_kl_weight": 0.0, "fpem/confounder_dep_ramp_factor": 0.0, "fpem/C_mean": 0.0556173370086721, "fpem/C_std": 0.9918644002505711, "fpem/C_norm": 2.7356880346934003, "fpem/confounder_token_norm": 7.990697383880615, "fpem/confounder_variational": 1.0, "fpem/confounder_projection_trace": 7.998659796941848, "fpem/confounder_projection_ridge": 0.0010000000474974513, "fpem/confounder_projection_rank_dim": 8.0, "fpem/confounder_projection_calls": 1.0, "fpem/confounder_dep_detach_target": 1.0, "fpem/gci_nonedge_mass_before_C": 0.9593842512085324, "fpem/gci_nonedge_mass_after_C": 0.959393344606672, "fpem/gci_nonedge_mass_reduction": -9.09339813959031e-06, "fpem/gci_relative_violation": 1.1598087411052964e-05, "fpem/gci_edge_before_C": 0.005001156684011221, "fpem/gci_edge_after_C": 0.005000501480840501, "fpem/gci_nonedge_conn_before_C": 0.004999917993942896, "fpem/gci_nonedge_conn_after_C": 0.004999965331738903, "fpem/gci_nonedge_conn_reduction": -4.7337796006883894e-08, "fpem/gci_edge_conn_before_C": 0.005001156684011221, "fpem/gci_edge_conn_after_C": 0.005000501480840501, "fpem/gci_edge_conn_reduction": 6.552031707196008e-07, "fpem/gci_nonedge_dep_before_C": 0.004999917993942896, "fpem/gci_nonedge_dep_after_C": 0.004999965331738903, "fpem/gci_nonedge_dep_reduction": -4.7337796006883894e-08, "fpem/gci_edge_dep_before_C": 0.005001156684011221, "fpem/gci_edge_dep_after_C": 0.005000501480840501, "fpem/gci_nonedge_count": 38376.0, "fpem/gci_edge_count": 1424.0, "fpem/gci_node_count": 200.0, "fpem/gci_node_vector_dim": 2240.0, "fpem/gci_graph_embed_dim": 16.0, "fpem/gci_graph_embedding_norm_before": 0.027436341234438475, "fpem/gci_graph_embedding_norm_after": 0.023838901905609028, "fpem/gci_graph_embedding_std_before": 0.010091106003771225, "fpem/gci_graph_embedding_std_after": 0.008013276622763701, "fpem/gci_graph_adj_mean_before": 0.004999999883806422, "fpem/gci_graph_adj_mean_after": 0.004999999888241291, "fpem/gci_graph_adj_std_before": 8.777253811942388e-06, "fpem/gci_graph_adj_std_after": 3.78143332068891e-06, "fpem/gci_graph_align_weight": 0.10000000149011612, "fpem/gci_graph_align_raw_mse": 5.355222977446569e-08, "fpem/gci_graph_align_normalized": 0.9950513272058397, "fpem/gci_edge_preserve_beta": 0.10000000149011612, "fpem/gci_graph_align_target_available": 1.0, "fpem/gci_target_adj_mean": 0.004999999888241291, "fpem/gci_target_adj_std": 0.0002319861378055066, "fpem/gci_target_edge_mean": 0.00513450289145112, "fpem/gci_target_nonedge_mean": 0.0049905311316251755, "fpem/gci_target_diag_mean": 0.00585911376401782, "fpem/gci_graph_align_updates_agcrn": 0.0, "fpem/gci_updates_graph_linear": 0.0, "fpem/gci_graph_construction_agcrn_softmax": 1.0, "fpem/scd_assoc_before_C": 0.0, "fpem/scd_assoc_after_C": 0.0, "fpem/scd_assoc_reduction": 0.0, "fpem/scd_relative_violation": 0.0, "fpem/sample_assoc_before_C": 0.0, "fpem/sample_assoc_after_C": 0.0, "fpem/sample_assoc_reduction": 0.0, "fpem/sample_dep_before_C": 0.0, "fpem/sample_dep_after_C": 0.0, "fpem/sample_dep_reduction": 0.0, "fpem/scd_batch_size": 0.0, "fpem/scd_sample_vector_dim": 0.0, "fpem/sample_kernel_alignment": 0.0, "fpem/scd_alignment_loss": 0.0, "fpem/load_level_experts_enabled": 1.0, "fpem/load_level_uses_target_or_future_load": 0.0, "fpem/environment_gate_uses_target_in_forward": 0.0, "fpem/load_level_env_residual_scale": 0.0, "fpem/uses_cached_observable_load_prior": 1.0, "fpem/primary_loss": 9.934189088003976, "fpem/inv_pred_loss": 9.219124744051978, "fpem/primary_uses_route": 1.0, "fpem/primary_uses_env_fusion": 0.0, "fpem/backbone_agcrn": 1.0, "fpem/backbone_graphwavenet": 0.0, "fpem/backbone_staeformer": 0.0, "fpem/gc_pred_loss_only": 1.0, "fpem/env_route_head_mode_hyper_proto": 1.0, "fpem/fpem_force_uniform_route": 0.0, "fpem/hard_prediction_sinkhorn_total_replaces_primary": 0.0, "fpem/hard_prediction_environment_sinkhorn_total_replaces_primary": 0.0, "fpem/warmup_risk_sinkhorn_total_replaces_primary": 0.0, "fpem/lambda_club_mi": 0.0}}
EPOCH {"epoch": 3, "train_loss": 10.850712040492466, "val": {"loss": 11.86967929204305, "mae": 11.646437644958496, "mape": 0.19187800586223602}, "test_mixed": {"loss": NaN, "mae": NaN, "mape": NaN}, "test_workday": {"loss": NaN, "mae": NaN, "mape": NaN}, "test_holiday": {"loss": NaN, "mae": NaN, "mape": NaN}, "test_avg_mae": NaN, "best_selection_value": 11.86967929204305, "best_selection_split": "val", "best_selection_metric": "val_loss", "lr": 0.001, "fpem_logs": {"fpem/fpem_env_use_exogenous": 1.0, "fpem/env_exogenous_available": 1.0, "fpem/env_exogenous_time_available": 1.0, "fpem/env_exogenous_load_available": 1.0, "fpem/env_exogenous_feature_dim": 32.0, "fpem/env_exogenous_embedding_norm": 2.5833070414406913, "fpem/env_exogenous_load_embedding_norm": 1.8228470597948347, "fpem/env_rep_ablation_normal": 1.0, "fpem/env_rep_ablation_zero": 0.0, "fpem/env_rep_ablation_shuffle_batch": 0.0, "fpem/env_rep_ablation_mode_id": 0.0, "fpem/mask_loss": 0.0, "fpem/mask_sparse_loss": 0.0, "fpem/mask_entropy_loss": 0.0, "fpem/mask_mean": 1.0, "fpem/mask_entropy": 0.0, "fpem/mask_active_ratio": 1.0, "fpem/fusion_alpha_mean": 0.0, "fpem/fusion_alpha_std": 0.0, "fpem/fusion_alpha_min": 0.0, "fpem/fusion_alpha_max": 0.0, "fpem/env_route_loss": 1.9501516796293712, "fpem/env_route_L_final": 9.34257357461112, "fpem/env_route_L_global": 0.0, "fpem/env_route_L_route_soft": 0.0, "fpem/env_route_L_expert": 9.750758252825056, "fpem/env_route_L_router_oracle": 0.0, "fpem/env_route_L_balance": 0.0, "fpem/env_route_L_diverse": 0.0, "fpem/env_route_L_proto_align": 0.0, "fpem/env_route_entropy": 0.0, "fpem/env_route_q_max_mean": 0.0, "fpem/hyper_alpha_mean": 0.0, "fpem/hyper_delta_norm": 0.0, "fpem/hyper_route_proto_mode_uniform_warmup": 0.0, "fpem/hyper_route_proto_mode_uniform_fixed": 0.0, "fpem/hyper_route_proto_mode_sinkhorn": 0.0, "fpem/hyper_route_proto_mode_softmax": 0.0, "fpem/fallback_q_mean": 0.0, "fpem/fallback_q_max": 0.0, "fpem/env_q_sum_mean": 1.0, "fpem/oracle_fallback_rate": 0.0, "fpem/route_count_fallback": 0.0, "fpem/env_route_head_mode": 1.0, "fpem/route_entropy_mean": 0.0, "fpem/route_mean_distribution_entropy": 0.0, "fpem/effective_expert_number": 1.0, "fpem/max_expert_usage_ratio": 0.0, "fpem/min_expert_usage_ratio": 0.0, "fpem/prototype_pairwise_cosine": 0.0, "fpem/expert_prediction_pairwise_cosine": 0.0, "fpem/expert_collapse_warning": 0.0, "fpem/env_route_target_mode_env_prototype": 0.0, "fpem/env_route_target_mode_hybrid": 0.0, "fpem/env_route_hybrid_alpha": 0.0, "fpem/env_route_train_mode_warmup_risk_sinkhorn": 0.0, "fpem/warmup_risk_stage_warmup": 0.0, "fpem/warmup_risk_stage_soft": 0.0, "fpem/warmup_risk_stage_hard": 0.0, "fpem/warmup_risk_selected_loss": 0.0, "fpem/warmup_risk_uniform_common_loss": 0.0, "fpem/warmup_risk_lambda_common": 0.0, "fpem/warmup_risk_total_common_term": 0.0, "fpem/warmup_risk_temperature": 0.0, "fpem/warmup_risk_temperature_progress": 0.0, "fpem/uniform_expert_mae": 0.0, "fpem/risk_routed_mae": 0.0, "fpem/risk_prediction_mae": 0.0, "fpem/risk_loss": 0.0, "fpem/risk_ranking_loss": 0.0, "fpem/risk_ranking_accuracy": 0.0, "fpem/risk_oracle_argmin_accuracy": 0.0, "fpem/risk_router_temperature": 0.0, "fpem/risk_router_lambda": 0.0, "fpem/risk_router_pairwise_lambda": 0.0, "fpem/env_route_train_mode_progressive_gmm_environment": 0.0, "fpem/top_level_prediction_source_progressive_gmm_teacher_hard": 0.0, "fpem/progressive_assignment_uses_target_or_prediction_error": 0.0, "fpem/progressive_partition_ready": 0.0, "fpem/progressive_selected_k": 0.0, "fpem/progressive_active_expert_count": 0.0, "fpem/progressive_last_partition_epoch": 0.0, "fpem/progressive_lambda_common": 0.0, "fpem/progressive_common_term": 0.0, "fpem/progressive_compactness_loss": 0.0, "fpem/progressive_consistency_loss": 0.0, "fpem/progressive_cluster_entropy": 0.0, "fpem/progressive_assignment_change_ratio": 0.0, "fpem/progressive_hungarian_overlap_score": 0.0, "fpem/progressive_partition_update_time_sec": 0.0, "fpem/progressive_routed_mae": 0.0, "fpem/progressive_gmm_environment_total_replaces_primary": 0.0, "fpem/env_route_count_head_0": 16.0, "fpem/env_route_oracle_count_head_0": 16.0, "fpem/route_count_env_head_0": 16.0, "fpem/route_soft_mean_expert_0": 1.0, "fpem/route_hard_count_expert_0": 16.0, "fpem/hard_count_expert_0": 16.0, "fpem/sinkhorn_soft_col_mass_expert_0": 0.0, "fpem/progressive_active_expert_0": 0.0, "fpem/progressive_cluster_size_0": 0.0, "fpem/progressive_cluster_ratio_0": 0.0, "fpem/progressive_cluster_to_expert_0": 0.0, "fpem/progressive_bic_k1": 0.0, "fpem/progressive_bic_score_k1": 0.0, "fpem/progressive_bic_rejected_k1": 0.0, "fpem/hyper_alpha_head_0": 0.0, "fpem/hyper_gamma_norm_head_0": 0.0, "fpem/hyper_beta_norm_head_0": 0.0, "fpem/expert_cross_mae_group_0_expert_0": 9.750758252825056, "fpem/load_expert_loss": 9.750758252825056, "fpem/counterfactual_risk_router_loss": 0.0, "fpem/counterfactual_risk_regression_loss": 9.30058366230556, "fpem/counterfactual_risk_ranking_loss": 1.6455629961831229, "fpem/load_level_assignment_detached": 1.0, "fpem/load_level_count_0": 1680.0, "fpem/load_level_ratio_0": 1.0, "fpem/expert_0_global_loss": 9.750758252825056, "fpem/expert_0_selected_loss": 9.750758252825056, "fpem/counterfactual_risk_stage2_active": 0.0, "fpem/counterfactual_risk_stage2_start_epoch": 20.0, "fpem/counterfactual_risk_all_environment_mae": 9.750758252825056, "fpem/counterfactual_risk_all_invariant_mae": 9.662237480708532, "fpem/counterfactual_risk_routed_mae": 9.750758252825056, "fpem/counterfactual_risk_oracle_mae": 9.537710207984562, "fpem/counterfactual_risk_router_accuracy": 0.4351190476190476, "fpem/counterfactual_risk_router_balanced_accuracy": 0.49047619047619045, "fpem/counterfactual_risk_inv_route_ratio": 0.0, "fpem/counterfactual_risk_env_route_ratio": 1.0, "fpem/counterfactual_risk_inv_switch_precision": 0.0, "fpem/counterfactual_risk_correct_inv_switches": 0.0, "fpem/counterfactual_risk_harmful_inv_switches": 0.0, "fpem/counterfactual_risk_saved_loss": 0.0, "fpem/counterfactual_risk_added_loss": 0.0, "fpem/counterfactual_risk_net_gain": 0.0, "fpem/counterfactual_risk_regret": 0.2130480448404948, "fpem/counterfactual_risk_oracle_gap_closed": 0.0, "fpem/counterfactual_risk_delta_mean": 0.08852072528430394, "fpem/counterfactual_risk_target_inv_ratio": 0.5648809523809524, "fpem/counterfactual_risk_weight_env_sum": 7.847618938627697, "fpem/counterfactual_risk_weight_inv_sum": 8.152380875178746, "fpem/counterfactual_risk_prediction_is_hard_route": 1.0, "fpem/counterfactual_risk_prediction_is_soft_fusion": 0.0, "fpem/counterfactual_risk_target_detached": 1.0, "fpem/counterfactual_risk_uses_threshold": 0.0, "fpem/counterfactual_risk_all_samples_used_for_router": 1.0, "fpem/hard_router_predicted_env_ratio": 1.0, "fpem/hard_router_effective_env_ratio": 1.0, "fpem/hard_router_target_env_ratio": 0.4351190476190476, "fpem/hard_router_gain_mean": 0.08852072528430394, "fpem/expert_prediction_pairwise_difference": 0.0, "fpem/delta_pairwise_cosine": 0.0, "fpem/delta_pairwise_l1": 0.0, "fpem/delta_pairwise_l2": 0.0, "fpem/expert_0_parameter_norm": 14.838327026367187, "fpem/hard_binary_router_enabled": 0.0, "fpem/hard_router_uses_target_in_forward": 0.0, "fpem/stored_future_c_loaded": 0.0, "fpem/prediction_is_weighted_complete_fusion": 0.0, "fpem/prediction_is_hard_route": 1.0, "fpem/conservative_inv_override_enabled": 0.0, "fpem/conservative_router_features_detached": 1.0, "fpem/counterfactual_risk_router_enabled": 1.0, "fpem/counterfactual_risk_stage2_active_forward": 0.0, "fpem/counterfactual_risk_deploy_route_active": 0.0, "fpem/counterfactual_risk_training_uses_route": 0.0, "fpem/counterfactual_risk_forward_uses_threshold": 0.0, "fpem/future_mi_loss": 0.0, "fpem/future_mi_valid": 0.0, "fpem/future_mi_logvar_mean": 0.0, "fpem/future_mi_target_mode_env_encoder": 0.0, "fpem/swap_loss": 0.0, "fpem/swap_diff_loss": 0.0, "fpem/swap_same_loss": 0.0, "fpem/swap_gain_mean": 0.0, "fpem/swap_s_gain_mean": 0.0, "fpem/swap_fallback_router_loss": 0.0, "fpem/swap_fallback_q_mean": 0.0, "fpem/swap_prediction_delta": 0.0, "fpem/swap_route_delta": 0.0, "fpem/swap_hyper_alpha_delta": 0.0, "fpem/swap_hyper_delta_norm": 0.0, "fpem/loss_env_day": 0.0, "fpem/loss_env_hour": 0.0, "fpem/loss_env_rush": 0.0, "fpem/env_day_acc": 0.0, "fpem/env_hour_acc": 0.0, "fpem/env_rush_acc": 0.0, "fpem/loss_env_supcon": 0.0, "fpem/env_supcon_valid_pairs": 0.0, "fpem/loss_inv_env_adv": 0.0, "fpem/inv_day_acc": 0.0, "fpem/inv_hour_acc": 0.0, "fpem/inv_rush_acc": 0.0, "fpem/loss_cross_cov_sep": 0.0, "fpem/confounder_dep_enabled": 1.0, "fpem/confounder_dep_mode_gci": 1.0, "fpem/confounder_dep_mode_scd": 0.0, "fpem/confounder_dep_mode_both": 0.0, "fpem/confounder_dep_total": 0.09838010037229175, "fpem/loss_gci": 3.270964090396384e-05, "fpem/loss_gci_drop": 3.270939672629105e-05, "fpem/loss_gci_keep": 2.440505869616416e-09, "fpem/loss_gci_graph_align": 0.9838009885379246, "fpem/loss_scd": 0.0, "fpem/loss_conf_kl": 0.04626009840340842, "fpem/effective_gci_weight": 0.0, "fpem/effective_gci_graph_align_weight": 0.10000000149011612, "fpem/effective_scd_weight": 0.0, "fpem/effective_conf_kl_weight": 0.0, "fpem/confounder_dep_ramp_factor": 0.0, "fpem/C_mean": 0.049866194278001784, "fpem/C_std": 0.9891874046552749, "fpem/C_norm": 2.725893526985532, "fpem/confounder_token_norm": 7.991229361579531, "fpem/confounder_variational": 1.0, "fpem/confounder_projection_trace": 7.998583898090181, "fpem/confounder_projection_ridge": 0.0010000000474974513, "fpem/confounder_projection_rank_dim": 8.0, "fpem/confounder_projection_calls": 1.0, "fpem/confounder_dep_detach_target": 1.0, "fpem/gci_nonedge_mass_before_C": 0.9593537500926427, "fpem/gci_nonedge_mass_after_C": 0.9593785144033886, "fpem/gci_nonedge_mass_reduction": -2.4764310745965867e-05, "fpem/gci_relative_violation": 3.270939672629105e-05, "fpem/gci_edge_before_C": 0.005002946411037729, "fpem/gci_edge_after_C": 0.005001376564836218, "fpem/gci_nonedge_conn_before_C": 0.004999759026049148, "fpem/gci_nonedge_conn_after_C": 0.0049998880541395575, "fpem/gci_nonedge_conn_reduction": -1.2902809040887015e-07, "fpem/gci_edge_conn_before_C": 0.005002946411037729, "fpem/gci_edge_conn_after_C": 0.005001376564836218, "fpem/gci_edge_conn_reduction": 1.5698462015106564e-06, "fpem/gci_nonedge_dep_before_C": 0.004999759026049148, "fpem/gci_nonedge_dep_after_C": 0.0049998880541395575, "fpem/gci_nonedge_dep_reduction": -1.2902809040887015e-07, "fpem/gci_edge_dep_before_C": 0.005002946411037729, "fpem/gci_edge_dep_after_C": 0.005001376564836218, "fpem/gci_nonedge_count": 38376.0, "fpem/gci_edge_count": 1424.0, "fpem/gci_node_count": 200.0, "fpem/gci_node_vector_dim": 2240.0, "fpem/gci_graph_embed_dim": 16.0, "fpem/gci_graph_embedding_norm_before": 0.03817470176588921, "fpem/gci_graph_embedding_norm_after": 0.029046770185232162, "fpem/gci_graph_embedding_std_before": 0.017686876894107886, "fpem/gci_graph_embedding_std_after": 0.01261880842614032, "fpem/gci_graph_adj_mean_before": 0.004999999888241291, "fpem/gci_graph_adj_mean_after": 0.004999999888241291, "fpem/gci_graph_adj_std_before": 2.544311812796098e-05, "fpem/gci_graph_adj_std_after": 1.2942057035269542e-05, "fpem/gci_graph_align_weight": 0.10000000149011612, "fpem/gci_graph_align_raw_mse": 5.294675275990812e-08, "fpem/gci_graph_align_normalized": 0.9838009885379246, "fpem/gci_edge_preserve_beta": 0.10000000149011612, "fpem/gci_graph_align_target_available": 1.0, "fpem/gci_target_adj_mean": 0.004999999888241291, "fpem/gci_target_adj_std": 0.0002319861378055066, "fpem/gci_target_edge_mean": 0.00513450289145112, "fpem/gci_target_nonedge_mean": 0.0049905311316251755, "fpem/gci_target_diag_mean": 0.00585911376401782, "fpem/gci_graph_align_updates_agcrn": 0.0, "fpem/gci_updates_graph_linear": 0.0, "fpem/gci_graph_construction_agcrn_softmax": 1.0, "fpem/scd_assoc_before_C": 0.0, "fpem/scd_assoc_after_C": 0.0, "fpem/scd_assoc_reduction": 0.0, "fpem/scd_relative_violation": 0.0, "fpem/sample_assoc_before_C": 0.0, "fpem/sample_assoc_after_C": 0.0, "fpem/sample_assoc_reduction": 0.0, "fpem/sample_dep_before_C": 0.0, "fpem/sample_dep_after_C": 0.0, "fpem/sample_dep_reduction": 0.0, "fpem/scd_batch_size": 0.0, "fpem/scd_sample_vector_dim": 0.0, "fpem/sample_kernel_alignment": 0.0, "fpem/scd_alignment_loss": 0.0, "fpem/load_level_experts_enabled": 1.0, "fpem/load_level_uses_target_or_future_load": 0.0, "fpem/environment_gate_uses_target_in_forward": 0.0, "fpem/load_level_env_residual_scale": 0.0, "fpem/uses_cached_observable_load_prior": 1.0, "fpem/primary_loss": 9.34257357461112, "fpem/inv_pred_loss": 9.21562031337193, "fpem/primary_uses_route": 1.0, "fpem/primary_uses_env_fusion": 0.0, "fpem/backbone_agcrn": 1.0, "fpem/backbone_graphwavenet": 0.0, "fpem/backbone_staeformer": 0.0, "fpem/gc_pred_loss_only": 1.0, "fpem/env_route_head_mode_hyper_proto": 1.0, "fpem/fpem_force_uniform_route": 0.0, "fpem/hard_prediction_sinkhorn_total_replaces_primary": 0.0, "fpem/hard_prediction_environment_sinkhorn_total_replaces_primary": 0.0, "fpem/warmup_risk_sinkhorn_total_replaces_primary": 0.0, "fpem/lambda_club_mi": 0.0}}
EPOCH {"epoch": 4, "train_loss": 11.142206237429665, "val": {"loss": 11.899209684795803, "mae": 11.674263000488281, "mape": 0.1919739544391632}, "test_mixed": {"loss": NaN, "mae": NaN, "mape": NaN}, "test_workday": {"loss": NaN, "mae": NaN, "mape": NaN}, "test_holiday": {"loss": NaN, "mae": NaN, "mape": NaN}, "test_avg_mae": NaN, "best_selection_value": 11.899209684795803, "best_selection_split": "val", "best_selection_metric": "val_loss", "lr": 0.001, "fpem_logs": {"fpem/fpem_env_use_exogenous": 1.0, "fpem/env_exogenous_available": 1.0, "fpem/env_exogenous_time_available": 1.0, "fpem/env_exogenous_load_available": 1.0, "fpem/env_exogenous_feature_dim": 32.0, "fpem/env_exogenous_embedding_norm": 2.614934730529785, "fpem/env_exogenous_load_embedding_norm": 1.8602148146856399, "fpem/env_rep_ablation_normal": 1.0, "fpem/env_rep_ablation_zero": 0.0, "fpem/env_rep_ablation_shuffle_batch": 0.0, "fpem/env_rep_ablation_mode_id": 0.0, "fpem/mask_loss": 0.0, "fpem/mask_sparse_loss": 0.0, "fpem/mask_entropy_loss": 0.0, "fpem/mask_mean": 1.0, "fpem/mask_entropy": 0.0, "fpem/mask_active_ratio": 1.0, "fpem/fusion_alpha_mean": 0.0, "fpem/fusion_alpha_std": 0.0, "fpem/fusion_alpha_min": 0.0, "fpem/fusion_alpha_max": 0.0, "fpem/env_route_loss": 1.9266569307872228, "fpem/env_route_L_final": 9.221375578925723, "fpem/env_route_L_global": 0.0, "fpem/env_route_L_route_soft": 0.0, "fpem/env_route_L_expert": 9.633284496125722, "fpem/env_route_L_router_oracle": 0.0, "fpem/env_route_L_balance": 0.0, "fpem/env_route_L_diverse": 0.0, "fpem/env_route_L_proto_align": 0.0, "fpem/env_route_entropy": 0.0, "fpem/env_route_q_max_mean": 0.0, "fpem/hyper_alpha_mean": 0.0, "fpem/hyper_delta_norm": 0.0, "fpem/hyper_route_proto_mode_uniform_warmup": 0.0, "fpem/hyper_route_proto_mode_uniform_fixed": 0.0, "fpem/hyper_route_proto_mode_sinkhorn": 0.0, "fpem/hyper_route_proto_mode_softmax": 0.0, "fpem/fallback_q_mean": 0.0, "fpem/fallback_q_max": 0.0, "fpem/env_q_sum_mean": 1.0, "fpem/oracle_fallback_rate": 0.0, "fpem/route_count_fallback": 0.0, "fpem/env_route_head_mode": 1.0, "fpem/route_entropy_mean": 0.0, "fpem/route_mean_distribution_entropy": 0.0, "fpem/effective_expert_number": 1.0, "fpem/max_expert_usage_ratio": 0.0, "fpem/min_expert_usage_ratio": 0.0, "fpem/prototype_pairwise_cosine": 0.0, "fpem/expert_prediction_pairwise_cosine": 0.0, "fpem/expert_collapse_warning": 0.0, "fpem/env_route_target_mode_env_prototype": 0.0, "fpem/env_route_target_mode_hybrid": 0.0, "fpem/env_route_hybrid_alpha": 0.0, "fpem/env_route_train_mode_warmup_risk_sinkhorn": 0.0, "fpem/warmup_risk_stage_warmup": 0.0, "fpem/warmup_risk_stage_soft": 0.0, "fpem/warmup_risk_stage_hard": 0.0, "fpem/warmup_risk_selected_loss": 0.0, "fpem/warmup_risk_uniform_common_loss": 0.0, "fpem/warmup_risk_lambda_common": 0.0, "fpem/warmup_risk_total_common_term": 0.0, "fpem/warmup_risk_temperature": 0.0, "fpem/warmup_risk_temperature_progress": 0.0, "fpem/uniform_expert_mae": 0.0, "fpem/risk_routed_mae": 0.0, "fpem/risk_prediction_mae": 0.0, "fpem/risk_loss": 0.0, "fpem/risk_ranking_loss": 0.0, "fpem/risk_ranking_accuracy": 0.0, "fpem/risk_oracle_argmin_accuracy": 0.0, "fpem/risk_router_temperature": 0.0, "fpem/risk_router_lambda": 0.0, "fpem/risk_router_pairwise_lambda": 0.0, "fpem/env_route_train_mode_progressive_gmm_environment": 0.0, "fpem/top_level_prediction_source_progressive_gmm_teacher_hard": 0.0, "fpem/progressive_assignment_uses_target_or_prediction_error": 0.0, "fpem/progressive_partition_ready": 0.0, "fpem/progressive_selected_k": 0.0, "fpem/progressive_active_expert_count": 0.0, "fpem/progressive_last_partition_epoch": 0.0, "fpem/progressive_lambda_common": 0.0, "fpem/progressive_common_term": 0.0, "fpem/progressive_compactness_loss": 0.0, "fpem/progressive_consistency_loss": 0.0, "fpem/progressive_cluster_entropy": 0.0, "fpem/progressive_assignment_change_ratio": 0.0, "fpem/progressive_hungarian_overlap_score": 0.0, "fpem/progressive_partition_update_time_sec": 0.0, "fpem/progressive_routed_mae": 0.0, "fpem/progressive_gmm_environment_total_replaces_primary": 0.0, "fpem/env_route_count_head_0": 16.0, "fpem/env_route_oracle_count_head_0": 16.0, "fpem/route_count_env_head_0": 16.0, "fpem/route_soft_mean_expert_0": 1.0, "fpem/route_hard_count_expert_0": 16.0, "fpem/hard_count_expert_0": 16.0, "fpem/sinkhorn_soft_col_mass_expert_0": 0.0, "fpem/progressive_active_expert_0": 0.0, "fpem/progressive_cluster_size_0": 0.0, "fpem/progressive_cluster_ratio_0": 0.0, "fpem/progressive_cluster_to_expert_0": 0.0, "fpem/progressive_bic_k1": 0.0, "fpem/progressive_bic_score_k1": 0.0, "fpem/progressive_bic_rejected_k1": 0.0, "fpem/hyper_alpha_head_0": 0.0, "fpem/hyper_gamma_norm_head_0": 0.0, "fpem/hyper_beta_norm_head_0": 0.0, "fpem/expert_cross_mae_group_0_expert_0": 9.633284496125722, "fpem/load_expert_loss": 9.633284496125722, "fpem/counterfactual_risk_router_loss": 0.0, "fpem/counterfactual_risk_regression_loss": 9.244023577372234, "fpem/counterfactual_risk_ranking_loss": 1.6369219007946196, "fpem/load_level_assignment_detached": 1.0, "fpem/load_level_count_0": 1680.0, "fpem/load_level_ratio_0": 1.0, "fpem/expert_0_global_loss": 9.633284496125722, "fpem/expert_0_selected_loss": 9.633284496125722, "fpem/counterfactual_risk_stage2_active": 0.0, "fpem/counterfactual_risk_stage2_start_epoch": 20.0, "fpem/counterfactual_risk_all_environment_mae": 9.633284496125722, "fpem/counterfactual_risk_all_invariant_mae": 9.662237458002, "fpem/counterfactual_risk_routed_mae": 9.633284496125722, "fpem/counterfactual_risk_oracle_mae": 9.510605839320592, "fpem/counterfactual_risk_router_accuracy": 0.5380952380952381, "fpem/counterfactual_risk_router_balanced_accuracy": 0.5, "fpem/counterfactual_risk_inv_route_ratio": 0.0, "fpem/counterfactual_risk_env_route_ratio": 1.0, "fpem/counterfactual_risk_inv_switch_precision": 0.0, "fpem/counterfactual_risk_correct_inv_switches": 0.0, "fpem/counterfactual_risk_harmful_inv_switches": 0.0, "fpem/counterfactual_risk_saved_loss": 0.0, "fpem/counterfactual_risk_added_loss": 0.0, "fpem/counterfactual_risk_net_gain": 0.0, "fpem/counterfactual_risk_regret": 0.12267865680512928, "fpem/counterfactual_risk_oracle_gap_closed": 0.0, "fpem/counterfactual_risk_delta_mean": -0.028952996077991667, "fpem/counterfactual_risk_target_inv_ratio": 0.46190476190476193, "fpem/counterfactual_risk_weight_env_sum": 7.999999922797794, "fpem/counterfactual_risk_weight_inv_sum": 7.999999904632569, "fpem/counterfactual_risk_prediction_is_hard_route": 1.0, "fpem/counterfactual_risk_prediction_is_soft_fusion": 0.0, "fpem/counterfactual_risk_target_detached": 1.0, "fpem/counterfactual_risk_uses_threshold": 0.0, "fpem/counterfactual_risk_all_samples_used_for_router": 1.0, "fpem/hard_router_predicted_env_ratio": 1.0, "fpem/hard_router_effective_env_ratio": 1.0, "fpem/hard_router_target_env_ratio": 0.5380952380952381, "fpem/hard_router_gain_mean": -0.028952996077991667, "fpem/expert_prediction_pairwise_difference": 0.0, "fpem/delta_pairwise_cosine": 0.0, "fpem/delta_pairwise_l1": 0.0, "fpem/delta_pairwise_l2": 0.0, "fpem/expert_0_parameter_norm": 14.843744377862839, "fpem/hard_binary_router_enabled": 0.0, "fpem/hard_router_uses_target_in_forward": 0.0, "fpem/stored_future_c_loaded": 0.0, "fpem/prediction_is_weighted_complete_fusion": 0.0, "fpem/prediction_is_hard_route": 1.0, "fpem/conservative_inv_override_enabled": 0.0, "fpem/conservative_router_features_detached": 1.0, "fpem/counterfactual_risk_router_enabled": 1.0, "fpem/counterfactual_risk_stage2_active_forward": 0.0, "fpem/counterfactual_risk_deploy_route_active": 0.0, "fpem/counterfactual_risk_training_uses_route": 0.0, "fpem/counterfactual_risk_forward_uses_threshold": 0.0, "fpem/future_mi_loss": 0.0, "fpem/future_mi_valid": 0.0, "fpem/future_mi_logvar_mean": 0.0, "fpem/future_mi_target_mode_env_encoder": 0.0, "fpem/swap_loss": 0.0, "fpem/swap_diff_loss": 0.0, "fpem/swap_same_loss": 0.0, "fpem/swap_gain_mean": 0.0, "fpem/swap_s_gain_mean": 0.0, "fpem/swap_fallback_router_loss": 0.0, "fpem/swap_fallback_q_mean": 0.0, "fpem/swap_prediction_delta": 0.0, "fpem/swap_route_delta": 0.0, "fpem/swap_hyper_alpha_delta": 0.0, "fpem/swap_hyper_delta_norm": 0.0, "fpem/loss_env_day": 0.0, "fpem/loss_env_hour": 0.0, "fpem/loss_env_rush": 0.0, "fpem/env_day_acc": 0.0, "fpem/env_hour_acc": 0.0, "fpem/env_rush_acc": 0.0, "fpem/loss_env_supcon": 0.0, "fpem/env_supcon_valid_pairs": 0.0, "fpem/loss_inv_env_adv": 0.0, "fpem/inv_day_acc": 0.0, "fpem/inv_hour_acc": 0.0, "fpem/inv_rush_acc": 0.0, "fpem/loss_cross_cov_sep": 0.0, "fpem/confounder_dep_enabled": 1.0, "fpem/confounder_dep_mode_gci": 1.0, "fpem/confounder_dep_mode_scd": 0.0, "fpem/confounder_dep_mode_both": 0.0, "fpem/confounder_dep_total": 0.09765274730466661, "fpem/loss_gci": 5.0528399099545954e-05, "fpem/loss_gci_drop": 5.0528039580621266e-05, "fpem/loss_gci_keep": 3.5959062872850535e-09, "fpem/loss_gci_graph_align": 0.9765274609838214, "fpem/loss_scd": 0.0, "fpem/loss_conf_kl": 0.04810442161701974, "fpem/effective_gci_weight": 0.0, "fpem/effective_gci_graph_align_weight": 0.10000000149011612, "fpem/effective_scd_weight": 0.0, "fpem/effective_conf_kl_weight": 0.0, "fpem/confounder_dep_ramp_factor": 0.0, "fpem/C_mean": 0.054229464053752875, "fpem/C_std": 0.9862309353692191, "fpem/C_norm": 2.7241413343520393, "fpem/confounder_token_norm": 7.990836107163203, "fpem/confounder_variational": 1.0, "fpem/confounder_projection_trace": 7.998656963166736, "fpem/confounder_projection_ridge": 0.0010000000474974513, "fpem/confounder_projection_rank_dim": 8.0, "fpem/confounder_projection_calls": 1.0, "fpem/confounder_dep_detach_target": 1.0, "fpem/gci_nonedge_mass_before_C": 0.9593268479619708, "fpem/gci_nonedge_mass_after_C": 0.9593677498045422, "fpem/gci_nonedge_mass_reduction": -4.09018425714402e-05, "fpem/gci_relative_violation": 5.0528039580621266e-05, "fpem/gci_edge_before_C": 0.005004329983854578, "fpem/gci_edge_after_C": 0.005001970637767088, "fpem/gci_nonedge_conn_before_C": 0.00499961885313193, "fpem/gci_nonedge_conn_after_C": 0.004999831975215957, "fpem/gci_nonedge_conn_reduction": -2.1312208402724493e-07, "fpem/gci_edge_conn_before_C": 0.005004329983854578, "fpem/gci_edge_conn_after_C": 0.005001970637767088, "fpem/gci_edge_conn_reduction": 2.3593460874898095e-06, "fpem/gci_nonedge_dep_before_C": 0.00499961885313193, "fpem/gci_nonedge_dep_after_C": 0.004999831975215957, "fpem/gci_nonedge_dep_reduction": -2.1312208402724493e-07, "fpem/gci_edge_dep_before_C": 0.005004329983854578, "fpem/gci_edge_dep_after_C": 0.005001970637767088, "fpem/gci_nonedge_count": 38376.0, "fpem/gci_edge_count": 1424.0, "fpem/gci_node_count": 200.0, "fpem/gci_node_vector_dim": 2240.0, "fpem/gci_graph_embed_dim": 16.0, "fpem/gci_graph_embedding_norm_before": 0.05309073258013952, "fpem/gci_graph_embedding_norm_after": 0.037263020128011706, "fpem/gci_graph_embedding_std_before": 0.02297735313574473, "fpem/gci_graph_embedding_std_after": 0.015619644877456483, "fpem/gci_graph_adj_mean_before": 0.004999999883806422, "fpem/gci_graph_adj_mean_after": 0.00499999989267616, "fpem/gci_graph_adj_std_before": 3.330176023155218e-05, "fpem/gci_graph_adj_std_after": 1.5578165450625377e-05, "fpem/gci_graph_align_weight": 0.10000000149011612, "fpem/gci_graph_align_raw_mse": 5.2555302044679373e-08, "fpem/gci_graph_align_normalized": 0.9765274609838214, "fpem/gci_edge_preserve_beta": 0.10000000149011612, "fpem/gci_graph_align_target_available": 1.0, "fpem/gci_target_adj_mean": 0.004999999888241291, "fpem/gci_target_adj_std": 0.0002319861378055066, "fpem/gci_target_edge_mean": 0.00513450289145112, "fpem/gci_target_nonedge_mean": 0.0049905311316251755, "fpem/gci_target_diag_mean": 0.00585911376401782, "fpem/gci_graph_align_updates_agcrn": 0.0, "fpem/gci_updates_graph_linear": 0.0, "fpem/gci_graph_construction_agcrn_softmax": 1.0, "fpem/scd_assoc_before_C": 0.0, "fpem/scd_assoc_after_C": 0.0, "fpem/scd_assoc_reduction": 0.0, "fpem/scd_relative_violation": 0.0, "fpem/sample_assoc_before_C": 0.0, "fpem/sample_assoc_after_C": 0.0, "fpem/sample_assoc_reduction": 0.0, "fpem/sample_dep_before_C": 0.0, "fpem/sample_dep_after_C": 0.0, "fpem/sample_dep_reduction": 0.0, "fpem/scd_batch_size": 0.0, "fpem/scd_sample_vector_dim": 0.0, "fpem/sample_kernel_alignment": 0.0, "fpem/scd_alignment_loss": 0.0, "fpem/load_level_experts_enabled": 1.0, "fpem/load_level_uses_target_or_future_load": 0.0, "fpem/environment_gate_uses_target_in_forward": 0.0, "fpem/load_level_env_residual_scale": 0.0, "fpem/uses_cached_observable_load_prior": 1.0, "fpem/primary_loss": 9.221375578925723, "fpem/inv_pred_loss": 9.219586790175665, "fpem/primary_uses_route": 1.0, "fpem/primary_uses_env_fusion": 0.0, "fpem/backbone_agcrn": 1.0, "fpem/backbone_graphwavenet": 0.0, "fpem/backbone_staeformer": 0.0, "fpem/gc_pred_loss_only": 1.0, "fpem/env_route_head_mode_hyper_proto": 1.0, "fpem/fpem_force_uniform_route": 0.0, "fpem/hard_prediction_sinkhorn_total_replaces_primary": 0.0, "fpem/hard_prediction_environment_sinkhorn_total_replaces_primary": 0.0, "fpem/warmup_risk_sinkhorn_total_replaces_primary": 0.0, "fpem/lambda_club_mi": 0.0}}
EPOCH {"epoch": 5, "train_loss": 11.199276379176549, "val": {"loss": 11.937111775080362, "mae": 11.747884750366211, "mape": 0.18221397697925568}, "test_mixed": {"loss": NaN, "mae": NaN, "mape": NaN}, "test_workday": {"loss": NaN, "mae": NaN, "mape": NaN}, "test_holiday": {"loss": NaN, "mae": NaN, "mape": NaN}, "test_avg_mae": NaN, "best_selection_value": 11.937111775080362, "best_selection_split": "val", "best_selection_metric": "val_loss", "lr": 0.001, "fpem_logs": {"fpem/fpem_env_use_exogenous": 1.0, "fpem/env_exogenous_available": 1.0, "fpem/env_exogenous_time_available": 1.0, "fpem/env_exogenous_load_available": 1.0, "fpem/env_exogenous_feature_dim": 32.0, "fpem/env_exogenous_embedding_norm": 2.6386296522049677, "fpem/env_exogenous_load_embedding_norm": 1.879921125230335, "fpem/env_rep_ablation_normal": 1.0, "fpem/env_rep_ablation_zero": 0.0, "fpem/env_rep_ablation_shuffle_batch": 0.0, "fpem/env_rep_ablation_mode_id": 0.0, "fpem/mask_loss": 0.0, "fpem/mask_sparse_loss": 0.0, "fpem/mask_entropy_loss": 0.0, "fpem/mask_mean": 1.0, "fpem/mask_entropy": 0.0, "fpem/mask_active_ratio": 1.0, "fpem/fusion_alpha_mean": 0.0, "fpem/fusion_alpha_std": 0.0, "fpem/fusion_alpha_min": 0.0, "fpem/fusion_alpha_max": 0.0, "fpem/env_route_loss": 1.92399982043675, "fpem/env_route_L_final": 9.19947010676066, "fpem/env_route_L_global": 0.0, "fpem/env_route_L_route_soft": 0.0, "fpem/env_route_L_expert": 9.619998954591297, "fpem/env_route_L_router_oracle": 0.0, "fpem/env_route_L_balance": 0.0, "fpem/env_route_L_diverse": 0.0, "fpem/env_route_L_proto_align": 0.0, "fpem/env_route_entropy": 0.0, "fpem/env_route_q_max_mean": 0.0, "fpem/hyper_alpha_mean": 0.0, "fpem/hyper_delta_norm": 0.0, "fpem/hyper_route_proto_mode_uniform_warmup": 0.0, "fpem/hyper_route_proto_mode_uniform_fixed": 0.0, "fpem/hyper_route_proto_mode_sinkhorn": 0.0, "fpem/hyper_route_proto_mode_softmax": 0.0, "fpem/fallback_q_mean": 0.0, "fpem/fallback_q_max": 0.0, "fpem/env_q_sum_mean": 1.0, "fpem/oracle_fallback_rate": 0.0, "fpem/route_count_fallback": 0.0, "fpem/env_route_head_mode": 1.0, "fpem/route_entropy_mean": 0.0, "fpem/route_mean_distribution_entropy": 0.0, "fpem/effective_expert_number": 1.0, "fpem/max_expert_usage_ratio": 0.0, "fpem/min_expert_usage_ratio": 0.0, "fpem/prototype_pairwise_cosine": 0.0, "fpem/expert_prediction_pairwise_cosine": 0.0, "fpem/expert_collapse_warning": 0.0, "fpem/env_route_target_mode_env_prototype": 0.0, "fpem/env_route_target_mode_hybrid": 0.0, "fpem/env_route_hybrid_alpha": 0.0, "fpem/env_route_train_mode_warmup_risk_sinkhorn": 0.0, "fpem/warmup_risk_stage_warmup": 0.0, "fpem/warmup_risk_stage_soft": 0.0, "fpem/warmup_risk_stage_hard": 0.0, "fpem/warmup_risk_selected_loss": 0.0, "fpem/warmup_risk_uniform_common_loss": 0.0, "fpem/warmup_risk_lambda_common": 0.0, "fpem/warmup_risk_total_common_term": 0.0, "fpem/warmup_risk_temperature": 0.0, "fpem/warmup_risk_temperature_progress": 0.0, "fpem/uniform_expert_mae": 0.0, "fpem/risk_routed_mae": 0.0, "fpem/risk_prediction_mae": 0.0, "fpem/risk_loss": 0.0, "fpem/risk_ranking_loss": 0.0, "fpem/risk_ranking_accuracy": 0.0, "fpem/risk_oracle_argmin_accuracy": 0.0, "fpem/risk_router_temperature": 0.0, "fpem/risk_router_lambda": 0.0, "fpem/risk_router_pairwise_lambda": 0.0, "fpem/env_route_train_mode_progressive_gmm_environment": 0.0, "fpem/top_level_prediction_source_progressive_gmm_teacher_hard": 0.0, "fpem/progressive_assignment_uses_target_or_prediction_error": 0.0, "fpem/progressive_partition_ready": 0.0, "fpem/progressive_selected_k": 0.0, "fpem/progressive_active_expert_count": 0.0, "fpem/progressive_last_partition_epoch": 0.0, "fpem/progressive_lambda_common": 0.0, "fpem/progressive_common_term": 0.0, "fpem/progressive_compactness_loss": 0.0, "fpem/progressive_consistency_loss": 0.0, "fpem/progressive_cluster_entropy": 0.0, "fpem/progressive_assignment_change_ratio": 0.0, "fpem/progressive_hungarian_overlap_score": 0.0, "fpem/progressive_partition_update_time_sec": 0.0, "fpem/progressive_routed_mae": 0.0, "fpem/progressive_gmm_environment_total_replaces_primary": 0.0, "fpem/env_route_count_head_0": 16.0, "fpem/env_route_oracle_count_head_0": 16.0, "fpem/route_count_env_head_0": 16.0, "fpem/route_soft_mean_expert_0": 1.0, "fpem/route_hard_count_expert_0": 16.0, "fpem/hard_count_expert_0": 16.0, "fpem/sinkhorn_soft_col_mass_expert_0": 0.0, "fpem/progressive_active_expert_0": 0.0, "fpem/progressive_cluster_size_0": 0.0, "fpem/progressive_cluster_ratio_0": 0.0, "fpem/progressive_cluster_to_expert_0": 0.0, "fpem/progressive_bic_k1": 0.0, "fpem/progressive_bic_score_k1": 0.0, "fpem/progressive_bic_rejected_k1": 0.0, "fpem/hyper_alpha_head_0": 0.0, "fpem/hyper_gamma_norm_head_0": 0.0, "fpem/hyper_beta_norm_head_0": 0.0, "fpem/expert_cross_mae_group_0_expert_0": 9.619998954591297, "fpem/load_expert_loss": 9.619998954591297, "fpem/counterfactual_risk_router_loss": 0.0, "fpem/counterfactual_risk_regression_loss": 9.152977648235503, "fpem/counterfactual_risk_ranking_loss": 1.6155623367854528, "fpem/load_level_assignment_detached": 1.0, "fpem/load_level_count_0": 1680.0, "fpem/load_level_ratio_0": 1.0, "fpem/expert_0_global_loss": 9.619998954591297, "fpem/expert_0_selected_loss": 9.619998954591297, "fpem/counterfactual_risk_stage2_active": 0.0, "fpem/counterfactual_risk_stage2_start_epoch": 20.0, "fpem/counterfactual_risk_all_environment_mae": 9.619998954591297, "fpem/counterfactual_risk_all_invariant_mae": 9.662237498873756, "fpem/counterfactual_risk_routed_mae": 9.619998954591297, "fpem/counterfactual_risk_oracle_mae": 9.49964100519816, "fpem/counterfactual_risk_router_accuracy": 0.5529761904761905, "fpem/counterfactual_risk_router_balanced_accuracy": 0.5, "fpem/counterfactual_risk_inv_route_ratio": 0.0, "fpem/counterfactual_risk_env_route_ratio": 1.0, "fpem/counterfactual_risk_inv_switch_precision": 0.0, "fpem/counterfactual_risk_correct_inv_switches": 0.0, "fpem/counterfactual_risk_harmful_inv_switches": 0.0, "fpem/counterfactual_risk_saved_loss": 0.0, "fpem/counterfactual_risk_added_loss": 0.0, "fpem/counterfactual_risk_net_gain": 0.0, "fpem/counterfactual_risk_regret": 0.12035794939313615, "fpem/counterfactual_risk_oracle_gap_closed": 0.0, "fpem/counterfactual_risk_delta_mean": -0.04223856713090624, "fpem/counterfactual_risk_target_inv_ratio": 0.44702380952380955, "fpem/counterfactual_risk_weight_env_sum": 7.999999913715181, "fpem/counterfactual_risk_weight_inv_sum": 7.9999999455043245, "fpem/counterfactual_risk_prediction_is_hard_route": 1.0, "fpem/counterfactual_risk_prediction_is_soft_fusion": 0.0, "fpem/counterfactual_risk_target_detached": 1.0, "fpem/counterfactual_risk_uses_threshold": 0.0, "fpem/counterfactual_risk_all_samples_used_for_router": 1.0, "fpem/hard_router_predicted_env_ratio": 1.0, "fpem/hard_router_effective_env_ratio": 1.0, "fpem/hard_router_target_env_ratio": 0.5529761904761905, "fpem/hard_router_gain_mean": -0.04223856713090624, "fpem/expert_prediction_pairwise_difference": 0.0, "fpem/delta_pairwise_cosine": 0.0, "fpem/delta_pairwise_l1": 0.0, "fpem/delta_pairwise_l2": 0.0, "fpem/expert_0_parameter_norm": 14.851290484837124, "fpem/hard_binary_router_enabled": 0.0, "fpem/hard_router_uses_target_in_forward": 0.0, "fpem/stored_future_c_loaded": 0.0, "fpem/prediction_is_weighted_complete_fusion": 0.0, "fpem/prediction_is_hard_route": 1.0, "fpem/conservative_inv_override_enabled": 0.0, "fpem/conservative_router_features_detached": 1.0, "fpem/counterfactual_risk_router_enabled": 1.0, "fpem/counterfactual_risk_stage2_active_forward": 0.0, "fpem/counterfactual_risk_deploy_route_active": 0.0, "fpem/counterfactual_risk_training_uses_route": 0.0, "fpem/counterfactual_risk_forward_uses_threshold": 0.0, "fpem/future_mi_loss": 0.0, "fpem/future_mi_valid": 0.0, "fpem/future_mi_logvar_mean": 0.0, "fpem/future_mi_target_mode_env_encoder": 0.0, "fpem/swap_loss": 0.0, "fpem/swap_diff_loss": 0.0, "fpem/swap_same_loss": 0.0, "fpem/swap_gain_mean": 0.0, "fpem/swap_s_gain_mean": 0.0, "fpem/swap_fallback_router_loss": 0.0, "fpem/swap_fallback_q_mean": 0.0, "fpem/swap_prediction_delta": 0.0, "fpem/swap_route_delta": 0.0, "fpem/swap_hyper_alpha_delta": 0.0, "fpem/swap_hyper_delta_norm": 0.0, "fpem/loss_env_day": 0.0, "fpem/loss_env_hour": 0.0, "fpem/loss_env_rush": 0.0, "fpem/env_day_acc": 0.0, "fpem/env_hour_acc": 0.0, "fpem/env_rush_acc": 0.0, "fpem/loss_env_supcon": 0.0, "fpem/env_supcon_valid_pairs": 0.0, "fpem/loss_inv_env_adv": 0.0, "fpem/inv_day_acc": 0.0, "fpem/inv_hour_acc": 0.0, "fpem/inv_rush_acc": 0.0, "fpem/loss_cross_cov_sep": 0.0, "fpem/confounder_dep_enabled": 1.0, "fpem/confounder_dep_mode_gci": 1.0, "fpem/confounder_dep_mode_scd": 0.0, "fpem/confounder_dep_mode_both": 0.0, "fpem/confounder_dep_total": 0.09712992913666225, "fpem/loss_gci": 5.52819600021134e-05, "fpem/loss_gci_drop": 5.528153312860966e-05, "fpem/loss_gci_keep": 4.268489477749731e-09, "fpem/loss_gci_graph_align": 0.9712992753301348, "fpem/loss_scd": 0.0, "fpem/loss_conf_kl": 0.047695112796056836, "fpem/effective_gci_weight": 0.0, "fpem/effective_gci_graph_align_weight": 0.10000000149011612, "fpem/effective_scd_weight": 0.0, "fpem/effective_conf_kl_weight": 0.0, "fpem/confounder_dep_ramp_factor": 0.0, "fpem/C_mean": 0.0684855261462785, "fpem/C_std": 1.001164400577545, "fpem/C_norm": 2.7647137301308766, "fpem/confounder_token_norm": 7.990720144907633, "fpem/confounder_variational": 1.0, "fpem/confounder_projection_trace": 7.998692444392613, "fpem/confounder_projection_ridge": 0.0010000000474974513, "fpem/confounder_projection_rank_dim": 8.0, "fpem/confounder_projection_calls": 1.0, "fpem/confounder_dep_detach_target": 1.0, "fpem/gci_nonedge_mass_before_C": 0.9593208046186538, "fpem/gci_nonedge_mass_after_C": 0.9593661302611941, "fpem/gci_nonedge_mass_reduction": -4.532564254034133e-05, "fpem/gci_relative_violation": 5.528153312860966e-05, "fpem/gci_edge_before_C": 0.005004183185242471, "fpem/gci_edge_after_C": 0.0050017963740087695, "fpem/gci_nonedge_conn_before_C": 0.004999587387733516, "fpem/gci_nonedge_conn_after_C": 0.004999823606617394, "fpem/gci_nonedge_conn_reduction": -2.362188838777088e-07, "fpem/gci_edge_conn_before_C": 0.005004183185242471, "fpem/gci_edge_conn_after_C": 0.0050017963740087695, "fpem/gci_edge_conn_reduction": 2.38681123370216e-06, "fpem/gci_nonedge_dep_before_C": 0.004999587387733516, "fpem/gci_nonedge_dep_after_C": 0.004999823606617394, "fpem/gci_nonedge_dep_reduction": -2.362188838777088e-07, "fpem/gci_edge_dep_before_C": 0.005004183185242471, "fpem/gci_edge_dep_after_C": 0.0050017963740087695, "fpem/gci_nonedge_count": 38376.0, "fpem/gci_edge_count": 1424.0, "fpem/gci_node_count": 200.0, "fpem/gci_node_vector_dim": 2240.0, "fpem/gci_graph_embed_dim": 16.0, "fpem/gci_graph_embedding_norm_before": 0.05956184842756816, "fpem/gci_graph_embedding_norm_after": 0.042071826135118805, "fpem/gci_graph_embedding_std_before": 0.02474957216708433, "fpem/gci_graph_embedding_std_after": 0.016920182312883083, "fpem/gci_graph_adj_mean_before": 0.004999999888241291, "fpem/gci_graph_adj_mean_after": 0.004999999888241291, "fpem/gci_graph_adj_std_before": 3.686796541539176e-05, "fpem/gci_graph_adj_std_after": 1.681461495709733e-05, "fpem/gci_graph_align_weight": 0.10000000149011612, "fpem/gci_graph_align_raw_mse": 5.227392857623922e-08, "fpem/gci_graph_align_normalized": 0.9712992753301348, "fpem/gci_edge_preserve_beta": 0.10000000149011612, "fpem/gci_graph_align_target_available": 1.0, "fpem/gci_target_adj_mean": 0.004999999888241291, "fpem/gci_target_adj_std": 0.0002319861378055066, "fpem/gci_target_edge_mean": 0.00513450289145112, "fpem/gci_target_nonedge_mean": 0.0049905311316251755, "fpem/gci_target_diag_mean": 0.00585911376401782, "fpem/gci_graph_align_updates_agcrn": 0.0, "fpem/gci_updates_graph_linear": 0.0, "fpem/gci_graph_construction_agcrn_softmax": 1.0, "fpem/scd_assoc_before_C": 0.0, "fpem/scd_assoc_after_C": 0.0, "fpem/scd_assoc_reduction": 0.0, "fpem/scd_relative_violation": 0.0, "fpem/sample_assoc_before_C": 0.0, "fpem/sample_assoc_after_C": 0.0, "fpem/sample_assoc_reduction": 0.0, "fpem/sample_dep_before_C": 0.0, "fpem/sample_dep_after_C": 0.0, "fpem/sample_dep_reduction": 0.0, "fpem/scd_batch_size": 0.0, "fpem/scd_sample_vector_dim": 0.0, "fpem/sample_kernel_alignment": 0.0, "fpem/scd_alignment_loss": 0.0, "fpem/load_level_experts_enabled": 1.0, "fpem/load_level_uses_target_or_future_load": 0.0, "fpem/environment_gate_uses_target_in_forward": 0.0, "fpem/load_level_env_residual_scale": 0.0, "fpem/uses_cached_observable_load_prior": 1.0, "fpem/primary_loss": 9.19947010676066, "fpem/inv_pred_loss": 9.216782415480841, "fpem/primary_uses_route": 1.0, "fpem/primary_uses_env_fusion": 0.0, "fpem/backbone_agcrn": 1.0, "fpem/backbone_graphwavenet": 0.0, "fpem/backbone_staeformer": 0.0, "fpem/gc_pred_loss_only": 1.0, "fpem/env_route_head_mode_hyper_proto": 1.0, "fpem/fpem_force_uniform_route": 0.0, "fpem/hard_prediction_sinkhorn_total_replaces_primary": 0.0, "fpem/hard_prediction_environment_sinkhorn_total_replaces_primary": 0.0, "fpem/warmup_risk_sinkhorn_total_replaces_primary": 0.0, "fpem/lambda_club_mi": 0.0}}
EPOCH {"epoch": 6, "train_loss": 11.132985669090635, "val": {"loss": 11.962516519758436, "mae": 11.721151351928711, "mape": 0.2010425329208374}, "test_mixed": {"loss": NaN, "mae": NaN, "mape": NaN}, "test_workday": {"loss": NaN, "mae": NaN, "mape": NaN}, "test_holiday": {"loss": NaN, "mae": NaN, "mape": NaN}, "test_avg_mae": NaN, "best_selection_value": 11.962516519758436, "best_selection_split": "val", "best_selection_metric": "val_loss", "lr": 0.001, "fpem_logs": {"fpem/fpem_env_use_exogenous": 1.0, "fpem/env_exogenous_available": 1.0, "fpem/env_exogenous_time_available": 1.0, "fpem/env_exogenous_load_available": 1.0, "fpem/env_exogenous_feature_dim": 32.0, "fpem/env_exogenous_embedding_norm": 2.65944417090643, "fpem/env_exogenous_load_embedding_norm": 1.8999455065954298, "fpem/env_rep_ablation_normal": 1.0, "fpem/env_rep_ablation_zero": 0.0, "fpem/env_rep_ablation_shuffle_batch": 0.0, "fpem/env_rep_ablation_mode_id": 0.0, "fpem/mask_loss": 0.0, "fpem/mask_sparse_loss": 0.0, "fpem/mask_entropy_loss": 0.0, "fpem/mask_mean": 1.0, "fpem/mask_entropy": 0.0, "fpem/mask_active_ratio": 1.0, "fpem/fusion_alpha_mean": 0.0, "fpem/fusion_alpha_std": 0.0, "fpem/fusion_alpha_min": 0.0, "fpem/fusion_alpha_max": 0.0, "fpem/env_route_loss": 1.9112727483113607, "fpem/env_route_L_final": 9.131068583897182, "fpem/env_route_L_global": 0.0, "fpem/env_route_L_route_soft": 0.0, "fpem/env_route_L_expert": 9.556363578069778, "fpem/env_route_L_router_oracle": 0.0, "fpem/env_route_L_balance": 0.0, "fpem/env_route_L_diverse": 0.0, "fpem/env_route_L_proto_align": 0.0, "fpem/env_route_entropy": 0.0, "fpem/env_route_q_max_mean": 0.0, "fpem/hyper_alpha_mean": 0.0, "fpem/hyper_delta_norm": 0.0, "fpem/hyper_route_proto_mode_uniform_warmup": 0.0, "fpem/hyper_route_proto_mode_uniform_fixed": 0.0, "fpem/hyper_route_proto_mode_sinkhorn": 0.0, "fpem/hyper_route_proto_mode_softmax": 0.0, "fpem/fallback_q_mean": 0.0, "fpem/fallback_q_max": 0.0, "fpem/env_q_sum_mean": 1.0, "fpem/oracle_fallback_rate": 0.0, "fpem/route_count_fallback": 0.0, "fpem/env_route_head_mode": 1.0, "fpem/route_entropy_mean": 0.0, "fpem/route_mean_distribution_entropy": 0.0, "fpem/effective_expert_number": 1.0, "fpem/max_expert_usage_ratio": 0.0, "fpem/min_expert_usage_ratio": 0.0, "fpem/prototype_pairwise_cosine": 0.0, "fpem/expert_prediction_pairwise_cosine": 0.0, "fpem/expert_collapse_warning": 0.0, "fpem/env_route_target_mode_env_prototype": 0.0, "fpem/env_route_target_mode_hybrid": 0.0, "fpem/env_route_hybrid_alpha": 0.0, "fpem/env_route_train_mode_warmup_risk_sinkhorn": 0.0, "fpem/warmup_risk_stage_warmup": 0.0, "fpem/warmup_risk_stage_soft": 0.0, "fpem/warmup_risk_stage_hard": 0.0, "fpem/warmup_risk_selected_loss": 0.0, "fpem/warmup_risk_uniform_common_loss": 0.0, "fpem/warmup_risk_lambda_common": 0.0, "fpem/warmup_risk_total_common_term": 0.0, "fpem/warmup_risk_temperature": 0.0, "fpem/warmup_risk_temperature_progress": 0.0, "fpem/uniform_expert_mae": 0.0, "fpem/risk_routed_mae": 0.0, "fpem/risk_prediction_mae": 0.0, "fpem/risk_loss": 0.0, "fpem/risk_ranking_loss": 0.0, "fpem/risk_ranking_accuracy": 0.0, "fpem/risk_oracle_argmin_accuracy": 0.0, "fpem/risk_router_temperature": 0.0, "fpem/risk_router_lambda": 0.0, "fpem/risk_router_pairwise_lambda": 0.0, "fpem/env_route_train_mode_progressive_gmm_environment": 0.0, "fpem/top_level_prediction_source_progressive_gmm_teacher_hard": 0.0, "fpem/progressive_assignment_uses_target_or_prediction_error": 0.0, "fpem/progressive_partition_ready": 0.0, "fpem/progressive_selected_k": 0.0, "fpem/progressive_active_expert_count": 0.0, "fpem/progressive_last_partition_epoch": 0.0, "fpem/progressive_lambda_common": 0.0, "fpem/progressive_common_term": 0.0, "fpem/progressive_compactness_loss": 0.0, "fpem/progressive_consistency_loss": 0.0, "fpem/progressive_cluster_entropy": 0.0, "fpem/progressive_assignment_change_ratio": 0.0, "fpem/progressive_hungarian_overlap_score": 0.0, "fpem/progressive_partition_update_time_sec": 0.0, "fpem/progressive_routed_mae": 0.0, "fpem/progressive_gmm_environment_total_replaces_primary": 0.0, "fpem/env_route_count_head_0": 16.0, "fpem/env_route_oracle_count_head_0": 16.0, "fpem/route_count_env_head_0": 16.0, "fpem/route_soft_mean_expert_0": 1.0, "fpem/route_hard_count_expert_0": 16.0, "fpem/hard_count_expert_0": 16.0, "fpem/sinkhorn_soft_col_mass_expert_0": 0.0, "fpem/progressive_active_expert_0": 0.0, "fpem/progressive_cluster_size_0": 0.0, "fpem/progressive_cluster_ratio_0": 0.0, "fpem/progressive_cluster_to_expert_0": 0.0, "fpem/progressive_bic_k1": 0.0, "fpem/progressive_bic_score_k1": 0.0, "fpem/progressive_bic_rejected_k1": 0.0, "fpem/hyper_alpha_head_0": 0.0, "fpem/hyper_gamma_norm_head_0": 0.0, "fpem/hyper_beta_norm_head_0": 0.0, "fpem/expert_cross_mae_group_0_expert_0": 9.556363578069778, "fpem/load_expert_loss": 9.556363578069778, "fpem/counterfactual_risk_router_loss": 0.0, "fpem/counterfactual_risk_regression_loss": 9.199240793500628, "fpem/counterfactual_risk_ranking_loss": 1.5834104106539773, "fpem/load_level_assignment_detached": 1.0, "fpem/load_level_count_0": 1680.0, "fpem/load_level_ratio_0": 1.0, "fpem/expert_0_global_loss": 9.556363578069778, "fpem/expert_0_selected_loss": 9.556363578069778, "fpem/counterfactual_risk_stage2_active": 0.0, "fpem/counterfactual_risk_stage2_start_epoch": 20.0, "fpem/counterfactual_risk_all_environment_mae": 9.556363578069778, "fpem/counterfactual_risk_all_invariant_mae": 9.66223756699335, "fpem/counterfactual_risk_routed_mae": 9.556308555603028, "fpem/counterfactual_risk_oracle_mae": 9.473699833097912, "fpem/counterfactual_risk_router_accuracy": 0.6386904761904761, "fpem/counterfactual_risk_router_balanced_accuracy": 0.5005952380952381, "fpem/counterfactual_risk_inv_route_ratio": 0.0005952380952380953, "fpem/counterfactual_risk_env_route_ratio": 0.9994047619047619, "fpem/counterfactual_risk_inv_switch_precision": 0.009523809523809525, "fpem/counterfactual_risk_correct_inv_switches": 0.009523809523809525, "fpem/counterfactual_risk_harmful_inv_switches": 0.0, "fpem/counterfactual_risk_saved_loss": 5.5024737403506326e-05, "fpem/counterfactual_risk_added_loss": 0.0, "fpem/counterfactual_risk_net_gain": 5.5022466750372025e-05, "fpem/counterfactual_risk_regret": 0.08260872250511533, "fpem/counterfactual_risk_oracle_gap_closed": 0.00036111435010319665, "fpem/counterfactual_risk_delta_mean": -0.1058739029225849, "fpem/counterfactual_risk_target_inv_ratio": 0.3619047619047619, "fpem/counterfactual_risk_weight_env_sum": 7.999999959128243, "fpem/counterfactual_risk_weight_inv_sum": 7.9999999273391, "fpem/counterfactual_risk_prediction_is_hard_route": 1.0, "fpem/counterfactual_risk_prediction_is_soft_fusion": 0.0, "fpem/counterfactual_risk_target_detached": 1.0, "fpem/counterfactual_risk_uses_threshold": 0.0, "fpem/counterfactual_risk_all_samples_used_for_router": 1.0, "fpem/hard_router_predicted_env_ratio": 0.9994047619047619, "fpem/hard_router_effective_env_ratio": 1.0, "fpem/hard_router_target_env_ratio": 0.638095238095238, "fpem/hard_router_gain_mean": -0.1058739029225849, "fpem/expert_prediction_pairwise_difference": 0.0, "fpem/delta_pairwise_cosine": 0.0, "fpem/delta_pairwise_l1": 0.0, "fpem/delta_pairwise_l2": 0.0, "fpem/expert_0_parameter_norm": 14.859316853114537, "fpem/hard_binary_router_enabled": 0.0, "fpem/hard_router_uses_target_in_forward": 0.0, "fpem/stored_future_c_loaded": 0.0, "fpem/prediction_is_weighted_complete_fusion": 0.0, "fpem/prediction_is_hard_route": 1.0, "fpem/conservative_inv_override_enabled": 0.0, "fpem/conservative_router_features_detached": 1.0, "fpem/counterfactual_risk_router_enabled": 1.0, "fpem/counterfactual_risk_stage2_active_forward": 0.0, "fpem/counterfactual_risk_deploy_route_active": 0.0, "fpem/counterfactual_risk_training_uses_route": 0.0, "fpem/counterfactual_risk_forward_uses_threshold": 0.0, "fpem/future_mi_loss": 0.0, "fpem/future_mi_valid": 0.0, "fpem/future_mi_logvar_mean": 0.0, "fpem/future_mi_target_mode_env_encoder": 0.0, "fpem/swap_loss": 0.0, "fpem/swap_diff_loss": 0.0, "fpem/swap_same_loss": 0.0, "fpem/swap_gain_mean": 0.0, "fpem/swap_s_gain_mean": 0.0, "fpem/swap_fallback_router_loss": 0.0, "fpem/swap_fallback_q_mean": 0.0, "fpem/swap_prediction_delta": 0.0, "fpem/swap_route_delta": 0.0, "fpem/swap_hyper_alpha_delta": 0.0, "fpem/swap_hyper_delta_norm": 0.0, "fpem/loss_env_day": 0.0, "fpem/loss_env_hour": 0.0, "fpem/loss_env_rush": 0.0, "fpem/env_day_acc": 0.0, "fpem/env_hour_acc": 0.0, "fpem/env_rush_acc": 0.0, "fpem/loss_env_supcon": 0.0, "fpem/env_supcon_valid_pairs": 0.0, "fpem/loss_inv_env_adv": 0.0, "fpem/inv_day_acc": 0.0, "fpem/inv_hour_acc": 0.0, "fpem/inv_rush_acc": 0.0, "fpem/loss_cross_cov_sep": 0.0, "fpem/confounder_dep_enabled": 1.0, "fpem/confounder_dep_mode_gci": 1.0, "fpem/confounder_dep_mode_scd": 0.0, "fpem/confounder_dep_mode_both": 0.0, "fpem/confounder_dep_total": 0.09577504098415375, "fpem/loss_gci": 7.393623589970437e-05, "fpem/loss_gci_drop": 7.393572828039483e-05, "fpem/loss_gci_keep": 5.075372895502724e-09, "fpem/loss_gci_graph_align": 0.9577500740687053, "fpem/loss_scd": 0.0, "fpem/loss_conf_kl": 0.0025294356225501924, "fpem/effective_gci_weight": 9.999999747378752e-05, "fpem/effective_gci_graph_align_weight": 0.10000000149011612, "fpem/effective_scd_weight": 0.0, "fpem/effective_conf_kl_weight": 9.999999747378752e-06, "fpem/confounder_dep_ramp_factor": 0.10000000149011612, "fpem/C_mean": 0.0002622035642464956, "fpem/C_std": 0.9993395561263675, "fpem/C_norm": 2.7490711461930046, "fpem/confounder_token_norm": 7.990176300775437, "fpem/confounder_variational": 1.0, "fpem/confounder_projection_trace": 7.998704356238956, "fpem/confounder_projection_ridge": 0.0010000000474974513, "fpem/confounder_projection_rank_dim": 8.0, "fpem/confounder_projection_calls": 1.0, "fpem/confounder_dep_detach_target": 1.0, "fpem/gci_nonedge_mass_before_C": 0.9592951240993681, "fpem/gci_nonedge_mass_after_C": 0.959354685601734, "fpem/gci_nonedge_mass_reduction": -5.956150236583891e-05, "fpem/gci_relative_violation": 7.393572828039483e-05, "fpem/gci_edge_before_C": 0.005006023922136851, "fpem/gci_edge_after_C": 0.00500259298742527, "fpem/gci_nonedge_conn_before_C": 0.00499945351676572, "fpem/gci_nonedge_conn_after_C": 0.004999763944319316, "fpem/gci_nonedge_conn_reduction": -3.1042755359695073e-07, "fpem/gci_edge_conn_before_C": 0.005006023922136851, "fpem/gci_edge_conn_after_C": 0.00500259298742527, "fpem/gci_edge_conn_reduction": 3.4309347115811847e-06, "fpem/gci_nonedge_dep_before_C": 0.00499945351676572, "fpem/gci_nonedge_dep_after_C": 0.004999763944319316, "fpem/gci_nonedge_dep_reduction": -3.1042755359695073e-07, "fpem/gci_edge_dep_before_C": 0.005006023922136851, "fpem/gci_edge_dep_after_C": 0.00500259298742527, "fpem/gci_nonedge_count": 38376.0, "fpem/gci_edge_count": 1424.0, "fpem/gci_node_count": 200.0, "fpem/gci_node_vector_dim": 2240.0, "fpem/gci_graph_embed_dim": 16.0, "fpem/gci_graph_embedding_norm_before": 0.07400598909173693, "fpem/gci_graph_embedding_norm_after": 0.0530008179800851, "fpem/gci_graph_embedding_std_before": 0.02866651259717487, "fpem/gci_graph_embedding_std_after": 0.019756382340121836, "fpem/gci_graph_adj_mean_before": 0.00499999989711103, "fpem/gci_graph_adj_mean_after": 0.004999999879371552, "fpem/gci_graph_adj_std_before": 4.362343721108378e-05, "fpem/gci_graph_adj_std_after": 2.1569711065066734e-05, "fpem/gci_graph_align_weight": 0.10000000149011612, "fpem/gci_graph_align_raw_mse": 5.154472999958584e-08, "fpem/gci_graph_align_normalized": 0.9577500740687053, "fpem/gci_edge_preserve_beta": 0.10000000149011612, "fpem/gci_graph_align_target_available": 1.0, "fpem/gci_target_adj_mean": 0.004999999888241291, "fpem/gci_target_adj_std": 0.0002319861378055066, "fpem/gci_target_edge_mean": 0.00513450289145112, "fpem/gci_target_nonedge_mean": 0.0049905311316251755, "fpem/gci_target_diag_mean": 0.00585911376401782, "fpem/gci_graph_align_updates_agcrn": 0.0, "fpem/gci_updates_graph_linear": 0.0, "fpem/gci_graph_construction_agcrn_softmax": 1.0, "fpem/scd_assoc_before_C": 0.0, "fpem/scd_assoc_after_C": 0.0, "fpem/scd_assoc_reduction": 0.0, "fpem/scd_relative_violation": 0.0, "fpem/sample_assoc_before_C": 0.0, "fpem/sample_assoc_after_C": 0.0, "fpem/sample_assoc_reduction": 0.0, "fpem/sample_dep_before_C": 0.0, "fpem/sample_dep_after_C": 0.0, "fpem/sample_dep_reduction": 0.0, "fpem/scd_batch_size": 0.0, "fpem/scd_sample_vector_dim": 0.0, "fpem/sample_kernel_alignment": 0.0, "fpem/scd_alignment_loss": 0.0, "fpem/load_level_experts_enabled": 1.0, "fpem/load_level_uses_target_or_future_load": 0.0, "fpem/environment_gate_uses_target_in_forward": 0.0, "fpem/load_level_env_residual_scale": 0.0, "fpem/uses_cached_observable_load_prior": 1.0, "fpem/primary_loss": 9.131068583897182, "fpem/inv_pred_loss": 9.214809540339878, "fpem/primary_uses_route": 1.0, "fpem/primary_uses_env_fusion": 0.0, "fpem/backbone_agcrn": 1.0, "fpem/backbone_graphwavenet": 0.0, "fpem/backbone_staeformer": 0.0, "fpem/gc_pred_loss_only": 1.0, "fpem/env_route_head_mode_hyper_proto": 1.0, "fpem/fpem_force_uniform_route": 0.0, "fpem/hard_prediction_sinkhorn_total_replaces_primary": 0.0, "fpem/hard_prediction_environment_sinkhorn_total_replaces_primary": 0.0, "fpem/warmup_risk_sinkhorn_total_replaces_primary": 0.0, "fpem/lambda_club_mi": 0.0}}
EPOCH {"epoch": 7, "train_loss": 11.136608223688034, "val": {"loss": 11.970028665330675, "mae": 11.767777442932129, "mape": 0.18477800488471985}, "test_mixed": {"loss": NaN, "mae": NaN, "mape": NaN}, "test_workday": {"loss": NaN, "mae": NaN, "mape": NaN}, "test_holiday": {"loss": NaN, "mae": NaN, "mape": NaN}, "test_avg_mae": NaN, "best_selection_value": 11.970028665330675, "best_selection_split": "val", "best_selection_metric": "val_loss", "lr": 0.001, "fpem_logs": {"fpem/fpem_env_use_exogenous": 1.0, "fpem/env_exogenous_available": 1.0, "fpem/env_exogenous_time_available": 1.0, "fpem/env_exogenous_load_available": 1.0, "fpem/env_exogenous_feature_dim": 32.0, "fpem/env_exogenous_embedding_norm": 2.6738912718636647, "fpem/env_exogenous_load_embedding_norm": 1.9102757329032534, "fpem/env_rep_ablation_normal": 1.0, "fpem/env_rep_ablation_zero": 0.0, "fpem/env_rep_ablation_shuffle_batch": 0.0, "fpem/env_rep_ablation_mode_id": 0.0, "fpem/mask_loss": 0.0, "fpem/mask_sparse_loss": 0.0, "fpem/mask_entropy_loss": 0.0, "fpem/mask_mean": 1.0, "fpem/mask_entropy": 0.0, "fpem/mask_active_ratio": 1.0, "fpem/fusion_alpha_mean": 0.0, "fpem/fusion_alpha_std": 0.0, "fpem/fusion_alpha_min": 0.0, "fpem/fusion_alpha_max": 0.0, "fpem/env_route_loss": 1.9118062904902866, "fpem/env_route_L_final": 9.141757656279065, "fpem/env_route_L_global": 0.0, "fpem/env_route_L_route_soft": 0.0, "fpem/env_route_L_expert": 9.55903130485898, "fpem/env_route_L_router_oracle": 0.0, "fpem/env_route_L_balance": 0.0, "fpem/env_route_L_diverse": 0.0, "fpem/env_route_L_proto_align": 0.0, "fpem/env_route_entropy": 0.0, "fpem/env_route_q_max_mean": 0.0, "fpem/hyper_alpha_mean": 0.0, "fpem/hyper_delta_norm": 0.0, "fpem/hyper_route_proto_mode_uniform_warmup": 0.0, "fpem/hyper_route_proto_mode_uniform_fixed": 0.0, "fpem/hyper_route_proto_mode_sinkhorn": 0.0, "fpem/hyper_route_proto_mode_softmax": 0.0, "fpem/fallback_q_mean": 0.0, "fpem/fallback_q_max": 0.0, "fpem/env_q_sum_mean": 1.0, "fpem/oracle_fallback_rate": 0.0, "fpem/route_count_fallback": 0.0, "fpem/env_route_head_mode": 1.0, "fpem/route_entropy_mean": 0.0, "fpem/route_mean_distribution_entropy": 0.0, "fpem/effective_expert_number": 1.0, "fpem/max_expert_usage_ratio": 0.0, "fpem/min_expert_usage_ratio": 0.0, "fpem/prototype_pairwise_cosine": 0.0, "fpem/expert_prediction_pairwise_cosine": 0.0, "fpem/expert_collapse_warning": 0.0, "fpem/env_route_target_mode_env_prototype": 0.0, "fpem/env_route_target_mode_hybrid": 0.0, "fpem/env_route_hybrid_alpha": 0.0, "fpem/env_route_train_mode_warmup_risk_sinkhorn": 0.0, "fpem/warmup_risk_stage_warmup": 0.0, "fpem/warmup_risk_stage_soft": 0.0, "fpem/warmup_risk_stage_hard": 0.0, "fpem/warmup_risk_selected_loss": 0.0, "fpem/warmup_risk_uniform_common_loss": 0.0, "fpem/warmup_risk_lambda_common": 0.0, "fpem/warmup_risk_total_common_term": 0.0, "fpem/warmup_risk_temperature": 0.0, "fpem/warmup_risk_temperature_progress": 0.0, "fpem/uniform_expert_mae": 0.0, "fpem/risk_routed_mae": 0.0, "fpem/risk_prediction_mae": 0.0, "fpem/risk_loss": 0.0, "fpem/risk_ranking_loss": 0.0, "fpem/risk_ranking_accuracy": 0.0, "fpem/risk_oracle_argmin_accuracy": 0.0, "fpem/risk_router_temperature": 0.0, "fpem/risk_router_lambda": 0.0, "fpem/risk_router_pairwise_lambda": 0.0, "fpem/env_route_train_mode_progressive_gmm_environment": 0.0, "fpem/top_level_prediction_source_progressive_gmm_teacher_hard": 0.0, "fpem/progressive_assignment_uses_target_or_prediction_error": 0.0, "fpem/progressive_partition_ready": 0.0, "fpem/progressive_selected_k": 0.0, "fpem/progressive_active_expert_count": 0.0, "fpem/progressive_last_partition_epoch": 0.0, "fpem/progressive_lambda_common": 0.0, "fpem/progressive_common_term": 0.0, "fpem/progressive_compactness_loss": 0.0, "fpem/progressive_consistency_loss": 0.0, "fpem/progressive_cluster_entropy": 0.0, "fpem/progressive_assignment_change_ratio": 0.0, "fpem/progressive_hungarian_overlap_score": 0.0, "fpem/progressive_partition_update_time_sec": 0.0, "fpem/progressive_routed_mae": 0.0, "fpem/progressive_gmm_environment_total_replaces_primary": 0.0, "fpem/env_route_count_head_0": 16.0, "fpem/env_route_oracle_count_head_0": 16.0, "fpem/route_count_env_head_0": 16.0, "fpem/route_soft_mean_expert_0": 1.0, "fpem/route_hard_count_expert_0": 16.0, "fpem/hard_count_expert_0": 16.0, "fpem/sinkhorn_soft_col_mass_expert_0": 0.0, "fpem/progressive_active_expert_0": 0.0, "fpem/progressive_cluster_size_0": 0.0, "fpem/progressive_cluster_ratio_0": 0.0, "fpem/progressive_cluster_to_expert_0": 0.0, "fpem/progressive_bic_k1": 0.0, "fpem/progressive_bic_score_k1": 0.0, "fpem/progressive_bic_rejected_k1": 0.0, "fpem/hyper_alpha_head_0": 0.0, "fpem/hyper_gamma_norm_head_0": 0.0, "fpem/hyper_beta_norm_head_0": 0.0, "fpem/expert_cross_mae_group_0_expert_0": 9.55903130485898, "fpem/load_expert_loss": 9.55903130485898, "fpem/counterfactual_risk_router_loss": 0.0, "fpem/counterfactual_risk_regression_loss": 9.094890326545352, "fpem/counterfactual_risk_ranking_loss": 1.5937928892317272, "fpem/load_level_assignment_detached": 1.0, "fpem/load_level_count_0": 1680.0, "fpem/load_level_ratio_0": 1.0, "fpem/expert_0_global_loss": 9.55903130485898, "fpem/expert_0_selected_loss": 9.55903130485898, "fpem/counterfactual_risk_stage2_active": 0.0, "fpem/counterfactual_risk_stage2_start_epoch": 20.0, "fpem/counterfactual_risk_all_environment_mae": 9.55903130485898, "fpem/counterfactual_risk_all_invariant_mae": 9.662237426212856, "fpem/counterfactual_risk_routed_mae": 9.55903130485898, "fpem/counterfactual_risk_oracle_mae": 9.47018194652739, "fpem/counterfactual_risk_router_accuracy": 0.6285714285714286, "fpem/counterfactual_risk_router_balanced_accuracy": 0.5, "fpem/counterfactual_risk_inv_route_ratio": 0.0, "fpem/counterfactual_risk_env_route_ratio": 1.0, "fpem/counterfactual_risk_inv_switch_precision": 0.0, "fpem/counterfactual_risk_correct_inv_switches": 0.0, "fpem/counterfactual_risk_harmful_inv_switches": 0.0, "fpem/counterfactual_risk_saved_loss": 0.0, "fpem/counterfactual_risk_added_loss": 0.0, "fpem/counterfactual_risk_net_gain": 0.0, "fpem/counterfactual_risk_regret": 0.08884935833158947, "fpem/counterfactual_risk_oracle_gap_closed": 0.0, "fpem/counterfactual_risk_delta_mean": -0.10320612901733035, "fpem/counterfactual_risk_target_inv_ratio": 0.37142857142857144, "fpem/counterfactual_risk_weight_env_sum": 7.999999922797794, "fpem/counterfactual_risk_weight_inv_sum": 7.999999950045631, "fpem/counterfactual_risk_prediction_is_hard_route": 1.0, "fpem/counterfactual_risk_prediction_is_soft_fusion": 0.0, "fpem/counterfactual_risk_target_detached": 1.0, "fpem/counterfactual_risk_uses_threshold": 0.0, "fpem/counterfactual_risk_all_samples_used_for_router": 1.0, "fpem/hard_router_predicted_env_ratio": 1.0, "fpem/hard_router_effective_env_ratio": 1.0, "fpem/hard_router_target_env_ratio": 0.6285714285714286, "fpem/hard_router_gain_mean": -0.10320612901733035, "fpem/expert_prediction_pairwise_difference": 0.0, "fpem/delta_pairwise_cosine": 0.0, "fpem/delta_pairwise_l1": 0.0, "fpem/delta_pairwise_l2": 0.0, "fpem/expert_0_parameter_norm": 14.866828182765415, "fpem/hard_binary_router_enabled": 0.0, "fpem/hard_router_uses_target_in_forward": 0.0, "fpem/stored_future_c_loaded": 0.0, "fpem/prediction_is_weighted_complete_fusion": 0.0, "fpem/prediction_is_hard_route": 1.0, "fpem/conservative_inv_override_enabled": 0.0, "fpem/conservative_router_features_detached": 1.0, "fpem/counterfactual_risk_router_enabled": 1.0, "fpem/counterfactual_risk_stage2_active_forward": 0.0, "fpem/counterfactual_risk_deploy_route_active": 0.0, "fpem/counterfactual_risk_training_uses_route": 0.0, "fpem/counterfactual_risk_forward_uses_threshold": 0.0, "fpem/future_mi_loss": 0.0, "fpem/future_mi_valid": 0.0, "fpem/future_mi_logvar_mean": 0.0, "fpem/future_mi_target_mode_env_encoder": 0.0, "fpem/swap_loss": 0.0, "fpem/swap_diff_loss": 0.0, "fpem/swap_same_loss": 0.0, "fpem/swap_gain_mean": 0.0, "fpem/swap_s_gain_mean": 0.0, "fpem/swap_fallback_router_loss": 0.0, "fpem/swap_fallback_q_mean": 0.0, "fpem/swap_prediction_delta": 0.0, "fpem/swap_route_delta": 0.0, "fpem/swap_hyper_alpha_delta": 0.0, "fpem/swap_hyper_delta_norm": 0.0, "fpem/loss_env_day": 0.0, "fpem/loss_env_hour": 0.0, "fpem/loss_env_rush": 0.0, "fpem/env_day_acc": 0.0, "fpem/env_hour_acc": 0.0, "fpem/env_rush_acc": 0.0, "fpem/loss_env_supcon": 0.0, "fpem/env_supcon_valid_pairs": 0.0, "fpem/loss_inv_env_adv": 0.0, "fpem/inv_day_acc": 0.0, "fpem/inv_hour_acc": 0.0, "fpem/inv_rush_acc": 0.0, "fpem/loss_cross_cov_sep": 0.0, "fpem/confounder_dep_enabled": 1.0, "fpem/confounder_dep_mode_gci": 1.0, "fpem/confounder_dep_mode_scd": 0.0, "fpem/confounder_dep_mode_both": 0.0, "fpem/confounder_dep_total": 0.0956269152817272, "fpem/loss_gci": 8.064590351534121e-05, "fpem/loss_gci_drop": 8.06452651366791e-05, "fpem/loss_gci_keep": 6.385506521956939e-09, "fpem/loss_gci_graph_align": 0.9562688793454851, "fpem/loss_scd": 0.0, "fpem/loss_conf_kl": 0.0004977430616106306, "fpem/effective_gci_weight": 0.00019999999494757503, "fpem/effective_gci_graph_align_weight": 0.10000000149011612, "fpem/effective_scd_weight": 0.0, "fpem/effective_conf_kl_weight": 1.9999999494757503e-05, "fpem/confounder_dep_ramp_factor": 0.20000000298023224, "fpem/C_mean": -0.0009598341371331896, "fpem/C_std": 0.9854020612580435, "fpem/C_norm": 2.720727925073533, "fpem/confounder_token_norm": 7.98879185177031, "fpem/confounder_variational": 1.0, "fpem/confounder_projection_trace": 7.998713475181943, "fpem/confounder_projection_ridge": 0.0010000000474974513, "fpem/confounder_projection_rank_dim": 8.0, "fpem/confounder_projection_calls": 1.0, "fpem/confounder_dep_detach_target": 1.0, "fpem/gci_nonedge_mass_before_C": 0.9592820746558053, "fpem/gci_nonedge_mass_after_C": 0.9593487489791144, "fpem/gci_nonedge_mass_reduction": -6.667432330903553e-05, "fpem/gci_relative_violation": 8.06452651366791e-05, "fpem/gci_edge_before_C": 0.005007735120930842, "fpem/gci_edge_after_C": 0.005003426632001286, "fpem/gci_nonedge_conn_before_C": 0.004999385490303948, "fpem/gci_nonedge_conn_after_C": 0.004999733002235492, "fpem/gci_nonedge_conn_reduction": -3.4751193154425846e-07, "fpem/gci_edge_conn_before_C": 0.005007735120930842, "fpem/gci_edge_conn_after_C": 0.005003426632001286, "fpem/gci_edge_conn_reduction": 4.308488929555529e-06, "fpem/gci_nonedge_dep_before_C": 0.004999385490303948, "fpem/gci_nonedge_dep_after_C": 0.004999733002235492, "fpem/gci_nonedge_dep_reduction": -3.4751193154425846e-07, "fpem/gci_edge_dep_before_C": 0.005007735120930842, "fpem/gci_edge_dep_after_C": 0.005003426632001286, "fpem/gci_nonedge_count": 38376.0, "fpem/gci_edge_count": 1424.0, "fpem/gci_node_count": 200.0, "fpem/gci_node_vector_dim": 2240.0, "fpem/gci_graph_embed_dim": 16.0, "fpem/gci_graph_embedding_norm_before": 0.07488976734734717, "fpem/gci_graph_embedding_norm_after": 0.05407339082587333, "fpem/gci_graph_embedding_std_before": 0.028578409517095203, "fpem/gci_graph_embedding_std_after": 0.01978874829198633, "fpem/gci_graph_adj_mean_before": 0.004999999888241291, "fpem/gci_graph_adj_mean_after": 0.004999999888241291, "fpem/gci_graph_adj_std_before": 4.473170937715276e-05, "fpem/gci_graph_adj_std_after": 2.1012820027300178e-05, "fpem/gci_graph_align_weight": 0.10000000149011612, "fpem/gci_graph_align_raw_mse": 5.146501434540239e-08, "fpem/gci_graph_align_normalized": 0.9562688793454851, "fpem/gci_edge_preserve_beta": 0.10000000149011612, "fpem/gci_graph_align_target_available": 1.0, "fpem/gci_target_adj_mean": 0.004999999888241291, "fpem/gci_target_adj_std": 0.0002319861378055066, "fpem/gci_target_edge_mean": 0.00513450289145112, "fpem/gci_target_nonedge_mean": 0.0049905311316251755, "fpem/gci_target_diag_mean": 0.00585911376401782, "fpem/gci_graph_align_updates_agcrn": 0.0, "fpem/gci_updates_graph_linear": 0.0, "fpem/gci_graph_construction_agcrn_softmax": 1.0, "fpem/scd_assoc_before_C": 0.0, "fpem/scd_assoc_after_C": 0.0, "fpem/scd_assoc_reduction": 0.0, "fpem/scd_relative_violation": 0.0, "fpem/sample_assoc_before_C": 0.0, "fpem/sample_assoc_after_C": 0.0, "fpem/sample_assoc_reduction": 0.0, "fpem/sample_dep_before_C": 0.0, "fpem/sample_dep_after_C": 0.0, "fpem/sample_dep_reduction": 0.0, "fpem/scd_batch_size": 0.0, "fpem/scd_sample_vector_dim": 0.0, "fpem/sample_kernel_alignment": 0.0, "fpem/scd_alignment_loss": 0.0, "fpem/load_level_experts_enabled": 1.0, "fpem/load_level_uses_target_or_future_load": 0.0, "fpem/environment_gate_uses_target_in_forward": 0.0, "fpem/load_level_env_residual_scale": 0.0, "fpem/uses_cached_observable_load_prior": 1.0, "fpem/primary_loss": 9.141757656279065, "fpem/inv_pred_loss": 9.215184933798653, "fpem/primary_uses_route": 1.0, "fpem/primary_uses_env_fusion": 0.0, "fpem/backbone_agcrn": 1.0, "fpem/backbone_graphwavenet": 0.0, "fpem/backbone_staeformer": 0.0, "fpem/gc_pred_loss_only": 1.0, "fpem/env_route_head_mode_hyper_proto": 1.0, "fpem/fpem_force_uniform_route": 0.0, "fpem/hard_prediction_sinkhorn_total_replaces_primary": 0.0, "fpem/hard_prediction_environment_sinkhorn_total_replaces_primary": 0.0, "fpem/warmup_risk_sinkhorn_total_replaces_primary": 0.0, "fpem/lambda_club_mi": 0.0}}
EPOCH {"epoch": 8, "train_loss": 11.159894516354516, "val": {"loss": 11.840208768844604, "mae": 11.637160301208496, "mape": 0.18009249866008759}, "test_mixed": {"loss": NaN, "mae": NaN, "mape": NaN}, "test_workday": {"loss": NaN, "mae": NaN, "mape": NaN}, "test_holiday": {"loss": NaN, "mae": NaN, "mape": NaN}, "test_avg_mae": NaN, "best_selection_value": 11.840208768844604, "best_selection_split": "val", "best_selection_metric": "val_loss", "lr": 0.001, "fpem_logs": {"fpem/fpem_env_use_exogenous": 1.0, "fpem/env_exogenous_available": 1.0, "fpem/env_exogenous_time_available": 1.0, "fpem/env_exogenous_load_available": 1.0, "fpem/env_exogenous_feature_dim": 32.0, "fpem/env_exogenous_embedding_norm": 2.685905258996146, "fpem/env_exogenous_load_embedding_norm": 1.9214168798355828, "fpem/env_rep_ablation_normal": 1.0, "fpem/env_rep_ablation_zero": 0.0, "fpem/env_rep_ablation_shuffle_batch": 0.0, "fpem/env_rep_ablation_mode_id": 0.0, "fpem/mask_loss": 0.0, "fpem/mask_sparse_loss": 0.0, "fpem/mask_entropy_loss": 0.0, "fpem/mask_mean": 1.0, "fpem/mask_entropy": 0.0, "fpem/mask_active_ratio": 1.0, "fpem/fusion_alpha_mean": 0.0, "fpem/fusion_alpha_std": 0.0, "fpem/fusion_alpha_min": 0.0, "fpem/fusion_alpha_max": 0.0, "fpem/env_route_loss": 1.9153200785319011, "fpem/env_route_L_final": 9.146604265485491, "fpem/env_route_L_global": 0.0, "fpem/env_route_L_route_soft": 0.0, "fpem/env_route_L_expert": 9.576600224631173, "fpem/env_route_L_router_oracle": 0.0, "fpem/env_route_L_balance": 0.0, "fpem/env_route_L_diverse": 0.0, "fpem/env_route_L_proto_align": 0.0, "fpem/env_route_entropy": 0.0, "fpem/env_route_q_max_mean": 0.0, "fpem/hyper_alpha_mean": 0.0, "fpem/hyper_delta_norm": 0.0, "fpem/hyper_route_proto_mode_uniform_warmup": 0.0, "fpem/hyper_route_proto_mode_uniform_fixed": 0.0, "fpem/hyper_route_proto_mode_sinkhorn": 0.0, "fpem/hyper_route_proto_mode_softmax": 0.0, "fpem/fallback_q_mean": 0.0, "fpem/fallback_q_max": 0.0, "fpem/env_q_sum_mean": 1.0, "fpem/oracle_fallback_rate": 0.0, "fpem/route_count_fallback": 0.0, "fpem/env_route_head_mode": 1.0, "fpem/route_entropy_mean": 0.0, "fpem/route_mean_distribution_entropy": 0.0, "fpem/effective_expert_number": 1.0, "fpem/max_expert_usage_ratio": 0.0, "fpem/min_expert_usage_ratio": 0.0, "fpem/prototype_pairwise_cosine": 0.0, "fpem/expert_prediction_pairwise_cosine": 0.0, "fpem/expert_collapse_warning": 0.0, "fpem/env_route_target_mode_env_prototype": 0.0, "fpem/env_route_target_mode_hybrid": 0.0, "fpem/env_route_hybrid_alpha": 0.0, "fpem/env_route_train_mode_warmup_risk_sinkhorn": 0.0, "fpem/warmup_risk_stage_warmup": 0.0, "fpem/warmup_risk_stage_soft": 0.0, "fpem/warmup_risk_stage_hard": 0.0, "fpem/warmup_risk_selected_loss": 0.0, "fpem/warmup_risk_uniform_common_loss": 0.0, "fpem/warmup_risk_lambda_common": 0.0, "fpem/warmup_risk_total_common_term": 0.0, "fpem/warmup_risk_temperature": 0.0, "fpem/warmup_risk_temperature_progress": 0.0, "fpem/uniform_expert_mae": 0.0, "fpem/risk_routed_mae": 0.0, "fpem/risk_prediction_mae": 0.0, "fpem/risk_loss": 0.0, "fpem/risk_ranking_loss": 0.0, "fpem/risk_ranking_accuracy": 0.0, "fpem/risk_oracle_argmin_accuracy": 0.0, "fpem/risk_router_temperature": 0.0, "fpem/risk_router_lambda": 0.0, "fpem/risk_router_pairwise_lambda": 0.0, "fpem/env_route_train_mode_progressive_gmm_environment": 0.0, "fpem/top_level_prediction_source_progressive_gmm_teacher_hard": 0.0, "fpem/progressive_assignment_uses_target_or_prediction_error": 0.0, "fpem/progressive_partition_ready": 0.0, "fpem/progressive_selected_k": 0.0, "fpem/progressive_active_expert_count": 0.0, "fpem/progressive_last_partition_epoch": 0.0, "fpem/progressive_lambda_common": 0.0, "fpem/progressive_common_term": 0.0, "fpem/progressive_compactness_loss": 0.0, "fpem/progressive_consistency_loss": 0.0, "fpem/progressive_cluster_entropy": 0.0, "fpem/progressive_assignment_change_ratio": 0.0, "fpem/progressive_hungarian_overlap_score": 0.0, "fpem/progressive_partition_update_time_sec": 0.0, "fpem/progressive_routed_mae": 0.0, "fpem/progressive_gmm_environment_total_replaces_primary": 0.0, "fpem/env_route_count_head_0": 16.0, "fpem/env_route_oracle_count_head_0": 16.0, "fpem/route_count_env_head_0": 16.0, "fpem/route_soft_mean_expert_0": 1.0, "fpem/route_hard_count_expert_0": 16.0, "fpem/hard_count_expert_0": 16.0, "fpem/sinkhorn_soft_col_mass_expert_0": 0.0, "fpem/progressive_active_expert_0": 0.0, "fpem/progressive_cluster_size_0": 0.0, "fpem/progressive_cluster_ratio_0": 0.0, "fpem/progressive_cluster_to_expert_0": 0.0, "fpem/progressive_bic_k1": 0.0, "fpem/progressive_bic_score_k1": 0.0, "fpem/progressive_bic_rejected_k1": 0.0, "fpem/hyper_alpha_head_0": 0.0, "fpem/hyper_gamma_norm_head_0": 0.0, "fpem/hyper_beta_norm_head_0": 0.0, "fpem/expert_cross_mae_group_0_expert_0": 9.576600224631173, "fpem/load_expert_loss": 9.576600224631173, "fpem/counterfactual_risk_router_loss": 0.0, "fpem/counterfactual_risk_regression_loss": 9.24783593586513, "fpem/counterfactual_risk_ranking_loss": 1.5989568778446743, "fpem/load_level_assignment_detached": 1.0, "fpem/load_level_count_0": 1680.0, "fpem/load_level_ratio_0": 1.0, "fpem/expert_0_global_loss": 9.576600224631173, "fpem/expert_0_selected_loss": 9.576600224631173, "fpem/counterfactual_risk_stage2_active": 0.0, "fpem/counterfactual_risk_stage2_start_epoch": 20.0, "fpem/counterfactual_risk_all_environment_mae": 9.576600224631173, "fpem/counterfactual_risk_all_invariant_mae": 9.662237458002, "fpem/counterfactual_risk_routed_mae": 9.576600224631173, "fpem/counterfactual_risk_oracle_mae": 9.472657394409179, "fpem/counterfactual_risk_router_accuracy": 0.6279761904761905, "fpem/counterfactual_risk_router_balanced_accuracy": 0.49047619047619045, "fpem/counterfactual_risk_inv_route_ratio": 0.0, "fpem/counterfactual_risk_env_route_ratio": 1.0, "fpem/counterfactual_risk_inv_switch_precision": 0.0, "fpem/counterfactual_risk_correct_inv_switches": 0.0, "fpem/counterfactual_risk_harmful_inv_switches": 0.0, "fpem/counterfactual_risk_saved_loss": 0.0, "fpem/counterfactual_risk_added_loss": 0.0, "fpem/counterfactual_risk_net_gain": 0.0, "fpem/counterfactual_risk_regret": 0.10394283022199358, "fpem/counterfactual_risk_oracle_gap_closed": 0.0, "fpem/counterfactual_risk_delta_mean": -0.08563729567187173, "fpem/counterfactual_risk_target_inv_ratio": 0.37202380952380953, "fpem/counterfactual_risk_weight_env_sum": 7.847619070325579, "fpem/counterfactual_risk_weight_inv_sum": 8.152380920591808, "fpem/counterfactual_risk_prediction_is_hard_route": 1.0, "fpem/counterfactual_risk_prediction_is_soft_fusion": 0.0, "fpem/counterfactual_risk_target_detached": 1.0, "fpem/counterfactual_risk_uses_threshold": 0.0, "fpem/counterfactual_risk_all_samples_used_for_router": 1.0, "fpem/hard_router_predicted_env_ratio": 1.0, "fpem/hard_router_effective_env_ratio": 1.0, "fpem/hard_router_target_env_ratio": 0.6279761904761905, "fpem/hard_router_gain_mean": -0.08563729567187173, "fpem/expert_prediction_pairwise_difference": 0.0, "fpem/delta_pairwise_cosine": 0.0, "fpem/delta_pairwise_l1": 0.0, "fpem/delta_pairwise_l2": 0.0, "fpem/expert_0_parameter_norm": 14.870935685294015, "fpem/hard_binary_router_enabled": 0.0, "fpem/hard_router_uses_target_in_forward": 0.0, "fpem/stored_future_c_loaded": 0.0, "fpem/prediction_is_weighted_complete_fusion": 0.0, "fpem/prediction_is_hard_route": 1.0, "fpem/conservative_inv_override_enabled": 0.0, "fpem/conservative_router_features_detached": 1.0, "fpem/counterfactual_risk_router_enabled": 1.0, "fpem/counterfactual_risk_stage2_active_forward": 0.0, "fpem/counterfactual_risk_deploy_route_active": 0.0, "fpem/counterfactual_risk_training_uses_route": 0.0, "fpem/counterfactual_risk_forward_uses_threshold": 0.0, "fpem/future_mi_loss": 0.0, "fpem/future_mi_valid": 0.0, "fpem/future_mi_logvar_mean": 0.0, "fpem/future_mi_target_mode_env_encoder": 0.0, "fpem/swap_loss": 0.0, "fpem/swap_diff_loss": 0.0, "fpem/swap_same_loss": 0.0, "fpem/swap_gain_mean": 0.0, "fpem/swap_s_gain_mean": 0.0, "fpem/swap_fallback_router_loss": 0.0, "fpem/swap_fallback_q_mean": 0.0, "fpem/swap_prediction_delta": 0.0, "fpem/swap_route_delta": 0.0, "fpem/swap_hyper_alpha_delta": 0.0, "fpem/swap_hyper_delta_norm": 0.0, "fpem/loss_env_day": 0.0, "fpem/loss_env_hour": 0.0, "fpem/loss_env_rush": 0.0, "fpem/env_day_acc": 0.0, "fpem/env_hour_acc": 0.0, "fpem/env_rush_acc": 0.0, "fpem/loss_env_supcon": 0.0, "fpem/env_supcon_valid_pairs": 0.0, "fpem/loss_inv_env_adv": 0.0, "fpem/inv_day_acc": 0.0, "fpem/inv_hour_acc": 0.0, "fpem/inv_rush_acc": 0.0, "fpem/loss_cross_cov_sep": 0.0, "fpem/confounder_dep_enabled": 1.0, "fpem/confounder_dep_mode_gci": 1.0, "fpem/confounder_dep_mode_scd": 0.0, "fpem/confounder_dep_mode_both": 0.0, "fpem/confounder_dep_total": 0.09482564124323073, "fpem/loss_gci": 9.28753795700946e-05, "fpem/loss_gci_drop": 9.287467203518774e-05, "fpem/loss_gci_keep": 7.073967270155804e-09, "fpem/loss_gci_graph_align": 0.9482559862590971, "fpem/loss_scd": 0.0, "fpem/loss_conf_kl": 0.00046738444694450923, "fpem/effective_gci_weight": 0.0003000000142492354, "fpem/effective_gci_graph_align_weight": 0.10000000149011612, "fpem/effective_scd_weight": 0.0, "fpem/effective_conf_kl_weight": 2.9999999242136255e-05, "fpem/confounder_dep_ramp_factor": 0.30000001192092896, "fpem/C_mean": -0.00892104015109085, "fpem/C_std": 0.9846122599783398, "fpem/C_norm": 2.7123854750678653, "fpem/confounder_token_norm": 7.983293428875151, "fpem/confounder_variational": 1.0, "fpem/confounder_projection_trace": 7.99861707687378, "fpem/confounder_projection_ridge": 0.0010000000474974513, "fpem/confounder_projection_rank_dim": 8.0, "fpem/confounder_projection_calls": 1.0, "fpem/confounder_dep_detach_target": 1.0, "fpem/gci_nonedge_mass_before_C": 0.9592616109620957, "fpem/gci_nonedge_mass_after_C": 0.9593382704825628, "fpem/gci_nonedge_mass_reduction": -7.66595204671224e-05, "fpem/gci_relative_violation": 9.287467203518774e-05, "fpem/gci_edge_before_C": 0.005009485883194776, "fpem/gci_edge_after_C": 0.005004362526926256, "fpem/gci_nonedge_conn_before_C": 0.004999278849434285, "fpem/gci_nonedge_conn_after_C": 0.004999678395688534, "fpem/gci_nonedge_conn_reduction": -3.995462542488461e-07, "fpem/gci_edge_conn_before_C": 0.005009485883194776, "fpem/gci_edge_conn_after_C": 0.005004362526926256, "fpem/gci_edge_conn_reduction": 5.123356268519447e-06, "fpem/gci_nonedge_dep_before_C": 0.004999278849434285, "fpem/gci_nonedge_dep_after_C": 0.004999678395688534, "fpem/gci_nonedge_dep_reduction": -3.995462542488461e-07, "fpem/gci_edge_dep_before_C": 0.005009485883194776, "fpem/gci_edge_dep_after_C": 0.005004362526926256, "fpem/gci_nonedge_count": 38376.0, "fpem/gci_edge_count": 1424.0, "fpem/gci_node_count": 200.0, "fpem/gci_node_vector_dim": 2240.0, "fpem/gci_graph_embed_dim": 16.0, "fpem/gci_graph_embedding_norm_before": 0.08131395628054937, "fpem/gci_graph_embedding_norm_after": 0.058157942089296526, "fpem/gci_graph_embedding_std_before": 0.030602475858870007, "fpem/gci_graph_embedding_std_after": 0.021213366366213276, "fpem/gci_graph_adj_mean_before": 0.004999999888241291, "fpem/gci_graph_adj_mean_after": 0.004999999888241291, "fpem/gci_graph_adj_std_before": 4.933933740262762e-05, "fpem/gci_graph_adj_std_after": 2.3899249503128454e-05, "fpem/gci_graph_align_weight": 0.10000000149011612, "fpem/gci_graph_align_raw_mse": 5.1033772018897814e-08, "fpem/gci_graph_align_normalized": 0.9482559862590971, "fpem/gci_edge_preserve_beta": 0.10000000149011612, "fpem/gci_graph_align_target_available": 1.0, "fpem/gci_target_adj_mean": 0.004999999888241291, "fpem/gci_target_adj_std": 0.0002319861378055066, "fpem/gci_target_edge_mean": 0.00513450289145112, "fpem/gci_target_nonedge_mean": 0.0049905311316251755, "fpem/gci_target_diag_mean": 0.00585911376401782, "fpem/gci_graph_align_updates_agcrn": 0.0, "fpem/gci_updates_graph_linear": 0.0, "fpem/gci_graph_construction_agcrn_softmax": 1.0, "fpem/scd_assoc_before_C": 0.0, "fpem/scd_assoc_after_C": 0.0, "fpem/scd_assoc_reduction": 0.0, "fpem/scd_relative_violation": 0.0, "fpem/sample_assoc_before_C": 0.0, "fpem/sample_assoc_after_C": 0.0, "fpem/sample_assoc_reduction": 0.0, "fpem/sample_dep_before_C": 0.0, "fpem/sample_dep_after_C": 0.0, "fpem/sample_dep_reduction": 0.0, "fpem/scd_batch_size": 0.0, "fpem/scd_sample_vector_dim": 0.0, "fpem/sample_kernel_alignment": 0.0, "fpem/scd_alignment_loss": 0.0, "fpem/load_level_experts_enabled": 1.0, "fpem/load_level_uses_target_or_future_load": 0.0, "fpem/environment_gate_uses_target_in_forward": 0.0, "fpem/load_level_env_residual_scale": 0.0, "fpem/uses_cached_observable_load_prior": 1.0, "fpem/primary_loss": 9.146604265485491, "fpem/inv_pred_loss": 9.208514086405437, "fpem/primary_uses_route": 1.0, "fpem/primary_uses_env_fusion": 0.0, "fpem/backbone_agcrn": 1.0, "fpem/backbone_graphwavenet": 0.0, "fpem/backbone_staeformer": 0.0, "fpem/gc_pred_loss_only": 1.0, "fpem/env_route_head_mode_hyper_proto": 1.0, "fpem/fpem_force_uniform_route": 0.0, "fpem/hard_prediction_sinkhorn_total_replaces_primary": 0.0, "fpem/hard_prediction_environment_sinkhorn_total_replaces_primary": 0.0, "fpem/warmup_risk_sinkhorn_total_replaces_primary": 0.0, "fpem/lambda_club_mi": 0.0}}
EPOCH {"epoch": 9, "train_loss": 11.107724171593075, "val": {"loss": 11.825175709194607, "mae": 11.6172513961792, "mape": 0.18095771968364716}, "test_mixed": {"loss": NaN, "mae": NaN, "mape": NaN}, "test_workday": {"loss": NaN, "mae": NaN, "mape": NaN}, "test_holiday": {"loss": NaN, "mae": NaN, "mape": NaN}, "test_avg_mae": NaN, "best_selection_value": 11.825175709194607, "best_selection_split": "val", "best_selection_metric": "val_loss", "lr": 0.001, "fpem_logs": {"fpem/fpem_env_use_exogenous": 1.0, "fpem/env_exogenous_available": 1.0, "fpem/env_exogenous_time_available": 1.0, "fpem/env_exogenous_load_available": 1.0, "fpem/env_exogenous_feature_dim": 32.0, "fpem/env_exogenous_embedding_norm": 2.6995264393942695, "fpem/env_exogenous_load_embedding_norm": 1.9252216861361549, "fpem/env_rep_ablation_normal": 1.0, "fpem/env_rep_ablation_zero": 0.0, "fpem/env_rep_ablation_shuffle_batch": 0.0, "fpem/env_rep_ablation_mode_id": 0.0, "fpem/mask_loss": 0.0, "fpem/mask_sparse_loss": 0.0, "fpem/mask_entropy_loss": 0.0, "fpem/mask_mean": 1.0, "fpem/mask_entropy": 0.0, "fpem/mask_active_ratio": 1.0, "fpem/fusion_alpha_mean": 0.0, "fpem/fusion_alpha_std": 0.0, "fpem/fusion_alpha_min": 0.0, "fpem/fusion_alpha_max": 0.0, "fpem/env_route_loss": 1.9054249127705891, "fpem/env_route_L_final": 9.110247702825637, "fpem/env_route_L_global": 0.0, "fpem/env_route_L_route_soft": 0.0, "fpem/env_route_L_expert": 9.52712445032029, "fpem/env_route_L_router_oracle": 0.0, "fpem/env_route_L_balance": 0.0, "fpem/env_route_L_diverse": 0.0, "fpem/env_route_L_proto_align": 0.0, "fpem/env_route_entropy": 0.0, "fpem/env_route_q_max_mean": 0.0, "fpem/hyper_alpha_mean": 0.0, "fpem/hyper_delta_norm": 0.0, "fpem/hyper_route_proto_mode_uniform_warmup": 0.0, "fpem/hyper_route_proto_mode_uniform_fixed": 0.0, "fpem/hyper_route_proto_mode_sinkhorn": 0.0, "fpem/hyper_route_proto_mode_softmax": 0.0, "fpem/fallback_q_mean": 0.0, "fpem/fallback_q_max": 0.0, "fpem/env_q_sum_mean": 1.0, "fpem/oracle_fallback_rate": 0.0, "fpem/route_count_fallback": 0.0, "fpem/env_route_head_mode": 1.0, "fpem/route_entropy_mean": 0.0, "fpem/route_mean_distribution_entropy": 0.0, "fpem/effective_expert_number": 1.0, "fpem/max_expert_usage_ratio": 0.0, "fpem/min_expert_usage_ratio": 0.0, "fpem/prototype_pairwise_cosine": 0.0, "fpem/expert_prediction_pairwise_cosine": 0.0, "fpem/expert_collapse_warning": 0.0, "fpem/env_route_target_mode_env_prototype": 0.0, "fpem/env_route_target_mode_hybrid": 0.0, "fpem/env_route_hybrid_alpha": 0.0, "fpem/env_route_train_mode_warmup_risk_sinkhorn": 0.0, "fpem/warmup_risk_stage_warmup": 0.0, "fpem/warmup_risk_stage_soft": 0.0, "fpem/warmup_risk_stage_hard": 0.0, "fpem/warmup_risk_selected_loss": 0.0, "fpem/warmup_risk_uniform_common_loss": 0.0, "fpem/warmup_risk_lambda_common": 0.0, "fpem/warmup_risk_total_common_term": 0.0, "fpem/warmup_risk_temperature": 0.0, "fpem/warmup_risk_temperature_progress": 0.0, "fpem/uniform_expert_mae": 0.0, "fpem/risk_routed_mae": 0.0, "fpem/risk_prediction_mae": 0.0, "fpem/risk_loss": 0.0, "fpem/risk_ranking_loss": 0.0, "fpem/risk_ranking_accuracy": 0.0, "fpem/risk_oracle_argmin_accuracy": 0.0, "fpem/risk_router_temperature": 0.0, "fpem/risk_router_lambda": 0.0, "fpem/risk_router_pairwise_lambda": 0.0, "fpem/env_route_train_mode_progressive_gmm_environment": 0.0, "fpem/top_level_prediction_source_progressive_gmm_teacher_hard": 0.0, "fpem/progressive_assignment_uses_target_or_prediction_error": 0.0, "fpem/progressive_partition_ready": 0.0, "fpem/progressive_selected_k": 0.0, "fpem/progressive_active_expert_count": 0.0, "fpem/progressive_last_partition_epoch": 0.0, "fpem/progressive_lambda_common": 0.0, "fpem/progressive_common_term": 0.0, "fpem/progressive_compactness_loss": 0.0, "fpem/progressive_consistency_loss": 0.0, "fpem/progressive_cluster_entropy": 0.0, "fpem/progressive_assignment_change_ratio": 0.0, "fpem/progressive_hungarian_overlap_score": 0.0, "fpem/progressive_partition_update_time_sec": 0.0, "fpem/progressive_routed_mae": 0.0, "fpem/progressive_gmm_environment_total_replaces_primary": 0.0, "fpem/env_route_count_head_0": 16.0, "fpem/env_route_oracle_count_head_0": 16.0, "fpem/route_count_env_head_0": 16.0, "fpem/route_soft_mean_expert_0": 1.0, "fpem/route_hard_count_expert_0": 16.0, "fpem/hard_count_expert_0": 16.0, "fpem/sinkhorn_soft_col_mass_expert_0": 0.0, "fpem/progressive_active_expert_0": 0.0, "fpem/progressive_cluster_size_0": 0.0, "fpem/progressive_cluster_ratio_0": 0.0, "fpem/progressive_cluster_to_expert_0": 0.0, "fpem/progressive_bic_k1": 0.0, "fpem/progressive_bic_score_k1": 0.0, "fpem/progressive_bic_rejected_k1": 0.0, "fpem/hyper_alpha_head_0": 0.0, "fpem/hyper_gamma_norm_head_0": 0.0, "fpem/hyper_beta_norm_head_0": 0.0, "fpem/expert_cross_mae_group_0_expert_0": 9.52712445032029, "fpem/load_expert_loss": 9.52712445032029, "fpem/counterfactual_risk_router_loss": 0.0, "fpem/counterfactual_risk_regression_loss": 9.070544901348295, "fpem/counterfactual_risk_ranking_loss": 1.5761341673987252, "fpem/load_level_assignment_detached": 1.0, "fpem/load_level_count_0": 1680.0, "fpem/load_level_ratio_0": 1.0, "fpem/expert_0_global_loss": 9.52712445032029, "fpem/expert_0_selected_loss": 9.52712445032029, "fpem/counterfactual_risk_stage2_active": 0.0, "fpem/counterfactual_risk_stage2_start_epoch": 20.0, "fpem/counterfactual_risk_all_environment_mae": 9.52712445032029, "fpem/counterfactual_risk_all_invariant_mae": 9.662237485249838, "fpem/counterfactual_risk_routed_mae": 9.52712445032029, "fpem/counterfactual_risk_oracle_mae": 9.448118922823951, "fpem/counterfactual_risk_router_accuracy": 0.656547619047619, "fpem/counterfactual_risk_router_balanced_accuracy": 0.5, "fpem/counterfactual_risk_inv_route_ratio": 0.0, "fpem/counterfactual_risk_env_route_ratio": 1.0, "fpem/counterfactual_risk_inv_switch_precision": 0.0, "fpem/counterfactual_risk_correct_inv_switches": 0.0, "fpem/counterfactual_risk_harmful_inv_switches": 0.0, "fpem/counterfactual_risk_saved_loss": 0.0, "fpem/counterfactual_risk_added_loss": 0.0, "fpem/counterfactual_risk_net_gain": 0.0, "fpem/counterfactual_risk_regret": 0.0790055274963379, "fpem/counterfactual_risk_oracle_gap_closed": 0.0, "fpem/counterfactual_risk_delta_mean": -0.13511308289709545, "fpem/counterfactual_risk_target_inv_ratio": 0.34345238095238095, "fpem/counterfactual_risk_weight_env_sum": 7.9999999409630185, "fpem/counterfactual_risk_weight_inv_sum": 7.999999904632569, "fpem/counterfactual_risk_prediction_is_hard_route": 1.0, "fpem/counterfactual_risk_prediction_is_soft_fusion": 0.0, "fpem/counterfactual_risk_target_detached": 1.0, "fpem/counterfactual_risk_uses_threshold": 0.0, "fpem/counterfactual_risk_all_samples_used_for_router": 1.0, "fpem/hard_router_predicted_env_ratio": 1.0, "fpem/hard_router_effective_env_ratio": 1.0, "fpem/hard_router_target_env_ratio": 0.656547619047619, "fpem/hard_router_gain_mean": -0.13511308289709545, "fpem/expert_prediction_pairwise_difference": 0.0, "fpem/delta_pairwise_cosine": 0.0, "fpem/delta_pairwise_l1": 0.0, "fpem/delta_pairwise_l2": 0.0, "fpem/expert_0_parameter_norm": 14.87436176481701, "fpem/hard_binary_router_enabled": 0.0, "fpem/hard_router_uses_target_in_forward": 0.0, "fpem/stored_future_c_loaded": 0.0, "fpem/prediction_is_weighted_complete_fusion": 0.0, "fpem/prediction_is_hard_route": 1.0, "fpem/conservative_inv_override_enabled": 0.0, "fpem/conservative_router_features_detached": 1.0, "fpem/counterfactual_risk_router_enabled": 1.0, "fpem/counterfactual_risk_stage2_active_forward": 0.0, "fpem/counterfactual_risk_deploy_route_active": 0.0, "fpem/counterfactual_risk_training_uses_route": 0.0, "fpem/counterfactual_risk_forward_uses_threshold": 0.0, "fpem/future_mi_loss": 0.0, "fpem/future_mi_valid": 0.0, "fpem/future_mi_logvar_mean": 0.0, "fpem/future_mi_target_mode_env_encoder": 0.0, "fpem/swap_loss": 0.0, "fpem/swap_diff_loss": 0.0, "fpem/swap_same_loss": 0.0, "fpem/swap_gain_mean": 0.0, "fpem/swap_s_gain_mean": 0.0, "fpem/swap_fallback_router_loss": 0.0, "fpem/swap_fallback_q_mean": 0.0, "fpem/swap_prediction_delta": 0.0, "fpem/swap_route_delta": 0.0, "fpem/swap_hyper_alpha_delta": 0.0, "fpem/swap_hyper_delta_norm": 0.0, "fpem/loss_env_day": 0.0, "fpem/loss_env_hour": 0.0, "fpem/loss_env_rush": 0.0, "fpem/env_day_acc": 0.0, "fpem/env_hour_acc": 0.0, "fpem/env_rush_acc": 0.0, "fpem/loss_env_supcon": 0.0, "fpem/env_supcon_valid_pairs": 0.0, "fpem/loss_inv_env_adv": 0.0, "fpem/inv_day_acc": 0.0, "fpem/inv_hour_acc": 0.0, "fpem/inv_rush_acc": 0.0, "fpem/loss_cross_cov_sep": 0.0, "fpem/confounder_dep_enabled": 1.0, "fpem/confounder_dep_mode_gci": 1.0, "fpem/confounder_dep_mode_scd": 0.0, "fpem/confounder_dep_mode_both": 0.0, "fpem/confounder_dep_total": 0.09323209353855678, "fpem/loss_gci": 0.00012101288829442291, "fpem/loss_gci_drop": 0.00012101183556729839, "fpem/loss_gci_keep": 1.0525917760686876e-08, "fpem/loss_gci_graph_align": 0.9323204295975821, "fpem/loss_scd": 0.0, "fpem/loss_conf_kl": 4.562721365974063e-05, "fpem/effective_gci_weight": 0.00039999998989515007, "fpem/effective_gci_graph_align_weight": 0.10000000149011612, "fpem/effective_scd_weight": 0.0, "fpem/effective_conf_kl_weight": 3.9999998989515007e-05, "fpem/confounder_dep_ramp_factor": 0.4000000059604645, "fpem/C_mean": -0.0034557435306764783, "fpem/C_std": 1.0016071257137118, "fpem/C_norm": 2.7650930699847995, "fpem/confounder_token_norm": 7.982077394212995, "fpem/confounder_variational": 1.0, "fpem/confounder_projection_trace": 7.998736304328555, "fpem/confounder_projection_ridge": 0.0010000000474974513, "fpem/confounder_projection_rank_dim": 8.0, "fpem/confounder_projection_calls": 1.0, "fpem/confounder_dep_detach_target": 1.0, "fpem/gci_nonedge_mass_before_C": 0.9592187393279302, "fpem/gci_nonedge_mass_after_C": 0.959319481963203, "fpem/gci_nonedge_mass_reduction": -0.00010074263527279809, "fpem/gci_relative_violation": 0.00012101183556729839, "fpem/gci_edge_before_C": 0.0050145291501567475, "fpem/gci_edge_after_C": 0.00500650198331901, "fpem/gci_nonedge_conn_before_C": 0.004999055451757851, "fpem/gci_nonedge_conn_after_C": 0.004999580504816203, "fpem/gci_nonedge_conn_reduction": -5.250530583517892e-07, "fpem/gci_edge_conn_before_C": 0.0050145291501567475, "fpem/gci_edge_conn_after_C": 0.00500650198331901, "fpem/gci_edge_conn_reduction": 8.027166837737674e-06, "fpem/gci_nonedge_dep_before_C": 0.004999055451757851, "fpem/gci_nonedge_dep_after_C": 0.004999580504816203, "fpem/gci_nonedge_dep_reduction": -5.250530583517892e-07, "fpem/gci_edge_dep_before_C": 0.0050145291501567475, "fpem/gci_edge_dep_after_C": 0.00500650198331901, "fpem/gci_nonedge_count": 38376.0, "fpem/gci_edge_count": 1424.0, "fpem/gci_node_count": 200.0, "fpem/gci_node_vector_dim": 2240.0, "fpem/gci_graph_embed_dim": 16.0, "fpem/gci_graph_embedding_norm_before": 0.08568967438879467, "fpem/gci_graph_embedding_norm_after": 0.06180887059086845, "fpem/gci_graph_embedding_std_before": 0.032188193127512935, "fpem/gci_graph_embedding_std_after": 0.02245948508027054, "fpem/gci_graph_adj_mean_before": 0.00499999989267616, "fpem/gci_graph_adj_mean_after": 0.004999999888241291, "fpem/gci_graph_adj_std_before": 5.5493488582128306e-05, "fpem/gci_graph_adj_std_after": 2.7194633652730514e-05, "fpem/gci_graph_align_weight": 0.10000000149011612, "fpem/gci_graph_align_raw_mse": 5.0176143214944856e-08, "fpem/gci_graph_align_normalized": 0.9323204295975821, "fpem/gci_edge_preserve_beta": 0.10000000149011612, "fpem/gci_graph_align_target_available": 1.0, "fpem/gci_target_adj_mean": 0.004999999888241291, "fpem/gci_target_adj_std": 0.0002319861378055066, "fpem/gci_target_edge_mean": 0.00513450289145112, "fpem/gci_target_nonedge_mean": 0.0049905311316251755, "fpem/gci_target_diag_mean": 0.00585911376401782, "fpem/gci_graph_align_updates_agcrn": 0.0, "fpem/gci_updates_graph_linear": 0.0, "fpem/gci_graph_construction_agcrn_softmax": 1.0, "fpem/scd_assoc_before_C": 0.0, "fpem/scd_assoc_after_C": 0.0, "fpem/scd_assoc_reduction": 0.0, "fpem/scd_relative_violation": 0.0, "fpem/sample_assoc_before_C": 0.0, "fpem/sample_assoc_after_C": 0.0, "fpem/sample_assoc_reduction": 0.0, "fpem/sample_dep_before_C": 0.0, "fpem/sample_dep_after_C": 0.0, "fpem/sample_dep_reduction": 0.0, "fpem/scd_batch_size": 0.0, "fpem/scd_sample_vector_dim": 0.0, "fpem/sample_kernel_alignment": 0.0, "fpem/scd_alignment_loss": 0.0, "fpem/load_level_experts_enabled": 1.0, "fpem/load_level_uses_target_or_future_load": 0.0, "fpem/environment_gate_uses_target_in_forward": 0.0, "fpem/load_level_env_residual_scale": 0.0, "fpem/uses_cached_observable_load_prior": 1.0, "fpem/primary_loss": 9.110247702825637, "fpem/inv_pred_loss": 9.214147454216366, "fpem/primary_uses_route": 1.0, "fpem/primary_uses_env_fusion": 0.0, "fpem/backbone_agcrn": 1.0, "fpem/backbone_graphwavenet": 0.0, "fpem/backbone_staeformer": 0.0, "fpem/gc_pred_loss_only": 1.0, "fpem/env_route_head_mode_hyper_proto": 1.0, "fpem/fpem_force_uniform_route": 0.0, "fpem/hard_prediction_sinkhorn_total_replaces_primary": 0.0, "fpem/hard_prediction_environment_sinkhorn_total_replaces_primary": 0.0, "fpem/warmup_risk_sinkhorn_total_replaces_primary": 0.0, "fpem/lambda_club_mi": 0.0}}
EPOCH {"epoch": 10, "train_loss": 11.088326099940709, "val": {"loss": 11.920400354597303, "mae": 11.692232131958008, "mape": 0.20192961394786835}, "test_mixed": {"loss": NaN, "mae": NaN, "mape": NaN}, "test_workday": {"loss": NaN, "mae": NaN, "mape": NaN}, "test_holiday": {"loss": NaN, "mae": NaN, "mape": NaN}, "test_avg_mae": NaN, "best_selection_value": 11.920400354597303, "best_selection_split": "val", "best_selection_metric": "val_loss", "lr": 0.001, "fpem_logs": {"fpem/fpem_env_use_exogenous": 1.0, "fpem/env_exogenous_available": 1.0, "fpem/env_exogenous_time_available": 1.0, "fpem/env_exogenous_load_available": 1.0, "fpem/env_exogenous_feature_dim": 32.0, "fpem/env_exogenous_embedding_norm": 2.707211932681856, "fpem/env_exogenous_load_embedding_norm": 1.932722360747201, "fpem/env_rep_ablation_normal": 1.0, "fpem/env_rep_ablation_zero": 0.0, "fpem/env_rep_ablation_shuffle_batch": 0.0, "fpem/env_rep_ablation_mode_id": 0.0, "fpem/mask_loss": 0.0, "fpem/mask_sparse_loss": 0.0, "fpem/mask_entropy_loss": 0.0, "fpem/mask_mean": 1.0, "fpem/mask_entropy": 0.0, "fpem/mask_active_ratio": 1.0, "fpem/fusion_alpha_mean": 0.0, "fpem/fusion_alpha_std": 0.0, "fpem/fusion_alpha_min": 0.0, "fpem/fusion_alpha_max": 0.0, "fpem/env_route_loss": 1.902853124482291, "fpem/env_route_L_final": 9.09719189689273, "fpem/env_route_L_global": 0.0, "fpem/env_route_L_route_soft": 0.0, "fpem/env_route_L_expert": 9.514265514555431, "fpem/env_route_L_router_oracle": 0.0, "fpem/env_route_L_balance": 0.0, "fpem/env_route_L_diverse": 0.0, "fpem/env_route_L_proto_align": 0.0, "fpem/env_route_entropy": 0.0, "fpem/env_route_q_max_mean": 0.0, "fpem/hyper_alpha_mean": 0.0, "fpem/hyper_delta_norm": 0.0, "fpem/hyper_route_proto_mode_uniform_warmup": 0.0, "fpem/hyper_route_proto_mode_uniform_fixed": 0.0, "fpem/hyper_route_proto_mode_sinkhorn": 0.0, "fpem/hyper_route_proto_mode_softmax": 0.0, "fpem/fallback_q_mean": 0.0, "fpem/fallback_q_max": 0.0, "fpem/env_q_sum_mean": 1.0, "fpem/oracle_fallback_rate": 0.0, "fpem/route_count_fallback": 0.0, "fpem/env_route_head_mode": 1.0, "fpem/route_entropy_mean": 0.0, "fpem/route_mean_distribution_entropy": 0.0, "fpem/effective_expert_number": 1.0, "fpem/max_expert_usage_ratio": 0.0, "fpem/min_expert_usage_ratio": 0.0, "fpem/prototype_pairwise_cosine": 0.0, "fpem/expert_prediction_pairwise_cosine": 0.0, "fpem/expert_collapse_warning": 0.0, "fpem/env_route_target_mode_env_prototype": 0.0, "fpem/env_route_target_mode_hybrid": 0.0, "fpem/env_route_hybrid_alpha": 0.0, "fpem/env_route_train_mode_warmup_risk_sinkhorn": 0.0, "fpem/warmup_risk_stage_warmup": 0.0, "fpem/warmup_risk_stage_soft": 0.0, "fpem/warmup_risk_stage_hard": 0.0, "fpem/warmup_risk_selected_loss": 0.0, "fpem/warmup_risk_uniform_common_loss": 0.0, "fpem/warmup_risk_lambda_common": 0.0, "fpem/warmup_risk_total_common_term": 0.0, "fpem/warmup_risk_temperature": 0.0, "fpem/warmup_risk_temperature_progress": 0.0, "fpem/uniform_expert_mae": 0.0, "fpem/risk_routed_mae": 0.0, "fpem/risk_prediction_mae": 0.0, "fpem/risk_loss": 0.0, "fpem/risk_ranking_loss": 0.0, "fpem/risk_ranking_accuracy": 0.0, "fpem/risk_oracle_argmin_accuracy": 0.0, "fpem/risk_router_temperature": 0.0, "fpem/risk_router_lambda": 0.0, "fpem/risk_router_pairwise_lambda": 0.0, "fpem/env_route_train_mode_progressive_gmm_environment": 0.0, "fpem/top_level_prediction_source_progressive_gmm_teacher_hard": 0.0, "fpem/progressive_assignment_uses_target_or_prediction_error": 0.0, "fpem/progressive_partition_ready": 0.0, "fpem/progressive_selected_k": 0.0, "fpem/progressive_active_expert_count": 0.0, "fpem/progressive_last_partition_epoch": 0.0, "fpem/progressive_lambda_common": 0.0, "fpem/progressive_common_term": 0.0, "fpem/progressive_compactness_loss": 0.0, "fpem/progressive_consistency_loss": 0.0, "fpem/progressive_cluster_entropy": 0.0, "fpem/progressive_assignment_change_ratio": 0.0, "fpem/progressive_hungarian_overlap_score": 0.0, "fpem/progressive_partition_update_time_sec": 0.0, "fpem/progressive_routed_mae": 0.0, "fpem/progressive_gmm_environment_total_replaces_primary": 0.0, "fpem/env_route_count_head_0": 16.0, "fpem/env_route_oracle_count_head_0": 16.0, "fpem/route_count_env_head_0": 16.0, "fpem/route_soft_mean_expert_0": 1.0, "fpem/route_hard_count_expert_0": 16.0, "fpem/hard_count_expert_0": 16.0, "fpem/sinkhorn_soft_col_mass_expert_0": 0.0, "fpem/progressive_active_expert_0": 0.0, "fpem/progressive_cluster_size_0": 0.0, "fpem/progressive_cluster_ratio_0": 0.0, "fpem/progressive_cluster_to_expert_0": 0.0, "fpem/progressive_bic_k1": 0.0, "fpem/progressive_bic_score_k1": 0.0, "fpem/progressive_bic_rejected_k1": 0.0, "fpem/hyper_alpha_head_0": 0.0, "fpem/hyper_gamma_norm_head_0": 0.0, "fpem/hyper_beta_norm_head_0": 0.0, "fpem/expert_cross_mae_group_0_expert_0": 9.514265514555431, "fpem/load_expert_loss": 9.514265514555431, "fpem/counterfactual_risk_router_loss": 0.0, "fpem/counterfactual_risk_regression_loss": 9.135779825846354, "fpem/counterfactual_risk_ranking_loss": 1.5493725857564382, "fpem/load_level_assignment_detached": 1.0, "fpem/load_level_count_0": 1680.0, "fpem/load_level_ratio_0": 1.0, "fpem/expert_0_global_loss": 9.514265514555431, "fpem/expert_0_selected_loss": 9.514265514555431, "fpem/counterfactual_risk_stage2_active": 0.0, "fpem/counterfactual_risk_stage2_start_epoch": 20.0, "fpem/counterfactual_risk_all_environment_mae": 9.514265514555431, "fpem/counterfactual_risk_all_invariant_mae": 9.66223756699335, "fpem/counterfactual_risk_routed_mae": 9.514265514555431, "fpem/counterfactual_risk_oracle_mae": 9.43749667576381, "fpem/counterfactual_risk_router_accuracy": 0.6779761904761905, "fpem/counterfactual_risk_router_balanced_accuracy": 0.5047619047619047, "fpem/counterfactual_risk_inv_route_ratio": 0.0, "fpem/counterfactual_risk_env_route_ratio": 1.0, "fpem/counterfactual_risk_inv_switch_precision": 0.0, "fpem/counterfactual_risk_correct_inv_switches": 0.0, "fpem/counterfactual_risk_harmful_inv_switches": 0.0, "fpem/counterfactual_risk_saved_loss": 0.0, "fpem/counterfactual_risk_added_loss": 0.0, "fpem/counterfactual_risk_net_gain": 0.0, "fpem/counterfactual_risk_regret": 0.07676883879162016, "fpem/counterfactual_risk_oracle_gap_closed": 0.0, "fpem/counterfactual_risk_delta_mean": -0.14797199581350598, "fpem/counterfactual_risk_target_inv_ratio": 0.32202380952380955, "fpem/counterfactual_risk_weight_env_sum": 8.076190367199125, "fpem/counterfactual_risk_weight_inv_sum": 7.923809442066011, "fpem/counterfactual_risk_prediction_is_hard_route": 1.0, "fpem/counterfactual_risk_prediction_is_soft_fusion": 0.0, "fpem/counterfactual_risk_target_detached": 1.0, "fpem/counterfactual_risk_uses_threshold": 0.0, "fpem/counterfactual_risk_all_samples_used_for_router": 1.0, "fpem/hard_router_predicted_env_ratio": 1.0, "fpem/hard_router_effective_env_ratio": 1.0, "fpem/hard_router_target_env_ratio": 0.6779761904761905, "fpem/hard_router_gain_mean": -0.14797199581350598, "fpem/expert_prediction_pairwise_difference": 0.0, "fpem/delta_pairwise_cosine": 0.0, "fpem/delta_pairwise_l1": 0.0, "fpem/delta_pairwise_l2": 0.0, "fpem/expert_0_parameter_norm": 14.878593717302595, "fpem/hard_binary_router_enabled": 0.0, "fpem/hard_router_uses_target_in_forward": 0.0, "fpem/stored_future_c_loaded": 0.0, "fpem/prediction_is_weighted_complete_fusion": 0.0, "fpem/prediction_is_hard_route": 1.0, "fpem/conservative_inv_override_enabled": 0.0, "fpem/conservative_router_features_detached": 1.0, "fpem/counterfactual_risk_router_enabled": 1.0, "fpem/counterfactual_risk_stage2_active_forward": 0.0, "fpem/counterfactual_risk_deploy_route_active": 0.0, "fpem/counterfactual_risk_training_uses_route": 0.0, "fpem/counterfactual_risk_forward_uses_threshold": 0.0, "fpem/future_mi_loss": 0.0, "fpem/future_mi_valid": 0.0, "fpem/future_mi_logvar_mean": 0.0, "fpem/future_mi_target_mode_env_encoder": 0.0, "fpem/swap_loss": 0.0, "fpem/swap_diff_loss": 0.0, "fpem/swap_same_loss": 0.0, "fpem/swap_gain_mean": 0.0, "fpem/swap_s_gain_mean": 0.0, "fpem/swap_fallback_router_loss": 0.0, "fpem/swap_fallback_q_mean": 0.0, "fpem/swap_prediction_delta": 0.0, "fpem/swap_route_delta": 0.0, "fpem/swap_hyper_alpha_delta": 0.0, "fpem/swap_hyper_delta_norm": 0.0, "fpem/loss_env_day": 0.0, "fpem/loss_env_hour": 0.0, "fpem/loss_env_rush": 0.0, "fpem/env_day_acc": 0.0, "fpem/env_hour_acc": 0.0, "fpem/env_rush_acc": 0.0, "fpem/loss_env_supcon": 0.0, "fpem/env_supcon_valid_pairs": 0.0, "fpem/loss_inv_env_adv": 0.0, "fpem/inv_day_acc": 0.0, "fpem/inv_hour_acc": 0.0, "fpem/inv_rush_acc": 0.0, "fpem/loss_cross_cov_sep": 0.0, "fpem/confounder_dep_enabled": 1.0, "fpem/confounder_dep_mode_gci": 1.0, "fpem/confounder_dep_mode_scd": 0.0, "fpem/confounder_dep_mode_both": 0.0, "fpem/confounder_dep_total": 0.09250614692767462, "fpem/loss_gci": 0.00013397826419566714, "fpem/loss_gci_drop": 0.00013397723461301732, "fpem/loss_gci_keep": 1.029605288223257e-08, "fpem/loss_gci_graph_align": 0.9250607672191802, "fpem/loss_scd": 0.0, "fpem/loss_conf_kl": 4.954153583163307e-05, "fpem/effective_gci_weight": 0.0005000000237487257, "fpem/effective_gci_graph_align_weight": 0.10000000149011612, "fpem/effective_scd_weight": 0.0, "fpem/effective_conf_kl_weight": 4.999999873689376e-05, "fpem/confounder_dep_ramp_factor": 0.5, "fpem/C_mean": 0.01257923495556627, "fpem/C_std": 0.9885639548301697, "fpem/C_norm": 2.723783004851568, "fpem/confounder_token_norm": 7.981876582191104, "fpem/confounder_variational": 1.0, "fpem/confounder_projection_trace": 7.99851861681257, "fpem/confounder_projection_ridge": 0.0010000000474974513, "fpem/confounder_projection_rank_dim": 8.0, "fpem/confounder_projection_calls": 1.0, "fpem/confounder_dep_detach_target": 1.0, "fpem/gci_nonedge_mass_before_C": 0.9591982234091986, "fpem/gci_nonedge_mass_after_C": 0.9593091879572188, "fpem/gci_nonedge_mass_reduction": -0.00011096454802013578, "fpem/gci_relative_violation": 0.00013397723461301732, "fpem/gci_edge_before_C": 0.005015658556173245, "fpem/gci_edge_after_C": 0.005007212458267098, "fpem/gci_nonedge_conn_before_C": 0.00499894850044733, "fpem/gci_nonedge_conn_after_C": 0.004999526816287211, "fpem/gci_nonedge_conn_reduction": -5.783158398809887e-07, "fpem/gci_edge_conn_before_C": 0.005015658556173245, "fpem/gci_edge_conn_after_C": 0.005007212458267098, "fpem/gci_edge_conn_reduction": 8.44609790614673e-06, "fpem/gci_nonedge_dep_before_C": 0.00499894850044733, "fpem/gci_nonedge_dep_after_C": 0.004999526816287211, "fpem/gci_nonedge_dep_reduction": -5.783158398809887e-07, "fpem/gci_edge_dep_before_C": 0.005015658556173245, "fpem/gci_edge_dep_after_C": 0.005007212458267098, "fpem/gci_nonedge_count": 38376.0, "fpem/gci_edge_count": 1424.0, "fpem/gci_node_count": 200.0, "fpem/gci_node_vector_dim": 2240.0, "fpem/gci_graph_embed_dim": 16.0, "fpem/gci_graph_embedding_norm_before": 0.0953891341884931, "fpem/gci_graph_embedding_norm_after": 0.06780395582318306, "fpem/gci_graph_embedding_std_before": 0.03483367207504454, "fpem/gci_graph_embedding_std_after": 0.02413510304121744, "fpem/gci_graph_adj_mean_before": 0.004999999888241291, "fpem/gci_graph_adj_mean_after": 0.004999999883806422, "fpem/gci_graph_adj_std_before": 5.9621008923776185e-05, "fpem/gci_graph_adj_std_after": 3.038617624475765e-05, "fpem/gci_graph_align_weight": 0.10000000149011612, "fpem/gci_graph_align_raw_mse": 4.978543870493013e-08, "fpem/gci_graph_align_normalized": 0.9250607672191802, "fpem/gci_edge_preserve_beta": 0.10000000149011612, "fpem/gci_graph_align_target_available": 1.0, "fpem/gci_target_adj_mean": 0.004999999888241291, "fpem/gci_target_adj_std": 0.0002319861378055066, "fpem/gci_target_edge_mean": 0.00513450289145112, "fpem/gci_target_nonedge_mean": 0.0049905311316251755, "fpem/gci_target_diag_mean": 0.00585911376401782, "fpem/gci_graph_align_updates_agcrn": 0.0, "fpem/gci_updates_graph_linear": 0.0, "fpem/gci_graph_construction_agcrn_softmax": 1.0, "fpem/scd_assoc_before_C": 0.0, "fpem/scd_assoc_after_C": 0.0, "fpem/scd_assoc_reduction": 0.0, "fpem/scd_relative_violation": 0.0, "fpem/sample_assoc_before_C": 0.0, "fpem/sample_assoc_after_C": 0.0, "fpem/sample_assoc_reduction": 0.0, "fpem/sample_dep_before_C": 0.0, "fpem/sample_dep_after_C": 0.0, "fpem/sample_dep_reduction": 0.0, "fpem/scd_batch_size": 0.0, "fpem/scd_sample_vector_dim": 0.0, "fpem/sample_kernel_alignment": 0.0, "fpem/scd_alignment_loss": 0.0, "fpem/load_level_experts_enabled": 1.0, "fpem/load_level_uses_target_or_future_load": 0.0, "fpem/environment_gate_uses_target_in_forward": 0.0, "fpem/load_level_env_residual_scale": 0.0, "fpem/uses_cached_observable_load_prior": 1.0, "fpem/primary_loss": 9.09719189689273, "fpem/inv_pred_loss": 9.218098022824242, "fpem/primary_uses_route": 1.0, "fpem/primary_uses_env_fusion": 0.0, "fpem/backbone_agcrn": 1.0, "fpem/backbone_graphwavenet": 0.0, "fpem/backbone_staeformer": 0.0, "fpem/gc_pred_loss_only": 1.0, "fpem/env_route_head_mode_hyper_proto": 1.0, "fpem/fpem_force_uniform_route": 0.0, "fpem/hard_prediction_sinkhorn_total_replaces_primary": 0.0, "fpem/hard_prediction_environment_sinkhorn_total_replaces_primary": 0.0, "fpem/warmup_risk_sinkhorn_total_replaces_primary": 0.0, "fpem/lambda_club_mi": 0.0}}
EPOCH {"epoch": 11, "train_loss": 11.074362772987003, "val": {"loss": 11.91677220662435, "mae": 11.713092803955078, "mape": 0.1813587248325348}, "test_mixed": {"loss": NaN, "mae": NaN, "mape": NaN}, "test_workday": {"loss": NaN, "mae": NaN, "mape": NaN}, "test_holiday": {"loss": NaN, "mae": NaN, "mape": NaN}, "test_avg_mae": NaN, "best_selection_value": 11.91677220662435, "best_selection_split": "val", "best_selection_metric": "val_loss", "lr": 0.001, "fpem_logs": {"fpem/fpem_env_use_exogenous": 1.0, "fpem/env_exogenous_available": 1.0, "fpem/env_exogenous_time_available": 1.0, "fpem/env_exogenous_load_available": 1.0, "fpem/env_exogenous_feature_dim": 32.0, "fpem/env_exogenous_embedding_norm": 2.7220451809111097, "fpem/env_exogenous_load_embedding_norm": 1.938800667581104, "fpem/env_rep_ablation_normal": 1.0, "fpem/env_rep_ablation_zero": 0.0, "fpem/env_rep_ablation_shuffle_batch": 0.0, "fpem/env_rep_ablation_mode_id": 0.0, "fpem/mask_loss": 0.0, "fpem/mask_sparse_loss": 0.0, "fpem/mask_entropy_loss": 0.0, "fpem/mask_mean": 1.0, "fpem/mask_entropy": 0.0, "fpem/mask_active_ratio": 1.0, "fpem/fusion_alpha_mean": 0.0, "fpem/fusion_alpha_std": 0.0, "fpem/fusion_alpha_min": 0.0, "fpem/fusion_alpha_max": 0.0, "fpem/env_route_loss": 1.9006152652558825, "fpem/env_route_L_final": 9.08314817519415, "fpem/env_route_L_global": 0.0, "fpem/env_route_L_route_soft": 0.0, "fpem/env_route_L_expert": 9.50307613554455, "fpem/env_route_L_router_oracle": 0.0, "fpem/env_route_L_balance": 0.0, "fpem/env_route_L_diverse": 0.0, "fpem/env_route_L_proto_align": 0.0, "fpem/env_route_entropy": 0.0, "fpem/env_route_q_max_mean": 0.0, "fpem/hyper_alpha_mean": 0.0, "fpem/hyper_delta_norm": 0.0, "fpem/hyper_route_proto_mode_uniform_warmup": 0.0, "fpem/hyper_route_proto_mode_uniform_fixed": 0.0, "fpem/hyper_route_proto_mode_sinkhorn": 0.0, "fpem/hyper_route_proto_mode_softmax": 0.0, "fpem/fallback_q_mean": 0.0, "fpem/fallback_q_max": 0.0, "fpem/env_q_sum_mean": 1.0, "fpem/oracle_fallback_rate": 0.0, "fpem/route_count_fallback": 0.0, "fpem/env_route_head_mode": 1.0, "fpem/route_entropy_mean": 0.0, "fpem/route_mean_distribution_entropy": 0.0, "fpem/effective_expert_number": 1.0, "fpem/max_expert_usage_ratio": 0.0, "fpem/min_expert_usage_ratio": 0.0, "fpem/prototype_pairwise_cosine": 0.0, "fpem/expert_prediction_pairwise_cosine": 0.0, "fpem/expert_collapse_warning": 0.0, "fpem/env_route_target_mode_env_prototype": 0.0, "fpem/env_route_target_mode_hybrid": 0.0, "fpem/env_route_hybrid_alpha": 0.0, "fpem/env_route_train_mode_warmup_risk_sinkhorn": 0.0, "fpem/warmup_risk_stage_warmup": 0.0, "fpem/warmup_risk_stage_soft": 0.0, "fpem/warmup_risk_stage_hard": 0.0, "fpem/warmup_risk_selected_loss": 0.0, "fpem/warmup_risk_uniform_common_loss": 0.0, "fpem/warmup_risk_lambda_common": 0.0, "fpem/warmup_risk_total_common_term": 0.0, "fpem/warmup_risk_temperature": 0.0, "fpem/warmup_risk_temperature_progress": 0.0, "fpem/uniform_expert_mae": 0.0, "fpem/risk_routed_mae": 0.0, "fpem/risk_prediction_mae": 0.0, "fpem/risk_loss": 0.0, "fpem/risk_ranking_loss": 0.0, "fpem/risk_ranking_accuracy": 0.0, "fpem/risk_oracle_argmin_accuracy": 0.0, "fpem/risk_router_temperature": 0.0, "fpem/risk_router_lambda": 0.0, "fpem/risk_router_pairwise_lambda": 0.0, "fpem/env_route_train_mode_progressive_gmm_environment": 0.0, "fpem/top_level_prediction_source_progressive_gmm_teacher_hard": 0.0, "fpem/progressive_assignment_uses_target_or_prediction_error": 0.0, "fpem/progressive_partition_ready": 0.0, "fpem/progressive_selected_k": 0.0, "fpem/progressive_active_expert_count": 0.0, "fpem/progressive_last_partition_epoch": 0.0, "fpem/progressive_lambda_common": 0.0, "fpem/progressive_common_term": 0.0, "fpem/progressive_compactness_loss": 0.0, "fpem/progressive_consistency_loss": 0.0, "fpem/progressive_cluster_entropy": 0.0, "fpem/progressive_assignment_change_ratio": 0.0, "fpem/progressive_hungarian_overlap_score": 0.0, "fpem/progressive_partition_update_time_sec": 0.0, "fpem/progressive_routed_mae": 0.0, "fpem/progressive_gmm_environment_total_replaces_primary": 0.0, "fpem/env_route_count_head_0": 16.0, "fpem/env_route_oracle_count_head_0": 16.0, "fpem/route_count_env_head_0": 16.0, "fpem/route_soft_mean_expert_0": 1.0, "fpem/route_hard_count_expert_0": 16.0, "fpem/hard_count_expert_0": 16.0, "fpem/sinkhorn_soft_col_mass_expert_0": 0.0, "fpem/progressive_active_expert_0": 0.0, "fpem/progressive_cluster_size_0": 0.0, "fpem/progressive_cluster_ratio_0": 0.0, "fpem/progressive_cluster_to_expert_0": 0.0, "fpem/progressive_bic_k1": 0.0, "fpem/progressive_bic_score_k1": 0.0, "fpem/progressive_bic_rejected_k1": 0.0, "fpem/hyper_alpha_head_0": 0.0, "fpem/hyper_gamma_norm_head_0": 0.0, "fpem/hyper_beta_norm_head_0": 0.0, "fpem/expert_cross_mae_group_0_expert_0": 9.50307613554455, "fpem/load_expert_loss": 9.50307613554455, "fpem/counterfactual_risk_router_loss": 0.0, "fpem/counterfactual_risk_regression_loss": 9.18770547594343, "fpem/counterfactual_risk_ranking_loss": 1.5507662550324486, "fpem/load_level_assignment_detached": 1.0, "fpem/load_level_count_0": 1680.0, "fpem/load_level_ratio_0": 1.0, "fpem/expert_0_global_loss": 9.50307613554455, "fpem/expert_0_selected_loss": 9.50307613554455, "fpem/counterfactual_risk_stage2_active": 0.0, "fpem/counterfactual_risk_stage2_start_epoch": 20.0, "fpem/counterfactual_risk_all_environment_mae": 9.50307613554455, "fpem/counterfactual_risk_all_invariant_mae": 9.662237521580288, "fpem/counterfactual_risk_routed_mae": 9.50307613554455, "fpem/counterfactual_risk_oracle_mae": 9.4327606291998, "fpem/counterfactual_risk_router_accuracy": 0.6880952380952381, "fpem/counterfactual_risk_router_balanced_accuracy": 0.5047619047619047, "fpem/counterfactual_risk_inv_route_ratio": 0.0, "fpem/counterfactual_risk_env_route_ratio": 1.0, "fpem/counterfactual_risk_inv_switch_precision": 0.0, "fpem/counterfactual_risk_correct_inv_switches": 0.0, "fpem/counterfactual_risk_harmful_inv_switches": 0.0, "fpem/counterfactual_risk_saved_loss": 0.0, "fpem/counterfactual_risk_added_loss": 0.0, "fpem/counterfactual_risk_net_gain": 0.0, "fpem/counterfactual_risk_regret": 0.07031550634474981, "fpem/counterfactual_risk_oracle_gap_closed": 0.0, "fpem/counterfactual_risk_delta_mean": -0.15916139213811784, "fpem/counterfactual_risk_target_inv_ratio": 0.3119047619047619, "fpem/counterfactual_risk_weight_env_sum": 8.07619038536435, "fpem/counterfactual_risk_weight_inv_sum": 7.923809437524705, "fpem/counterfactual_risk_prediction_is_hard_route": 1.0, "fpem/counterfactual_risk_prediction_is_soft_fusion": 0.0, "fpem/counterfactual_risk_target_detached": 1.0, "fpem/counterfactual_risk_uses_threshold": 0.0, "fpem/counterfactual_risk_all_samples_used_for_router": 1.0, "fpem/hard_router_predicted_env_ratio": 1.0, "fpem/hard_router_effective_env_ratio": 1.0, "fpem/hard_router_target_env_ratio": 0.6880952380952381, "fpem/hard_router_gain_mean": -0.15916139213811784, "fpem/expert_prediction_pairwise_difference": 0.0, "fpem/delta_pairwise_cosine": 0.0, "fpem/delta_pairwise_l1": 0.0, "fpem/delta_pairwise_l2": 0.0, "fpem/expert_0_parameter_norm": 14.882241457984561, "fpem/hard_binary_router_enabled": 0.0, "fpem/hard_router_uses_target_in_forward": 0.0, "fpem/stored_future_c_loaded": 0.0, "fpem/prediction_is_weighted_complete_fusion": 0.0, "fpem/prediction_is_hard_route": 1.0, "fpem/conservative_inv_override_enabled": 0.0, "fpem/conservative_router_features_detached": 1.0, "fpem/counterfactual_risk_router_enabled": 1.0, "fpem/counterfactual_risk_stage2_active_forward": 0.0, "fpem/counterfactual_risk_deploy_route_active": 0.0, "fpem/counterfactual_risk_training_uses_route": 0.0, "fpem/counterfactual_risk_forward_uses_threshold": 0.0, "fpem/future_mi_loss": 0.0, "fpem/future_mi_valid": 0.0, "fpem/future_mi_logvar_mean": 0.0, "fpem/future_mi_target_mode_env_encoder": 0.0, "fpem/swap_loss": 0.0, "fpem/swap_diff_loss": 0.0, "fpem/swap_same_loss": 0.0, "fpem/swap_gain_mean": 0.0, "fpem/swap_s_gain_mean": 0.0, "fpem/swap_fallback_router_loss": 0.0, "fpem/swap_fallback_q_mean": 0.0, "fpem/swap_prediction_delta": 0.0, "fpem/swap_route_delta": 0.0, "fpem/swap_hyper_alpha_delta": 0.0, "fpem/swap_hyper_delta_norm": 0.0, "fpem/loss_env_day": 0.0, "fpem/loss_env_hour": 0.0, "fpem/loss_env_rush": 0.0, "fpem/env_day_acc": 0.0, "fpem/env_hour_acc": 0.0, "fpem/env_rush_acc": 0.0, "fpem/loss_env_supcon": 0.0, "fpem/env_supcon_valid_pairs": 0.0, "fpem/loss_inv_env_adv": 0.0, "fpem/inv_day_acc": 0.0, "fpem/inv_hour_acc": 0.0, "fpem/inv_rush_acc": 0.0, "fpem/loss_cross_cov_sep": 0.0, "fpem/confounder_dep_enabled": 1.0, "fpem/confounder_dep_mode_gci": 1.0, "fpem/confounder_dep_mode_scd": 0.0, "fpem/confounder_dep_mode_both": 0.0, "fpem/confounder_dep_total": 0.09289482697134926, "fpem/loss_gci": 0.00013121849139376233, "fpem/loss_gci_drop": 0.00013121749195436547, "fpem/loss_gci_keep": 9.991486218280123e-09, "fpem/loss_gci_graph_align": 0.9289465251423064, "fpem/loss_scd": 0.0, "fpem/loss_conf_kl": 0.0015669237290109907, "fpem/effective_gci_weight": 0.0006000000284984708, "fpem/effective_gci_graph_align_weight": 0.10000000149011612, "fpem/effective_scd_weight": 0.0, "fpem/effective_conf_kl_weight": 5.999999848427251e-05, "fpem/confounder_dep_ramp_factor": 0.6000000238418579, "fpem/C_mean": -0.0071085879313094276, "fpem/C_std": 0.9882926344871521, "fpem/C_norm": 2.7284749666849772, "fpem/confounder_token_norm": 7.971658361525763, "fpem/confounder_variational": 1.0, "fpem/confounder_projection_trace": 7.998699596949986, "fpem/confounder_projection_ridge": 0.0010000000474974513, "fpem/confounder_projection_rank_dim": 8.0, "fpem/confounder_projection_calls": 1.0, "fpem/confounder_dep_detach_target": 1.0, "fpem/gci_nonedge_mass_before_C": 0.959203903448014, "fpem/gci_nonedge_mass_after_C": 0.9593146437690372, "fpem/gci_nonedge_mass_reduction": -0.00011074032102312361, "fpem/gci_relative_violation": 0.00013121749195436547, "fpem/gci_edge_before_C": 0.005015283521442186, "fpem/gci_edge_after_C": 0.005006648844019288, "fpem/gci_nonedge_conn_before_C": 0.004998978094330856, "fpem/gci_nonedge_conn_after_C": 0.004999555234930345, "fpem/gci_nonedge_conn_reduction": -5.771405994892121e-07, "fpem/gci_edge_conn_before_C": 0.005015283521442186, "fpem/gci_edge_conn_after_C": 0.005006648844019288, "fpem/gci_edge_conn_reduction": 8.634677422898156e-06, "fpem/gci_nonedge_dep_before_C": 0.004998978094330856, "fpem/gci_nonedge_dep_after_C": 0.004999555234930345, "fpem/gci_nonedge_dep_reduction": -5.771405994892121e-07, "fpem/gci_edge_dep_before_C": 0.005015283521442186, "fpem/gci_edge_dep_after_C": 0.005006648844019288, "fpem/gci_nonedge_count": 38376.0, "fpem/gci_edge_count": 1424.0, "fpem/gci_node_count": 200.0, "fpem/gci_node_vector_dim": 2240.0, "fpem/gci_graph_embed_dim": 16.0, "fpem/gci_graph_embedding_norm_before": 0.09396296902781441, "fpem/gci_graph_embedding_norm_after": 0.06687883177683467, "fpem/gci_graph_embedding_std_before": 0.03421836247046788, "fpem/gci_graph_embedding_std_after": 0.023623766537223544, "fpem/gci_graph_adj_mean_before": 0.004999999883806422, "fpem/gci_graph_adj_mean_after": 0.004999999888241291, "fpem/gci_graph_adj_std_before": 5.643484958757957e-05, "fpem/gci_graph_adj_std_after": 2.719192285613168e-05, "fpem/gci_graph_align_weight": 0.10000000149011612, "fpem/gci_graph_align_raw_mse": 4.999456466169336e-08, "fpem/gci_graph_align_normalized": 0.9289465251423064, "fpem/gci_edge_preserve_beta": 0.10000000149011612, "fpem/gci_graph_align_target_available": 1.0, "fpem/gci_target_adj_mean": 0.004999999888241291, "fpem/gci_target_adj_std": 0.0002319861378055066, "fpem/gci_target_edge_mean": 0.00513450289145112, "fpem/gci_target_nonedge_mean": 0.0049905311316251755, "fpem/gci_target_diag_mean": 0.00585911376401782, "fpem/gci_graph_align_updates_agcrn": 0.0, "fpem/gci_updates_graph_linear": 0.0, "fpem/gci_graph_construction_agcrn_softmax": 1.0, "fpem/scd_assoc_before_C": 0.0, "fpem/scd_assoc_after_C": 0.0, "fpem/scd_assoc_reduction": 0.0, "fpem/scd_relative_violation": 0.0, "fpem/sample_assoc_before_C": 0.0, "fpem/sample_assoc_after_C": 0.0, "fpem/sample_assoc_reduction": 0.0, "fpem/sample_dep_before_C": 0.0, "fpem/sample_dep_after_C": 0.0, "fpem/sample_dep_reduction": 0.0, "fpem/scd_batch_size": 0.0, "fpem/scd_sample_vector_dim": 0.0, "fpem/sample_kernel_alignment": 0.0, "fpem/scd_alignment_loss": 0.0, "fpem/load_level_experts_enabled": 1.0, "fpem/load_level_uses_target_or_future_load": 0.0, "fpem/environment_gate_uses_target_in_forward": 0.0, "fpem/load_level_env_residual_scale": 0.0, "fpem/uses_cached_observable_load_prior": 1.0, "fpem/primary_loss": 9.08314817519415, "fpem/inv_pred_loss": 9.215606757572719, "fpem/primary_uses_route": 1.0, "fpem/primary_uses_env_fusion": 0.0, "fpem/backbone_agcrn": 1.0, "fpem/backbone_graphwavenet": 0.0, "fpem/backbone_staeformer": 0.0, "fpem/gc_pred_loss_only": 1.0, "fpem/env_route_head_mode_hyper_proto": 1.0, "fpem/fpem_force_uniform_route": 0.0, "fpem/hard_prediction_sinkhorn_total_replaces_primary": 0.0, "fpem/hard_prediction_environment_sinkhorn_total_replaces_primary": 0.0, "fpem/warmup_risk_sinkhorn_total_replaces_primary": 0.0, "fpem/lambda_club_mi": 0.0}}
EPOCH {"epoch": 12, "train_loss": 11.059662083217075, "val": {"loss": 11.802659802966648, "mae": 11.58694839477539, "mape": 0.18425887823104858}, "test_mixed": {"loss": NaN, "mae": NaN, "mape": NaN}, "test_workday": {"loss": NaN, "mae": NaN, "mape": NaN}, "test_holiday": {"loss": NaN, "mae": NaN, "mape": NaN}, "test_avg_mae": NaN, "best_selection_value": 11.802659802966648, "best_selection_split": "val", "best_selection_metric": "val_loss", "lr": 0.001, "fpem_logs": {"fpem/fpem_env_use_exogenous": 1.0, "fpem/env_exogenous_available": 1.0, "fpem/env_exogenous_time_available": 1.0, "fpem/env_exogenous_load_available": 1.0, "fpem/env_exogenous_feature_dim": 32.0, "fpem/env_exogenous_embedding_norm": 2.7260763032095774, "fpem/env_exogenous_load_embedding_norm": 1.9427388634000506, "fpem/env_rep_ablation_normal": 1.0, "fpem/env_rep_ablation_zero": 0.0, "fpem/env_rep_ablation_shuffle_batch": 0.0, "fpem/env_rep_ablation_mode_id": 0.0, "fpem/mask_loss": 0.0, "fpem/mask_sparse_loss": 0.0, "fpem/mask_entropy_loss": 0.0, "fpem/mask_mean": 1.0, "fpem/mask_entropy": 0.0, "fpem/mask_active_ratio": 1.0, "fpem/fusion_alpha_mean": 0.0, "fpem/fusion_alpha_std": 0.0, "fpem/fusion_alpha_min": 0.0, "fpem/fusion_alpha_max": 0.0, "fpem/env_route_loss": 1.8980946779251098, "fpem/env_route_L_final": 9.072103613898868, "fpem/env_route_L_global": 0.0, "fpem/env_route_L_route_soft": 0.0, "fpem/env_route_L_expert": 9.490473243168422, "fpem/env_route_L_router_oracle": 0.0, "fpem/env_route_L_balance": 0.0, "fpem/env_route_L_diverse": 0.0, "fpem/env_route_L_proto_align": 0.0, "fpem/env_route_entropy": 0.0, "fpem/env_route_q_max_mean": 0.0, "fpem/hyper_alpha_mean": 0.0, "fpem/hyper_delta_norm": 0.0, "fpem/hyper_route_proto_mode_uniform_warmup": 0.0, "fpem/hyper_route_proto_mode_uniform_fixed": 0.0, "fpem/hyper_route_proto_mode_sinkhorn": 0.0, "fpem/hyper_route_proto_mode_softmax": 0.0, "fpem/fallback_q_mean": 0.0, "fpem/fallback_q_max": 0.0, "fpem/env_q_sum_mean": 1.0, "fpem/oracle_fallback_rate": 0.0, "fpem/route_count_fallback": 0.0, "fpem/env_route_head_mode": 1.0, "fpem/route_entropy_mean": 0.0, "fpem/route_mean_distribution_entropy": 0.0, "fpem/effective_expert_number": 1.0, "fpem/max_expert_usage_ratio": 0.0, "fpem/min_expert_usage_ratio": 0.0, "fpem/prototype_pairwise_cosine": 0.0, "fpem/expert_prediction_pairwise_cosine": 0.0, "fpem/expert_collapse_warning": 0.0, "fpem/env_route_target_mode_env_prototype": 0.0, "fpem/env_route_target_mode_hybrid": 0.0, "fpem/env_route_hybrid_alpha": 0.0, "fpem/env_route_train_mode_warmup_risk_sinkhorn": 0.0, "fpem/warmup_risk_stage_warmup": 0.0, "fpem/warmup_risk_stage_soft": 0.0, "fpem/warmup_risk_stage_hard": 0.0, "fpem/warmup_risk_selected_loss": 0.0, "fpem/warmup_risk_uniform_common_loss": 0.0, "fpem/warmup_risk_lambda_common": 0.0, "fpem/warmup_risk_total_common_term": 0.0, "fpem/warmup_risk_temperature": 0.0, "fpem/warmup_risk_temperature_progress": 0.0, "fpem/uniform_expert_mae": 0.0, "fpem/risk_routed_mae": 0.0, "fpem/risk_prediction_mae": 0.0, "fpem/risk_loss": 0.0, "fpem/risk_ranking_loss": 0.0, "fpem/risk_ranking_accuracy": 0.0, "fpem/risk_oracle_argmin_accuracy": 0.0, "fpem/risk_router_temperature": 0.0, "fpem/risk_router_lambda": 0.0, "fpem/risk_router_pairwise_lambda": 0.0, "fpem/env_route_train_mode_progressive_gmm_environment": 0.0, "fpem/top_level_prediction_source_progressive_gmm_teacher_hard": 0.0, "fpem/progressive_assignment_uses_target_or_prediction_error": 0.0, "fpem/progressive_partition_ready": 0.0, "fpem/progressive_selected_k": 0.0, "fpem/progressive_active_expert_count": 0.0, "fpem/progressive_last_partition_epoch": 0.0, "fpem/progressive_lambda_common": 0.0, "fpem/progressive_common_term": 0.0, "fpem/progressive_compactness_loss": 0.0, "fpem/progressive_consistency_loss": 0.0, "fpem/progressive_cluster_entropy": 0.0, "fpem/progressive_assignment_change_ratio": 0.0, "fpem/progressive_hungarian_overlap_score": 0.0, "fpem/progressive_partition_update_time_sec": 0.0, "fpem/progressive_routed_mae": 0.0, "fpem/progressive_gmm_environment_total_replaces_primary": 0.0, "fpem/env_route_count_head_0": 16.0, "fpem/env_route_oracle_count_head_0": 16.0, "fpem/route_count_env_head_0": 16.0, "fpem/route_soft_mean_expert_0": 1.0, "fpem/route_hard_count_expert_0": 16.0, "fpem/hard_count_expert_0": 16.0, "fpem/sinkhorn_soft_col_mass_expert_0": 0.0, "fpem/progressive_active_expert_0": 0.0, "fpem/progressive_cluster_size_0": 0.0, "fpem/progressive_cluster_ratio_0": 0.0, "fpem/progressive_cluster_to_expert_0": 0.0, "fpem/progressive_bic_k1": 0.0, "fpem/progressive_bic_score_k1": 0.0, "fpem/progressive_bic_rejected_k1": 0.0, "fpem/hyper_alpha_head_0": 0.0, "fpem/hyper_gamma_norm_head_0": 0.0, "fpem/hyper_beta_norm_head_0": 0.0, "fpem/expert_cross_mae_group_0_expert_0": 9.490473243168422, "fpem/load_expert_loss": 9.490473243168422, "fpem/counterfactual_risk_router_loss": 0.0, "fpem/counterfactual_risk_regression_loss": 9.225108382815407, "fpem/counterfactual_risk_ranking_loss": 1.564713818686349, "fpem/load_level_assignment_detached": 1.0, "fpem/load_level_count_0": 1680.0, "fpem/load_level_ratio_0": 1.0, "fpem/expert_0_global_loss": 9.490473243168422, "fpem/expert_0_selected_loss": 9.490473243168422, "fpem/counterfactual_risk_stage2_active": 0.0, "fpem/counterfactual_risk_stage2_start_epoch": 20.0, "fpem/counterfactual_risk_all_environment_mae": 9.490473243168422, "fpem/counterfactual_risk_all_invariant_mae": 9.66223744437808, "fpem/counterfactual_risk_routed_mae": 9.490299492790585, "fpem/counterfactual_risk_oracle_mae": 9.420771585192, "fpem/counterfactual_risk_router_accuracy": 0.6904761904761905, "fpem/counterfactual_risk_router_balanced_accuracy": 0.5005952380952381, "fpem/counterfactual_risk_inv_route_ratio": 0.0005952380952380953, "fpem/counterfactual_risk_env_route_ratio": 0.9994047619047619, "fpem/counterfactual_risk_inv_switch_precision": 0.009523809523809525, "fpem/counterfactual_risk_correct_inv_switches": 0.009523809523809525, "fpem/counterfactual_risk_harmful_inv_switches": 0.0, "fpem/counterfactual_risk_saved_loss": 0.0001737583251226516, "fpem/counterfactual_risk_added_loss": 0.0, "fpem/counterfactual_risk_net_gain": 0.00017375037783668156, "fpem/counterfactual_risk_regret": 0.0695279075985863, "fpem/counterfactual_risk_oracle_gap_closed": 0.0013839003585633777, "fpem/counterfactual_risk_delta_mean": -0.17176424094608853, "fpem/counterfactual_risk_target_inv_ratio": 0.3101190476190476, "fpem/counterfactual_risk_weight_env_sum": 7.999999895549956, "fpem/counterfactual_risk_weight_inv_sum": 7.9999999455043245, "fpem/counterfactual_risk_prediction_is_hard_route": 1.0, "fpem/counterfactual_risk_prediction_is_soft_fusion": 0.0, "fpem/counterfactual_risk_target_detached": 1.0, "fpem/counterfactual_risk_uses_threshold": 0.0, "fpem/counterfactual_risk_all_samples_used_for_router": 1.0, "fpem/hard_router_predicted_env_ratio": 0.9994047619047619, "fpem/hard_router_effective_env_ratio": 1.0, "fpem/hard_router_target_env_ratio": 0.6898809523809524, "fpem/hard_router_gain_mean": -0.17176424094608853, "fpem/expert_prediction_pairwise_difference": 0.0, "fpem/delta_pairwise_cosine": 0.0, "fpem/delta_pairwise_l1": 0.0, "fpem/delta_pairwise_l2": 0.0, "fpem/expert_0_parameter_norm": 14.885457075209844, "fpem/hard_binary_router_enabled": 0.0, "fpem/hard_router_uses_target_in_forward": 0.0, "fpem/stored_future_c_loaded": 0.0, "fpem/prediction_is_weighted_complete_fusion": 0.0, "fpem/prediction_is_hard_route": 1.0, "fpem/conservative_inv_override_enabled": 0.0, "fpem/conservative_router_features_detached": 1.0, "fpem/counterfactual_risk_router_enabled": 1.0, "fpem/counterfactual_risk_stage2_active_forward": 0.0, "fpem/counterfactual_risk_deploy_route_active": 0.0, "fpem/counterfactual_risk_training_uses_route": 0.0, "fpem/counterfactual_risk_forward_uses_threshold": 0.0, "fpem/future_mi_loss": 0.0, "fpem/future_mi_valid": 0.0, "fpem/future_mi_logvar_mean": 0.0, "fpem/future_mi_target_mode_env_encoder": 0.0, "fpem/swap_loss": 0.0, "fpem/swap_diff_loss": 0.0, "fpem/swap_same_loss": 0.0, "fpem/swap_gain_mean": 0.0, "fpem/swap_s_gain_mean": 0.0, "fpem/swap_fallback_router_loss": 0.0, "fpem/swap_fallback_q_mean": 0.0, "fpem/swap_prediction_delta": 0.0, "fpem/swap_route_delta": 0.0, "fpem/swap_hyper_alpha_delta": 0.0, "fpem/swap_hyper_delta_norm": 0.0, "fpem/loss_env_day": 0.0, "fpem/loss_env_hour": 0.0, "fpem/loss_env_rush": 0.0, "fpem/env_day_acc": 0.0, "fpem/env_hour_acc": 0.0, "fpem/env_rush_acc": 0.0, "fpem/loss_env_supcon": 0.0, "fpem/env_supcon_valid_pairs": 0.0, "fpem/loss_inv_env_adv": 0.0, "fpem/inv_day_acc": 0.0, "fpem/inv_hour_acc": 0.0, "fpem/inv_rush_acc": 0.0, "fpem/loss_cross_cov_sep": 0.0, "fpem/confounder_dep_enabled": 1.0, "fpem/confounder_dep_mode_gci": 1.0, "fpem/confounder_dep_mode_scd": 0.0, "fpem/confounder_dep_mode_both": 0.0, "fpem/confounder_dep_total": 0.09235461127190363, "fpem/loss_gci": 0.00015742868445591912, "fpem/loss_gci_drop": 0.0001574273448481801, "fpem/loss_gci_keep": 1.3398583311624314e-08, "fpem/loss_gci_graph_align": 0.9235449898810614, "fpem/loss_scd": 0.0, "fpem/loss_conf_kl": 2.6570774969600497e-05, "fpem/effective_gci_weight": 0.000699999975040555, "fpem/effective_gci_graph_align_weight": 0.10000000149011612, "fpem/effective_scd_weight": 0.0, "fpem/effective_conf_kl_weight": 7.000000186963007e-05, "fpem/confounder_dep_ramp_factor": 0.699999988079071, "fpem/C_mean": 0.0022495988401628675, "fpem/C_std": 0.9885045193490528, "fpem/C_norm": 2.7219645023345946, "fpem/confounder_token_norm": 7.9650651432219, "fpem/confounder_variational": 1.0, "fpem/confounder_projection_trace": 7.998541809263683, "fpem/confounder_projection_ridge": 0.0010000000474974513, "fpem/confounder_projection_rank_dim": 8.0, "fpem/confounder_projection_calls": 1.0, "fpem/confounder_dep_detach_target": 1.0, "fpem/gci_nonedge_mass_before_C": 0.9591635545094808, "fpem/gci_nonedge_mass_after_C": 0.959296426886604, "fpem/gci_nonedge_mass_reduction": -0.0001328723771231515, "fpem/gci_relative_violation": 0.0001574273448481801, "fpem/gci_edge_before_C": 0.005019257683306933, "fpem/gci_edge_after_C": 0.005008612404621783, "fpem/gci_nonedge_conn_before_C": 0.004998767837172463, "fpem/gci_nonedge_conn_after_C": 0.004999460275506689, "fpem/gci_nonedge_conn_reduction": -6.924383342266083e-07, "fpem/gci_edge_conn_before_C": 0.005019257683306933, "fpem/gci_edge_conn_after_C": 0.005008612404621783, "fpem/gci_edge_conn_reduction": 1.0645278685149692e-05, "fpem/gci_nonedge_dep_before_C": 0.004998767837172463, "fpem/gci_nonedge_dep_after_C": 0.004999460275506689, "fpem/gci_nonedge_dep_reduction": -6.924383342266083e-07, "fpem/gci_edge_dep_before_C": 0.005019257683306933, "fpem/gci_edge_dep_after_C": 0.005008612404621783, "fpem/gci_nonedge_count": 38376.0, "fpem/gci_edge_count": 1424.0, "fpem/gci_node_count": 200.0, "fpem/gci_node_vector_dim": 2240.0, "fpem/gci_graph_embed_dim": 16.0, "fpem/gci_graph_embedding_norm_before": 0.09644743523427418, "fpem/gci_graph_embedding_norm_after": 0.0679898745956875, "fpem/gci_graph_embedding_std_before": 0.0359560871585494, "fpem/gci_graph_embedding_std_after": 0.02461663018025103, "fpem/gci_graph_adj_mean_before": 0.004999999883806422, "fpem/gci_graph_adj_mean_after": 0.004999999883806422, "fpem/gci_graph_adj_std_before": 6.647300899549875e-05, "fpem/gci_graph_adj_std_after": 3.228084926723525e-05, "fpem/gci_graph_align_weight": 0.10000000149011612, "fpem/gci_graph_align_raw_mse": 4.9703861665626566e-08, "fpem/gci_graph_align_normalized": 0.9235449898810614, "fpem/gci_edge_preserve_beta": 0.10000000149011612, "fpem/gci_graph_align_target_available": 1.0, "fpem/gci_target_adj_mean": 0.004999999888241291, "fpem/gci_target_adj_std": 0.0002319861378055066, "fpem/gci_target_edge_mean": 0.00513450289145112, "fpem/gci_target_nonedge_mean": 0.0049905311316251755, "fpem/gci_target_diag_mean": 0.00585911376401782, "fpem/gci_graph_align_updates_agcrn": 0.0, "fpem/gci_updates_graph_linear": 0.0, "fpem/gci_graph_construction_agcrn_softmax": 1.0, "fpem/scd_assoc_before_C": 0.0, "fpem/scd_assoc_after_C": 0.0, "fpem/scd_assoc_reduction": 0.0, "fpem/scd_relative_violation": 0.0, "fpem/sample_assoc_before_C": 0.0, "fpem/sample_assoc_after_C": 0.0, "fpem/sample_assoc_reduction": 0.0, "fpem/sample_dep_before_C": 0.0, "fpem/sample_dep_after_C": 0.0, "fpem/sample_dep_reduction": 0.0, "fpem/scd_batch_size": 0.0, "fpem/scd_sample_vector_dim": 0.0, "fpem/sample_kernel_alignment": 0.0, "fpem/scd_alignment_loss": 0.0, "fpem/load_level_experts_enabled": 1.0, "fpem/load_level_uses_target_or_future_load": 0.0, "fpem/environment_gate_uses_target_in_forward": 0.0, "fpem/load_level_env_residual_scale": 0.0, "fpem/uses_cached_observable_load_prior": 1.0, "fpem/primary_loss": 9.072103613898868, "fpem/inv_pred_loss": 9.215280128660655, "fpem/primary_uses_route": 1.0, "fpem/primary_uses_env_fusion": 0.0, "fpem/backbone_agcrn": 1.0, "fpem/backbone_graphwavenet": 0.0, "fpem/backbone_staeformer": 0.0, "fpem/gc_pred_loss_only": 1.0, "fpem/env_route_head_mode_hyper_proto": 1.0, "fpem/fpem_force_uniform_route": 0.0, "fpem/hard_prediction_sinkhorn_total_replaces_primary": 0.0, "fpem/hard_prediction_environment_sinkhorn_total_replaces_primary": 0.0, "fpem/warmup_risk_sinkhorn_total_replaces_primary": 0.0, "fpem/lambda_club_mi": 0.0}}
EPOCH {"epoch": 13, "train_loss": 11.070973550705682, "val": {"loss": 11.95721689860026, "mae": 11.728741645812988, "mape": 0.21011246740818024}, "test_mixed": {"loss": NaN, "mae": NaN, "mape": NaN}, "test_workday": {"loss": NaN, "mae": NaN, "mape": NaN}, "test_holiday": {"loss": NaN, "mae": NaN, "mape": NaN}, "test_avg_mae": NaN, "best_selection_value": 11.95721689860026, "best_selection_split": "val", "best_selection_metric": "val_loss", "lr": 0.001, "fpem_logs": {"fpem/fpem_env_use_exogenous": 1.0, "fpem/env_exogenous_available": 1.0, "fpem/env_exogenous_time_available": 1.0, "fpem/env_exogenous_load_available": 1.0, "fpem/env_exogenous_feature_dim": 32.0, "fpem/env_exogenous_embedding_norm": 2.7272933846428282, "fpem/env_exogenous_load_embedding_norm": 1.9373672984895252, "fpem/env_rep_ablation_normal": 1.0, "fpem/env_rep_ablation_zero": 0.0, "fpem/env_rep_ablation_shuffle_batch": 0.0, "fpem/env_rep_ablation_mode_id": 0.0, "fpem/mask_loss": 0.0, "fpem/mask_sparse_loss": 0.0, "fpem/mask_entropy_loss": 0.0, "fpem/mask_mean": 1.0, "fpem/mask_entropy": 0.0, "fpem/mask_active_ratio": 1.0, "fpem/fusion_alpha_mean": 0.0, "fpem/fusion_alpha_std": 0.0, "fpem/fusion_alpha_min": 0.0, "fpem/fusion_alpha_max": 0.0, "fpem/env_route_loss": 1.900559535480681, "fpem/env_route_L_final": 9.080625947316488, "fpem/env_route_L_global": 0.0, "fpem/env_route_L_route_soft": 0.0, "fpem/env_route_L_expert": 9.50279752640497, "fpem/env_route_L_router_oracle": 0.0, "fpem/env_route_L_balance": 0.0, "fpem/env_route_L_diverse": 0.0, "fpem/env_route_L_proto_align": 0.0, "fpem/env_route_entropy": 0.0, "fpem/env_route_q_max_mean": 0.0, "fpem/hyper_alpha_mean": 0.0, "fpem/hyper_delta_norm": 0.0, "fpem/hyper_route_proto_mode_uniform_warmup": 0.0, "fpem/hyper_route_proto_mode_uniform_fixed": 0.0, "fpem/hyper_route_proto_mode_sinkhorn": 0.0, "fpem/hyper_route_proto_mode_softmax": 0.0, "fpem/fallback_q_mean": 0.0, "fpem/fallback_q_max": 0.0, "fpem/env_q_sum_mean": 1.0, "fpem/oracle_fallback_rate": 0.0, "fpem/route_count_fallback": 0.0, "fpem/env_route_head_mode": 1.0, "fpem/route_entropy_mean": 0.0, "fpem/route_mean_distribution_entropy": 0.0, "fpem/effective_expert_number": 1.0, "fpem/max_expert_usage_ratio": 0.0, "fpem/min_expert_usage_ratio": 0.0, "fpem/prototype_pairwise_cosine": 0.0, "fpem/expert_prediction_pairwise_cosine": 0.0, "fpem/expert_collapse_warning": 0.0, "fpem/env_route_target_mode_env_prototype": 0.0, "fpem/env_route_target_mode_hybrid": 0.0, "fpem/env_route_hybrid_alpha": 0.0, "fpem/env_route_train_mode_warmup_risk_sinkhorn": 0.0, "fpem/warmup_risk_stage_warmup": 0.0, "fpem/warmup_risk_stage_soft": 0.0, "fpem/warmup_risk_stage_hard": 0.0, "fpem/warmup_risk_selected_loss": 0.0, "fpem/warmup_risk_uniform_common_loss": 0.0, "fpem/warmup_risk_lambda_common": 0.0, "fpem/warmup_risk_total_common_term": 0.0, "fpem/warmup_risk_temperature": 0.0, "fpem/warmup_risk_temperature_progress": 0.0, "fpem/uniform_expert_mae": 0.0, "fpem/risk_routed_mae": 0.0, "fpem/risk_prediction_mae": 0.0, "fpem/risk_loss": 0.0, "fpem/risk_ranking_loss": 0.0, "fpem/risk_ranking_accuracy": 0.0, "fpem/risk_oracle_argmin_accuracy": 0.0, "fpem/risk_router_temperature": 0.0, "fpem/risk_router_lambda": 0.0, "fpem/risk_router_pairwise_lambda": 0.0, "fpem/env_route_train_mode_progressive_gmm_environment": 0.0, "fpem/top_level_prediction_source_progressive_gmm_teacher_hard": 0.0, "fpem/progressive_assignment_uses_target_or_prediction_error": 0.0, "fpem/progressive_partition_ready": 0.0, "fpem/progressive_selected_k": 0.0, "fpem/progressive_active_expert_count": 0.0, "fpem/progressive_last_partition_epoch": 0.0, "fpem/progressive_lambda_common": 0.0, "fpem/progressive_common_term": 0.0, "fpem/progressive_compactness_loss": 0.0, "fpem/progressive_consistency_loss": 0.0, "fpem/progressive_cluster_entropy": 0.0, "fpem/progressive_assignment_change_ratio": 0.0, "fpem/progressive_hungarian_overlap_score": 0.0, "fpem/progressive_partition_update_time_sec": 0.0, "fpem/progressive_routed_mae": 0.0, "fpem/progressive_gmm_environment_total_replaces_primary": 0.0, "fpem/env_route_count_head_0": 16.0, "fpem/env_route_oracle_count_head_0": 16.0, "fpem/route_count_env_head_0": 16.0, "fpem/route_soft_mean_expert_0": 1.0, "fpem/route_hard_count_expert_0": 16.0, "fpem/hard_count_expert_0": 16.0, "fpem/sinkhorn_soft_col_mass_expert_0": 0.0, "fpem/progressive_active_expert_0": 0.0, "fpem/progressive_cluster_size_0": 0.0, "fpem/progressive_cluster_ratio_0": 0.0, "fpem/progressive_cluster_to_expert_0": 0.0, "fpem/progressive_bic_k1": 0.0, "fpem/progressive_bic_score_k1": 0.0, "fpem/progressive_bic_rejected_k1": 0.0, "fpem/hyper_alpha_head_0": 0.0, "fpem/hyper_gamma_norm_head_0": 0.0, "fpem/hyper_beta_norm_head_0": 0.0, "fpem/expert_cross_mae_group_0_expert_0": 9.50279752640497, "fpem/load_expert_loss": 9.50279752640497, "fpem/counterfactual_risk_router_loss": 0.0, "fpem/counterfactual_risk_regression_loss": 9.235208279745919, "fpem/counterfactual_risk_ranking_loss": 1.5371547703941664, "fpem/load_level_assignment_detached": 1.0, "fpem/load_level_count_0": 1680.0, "fpem/load_level_ratio_0": 1.0, "fpem/expert_0_global_loss": 9.50279752640497, "fpem/expert_0_selected_loss": 9.50279752640497, "fpem/counterfactual_risk_stage2_active": 0.0, "fpem/counterfactual_risk_stage2_start_epoch": 20.0, "fpem/counterfactual_risk_all_environment_mae": 9.50279752640497, "fpem/counterfactual_risk_all_invariant_mae": 9.662237462543306, "fpem/counterfactual_risk_routed_mae": 9.50279752640497, "fpem/counterfactual_risk_oracle_mae": 9.429767826625278, "fpem/counterfactual_risk_router_accuracy": 0.7035714285714286, "fpem/counterfactual_risk_router_balanced_accuracy": 0.5047619047619047, "fpem/counterfactual_risk_inv_route_ratio": 0.0, "fpem/counterfactual_risk_env_route_ratio": 1.0, "fpem/counterfactual_risk_inv_switch_precision": 0.0, "fpem/counterfactual_risk_correct_inv_switches": 0.0, "fpem/counterfactual_risk_harmful_inv_switches": 0.0, "fpem/counterfactual_risk_saved_loss": 0.0, "fpem/counterfactual_risk_added_loss": 0.0, "fpem/counterfactual_risk_net_gain": 0.0, "fpem/counterfactual_risk_regret": 0.07302969977969215, "fpem/counterfactual_risk_oracle_gap_closed": 0.0, "fpem/counterfactual_risk_delta_mean": -0.15943996154126666, "fpem/counterfactual_risk_target_inv_ratio": 0.29642857142857143, "fpem/counterfactual_risk_weight_env_sum": 8.076190458025252, "fpem/counterfactual_risk_weight_inv_sum": 7.923809482937767, "fpem/counterfactual_risk_prediction_is_hard_route": 1.0, "fpem/counterfactual_risk_prediction_is_soft_fusion": 0.0, "fpem/counterfactual_risk_target_detached": 1.0, "fpem/counterfactual_risk_uses_threshold": 0.0, "fpem/counterfactual_risk_all_samples_used_for_router": 1.0, "fpem/hard_router_predicted_env_ratio": 1.0, "fpem/hard_router_effective_env_ratio": 1.0, "fpem/hard_router_target_env_ratio": 0.7035714285714286, "fpem/hard_router_gain_mean": -0.15943996154126666, "fpem/expert_prediction_pairwise_difference": 0.0, "fpem/delta_pairwise_cosine": 0.0, "fpem/delta_pairwise_l1": 0.0, "fpem/delta_pairwise_l2": 0.0, "fpem/expert_0_parameter_norm": 14.886535344805036, "fpem/hard_binary_router_enabled": 0.0, "fpem/hard_router_uses_target_in_forward": 0.0, "fpem/stored_future_c_loaded": 0.0, "fpem/prediction_is_weighted_complete_fusion": 0.0, "fpem/prediction_is_hard_route": 1.0, "fpem/conservative_inv_override_enabled": 0.0, "fpem/conservative_router_features_detached": 1.0, "fpem/counterfactual_risk_router_enabled": 1.0, "fpem/counterfactual_risk_stage2_active_forward": 0.0, "fpem/counterfactual_risk_deploy_route_active": 0.0, "fpem/counterfactual_risk_training_uses_route": 0.0, "fpem/counterfactual_risk_forward_uses_threshold": 0.0, "fpem/future_mi_loss": 0.0, "fpem/future_mi_valid": 0.0, "fpem/future_mi_logvar_mean": 0.0, "fpem/future_mi_target_mode_env_encoder": 0.0, "fpem/swap_loss": 0.0, "fpem/swap_diff_loss": 0.0, "fpem/swap_same_loss": 0.0, "fpem/swap_gain_mean": 0.0, "fpem/swap_s_gain_mean": 0.0, "fpem/swap_fallback_router_loss": 0.0, "fpem/swap_fallback_q_mean": 0.0, "fpem/swap_prediction_delta": 0.0, "fpem/swap_route_delta": 0.0, "fpem/swap_hyper_alpha_delta": 0.0, "fpem/swap_hyper_delta_norm": 0.0, "fpem/loss_env_day": 0.0, "fpem/loss_env_hour": 0.0, "fpem/loss_env_rush": 0.0, "fpem/env_day_acc": 0.0, "fpem/env_hour_acc": 0.0, "fpem/env_rush_acc": 0.0, "fpem/loss_env_supcon": 0.0, "fpem/env_supcon_valid_pairs": 0.0, "fpem/loss_inv_env_adv": 0.0, "fpem/inv_day_acc": 0.0, "fpem/inv_hour_acc": 0.0, "fpem/inv_rush_acc": 0.0, "fpem/loss_cross_cov_sep": 0.0, "fpem/confounder_dep_enabled": 1.0, "fpem/confounder_dep_mode_gci": 1.0, "fpem/confounder_dep_mode_scd": 0.0, "fpem/confounder_dep_mode_both": 0.0, "fpem/confounder_dep_total": 0.09146166422537395, "fpem/loss_gci": 0.00015036813530882465, "fpem/loss_gci_drop": 0.00015036708479913483, "fpem/loss_gci_keep": 1.0510215377377919e-08, "fpem/loss_gci_graph_align": 0.9146154278800601, "fpem/loss_scd": 0.0, "fpem/loss_conf_kl": 1.1202568809191385e-05, "fpem/effective_gci_weight": 0.0007999999797903001, "fpem/effective_gci_graph_align_weight": 0.10000000149011612, "fpem/effective_scd_weight": 0.0, "fpem/effective_conf_kl_weight": 7.999999797903001e-05, "fpem/confounder_dep_ramp_factor": 0.800000011920929, "fpem/C_mean": -0.004989887219631956, "fpem/C_std": 1.0002461853481475, "fpem/C_norm": 2.7647243953886487, "fpem/confounder_token_norm": 7.964795930044992, "fpem/confounder_variational": 1.0, "fpem/confounder_projection_trace": 7.99873560496739, "fpem/confounder_projection_ridge": 0.0010000000474974513, "fpem/confounder_projection_rank_dim": 8.0, "fpem/confounder_projection_calls": 1.0, "fpem/confounder_dep_detach_target": 1.0, "fpem/gci_nonedge_mass_before_C": 0.9591677081017267, "fpem/gci_nonedge_mass_after_C": 0.9592940574600584, "fpem/gci_nonedge_mass_reduction": -0.00012634935833158946, "fpem/gci_relative_violation": 0.00015036708479913483, "fpem/gci_edge_before_C": 0.005018465646675655, "fpem/gci_edge_after_C": 0.00500852603997503, "fpem/gci_nonedge_conn_before_C": 0.004998789505944365, "fpem/gci_nonedge_conn_after_C": 0.0049994479510046185, "fpem/gci_nonedge_conn_reduction": -6.584450602531433e-07, "fpem/gci_edge_conn_before_C": 0.005018465646675655, "fpem/gci_edge_conn_after_C": 0.00500852603997503, "fpem/gci_edge_conn_reduction": 9.939606700624739e-06, "fpem/gci_nonedge_dep_before_C": 0.004998789505944365, "fpem/gci_nonedge_dep_after_C": 0.0049994479510046185, "fpem/gci_nonedge_dep_reduction": -6.584450602531433e-07, "fpem/gci_edge_dep_before_C": 0.005018465646675655, "fpem/gci_edge_dep_after_C": 0.00500852603997503, "fpem/gci_nonedge_count": 38376.0, "fpem/gci_edge_count": 1424.0, "fpem/gci_node_count": 200.0, "fpem/gci_node_vector_dim": 2240.0, "fpem/gci_graph_embed_dim": 16.0, "fpem/gci_graph_embedding_norm_before": 0.10356745024522146, "fpem/gci_graph_embedding_norm_after": 0.07625769749283791, "fpem/gci_graph_embedding_std_before": 0.03707180101247061, "fpem/gci_graph_embedding_std_after": 0.026199514933285258, "fpem/gci_graph_adj_mean_before": 0.004999999879371552, "fpem/gci_graph_adj_mean_after": 0.004999999883806422, "fpem/gci_graph_adj_std_before": 6.40096396160689e-05, "fpem/gci_graph_adj_std_after": 3.24602777774479e-05, "fpem/gci_graph_align_weight": 0.10000000149011612, "fpem/gci_graph_align_raw_mse": 4.922328561260006e-08, "fpem/gci_graph_align_normalized": 0.9146154278800601, "fpem/gci_edge_preserve_beta": 0.10000000149011612, "fpem/gci_graph_align_target_available": 1.0, "fpem/gci_target_adj_mean": 0.004999999888241291, "fpem/gci_target_adj_std": 0.0002319861378055066, "fpem/gci_target_edge_mean": 0.00513450289145112, "fpem/gci_target_nonedge_mean": 0.0049905311316251755, "fpem/gci_target_diag_mean": 0.00585911376401782, "fpem/gci_graph_align_updates_agcrn": 0.0, "fpem/gci_updates_graph_linear": 0.0, "fpem/gci_graph_construction_agcrn_softmax": 1.0, "fpem/scd_assoc_before_C": 0.0, "fpem/scd_assoc_after_C": 0.0, "fpem/scd_assoc_reduction": 0.0, "fpem/scd_relative_violation": 0.0, "fpem/sample_assoc_before_C": 0.0, "fpem/sample_assoc_after_C": 0.0, "fpem/sample_assoc_reduction": 0.0, "fpem/sample_dep_before_C": 0.0, "fpem/sample_dep_after_C": 0.0, "fpem/sample_dep_reduction": 0.0, "fpem/scd_batch_size": 0.0, "fpem/scd_sample_vector_dim": 0.0, "fpem/sample_kernel_alignment": 0.0, "fpem/scd_alignment_loss": 0.0, "fpem/load_level_experts_enabled": 1.0, "fpem/load_level_uses_target_or_future_load": 0.0, "fpem/environment_gate_uses_target_in_forward": 0.0, "fpem/load_level_env_residual_scale": 0.0, "fpem/uses_cached_observable_load_prior": 1.0, "fpem/primary_loss": 9.080625947316488, "fpem/inv_pred_loss": 9.214251745314826, "fpem/primary_uses_route": 1.0, "fpem/primary_uses_env_fusion": 0.0, "fpem/backbone_agcrn": 1.0, "fpem/backbone_graphwavenet": 0.0, "fpem/backbone_staeformer": 0.0, "fpem/gc_pred_loss_only": 1.0, "fpem/env_route_head_mode_hyper_proto": 1.0, "fpem/fpem_force_uniform_route": 0.0, "fpem/hard_prediction_sinkhorn_total_replaces_primary": 0.0, "fpem/hard_prediction_environment_sinkhorn_total_replaces_primary": 0.0, "fpem/warmup_risk_sinkhorn_total_replaces_primary": 0.0, "fpem/lambda_club_mi": 0.0}}
EPOCH {"epoch": 14, "train_loss": 11.13219205765497, "val": {"loss": 11.84649689992269, "mae": 11.640438079833984, "mape": 0.18400917947292328}, "test_mixed": {"loss": NaN, "mae": NaN, "mape": NaN}, "test_workday": {"loss": NaN, "mae": NaN, "mape": NaN}, "test_holiday": {"loss": NaN, "mae": NaN, "mape": NaN}, "test_avg_mae": NaN, "best_selection_value": 11.84649689992269, "best_selection_split": "val", "best_selection_metric": "val_loss", "lr": 0.001, "fpem_logs": {"fpem/fpem_env_use_exogenous": 1.0, "fpem/env_exogenous_available": 1.0, "fpem/env_exogenous_time_available": 1.0, "fpem/env_exogenous_load_available": 1.0, "fpem/env_exogenous_feature_dim": 32.0, "fpem/env_exogenous_embedding_norm": 2.7249184358687626, "fpem/env_exogenous_load_embedding_norm": 1.933826894987197, "fpem/env_rep_ablation_normal": 1.0, "fpem/env_rep_ablation_zero": 0.0, "fpem/env_rep_ablation_shuffle_batch": 0.0, "fpem/env_rep_ablation_mode_id": 0.0, "fpem/mask_loss": 0.0, "fpem/mask_sparse_loss": 0.0, "fpem/mask_entropy_loss": 0.0, "fpem/mask_mean": 1.0, "fpem/mask_entropy": 0.0, "fpem/mask_active_ratio": 1.0, "fpem/fusion_alpha_mean": 0.0, "fpem/fusion_alpha_std": 0.0, "fpem/fusion_alpha_min": 0.0, "fpem/fusion_alpha_max": 0.0, "fpem/env_route_loss": 1.8983484869911558, "fpem/env_route_L_final": 9.0827054977417, "fpem/env_route_L_global": 0.0, "fpem/env_route_L_route_soft": 0.0, "fpem/env_route_L_expert": 9.491742288498651, "fpem/env_route_L_router_oracle": 0.0, "fpem/env_route_L_balance": 0.0, "fpem/env_route_L_diverse": 0.0, "fpem/env_route_L_proto_align": 0.0, "fpem/env_route_entropy": 0.0, "fpem/env_route_q_max_mean": 0.0, "fpem/hyper_alpha_mean": 0.0, "fpem/hyper_delta_norm": 0.0, "fpem/hyper_route_proto_mode_uniform_warmup": 0.0, "fpem/hyper_route_proto_mode_uniform_fixed": 0.0, "fpem/hyper_route_proto_mode_sinkhorn": 0.0, "fpem/hyper_route_proto_mode_softmax": 0.0, "fpem/fallback_q_mean": 0.0, "fpem/fallback_q_max": 0.0, "fpem/env_q_sum_mean": 1.0, "fpem/oracle_fallback_rate": 0.0, "fpem/route_count_fallback": 0.0, "fpem/env_route_head_mode": 1.0, "fpem/route_entropy_mean": 0.0, "fpem/route_mean_distribution_entropy": 0.0, "fpem/effective_expert_number": 1.0, "fpem/max_expert_usage_ratio": 0.0, "fpem/min_expert_usage_ratio": 0.0, "fpem/prototype_pairwise_cosine": 0.0, "fpem/expert_prediction_pairwise_cosine": 0.0, "fpem/expert_collapse_warning": 0.0, "fpem/env_route_target_mode_env_prototype": 0.0, "fpem/env_route_target_mode_hybrid": 0.0, "fpem/env_route_hybrid_alpha": 0.0, "fpem/env_route_train_mode_warmup_risk_sinkhorn": 0.0, "fpem/warmup_risk_stage_warmup": 0.0, "fpem/warmup_risk_stage_soft": 0.0, "fpem/warmup_risk_stage_hard": 0.0, "fpem/warmup_risk_selected_loss": 0.0, "fpem/warmup_risk_uniform_common_loss": 0.0, "fpem/warmup_risk_lambda_common": 0.0, "fpem/warmup_risk_total_common_term": 0.0, "fpem/warmup_risk_temperature": 0.0, "fpem/warmup_risk_temperature_progress": 0.0, "fpem/uniform_expert_mae": 0.0, "fpem/risk_routed_mae": 0.0, "fpem/risk_prediction_mae": 0.0, "fpem/risk_loss": 0.0, "fpem/risk_ranking_loss": 0.0, "fpem/risk_ranking_accuracy": 0.0, "fpem/risk_oracle_argmin_accuracy": 0.0, "fpem/risk_router_temperature": 0.0, "fpem/risk_router_lambda": 0.0, "fpem/risk_router_pairwise_lambda": 0.0, "fpem/env_route_train_mode_progressive_gmm_environment": 0.0, "fpem/top_level_prediction_source_progressive_gmm_teacher_hard": 0.0, "fpem/progressive_assignment_uses_target_or_prediction_error": 0.0, "fpem/progressive_partition_ready": 0.0, "fpem/progressive_selected_k": 0.0, "fpem/progressive_active_expert_count": 0.0, "fpem/progressive_last_partition_epoch": 0.0, "fpem/progressive_lambda_common": 0.0, "fpem/progressive_common_term": 0.0, "fpem/progressive_compactness_loss": 0.0, "fpem/progressive_consistency_loss": 0.0, "fpem/progressive_cluster_entropy": 0.0, "fpem/progressive_assignment_change_ratio": 0.0, "fpem/progressive_hungarian_overlap_score": 0.0, "fpem/progressive_partition_update_time_sec": 0.0, "fpem/progressive_routed_mae": 0.0, "fpem/progressive_gmm_environment_total_replaces_primary": 0.0, "fpem/env_route_count_head_0": 16.0, "fpem/env_route_oracle_count_head_0": 16.0, "fpem/route_count_env_head_0": 16.0, "fpem/route_soft_mean_expert_0": 1.0, "fpem/route_hard_count_expert_0": 16.0, "fpem/hard_count_expert_0": 16.0, "fpem/sinkhorn_soft_col_mass_expert_0": 0.0, "fpem/progressive_active_expert_0": 0.0, "fpem/progressive_cluster_size_0": 0.0, "fpem/progressive_cluster_ratio_0": 0.0, "fpem/progressive_cluster_to_expert_0": 0.0, "fpem/progressive_bic_k1": 0.0, "fpem/progressive_bic_score_k1": 0.0, "fpem/progressive_bic_rejected_k1": 0.0, "fpem/hyper_alpha_head_0": 0.0, "fpem/hyper_gamma_norm_head_0": 0.0, "fpem/hyper_beta_norm_head_0": 0.0, "fpem/expert_cross_mae_group_0_expert_0": 9.491742288498651, "fpem/load_expert_loss": 9.491742288498651, "fpem/counterfactual_risk_router_loss": 0.0, "fpem/counterfactual_risk_regression_loss": 9.197609061286563, "fpem/counterfactual_risk_ranking_loss": 1.54076810110183, "fpem/load_level_assignment_detached": 1.0, "fpem/load_level_count_0": 1680.0, "fpem/load_level_ratio_0": 1.0, "fpem/expert_0_global_loss": 9.491742288498651, "fpem/expert_0_selected_loss": 9.491742288498651, "fpem/counterfactual_risk_stage2_active": 0.0, "fpem/counterfactual_risk_stage2_start_epoch": 20.0, "fpem/counterfactual_risk_all_environment_mae": 9.491742288498651, "fpem/counterfactual_risk_all_invariant_mae": 9.662237557910737, "fpem/counterfactual_risk_routed_mae": 9.491742288498651, "fpem/counterfactual_risk_oracle_mae": 9.423860490889776, "fpem/counterfactual_risk_router_accuracy": 0.7023809523809523, "fpem/counterfactual_risk_router_balanced_accuracy": 0.5, "fpem/counterfactual_risk_inv_route_ratio": 0.0, "fpem/counterfactual_risk_env_route_ratio": 1.0, "fpem/counterfactual_risk_inv_switch_precision": 0.0, "fpem/counterfactual_risk_correct_inv_switches": 0.0, "fpem/counterfactual_risk_harmful_inv_switches": 0.0, "fpem/counterfactual_risk_saved_loss": 0.0, "fpem/counterfactual_risk_added_loss": 0.0, "fpem/counterfactual_risk_net_gain": 0.0, "fpem/counterfactual_risk_regret": 0.0678817976088751, "fpem/counterfactual_risk_oracle_gap_closed": 0.0, "fpem/counterfactual_risk_delta_mean": -0.17049516098839895, "fpem/counterfactual_risk_target_inv_ratio": 0.2976190476190476, "fpem/counterfactual_risk_weight_env_sum": 7.999999972752162, "fpem/counterfactual_risk_weight_inv_sum": 7.999999981834775, "fpem/counterfactual_risk_prediction_is_hard_route": 1.0, "fpem/counterfactual_risk_prediction_is_soft_fusion": 0.0, "fpem/counterfactual_risk_target_detached": 1.0, "fpem/counterfactual_risk_uses_threshold": 0.0, "fpem/counterfactual_risk_all_samples_used_for_router": 1.0, "fpem/hard_router_predicted_env_ratio": 1.0, "fpem/hard_router_effective_env_ratio": 1.0, "fpem/hard_router_target_env_ratio": 0.7023809523809523, "fpem/hard_router_gain_mean": -0.17049516098839895, "fpem/expert_prediction_pairwise_difference": 0.0, "fpem/delta_pairwise_cosine": 0.0, "fpem/delta_pairwise_l1": 0.0, "fpem/delta_pairwise_l2": 0.0, "fpem/expert_0_parameter_norm": 14.891849363417853, "fpem/hard_binary_router_enabled": 0.0, "fpem/hard_router_uses_target_in_forward": 0.0, "fpem/stored_future_c_loaded": 0.0, "fpem/prediction_is_weighted_complete_fusion": 0.0, "fpem/prediction_is_hard_route": 1.0, "fpem/conservative_inv_override_enabled": 0.0, "fpem/conservative_router_features_detached": 1.0, "fpem/counterfactual_risk_router_enabled": 1.0, "fpem/counterfactual_risk_stage2_active_forward": 0.0, "fpem/counterfactual_risk_deploy_route_active": 0.0, "fpem/counterfactual_risk_training_uses_route": 0.0, "fpem/counterfactual_risk_forward_uses_threshold": 0.0, "fpem/future_mi_loss": 0.0, "fpem/future_mi_valid": 0.0, "fpem/future_mi_logvar_mean": 0.0, "fpem/future_mi_target_mode_env_encoder": 0.0, "fpem/swap_loss": 0.0, "fpem/swap_diff_loss": 0.0, "fpem/swap_same_loss": 0.0, "fpem/swap_gain_mean": 0.0, "fpem/swap_s_gain_mean": 0.0, "fpem/swap_fallback_router_loss": 0.0, "fpem/swap_fallback_q_mean": 0.0, "fpem/swap_prediction_delta": 0.0, "fpem/swap_route_delta": 0.0, "fpem/swap_hyper_alpha_delta": 0.0, "fpem/swap_hyper_delta_norm": 0.0, "fpem/loss_env_day": 0.0, "fpem/loss_env_hour": 0.0, "fpem/loss_env_rush": 0.0, "fpem/env_day_acc": 0.0, "fpem/env_hour_acc": 0.0, "fpem/env_rush_acc": 0.0, "fpem/loss_env_supcon": 0.0, "fpem/env_supcon_valid_pairs": 0.0, "fpem/loss_inv_env_adv": 0.0, "fpem/inv_day_acc": 0.0, "fpem/inv_hour_acc": 0.0, "fpem/inv_rush_acc": 0.0, "fpem/loss_cross_cov_sep": 0.0, "fpem/confounder_dep_enabled": 1.0, "fpem/confounder_dep_mode_gci": 1.0, "fpem/confounder_dep_mode_scd": 0.0, "fpem/confounder_dep_mode_both": 0.0, "fpem/confounder_dep_total": 0.150261099423681, "fpem/loss_gci": 0.00019433485140325503, "fpem/loss_gci_drop": 0.00019432999847811603, "fpem/loss_gci_keep": 4.853662851528064e-08, "fpem/loss_gci_graph_align": 1.5026091711861747, "fpem/loss_scd": 0.0, "fpem/loss_conf_kl": 6.922536662646702e-05, "fpem/effective_gci_weight": 0.0008999999845400453, "fpem/effective_gci_graph_align_weight": 0.10000000149011612, "fpem/effective_scd_weight": 0.0, "fpem/effective_conf_kl_weight": 9.000000136438757e-05, "fpem/confounder_dep_ramp_factor": 0.8999999761581421, "fpem/C_mean": 0.008643413689874467, "fpem/C_std": 0.9929266333580017, "fpem/C_norm": 2.742049432936169, "fpem/confounder_token_norm": 7.964518528892881, "fpem/confounder_variational": 1.0, "fpem/confounder_projection_trace": 7.998654992239816, "fpem/confounder_projection_ridge": 0.0010000000474974513, "fpem/confounder_projection_rank_dim": 8.0, "fpem/confounder_projection_calls": 1.0, "fpem/confounder_dep_detach_target": 1.0, "fpem/gci_nonedge_mass_before_C": 0.9591135666483924, "fpem/gci_nonedge_mass_after_C": 0.9592775861422221, "fpem/gci_nonedge_mass_reduction": -0.00016401949382963634, "fpem/gci_relative_violation": 0.00019432999847811603, "fpem/gci_edge_before_C": 0.00501835434475825, "fpem/gci_edge_after_C": 0.005008316350479921, "fpem/gci_nonedge_conn_before_C": 0.004998507315204257, "fpem/gci_nonedge_conn_after_C": 0.0049993621141073245, "fpem/gci_nonedge_conn_reduction": -8.547989030679067e-07, "fpem/gci_edge_conn_before_C": 0.00501835434475825, "fpem/gci_edge_conn_after_C": 0.005008316350479921, "fpem/gci_edge_conn_reduction": 1.003799427832876e-05, "fpem/gci_nonedge_dep_before_C": 0.004998507315204257, "fpem/gci_nonedge_dep_after_C": 0.0049993621141073245, "fpem/gci_nonedge_dep_reduction": -8.547989030679067e-07, "fpem/gci_edge_dep_before_C": 0.00501835434475825, "fpem/gci_edge_dep_after_C": 0.005008316350479921, "fpem/gci_nonedge_count": 38376.0, "fpem/gci_edge_count": 1424.0, "fpem/gci_node_count": 200.0, "fpem/gci_node_vector_dim": 2240.0, "fpem/gci_graph_embed_dim": 16.0, "fpem/gci_graph_embedding_norm_before": 0.11420139897437323, "fpem/gci_graph_embedding_norm_after": 0.08413894463862692, "fpem/gci_graph_embedding_std_before": 0.04148496708699635, "fpem/gci_graph_embedding_std_after": 0.029217756752456938, "fpem/gci_graph_adj_mean_before": 0.00499999989267616, "fpem/gci_graph_adj_mean_after": 0.00499999989267616, "fpem/gci_graph_adj_std_before": 0.0001323855255447727, "fpem/gci_graph_adj_std_after": 4.9021808739607446e-05, "fpem/gci_graph_align_weight": 0.10000000149011612, "fpem/gci_graph_align_raw_mse": 8.086826253718625e-08, "fpem/gci_graph_align_normalized": 1.5026091711861747, "fpem/gci_edge_preserve_beta": 0.10000000149011612, "fpem/gci_graph_align_target_available": 1.0, "fpem/gci_target_adj_mean": 0.004999999888241291, "fpem/gci_target_adj_std": 0.0002319861378055066, "fpem/gci_target_edge_mean": 0.00513450289145112, "fpem/gci_target_nonedge_mean": 0.0049905311316251755, "fpem/gci_target_diag_mean": 0.00585911376401782, "fpem/gci_graph_align_updates_agcrn": 0.0, "fpem/gci_updates_graph_linear": 0.0, "fpem/gci_graph_construction_agcrn_softmax": 1.0, "fpem/scd_assoc_before_C": 0.0, "fpem/scd_assoc_after_C": 0.0, "fpem/scd_assoc_reduction": 0.0, "fpem/scd_relative_violation": 0.0, "fpem/sample_assoc_before_C": 0.0, "fpem/sample_assoc_after_C": 0.0, "fpem/sample_assoc_reduction": 0.0, "fpem/sample_dep_before_C": 0.0, "fpem/sample_dep_after_C": 0.0, "fpem/sample_dep_reduction": 0.0, "fpem/scd_batch_size": 0.0, "fpem/scd_sample_vector_dim": 0.0, "fpem/sample_kernel_alignment": 0.0, "fpem/scd_alignment_loss": 0.0, "fpem/load_level_experts_enabled": 1.0, "fpem/load_level_uses_target_or_future_load": 0.0, "fpem/environment_gate_uses_target_in_forward": 0.0, "fpem/load_level_env_residual_scale": 0.0, "fpem/uses_cached_observable_load_prior": 1.0, "fpem/primary_loss": 9.0827054977417, "fpem/inv_pred_loss": 9.219752516065325, "fpem/primary_uses_route": 1.0, "fpem/primary_uses_env_fusion": 0.0, "fpem/backbone_agcrn": 1.0, "fpem/backbone_graphwavenet": 0.0, "fpem/backbone_staeformer": 0.0, "fpem/gc_pred_loss_only": 1.0, "fpem/env_route_head_mode_hyper_proto": 1.0, "fpem/fpem_force_uniform_route": 0.0, "fpem/hard_prediction_sinkhorn_total_replaces_primary": 0.0, "fpem/hard_prediction_environment_sinkhorn_total_replaces_primary": 0.0, "fpem/warmup_risk_sinkhorn_total_replaces_primary": 0.0, "fpem/lambda_club_mi": 0.0}}
EPOCH {"epoch": 15, "train_loss": 11.070857293265206, "val": {"loss": 11.848948028352526, "mae": 11.648611068725586, "mape": 0.18031997978687286}, "test_mixed": {"loss": NaN, "mae": NaN, "mape": NaN}, "test_workday": {"loss": NaN, "mae": NaN, "mape": NaN}, "test_holiday": {"loss": NaN, "mae": NaN, "mape": NaN}, "test_avg_mae": NaN, "best_selection_value": 11.848948028352526, "best_selection_split": "val", "best_selection_metric": "val_loss", "lr": 0.001, "fpem_logs": {"fpem/fpem_env_use_exogenous": 1.0, "fpem/env_exogenous_available": 1.0, "fpem/env_exogenous_time_available": 1.0, "fpem/env_exogenous_load_available": 1.0, "fpem/env_exogenous_feature_dim": 32.0, "fpem/env_exogenous_embedding_norm": 2.7201499235062374, "fpem/env_exogenous_load_embedding_norm": 1.9324215775444393, "fpem/env_rep_ablation_normal": 1.0, "fpem/env_rep_ablation_zero": 0.0, "fpem/env_rep_ablation_shuffle_batch": 0.0, "fpem/env_rep_ablation_mode_id": 0.0, "fpem/mask_loss": 0.0, "fpem/mask_sparse_loss": 0.0, "fpem/mask_entropy_loss": 0.0, "fpem/mask_mean": 1.0, "fpem/mask_entropy": 0.0, "fpem/mask_active_ratio": 1.0, "fpem/fusion_alpha_mean": 0.0, "fpem/fusion_alpha_std": 0.0, "fpem/fusion_alpha_min": 0.0, "fpem/fusion_alpha_max": 0.0, "fpem/env_route_loss": 1.8985266151882354, "fpem/env_route_L_final": 9.074752348945255, "fpem/env_route_L_global": 0.0, "fpem/env_route_L_route_soft": 0.0, "fpem/env_route_L_expert": 9.492632902236211, "fpem/env_route_L_router_oracle": 0.0, "fpem/env_route_L_balance": 0.0, "fpem/env_route_L_diverse": 0.0, "fpem/env_route_L_proto_align": 0.0, "fpem/env_route_entropy": 0.0, "fpem/env_route_q_max_mean": 0.0, "fpem/hyper_alpha_mean": 0.0, "fpem/hyper_delta_norm": 0.0, "fpem/hyper_route_proto_mode_uniform_warmup": 0.0, "fpem/hyper_route_proto_mode_uniform_fixed": 0.0, "fpem/hyper_route_proto_mode_sinkhorn": 0.0, "fpem/hyper_route_proto_mode_softmax": 0.0, "fpem/fallback_q_mean": 0.0, "fpem/fallback_q_max": 0.0, "fpem/env_q_sum_mean": 1.0, "fpem/oracle_fallback_rate": 0.0, "fpem/route_count_fallback": 0.0, "fpem/env_route_head_mode": 1.0, "fpem/route_entropy_mean": 0.0, "fpem/route_mean_distribution_entropy": 0.0, "fpem/effective_expert_number": 1.0, "fpem/max_expert_usage_ratio": 0.0, "fpem/min_expert_usage_ratio": 0.0, "fpem/prototype_pairwise_cosine": 0.0, "fpem/expert_prediction_pairwise_cosine": 0.0, "fpem/expert_collapse_warning": 0.0, "fpem/env_route_target_mode_env_prototype": 0.0, "fpem/env_route_target_mode_hybrid": 0.0, "fpem/env_route_hybrid_alpha": 0.0, "fpem/env_route_train_mode_warmup_risk_sinkhorn": 0.0, "fpem/warmup_risk_stage_warmup": 0.0, "fpem/warmup_risk_stage_soft": 0.0, "fpem/warmup_risk_stage_hard": 0.0, "fpem/warmup_risk_selected_loss": 0.0, "fpem/warmup_risk_uniform_common_loss": 0.0, "fpem/warmup_risk_lambda_common": 0.0, "fpem/warmup_risk_total_common_term": 0.0, "fpem/warmup_risk_temperature": 0.0, "fpem/warmup_risk_temperature_progress": 0.0, "fpem/uniform_expert_mae": 0.0, "fpem/risk_routed_mae": 0.0, "fpem/risk_prediction_mae": 0.0, "fpem/risk_loss": 0.0, "fpem/risk_ranking_loss": 0.0, "fpem/risk_ranking_accuracy": 0.0, "fpem/risk_oracle_argmin_accuracy": 0.0, "fpem/risk_router_temperature": 0.0, "fpem/risk_router_lambda": 0.0, "fpem/risk_router_pairwise_lambda": 0.0, "fpem/env_route_train_mode_progressive_gmm_environment": 0.0, "fpem/top_level_prediction_source_progressive_gmm_teacher_hard": 0.0, "fpem/progressive_assignment_uses_target_or_prediction_error": 0.0, "fpem/progressive_partition_ready": 0.0, "fpem/progressive_selected_k": 0.0, "fpem/progressive_active_expert_count": 0.0, "fpem/progressive_last_partition_epoch": 0.0, "fpem/progressive_lambda_common": 0.0, "fpem/progressive_common_term": 0.0, "fpem/progressive_compactness_loss": 0.0, "fpem/progressive_consistency_loss": 0.0, "fpem/progressive_cluster_entropy": 0.0, "fpem/progressive_assignment_change_ratio": 0.0, "fpem/progressive_hungarian_overlap_score": 0.0, "fpem/progressive_partition_update_time_sec": 0.0, "fpem/progressive_routed_mae": 0.0, "fpem/progressive_gmm_environment_total_replaces_primary": 0.0, "fpem/env_route_count_head_0": 16.0, "fpem/env_route_oracle_count_head_0": 16.0, "fpem/route_count_env_head_0": 16.0, "fpem/route_soft_mean_expert_0": 1.0, "fpem/route_hard_count_expert_0": 16.0, "fpem/hard_count_expert_0": 16.0, "fpem/sinkhorn_soft_col_mass_expert_0": 0.0, "fpem/progressive_active_expert_0": 0.0, "fpem/progressive_cluster_size_0": 0.0, "fpem/progressive_cluster_ratio_0": 0.0, "fpem/progressive_cluster_to_expert_0": 0.0, "fpem/progressive_bic_k1": 0.0, "fpem/progressive_bic_score_k1": 0.0, "fpem/progressive_bic_rejected_k1": 0.0, "fpem/hyper_alpha_head_0": 0.0, "fpem/hyper_gamma_norm_head_0": 0.0, "fpem/hyper_beta_norm_head_0": 0.0, "fpem/expert_cross_mae_group_0_expert_0": 9.492632902236211, "fpem/load_expert_loss": 9.492632902236211, "fpem/counterfactual_risk_router_loss": 0.0, "fpem/counterfactual_risk_regression_loss": 9.108235281989687, "fpem/counterfactual_risk_ranking_loss": 1.5211033068952107, "fpem/load_level_assignment_detached": 1.0, "fpem/load_level_count_0": 1680.0, "fpem/load_level_ratio_0": 1.0, "fpem/expert_0_global_loss": 9.492632902236211, "fpem/expert_0_selected_loss": 9.492632902236211, "fpem/counterfactual_risk_stage2_active": 0.0, "fpem/counterfactual_risk_stage2_start_epoch": 20.0, "fpem/counterfactual_risk_all_environment_mae": 9.492632902236211, "fpem/counterfactual_risk_all_invariant_mae": 9.66223754428682, "fpem/counterfactual_risk_routed_mae": 9.492632902236211, "fpem/counterfactual_risk_oracle_mae": 9.418234121231805, "fpem/counterfactual_risk_router_accuracy": 0.6869047619047619, "fpem/counterfactual_risk_router_balanced_accuracy": 0.5047619047619047, "fpem/counterfactual_risk_inv_route_ratio": 0.0, "fpem/counterfactual_risk_env_route_ratio": 1.0, "fpem/counterfactual_risk_inv_switch_precision": 0.0, "fpem/counterfactual_risk_correct_inv_switches": 0.0, "fpem/counterfactual_risk_harmful_inv_switches": 0.0, "fpem/counterfactual_risk_saved_loss": 0.0, "fpem/counterfactual_risk_added_loss": 0.0, "fpem/counterfactual_risk_net_gain": 0.0, "fpem/counterfactual_risk_regret": 0.07439878100440615, "fpem/counterfactual_risk_oracle_gap_closed": 0.0, "fpem/counterfactual_risk_delta_mean": -0.16960457776274, "fpem/counterfactual_risk_target_inv_ratio": 0.3130952380952381, "fpem/counterfactual_risk_weight_env_sum": 8.076190394446963, "fpem/counterfactual_risk_weight_inv_sum": 7.92380945568993, "fpem/counterfactual_risk_prediction_is_hard_route": 1.0, "fpem/counterfactual_risk_prediction_is_soft_fusion": 0.0, "fpem/counterfactual_risk_target_detached": 1.0, "fpem/counterfactual_risk_uses_threshold": 0.0, "fpem/counterfactual_risk_all_samples_used_for_router": 1.0, "fpem/hard_router_predicted_env_ratio": 1.0, "fpem/hard_router_effective_env_ratio": 1.0, "fpem/hard_router_target_env_ratio": 0.6869047619047619, "fpem/hard_router_gain_mean": -0.16960457776274, "fpem/expert_prediction_pairwise_difference": 0.0, "fpem/delta_pairwise_cosine": 0.0, "fpem/delta_pairwise_l1": 0.0, "fpem/delta_pairwise_l2": 0.0, "fpem/expert_0_parameter_norm": 14.89465829758417, "fpem/hard_binary_router_enabled": 0.0, "fpem/hard_router_uses_target_in_forward": 0.0, "fpem/stored_future_c_loaded": 0.0, "fpem/prediction_is_weighted_complete_fusion": 0.0, "fpem/prediction_is_hard_route": 1.0, "fpem/conservative_inv_override_enabled": 0.0, "fpem/conservative_router_features_detached": 1.0, "fpem/counterfactual_risk_router_enabled": 1.0, "fpem/counterfactual_risk_stage2_active_forward": 0.0, "fpem/counterfactual_risk_deploy_route_active": 0.0, "fpem/counterfactual_risk_training_uses_route": 0.0, "fpem/counterfactual_risk_forward_uses_threshold": 0.0, "fpem/future_mi_loss": 0.0, "fpem/future_mi_valid": 0.0, "fpem/future_mi_logvar_mean": 0.0, "fpem/future_mi_target_mode_env_encoder": 0.0, "fpem/swap_loss": 0.0, "fpem/swap_diff_loss": 0.0, "fpem/swap_same_loss": 0.0, "fpem/swap_gain_mean": 0.0, "fpem/swap_s_gain_mean": 0.0, "fpem/swap_fallback_router_loss": 0.0, "fpem/swap_fallback_q_mean": 0.0, "fpem/swap_prediction_delta": 0.0, "fpem/swap_route_delta": 0.0, "fpem/swap_hyper_alpha_delta": 0.0, "fpem/swap_hyper_delta_norm": 0.0, "fpem/loss_env_day": 0.0, "fpem/loss_env_hour": 0.0, "fpem/loss_env_rush": 0.0, "fpem/env_day_acc": 0.0, "fpem/env_hour_acc": 0.0, "fpem/env_rush_acc": 0.0, "fpem/loss_env_supcon": 0.0, "fpem/env_supcon_valid_pairs": 0.0, "fpem/loss_inv_env_adv": 0.0, "fpem/inv_day_acc": 0.0, "fpem/inv_hour_acc": 0.0, "fpem/inv_rush_acc": 0.0, "fpem/loss_cross_cov_sep": 0.0, "fpem/confounder_dep_enabled": 1.0, "fpem/confounder_dep_mode_gci": 1.0, "fpem/confounder_dep_mode_scd": 0.0, "fpem/confounder_dep_mode_both": 0.0, "fpem/confounder_dep_total": 0.09512603006192616, "fpem/loss_gci": 0.00015921889412094884, "fpem/loss_gci_drop": 0.00015921735231088296, "fpem/loss_gci_keep": 1.541391238984737e-08, "fpem/loss_gci_graph_align": 0.9512585424241565, "fpem/loss_scd": 0.0, "fpem/loss_conf_kl": 0.00014986057011854082, "fpem/effective_gci_weight": 0.0010000000474974513, "fpem/effective_gci_graph_align_weight": 0.10000000149011612, "fpem/effective_scd_weight": 0.0, "fpem/effective_conf_kl_weight": 9.999999747378752e-05, "fpem/confounder_dep_ramp_factor": 1.0, "fpem/C_mean": 0.008556628262712841, "fpem/C_std": 0.9782162013508025, "fpem/C_norm": 2.7010221890040804, "fpem/confounder_token_norm": 7.962490894680932, "fpem/confounder_variational": 1.0, "fpem/confounder_projection_trace": 7.998665096646263, "fpem/confounder_projection_ridge": 0.0010000000474974513, "fpem/confounder_projection_rank_dim": 8.0, "fpem/confounder_projection_calls": 1.0, "fpem/confounder_dep_detach_target": 1.0, "fpem/gci_nonedge_mass_before_C": 0.9591590722401937, "fpem/gci_nonedge_mass_after_C": 0.9592911572683425, "fpem/gci_nonedge_mass_reduction": -0.00013208502814883279, "fpem/gci_relative_violation": 0.00015921735231088296, "fpem/gci_edge_before_C": 0.005017553101338092, "fpem/gci_edge_after_C": 0.005008129314297722, "fpem/gci_nonedge_conn_before_C": 0.004998744438801493, "fpem/gci_nonedge_conn_after_C": 0.0049994328147953465, "fpem/gci_nonedge_conn_reduction": -6.883759938535237e-07, "fpem/gci_edge_conn_before_C": 0.005017553101338092, "fpem/gci_edge_conn_after_C": 0.005008129314297722, "fpem/gci_edge_conn_reduction": 9.423787040369852e-06, "fpem/gci_nonedge_dep_before_C": 0.004998744438801493, "fpem/gci_nonedge_dep_after_C": 0.0049994328147953465, "fpem/gci_nonedge_dep_reduction": -6.883759938535237e-07, "fpem/gci_edge_dep_before_C": 0.005017553101338092, "fpem/gci_edge_dep_after_C": 0.005008129314297722, "fpem/gci_nonedge_count": 38376.0, "fpem/gci_edge_count": 1424.0, "fpem/gci_node_count": 200.0, "fpem/gci_node_vector_dim": 2240.0, "fpem/gci_graph_embed_dim": 16.0, "fpem/gci_graph_embedding_norm_before": 0.10723046305633727, "fpem/gci_graph_embedding_norm_after": 0.07857857818404833, "fpem/gci_graph_embedding_std_before": 0.03874166721389407, "fpem/gci_graph_embedding_std_after": 0.027292939151326814, "fpem/gci_graph_adj_mean_before": 0.004999999888241291, "fpem/gci_graph_adj_mean_after": 0.00499999989267616, "fpem/gci_graph_adj_std_before": 7.64224482173588e-05, "fpem/gci_graph_adj_std_after": 3.6795560698097e-05, "fpem/gci_graph_align_weight": 0.10000000149011612, "fpem/gci_graph_align_raw_mse": 5.1195365305797426e-08, "fpem/gci_graph_align_normalized": 0.9512585424241565, "fpem/gci_edge_preserve_beta": 0.10000000149011612, "fpem/gci_graph_align_target_available": 1.0, "fpem/gci_target_adj_mean": 0.004999999888241291, "fpem/gci_target_adj_std": 0.0002319861378055066, "fpem/gci_target_edge_mean": 0.00513450289145112, "fpem/gci_target_nonedge_mean": 0.0049905311316251755, "fpem/gci_target_diag_mean": 0.00585911376401782, "fpem/gci_graph_align_updates_agcrn": 0.0, "fpem/gci_updates_graph_linear": 0.0, "fpem/gci_graph_construction_agcrn_softmax": 1.0, "fpem/scd_assoc_before_C": 0.0, "fpem/scd_assoc_after_C": 0.0, "fpem/scd_assoc_reduction": 0.0, "fpem/scd_relative_violation": 0.0, "fpem/sample_assoc_before_C": 0.0, "fpem/sample_assoc_after_C": 0.0, "fpem/sample_assoc_reduction": 0.0, "fpem/sample_dep_before_C": 0.0, "fpem/sample_dep_after_C": 0.0, "fpem/sample_dep_reduction": 0.0, "fpem/scd_batch_size": 0.0, "fpem/scd_sample_vector_dim": 0.0, "fpem/sample_kernel_alignment": 0.0, "fpem/scd_alignment_loss": 0.0, "fpem/load_level_experts_enabled": 1.0, "fpem/load_level_uses_target_or_future_load": 0.0, "fpem/environment_gate_uses_target_in_forward": 0.0, "fpem/load_level_env_residual_scale": 0.0, "fpem/uses_cached_observable_load_prior": 1.0, "fpem/primary_loss": 9.074752348945255, "fpem/inv_pred_loss": 9.218219956897554, "fpem/primary_uses_route": 1.0, "fpem/primary_uses_env_fusion": 0.0, "fpem/backbone_agcrn": 1.0, "fpem/backbone_graphwavenet": 0.0, "fpem/backbone_staeformer": 0.0, "fpem/gc_pred_loss_only": 1.0, "fpem/env_route_head_mode_hyper_proto": 1.0, "fpem/fpem_force_uniform_route": 0.0, "fpem/hard_prediction_sinkhorn_total_replaces_primary": 0.0, "fpem/hard_prediction_environment_sinkhorn_total_replaces_primary": 0.0, "fpem/warmup_risk_sinkhorn_total_replaces_primary": 0.0, "fpem/lambda_club_mi": 0.0}}
EPOCH {"epoch": 16, "train_loss": 11.158566138857887, "val": {"loss": 11.789429664611816, "mae": 11.576603889465332, "mape": 0.1814228892326355}, "test_mixed": {"loss": NaN, "mae": NaN, "mape": NaN}, "test_workday": {"loss": NaN, "mae": NaN, "mape": NaN}, "test_holiday": {"loss": NaN, "mae": NaN, "mape": NaN}, "test_avg_mae": NaN, "best_selection_value": 11.789429664611816, "best_selection_split": "val", "best_selection_metric": "val_loss", "lr": 0.001, "fpem_logs": {"fpem/fpem_env_use_exogenous": 1.0, "fpem/env_exogenous_available": 1.0, "fpem/env_exogenous_time_available": 1.0, "fpem/env_exogenous_load_available": 1.0, "fpem/env_exogenous_feature_dim": 32.0, "fpem/env_exogenous_embedding_norm": 2.720912370227632, "fpem/env_exogenous_load_embedding_norm": 1.9296380156562443, "fpem/env_rep_ablation_normal": 1.0, "fpem/env_rep_ablation_zero": 0.0, "fpem/env_rep_ablation_shuffle_batch": 0.0, "fpem/env_rep_ablation_mode_id": 0.0, "fpem/mask_loss": 0.0, "fpem/mask_sparse_loss": 0.0, "fpem/mask_entropy_loss": 0.0, "fpem/mask_mean": 1.0, "fpem/mask_entropy": 0.0, "fpem/mask_active_ratio": 1.0, "fpem/fusion_alpha_mean": 0.0, "fpem/fusion_alpha_std": 0.0, "fpem/fusion_alpha_min": 0.0, "fpem/fusion_alpha_max": 0.0, "fpem/env_route_loss": 1.910104048819769, "fpem/env_route_L_final": 9.157253197261266, "fpem/env_route_L_global": 0.0, "fpem/env_route_L_route_soft": 0.0, "fpem/env_route_L_expert": 9.5505200840178, "fpem/env_route_L_router_oracle": 0.0, "fpem/env_route_L_balance": 0.0, "fpem/env_route_L_diverse": 0.0, "fpem/env_route_L_proto_align": 0.0, "fpem/env_route_entropy": 0.0, "fpem/env_route_q_max_mean": 0.0, "fpem/hyper_alpha_mean": 0.0, "fpem/hyper_delta_norm": 0.0, "fpem/hyper_route_proto_mode_uniform_warmup": 0.0, "fpem/hyper_route_proto_mode_uniform_fixed": 0.0, "fpem/hyper_route_proto_mode_sinkhorn": 0.0, "fpem/hyper_route_proto_mode_softmax": 0.0, "fpem/fallback_q_mean": 0.0, "fpem/fallback_q_max": 0.0, "fpem/env_q_sum_mean": 1.0, "fpem/oracle_fallback_rate": 0.0, "fpem/route_count_fallback": 0.0, "fpem/env_route_head_mode": 1.0, "fpem/route_entropy_mean": 0.0, "fpem/route_mean_distribution_entropy": 0.0, "fpem/effective_expert_number": 1.0, "fpem/max_expert_usage_ratio": 0.0, "fpem/min_expert_usage_ratio": 0.0, "fpem/prototype_pairwise_cosine": 0.0, "fpem/expert_prediction_pairwise_cosine": 0.0, "fpem/expert_collapse_warning": 0.0, "fpem/env_route_target_mode_env_prototype": 0.0, "fpem/env_route_target_mode_hybrid": 0.0, "fpem/env_route_hybrid_alpha": 0.0, "fpem/env_route_train_mode_warmup_risk_sinkhorn": 0.0, "fpem/warmup_risk_stage_warmup": 0.0, "fpem/warmup_risk_stage_soft": 0.0, "fpem/warmup_risk_stage_hard": 0.0, "fpem/warmup_risk_selected_loss": 0.0, "fpem/warmup_risk_uniform_common_loss": 0.0, "fpem/warmup_risk_lambda_common": 0.0, "fpem/warmup_risk_total_common_term": 0.0, "fpem/warmup_risk_temperature": 0.0, "fpem/warmup_risk_temperature_progress": 0.0, "fpem/uniform_expert_mae": 0.0, "fpem/risk_routed_mae": 0.0, "fpem/risk_prediction_mae": 0.0, "fpem/risk_loss": 0.0, "fpem/risk_ranking_loss": 0.0, "fpem/risk_ranking_accuracy": 0.0, "fpem/risk_oracle_argmin_accuracy": 0.0, "fpem/risk_router_temperature": 0.0, "fpem/risk_router_lambda": 0.0, "fpem/risk_router_pairwise_lambda": 0.0, "fpem/env_route_train_mode_progressive_gmm_environment": 0.0, "fpem/top_level_prediction_source_progressive_gmm_teacher_hard": 0.0, "fpem/progressive_assignment_uses_target_or_prediction_error": 0.0, "fpem/progressive_partition_ready": 0.0, "fpem/progressive_selected_k": 0.0, "fpem/progressive_active_expert_count": 0.0, "fpem/progressive_last_partition_epoch": 0.0, "fpem/progressive_lambda_common": 0.0, "fpem/progressive_common_term": 0.0, "fpem/progressive_compactness_loss": 0.0, "fpem/progressive_consistency_loss": 0.0, "fpem/progressive_cluster_entropy": 0.0, "fpem/progressive_assignment_change_ratio": 0.0, "fpem/progressive_hungarian_overlap_score": 0.0, "fpem/progressive_partition_update_time_sec": 0.0, "fpem/progressive_routed_mae": 0.0, "fpem/progressive_gmm_environment_total_replaces_primary": 0.0, "fpem/env_route_count_head_0": 16.0, "fpem/env_route_oracle_count_head_0": 16.0, "fpem/route_count_env_head_0": 16.0, "fpem/route_soft_mean_expert_0": 1.0, "fpem/route_hard_count_expert_0": 16.0, "fpem/hard_count_expert_0": 16.0, "fpem/sinkhorn_soft_col_mass_expert_0": 0.0, "fpem/progressive_active_expert_0": 0.0, "fpem/progressive_cluster_size_0": 0.0, "fpem/progressive_cluster_ratio_0": 0.0, "fpem/progressive_cluster_to_expert_0": 0.0, "fpem/progressive_bic_k1": 0.0, "fpem/progressive_bic_score_k1": 0.0, "fpem/progressive_bic_rejected_k1": 0.0, "fpem/hyper_alpha_head_0": 0.0, "fpem/hyper_gamma_norm_head_0": 0.0, "fpem/hyper_beta_norm_head_0": 0.0, "fpem/expert_cross_mae_group_0_expert_0": 9.5505200840178, "fpem/load_expert_loss": 9.5505200840178, "fpem/counterfactual_risk_router_loss": 0.0, "fpem/counterfactual_risk_regression_loss": 9.114573074522472, "fpem/counterfactual_risk_ranking_loss": 1.4962893260376795, "fpem/load_level_assignment_detached": 1.0, "fpem/load_level_count_0": 1680.0, "fpem/load_level_ratio_0": 1.0, "fpem/expert_0_global_loss": 9.5505200840178, "fpem/expert_0_selected_loss": 9.5505200840178, "fpem/counterfactual_risk_stage2_active": 0.0, "fpem/counterfactual_risk_stage2_start_epoch": 20.0, "fpem/counterfactual_risk_all_environment_mae": 9.5505200840178, "fpem/counterfactual_risk_all_invariant_mae": 9.662237480708532, "fpem/counterfactual_risk_routed_mae": 9.5505200840178, "fpem/counterfactual_risk_oracle_mae": 9.445005771092006, "fpem/counterfactual_risk_router_accuracy": 0.6279761904761905, "fpem/counterfactual_risk_router_balanced_accuracy": 0.5047619047619047, "fpem/counterfactual_risk_inv_route_ratio": 0.0, "fpem/counterfactual_risk_env_route_ratio": 1.0, "fpem/counterfactual_risk_inv_switch_precision": 0.0, "fpem/counterfactual_risk_correct_inv_switches": 0.0, "fpem/counterfactual_risk_harmful_inv_switches": 0.0, "fpem/counterfactual_risk_saved_loss": 0.0, "fpem/counterfactual_risk_added_loss": 0.0, "fpem/counterfactual_risk_net_gain": 0.0, "fpem/counterfactual_risk_regret": 0.10551431292579287, "fpem/counterfactual_risk_oracle_gap_closed": 0.0, "fpem/counterfactual_risk_delta_mean": -0.11171742748646508, "fpem/counterfactual_risk_target_inv_ratio": 0.37202380952380953, "fpem/counterfactual_risk_weight_env_sum": 8.076190412612188, "fpem/counterfactual_risk_weight_inv_sum": 7.9238094647725426, "fpem/counterfactual_risk_prediction_is_hard_route": 1.0, "fpem/counterfactual_risk_prediction_is_soft_fusion": 0.0, "fpem/counterfactual_risk_target_detached": 1.0, "fpem/counterfactual_risk_uses_threshold": 0.0, "fpem/counterfactual_risk_all_samples_used_for_router": 1.0, "fpem/hard_router_predicted_env_ratio": 1.0, "fpem/hard_router_effective_env_ratio": 1.0, "fpem/hard_router_target_env_ratio": 0.6279761904761905, "fpem/hard_router_gain_mean": -0.11171742748646508, "fpem/expert_prediction_pairwise_difference": 0.0, "fpem/delta_pairwise_cosine": 0.0, "fpem/delta_pairwise_l1": 0.0, "fpem/delta_pairwise_l2": 0.0, "fpem/expert_0_parameter_norm": 14.898625609988258, "fpem/hard_binary_router_enabled": 0.0, "fpem/hard_router_uses_target_in_forward": 0.0, "fpem/stored_future_c_loaded": 0.0, "fpem/prediction_is_weighted_complete_fusion": 0.0, "fpem/prediction_is_hard_route": 1.0, "fpem/conservative_inv_override_enabled": 0.0, "fpem/conservative_router_features_detached": 1.0, "fpem/counterfactual_risk_router_enabled": 1.0, "fpem/counterfactual_risk_stage2_active_forward": 0.0, "fpem/counterfactual_risk_deploy_route_active": 0.0, "fpem/counterfactual_risk_training_uses_route": 0.0, "fpem/counterfactual_risk_forward_uses_threshold": 0.0, "fpem/future_mi_loss": 0.0, "fpem/future_mi_valid": 0.0, "fpem/future_mi_logvar_mean": 0.0, "fpem/future_mi_target_mode_env_encoder": 0.0, "fpem/swap_loss": 0.0, "fpem/swap_diff_loss": 0.0, "fpem/swap_same_loss": 0.0, "fpem/swap_gain_mean": 0.0, "fpem/swap_s_gain_mean": 0.0, "fpem/swap_fallback_router_loss": 0.0, "fpem/swap_fallback_q_mean": 0.0, "fpem/swap_prediction_delta": 0.0, "fpem/swap_route_delta": 0.0, "fpem/swap_hyper_alpha_delta": 0.0, "fpem/swap_hyper_delta_norm": 0.0, "fpem/loss_env_day": 0.0, "fpem/loss_env_hour": 0.0, "fpem/loss_env_rush": 0.0, "fpem/env_day_acc": 0.0, "fpem/env_hour_acc": 0.0, "fpem/env_rush_acc": 0.0, "fpem/loss_env_supcon": 0.0, "fpem/env_supcon_valid_pairs": 0.0, "fpem/loss_inv_env_adv": 0.0, "fpem/inv_day_acc": 0.0, "fpem/inv_hour_acc": 0.0, "fpem/inv_rush_acc": 0.0, "fpem/loss_cross_cov_sep": 0.0, "fpem/confounder_dep_enabled": 1.0, "fpem/confounder_dep_mode_gci": 1.0, "fpem/confounder_dep_mode_scd": 0.0, "fpem/confounder_dep_mode_both": 0.0, "fpem/confounder_dep_total": 0.09402525559777306, "fpem/loss_gci": 0.00015073055373726501, "fpem/loss_gci_drop": 0.00015072947301502737, "fpem/loss_gci_keep": 1.0806941242420753e-08, "fpem/loss_gci_graph_align": 0.9402510143461682, "fpem/loss_scd": 0.0, "fpem/loss_conf_kl": 2.2744724438303993e-05, "fpem/effective_gci_weight": 0.0010000000474974513, "fpem/effective_gci_graph_align_weight": 0.10000000149011612, "fpem/effective_scd_weight": 0.0, "fpem/effective_conf_kl_weight": 9.999999747378752e-05, "fpem/confounder_dep_ramp_factor": 1.0, "fpem/C_mean": 0.013703777880540917, "fpem/C_std": 0.9978100492840721, "fpem/C_norm": 2.7532081785656155, "fpem/confounder_token_norm": 7.961051786513556, "fpem/confounder_variational": 1.0, "fpem/confounder_projection_trace": 7.998739238012405, "fpem/confounder_projection_ridge": 0.0010000000474974513, "fpem/confounder_projection_rank_dim": 8.0, "fpem/confounder_projection_calls": 1.0, "fpem/confounder_dep_detach_target": 1.0, "fpem/gci_nonedge_mass_before_C": 0.9591702398799714, "fpem/gci_nonedge_mass_after_C": 0.95930008434114, "fpem/gci_nonedge_mass_reduction": -0.00012984446116856167, "fpem/gci_relative_violation": 0.00015072947301502737, "fpem/gci_edge_before_C": 0.005015220989783605, "fpem/gci_edge_after_C": 0.005006806654412122, "fpem/gci_nonedge_conn_before_C": 0.004998802681941362, "fpem/gci_nonedge_conn_after_C": 0.004999479354314861, "fpem/gci_nonedge_conn_reduction": -6.766723734991891e-07, "fpem/gci_edge_conn_before_C": 0.005015220989783605, "fpem/gci_edge_conn_after_C": 0.005006806654412122, "fpem/gci_edge_conn_reduction": 8.41433537148294e-06, "fpem/gci_nonedge_dep_before_C": 0.004998802681941362, "fpem/gci_nonedge_dep_after_C": 0.004999479354314861, "fpem/gci_nonedge_dep_reduction": -6.766723734991891e-07, "fpem/gci_edge_dep_before_C": 0.005015220989783605, "fpem/gci_edge_dep_after_C": 0.005006806654412122, "fpem/gci_nonedge_count": 38376.0, "fpem/gci_edge_count": 1424.0, "fpem/gci_node_count": 200.0, "fpem/gci_node_vector_dim": 2240.0, "fpem/gci_graph_embed_dim": 16.0, "fpem/gci_graph_embedding_norm_before": 0.1019638445405733, "fpem/gci_graph_embedding_norm_after": 0.0715455011952491, "fpem/gci_graph_embedding_std_before": 0.038214476654926936, "fpem/gci_graph_embedding_std_after": 0.026181145420386676, "fpem/gci_graph_adj_mean_before": 0.004999999888241291, "fpem/gci_graph_adj_mean_after": 0.004999999883806422, "fpem/gci_graph_adj_std_before": 7.040087373406138e-05, "fpem/gci_graph_adj_std_after": 3.285530845113542e-05, "fpem/gci_graph_align_weight": 0.10000000149011612, "fpem/gci_graph_align_raw_mse": 5.060295605187007e-08, "fpem/gci_graph_align_normalized": 0.9402510143461682, "fpem/gci_edge_preserve_beta": 0.10000000149011612, "fpem/gci_graph_align_target_available": 1.0, "fpem/gci_target_adj_mean": 0.004999999888241291, "fpem/gci_target_adj_std": 0.0002319861378055066, "fpem/gci_target_edge_mean": 0.00513450289145112, "fpem/gci_target_nonedge_mean": 0.0049905311316251755, "fpem/gci_target_diag_mean": 0.00585911376401782, "fpem/gci_graph_align_updates_agcrn": 0.0, "fpem/gci_updates_graph_linear": 0.0, "fpem/gci_graph_construction_agcrn_softmax": 1.0, "fpem/scd_assoc_before_C": 0.0, "fpem/scd_assoc_after_C": 0.0, "fpem/scd_assoc_reduction": 0.0, "fpem/scd_relative_violation": 0.0, "fpem/sample_assoc_before_C": 0.0, "fpem/sample_assoc_after_C": 0.0, "fpem/sample_assoc_reduction": 0.0, "fpem/sample_dep_before_C": 0.0, "fpem/sample_dep_after_C": 0.0, "fpem/sample_dep_reduction": 0.0, "fpem/scd_batch_size": 0.0, "fpem/scd_sample_vector_dim": 0.0, "fpem/sample_kernel_alignment": 0.0, "fpem/scd_alignment_loss": 0.0, "fpem/load_level_experts_enabled": 1.0, "fpem/load_level_uses_target_or_future_load": 0.0, "fpem/environment_gate_uses_target_in_forward": 0.0, "fpem/load_level_env_residual_scale": 0.0, "fpem/uses_cached_observable_load_prior": 1.0, "fpem/primary_loss": 9.157253197261266, "fpem/inv_pred_loss": 9.220390020098005, "fpem/primary_uses_route": 1.0, "fpem/primary_uses_env_fusion": 0.0, "fpem/backbone_agcrn": 1.0, "fpem/backbone_graphwavenet": 0.0, "fpem/backbone_staeformer": 0.0, "fpem/gc_pred_loss_only": 1.0, "fpem/env_route_head_mode_hyper_proto": 1.0, "fpem/fpem_force_uniform_route": 0.0, "fpem/hard_prediction_sinkhorn_total_replaces_primary": 0.0, "fpem/hard_prediction_environment_sinkhorn_total_replaces_primary": 0.0, "fpem/warmup_risk_sinkhorn_total_replaces_primary": 0.0, "fpem/lambda_club_mi": 0.0}}
EPOCH {"epoch": 17, "train_loss": 11.085084951491583, "val": {"loss": 11.788860850863987, "mae": 11.570282936096191, "mape": 0.18501132726669312}, "test_mixed": {"loss": NaN, "mae": NaN, "mape": NaN}, "test_workday": {"loss": NaN, "mae": NaN, "mape": NaN}, "test_holiday": {"loss": NaN, "mae": NaN, "mape": NaN}, "test_avg_mae": NaN, "best_selection_value": 11.788860850863987, "best_selection_split": "val", "best_selection_metric": "val_loss", "lr": 0.001, "fpem_logs": {"fpem/fpem_env_use_exogenous": 1.0, "fpem/env_exogenous_available": 1.0, "fpem/env_exogenous_time_available": 1.0, "fpem/env_exogenous_load_available": 1.0, "fpem/env_exogenous_feature_dim": 32.0, "fpem/env_exogenous_embedding_norm": 2.7270679042452857, "fpem/env_exogenous_load_embedding_norm": 1.9343676578430902, "fpem/env_rep_ablation_normal": 1.0, "fpem/env_rep_ablation_zero": 0.0, "fpem/env_rep_ablation_shuffle_batch": 0.0, "fpem/env_rep_ablation_mode_id": 0.0, "fpem/mask_loss": 0.0, "fpem/mask_sparse_loss": 0.0, "fpem/mask_entropy_loss": 0.0, "fpem/mask_mean": 1.0, "fpem/mask_entropy": 0.0, "fpem/mask_active_ratio": 1.0, "fpem/fusion_alpha_mean": 0.0, "fpem/fusion_alpha_std": 0.0, "fpem/fusion_alpha_min": 0.0, "fpem/fusion_alpha_max": 0.0, "fpem/env_route_loss": 1.8968769039426532, "fpem/env_route_L_final": 9.078144459497361, "fpem/env_route_L_global": 0.0, "fpem/env_route_L_route_soft": 0.0, "fpem/env_route_L_expert": 9.484384386880057, "fpem/env_route_L_router_oracle": 0.0, "fpem/env_route_L_balance": 0.0, "fpem/env_route_L_diverse": 0.0, "fpem/env_route_L_proto_align": 0.0, "fpem/env_route_entropy": 0.0, "fpem/env_route_q_max_mean": 0.0, "fpem/hyper_alpha_mean": 0.0, "fpem/hyper_delta_norm": 0.0, "fpem/hyper_route_proto_mode_uniform_warmup": 0.0, "fpem/hyper_route_proto_mode_uniform_fixed": 0.0, "fpem/hyper_route_proto_mode_sinkhorn": 0.0, "fpem/hyper_route_proto_mode_softmax": 0.0, "fpem/fallback_q_mean": 0.0, "fpem/fallback_q_max": 0.0, "fpem/env_q_sum_mean": 1.0, "fpem/oracle_fallback_rate": 0.0, "fpem/route_count_fallback": 0.0, "fpem/env_route_head_mode": 1.0, "fpem/route_entropy_mean": 0.0, "fpem/route_mean_distribution_entropy": 0.0, "fpem/effective_expert_number": 1.0, "fpem/max_expert_usage_ratio": 0.0, "fpem/min_expert_usage_ratio": 0.0, "fpem/prototype_pairwise_cosine": 0.0, "fpem/expert_prediction_pairwise_cosine": 0.0, "fpem/expert_collapse_warning": 0.0, "fpem/env_route_target_mode_env_prototype": 0.0, "fpem/env_route_target_mode_hybrid": 0.0, "fpem/env_route_hybrid_alpha": 0.0, "fpem/env_route_train_mode_warmup_risk_sinkhorn": 0.0, "fpem/warmup_risk_stage_warmup": 0.0, "fpem/warmup_risk_stage_soft": 0.0, "fpem/warmup_risk_stage_hard": 0.0, "fpem/warmup_risk_selected_loss": 0.0, "fpem/warmup_risk_uniform_common_loss": 0.0, "fpem/warmup_risk_lambda_common": 0.0, "fpem/warmup_risk_total_common_term": 0.0, "fpem/warmup_risk_temperature": 0.0, "fpem/warmup_risk_temperature_progress": 0.0, "fpem/uniform_expert_mae": 0.0, "fpem/risk_routed_mae": 0.0, "fpem/risk_prediction_mae": 0.0, "fpem/risk_loss": 0.0, "fpem/risk_ranking_loss": 0.0, "fpem/risk_ranking_accuracy": 0.0, "fpem/risk_oracle_argmin_accuracy": 0.0, "fpem/risk_router_temperature": 0.0, "fpem/risk_router_lambda": 0.0, "fpem/risk_router_pairwise_lambda": 0.0, "fpem/env_route_train_mode_progressive_gmm_environment": 0.0, "fpem/top_level_prediction_source_progressive_gmm_teacher_hard": 0.0, "fpem/progressive_assignment_uses_target_or_prediction_error": 0.0, "fpem/progressive_partition_ready": 0.0, "fpem/progressive_selected_k": 0.0, "fpem/progressive_active_expert_count": 0.0, "fpem/progressive_last_partition_epoch": 0.0, "fpem/progressive_lambda_common": 0.0, "fpem/progressive_common_term": 0.0, "fpem/progressive_compactness_loss": 0.0, "fpem/progressive_consistency_loss": 0.0, "fpem/progressive_cluster_entropy": 0.0, "fpem/progressive_assignment_change_ratio": 0.0, "fpem/progressive_hungarian_overlap_score": 0.0, "fpem/progressive_partition_update_time_sec": 0.0, "fpem/progressive_routed_mae": 0.0, "fpem/progressive_gmm_environment_total_replaces_primary": 0.0, "fpem/env_route_count_head_0": 16.0, "fpem/env_route_oracle_count_head_0": 16.0, "fpem/route_count_env_head_0": 16.0, "fpem/route_soft_mean_expert_0": 1.0, "fpem/route_hard_count_expert_0": 16.0, "fpem/hard_count_expert_0": 16.0, "fpem/sinkhorn_soft_col_mass_expert_0": 0.0, "fpem/progressive_active_expert_0": 0.0, "fpem/progressive_cluster_size_0": 0.0, "fpem/progressive_cluster_ratio_0": 0.0, "fpem/progressive_cluster_to_expert_0": 0.0, "fpem/progressive_bic_k1": 0.0, "fpem/progressive_bic_score_k1": 0.0, "fpem/progressive_bic_rejected_k1": 0.0, "fpem/hyper_alpha_head_0": 0.0, "fpem/hyper_gamma_norm_head_0": 0.0, "fpem/hyper_beta_norm_head_0": 0.0, "fpem/expert_cross_mae_group_0_expert_0": 9.484384386880057, "fpem/load_expert_loss": 9.484384386880057, "fpem/counterfactual_risk_router_loss": 0.0, "fpem/counterfactual_risk_regression_loss": 9.094870267595564, "fpem/counterfactual_risk_ranking_loss": 1.5180460663068862, "fpem/load_level_assignment_detached": 1.0, "fpem/load_level_count_0": 1680.0, "fpem/load_level_ratio_0": 1.0, "fpem/expert_0_global_loss": 9.484384386880057, "fpem/expert_0_selected_loss": 9.484384386880057, "fpem/counterfactual_risk_stage2_active": 0.0, "fpem/counterfactual_risk_stage2_start_epoch": 20.0, "fpem/counterfactual_risk_all_environment_mae": 9.484384386880057, "fpem/counterfactual_risk_all_invariant_mae": 9.662237576075963, "fpem/counterfactual_risk_routed_mae": 9.484384386880057, "fpem/counterfactual_risk_oracle_mae": 9.411824180966331, "fpem/counterfactual_risk_router_accuracy": 0.6875, "fpem/counterfactual_risk_router_balanced_accuracy": 0.5, "fpem/counterfactual_risk_inv_route_ratio": 0.0, "fpem/counterfactual_risk_env_route_ratio": 1.0, "fpem/counterfactual_risk_inv_switch_precision": 0.0, "fpem/counterfactual_risk_correct_inv_switches": 0.0, "fpem/counterfactual_risk_harmful_inv_switches": 0.0, "fpem/counterfactual_risk_saved_loss": 0.0, "fpem/counterfactual_risk_added_loss": 0.0, "fpem/counterfactual_risk_net_gain": 0.0, "fpem/counterfactual_risk_regret": 0.07256020591372535, "fpem/counterfactual_risk_oracle_gap_closed": 0.0, "fpem/counterfactual_risk_delta_mean": -0.17785312107631138, "fpem/counterfactual_risk_target_inv_ratio": 0.3125, "fpem/counterfactual_risk_weight_env_sum": 7.999999981834775, "fpem/counterfactual_risk_weight_inv_sum": 7.9999999409630185, "fpem/counterfactual_risk_prediction_is_hard_route": 1.0, "fpem/counterfactual_risk_prediction_is_soft_fusion": 0.0, "fpem/counterfactual_risk_target_detached": 1.0, "fpem/counterfactual_risk_uses_threshold": 0.0, "fpem/counterfactual_risk_all_samples_used_for_router": 1.0, "fpem/hard_router_predicted_env_ratio": 1.0, "fpem/hard_router_effective_env_ratio": 1.0, "fpem/hard_router_target_env_ratio": 0.6875, "fpem/hard_router_gain_mean": -0.17785312107631138, "fpem/expert_prediction_pairwise_difference": 0.0, "fpem/delta_pairwise_cosine": 0.0, "fpem/delta_pairwise_l1": 0.0, "fpem/delta_pairwise_l2": 0.0, "fpem/expert_0_parameter_norm": 14.899332564217703, "fpem/hard_binary_router_enabled": 0.0, "fpem/hard_router_uses_target_in_forward": 0.0, "fpem/stored_future_c_loaded": 0.0, "fpem/prediction_is_weighted_complete_fusion": 0.0, "fpem/prediction_is_hard_route": 1.0, "fpem/conservative_inv_override_enabled": 0.0, "fpem/conservative_router_features_detached": 1.0, "fpem/counterfactual_risk_router_enabled": 1.0, "fpem/counterfactual_risk_stage2_active_forward": 0.0, "fpem/counterfactual_risk_deploy_route_active": 0.0, "fpem/counterfactual_risk_training_uses_route": 0.0, "fpem/counterfactual_risk_forward_uses_threshold": 0.0, "fpem/future_mi_loss": 0.0, "fpem/future_mi_valid": 0.0, "fpem/future_mi_logvar_mean": 0.0, "fpem/future_mi_target_mode_env_encoder": 0.0, "fpem/swap_loss": 0.0, "fpem/swap_diff_loss": 0.0, "fpem/swap_same_loss": 0.0, "fpem/swap_gain_mean": 0.0, "fpem/swap_s_gain_mean": 0.0, "fpem/swap_fallback_router_loss": 0.0, "fpem/swap_fallback_q_mean": 0.0, "fpem/swap_prediction_delta": 0.0, "fpem/swap_route_delta": 0.0, "fpem/swap_hyper_alpha_delta": 0.0, "fpem/swap_hyper_delta_norm": 0.0, "fpem/loss_env_day": 0.0, "fpem/loss_env_hour": 0.0, "fpem/loss_env_rush": 0.0, "fpem/env_day_acc": 0.0, "fpem/env_hour_acc": 0.0, "fpem/env_rush_acc": 0.0, "fpem/loss_env_supcon": 0.0, "fpem/env_supcon_valid_pairs": 0.0, "fpem/loss_inv_env_adv": 0.0, "fpem/inv_day_acc": 0.0, "fpem/inv_hour_acc": 0.0, "fpem/inv_rush_acc": 0.0, "fpem/loss_cross_cov_sep": 0.0, "fpem/confounder_dep_enabled": 1.0, "fpem/confounder_dep_mode_gci": 1.0, "fpem/confounder_dep_mode_scd": 0.0, "fpem/confounder_dep_mode_both": 0.0, "fpem/confounder_dep_total": 0.09177765810773486, "fpem/loss_gci": 0.00013900279272569433, "fpem/loss_gci_drop": 0.00013900191517591122, "fpem/loss_gci_keep": 8.77861926854943e-09, "fpem/loss_gci_graph_align": 0.9177751728466579, "fpem/loss_scd": 0.0, "fpem/loss_conf_kl": 1.2462692601340158e-05, "fpem/effective_gci_weight": 0.0010000000474974513, "fpem/effective_gci_graph_align_weight": 0.10000000149011612, "fpem/effective_scd_weight": 0.0, "fpem/effective_conf_kl_weight": 9.999999747378752e-05, "fpem/confounder_dep_ramp_factor": 1.0, "fpem/C_mean": -0.003001160112520059, "fpem/C_std": 0.9923104848180498, "fpem/C_norm": 2.734583212080456, "fpem/confounder_token_norm": 7.960895819891067, "fpem/confounder_variational": 1.0, "fpem/confounder_projection_trace": 7.998720323471796, "fpem/confounder_projection_ridge": 0.0010000000474974513, "fpem/confounder_projection_rank_dim": 8.0, "fpem/confounder_projection_calls": 1.0, "fpem/confounder_dep_detach_target": 1.0, "fpem/gci_nonedge_mass_before_C": 0.9591827608290173, "fpem/gci_nonedge_mass_after_C": 0.9593009085882278, "fpem/gci_nonedge_mass_reduction": -0.00011814775921049572, "fpem/gci_relative_violation": 0.00013900191517591122, "fpem/gci_edge_before_C": 0.005016297190671875, "fpem/gci_edge_after_C": 0.005007518969831012, "fpem/gci_nonedge_conn_before_C": 0.0049988678479123685, "fpem/gci_nonedge_conn_after_C": 0.004999483651703312, "fpem/gci_nonedge_conn_reduction": -6.158037909439631e-07, "fpem/gci_edge_conn_before_C": 0.005016297190671875, "fpem/gci_edge_conn_after_C": 0.005007518969831012, "fpem/gci_edge_conn_reduction": 8.778220840862819e-06, "fpem/gci_nonedge_dep_before_C": 0.0049988678479123685, "fpem/gci_nonedge_dep_after_C": 0.004999483651703312, "fpem/gci_nonedge_dep_reduction": -6.158037909439631e-07, "fpem/gci_edge_dep_before_C": 0.005016297190671875, "fpem/gci_edge_dep_after_C": 0.005007518969831012, "fpem/gci_nonedge_count": 38376.0, "fpem/gci_edge_count": 1424.0, "fpem/gci_node_count": 200.0, "fpem/gci_node_vector_dim": 2240.0, "fpem/gci_graph_embed_dim": 16.0, "fpem/gci_graph_embedding_norm_before": 0.10036397583427883, "fpem/gci_graph_embedding_norm_after": 0.07153763983930861, "fpem/gci_graph_embedding_std_before": 0.03644875930178733, "fpem/gci_graph_embedding_std_after": 0.02543869171114195, "fpem/gci_graph_adj_mean_before": 0.004999999888241291, "fpem/gci_graph_adj_mean_after": 0.004999999879371552, "fpem/gci_graph_adj_std_before": 5.9533131293608764e-05, "fpem/gci_graph_adj_std_after": 3.016681288759823e-05, "fpem/gci_graph_align_weight": 0.10000000149011612, "fpem/gci_graph_align_raw_mse": 4.93933385536409e-08, "fpem/gci_graph_align_normalized": 0.9177751728466579, "fpem/gci_edge_preserve_beta": 0.10000000149011612, "fpem/gci_graph_align_target_available": 1.0, "fpem/gci_target_adj_mean": 0.004999999888241291, "fpem/gci_target_adj_std": 0.0002319861378055066, "fpem/gci_target_edge_mean": 0.00513450289145112, "fpem/gci_target_nonedge_mean": 0.0049905311316251755, "fpem/gci_target_diag_mean": 0.00585911376401782, "fpem/gci_graph_align_updates_agcrn": 0.0, "fpem/gci_updates_graph_linear": 0.0, "fpem/gci_graph_construction_agcrn_softmax": 1.0, "fpem/scd_assoc_before_C": 0.0, "fpem/scd_assoc_after_C": 0.0, "fpem/scd_assoc_reduction": 0.0, "fpem/scd_relative_violation": 0.0, "fpem/sample_assoc_before_C": 0.0, "fpem/sample_assoc_after_C": 0.0, "fpem/sample_assoc_reduction": 0.0, "fpem/sample_dep_before_C": 0.0, "fpem/sample_dep_after_C": 0.0, "fpem/sample_dep_reduction": 0.0, "fpem/scd_batch_size": 0.0, "fpem/scd_sample_vector_dim": 0.0, "fpem/sample_kernel_alignment": 0.0, "fpem/scd_alignment_loss": 0.0, "fpem/load_level_experts_enabled": 1.0, "fpem/load_level_uses_target_or_future_load": 0.0, "fpem/environment_gate_uses_target_in_forward": 0.0, "fpem/load_level_env_residual_scale": 0.0, "fpem/uses_cached_observable_load_prior": 1.0, "fpem/primary_loss": 9.078144459497361, "fpem/inv_pred_loss": 9.221982565380278, "fpem/primary_uses_route": 1.0, "fpem/primary_uses_env_fusion": 0.0, "fpem/backbone_agcrn": 1.0, "fpem/backbone_graphwavenet": 0.0, "fpem/backbone_staeformer": 0.0, "fpem/gc_pred_loss_only": 1.0, "fpem/env_route_head_mode_hyper_proto": 1.0, "fpem/fpem_force_uniform_route": 0.0, "fpem/hard_prediction_sinkhorn_total_replaces_primary": 0.0, "fpem/hard_prediction_environment_sinkhorn_total_replaces_primary": 0.0, "fpem/warmup_risk_sinkhorn_total_replaces_primary": 0.0, "fpem/lambda_club_mi": 0.0}}
EPOCH {"epoch": 18, "train_loss": 11.020679955255417, "val": {"loss": 11.830372174580893, "mae": 11.62962532043457, "mape": 0.1792536824941635}, "test_mixed": {"loss": NaN, "mae": NaN, "mape": NaN}, "test_workday": {"loss": NaN, "mae": NaN, "mape": NaN}, "test_holiday": {"loss": NaN, "mae": NaN, "mape": NaN}, "test_avg_mae": NaN, "best_selection_value": 11.830372174580893, "best_selection_split": "val", "best_selection_metric": "val_loss", "lr": 0.001, "fpem_logs": {"fpem/fpem_env_use_exogenous": 1.0, "fpem/env_exogenous_available": 1.0, "fpem/env_exogenous_time_available": 1.0, "fpem/env_exogenous_load_available": 1.0, "fpem/env_exogenous_feature_dim": 32.0, "fpem/env_exogenous_embedding_norm": 2.7274866285778225, "fpem/env_exogenous_load_embedding_norm": 1.935680287224906, "fpem/env_rep_ablation_normal": 1.0, "fpem/env_rep_ablation_zero": 0.0, "fpem/env_rep_ablation_shuffle_batch": 0.0, "fpem/env_rep_ablation_mode_id": 0.0, "fpem/mask_loss": 0.0, "fpem/mask_sparse_loss": 0.0, "fpem/mask_entropy_loss": 0.0, "fpem/mask_mean": 1.0, "fpem/mask_entropy": 0.0, "fpem/mask_active_ratio": 1.0, "fpem/fusion_alpha_mean": 0.0, "fpem/fusion_alpha_std": 0.0, "fpem/fusion_alpha_min": 0.0, "fpem/fusion_alpha_max": 0.0, "fpem/env_route_loss": 1.89393561567579, "fpem/env_route_L_final": 9.049609924498059, "fpem/env_route_L_global": 0.0, "fpem/env_route_L_route_soft": 0.0, "fpem/env_route_L_expert": 9.469677938733781, "fpem/env_route_L_router_oracle": 0.0, "fpem/env_route_L_balance": 0.0, "fpem/env_route_L_diverse": 0.0, "fpem/env_route_L_proto_align": 0.0, "fpem/env_route_entropy": 0.0, "fpem/env_route_q_max_mean": 0.0, "fpem/hyper_alpha_mean": 0.0, "fpem/hyper_delta_norm": 0.0, "fpem/hyper_route_proto_mode_uniform_warmup": 0.0, "fpem/hyper_route_proto_mode_uniform_fixed": 0.0, "fpem/hyper_route_proto_mode_sinkhorn": 0.0, "fpem/hyper_route_proto_mode_softmax": 0.0, "fpem/fallback_q_mean": 0.0, "fpem/fallback_q_max": 0.0, "fpem/env_q_sum_mean": 1.0, "fpem/oracle_fallback_rate": 0.0, "fpem/route_count_fallback": 0.0, "fpem/env_route_head_mode": 1.0, "fpem/route_entropy_mean": 0.0, "fpem/route_mean_distribution_entropy": 0.0, "fpem/effective_expert_number": 1.0, "fpem/max_expert_usage_ratio": 0.0, "fpem/min_expert_usage_ratio": 0.0, "fpem/prototype_pairwise_cosine": 0.0, "fpem/expert_prediction_pairwise_cosine": 0.0, "fpem/expert_collapse_warning": 0.0, "fpem/env_route_target_mode_env_prototype": 0.0, "fpem/env_route_target_mode_hybrid": 0.0, "fpem/env_route_hybrid_alpha": 0.0, "fpem/env_route_train_mode_warmup_risk_sinkhorn": 0.0, "fpem/warmup_risk_stage_warmup": 0.0, "fpem/warmup_risk_stage_soft": 0.0, "fpem/warmup_risk_stage_hard": 0.0, "fpem/warmup_risk_selected_loss": 0.0, "fpem/warmup_risk_uniform_common_loss": 0.0, "fpem/warmup_risk_lambda_common": 0.0, "fpem/warmup_risk_total_common_term": 0.0, "fpem/warmup_risk_temperature": 0.0, "fpem/warmup_risk_temperature_progress": 0.0, "fpem/uniform_expert_mae": 0.0, "fpem/risk_routed_mae": 0.0, "fpem/risk_prediction_mae": 0.0, "fpem/risk_loss": 0.0, "fpem/risk_ranking_loss": 0.0, "fpem/risk_ranking_accuracy": 0.0, "fpem/risk_oracle_argmin_accuracy": 0.0, "fpem/risk_router_temperature": 0.0, "fpem/risk_router_lambda": 0.0, "fpem/risk_router_pairwise_lambda": 0.0, "fpem/env_route_train_mode_progressive_gmm_environment": 0.0, "fpem/top_level_prediction_source_progressive_gmm_teacher_hard": 0.0, "fpem/progressive_assignment_uses_target_or_prediction_error": 0.0, "fpem/progressive_partition_ready": 0.0, "fpem/progressive_selected_k": 0.0, "fpem/progressive_active_expert_count": 0.0, "fpem/progressive_last_partition_epoch": 0.0, "fpem/progressive_lambda_common": 0.0, "fpem/progressive_common_term": 0.0, "fpem/progressive_compactness_loss": 0.0, "fpem/progressive_consistency_loss": 0.0, "fpem/progressive_cluster_entropy": 0.0, "fpem/progressive_assignment_change_ratio": 0.0, "fpem/progressive_hungarian_overlap_score": 0.0, "fpem/progressive_partition_update_time_sec": 0.0, "fpem/progressive_routed_mae": 0.0, "fpem/progressive_gmm_environment_total_replaces_primary": 0.0, "fpem/env_route_count_head_0": 16.0, "fpem/env_route_oracle_count_head_0": 16.0, "fpem/route_count_env_head_0": 16.0, "fpem/route_soft_mean_expert_0": 1.0, "fpem/route_hard_count_expert_0": 16.0, "fpem/hard_count_expert_0": 16.0, "fpem/sinkhorn_soft_col_mass_expert_0": 0.0, "fpem/progressive_active_expert_0": 0.0, "fpem/progressive_cluster_size_0": 0.0, "fpem/progressive_cluster_ratio_0": 0.0, "fpem/progressive_cluster_to_expert_0": 0.0, "fpem/progressive_bic_k1": 0.0, "fpem/progressive_bic_score_k1": 0.0, "fpem/progressive_bic_rejected_k1": 0.0, "fpem/hyper_alpha_head_0": 0.0, "fpem/hyper_gamma_norm_head_0": 0.0, "fpem/hyper_beta_norm_head_0": 0.0, "fpem/expert_cross_mae_group_0_expert_0": 9.469677938733781, "fpem/load_expert_loss": 9.469677938733781, "fpem/counterfactual_risk_router_loss": 0.0, "fpem/counterfactual_risk_regression_loss": 9.159854820796422, "fpem/counterfactual_risk_ranking_loss": 1.4644252493267969, "fpem/load_level_assignment_detached": 1.0, "fpem/load_level_count_0": 1680.0, "fpem/load_level_ratio_0": 1.0, "fpem/expert_0_global_loss": 9.469677938733781, "fpem/expert_0_selected_loss": 9.469677938733781, "fpem/counterfactual_risk_stage2_active": 0.0, "fpem/counterfactual_risk_stage2_start_epoch": 20.0, "fpem/counterfactual_risk_all_environment_mae": 9.469677938733781, "fpem/counterfactual_risk_all_invariant_mae": 9.662237448919386, "fpem/counterfactual_risk_routed_mae": 9.469677938733781, "fpem/counterfactual_risk_oracle_mae": 9.40600958324614, "fpem/counterfactual_risk_router_accuracy": 0.719047619047619, "fpem/counterfactual_risk_router_balanced_accuracy": 0.5, "fpem/counterfactual_risk_inv_route_ratio": 0.0, "fpem/counterfactual_risk_env_route_ratio": 1.0, "fpem/counterfactual_risk_inv_switch_precision": 0.0, "fpem/counterfactual_risk_correct_inv_switches": 0.0, "fpem/counterfactual_risk_harmful_inv_switches": 0.0, "fpem/counterfactual_risk_saved_loss": 0.0, "fpem/counterfactual_risk_added_loss": 0.0, "fpem/counterfactual_risk_net_gain": 0.0, "fpem/counterfactual_risk_regret": 0.06366835548764184, "fpem/counterfactual_risk_oracle_gap_closed": 0.0, "fpem/counterfactual_risk_delta_mean": -0.19255959888299307, "fpem/counterfactual_risk_target_inv_ratio": 0.28095238095238095, "fpem/counterfactual_risk_weight_env_sum": 7.999999931880406, "fpem/counterfactual_risk_weight_inv_sum": 7.999999950045631, "fpem/counterfactual_risk_prediction_is_hard_route": 1.0, "fpem/counterfactual_risk_prediction_is_soft_fusion": 0.0, "fpem/counterfactual_risk_target_detached": 1.0, "fpem/counterfactual_risk_uses_threshold": 0.0, "fpem/counterfactual_risk_all_samples_used_for_router": 1.0, "fpem/hard_router_predicted_env_ratio": 1.0, "fpem/hard_router_effective_env_ratio": 1.0, "fpem/hard_router_target_env_ratio": 0.719047619047619, "fpem/hard_router_gain_mean": -0.19255959888299307, "fpem/expert_prediction_pairwise_difference": 0.0, "fpem/delta_pairwise_cosine": 0.0, "fpem/delta_pairwise_l1": 0.0, "fpem/delta_pairwise_l2": 0.0, "fpem/expert_0_parameter_norm": 14.899275252932593, "fpem/hard_binary_router_enabled": 0.0, "fpem/hard_router_uses_target_in_forward": 0.0, "fpem/stored_future_c_loaded": 0.0, "fpem/prediction_is_weighted_complete_fusion": 0.0, "fpem/prediction_is_hard_route": 1.0, "fpem/conservative_inv_override_enabled": 0.0, "fpem/conservative_router_features_detached": 1.0, "fpem/counterfactual_risk_router_enabled": 1.0, "fpem/counterfactual_risk_stage2_active_forward": 0.0, "fpem/counterfactual_risk_deploy_route_active": 0.0, "fpem/counterfactual_risk_training_uses_route": 0.0, "fpem/counterfactual_risk_forward_uses_threshold": 0.0, "fpem/future_mi_loss": 0.0, "fpem/future_mi_valid": 0.0, "fpem/future_mi_logvar_mean": 0.0, "fpem/future_mi_target_mode_env_encoder": 0.0, "fpem/swap_loss": 0.0, "fpem/swap_diff_loss": 0.0, "fpem/swap_same_loss": 0.0, "fpem/swap_gain_mean": 0.0, "fpem/swap_s_gain_mean": 0.0, "fpem/swap_fallback_router_loss": 0.0, "fpem/swap_fallback_q_mean": 0.0, "fpem/swap_prediction_delta": 0.0, "fpem/swap_route_delta": 0.0, "fpem/swap_hyper_alpha_delta": 0.0, "fpem/swap_hyper_delta_norm": 0.0, "fpem/loss_env_day": 0.0, "fpem/loss_env_hour": 0.0, "fpem/loss_env_rush": 0.0, "fpem/env_day_acc": 0.0, "fpem/env_hour_acc": 0.0, "fpem/env_rush_acc": 0.0, "fpem/loss_env_supcon": 0.0, "fpem/env_supcon_valid_pairs": 0.0, "fpem/loss_inv_env_adv": 0.0, "fpem/inv_day_acc": 0.0, "fpem/inv_hour_acc": 0.0, "fpem/inv_rush_acc": 0.0, "fpem/loss_cross_cov_sep": 0.0, "fpem/confounder_dep_enabled": 1.0, "fpem/confounder_dep_mode_gci": 1.0, "fpem/confounder_dep_mode_scd": 0.0, "fpem/confounder_dep_mode_both": 0.0, "fpem/confounder_dep_total": 0.09275221398898534, "fpem/loss_gci": 0.0001763662642111913, "fpem/loss_gci_drop": 0.00017636468643710638, "fpem/loss_gci_keep": 1.577602733316921e-08, "fpem/loss_gci_graph_align": 0.9275203523181733, "fpem/loss_scd": 0.0, "fpem/loss_conf_kl": 2.2915324994495938e-05, "fpem/effective_gci_weight": 0.0010000000474974513, "fpem/effective_gci_graph_align_weight": 0.10000000149011612, "fpem/effective_scd_weight": 0.0, "fpem/effective_conf_kl_weight": 9.999999747378752e-05, "fpem/confounder_dep_ramp_factor": 1.0, "fpem/C_mean": 0.004525103029750642, "fpem/C_std": 0.9972856856527783, "fpem/C_norm": 2.749948369889032, "fpem/confounder_token_norm": 7.960211435953776, "fpem/confounder_variational": 1.0, "fpem/confounder_projection_trace": 7.99864915666126, "fpem/confounder_projection_ridge": 0.0010000000474974513, "fpem/confounder_projection_rank_dim": 8.0, "fpem/confounder_projection_calls": 1.0, "fpem/confounder_dep_detach_target": 1.0, "fpem/gci_nonedge_mass_before_C": 0.9591226469902765, "fpem/gci_nonedge_mass_after_C": 0.9592734030314854, "fpem/gci_nonedge_mass_reduction": -0.000150756041208903, "fpem/gci_relative_violation": 0.00017636468643710638, "fpem/gci_edge_before_C": 0.0050207015792173995, "fpem/gci_edge_after_C": 0.0050096804675246985, "fpem/gci_nonedge_conn_before_C": 0.004998554617521309, "fpem/gci_nonedge_conn_after_C": 0.004999340343333426, "fpem/gci_nonedge_conn_reduction": -7.857258121172587e-07, "fpem/gci_edge_conn_before_C": 0.0050207015792173995, "fpem/gci_edge_conn_after_C": 0.0050096804675246985, "fpem/gci_edge_conn_reduction": 1.1021111692701068e-05, "fpem/gci_nonedge_dep_before_C": 0.004998554617521309, "fpem/gci_nonedge_dep_after_C": 0.004999340343333426, "fpem/gci_nonedge_dep_reduction": -7.857258121172587e-07, "fpem/gci_edge_dep_before_C": 0.0050207015792173995, "fpem/gci_edge_dep_after_C": 0.0050096804675246985, "fpem/gci_nonedge_count": 38376.0, "fpem/gci_edge_count": 1424.0, "fpem/gci_node_count": 200.0, "fpem/gci_node_vector_dim": 2240.0, "fpem/gci_graph_embed_dim": 16.0, "fpem/gci_graph_embedding_norm_before": 0.10714005189282554, "fpem/gci_graph_embedding_norm_after": 0.07725683688407853, "fpem/gci_graph_embedding_std_before": 0.039975654138695624, "fpem/gci_graph_embedding_std_after": 0.028134834801866893, "fpem/gci_graph_adj_mean_before": 0.004999999888241291, "fpem/gci_graph_adj_mean_after": 0.004999999901545899, "fpem/gci_graph_adj_std_before": 7.79422960823424e-05, "fpem/gci_graph_adj_std_after": 3.8519905224564444e-05, "fpem/gci_graph_align_weight": 0.10000000149011612, "fpem/gci_graph_align_raw_mse": 4.991780994059592e-08, "fpem/gci_graph_align_normalized": 0.9275203523181733, "fpem/gci_edge_preserve_beta": 0.10000000149011612, "fpem/gci_graph_align_target_available": 1.0, "fpem/gci_target_adj_mean": 0.004999999888241291, "fpem/gci_target_adj_std": 0.0002319861378055066, "fpem/gci_target_edge_mean": 0.00513450289145112, "fpem/gci_target_nonedge_mean": 0.0049905311316251755, "fpem/gci_target_diag_mean": 0.00585911376401782, "fpem/gci_graph_align_updates_agcrn": 0.0, "fpem/gci_updates_graph_linear": 0.0, "fpem/gci_graph_construction_agcrn_softmax": 1.0, "fpem/scd_assoc_before_C": 0.0, "fpem/scd_assoc_after_C": 0.0, "fpem/scd_assoc_reduction": 0.0, "fpem/scd_relative_violation": 0.0, "fpem/sample_assoc_before_C": 0.0, "fpem/sample_assoc_after_C": 0.0, "fpem/sample_assoc_reduction": 0.0, "fpem/sample_dep_before_C": 0.0, "fpem/sample_dep_after_C": 0.0, "fpem/sample_dep_reduction": 0.0, "fpem/scd_batch_size": 0.0, "fpem/scd_sample_vector_dim": 0.0, "fpem/sample_kernel_alignment": 0.0, "fpem/scd_alignment_loss": 0.0, "fpem/load_level_experts_enabled": 1.0, "fpem/load_level_uses_target_or_future_load": 0.0, "fpem/environment_gate_uses_target_in_forward": 0.0, "fpem/load_level_env_residual_scale": 0.0, "fpem/uses_cached_observable_load_prior": 1.0, "fpem/primary_loss": 9.049609924498059, "fpem/inv_pred_loss": 9.215052931649344, "fpem/primary_uses_route": 1.0, "fpem/primary_uses_env_fusion": 0.0, "fpem/backbone_agcrn": 1.0, "fpem/backbone_graphwavenet": 0.0, "fpem/backbone_staeformer": 0.0, "fpem/gc_pred_loss_only": 1.0, "fpem/env_route_head_mode_hyper_proto": 1.0, "fpem/fpem_force_uniform_route": 0.0, "fpem/hard_prediction_sinkhorn_total_replaces_primary": 0.0, "fpem/hard_prediction_environment_sinkhorn_total_replaces_primary": 0.0, "fpem/warmup_risk_sinkhorn_total_replaces_primary": 0.0, "fpem/lambda_club_mi": 0.0}}
EPOCH {"epoch": 19, "train_loss": 11.035798263549804, "val": {"loss": 11.877141316731771, "mae": 11.667215347290039, "mape": 0.1824086308479309}, "test_mixed": {"loss": NaN, "mae": NaN, "mape": NaN}, "test_workday": {"loss": NaN, "mae": NaN, "mape": NaN}, "test_holiday": {"loss": NaN, "mae": NaN, "mape": NaN}, "test_avg_mae": NaN, "best_selection_value": 11.877141316731771, "best_selection_split": "val", "best_selection_metric": "val_loss", "lr": 0.001, "fpem_logs": {"fpem/fpem_env_use_exogenous": 1.0, "fpem/env_exogenous_available": 1.0, "fpem/env_exogenous_time_available": 1.0, "fpem/env_exogenous_load_available": 1.0, "fpem/env_exogenous_feature_dim": 32.0, "fpem/env_exogenous_embedding_norm": 2.726644420623779, "fpem/env_exogenous_load_embedding_norm": 1.9336038657597132, "fpem/env_rep_ablation_normal": 1.0, "fpem/env_rep_ablation_zero": 0.0, "fpem/env_rep_ablation_shuffle_batch": 0.0, "fpem/env_rep_ablation_mode_id": 0.0, "fpem/mask_loss": 0.0, "fpem/mask_sparse_loss": 0.0, "fpem/mask_entropy_loss": 0.0, "fpem/mask_mean": 1.0, "fpem/mask_entropy": 0.0, "fpem/mask_active_ratio": 1.0, "fpem/fusion_alpha_mean": 0.0, "fpem/fusion_alpha_std": 0.0, "fpem/fusion_alpha_min": 0.0, "fpem/fusion_alpha_max": 0.0, "fpem/env_route_loss": 1.8935159615107946, "fpem/env_route_L_final": 9.055195390610468, "fpem/env_route_L_global": 0.0, "fpem/env_route_L_route_soft": 0.0, "fpem/env_route_L_expert": 9.4675796463376, "fpem/env_route_L_router_oracle": 0.0, "fpem/env_route_L_balance": 0.0, "fpem/env_route_L_diverse": 0.0, "fpem/env_route_L_proto_align": 0.0, "fpem/env_route_entropy": 0.0, "fpem/env_route_q_max_mean": 0.0, "fpem/hyper_alpha_mean": 0.0, "fpem/hyper_delta_norm": 0.0, "fpem/hyper_route_proto_mode_uniform_warmup": 0.0, "fpem/hyper_route_proto_mode_uniform_fixed": 0.0, "fpem/hyper_route_proto_mode_sinkhorn": 0.0, "fpem/hyper_route_proto_mode_softmax": 0.0, "fpem/fallback_q_mean": 0.0, "fpem/fallback_q_max": 0.0, "fpem/env_q_sum_mean": 1.0, "fpem/oracle_fallback_rate": 0.0, "fpem/route_count_fallback": 0.0, "fpem/env_route_head_mode": 1.0, "fpem/route_entropy_mean": 0.0, "fpem/route_mean_distribution_entropy": 0.0, "fpem/effective_expert_number": 1.0, "fpem/max_expert_usage_ratio": 0.0, "fpem/min_expert_usage_ratio": 0.0, "fpem/prototype_pairwise_cosine": 0.0, "fpem/expert_prediction_pairwise_cosine": 0.0, "fpem/expert_collapse_warning": 0.0, "fpem/env_route_target_mode_env_prototype": 0.0, "fpem/env_route_target_mode_hybrid": 0.0, "fpem/env_route_hybrid_alpha": 0.0, "fpem/env_route_train_mode_warmup_risk_sinkhorn": 0.0, "fpem/warmup_risk_stage_warmup": 0.0, "fpem/warmup_risk_stage_soft": 0.0, "fpem/warmup_risk_stage_hard": 0.0, "fpem/warmup_risk_selected_loss": 0.0, "fpem/warmup_risk_uniform_common_loss": 0.0, "fpem/warmup_risk_lambda_common": 0.0, "fpem/warmup_risk_total_common_term": 0.0, "fpem/warmup_risk_temperature": 0.0, "fpem/warmup_risk_temperature_progress": 0.0, "fpem/uniform_expert_mae": 0.0, "fpem/risk_routed_mae": 0.0, "fpem/risk_prediction_mae": 0.0, "fpem/risk_loss": 0.0, "fpem/risk_ranking_loss": 0.0, "fpem/risk_ranking_accuracy": 0.0, "fpem/risk_oracle_argmin_accuracy": 0.0, "fpem/risk_router_temperature": 0.0, "fpem/risk_router_lambda": 0.0, "fpem/risk_router_pairwise_lambda": 0.0, "fpem/env_route_train_mode_progressive_gmm_environment": 0.0, "fpem/top_level_prediction_source_progressive_gmm_teacher_hard": 0.0, "fpem/progressive_assignment_uses_target_or_prediction_error": 0.0, "fpem/progressive_partition_ready": 0.0, "fpem/progressive_selected_k": 0.0, "fpem/progressive_active_expert_count": 0.0, "fpem/progressive_last_partition_epoch": 0.0, "fpem/progressive_lambda_common": 0.0, "fpem/progressive_common_term": 0.0, "fpem/progressive_compactness_loss": 0.0, "fpem/progressive_consistency_loss": 0.0, "fpem/progressive_cluster_entropy": 0.0, "fpem/progressive_assignment_change_ratio": 0.0, "fpem/progressive_hungarian_overlap_score": 0.0, "fpem/progressive_partition_update_time_sec": 0.0, "fpem/progressive_routed_mae": 0.0, "fpem/progressive_gmm_environment_total_replaces_primary": 0.0, "fpem/env_route_count_head_0": 16.0, "fpem/env_route_oracle_count_head_0": 16.0, "fpem/route_count_env_head_0": 16.0, "fpem/route_soft_mean_expert_0": 1.0, "fpem/route_hard_count_expert_0": 16.0, "fpem/hard_count_expert_0": 16.0, "fpem/sinkhorn_soft_col_mass_expert_0": 0.0, "fpem/progressive_active_expert_0": 0.0, "fpem/progressive_cluster_size_0": 0.0, "fpem/progressive_cluster_ratio_0": 0.0, "fpem/progressive_cluster_to_expert_0": 0.0, "fpem/progressive_bic_k1": 0.0, "fpem/progressive_bic_score_k1": 0.0, "fpem/progressive_bic_rejected_k1": 0.0, "fpem/hyper_alpha_head_0": 0.0, "fpem/hyper_gamma_norm_head_0": 0.0, "fpem/hyper_beta_norm_head_0": 0.0, "fpem/expert_cross_mae_group_0_expert_0": 9.4675796463376, "fpem/load_expert_loss": 9.4675796463376, "fpem/counterfactual_risk_router_loss": 0.0, "fpem/counterfactual_risk_regression_loss": 9.059538014729817, "fpem/counterfactual_risk_ranking_loss": 1.4717805144687495, "fpem/load_level_assignment_detached": 1.0, "fpem/load_level_count_0": 1680.0, "fpem/load_level_ratio_0": 1.0, "fpem/expert_0_global_loss": 9.4675796463376, "fpem/expert_0_selected_loss": 9.4675796463376, "fpem/counterfactual_risk_stage2_active": 0.0, "fpem/counterfactual_risk_stage2_start_epoch": 20.0, "fpem/counterfactual_risk_all_environment_mae": 9.4675796463376, "fpem/counterfactual_risk_all_invariant_mae": 9.662237503415062, "fpem/counterfactual_risk_routed_mae": 9.4675796463376, "fpem/counterfactual_risk_oracle_mae": 9.403503726777576, "fpem/counterfactual_risk_router_accuracy": 0.7178571428571429, "fpem/counterfactual_risk_router_balanced_accuracy": 0.5095238095238095, "fpem/counterfactual_risk_inv_route_ratio": 0.0, "fpem/counterfactual_risk_env_route_ratio": 1.0, "fpem/counterfactual_risk_inv_switch_precision": 0.0, "fpem/counterfactual_risk_correct_inv_switches": 0.0, "fpem/counterfactual_risk_harmful_inv_switches": 0.0, "fpem/counterfactual_risk_saved_loss": 0.0, "fpem/counterfactual_risk_added_loss": 0.0, "fpem/counterfactual_risk_net_gain": 0.0, "fpem/counterfactual_risk_regret": 0.06407591956002372, "fpem/counterfactual_risk_oracle_gap_closed": 0.0, "fpem/counterfactual_risk_delta_mean": -0.19465780442669278, "fpem/counterfactual_risk_target_inv_ratio": 0.28214285714285714, "fpem/counterfactual_risk_weight_env_sum": 8.152380879720052, "fpem/counterfactual_risk_weight_inv_sum": 7.847618997664679, "fpem/counterfactual_risk_prediction_is_hard_route": 1.0, "fpem/counterfactual_risk_prediction_is_soft_fusion": 0.0, "fpem/counterfactual_risk_target_detached": 1.0, "fpem/counterfactual_risk_uses_threshold": 0.0, "fpem/counterfactual_risk_all_samples_used_for_router": 1.0, "fpem/hard_router_predicted_env_ratio": 1.0, "fpem/hard_router_effective_env_ratio": 1.0, "fpem/hard_router_target_env_ratio": 0.7178571428571429, "fpem/hard_router_gain_mean": -0.19465780442669278, "fpem/expert_prediction_pairwise_difference": 0.0, "fpem/delta_pairwise_cosine": 0.0, "fpem/delta_pairwise_l1": 0.0, "fpem/delta_pairwise_l2": 0.0, "fpem/expert_0_parameter_norm": 14.899470202128093, "fpem/hard_binary_router_enabled": 0.0, "fpem/hard_router_uses_target_in_forward": 0.0, "fpem/stored_future_c_loaded": 0.0, "fpem/prediction_is_weighted_complete_fusion": 0.0, "fpem/prediction_is_hard_route": 1.0, "fpem/conservative_inv_override_enabled": 0.0, "fpem/conservative_router_features_detached": 1.0, "fpem/counterfactual_risk_router_enabled": 1.0, "fpem/counterfactual_risk_stage2_active_forward": 0.0, "fpem/counterfactual_risk_deploy_route_active": 0.0, "fpem/counterfactual_risk_training_uses_route": 0.0, "fpem/counterfactual_risk_forward_uses_threshold": 0.0, "fpem/future_mi_loss": 0.0, "fpem/future_mi_valid": 0.0, "fpem/future_mi_logvar_mean": 0.0, "fpem/future_mi_target_mode_env_encoder": 0.0, "fpem/swap_loss": 0.0, "fpem/swap_diff_loss": 0.0, "fpem/swap_same_loss": 0.0, "fpem/swap_gain_mean": 0.0, "fpem/swap_s_gain_mean": 0.0, "fpem/swap_fallback_router_loss": 0.0, "fpem/swap_fallback_q_mean": 0.0, "fpem/swap_prediction_delta": 0.0, "fpem/swap_route_delta": 0.0, "fpem/swap_hyper_alpha_delta": 0.0, "fpem/swap_hyper_delta_norm": 0.0, "fpem/loss_env_day": 0.0, "fpem/loss_env_hour": 0.0, "fpem/loss_env_rush": 0.0, "fpem/env_day_acc": 0.0, "fpem/env_hour_acc": 0.0, "fpem/env_rush_acc": 0.0, "fpem/loss_env_supcon": 0.0, "fpem/env_supcon_valid_pairs": 0.0, "fpem/loss_inv_env_adv": 0.0, "fpem/inv_day_acc": 0.0, "fpem/inv_hour_acc": 0.0, "fpem/inv_rush_acc": 0.0, "fpem/loss_cross_cov_sep": 0.0, "fpem/confounder_dep_enabled": 1.0, "fpem/confounder_dep_mode_gci": 1.0, "fpem/confounder_dep_mode_scd": 0.0, "fpem/confounder_dep_mode_both": 0.0, "fpem/confounder_dep_total": 0.0942329900605338, "fpem/loss_gci": 0.00017884402969641432, "fpem/loss_gci_drop": 0.0001788423693921816, "fpem/loss_gci_keep": 1.6602417100367954e-08, "fpem/loss_gci_graph_align": 0.9423280891918001, "fpem/loss_scd": 0.0, "fpem/loss_conf_kl": 1.9066780805587768e-05, "fpem/effective_gci_weight": 0.0010000000474974513, "fpem/effective_gci_graph_align_weight": 0.10000000149011612, "fpem/effective_scd_weight": 0.0, "fpem/effective_conf_kl_weight": 9.999999747378752e-05, "fpem/confounder_dep_ramp_factor": 1.0, "fpem/C_mean": -0.0018032316650663104, "fpem/C_std": 0.9961990583510626, "fpem/C_norm": 2.7465571675981795, "fpem/confounder_token_norm": 7.960202008201962, "fpem/confounder_variational": 1.0, "fpem/confounder_projection_trace": 7.998613766261509, "fpem/confounder_projection_ridge": 0.0010000000474974513, "fpem/confounder_projection_rank_dim": 8.0, "fpem/confounder_projection_calls": 1.0, "fpem/confounder_dep_detach_target": 1.0, "fpem/gci_nonedge_mass_before_C": 0.9591284723508926, "fpem/gci_nonedge_mass_after_C": 0.9592826020149957, "fpem/gci_nonedge_mass_reduction": -0.0001541296641031901, "fpem/gci_relative_violation": 0.0001788423693921816, "fpem/gci_edge_before_C": 0.00501965352201036, "fpem/gci_edge_after_C": 0.005008715107327416, "fpem/gci_nonedge_conn_before_C": 0.004998585014116197, "fpem/gci_nonedge_conn_after_C": 0.004999388266532194, "fpem/gci_nonedge_conn_reduction": -8.032524159976414e-07, "fpem/gci_edge_conn_before_C": 0.00501965352201036, "fpem/gci_edge_conn_after_C": 0.005008715107327416, "fpem/gci_edge_conn_reduction": 1.0938414682944615e-05, "fpem/gci_nonedge_dep_before_C": 0.004998585014116197, "fpem/gci_nonedge_dep_after_C": 0.004999388266532194, "fpem/gci_nonedge_dep_reduction": -8.032524159976414e-07, "fpem/gci_edge_dep_before_C": 0.00501965352201036, "fpem/gci_edge_dep_after_C": 0.005008715107327416, "fpem/gci_nonedge_count": 38376.0, "fpem/gci_edge_count": 1424.0, "fpem/gci_node_count": 200.0, "fpem/gci_node_vector_dim": 2240.0, "fpem/gci_graph_embed_dim": 16.0, "fpem/gci_graph_embedding_norm_before": 0.10886392132157371, "fpem/gci_graph_embedding_norm_after": 0.0767187733735357, "fpem/gci_graph_embedding_std_before": 0.040174390482051035, "fpem/gci_graph_embedding_std_after": 0.027574194222688676, "fpem/gci_graph_adj_mean_before": 0.004999999874936683, "fpem/gci_graph_adj_mean_after": 0.00499999989267616, "fpem/gci_graph_adj_std_before": 7.89051733071184e-05, "fpem/gci_graph_adj_std_after": 3.684755722046941e-05, "fpem/gci_graph_align_weight": 0.10000000149011612, "fpem/gci_graph_align_raw_mse": 5.071474113887711e-08, "fpem/gci_graph_align_normalized": 0.9423280891918001, "fpem/gci_edge_preserve_beta": 0.10000000149011612, "fpem/gci_graph_align_target_available": 1.0, "fpem/gci_target_adj_mean": 0.004999999888241291, "fpem/gci_target_adj_std": 0.0002319861378055066, "fpem/gci_target_edge_mean": 0.00513450289145112, "fpem/gci_target_nonedge_mean": 0.0049905311316251755, "fpem/gci_target_diag_mean": 0.00585911376401782, "fpem/gci_graph_align_updates_agcrn": 0.0, "fpem/gci_updates_graph_linear": 0.0, "fpem/gci_graph_construction_agcrn_softmax": 1.0, "fpem/scd_assoc_before_C": 0.0, "fpem/scd_assoc_after_C": 0.0, "fpem/scd_assoc_reduction": 0.0, "fpem/scd_relative_violation": 0.0, "fpem/sample_assoc_before_C": 0.0, "fpem/sample_assoc_after_C": 0.0, "fpem/sample_assoc_reduction": 0.0, "fpem/sample_dep_before_C": 0.0, "fpem/sample_dep_after_C": 0.0, "fpem/sample_dep_reduction": 0.0, "fpem/scd_batch_size": 0.0, "fpem/scd_sample_vector_dim": 0.0, "fpem/sample_kernel_alignment": 0.0, "fpem/scd_alignment_loss": 0.0, "fpem/load_level_experts_enabled": 1.0, "fpem/load_level_uses_target_or_future_load": 0.0, "fpem/environment_gate_uses_target_in_forward": 0.0, "fpem/load_level_env_residual_scale": 0.0, "fpem/uses_cached_observable_load_prior": 1.0, "fpem/primary_loss": 9.055195390610468, "fpem/inv_pred_loss": 9.218121914636521, "fpem/primary_uses_route": 1.0, "fpem/primary_uses_env_fusion": 0.0, "fpem/backbone_agcrn": 1.0, "fpem/backbone_graphwavenet": 0.0, "fpem/backbone_staeformer": 0.0, "fpem/gc_pred_loss_only": 1.0, "fpem/env_route_head_mode_hyper_proto": 1.0, "fpem/fpem_force_uniform_route": 0.0, "fpem/hard_prediction_sinkhorn_total_replaces_primary": 0.0, "fpem/hard_prediction_environment_sinkhorn_total_replaces_primary": 0.0, "fpem/warmup_risk_sinkhorn_total_replaces_primary": 0.0, "fpem/lambda_club_mi": 0.0}}
EPOCH {"epoch": 20, "train_loss": 3.4850675151461648, "val": {"loss": 11.877141316731771, "mae": 11.667215347290039, "mape": 0.1824086308479309}, "test_mixed": {"loss": NaN, "mae": NaN, "mape": NaN}, "test_workday": {"loss": NaN, "mae": NaN, "mape": NaN}, "test_holiday": {"loss": NaN, "mae": NaN, "mape": NaN}, "test_avg_mae": NaN, "best_selection_value": 11.877141316731771, "best_selection_split": "val", "best_selection_metric": "val_loss", "lr": 0.001, "fpem_logs": {"fpem/fpem_env_use_exogenous": 1.0, "fpem/env_exogenous_available": 1.0, "fpem/env_exogenous_time_available": 1.0, "fpem/env_exogenous_load_available": 1.0, "fpem/env_exogenous_feature_dim": 32.0, "fpem/env_exogenous_embedding_norm": 2.7352162610916864, "fpem/env_exogenous_load_embedding_norm": 1.9391578356424968, "fpem/env_rep_ablation_normal": 1.0, "fpem/env_rep_ablation_zero": 0.0, "fpem/env_rep_ablation_shuffle_batch": 0.0, "fpem/env_rep_ablation_mode_id": 0.0, "fpem/mask_loss": 0.0, "fpem/mask_sparse_loss": 0.0, "fpem/mask_entropy_loss": 0.0, "fpem/mask_mean": 1.0, "fpem/mask_entropy": 0.0, "fpem/mask_active_ratio": 1.0, "fpem/fusion_alpha_mean": 0.0, "fpem/fusion_alpha_std": 0.0, "fpem/fusion_alpha_min": 0.0, "fpem/fusion_alpha_max": 0.0, "fpem/env_route_loss": 3.4850675151461648, "fpem/env_route_L_final": 9.042568106878372, "fpem/env_route_L_global": 0.0, "fpem/env_route_L_route_soft": 0.0, "fpem/env_route_L_expert": 9.45829100835891, "fpem/env_route_L_router_oracle": 3.4850675151461648, "fpem/env_route_L_balance": 0.0, "fpem/env_route_L_diverse": 0.0, "fpem/env_route_L_proto_align": 0.0, "fpem/env_route_entropy": 0.0, "fpem/env_route_q_max_mean": 0.0, "fpem/hyper_alpha_mean": 0.0, "fpem/hyper_delta_norm": 0.0, "fpem/hyper_route_proto_mode_uniform_warmup": 0.0, "fpem/hyper_route_proto_mode_uniform_fixed": 0.0, "fpem/hyper_route_proto_mode_sinkhorn": 0.0, "fpem/hyper_route_proto_mode_softmax": 0.0, "fpem/fallback_q_mean": 0.0, "fpem/fallback_q_max": 0.0, "fpem/env_q_sum_mean": 1.0, "fpem/oracle_fallback_rate": 0.0, "fpem/route_count_fallback": 0.0, "fpem/env_route_head_mode": 1.0, "fpem/route_entropy_mean": 0.0, "fpem/route_mean_distribution_entropy": 0.0, "fpem/effective_expert_number": 1.0, "fpem/max_expert_usage_ratio": 0.0, "fpem/min_expert_usage_ratio": 0.0, "fpem/prototype_pairwise_cosine": 0.0, "fpem/expert_prediction_pairwise_cosine": 0.0, "fpem/expert_collapse_warning": 0.0, "fpem/env_route_target_mode_env_prototype": 0.0, "fpem/env_route_target_mode_hybrid": 0.0, "fpem/env_route_hybrid_alpha": 0.0, "fpem/env_route_train_mode_warmup_risk_sinkhorn": 0.0, "fpem/warmup_risk_stage_warmup": 0.0, "fpem/warmup_risk_stage_soft": 0.0, "fpem/warmup_risk_stage_hard": 0.0, "fpem/warmup_risk_selected_loss": 0.0, "fpem/warmup_risk_uniform_common_loss": 0.0, "fpem/warmup_risk_lambda_common": 0.0, "fpem/warmup_risk_total_common_term": 0.0, "fpem/warmup_risk_temperature": 0.0, "fpem/warmup_risk_temperature_progress": 0.0, "fpem/uniform_expert_mae": 0.0, "fpem/risk_routed_mae": 0.0, "fpem/risk_prediction_mae": 0.0, "fpem/risk_loss": 0.0, "fpem/risk_ranking_loss": 0.0, "fpem/risk_ranking_accuracy": 0.0, "fpem/risk_oracle_argmin_accuracy": 0.0, "fpem/risk_router_temperature": 0.0, "fpem/risk_router_lambda": 0.0, "fpem/risk_router_pairwise_lambda": 0.0, "fpem/env_route_train_mode_progressive_gmm_environment": 0.0, "fpem/top_level_prediction_source_progressive_gmm_teacher_hard": 0.0, "fpem/progressive_assignment_uses_target_or_prediction_error": 0.0, "fpem/progressive_partition_ready": 0.0, "fpem/progressive_selected_k": 0.0, "fpem/progressive_active_expert_count": 0.0, "fpem/progressive_last_partition_epoch": 0.0, "fpem/progressive_lambda_common": 0.0, "fpem/progressive_common_term": 0.0, "fpem/progressive_compactness_loss": 0.0, "fpem/progressive_consistency_loss": 0.0, "fpem/progressive_cluster_entropy": 0.0, "fpem/progressive_assignment_change_ratio": 0.0, "fpem/progressive_hungarian_overlap_score": 0.0, "fpem/progressive_partition_update_time_sec": 0.0, "fpem/progressive_routed_mae": 0.0, "fpem/progressive_gmm_environment_total_replaces_primary": 0.0, "fpem/env_route_count_head_0": 16.0, "fpem/env_route_oracle_count_head_0": 16.0, "fpem/route_count_env_head_0": 16.0, "fpem/route_soft_mean_expert_0": 1.0, "fpem/route_hard_count_expert_0": 16.0, "fpem/hard_count_expert_0": 16.0, "fpem/sinkhorn_soft_col_mass_expert_0": 0.0, "fpem/progressive_active_expert_0": 0.0, "fpem/progressive_cluster_size_0": 0.0, "fpem/progressive_cluster_ratio_0": 0.0, "fpem/progressive_cluster_to_expert_0": 0.0, "fpem/progressive_bic_k1": 0.0, "fpem/progressive_bic_score_k1": 0.0, "fpem/progressive_bic_rejected_k1": 0.0, "fpem/hyper_alpha_head_0": 0.0, "fpem/hyper_gamma_norm_head_0": 0.0, "fpem/hyper_beta_norm_head_0": 0.0, "fpem/expert_cross_mae_group_0_expert_0": 9.45829100835891, "fpem/load_expert_loss": 9.45829100835891, "fpem/counterfactual_risk_router_loss": 3.4850675151461648, "fpem/counterfactual_risk_regression_loss": 3.083117009344555, "fpem/counterfactual_risk_ranking_loss": 0.8039009962763105, "fpem/load_level_assignment_detached": 1.0, "fpem/load_level_count_0": 1680.0, "fpem/load_level_ratio_0": 1.0, "fpem/expert_0_global_loss": 9.45829100835891, "fpem/expert_0_selected_loss": 9.45829100835891, "fpem/counterfactual_risk_stage2_active": 1.0, "fpem/counterfactual_risk_stage2_start_epoch": 20.0, "fpem/counterfactual_risk_all_environment_mae": 9.45829100835891, "fpem/counterfactual_risk_all_invariant_mae": 9.662237448919386, "fpem/counterfactual_risk_routed_mae": 9.563021877833775, "fpem/counterfactual_risk_oracle_mae": 9.394883432842436, "fpem/counterfactual_risk_router_accuracy": 0.5005952380952381, "fpem/counterfactual_risk_router_balanced_accuracy": 0.5116497369039626, "fpem/counterfactual_risk_inv_route_ratio": 0.531547619047619, "fpem/counterfactual_risk_env_route_ratio": 0.46845238095238095, "fpem/counterfactual_risk_inv_switch_precision": 0.2812992484087036, "fpem/counterfactual_risk_correct_inv_switches": 2.6, "fpem/counterfactual_risk_harmful_inv_switches": 5.904761904761905, "fpem/counterfactual_risk_saved_loss": 0.03470392241364434, "fpem/counterfactual_risk_added_loss": 0.1394347967136474, "fpem/counterfactual_risk_net_gain": -0.10473086947486514, "fpem/counterfactual_risk_regret": 0.16813844499133881, "fpem/counterfactual_risk_oracle_gap_closed": -10.796994846083578, "fpem/counterfactual_risk_delta_mean": -0.20394650470642817, "fpem/counterfactual_risk_target_inv_ratio": 0.29285714285714287, "fpem/counterfactual_risk_weight_env_sum": 7.999999954586937, "fpem/counterfactual_risk_weight_inv_sum": 7.999999972752162, "fpem/counterfactual_risk_prediction_is_hard_route": 1.0, "fpem/counterfactual_risk_prediction_is_soft_fusion": 0.0, "fpem/counterfactual_risk_target_detached": 1.0, "fpem/counterfactual_risk_uses_threshold": 0.0, "fpem/counterfactual_risk_all_samples_used_for_router": 1.0, "fpem/hard_router_predicted_env_ratio": 0.46845238095238095, "fpem/hard_router_effective_env_ratio": 1.0, "fpem/hard_router_target_env_ratio": 0.7071428571428572, "fpem/hard_router_gain_mean": -0.20394650470642817, "fpem/expert_prediction_pairwise_difference": 0.0, "fpem/delta_pairwise_cosine": 0.0, "fpem/delta_pairwise_l1": 0.0, "fpem/delta_pairwise_l2": 0.0, "fpem/expert_0_parameter_norm": 14.900517463684082, "fpem/hard_binary_router_enabled": 0.0, "fpem/hard_router_uses_target_in_forward": 0.0, "fpem/stored_future_c_loaded": 0.0, "fpem/prediction_is_weighted_complete_fusion": 0.0, "fpem/prediction_is_hard_route": 1.0, "fpem/conservative_inv_override_enabled": 0.0, "fpem/conservative_router_features_detached": 1.0, "fpem/counterfactual_risk_router_enabled": 1.0, "fpem/counterfactual_risk_stage2_active_forward": 1.0, "fpem/counterfactual_risk_deploy_route_active": 0.0, "fpem/counterfactual_risk_training_uses_route": 0.0, "fpem/counterfactual_risk_forward_uses_threshold": 0.0, "fpem/future_mi_loss": 0.0, "fpem/future_mi_valid": 0.0, "fpem/future_mi_logvar_mean": 0.0, "fpem/future_mi_target_mode_env_encoder": 0.0, "fpem/swap_loss": 0.0, "fpem/swap_diff_loss": 0.0, "fpem/swap_same_loss": 0.0, "fpem/swap_gain_mean": 0.0, "fpem/swap_s_gain_mean": 0.0, "fpem/swap_fallback_router_loss": 0.0, "fpem/swap_fallback_q_mean": 0.0, "fpem/swap_prediction_delta": 0.0, "fpem/swap_route_delta": 0.0, "fpem/swap_hyper_alpha_delta": 0.0, "fpem/swap_hyper_delta_norm": 0.0, "fpem/loss_env_day": 0.0, "fpem/loss_env_hour": 0.0, "fpem/loss_env_rush": 0.0, "fpem/env_day_acc": 0.0, "fpem/env_hour_acc": 0.0, "fpem/env_rush_acc": 0.0, "fpem/loss_env_supcon": 0.0, "fpem/env_supcon_valid_pairs": 0.0, "fpem/loss_inv_env_adv": 0.0, "fpem/inv_day_acc": 0.0, "fpem/inv_hour_acc": 0.0, "fpem/inv_rush_acc": 0.0, "fpem/loss_cross_cov_sep": 0.0, "fpem/confounder_dep_enabled": 0.0, "fpem/confounder_dep_mode_gci": 1.0, "fpem/confounder_dep_mode_scd": 0.0, "fpem/confounder_dep_mode_both": 0.0, "fpem/confounder_dep_total": 0.0, "fpem/loss_gci": 0.0, "fpem/loss_gci_drop": 0.0, "fpem/loss_gci_keep": 0.0, "fpem/loss_gci_graph_align": 0.0, "fpem/loss_scd": 0.0, "fpem/loss_conf_kl": 0.0, "fpem/effective_gci_weight": 0.0, "fpem/effective_gci_graph_align_weight": 0.0, "fpem/effective_scd_weight": 0.0, "fpem/effective_conf_kl_weight": 0.0, "fpem/confounder_dep_ramp_factor": 0.0, "fpem/C_mean": 0.0, "fpem/C_std": 0.0, "fpem/C_norm": 0.0, "fpem/confounder_token_norm": 0.0, "fpem/confounder_variational": 0.0, "fpem/confounder_projection_trace": 0.0, "fpem/confounder_projection_ridge": 0.0, "fpem/confounder_projection_rank_dim": 0.0, "fpem/confounder_projection_calls": 0.0, "fpem/confounder_dep_detach_target": 0.0, "fpem/gci_nonedge_mass_before_C": 0.0, "fpem/gci_nonedge_mass_after_C": 0.0, "fpem/gci_nonedge_mass_reduction": 0.0, "fpem/gci_relative_violation": 0.0, "fpem/gci_edge_before_C": 0.0, "fpem/gci_edge_after_C": 0.0, "fpem/gci_nonedge_conn_before_C": 0.0, "fpem/gci_nonedge_conn_after_C": 0.0, "fpem/gci_nonedge_conn_reduction": 0.0, "fpem/gci_edge_conn_before_C": 0.0, "fpem/gci_edge_conn_after_C": 0.0, "fpem/gci_edge_conn_reduction": 0.0, "fpem/gci_nonedge_dep_before_C": 0.0, "fpem/gci_nonedge_dep_after_C": 0.0, "fpem/gci_nonedge_dep_reduction": 0.0, "fpem/gci_edge_dep_before_C": 0.0, "fpem/gci_edge_dep_after_C": 0.0, "fpem/gci_nonedge_count": 0.0, "fpem/gci_edge_count": 0.0, "fpem/gci_node_count": 0.0, "fpem/gci_node_vector_dim": 0.0, "fpem/gci_graph_embed_dim": 0.0, "fpem/gci_graph_embedding_norm_before": 0.0, "fpem/gci_graph_embedding_norm_after": 0.0, "fpem/gci_graph_embedding_std_before": 0.0, "fpem/gci_graph_embedding_std_after": 0.0, "fpem/gci_graph_adj_mean_before": 0.0, "fpem/gci_graph_adj_mean_after": 0.0, "fpem/gci_graph_adj_std_before": 0.0, "fpem/gci_graph_adj_std_after": 0.0, "fpem/gci_graph_align_weight": 0.0, "fpem/gci_graph_align_raw_mse": 0.0, "fpem/gci_graph_align_normalized": 0.0, "fpem/gci_edge_preserve_beta": 0.0, "fpem/gci_graph_align_target_available": 0.0, "fpem/gci_target_adj_mean": 0.0, "fpem/gci_target_adj_std": 0.0, "fpem/gci_target_edge_mean": 0.0, "fpem/gci_target_nonedge_mean": 0.0, "fpem/gci_target_diag_mean": 0.0, "fpem/gci_graph_align_updates_agcrn": 0.0, "fpem/gci_updates_graph_linear": 0.0, "fpem/gci_graph_construction_agcrn_softmax": 0.0, "fpem/scd_assoc_before_C": 0.0, "fpem/scd_assoc_after_C": 0.0, "fpem/scd_assoc_reduction": 0.0, "fpem/scd_relative_violation": 0.0, "fpem/sample_assoc_before_C": 0.0, "fpem/sample_assoc_after_C": 0.0, "fpem/sample_assoc_reduction": 0.0, "fpem/sample_dep_before_C": 0.0, "fpem/sample_dep_after_C": 0.0, "fpem/sample_dep_reduction": 0.0, "fpem/scd_batch_size": 0.0, "fpem/scd_sample_vector_dim": 0.0, "fpem/sample_kernel_alignment": 0.0, "fpem/scd_alignment_loss": 0.0, "fpem/load_level_experts_enabled": 1.0, "fpem/load_level_uses_target_or_future_load": 0.0, "fpem/environment_gate_uses_target_in_forward": 0.0, "fpem/load_level_env_residual_scale": 0.0, "fpem/uses_cached_observable_load_prior": 1.0, "fpem/primary_loss": 9.042568106878372, "fpem/inv_pred_loss": 9.212155155908494, "fpem/primary_uses_route": 1.0, "fpem/primary_uses_env_fusion": 0.0, "fpem/backbone_agcrn": 1.0, "fpem/backbone_graphwavenet": 0.0, "fpem/backbone_staeformer": 0.0, "fpem/gc_pred_loss_only": 1.0, "fpem/env_route_head_mode_hyper_proto": 1.0, "fpem/fpem_force_uniform_route": 0.0, "fpem/hard_prediction_sinkhorn_total_replaces_primary": 0.0, "fpem/hard_prediction_environment_sinkhorn_total_replaces_primary": 0.0, "fpem/warmup_risk_sinkhorn_total_replaces_primary": 0.0, "fpem/lambda_club_mi": 0.0}}
EPOCH {"epoch": 21, "train_loss": 2.0915743328276135, "val": {"loss": 11.87985462612576, "mae": 11.673925399780273, "mape": 0.18468455970287323}, "test_mixed": {"loss": NaN, "mae": NaN, "mape": NaN}, "test_workday": {"loss": NaN, "mae": NaN, "mape": NaN}, "test_holiday": {"loss": NaN, "mae": NaN, "mape": NaN}, "test_avg_mae": NaN, "best_selection_value": 11.87985462612576, "best_selection_split": "val", "best_selection_metric": "val_loss", "lr": 0.001, "fpem_logs": {"fpem/fpem_env_use_exogenous": 1.0, "fpem/env_exogenous_available": 1.0, "fpem/env_exogenous_time_available": 1.0, "fpem/env_exogenous_load_available": 1.0, "fpem/env_exogenous_feature_dim": 32.0, "fpem/env_exogenous_embedding_norm": 2.735216249738421, "fpem/env_exogenous_load_embedding_norm": 1.9391578424544562, "fpem/env_rep_ablation_normal": 1.0, "fpem/env_rep_ablation_zero": 0.0, "fpem/env_rep_ablation_shuffle_batch": 0.0, "fpem/env_rep_ablation_mode_id": 0.0, "fpem/mask_loss": 0.0, "fpem/mask_sparse_loss": 0.0, "fpem/mask_entropy_loss": 0.0, "fpem/mask_mean": 1.0, "fpem/mask_entropy": 0.0, "fpem/mask_active_ratio": 1.0, "fpem/fusion_alpha_mean": 0.0, "fpem/fusion_alpha_std": 0.0, "fpem/fusion_alpha_min": 0.0, "fpem/fusion_alpha_max": 0.0, "fpem/env_route_loss": 2.0915743328276135, "fpem/env_route_L_final": 9.045718515486945, "fpem/env_route_L_global": 0.0, "fpem/env_route_L_route_soft": 0.0, "fpem/env_route_L_expert": 9.45830010005406, "fpem/env_route_L_router_oracle": 2.0915743328276135, "fpem/env_route_L_balance": 0.0, "fpem/env_route_L_diverse": 0.0, "fpem/env_route_L_proto_align": 0.0, "fpem/env_route_entropy": 0.0, "fpem/env_route_q_max_mean": 0.0, "fpem/hyper_alpha_mean": 0.0, "fpem/hyper_delta_norm": 0.0, "fpem/hyper_route_proto_mode_uniform_warmup": 0.0, "fpem/hyper_route_proto_mode_uniform_fixed": 0.0, "fpem/hyper_route_proto_mode_sinkhorn": 0.0, "fpem/hyper_route_proto_mode_softmax": 0.0, "fpem/fallback_q_mean": 0.0, "fpem/fallback_q_max": 0.0, "fpem/env_q_sum_mean": 1.0, "fpem/oracle_fallback_rate": 0.0, "fpem/route_count_fallback": 0.0, "fpem/env_route_head_mode": 1.0, "fpem/route_entropy_mean": 0.0, "fpem/route_mean_distribution_entropy": 0.0, "fpem/effective_expert_number": 1.0, "fpem/max_expert_usage_ratio": 0.0, "fpem/min_expert_usage_ratio": 0.0, "fpem/prototype_pairwise_cosine": 0.0, "fpem/expert_prediction_pairwise_cosine": 0.0, "fpem/expert_collapse_warning": 0.0, "fpem/env_route_target_mode_env_prototype": 0.0, "fpem/env_route_target_mode_hybrid": 0.0, "fpem/env_route_hybrid_alpha": 0.0, "fpem/env_route_train_mode_warmup_risk_sinkhorn": 0.0, "fpem/warmup_risk_stage_warmup": 0.0, "fpem/warmup_risk_stage_soft": 0.0, "fpem/warmup_risk_stage_hard": 0.0, "fpem/warmup_risk_selected_loss": 0.0, "fpem/warmup_risk_uniform_common_loss": 0.0, "fpem/warmup_risk_lambda_common": 0.0, "fpem/warmup_risk_total_common_term": 0.0, "fpem/warmup_risk_temperature": 0.0, "fpem/warmup_risk_temperature_progress": 0.0, "fpem/uniform_expert_mae": 0.0, "fpem/risk_routed_mae": 0.0, "fpem/risk_prediction_mae": 0.0, "fpem/risk_loss": 0.0, "fpem/risk_ranking_loss": 0.0, "fpem/risk_ranking_accuracy": 0.0, "fpem/risk_oracle_argmin_accuracy": 0.0, "fpem/risk_router_temperature": 0.0, "fpem/risk_router_lambda": 0.0, "fpem/risk_router_pairwise_lambda": 0.0, "fpem/env_route_train_mode_progressive_gmm_environment": 0.0, "fpem/top_level_prediction_source_progressive_gmm_teacher_hard": 0.0, "fpem/progressive_assignment_uses_target_or_prediction_error": 0.0, "fpem/progressive_partition_ready": 0.0, "fpem/progressive_selected_k": 0.0, "fpem/progressive_active_expert_count": 0.0, "fpem/progressive_last_partition_epoch": 0.0, "fpem/progressive_lambda_common": 0.0, "fpem/progressive_common_term": 0.0, "fpem/progressive_compactness_loss": 0.0, "fpem/progressive_consistency_loss": 0.0, "fpem/progressive_cluster_entropy": 0.0, "fpem/progressive_assignment_change_ratio": 0.0, "fpem/progressive_hungarian_overlap_score": 0.0, "fpem/progressive_partition_update_time_sec": 0.0, "fpem/progressive_routed_mae": 0.0, "fpem/progressive_gmm_environment_total_replaces_primary": 0.0, "fpem/env_route_count_head_0": 16.0, "fpem/env_route_oracle_count_head_0": 16.0, "fpem/route_count_env_head_0": 16.0, "fpem/route_soft_mean_expert_0": 1.0, "fpem/route_hard_count_expert_0": 16.0, "fpem/hard_count_expert_0": 16.0, "fpem/sinkhorn_soft_col_mass_expert_0": 0.0, "fpem/progressive_active_expert_0": 0.0, "fpem/progressive_cluster_size_0": 0.0, "fpem/progressive_cluster_ratio_0": 0.0, "fpem/progressive_cluster_to_expert_0": 0.0, "fpem/progressive_bic_k1": 0.0, "fpem/progressive_bic_score_k1": 0.0, "fpem/progressive_bic_rejected_k1": 0.0, "fpem/hyper_alpha_head_0": 0.0, "fpem/hyper_gamma_norm_head_0": 0.0, "fpem/hyper_beta_norm_head_0": 0.0, "fpem/expert_cross_mae_group_0_expert_0": 9.45830010005406, "fpem/load_expert_loss": 9.45830010005406, "fpem/counterfactual_risk_router_loss": 2.0915743328276135, "fpem/counterfactual_risk_regression_loss": 1.7175515680086044, "fpem/counterfactual_risk_ranking_loss": 0.748045528786523, "fpem/load_level_assignment_detached": 1.0, "fpem/load_level_count_0": 1680.0, "fpem/load_level_ratio_0": 1.0, "fpem/expert_0_global_loss": 9.45830010005406, "fpem/expert_0_selected_loss": 9.45830010005406, "fpem/counterfactual_risk_stage2_active": 1.0, "fpem/counterfactual_risk_stage2_start_epoch": 20.0, "fpem/counterfactual_risk_all_environment_mae": 9.45830010005406, "fpem/counterfactual_risk_all_invariant_mae": 9.66223744437808, "fpem/counterfactual_risk_routed_mae": 9.544164884658088, "fpem/counterfactual_risk_oracle_mae": 9.394878369285946, "fpem/counterfactual_risk_router_accuracy": 0.5339285714285714, "fpem/counterfactual_risk_router_balanced_accuracy": 0.5088874491907301, "fpem/counterfactual_risk_inv_route_ratio": 0.4452380952380952, "fpem/counterfactual_risk_env_route_ratio": 0.5547619047619048, "fpem/counterfactual_risk_inv_switch_precision": 0.30143370372908457, "fpem/counterfactual_risk_correct_inv_switches": 2.1714285714285713, "fpem/counterfactual_risk_harmful_inv_switches": 4.9523809523809526, "fpem/counterfactual_risk_saved_loss": 0.02976899232183184, "fpem/counterfactual_risk_added_loss": 0.11563380318028586, "fpem/counterfactual_risk_net_gain": -0.08586478460402716, "fpem/counterfactual_risk_regret": 0.14928651537214008, "fpem/counterfactual_risk_oracle_gap_closed": -3.1790699503850193, "fpem/counterfactual_risk_delta_mean": -0.20393737029461634, "fpem/counterfactual_risk_target_inv_ratio": 0.2922619047619048, "fpem/counterfactual_risk_weight_env_sum": 7.999999913715181, "fpem/counterfactual_risk_weight_inv_sum": 7.999999950045631, "fpem/counterfactual_risk_prediction_is_hard_route": 1.0, "fpem/counterfactual_risk_prediction_is_soft_fusion": 0.0, "fpem/counterfactual_risk_target_detached": 1.0, "fpem/counterfactual_risk_uses_threshold": 0.0, "fpem/counterfactual_risk_all_samples_used_for_router": 1.0, "fpem/hard_router_predicted_env_ratio": 0.5547619047619048, "fpem/hard_router_effective_env_ratio": 1.0, "fpem/hard_router_target_env_ratio": 0.7077380952380953, "fpem/hard_router_gain_mean": -0.20393737029461634, "fpem/expert_prediction_pairwise_difference": 0.0, "fpem/delta_pairwise_cosine": 0.0, "fpem/delta_pairwise_l1": 0.0, "fpem/delta_pairwise_l2": 0.0, "fpem/expert_0_parameter_norm": 14.900517463684082, "fpem/hard_binary_router_enabled": 0.0, "fpem/hard_router_uses_target_in_forward": 0.0, "fpem/stored_future_c_loaded": 0.0, "fpem/prediction_is_weighted_complete_fusion": 0.0, "fpem/prediction_is_hard_route": 1.0, "fpem/conservative_inv_override_enabled": 0.0, "fpem/conservative_router_features_detached": 1.0, "fpem/counterfactual_risk_router_enabled": 1.0, "fpem/counterfactual_risk_stage2_active_forward": 1.0, "fpem/counterfactual_risk_deploy_route_active": 0.0, "fpem/counterfactual_risk_training_uses_route": 0.0, "fpem/counterfactual_risk_forward_uses_threshold": 0.0, "fpem/future_mi_loss": 0.0, "fpem/future_mi_valid": 0.0, "fpem/future_mi_logvar_mean": 0.0, "fpem/future_mi_target_mode_env_encoder": 0.0, "fpem/swap_loss": 0.0, "fpem/swap_diff_loss": 0.0, "fpem/swap_same_loss": 0.0, "fpem/swap_gain_mean": 0.0, "fpem/swap_s_gain_mean": 0.0, "fpem/swap_fallback_router_loss": 0.0, "fpem/swap_fallback_q_mean": 0.0, "fpem/swap_prediction_delta": 0.0, "fpem/swap_route_delta": 0.0, "fpem/swap_hyper_alpha_delta": 0.0, "fpem/swap_hyper_delta_norm": 0.0, "fpem/loss_env_day": 0.0, "fpem/loss_env_hour": 0.0, "fpem/loss_env_rush": 0.0, "fpem/env_day_acc": 0.0, "fpem/env_hour_acc": 0.0, "fpem/env_rush_acc": 0.0, "fpem/loss_env_supcon": 0.0, "fpem/env_supcon_valid_pairs": 0.0, "fpem/loss_inv_env_adv": 0.0, "fpem/inv_day_acc": 0.0, "fpem/inv_hour_acc": 0.0, "fpem/inv_rush_acc": 0.0, "fpem/loss_cross_cov_sep": 0.0, "fpem/confounder_dep_enabled": 0.0, "fpem/confounder_dep_mode_gci": 1.0, "fpem/confounder_dep_mode_scd": 0.0, "fpem/confounder_dep_mode_both": 0.0, "fpem/confounder_dep_total": 0.0, "fpem/loss_gci": 0.0, "fpem/loss_gci_drop": 0.0, "fpem/loss_gci_keep": 0.0, "fpem/loss_gci_graph_align": 0.0, "fpem/loss_scd": 0.0, "fpem/loss_conf_kl": 0.0, "fpem/effective_gci_weight": 0.0, "fpem/effective_gci_graph_align_weight": 0.0, "fpem/effective_scd_weight": 0.0, "fpem/effective_conf_kl_weight": 0.0, "fpem/confounder_dep_ramp_factor": 0.0, "fpem/C_mean": 0.0, "fpem/C_std": 0.0, "fpem/C_norm": 0.0, "fpem/confounder_token_norm": 0.0, "fpem/confounder_variational": 0.0, "fpem/confounder_projection_trace": 0.0, "fpem/confounder_projection_ridge": 0.0, "fpem/confounder_projection_rank_dim": 0.0, "fpem/confounder_projection_calls": 0.0, "fpem/confounder_dep_detach_target": 0.0, "fpem/gci_nonedge_mass_before_C": 0.0, "fpem/gci_nonedge_mass_after_C": 0.0, "fpem/gci_nonedge_mass_reduction": 0.0, "fpem/gci_relative_violation": 0.0, "fpem/gci_edge_before_C": 0.0, "fpem/gci_edge_after_C": 0.0, "fpem/gci_nonedge_conn_before_C": 0.0, "fpem/gci_nonedge_conn_after_C": 0.0, "fpem/gci_nonedge_conn_reduction": 0.0, "fpem/gci_edge_conn_before_C": 0.0, "fpem/gci_edge_conn_after_C": 0.0, "fpem/gci_edge_conn_reduction": 0.0, "fpem/gci_nonedge_dep_before_C": 0.0, "fpem/gci_nonedge_dep_after_C": 0.0, "fpem/gci_nonedge_dep_reduction": 0.0, "fpem/gci_edge_dep_before_C": 0.0, "fpem/gci_edge_dep_after_C": 0.0, "fpem/gci_nonedge_count": 0.0, "fpem/gci_edge_count": 0.0, "fpem/gci_node_count": 0.0, "fpem/gci_node_vector_dim": 0.0, "fpem/gci_graph_embed_dim": 0.0, "fpem/gci_graph_embedding_norm_before": 0.0, "fpem/gci_graph_embedding_norm_after": 0.0, "fpem/gci_graph_embedding_std_before": 0.0, "fpem/gci_graph_embedding_std_after": 0.0, "fpem/gci_graph_adj_mean_before": 0.0, "fpem/gci_graph_adj_mean_after": 0.0, "fpem/gci_graph_adj_std_before": 0.0, "fpem/gci_graph_adj_std_after": 0.0, "fpem/gci_graph_align_weight": 0.0, "fpem/gci_graph_align_raw_mse": 0.0, "fpem/gci_graph_align_normalized": 0.0, "fpem/gci_edge_preserve_beta": 0.0, "fpem/gci_graph_align_target_available": 0.0, "fpem/gci_target_adj_mean": 0.0, "fpem/gci_target_adj_std": 0.0, "fpem/gci_target_edge_mean": 0.0, "fpem/gci_target_nonedge_mean": 0.0, "fpem/gci_target_diag_mean": 0.0, "fpem/gci_graph_align_updates_agcrn": 0.0, "fpem/gci_updates_graph_linear": 0.0, "fpem/gci_graph_construction_agcrn_softmax": 0.0, "fpem/scd_assoc_before_C": 0.0, "fpem/scd_assoc_after_C": 0.0, "fpem/scd_assoc_reduction": 0.0, "fpem/scd_relative_violation": 0.0, "fpem/sample_assoc_before_C": 0.0, "fpem/sample_assoc_after_C": 0.0, "fpem/sample_assoc_reduction": 0.0, "fpem/sample_dep_before_C": 0.0, "fpem/sample_dep_after_C": 0.0, "fpem/sample_dep_reduction": 0.0, "fpem/scd_batch_size": 0.0, "fpem/scd_sample_vector_dim": 0.0, "fpem/sample_kernel_alignment": 0.0, "fpem/scd_alignment_loss": 0.0, "fpem/load_level_experts_enabled": 1.0, "fpem/load_level_uses_target_or_future_load": 0.0, "fpem/environment_gate_uses_target_in_forward": 0.0, "fpem/load_level_env_residual_scale": 0.0, "fpem/uses_cached_observable_load_prior": 1.0, "fpem/primary_loss": 9.045718515486945, "fpem/inv_pred_loss": 9.214192594800677, "fpem/primary_uses_route": 1.0, "fpem/primary_uses_env_fusion": 0.0, "fpem/backbone_agcrn": 1.0, "fpem/backbone_graphwavenet": 0.0, "fpem/backbone_staeformer": 0.0, "fpem/gc_pred_loss_only": 1.0, "fpem/env_route_head_mode_hyper_proto": 1.0, "fpem/fpem_force_uniform_route": 0.0, "fpem/hard_prediction_sinkhorn_total_replaces_primary": 0.0, "fpem/hard_prediction_environment_sinkhorn_total_replaces_primary": 0.0, "fpem/warmup_risk_sinkhorn_total_replaces_primary": 0.0, "fpem/lambda_club_mi": 0.0}}
EPOCH {"epoch": 22, "train_loss": 1.7176394973482405, "val": {"loss": 11.881573041280111, "mae": 11.674678802490234, "mape": 0.1839878410100937}, "test_mixed": {"loss": NaN, "mae": NaN, "mape": NaN}, "test_workday": {"loss": NaN, "mae": NaN, "mape": NaN}, "test_holiday": {"loss": NaN, "mae": NaN, "mape": NaN}, "test_avg_mae": NaN, "best_selection_value": 11.881573041280111, "best_selection_split": "val", "best_selection_metric": "val_loss", "lr": 0.001, "fpem_logs": {"fpem/fpem_env_use_exogenous": 1.0, "fpem/env_exogenous_available": 1.0, "fpem/env_exogenous_time_available": 1.0, "fpem/env_exogenous_load_available": 1.0, "fpem/env_exogenous_feature_dim": 32.0, "fpem/env_exogenous_embedding_norm": 2.735216240655808, "fpem/env_exogenous_load_embedding_norm": 1.9391578379131498, "fpem/env_rep_ablation_normal": 1.0, "fpem/env_rep_ablation_zero": 0.0, "fpem/env_rep_ablation_shuffle_batch": 0.0, "fpem/env_rep_ablation_mode_id": 0.0, "fpem/mask_loss": 0.0, "fpem/mask_sparse_loss": 0.0, "fpem/mask_entropy_loss": 0.0, "fpem/mask_mean": 1.0, "fpem/mask_entropy": 0.0, "fpem/mask_active_ratio": 1.0, "fpem/fusion_alpha_mean": 0.0, "fpem/fusion_alpha_std": 0.0, "fpem/fusion_alpha_min": 0.0, "fpem/fusion_alpha_max": 0.0, "fpem/env_route_loss": 1.7176394973482405, "fpem/env_route_L_final": 9.045967842283703, "fpem/env_route_L_global": 0.0, "fpem/env_route_L_route_soft": 0.0, "fpem/env_route_L_expert": 9.458310381571453, "fpem/env_route_L_router_oracle": 1.7176394973482405, "fpem/env_route_L_balance": 0.0, "fpem/env_route_L_diverse": 0.0, "fpem/env_route_L_proto_align": 0.0, "fpem/env_route_entropy": 0.0, "fpem/env_route_q_max_mean": 0.0, "fpem/hyper_alpha_mean": 0.0, "fpem/hyper_delta_norm": 0.0, "fpem/hyper_route_proto_mode_uniform_warmup": 0.0, "fpem/hyper_route_proto_mode_uniform_fixed": 0.0, "fpem/hyper_route_proto_mode_sinkhorn": 0.0, "fpem/hyper_route_proto_mode_softmax": 0.0, "fpem/fallback_q_mean": 0.0, "fpem/fallback_q_max": 0.0, "fpem/env_q_sum_mean": 1.0, "fpem/oracle_fallback_rate": 0.0, "fpem/route_count_fallback": 0.0, "fpem/env_route_head_mode": 1.0, "fpem/route_entropy_mean": 0.0, "fpem/route_mean_distribution_entropy": 0.0, "fpem/effective_expert_number": 1.0, "fpem/max_expert_usage_ratio": 0.0, "fpem/min_expert_usage_ratio": 0.0, "fpem/prototype_pairwise_cosine": 0.0, "fpem/expert_prediction_pairwise_cosine": 0.0, "fpem/expert_collapse_warning": 0.0, "fpem/env_route_target_mode_env_prototype": 0.0, "fpem/env_route_target_mode_hybrid": 0.0, "fpem/env_route_hybrid_alpha": 0.0, "fpem/env_route_train_mode_warmup_risk_sinkhorn": 0.0, "fpem/warmup_risk_stage_warmup": 0.0, "fpem/warmup_risk_stage_soft": 0.0, "fpem/warmup_risk_stage_hard": 0.0, "fpem/warmup_risk_selected_loss": 0.0, "fpem/warmup_risk_uniform_common_loss": 0.0, "fpem/warmup_risk_lambda_common": 0.0, "fpem/warmup_risk_total_common_term": 0.0, "fpem/warmup_risk_temperature": 0.0, "fpem/warmup_risk_temperature_progress": 0.0, "fpem/uniform_expert_mae": 0.0, "fpem/risk_routed_mae": 0.0, "fpem/risk_prediction_mae": 0.0, "fpem/risk_loss": 0.0, "fpem/risk_ranking_loss": 0.0, "fpem/risk_ranking_accuracy": 0.0, "fpem/risk_oracle_argmin_accuracy": 0.0, "fpem/risk_router_temperature": 0.0, "fpem/risk_router_lambda": 0.0, "fpem/risk_router_pairwise_lambda": 0.0, "fpem/env_route_train_mode_progressive_gmm_environment": 0.0, "fpem/top_level_prediction_source_progressive_gmm_teacher_hard": 0.0, "fpem/progressive_assignment_uses_target_or_prediction_error": 0.0, "fpem/progressive_partition_ready": 0.0, "fpem/progressive_selected_k": 0.0, "fpem/progressive_active_expert_count": 0.0, "fpem/progressive_last_partition_epoch": 0.0, "fpem/progressive_lambda_common": 0.0, "fpem/progressive_common_term": 0.0, "fpem/progressive_compactness_loss": 0.0, "fpem/progressive_consistency_loss": 0.0, "fpem/progressive_cluster_entropy": 0.0, "fpem/progressive_assignment_change_ratio": 0.0, "fpem/progressive_hungarian_overlap_score": 0.0, "fpem/progressive_partition_update_time_sec": 0.0, "fpem/progressive_routed_mae": 0.0, "fpem/progressive_gmm_environment_total_replaces_primary": 0.0, "fpem/env_route_count_head_0": 16.0, "fpem/env_route_oracle_count_head_0": 16.0, "fpem/route_count_env_head_0": 16.0, "fpem/route_soft_mean_expert_0": 1.0, "fpem/route_hard_count_expert_0": 16.0, "fpem/hard_count_expert_0": 16.0, "fpem/sinkhorn_soft_col_mass_expert_0": 0.0, "fpem/progressive_active_expert_0": 0.0, "fpem/progressive_cluster_size_0": 0.0, "fpem/progressive_cluster_ratio_0": 0.0, "fpem/progressive_cluster_to_expert_0": 0.0, "fpem/progressive_bic_k1": 0.0, "fpem/progressive_bic_score_k1": 0.0, "fpem/progressive_bic_rejected_k1": 0.0, "fpem/hyper_alpha_head_0": 0.0, "fpem/hyper_gamma_norm_head_0": 0.0, "fpem/hyper_beta_norm_head_0": 0.0, "fpem/expert_cross_mae_group_0_expert_0": 9.458310381571453, "fpem/load_expert_loss": 9.458310381571453, "fpem/counterfactual_risk_router_loss": 1.7176394973482405, "fpem/counterfactual_risk_regression_loss": 1.3575024383408683, "fpem/counterfactual_risk_ranking_loss": 0.7202741248267037, "fpem/load_level_assignment_detached": 1.0, "fpem/load_level_count_0": 1680.0, "fpem/load_level_ratio_0": 1.0, "fpem/expert_0_global_loss": 9.458310381571453, "fpem/expert_0_selected_loss": 9.458310381571453, "fpem/counterfactual_risk_stage2_active": 1.0, "fpem/counterfactual_risk_stage2_start_epoch": 20.0, "fpem/counterfactual_risk_all_environment_mae": 9.458310381571453, "fpem/counterfactual_risk_all_invariant_mae": 9.6622376033238, "fpem/counterfactual_risk_routed_mae": 9.539059257507324, "fpem/counterfactual_risk_oracle_mae": 9.394891566321963, "fpem/counterfactual_risk_router_accuracy": 0.5482142857142858, "fpem/counterfactual_risk_router_balanced_accuracy": 0.5328559280860992, "fpem/counterfactual_risk_inv_route_ratio": 0.45535714285714285, "fpem/counterfactual_risk_env_route_ratio": 0.5446428571428571, "fpem/counterfactual_risk_inv_switch_precision": 0.3243942621917952, "fpem/counterfactual_risk_correct_inv_switches": 2.3714285714285714, "fpem/counterfactual_risk_harmful_inv_switches": 4.914285714285715, "fpem/counterfactual_risk_saved_loss": 0.03191741250810169, "fpem/counterfactual_risk_added_loss": 0.1126662763811293, "fpem/counterfactual_risk_net_gain": -0.08074887593587239, "fpem/counterfactual_risk_regret": 0.14416769118536085, "fpem/counterfactual_risk_oracle_gap_closed": -3.4778884493036286, "fpem/counterfactual_risk_delta_mean": -0.20392711219333468, "fpem/counterfactual_risk_target_inv_ratio": 0.29285714285714287, "fpem/counterfactual_risk_weight_env_sum": 7.9999999409630185, "fpem/counterfactual_risk_weight_inv_sum": 7.9999999409630185, "fpem/counterfactual_risk_prediction_is_hard_route": 1.0, "fpem/counterfactual_risk_prediction_is_soft_fusion": 0.0, "fpem/counterfactual_risk_target_detached": 1.0, "fpem/counterfactual_risk_uses_threshold": 0.0, "fpem/counterfactual_risk_all_samples_used_for_router": 1.0, "fpem/hard_router_predicted_env_ratio": 0.5446428571428571, "fpem/hard_router_effective_env_ratio": 1.0, "fpem/hard_router_target_env_ratio": 0.7071428571428572, "fpem/hard_router_gain_mean": -0.20392711219333468, "fpem/expert_prediction_pairwise_difference": 0.0, "fpem/delta_pairwise_cosine": 0.0, "fpem/delta_pairwise_l1": 0.0, "fpem/delta_pairwise_l2": 0.0, "fpem/expert_0_parameter_norm": 14.900517463684082, "fpem/hard_binary_router_enabled": 0.0, "fpem/hard_router_uses_target_in_forward": 0.0, "fpem/stored_future_c_loaded": 0.0, "fpem/prediction_is_weighted_complete_fusion": 0.0, "fpem/prediction_is_hard_route": 1.0, "fpem/conservative_inv_override_enabled": 0.0, "fpem/conservative_router_features_detached": 1.0, "fpem/counterfactual_risk_router_enabled": 1.0, "fpem/counterfactual_risk_stage2_active_forward": 1.0, "fpem/counterfactual_risk_deploy_route_active": 0.0, "fpem/counterfactual_risk_training_uses_route": 0.0, "fpem/counterfactual_risk_forward_uses_threshold": 0.0, "fpem/future_mi_loss": 0.0, "fpem/future_mi_valid": 0.0, "fpem/future_mi_logvar_mean": 0.0, "fpem/future_mi_target_mode_env_encoder": 0.0, "fpem/swap_loss": 0.0, "fpem/swap_diff_loss": 0.0, "fpem/swap_same_loss": 0.0, "fpem/swap_gain_mean": 0.0, "fpem/swap_s_gain_mean": 0.0, "fpem/swap_fallback_router_loss": 0.0, "fpem/swap_fallback_q_mean": 0.0, "fpem/swap_prediction_delta": 0.0, "fpem/swap_route_delta": 0.0, "fpem/swap_hyper_alpha_delta": 0.0, "fpem/swap_hyper_delta_norm": 0.0, "fpem/loss_env_day": 0.0, "fpem/loss_env_hour": 0.0, "fpem/loss_env_rush": 0.0, "fpem/env_day_acc": 0.0, "fpem/env_hour_acc": 0.0, "fpem/env_rush_acc": 0.0, "fpem/loss_env_supcon": 0.0, "fpem/env_supcon_valid_pairs": 0.0, "fpem/loss_inv_env_adv": 0.0, "fpem/inv_day_acc": 0.0, "fpem/inv_hour_acc": 0.0, "fpem/inv_rush_acc": 0.0, "fpem/loss_cross_cov_sep": 0.0, "fpem/confounder_dep_enabled": 0.0, "fpem/confounder_dep_mode_gci": 1.0, "fpem/confounder_dep_mode_scd": 0.0, "fpem/confounder_dep_mode_both": 0.0, "fpem/confounder_dep_total": 0.0, "fpem/loss_gci": 0.0, "fpem/loss_gci_drop": 0.0, "fpem/loss_gci_keep": 0.0, "fpem/loss_gci_graph_align": 0.0, "fpem/loss_scd": 0.0, "fpem/loss_conf_kl": 0.0, "fpem/effective_gci_weight": 0.0, "fpem/effective_gci_graph_align_weight": 0.0, "fpem/effective_scd_weight": 0.0, "fpem/effective_conf_kl_weight": 0.0, "fpem/confounder_dep_ramp_factor": 0.0, "fpem/C_mean": 0.0, "fpem/C_std": 0.0, "fpem/C_norm": 0.0, "fpem/confounder_token_norm": 0.0, "fpem/confounder_variational": 0.0, "fpem/confounder_projection_trace": 0.0, "fpem/confounder_projection_ridge": 0.0, "fpem/confounder_projection_rank_dim": 0.0, "fpem/confounder_projection_calls": 0.0, "fpem/confounder_dep_detach_target": 0.0, "fpem/gci_nonedge_mass_before_C": 0.0, "fpem/gci_nonedge_mass_after_C": 0.0, "fpem/gci_nonedge_mass_reduction": 0.0, "fpem/gci_relative_violation": 0.0, "fpem/gci_edge_before_C": 0.0, "fpem/gci_edge_after_C": 0.0, "fpem/gci_nonedge_conn_before_C": 0.0, "fpem/gci_nonedge_conn_after_C": 0.0, "fpem/gci_nonedge_conn_reduction": 0.0, "fpem/gci_edge_conn_before_C": 0.0, "fpem/gci_edge_conn_after_C": 0.0, "fpem/gci_edge_conn_reduction": 0.0, "fpem/gci_nonedge_dep_before_C": 0.0, "fpem/gci_nonedge_dep_after_C": 0.0, "fpem/gci_nonedge_dep_reduction": 0.0, "fpem/gci_edge_dep_before_C": 0.0, "fpem/gci_edge_dep_after_C": 0.0, "fpem/gci_nonedge_count": 0.0, "fpem/gci_edge_count": 0.0, "fpem/gci_node_count": 0.0, "fpem/gci_node_vector_dim": 0.0, "fpem/gci_graph_embed_dim": 0.0, "fpem/gci_graph_embedding_norm_before": 0.0, "fpem/gci_graph_embedding_norm_after": 0.0, "fpem/gci_graph_embedding_std_before": 0.0, "fpem/gci_graph_embedding_std_after": 0.0, "fpem/gci_graph_adj_mean_before": 0.0, "fpem/gci_graph_adj_mean_after": 0.0, "fpem/gci_graph_adj_std_before": 0.0, "fpem/gci_graph_adj_std_after": 0.0, "fpem/gci_graph_align_weight": 0.0, "fpem/gci_graph_align_raw_mse": 0.0, "fpem/gci_graph_align_normalized": 0.0, "fpem/gci_edge_preserve_beta": 0.0, "fpem/gci_graph_align_target_available": 0.0, "fpem/gci_target_adj_mean": 0.0, "fpem/gci_target_adj_std": 0.0, "fpem/gci_target_edge_mean": 0.0, "fpem/gci_target_nonedge_mean": 0.0, "fpem/gci_target_diag_mean": 0.0, "fpem/gci_graph_align_updates_agcrn": 0.0, "fpem/gci_updates_graph_linear": 0.0, "fpem/gci_graph_construction_agcrn_softmax": 0.0, "fpem/scd_assoc_before_C": 0.0, "fpem/scd_assoc_after_C": 0.0, "fpem/scd_assoc_reduction": 0.0, "fpem/scd_relative_violation": 0.0, "fpem/sample_assoc_before_C": 0.0, "fpem/sample_assoc_after_C": 0.0, "fpem/sample_assoc_reduction": 0.0, "fpem/sample_dep_before_C": 0.0, "fpem/sample_dep_after_C": 0.0, "fpem/sample_dep_reduction": 0.0, "fpem/scd_batch_size": 0.0, "fpem/scd_sample_vector_dim": 0.0, "fpem/sample_kernel_alignment": 0.0, "fpem/scd_alignment_loss": 0.0, "fpem/load_level_experts_enabled": 1.0, "fpem/load_level_uses_target_or_future_load": 0.0, "fpem/environment_gate_uses_target_in_forward": 0.0, "fpem/load_level_env_residual_scale": 0.0, "fpem/uses_cached_observable_load_prior": 1.0, "fpem/primary_loss": 9.045967842283703, "fpem/inv_pred_loss": 9.215213207971482, "fpem/primary_uses_route": 1.0, "fpem/primary_uses_env_fusion": 0.0, "fpem/backbone_agcrn": 1.0, "fpem/backbone_graphwavenet": 0.0, "fpem/backbone_staeformer": 0.0, "fpem/gc_pred_loss_only": 1.0, "fpem/env_route_head_mode_hyper_proto": 1.0, "fpem/fpem_force_uniform_route": 0.0, "fpem/hard_prediction_sinkhorn_total_replaces_primary": 0.0, "fpem/hard_prediction_environment_sinkhorn_total_replaces_primary": 0.0, "fpem/warmup_risk_sinkhorn_total_replaces_primary": 0.0, "fpem/lambda_club_mi": 0.0}}
EPOCH {"epoch": 23, "train_loss": 1.485859689826057, "val": {"loss": 11.878559430440268, "mae": 11.672307968139648, "mape": 0.18528461456298828}, "test_mixed": {"loss": NaN, "mae": NaN, "mape": NaN}, "test_workday": {"loss": NaN, "mae": NaN, "mape": NaN}, "test_holiday": {"loss": NaN, "mae": NaN, "mape": NaN}, "test_avg_mae": NaN, "best_selection_value": 11.878559430440268, "best_selection_split": "val", "best_selection_metric": "val_loss", "lr": 0.001, "fpem_logs": {"fpem/fpem_env_use_exogenous": 1.0, "fpem/env_exogenous_available": 1.0, "fpem/env_exogenous_time_available": 1.0, "fpem/env_exogenous_load_available": 1.0, "fpem/env_exogenous_feature_dim": 32.0, "fpem/env_exogenous_embedding_norm": 2.7352162747156052, "fpem/env_exogenous_load_embedding_norm": 1.9391578435897827, "fpem/env_rep_ablation_normal": 1.0, "fpem/env_rep_ablation_zero": 0.0, "fpem/env_rep_ablation_shuffle_batch": 0.0, "fpem/env_rep_ablation_mode_id": 0.0, "fpem/mask_loss": 0.0, "fpem/mask_sparse_loss": 0.0, "fpem/mask_entropy_loss": 0.0, "fpem/mask_mean": 1.0, "fpem/mask_entropy": 0.0, "fpem/mask_active_ratio": 1.0, "fpem/fusion_alpha_mean": 0.0, "fpem/fusion_alpha_std": 0.0, "fpem/fusion_alpha_min": 0.0, "fpem/fusion_alpha_max": 0.0, "fpem/env_route_loss": 1.485859689826057, "fpem/env_route_L_final": 9.04549018769037, "fpem/env_route_L_global": 0.0, "fpem/env_route_L_route_soft": 0.0, "fpem/env_route_L_expert": 9.458273619697207, "fpem/env_route_L_router_oracle": 1.485859689826057, "fpem/env_route_L_balance": 0.0, "fpem/env_route_L_diverse": 0.0, "fpem/env_route_L_proto_align": 0.0, "fpem/env_route_entropy": 0.0, "fpem/env_route_q_max_mean": 0.0, "fpem/hyper_alpha_mean": 0.0, "fpem/hyper_delta_norm": 0.0, "fpem/hyper_route_proto_mode_uniform_warmup": 0.0, "fpem/hyper_route_proto_mode_uniform_fixed": 0.0, "fpem/hyper_route_proto_mode_sinkhorn": 0.0, "fpem/hyper_route_proto_mode_softmax": 0.0, "fpem/fallback_q_mean": 0.0, "fpem/fallback_q_max": 0.0, "fpem/env_q_sum_mean": 1.0, "fpem/oracle_fallback_rate": 0.0, "fpem/route_count_fallback": 0.0, "fpem/env_route_head_mode": 1.0, "fpem/route_entropy_mean": 0.0, "fpem/route_mean_distribution_entropy": 0.0, "fpem/effective_expert_number": 1.0, "fpem/max_expert_usage_ratio": 0.0, "fpem/min_expert_usage_ratio": 0.0, "fpem/prototype_pairwise_cosine": 0.0, "fpem/expert_prediction_pairwise_cosine": 0.0, "fpem/expert_collapse_warning": 0.0, "fpem/env_route_target_mode_env_prototype": 0.0, "fpem/env_route_target_mode_hybrid": 0.0, "fpem/env_route_hybrid_alpha": 0.0, "fpem/env_route_train_mode_warmup_risk_sinkhorn": 0.0, "fpem/warmup_risk_stage_warmup": 0.0, "fpem/warmup_risk_stage_soft": 0.0, "fpem/warmup_risk_stage_hard": 0.0, "fpem/warmup_risk_selected_loss": 0.0, "fpem/warmup_risk_uniform_common_loss": 0.0, "fpem/warmup_risk_lambda_common": 0.0, "fpem/warmup_risk_total_common_term": 0.0, "fpem/warmup_risk_temperature": 0.0, "fpem/warmup_risk_temperature_progress": 0.0, "fpem/uniform_expert_mae": 0.0, "fpem/risk_routed_mae": 0.0, "fpem/risk_prediction_mae": 0.0, "fpem/risk_loss": 0.0, "fpem/risk_ranking_loss": 0.0, "fpem/risk_ranking_accuracy": 0.0, "fpem/risk_oracle_argmin_accuracy": 0.0, "fpem/risk_router_temperature": 0.0, "fpem/risk_router_lambda": 0.0, "fpem/risk_router_pairwise_lambda": 0.0, "fpem/env_route_train_mode_progressive_gmm_environment": 0.0, "fpem/top_level_prediction_source_progressive_gmm_teacher_hard": 0.0, "fpem/progressive_assignment_uses_target_or_prediction_error": 0.0, "fpem/progressive_partition_ready": 0.0, "fpem/progressive_selected_k": 0.0, "fpem/progressive_active_expert_count": 0.0, "fpem/progressive_last_partition_epoch": 0.0, "fpem/progressive_lambda_common": 0.0, "fpem/progressive_common_term": 0.0, "fpem/progressive_compactness_loss": 0.0, "fpem/progressive_consistency_loss": 0.0, "fpem/progressive_cluster_entropy": 0.0, "fpem/progressive_assignment_change_ratio": 0.0, "fpem/progressive_hungarian_overlap_score": 0.0, "fpem/progressive_partition_update_time_sec": 0.0, "fpem/progressive_routed_mae": 0.0, "fpem/progressive_gmm_environment_total_replaces_primary": 0.0, "fpem/env_route_count_head_0": 16.0, "fpem/env_route_oracle_count_head_0": 16.0, "fpem/route_count_env_head_0": 16.0, "fpem/route_soft_mean_expert_0": 1.0, "fpem/route_hard_count_expert_0": 16.0, "fpem/hard_count_expert_0": 16.0, "fpem/sinkhorn_soft_col_mass_expert_0": 0.0, "fpem/progressive_active_expert_0": 0.0, "fpem/progressive_cluster_size_0": 0.0, "fpem/progressive_cluster_ratio_0": 0.0, "fpem/progressive_cluster_to_expert_0": 0.0, "fpem/progressive_bic_k1": 0.0, "fpem/progressive_bic_score_k1": 0.0, "fpem/progressive_bic_rejected_k1": 0.0, "fpem/hyper_alpha_head_0": 0.0, "fpem/hyper_gamma_norm_head_0": 0.0, "fpem/hyper_beta_norm_head_0": 0.0, "fpem/expert_cross_mae_group_0_expert_0": 9.458273619697207, "fpem/load_expert_loss": 9.458273619697207, "fpem/counterfactual_risk_router_loss": 1.485859689826057, "fpem/counterfactual_risk_regression_loss": 1.1198052928561255, "fpem/counterfactual_risk_ranking_loss": 0.7321087882632301, "fpem/load_level_assignment_detached": 1.0, "fpem/load_level_count_0": 1680.0, "fpem/load_level_ratio_0": 1.0, "fpem/expert_0_global_loss": 9.458273619697207, "fpem/expert_0_selected_loss": 9.458273619697207, "fpem/counterfactual_risk_stage2_active": 1.0, "fpem/counterfactual_risk_stage2_start_epoch": 20.0, "fpem/counterfactual_risk_all_environment_mae": 9.458273619697207, "fpem/counterfactual_risk_all_invariant_mae": 9.662237485249838, "fpem/counterfactual_risk_routed_mae": 9.547846371786935, "fpem/counterfactual_risk_oracle_mae": 9.394862533750988, "fpem/counterfactual_risk_router_accuracy": 0.5232142857142857, "fpem/counterfactual_risk_router_balanced_accuracy": 0.5183341391029812, "fpem/counterfactual_risk_inv_route_ratio": 0.4982142857142857, "fpem/counterfactual_risk_env_route_ratio": 0.5017857142857143, "fpem/counterfactual_risk_inv_switch_precision": 0.308984538983731, "fpem/counterfactual_risk_correct_inv_switches": 2.5142857142857142, "fpem/counterfactual_risk_harmful_inv_switches": 5.457142857142857, "fpem/counterfactual_risk_saved_loss": 0.03438998886517116, "fpem/counterfactual_risk_added_loss": 0.12396270448253269, "fpem/counterfactual_risk_net_gain": -0.0895727520897275, "fpem/counterfactual_risk_regret": 0.1529838380359468, "fpem/counterfactual_risk_oracle_gap_closed": -2.827888069869507, "fpem/counterfactual_risk_delta_mean": -0.20396386143707093, "fpem/counterfactual_risk_target_inv_ratio": 0.29285714285714287, "fpem/counterfactual_risk_weight_env_sum": 7.999999950045631, "fpem/counterfactual_risk_weight_inv_sum": 7.9999999455043245, "fpem/counterfactual_risk_prediction_is_hard_route": 1.0, "fpem/counterfactual_risk_prediction_is_soft_fusion": 0.0, "fpem/counterfactual_risk_target_detached": 1.0, "fpem/counterfactual_risk_uses_threshold": 0.0, "fpem/counterfactual_risk_all_samples_used_for_router": 1.0, "fpem/hard_router_predicted_env_ratio": 0.5017857142857143, "fpem/hard_router_effective_env_ratio": 1.0, "fpem/hard_router_target_env_ratio": 0.7071428571428572, "fpem/hard_router_gain_mean": -0.20396386143707093, "fpem/expert_prediction_pairwise_difference": 0.0, "fpem/delta_pairwise_cosine": 0.0, "fpem/delta_pairwise_l1": 0.0, "fpem/delta_pairwise_l2": 0.0, "fpem/expert_0_parameter_norm": 14.900517463684082, "fpem/hard_binary_router_enabled": 0.0, "fpem/hard_router_uses_target_in_forward": 0.0, "fpem/stored_future_c_loaded": 0.0, "fpem/prediction_is_weighted_complete_fusion": 0.0, "fpem/prediction_is_hard_route": 1.0, "fpem/conservative_inv_override_enabled": 0.0, "fpem/conservative_router_features_detached": 1.0, "fpem/counterfactual_risk_router_enabled": 1.0, "fpem/counterfactual_risk_stage2_active_forward": 1.0, "fpem/counterfactual_risk_deploy_route_active": 0.0, "fpem/counterfactual_risk_training_uses_route": 0.0, "fpem/counterfactual_risk_forward_uses_threshold": 0.0, "fpem/future_mi_loss": 0.0, "fpem/future_mi_valid": 0.0, "fpem/future_mi_logvar_mean": 0.0, "fpem/future_mi_target_mode_env_encoder": 0.0, "fpem/swap_loss": 0.0, "fpem/swap_diff_loss": 0.0, "fpem/swap_same_loss": 0.0, "fpem/swap_gain_mean": 0.0, "fpem/swap_s_gain_mean": 0.0, "fpem/swap_fallback_router_loss": 0.0, "fpem/swap_fallback_q_mean": 0.0, "fpem/swap_prediction_delta": 0.0, "fpem/swap_route_delta": 0.0, "fpem/swap_hyper_alpha_delta": 0.0, "fpem/swap_hyper_delta_norm": 0.0, "fpem/loss_env_day": 0.0, "fpem/loss_env_hour": 0.0, "fpem/loss_env_rush": 0.0, "fpem/env_day_acc": 0.0, "fpem/env_hour_acc": 0.0, "fpem/env_rush_acc": 0.0, "fpem/loss_env_supcon": 0.0, "fpem/env_supcon_valid_pairs": 0.0, "fpem/loss_inv_env_adv": 0.0, "fpem/inv_day_acc": 0.0, "fpem/inv_hour_acc": 0.0, "fpem/inv_rush_acc": 0.0, "fpem/loss_cross_cov_sep": 0.0, "fpem/confounder_dep_enabled": 0.0, "fpem/confounder_dep_mode_gci": 1.0, "fpem/confounder_dep_mode_scd": 0.0, "fpem/confounder_dep_mode_both": 0.0, "fpem/confounder_dep_total": 0.0, "fpem/loss_gci": 0.0, "fpem/loss_gci_drop": 0.0, "fpem/loss_gci_keep": 0.0, "fpem/loss_gci_graph_align": 0.0, "fpem/loss_scd": 0.0, "fpem/loss_conf_kl": 0.0, "fpem/effective_gci_weight": 0.0, "fpem/effective_gci_graph_align_weight": 0.0, "fpem/effective_scd_weight": 0.0, "fpem/effective_conf_kl_weight": 0.0, "fpem/confounder_dep_ramp_factor": 0.0, "fpem/C_mean": 0.0, "fpem/C_std": 0.0, "fpem/C_norm": 0.0, "fpem/confounder_token_norm": 0.0, "fpem/confounder_variational": 0.0, "fpem/confounder_projection_trace": 0.0, "fpem/confounder_projection_ridge": 0.0, "fpem/confounder_projection_rank_dim": 0.0, "fpem/confounder_projection_calls": 0.0, "fpem/confounder_dep_detach_target": 0.0, "fpem/gci_nonedge_mass_before_C": 0.0, "fpem/gci_nonedge_mass_after_C": 0.0, "fpem/gci_nonedge_mass_reduction": 0.0, "fpem/gci_relative_violation": 0.0, "fpem/gci_edge_before_C": 0.0, "fpem/gci_edge_after_C": 0.0, "fpem/gci_nonedge_conn_before_C": 0.0, "fpem/gci_nonedge_conn_after_C": 0.0, "fpem/gci_nonedge_conn_reduction": 0.0, "fpem/gci_edge_conn_before_C": 0.0, "fpem/gci_edge_conn_after_C": 0.0, "fpem/gci_edge_conn_reduction": 0.0, "fpem/gci_nonedge_dep_before_C": 0.0, "fpem/gci_nonedge_dep_after_C": 0.0, "fpem/gci_nonedge_dep_reduction": 0.0, "fpem/gci_edge_dep_before_C": 0.0, "fpem/gci_edge_dep_after_C": 0.0, "fpem/gci_nonedge_count": 0.0, "fpem/gci_edge_count": 0.0, "fpem/gci_node_count": 0.0, "fpem/gci_node_vector_dim": 0.0, "fpem/gci_graph_embed_dim": 0.0, "fpem/gci_graph_embedding_norm_before": 0.0, "fpem/gci_graph_embedding_norm_after": 0.0, "fpem/gci_graph_embedding_std_before": 0.0, "fpem/gci_graph_embedding_std_after": 0.0, "fpem/gci_graph_adj_mean_before": 0.0, "fpem/gci_graph_adj_mean_after": 0.0, "fpem/gci_graph_adj_std_before": 0.0, "fpem/gci_graph_adj_std_after": 0.0, "fpem/gci_graph_align_weight": 0.0, "fpem/gci_graph_align_raw_mse": 0.0, "fpem/gci_graph_align_normalized": 0.0, "fpem/gci_edge_preserve_beta": 0.0, "fpem/gci_graph_align_target_available": 0.0, "fpem/gci_target_adj_mean": 0.0, "fpem/gci_target_adj_std": 0.0, "fpem/gci_target_edge_mean": 0.0, "fpem/gci_target_nonedge_mean": 0.0, "fpem/gci_target_diag_mean": 0.0, "fpem/gci_graph_align_updates_agcrn": 0.0, "fpem/gci_updates_graph_linear": 0.0, "fpem/gci_graph_construction_agcrn_softmax": 0.0, "fpem/scd_assoc_before_C": 0.0, "fpem/scd_assoc_after_C": 0.0, "fpem/scd_assoc_reduction": 0.0, "fpem/scd_relative_violation": 0.0, "fpem/sample_assoc_before_C": 0.0, "fpem/sample_assoc_after_C": 0.0, "fpem/sample_assoc_reduction": 0.0, "fpem/sample_dep_before_C": 0.0, "fpem/sample_dep_after_C": 0.0, "fpem/sample_dep_reduction": 0.0, "fpem/scd_batch_size": 0.0, "fpem/scd_sample_vector_dim": 0.0, "fpem/sample_kernel_alignment": 0.0, "fpem/scd_alignment_loss": 0.0, "fpem/load_level_experts_enabled": 1.0, "fpem/load_level_uses_target_or_future_load": 0.0, "fpem/environment_gate_uses_target_in_forward": 0.0, "fpem/load_level_env_residual_scale": 0.0, "fpem/uses_cached_observable_load_prior": 1.0, "fpem/primary_loss": 9.04549018769037, "fpem/inv_pred_loss": 9.21354112625122, "fpem/primary_uses_route": 1.0, "fpem/primary_uses_env_fusion": 0.0, "fpem/backbone_agcrn": 1.0, "fpem/backbone_graphwavenet": 0.0, "fpem/backbone_staeformer": 0.0, "fpem/gc_pred_loss_only": 1.0, "fpem/env_route_head_mode_hyper_proto": 1.0, "fpem/fpem_force_uniform_route": 0.0, "fpem/hard_prediction_sinkhorn_total_replaces_primary": 0.0, "fpem/hard_prediction_environment_sinkhorn_total_replaces_primary": 0.0, "fpem/warmup_risk_sinkhorn_total_replaces_primary": 0.0, "fpem/lambda_club_mi": 0.0}}
EPOCH {"epoch": 24, "train_loss": 1.340688057172866, "val": {"loss": 11.880413426293266, "mae": 11.673691749572754, "mape": 0.18477798998355865}, "test_mixed": {"loss": NaN, "mae": NaN, "mape": NaN}, "test_workday": {"loss": NaN, "mae": NaN, "mape": NaN}, "test_holiday": {"loss": NaN, "mae": NaN, "mape": NaN}, "test_avg_mae": NaN, "best_selection_value": 11.880413426293266, "best_selection_split": "val", "best_selection_metric": "val_loss", "lr": 0.001, "fpem_logs": {"fpem/fpem_env_use_exogenous": 1.0, "fpem/env_exogenous_available": 1.0, "fpem/env_exogenous_time_available": 1.0, "fpem/env_exogenous_load_available": 1.0, "fpem/env_exogenous_feature_dim": 32.0, "fpem/env_exogenous_embedding_norm": 2.735216222490583, "fpem/env_exogenous_load_embedding_norm": 1.9391578345071703, "fpem/env_rep_ablation_normal": 1.0, "fpem/env_rep_ablation_zero": 0.0, "fpem/env_rep_ablation_shuffle_batch": 0.0, "fpem/env_rep_ablation_mode_id": 0.0, "fpem/mask_loss": 0.0, "fpem/mask_sparse_loss": 0.0, "fpem/mask_entropy_loss": 0.0, "fpem/mask_mean": 1.0, "fpem/mask_entropy": 0.0, "fpem/mask_active_ratio": 1.0, "fpem/fusion_alpha_mean": 0.0, "fpem/fusion_alpha_std": 0.0, "fpem/fusion_alpha_min": 0.0, "fpem/fusion_alpha_max": 0.0, "fpem/env_route_loss": 1.340688057172866, "fpem/env_route_L_final": 9.045283113207136, "fpem/env_route_L_global": 0.0, "fpem/env_route_L_route_soft": 0.0, "fpem/env_route_L_expert": 9.458261657896497, "fpem/env_route_L_router_oracle": 1.340688057172866, "fpem/env_route_L_balance": 0.0, "fpem/env_route_L_diverse": 0.0, "fpem/env_route_L_proto_align": 0.0, "fpem/env_route_entropy": 0.0, "fpem/env_route_q_max_mean": 0.0, "fpem/hyper_alpha_mean": 0.0, "fpem/hyper_delta_norm": 0.0, "fpem/hyper_route_proto_mode_uniform_warmup": 0.0, "fpem/hyper_route_proto_mode_uniform_fixed": 0.0, "fpem/hyper_route_proto_mode_sinkhorn": 0.0, "fpem/hyper_route_proto_mode_softmax": 0.0, "fpem/fallback_q_mean": 0.0, "fpem/fallback_q_max": 0.0, "fpem/env_q_sum_mean": 1.0, "fpem/oracle_fallback_rate": 0.0, "fpem/route_count_fallback": 0.0, "fpem/env_route_head_mode": 1.0, "fpem/route_entropy_mean": 0.0, "fpem/route_mean_distribution_entropy": 0.0, "fpem/effective_expert_number": 1.0, "fpem/max_expert_usage_ratio": 0.0, "fpem/min_expert_usage_ratio": 0.0, "fpem/prototype_pairwise_cosine": 0.0, "fpem/expert_prediction_pairwise_cosine": 0.0, "fpem/expert_collapse_warning": 0.0, "fpem/env_route_target_mode_env_prototype": 0.0, "fpem/env_route_target_mode_hybrid": 0.0, "fpem/env_route_hybrid_alpha": 0.0, "fpem/env_route_train_mode_warmup_risk_sinkhorn": 0.0, "fpem/warmup_risk_stage_warmup": 0.0, "fpem/warmup_risk_stage_soft": 0.0, "fpem/warmup_risk_stage_hard": 0.0, "fpem/warmup_risk_selected_loss": 0.0, "fpem/warmup_risk_uniform_common_loss": 0.0, "fpem/warmup_risk_lambda_common": 0.0, "fpem/warmup_risk_total_common_term": 0.0, "fpem/warmup_risk_temperature": 0.0, "fpem/warmup_risk_temperature_progress": 0.0, "fpem/uniform_expert_mae": 0.0, "fpem/risk_routed_mae": 0.0, "fpem/risk_prediction_mae": 0.0, "fpem/risk_loss": 0.0, "fpem/risk_ranking_loss": 0.0, "fpem/risk_ranking_accuracy": 0.0, "fpem/risk_oracle_argmin_accuracy": 0.0, "fpem/risk_router_temperature": 0.0, "fpem/risk_router_lambda": 0.0, "fpem/risk_router_pairwise_lambda": 0.0, "fpem/env_route_train_mode_progressive_gmm_environment": 0.0, "fpem/top_level_prediction_source_progressive_gmm_teacher_hard": 0.0, "fpem/progressive_assignment_uses_target_or_prediction_error": 0.0, "fpem/progressive_partition_ready": 0.0, "fpem/progressive_selected_k": 0.0, "fpem/progressive_active_expert_count": 0.0, "fpem/progressive_last_partition_epoch": 0.0, "fpem/progressive_lambda_common": 0.0, "fpem/progressive_common_term": 0.0, "fpem/progressive_compactness_loss": 0.0, "fpem/progressive_consistency_loss": 0.0, "fpem/progressive_cluster_entropy": 0.0, "fpem/progressive_assignment_change_ratio": 0.0, "fpem/progressive_hungarian_overlap_score": 0.0, "fpem/progressive_partition_update_time_sec": 0.0, "fpem/progressive_routed_mae": 0.0, "fpem/progressive_gmm_environment_total_replaces_primary": 0.0, "fpem/env_route_count_head_0": 16.0, "fpem/env_route_oracle_count_head_0": 16.0, "fpem/route_count_env_head_0": 16.0, "fpem/route_soft_mean_expert_0": 1.0, "fpem/route_hard_count_expert_0": 16.0, "fpem/hard_count_expert_0": 16.0, "fpem/sinkhorn_soft_col_mass_expert_0": 0.0, "fpem/progressive_active_expert_0": 0.0, "fpem/progressive_cluster_size_0": 0.0, "fpem/progressive_cluster_ratio_0": 0.0, "fpem/progressive_cluster_to_expert_0": 0.0, "fpem/progressive_bic_k1": 0.0, "fpem/progressive_bic_score_k1": 0.0, "fpem/progressive_bic_rejected_k1": 0.0, "fpem/hyper_alpha_head_0": 0.0, "fpem/hyper_gamma_norm_head_0": 0.0, "fpem/hyper_beta_norm_head_0": 0.0, "fpem/expert_cross_mae_group_0_expert_0": 9.458261657896497, "fpem/load_expert_loss": 9.458261657896497, "fpem/counterfactual_risk_router_loss": 1.340688057172866, "fpem/counterfactual_risk_regression_loss": 0.9802464838538851, "fpem/counterfactual_risk_ranking_loss": 0.7208831457864671, "fpem/load_level_assignment_detached": 1.0, "fpem/load_level_count_0": 1680.0, "fpem/load_level_ratio_0": 1.0, "fpem/expert_0_global_loss": 9.458261657896497, "fpem/expert_0_selected_loss": 9.458261657896497, "fpem/counterfactual_risk_stage2_active": 1.0, "fpem/counterfactual_risk_stage2_start_epoch": 20.0, "fpem/counterfactual_risk_all_environment_mae": 9.458261657896497, "fpem/counterfactual_risk_all_invariant_mae": 9.662237485249838, "fpem/counterfactual_risk_routed_mae": 9.540218811943417, "fpem/counterfactual_risk_oracle_mae": 9.394874100458054, "fpem/counterfactual_risk_router_accuracy": 0.5434523809523809, "fpem/counterfactual_risk_router_balanced_accuracy": 0.5276375478222257, "fpem/counterfactual_risk_inv_route_ratio": 0.45654761904761904, "fpem/counterfactual_risk_env_route_ratio": 0.5434523809523809, "fpem/counterfactual_risk_inv_switch_precision": 0.30742628226677576, "fpem/counterfactual_risk_correct_inv_switches": 2.342857142857143, "fpem/counterfactual_risk_harmful_inv_switches": 4.961904761904762, "fpem/counterfactual_risk_saved_loss": 0.029574797125089737, "fpem/counterfactual_risk_added_loss": 0.11153192463375274, "fpem/counterfactual_risk_net_gain": -0.0819571540469215, "fpem/counterfactual_risk_regret": 0.14534471148536318, "fpem/counterfactual_risk_oracle_gap_closed": -644.7367898660224, "fpem/counterfactual_risk_delta_mean": -0.20397576278164273, "fpem/counterfactual_risk_target_inv_ratio": 0.29285714285714287, "fpem/counterfactual_risk_weight_env_sum": 8.076190408070882, "fpem/counterfactual_risk_weight_inv_sum": 7.923809442066011, "fpem/counterfactual_risk_prediction_is_hard_route": 1.0, "fpem/counterfactual_risk_prediction_is_soft_fusion": 0.0, "fpem/counterfactual_risk_target_detached": 1.0, "fpem/counterfactual_risk_uses_threshold": 0.0, "fpem/counterfactual_risk_all_samples_used_for_router": 1.0, "fpem/hard_router_predicted_env_ratio": 0.5434523809523809, "fpem/hard_router_effective_env_ratio": 1.0, "fpem/hard_router_target_env_ratio": 0.7071428571428572, "fpem/hard_router_gain_mean": -0.20397576278164273, "fpem/expert_prediction_pairwise_difference": 0.0, "fpem/delta_pairwise_cosine": 0.0, "fpem/delta_pairwise_l1": 0.0, "fpem/delta_pairwise_l2": 0.0, "fpem/expert_0_parameter_norm": 14.900517463684082, "fpem/hard_binary_router_enabled": 0.0, "fpem/hard_router_uses_target_in_forward": 0.0, "fpem/stored_future_c_loaded": 0.0, "fpem/prediction_is_weighted_complete_fusion": 0.0, "fpem/prediction_is_hard_route": 1.0, "fpem/conservative_inv_override_enabled": 0.0, "fpem/conservative_router_features_detached": 1.0, "fpem/counterfactual_risk_router_enabled": 1.0, "fpem/counterfactual_risk_stage2_active_forward": 1.0, "fpem/counterfactual_risk_deploy_route_active": 0.0, "fpem/counterfactual_risk_training_uses_route": 0.0, "fpem/counterfactual_risk_forward_uses_threshold": 0.0, "fpem/future_mi_loss": 0.0, "fpem/future_mi_valid": 0.0, "fpem/future_mi_logvar_mean": 0.0, "fpem/future_mi_target_mode_env_encoder": 0.0, "fpem/swap_loss": 0.0, "fpem/swap_diff_loss": 0.0, "fpem/swap_same_loss": 0.0, "fpem/swap_gain_mean": 0.0, "fpem/swap_s_gain_mean": 0.0, "fpem/swap_fallback_router_loss": 0.0, "fpem/swap_fallback_q_mean": 0.0, "fpem/swap_prediction_delta": 0.0, "fpem/swap_route_delta": 0.0, "fpem/swap_hyper_alpha_delta": 0.0, "fpem/swap_hyper_delta_norm": 0.0, "fpem/loss_env_day": 0.0, "fpem/loss_env_hour": 0.0, "fpem/loss_env_rush": 0.0, "fpem/env_day_acc": 0.0, "fpem/env_hour_acc": 0.0, "fpem/env_rush_acc": 0.0, "fpem/loss_env_supcon": 0.0, "fpem/env_supcon_valid_pairs": 0.0, "fpem/loss_inv_env_adv": 0.0, "fpem/inv_day_acc": 0.0, "fpem/inv_hour_acc": 0.0, "fpem/inv_rush_acc": 0.0, "fpem/loss_cross_cov_sep": 0.0, "fpem/confounder_dep_enabled": 0.0, "fpem/confounder_dep_mode_gci": 1.0, "fpem/confounder_dep_mode_scd": 0.0, "fpem/confounder_dep_mode_both": 0.0, "fpem/confounder_dep_total": 0.0, "fpem/loss_gci": 0.0, "fpem/loss_gci_drop": 0.0, "fpem/loss_gci_keep": 0.0, "fpem/loss_gci_graph_align": 0.0, "fpem/loss_scd": 0.0, "fpem/loss_conf_kl": 0.0, "fpem/effective_gci_weight": 0.0, "fpem/effective_gci_graph_align_weight": 0.0, "fpem/effective_scd_weight": 0.0, "fpem/effective_conf_kl_weight": 0.0, "fpem/confounder_dep_ramp_factor": 0.0, "fpem/C_mean": 0.0, "fpem/C_std": 0.0, "fpem/C_norm": 0.0, "fpem/confounder_token_norm": 0.0, "fpem/confounder_variational": 0.0, "fpem/confounder_projection_trace": 0.0, "fpem/confounder_projection_ridge": 0.0, "fpem/confounder_projection_rank_dim": 0.0, "fpem/confounder_projection_calls": 0.0, "fpem/confounder_dep_detach_target": 0.0, "fpem/gci_nonedge_mass_before_C": 0.0, "fpem/gci_nonedge_mass_after_C": 0.0, "fpem/gci_nonedge_mass_reduction": 0.0, "fpem/gci_relative_violation": 0.0, "fpem/gci_edge_before_C": 0.0, "fpem/gci_edge_after_C": 0.0, "fpem/gci_nonedge_conn_before_C": 0.0, "fpem/gci_nonedge_conn_after_C": 0.0, "fpem/gci_nonedge_conn_reduction": 0.0, "fpem/gci_edge_conn_before_C": 0.0, "fpem/gci_edge_conn_after_C": 0.0, "fpem/gci_edge_conn_reduction": 0.0, "fpem/gci_nonedge_dep_before_C": 0.0, "fpem/gci_nonedge_dep_after_C": 0.0, "fpem/gci_nonedge_dep_reduction": 0.0, "fpem/gci_edge_dep_before_C": 0.0, "fpem/gci_edge_dep_after_C": 0.0, "fpem/gci_nonedge_count": 0.0, "fpem/gci_edge_count": 0.0, "fpem/gci_node_count": 0.0, "fpem/gci_node_vector_dim": 0.0, "fpem/gci_graph_embed_dim": 0.0, "fpem/gci_graph_embedding_norm_before": 0.0, "fpem/gci_graph_embedding_norm_after": 0.0, "fpem/gci_graph_embedding_std_before": 0.0, "fpem/gci_graph_embedding_std_after": 0.0, "fpem/gci_graph_adj_mean_before": 0.0, "fpem/gci_graph_adj_mean_after": 0.0, "fpem/gci_graph_adj_std_before": 0.0, "fpem/gci_graph_adj_std_after": 0.0, "fpem/gci_graph_align_weight": 0.0, "fpem/gci_graph_align_raw_mse": 0.0, "fpem/gci_graph_align_normalized": 0.0, "fpem/gci_edge_preserve_beta": 0.0, "fpem/gci_graph_align_target_available": 0.0, "fpem/gci_target_adj_mean": 0.0, "fpem/gci_target_adj_std": 0.0, "fpem/gci_target_edge_mean": 0.0, "fpem/gci_target_nonedge_mean": 0.0, "fpem/gci_target_diag_mean": 0.0, "fpem/gci_graph_align_updates_agcrn": 0.0, "fpem/gci_updates_graph_linear": 0.0, "fpem/gci_graph_construction_agcrn_softmax": 0.0, "fpem/scd_assoc_before_C": 0.0, "fpem/scd_assoc_after_C": 0.0, "fpem/scd_assoc_reduction": 0.0, "fpem/scd_relative_violation": 0.0, "fpem/sample_assoc_before_C": 0.0, "fpem/sample_assoc_after_C": 0.0, "fpem/sample_assoc_reduction": 0.0, "fpem/sample_dep_before_C": 0.0, "fpem/sample_dep_after_C": 0.0, "fpem/sample_dep_reduction": 0.0, "fpem/scd_batch_size": 0.0, "fpem/scd_sample_vector_dim": 0.0, "fpem/sample_kernel_alignment": 0.0, "fpem/scd_alignment_loss": 0.0, "fpem/load_level_experts_enabled": 1.0, "fpem/load_level_uses_target_or_future_load": 0.0, "fpem/environment_gate_uses_target_in_forward": 0.0, "fpem/load_level_env_residual_scale": 0.0, "fpem/uses_cached_observable_load_prior": 1.0, "fpem/primary_loss": 9.045283113207136, "fpem/inv_pred_loss": 9.214197667439779, "fpem/primary_uses_route": 1.0, "fpem/primary_uses_env_fusion": 0.0, "fpem/backbone_agcrn": 1.0, "fpem/backbone_graphwavenet": 0.0, "fpem/backbone_staeformer": 0.0, "fpem/gc_pred_loss_only": 1.0, "fpem/env_route_head_mode_hyper_proto": 1.0, "fpem/fpem_force_uniform_route": 0.0, "fpem/hard_prediction_sinkhorn_total_replaces_primary": 0.0, "fpem/hard_prediction_environment_sinkhorn_total_replaces_primary": 0.0, "fpem/warmup_risk_sinkhorn_total_replaces_primary": 0.0, "fpem/lambda_club_mi": 0.0}}
EPOCH {"epoch": 25, "train_loss": 1.2974245934259323, "val": {"loss": 11.873633013831245, "mae": 11.670238494873047, "mape": 0.1858089417219162}, "test_mixed": {"loss": NaN, "mae": NaN, "mape": NaN}, "test_workday": {"loss": NaN, "mae": NaN, "mape": NaN}, "test_holiday": {"loss": NaN, "mae": NaN, "mape": NaN}, "test_avg_mae": NaN, "best_selection_value": 11.873633013831245, "best_selection_split": "val", "best_selection_metric": "val_loss", "lr": 0.001, "fpem_logs": {"fpem/fpem_env_use_exogenous": 1.0, "fpem/env_exogenous_available": 1.0, "fpem/env_exogenous_time_available": 1.0, "fpem/env_exogenous_load_available": 1.0, "fpem/env_exogenous_feature_dim": 32.0, "fpem/env_exogenous_embedding_norm": 2.735216240655808, "fpem/env_exogenous_load_embedding_norm": 1.939157840183803, "fpem/env_rep_ablation_normal": 1.0, "fpem/env_rep_ablation_zero": 0.0, "fpem/env_rep_ablation_shuffle_batch": 0.0, "fpem/env_rep_ablation_mode_id": 0.0, "fpem/mask_loss": 0.0, "fpem/mask_sparse_loss": 0.0, "fpem/mask_entropy_loss": 0.0, "fpem/mask_mean": 1.0, "fpem/mask_entropy": 0.0, "fpem/mask_active_ratio": 1.0, "fpem/fusion_alpha_mean": 0.0, "fpem/fusion_alpha_std": 0.0, "fpem/fusion_alpha_min": 0.0, "fpem/fusion_alpha_max": 0.0, "fpem/env_route_loss": 1.2974245934259323, "fpem/env_route_L_final": 9.046467644827706, "fpem/env_route_L_global": 0.0, "fpem/env_route_L_route_soft": 0.0, "fpem/env_route_L_expert": 9.45827849706014, "fpem/env_route_L_router_oracle": 1.2974245934259323, "fpem/env_route_L_balance": 0.0, "fpem/env_route_L_diverse": 0.0, "fpem/env_route_L_proto_align": 0.0, "fpem/env_route_entropy": 0.0, "fpem/env_route_q_max_mean": 0.0, "fpem/hyper_alpha_mean": 0.0, "fpem/hyper_delta_norm": 0.0, "fpem/hyper_route_proto_mode_uniform_warmup": 0.0, "fpem/hyper_route_proto_mode_uniform_fixed": 0.0, "fpem/hyper_route_proto_mode_sinkhorn": 0.0, "fpem/hyper_route_proto_mode_softmax": 0.0, "fpem/fallback_q_mean": 0.0, "fpem/fallback_q_max": 0.0, "fpem/env_q_sum_mean": 1.0, "fpem/oracle_fallback_rate": 0.0, "fpem/route_count_fallback": 0.0, "fpem/env_route_head_mode": 1.0, "fpem/route_entropy_mean": 0.0, "fpem/route_mean_distribution_entropy": 0.0, "fpem/effective_expert_number": 1.0, "fpem/max_expert_usage_ratio": 0.0, "fpem/min_expert_usage_ratio": 0.0, "fpem/prototype_pairwise_cosine": 0.0, "fpem/expert_prediction_pairwise_cosine": 0.0, "fpem/expert_collapse_warning": 0.0, "fpem/env_route_target_mode_env_prototype": 0.0, "fpem/env_route_target_mode_hybrid": 0.0, "fpem/env_route_hybrid_alpha": 0.0, "fpem/env_route_train_mode_warmup_risk_sinkhorn": 0.0, "fpem/warmup_risk_stage_warmup": 0.0, "fpem/warmup_risk_stage_soft": 0.0, "fpem/warmup_risk_stage_hard": 0.0, "fpem/warmup_risk_selected_loss": 0.0, "fpem/warmup_risk_uniform_common_loss": 0.0, "fpem/warmup_risk_lambda_common": 0.0, "fpem/warmup_risk_total_common_term": 0.0, "fpem/warmup_risk_temperature": 0.0, "fpem/warmup_risk_temperature_progress": 0.0, "fpem/uniform_expert_mae": 0.0, "fpem/risk_routed_mae": 0.0, "fpem/risk_prediction_mae": 0.0, "fpem/risk_loss": 0.0, "fpem/risk_ranking_loss": 0.0, "fpem/risk_ranking_accuracy": 0.0, "fpem/risk_oracle_argmin_accuracy": 0.0, "fpem/risk_router_temperature": 0.0, "fpem/risk_router_lambda": 0.0, "fpem/risk_router_pairwise_lambda": 0.0, "fpem/env_route_train_mode_progressive_gmm_environment": 0.0, "fpem/top_level_prediction_source_progressive_gmm_teacher_hard": 0.0, "fpem/progressive_assignment_uses_target_or_prediction_error": 0.0, "fpem/progressive_partition_ready": 0.0, "fpem/progressive_selected_k": 0.0, "fpem/progressive_active_expert_count": 0.0, "fpem/progressive_last_partition_epoch": 0.0, "fpem/progressive_lambda_common": 0.0, "fpem/progressive_common_term": 0.0, "fpem/progressive_compactness_loss": 0.0, "fpem/progressive_consistency_loss": 0.0, "fpem/progressive_cluster_entropy": 0.0, "fpem/progressive_assignment_change_ratio": 0.0, "fpem/progressive_hungarian_overlap_score": 0.0, "fpem/progressive_partition_update_time_sec": 0.0, "fpem/progressive_routed_mae": 0.0, "fpem/progressive_gmm_environment_total_replaces_primary": 0.0, "fpem/env_route_count_head_0": 16.0, "fpem/env_route_oracle_count_head_0": 16.0, "fpem/route_count_env_head_0": 16.0, "fpem/route_soft_mean_expert_0": 1.0, "fpem/route_hard_count_expert_0": 16.0, "fpem/hard_count_expert_0": 16.0, "fpem/sinkhorn_soft_col_mass_expert_0": 0.0, "fpem/progressive_active_expert_0": 0.0, "fpem/progressive_cluster_size_0": 0.0, "fpem/progressive_cluster_ratio_0": 0.0, "fpem/progressive_cluster_to_expert_0": 0.0, "fpem/progressive_bic_k1": 0.0, "fpem/progressive_bic_score_k1": 0.0, "fpem/progressive_bic_rejected_k1": 0.0, "fpem/hyper_alpha_head_0": 0.0, "fpem/hyper_gamma_norm_head_0": 0.0, "fpem/hyper_beta_norm_head_0": 0.0, "fpem/expert_cross_mae_group_0_expert_0": 9.45827849706014, "fpem/load_expert_loss": 9.45827849706014, "fpem/counterfactual_risk_router_loss": 1.2974245934259323, "fpem/counterfactual_risk_regression_loss": 0.9413558185100556, "fpem/counterfactual_risk_ranking_loss": 0.7121375475611006, "fpem/load_level_assignment_detached": 1.0, "fpem/load_level_count_0": 1680.0, "fpem/load_level_ratio_0": 1.0, "fpem/expert_0_global_loss": 9.45827849706014, "fpem/expert_0_selected_loss": 9.45827849706014, "fpem/counterfactual_risk_stage2_active": 1.0, "fpem/counterfactual_risk_stage2_start_epoch": 20.0, "fpem/counterfactual_risk_all_environment_mae": 9.45827849706014, "fpem/counterfactual_risk_all_invariant_mae": 9.662237498873756, "fpem/counterfactual_risk_routed_mae": 9.540805067334857, "fpem/counterfactual_risk_oracle_mae": 9.394877765292213, "fpem/counterfactual_risk_router_accuracy": 0.5297619047619048, "fpem/counterfactual_risk_router_balanced_accuracy": 0.5184267603215718, "fpem/counterfactual_risk_inv_route_ratio": 0.4738095238095238, "fpem/counterfactual_risk_env_route_ratio": 0.5261904761904762, "fpem/counterfactual_risk_inv_switch_precision": 0.31202842600288844, "fpem/counterfactual_risk_correct_inv_switches": 2.3714285714285714, "fpem/counterfactual_risk_harmful_inv_switches": 5.20952380952381, "fpem/counterfactual_risk_saved_loss": 0.03179210310890561, "fpem/counterfactual_risk_added_loss": 0.1143186282543909, "fpem/counterfactual_risk_net_gain": -0.08252657027471633, "fpem/counterfactual_risk_regret": 0.14592730204264323, "fpem/counterfactual_risk_oracle_gap_closed": -3.0908369186556057, "fpem/counterfactual_risk_delta_mean": -0.2039590114638919, "fpem/counterfactual_risk_target_inv_ratio": 0.29285714285714287, "fpem/counterfactual_risk_weight_env_sum": 7.999999909173875, "fpem/counterfactual_risk_weight_inv_sum": 7.999999986376081, "fpem/counterfactual_risk_prediction_is_hard_route": 1.0, "fpem/counterfactual_risk_prediction_is_soft_fusion": 0.0, "fpem/counterfactual_risk_target_detached": 1.0, "fpem/counterfactual_risk_uses_threshold": 0.0, "fpem/counterfactual_risk_all_samples_used_for_router": 1.0, "fpem/hard_router_predicted_env_ratio": 0.5261904761904762, "fpem/hard_router_effective_env_ratio": 1.0, "fpem/hard_router_target_env_ratio": 0.7071428571428572, "fpem/hard_router_gain_mean": -0.2039590114638919, "fpem/expert_prediction_pairwise_difference": 0.0, "fpem/delta_pairwise_cosine": 0.0, "fpem/delta_pairwise_l1": 0.0, "fpem/delta_pairwise_l2": 0.0, "fpem/expert_0_parameter_norm": 14.900517463684082, "fpem/hard_binary_router_enabled": 0.0, "fpem/hard_router_uses_target_in_forward": 0.0, "fpem/stored_future_c_loaded": 0.0, "fpem/prediction_is_weighted_complete_fusion": 0.0, "fpem/prediction_is_hard_route": 1.0, "fpem/conservative_inv_override_enabled": 0.0, "fpem/conservative_router_features_detached": 1.0, "fpem/counterfactual_risk_router_enabled": 1.0, "fpem/counterfactual_risk_stage2_active_forward": 1.0, "fpem/counterfactual_risk_deploy_route_active": 0.0, "fpem/counterfactual_risk_training_uses_route": 0.0, "fpem/counterfactual_risk_forward_uses_threshold": 0.0, "fpem/future_mi_loss": 0.0, "fpem/future_mi_valid": 0.0, "fpem/future_mi_logvar_mean": 0.0, "fpem/future_mi_target_mode_env_encoder": 0.0, "fpem/swap_loss": 0.0, "fpem/swap_diff_loss": 0.0, "fpem/swap_same_loss": 0.0, "fpem/swap_gain_mean": 0.0, "fpem/swap_s_gain_mean": 0.0, "fpem/swap_fallback_router_loss": 0.0, "fpem/swap_fallback_q_mean": 0.0, "fpem/swap_prediction_delta": 0.0, "fpem/swap_route_delta": 0.0, "fpem/swap_hyper_alpha_delta": 0.0, "fpem/swap_hyper_delta_norm": 0.0, "fpem/loss_env_day": 0.0, "fpem/loss_env_hour": 0.0, "fpem/loss_env_rush": 0.0, "fpem/env_day_acc": 0.0, "fpem/env_hour_acc": 0.0, "fpem/env_rush_acc": 0.0, "fpem/loss_env_supcon": 0.0, "fpem/env_supcon_valid_pairs": 0.0, "fpem/loss_inv_env_adv": 0.0, "fpem/inv_day_acc": 0.0, "fpem/inv_hour_acc": 0.0, "fpem/inv_rush_acc": 0.0, "fpem/loss_cross_cov_sep": 0.0, "fpem/confounder_dep_enabled": 0.0, "fpem/confounder_dep_mode_gci": 1.0, "fpem/confounder_dep_mode_scd": 0.0, "fpem/confounder_dep_mode_both": 0.0, "fpem/confounder_dep_total": 0.0, "fpem/loss_gci": 0.0, "fpem/loss_gci_drop": 0.0, "fpem/loss_gci_keep": 0.0, "fpem/loss_gci_graph_align": 0.0, "fpem/loss_scd": 0.0, "fpem/loss_conf_kl": 0.0, "fpem/effective_gci_weight": 0.0, "fpem/effective_gci_graph_align_weight": 0.0, "fpem/effective_scd_weight": 0.0, "fpem/effective_conf_kl_weight": 0.0, "fpem/confounder_dep_ramp_factor": 0.0, "fpem/C_mean": 0.0, "fpem/C_std": 0.0, "fpem/C_norm": 0.0, "fpem/confounder_token_norm": 0.0, "fpem/confounder_variational": 0.0, "fpem/confounder_projection_trace": 0.0, "fpem/confounder_projection_ridge": 0.0, "fpem/confounder_projection_rank_dim": 0.0, "fpem/confounder_projection_calls": 0.0, "fpem/confounder_dep_detach_target": 0.0, "fpem/gci_nonedge_mass_before_C": 0.0, "fpem/gci_nonedge_mass_after_C": 0.0, "fpem/gci_nonedge_mass_reduction": 0.0, "fpem/gci_relative_violation": 0.0, "fpem/gci_edge_before_C": 0.0, "fpem/gci_edge_after_C": 0.0, "fpem/gci_nonedge_conn_before_C": 0.0, "fpem/gci_nonedge_conn_after_C": 0.0, "fpem/gci_nonedge_conn_reduction": 0.0, "fpem/gci_edge_conn_before_C": 0.0, "fpem/gci_edge_conn_after_C": 0.0, "fpem/gci_edge_conn_reduction": 0.0, "fpem/gci_nonedge_dep_before_C": 0.0, "fpem/gci_nonedge_dep_after_C": 0.0, "fpem/gci_nonedge_dep_reduction": 0.0, "fpem/gci_edge_dep_before_C": 0.0, "fpem/gci_edge_dep_after_C": 0.0, "fpem/gci_nonedge_count": 0.0, "fpem/gci_edge_count": 0.0, "fpem/gci_node_count": 0.0, "fpem/gci_node_vector_dim": 0.0, "fpem/gci_graph_embed_dim": 0.0, "fpem/gci_graph_embedding_norm_before": 0.0, "fpem/gci_graph_embedding_norm_after": 0.0, "fpem/gci_graph_embedding_std_before": 0.0, "fpem/gci_graph_embedding_std_after": 0.0, "fpem/gci_graph_adj_mean_before": 0.0, "fpem/gci_graph_adj_mean_after": 0.0, "fpem/gci_graph_adj_std_before": 0.0, "fpem/gci_graph_adj_std_after": 0.0, "fpem/gci_graph_align_weight": 0.0, "fpem/gci_graph_align_raw_mse": 0.0, "fpem/gci_graph_align_normalized": 0.0, "fpem/gci_edge_preserve_beta": 0.0, "fpem/gci_graph_align_target_available": 0.0, "fpem/gci_target_adj_mean": 0.0, "fpem/gci_target_adj_std": 0.0, "fpem/gci_target_edge_mean": 0.0, "fpem/gci_target_nonedge_mean": 0.0, "fpem/gci_target_diag_mean": 0.0, "fpem/gci_graph_align_updates_agcrn": 0.0, "fpem/gci_updates_graph_linear": 0.0, "fpem/gci_graph_construction_agcrn_softmax": 0.0, "fpem/scd_assoc_before_C": 0.0, "fpem/scd_assoc_after_C": 0.0, "fpem/scd_assoc_reduction": 0.0, "fpem/scd_relative_violation": 0.0, "fpem/sample_assoc_before_C": 0.0, "fpem/sample_assoc_after_C": 0.0, "fpem/sample_assoc_reduction": 0.0, "fpem/sample_dep_before_C": 0.0, "fpem/sample_dep_after_C": 0.0, "fpem/sample_dep_reduction": 0.0, "fpem/scd_batch_size": 0.0, "fpem/scd_sample_vector_dim": 0.0, "fpem/sample_kernel_alignment": 0.0, "fpem/scd_alignment_loss": 0.0, "fpem/load_level_experts_enabled": 1.0, "fpem/load_level_uses_target_or_future_load": 0.0, "fpem/environment_gate_uses_target_in_forward": 0.0, "fpem/load_level_env_residual_scale": 0.0, "fpem/uses_cached_observable_load_prior": 1.0, "fpem/primary_loss": 9.046467644827706, "fpem/inv_pred_loss": 9.21595668338594, "fpem/primary_uses_route": 1.0, "fpem/primary_uses_env_fusion": 0.0, "fpem/backbone_agcrn": 1.0, "fpem/backbone_graphwavenet": 0.0, "fpem/backbone_staeformer": 0.0, "fpem/gc_pred_loss_only": 1.0, "fpem/env_route_head_mode_hyper_proto": 1.0, "fpem/fpem_force_uniform_route": 0.0, "fpem/hard_prediction_sinkhorn_total_replaces_primary": 0.0, "fpem/hard_prediction_environment_sinkhorn_total_replaces_primary": 0.0, "fpem/warmup_risk_sinkhorn_total_replaces_primary": 0.0, "fpem/lambda_club_mi": 0.0}}
EPOCH {"epoch": 26, "train_loss": 1.2595353643099467, "val": {"loss": 11.877742025587294, "mae": 11.672467231750488, "mape": 0.1852278858423233}, "test_mixed": {"loss": NaN, "mae": NaN, "mape": NaN}, "test_workday": {"loss": NaN, "mae": NaN, "mape": NaN}, "test_holiday": {"loss": NaN, "mae": NaN, "mape": NaN}, "test_avg_mae": NaN, "best_selection_value": 11.877742025587294, "best_selection_split": "val", "best_selection_metric": "val_loss", "lr": 0.001, "fpem_logs": {"fpem/fpem_env_use_exogenous": 1.0, "fpem/env_exogenous_available": 1.0, "fpem/env_exogenous_time_available": 1.0, "fpem/env_exogenous_load_available": 1.0, "fpem/env_exogenous_feature_dim": 32.0, "fpem/env_exogenous_embedding_norm": 2.7352162293025426, "fpem/env_exogenous_load_embedding_norm": 1.9391578265598841, "fpem/env_rep_ablation_normal": 1.0, "fpem/env_rep_ablation_zero": 0.0, "fpem/env_rep_ablation_shuffle_batch": 0.0, "fpem/env_rep_ablation_mode_id": 0.0, "fpem/mask_loss": 0.0, "fpem/mask_sparse_loss": 0.0, "fpem/mask_entropy_loss": 0.0, "fpem/mask_mean": 1.0, "fpem/mask_entropy": 0.0, "fpem/mask_active_ratio": 1.0, "fpem/fusion_alpha_mean": 0.0, "fpem/fusion_alpha_std": 0.0, "fpem/fusion_alpha_min": 0.0, "fpem/fusion_alpha_max": 0.0, "fpem/env_route_loss": 1.2595353643099467, "fpem/env_route_L_final": 9.04586759748913, "fpem/env_route_L_global": 0.0, "fpem/env_route_L_route_soft": 0.0, "fpem/env_route_L_expert": 9.458251258305141, "fpem/env_route_L_router_oracle": 1.2595353643099467, "fpem/env_route_L_balance": 0.0, "fpem/env_route_L_diverse": 0.0, "fpem/env_route_L_proto_align": 0.0, "fpem/env_route_entropy": 0.0, "fpem/env_route_q_max_mean": 0.0, "fpem/hyper_alpha_mean": 0.0, "fpem/hyper_delta_norm": 0.0, "fpem/hyper_route_proto_mode_uniform_warmup": 0.0, "fpem/hyper_route_proto_mode_uniform_fixed": 0.0, "fpem/hyper_route_proto_mode_sinkhorn": 0.0, "fpem/hyper_route_proto_mode_softmax": 0.0, "fpem/fallback_q_mean": 0.0, "fpem/fallback_q_max": 0.0, "fpem/env_q_sum_mean": 1.0, "fpem/oracle_fallback_rate": 0.0, "fpem/route_count_fallback": 0.0, "fpem/env_route_head_mode": 1.0, "fpem/route_entropy_mean": 0.0, "fpem/route_mean_distribution_entropy": 0.0, "fpem/effective_expert_number": 1.0, "fpem/max_expert_usage_ratio": 0.0, "fpem/min_expert_usage_ratio": 0.0, "fpem/prototype_pairwise_cosine": 0.0, "fpem/expert_prediction_pairwise_cosine": 0.0, "fpem/expert_collapse_warning": 0.0, "fpem/env_route_target_mode_env_prototype": 0.0, "fpem/env_route_target_mode_hybrid": 0.0, "fpem/env_route_hybrid_alpha": 0.0, "fpem/env_route_train_mode_warmup_risk_sinkhorn": 0.0, "fpem/warmup_risk_stage_warmup": 0.0, "fpem/warmup_risk_stage_soft": 0.0, "fpem/warmup_risk_stage_hard": 0.0, "fpem/warmup_risk_selected_loss": 0.0, "fpem/warmup_risk_uniform_common_loss": 0.0, "fpem/warmup_risk_lambda_common": 0.0, "fpem/warmup_risk_total_common_term": 0.0, "fpem/warmup_risk_temperature": 0.0, "fpem/warmup_risk_temperature_progress": 0.0, "fpem/uniform_expert_mae": 0.0, "fpem/risk_routed_mae": 0.0, "fpem/risk_prediction_mae": 0.0, "fpem/risk_loss": 0.0, "fpem/risk_ranking_loss": 0.0, "fpem/risk_ranking_accuracy": 0.0, "fpem/risk_oracle_argmin_accuracy": 0.0, "fpem/risk_router_temperature": 0.0, "fpem/risk_router_lambda": 0.0, "fpem/risk_router_pairwise_lambda": 0.0, "fpem/env_route_train_mode_progressive_gmm_environment": 0.0, "fpem/top_level_prediction_source_progressive_gmm_teacher_hard": 0.0, "fpem/progressive_assignment_uses_target_or_prediction_error": 0.0, "fpem/progressive_partition_ready": 0.0, "fpem/progressive_selected_k": 0.0, "fpem/progressive_active_expert_count": 0.0, "fpem/progressive_last_partition_epoch": 0.0, "fpem/progressive_lambda_common": 0.0, "fpem/progressive_common_term": 0.0, "fpem/progressive_compactness_loss": 0.0, "fpem/progressive_consistency_loss": 0.0, "fpem/progressive_cluster_entropy": 0.0, "fpem/progressive_assignment_change_ratio": 0.0, "fpem/progressive_hungarian_overlap_score": 0.0, "fpem/progressive_partition_update_time_sec": 0.0, "fpem/progressive_routed_mae": 0.0, "fpem/progressive_gmm_environment_total_replaces_primary": 0.0, "fpem/env_route_count_head_0": 16.0, "fpem/env_route_oracle_count_head_0": 16.0, "fpem/route_count_env_head_0": 16.0, "fpem/route_soft_mean_expert_0": 1.0, "fpem/route_hard_count_expert_0": 16.0, "fpem/hard_count_expert_0": 16.0, "fpem/sinkhorn_soft_col_mass_expert_0": 0.0, "fpem/progressive_active_expert_0": 0.0, "fpem/progressive_cluster_size_0": 0.0, "fpem/progressive_cluster_ratio_0": 0.0, "fpem/progressive_cluster_to_expert_0": 0.0, "fpem/progressive_bic_k1": 0.0, "fpem/progressive_bic_score_k1": 0.0, "fpem/progressive_bic_rejected_k1": 0.0, "fpem/hyper_alpha_head_0": 0.0, "fpem/hyper_gamma_norm_head_0": 0.0, "fpem/hyper_beta_norm_head_0": 0.0, "fpem/expert_cross_mae_group_0_expert_0": 9.458251258305141, "fpem/load_expert_loss": 9.458251258305141, "fpem/counterfactual_risk_router_loss": 1.2595353643099467, "fpem/counterfactual_risk_regression_loss": 0.9113662748109727, "fpem/counterfactual_risk_ranking_loss": 0.6963381588459014, "fpem/load_level_assignment_detached": 1.0, "fpem/load_level_count_0": 1680.0, "fpem/load_level_ratio_0": 1.0, "fpem/expert_0_global_loss": 9.458251258305141, "fpem/expert_0_selected_loss": 9.458251258305141, "fpem/counterfactual_risk_stage2_active": 1.0, "fpem/counterfactual_risk_stage2_start_epoch": 20.0, "fpem/counterfactual_risk_all_environment_mae": 9.458251258305141, "fpem/counterfactual_risk_all_invariant_mae": 9.662237471625918, "fpem/counterfactual_risk_routed_mae": 9.537589922405424, "fpem/counterfactual_risk_oracle_mae": 9.394865167708623, "fpem/counterfactual_risk_router_accuracy": 0.5398809523809524, "fpem/counterfactual_risk_router_balanced_accuracy": 0.5424687995797112, "fpem/counterfactual_risk_inv_route_ratio": 0.4886904761904762, "fpem/counterfactual_risk_env_route_ratio": 0.5113095238095238, "fpem/counterfactual_risk_inv_switch_precision": 0.3244959856782641, "fpem/counterfactual_risk_correct_inv_switches": 2.5714285714285716, "fpem/counterfactual_risk_harmful_inv_switches": 5.247619047619048, "fpem/counterfactual_risk_saved_loss": 0.03458433463459923, "fpem/counterfactual_risk_added_loss": 0.11392293402126857, "fpem/counterfactual_risk_net_gain": -0.07933866410028367, "fpem/counterfactual_risk_regret": 0.1427247546968006, "fpem/counterfactual_risk_oracle_gap_closed": -2.833424613057148, "fpem/counterfactual_risk_delta_mean": -0.20398622169381098, "fpem/counterfactual_risk_target_inv_ratio": 0.29285714285714287, "fpem/counterfactual_risk_weight_env_sum": 7.9999999455043245, "fpem/counterfactual_risk_weight_inv_sum": 7.99999996366955, "fpem/counterfactual_risk_prediction_is_hard_route": 1.0, "fpem/counterfactual_risk_prediction_is_soft_fusion": 0.0, "fpem/counterfactual_risk_target_detached": 1.0, "fpem/counterfactual_risk_uses_threshold": 0.0, "fpem/counterfactual_risk_all_samples_used_for_router": 1.0, "fpem/hard_router_predicted_env_ratio": 0.5113095238095238, "fpem/hard_router_effective_env_ratio": 1.0, "fpem/hard_router_target_env_ratio": 0.7071428571428572, "fpem/hard_router_gain_mean": -0.20398622169381098, "fpem/expert_prediction_pairwise_difference": 0.0, "fpem/delta_pairwise_cosine": 0.0, "fpem/delta_pairwise_l1": 0.0, "fpem/delta_pairwise_l2": 0.0, "fpem/expert_0_parameter_norm": 14.900517463684082, "fpem/hard_binary_router_enabled": 0.0, "fpem/hard_router_uses_target_in_forward": 0.0, "fpem/stored_future_c_loaded": 0.0, "fpem/prediction_is_weighted_complete_fusion": 0.0, "fpem/prediction_is_hard_route": 1.0, "fpem/conservative_inv_override_enabled": 0.0, "fpem/conservative_router_features_detached": 1.0, "fpem/counterfactual_risk_router_enabled": 1.0, "fpem/counterfactual_risk_stage2_active_forward": 1.0, "fpem/counterfactual_risk_deploy_route_active": 0.0, "fpem/counterfactual_risk_training_uses_route": 0.0, "fpem/counterfactual_risk_forward_uses_threshold": 0.0, "fpem/future_mi_loss": 0.0, "fpem/future_mi_valid": 0.0, "fpem/future_mi_logvar_mean": 0.0, "fpem/future_mi_target_mode_env_encoder": 0.0, "fpem/swap_loss": 0.0, "fpem/swap_diff_loss": 0.0, "fpem/swap_same_loss": 0.0, "fpem/swap_gain_mean": 0.0, "fpem/swap_s_gain_mean": 0.0, "fpem/swap_fallback_router_loss": 0.0, "fpem/swap_fallback_q_mean": 0.0, "fpem/swap_prediction_delta": 0.0, "fpem/swap_route_delta": 0.0, "fpem/swap_hyper_alpha_delta": 0.0, "fpem/swap_hyper_delta_norm": 0.0, "fpem/loss_env_day": 0.0, "fpem/loss_env_hour": 0.0, "fpem/loss_env_rush": 0.0, "fpem/env_day_acc": 0.0, "fpem/env_hour_acc": 0.0, "fpem/env_rush_acc": 0.0, "fpem/loss_env_supcon": 0.0, "fpem/env_supcon_valid_pairs": 0.0, "fpem/loss_inv_env_adv": 0.0, "fpem/inv_day_acc": 0.0, "fpem/inv_hour_acc": 0.0, "fpem/inv_rush_acc": 0.0, "fpem/loss_cross_cov_sep": 0.0, "fpem/confounder_dep_enabled": 0.0, "fpem/confounder_dep_mode_gci": 1.0, "fpem/confounder_dep_mode_scd": 0.0, "fpem/confounder_dep_mode_both": 0.0, "fpem/confounder_dep_total": 0.0, "fpem/loss_gci": 0.0, "fpem/loss_gci_drop": 0.0, "fpem/loss_gci_keep": 0.0, "fpem/loss_gci_graph_align": 0.0, "fpem/loss_scd": 0.0, "fpem/loss_conf_kl": 0.0, "fpem/effective_gci_weight": 0.0, "fpem/effective_gci_graph_align_weight": 0.0, "fpem/effective_scd_weight": 0.0, "fpem/effective_conf_kl_weight": 0.0, "fpem/confounder_dep_ramp_factor": 0.0, "fpem/C_mean": 0.0, "fpem/C_std": 0.0, "fpem/C_norm": 0.0, "fpem/confounder_token_norm": 0.0, "fpem/confounder_variational": 0.0, "fpem/confounder_projection_trace": 0.0, "fpem/confounder_projection_ridge": 0.0, "fpem/confounder_projection_rank_dim": 0.0, "fpem/confounder_projection_calls": 0.0, "fpem/confounder_dep_detach_target": 0.0, "fpem/gci_nonedge_mass_before_C": 0.0, "fpem/gci_nonedge_mass_after_C": 0.0, "fpem/gci_nonedge_mass_reduction": 0.0, "fpem/gci_relative_violation": 0.0, "fpem/gci_edge_before_C": 0.0, "fpem/gci_edge_after_C": 0.0, "fpem/gci_nonedge_conn_before_C": 0.0, "fpem/gci_nonedge_conn_after_C": 0.0, "fpem/gci_nonedge_conn_reduction": 0.0, "fpem/gci_edge_conn_before_C": 0.0, "fpem/gci_edge_conn_after_C": 0.0, "fpem/gci_edge_conn_reduction": 0.0, "fpem/gci_nonedge_dep_before_C": 0.0, "fpem/gci_nonedge_dep_after_C": 0.0, "fpem/gci_nonedge_dep_reduction": 0.0, "fpem/gci_edge_dep_before_C": 0.0, "fpem/gci_edge_dep_after_C": 0.0, "fpem/gci_nonedge_count": 0.0, "fpem/gci_edge_count": 0.0, "fpem/gci_node_count": 0.0, "fpem/gci_node_vector_dim": 0.0, "fpem/gci_graph_embed_dim": 0.0, "fpem/gci_graph_embedding_norm_before": 0.0, "fpem/gci_graph_embedding_norm_after": 0.0, "fpem/gci_graph_embedding_std_before": 0.0, "fpem/gci_graph_embedding_std_after": 0.0, "fpem/gci_graph_adj_mean_before": 0.0, "fpem/gci_graph_adj_mean_after": 0.0, "fpem/gci_graph_adj_std_before": 0.0, "fpem/gci_graph_adj_std_after": 0.0, "fpem/gci_graph_align_weight": 0.0, "fpem/gci_graph_align_raw_mse": 0.0, "fpem/gci_graph_align_normalized": 0.0, "fpem/gci_edge_preserve_beta": 0.0, "fpem/gci_graph_align_target_available": 0.0, "fpem/gci_target_adj_mean": 0.0, "fpem/gci_target_adj_std": 0.0, "fpem/gci_target_edge_mean": 0.0, "fpem/gci_target_nonedge_mean": 0.0, "fpem/gci_target_diag_mean": 0.0, "fpem/gci_graph_align_updates_agcrn": 0.0, "fpem/gci_updates_graph_linear": 0.0, "fpem/gci_graph_construction_agcrn_softmax": 0.0, "fpem/scd_assoc_before_C": 0.0, "fpem/scd_assoc_after_C": 0.0, "fpem/scd_assoc_reduction": 0.0, "fpem/scd_relative_violation": 0.0, "fpem/sample_assoc_before_C": 0.0, "fpem/sample_assoc_after_C": 0.0, "fpem/sample_assoc_reduction": 0.0, "fpem/sample_dep_before_C": 0.0, "fpem/sample_dep_after_C": 0.0, "fpem/sample_dep_reduction": 0.0, "fpem/scd_batch_size": 0.0, "fpem/scd_sample_vector_dim": 0.0, "fpem/sample_kernel_alignment": 0.0, "fpem/scd_alignment_loss": 0.0, "fpem/load_level_experts_enabled": 1.0, "fpem/load_level_uses_target_or_future_load": 0.0, "fpem/environment_gate_uses_target_in_forward": 0.0, "fpem/load_level_env_residual_scale": 0.0, "fpem/uses_cached_observable_load_prior": 1.0, "fpem/primary_loss": 9.04586759748913, "fpem/inv_pred_loss": 9.214897201174782, "fpem/primary_uses_route": 1.0, "fpem/primary_uses_env_fusion": 0.0, "fpem/backbone_agcrn": 1.0, "fpem/backbone_graphwavenet": 0.0, "fpem/backbone_staeformer": 0.0, "fpem/gc_pred_loss_only": 1.0, "fpem/env_route_head_mode_hyper_proto": 1.0, "fpem/fpem_force_uniform_route": 0.0, "fpem/hard_prediction_sinkhorn_total_replaces_primary": 0.0, "fpem/hard_prediction_environment_sinkhorn_total_replaces_primary": 0.0, "fpem/warmup_risk_sinkhorn_total_replaces_primary": 0.0, "fpem/lambda_club_mi": 0.0}}
EPOCH {"epoch": 27, "train_loss": 1.3915928732781184, "val": {"loss": 11.883047739664713, "mae": 11.675639152526855, "mape": 0.18437694013118744}, "test_mixed": {"loss": NaN, "mae": NaN, "mape": NaN}, "test_workday": {"loss": NaN, "mae": NaN, "mape": NaN}, "test_holiday": {"loss": NaN, "mae": NaN, "mape": NaN}, "test_avg_mae": NaN, "best_selection_value": 11.883047739664713, "best_selection_split": "val", "best_selection_metric": "val_loss", "lr": 0.001, "fpem_logs": {"fpem/fpem_env_use_exogenous": 1.0, "fpem/env_exogenous_available": 1.0, "fpem/env_exogenous_time_available": 1.0, "fpem/env_exogenous_load_available": 1.0, "fpem/env_exogenous_feature_dim": 32.0, "fpem/env_exogenous_embedding_norm": 2.7352162270318896, "fpem/env_exogenous_load_embedding_norm": 1.9391578288305373, "fpem/env_rep_ablation_normal": 1.0, "fpem/env_rep_ablation_zero": 0.0, "fpem/env_rep_ablation_shuffle_batch": 0.0, "fpem/env_rep_ablation_mode_id": 0.0, "fpem/mask_loss": 0.0, "fpem/mask_sparse_loss": 0.0, "fpem/mask_entropy_loss": 0.0, "fpem/mask_mean": 1.0, "fpem/mask_entropy": 0.0, "fpem/mask_active_ratio": 1.0, "fpem/fusion_alpha_mean": 0.0, "fpem/fusion_alpha_std": 0.0, "fpem/fusion_alpha_min": 0.0, "fpem/fusion_alpha_max": 0.0, "fpem/env_route_loss": 1.3915928732781184, "fpem/env_route_L_final": 9.054000364031111, "fpem/env_route_L_global": 0.0, "fpem/env_route_L_route_soft": 0.0, "fpem/env_route_L_expert": 9.458296603248233, "fpem/env_route_L_router_oracle": 1.3915928732781184, "fpem/env_route_L_balance": 0.0, "fpem/env_route_L_diverse": 0.0, "fpem/env_route_L_proto_align": 0.0, "fpem/env_route_entropy": 0.0, "fpem/env_route_q_max_mean": 0.0, "fpem/hyper_alpha_mean": 0.0, "fpem/hyper_delta_norm": 0.0, "fpem/hyper_route_proto_mode_uniform_warmup": 0.0, "fpem/hyper_route_proto_mode_uniform_fixed": 0.0, "fpem/hyper_route_proto_mode_sinkhorn": 0.0, "fpem/hyper_route_proto_mode_softmax": 0.0, "fpem/fallback_q_mean": 0.0, "fpem/fallback_q_max": 0.0, "fpem/env_q_sum_mean": 1.0, "fpem/oracle_fallback_rate": 0.0, "fpem/route_count_fallback": 0.0, "fpem/env_route_head_mode": 1.0, "fpem/route_entropy_mean": 0.0, "fpem/route_mean_distribution_entropy": 0.0, "fpem/effective_expert_number": 1.0, "fpem/max_expert_usage_ratio": 0.0, "fpem/min_expert_usage_ratio": 0.0, "fpem/prototype_pairwise_cosine": 0.0, "fpem/expert_prediction_pairwise_cosine": 0.0, "fpem/expert_collapse_warning": 0.0, "fpem/env_route_target_mode_env_prototype": 0.0, "fpem/env_route_target_mode_hybrid": 0.0, "fpem/env_route_hybrid_alpha": 0.0, "fpem/env_route_train_mode_warmup_risk_sinkhorn": 0.0, "fpem/warmup_risk_stage_warmup": 0.0, "fpem/warmup_risk_stage_soft": 0.0, "fpem/warmup_risk_stage_hard": 0.0, "fpem/warmup_risk_selected_loss": 0.0, "fpem/warmup_risk_uniform_common_loss": 0.0, "fpem/warmup_risk_lambda_common": 0.0, "fpem/warmup_risk_total_common_term": 0.0, "fpem/warmup_risk_temperature": 0.0, "fpem/warmup_risk_temperature_progress": 0.0, "fpem/uniform_expert_mae": 0.0, "fpem/risk_routed_mae": 0.0, "fpem/risk_prediction_mae": 0.0, "fpem/risk_loss": 0.0, "fpem/risk_ranking_loss": 0.0, "fpem/risk_ranking_accuracy": 0.0, "fpem/risk_oracle_argmin_accuracy": 0.0, "fpem/risk_router_temperature": 0.0, "fpem/risk_router_lambda": 0.0, "fpem/risk_router_pairwise_lambda": 0.0, "fpem/env_route_train_mode_progressive_gmm_environment": 0.0, "fpem/top_level_prediction_source_progressive_gmm_teacher_hard": 0.0, "fpem/progressive_assignment_uses_target_or_prediction_error": 0.0, "fpem/progressive_partition_ready": 0.0, "fpem/progressive_selected_k": 0.0, "fpem/progressive_active_expert_count": 0.0, "fpem/progressive_last_partition_epoch": 0.0, "fpem/progressive_lambda_common": 0.0, "fpem/progressive_common_term": 0.0, "fpem/progressive_compactness_loss": 0.0, "fpem/progressive_consistency_loss": 0.0, "fpem/progressive_cluster_entropy": 0.0, "fpem/progressive_assignment_change_ratio": 0.0, "fpem/progressive_hungarian_overlap_score": 0.0, "fpem/progressive_partition_update_time_sec": 0.0, "fpem/progressive_routed_mae": 0.0, "fpem/progressive_gmm_environment_total_replaces_primary": 0.0, "fpem/env_route_count_head_0": 16.0, "fpem/env_route_oracle_count_head_0": 16.0, "fpem/route_count_env_head_0": 16.0, "fpem/route_soft_mean_expert_0": 1.0, "fpem/route_hard_count_expert_0": 16.0, "fpem/hard_count_expert_0": 16.0, "fpem/sinkhorn_soft_col_mass_expert_0": 0.0, "fpem/progressive_active_expert_0": 0.0, "fpem/progressive_cluster_size_0": 0.0, "fpem/progressive_cluster_ratio_0": 0.0, "fpem/progressive_cluster_to_expert_0": 0.0, "fpem/progressive_bic_k1": 0.0, "fpem/progressive_bic_score_k1": 0.0, "fpem/progressive_bic_rejected_k1": 0.0, "fpem/hyper_alpha_head_0": 0.0, "fpem/hyper_gamma_norm_head_0": 0.0, "fpem/hyper_beta_norm_head_0": 0.0, "fpem/expert_cross_mae_group_0_expert_0": 9.458296603248233, "fpem/load_expert_loss": 9.458296603248233, "fpem/counterfactual_risk_router_loss": 1.3915928732781184, "fpem/counterfactual_risk_regression_loss": 1.0281259330965224, "fpem/counterfactual_risk_ranking_loss": 0.7269338846206665, "fpem/load_level_assignment_detached": 1.0, "fpem/load_level_count_0": 1680.0, "fpem/load_level_ratio_0": 1.0, "fpem/expert_0_global_loss": 9.458296603248233, "fpem/expert_0_selected_loss": 9.458296603248233, "fpem/counterfactual_risk_stage2_active": 1.0, "fpem/counterfactual_risk_stage2_start_epoch": 20.0, "fpem/counterfactual_risk_all_environment_mae": 9.458296603248233, "fpem/counterfactual_risk_all_invariant_mae": 9.662237557910737, "fpem/counterfactual_risk_routed_mae": 9.54859688622611, "fpem/counterfactual_risk_oracle_mae": 9.394893537248883, "fpem/counterfactual_risk_router_accuracy": 0.506547619047619, "fpem/counterfactual_risk_router_balanced_accuracy": 0.5069999446471533, "fpem/counterfactual_risk_inv_route_ratio": 0.5101190476190476, "fpem/counterfactual_risk_env_route_ratio": 0.48988095238095236, "fpem/counterfactual_risk_inv_switch_precision": 0.29031254947185514, "fpem/counterfactual_risk_correct_inv_switches": 2.4761904761904763, "fpem/counterfactual_risk_harmful_inv_switches": 5.685714285714286, "fpem/counterfactual_risk_saved_loss": 0.03133342876320794, "fpem/counterfactual_risk_added_loss": 0.12163373288654146, "fpem/counterfactual_risk_net_gain": -0.0903002829778762, "fpem/counterfactual_risk_regret": 0.15370334897722518, "fpem/counterfactual_risk_oracle_gap_closed": -4.674902507911126, "fpem/counterfactual_risk_delta_mean": -0.20394091166201092, "fpem/counterfactual_risk_target_inv_ratio": 0.29285714285714287, "fpem/counterfactual_risk_weight_env_sum": 7.999999931880406, "fpem/counterfactual_risk_weight_inv_sum": 7.99999996366955, "fpem/counterfactual_risk_prediction_is_hard_route": 1.0, "fpem/counterfactual_risk_prediction_is_soft_fusion": 0.0, "fpem/counterfactual_risk_target_detached": 1.0, "fpem/counterfactual_risk_uses_threshold": 0.0, "fpem/counterfactual_risk_all_samples_used_for_router": 1.0, "fpem/hard_router_predicted_env_ratio": 0.48988095238095236, "fpem/hard_router_effective_env_ratio": 1.0, "fpem/hard_router_target_env_ratio": 0.7071428571428572, "fpem/hard_router_gain_mean": -0.20394091166201092, "fpem/expert_prediction_pairwise_difference": 0.0, "fpem/delta_pairwise_cosine": 0.0, "fpem/delta_pairwise_l1": 0.0, "fpem/delta_pairwise_l2": 0.0, "fpem/expert_0_parameter_norm": 14.900517463684082, "fpem/hard_binary_router_enabled": 0.0, "fpem/hard_router_uses_target_in_forward": 0.0, "fpem/stored_future_c_loaded": 0.0, "fpem/prediction_is_weighted_complete_fusion": 0.0, "fpem/prediction_is_hard_route": 1.0, "fpem/conservative_inv_override_enabled": 0.0, "fpem/conservative_router_features_detached": 1.0, "fpem/counterfactual_risk_router_enabled": 1.0, "fpem/counterfactual_risk_stage2_active_forward": 1.0, "fpem/counterfactual_risk_deploy_route_active": 0.0, "fpem/counterfactual_risk_training_uses_route": 0.0, "fpem/counterfactual_risk_forward_uses_threshold": 0.0, "fpem/future_mi_loss": 0.0, "fpem/future_mi_valid": 0.0, "fpem/future_mi_logvar_mean": 0.0, "fpem/future_mi_target_mode_env_encoder": 0.0, "fpem/swap_loss": 0.0, "fpem/swap_diff_loss": 0.0, "fpem/swap_same_loss": 0.0, "fpem/swap_gain_mean": 0.0, "fpem/swap_s_gain_mean": 0.0, "fpem/swap_fallback_router_loss": 0.0, "fpem/swap_fallback_q_mean": 0.0, "fpem/swap_prediction_delta": 0.0, "fpem/swap_route_delta": 0.0, "fpem/swap_hyper_alpha_delta": 0.0, "fpem/swap_hyper_delta_norm": 0.0, "fpem/loss_env_day": 0.0, "fpem/loss_env_hour": 0.0, "fpem/loss_env_rush": 0.0, "fpem/env_day_acc": 0.0, "fpem/env_hour_acc": 0.0, "fpem/env_rush_acc": 0.0, "fpem/loss_env_supcon": 0.0, "fpem/env_supcon_valid_pairs": 0.0, "fpem/loss_inv_env_adv": 0.0, "fpem/inv_day_acc": 0.0, "fpem/inv_hour_acc": 0.0, "fpem/inv_rush_acc": 0.0, "fpem/loss_cross_cov_sep": 0.0, "fpem/confounder_dep_enabled": 0.0, "fpem/confounder_dep_mode_gci": 1.0, "fpem/confounder_dep_mode_scd": 0.0, "fpem/confounder_dep_mode_both": 0.0, "fpem/confounder_dep_total": 0.0, "fpem/loss_gci": 0.0, "fpem/loss_gci_drop": 0.0, "fpem/loss_gci_keep": 0.0, "fpem/loss_gci_graph_align": 0.0, "fpem/loss_scd": 0.0, "fpem/loss_conf_kl": 0.0, "fpem/effective_gci_weight": 0.0, "fpem/effective_gci_graph_align_weight": 0.0, "fpem/effective_scd_weight": 0.0, "fpem/effective_conf_kl_weight": 0.0, "fpem/confounder_dep_ramp_factor": 0.0, "fpem/C_mean": 0.0, "fpem/C_std": 0.0, "fpem/C_norm": 0.0, "fpem/confounder_token_norm": 0.0, "fpem/confounder_variational": 0.0, "fpem/confounder_projection_trace": 0.0, "fpem/confounder_projection_ridge": 0.0, "fpem/confounder_projection_rank_dim": 0.0, "fpem/confounder_projection_calls": 0.0, "fpem/confounder_dep_detach_target": 0.0, "fpem/gci_nonedge_mass_before_C": 0.0, "fpem/gci_nonedge_mass_after_C": 0.0, "fpem/gci_nonedge_mass_reduction": 0.0, "fpem/gci_relative_violation": 0.0, "fpem/gci_edge_before_C": 0.0, "fpem/gci_edge_after_C": 0.0, "fpem/gci_nonedge_conn_before_C": 0.0, "fpem/gci_nonedge_conn_after_C": 0.0, "fpem/gci_nonedge_conn_reduction": 0.0, "fpem/gci_edge_conn_before_C": 0.0, "fpem/gci_edge_conn_after_C": 0.0, "fpem/gci_edge_conn_reduction": 0.0, "fpem/gci_nonedge_dep_before_C": 0.0, "fpem/gci_nonedge_dep_after_C": 0.0, "fpem/gci_nonedge_dep_reduction": 0.0, "fpem/gci_edge_dep_before_C": 0.0, "fpem/gci_edge_dep_after_C": 0.0, "fpem/gci_nonedge_count": 0.0, "fpem/gci_edge_count": 0.0, "fpem/gci_node_count": 0.0, "fpem/gci_node_vector_dim": 0.0, "fpem/gci_graph_embed_dim": 0.0, "fpem/gci_graph_embedding_norm_before": 0.0, "fpem/gci_graph_embedding_norm_after": 0.0, "fpem/gci_graph_embedding_std_before": 0.0, "fpem/gci_graph_embedding_std_after": 0.0, "fpem/gci_graph_adj_mean_before": 0.0, "fpem/gci_graph_adj_mean_after": 0.0, "fpem/gci_graph_adj_std_before": 0.0, "fpem/gci_graph_adj_std_after": 0.0, "fpem/gci_graph_align_weight": 0.0, "fpem/gci_graph_align_raw_mse": 0.0, "fpem/gci_graph_align_normalized": 0.0, "fpem/gci_edge_preserve_beta": 0.0, "fpem/gci_graph_align_target_available": 0.0, "fpem/gci_target_adj_mean": 0.0, "fpem/gci_target_adj_std": 0.0, "fpem/gci_target_edge_mean": 0.0, "fpem/gci_target_nonedge_mean": 0.0, "fpem/gci_target_diag_mean": 0.0, "fpem/gci_graph_align_updates_agcrn": 0.0, "fpem/gci_updates_graph_linear": 0.0, "fpem/gci_graph_construction_agcrn_softmax": 0.0, "fpem/scd_assoc_before_C": 0.0, "fpem/scd_assoc_after_C": 0.0, "fpem/scd_assoc_reduction": 0.0, "fpem/scd_relative_violation": 0.0, "fpem/sample_assoc_before_C": 0.0, "fpem/sample_assoc_after_C": 0.0, "fpem/sample_assoc_reduction": 0.0, "fpem/sample_dep_before_C": 0.0, "fpem/sample_dep_after_C": 0.0, "fpem/sample_dep_reduction": 0.0, "fpem/scd_batch_size": 0.0, "fpem/scd_sample_vector_dim": 0.0, "fpem/sample_kernel_alignment": 0.0, "fpem/scd_alignment_loss": 0.0, "fpem/load_level_experts_enabled": 1.0, "fpem/load_level_uses_target_or_future_load": 0.0, "fpem/environment_gate_uses_target_in_forward": 0.0, "fpem/load_level_env_residual_scale": 0.0, "fpem/uses_cached_observable_load_prior": 1.0, "fpem/primary_loss": 9.054000364031111, "fpem/inv_pred_loss": 9.222904645828974, "fpem/primary_uses_route": 1.0, "fpem/primary_uses_env_fusion": 0.0, "fpem/backbone_agcrn": 1.0, "fpem/backbone_graphwavenet": 0.0, "fpem/backbone_staeformer": 0.0, "fpem/gc_pred_loss_only": 1.0, "fpem/env_route_head_mode_hyper_proto": 1.0, "fpem/fpem_force_uniform_route": 0.0, "fpem/hard_prediction_sinkhorn_total_replaces_primary": 0.0, "fpem/hard_prediction_environment_sinkhorn_total_replaces_primary": 0.0, "fpem/warmup_risk_sinkhorn_total_replaces_primary": 0.0, "fpem/lambda_club_mi": 0.0}}
EPOCH {"epoch": 28, "train_loss": 1.2526183644930522, "val": {"loss": 11.879449685414633, "mae": 11.675284385681152, "mape": 0.18554608523845673}, "test_mixed": {"loss": NaN, "mae": NaN, "mape": NaN}, "test_workday": {"loss": NaN, "mae": NaN, "mape": NaN}, "test_holiday": {"loss": NaN, "mae": NaN, "mape": NaN}, "test_avg_mae": NaN, "best_selection_value": 11.879449685414633, "best_selection_split": "val", "best_selection_metric": "val_loss", "lr": 0.001, "fpem_logs": {"fpem/fpem_env_use_exogenous": 1.0, "fpem/env_exogenous_available": 1.0, "fpem/env_exogenous_time_available": 1.0, "fpem/env_exogenous_load_available": 1.0, "fpem/env_exogenous_feature_dim": 32.0, "fpem/env_exogenous_embedding_norm": 2.735216254279727, "fpem/env_exogenous_load_embedding_norm": 1.9391578356424968, "fpem/env_rep_ablation_normal": 1.0, "fpem/env_rep_ablation_zero": 0.0, "fpem/env_rep_ablation_shuffle_batch": 0.0, "fpem/env_rep_ablation_mode_id": 0.0, "fpem/mask_loss": 0.0, "fpem/mask_sparse_loss": 0.0, "fpem/mask_entropy_loss": 0.0, "fpem/mask_mean": 1.0, "fpem/mask_entropy": 0.0, "fpem/mask_active_ratio": 1.0, "fpem/fusion_alpha_mean": 0.0, "fpem/fusion_alpha_std": 0.0, "fpem/fusion_alpha_min": 0.0, "fpem/fusion_alpha_max": 0.0, "fpem/env_route_loss": 1.2526183644930522, "fpem/env_route_L_final": 9.045344847724552, "fpem/env_route_L_global": 0.0, "fpem/env_route_L_route_soft": 0.0, "fpem/env_route_L_expert": 9.458281898498536, "fpem/env_route_L_router_oracle": 1.2526183644930522, "fpem/env_route_L_balance": 0.0, "fpem/env_route_L_diverse": 0.0, "fpem/env_route_L_proto_align": 0.0, "fpem/env_route_entropy": 0.0, "fpem/env_route_q_max_mean": 0.0, "fpem/hyper_alpha_mean": 0.0, "fpem/hyper_delta_norm": 0.0, "fpem/hyper_route_proto_mode_uniform_warmup": 0.0, "fpem/hyper_route_proto_mode_uniform_fixed": 0.0, "fpem/hyper_route_proto_mode_sinkhorn": 0.0, "fpem/hyper_route_proto_mode_softmax": 0.0, "fpem/fallback_q_mean": 0.0, "fpem/fallback_q_max": 0.0, "fpem/env_q_sum_mean": 1.0, "fpem/oracle_fallback_rate": 0.0, "fpem/route_count_fallback": 0.0, "fpem/env_route_head_mode": 1.0, "fpem/route_entropy_mean": 0.0, "fpem/route_mean_distribution_entropy": 0.0, "fpem/effective_expert_number": 1.0, "fpem/max_expert_usage_ratio": 0.0, "fpem/min_expert_usage_ratio": 0.0, "fpem/prototype_pairwise_cosine": 0.0, "fpem/expert_prediction_pairwise_cosine": 0.0, "fpem/expert_collapse_warning": 0.0, "fpem/env_route_target_mode_env_prototype": 0.0, "fpem/env_route_target_mode_hybrid": 0.0, "fpem/env_route_hybrid_alpha": 0.0, "fpem/env_route_train_mode_warmup_risk_sinkhorn": 0.0, "fpem/warmup_risk_stage_warmup": 0.0, "fpem/warmup_risk_stage_soft": 0.0, "fpem/warmup_risk_stage_hard": 0.0, "fpem/warmup_risk_selected_loss": 0.0, "fpem/warmup_risk_uniform_common_loss": 0.0, "fpem/warmup_risk_lambda_common": 0.0, "fpem/warmup_risk_total_common_term": 0.0, "fpem/warmup_risk_temperature": 0.0, "fpem/warmup_risk_temperature_progress": 0.0, "fpem/uniform_expert_mae": 0.0, "fpem/risk_routed_mae": 0.0, "fpem/risk_prediction_mae": 0.0, "fpem/risk_loss": 0.0, "fpem/risk_ranking_loss": 0.0, "fpem/risk_ranking_accuracy": 0.0, "fpem/risk_oracle_argmin_accuracy": 0.0, "fpem/risk_router_temperature": 0.0, "fpem/risk_router_lambda": 0.0, "fpem/risk_router_pairwise_lambda": 0.0, "fpem/env_route_train_mode_progressive_gmm_environment": 0.0, "fpem/top_level_prediction_source_progressive_gmm_teacher_hard": 0.0, "fpem/progressive_assignment_uses_target_or_prediction_error": 0.0, "fpem/progressive_partition_ready": 0.0, "fpem/progressive_selected_k": 0.0, "fpem/progressive_active_expert_count": 0.0, "fpem/progressive_last_partition_epoch": 0.0, "fpem/progressive_lambda_common": 0.0, "fpem/progressive_common_term": 0.0, "fpem/progressive_compactness_loss": 0.0, "fpem/progressive_consistency_loss": 0.0, "fpem/progressive_cluster_entropy": 0.0, "fpem/progressive_assignment_change_ratio": 0.0, "fpem/progressive_hungarian_overlap_score": 0.0, "fpem/progressive_partition_update_time_sec": 0.0, "fpem/progressive_routed_mae": 0.0, "fpem/progressive_gmm_environment_total_replaces_primary": 0.0, "fpem/env_route_count_head_0": 16.0, "fpem/env_route_oracle_count_head_0": 16.0, "fpem/route_count_env_head_0": 16.0, "fpem/route_soft_mean_expert_0": 1.0, "fpem/route_hard_count_expert_0": 16.0, "fpem/hard_count_expert_0": 16.0, "fpem/sinkhorn_soft_col_mass_expert_0": 0.0, "fpem/progressive_active_expert_0": 0.0, "fpem/progressive_cluster_size_0": 0.0, "fpem/progressive_cluster_ratio_0": 0.0, "fpem/progressive_cluster_to_expert_0": 0.0, "fpem/progressive_bic_k1": 0.0, "fpem/progressive_bic_score_k1": 0.0, "fpem/progressive_bic_rejected_k1": 0.0, "fpem/hyper_alpha_head_0": 0.0, "fpem/hyper_gamma_norm_head_0": 0.0, "fpem/hyper_beta_norm_head_0": 0.0, "fpem/expert_cross_mae_group_0_expert_0": 9.458281898498536, "fpem/load_expert_loss": 9.458281898498536, "fpem/counterfactual_risk_router_loss": 1.2526183644930522, "fpem/counterfactual_risk_regression_loss": 0.9076394705545334, "fpem/counterfactual_risk_ranking_loss": 0.6899577839033945, "fpem/load_level_assignment_detached": 1.0, "fpem/load_level_count_0": 1680.0, "fpem/load_level_ratio_0": 1.0, "fpem/expert_0_global_loss": 9.458281898498536, "fpem/expert_0_selected_loss": 9.458281898498536, "fpem/counterfactual_risk_stage2_active": 1.0, "fpem/counterfactual_risk_stage2_start_epoch": 20.0, "fpem/counterfactual_risk_all_environment_mae": 9.458281898498536, "fpem/counterfactual_risk_all_invariant_mae": 9.6622375306629, "fpem/counterfactual_risk_routed_mae": 9.529192910875594, "fpem/counterfactual_risk_oracle_mae": 9.394882152194068, "fpem/counterfactual_risk_router_accuracy": 0.5452380952380952, "fpem/counterfactual_risk_router_balanced_accuracy": 0.5252895549649284, "fpem/counterfactual_risk_inv_route_ratio": 0.4511904761904762, "fpem/counterfactual_risk_env_route_ratio": 0.5488095238095239, "fpem/counterfactual_risk_inv_switch_precision": 0.3177485011163212, "fpem/counterfactual_risk_correct_inv_switches": 2.3142857142857145, "fpem/counterfactual_risk_harmful_inv_switches": 4.904761904761905, "fpem/counterfactual_risk_saved_loss": 0.029947674700192044, "fpem/counterfactual_risk_added_loss": 0.1008586987143471, "fpem/counterfactual_risk_net_gain": -0.07091101237705776, "fpem/counterfactual_risk_regret": 0.13431075868152437, "fpem/counterfactual_risk_oracle_gap_closed": -2801.9409580888846, "fpem/counterfactual_risk_delta_mean": -0.2039556086063385, "fpem/counterfactual_risk_target_inv_ratio": 0.29285714285714287, "fpem/counterfactual_risk_weight_env_sum": 8.152380897885276, "fpem/counterfactual_risk_weight_inv_sum": 7.847618961334229, "fpem/counterfactual_risk_prediction_is_hard_route": 1.0, "fpem/counterfactual_risk_prediction_is_soft_fusion": 0.0, "fpem/counterfactual_risk_target_detached": 1.0, "fpem/counterfactual_risk_uses_threshold": 0.0, "fpem/counterfactual_risk_all_samples_used_for_router": 1.0, "fpem/hard_router_predicted_env_ratio": 0.5488095238095239, "fpem/hard_router_effective_env_ratio": 1.0, "fpem/hard_router_target_env_ratio": 0.7071428571428572, "fpem/hard_router_gain_mean": -0.2039556086063385, "fpem/expert_prediction_pairwise_difference": 0.0, "fpem/delta_pairwise_cosine": 0.0, "fpem/delta_pairwise_l1": 0.0, "fpem/delta_pairwise_l2": 0.0, "fpem/expert_0_parameter_norm": 14.900517463684082, "fpem/hard_binary_router_enabled": 0.0, "fpem/hard_router_uses_target_in_forward": 0.0, "fpem/stored_future_c_loaded": 0.0, "fpem/prediction_is_weighted_complete_fusion": 0.0, "fpem/prediction_is_hard_route": 1.0, "fpem/conservative_inv_override_enabled": 0.0, "fpem/conservative_router_features_detached": 1.0, "fpem/counterfactual_risk_router_enabled": 1.0, "fpem/counterfactual_risk_stage2_active_forward": 1.0, "fpem/counterfactual_risk_deploy_route_active": 0.0, "fpem/counterfactual_risk_training_uses_route": 0.0, "fpem/counterfactual_risk_forward_uses_threshold": 0.0, "fpem/future_mi_loss": 0.0, "fpem/future_mi_valid": 0.0, "fpem/future_mi_logvar_mean": 0.0, "fpem/future_mi_target_mode_env_encoder": 0.0, "fpem/swap_loss": 0.0, "fpem/swap_diff_loss": 0.0, "fpem/swap_same_loss": 0.0, "fpem/swap_gain_mean": 0.0, "fpem/swap_s_gain_mean": 0.0, "fpem/swap_fallback_router_loss": 0.0, "fpem/swap_fallback_q_mean": 0.0, "fpem/swap_prediction_delta": 0.0, "fpem/swap_route_delta": 0.0, "fpem/swap_hyper_alpha_delta": 0.0, "fpem/swap_hyper_delta_norm": 0.0, "fpem/loss_env_day": 0.0, "fpem/loss_env_hour": 0.0, "fpem/loss_env_rush": 0.0, "fpem/env_day_acc": 0.0, "fpem/env_hour_acc": 0.0, "fpem/env_rush_acc": 0.0, "fpem/loss_env_supcon": 0.0, "fpem/env_supcon_valid_pairs": 0.0, "fpem/loss_inv_env_adv": 0.0, "fpem/inv_day_acc": 0.0, "fpem/inv_hour_acc": 0.0, "fpem/inv_rush_acc": 0.0, "fpem/loss_cross_cov_sep": 0.0, "fpem/confounder_dep_enabled": 0.0, "fpem/confounder_dep_mode_gci": 1.0, "fpem/confounder_dep_mode_scd": 0.0, "fpem/confounder_dep_mode_both": 0.0, "fpem/confounder_dep_total": 0.0, "fpem/loss_gci": 0.0, "fpem/loss_gci_drop": 0.0, "fpem/loss_gci_keep": 0.0, "fpem/loss_gci_graph_align": 0.0, "fpem/loss_scd": 0.0, "fpem/loss_conf_kl": 0.0, "fpem/effective_gci_weight": 0.0, "fpem/effective_gci_graph_align_weight": 0.0, "fpem/effective_scd_weight": 0.0, "fpem/effective_conf_kl_weight": 0.0, "fpem/confounder_dep_ramp_factor": 0.0, "fpem/C_mean": 0.0, "fpem/C_std": 0.0, "fpem/C_norm": 0.0, "fpem/confounder_token_norm": 0.0, "fpem/confounder_variational": 0.0, "fpem/confounder_projection_trace": 0.0, "fpem/confounder_projection_ridge": 0.0, "fpem/confounder_projection_rank_dim": 0.0, "fpem/confounder_projection_calls": 0.0, "fpem/confounder_dep_detach_target": 0.0, "fpem/gci_nonedge_mass_before_C": 0.0, "fpem/gci_nonedge_mass_after_C": 0.0, "fpem/gci_nonedge_mass_reduction": 0.0, "fpem/gci_relative_violation": 0.0, "fpem/gci_edge_before_C": 0.0, "fpem/gci_edge_after_C": 0.0, "fpem/gci_nonedge_conn_before_C": 0.0, "fpem/gci_nonedge_conn_after_C": 0.0, "fpem/gci_nonedge_conn_reduction": 0.0, "fpem/gci_edge_conn_before_C": 0.0, "fpem/gci_edge_conn_after_C": 0.0, "fpem/gci_edge_conn_reduction": 0.0, "fpem/gci_nonedge_dep_before_C": 0.0, "fpem/gci_nonedge_dep_after_C": 0.0, "fpem/gci_nonedge_dep_reduction": 0.0, "fpem/gci_edge_dep_before_C": 0.0, "fpem/gci_edge_dep_after_C": 0.0, "fpem/gci_nonedge_count": 0.0, "fpem/gci_edge_count": 0.0, "fpem/gci_node_count": 0.0, "fpem/gci_node_vector_dim": 0.0, "fpem/gci_graph_embed_dim": 0.0, "fpem/gci_graph_embedding_norm_before": 0.0, "fpem/gci_graph_embedding_norm_after": 0.0, "fpem/gci_graph_embedding_std_before": 0.0, "fpem/gci_graph_embedding_std_after": 0.0, "fpem/gci_graph_adj_mean_before": 0.0, "fpem/gci_graph_adj_mean_after": 0.0, "fpem/gci_graph_adj_std_before": 0.0, "fpem/gci_graph_adj_std_after": 0.0, "fpem/gci_graph_align_weight": 0.0, "fpem/gci_graph_align_raw_mse": 0.0, "fpem/gci_graph_align_normalized": 0.0, "fpem/gci_edge_preserve_beta": 0.0, "fpem/gci_graph_align_target_available": 0.0, "fpem/gci_target_adj_mean": 0.0, "fpem/gci_target_adj_std": 0.0, "fpem/gci_target_edge_mean": 0.0, "fpem/gci_target_nonedge_mean": 0.0, "fpem/gci_target_diag_mean": 0.0, "fpem/gci_graph_align_updates_agcrn": 0.0, "fpem/gci_updates_graph_linear": 0.0, "fpem/gci_graph_construction_agcrn_softmax": 0.0, "fpem/scd_assoc_before_C": 0.0, "fpem/scd_assoc_after_C": 0.0, "fpem/scd_assoc_reduction": 0.0, "fpem/scd_relative_violation": 0.0, "fpem/sample_assoc_before_C": 0.0, "fpem/sample_assoc_after_C": 0.0, "fpem/sample_assoc_reduction": 0.0, "fpem/sample_dep_before_C": 0.0, "fpem/sample_dep_after_C": 0.0, "fpem/sample_dep_reduction": 0.0, "fpem/scd_batch_size": 0.0, "fpem/scd_sample_vector_dim": 0.0, "fpem/sample_kernel_alignment": 0.0, "fpem/scd_alignment_loss": 0.0, "fpem/load_level_experts_enabled": 1.0, "fpem/load_level_uses_target_or_future_load": 0.0, "fpem/environment_gate_uses_target_in_forward": 0.0, "fpem/load_level_env_residual_scale": 0.0, "fpem/uses_cached_observable_load_prior": 1.0, "fpem/primary_loss": 9.045344847724552, "fpem/inv_pred_loss": 9.214623587472099, "fpem/primary_uses_route": 1.0, "fpem/primary_uses_env_fusion": 0.0, "fpem/backbone_agcrn": 1.0, "fpem/backbone_graphwavenet": 0.0, "fpem/backbone_staeformer": 0.0, "fpem/gc_pred_loss_only": 1.0, "fpem/env_route_head_mode_hyper_proto": 1.0, "fpem/fpem_force_uniform_route": 0.0, "fpem/hard_prediction_sinkhorn_total_replaces_primary": 0.0, "fpem/hard_prediction_environment_sinkhorn_total_replaces_primary": 0.0, "fpem/warmup_risk_sinkhorn_total_replaces_primary": 0.0, "fpem/lambda_club_mi": 0.0}}
EPOCH {"epoch": 29, "train_loss": 1.2875450202396939, "val": {"loss": 11.882666534847683, "mae": 11.678242683410645, "mape": 0.1855703741312027}, "test_mixed": {"loss": NaN, "mae": NaN, "mape": NaN}, "test_workday": {"loss": NaN, "mae": NaN, "mape": NaN}, "test_holiday": {"loss": NaN, "mae": NaN, "mape": NaN}, "test_avg_mae": NaN, "best_selection_value": 11.882666534847683, "best_selection_split": "val", "best_selection_metric": "val_loss", "lr": 0.001, "fpem_logs": {"fpem/fpem_env_use_exogenous": 1.0, "fpem/env_exogenous_available": 1.0, "fpem/env_exogenous_time_available": 1.0, "fpem/env_exogenous_load_available": 1.0, "fpem/env_exogenous_feature_dim": 32.0, "fpem/env_exogenous_embedding_norm": 2.7352162338438486, "fpem/env_exogenous_load_embedding_norm": 1.9391578333718436, "fpem/env_rep_ablation_normal": 1.0, "fpem/env_rep_ablation_zero": 0.0, "fpem/env_rep_ablation_shuffle_batch": 0.0, "fpem/env_rep_ablation_mode_id": 0.0, "fpem/mask_loss": 0.0, "fpem/mask_sparse_loss": 0.0, "fpem/mask_entropy_loss": 0.0, "fpem/mask_mean": 1.0, "fpem/mask_entropy": 0.0, "fpem/mask_active_ratio": 1.0, "fpem/fusion_alpha_mean": 0.0, "fpem/fusion_alpha_std": 0.0, "fpem/fusion_alpha_min": 0.0, "fpem/fusion_alpha_max": 0.0, "fpem/env_route_loss": 1.2875450202396939, "fpem/env_route_L_final": 9.049844814482189, "fpem/env_route_L_global": 0.0, "fpem/env_route_L_route_soft": 0.0, "fpem/env_route_L_expert": 9.458269587017242, "fpem/env_route_L_router_oracle": 1.2875450202396939, "fpem/env_route_L_balance": 0.0, "fpem/env_route_L_diverse": 0.0, "fpem/env_route_L_proto_align": 0.0, "fpem/env_route_entropy": 0.0, "fpem/env_route_q_max_mean": 0.0, "fpem/hyper_alpha_mean": 0.0, "fpem/hyper_delta_norm": 0.0, "fpem/hyper_route_proto_mode_uniform_warmup": 0.0, "fpem/hyper_route_proto_mode_uniform_fixed": 0.0, "fpem/hyper_route_proto_mode_sinkhorn": 0.0, "fpem/hyper_route_proto_mode_softmax": 0.0, "fpem/fallback_q_mean": 0.0, "fpem/fallback_q_max": 0.0, "fpem/env_q_sum_mean": 1.0, "fpem/oracle_fallback_rate": 0.0, "fpem/route_count_fallback": 0.0, "fpem/env_route_head_mode": 1.0, "fpem/route_entropy_mean": 0.0, "fpem/route_mean_distribution_entropy": 0.0, "fpem/effective_expert_number": 1.0, "fpem/max_expert_usage_ratio": 0.0, "fpem/min_expert_usage_ratio": 0.0, "fpem/prototype_pairwise_cosine": 0.0, "fpem/expert_prediction_pairwise_cosine": 0.0, "fpem/expert_collapse_warning": 0.0, "fpem/env_route_target_mode_env_prototype": 0.0, "fpem/env_route_target_mode_hybrid": 0.0, "fpem/env_route_hybrid_alpha": 0.0, "fpem/env_route_train_mode_warmup_risk_sinkhorn": 0.0, "fpem/warmup_risk_stage_warmup": 0.0, "fpem/warmup_risk_stage_soft": 0.0, "fpem/warmup_risk_stage_hard": 0.0, "fpem/warmup_risk_selected_loss": 0.0, "fpem/warmup_risk_uniform_common_loss": 0.0, "fpem/warmup_risk_lambda_common": 0.0, "fpem/warmup_risk_total_common_term": 0.0, "fpem/warmup_risk_temperature": 0.0, "fpem/warmup_risk_temperature_progress": 0.0, "fpem/uniform_expert_mae": 0.0, "fpem/risk_routed_mae": 0.0, "fpem/risk_prediction_mae": 0.0, "fpem/risk_loss": 0.0, "fpem/risk_ranking_loss": 0.0, "fpem/risk_ranking_accuracy": 0.0, "fpem/risk_oracle_argmin_accuracy": 0.0, "fpem/risk_router_temperature": 0.0, "fpem/risk_router_lambda": 0.0, "fpem/risk_router_pairwise_lambda": 0.0, "fpem/env_route_train_mode_progressive_gmm_environment": 0.0, "fpem/top_level_prediction_source_progressive_gmm_teacher_hard": 0.0, "fpem/progressive_assignment_uses_target_or_prediction_error": 0.0, "fpem/progressive_partition_ready": 0.0, "fpem/progressive_selected_k": 0.0, "fpem/progressive_active_expert_count": 0.0, "fpem/progressive_last_partition_epoch": 0.0, "fpem/progressive_lambda_common": 0.0, "fpem/progressive_common_term": 0.0, "fpem/progressive_compactness_loss": 0.0, "fpem/progressive_consistency_loss": 0.0, "fpem/progressive_cluster_entropy": 0.0, "fpem/progressive_assignment_change_ratio": 0.0, "fpem/progressive_hungarian_overlap_score": 0.0, "fpem/progressive_partition_update_time_sec": 0.0, "fpem/progressive_routed_mae": 0.0, "fpem/progressive_gmm_environment_total_replaces_primary": 0.0, "fpem/env_route_count_head_0": 16.0, "fpem/env_route_oracle_count_head_0": 16.0, "fpem/route_count_env_head_0": 16.0, "fpem/route_soft_mean_expert_0": 1.0, "fpem/route_hard_count_expert_0": 16.0, "fpem/hard_count_expert_0": 16.0, "fpem/sinkhorn_soft_col_mass_expert_0": 0.0, "fpem/progressive_active_expert_0": 0.0, "fpem/progressive_cluster_size_0": 0.0, "fpem/progressive_cluster_ratio_0": 0.0, "fpem/progressive_cluster_to_expert_0": 0.0, "fpem/progressive_bic_k1": 0.0, "fpem/progressive_bic_score_k1": 0.0, "fpem/progressive_bic_rejected_k1": 0.0, "fpem/hyper_alpha_head_0": 0.0, "fpem/hyper_gamma_norm_head_0": 0.0, "fpem/hyper_beta_norm_head_0": 0.0, "fpem/expert_cross_mae_group_0_expert_0": 9.458269587017242, "fpem/load_expert_loss": 9.458269587017242, "fpem/counterfactual_risk_router_loss": 1.2875450202396939, "fpem/counterfactual_risk_regression_loss": 0.9419152452832177, "fpem/counterfactual_risk_ranking_loss": 0.6912595385596866, "fpem/load_level_assignment_detached": 1.0, "fpem/load_level_count_0": 1680.0, "fpem/load_level_ratio_0": 1.0, "fpem/expert_0_global_loss": 9.458269587017242, "fpem/expert_0_selected_loss": 9.458269587017242, "fpem/counterfactual_risk_stage2_active": 1.0, "fpem/counterfactual_risk_stage2_start_epoch": 20.0, "fpem/counterfactual_risk_all_environment_mae": 9.458269587017242, "fpem/counterfactual_risk_all_invariant_mae": 9.662237439836774, "fpem/counterfactual_risk_routed_mae": 9.533721951075963, "fpem/counterfactual_risk_oracle_mae": 9.394879699888683, "fpem/counterfactual_risk_router_accuracy": 0.5458333333333333, "fpem/counterfactual_risk_router_balanced_accuracy": 0.5383462311256499, "fpem/counterfactual_risk_inv_route_ratio": 0.4660714285714286, "fpem/counterfactual_risk_env_route_ratio": 0.5339285714285714, "fpem/counterfactual_risk_inv_switch_precision": 0.33392710990848995, "fpem/counterfactual_risk_correct_inv_switches": 2.4380952380952383, "fpem/counterfactual_risk_harmful_inv_switches": 5.019047619047619, "fpem/counterfactual_risk_saved_loss": 0.029790668544315155, "fpem/counterfactual_risk_added_loss": 0.10524303714434306, "fpem/counterfactual_risk_net_gain": -0.07545236405872163, "fpem/counterfactual_risk_regret": 0.1388422511872791, "fpem/counterfactual_risk_oracle_gap_closed": -4.563117071108095, "fpem/counterfactual_risk_delta_mean": -0.20396793030557178, "fpem/counterfactual_risk_target_inv_ratio": 0.29285714285714287, "fpem/counterfactual_risk_weight_env_sum": 7.9999999273391, "fpem/counterfactual_risk_weight_inv_sum": 7.999999995458694, "fpem/counterfactual_risk_prediction_is_hard_route": 1.0, "fpem/counterfactual_risk_prediction_is_soft_fusion": 0.0, "fpem/counterfactual_risk_target_detached": 1.0, "fpem/counterfactual_risk_uses_threshold": 0.0, "fpem/counterfactual_risk_all_samples_used_for_router": 1.0, "fpem/hard_router_predicted_env_ratio": 0.5339285714285714, "fpem/hard_router_effective_env_ratio": 1.0, "fpem/hard_router_target_env_ratio": 0.7071428571428572, "fpem/hard_router_gain_mean": -0.20396793030557178, "fpem/expert_prediction_pairwise_difference": 0.0, "fpem/delta_pairwise_cosine": 0.0, "fpem/delta_pairwise_l1": 0.0, "fpem/delta_pairwise_l2": 0.0, "fpem/expert_0_parameter_norm": 14.900517463684082, "fpem/hard_binary_router_enabled": 0.0, "fpem/hard_router_uses_target_in_forward": 0.0, "fpem/stored_future_c_loaded": 0.0, "fpem/prediction_is_weighted_complete_fusion": 0.0, "fpem/prediction_is_hard_route": 1.0, "fpem/conservative_inv_override_enabled": 0.0, "fpem/conservative_router_features_detached": 1.0, "fpem/counterfactual_risk_router_enabled": 1.0, "fpem/counterfactual_risk_stage2_active_forward": 1.0, "fpem/counterfactual_risk_deploy_route_active": 0.0, "fpem/counterfactual_risk_training_uses_route": 0.0, "fpem/counterfactual_risk_forward_uses_threshold": 0.0, "fpem/future_mi_loss": 0.0, "fpem/future_mi_valid": 0.0, "fpem/future_mi_logvar_mean": 0.0, "fpem/future_mi_target_mode_env_encoder": 0.0, "fpem/swap_loss": 0.0, "fpem/swap_diff_loss": 0.0, "fpem/swap_same_loss": 0.0, "fpem/swap_gain_mean": 0.0, "fpem/swap_s_gain_mean": 0.0, "fpem/swap_fallback_router_loss": 0.0, "fpem/swap_fallback_q_mean": 0.0, "fpem/swap_prediction_delta": 0.0, "fpem/swap_route_delta": 0.0, "fpem/swap_hyper_alpha_delta": 0.0, "fpem/swap_hyper_delta_norm": 0.0, "fpem/loss_env_day": 0.0, "fpem/loss_env_hour": 0.0, "fpem/loss_env_rush": 0.0, "fpem/env_day_acc": 0.0, "fpem/env_hour_acc": 0.0, "fpem/env_rush_acc": 0.0, "fpem/loss_env_supcon": 0.0, "fpem/env_supcon_valid_pairs": 0.0, "fpem/loss_inv_env_adv": 0.0, "fpem/inv_day_acc": 0.0, "fpem/inv_hour_acc": 0.0, "fpem/inv_rush_acc": 0.0, "fpem/loss_cross_cov_sep": 0.0, "fpem/confounder_dep_enabled": 0.0, "fpem/confounder_dep_mode_gci": 1.0, "fpem/confounder_dep_mode_scd": 0.0, "fpem/confounder_dep_mode_both": 0.0, "fpem/confounder_dep_total": 0.0, "fpem/loss_gci": 0.0, "fpem/loss_gci_drop": 0.0, "fpem/loss_gci_keep": 0.0, "fpem/loss_gci_graph_align": 0.0, "fpem/loss_scd": 0.0, "fpem/loss_conf_kl": 0.0, "fpem/effective_gci_weight": 0.0, "fpem/effective_gci_graph_align_weight": 0.0, "fpem/effective_scd_weight": 0.0, "fpem/effective_conf_kl_weight": 0.0, "fpem/confounder_dep_ramp_factor": 0.0, "fpem/C_mean": 0.0, "fpem/C_std": 0.0, "fpem/C_norm": 0.0, "fpem/confounder_token_norm": 0.0, "fpem/confounder_variational": 0.0, "fpem/confounder_projection_trace": 0.0, "fpem/confounder_projection_ridge": 0.0, "fpem/confounder_projection_rank_dim": 0.0, "fpem/confounder_projection_calls": 0.0, "fpem/confounder_dep_detach_target": 0.0, "fpem/gci_nonedge_mass_before_C": 0.0, "fpem/gci_nonedge_mass_after_C": 0.0, "fpem/gci_nonedge_mass_reduction": 0.0, "fpem/gci_relative_violation": 0.0, "fpem/gci_edge_before_C": 0.0, "fpem/gci_edge_after_C": 0.0, "fpem/gci_nonedge_conn_before_C": 0.0, "fpem/gci_nonedge_conn_after_C": 0.0, "fpem/gci_nonedge_conn_reduction": 0.0, "fpem/gci_edge_conn_before_C": 0.0, "fpem/gci_edge_conn_after_C": 0.0, "fpem/gci_edge_conn_reduction": 0.0, "fpem/gci_nonedge_dep_before_C": 0.0, "fpem/gci_nonedge_dep_after_C": 0.0, "fpem/gci_nonedge_dep_reduction": 0.0, "fpem/gci_edge_dep_before_C": 0.0, "fpem/gci_edge_dep_after_C": 0.0, "fpem/gci_nonedge_count": 0.0, "fpem/gci_edge_count": 0.0, "fpem/gci_node_count": 0.0, "fpem/gci_node_vector_dim": 0.0, "fpem/gci_graph_embed_dim": 0.0, "fpem/gci_graph_embedding_norm_before": 0.0, "fpem/gci_graph_embedding_norm_after": 0.0, "fpem/gci_graph_embedding_std_before": 0.0, "fpem/gci_graph_embedding_std_after": 0.0, "fpem/gci_graph_adj_mean_before": 0.0, "fpem/gci_graph_adj_mean_after": 0.0, "fpem/gci_graph_adj_std_before": 0.0, "fpem/gci_graph_adj_std_after": 0.0, "fpem/gci_graph_align_weight": 0.0, "fpem/gci_graph_align_raw_mse": 0.0, "fpem/gci_graph_align_normalized": 0.0, "fpem/gci_edge_preserve_beta": 0.0, "fpem/gci_graph_align_target_available": 0.0, "fpem/gci_target_adj_mean": 0.0, "fpem/gci_target_adj_std": 0.0, "fpem/gci_target_edge_mean": 0.0, "fpem/gci_target_nonedge_mean": 0.0, "fpem/gci_target_diag_mean": 0.0, "fpem/gci_graph_align_updates_agcrn": 0.0, "fpem/gci_updates_graph_linear": 0.0, "fpem/gci_graph_construction_agcrn_softmax": 0.0, "fpem/scd_assoc_before_C": 0.0, "fpem/scd_assoc_after_C": 0.0, "fpem/scd_assoc_reduction": 0.0, "fpem/scd_relative_violation": 0.0, "fpem/sample_assoc_before_C": 0.0, "fpem/sample_assoc_after_C": 0.0, "fpem/sample_assoc_reduction": 0.0, "fpem/sample_dep_before_C": 0.0, "fpem/sample_dep_after_C": 0.0, "fpem/sample_dep_reduction": 0.0, "fpem/scd_batch_size": 0.0, "fpem/scd_sample_vector_dim": 0.0, "fpem/sample_kernel_alignment": 0.0, "fpem/scd_alignment_loss": 0.0, "fpem/load_level_experts_enabled": 1.0, "fpem/load_level_uses_target_or_future_load": 0.0, "fpem/environment_gate_uses_target_in_forward": 0.0, "fpem/load_level_env_residual_scale": 0.0, "fpem/uses_cached_observable_load_prior": 1.0, "fpem/primary_loss": 9.049844814482189, "fpem/inv_pred_loss": 9.218079907553536, "fpem/primary_uses_route": 1.0, "fpem/primary_uses_env_fusion": 0.0, "fpem/backbone_agcrn": 1.0, "fpem/backbone_graphwavenet": 0.0, "fpem/backbone_staeformer": 0.0, "fpem/gc_pred_loss_only": 1.0, "fpem/env_route_head_mode_hyper_proto": 1.0, "fpem/fpem_force_uniform_route": 0.0, "fpem/hard_prediction_sinkhorn_total_replaces_primary": 0.0, "fpem/hard_prediction_environment_sinkhorn_total_replaces_primary": 0.0, "fpem/warmup_risk_sinkhorn_total_replaces_primary": 0.0, "fpem/lambda_club_mi": 0.0}}
EPOCH {"epoch": 30, "train_loss": 1.2899185010365077, "val": {"loss": 11.879432837168375, "mae": 11.6739501953125, "mape": 0.1849064975976944}, "test_mixed": {"loss": NaN, "mae": NaN, "mape": NaN}, "test_workday": {"loss": NaN, "mae": NaN, "mape": NaN}, "test_holiday": {"loss": NaN, "mae": NaN, "mape": NaN}, "test_avg_mae": NaN, "best_selection_value": 11.879432837168375, "best_selection_split": "val", "best_selection_metric": "val_loss", "lr": 0.001, "fpem_logs": {"fpem/fpem_env_use_exogenous": 1.0, "fpem/env_exogenous_available": 1.0, "fpem/env_exogenous_time_available": 1.0, "fpem/env_exogenous_load_available": 1.0, "fpem/env_exogenous_feature_dim": 32.0, "fpem/env_exogenous_embedding_norm": 2.7352162293025426, "fpem/env_exogenous_load_embedding_norm": 1.9391578447251092, "fpem/env_rep_ablation_normal": 1.0, "fpem/env_rep_ablation_zero": 0.0, "fpem/env_rep_ablation_shuffle_batch": 0.0, "fpem/env_rep_ablation_mode_id": 0.0, "fpem/mask_loss": 0.0, "fpem/mask_sparse_loss": 0.0, "fpem/mask_entropy_loss": 0.0, "fpem/mask_mean": 1.0, "fpem/mask_entropy": 0.0, "fpem/mask_active_ratio": 1.0, "fpem/fusion_alpha_mean": 0.0, "fpem/fusion_alpha_std": 0.0, "fpem/fusion_alpha_min": 0.0, "fpem/fusion_alpha_max": 0.0, "fpem/env_route_loss": 1.2899185010365077, "fpem/env_route_L_final": 9.048036048525855, "fpem/env_route_L_global": 0.0, "fpem/env_route_L_route_soft": 0.0, "fpem/env_route_L_expert": 9.458286539713542, "fpem/env_route_L_router_oracle": 1.2899185010365077, "fpem/env_route_L_balance": 0.0, "fpem/env_route_L_diverse": 0.0, "fpem/env_route_L_proto_align": 0.0, "fpem/env_route_entropy": 0.0, "fpem/env_route_q_max_mean": 0.0, "fpem/hyper_alpha_mean": 0.0, "fpem/hyper_delta_norm": 0.0, "fpem/hyper_route_proto_mode_uniform_warmup": 0.0, "fpem/hyper_route_proto_mode_uniform_fixed": 0.0, "fpem/hyper_route_proto_mode_sinkhorn": 0.0, "fpem/hyper_route_proto_mode_softmax": 0.0, "fpem/fallback_q_mean": 0.0, "fpem/fallback_q_max": 0.0, "fpem/env_q_sum_mean": 1.0, "fpem/oracle_fallback_rate": 0.0, "fpem/route_count_fallback": 0.0, "fpem/env_route_head_mode": 1.0, "fpem/route_entropy_mean": 0.0, "fpem/route_mean_distribution_entropy": 0.0, "fpem/effective_expert_number": 1.0, "fpem/max_expert_usage_ratio": 0.0, "fpem/min_expert_usage_ratio": 0.0, "fpem/prototype_pairwise_cosine": 0.0, "fpem/expert_prediction_pairwise_cosine": 0.0, "fpem/expert_collapse_warning": 0.0, "fpem/env_route_target_mode_env_prototype": 0.0, "fpem/env_route_target_mode_hybrid": 0.0, "fpem/env_route_hybrid_alpha": 0.0, "fpem/env_route_train_mode_warmup_risk_sinkhorn": 0.0, "fpem/warmup_risk_stage_warmup": 0.0, "fpem/warmup_risk_stage_soft": 0.0, "fpem/warmup_risk_stage_hard": 0.0, "fpem/warmup_risk_selected_loss": 0.0, "fpem/warmup_risk_uniform_common_loss": 0.0, "fpem/warmup_risk_lambda_common": 0.0, "fpem/warmup_risk_total_common_term": 0.0, "fpem/warmup_risk_temperature": 0.0, "fpem/warmup_risk_temperature_progress": 0.0, "fpem/uniform_expert_mae": 0.0, "fpem/risk_routed_mae": 0.0, "fpem/risk_prediction_mae": 0.0, "fpem/risk_loss": 0.0, "fpem/risk_ranking_loss": 0.0, "fpem/risk_ranking_accuracy": 0.0, "fpem/risk_oracle_argmin_accuracy": 0.0, "fpem/risk_router_temperature": 0.0, "fpem/risk_router_lambda": 0.0, "fpem/risk_router_pairwise_lambda": 0.0, "fpem/env_route_train_mode_progressive_gmm_environment": 0.0, "fpem/top_level_prediction_source_progressive_gmm_teacher_hard": 0.0, "fpem/progressive_assignment_uses_target_or_prediction_error": 0.0, "fpem/progressive_partition_ready": 0.0, "fpem/progressive_selected_k": 0.0, "fpem/progressive_active_expert_count": 0.0, "fpem/progressive_last_partition_epoch": 0.0, "fpem/progressive_lambda_common": 0.0, "fpem/progressive_common_term": 0.0, "fpem/progressive_compactness_loss": 0.0, "fpem/progressive_consistency_loss": 0.0, "fpem/progressive_cluster_entropy": 0.0, "fpem/progressive_assignment_change_ratio": 0.0, "fpem/progressive_hungarian_overlap_score": 0.0, "fpem/progressive_partition_update_time_sec": 0.0, "fpem/progressive_routed_mae": 0.0, "fpem/progressive_gmm_environment_total_replaces_primary": 0.0, "fpem/env_route_count_head_0": 16.0, "fpem/env_route_oracle_count_head_0": 16.0, "fpem/route_count_env_head_0": 16.0, "fpem/route_soft_mean_expert_0": 1.0, "fpem/route_hard_count_expert_0": 16.0, "fpem/hard_count_expert_0": 16.0, "fpem/sinkhorn_soft_col_mass_expert_0": 0.0, "fpem/progressive_active_expert_0": 0.0, "fpem/progressive_cluster_size_0": 0.0, "fpem/progressive_cluster_ratio_0": 0.0, "fpem/progressive_cluster_to_expert_0": 0.0, "fpem/progressive_bic_k1": 0.0, "fpem/progressive_bic_score_k1": 0.0, "fpem/progressive_bic_rejected_k1": 0.0, "fpem/hyper_alpha_head_0": 0.0, "fpem/hyper_gamma_norm_head_0": 0.0, "fpem/hyper_beta_norm_head_0": 0.0, "fpem/expert_cross_mae_group_0_expert_0": 9.458286539713542, "fpem/load_expert_loss": 9.458286539713542, "fpem/counterfactual_risk_router_loss": 1.2899185010365077, "fpem/counterfactual_risk_regression_loss": 0.9428932959125156, "fpem/counterfactual_risk_ranking_loss": 0.6940504227365766, "fpem/load_level_assignment_detached": 1.0, "fpem/load_level_count_0": 1680.0, "fpem/load_level_ratio_0": 1.0, "fpem/expert_0_global_loss": 9.458286539713542, "fpem/expert_0_selected_loss": 9.458286539713542, "fpem/counterfactual_risk_stage2_active": 1.0, "fpem/counterfactual_risk_stage2_start_epoch": 20.0, "fpem/counterfactual_risk_all_environment_mae": 9.458286539713542, "fpem/counterfactual_risk_all_invariant_mae": 9.662237517038982, "fpem/counterfactual_risk_routed_mae": 9.534314923059373, "fpem/counterfactual_risk_oracle_mae": 9.394885453723726, "fpem/counterfactual_risk_router_accuracy": 0.5380952380952381, "fpem/counterfactual_risk_router_balanced_accuracy": 0.5374142795801162, "fpem/counterfactual_risk_inv_route_ratio": 0.48095238095238096, "fpem/counterfactual_risk_env_route_ratio": 0.5190476190476191, "fpem/counterfactual_risk_inv_switch_precision": 0.3224503605138688, "fpem/counterfactual_risk_correct_inv_switches": 2.4952380952380953, "fpem/counterfactual_risk_harmful_inv_switches": 5.2, "fpem/counterfactual_risk_saved_loss": 0.030614295176097324, "fpem/counterfactual_risk_added_loss": 0.10664266461417789, "fpem/counterfactual_risk_net_gain": -0.07602838334583101, "fpem/counterfactual_risk_regret": 0.13942946933564684, "fpem/counterfactual_risk_oracle_gap_closed": -2.7421701331046364, "fpem/counterfactual_risk_delta_mean": -0.20395093801475705, "fpem/counterfactual_risk_target_inv_ratio": 0.29285714285714287, "fpem/counterfactual_risk_weight_env_sum": 7.999999922797794, "fpem/counterfactual_risk_weight_inv_sum": 7.9999999364217125, "fpem/counterfactual_risk_prediction_is_hard_route": 1.0, "fpem/counterfactual_risk_prediction_is_soft_fusion": 0.0, "fpem/counterfactual_risk_target_detached": 1.0, "fpem/counterfactual_risk_uses_threshold": 0.0, "fpem/counterfactual_risk_all_samples_used_for_router": 1.0, "fpem/hard_router_predicted_env_ratio": 0.5190476190476191, "fpem/hard_router_effective_env_ratio": 1.0, "fpem/hard_router_target_env_ratio": 0.7071428571428572, "fpem/hard_router_gain_mean": -0.20395093801475705, "fpem/expert_prediction_pairwise_difference": 0.0, "fpem/delta_pairwise_cosine": 0.0, "fpem/delta_pairwise_l1": 0.0, "fpem/delta_pairwise_l2": 0.0, "fpem/expert_0_parameter_norm": 14.900517463684082, "fpem/hard_binary_router_enabled": 0.0, "fpem/hard_router_uses_target_in_forward": 0.0, "fpem/stored_future_c_loaded": 0.0, "fpem/prediction_is_weighted_complete_fusion": 0.0, "fpem/prediction_is_hard_route": 1.0, "fpem/conservative_inv_override_enabled": 0.0, "fpem/conservative_router_features_detached": 1.0, "fpem/counterfactual_risk_router_enabled": 1.0, "fpem/counterfactual_risk_stage2_active_forward": 1.0, "fpem/counterfactual_risk_deploy_route_active": 0.0, "fpem/counterfactual_risk_training_uses_route": 0.0, "fpem/counterfactual_risk_forward_uses_threshold": 0.0, "fpem/future_mi_loss": 0.0, "fpem/future_mi_valid": 0.0, "fpem/future_mi_logvar_mean": 0.0, "fpem/future_mi_target_mode_env_encoder": 0.0, "fpem/swap_loss": 0.0, "fpem/swap_diff_loss": 0.0, "fpem/swap_same_loss": 0.0, "fpem/swap_gain_mean": 0.0, "fpem/swap_s_gain_mean": 0.0, "fpem/swap_fallback_router_loss": 0.0, "fpem/swap_fallback_q_mean": 0.0, "fpem/swap_prediction_delta": 0.0, "fpem/swap_route_delta": 0.0, "fpem/swap_hyper_alpha_delta": 0.0, "fpem/swap_hyper_delta_norm": 0.0, "fpem/loss_env_day": 0.0, "fpem/loss_env_hour": 0.0, "fpem/loss_env_rush": 0.0, "fpem/env_day_acc": 0.0, "fpem/env_hour_acc": 0.0, "fpem/env_rush_acc": 0.0, "fpem/loss_env_supcon": 0.0, "fpem/env_supcon_valid_pairs": 0.0, "fpem/loss_inv_env_adv": 0.0, "fpem/inv_day_acc": 0.0, "fpem/inv_hour_acc": 0.0, "fpem/inv_rush_acc": 0.0, "fpem/loss_cross_cov_sep": 0.0, "fpem/confounder_dep_enabled": 0.0, "fpem/confounder_dep_mode_gci": 1.0, "fpem/confounder_dep_mode_scd": 0.0, "fpem/confounder_dep_mode_both": 0.0, "fpem/confounder_dep_total": 0.0, "fpem/loss_gci": 0.0, "fpem/loss_gci_drop": 0.0, "fpem/loss_gci_keep": 0.0, "fpem/loss_gci_graph_align": 0.0, "fpem/loss_scd": 0.0, "fpem/loss_conf_kl": 0.0, "fpem/effective_gci_weight": 0.0, "fpem/effective_gci_graph_align_weight": 0.0, "fpem/effective_scd_weight": 0.0, "fpem/effective_conf_kl_weight": 0.0, "fpem/confounder_dep_ramp_factor": 0.0, "fpem/C_mean": 0.0, "fpem/C_std": 0.0, "fpem/C_norm": 0.0, "fpem/confounder_token_norm": 0.0, "fpem/confounder_variational": 0.0, "fpem/confounder_projection_trace": 0.0, "fpem/confounder_projection_ridge": 0.0, "fpem/confounder_projection_rank_dim": 0.0, "fpem/confounder_projection_calls": 0.0, "fpem/confounder_dep_detach_target": 0.0, "fpem/gci_nonedge_mass_before_C": 0.0, "fpem/gci_nonedge_mass_after_C": 0.0, "fpem/gci_nonedge_mass_reduction": 0.0, "fpem/gci_relative_violation": 0.0, "fpem/gci_edge_before_C": 0.0, "fpem/gci_edge_after_C": 0.0, "fpem/gci_nonedge_conn_before_C": 0.0, "fpem/gci_nonedge_conn_after_C": 0.0, "fpem/gci_nonedge_conn_reduction": 0.0, "fpem/gci_edge_conn_before_C": 0.0, "fpem/gci_edge_conn_after_C": 0.0, "fpem/gci_edge_conn_reduction": 0.0, "fpem/gci_nonedge_dep_before_C": 0.0, "fpem/gci_nonedge_dep_after_C": 0.0, "fpem/gci_nonedge_dep_reduction": 0.0, "fpem/gci_edge_dep_before_C": 0.0, "fpem/gci_edge_dep_after_C": 0.0, "fpem/gci_nonedge_count": 0.0, "fpem/gci_edge_count": 0.0, "fpem/gci_node_count": 0.0, "fpem/gci_node_vector_dim": 0.0, "fpem/gci_graph_embed_dim": 0.0, "fpem/gci_graph_embedding_norm_before": 0.0, "fpem/gci_graph_embedding_norm_after": 0.0, "fpem/gci_graph_embedding_std_before": 0.0, "fpem/gci_graph_embedding_std_after": 0.0, "fpem/gci_graph_adj_mean_before": 0.0, "fpem/gci_graph_adj_mean_after": 0.0, "fpem/gci_graph_adj_std_before": 0.0, "fpem/gci_graph_adj_std_after": 0.0, "fpem/gci_graph_align_weight": 0.0, "fpem/gci_graph_align_raw_mse": 0.0, "fpem/gci_graph_align_normalized": 0.0, "fpem/gci_edge_preserve_beta": 0.0, "fpem/gci_graph_align_target_available": 0.0, "fpem/gci_target_adj_mean": 0.0, "fpem/gci_target_adj_std": 0.0, "fpem/gci_target_edge_mean": 0.0, "fpem/gci_target_nonedge_mean": 0.0, "fpem/gci_target_diag_mean": 0.0, "fpem/gci_graph_align_updates_agcrn": 0.0, "fpem/gci_updates_graph_linear": 0.0, "fpem/gci_graph_construction_agcrn_softmax": 0.0, "fpem/scd_assoc_before_C": 0.0, "fpem/scd_assoc_after_C": 0.0, "fpem/scd_assoc_reduction": 0.0, "fpem/scd_relative_violation": 0.0, "fpem/sample_assoc_before_C": 0.0, "fpem/sample_assoc_after_C": 0.0, "fpem/sample_assoc_reduction": 0.0, "fpem/sample_dep_before_C": 0.0, "fpem/sample_dep_after_C": 0.0, "fpem/sample_dep_reduction": 0.0, "fpem/scd_batch_size": 0.0, "fpem/scd_sample_vector_dim": 0.0, "fpem/sample_kernel_alignment": 0.0, "fpem/scd_alignment_loss": 0.0, "fpem/load_level_experts_enabled": 1.0, "fpem/load_level_uses_target_or_future_load": 0.0, "fpem/environment_gate_uses_target_in_forward": 0.0, "fpem/load_level_env_residual_scale": 0.0, "fpem/uses_cached_observable_load_prior": 1.0, "fpem/primary_loss": 9.048036048525855, "fpem/inv_pred_loss": 9.216074902670725, "fpem/primary_uses_route": 1.0, "fpem/primary_uses_env_fusion": 0.0, "fpem/backbone_agcrn": 1.0, "fpem/backbone_graphwavenet": 0.0, "fpem/backbone_staeformer": 0.0, "fpem/gc_pred_loss_only": 1.0, "fpem/env_route_head_mode_hyper_proto": 1.0, "fpem/fpem_force_uniform_route": 0.0, "fpem/hard_prediction_sinkhorn_total_replaces_primary": 0.0, "fpem/hard_prediction_environment_sinkhorn_total_replaces_primary": 0.0, "fpem/warmup_risk_sinkhorn_total_replaces_primary": 0.0, "fpem/lambda_club_mi": 0.0}}
EPOCH {"epoch": 31, "train_loss": 1.2690085411071776, "val": {"loss": 11.880434301164415, "mae": 11.674559593200684, "mape": 0.18482457101345062}, "test_mixed": {"loss": NaN, "mae": NaN, "mape": NaN}, "test_workday": {"loss": NaN, "mae": NaN, "mape": NaN}, "test_holiday": {"loss": NaN, "mae": NaN, "mape": NaN}, "test_avg_mae": NaN, "best_selection_value": 11.880434301164415, "best_selection_split": "val", "best_selection_metric": "val_loss", "lr": 0.001, "fpem_logs": {"fpem/fpem_env_use_exogenous": 1.0, "fpem/env_exogenous_available": 1.0, "fpem/env_exogenous_time_available": 1.0, "fpem/env_exogenous_load_available": 1.0, "fpem/env_exogenous_feature_dim": 32.0, "fpem/env_exogenous_embedding_norm": 2.735216252009074, "fpem/env_exogenous_load_embedding_norm": 1.939157840183803, "fpem/env_rep_ablation_normal": 1.0, "fpem/env_rep_ablation_zero": 0.0, "fpem/env_rep_ablation_shuffle_batch": 0.0, "fpem/env_rep_ablation_mode_id": 0.0, "fpem/mask_loss": 0.0, "fpem/mask_sparse_loss": 0.0, "fpem/mask_entropy_loss": 0.0, "fpem/mask_mean": 1.0, "fpem/mask_entropy": 0.0, "fpem/mask_active_ratio": 1.0, "fpem/fusion_alpha_mean": 0.0, "fpem/fusion_alpha_std": 0.0, "fpem/fusion_alpha_min": 0.0, "fpem/fusion_alpha_max": 0.0, "fpem/env_route_loss": 1.2690085411071776, "fpem/env_route_L_final": 9.0523347672962, "fpem/env_route_L_global": 0.0, "fpem/env_route_L_route_soft": 0.0, "fpem/env_route_L_expert": 9.458306739443824, "fpem/env_route_L_router_oracle": 1.2690085411071776, "fpem/env_route_L_balance": 0.0, "fpem/env_route_L_diverse": 0.0, "fpem/env_route_L_proto_align": 0.0, "fpem/env_route_entropy": 0.0, "fpem/env_route_q_max_mean": 0.0, "fpem/hyper_alpha_mean": 0.0, "fpem/hyper_delta_norm": 0.0, "fpem/hyper_route_proto_mode_uniform_warmup": 0.0, "fpem/hyper_route_proto_mode_uniform_fixed": 0.0, "fpem/hyper_route_proto_mode_sinkhorn": 0.0, "fpem/hyper_route_proto_mode_softmax": 0.0, "fpem/fallback_q_mean": 0.0, "fpem/fallback_q_max": 0.0, "fpem/env_q_sum_mean": 1.0, "fpem/oracle_fallback_rate": 0.0, "fpem/route_count_fallback": 0.0, "fpem/env_route_head_mode": 1.0, "fpem/route_entropy_mean": 0.0, "fpem/route_mean_distribution_entropy": 0.0, "fpem/effective_expert_number": 1.0, "fpem/max_expert_usage_ratio": 0.0, "fpem/min_expert_usage_ratio": 0.0, "fpem/prototype_pairwise_cosine": 0.0, "fpem/expert_prediction_pairwise_cosine": 0.0, "fpem/expert_collapse_warning": 0.0, "fpem/env_route_target_mode_env_prototype": 0.0, "fpem/env_route_target_mode_hybrid": 0.0, "fpem/env_route_hybrid_alpha": 0.0, "fpem/env_route_train_mode_warmup_risk_sinkhorn": 0.0, "fpem/warmup_risk_stage_warmup": 0.0, "fpem/warmup_risk_stage_soft": 0.0, "fpem/warmup_risk_stage_hard": 0.0, "fpem/warmup_risk_selected_loss": 0.0, "fpem/warmup_risk_uniform_common_loss": 0.0, "fpem/warmup_risk_lambda_common": 0.0, "fpem/warmup_risk_total_common_term": 0.0, "fpem/warmup_risk_temperature": 0.0, "fpem/warmup_risk_temperature_progress": 0.0, "fpem/uniform_expert_mae": 0.0, "fpem/risk_routed_mae": 0.0, "fpem/risk_prediction_mae": 0.0, "fpem/risk_loss": 0.0, "fpem/risk_ranking_loss": 0.0, "fpem/risk_ranking_accuracy": 0.0, "fpem/risk_oracle_argmin_accuracy": 0.0, "fpem/risk_router_temperature": 0.0, "fpem/risk_router_lambda": 0.0, "fpem/risk_router_pairwise_lambda": 0.0, "fpem/env_route_train_mode_progressive_gmm_environment": 0.0, "fpem/top_level_prediction_source_progressive_gmm_teacher_hard": 0.0, "fpem/progressive_assignment_uses_target_or_prediction_error": 0.0, "fpem/progressive_partition_ready": 0.0, "fpem/progressive_selected_k": 0.0, "fpem/progressive_active_expert_count": 0.0, "fpem/progressive_last_partition_epoch": 0.0, "fpem/progressive_lambda_common": 0.0, "fpem/progressive_common_term": 0.0, "fpem/progressive_compactness_loss": 0.0, "fpem/progressive_consistency_loss": 0.0, "fpem/progressive_cluster_entropy": 0.0, "fpem/progressive_assignment_change_ratio": 0.0, "fpem/progressive_hungarian_overlap_score": 0.0, "fpem/progressive_partition_update_time_sec": 0.0, "fpem/progressive_routed_mae": 0.0, "fpem/progressive_gmm_environment_total_replaces_primary": 0.0, "fpem/env_route_count_head_0": 16.0, "fpem/env_route_oracle_count_head_0": 16.0, "fpem/route_count_env_head_0": 16.0, "fpem/route_soft_mean_expert_0": 1.0, "fpem/route_hard_count_expert_0": 16.0, "fpem/hard_count_expert_0": 16.0, "fpem/sinkhorn_soft_col_mass_expert_0": 0.0, "fpem/progressive_active_expert_0": 0.0, "fpem/progressive_cluster_size_0": 0.0, "fpem/progressive_cluster_ratio_0": 0.0, "fpem/progressive_cluster_to_expert_0": 0.0, "fpem/progressive_bic_k1": 0.0, "fpem/progressive_bic_score_k1": 0.0, "fpem/progressive_bic_rejected_k1": 0.0, "fpem/hyper_alpha_head_0": 0.0, "fpem/hyper_gamma_norm_head_0": 0.0, "fpem/hyper_beta_norm_head_0": 0.0, "fpem/expert_cross_mae_group_0_expert_0": 9.458306739443824, "fpem/load_expert_loss": 9.458306739443824, "fpem/counterfactual_risk_router_loss": 1.2690085411071776, "fpem/counterfactual_risk_regression_loss": 0.9218262774603707, "fpem/counterfactual_risk_ranking_loss": 0.6943645238876343, "fpem/load_level_assignment_detached": 1.0, "fpem/load_level_count_0": 1680.0, "fpem/load_level_ratio_0": 1.0, "fpem/expert_0_global_loss": 9.458306739443824, "fpem/expert_0_selected_loss": 9.458306739443824, "fpem/counterfactual_risk_stage2_active": 1.0, "fpem/counterfactual_risk_stage2_start_epoch": 20.0, "fpem/counterfactual_risk_all_environment_mae": 9.458306739443824, "fpem/counterfactual_risk_all_invariant_mae": 9.662237398965019, "fpem/counterfactual_risk_routed_mae": 9.544088817778087, "fpem/counterfactual_risk_oracle_mae": 9.39489270164853, "fpem/counterfactual_risk_router_accuracy": 0.5160714285714286, "fpem/counterfactual_risk_router_balanced_accuracy": 0.5198266937619164, "fpem/counterfactual_risk_inv_route_ratio": 0.5017857142857143, "fpem/counterfactual_risk_env_route_ratio": 0.4982142857142857, "fpem/counterfactual_risk_inv_switch_precision": 0.3131012689499628, "fpem/counterfactual_risk_correct_inv_switches": 2.4857142857142858, "fpem/counterfactual_risk_harmful_inv_switches": 5.542857142857143, "fpem/counterfactual_risk_saved_loss": 0.03197026792026701, "fpem/counterfactual_risk_added_loss": 0.11775222520033518, "fpem/counterfactual_risk_net_gain": -0.08578207833426339, "fpem/counterfactual_risk_regret": 0.1491961161295573, "fpem/counterfactual_risk_oracle_gap_closed": -2.344294802010769, "fpem/counterfactual_risk_delta_mean": -0.20393071685518538, "fpem/counterfactual_risk_target_inv_ratio": 0.29285714285714287, "fpem/counterfactual_risk_weight_env_sum": 7.999999950045631, "fpem/counterfactual_risk_weight_inv_sum": 7.9999999455043245, "fpem/counterfactual_risk_prediction_is_hard_route": 1.0, "fpem/counterfactual_risk_prediction_is_soft_fusion": 0.0, "fpem/counterfactual_risk_target_detached": 1.0, "fpem/counterfactual_risk_uses_threshold": 0.0, "fpem/counterfactual_risk_all_samples_used_for_router": 1.0, "fpem/hard_router_predicted_env_ratio": 0.4982142857142857, "fpem/hard_router_effective_env_ratio": 1.0, "fpem/hard_router_target_env_ratio": 0.7071428571428572, "fpem/hard_router_gain_mean": -0.20393071685518538, "fpem/expert_prediction_pairwise_difference": 0.0, "fpem/delta_pairwise_cosine": 0.0, "fpem/delta_pairwise_l1": 0.0, "fpem/delta_pairwise_l2": 0.0, "fpem/expert_0_parameter_norm": 14.900517463684082, "fpem/hard_binary_router_enabled": 0.0, "fpem/hard_router_uses_target_in_forward": 0.0, "fpem/stored_future_c_loaded": 0.0, "fpem/prediction_is_weighted_complete_fusion": 0.0, "fpem/prediction_is_hard_route": 1.0, "fpem/conservative_inv_override_enabled": 0.0, "fpem/conservative_router_features_detached": 1.0, "fpem/counterfactual_risk_router_enabled": 1.0, "fpem/counterfactual_risk_stage2_active_forward": 1.0, "fpem/counterfactual_risk_deploy_route_active": 0.0, "fpem/counterfactual_risk_training_uses_route": 0.0, "fpem/counterfactual_risk_forward_uses_threshold": 0.0, "fpem/future_mi_loss": 0.0, "fpem/future_mi_valid": 0.0, "fpem/future_mi_logvar_mean": 0.0, "fpem/future_mi_target_mode_env_encoder": 0.0, "fpem/swap_loss": 0.0, "fpem/swap_diff_loss": 0.0, "fpem/swap_same_loss": 0.0, "fpem/swap_gain_mean": 0.0, "fpem/swap_s_gain_mean": 0.0, "fpem/swap_fallback_router_loss": 0.0, "fpem/swap_fallback_q_mean": 0.0, "fpem/swap_prediction_delta": 0.0, "fpem/swap_route_delta": 0.0, "fpem/swap_hyper_alpha_delta": 0.0, "fpem/swap_hyper_delta_norm": 0.0, "fpem/loss_env_day": 0.0, "fpem/loss_env_hour": 0.0, "fpem/loss_env_rush": 0.0, "fpem/env_day_acc": 0.0, "fpem/env_hour_acc": 0.0, "fpem/env_rush_acc": 0.0, "fpem/loss_env_supcon": 0.0, "fpem/env_supcon_valid_pairs": 0.0, "fpem/loss_inv_env_adv": 0.0, "fpem/inv_day_acc": 0.0, "fpem/inv_hour_acc": 0.0, "fpem/inv_rush_acc": 0.0, "fpem/loss_cross_cov_sep": 0.0, "fpem/confounder_dep_enabled": 0.0, "fpem/confounder_dep_mode_gci": 1.0, "fpem/confounder_dep_mode_scd": 0.0, "fpem/confounder_dep_mode_both": 0.0, "fpem/confounder_dep_total": 0.0, "fpem/loss_gci": 0.0, "fpem/loss_gci_drop": 0.0, "fpem/loss_gci_keep": 0.0, "fpem/loss_gci_graph_align": 0.0, "fpem/loss_scd": 0.0, "fpem/loss_conf_kl": 0.0, "fpem/effective_gci_weight": 0.0, "fpem/effective_gci_graph_align_weight": 0.0, "fpem/effective_scd_weight": 0.0, "fpem/effective_conf_kl_weight": 0.0, "fpem/confounder_dep_ramp_factor": 0.0, "fpem/C_mean": 0.0, "fpem/C_std": 0.0, "fpem/C_norm": 0.0, "fpem/confounder_token_norm": 0.0, "fpem/confounder_variational": 0.0, "fpem/confounder_projection_trace": 0.0, "fpem/confounder_projection_ridge": 0.0, "fpem/confounder_projection_rank_dim": 0.0, "fpem/confounder_projection_calls": 0.0, "fpem/confounder_dep_detach_target": 0.0, "fpem/gci_nonedge_mass_before_C": 0.0, "fpem/gci_nonedge_mass_after_C": 0.0, "fpem/gci_nonedge_mass_reduction": 0.0, "fpem/gci_relative_violation": 0.0, "fpem/gci_edge_before_C": 0.0, "fpem/gci_edge_after_C": 0.0, "fpem/gci_nonedge_conn_before_C": 0.0, "fpem/gci_nonedge_conn_after_C": 0.0, "fpem/gci_nonedge_conn_reduction": 0.0, "fpem/gci_edge_conn_before_C": 0.0, "fpem/gci_edge_conn_after_C": 0.0, "fpem/gci_edge_conn_reduction": 0.0, "fpem/gci_nonedge_dep_before_C": 0.0, "fpem/gci_nonedge_dep_after_C": 0.0, "fpem/gci_nonedge_dep_reduction": 0.0, "fpem/gci_edge_dep_before_C": 0.0, "fpem/gci_edge_dep_after_C": 0.0, "fpem/gci_nonedge_count": 0.0, "fpem/gci_edge_count": 0.0, "fpem/gci_node_count": 0.0, "fpem/gci_node_vector_dim": 0.0, "fpem/gci_graph_embed_dim": 0.0, "fpem/gci_graph_embedding_norm_before": 0.0, "fpem/gci_graph_embedding_norm_after": 0.0, "fpem/gci_graph_embedding_std_before": 0.0, "fpem/gci_graph_embedding_std_after": 0.0, "fpem/gci_graph_adj_mean_before": 0.0, "fpem/gci_graph_adj_mean_after": 0.0, "fpem/gci_graph_adj_std_before": 0.0, "fpem/gci_graph_adj_std_after": 0.0, "fpem/gci_graph_align_weight": 0.0, "fpem/gci_graph_align_raw_mse": 0.0, "fpem/gci_graph_align_normalized": 0.0, "fpem/gci_edge_preserve_beta": 0.0, "fpem/gci_graph_align_target_available": 0.0, "fpem/gci_target_adj_mean": 0.0, "fpem/gci_target_adj_std": 0.0, "fpem/gci_target_edge_mean": 0.0, "fpem/gci_target_nonedge_mean": 0.0, "fpem/gci_target_diag_mean": 0.0, "fpem/gci_graph_align_updates_agcrn": 0.0, "fpem/gci_updates_graph_linear": 0.0, "fpem/gci_graph_construction_agcrn_softmax": 0.0, "fpem/scd_assoc_before_C": 0.0, "fpem/scd_assoc_after_C": 0.0, "fpem/scd_assoc_reduction": 0.0, "fpem/scd_relative_violation": 0.0, "fpem/sample_assoc_before_C": 0.0, "fpem/sample_assoc_after_C": 0.0, "fpem/sample_assoc_reduction": 0.0, "fpem/sample_dep_before_C": 0.0, "fpem/sample_dep_after_C": 0.0, "fpem/sample_dep_reduction": 0.0, "fpem/scd_batch_size": 0.0, "fpem/scd_sample_vector_dim": 0.0, "fpem/sample_kernel_alignment": 0.0, "fpem/scd_alignment_loss": 0.0, "fpem/load_level_experts_enabled": 1.0, "fpem/load_level_uses_target_or_future_load": 0.0, "fpem/environment_gate_uses_target_in_forward": 0.0, "fpem/load_level_env_residual_scale": 0.0, "fpem/uses_cached_observable_load_prior": 1.0, "fpem/primary_loss": 9.0523347672962, "fpem/inv_pred_loss": 9.22132198242914, "fpem/primary_uses_route": 1.0, "fpem/primary_uses_env_fusion": 0.0, "fpem/backbone_agcrn": 1.0, "fpem/backbone_graphwavenet": 0.0, "fpem/backbone_staeformer": 0.0, "fpem/gc_pred_loss_only": 1.0, "fpem/env_route_head_mode_hyper_proto": 1.0, "fpem/fpem_force_uniform_route": 0.0, "fpem/hard_prediction_sinkhorn_total_replaces_primary": 0.0, "fpem/hard_prediction_environment_sinkhorn_total_replaces_primary": 0.0, "fpem/warmup_risk_sinkhorn_total_replaces_primary": 0.0, "fpem/lambda_club_mi": 0.0}}
EPOCH {"epoch": 32, "train_loss": 1.3263680020968118, "val": {"loss": 11.876674228244358, "mae": 11.666707038879395, "mape": 0.18239910900592804}, "test_mixed": {"loss": NaN, "mae": NaN, "mape": NaN}, "test_workday": {"loss": NaN, "mae": NaN, "mape": NaN}, "test_holiday": {"loss": NaN, "mae": NaN, "mape": NaN}, "test_avg_mae": NaN, "best_selection_value": 11.876674228244358, "best_selection_split": "val", "best_selection_metric": "val_loss", "lr": 0.001, "fpem_logs": {"fpem/fpem_env_use_exogenous": 1.0, "fpem/env_exogenous_available": 1.0, "fpem/env_exogenous_time_available": 1.0, "fpem/env_exogenous_load_available": 1.0, "fpem/env_exogenous_feature_dim": 32.0, "fpem/env_exogenous_embedding_norm": 2.735216222490583, "fpem/env_exogenous_load_embedding_norm": 1.9391578288305373, "fpem/env_rep_ablation_normal": 1.0, "fpem/env_rep_ablation_zero": 0.0, "fpem/env_rep_ablation_shuffle_batch": 0.0, "fpem/env_rep_ablation_mode_id": 0.0, "fpem/mask_loss": 0.0, "fpem/mask_sparse_loss": 0.0, "fpem/mask_entropy_loss": 0.0, "fpem/mask_mean": 1.0, "fpem/mask_entropy": 0.0, "fpem/mask_active_ratio": 1.0, "fpem/fusion_alpha_mean": 0.0, "fpem/fusion_alpha_std": 0.0, "fpem/fusion_alpha_min": 0.0, "fpem/fusion_alpha_max": 0.0, "fpem/env_route_loss": 1.3263680020968118, "fpem/env_route_L_final": 9.046230924697149, "fpem/env_route_L_global": 0.0, "fpem/env_route_L_route_soft": 0.0, "fpem/env_route_L_expert": 9.458309591384161, "fpem/env_route_L_router_oracle": 1.3263680020968118, "fpem/env_route_L_balance": 0.0, "fpem/env_route_L_diverse": 0.0, "fpem/env_route_L_proto_align": 0.0, "fpem/env_route_entropy": 0.0, "fpem/env_route_q_max_mean": 0.0, "fpem/hyper_alpha_mean": 0.0, "fpem/hyper_delta_norm": 0.0, "fpem/hyper_route_proto_mode_uniform_warmup": 0.0, "fpem/hyper_route_proto_mode_uniform_fixed": 0.0, "fpem/hyper_route_proto_mode_sinkhorn": 0.0, "fpem/hyper_route_proto_mode_softmax": 0.0, "fpem/fallback_q_mean": 0.0, "fpem/fallback_q_max": 0.0, "fpem/env_q_sum_mean": 1.0, "fpem/oracle_fallback_rate": 0.0, "fpem/route_count_fallback": 0.0, "fpem/env_route_head_mode": 1.0, "fpem/route_entropy_mean": 0.0, "fpem/route_mean_distribution_entropy": 0.0, "fpem/effective_expert_number": 1.0, "fpem/max_expert_usage_ratio": 0.0, "fpem/min_expert_usage_ratio": 0.0, "fpem/prototype_pairwise_cosine": 0.0, "fpem/expert_prediction_pairwise_cosine": 0.0, "fpem/expert_collapse_warning": 0.0, "fpem/env_route_target_mode_env_prototype": 0.0, "fpem/env_route_target_mode_hybrid": 0.0, "fpem/env_route_hybrid_alpha": 0.0, "fpem/env_route_train_mode_warmup_risk_sinkhorn": 0.0, "fpem/warmup_risk_stage_warmup": 0.0, "fpem/warmup_risk_stage_soft": 0.0, "fpem/warmup_risk_stage_hard": 0.0, "fpem/warmup_risk_selected_loss": 0.0, "fpem/warmup_risk_uniform_common_loss": 0.0, "fpem/warmup_risk_lambda_common": 0.0, "fpem/warmup_risk_total_common_term": 0.0, "fpem/warmup_risk_temperature": 0.0, "fpem/warmup_risk_temperature_progress": 0.0, "fpem/uniform_expert_mae": 0.0, "fpem/risk_routed_mae": 0.0, "fpem/risk_prediction_mae": 0.0, "fpem/risk_loss": 0.0, "fpem/risk_ranking_loss": 0.0, "fpem/risk_ranking_accuracy": 0.0, "fpem/risk_oracle_argmin_accuracy": 0.0, "fpem/risk_router_temperature": 0.0, "fpem/risk_router_lambda": 0.0, "fpem/risk_router_pairwise_lambda": 0.0, "fpem/env_route_train_mode_progressive_gmm_environment": 0.0, "fpem/top_level_prediction_source_progressive_gmm_teacher_hard": 0.0, "fpem/progressive_assignment_uses_target_or_prediction_error": 0.0, "fpem/progressive_partition_ready": 0.0, "fpem/progressive_selected_k": 0.0, "fpem/progressive_active_expert_count": 0.0, "fpem/progressive_last_partition_epoch": 0.0, "fpem/progressive_lambda_common": 0.0, "fpem/progressive_common_term": 0.0, "fpem/progressive_compactness_loss": 0.0, "fpem/progressive_consistency_loss": 0.0, "fpem/progressive_cluster_entropy": 0.0, "fpem/progressive_assignment_change_ratio": 0.0, "fpem/progressive_hungarian_overlap_score": 0.0, "fpem/progressive_partition_update_time_sec": 0.0, "fpem/progressive_routed_mae": 0.0, "fpem/progressive_gmm_environment_total_replaces_primary": 0.0, "fpem/env_route_count_head_0": 16.0, "fpem/env_route_oracle_count_head_0": 16.0, "fpem/route_count_env_head_0": 16.0, "fpem/route_soft_mean_expert_0": 1.0, "fpem/route_hard_count_expert_0": 16.0, "fpem/hard_count_expert_0": 16.0, "fpem/sinkhorn_soft_col_mass_expert_0": 0.0, "fpem/progressive_active_expert_0": 0.0, "fpem/progressive_cluster_size_0": 0.0, "fpem/progressive_cluster_ratio_0": 0.0, "fpem/progressive_cluster_to_expert_0": 0.0, "fpem/progressive_bic_k1": 0.0, "fpem/progressive_bic_score_k1": 0.0, "fpem/progressive_bic_rejected_k1": 0.0, "fpem/hyper_alpha_head_0": 0.0, "fpem/hyper_gamma_norm_head_0": 0.0, "fpem/hyper_beta_norm_head_0": 0.0, "fpem/expert_cross_mae_group_0_expert_0": 9.458309591384161, "fpem/load_expert_loss": 9.458309591384161, "fpem/counterfactual_risk_router_loss": 1.3263680020968118, "fpem/counterfactual_risk_regression_loss": 0.9802342145215898, "fpem/counterfactual_risk_ranking_loss": 0.6922675757181077, "fpem/load_level_assignment_detached": 1.0, "fpem/load_level_count_0": 1680.0, "fpem/load_level_ratio_0": 1.0, "fpem/expert_0_global_loss": 9.458309591384161, "fpem/expert_0_selected_loss": 9.458309591384161, "fpem/counterfactual_risk_stage2_active": 1.0, "fpem/counterfactual_risk_stage2_start_epoch": 20.0, "fpem/counterfactual_risk_all_environment_mae": 9.458309591384161, "fpem/counterfactual_risk_all_invariant_mae": 9.662237462543306, "fpem/counterfactual_risk_routed_mae": 9.529527941204252, "fpem/counterfactual_risk_oracle_mae": 9.39490771974836, "fpem/counterfactual_risk_router_accuracy": 0.5386904761904762, "fpem/counterfactual_risk_router_balanced_accuracy": 0.5219590714999608, "fpem/counterfactual_risk_inv_route_ratio": 0.44702380952380955, "fpem/counterfactual_risk_env_route_ratio": 0.5529761904761905, "fpem/counterfactual_risk_inv_switch_precision": 0.3091112650576092, "fpem/counterfactual_risk_correct_inv_switches": 2.2285714285714286, "fpem/counterfactual_risk_harmful_inv_switches": 4.923809523809524, "fpem/counterfactual_risk_saved_loss": 0.02829142283825647, "fpem/counterfactual_risk_added_loss": 0.09950977095535823, "fpem/counterfactual_risk_net_gain": -0.0712183498200916, "fpem/counterfactual_risk_regret": 0.13462022145589192, "fpem/counterfactual_risk_oracle_gap_closed": -1911.7048928048994, "fpem/counterfactual_risk_delta_mean": -0.2039279003938039, "fpem/counterfactual_risk_target_inv_ratio": 0.29285714285714287, "fpem/counterfactual_risk_weight_env_sum": 8.076190403529576, "fpem/counterfactual_risk_weight_inv_sum": 7.92380945568993, "fpem/counterfactual_risk_prediction_is_hard_route": 1.0, "fpem/counterfactual_risk_prediction_is_soft_fusion": 0.0, "fpem/counterfactual_risk_target_detached": 1.0, "fpem/counterfactual_risk_uses_threshold": 0.0, "fpem/counterfactual_risk_all_samples_used_for_router": 1.0, "fpem/hard_router_predicted_env_ratio": 0.5529761904761905, "fpem/hard_router_effective_env_ratio": 1.0, "fpem/hard_router_target_env_ratio": 0.7071428571428572, "fpem/hard_router_gain_mean": -0.2039279003938039, "fpem/expert_prediction_pairwise_difference": 0.0, "fpem/delta_pairwise_cosine": 0.0, "fpem/delta_pairwise_l1": 0.0, "fpem/delta_pairwise_l2": 0.0, "fpem/expert_0_parameter_norm": 14.900517463684082, "fpem/hard_binary_router_enabled": 0.0, "fpem/hard_router_uses_target_in_forward": 0.0, "fpem/stored_future_c_loaded": 0.0, "fpem/prediction_is_weighted_complete_fusion": 0.0, "fpem/prediction_is_hard_route": 1.0, "fpem/conservative_inv_override_enabled": 0.0, "fpem/conservative_router_features_detached": 1.0, "fpem/counterfactual_risk_router_enabled": 1.0, "fpem/counterfactual_risk_stage2_active_forward": 1.0, "fpem/counterfactual_risk_deploy_route_active": 0.0, "fpem/counterfactual_risk_training_uses_route": 0.0, "fpem/counterfactual_risk_forward_uses_threshold": 0.0, "fpem/future_mi_loss": 0.0, "fpem/future_mi_valid": 0.0, "fpem/future_mi_logvar_mean": 0.0, "fpem/future_mi_target_mode_env_encoder": 0.0, "fpem/swap_loss": 0.0, "fpem/swap_diff_loss": 0.0, "fpem/swap_same_loss": 0.0, "fpem/swap_gain_mean": 0.0, "fpem/swap_s_gain_mean": 0.0, "fpem/swap_fallback_router_loss": 0.0, "fpem/swap_fallback_q_mean": 0.0, "fpem/swap_prediction_delta": 0.0, "fpem/swap_route_delta": 0.0, "fpem/swap_hyper_alpha_delta": 0.0, "fpem/swap_hyper_delta_norm": 0.0, "fpem/loss_env_day": 0.0, "fpem/loss_env_hour": 0.0, "fpem/loss_env_rush": 0.0, "fpem/env_day_acc": 0.0, "fpem/env_hour_acc": 0.0, "fpem/env_rush_acc": 0.0, "fpem/loss_env_supcon": 0.0, "fpem/env_supcon_valid_pairs": 0.0, "fpem/loss_inv_env_adv": 0.0, "fpem/inv_day_acc": 0.0, "fpem/inv_hour_acc": 0.0, "fpem/inv_rush_acc": 0.0, "fpem/loss_cross_cov_sep": 0.0, "fpem/confounder_dep_enabled": 0.0, "fpem/confounder_dep_mode_gci": 1.0, "fpem/confounder_dep_mode_scd": 0.0, "fpem/confounder_dep_mode_both": 0.0, "fpem/confounder_dep_total": 0.0, "fpem/loss_gci": 0.0, "fpem/loss_gci_drop": 0.0, "fpem/loss_gci_keep": 0.0, "fpem/loss_gci_graph_align": 0.0, "fpem/loss_scd": 0.0, "fpem/loss_conf_kl": 0.0, "fpem/effective_gci_weight": 0.0, "fpem/effective_gci_graph_align_weight": 0.0, "fpem/effective_scd_weight": 0.0, "fpem/effective_conf_kl_weight": 0.0, "fpem/confounder_dep_ramp_factor": 0.0, "fpem/C_mean": 0.0, "fpem/C_std": 0.0, "fpem/C_norm": 0.0, "fpem/confounder_token_norm": 0.0, "fpem/confounder_variational": 0.0, "fpem/confounder_projection_trace": 0.0, "fpem/confounder_projection_ridge": 0.0, "fpem/confounder_projection_rank_dim": 0.0, "fpem/confounder_projection_calls": 0.0, "fpem/confounder_dep_detach_target": 0.0, "fpem/gci_nonedge_mass_before_C": 0.0, "fpem/gci_nonedge_mass_after_C": 0.0, "fpem/gci_nonedge_mass_reduction": 0.0, "fpem/gci_relative_violation": 0.0, "fpem/gci_edge_before_C": 0.0, "fpem/gci_edge_after_C": 0.0, "fpem/gci_nonedge_conn_before_C": 0.0, "fpem/gci_nonedge_conn_after_C": 0.0, "fpem/gci_nonedge_conn_reduction": 0.0, "fpem/gci_edge_conn_before_C": 0.0, "fpem/gci_edge_conn_after_C": 0.0, "fpem/gci_edge_conn_reduction": 0.0, "fpem/gci_nonedge_dep_before_C": 0.0, "fpem/gci_nonedge_dep_after_C": 0.0, "fpem/gci_nonedge_dep_reduction": 0.0, "fpem/gci_edge_dep_before_C": 0.0, "fpem/gci_edge_dep_after_C": 0.0, "fpem/gci_nonedge_count": 0.0, "fpem/gci_edge_count": 0.0, "fpem/gci_node_count": 0.0, "fpem/gci_node_vector_dim": 0.0, "fpem/gci_graph_embed_dim": 0.0, "fpem/gci_graph_embedding_norm_before": 0.0, "fpem/gci_graph_embedding_norm_after": 0.0, "fpem/gci_graph_embedding_std_before": 0.0, "fpem/gci_graph_embedding_std_after": 0.0, "fpem/gci_graph_adj_mean_before": 0.0, "fpem/gci_graph_adj_mean_after": 0.0, "fpem/gci_graph_adj_std_before": 0.0, "fpem/gci_graph_adj_std_after": 0.0, "fpem/gci_graph_align_weight": 0.0, "fpem/gci_graph_align_raw_mse": 0.0, "fpem/gci_graph_align_normalized": 0.0, "fpem/gci_edge_preserve_beta": 0.0, "fpem/gci_graph_align_target_available": 0.0, "fpem/gci_target_adj_mean": 0.0, "fpem/gci_target_adj_std": 0.0, "fpem/gci_target_edge_mean": 0.0, "fpem/gci_target_nonedge_mean": 0.0, "fpem/gci_target_diag_mean": 0.0, "fpem/gci_graph_align_updates_agcrn": 0.0, "fpem/gci_updates_graph_linear": 0.0, "fpem/gci_graph_construction_agcrn_softmax": 0.0, "fpem/scd_assoc_before_C": 0.0, "fpem/scd_assoc_after_C": 0.0, "fpem/scd_assoc_reduction": 0.0, "fpem/scd_relative_violation": 0.0, "fpem/sample_assoc_before_C": 0.0, "fpem/sample_assoc_after_C": 0.0, "fpem/sample_assoc_reduction": 0.0, "fpem/sample_dep_before_C": 0.0, "fpem/sample_dep_after_C": 0.0, "fpem/sample_dep_reduction": 0.0, "fpem/scd_batch_size": 0.0, "fpem/scd_sample_vector_dim": 0.0, "fpem/sample_kernel_alignment": 0.0, "fpem/scd_alignment_loss": 0.0, "fpem/load_level_experts_enabled": 1.0, "fpem/load_level_uses_target_or_future_load": 0.0, "fpem/environment_gate_uses_target_in_forward": 0.0, "fpem/load_level_env_residual_scale": 0.0, "fpem/uses_cached_observable_load_prior": 1.0, "fpem/primary_loss": 9.046230924697149, "fpem/inv_pred_loss": 9.215491022382464, "fpem/primary_uses_route": 1.0, "fpem/primary_uses_env_fusion": 0.0, "fpem/backbone_agcrn": 1.0, "fpem/backbone_graphwavenet": 0.0, "fpem/backbone_staeformer": 0.0, "fpem/gc_pred_loss_only": 1.0, "fpem/env_route_head_mode_hyper_proto": 1.0, "fpem/fpem_force_uniform_route": 0.0, "fpem/hard_prediction_sinkhorn_total_replaces_primary": 0.0, "fpem/hard_prediction_environment_sinkhorn_total_replaces_primary": 0.0, "fpem/warmup_risk_sinkhorn_total_replaces_primary": 0.0, "fpem/lambda_club_mi": 0.0}}
EPOCH {"epoch": 33, "train_loss": 1.3313546055839176, "val": {"loss": 11.881359603669909, "mae": 11.677713394165039, "mape": 0.18586377799510956}, "test_mixed": {"loss": NaN, "mae": NaN, "mape": NaN}, "test_workday": {"loss": NaN, "mae": NaN, "mape": NaN}, "test_holiday": {"loss": NaN, "mae": NaN, "mape": NaN}, "test_avg_mae": NaN, "best_selection_value": 11.881359603669909, "best_selection_split": "val", "best_selection_metric": "val_loss", "lr": 0.001, "fpem_logs": {"fpem/fpem_env_use_exogenous": 1.0, "fpem/env_exogenous_available": 1.0, "fpem/env_exogenous_time_available": 1.0, "fpem/env_exogenous_load_available": 1.0, "fpem/env_exogenous_feature_dim": 32.0, "fpem/env_exogenous_embedding_norm": 2.7352162088666643, "fpem/env_exogenous_load_embedding_norm": 1.9391578424544562, "fpem/env_rep_ablation_normal": 1.0, "fpem/env_rep_ablation_zero": 0.0, "fpem/env_rep_ablation_shuffle_batch": 0.0, "fpem/env_rep_ablation_mode_id": 0.0, "fpem/mask_loss": 0.0, "fpem/mask_sparse_loss": 0.0, "fpem/mask_entropy_loss": 0.0, "fpem/mask_mean": 1.0, "fpem/mask_entropy": 0.0, "fpem/mask_active_ratio": 1.0, "fpem/fusion_alpha_mean": 0.0, "fpem/fusion_alpha_std": 0.0, "fpem/fusion_alpha_min": 0.0, "fpem/fusion_alpha_max": 0.0, "fpem/env_route_loss": 1.3313546055839176, "fpem/env_route_L_final": 9.05162284033639, "fpem/env_route_L_global": 0.0, "fpem/env_route_L_route_soft": 0.0, "fpem/env_route_L_expert": 9.458286530630929, "fpem/env_route_L_router_oracle": 1.3313546055839176, "fpem/env_route_L_balance": 0.0, "fpem/env_route_L_diverse": 0.0, "fpem/env_route_L_proto_align": 0.0, "fpem/env_route_entropy": 0.0, "fpem/env_route_q_max_mean": 0.0, "fpem/hyper_alpha_mean": 0.0, "fpem/hyper_delta_norm": 0.0, "fpem/hyper_route_proto_mode_uniform_warmup": 0.0, "fpem/hyper_route_proto_mode_uniform_fixed": 0.0, "fpem/hyper_route_proto_mode_sinkhorn": 0.0, "fpem/hyper_route_proto_mode_softmax": 0.0, "fpem/fallback_q_mean": 0.0, "fpem/fallback_q_max": 0.0, "fpem/env_q_sum_mean": 1.0, "fpem/oracle_fallback_rate": 0.0, "fpem/route_count_fallback": 0.0, "fpem/env_route_head_mode": 1.0, "fpem/route_entropy_mean": 0.0, "fpem/route_mean_distribution_entropy": 0.0, "fpem/effective_expert_number": 1.0, "fpem/max_expert_usage_ratio": 0.0, "fpem/min_expert_usage_ratio": 0.0, "fpem/prototype_pairwise_cosine": 0.0, "fpem/expert_prediction_pairwise_cosine": 0.0, "fpem/expert_collapse_warning": 0.0, "fpem/env_route_target_mode_env_prototype": 0.0, "fpem/env_route_target_mode_hybrid": 0.0, "fpem/env_route_hybrid_alpha": 0.0, "fpem/env_route_train_mode_warmup_risk_sinkhorn": 0.0, "fpem/warmup_risk_stage_warmup": 0.0, "fpem/warmup_risk_stage_soft": 0.0, "fpem/warmup_risk_stage_hard": 0.0, "fpem/warmup_risk_selected_loss": 0.0, "fpem/warmup_risk_uniform_common_loss": 0.0, "fpem/warmup_risk_lambda_common": 0.0, "fpem/warmup_risk_total_common_term": 0.0, "fpem/warmup_risk_temperature": 0.0, "fpem/warmup_risk_temperature_progress": 0.0, "fpem/uniform_expert_mae": 0.0, "fpem/risk_routed_mae": 0.0, "fpem/risk_prediction_mae": 0.0, "fpem/risk_loss": 0.0, "fpem/risk_ranking_loss": 0.0, "fpem/risk_ranking_accuracy": 0.0, "fpem/risk_oracle_argmin_accuracy": 0.0, "fpem/risk_router_temperature": 0.0, "fpem/risk_router_lambda": 0.0, "fpem/risk_router_pairwise_lambda": 0.0, "fpem/env_route_train_mode_progressive_gmm_environment": 0.0, "fpem/top_level_prediction_source_progressive_gmm_teacher_hard": 0.0, "fpem/progressive_assignment_uses_target_or_prediction_error": 0.0, "fpem/progressive_partition_ready": 0.0, "fpem/progressive_selected_k": 0.0, "fpem/progressive_active_expert_count": 0.0, "fpem/progressive_last_partition_epoch": 0.0, "fpem/progressive_lambda_common": 0.0, "fpem/progressive_common_term": 0.0, "fpem/progressive_compactness_loss": 0.0, "fpem/progressive_consistency_loss": 0.0, "fpem/progressive_cluster_entropy": 0.0, "fpem/progressive_assignment_change_ratio": 0.0, "fpem/progressive_hungarian_overlap_score": 0.0, "fpem/progressive_partition_update_time_sec": 0.0, "fpem/progressive_routed_mae": 0.0, "fpem/progressive_gmm_environment_total_replaces_primary": 0.0, "fpem/env_route_count_head_0": 16.0, "fpem/env_route_oracle_count_head_0": 16.0, "fpem/route_count_env_head_0": 16.0, "fpem/route_soft_mean_expert_0": 1.0, "fpem/route_hard_count_expert_0": 16.0, "fpem/hard_count_expert_0": 16.0, "fpem/sinkhorn_soft_col_mass_expert_0": 0.0, "fpem/progressive_active_expert_0": 0.0, "fpem/progressive_cluster_size_0": 0.0, "fpem/progressive_cluster_ratio_0": 0.0, "fpem/progressive_cluster_to_expert_0": 0.0, "fpem/progressive_bic_k1": 0.0, "fpem/progressive_bic_score_k1": 0.0, "fpem/progressive_bic_rejected_k1": 0.0, "fpem/hyper_alpha_head_0": 0.0, "fpem/hyper_gamma_norm_head_0": 0.0, "fpem/hyper_beta_norm_head_0": 0.0, "fpem/expert_cross_mae_group_0_expert_0": 9.458286530630929, "fpem/load_expert_loss": 9.458286530630929, "fpem/counterfactual_risk_router_loss": 1.3313546055839176, "fpem/counterfactual_risk_regression_loss": 0.9873128500722703, "fpem/counterfactual_risk_ranking_loss": 0.6880835215250651, "fpem/load_level_assignment_detached": 1.0, "fpem/load_level_count_0": 1680.0, "fpem/load_level_ratio_0": 1.0, "fpem/expert_0_global_loss": 9.458286530630929, "fpem/expert_0_selected_loss": 9.458286530630929, "fpem/counterfactual_risk_stage2_active": 1.0, "fpem/counterfactual_risk_stage2_start_epoch": 20.0, "fpem/counterfactual_risk_all_environment_mae": 9.458286530630929, "fpem/counterfactual_risk_all_invariant_mae": 9.662237417130243, "fpem/counterfactual_risk_routed_mae": 9.532523918151856, "fpem/counterfactual_risk_oracle_mae": 9.394871239435105, "fpem/counterfactual_risk_router_accuracy": 0.5428571428571428, "fpem/counterfactual_risk_router_balanced_accuracy": 0.5221945128270558, "fpem/counterfactual_risk_inv_route_ratio": 0.44285714285714284, "fpem/counterfactual_risk_env_route_ratio": 0.5571428571428572, "fpem/counterfactual_risk_inv_switch_precision": 0.31327112586725325, "fpem/counterfactual_risk_correct_inv_switches": 2.2285714285714286, "fpem/counterfactual_risk_harmful_inv_switches": 4.857142857142857, "fpem/counterfactual_risk_saved_loss": 0.02927888376372201, "fpem/counterfactual_risk_added_loss": 0.1035162125314985, "fpem/counterfactual_risk_net_gain": -0.07423738752092635, "fpem/counterfactual_risk_regret": 0.13765267871675038, "fpem/counterfactual_risk_oracle_gap_closed": -4.1342351813401494, "fpem/counterfactual_risk_delta_mean": -0.203950906367529, "fpem/counterfactual_risk_target_inv_ratio": 0.29285714285714287, "fpem/counterfactual_risk_weight_env_sum": 7.999999931880406, "fpem/counterfactual_risk_weight_inv_sum": 7.999999950045631, "fpem/counterfactual_risk_prediction_is_hard_route": 1.0, "fpem/counterfactual_risk_prediction_is_soft_fusion": 0.0, "fpem/counterfactual_risk_target_detached": 1.0, "fpem/counterfactual_risk_uses_threshold": 0.0, "fpem/counterfactual_risk_all_samples_used_for_router": 1.0, "fpem/hard_router_predicted_env_ratio": 0.5571428571428572, "fpem/hard_router_effective_env_ratio": 1.0, "fpem/hard_router_target_env_ratio": 0.7071428571428572, "fpem/hard_router_gain_mean": -0.203950906367529, "fpem/expert_prediction_pairwise_difference": 0.0, "fpem/delta_pairwise_cosine": 0.0, "fpem/delta_pairwise_l1": 0.0, "fpem/delta_pairwise_l2": 0.0, "fpem/expert_0_parameter_norm": 14.900517463684082, "fpem/hard_binary_router_enabled": 0.0, "fpem/hard_router_uses_target_in_forward": 0.0, "fpem/stored_future_c_loaded": 0.0, "fpem/prediction_is_weighted_complete_fusion": 0.0, "fpem/prediction_is_hard_route": 1.0, "fpem/conservative_inv_override_enabled": 0.0, "fpem/conservative_router_features_detached": 1.0, "fpem/counterfactual_risk_router_enabled": 1.0, "fpem/counterfactual_risk_stage2_active_forward": 1.0, "fpem/counterfactual_risk_deploy_route_active": 0.0, "fpem/counterfactual_risk_training_uses_route": 0.0, "fpem/counterfactual_risk_forward_uses_threshold": 0.0, "fpem/future_mi_loss": 0.0, "fpem/future_mi_valid": 0.0, "fpem/future_mi_logvar_mean": 0.0, "fpem/future_mi_target_mode_env_encoder": 0.0, "fpem/swap_loss": 0.0, "fpem/swap_diff_loss": 0.0, "fpem/swap_same_loss": 0.0, "fpem/swap_gain_mean": 0.0, "fpem/swap_s_gain_mean": 0.0, "fpem/swap_fallback_router_loss": 0.0, "fpem/swap_fallback_q_mean": 0.0, "fpem/swap_prediction_delta": 0.0, "fpem/swap_route_delta": 0.0, "fpem/swap_hyper_alpha_delta": 0.0, "fpem/swap_hyper_delta_norm": 0.0, "fpem/loss_env_day": 0.0, "fpem/loss_env_hour": 0.0, "fpem/loss_env_rush": 0.0, "fpem/env_day_acc": 0.0, "fpem/env_hour_acc": 0.0, "fpem/env_rush_acc": 0.0, "fpem/loss_env_supcon": 0.0, "fpem/env_supcon_valid_pairs": 0.0, "fpem/loss_inv_env_adv": 0.0, "fpem/inv_day_acc": 0.0, "fpem/inv_hour_acc": 0.0, "fpem/inv_rush_acc": 0.0, "fpem/loss_cross_cov_sep": 0.0, "fpem/confounder_dep_enabled": 0.0, "fpem/confounder_dep_mode_gci": 1.0, "fpem/confounder_dep_mode_scd": 0.0, "fpem/confounder_dep_mode_both": 0.0, "fpem/confounder_dep_total": 0.0, "fpem/loss_gci": 0.0, "fpem/loss_gci_drop": 0.0, "fpem/loss_gci_keep": 0.0, "fpem/loss_gci_graph_align": 0.0, "fpem/loss_scd": 0.0, "fpem/loss_conf_kl": 0.0, "fpem/effective_gci_weight": 0.0, "fpem/effective_gci_graph_align_weight": 0.0, "fpem/effective_scd_weight": 0.0, "fpem/effective_conf_kl_weight": 0.0, "fpem/confounder_dep_ramp_factor": 0.0, "fpem/C_mean": 0.0, "fpem/C_std": 0.0, "fpem/C_norm": 0.0, "fpem/confounder_token_norm": 0.0, "fpem/confounder_variational": 0.0, "fpem/confounder_projection_trace": 0.0, "fpem/confounder_projection_ridge": 0.0, "fpem/confounder_projection_rank_dim": 0.0, "fpem/confounder_projection_calls": 0.0, "fpem/confounder_dep_detach_target": 0.0, "fpem/gci_nonedge_mass_before_C": 0.0, "fpem/gci_nonedge_mass_after_C": 0.0, "fpem/gci_nonedge_mass_reduction": 0.0, "fpem/gci_relative_violation": 0.0, "fpem/gci_edge_before_C": 0.0, "fpem/gci_edge_after_C": 0.0, "fpem/gci_nonedge_conn_before_C": 0.0, "fpem/gci_nonedge_conn_after_C": 0.0, "fpem/gci_nonedge_conn_reduction": 0.0, "fpem/gci_edge_conn_before_C": 0.0, "fpem/gci_edge_conn_after_C": 0.0, "fpem/gci_edge_conn_reduction": 0.0, "fpem/gci_nonedge_dep_before_C": 0.0, "fpem/gci_nonedge_dep_after_C": 0.0, "fpem/gci_nonedge_dep_reduction": 0.0, "fpem/gci_edge_dep_before_C": 0.0, "fpem/gci_edge_dep_after_C": 0.0, "fpem/gci_nonedge_count": 0.0, "fpem/gci_edge_count": 0.0, "fpem/gci_node_count": 0.0, "fpem/gci_node_vector_dim": 0.0, "fpem/gci_graph_embed_dim": 0.0, "fpem/gci_graph_embedding_norm_before": 0.0, "fpem/gci_graph_embedding_norm_after": 0.0, "fpem/gci_graph_embedding_std_before": 0.0, "fpem/gci_graph_embedding_std_after": 0.0, "fpem/gci_graph_adj_mean_before": 0.0, "fpem/gci_graph_adj_mean_after": 0.0, "fpem/gci_graph_adj_std_before": 0.0, "fpem/gci_graph_adj_std_after": 0.0, "fpem/gci_graph_align_weight": 0.0, "fpem/gci_graph_align_raw_mse": 0.0, "fpem/gci_graph_align_normalized": 0.0, "fpem/gci_edge_preserve_beta": 0.0, "fpem/gci_graph_align_target_available": 0.0, "fpem/gci_target_adj_mean": 0.0, "fpem/gci_target_adj_std": 0.0, "fpem/gci_target_edge_mean": 0.0, "fpem/gci_target_nonedge_mean": 0.0, "fpem/gci_target_diag_mean": 0.0, "fpem/gci_graph_align_updates_agcrn": 0.0, "fpem/gci_updates_graph_linear": 0.0, "fpem/gci_graph_construction_agcrn_softmax": 0.0, "fpem/scd_assoc_before_C": 0.0, "fpem/scd_assoc_after_C": 0.0, "fpem/scd_assoc_reduction": 0.0, "fpem/scd_relative_violation": 0.0, "fpem/sample_assoc_before_C": 0.0, "fpem/sample_assoc_after_C": 0.0, "fpem/sample_assoc_reduction": 0.0, "fpem/sample_dep_before_C": 0.0, "fpem/sample_dep_after_C": 0.0, "fpem/sample_dep_reduction": 0.0, "fpem/scd_batch_size": 0.0, "fpem/scd_sample_vector_dim": 0.0, "fpem/sample_kernel_alignment": 0.0, "fpem/scd_alignment_loss": 0.0, "fpem/load_level_experts_enabled": 1.0, "fpem/load_level_uses_target_or_future_load": 0.0, "fpem/environment_gate_uses_target_in_forward": 0.0, "fpem/load_level_env_residual_scale": 0.0, "fpem/uses_cached_observable_load_prior": 1.0, "fpem/primary_loss": 9.05162284033639, "fpem/inv_pred_loss": 9.220155507042294, "fpem/primary_uses_route": 1.0, "fpem/primary_uses_env_fusion": 0.0, "fpem/backbone_agcrn": 1.0, "fpem/backbone_graphwavenet": 0.0, "fpem/backbone_staeformer": 0.0, "fpem/gc_pred_loss_only": 1.0, "fpem/env_route_head_mode_hyper_proto": 1.0, "fpem/fpem_force_uniform_route": 0.0, "fpem/hard_prediction_sinkhorn_total_replaces_primary": 0.0, "fpem/hard_prediction_environment_sinkhorn_total_replaces_primary": 0.0, "fpem/warmup_risk_sinkhorn_total_replaces_primary": 0.0, "fpem/lambda_club_mi": 0.0}}
EPOCH {"epoch": 34, "train_loss": 1.2722854682377407, "val": {"loss": 11.884582175148857, "mae": 11.680123329162598, "mape": 0.1855478435754776}, "test_mixed": {"loss": NaN, "mae": NaN, "mape": NaN}, "test_workday": {"loss": NaN, "mae": NaN, "mape": NaN}, "test_holiday": {"loss": NaN, "mae": NaN, "mape": NaN}, "test_avg_mae": NaN, "best_selection_value": 11.884582175148857, "best_selection_split": "val", "best_selection_metric": "val_loss", "lr": 0.001, "fpem_logs": {"fpem/fpem_env_use_exogenous": 1.0, "fpem/env_exogenous_available": 1.0, "fpem/env_exogenous_time_available": 1.0, "fpem/env_exogenous_load_available": 1.0, "fpem/env_exogenous_feature_dim": 32.0, "fpem/env_exogenous_embedding_norm": 2.735216240655808, "fpem/env_exogenous_load_embedding_norm": 1.9391578435897827, "fpem/env_rep_ablation_normal": 1.0, "fpem/env_rep_ablation_zero": 0.0, "fpem/env_rep_ablation_shuffle_batch": 0.0, "fpem/env_rep_ablation_mode_id": 0.0, "fpem/mask_loss": 0.0, "fpem/mask_sparse_loss": 0.0, "fpem/mask_entropy_loss": 0.0, "fpem/mask_mean": 1.0, "fpem/mask_entropy": 0.0, "fpem/mask_active_ratio": 1.0, "fpem/fusion_alpha_mean": 0.0, "fpem/fusion_alpha_std": 0.0, "fpem/fusion_alpha_min": 0.0, "fpem/fusion_alpha_max": 0.0, "fpem/env_route_loss": 1.2722854682377407, "fpem/env_route_L_final": 9.044257500058128, "fpem/env_route_L_global": 0.0, "fpem/env_route_L_route_soft": 0.0, "fpem/env_route_L_expert": 9.458271898542131, "fpem/env_route_L_router_oracle": 1.2722854682377407, "fpem/env_route_L_balance": 0.0, "fpem/env_route_L_diverse": 0.0, "fpem/env_route_L_proto_align": 0.0, "fpem/env_route_entropy": 0.0, "fpem/env_route_q_max_mean": 0.0, "fpem/hyper_alpha_mean": 0.0, "fpem/hyper_delta_norm": 0.0, "fpem/hyper_route_proto_mode_uniform_warmup": 0.0, "fpem/hyper_route_proto_mode_uniform_fixed": 0.0, "fpem/hyper_route_proto_mode_sinkhorn": 0.0, "fpem/hyper_route_proto_mode_softmax": 0.0, "fpem/fallback_q_mean": 0.0, "fpem/fallback_q_max": 0.0, "fpem/env_q_sum_mean": 1.0, "fpem/oracle_fallback_rate": 0.0, "fpem/route_count_fallback": 0.0, "fpem/env_route_head_mode": 1.0, "fpem/route_entropy_mean": 0.0, "fpem/route_mean_distribution_entropy": 0.0, "fpem/effective_expert_number": 1.0, "fpem/max_expert_usage_ratio": 0.0, "fpem/min_expert_usage_ratio": 0.0, "fpem/prototype_pairwise_cosine": 0.0, "fpem/expert_prediction_pairwise_cosine": 0.0, "fpem/expert_collapse_warning": 0.0, "fpem/env_route_target_mode_env_prototype": 0.0, "fpem/env_route_target_mode_hybrid": 0.0, "fpem/env_route_hybrid_alpha": 0.0, "fpem/env_route_train_mode_warmup_risk_sinkhorn": 0.0, "fpem/warmup_risk_stage_warmup": 0.0, "fpem/warmup_risk_stage_soft": 0.0, "fpem/warmup_risk_stage_hard": 0.0, "fpem/warmup_risk_selected_loss": 0.0, "fpem/warmup_risk_uniform_common_loss": 0.0, "fpem/warmup_risk_lambda_common": 0.0, "fpem/warmup_risk_total_common_term": 0.0, "fpem/warmup_risk_temperature": 0.0, "fpem/warmup_risk_temperature_progress": 0.0, "fpem/uniform_expert_mae": 0.0, "fpem/risk_routed_mae": 0.0, "fpem/risk_prediction_mae": 0.0, "fpem/risk_loss": 0.0, "fpem/risk_ranking_loss": 0.0, "fpem/risk_ranking_accuracy": 0.0, "fpem/risk_oracle_argmin_accuracy": 0.0, "fpem/risk_router_temperature": 0.0, "fpem/risk_router_lambda": 0.0, "fpem/risk_router_pairwise_lambda": 0.0, "fpem/env_route_train_mode_progressive_gmm_environment": 0.0, "fpem/top_level_prediction_source_progressive_gmm_teacher_hard": 0.0, "fpem/progressive_assignment_uses_target_or_prediction_error": 0.0, "fpem/progressive_partition_ready": 0.0, "fpem/progressive_selected_k": 0.0, "fpem/progressive_active_expert_count": 0.0, "fpem/progressive_last_partition_epoch": 0.0, "fpem/progressive_lambda_common": 0.0, "fpem/progressive_common_term": 0.0, "fpem/progressive_compactness_loss": 0.0, "fpem/progressive_consistency_loss": 0.0, "fpem/progressive_cluster_entropy": 0.0, "fpem/progressive_assignment_change_ratio": 0.0, "fpem/progressive_hungarian_overlap_score": 0.0, "fpem/progressive_partition_update_time_sec": 0.0, "fpem/progressive_routed_mae": 0.0, "fpem/progressive_gmm_environment_total_replaces_primary": 0.0, "fpem/env_route_count_head_0": 16.0, "fpem/env_route_oracle_count_head_0": 16.0, "fpem/route_count_env_head_0": 16.0, "fpem/route_soft_mean_expert_0": 1.0, "fpem/route_hard_count_expert_0": 16.0, "fpem/hard_count_expert_0": 16.0, "fpem/sinkhorn_soft_col_mass_expert_0": 0.0, "fpem/progressive_active_expert_0": 0.0, "fpem/progressive_cluster_size_0": 0.0, "fpem/progressive_cluster_ratio_0": 0.0, "fpem/progressive_cluster_to_expert_0": 0.0, "fpem/progressive_bic_k1": 0.0, "fpem/progressive_bic_score_k1": 0.0, "fpem/progressive_bic_rejected_k1": 0.0, "fpem/hyper_alpha_head_0": 0.0, "fpem/hyper_gamma_norm_head_0": 0.0, "fpem/hyper_beta_norm_head_0": 0.0, "fpem/expert_cross_mae_group_0_expert_0": 9.458271898542131, "fpem/load_expert_loss": 9.458271898542131, "fpem/counterfactual_risk_router_loss": 1.2722854682377407, "fpem/counterfactual_risk_regression_loss": 0.931413603254727, "fpem/counterfactual_risk_ranking_loss": 0.6817437265600477, "fpem/load_level_assignment_detached": 1.0, "fpem/load_level_count_0": 1680.0, "fpem/load_level_ratio_0": 1.0, "fpem/expert_0_global_loss": 9.458271898542131, "fpem/expert_0_selected_loss": 9.458271898542131, "fpem/counterfactual_risk_stage2_active": 1.0, "fpem/counterfactual_risk_stage2_start_epoch": 20.0, "fpem/counterfactual_risk_all_environment_mae": 9.458271898542131, "fpem/counterfactual_risk_all_invariant_mae": 9.662237517038982, "fpem/counterfactual_risk_routed_mae": 9.522444747743153, "fpem/counterfactual_risk_oracle_mae": 9.394877361115956, "fpem/counterfactual_risk_router_accuracy": 0.5625, "fpem/counterfactual_risk_router_balanced_accuracy": 0.5497358433547475, "fpem/counterfactual_risk_inv_route_ratio": 0.44821428571428573, "fpem/counterfactual_risk_env_route_ratio": 0.5517857142857143, "fpem/counterfactual_risk_inv_switch_precision": 0.3291539727222352, "fpem/counterfactual_risk_correct_inv_switches": 2.4285714285714284, "fpem/counterfactual_risk_harmful_inv_switches": 4.742857142857143, "fpem/counterfactual_risk_saved_loss": 0.031071798716272626, "fpem/counterfactual_risk_added_loss": 0.09524463443529038, "fpem/counterfactual_risk_net_gain": -0.06417284920102075, "fpem/counterfactual_risk_regret": 0.12756738662719727, "fpem/counterfactual_risk_oracle_gap_closed": -2257.7456288797694, "fpem/counterfactual_risk_delta_mean": -0.2039655993382136, "fpem/counterfactual_risk_target_inv_ratio": 0.29285714285714287, "fpem/counterfactual_risk_weight_env_sum": 8.15238089334397, "fpem/counterfactual_risk_weight_inv_sum": 7.84761898404076, "fpem/counterfactual_risk_prediction_is_hard_route": 1.0, "fpem/counterfactual_risk_prediction_is_soft_fusion": 0.0, "fpem/counterfactual_risk_target_detached": 1.0, "fpem/counterfactual_risk_uses_threshold": 0.0, "fpem/counterfactual_risk_all_samples_used_for_router": 1.0, "fpem/hard_router_predicted_env_ratio": 0.5517857142857143, "fpem/hard_router_effective_env_ratio": 1.0, "fpem/hard_router_target_env_ratio": 0.7071428571428572, "fpem/hard_router_gain_mean": -0.2039655993382136, "fpem/expert_prediction_pairwise_difference": 0.0, "fpem/delta_pairwise_cosine": 0.0, "fpem/delta_pairwise_l1": 0.0, "fpem/delta_pairwise_l2": 0.0, "fpem/expert_0_parameter_norm": 14.900517463684082, "fpem/hard_binary_router_enabled": 0.0, "fpem/hard_router_uses_target_in_forward": 0.0, "fpem/stored_future_c_loaded": 0.0, "fpem/prediction_is_weighted_complete_fusion": 0.0, "fpem/prediction_is_hard_route": 1.0, "fpem/conservative_inv_override_enabled": 0.0, "fpem/conservative_router_features_detached": 1.0, "fpem/counterfactual_risk_router_enabled": 1.0, "fpem/counterfactual_risk_stage2_active_forward": 1.0, "fpem/counterfactual_risk_deploy_route_active": 0.0, "fpem/counterfactual_risk_training_uses_route": 0.0, "fpem/counterfactual_risk_forward_uses_threshold": 0.0, "fpem/future_mi_loss": 0.0, "fpem/future_mi_valid": 0.0, "fpem/future_mi_logvar_mean": 0.0, "fpem/future_mi_target_mode_env_encoder": 0.0, "fpem/swap_loss": 0.0, "fpem/swap_diff_loss": 0.0, "fpem/swap_same_loss": 0.0, "fpem/swap_gain_mean": 0.0, "fpem/swap_s_gain_mean": 0.0, "fpem/swap_fallback_router_loss": 0.0, "fpem/swap_fallback_q_mean": 0.0, "fpem/swap_prediction_delta": 0.0, "fpem/swap_route_delta": 0.0, "fpem/swap_hyper_alpha_delta": 0.0, "fpem/swap_hyper_delta_norm": 0.0, "fpem/loss_env_day": 0.0, "fpem/loss_env_hour": 0.0, "fpem/loss_env_rush": 0.0, "fpem/env_day_acc": 0.0, "fpem/env_hour_acc": 0.0, "fpem/env_rush_acc": 0.0, "fpem/loss_env_supcon": 0.0, "fpem/env_supcon_valid_pairs": 0.0, "fpem/loss_inv_env_adv": 0.0, "fpem/inv_day_acc": 0.0, "fpem/inv_hour_acc": 0.0, "fpem/inv_rush_acc": 0.0, "fpem/loss_cross_cov_sep": 0.0, "fpem/confounder_dep_enabled": 0.0, "fpem/confounder_dep_mode_gci": 1.0, "fpem/confounder_dep_mode_scd": 0.0, "fpem/confounder_dep_mode_both": 0.0, "fpem/confounder_dep_total": 0.0, "fpem/loss_gci": 0.0, "fpem/loss_gci_drop": 0.0, "fpem/loss_gci_keep": 0.0, "fpem/loss_gci_graph_align": 0.0, "fpem/loss_scd": 0.0, "fpem/loss_conf_kl": 0.0, "fpem/effective_gci_weight": 0.0, "fpem/effective_gci_graph_align_weight": 0.0, "fpem/effective_scd_weight": 0.0, "fpem/effective_conf_kl_weight": 0.0, "fpem/confounder_dep_ramp_factor": 0.0, "fpem/C_mean": 0.0, "fpem/C_std": 0.0, "fpem/C_norm": 0.0, "fpem/confounder_token_norm": 0.0, "fpem/confounder_variational": 0.0, "fpem/confounder_projection_trace": 0.0, "fpem/confounder_projection_ridge": 0.0, "fpem/confounder_projection_rank_dim": 0.0, "fpem/confounder_projection_calls": 0.0, "fpem/confounder_dep_detach_target": 0.0, "fpem/gci_nonedge_mass_before_C": 0.0, "fpem/gci_nonedge_mass_after_C": 0.0, "fpem/gci_nonedge_mass_reduction": 0.0, "fpem/gci_relative_violation": 0.0, "fpem/gci_edge_before_C": 0.0, "fpem/gci_edge_after_C": 0.0, "fpem/gci_nonedge_conn_before_C": 0.0, "fpem/gci_nonedge_conn_after_C": 0.0, "fpem/gci_nonedge_conn_reduction": 0.0, "fpem/gci_edge_conn_before_C": 0.0, "fpem/gci_edge_conn_after_C": 0.0, "fpem/gci_edge_conn_reduction": 0.0, "fpem/gci_nonedge_dep_before_C": 0.0, "fpem/gci_nonedge_dep_after_C": 0.0, "fpem/gci_nonedge_dep_reduction": 0.0, "fpem/gci_edge_dep_before_C": 0.0, "fpem/gci_edge_dep_after_C": 0.0, "fpem/gci_nonedge_count": 0.0, "fpem/gci_edge_count": 0.0, "fpem/gci_node_count": 0.0, "fpem/gci_node_vector_dim": 0.0, "fpem/gci_graph_embed_dim": 0.0, "fpem/gci_graph_embedding_norm_before": 0.0, "fpem/gci_graph_embedding_norm_after": 0.0, "fpem/gci_graph_embedding_std_before": 0.0, "fpem/gci_graph_embedding_std_after": 0.0, "fpem/gci_graph_adj_mean_before": 0.0, "fpem/gci_graph_adj_mean_after": 0.0, "fpem/gci_graph_adj_std_before": 0.0, "fpem/gci_graph_adj_std_after": 0.0, "fpem/gci_graph_align_weight": 0.0, "fpem/gci_graph_align_raw_mse": 0.0, "fpem/gci_graph_align_normalized": 0.0, "fpem/gci_edge_preserve_beta": 0.0, "fpem/gci_graph_align_target_available": 0.0, "fpem/gci_target_adj_mean": 0.0, "fpem/gci_target_adj_std": 0.0, "fpem/gci_target_edge_mean": 0.0, "fpem/gci_target_nonedge_mean": 0.0, "fpem/gci_target_diag_mean": 0.0, "fpem/gci_graph_align_updates_agcrn": 0.0, "fpem/gci_updates_graph_linear": 0.0, "fpem/gci_graph_construction_agcrn_softmax": 0.0, "fpem/scd_assoc_before_C": 0.0, "fpem/scd_assoc_after_C": 0.0, "fpem/scd_assoc_reduction": 0.0, "fpem/scd_relative_violation": 0.0, "fpem/sample_assoc_before_C": 0.0, "fpem/sample_assoc_after_C": 0.0, "fpem/sample_assoc_reduction": 0.0, "fpem/sample_dep_before_C": 0.0, "fpem/sample_dep_after_C": 0.0, "fpem/sample_dep_reduction": 0.0, "fpem/scd_batch_size": 0.0, "fpem/scd_sample_vector_dim": 0.0, "fpem/sample_kernel_alignment": 0.0, "fpem/scd_alignment_loss": 0.0, "fpem/load_level_experts_enabled": 1.0, "fpem/load_level_uses_target_or_future_load": 0.0, "fpem/environment_gate_uses_target_in_forward": 0.0, "fpem/load_level_env_residual_scale": 0.0, "fpem/uses_cached_observable_load_prior": 1.0, "fpem/primary_loss": 9.044257500058128, "fpem/inv_pred_loss": 9.213318048204695, "fpem/primary_uses_route": 1.0, "fpem/primary_uses_env_fusion": 0.0, "fpem/backbone_agcrn": 1.0, "fpem/backbone_graphwavenet": 0.0, "fpem/backbone_staeformer": 0.0, "fpem/gc_pred_loss_only": 1.0, "fpem/env_route_head_mode_hyper_proto": 1.0, "fpem/fpem_force_uniform_route": 0.0, "fpem/hard_prediction_sinkhorn_total_replaces_primary": 0.0, "fpem/hard_prediction_environment_sinkhorn_total_replaces_primary": 0.0, "fpem/warmup_risk_sinkhorn_total_replaces_primary": 0.0, "fpem/lambda_club_mi": 0.0}}
EPOCH {"epoch": 35, "train_loss": 1.2870704162688482, "val": {"loss": 11.87953488032023, "mae": 11.673239707946777, "mape": 0.18470412492752075}, "test_mixed": {"loss": NaN, "mae": NaN, "mape": NaN}, "test_workday": {"loss": NaN, "mae": NaN, "mape": NaN}, "test_holiday": {"loss": NaN, "mae": NaN, "mape": NaN}, "test_avg_mae": NaN, "best_selection_value": 11.87953488032023, "best_selection_split": "val", "best_selection_metric": "val_loss", "lr": 0.001, "fpem_logs": {"fpem/fpem_env_use_exogenous": 1.0, "fpem/env_exogenous_available": 1.0, "fpem/env_exogenous_time_available": 1.0, "fpem/env_exogenous_load_available": 1.0, "fpem/env_exogenous_feature_dim": 32.0, "fpem/env_exogenous_embedding_norm": 2.7352162315731956, "fpem/env_exogenous_load_embedding_norm": 1.9391578424544562, "fpem/env_rep_ablation_normal": 1.0, "fpem/env_rep_ablation_zero": 0.0, "fpem/env_rep_ablation_shuffle_batch": 0.0, "fpem/env_rep_ablation_mode_id": 0.0, "fpem/mask_loss": 0.0, "fpem/mask_sparse_loss": 0.0, "fpem/mask_entropy_loss": 0.0, "fpem/mask_mean": 1.0, "fpem/mask_entropy": 0.0, "fpem/mask_active_ratio": 1.0, "fpem/fusion_alpha_mean": 0.0, "fpem/fusion_alpha_std": 0.0, "fpem/fusion_alpha_min": 0.0, "fpem/fusion_alpha_max": 0.0, "fpem/env_route_loss": 1.2870704162688482, "fpem/env_route_L_final": 9.046148826962426, "fpem/env_route_L_global": 0.0, "fpem/env_route_L_route_soft": 0.0, "fpem/env_route_L_expert": 9.458284854888916, "fpem/env_route_L_router_oracle": 1.2870704162688482, "fpem/env_route_L_balance": 0.0, "fpem/env_route_L_diverse": 0.0, "fpem/env_route_L_proto_align": 0.0, "fpem/env_route_entropy": 0.0, "fpem/env_route_q_max_mean": 0.0, "fpem/hyper_alpha_mean": 0.0, "fpem/hyper_delta_norm": 0.0, "fpem/hyper_route_proto_mode_uniform_warmup": 0.0, "fpem/hyper_route_proto_mode_uniform_fixed": 0.0, "fpem/hyper_route_proto_mode_sinkhorn": 0.0, "fpem/hyper_route_proto_mode_softmax": 0.0, "fpem/fallback_q_mean": 0.0, "fpem/fallback_q_max": 0.0, "fpem/env_q_sum_mean": 1.0, "fpem/oracle_fallback_rate": 0.0, "fpem/route_count_fallback": 0.0, "fpem/env_route_head_mode": 1.0, "fpem/route_entropy_mean": 0.0, "fpem/route_mean_distribution_entropy": 0.0, "fpem/effective_expert_number": 1.0, "fpem/max_expert_usage_ratio": 0.0, "fpem/min_expert_usage_ratio": 0.0, "fpem/prototype_pairwise_cosine": 0.0, "fpem/expert_prediction_pairwise_cosine": 0.0, "fpem/expert_collapse_warning": 0.0, "fpem/env_route_target_mode_env_prototype": 0.0, "fpem/env_route_target_mode_hybrid": 0.0, "fpem/env_route_hybrid_alpha": 0.0, "fpem/env_route_train_mode_warmup_risk_sinkhorn": 0.0, "fpem/warmup_risk_stage_warmup": 0.0, "fpem/warmup_risk_stage_soft": 0.0, "fpem/warmup_risk_stage_hard": 0.0, "fpem/warmup_risk_selected_loss": 0.0, "fpem/warmup_risk_uniform_common_loss": 0.0, "fpem/warmup_risk_lambda_common": 0.0, "fpem/warmup_risk_total_common_term": 0.0, "fpem/warmup_risk_temperature": 0.0, "fpem/warmup_risk_temperature_progress": 0.0, "fpem/uniform_expert_mae": 0.0, "fpem/risk_routed_mae": 0.0, "fpem/risk_prediction_mae": 0.0, "fpem/risk_loss": 0.0, "fpem/risk_ranking_loss": 0.0, "fpem/risk_ranking_accuracy": 0.0, "fpem/risk_oracle_argmin_accuracy": 0.0, "fpem/risk_router_temperature": 0.0, "fpem/risk_router_lambda": 0.0, "fpem/risk_router_pairwise_lambda": 0.0, "fpem/env_route_train_mode_progressive_gmm_environment": 0.0, "fpem/top_level_prediction_source_progressive_gmm_teacher_hard": 0.0, "fpem/progressive_assignment_uses_target_or_prediction_error": 0.0, "fpem/progressive_partition_ready": 0.0, "fpem/progressive_selected_k": 0.0, "fpem/progressive_active_expert_count": 0.0, "fpem/progressive_last_partition_epoch": 0.0, "fpem/progressive_lambda_common": 0.0, "fpem/progressive_common_term": 0.0, "fpem/progressive_compactness_loss": 0.0, "fpem/progressive_consistency_loss": 0.0, "fpem/progressive_cluster_entropy": 0.0, "fpem/progressive_assignment_change_ratio": 0.0, "fpem/progressive_hungarian_overlap_score": 0.0, "fpem/progressive_partition_update_time_sec": 0.0, "fpem/progressive_routed_mae": 0.0, "fpem/progressive_gmm_environment_total_replaces_primary": 0.0, "fpem/env_route_count_head_0": 16.0, "fpem/env_route_oracle_count_head_0": 16.0, "fpem/route_count_env_head_0": 16.0, "fpem/route_soft_mean_expert_0": 1.0, "fpem/route_hard_count_expert_0": 16.0, "fpem/hard_count_expert_0": 16.0, "fpem/sinkhorn_soft_col_mass_expert_0": 0.0, "fpem/progressive_active_expert_0": 0.0, "fpem/progressive_cluster_size_0": 0.0, "fpem/progressive_cluster_ratio_0": 0.0, "fpem/progressive_cluster_to_expert_0": 0.0, "fpem/progressive_bic_k1": 0.0, "fpem/progressive_bic_score_k1": 0.0, "fpem/progressive_bic_rejected_k1": 0.0, "fpem/hyper_alpha_head_0": 0.0, "fpem/hyper_gamma_norm_head_0": 0.0, "fpem/hyper_beta_norm_head_0": 0.0, "fpem/expert_cross_mae_group_0_expert_0": 9.458284854888916, "fpem/load_expert_loss": 9.458284854888916, "fpem/counterfactual_risk_router_loss": 1.2870704162688482, "fpem/counterfactual_risk_regression_loss": 0.9430355648199717, "fpem/counterfactual_risk_ranking_loss": 0.6880697017624264, "fpem/load_level_assignment_detached": 1.0, "fpem/load_level_count_0": 1680.0, "fpem/load_level_ratio_0": 1.0, "fpem/expert_0_global_loss": 9.458284854888916, "fpem/expert_0_selected_loss": 9.458284854888916, "fpem/counterfactual_risk_stage2_active": 1.0, "fpem/counterfactual_risk_stage2_start_epoch": 20.0, "fpem/counterfactual_risk_all_environment_mae": 9.458284854888916, "fpem/counterfactual_risk_all_invariant_mae": 9.662237539745512, "fpem/counterfactual_risk_routed_mae": 9.531208029247466, "fpem/counterfactual_risk_oracle_mae": 9.394883432842436, "fpem/counterfactual_risk_router_accuracy": 0.5505952380952381, "fpem/counterfactual_risk_router_balanced_accuracy": 0.5490638860634395, "fpem/counterfactual_risk_inv_route_ratio": 0.4791666666666667, "fpem/counterfactual_risk_env_route_ratio": 0.5208333333333334, "fpem/counterfactual_risk_inv_switch_precision": 0.33712169378995893, "fpem/counterfactual_risk_correct_inv_switches": 2.580952380952381, "fpem/counterfactual_risk_harmful_inv_switches": 5.085714285714285, "fpem/counterfactual_risk_saved_loss": 0.03255757405644372, "fpem/counterfactual_risk_added_loss": 0.1054807580652691, "fpem/counterfactual_risk_net_gain": -0.07292317435854957, "fpem/counterfactual_risk_regret": 0.1363245964050293, "fpem/counterfactual_risk_oracle_gap_closed": -2.6547510298853187, "fpem/counterfactual_risk_delta_mean": -0.20395263135433198, "fpem/counterfactual_risk_target_inv_ratio": 0.29285714285714287, "fpem/counterfactual_risk_weight_env_sum": 7.999999886467343, "fpem/counterfactual_risk_weight_inv_sum": 7.999999959128243, "fpem/counterfactual_risk_prediction_is_hard_route": 1.0, "fpem/counterfactual_risk_prediction_is_soft_fusion": 0.0, "fpem/counterfactual_risk_target_detached": 1.0, "fpem/counterfactual_risk_uses_threshold": 0.0, "fpem/counterfactual_risk_all_samples_used_for_router": 1.0, "fpem/hard_router_predicted_env_ratio": 0.5208333333333334, "fpem/hard_router_effective_env_ratio": 1.0, "fpem/hard_router_target_env_ratio": 0.7071428571428572, "fpem/hard_router_gain_mean": -0.20395263135433198, "fpem/expert_prediction_pairwise_difference": 0.0, "fpem/delta_pairwise_cosine": 0.0, "fpem/delta_pairwise_l1": 0.0, "fpem/delta_pairwise_l2": 0.0, "fpem/expert_0_parameter_norm": 14.900517463684082, "fpem/hard_binary_router_enabled": 0.0, "fpem/hard_router_uses_target_in_forward": 0.0, "fpem/stored_future_c_loaded": 0.0, "fpem/prediction_is_weighted_complete_fusion": 0.0, "fpem/prediction_is_hard_route": 1.0, "fpem/conservative_inv_override_enabled": 0.0, "fpem/conservative_router_features_detached": 1.0, "fpem/counterfactual_risk_router_enabled": 1.0, "fpem/counterfactual_risk_stage2_active_forward": 1.0, "fpem/counterfactual_risk_deploy_route_active": 0.0, "fpem/counterfactual_risk_training_uses_route": 0.0, "fpem/counterfactual_risk_forward_uses_threshold": 0.0, "fpem/future_mi_loss": 0.0, "fpem/future_mi_valid": 0.0, "fpem/future_mi_logvar_mean": 0.0, "fpem/future_mi_target_mode_env_encoder": 0.0, "fpem/swap_loss": 0.0, "fpem/swap_diff_loss": 0.0, "fpem/swap_same_loss": 0.0, "fpem/swap_gain_mean": 0.0, "fpem/swap_s_gain_mean": 0.0, "fpem/swap_fallback_router_loss": 0.0, "fpem/swap_fallback_q_mean": 0.0, "fpem/swap_prediction_delta": 0.0, "fpem/swap_route_delta": 0.0, "fpem/swap_hyper_alpha_delta": 0.0, "fpem/swap_hyper_delta_norm": 0.0, "fpem/loss_env_day": 0.0, "fpem/loss_env_hour": 0.0, "fpem/loss_env_rush": 0.0, "fpem/env_day_acc": 0.0, "fpem/env_hour_acc": 0.0, "fpem/env_rush_acc": 0.0, "fpem/loss_env_supcon": 0.0, "fpem/env_supcon_valid_pairs": 0.0, "fpem/loss_inv_env_adv": 0.0, "fpem/inv_day_acc": 0.0, "fpem/inv_hour_acc": 0.0, "fpem/inv_rush_acc": 0.0, "fpem/loss_cross_cov_sep": 0.0, "fpem/confounder_dep_enabled": 0.0, "fpem/confounder_dep_mode_gci": 1.0, "fpem/confounder_dep_mode_scd": 0.0, "fpem/confounder_dep_mode_both": 0.0, "fpem/confounder_dep_total": 0.0, "fpem/loss_gci": 0.0, "fpem/loss_gci_drop": 0.0, "fpem/loss_gci_keep": 0.0, "fpem/loss_gci_graph_align": 0.0, "fpem/loss_scd": 0.0, "fpem/loss_conf_kl": 0.0, "fpem/effective_gci_weight": 0.0, "fpem/effective_gci_graph_align_weight": 0.0, "fpem/effective_scd_weight": 0.0, "fpem/effective_conf_kl_weight": 0.0, "fpem/confounder_dep_ramp_factor": 0.0, "fpem/C_mean": 0.0, "fpem/C_std": 0.0, "fpem/C_norm": 0.0, "fpem/confounder_token_norm": 0.0, "fpem/confounder_variational": 0.0, "fpem/confounder_projection_trace": 0.0, "fpem/confounder_projection_ridge": 0.0, "fpem/confounder_projection_rank_dim": 0.0, "fpem/confounder_projection_calls": 0.0, "fpem/confounder_dep_detach_target": 0.0, "fpem/gci_nonedge_mass_before_C": 0.0, "fpem/gci_nonedge_mass_after_C": 0.0, "fpem/gci_nonedge_mass_reduction": 0.0, "fpem/gci_relative_violation": 0.0, "fpem/gci_edge_before_C": 0.0, "fpem/gci_edge_after_C": 0.0, "fpem/gci_nonedge_conn_before_C": 0.0, "fpem/gci_nonedge_conn_after_C": 0.0, "fpem/gci_nonedge_conn_reduction": 0.0, "fpem/gci_edge_conn_before_C": 0.0, "fpem/gci_edge_conn_after_C": 0.0, "fpem/gci_edge_conn_reduction": 0.0, "fpem/gci_nonedge_dep_before_C": 0.0, "fpem/gci_nonedge_dep_after_C": 0.0, "fpem/gci_nonedge_dep_reduction": 0.0, "fpem/gci_edge_dep_before_C": 0.0, "fpem/gci_edge_dep_after_C": 0.0, "fpem/gci_nonedge_count": 0.0, "fpem/gci_edge_count": 0.0, "fpem/gci_node_count": 0.0, "fpem/gci_node_vector_dim": 0.0, "fpem/gci_graph_embed_dim": 0.0, "fpem/gci_graph_embedding_norm_before": 0.0, "fpem/gci_graph_embedding_norm_after": 0.0, "fpem/gci_graph_embedding_std_before": 0.0, "fpem/gci_graph_embedding_std_after": 0.0, "fpem/gci_graph_adj_mean_before": 0.0, "fpem/gci_graph_adj_mean_after": 0.0, "fpem/gci_graph_adj_std_before": 0.0, "fpem/gci_graph_adj_std_after": 0.0, "fpem/gci_graph_align_weight": 0.0, "fpem/gci_graph_align_raw_mse": 0.0, "fpem/gci_graph_align_normalized": 0.0, "fpem/gci_edge_preserve_beta": 0.0, "fpem/gci_graph_align_target_available": 0.0, "fpem/gci_target_adj_mean": 0.0, "fpem/gci_target_adj_std": 0.0, "fpem/gci_target_edge_mean": 0.0, "fpem/gci_target_nonedge_mean": 0.0, "fpem/gci_target_diag_mean": 0.0, "fpem/gci_graph_align_updates_agcrn": 0.0, "fpem/gci_updates_graph_linear": 0.0, "fpem/gci_graph_construction_agcrn_softmax": 0.0, "fpem/scd_assoc_before_C": 0.0, "fpem/scd_assoc_after_C": 0.0, "fpem/scd_assoc_reduction": 0.0, "fpem/scd_relative_violation": 0.0, "fpem/sample_assoc_before_C": 0.0, "fpem/sample_assoc_after_C": 0.0, "fpem/sample_assoc_reduction": 0.0, "fpem/sample_dep_before_C": 0.0, "fpem/sample_dep_after_C": 0.0, "fpem/sample_dep_reduction": 0.0, "fpem/scd_batch_size": 0.0, "fpem/scd_sample_vector_dim": 0.0, "fpem/sample_kernel_alignment": 0.0, "fpem/scd_alignment_loss": 0.0, "fpem/load_level_experts_enabled": 1.0, "fpem/load_level_uses_target_or_future_load": 0.0, "fpem/environment_gate_uses_target_in_forward": 0.0, "fpem/load_level_env_residual_scale": 0.0, "fpem/uses_cached_observable_load_prior": 1.0, "fpem/primary_loss": 9.046148826962426, "fpem/inv_pred_loss": 9.21515479314895, "fpem/primary_uses_route": 1.0, "fpem/primary_uses_env_fusion": 0.0, "fpem/backbone_agcrn": 1.0, "fpem/backbone_graphwavenet": 0.0, "fpem/backbone_staeformer": 0.0, "fpem/gc_pred_loss_only": 1.0, "fpem/env_route_head_mode_hyper_proto": 1.0, "fpem/fpem_force_uniform_route": 0.0, "fpem/hard_prediction_sinkhorn_total_replaces_primary": 0.0, "fpem/hard_prediction_environment_sinkhorn_total_replaces_primary": 0.0, "fpem/warmup_risk_sinkhorn_total_replaces_primary": 0.0, "fpem/lambda_club_mi": 0.0}}
EPOCH {"epoch": 36, "train_loss": 1.3093802594003223, "val": {"loss": 11.88133086098565, "mae": 11.676957130432129, "mape": 0.1851559430360794}, "test_mixed": {"loss": NaN, "mae": NaN, "mape": NaN}, "test_workday": {"loss": NaN, "mae": NaN, "mape": NaN}, "test_holiday": {"loss": NaN, "mae": NaN, "mape": NaN}, "test_avg_mae": NaN, "best_selection_value": 11.88133086098565, "best_selection_split": "val", "best_selection_metric": "val_loss", "lr": 0.001, "fpem_logs": {"fpem/fpem_env_use_exogenous": 1.0, "fpem/env_exogenous_available": 1.0, "fpem/env_exogenous_time_available": 1.0, "fpem/env_exogenous_load_available": 1.0, "fpem/env_exogenous_feature_dim": 32.0, "fpem/env_exogenous_embedding_norm": 2.735216240655808, "fpem/env_exogenous_load_embedding_norm": 1.9391578333718436, "fpem/env_rep_ablation_normal": 1.0, "fpem/env_rep_ablation_zero": 0.0, "fpem/env_rep_ablation_shuffle_batch": 0.0, "fpem/env_rep_ablation_mode_id": 0.0, "fpem/mask_loss": 0.0, "fpem/mask_sparse_loss": 0.0, "fpem/mask_entropy_loss": 0.0, "fpem/mask_mean": 1.0, "fpem/mask_entropy": 0.0, "fpem/mask_active_ratio": 1.0, "fpem/fusion_alpha_mean": 0.0, "fpem/fusion_alpha_std": 0.0, "fpem/fusion_alpha_min": 0.0, "fpem/fusion_alpha_max": 0.0, "fpem/env_route_loss": 1.3093802594003223, "fpem/env_route_L_final": 9.051413041069393, "fpem/env_route_L_global": 0.0, "fpem/env_route_L_route_soft": 0.0, "fpem/env_route_L_expert": 9.458290731339227, "fpem/env_route_L_router_oracle": 1.3093802594003223, "fpem/env_route_L_balance": 0.0, "fpem/env_route_L_diverse": 0.0, "fpem/env_route_L_proto_align": 0.0, "fpem/env_route_entropy": 0.0, "fpem/env_route_q_max_mean": 0.0, "fpem/hyper_alpha_mean": 0.0, "fpem/hyper_delta_norm": 0.0, "fpem/hyper_route_proto_mode_uniform_warmup": 0.0, "fpem/hyper_route_proto_mode_uniform_fixed": 0.0, "fpem/hyper_route_proto_mode_sinkhorn": 0.0, "fpem/hyper_route_proto_mode_softmax": 0.0, "fpem/fallback_q_mean": 0.0, "fpem/fallback_q_max": 0.0, "fpem/env_q_sum_mean": 1.0, "fpem/oracle_fallback_rate": 0.0, "fpem/route_count_fallback": 0.0, "fpem/env_route_head_mode": 1.0, "fpem/route_entropy_mean": 0.0, "fpem/route_mean_distribution_entropy": 0.0, "fpem/effective_expert_number": 1.0, "fpem/max_expert_usage_ratio": 0.0, "fpem/min_expert_usage_ratio": 0.0, "fpem/prototype_pairwise_cosine": 0.0, "fpem/expert_prediction_pairwise_cosine": 0.0, "fpem/expert_collapse_warning": 0.0, "fpem/env_route_target_mode_env_prototype": 0.0, "fpem/env_route_target_mode_hybrid": 0.0, "fpem/env_route_hybrid_alpha": 0.0, "fpem/env_route_train_mode_warmup_risk_sinkhorn": 0.0, "fpem/warmup_risk_stage_warmup": 0.0, "fpem/warmup_risk_stage_soft": 0.0, "fpem/warmup_risk_stage_hard": 0.0, "fpem/warmup_risk_selected_loss": 0.0, "fpem/warmup_risk_uniform_common_loss": 0.0, "fpem/warmup_risk_lambda_common": 0.0, "fpem/warmup_risk_total_common_term": 0.0, "fpem/warmup_risk_temperature": 0.0, "fpem/warmup_risk_temperature_progress": 0.0, "fpem/uniform_expert_mae": 0.0, "fpem/risk_routed_mae": 0.0, "fpem/risk_prediction_mae": 0.0, "fpem/risk_loss": 0.0, "fpem/risk_ranking_loss": 0.0, "fpem/risk_ranking_accuracy": 0.0, "fpem/risk_oracle_argmin_accuracy": 0.0, "fpem/risk_router_temperature": 0.0, "fpem/risk_router_lambda": 0.0, "fpem/risk_router_pairwise_lambda": 0.0, "fpem/env_route_train_mode_progressive_gmm_environment": 0.0, "fpem/top_level_prediction_source_progressive_gmm_teacher_hard": 0.0, "fpem/progressive_assignment_uses_target_or_prediction_error": 0.0, "fpem/progressive_partition_ready": 0.0, "fpem/progressive_selected_k": 0.0, "fpem/progressive_active_expert_count": 0.0, "fpem/progressive_last_partition_epoch": 0.0, "fpem/progressive_lambda_common": 0.0, "fpem/progressive_common_term": 0.0, "fpem/progressive_compactness_loss": 0.0, "fpem/progressive_consistency_loss": 0.0, "fpem/progressive_cluster_entropy": 0.0, "fpem/progressive_assignment_change_ratio": 0.0, "fpem/progressive_hungarian_overlap_score": 0.0, "fpem/progressive_partition_update_time_sec": 0.0, "fpem/progressive_routed_mae": 0.0, "fpem/progressive_gmm_environment_total_replaces_primary": 0.0, "fpem/env_route_count_head_0": 16.0, "fpem/env_route_oracle_count_head_0": 16.0, "fpem/route_count_env_head_0": 16.0, "fpem/route_soft_mean_expert_0": 1.0, "fpem/route_hard_count_expert_0": 16.0, "fpem/hard_count_expert_0": 16.0, "fpem/sinkhorn_soft_col_mass_expert_0": 0.0, "fpem/progressive_active_expert_0": 0.0, "fpem/progressive_cluster_size_0": 0.0, "fpem/progressive_cluster_ratio_0": 0.0, "fpem/progressive_cluster_to_expert_0": 0.0, "fpem/progressive_bic_k1": 0.0, "fpem/progressive_bic_score_k1": 0.0, "fpem/progressive_bic_rejected_k1": 0.0, "fpem/hyper_alpha_head_0": 0.0, "fpem/hyper_gamma_norm_head_0": 0.0, "fpem/hyper_beta_norm_head_0": 0.0, "fpem/expert_cross_mae_group_0_expert_0": 9.458290731339227, "fpem/load_expert_loss": 9.458290731339227, "fpem/counterfactual_risk_router_loss": 1.3093802594003223, "fpem/counterfactual_risk_regression_loss": 0.9705726673205693, "fpem/counterfactual_risk_ranking_loss": 0.6776151730900719, "fpem/load_level_assignment_detached": 1.0, "fpem/load_level_count_0": 1680.0, "fpem/load_level_ratio_0": 1.0, "fpem/expert_0_global_loss": 9.458290731339227, "fpem/expert_0_selected_loss": 9.458290731339227, "fpem/counterfactual_risk_stage2_active": 1.0, "fpem/counterfactual_risk_stage2_start_epoch": 20.0, "fpem/counterfactual_risk_all_environment_mae": 9.458290731339227, "fpem/counterfactual_risk_all_invariant_mae": 9.662237448919386, "fpem/counterfactual_risk_routed_mae": 9.523134340558734, "fpem/counterfactual_risk_oracle_mae": 9.394886561802455, "fpem/counterfactual_risk_router_accuracy": 0.5613095238095238, "fpem/counterfactual_risk_router_balanced_accuracy": 0.5550414125124613, "fpem/counterfactual_risk_inv_route_ratio": 0.45416666666666666, "fpem/counterfactual_risk_env_route_ratio": 0.5458333333333333, "fpem/counterfactual_risk_inv_switch_precision": 0.3314907638089997, "fpem/counterfactual_risk_correct_inv_switches": 2.466666666666667, "fpem/counterfactual_risk_harmful_inv_switches": 4.8, "fpem/counterfactual_risk_saved_loss": 0.031476068496704104, "fpem/counterfactual_risk_added_loss": 0.09631971447240739, "fpem/counterfactual_risk_net_gain": -0.06484360921950567, "fpem/counterfactual_risk_regret": 0.1282477787562779, "fpem/counterfactual_risk_oracle_gap_closed": -2.488272845904742, "fpem/counterfactual_risk_delta_mean": -0.20394673943519592, "fpem/counterfactual_risk_target_inv_ratio": 0.29285714285714287, "fpem/counterfactual_risk_weight_env_sum": 7.999999977293468, "fpem/counterfactual_risk_weight_inv_sum": 7.999999904632569, "fpem/counterfactual_risk_prediction_is_hard_route": 1.0, "fpem/counterfactual_risk_prediction_is_soft_fusion": 0.0, "fpem/counterfactual_risk_target_detached": 1.0, "fpem/counterfactual_risk_uses_threshold": 0.0, "fpem/counterfactual_risk_all_samples_used_for_router": 1.0, "fpem/hard_router_predicted_env_ratio": 0.5458333333333333, "fpem/hard_router_effective_env_ratio": 1.0, "fpem/hard_router_target_env_ratio": 0.7071428571428572, "fpem/hard_router_gain_mean": -0.20394673943519592, "fpem/expert_prediction_pairwise_difference": 0.0, "fpem/delta_pairwise_cosine": 0.0, "fpem/delta_pairwise_l1": 0.0, "fpem/delta_pairwise_l2": 0.0, "fpem/expert_0_parameter_norm": 14.900517463684082, "fpem/hard_binary_router_enabled": 0.0, "fpem/hard_router_uses_target_in_forward": 0.0, "fpem/stored_future_c_loaded": 0.0, "fpem/prediction_is_weighted_complete_fusion": 0.0, "fpem/prediction_is_hard_route": 1.0, "fpem/conservative_inv_override_enabled": 0.0, "fpem/conservative_router_features_detached": 1.0, "fpem/counterfactual_risk_router_enabled": 1.0, "fpem/counterfactual_risk_stage2_active_forward": 1.0, "fpem/counterfactual_risk_deploy_route_active": 0.0, "fpem/counterfactual_risk_training_uses_route": 0.0, "fpem/counterfactual_risk_forward_uses_threshold": 0.0, "fpem/future_mi_loss": 0.0, "fpem/future_mi_valid": 0.0, "fpem/future_mi_logvar_mean": 0.0, "fpem/future_mi_target_mode_env_encoder": 0.0, "fpem/swap_loss": 0.0, "fpem/swap_diff_loss": 0.0, "fpem/swap_same_loss": 0.0, "fpem/swap_gain_mean": 0.0, "fpem/swap_s_gain_mean": 0.0, "fpem/swap_fallback_router_loss": 0.0, "fpem/swap_fallback_q_mean": 0.0, "fpem/swap_prediction_delta": 0.0, "fpem/swap_route_delta": 0.0, "fpem/swap_hyper_alpha_delta": 0.0, "fpem/swap_hyper_delta_norm": 0.0, "fpem/loss_env_day": 0.0, "fpem/loss_env_hour": 0.0, "fpem/loss_env_rush": 0.0, "fpem/env_day_acc": 0.0, "fpem/env_hour_acc": 0.0, "fpem/env_rush_acc": 0.0, "fpem/loss_env_supcon": 0.0, "fpem/env_supcon_valid_pairs": 0.0, "fpem/loss_inv_env_adv": 0.0, "fpem/inv_day_acc": 0.0, "fpem/inv_hour_acc": 0.0, "fpem/inv_rush_acc": 0.0, "fpem/loss_cross_cov_sep": 0.0, "fpem/confounder_dep_enabled": 0.0, "fpem/confounder_dep_mode_gci": 1.0, "fpem/confounder_dep_mode_scd": 0.0, "fpem/confounder_dep_mode_both": 0.0, "fpem/confounder_dep_total": 0.0, "fpem/loss_gci": 0.0, "fpem/loss_gci_drop": 0.0, "fpem/loss_gci_keep": 0.0, "fpem/loss_gci_graph_align": 0.0, "fpem/loss_scd": 0.0, "fpem/loss_conf_kl": 0.0, "fpem/effective_gci_weight": 0.0, "fpem/effective_gci_graph_align_weight": 0.0, "fpem/effective_scd_weight": 0.0, "fpem/effective_conf_kl_weight": 0.0, "fpem/confounder_dep_ramp_factor": 0.0, "fpem/C_mean": 0.0, "fpem/C_std": 0.0, "fpem/C_norm": 0.0, "fpem/confounder_token_norm": 0.0, "fpem/confounder_variational": 0.0, "fpem/confounder_projection_trace": 0.0, "fpem/confounder_projection_ridge": 0.0, "fpem/confounder_projection_rank_dim": 0.0, "fpem/confounder_projection_calls": 0.0, "fpem/confounder_dep_detach_target": 0.0, "fpem/gci_nonedge_mass_before_C": 0.0, "fpem/gci_nonedge_mass_after_C": 0.0, "fpem/gci_nonedge_mass_reduction": 0.0, "fpem/gci_relative_violation": 0.0, "fpem/gci_edge_before_C": 0.0, "fpem/gci_edge_after_C": 0.0, "fpem/gci_nonedge_conn_before_C": 0.0, "fpem/gci_nonedge_conn_after_C": 0.0, "fpem/gci_nonedge_conn_reduction": 0.0, "fpem/gci_edge_conn_before_C": 0.0, "fpem/gci_edge_conn_after_C": 0.0, "fpem/gci_edge_conn_reduction": 0.0, "fpem/gci_nonedge_dep_before_C": 0.0, "fpem/gci_nonedge_dep_after_C": 0.0, "fpem/gci_nonedge_dep_reduction": 0.0, "fpem/gci_edge_dep_before_C": 0.0, "fpem/gci_edge_dep_after_C": 0.0, "fpem/gci_nonedge_count": 0.0, "fpem/gci_edge_count": 0.0, "fpem/gci_node_count": 0.0, "fpem/gci_node_vector_dim": 0.0, "fpem/gci_graph_embed_dim": 0.0, "fpem/gci_graph_embedding_norm_before": 0.0, "fpem/gci_graph_embedding_norm_after": 0.0, "fpem/gci_graph_embedding_std_before": 0.0, "fpem/gci_graph_embedding_std_after": 0.0, "fpem/gci_graph_adj_mean_before": 0.0, "fpem/gci_graph_adj_mean_after": 0.0, "fpem/gci_graph_adj_std_before": 0.0, "fpem/gci_graph_adj_std_after": 0.0, "fpem/gci_graph_align_weight": 0.0, "fpem/gci_graph_align_raw_mse": 0.0, "fpem/gci_graph_align_normalized": 0.0, "fpem/gci_edge_preserve_beta": 0.0, "fpem/gci_graph_align_target_available": 0.0, "fpem/gci_target_adj_mean": 0.0, "fpem/gci_target_adj_std": 0.0, "fpem/gci_target_edge_mean": 0.0, "fpem/gci_target_nonedge_mean": 0.0, "fpem/gci_target_diag_mean": 0.0, "fpem/gci_graph_align_updates_agcrn": 0.0, "fpem/gci_updates_graph_linear": 0.0, "fpem/gci_graph_construction_agcrn_softmax": 0.0, "fpem/scd_assoc_before_C": 0.0, "fpem/scd_assoc_after_C": 0.0, "fpem/scd_assoc_reduction": 0.0, "fpem/scd_relative_violation": 0.0, "fpem/sample_assoc_before_C": 0.0, "fpem/sample_assoc_after_C": 0.0, "fpem/sample_assoc_reduction": 0.0, "fpem/sample_dep_before_C": 0.0, "fpem/sample_dep_after_C": 0.0, "fpem/sample_dep_reduction": 0.0, "fpem/scd_batch_size": 0.0, "fpem/scd_sample_vector_dim": 0.0, "fpem/sample_kernel_alignment": 0.0, "fpem/scd_alignment_loss": 0.0, "fpem/load_level_experts_enabled": 1.0, "fpem/load_level_uses_target_or_future_load": 0.0, "fpem/environment_gate_uses_target_in_forward": 0.0, "fpem/load_level_env_residual_scale": 0.0, "fpem/uses_cached_observable_load_prior": 1.0, "fpem/primary_loss": 9.051413041069393, "fpem/inv_pred_loss": 9.220180175417946, "fpem/primary_uses_route": 1.0, "fpem/primary_uses_env_fusion": 0.0, "fpem/backbone_agcrn": 1.0, "fpem/backbone_graphwavenet": 0.0, "fpem/backbone_staeformer": 0.0, "fpem/gc_pred_loss_only": 1.0, "fpem/env_route_head_mode_hyper_proto": 1.0, "fpem/fpem_force_uniform_route": 0.0, "fpem/hard_prediction_sinkhorn_total_replaces_primary": 0.0, "fpem/hard_prediction_environment_sinkhorn_total_replaces_primary": 0.0, "fpem/warmup_risk_sinkhorn_total_replaces_primary": 0.0, "fpem/lambda_club_mi": 0.0}}
EPOCH {"epoch": 37, "train_loss": 1.2600901507195972, "val": {"loss": 11.878963894314236, "mae": 11.673063278198242, "mape": 0.18474145233631134}, "test_mixed": {"loss": NaN, "mae": NaN, "mape": NaN}, "test_workday": {"loss": NaN, "mae": NaN, "mape": NaN}, "test_holiday": {"loss": NaN, "mae": NaN, "mape": NaN}, "test_avg_mae": NaN, "best_selection_value": 11.878963894314236, "best_selection_split": "val", "best_selection_metric": "val_loss", "lr": 0.0005, "fpem_logs": {"fpem/fpem_env_use_exogenous": 1.0, "fpem/env_exogenous_available": 1.0, "fpem/env_exogenous_time_available": 1.0, "fpem/env_exogenous_load_available": 1.0, "fpem/env_exogenous_feature_dim": 32.0, "fpem/env_exogenous_embedding_norm": 2.7352162451971145, "fpem/env_exogenous_load_embedding_norm": 1.9391578208832514, "fpem/env_rep_ablation_normal": 1.0, "fpem/env_rep_ablation_zero": 0.0, "fpem/env_rep_ablation_shuffle_batch": 0.0, "fpem/env_rep_ablation_mode_id": 0.0, "fpem/mask_loss": 0.0, "fpem/mask_sparse_loss": 0.0, "fpem/mask_entropy_loss": 0.0, "fpem/mask_mean": 1.0, "fpem/mask_entropy": 0.0, "fpem/mask_active_ratio": 1.0, "fpem/fusion_alpha_mean": 0.0, "fpem/fusion_alpha_std": 0.0, "fpem/fusion_alpha_min": 0.0, "fpem/fusion_alpha_max": 0.0, "fpem/env_route_loss": 1.2600901507195972, "fpem/env_route_L_final": 9.046638002849761, "fpem/env_route_L_global": 0.0, "fpem/env_route_L_route_soft": 0.0, "fpem/env_route_L_expert": 9.458289641425724, "fpem/env_route_L_router_oracle": 1.2600901507195972, "fpem/env_route_L_balance": 0.0, "fpem/env_route_L_diverse": 0.0, "fpem/env_route_L_proto_align": 0.0, "fpem/env_route_entropy": 0.0, "fpem/env_route_q_max_mean": 0.0, "fpem/hyper_alpha_mean": 0.0, "fpem/hyper_delta_norm": 0.0, "fpem/hyper_route_proto_mode_uniform_warmup": 0.0, "fpem/hyper_route_proto_mode_uniform_fixed": 0.0, "fpem/hyper_route_proto_mode_sinkhorn": 0.0, "fpem/hyper_route_proto_mode_softmax": 0.0, "fpem/fallback_q_mean": 0.0, "fpem/fallback_q_max": 0.0, "fpem/env_q_sum_mean": 1.0, "fpem/oracle_fallback_rate": 0.0, "fpem/route_count_fallback": 0.0, "fpem/env_route_head_mode": 1.0, "fpem/route_entropy_mean": 0.0, "fpem/route_mean_distribution_entropy": 0.0, "fpem/effective_expert_number": 1.0, "fpem/max_expert_usage_ratio": 0.0, "fpem/min_expert_usage_ratio": 0.0, "fpem/prototype_pairwise_cosine": 0.0, "fpem/expert_prediction_pairwise_cosine": 0.0, "fpem/expert_collapse_warning": 0.0, "fpem/env_route_target_mode_env_prototype": 0.0, "fpem/env_route_target_mode_hybrid": 0.0, "fpem/env_route_hybrid_alpha": 0.0, "fpem/env_route_train_mode_warmup_risk_sinkhorn": 0.0, "fpem/warmup_risk_stage_warmup": 0.0, "fpem/warmup_risk_stage_soft": 0.0, "fpem/warmup_risk_stage_hard": 0.0, "fpem/warmup_risk_selected_loss": 0.0, "fpem/warmup_risk_uniform_common_loss": 0.0, "fpem/warmup_risk_lambda_common": 0.0, "fpem/warmup_risk_total_common_term": 0.0, "fpem/warmup_risk_temperature": 0.0, "fpem/warmup_risk_temperature_progress": 0.0, "fpem/uniform_expert_mae": 0.0, "fpem/risk_routed_mae": 0.0, "fpem/risk_prediction_mae": 0.0, "fpem/risk_loss": 0.0, "fpem/risk_ranking_loss": 0.0, "fpem/risk_ranking_accuracy": 0.0, "fpem/risk_oracle_argmin_accuracy": 0.0, "fpem/risk_router_temperature": 0.0, "fpem/risk_router_lambda": 0.0, "fpem/risk_router_pairwise_lambda": 0.0, "fpem/env_route_train_mode_progressive_gmm_environment": 0.0, "fpem/top_level_prediction_source_progressive_gmm_teacher_hard": 0.0, "fpem/progressive_assignment_uses_target_or_prediction_error": 0.0, "fpem/progressive_partition_ready": 0.0, "fpem/progressive_selected_k": 0.0, "fpem/progressive_active_expert_count": 0.0, "fpem/progressive_last_partition_epoch": 0.0, "fpem/progressive_lambda_common": 0.0, "fpem/progressive_common_term": 0.0, "fpem/progressive_compactness_loss": 0.0, "fpem/progressive_consistency_loss": 0.0, "fpem/progressive_cluster_entropy": 0.0, "fpem/progressive_assignment_change_ratio": 0.0, "fpem/progressive_hungarian_overlap_score": 0.0, "fpem/progressive_partition_update_time_sec": 0.0, "fpem/progressive_routed_mae": 0.0, "fpem/progressive_gmm_environment_total_replaces_primary": 0.0, "fpem/env_route_count_head_0": 16.0, "fpem/env_route_oracle_count_head_0": 16.0, "fpem/route_count_env_head_0": 16.0, "fpem/route_soft_mean_expert_0": 1.0, "fpem/route_hard_count_expert_0": 16.0, "fpem/hard_count_expert_0": 16.0, "fpem/sinkhorn_soft_col_mass_expert_0": 0.0, "fpem/progressive_active_expert_0": 0.0, "fpem/progressive_cluster_size_0": 0.0, "fpem/progressive_cluster_ratio_0": 0.0, "fpem/progressive_cluster_to_expert_0": 0.0, "fpem/progressive_bic_k1": 0.0, "fpem/progressive_bic_score_k1": 0.0, "fpem/progressive_bic_rejected_k1": 0.0, "fpem/hyper_alpha_head_0": 0.0, "fpem/hyper_gamma_norm_head_0": 0.0, "fpem/hyper_beta_norm_head_0": 0.0, "fpem/expert_cross_mae_group_0_expert_0": 9.458289641425724, "fpem/load_expert_loss": 9.458289641425724, "fpem/counterfactual_risk_router_loss": 1.2600901507195972, "fpem/counterfactual_risk_regression_loss": 0.9178894480069478, "fpem/counterfactual_risk_ranking_loss": 0.684401413940248, "fpem/load_level_assignment_detached": 1.0, "fpem/load_level_count_0": 1680.0, "fpem/load_level_ratio_0": 1.0, "fpem/expert_0_global_loss": 9.458289641425724, "fpem/expert_0_selected_loss": 9.458289641425724, "fpem/counterfactual_risk_stage2_active": 1.0, "fpem/counterfactual_risk_stage2_start_epoch": 20.0, "fpem/counterfactual_risk_all_environment_mae": 9.458289641425724, "fpem/counterfactual_risk_all_invariant_mae": 9.662237476167224, "fpem/counterfactual_risk_routed_mae": 9.51705877213251, "fpem/counterfactual_risk_oracle_mae": 9.39488795598348, "fpem/counterfactual_risk_router_accuracy": 0.5744047619047619, "fpem/counterfactual_risk_router_balanced_accuracy": 0.5573513100544611, "fpem/counterfactual_risk_inv_route_ratio": 0.42023809523809524, "fpem/counterfactual_risk_env_route_ratio": 0.5797619047619048, "fpem/counterfactual_risk_inv_switch_precision": 0.34531162452130093, "fpem/counterfactual_risk_correct_inv_switches": 2.295238095238095, "fpem/counterfactual_risk_harmful_inv_switches": 4.428571428571429, "fpem/counterfactual_risk_saved_loss": 0.028021866083145143, "fpem/counterfactual_risk_added_loss": 0.08679093604996091, "fpem/counterfactual_risk_net_gain": -0.05876913070678711, "fpem/counterfactual_risk_regret": 0.12217081614903041, "fpem/counterfactual_risk_oracle_gap_closed": -2.000359369228993, "fpem/counterfactual_risk_delta_mean": -0.20394783843131292, "fpem/counterfactual_risk_target_inv_ratio": 0.2922619047619048, "fpem/counterfactual_risk_weight_env_sum": 7.999999909173875, "fpem/counterfactual_risk_weight_inv_sum": 7.999999931880406, "fpem/counterfactual_risk_prediction_is_hard_route": 1.0, "fpem/counterfactual_risk_prediction_is_soft_fusion": 0.0, "fpem/counterfactual_risk_target_detached": 1.0, "fpem/counterfactual_risk_uses_threshold": 0.0, "fpem/counterfactual_risk_all_samples_used_for_router": 1.0, "fpem/hard_router_predicted_env_ratio": 0.5797619047619048, "fpem/hard_router_effective_env_ratio": 1.0, "fpem/hard_router_target_env_ratio": 0.7077380952380953, "fpem/hard_router_gain_mean": -0.20394783843131292, "fpem/expert_prediction_pairwise_difference": 0.0, "fpem/delta_pairwise_cosine": 0.0, "fpem/delta_pairwise_l1": 0.0, "fpem/delta_pairwise_l2": 0.0, "fpem/expert_0_parameter_norm": 14.900517463684082, "fpem/hard_binary_router_enabled": 0.0, "fpem/hard_router_uses_target_in_forward": 0.0, "fpem/stored_future_c_loaded": 0.0, "fpem/prediction_is_weighted_complete_fusion": 0.0, "fpem/prediction_is_hard_route": 1.0, "fpem/conservative_inv_override_enabled": 0.0, "fpem/conservative_router_features_detached": 1.0, "fpem/counterfactual_risk_router_enabled": 1.0, "fpem/counterfactual_risk_stage2_active_forward": 1.0, "fpem/counterfactual_risk_deploy_route_active": 0.0, "fpem/counterfactual_risk_training_uses_route": 0.0, "fpem/counterfactual_risk_forward_uses_threshold": 0.0, "fpem/future_mi_loss": 0.0, "fpem/future_mi_valid": 0.0, "fpem/future_mi_logvar_mean": 0.0, "fpem/future_mi_target_mode_env_encoder": 0.0, "fpem/swap_loss": 0.0, "fpem/swap_diff_loss": 0.0, "fpem/swap_same_loss": 0.0, "fpem/swap_gain_mean": 0.0, "fpem/swap_s_gain_mean": 0.0, "fpem/swap_fallback_router_loss": 0.0, "fpem/swap_fallback_q_mean": 0.0, "fpem/swap_prediction_delta": 0.0, "fpem/swap_route_delta": 0.0, "fpem/swap_hyper_alpha_delta": 0.0, "fpem/swap_hyper_delta_norm": 0.0, "fpem/loss_env_day": 0.0, "fpem/loss_env_hour": 0.0, "fpem/loss_env_rush": 0.0, "fpem/env_day_acc": 0.0, "fpem/env_hour_acc": 0.0, "fpem/env_rush_acc": 0.0, "fpem/loss_env_supcon": 0.0, "fpem/env_supcon_valid_pairs": 0.0, "fpem/loss_inv_env_adv": 0.0, "fpem/inv_day_acc": 0.0, "fpem/inv_hour_acc": 0.0, "fpem/inv_rush_acc": 0.0, "fpem/loss_cross_cov_sep": 0.0, "fpem/confounder_dep_enabled": 0.0, "fpem/confounder_dep_mode_gci": 1.0, "fpem/confounder_dep_mode_scd": 0.0, "fpem/confounder_dep_mode_both": 0.0, "fpem/confounder_dep_total": 0.0, "fpem/loss_gci": 0.0, "fpem/loss_gci_drop": 0.0, "fpem/loss_gci_keep": 0.0, "fpem/loss_gci_graph_align": 0.0, "fpem/loss_scd": 0.0, "fpem/loss_conf_kl": 0.0, "fpem/effective_gci_weight": 0.0, "fpem/effective_gci_graph_align_weight": 0.0, "fpem/effective_scd_weight": 0.0, "fpem/effective_conf_kl_weight": 0.0, "fpem/confounder_dep_ramp_factor": 0.0, "fpem/C_mean": 0.0, "fpem/C_std": 0.0, "fpem/C_norm": 0.0, "fpem/confounder_token_norm": 0.0, "fpem/confounder_variational": 0.0, "fpem/confounder_projection_trace": 0.0, "fpem/confounder_projection_ridge": 0.0, "fpem/confounder_projection_rank_dim": 0.0, "fpem/confounder_projection_calls": 0.0, "fpem/confounder_dep_detach_target": 0.0, "fpem/gci_nonedge_mass_before_C": 0.0, "fpem/gci_nonedge_mass_after_C": 0.0, "fpem/gci_nonedge_mass_reduction": 0.0, "fpem/gci_relative_violation": 0.0, "fpem/gci_edge_before_C": 0.0, "fpem/gci_edge_after_C": 0.0, "fpem/gci_nonedge_conn_before_C": 0.0, "fpem/gci_nonedge_conn_after_C": 0.0, "fpem/gci_nonedge_conn_reduction": 0.0, "fpem/gci_edge_conn_before_C": 0.0, "fpem/gci_edge_conn_after_C": 0.0, "fpem/gci_edge_conn_reduction": 0.0, "fpem/gci_nonedge_dep_before_C": 0.0, "fpem/gci_nonedge_dep_after_C": 0.0, "fpem/gci_nonedge_dep_reduction": 0.0, "fpem/gci_edge_dep_before_C": 0.0, "fpem/gci_edge_dep_after_C": 0.0, "fpem/gci_nonedge_count": 0.0, "fpem/gci_edge_count": 0.0, "fpem/gci_node_count": 0.0, "fpem/gci_node_vector_dim": 0.0, "fpem/gci_graph_embed_dim": 0.0, "fpem/gci_graph_embedding_norm_before": 0.0, "fpem/gci_graph_embedding_norm_after": 0.0, "fpem/gci_graph_embedding_std_before": 0.0, "fpem/gci_graph_embedding_std_after": 0.0, "fpem/gci_graph_adj_mean_before": 0.0, "fpem/gci_graph_adj_mean_after": 0.0, "fpem/gci_graph_adj_std_before": 0.0, "fpem/gci_graph_adj_std_after": 0.0, "fpem/gci_graph_align_weight": 0.0, "fpem/gci_graph_align_raw_mse": 0.0, "fpem/gci_graph_align_normalized": 0.0, "fpem/gci_edge_preserve_beta": 0.0, "fpem/gci_graph_align_target_available": 0.0, "fpem/gci_target_adj_mean": 0.0, "fpem/gci_target_adj_std": 0.0, "fpem/gci_target_edge_mean": 0.0, "fpem/gci_target_nonedge_mean": 0.0, "fpem/gci_target_diag_mean": 0.0, "fpem/gci_graph_align_updates_agcrn": 0.0, "fpem/gci_updates_graph_linear": 0.0, "fpem/gci_graph_construction_agcrn_softmax": 0.0, "fpem/scd_assoc_before_C": 0.0, "fpem/scd_assoc_after_C": 0.0, "fpem/scd_assoc_reduction": 0.0, "fpem/scd_relative_violation": 0.0, "fpem/sample_assoc_before_C": 0.0, "fpem/sample_assoc_after_C": 0.0, "fpem/sample_assoc_reduction": 0.0, "fpem/sample_dep_before_C": 0.0, "fpem/sample_dep_after_C": 0.0, "fpem/sample_dep_reduction": 0.0, "fpem/scd_batch_size": 0.0, "fpem/scd_sample_vector_dim": 0.0, "fpem/sample_kernel_alignment": 0.0, "fpem/scd_alignment_loss": 0.0, "fpem/load_level_experts_enabled": 1.0, "fpem/load_level_uses_target_or_future_load": 0.0, "fpem/environment_gate_uses_target_in_forward": 0.0, "fpem/load_level_env_residual_scale": 0.0, "fpem/uses_cached_observable_load_prior": 1.0, "fpem/primary_loss": 9.046638002849761, "fpem/inv_pred_loss": 9.214892251150948, "fpem/primary_uses_route": 1.0, "fpem/primary_uses_env_fusion": 0.0, "fpem/backbone_agcrn": 1.0, "fpem/backbone_graphwavenet": 0.0, "fpem/backbone_staeformer": 0.0, "fpem/gc_pred_loss_only": 1.0, "fpem/env_route_head_mode_hyper_proto": 1.0, "fpem/fpem_force_uniform_route": 0.0, "fpem/hard_prediction_sinkhorn_total_replaces_primary": 0.0, "fpem/hard_prediction_environment_sinkhorn_total_replaces_primary": 0.0, "fpem/warmup_risk_sinkhorn_total_replaces_primary": 0.0, "fpem/lambda_club_mi": 0.0}}
EPOCH {"epoch": 38, "train_loss": 1.2672802419889542, "val": {"loss": 11.882273197174072, "mae": 11.67538833618164, "mape": 0.18472130596637726}, "test_mixed": {"loss": NaN, "mae": NaN, "mape": NaN}, "test_workday": {"loss": NaN, "mae": NaN, "mape": NaN}, "test_holiday": {"loss": NaN, "mae": NaN, "mape": NaN}, "test_avg_mae": NaN, "best_selection_value": 11.882273197174072, "best_selection_split": "val", "best_selection_metric": "val_loss", "lr": 0.0005, "fpem_logs": {"fpem/fpem_env_use_exogenous": 1.0, "fpem/env_exogenous_available": 1.0, "fpem/env_exogenous_time_available": 1.0, "fpem/env_exogenous_load_available": 1.0, "fpem/env_exogenous_feature_dim": 32.0, "fpem/env_exogenous_embedding_norm": 2.7352162156786237, "fpem/env_exogenous_load_embedding_norm": 1.9391578424544562, "fpem/env_rep_ablation_normal": 1.0, "fpem/env_rep_ablation_zero": 0.0, "fpem/env_rep_ablation_shuffle_batch": 0.0, "fpem/env_rep_ablation_mode_id": 0.0, "fpem/mask_loss": 0.0, "fpem/mask_sparse_loss": 0.0, "fpem/mask_entropy_loss": 0.0, "fpem/mask_mean": 1.0, "fpem/mask_entropy": 0.0, "fpem/mask_active_ratio": 1.0, "fpem/fusion_alpha_mean": 0.0, "fpem/fusion_alpha_std": 0.0, "fpem/fusion_alpha_min": 0.0, "fpem/fusion_alpha_max": 0.0, "fpem/env_route_loss": 1.2672802419889542, "fpem/env_route_L_final": 9.047451982044038, "fpem/env_route_L_global": 0.0, "fpem/env_route_L_route_soft": 0.0, "fpem/env_route_L_expert": 9.458278183710007, "fpem/env_route_L_router_oracle": 1.2672802419889542, "fpem/env_route_L_balance": 0.0, "fpem/env_route_L_diverse": 0.0, "fpem/env_route_L_proto_align": 0.0, "fpem/env_route_entropy": 0.0, "fpem/env_route_q_max_mean": 0.0, "fpem/hyper_alpha_mean": 0.0, "fpem/hyper_delta_norm": 0.0, "fpem/hyper_route_proto_mode_uniform_warmup": 0.0, "fpem/hyper_route_proto_mode_uniform_fixed": 0.0, "fpem/hyper_route_proto_mode_sinkhorn": 0.0, "fpem/hyper_route_proto_mode_softmax": 0.0, "fpem/fallback_q_mean": 0.0, "fpem/fallback_q_max": 0.0, "fpem/env_q_sum_mean": 1.0, "fpem/oracle_fallback_rate": 0.0, "fpem/route_count_fallback": 0.0, "fpem/env_route_head_mode": 1.0, "fpem/route_entropy_mean": 0.0, "fpem/route_mean_distribution_entropy": 0.0, "fpem/effective_expert_number": 1.0, "fpem/max_expert_usage_ratio": 0.0, "fpem/min_expert_usage_ratio": 0.0, "fpem/prototype_pairwise_cosine": 0.0, "fpem/expert_prediction_pairwise_cosine": 0.0, "fpem/expert_collapse_warning": 0.0, "fpem/env_route_target_mode_env_prototype": 0.0, "fpem/env_route_target_mode_hybrid": 0.0, "fpem/env_route_hybrid_alpha": 0.0, "fpem/env_route_train_mode_warmup_risk_sinkhorn": 0.0, "fpem/warmup_risk_stage_warmup": 0.0, "fpem/warmup_risk_stage_soft": 0.0, "fpem/warmup_risk_stage_hard": 0.0, "fpem/warmup_risk_selected_loss": 0.0, "fpem/warmup_risk_uniform_common_loss": 0.0, "fpem/warmup_risk_lambda_common": 0.0, "fpem/warmup_risk_total_common_term": 0.0, "fpem/warmup_risk_temperature": 0.0, "fpem/warmup_risk_temperature_progress": 0.0, "fpem/uniform_expert_mae": 0.0, "fpem/risk_routed_mae": 0.0, "fpem/risk_prediction_mae": 0.0, "fpem/risk_loss": 0.0, "fpem/risk_ranking_loss": 0.0, "fpem/risk_ranking_accuracy": 0.0, "fpem/risk_oracle_argmin_accuracy": 0.0, "fpem/risk_router_temperature": 0.0, "fpem/risk_router_lambda": 0.0, "fpem/risk_router_pairwise_lambda": 0.0, "fpem/env_route_train_mode_progressive_gmm_environment": 0.0, "fpem/top_level_prediction_source_progressive_gmm_teacher_hard": 0.0, "fpem/progressive_assignment_uses_target_or_prediction_error": 0.0, "fpem/progressive_partition_ready": 0.0, "fpem/progressive_selected_k": 0.0, "fpem/progressive_active_expert_count": 0.0, "fpem/progressive_last_partition_epoch": 0.0, "fpem/progressive_lambda_common": 0.0, "fpem/progressive_common_term": 0.0, "fpem/progressive_compactness_loss": 0.0, "fpem/progressive_consistency_loss": 0.0, "fpem/progressive_cluster_entropy": 0.0, "fpem/progressive_assignment_change_ratio": 0.0, "fpem/progressive_hungarian_overlap_score": 0.0, "fpem/progressive_partition_update_time_sec": 0.0, "fpem/progressive_routed_mae": 0.0, "fpem/progressive_gmm_environment_total_replaces_primary": 0.0, "fpem/env_route_count_head_0": 16.0, "fpem/env_route_oracle_count_head_0": 16.0, "fpem/route_count_env_head_0": 16.0, "fpem/route_soft_mean_expert_0": 1.0, "fpem/route_hard_count_expert_0": 16.0, "fpem/hard_count_expert_0": 16.0, "fpem/sinkhorn_soft_col_mass_expert_0": 0.0, "fpem/progressive_active_expert_0": 0.0, "fpem/progressive_cluster_size_0": 0.0, "fpem/progressive_cluster_ratio_0": 0.0, "fpem/progressive_cluster_to_expert_0": 0.0, "fpem/progressive_bic_k1": 0.0, "fpem/progressive_bic_score_k1": 0.0, "fpem/progressive_bic_rejected_k1": 0.0, "fpem/hyper_alpha_head_0": 0.0, "fpem/hyper_gamma_norm_head_0": 0.0, "fpem/hyper_beta_norm_head_0": 0.0, "fpem/expert_cross_mae_group_0_expert_0": 9.458278183710007, "fpem/load_expert_loss": 9.458278183710007, "fpem/counterfactual_risk_router_loss": 1.2672802419889542, "fpem/counterfactual_risk_regression_loss": 0.9230859475476402, "fpem/counterfactual_risk_ranking_loss": 0.6883885826383318, "fpem/load_level_assignment_detached": 1.0, "fpem/load_level_count_0": 1680.0, "fpem/load_level_ratio_0": 1.0, "fpem/expert_0_global_loss": 9.458278183710007, "fpem/expert_0_selected_loss": 9.458278183710007, "fpem/counterfactual_risk_stage2_active": 1.0, "fpem/counterfactual_risk_stage2_start_epoch": 20.0, "fpem/counterfactual_risk_all_environment_mae": 9.458278183710007, "fpem/counterfactual_risk_all_invariant_mae": 9.662237503415062, "fpem/counterfactual_risk_routed_mae": 9.518005975087483, "fpem/counterfactual_risk_oracle_mae": 9.394878419240316, "fpem/counterfactual_risk_router_accuracy": 0.5678571428571428, "fpem/counterfactual_risk_router_balanced_accuracy": 0.5679411714985257, "fpem/counterfactual_risk_inv_route_ratio": 0.4630952380952381, "fpem/counterfactual_risk_env_route_ratio": 0.5369047619047619, "fpem/counterfactual_risk_inv_switch_precision": 0.3391699364497548, "fpem/counterfactual_risk_correct_inv_switches": 2.5904761904761906, "fpem/counterfactual_risk_harmful_inv_switches": 4.819047619047619, "fpem/counterfactual_risk_saved_loss": 0.034925683339436846, "fpem/counterfactual_risk_added_loss": 0.09465345513252985, "fpem/counterfactual_risk_net_gain": -0.05972779137747628, "fpem/counterfactual_risk_regret": 0.12312755584716797, "fpem/counterfactual_risk_oracle_gap_closed": -2159.317361925782, "fpem/counterfactual_risk_delta_mean": -0.20395928919315337, "fpem/counterfactual_risk_target_inv_ratio": 0.29285714285714287, "fpem/counterfactual_risk_weight_env_sum": 8.07619043531872, "fpem/counterfactual_risk_weight_inv_sum": 7.92380952835083, "fpem/counterfactual_risk_prediction_is_hard_route": 1.0, "fpem/counterfactual_risk_prediction_is_soft_fusion": 0.0, "fpem/counterfactual_risk_target_detached": 1.0, "fpem/counterfactual_risk_uses_threshold": 0.0, "fpem/counterfactual_risk_all_samples_used_for_router": 1.0, "fpem/hard_router_predicted_env_ratio": 0.5369047619047619, "fpem/hard_router_effective_env_ratio": 1.0, "fpem/hard_router_target_env_ratio": 0.7071428571428572, "fpem/hard_router_gain_mean": -0.20395928919315337, "fpem/expert_prediction_pairwise_difference": 0.0, "fpem/delta_pairwise_cosine": 0.0, "fpem/delta_pairwise_l1": 0.0, "fpem/delta_pairwise_l2": 0.0, "fpem/expert_0_parameter_norm": 14.900517463684082, "fpem/hard_binary_router_enabled": 0.0, "fpem/hard_router_uses_target_in_forward": 0.0, "fpem/stored_future_c_loaded": 0.0, "fpem/prediction_is_weighted_complete_fusion": 0.0, "fpem/prediction_is_hard_route": 1.0, "fpem/conservative_inv_override_enabled": 0.0, "fpem/conservative_router_features_detached": 1.0, "fpem/counterfactual_risk_router_enabled": 1.0, "fpem/counterfactual_risk_stage2_active_forward": 1.0, "fpem/counterfactual_risk_deploy_route_active": 0.0, "fpem/counterfactual_risk_training_uses_route": 0.0, "fpem/counterfactual_risk_forward_uses_threshold": 0.0, "fpem/future_mi_loss": 0.0, "fpem/future_mi_valid": 0.0, "fpem/future_mi_logvar_mean": 0.0, "fpem/future_mi_target_mode_env_encoder": 0.0, "fpem/swap_loss": 0.0, "fpem/swap_diff_loss": 0.0, "fpem/swap_same_loss": 0.0, "fpem/swap_gain_mean": 0.0, "fpem/swap_s_gain_mean": 0.0, "fpem/swap_fallback_router_loss": 0.0, "fpem/swap_fallback_q_mean": 0.0, "fpem/swap_prediction_delta": 0.0, "fpem/swap_route_delta": 0.0, "fpem/swap_hyper_alpha_delta": 0.0, "fpem/swap_hyper_delta_norm": 0.0, "fpem/loss_env_day": 0.0, "fpem/loss_env_hour": 0.0, "fpem/loss_env_rush": 0.0, "fpem/env_day_acc": 0.0, "fpem/env_hour_acc": 0.0, "fpem/env_rush_acc": 0.0, "fpem/loss_env_supcon": 0.0, "fpem/env_supcon_valid_pairs": 0.0, "fpem/loss_inv_env_adv": 0.0, "fpem/inv_day_acc": 0.0, "fpem/inv_hour_acc": 0.0, "fpem/inv_rush_acc": 0.0, "fpem/loss_cross_cov_sep": 0.0, "fpem/confounder_dep_enabled": 0.0, "fpem/confounder_dep_mode_gci": 1.0, "fpem/confounder_dep_mode_scd": 0.0, "fpem/confounder_dep_mode_both": 0.0, "fpem/confounder_dep_total": 0.0, "fpem/loss_gci": 0.0, "fpem/loss_gci_drop": 0.0, "fpem/loss_gci_keep": 0.0, "fpem/loss_gci_graph_align": 0.0, "fpem/loss_scd": 0.0, "fpem/loss_conf_kl": 0.0, "fpem/effective_gci_weight": 0.0, "fpem/effective_gci_graph_align_weight": 0.0, "fpem/effective_scd_weight": 0.0, "fpem/effective_conf_kl_weight": 0.0, "fpem/confounder_dep_ramp_factor": 0.0, "fpem/C_mean": 0.0, "fpem/C_std": 0.0, "fpem/C_norm": 0.0, "fpem/confounder_token_norm": 0.0, "fpem/confounder_variational": 0.0, "fpem/confounder_projection_trace": 0.0, "fpem/confounder_projection_ridge": 0.0, "fpem/confounder_projection_rank_dim": 0.0, "fpem/confounder_projection_calls": 0.0, "fpem/confounder_dep_detach_target": 0.0, "fpem/gci_nonedge_mass_before_C": 0.0, "fpem/gci_nonedge_mass_after_C": 0.0, "fpem/gci_nonedge_mass_reduction": 0.0, "fpem/gci_relative_violation": 0.0, "fpem/gci_edge_before_C": 0.0, "fpem/gci_edge_after_C": 0.0, "fpem/gci_nonedge_conn_before_C": 0.0, "fpem/gci_nonedge_conn_after_C": 0.0, "fpem/gci_nonedge_conn_reduction": 0.0, "fpem/gci_edge_conn_before_C": 0.0, "fpem/gci_edge_conn_after_C": 0.0, "fpem/gci_edge_conn_reduction": 0.0, "fpem/gci_nonedge_dep_before_C": 0.0, "fpem/gci_nonedge_dep_after_C": 0.0, "fpem/gci_nonedge_dep_reduction": 0.0, "fpem/gci_edge_dep_before_C": 0.0, "fpem/gci_edge_dep_after_C": 0.0, "fpem/gci_nonedge_count": 0.0, "fpem/gci_edge_count": 0.0, "fpem/gci_node_count": 0.0, "fpem/gci_node_vector_dim": 0.0, "fpem/gci_graph_embed_dim": 0.0, "fpem/gci_graph_embedding_norm_before": 0.0, "fpem/gci_graph_embedding_norm_after": 0.0, "fpem/gci_graph_embedding_std_before": 0.0, "fpem/gci_graph_embedding_std_after": 0.0, "fpem/gci_graph_adj_mean_before": 0.0, "fpem/gci_graph_adj_mean_after": 0.0, "fpem/gci_graph_adj_std_before": 0.0, "fpem/gci_graph_adj_std_after": 0.0, "fpem/gci_graph_align_weight": 0.0, "fpem/gci_graph_align_raw_mse": 0.0, "fpem/gci_graph_align_normalized": 0.0, "fpem/gci_edge_preserve_beta": 0.0, "fpem/gci_graph_align_target_available": 0.0, "fpem/gci_target_adj_mean": 0.0, "fpem/gci_target_adj_std": 0.0, "fpem/gci_target_edge_mean": 0.0, "fpem/gci_target_nonedge_mean": 0.0, "fpem/gci_target_diag_mean": 0.0, "fpem/gci_graph_align_updates_agcrn": 0.0, "fpem/gci_updates_graph_linear": 0.0, "fpem/gci_graph_construction_agcrn_softmax": 0.0, "fpem/scd_assoc_before_C": 0.0, "fpem/scd_assoc_after_C": 0.0, "fpem/scd_assoc_reduction": 0.0, "fpem/scd_relative_violation": 0.0, "fpem/sample_assoc_before_C": 0.0, "fpem/sample_assoc_after_C": 0.0, "fpem/sample_assoc_reduction": 0.0, "fpem/sample_dep_before_C": 0.0, "fpem/sample_dep_after_C": 0.0, "fpem/sample_dep_reduction": 0.0, "fpem/scd_batch_size": 0.0, "fpem/scd_sample_vector_dim": 0.0, "fpem/sample_kernel_alignment": 0.0, "fpem/scd_alignment_loss": 0.0, "fpem/load_level_experts_enabled": 1.0, "fpem/load_level_uses_target_or_future_load": 0.0, "fpem/environment_gate_uses_target_in_forward": 0.0, "fpem/load_level_env_residual_scale": 0.0, "fpem/uses_cached_observable_load_prior": 1.0, "fpem/primary_loss": 9.047451982044038, "fpem/inv_pred_loss": 9.216242953709193, "fpem/primary_uses_route": 1.0, "fpem/primary_uses_env_fusion": 0.0, "fpem/backbone_agcrn": 1.0, "fpem/backbone_graphwavenet": 0.0, "fpem/backbone_staeformer": 0.0, "fpem/gc_pred_loss_only": 1.0, "fpem/env_route_head_mode_hyper_proto": 1.0, "fpem/fpem_force_uniform_route": 0.0, "fpem/hard_prediction_sinkhorn_total_replaces_primary": 0.0, "fpem/hard_prediction_environment_sinkhorn_total_replaces_primary": 0.0, "fpem/warmup_risk_sinkhorn_total_replaces_primary": 0.0, "fpem/lambda_club_mi": 0.0}}
EPOCH {"epoch": 39, "train_loss": 1.2638111931937082, "val": {"loss": 11.882092608345879, "mae": 11.677582740783691, "mape": 0.18525980412960052}, "test_mixed": {"loss": NaN, "mae": NaN, "mape": NaN}, "test_workday": {"loss": NaN, "mae": NaN, "mape": NaN}, "test_holiday": {"loss": NaN, "mae": NaN, "mape": NaN}, "test_avg_mae": NaN, "best_selection_value": 11.882092608345879, "best_selection_split": "val", "best_selection_metric": "val_loss", "lr": 0.0005, "fpem_logs": {"fpem/fpem_env_use_exogenous": 1.0, "fpem/env_exogenous_available": 1.0, "fpem/env_exogenous_time_available": 1.0, "fpem/env_exogenous_load_available": 1.0, "fpem/env_exogenous_feature_dim": 32.0, "fpem/env_exogenous_embedding_norm": 2.7352162315731956, "fpem/env_exogenous_load_embedding_norm": 1.9391578435897827, "fpem/env_rep_ablation_normal": 1.0, "fpem/env_rep_ablation_zero": 0.0, "fpem/env_rep_ablation_shuffle_batch": 0.0, "fpem/env_rep_ablation_mode_id": 0.0, "fpem/mask_loss": 0.0, "fpem/mask_sparse_loss": 0.0, "fpem/mask_entropy_loss": 0.0, "fpem/mask_mean": 1.0, "fpem/mask_entropy": 0.0, "fpem/mask_active_ratio": 1.0, "fpem/fusion_alpha_mean": 0.0, "fpem/fusion_alpha_std": 0.0, "fpem/fusion_alpha_min": 0.0, "fpem/fusion_alpha_max": 0.0, "fpem/env_route_loss": 1.2638111931937082, "fpem/env_route_L_final": 9.042937732878185, "fpem/env_route_L_global": 0.0, "fpem/env_route_L_route_soft": 0.0, "fpem/env_route_L_expert": 9.458273669651577, "fpem/env_route_L_router_oracle": 1.2638111931937082, "fpem/env_route_L_balance": 0.0, "fpem/env_route_L_diverse": 0.0, "fpem/env_route_L_proto_align": 0.0, "fpem/env_route_entropy": 0.0, "fpem/env_route_q_max_mean": 0.0, "fpem/hyper_alpha_mean": 0.0, "fpem/hyper_delta_norm": 0.0, "fpem/hyper_route_proto_mode_uniform_warmup": 0.0, "fpem/hyper_route_proto_mode_uniform_fixed": 0.0, "fpem/hyper_route_proto_mode_sinkhorn": 0.0, "fpem/hyper_route_proto_mode_softmax": 0.0, "fpem/fallback_q_mean": 0.0, "fpem/fallback_q_max": 0.0, "fpem/env_q_sum_mean": 1.0, "fpem/oracle_fallback_rate": 0.0, "fpem/route_count_fallback": 0.0, "fpem/env_route_head_mode": 1.0, "fpem/route_entropy_mean": 0.0, "fpem/route_mean_distribution_entropy": 0.0, "fpem/effective_expert_number": 1.0, "fpem/max_expert_usage_ratio": 0.0, "fpem/min_expert_usage_ratio": 0.0, "fpem/prototype_pairwise_cosine": 0.0, "fpem/expert_prediction_pairwise_cosine": 0.0, "fpem/expert_collapse_warning": 0.0, "fpem/env_route_target_mode_env_prototype": 0.0, "fpem/env_route_target_mode_hybrid": 0.0, "fpem/env_route_hybrid_alpha": 0.0, "fpem/env_route_train_mode_warmup_risk_sinkhorn": 0.0, "fpem/warmup_risk_stage_warmup": 0.0, "fpem/warmup_risk_stage_soft": 0.0, "fpem/warmup_risk_stage_hard": 0.0, "fpem/warmup_risk_selected_loss": 0.0, "fpem/warmup_risk_uniform_common_loss": 0.0, "fpem/warmup_risk_lambda_common": 0.0, "fpem/warmup_risk_total_common_term": 0.0, "fpem/warmup_risk_temperature": 0.0, "fpem/warmup_risk_temperature_progress": 0.0, "fpem/uniform_expert_mae": 0.0, "fpem/risk_routed_mae": 0.0, "fpem/risk_prediction_mae": 0.0, "fpem/risk_loss": 0.0, "fpem/risk_ranking_loss": 0.0, "fpem/risk_ranking_accuracy": 0.0, "fpem/risk_oracle_argmin_accuracy": 0.0, "fpem/risk_router_temperature": 0.0, "fpem/risk_router_lambda": 0.0, "fpem/risk_router_pairwise_lambda": 0.0, "fpem/env_route_train_mode_progressive_gmm_environment": 0.0, "fpem/top_level_prediction_source_progressive_gmm_teacher_hard": 0.0, "fpem/progressive_assignment_uses_target_or_prediction_error": 0.0, "fpem/progressive_partition_ready": 0.0, "fpem/progressive_selected_k": 0.0, "fpem/progressive_active_expert_count": 0.0, "fpem/progressive_last_partition_epoch": 0.0, "fpem/progressive_lambda_common": 0.0, "fpem/progressive_common_term": 0.0, "fpem/progressive_compactness_loss": 0.0, "fpem/progressive_consistency_loss": 0.0, "fpem/progressive_cluster_entropy": 0.0, "fpem/progressive_assignment_change_ratio": 0.0, "fpem/progressive_hungarian_overlap_score": 0.0, "fpem/progressive_partition_update_time_sec": 0.0, "fpem/progressive_routed_mae": 0.0, "fpem/progressive_gmm_environment_total_replaces_primary": 0.0, "fpem/env_route_count_head_0": 16.0, "fpem/env_route_oracle_count_head_0": 16.0, "fpem/route_count_env_head_0": 16.0, "fpem/route_soft_mean_expert_0": 1.0, "fpem/route_hard_count_expert_0": 16.0, "fpem/hard_count_expert_0": 16.0, "fpem/sinkhorn_soft_col_mass_expert_0": 0.0, "fpem/progressive_active_expert_0": 0.0, "fpem/progressive_cluster_size_0": 0.0, "fpem/progressive_cluster_ratio_0": 0.0, "fpem/progressive_cluster_to_expert_0": 0.0, "fpem/progressive_bic_k1": 0.0, "fpem/progressive_bic_score_k1": 0.0, "fpem/progressive_bic_rejected_k1": 0.0, "fpem/hyper_alpha_head_0": 0.0, "fpem/hyper_gamma_norm_head_0": 0.0, "fpem/hyper_beta_norm_head_0": 0.0, "fpem/expert_cross_mae_group_0_expert_0": 9.458273669651577, "fpem/load_expert_loss": 9.458273669651577, "fpem/counterfactual_risk_router_loss": 1.2638111931937082, "fpem/counterfactual_risk_regression_loss": 0.92259620371319, "fpem/counterfactual_risk_ranking_loss": 0.682429978393373, "fpem/load_level_assignment_detached": 1.0, "fpem/load_level_count_0": 1680.0, "fpem/load_level_ratio_0": 1.0, "fpem/expert_0_global_loss": 9.458273669651577, "fpem/expert_0_selected_loss": 9.458273669651577, "fpem/counterfactual_risk_stage2_active": 1.0, "fpem/counterfactual_risk_stage2_start_epoch": 20.0, "fpem/counterfactual_risk_all_environment_mae": 9.458273669651577, "fpem/counterfactual_risk_all_invariant_mae": 9.662237467084612, "fpem/counterfactual_risk_routed_mae": 9.526214372544061, "fpem/counterfactual_risk_oracle_mae": 9.394855417524065, "fpem/counterfactual_risk_router_accuracy": 0.5523809523809524, "fpem/counterfactual_risk_router_balanced_accuracy": 0.5522213314260755, "fpem/counterfactual_risk_inv_route_ratio": 0.4785714285714286, "fpem/counterfactual_risk_env_route_ratio": 0.5214285714285715, "fpem/counterfactual_risk_inv_switch_precision": 0.33714465953054884, "fpem/counterfactual_risk_correct_inv_switches": 2.5904761904761906, "fpem/counterfactual_risk_harmful_inv_switches": 5.066666666666666, "fpem/counterfactual_risk_saved_loss": 0.03353159626324972, "fpem/counterfactual_risk_added_loss": 0.10147225246542976, "fpem/counterfactual_risk_net_gain": -0.06794070289248512, "fpem/counterfactual_risk_regret": 0.13135895501999628, "fpem/counterfactual_risk_oracle_gap_closed": -2.451342663275344, "fpem/counterfactual_risk_delta_mean": -0.2039638604436602, "fpem/counterfactual_risk_target_inv_ratio": 0.29285714285714287, "fpem/counterfactual_risk_weight_env_sum": 7.9999999455043245, "fpem/counterfactual_risk_weight_inv_sum": 7.999999950045631, "fpem/counterfactual_risk_prediction_is_hard_route": 1.0, "fpem/counterfactual_risk_prediction_is_soft_fusion": 0.0, "fpem/counterfactual_risk_target_detached": 1.0, "fpem/counterfactual_risk_uses_threshold": 0.0, "fpem/counterfactual_risk_all_samples_used_for_router": 1.0, "fpem/hard_router_predicted_env_ratio": 0.5214285714285715, "fpem/hard_router_effective_env_ratio": 1.0, "fpem/hard_router_target_env_ratio": 0.7071428571428572, "fpem/hard_router_gain_mean": -0.2039638604436602, "fpem/expert_prediction_pairwise_difference": 0.0, "fpem/delta_pairwise_cosine": 0.0, "fpem/delta_pairwise_l1": 0.0, "fpem/delta_pairwise_l2": 0.0, "fpem/expert_0_parameter_norm": 14.900517463684082, "fpem/hard_binary_router_enabled": 0.0, "fpem/hard_router_uses_target_in_forward": 0.0, "fpem/stored_future_c_loaded": 0.0, "fpem/prediction_is_weighted_complete_fusion": 0.0, "fpem/prediction_is_hard_route": 1.0, "fpem/conservative_inv_override_enabled": 0.0, "fpem/conservative_router_features_detached": 1.0, "fpem/counterfactual_risk_router_enabled": 1.0, "fpem/counterfactual_risk_stage2_active_forward": 1.0, "fpem/counterfactual_risk_deploy_route_active": 0.0, "fpem/counterfactual_risk_training_uses_route": 0.0, "fpem/counterfactual_risk_forward_uses_threshold": 0.0, "fpem/future_mi_loss": 0.0, "fpem/future_mi_valid": 0.0, "fpem/future_mi_logvar_mean": 0.0, "fpem/future_mi_target_mode_env_encoder": 0.0, "fpem/swap_loss": 0.0, "fpem/swap_diff_loss": 0.0, "fpem/swap_same_loss": 0.0, "fpem/swap_gain_mean": 0.0, "fpem/swap_s_gain_mean": 0.0, "fpem/swap_fallback_router_loss": 0.0, "fpem/swap_fallback_q_mean": 0.0, "fpem/swap_prediction_delta": 0.0, "fpem/swap_route_delta": 0.0, "fpem/swap_hyper_alpha_delta": 0.0, "fpem/swap_hyper_delta_norm": 0.0, "fpem/loss_env_day": 0.0, "fpem/loss_env_hour": 0.0, "fpem/loss_env_rush": 0.0, "fpem/env_day_acc": 0.0, "fpem/env_hour_acc": 0.0, "fpem/env_rush_acc": 0.0, "fpem/loss_env_supcon": 0.0, "fpem/env_supcon_valid_pairs": 0.0, "fpem/loss_inv_env_adv": 0.0, "fpem/inv_day_acc": 0.0, "fpem/inv_hour_acc": 0.0, "fpem/inv_rush_acc": 0.0, "fpem/loss_cross_cov_sep": 0.0, "fpem/confounder_dep_enabled": 0.0, "fpem/confounder_dep_mode_gci": 1.0, "fpem/confounder_dep_mode_scd": 0.0, "fpem/confounder_dep_mode_both": 0.0, "fpem/confounder_dep_total": 0.0, "fpem/loss_gci": 0.0, "fpem/loss_gci_drop": 0.0, "fpem/loss_gci_keep": 0.0, "fpem/loss_gci_graph_align": 0.0, "fpem/loss_scd": 0.0, "fpem/loss_conf_kl": 0.0, "fpem/effective_gci_weight": 0.0, "fpem/effective_gci_graph_align_weight": 0.0, "fpem/effective_scd_weight": 0.0, "fpem/effective_conf_kl_weight": 0.0, "fpem/confounder_dep_ramp_factor": 0.0, "fpem/C_mean": 0.0, "fpem/C_std": 0.0, "fpem/C_norm": 0.0, "fpem/confounder_token_norm": 0.0, "fpem/confounder_variational": 0.0, "fpem/confounder_projection_trace": 0.0, "fpem/confounder_projection_ridge": 0.0, "fpem/confounder_projection_rank_dim": 0.0, "fpem/confounder_projection_calls": 0.0, "fpem/confounder_dep_detach_target": 0.0, "fpem/gci_nonedge_mass_before_C": 0.0, "fpem/gci_nonedge_mass_after_C": 0.0, "fpem/gci_nonedge_mass_reduction": 0.0, "fpem/gci_relative_violation": 0.0, "fpem/gci_edge_before_C": 0.0, "fpem/gci_edge_after_C": 0.0, "fpem/gci_nonedge_conn_before_C": 0.0, "fpem/gci_nonedge_conn_after_C": 0.0, "fpem/gci_nonedge_conn_reduction": 0.0, "fpem/gci_edge_conn_before_C": 0.0, "fpem/gci_edge_conn_after_C": 0.0, "fpem/gci_edge_conn_reduction": 0.0, "fpem/gci_nonedge_dep_before_C": 0.0, "fpem/gci_nonedge_dep_after_C": 0.0, "fpem/gci_nonedge_dep_reduction": 0.0, "fpem/gci_edge_dep_before_C": 0.0, "fpem/gci_edge_dep_after_C": 0.0, "fpem/gci_nonedge_count": 0.0, "fpem/gci_edge_count": 0.0, "fpem/gci_node_count": 0.0, "fpem/gci_node_vector_dim": 0.0, "fpem/gci_graph_embed_dim": 0.0, "fpem/gci_graph_embedding_norm_before": 0.0, "fpem/gci_graph_embedding_norm_after": 0.0, "fpem/gci_graph_embedding_std_before": 0.0, "fpem/gci_graph_embedding_std_after": 0.0, "fpem/gci_graph_adj_mean_before": 0.0, "fpem/gci_graph_adj_mean_after": 0.0, "fpem/gci_graph_adj_std_before": 0.0, "fpem/gci_graph_adj_std_after": 0.0, "fpem/gci_graph_align_weight": 0.0, "fpem/gci_graph_align_raw_mse": 0.0, "fpem/gci_graph_align_normalized": 0.0, "fpem/gci_edge_preserve_beta": 0.0, "fpem/gci_graph_align_target_available": 0.0, "fpem/gci_target_adj_mean": 0.0, "fpem/gci_target_adj_std": 0.0, "fpem/gci_target_edge_mean": 0.0, "fpem/gci_target_nonedge_mean": 0.0, "fpem/gci_target_diag_mean": 0.0, "fpem/gci_graph_align_updates_agcrn": 0.0, "fpem/gci_updates_graph_linear": 0.0, "fpem/gci_graph_construction_agcrn_softmax": 0.0, "fpem/scd_assoc_before_C": 0.0, "fpem/scd_assoc_after_C": 0.0, "fpem/scd_assoc_reduction": 0.0, "fpem/scd_relative_violation": 0.0, "fpem/sample_assoc_before_C": 0.0, "fpem/sample_assoc_after_C": 0.0, "fpem/sample_assoc_reduction": 0.0, "fpem/sample_dep_before_C": 0.0, "fpem/sample_dep_after_C": 0.0, "fpem/sample_dep_reduction": 0.0, "fpem/scd_batch_size": 0.0, "fpem/scd_sample_vector_dim": 0.0, "fpem/sample_kernel_alignment": 0.0, "fpem/scd_alignment_loss": 0.0, "fpem/load_level_experts_enabled": 1.0, "fpem/load_level_uses_target_or_future_load": 0.0, "fpem/environment_gate_uses_target_in_forward": 0.0, "fpem/load_level_env_residual_scale": 0.0, "fpem/uses_cached_observable_load_prior": 1.0, "fpem/primary_loss": 9.042937732878185, "fpem/inv_pred_loss": 9.212238316308884, "fpem/primary_uses_route": 1.0, "fpem/primary_uses_env_fusion": 0.0, "fpem/backbone_agcrn": 1.0, "fpem/backbone_graphwavenet": 0.0, "fpem/backbone_staeformer": 0.0, "fpem/gc_pred_loss_only": 1.0, "fpem/env_route_head_mode_hyper_proto": 1.0, "fpem/fpem_force_uniform_route": 0.0, "fpem/hard_prediction_sinkhorn_total_replaces_primary": 0.0, "fpem/hard_prediction_environment_sinkhorn_total_replaces_primary": 0.0, "fpem/warmup_risk_sinkhorn_total_replaces_primary": 0.0, "fpem/lambda_club_mi": 0.0}}
EPOCH {"epoch": 40, "train_loss": 1.3463361439250765, "val": {"loss": 11.882778565088907, "mae": 11.678389549255371, "mape": 0.18534234166145325}, "test_mixed": {"loss": NaN, "mae": NaN, "mape": NaN}, "test_workday": {"loss": NaN, "mae": NaN, "mape": NaN}, "test_holiday": {"loss": NaN, "mae": NaN, "mape": NaN}, "test_avg_mae": NaN, "best_selection_value": 11.882778565088907, "best_selection_split": "val", "best_selection_metric": "val_loss", "lr": 0.0005, "fpem_logs": {"fpem/fpem_env_use_exogenous": 1.0, "fpem/env_exogenous_available": 1.0, "fpem/env_exogenous_time_available": 1.0, "fpem/env_exogenous_load_available": 1.0, "fpem/env_exogenous_feature_dim": 32.0, "fpem/env_exogenous_embedding_norm": 2.7352162565503804, "fpem/env_exogenous_load_embedding_norm": 1.9391578413191295, "fpem/env_rep_ablation_normal": 1.0, "fpem/env_rep_ablation_zero": 0.0, "fpem/env_rep_ablation_shuffle_batch": 0.0, "fpem/env_rep_ablation_mode_id": 0.0, "fpem/mask_loss": 0.0, "fpem/mask_sparse_loss": 0.0, "fpem/mask_entropy_loss": 0.0, "fpem/mask_mean": 1.0, "fpem/mask_entropy": 0.0, "fpem/mask_active_ratio": 1.0, "fpem/fusion_alpha_mean": 0.0, "fpem/fusion_alpha_std": 0.0, "fpem/fusion_alpha_min": 0.0, "fpem/fusion_alpha_max": 0.0, "fpem/env_route_loss": 1.3463361439250765, "fpem/env_route_L_final": 9.051651491437639, "fpem/env_route_L_global": 0.0, "fpem/env_route_L_route_soft": 0.0, "fpem/env_route_L_expert": 9.45829247065953, "fpem/env_route_L_router_oracle": 1.3463361439250765, "fpem/env_route_L_balance": 0.0, "fpem/env_route_L_diverse": 0.0, "fpem/env_route_L_proto_align": 0.0, "fpem/env_route_entropy": 0.0, "fpem/env_route_q_max_mean": 0.0, "fpem/hyper_alpha_mean": 0.0, "fpem/hyper_delta_norm": 0.0, "fpem/hyper_route_proto_mode_uniform_warmup": 0.0, "fpem/hyper_route_proto_mode_uniform_fixed": 0.0, "fpem/hyper_route_proto_mode_sinkhorn": 0.0, "fpem/hyper_route_proto_mode_softmax": 0.0, "fpem/fallback_q_mean": 0.0, "fpem/fallback_q_max": 0.0, "fpem/env_q_sum_mean": 1.0, "fpem/oracle_fallback_rate": 0.0, "fpem/route_count_fallback": 0.0, "fpem/env_route_head_mode": 1.0, "fpem/route_entropy_mean": 0.0, "fpem/route_mean_distribution_entropy": 0.0, "fpem/effective_expert_number": 1.0, "fpem/max_expert_usage_ratio": 0.0, "fpem/min_expert_usage_ratio": 0.0, "fpem/prototype_pairwise_cosine": 0.0, "fpem/expert_prediction_pairwise_cosine": 0.0, "fpem/expert_collapse_warning": 0.0, "fpem/env_route_target_mode_env_prototype": 0.0, "fpem/env_route_target_mode_hybrid": 0.0, "fpem/env_route_hybrid_alpha": 0.0, "fpem/env_route_train_mode_warmup_risk_sinkhorn": 0.0, "fpem/warmup_risk_stage_warmup": 0.0, "fpem/warmup_risk_stage_soft": 0.0, "fpem/warmup_risk_stage_hard": 0.0, "fpem/warmup_risk_selected_loss": 0.0, "fpem/warmup_risk_uniform_common_loss": 0.0, "fpem/warmup_risk_lambda_common": 0.0, "fpem/warmup_risk_total_common_term": 0.0, "fpem/warmup_risk_temperature": 0.0, "fpem/warmup_risk_temperature_progress": 0.0, "fpem/uniform_expert_mae": 0.0, "fpem/risk_routed_mae": 0.0, "fpem/risk_prediction_mae": 0.0, "fpem/risk_loss": 0.0, "fpem/risk_ranking_loss": 0.0, "fpem/risk_ranking_accuracy": 0.0, "fpem/risk_oracle_argmin_accuracy": 0.0, "fpem/risk_router_temperature": 0.0, "fpem/risk_router_lambda": 0.0, "fpem/risk_router_pairwise_lambda": 0.0, "fpem/env_route_train_mode_progressive_gmm_environment": 0.0, "fpem/top_level_prediction_source_progressive_gmm_teacher_hard": 0.0, "fpem/progressive_assignment_uses_target_or_prediction_error": 0.0, "fpem/progressive_partition_ready": 0.0, "fpem/progressive_selected_k": 0.0, "fpem/progressive_active_expert_count": 0.0, "fpem/progressive_last_partition_epoch": 0.0, "fpem/progressive_lambda_common": 0.0, "fpem/progressive_common_term": 0.0, "fpem/progressive_compactness_loss": 0.0, "fpem/progressive_consistency_loss": 0.0, "fpem/progressive_cluster_entropy": 0.0, "fpem/progressive_assignment_change_ratio": 0.0, "fpem/progressive_hungarian_overlap_score": 0.0, "fpem/progressive_partition_update_time_sec": 0.0, "fpem/progressive_routed_mae": 0.0, "fpem/progressive_gmm_environment_total_replaces_primary": 0.0, "fpem/env_route_count_head_0": 16.0, "fpem/env_route_oracle_count_head_0": 16.0, "fpem/route_count_env_head_0": 16.0, "fpem/route_soft_mean_expert_0": 1.0, "fpem/route_hard_count_expert_0": 16.0, "fpem/hard_count_expert_0": 16.0, "fpem/sinkhorn_soft_col_mass_expert_0": 0.0, "fpem/progressive_active_expert_0": 0.0, "fpem/progressive_cluster_size_0": 0.0, "fpem/progressive_cluster_ratio_0": 0.0, "fpem/progressive_cluster_to_expert_0": 0.0, "fpem/progressive_bic_k1": 0.0, "fpem/progressive_bic_score_k1": 0.0, "fpem/progressive_bic_rejected_k1": 0.0, "fpem/hyper_alpha_head_0": 0.0, "fpem/hyper_gamma_norm_head_0": 0.0, "fpem/hyper_beta_norm_head_0": 0.0, "fpem/expert_cross_mae_group_0_expert_0": 9.45829247065953, "fpem/load_expert_loss": 9.45829247065953, "fpem/counterfactual_risk_router_loss": 1.3463361439250765, "fpem/counterfactual_risk_regression_loss": 1.01078312538919, "fpem/counterfactual_risk_ranking_loss": 0.6711060393424261, "fpem/load_level_assignment_detached": 1.0, "fpem/load_level_count_0": 1680.0, "fpem/load_level_ratio_0": 1.0, "fpem/expert_0_global_loss": 9.45829247065953, "fpem/expert_0_selected_loss": 9.45829247065953, "fpem/counterfactual_risk_stage2_active": 1.0, "fpem/counterfactual_risk_stage2_start_epoch": 20.0, "fpem/counterfactual_risk_all_environment_mae": 9.45829247065953, "fpem/counterfactual_risk_all_invariant_mae": 9.662237485249838, "fpem/counterfactual_risk_routed_mae": 9.510568010239375, "fpem/counterfactual_risk_oracle_mae": 9.394889095851353, "fpem/counterfactual_risk_router_accuracy": 0.5619047619047619, "fpem/counterfactual_risk_router_balanced_accuracy": 0.5408292344638279, "fpem/counterfactual_risk_inv_route_ratio": 0.41904761904761906, "fpem/counterfactual_risk_env_route_ratio": 0.580952380952381, "fpem/counterfactual_risk_inv_switch_precision": 0.3303903022692317, "fpem/counterfactual_risk_correct_inv_switches": 2.1904761904761907, "fpem/counterfactual_risk_harmful_inv_switches": 4.514285714285714, "fpem/counterfactual_risk_saved_loss": 0.030199984993253437, "fpem/counterfactual_risk_added_loss": 0.08247552457309905, "fpem/counterfactual_risk_net_gain": -0.05227553957984561, "fpem/counterfactual_risk_regret": 0.11567891438802083, "fpem/counterfactual_risk_oracle_gap_closed": -4.232348963777934, "fpem/counterfactual_risk_delta_mean": -0.2039450012502216, "fpem/counterfactual_risk_target_inv_ratio": 0.29285714285714287, "fpem/counterfactual_risk_weight_env_sum": 7.9999999455043245, "fpem/counterfactual_risk_weight_inv_sum": 7.999999950045631, "fpem/counterfactual_risk_prediction_is_hard_route": 1.0, "fpem/counterfactual_risk_prediction_is_soft_fusion": 0.0, "fpem/counterfactual_risk_target_detached": 1.0, "fpem/counterfactual_risk_uses_threshold": 0.0, "fpem/counterfactual_risk_all_samples_used_for_router": 1.0, "fpem/hard_router_predicted_env_ratio": 0.580952380952381, "fpem/hard_router_effective_env_ratio": 1.0, "fpem/hard_router_target_env_ratio": 0.7071428571428572, "fpem/hard_router_gain_mean": -0.2039450012502216, "fpem/expert_prediction_pairwise_difference": 0.0, "fpem/delta_pairwise_cosine": 0.0, "fpem/delta_pairwise_l1": 0.0, "fpem/delta_pairwise_l2": 0.0, "fpem/expert_0_parameter_norm": 14.900517463684082, "fpem/hard_binary_router_enabled": 0.0, "fpem/hard_router_uses_target_in_forward": 0.0, "fpem/stored_future_c_loaded": 0.0, "fpem/prediction_is_weighted_complete_fusion": 0.0, "fpem/prediction_is_hard_route": 1.0, "fpem/conservative_inv_override_enabled": 0.0, "fpem/conservative_router_features_detached": 1.0, "fpem/counterfactual_risk_router_enabled": 1.0, "fpem/counterfactual_risk_stage2_active_forward": 1.0, "fpem/counterfactual_risk_deploy_route_active": 0.0, "fpem/counterfactual_risk_training_uses_route": 0.0, "fpem/counterfactual_risk_forward_uses_threshold": 0.0, "fpem/future_mi_loss": 0.0, "fpem/future_mi_valid": 0.0, "fpem/future_mi_logvar_mean": 0.0, "fpem/future_mi_target_mode_env_encoder": 0.0, "fpem/swap_loss": 0.0, "fpem/swap_diff_loss": 0.0, "fpem/swap_same_loss": 0.0, "fpem/swap_gain_mean": 0.0, "fpem/swap_s_gain_mean": 0.0, "fpem/swap_fallback_router_loss": 0.0, "fpem/swap_fallback_q_mean": 0.0, "fpem/swap_prediction_delta": 0.0, "fpem/swap_route_delta": 0.0, "fpem/swap_hyper_alpha_delta": 0.0, "fpem/swap_hyper_delta_norm": 0.0, "fpem/loss_env_day": 0.0, "fpem/loss_env_hour": 0.0, "fpem/loss_env_rush": 0.0, "fpem/env_day_acc": 0.0, "fpem/env_hour_acc": 0.0, "fpem/env_rush_acc": 0.0, "fpem/loss_env_supcon": 0.0, "fpem/env_supcon_valid_pairs": 0.0, "fpem/loss_inv_env_adv": 0.0, "fpem/inv_day_acc": 0.0, "fpem/inv_hour_acc": 0.0, "fpem/inv_rush_acc": 0.0, "fpem/loss_cross_cov_sep": 0.0, "fpem/confounder_dep_enabled": 0.0, "fpem/confounder_dep_mode_gci": 1.0, "fpem/confounder_dep_mode_scd": 0.0, "fpem/confounder_dep_mode_both": 0.0, "fpem/confounder_dep_total": 0.0, "fpem/loss_gci": 0.0, "fpem/loss_gci_drop": 0.0, "fpem/loss_gci_keep": 0.0, "fpem/loss_gci_graph_align": 0.0, "fpem/loss_scd": 0.0, "fpem/loss_conf_kl": 0.0, "fpem/effective_gci_weight": 0.0, "fpem/effective_gci_graph_align_weight": 0.0, "fpem/effective_scd_weight": 0.0, "fpem/effective_conf_kl_weight": 0.0, "fpem/confounder_dep_ramp_factor": 0.0, "fpem/C_mean": 0.0, "fpem/C_std": 0.0, "fpem/C_norm": 0.0, "fpem/confounder_token_norm": 0.0, "fpem/confounder_variational": 0.0, "fpem/confounder_projection_trace": 0.0, "fpem/confounder_projection_ridge": 0.0, "fpem/confounder_projection_rank_dim": 0.0, "fpem/confounder_projection_calls": 0.0, "fpem/confounder_dep_detach_target": 0.0, "fpem/gci_nonedge_mass_before_C": 0.0, "fpem/gci_nonedge_mass_after_C": 0.0, "fpem/gci_nonedge_mass_reduction": 0.0, "fpem/gci_relative_violation": 0.0, "fpem/gci_edge_before_C": 0.0, "fpem/gci_edge_after_C": 0.0, "fpem/gci_nonedge_conn_before_C": 0.0, "fpem/gci_nonedge_conn_after_C": 0.0, "fpem/gci_nonedge_conn_reduction": 0.0, "fpem/gci_edge_conn_before_C": 0.0, "fpem/gci_edge_conn_after_C": 0.0, "fpem/gci_edge_conn_reduction": 0.0, "fpem/gci_nonedge_dep_before_C": 0.0, "fpem/gci_nonedge_dep_after_C": 0.0, "fpem/gci_nonedge_dep_reduction": 0.0, "fpem/gci_edge_dep_before_C": 0.0, "fpem/gci_edge_dep_after_C": 0.0, "fpem/gci_nonedge_count": 0.0, "fpem/gci_edge_count": 0.0, "fpem/gci_node_count": 0.0, "fpem/gci_node_vector_dim": 0.0, "fpem/gci_graph_embed_dim": 0.0, "fpem/gci_graph_embedding_norm_before": 0.0, "fpem/gci_graph_embedding_norm_after": 0.0, "fpem/gci_graph_embedding_std_before": 0.0, "fpem/gci_graph_embedding_std_after": 0.0, "fpem/gci_graph_adj_mean_before": 0.0, "fpem/gci_graph_adj_mean_after": 0.0, "fpem/gci_graph_adj_std_before": 0.0, "fpem/gci_graph_adj_std_after": 0.0, "fpem/gci_graph_align_weight": 0.0, "fpem/gci_graph_align_raw_mse": 0.0, "fpem/gci_graph_align_normalized": 0.0, "fpem/gci_edge_preserve_beta": 0.0, "fpem/gci_graph_align_target_available": 0.0, "fpem/gci_target_adj_mean": 0.0, "fpem/gci_target_adj_std": 0.0, "fpem/gci_target_edge_mean": 0.0, "fpem/gci_target_nonedge_mean": 0.0, "fpem/gci_target_diag_mean": 0.0, "fpem/gci_graph_align_updates_agcrn": 0.0, "fpem/gci_updates_graph_linear": 0.0, "fpem/gci_graph_construction_agcrn_softmax": 0.0, "fpem/scd_assoc_before_C": 0.0, "fpem/scd_assoc_after_C": 0.0, "fpem/scd_assoc_reduction": 0.0, "fpem/scd_relative_violation": 0.0, "fpem/sample_assoc_before_C": 0.0, "fpem/sample_assoc_after_C": 0.0, "fpem/sample_assoc_reduction": 0.0, "fpem/sample_dep_before_C": 0.0, "fpem/sample_dep_after_C": 0.0, "fpem/sample_dep_reduction": 0.0, "fpem/scd_batch_size": 0.0, "fpem/scd_sample_vector_dim": 0.0, "fpem/sample_kernel_alignment": 0.0, "fpem/scd_alignment_loss": 0.0, "fpem/load_level_experts_enabled": 1.0, "fpem/load_level_uses_target_or_future_load": 0.0, "fpem/environment_gate_uses_target_in_forward": 0.0, "fpem/load_level_env_residual_scale": 0.0, "fpem/uses_cached_observable_load_prior": 1.0, "fpem/primary_loss": 9.051651491437639, "fpem/inv_pred_loss": 9.220376523335775, "fpem/primary_uses_route": 1.0, "fpem/primary_uses_env_fusion": 0.0, "fpem/backbone_agcrn": 1.0, "fpem/backbone_graphwavenet": 0.0, "fpem/backbone_staeformer": 0.0, "fpem/gc_pred_loss_only": 1.0, "fpem/env_route_head_mode_hyper_proto": 1.0, "fpem/fpem_force_uniform_route": 0.0, "fpem/hard_prediction_sinkhorn_total_replaces_primary": 0.0, "fpem/hard_prediction_environment_sinkhorn_total_replaces_primary": 0.0, "fpem/warmup_risk_sinkhorn_total_replaces_primary": 0.0, "fpem/lambda_club_mi": 0.0}}
EPOCH {"epoch": 41, "train_loss": 1.3073816458384195, "val": {"loss": 11.885762823952568, "mae": 11.681446075439453, "mape": 0.18556107580661774}, "test_mixed": {"loss": NaN, "mae": NaN, "mape": NaN}, "test_workday": {"loss": NaN, "mae": NaN, "mape": NaN}, "test_holiday": {"loss": NaN, "mae": NaN, "mape": NaN}, "test_avg_mae": NaN, "best_selection_value": 11.885762823952568, "best_selection_split": "val", "best_selection_metric": "val_loss", "lr": 0.0005, "fpem_logs": {"fpem/fpem_env_use_exogenous": 1.0, "fpem/env_exogenous_available": 1.0, "fpem/env_exogenous_time_available": 1.0, "fpem/env_exogenous_load_available": 1.0, "fpem/env_exogenous_feature_dim": 32.0, "fpem/env_exogenous_embedding_norm": 2.7352162338438486, "fpem/env_exogenous_load_embedding_norm": 1.9391578345071703, "fpem/env_rep_ablation_normal": 1.0, "fpem/env_rep_ablation_zero": 0.0, "fpem/env_rep_ablation_shuffle_batch": 0.0, "fpem/env_rep_ablation_mode_id": 0.0, "fpem/mask_loss": 0.0, "fpem/mask_sparse_loss": 0.0, "fpem/mask_entropy_loss": 0.0, "fpem/mask_mean": 1.0, "fpem/mask_entropy": 0.0, "fpem/mask_active_ratio": 1.0, "fpem/fusion_alpha_mean": 0.0, "fpem/fusion_alpha_std": 0.0, "fpem/fusion_alpha_min": 0.0, "fpem/fusion_alpha_max": 0.0, "fpem/env_route_loss": 1.3073816458384195, "fpem/env_route_L_final": 9.04731171471732, "fpem/env_route_L_global": 0.0, "fpem/env_route_L_route_soft": 0.0, "fpem/env_route_L_expert": 9.458267884027391, "fpem/env_route_L_router_oracle": 1.3073816458384195, "fpem/env_route_L_balance": 0.0, "fpem/env_route_L_diverse": 0.0, "fpem/env_route_L_proto_align": 0.0, "fpem/env_route_entropy": 0.0, "fpem/env_route_q_max_mean": 0.0, "fpem/hyper_alpha_mean": 0.0, "fpem/hyper_delta_norm": 0.0, "fpem/hyper_route_proto_mode_uniform_warmup": 0.0, "fpem/hyper_route_proto_mode_uniform_fixed": 0.0, "fpem/hyper_route_proto_mode_sinkhorn": 0.0, "fpem/hyper_route_proto_mode_softmax": 0.0, "fpem/fallback_q_mean": 0.0, "fpem/fallback_q_max": 0.0, "fpem/env_q_sum_mean": 1.0, "fpem/oracle_fallback_rate": 0.0, "fpem/route_count_fallback": 0.0, "fpem/env_route_head_mode": 1.0, "fpem/route_entropy_mean": 0.0, "fpem/route_mean_distribution_entropy": 0.0, "fpem/effective_expert_number": 1.0, "fpem/max_expert_usage_ratio": 0.0, "fpem/min_expert_usage_ratio": 0.0, "fpem/prototype_pairwise_cosine": 0.0, "fpem/expert_prediction_pairwise_cosine": 0.0, "fpem/expert_collapse_warning": 0.0, "fpem/env_route_target_mode_env_prototype": 0.0, "fpem/env_route_target_mode_hybrid": 0.0, "fpem/env_route_hybrid_alpha": 0.0, "fpem/env_route_train_mode_warmup_risk_sinkhorn": 0.0, "fpem/warmup_risk_stage_warmup": 0.0, "fpem/warmup_risk_stage_soft": 0.0, "fpem/warmup_risk_stage_hard": 0.0, "fpem/warmup_risk_selected_loss": 0.0, "fpem/warmup_risk_uniform_common_loss": 0.0, "fpem/warmup_risk_lambda_common": 0.0, "fpem/warmup_risk_total_common_term": 0.0, "fpem/warmup_risk_temperature": 0.0, "fpem/warmup_risk_temperature_progress": 0.0, "fpem/uniform_expert_mae": 0.0, "fpem/risk_routed_mae": 0.0, "fpem/risk_prediction_mae": 0.0, "fpem/risk_loss": 0.0, "fpem/risk_ranking_loss": 0.0, "fpem/risk_ranking_accuracy": 0.0, "fpem/risk_oracle_argmin_accuracy": 0.0, "fpem/risk_router_temperature": 0.0, "fpem/risk_router_lambda": 0.0, "fpem/risk_router_pairwise_lambda": 0.0, "fpem/env_route_train_mode_progressive_gmm_environment": 0.0, "fpem/top_level_prediction_source_progressive_gmm_teacher_hard": 0.0, "fpem/progressive_assignment_uses_target_or_prediction_error": 0.0, "fpem/progressive_partition_ready": 0.0, "fpem/progressive_selected_k": 0.0, "fpem/progressive_active_expert_count": 0.0, "fpem/progressive_last_partition_epoch": 0.0, "fpem/progressive_lambda_common": 0.0, "fpem/progressive_common_term": 0.0, "fpem/progressive_compactness_loss": 0.0, "fpem/progressive_consistency_loss": 0.0, "fpem/progressive_cluster_entropy": 0.0, "fpem/progressive_assignment_change_ratio": 0.0, "fpem/progressive_hungarian_overlap_score": 0.0, "fpem/progressive_partition_update_time_sec": 0.0, "fpem/progressive_routed_mae": 0.0, "fpem/progressive_gmm_environment_total_replaces_primary": 0.0, "fpem/env_route_count_head_0": 16.0, "fpem/env_route_oracle_count_head_0": 16.0, "fpem/route_count_env_head_0": 16.0, "fpem/route_soft_mean_expert_0": 1.0, "fpem/route_hard_count_expert_0": 16.0, "fpem/hard_count_expert_0": 16.0, "fpem/sinkhorn_soft_col_mass_expert_0": 0.0, "fpem/progressive_active_expert_0": 0.0, "fpem/progressive_cluster_size_0": 0.0, "fpem/progressive_cluster_ratio_0": 0.0, "fpem/progressive_cluster_to_expert_0": 0.0, "fpem/progressive_bic_k1": 0.0, "fpem/progressive_bic_score_k1": 0.0, "fpem/progressive_bic_rejected_k1": 0.0, "fpem/hyper_alpha_head_0": 0.0, "fpem/hyper_gamma_norm_head_0": 0.0, "fpem/hyper_beta_norm_head_0": 0.0, "fpem/expert_cross_mae_group_0_expert_0": 9.458267884027391, "fpem/load_expert_loss": 9.458267884027391, "fpem/counterfactual_risk_router_loss": 1.3073816458384195, "fpem/counterfactual_risk_regression_loss": 0.9679807356425694, "fpem/counterfactual_risk_ranking_loss": 0.6788018306096395, "fpem/load_level_assignment_detached": 1.0, "fpem/load_level_count_0": 1680.0, "fpem/load_level_ratio_0": 1.0, "fpem/expert_0_global_loss": 9.458267884027391, "fpem/expert_0_selected_loss": 9.458267884027391, "fpem/counterfactual_risk_stage2_active": 1.0, "fpem/counterfactual_risk_stage2_start_epoch": 20.0, "fpem/counterfactual_risk_all_environment_mae": 9.458267884027391, "fpem/counterfactual_risk_all_invariant_mae": 9.662237517038982, "fpem/counterfactual_risk_routed_mae": 9.523243840535482, "fpem/counterfactual_risk_oracle_mae": 9.394872342972528, "fpem/counterfactual_risk_router_accuracy": 0.5601190476190476, "fpem/counterfactual_risk_router_balanced_accuracy": 0.5545450448989868, "fpem/counterfactual_risk_inv_route_ratio": 0.4791666666666667, "fpem/counterfactual_risk_env_route_ratio": 0.5208333333333334, "fpem/counterfactual_risk_inv_switch_precision": 0.34228166668188004, "fpem/counterfactual_risk_correct_inv_switches": 2.657142857142857, "fpem/counterfactual_risk_harmful_inv_switches": 5.0095238095238095, "fpem/counterfactual_risk_saved_loss": 0.03448316071714674, "fpem/counterfactual_risk_added_loss": 0.09945924225307647, "fpem/counterfactual_risk_net_gain": -0.06497595650809151, "fpem/counterfactual_risk_regret": 0.1283714975629534, "fpem/counterfactual_risk_oracle_gap_closed": -2.285085356861375, "fpem/counterfactual_risk_delta_mean": -0.20396972397963206, "fpem/counterfactual_risk_target_inv_ratio": 0.29285714285714287, "fpem/counterfactual_risk_weight_env_sum": 7.999999959128243, "fpem/counterfactual_risk_weight_inv_sum": 7.9999999455043245, "fpem/counterfactual_risk_prediction_is_hard_route": 1.0, "fpem/counterfactual_risk_prediction_is_soft_fusion": 0.0, "fpem/counterfactual_risk_target_detached": 1.0, "fpem/counterfactual_risk_uses_threshold": 0.0, "fpem/counterfactual_risk_all_samples_used_for_router": 1.0, "fpem/hard_router_predicted_env_ratio": 0.5208333333333334, "fpem/hard_router_effective_env_ratio": 1.0, "fpem/hard_router_target_env_ratio": 0.7071428571428572, "fpem/hard_router_gain_mean": -0.20396972397963206, "fpem/expert_prediction_pairwise_difference": 0.0, "fpem/delta_pairwise_cosine": 0.0, "fpem/delta_pairwise_l1": 0.0, "fpem/delta_pairwise_l2": 0.0, "fpem/expert_0_parameter_norm": 14.900517463684082, "fpem/hard_binary_router_enabled": 0.0, "fpem/hard_router_uses_target_in_forward": 0.0, "fpem/stored_future_c_loaded": 0.0, "fpem/prediction_is_weighted_complete_fusion": 0.0, "fpem/prediction_is_hard_route": 1.0, "fpem/conservative_inv_override_enabled": 0.0, "fpem/conservative_router_features_detached": 1.0, "fpem/counterfactual_risk_router_enabled": 1.0, "fpem/counterfactual_risk_stage2_active_forward": 1.0, "fpem/counterfactual_risk_deploy_route_active": 0.0, "fpem/counterfactual_risk_training_uses_route": 0.0, "fpem/counterfactual_risk_forward_uses_threshold": 0.0, "fpem/future_mi_loss": 0.0, "fpem/future_mi_valid": 0.0, "fpem/future_mi_logvar_mean": 0.0, "fpem/future_mi_target_mode_env_encoder": 0.0, "fpem/swap_loss": 0.0, "fpem/swap_diff_loss": 0.0, "fpem/swap_same_loss": 0.0, "fpem/swap_gain_mean": 0.0, "fpem/swap_s_gain_mean": 0.0, "fpem/swap_fallback_router_loss": 0.0, "fpem/swap_fallback_q_mean": 0.0, "fpem/swap_prediction_delta": 0.0, "fpem/swap_route_delta": 0.0, "fpem/swap_hyper_alpha_delta": 0.0, "fpem/swap_hyper_delta_norm": 0.0, "fpem/loss_env_day": 0.0, "fpem/loss_env_hour": 0.0, "fpem/loss_env_rush": 0.0, "fpem/env_day_acc": 0.0, "fpem/env_hour_acc": 0.0, "fpem/env_rush_acc": 0.0, "fpem/loss_env_supcon": 0.0, "fpem/env_supcon_valid_pairs": 0.0, "fpem/loss_inv_env_adv": 0.0, "fpem/inv_day_acc": 0.0, "fpem/inv_hour_acc": 0.0, "fpem/inv_rush_acc": 0.0, "fpem/loss_cross_cov_sep": 0.0, "fpem/confounder_dep_enabled": 0.0, "fpem/confounder_dep_mode_gci": 1.0, "fpem/confounder_dep_mode_scd": 0.0, "fpem/confounder_dep_mode_both": 0.0, "fpem/confounder_dep_total": 0.0, "fpem/loss_gci": 0.0, "fpem/loss_gci_drop": 0.0, "fpem/loss_gci_keep": 0.0, "fpem/loss_gci_graph_align": 0.0, "fpem/loss_scd": 0.0, "fpem/loss_conf_kl": 0.0, "fpem/effective_gci_weight": 0.0, "fpem/effective_gci_graph_align_weight": 0.0, "fpem/effective_scd_weight": 0.0, "fpem/effective_conf_kl_weight": 0.0, "fpem/confounder_dep_ramp_factor": 0.0, "fpem/C_mean": 0.0, "fpem/C_std": 0.0, "fpem/C_norm": 0.0, "fpem/confounder_token_norm": 0.0, "fpem/confounder_variational": 0.0, "fpem/confounder_projection_trace": 0.0, "fpem/confounder_projection_ridge": 0.0, "fpem/confounder_projection_rank_dim": 0.0, "fpem/confounder_projection_calls": 0.0, "fpem/confounder_dep_detach_target": 0.0, "fpem/gci_nonedge_mass_before_C": 0.0, "fpem/gci_nonedge_mass_after_C": 0.0, "fpem/gci_nonedge_mass_reduction": 0.0, "fpem/gci_relative_violation": 0.0, "fpem/gci_edge_before_C": 0.0, "fpem/gci_edge_after_C": 0.0, "fpem/gci_nonedge_conn_before_C": 0.0, "fpem/gci_nonedge_conn_after_C": 0.0, "fpem/gci_nonedge_conn_reduction": 0.0, "fpem/gci_edge_conn_before_C": 0.0, "fpem/gci_edge_conn_after_C": 0.0, "fpem/gci_edge_conn_reduction": 0.0, "fpem/gci_nonedge_dep_before_C": 0.0, "fpem/gci_nonedge_dep_after_C": 0.0, "fpem/gci_nonedge_dep_reduction": 0.0, "fpem/gci_edge_dep_before_C": 0.0, "fpem/gci_edge_dep_after_C": 0.0, "fpem/gci_nonedge_count": 0.0, "fpem/gci_edge_count": 0.0, "fpem/gci_node_count": 0.0, "fpem/gci_node_vector_dim": 0.0, "fpem/gci_graph_embed_dim": 0.0, "fpem/gci_graph_embedding_norm_before": 0.0, "fpem/gci_graph_embedding_norm_after": 0.0, "fpem/gci_graph_embedding_std_before": 0.0, "fpem/gci_graph_embedding_std_after": 0.0, "fpem/gci_graph_adj_mean_before": 0.0, "fpem/gci_graph_adj_mean_after": 0.0, "fpem/gci_graph_adj_std_before": 0.0, "fpem/gci_graph_adj_std_after": 0.0, "fpem/gci_graph_align_weight": 0.0, "fpem/gci_graph_align_raw_mse": 0.0, "fpem/gci_graph_align_normalized": 0.0, "fpem/gci_edge_preserve_beta": 0.0, "fpem/gci_graph_align_target_available": 0.0, "fpem/gci_target_adj_mean": 0.0, "fpem/gci_target_adj_std": 0.0, "fpem/gci_target_edge_mean": 0.0, "fpem/gci_target_nonedge_mean": 0.0, "fpem/gci_target_diag_mean": 0.0, "fpem/gci_graph_align_updates_agcrn": 0.0, "fpem/gci_updates_graph_linear": 0.0, "fpem/gci_graph_construction_agcrn_softmax": 0.0, "fpem/scd_assoc_before_C": 0.0, "fpem/scd_assoc_after_C": 0.0, "fpem/scd_assoc_reduction": 0.0, "fpem/scd_relative_violation": 0.0, "fpem/sample_assoc_before_C": 0.0, "fpem/sample_assoc_after_C": 0.0, "fpem/sample_assoc_reduction": 0.0, "fpem/sample_dep_before_C": 0.0, "fpem/sample_dep_after_C": 0.0, "fpem/sample_dep_reduction": 0.0, "fpem/scd_batch_size": 0.0, "fpem/scd_sample_vector_dim": 0.0, "fpem/sample_kernel_alignment": 0.0, "fpem/scd_alignment_loss": 0.0, "fpem/load_level_experts_enabled": 1.0, "fpem/load_level_uses_target_or_future_load": 0.0, "fpem/environment_gate_uses_target_in_forward": 0.0, "fpem/load_level_env_residual_scale": 0.0, "fpem/uses_cached_observable_load_prior": 1.0, "fpem/primary_loss": 9.04731171471732, "fpem/inv_pred_loss": 9.216530050550189, "fpem/primary_uses_route": 1.0, "fpem/primary_uses_env_fusion": 0.0, "fpem/backbone_agcrn": 1.0, "fpem/backbone_graphwavenet": 0.0, "fpem/backbone_staeformer": 0.0, "fpem/gc_pred_loss_only": 1.0, "fpem/env_route_head_mode_hyper_proto": 1.0, "fpem/fpem_force_uniform_route": 0.0, "fpem/hard_prediction_sinkhorn_total_replaces_primary": 0.0, "fpem/hard_prediction_environment_sinkhorn_total_replaces_primary": 0.0, "fpem/warmup_risk_sinkhorn_total_replaces_primary": 0.0, "fpem/lambda_club_mi": 0.0}}
EPOCH {"epoch": 42, "train_loss": 1.244548495610555, "val": {"loss": 11.88209843635559, "mae": 11.677570343017578, "mape": 0.1852709800004959}, "test_mixed": {"loss": NaN, "mae": NaN, "mape": NaN}, "test_workday": {"loss": NaN, "mae": NaN, "mape": NaN}, "test_holiday": {"loss": NaN, "mae": NaN, "mape": NaN}, "test_avg_mae": NaN, "best_selection_value": 11.88209843635559, "best_selection_split": "val", "best_selection_metric": "val_loss", "lr": 0.0005, "fpem_logs": {"fpem/fpem_env_use_exogenous": 1.0, "fpem/env_exogenous_available": 1.0, "fpem/env_exogenous_time_available": 1.0, "fpem/env_exogenous_load_available": 1.0, "fpem/env_exogenous_feature_dim": 32.0, "fpem/env_exogenous_embedding_norm": 2.7352162315731956, "fpem/env_exogenous_load_embedding_norm": 1.939157848131089, "fpem/env_rep_ablation_normal": 1.0, "fpem/env_rep_ablation_zero": 0.0, "fpem/env_rep_ablation_shuffle_batch": 0.0, "fpem/env_rep_ablation_mode_id": 0.0, "fpem/mask_loss": 0.0, "fpem/mask_sparse_loss": 0.0, "fpem/mask_entropy_loss": 0.0, "fpem/mask_mean": 1.0, "fpem/mask_entropy": 0.0, "fpem/mask_active_ratio": 1.0, "fpem/fusion_alpha_mean": 0.0, "fpem/fusion_alpha_std": 0.0, "fpem/fusion_alpha_min": 0.0, "fpem/fusion_alpha_max": 0.0, "fpem/env_route_loss": 1.244548495610555, "fpem/env_route_L_final": 9.044914418175107, "fpem/env_route_L_global": 0.0, "fpem/env_route_L_route_soft": 0.0, "fpem/env_route_L_expert": 9.45829811550322, "fpem/env_route_L_router_oracle": 1.244548495610555, "fpem/env_route_L_balance": 0.0, "fpem/env_route_L_diverse": 0.0, "fpem/env_route_L_proto_align": 0.0, "fpem/env_route_entropy": 0.0, "fpem/env_route_q_max_mean": 0.0, "fpem/hyper_alpha_mean": 0.0, "fpem/hyper_delta_norm": 0.0, "fpem/hyper_route_proto_mode_uniform_warmup": 0.0, "fpem/hyper_route_proto_mode_uniform_fixed": 0.0, "fpem/hyper_route_proto_mode_sinkhorn": 0.0, "fpem/hyper_route_proto_mode_softmax": 0.0, "fpem/fallback_q_mean": 0.0, "fpem/fallback_q_max": 0.0, "fpem/env_q_sum_mean": 1.0, "fpem/oracle_fallback_rate": 0.0, "fpem/route_count_fallback": 0.0, "fpem/env_route_head_mode": 1.0, "fpem/route_entropy_mean": 0.0, "fpem/route_mean_distribution_entropy": 0.0, "fpem/effective_expert_number": 1.0, "fpem/max_expert_usage_ratio": 0.0, "fpem/min_expert_usage_ratio": 0.0, "fpem/prototype_pairwise_cosine": 0.0, "fpem/expert_prediction_pairwise_cosine": 0.0, "fpem/expert_collapse_warning": 0.0, "fpem/env_route_target_mode_env_prototype": 0.0, "fpem/env_route_target_mode_hybrid": 0.0, "fpem/env_route_hybrid_alpha": 0.0, "fpem/env_route_train_mode_warmup_risk_sinkhorn": 0.0, "fpem/warmup_risk_stage_warmup": 0.0, "fpem/warmup_risk_stage_soft": 0.0, "fpem/warmup_risk_stage_hard": 0.0, "fpem/warmup_risk_selected_loss": 0.0, "fpem/warmup_risk_uniform_common_loss": 0.0, "fpem/warmup_risk_lambda_common": 0.0, "fpem/warmup_risk_total_common_term": 0.0, "fpem/warmup_risk_temperature": 0.0, "fpem/warmup_risk_temperature_progress": 0.0, "fpem/uniform_expert_mae": 0.0, "fpem/risk_routed_mae": 0.0, "fpem/risk_prediction_mae": 0.0, "fpem/risk_loss": 0.0, "fpem/risk_ranking_loss": 0.0, "fpem/risk_ranking_accuracy": 0.0, "fpem/risk_oracle_argmin_accuracy": 0.0, "fpem/risk_router_temperature": 0.0, "fpem/risk_router_lambda": 0.0, "fpem/risk_router_pairwise_lambda": 0.0, "fpem/env_route_train_mode_progressive_gmm_environment": 0.0, "fpem/top_level_prediction_source_progressive_gmm_teacher_hard": 0.0, "fpem/progressive_assignment_uses_target_or_prediction_error": 0.0, "fpem/progressive_partition_ready": 0.0, "fpem/progressive_selected_k": 0.0, "fpem/progressive_active_expert_count": 0.0, "fpem/progressive_last_partition_epoch": 0.0, "fpem/progressive_lambda_common": 0.0, "fpem/progressive_common_term": 0.0, "fpem/progressive_compactness_loss": 0.0, "fpem/progressive_consistency_loss": 0.0, "fpem/progressive_cluster_entropy": 0.0, "fpem/progressive_assignment_change_ratio": 0.0, "fpem/progressive_hungarian_overlap_score": 0.0, "fpem/progressive_partition_update_time_sec": 0.0, "fpem/progressive_routed_mae": 0.0, "fpem/progressive_gmm_environment_total_replaces_primary": 0.0, "fpem/env_route_count_head_0": 16.0, "fpem/env_route_oracle_count_head_0": 16.0, "fpem/route_count_env_head_0": 16.0, "fpem/route_soft_mean_expert_0": 1.0, "fpem/route_hard_count_expert_0": 16.0, "fpem/hard_count_expert_0": 16.0, "fpem/sinkhorn_soft_col_mass_expert_0": 0.0, "fpem/progressive_active_expert_0": 0.0, "fpem/progressive_cluster_size_0": 0.0, "fpem/progressive_cluster_ratio_0": 0.0, "fpem/progressive_cluster_to_expert_0": 0.0, "fpem/progressive_bic_k1": 0.0, "fpem/progressive_bic_score_k1": 0.0, "fpem/progressive_bic_rejected_k1": 0.0, "fpem/hyper_alpha_head_0": 0.0, "fpem/hyper_gamma_norm_head_0": 0.0, "fpem/hyper_beta_norm_head_0": 0.0, "fpem/expert_cross_mae_group_0_expert_0": 9.45829811550322, "fpem/load_expert_loss": 9.45829811550322, "fpem/counterfactual_risk_router_loss": 1.244548495610555, "fpem/counterfactual_risk_regression_loss": 0.9023429957174119, "fpem/counterfactual_risk_ranking_loss": 0.6844110029084342, "fpem/load_level_assignment_detached": 1.0, "fpem/load_level_count_0": 1680.0, "fpem/load_level_ratio_0": 1.0, "fpem/expert_0_global_loss": 9.45829811550322, "fpem/expert_0_selected_loss": 9.45829811550322, "fpem/counterfactual_risk_stage2_active": 1.0, "fpem/counterfactual_risk_stage2_start_epoch": 20.0, "fpem/counterfactual_risk_all_environment_mae": 9.45829811550322, "fpem/counterfactual_risk_all_invariant_mae": 9.662237521580288, "fpem/counterfactual_risk_routed_mae": 9.527133878072103, "fpem/counterfactual_risk_oracle_mae": 9.394888728005546, "fpem/counterfactual_risk_router_accuracy": 0.5488095238095239, "fpem/counterfactual_risk_router_balanced_accuracy": 0.5440048328467778, "fpem/counterfactual_risk_inv_route_ratio": 0.4845238095238095, "fpem/counterfactual_risk_env_route_ratio": 0.5154761904761904, "fpem/counterfactual_risk_inv_switch_precision": 0.3349178914512907, "fpem/counterfactual_risk_correct_inv_switches": 2.6095238095238096, "fpem/counterfactual_risk_harmful_inv_switches": 5.142857142857143, "fpem/counterfactual_risk_saved_loss": 0.03155387696765718, "fpem/counterfactual_risk_added_loss": 0.10038961271444956, "fpem/counterfactual_risk_net_gain": -0.06883576256888253, "fpem/counterfactual_risk_regret": 0.13224515006655738, "fpem/counterfactual_risk_oracle_gap_closed": -2.053952119024914, "fpem/counterfactual_risk_delta_mean": -0.20393938209329332, "fpem/counterfactual_risk_target_inv_ratio": 0.29285714285714287, "fpem/counterfactual_risk_weight_env_sum": 7.999999959128243, "fpem/counterfactual_risk_weight_inv_sum": 7.999999972752162, "fpem/counterfactual_risk_prediction_is_hard_route": 1.0, "fpem/counterfactual_risk_prediction_is_soft_fusion": 0.0, "fpem/counterfactual_risk_target_detached": 1.0, "fpem/counterfactual_risk_uses_threshold": 0.0, "fpem/counterfactual_risk_all_samples_used_for_router": 1.0, "fpem/hard_router_predicted_env_ratio": 0.5154761904761904, "fpem/hard_router_effective_env_ratio": 1.0, "fpem/hard_router_target_env_ratio": 0.7071428571428572, "fpem/hard_router_gain_mean": -0.20393938209329332, "fpem/expert_prediction_pairwise_difference": 0.0, "fpem/delta_pairwise_cosine": 0.0, "fpem/delta_pairwise_l1": 0.0, "fpem/delta_pairwise_l2": 0.0, "fpem/expert_0_parameter_norm": 14.900517463684082, "fpem/hard_binary_router_enabled": 0.0, "fpem/hard_router_uses_target_in_forward": 0.0, "fpem/stored_future_c_loaded": 0.0, "fpem/prediction_is_weighted_complete_fusion": 0.0, "fpem/prediction_is_hard_route": 1.0, "fpem/conservative_inv_override_enabled": 0.0, "fpem/conservative_router_features_detached": 1.0, "fpem/counterfactual_risk_router_enabled": 1.0, "fpem/counterfactual_risk_stage2_active_forward": 1.0, "fpem/counterfactual_risk_deploy_route_active": 0.0, "fpem/counterfactual_risk_training_uses_route": 0.0, "fpem/counterfactual_risk_forward_uses_threshold": 0.0, "fpem/future_mi_loss": 0.0, "fpem/future_mi_valid": 0.0, "fpem/future_mi_logvar_mean": 0.0, "fpem/future_mi_target_mode_env_encoder": 0.0, "fpem/swap_loss": 0.0, "fpem/swap_diff_loss": 0.0, "fpem/swap_same_loss": 0.0, "fpem/swap_gain_mean": 0.0, "fpem/swap_s_gain_mean": 0.0, "fpem/swap_fallback_router_loss": 0.0, "fpem/swap_fallback_q_mean": 0.0, "fpem/swap_prediction_delta": 0.0, "fpem/swap_route_delta": 0.0, "fpem/swap_hyper_alpha_delta": 0.0, "fpem/swap_hyper_delta_norm": 0.0, "fpem/loss_env_day": 0.0, "fpem/loss_env_hour": 0.0, "fpem/loss_env_rush": 0.0, "fpem/env_day_acc": 0.0, "fpem/env_hour_acc": 0.0, "fpem/env_rush_acc": 0.0, "fpem/loss_env_supcon": 0.0, "fpem/env_supcon_valid_pairs": 0.0, "fpem/loss_inv_env_adv": 0.0, "fpem/inv_day_acc": 0.0, "fpem/inv_hour_acc": 0.0, "fpem/inv_rush_acc": 0.0, "fpem/loss_cross_cov_sep": 0.0, "fpem/confounder_dep_enabled": 0.0, "fpem/confounder_dep_mode_gci": 1.0, "fpem/confounder_dep_mode_scd": 0.0, "fpem/confounder_dep_mode_both": 0.0, "fpem/confounder_dep_total": 0.0, "fpem/loss_gci": 0.0, "fpem/loss_gci_drop": 0.0, "fpem/loss_gci_keep": 0.0, "fpem/loss_gci_graph_align": 0.0, "fpem/loss_scd": 0.0, "fpem/loss_conf_kl": 0.0, "fpem/effective_gci_weight": 0.0, "fpem/effective_gci_graph_align_weight": 0.0, "fpem/effective_scd_weight": 0.0, "fpem/effective_conf_kl_weight": 0.0, "fpem/confounder_dep_ramp_factor": 0.0, "fpem/C_mean": 0.0, "fpem/C_std": 0.0, "fpem/C_norm": 0.0, "fpem/confounder_token_norm": 0.0, "fpem/confounder_variational": 0.0, "fpem/confounder_projection_trace": 0.0, "fpem/confounder_projection_ridge": 0.0, "fpem/confounder_projection_rank_dim": 0.0, "fpem/confounder_projection_calls": 0.0, "fpem/confounder_dep_detach_target": 0.0, "fpem/gci_nonedge_mass_before_C": 0.0, "fpem/gci_nonedge_mass_after_C": 0.0, "fpem/gci_nonedge_mass_reduction": 0.0, "fpem/gci_relative_violation": 0.0, "fpem/gci_edge_before_C": 0.0, "fpem/gci_edge_after_C": 0.0, "fpem/gci_nonedge_conn_before_C": 0.0, "fpem/gci_nonedge_conn_after_C": 0.0, "fpem/gci_nonedge_conn_reduction": 0.0, "fpem/gci_edge_conn_before_C": 0.0, "fpem/gci_edge_conn_after_C": 0.0, "fpem/gci_edge_conn_reduction": 0.0, "fpem/gci_nonedge_dep_before_C": 0.0, "fpem/gci_nonedge_dep_after_C": 0.0, "fpem/gci_nonedge_dep_reduction": 0.0, "fpem/gci_edge_dep_before_C": 0.0, "fpem/gci_edge_dep_after_C": 0.0, "fpem/gci_nonedge_count": 0.0, "fpem/gci_edge_count": 0.0, "fpem/gci_node_count": 0.0, "fpem/gci_node_vector_dim": 0.0, "fpem/gci_graph_embed_dim": 0.0, "fpem/gci_graph_embedding_norm_before": 0.0, "fpem/gci_graph_embedding_norm_after": 0.0, "fpem/gci_graph_embedding_std_before": 0.0, "fpem/gci_graph_embedding_std_after": 0.0, "fpem/gci_graph_adj_mean_before": 0.0, "fpem/gci_graph_adj_mean_after": 0.0, "fpem/gci_graph_adj_std_before": 0.0, "fpem/gci_graph_adj_std_after": 0.0, "fpem/gci_graph_align_weight": 0.0, "fpem/gci_graph_align_raw_mse": 0.0, "fpem/gci_graph_align_normalized": 0.0, "fpem/gci_edge_preserve_beta": 0.0, "fpem/gci_graph_align_target_available": 0.0, "fpem/gci_target_adj_mean": 0.0, "fpem/gci_target_adj_std": 0.0, "fpem/gci_target_edge_mean": 0.0, "fpem/gci_target_nonedge_mean": 0.0, "fpem/gci_target_diag_mean": 0.0, "fpem/gci_graph_align_updates_agcrn": 0.0, "fpem/gci_updates_graph_linear": 0.0, "fpem/gci_graph_construction_agcrn_softmax": 0.0, "fpem/scd_assoc_before_C": 0.0, "fpem/scd_assoc_after_C": 0.0, "fpem/scd_assoc_reduction": 0.0, "fpem/scd_relative_violation": 0.0, "fpem/sample_assoc_before_C": 0.0, "fpem/sample_assoc_after_C": 0.0, "fpem/sample_assoc_reduction": 0.0, "fpem/sample_dep_before_C": 0.0, "fpem/sample_dep_after_C": 0.0, "fpem/sample_dep_reduction": 0.0, "fpem/scd_batch_size": 0.0, "fpem/scd_sample_vector_dim": 0.0, "fpem/sample_kernel_alignment": 0.0, "fpem/scd_alignment_loss": 0.0, "fpem/load_level_experts_enabled": 1.0, "fpem/load_level_uses_target_or_future_load": 0.0, "fpem/environment_gate_uses_target_in_forward": 0.0, "fpem/load_level_env_residual_scale": 0.0, "fpem/uses_cached_observable_load_prior": 1.0, "fpem/primary_loss": 9.044914418175107, "fpem/inv_pred_loss": 9.214044030507406, "fpem/primary_uses_route": 1.0, "fpem/primary_uses_env_fusion": 0.0, "fpem/backbone_agcrn": 1.0, "fpem/backbone_graphwavenet": 0.0, "fpem/backbone_staeformer": 0.0, "fpem/gc_pred_loss_only": 1.0, "fpem/env_route_head_mode_hyper_proto": 1.0, "fpem/fpem_force_uniform_route": 0.0, "fpem/hard_prediction_sinkhorn_total_replaces_primary": 0.0, "fpem/hard_prediction_environment_sinkhorn_total_replaces_primary": 0.0, "fpem/warmup_risk_sinkhorn_total_replaces_primary": 0.0, "fpem/lambda_club_mi": 0.0}}
EPOCH {"epoch": 43, "train_loss": 1.2806447636513483, "val": {"loss": 11.878568278418648, "mae": 11.672985076904297, "mape": 0.1849125772714615}, "test_mixed": {"loss": NaN, "mae": NaN, "mape": NaN}, "test_workday": {"loss": NaN, "mae": NaN, "mape": NaN}, "test_holiday": {"loss": NaN, "mae": NaN, "mape": NaN}, "test_avg_mae": NaN, "best_selection_value": 11.878568278418648, "best_selection_split": "val", "best_selection_metric": "val_loss", "lr": 0.0005, "fpem_logs": {"fpem/fpem_env_use_exogenous": 1.0, "fpem/env_exogenous_available": 1.0, "fpem/env_exogenous_time_available": 1.0, "fpem/env_exogenous_load_available": 1.0, "fpem/env_exogenous_feature_dim": 32.0, "fpem/env_exogenous_embedding_norm": 2.7352162565503804, "fpem/env_exogenous_load_embedding_norm": 1.9391578447251092, "fpem/env_rep_ablation_normal": 1.0, "fpem/env_rep_ablation_zero": 0.0, "fpem/env_rep_ablation_shuffle_batch": 0.0, "fpem/env_rep_ablation_mode_id": 0.0, "fpem/mask_loss": 0.0, "fpem/mask_sparse_loss": 0.0, "fpem/mask_entropy_loss": 0.0, "fpem/mask_mean": 1.0, "fpem/mask_entropy": 0.0, "fpem/mask_active_ratio": 1.0, "fpem/fusion_alpha_mean": 0.0, "fpem/fusion_alpha_std": 0.0, "fpem/fusion_alpha_min": 0.0, "fpem/fusion_alpha_max": 0.0, "fpem/env_route_loss": 1.2806447636513483, "fpem/env_route_L_final": 9.047976094200498, "fpem/env_route_L_global": 0.0, "fpem/env_route_L_route_soft": 0.0, "fpem/env_route_L_expert": 9.458272461664109, "fpem/env_route_L_router_oracle": 1.2806447636513483, "fpem/env_route_L_balance": 0.0, "fpem/env_route_L_diverse": 0.0, "fpem/env_route_L_proto_align": 0.0, "fpem/env_route_entropy": 0.0, "fpem/env_route_q_max_mean": 0.0, "fpem/hyper_alpha_mean": 0.0, "fpem/hyper_delta_norm": 0.0, "fpem/hyper_route_proto_mode_uniform_warmup": 0.0, "fpem/hyper_route_proto_mode_uniform_fixed": 0.0, "fpem/hyper_route_proto_mode_sinkhorn": 0.0, "fpem/hyper_route_proto_mode_softmax": 0.0, "fpem/fallback_q_mean": 0.0, "fpem/fallback_q_max": 0.0, "fpem/env_q_sum_mean": 1.0, "fpem/oracle_fallback_rate": 0.0, "fpem/route_count_fallback": 0.0, "fpem/env_route_head_mode": 1.0, "fpem/route_entropy_mean": 0.0, "fpem/route_mean_distribution_entropy": 0.0, "fpem/effective_expert_number": 1.0, "fpem/max_expert_usage_ratio": 0.0, "fpem/min_expert_usage_ratio": 0.0, "fpem/prototype_pairwise_cosine": 0.0, "fpem/expert_prediction_pairwise_cosine": 0.0, "fpem/expert_collapse_warning": 0.0, "fpem/env_route_target_mode_env_prototype": 0.0, "fpem/env_route_target_mode_hybrid": 0.0, "fpem/env_route_hybrid_alpha": 0.0, "fpem/env_route_train_mode_warmup_risk_sinkhorn": 0.0, "fpem/warmup_risk_stage_warmup": 0.0, "fpem/warmup_risk_stage_soft": 0.0, "fpem/warmup_risk_stage_hard": 0.0, "fpem/warmup_risk_selected_loss": 0.0, "fpem/warmup_risk_uniform_common_loss": 0.0, "fpem/warmup_risk_lambda_common": 0.0, "fpem/warmup_risk_total_common_term": 0.0, "fpem/warmup_risk_temperature": 0.0, "fpem/warmup_risk_temperature_progress": 0.0, "fpem/uniform_expert_mae": 0.0, "fpem/risk_routed_mae": 0.0, "fpem/risk_prediction_mae": 0.0, "fpem/risk_loss": 0.0, "fpem/risk_ranking_loss": 0.0, "fpem/risk_ranking_accuracy": 0.0, "fpem/risk_oracle_argmin_accuracy": 0.0, "fpem/risk_router_temperature": 0.0, "fpem/risk_router_lambda": 0.0, "fpem/risk_router_pairwise_lambda": 0.0, "fpem/env_route_train_mode_progressive_gmm_environment": 0.0, "fpem/top_level_prediction_source_progressive_gmm_teacher_hard": 0.0, "fpem/progressive_assignment_uses_target_or_prediction_error": 0.0, "fpem/progressive_partition_ready": 0.0, "fpem/progressive_selected_k": 0.0, "fpem/progressive_active_expert_count": 0.0, "fpem/progressive_last_partition_epoch": 0.0, "fpem/progressive_lambda_common": 0.0, "fpem/progressive_common_term": 0.0, "fpem/progressive_compactness_loss": 0.0, "fpem/progressive_consistency_loss": 0.0, "fpem/progressive_cluster_entropy": 0.0, "fpem/progressive_assignment_change_ratio": 0.0, "fpem/progressive_hungarian_overlap_score": 0.0, "fpem/progressive_partition_update_time_sec": 0.0, "fpem/progressive_routed_mae": 0.0, "fpem/progressive_gmm_environment_total_replaces_primary": 0.0, "fpem/env_route_count_head_0": 16.0, "fpem/env_route_oracle_count_head_0": 16.0, "fpem/route_count_env_head_0": 16.0, "fpem/route_soft_mean_expert_0": 1.0, "fpem/route_hard_count_expert_0": 16.0, "fpem/hard_count_expert_0": 16.0, "fpem/sinkhorn_soft_col_mass_expert_0": 0.0, "fpem/progressive_active_expert_0": 0.0, "fpem/progressive_cluster_size_0": 0.0, "fpem/progressive_cluster_ratio_0": 0.0, "fpem/progressive_cluster_to_expert_0": 0.0, "fpem/progressive_bic_k1": 0.0, "fpem/progressive_bic_score_k1": 0.0, "fpem/progressive_bic_rejected_k1": 0.0, "fpem/hyper_alpha_head_0": 0.0, "fpem/hyper_gamma_norm_head_0": 0.0, "fpem/hyper_beta_norm_head_0": 0.0, "fpem/expert_cross_mae_group_0_expert_0": 9.458272461664109, "fpem/load_expert_loss": 9.458272461664109, "fpem/counterfactual_risk_router_loss": 1.2806447636513483, "fpem/counterfactual_risk_regression_loss": 0.9416610099020458, "fpem/counterfactual_risk_ranking_loss": 0.6779675069309417, "fpem/load_level_assignment_detached": 1.0, "fpem/load_level_count_0": 1680.0, "fpem/load_level_ratio_0": 1.0, "fpem/expert_0_global_loss": 9.458272461664109, "fpem/expert_0_selected_loss": 9.458272461664109, "fpem/counterfactual_risk_stage2_active": 1.0, "fpem/counterfactual_risk_stage2_start_epoch": 20.0, "fpem/counterfactual_risk_all_environment_mae": 9.458272461664109, "fpem/counterfactual_risk_all_invariant_mae": 9.662237512497676, "fpem/counterfactual_risk_routed_mae": 9.517564882550921, "fpem/counterfactual_risk_oracle_mae": 9.394859077816918, "fpem/counterfactual_risk_router_accuracy": 0.5577380952380953, "fpem/counterfactual_risk_router_balanced_accuracy": 0.5512675001507714, "fpem/counterfactual_risk_inv_route_ratio": 0.4446428571428571, "fpem/counterfactual_risk_env_route_ratio": 0.5553571428571429, "fpem/counterfactual_risk_inv_switch_precision": 0.3340573241313299, "fpem/counterfactual_risk_correct_inv_switches": 2.361904761904762, "fpem/counterfactual_risk_harmful_inv_switches": 4.752380952380952, "fpem/counterfactual_risk_saved_loss": 0.03006378355480376, "fpem/counterfactual_risk_added_loss": 0.08935612809090387, "fpem/counterfactual_risk_net_gain": -0.059292420886811754, "fpem/counterfactual_risk_regret": 0.12270580473400297, "fpem/counterfactual_risk_oracle_gap_closed": -2.621531930069129, "fpem/counterfactual_risk_delta_mean": -0.20396499903429122, "fpem/counterfactual_risk_target_inv_ratio": 0.29285714285714287, "fpem/counterfactual_risk_weight_env_sum": 7.999999918256488, "fpem/counterfactual_risk_weight_inv_sum": 7.9999999455043245, "fpem/counterfactual_risk_prediction_is_hard_route": 1.0, "fpem/counterfactual_risk_prediction_is_soft_fusion": 0.0, "fpem/counterfactual_risk_target_detached": 1.0, "fpem/counterfactual_risk_uses_threshold": 0.0, "fpem/counterfactual_risk_all_samples_used_for_router": 1.0, "fpem/hard_router_predicted_env_ratio": 0.5553571428571429, "fpem/hard_router_effective_env_ratio": 1.0, "fpem/hard_router_target_env_ratio": 0.7071428571428572, "fpem/hard_router_gain_mean": -0.20396499903429122, "fpem/expert_prediction_pairwise_difference": 0.0, "fpem/delta_pairwise_cosine": 0.0, "fpem/delta_pairwise_l1": 0.0, "fpem/delta_pairwise_l2": 0.0, "fpem/expert_0_parameter_norm": 14.900517463684082, "fpem/hard_binary_router_enabled": 0.0, "fpem/hard_router_uses_target_in_forward": 0.0, "fpem/stored_future_c_loaded": 0.0, "fpem/prediction_is_weighted_complete_fusion": 0.0, "fpem/prediction_is_hard_route": 1.0, "fpem/conservative_inv_override_enabled": 0.0, "fpem/conservative_router_features_detached": 1.0, "fpem/counterfactual_risk_router_enabled": 1.0, "fpem/counterfactual_risk_stage2_active_forward": 1.0, "fpem/counterfactual_risk_deploy_route_active": 0.0, "fpem/counterfactual_risk_training_uses_route": 0.0, "fpem/counterfactual_risk_forward_uses_threshold": 0.0, "fpem/future_mi_loss": 0.0, "fpem/future_mi_valid": 0.0, "fpem/future_mi_logvar_mean": 0.0, "fpem/future_mi_target_mode_env_encoder": 0.0, "fpem/swap_loss": 0.0, "fpem/swap_diff_loss": 0.0, "fpem/swap_same_loss": 0.0, "fpem/swap_gain_mean": 0.0, "fpem/swap_s_gain_mean": 0.0, "fpem/swap_fallback_router_loss": 0.0, "fpem/swap_fallback_q_mean": 0.0, "fpem/swap_prediction_delta": 0.0, "fpem/swap_route_delta": 0.0, "fpem/swap_hyper_alpha_delta": 0.0, "fpem/swap_hyper_delta_norm": 0.0, "fpem/loss_env_day": 0.0, "fpem/loss_env_hour": 0.0, "fpem/loss_env_rush": 0.0, "fpem/env_day_acc": 0.0, "fpem/env_hour_acc": 0.0, "fpem/env_rush_acc": 0.0, "fpem/loss_env_supcon": 0.0, "fpem/env_supcon_valid_pairs": 0.0, "fpem/loss_inv_env_adv": 0.0, "fpem/inv_day_acc": 0.0, "fpem/inv_hour_acc": 0.0, "fpem/inv_rush_acc": 0.0, "fpem/loss_cross_cov_sep": 0.0, "fpem/confounder_dep_enabled": 0.0, "fpem/confounder_dep_mode_gci": 1.0, "fpem/confounder_dep_mode_scd": 0.0, "fpem/confounder_dep_mode_both": 0.0, "fpem/confounder_dep_total": 0.0, "fpem/loss_gci": 0.0, "fpem/loss_gci_drop": 0.0, "fpem/loss_gci_keep": 0.0, "fpem/loss_gci_graph_align": 0.0, "fpem/loss_scd": 0.0, "fpem/loss_conf_kl": 0.0, "fpem/effective_gci_weight": 0.0, "fpem/effective_gci_graph_align_weight": 0.0, "fpem/effective_scd_weight": 0.0, "fpem/effective_conf_kl_weight": 0.0, "fpem/confounder_dep_ramp_factor": 0.0, "fpem/C_mean": 0.0, "fpem/C_std": 0.0, "fpem/C_norm": 0.0, "fpem/confounder_token_norm": 0.0, "fpem/confounder_variational": 0.0, "fpem/confounder_projection_trace": 0.0, "fpem/confounder_projection_ridge": 0.0, "fpem/confounder_projection_rank_dim": 0.0, "fpem/confounder_projection_calls": 0.0, "fpem/confounder_dep_detach_target": 0.0, "fpem/gci_nonedge_mass_before_C": 0.0, "fpem/gci_nonedge_mass_after_C": 0.0, "fpem/gci_nonedge_mass_reduction": 0.0, "fpem/gci_relative_violation": 0.0, "fpem/gci_edge_before_C": 0.0, "fpem/gci_edge_after_C": 0.0, "fpem/gci_nonedge_conn_before_C": 0.0, "fpem/gci_nonedge_conn_after_C": 0.0, "fpem/gci_nonedge_conn_reduction": 0.0, "fpem/gci_edge_conn_before_C": 0.0, "fpem/gci_edge_conn_after_C": 0.0, "fpem/gci_edge_conn_reduction": 0.0, "fpem/gci_nonedge_dep_before_C": 0.0, "fpem/gci_nonedge_dep_after_C": 0.0, "fpem/gci_nonedge_dep_reduction": 0.0, "fpem/gci_edge_dep_before_C": 0.0, "fpem/gci_edge_dep_after_C": 0.0, "fpem/gci_nonedge_count": 0.0, "fpem/gci_edge_count": 0.0, "fpem/gci_node_count": 0.0, "fpem/gci_node_vector_dim": 0.0, "fpem/gci_graph_embed_dim": 0.0, "fpem/gci_graph_embedding_norm_before": 0.0, "fpem/gci_graph_embedding_norm_after": 0.0, "fpem/gci_graph_embedding_std_before": 0.0, "fpem/gci_graph_embedding_std_after": 0.0, "fpem/gci_graph_adj_mean_before": 0.0, "fpem/gci_graph_adj_mean_after": 0.0, "fpem/gci_graph_adj_std_before": 0.0, "fpem/gci_graph_adj_std_after": 0.0, "fpem/gci_graph_align_weight": 0.0, "fpem/gci_graph_align_raw_mse": 0.0, "fpem/gci_graph_align_normalized": 0.0, "fpem/gci_edge_preserve_beta": 0.0, "fpem/gci_graph_align_target_available": 0.0, "fpem/gci_target_adj_mean": 0.0, "fpem/gci_target_adj_std": 0.0, "fpem/gci_target_edge_mean": 0.0, "fpem/gci_target_nonedge_mean": 0.0, "fpem/gci_target_diag_mean": 0.0, "fpem/gci_graph_align_updates_agcrn": 0.0, "fpem/gci_updates_graph_linear": 0.0, "fpem/gci_graph_construction_agcrn_softmax": 0.0, "fpem/scd_assoc_before_C": 0.0, "fpem/scd_assoc_after_C": 0.0, "fpem/scd_assoc_reduction": 0.0, "fpem/scd_relative_violation": 0.0, "fpem/sample_assoc_before_C": 0.0, "fpem/sample_assoc_after_C": 0.0, "fpem/sample_assoc_reduction": 0.0, "fpem/sample_dep_before_C": 0.0, "fpem/sample_dep_after_C": 0.0, "fpem/sample_dep_reduction": 0.0, "fpem/scd_batch_size": 0.0, "fpem/scd_sample_vector_dim": 0.0, "fpem/sample_kernel_alignment": 0.0, "fpem/scd_alignment_loss": 0.0, "fpem/load_level_experts_enabled": 1.0, "fpem/load_level_uses_target_or_future_load": 0.0, "fpem/environment_gate_uses_target_in_forward": 0.0, "fpem/load_level_env_residual_scale": 0.0, "fpem/uses_cached_observable_load_prior": 1.0, "fpem/primary_loss": 9.047976094200498, "fpem/inv_pred_loss": 9.216793360028948, "fpem/primary_uses_route": 1.0, "fpem/primary_uses_env_fusion": 0.0, "fpem/backbone_agcrn": 1.0, "fpem/backbone_graphwavenet": 0.0, "fpem/backbone_staeformer": 0.0, "fpem/gc_pred_loss_only": 1.0, "fpem/env_route_head_mode_hyper_proto": 1.0, "fpem/fpem_force_uniform_route": 0.0, "fpem/hard_prediction_sinkhorn_total_replaces_primary": 0.0, "fpem/hard_prediction_environment_sinkhorn_total_replaces_primary": 0.0, "fpem/warmup_risk_sinkhorn_total_replaces_primary": 0.0, "fpem/lambda_club_mi": 0.0}}
EPOCH {"epoch": 44, "train_loss": 1.2174247736022585, "val": {"loss": 11.879154602686564, "mae": 11.676901817321777, "mape": 0.18615692853927612}, "test_mixed": {"loss": NaN, "mae": NaN, "mape": NaN}, "test_workday": {"loss": NaN, "mae": NaN, "mape": NaN}, "test_holiday": {"loss": NaN, "mae": NaN, "mape": NaN}, "test_avg_mae": NaN, "best_selection_value": 11.879154602686564, "best_selection_split": "val", "best_selection_metric": "val_loss", "lr": 0.0005, "fpem_logs": {"fpem/fpem_env_use_exogenous": 1.0, "fpem/env_exogenous_available": 1.0, "fpem/env_exogenous_time_available": 1.0, "fpem/env_exogenous_load_available": 1.0, "fpem/env_exogenous_feature_dim": 32.0, "fpem/env_exogenous_embedding_norm": 2.7352162429264615, "fpem/env_exogenous_load_embedding_norm": 1.939157822018578, "fpem/env_rep_ablation_normal": 1.0, "fpem/env_rep_ablation_zero": 0.0, "fpem/env_rep_ablation_shuffle_batch": 0.0, "fpem/env_rep_ablation_mode_id": 0.0, "fpem/mask_loss": 0.0, "fpem/mask_sparse_loss": 0.0, "fpem/mask_entropy_loss": 0.0, "fpem/mask_mean": 1.0, "fpem/mask_entropy": 0.0, "fpem/mask_active_ratio": 1.0, "fpem/fusion_alpha_mean": 0.0, "fpem/fusion_alpha_std": 0.0, "fpem/fusion_alpha_min": 0.0, "fpem/fusion_alpha_max": 0.0, "fpem/env_route_loss": 1.2174247736022585, "fpem/env_route_L_final": 9.054114941188267, "fpem/env_route_L_global": 0.0, "fpem/env_route_L_route_soft": 0.0, "fpem/env_route_L_expert": 9.458283501579649, "fpem/env_route_L_router_oracle": 1.2174247736022585, "fpem/env_route_L_balance": 0.0, "fpem/env_route_L_diverse": 0.0, "fpem/env_route_L_proto_align": 0.0, "fpem/env_route_entropy": 0.0, "fpem/env_route_q_max_mean": 0.0, "fpem/hyper_alpha_mean": 0.0, "fpem/hyper_delta_norm": 0.0, "fpem/hyper_route_proto_mode_uniform_warmup": 0.0, "fpem/hyper_route_proto_mode_uniform_fixed": 0.0, "fpem/hyper_route_proto_mode_sinkhorn": 0.0, "fpem/hyper_route_proto_mode_softmax": 0.0, "fpem/fallback_q_mean": 0.0, "fpem/fallback_q_max": 0.0, "fpem/env_q_sum_mean": 1.0, "fpem/oracle_fallback_rate": 0.0, "fpem/route_count_fallback": 0.0, "fpem/env_route_head_mode": 1.0, "fpem/route_entropy_mean": 0.0, "fpem/route_mean_distribution_entropy": 0.0, "fpem/effective_expert_number": 1.0, "fpem/max_expert_usage_ratio": 0.0, "fpem/min_expert_usage_ratio": 0.0, "fpem/prototype_pairwise_cosine": 0.0, "fpem/expert_prediction_pairwise_cosine": 0.0, "fpem/expert_collapse_warning": 0.0, "fpem/env_route_target_mode_env_prototype": 0.0, "fpem/env_route_target_mode_hybrid": 0.0, "fpem/env_route_hybrid_alpha": 0.0, "fpem/env_route_train_mode_warmup_risk_sinkhorn": 0.0, "fpem/warmup_risk_stage_warmup": 0.0, "fpem/warmup_risk_stage_soft": 0.0, "fpem/warmup_risk_stage_hard": 0.0, "fpem/warmup_risk_selected_loss": 0.0, "fpem/warmup_risk_uniform_common_loss": 0.0, "fpem/warmup_risk_lambda_common": 0.0, "fpem/warmup_risk_total_common_term": 0.0, "fpem/warmup_risk_temperature": 0.0, "fpem/warmup_risk_temperature_progress": 0.0, "fpem/uniform_expert_mae": 0.0, "fpem/risk_routed_mae": 0.0, "fpem/risk_prediction_mae": 0.0, "fpem/risk_loss": 0.0, "fpem/risk_ranking_loss": 0.0, "fpem/risk_ranking_accuracy": 0.0, "fpem/risk_oracle_argmin_accuracy": 0.0, "fpem/risk_router_temperature": 0.0, "fpem/risk_router_lambda": 0.0, "fpem/risk_router_pairwise_lambda": 0.0, "fpem/env_route_train_mode_progressive_gmm_environment": 0.0, "fpem/top_level_prediction_source_progressive_gmm_teacher_hard": 0.0, "fpem/progressive_assignment_uses_target_or_prediction_error": 0.0, "fpem/progressive_partition_ready": 0.0, "fpem/progressive_selected_k": 0.0, "fpem/progressive_active_expert_count": 0.0, "fpem/progressive_last_partition_epoch": 0.0, "fpem/progressive_lambda_common": 0.0, "fpem/progressive_common_term": 0.0, "fpem/progressive_compactness_loss": 0.0, "fpem/progressive_consistency_loss": 0.0, "fpem/progressive_cluster_entropy": 0.0, "fpem/progressive_assignment_change_ratio": 0.0, "fpem/progressive_hungarian_overlap_score": 0.0, "fpem/progressive_partition_update_time_sec": 0.0, "fpem/progressive_routed_mae": 0.0, "fpem/progressive_gmm_environment_total_replaces_primary": 0.0, "fpem/env_route_count_head_0": 16.0, "fpem/env_route_oracle_count_head_0": 16.0, "fpem/route_count_env_head_0": 16.0, "fpem/route_soft_mean_expert_0": 1.0, "fpem/route_hard_count_expert_0": 16.0, "fpem/hard_count_expert_0": 16.0, "fpem/sinkhorn_soft_col_mass_expert_0": 0.0, "fpem/progressive_active_expert_0": 0.0, "fpem/progressive_cluster_size_0": 0.0, "fpem/progressive_cluster_ratio_0": 0.0, "fpem/progressive_cluster_to_expert_0": 0.0, "fpem/progressive_bic_k1": 0.0, "fpem/progressive_bic_score_k1": 0.0, "fpem/progressive_bic_rejected_k1": 0.0, "fpem/hyper_alpha_head_0": 0.0, "fpem/hyper_gamma_norm_head_0": 0.0, "fpem/hyper_beta_norm_head_0": 0.0, "fpem/expert_cross_mae_group_0_expert_0": 9.458283501579649, "fpem/load_expert_loss": 9.458283501579649, "fpem/counterfactual_risk_router_loss": 1.2174247736022585, "fpem/counterfactual_risk_regression_loss": 0.8804576550211225, "fpem/counterfactual_risk_ranking_loss": 0.6739342314856392, "fpem/load_level_assignment_detached": 1.0, "fpem/load_level_count_0": 1680.0, "fpem/load_level_ratio_0": 1.0, "fpem/expert_0_global_loss": 9.458283501579649, "fpem/expert_0_selected_loss": 9.458283501579649, "fpem/counterfactual_risk_stage2_active": 1.0, "fpem/counterfactual_risk_stage2_start_epoch": 20.0, "fpem/counterfactual_risk_all_environment_mae": 9.458283501579649, "fpem/counterfactual_risk_all_invariant_mae": 9.662237507956368, "fpem/counterfactual_risk_routed_mae": 9.51909682410104, "fpem/counterfactual_risk_oracle_mae": 9.394872120448522, "fpem/counterfactual_risk_router_accuracy": 0.5732142857142857, "fpem/counterfactual_risk_router_balanced_accuracy": 0.5629791237059094, "fpem/counterfactual_risk_inv_route_ratio": 0.45416666666666666, "fpem/counterfactual_risk_env_route_ratio": 0.5458333333333333, "fpem/counterfactual_risk_inv_switch_precision": 0.3517872668447949, "fpem/counterfactual_risk_correct_inv_switches": 2.5619047619047617, "fpem/counterfactual_risk_harmful_inv_switches": 4.704761904761905, "fpem/counterfactual_risk_saved_loss": 0.033859151601791385, "fpem/counterfactual_risk_added_loss": 0.09467253855296544, "fpem/counterfactual_risk_net_gain": -0.06081332252139137, "fpem/counterfactual_risk_regret": 0.12422470365251814, "fpem/counterfactual_risk_oracle_gap_closed": -1.8448083461395333, "fpem/counterfactual_risk_delta_mean": -0.20395403844969615, "fpem/counterfactual_risk_target_inv_ratio": 0.29285714285714287, "fpem/counterfactual_risk_weight_env_sum": 7.999999950045631, "fpem/counterfactual_risk_weight_inv_sum": 7.999999900091262, "fpem/counterfactual_risk_prediction_is_hard_route": 1.0, "fpem/counterfactual_risk_prediction_is_soft_fusion": 0.0, "fpem/counterfactual_risk_target_detached": 1.0, "fpem/counterfactual_risk_uses_threshold": 0.0, "fpem/counterfactual_risk_all_samples_used_for_router": 1.0, "fpem/hard_router_predicted_env_ratio": 0.5458333333333333, "fpem/hard_router_effective_env_ratio": 1.0, "fpem/hard_router_target_env_ratio": 0.7071428571428572, "fpem/hard_router_gain_mean": -0.20395403844969615, "fpem/expert_prediction_pairwise_difference": 0.0, "fpem/delta_pairwise_cosine": 0.0, "fpem/delta_pairwise_l1": 0.0, "fpem/delta_pairwise_l2": 0.0, "fpem/expert_0_parameter_norm": 14.900517463684082, "fpem/hard_binary_router_enabled": 0.0, "fpem/hard_router_uses_target_in_forward": 0.0, "fpem/stored_future_c_loaded": 0.0, "fpem/prediction_is_weighted_complete_fusion": 0.0, "fpem/prediction_is_hard_route": 1.0, "fpem/conservative_inv_override_enabled": 0.0, "fpem/conservative_router_features_detached": 1.0, "fpem/counterfactual_risk_router_enabled": 1.0, "fpem/counterfactual_risk_stage2_active_forward": 1.0, "fpem/counterfactual_risk_deploy_route_active": 0.0, "fpem/counterfactual_risk_training_uses_route": 0.0, "fpem/counterfactual_risk_forward_uses_threshold": 0.0, "fpem/future_mi_loss": 0.0, "fpem/future_mi_valid": 0.0, "fpem/future_mi_logvar_mean": 0.0, "fpem/future_mi_target_mode_env_encoder": 0.0, "fpem/swap_loss": 0.0, "fpem/swap_diff_loss": 0.0, "fpem/swap_same_loss": 0.0, "fpem/swap_gain_mean": 0.0, "fpem/swap_s_gain_mean": 0.0, "fpem/swap_fallback_router_loss": 0.0, "fpem/swap_fallback_q_mean": 0.0, "fpem/swap_prediction_delta": 0.0, "fpem/swap_route_delta": 0.0, "fpem/swap_hyper_alpha_delta": 0.0, "fpem/swap_hyper_delta_norm": 0.0, "fpem/loss_env_day": 0.0, "fpem/loss_env_hour": 0.0, "fpem/loss_env_rush": 0.0, "fpem/env_day_acc": 0.0, "fpem/env_hour_acc": 0.0, "fpem/env_rush_acc": 0.0, "fpem/loss_env_supcon": 0.0, "fpem/env_supcon_valid_pairs": 0.0, "fpem/loss_inv_env_adv": 0.0, "fpem/inv_day_acc": 0.0, "fpem/inv_hour_acc": 0.0, "fpem/inv_rush_acc": 0.0, "fpem/loss_cross_cov_sep": 0.0, "fpem/confounder_dep_enabled": 0.0, "fpem/confounder_dep_mode_gci": 1.0, "fpem/confounder_dep_mode_scd": 0.0, "fpem/confounder_dep_mode_both": 0.0, "fpem/confounder_dep_total": 0.0, "fpem/loss_gci": 0.0, "fpem/loss_gci_drop": 0.0, "fpem/loss_gci_keep": 0.0, "fpem/loss_gci_graph_align": 0.0, "fpem/loss_scd": 0.0, "fpem/loss_conf_kl": 0.0, "fpem/effective_gci_weight": 0.0, "fpem/effective_gci_graph_align_weight": 0.0, "fpem/effective_scd_weight": 0.0, "fpem/effective_conf_kl_weight": 0.0, "fpem/confounder_dep_ramp_factor": 0.0, "fpem/C_mean": 0.0, "fpem/C_std": 0.0, "fpem/C_norm": 0.0, "fpem/confounder_token_norm": 0.0, "fpem/confounder_variational": 0.0, "fpem/confounder_projection_trace": 0.0, "fpem/confounder_projection_ridge": 0.0, "fpem/confounder_projection_rank_dim": 0.0, "fpem/confounder_projection_calls": 0.0, "fpem/confounder_dep_detach_target": 0.0, "fpem/gci_nonedge_mass_before_C": 0.0, "fpem/gci_nonedge_mass_after_C": 0.0, "fpem/gci_nonedge_mass_reduction": 0.0, "fpem/gci_relative_violation": 0.0, "fpem/gci_edge_before_C": 0.0, "fpem/gci_edge_after_C": 0.0, "fpem/gci_nonedge_conn_before_C": 0.0, "fpem/gci_nonedge_conn_after_C": 0.0, "fpem/gci_nonedge_conn_reduction": 0.0, "fpem/gci_edge_conn_before_C": 0.0, "fpem/gci_edge_conn_after_C": 0.0, "fpem/gci_edge_conn_reduction": 0.0, "fpem/gci_nonedge_dep_before_C": 0.0, "fpem/gci_nonedge_dep_after_C": 0.0, "fpem/gci_nonedge_dep_reduction": 0.0, "fpem/gci_edge_dep_before_C": 0.0, "fpem/gci_edge_dep_after_C": 0.0, "fpem/gci_nonedge_count": 0.0, "fpem/gci_edge_count": 0.0, "fpem/gci_node_count": 0.0, "fpem/gci_node_vector_dim": 0.0, "fpem/gci_graph_embed_dim": 0.0, "fpem/gci_graph_embedding_norm_before": 0.0, "fpem/gci_graph_embedding_norm_after": 0.0, "fpem/gci_graph_embedding_std_before": 0.0, "fpem/gci_graph_embedding_std_after": 0.0, "fpem/gci_graph_adj_mean_before": 0.0, "fpem/gci_graph_adj_mean_after": 0.0, "fpem/gci_graph_adj_std_before": 0.0, "fpem/gci_graph_adj_std_after": 0.0, "fpem/gci_graph_align_weight": 0.0, "fpem/gci_graph_align_raw_mse": 0.0, "fpem/gci_graph_align_normalized": 0.0, "fpem/gci_edge_preserve_beta": 0.0, "fpem/gci_graph_align_target_available": 0.0, "fpem/gci_target_adj_mean": 0.0, "fpem/gci_target_adj_std": 0.0, "fpem/gci_target_edge_mean": 0.0, "fpem/gci_target_nonedge_mean": 0.0, "fpem/gci_target_diag_mean": 0.0, "fpem/gci_graph_align_updates_agcrn": 0.0, "fpem/gci_updates_graph_linear": 0.0, "fpem/gci_graph_construction_agcrn_softmax": 0.0, "fpem/scd_assoc_before_C": 0.0, "fpem/scd_assoc_after_C": 0.0, "fpem/scd_assoc_reduction": 0.0, "fpem/scd_relative_violation": 0.0, "fpem/sample_assoc_before_C": 0.0, "fpem/sample_assoc_after_C": 0.0, "fpem/sample_assoc_reduction": 0.0, "fpem/sample_dep_before_C": 0.0, "fpem/sample_dep_after_C": 0.0, "fpem/sample_dep_reduction": 0.0, "fpem/scd_batch_size": 0.0, "fpem/scd_sample_vector_dim": 0.0, "fpem/sample_kernel_alignment": 0.0, "fpem/scd_alignment_loss": 0.0, "fpem/load_level_experts_enabled": 1.0, "fpem/load_level_uses_target_or_future_load": 0.0, "fpem/environment_gate_uses_target_in_forward": 0.0, "fpem/load_level_env_residual_scale": 0.0, "fpem/uses_cached_observable_load_prior": 1.0, "fpem/primary_loss": 9.054114941188267, "fpem/inv_pred_loss": 9.223383422124954, "fpem/primary_uses_route": 1.0, "fpem/primary_uses_env_fusion": 0.0, "fpem/backbone_agcrn": 1.0, "fpem/backbone_graphwavenet": 0.0, "fpem/backbone_staeformer": 0.0, "fpem/gc_pred_loss_only": 1.0, "fpem/env_route_head_mode_hyper_proto": 1.0, "fpem/fpem_force_uniform_route": 0.0, "fpem/hard_prediction_sinkhorn_total_replaces_primary": 0.0, "fpem/hard_prediction_environment_sinkhorn_total_replaces_primary": 0.0, "fpem/warmup_risk_sinkhorn_total_replaces_primary": 0.0, "fpem/lambda_club_mi": 0.0}}
EPOCH {"epoch": 45, "train_loss": 1.2601540985561552, "val": {"loss": 11.880968438254463, "mae": 11.675885200500488, "mape": 0.18506251275539398}, "test_mixed": {"loss": NaN, "mae": NaN, "mape": NaN}, "test_workday": {"loss": NaN, "mae": NaN, "mape": NaN}, "test_holiday": {"loss": NaN, "mae": NaN, "mape": NaN}, "test_avg_mae": NaN, "best_selection_value": 11.880968438254463, "best_selection_split": "val", "best_selection_metric": "val_loss", "lr": 0.0005, "fpem_logs": {"fpem/fpem_env_use_exogenous": 1.0, "fpem/env_exogenous_available": 1.0, "fpem/env_exogenous_time_available": 1.0, "fpem/env_exogenous_load_available": 1.0, "fpem/env_exogenous_feature_dim": 32.0, "fpem/env_exogenous_embedding_norm": 2.735216238385155, "fpem/env_exogenous_load_embedding_norm": 1.9391578276952108, "fpem/env_rep_ablation_normal": 1.0, "fpem/env_rep_ablation_zero": 0.0, "fpem/env_rep_ablation_shuffle_batch": 0.0, "fpem/env_rep_ablation_mode_id": 0.0, "fpem/mask_loss": 0.0, "fpem/mask_sparse_loss": 0.0, "fpem/mask_entropy_loss": 0.0, "fpem/mask_mean": 1.0, "fpem/mask_entropy": 0.0, "fpem/mask_active_ratio": 1.0, "fpem/fusion_alpha_mean": 0.0, "fpem/fusion_alpha_std": 0.0, "fpem/fusion_alpha_min": 0.0, "fpem/fusion_alpha_max": 0.0, "fpem/env_route_loss": 1.2601540985561552, "fpem/env_route_L_final": 9.044872538248699, "fpem/env_route_L_global": 0.0, "fpem/env_route_L_route_soft": 0.0, "fpem/env_route_L_expert": 9.458290522439139, "fpem/env_route_L_router_oracle": 1.2601540985561552, "fpem/env_route_L_balance": 0.0, "fpem/env_route_L_diverse": 0.0, "fpem/env_route_L_proto_align": 0.0, "fpem/env_route_entropy": 0.0, "fpem/env_route_q_max_mean": 0.0, "fpem/hyper_alpha_mean": 0.0, "fpem/hyper_delta_norm": 0.0, "fpem/hyper_route_proto_mode_uniform_warmup": 0.0, "fpem/hyper_route_proto_mode_uniform_fixed": 0.0, "fpem/hyper_route_proto_mode_sinkhorn": 0.0, "fpem/hyper_route_proto_mode_softmax": 0.0, "fpem/fallback_q_mean": 0.0, "fpem/fallback_q_max": 0.0, "fpem/env_q_sum_mean": 1.0, "fpem/oracle_fallback_rate": 0.0, "fpem/route_count_fallback": 0.0, "fpem/env_route_head_mode": 1.0, "fpem/route_entropy_mean": 0.0, "fpem/route_mean_distribution_entropy": 0.0, "fpem/effective_expert_number": 1.0, "fpem/max_expert_usage_ratio": 0.0, "fpem/min_expert_usage_ratio": 0.0, "fpem/prototype_pairwise_cosine": 0.0, "fpem/expert_prediction_pairwise_cosine": 0.0, "fpem/expert_collapse_warning": 0.0, "fpem/env_route_target_mode_env_prototype": 0.0, "fpem/env_route_target_mode_hybrid": 0.0, "fpem/env_route_hybrid_alpha": 0.0, "fpem/env_route_train_mode_warmup_risk_sinkhorn": 0.0, "fpem/warmup_risk_stage_warmup": 0.0, "fpem/warmup_risk_stage_soft": 0.0, "fpem/warmup_risk_stage_hard": 0.0, "fpem/warmup_risk_selected_loss": 0.0, "fpem/warmup_risk_uniform_common_loss": 0.0, "fpem/warmup_risk_lambda_common": 0.0, "fpem/warmup_risk_total_common_term": 0.0, "fpem/warmup_risk_temperature": 0.0, "fpem/warmup_risk_temperature_progress": 0.0, "fpem/uniform_expert_mae": 0.0, "fpem/risk_routed_mae": 0.0, "fpem/risk_prediction_mae": 0.0, "fpem/risk_loss": 0.0, "fpem/risk_ranking_loss": 0.0, "fpem/risk_ranking_accuracy": 0.0, "fpem/risk_oracle_argmin_accuracy": 0.0, "fpem/risk_router_temperature": 0.0, "fpem/risk_router_lambda": 0.0, "fpem/risk_router_pairwise_lambda": 0.0, "fpem/env_route_train_mode_progressive_gmm_environment": 0.0, "fpem/top_level_prediction_source_progressive_gmm_teacher_hard": 0.0, "fpem/progressive_assignment_uses_target_or_prediction_error": 0.0, "fpem/progressive_partition_ready": 0.0, "fpem/progressive_selected_k": 0.0, "fpem/progressive_active_expert_count": 0.0, "fpem/progressive_last_partition_epoch": 0.0, "fpem/progressive_lambda_common": 0.0, "fpem/progressive_common_term": 0.0, "fpem/progressive_compactness_loss": 0.0, "fpem/progressive_consistency_loss": 0.0, "fpem/progressive_cluster_entropy": 0.0, "fpem/progressive_assignment_change_ratio": 0.0, "fpem/progressive_hungarian_overlap_score": 0.0, "fpem/progressive_partition_update_time_sec": 0.0, "fpem/progressive_routed_mae": 0.0, "fpem/progressive_gmm_environment_total_replaces_primary": 0.0, "fpem/env_route_count_head_0": 16.0, "fpem/env_route_oracle_count_head_0": 16.0, "fpem/route_count_env_head_0": 16.0, "fpem/route_soft_mean_expert_0": 1.0, "fpem/route_hard_count_expert_0": 16.0, "fpem/hard_count_expert_0": 16.0, "fpem/sinkhorn_soft_col_mass_expert_0": 0.0, "fpem/progressive_active_expert_0": 0.0, "fpem/progressive_cluster_size_0": 0.0, "fpem/progressive_cluster_ratio_0": 0.0, "fpem/progressive_cluster_to_expert_0": 0.0, "fpem/progressive_bic_k1": 0.0, "fpem/progressive_bic_score_k1": 0.0, "fpem/progressive_bic_rejected_k1": 0.0, "fpem/hyper_alpha_head_0": 0.0, "fpem/hyper_gamma_norm_head_0": 0.0, "fpem/hyper_beta_norm_head_0": 0.0, "fpem/expert_cross_mae_group_0_expert_0": 9.458290522439139, "fpem/load_expert_loss": 9.458290522439139, "fpem/counterfactual_risk_router_loss": 1.2601540985561552, "fpem/counterfactual_risk_regression_loss": 0.9220302028315408, "fpem/counterfactual_risk_ranking_loss": 0.6762477891785758, "fpem/load_level_assignment_detached": 1.0, "fpem/load_level_count_0": 1680.0, "fpem/load_level_ratio_0": 1.0, "fpem/expert_0_global_loss": 9.458290522439139, "fpem/expert_0_selected_loss": 9.458290522439139, "fpem/counterfactual_risk_stage2_active": 1.0, "fpem/counterfactual_risk_stage2_start_epoch": 20.0, "fpem/counterfactual_risk_all_environment_mae": 9.458290522439139, "fpem/counterfactual_risk_all_invariant_mae": 9.662237467084612, "fpem/counterfactual_risk_routed_mae": 9.518422817048572, "fpem/counterfactual_risk_oracle_mae": 9.39488024030413, "fpem/counterfactual_risk_router_accuracy": 0.55, "fpem/counterfactual_risk_router_balanced_accuracy": 0.5451199188118889, "fpem/counterfactual_risk_inv_route_ratio": 0.47619047619047616, "fpem/counterfactual_risk_env_route_ratio": 0.5238095238095238, "fpem/counterfactual_risk_inv_switch_precision": 0.33927377455291297, "fpem/counterfactual_risk_correct_inv_switches": 2.552380952380952, "fpem/counterfactual_risk_harmful_inv_switches": 5.066666666666666, "fpem/counterfactual_risk_saved_loss": 0.0334070588861193, "fpem/counterfactual_risk_added_loss": 0.0935393158878599, "fpem/counterfactual_risk_net_gain": -0.06013229460943313, "fpem/counterfactual_risk_regret": 0.1235425767444429, "fpem/counterfactual_risk_oracle_gap_closed": -2.6864129932065097, "fpem/counterfactual_risk_delta_mean": -0.20394692137127832, "fpem/counterfactual_risk_target_inv_ratio": 0.29285714285714287, "fpem/counterfactual_risk_weight_env_sum": 7.999999977293468, "fpem/counterfactual_risk_weight_inv_sum": 7.999999981834775, "fpem/counterfactual_risk_prediction_is_hard_route": 1.0, "fpem/counterfactual_risk_prediction_is_soft_fusion": 0.0, "fpem/counterfactual_risk_target_detached": 1.0, "fpem/counterfactual_risk_uses_threshold": 0.0, "fpem/counterfactual_risk_all_samples_used_for_router": 1.0, "fpem/hard_router_predicted_env_ratio": 0.5238095238095238, "fpem/hard_router_effective_env_ratio": 1.0, "fpem/hard_router_target_env_ratio": 0.7071428571428572, "fpem/hard_router_gain_mean": -0.20394692137127832, "fpem/expert_prediction_pairwise_difference": 0.0, "fpem/delta_pairwise_cosine": 0.0, "fpem/delta_pairwise_l1": 0.0, "fpem/delta_pairwise_l2": 0.0, "fpem/expert_0_parameter_norm": 14.900517463684082, "fpem/hard_binary_router_enabled": 0.0, "fpem/hard_router_uses_target_in_forward": 0.0, "fpem/stored_future_c_loaded": 0.0, "fpem/prediction_is_weighted_complete_fusion": 0.0, "fpem/prediction_is_hard_route": 1.0, "fpem/conservative_inv_override_enabled": 0.0, "fpem/conservative_router_features_detached": 1.0, "fpem/counterfactual_risk_router_enabled": 1.0, "fpem/counterfactual_risk_stage2_active_forward": 1.0, "fpem/counterfactual_risk_deploy_route_active": 0.0, "fpem/counterfactual_risk_training_uses_route": 0.0, "fpem/counterfactual_risk_forward_uses_threshold": 0.0, "fpem/future_mi_loss": 0.0, "fpem/future_mi_valid": 0.0, "fpem/future_mi_logvar_mean": 0.0, "fpem/future_mi_target_mode_env_encoder": 0.0, "fpem/swap_loss": 0.0, "fpem/swap_diff_loss": 0.0, "fpem/swap_same_loss": 0.0, "fpem/swap_gain_mean": 0.0, "fpem/swap_s_gain_mean": 0.0, "fpem/swap_fallback_router_loss": 0.0, "fpem/swap_fallback_q_mean": 0.0, "fpem/swap_prediction_delta": 0.0, "fpem/swap_route_delta": 0.0, "fpem/swap_hyper_alpha_delta": 0.0, "fpem/swap_hyper_delta_norm": 0.0, "fpem/loss_env_day": 0.0, "fpem/loss_env_hour": 0.0, "fpem/loss_env_rush": 0.0, "fpem/env_day_acc": 0.0, "fpem/env_hour_acc": 0.0, "fpem/env_rush_acc": 0.0, "fpem/loss_env_supcon": 0.0, "fpem/env_supcon_valid_pairs": 0.0, "fpem/loss_inv_env_adv": 0.0, "fpem/inv_day_acc": 0.0, "fpem/inv_hour_acc": 0.0, "fpem/inv_rush_acc": 0.0, "fpem/loss_cross_cov_sep": 0.0, "fpem/confounder_dep_enabled": 0.0, "fpem/confounder_dep_mode_gci": 1.0, "fpem/confounder_dep_mode_scd": 0.0, "fpem/confounder_dep_mode_both": 0.0, "fpem/confounder_dep_total": 0.0, "fpem/loss_gci": 0.0, "fpem/loss_gci_drop": 0.0, "fpem/loss_gci_keep": 0.0, "fpem/loss_gci_graph_align": 0.0, "fpem/loss_scd": 0.0, "fpem/loss_conf_kl": 0.0, "fpem/effective_gci_weight": 0.0, "fpem/effective_gci_graph_align_weight": 0.0, "fpem/effective_scd_weight": 0.0, "fpem/effective_conf_kl_weight": 0.0, "fpem/confounder_dep_ramp_factor": 0.0, "fpem/C_mean": 0.0, "fpem/C_std": 0.0, "fpem/C_norm": 0.0, "fpem/confounder_token_norm": 0.0, "fpem/confounder_variational": 0.0, "fpem/confounder_projection_trace": 0.0, "fpem/confounder_projection_ridge": 0.0, "fpem/confounder_projection_rank_dim": 0.0, "fpem/confounder_projection_calls": 0.0, "fpem/confounder_dep_detach_target": 0.0, "fpem/gci_nonedge_mass_before_C": 0.0, "fpem/gci_nonedge_mass_after_C": 0.0, "fpem/gci_nonedge_mass_reduction": 0.0, "fpem/gci_relative_violation": 0.0, "fpem/gci_edge_before_C": 0.0, "fpem/gci_edge_after_C": 0.0, "fpem/gci_nonedge_conn_before_C": 0.0, "fpem/gci_nonedge_conn_after_C": 0.0, "fpem/gci_nonedge_conn_reduction": 0.0, "fpem/gci_edge_conn_before_C": 0.0, "fpem/gci_edge_conn_after_C": 0.0, "fpem/gci_edge_conn_reduction": 0.0, "fpem/gci_nonedge_dep_before_C": 0.0, "fpem/gci_nonedge_dep_after_C": 0.0, "fpem/gci_nonedge_dep_reduction": 0.0, "fpem/gci_edge_dep_before_C": 0.0, "fpem/gci_edge_dep_after_C": 0.0, "fpem/gci_nonedge_count": 0.0, "fpem/gci_edge_count": 0.0, "fpem/gci_node_count": 0.0, "fpem/gci_node_vector_dim": 0.0, "fpem/gci_graph_embed_dim": 0.0, "fpem/gci_graph_embedding_norm_before": 0.0, "fpem/gci_graph_embedding_norm_after": 0.0, "fpem/gci_graph_embedding_std_before": 0.0, "fpem/gci_graph_embedding_std_after": 0.0, "fpem/gci_graph_adj_mean_before": 0.0, "fpem/gci_graph_adj_mean_after": 0.0, "fpem/gci_graph_adj_std_before": 0.0, "fpem/gci_graph_adj_std_after": 0.0, "fpem/gci_graph_align_weight": 0.0, "fpem/gci_graph_align_raw_mse": 0.0, "fpem/gci_graph_align_normalized": 0.0, "fpem/gci_edge_preserve_beta": 0.0, "fpem/gci_graph_align_target_available": 0.0, "fpem/gci_target_adj_mean": 0.0, "fpem/gci_target_adj_std": 0.0, "fpem/gci_target_edge_mean": 0.0, "fpem/gci_target_nonedge_mean": 0.0, "fpem/gci_target_diag_mean": 0.0, "fpem/gci_graph_align_updates_agcrn": 0.0, "fpem/gci_updates_graph_linear": 0.0, "fpem/gci_graph_construction_agcrn_softmax": 0.0, "fpem/scd_assoc_before_C": 0.0, "fpem/scd_assoc_after_C": 0.0, "fpem/scd_assoc_reduction": 0.0, "fpem/scd_relative_violation": 0.0, "fpem/sample_assoc_before_C": 0.0, "fpem/sample_assoc_after_C": 0.0, "fpem/sample_assoc_reduction": 0.0, "fpem/sample_dep_before_C": 0.0, "fpem/sample_dep_after_C": 0.0, "fpem/sample_dep_reduction": 0.0, "fpem/scd_batch_size": 0.0, "fpem/scd_sample_vector_dim": 0.0, "fpem/sample_kernel_alignment": 0.0, "fpem/scd_alignment_loss": 0.0, "fpem/load_level_experts_enabled": 1.0, "fpem/load_level_uses_target_or_future_load": 0.0, "fpem/environment_gate_uses_target_in_forward": 0.0, "fpem/load_level_env_residual_scale": 0.0, "fpem/uses_cached_observable_load_prior": 1.0, "fpem/primary_loss": 9.044872538248699, "fpem/inv_pred_loss": 9.212824426378523, "fpem/primary_uses_route": 1.0, "fpem/primary_uses_env_fusion": 0.0, "fpem/backbone_agcrn": 1.0, "fpem/backbone_graphwavenet": 0.0, "fpem/backbone_staeformer": 0.0, "fpem/gc_pred_loss_only": 1.0, "fpem/env_route_head_mode_hyper_proto": 1.0, "fpem/fpem_force_uniform_route": 0.0, "fpem/hard_prediction_sinkhorn_total_replaces_primary": 0.0, "fpem/hard_prediction_environment_sinkhorn_total_replaces_primary": 0.0, "fpem/warmup_risk_sinkhorn_total_replaces_primary": 0.0, "fpem/lambda_club_mi": 0.0}}
EPOCH {"epoch": 46, "train_loss": 1.214911115169525, "val": {"loss": 11.883914947509766, "mae": 11.678685188293457, "mape": 0.1850159913301468}, "test_mixed": {"loss": NaN, "mae": NaN, "mape": NaN}, "test_workday": {"loss": NaN, "mae": NaN, "mape": NaN}, "test_holiday": {"loss": NaN, "mae": NaN, "mape": NaN}, "test_avg_mae": NaN, "best_selection_value": 11.883914947509766, "best_selection_split": "val", "best_selection_metric": "val_loss", "lr": 0.0005, "fpem_logs": {"fpem/fpem_env_use_exogenous": 1.0, "fpem/env_exogenous_available": 1.0, "fpem/env_exogenous_time_available": 1.0, "fpem/env_exogenous_load_available": 1.0, "fpem/env_exogenous_feature_dim": 32.0, "fpem/env_exogenous_embedding_norm": 2.7352162633623394, "fpem/env_exogenous_load_embedding_norm": 1.9391578345071703, "fpem/env_rep_ablation_normal": 1.0, "fpem/env_rep_ablation_zero": 0.0, "fpem/env_rep_ablation_shuffle_batch": 0.0, "fpem/env_rep_ablation_mode_id": 0.0, "fpem/mask_loss": 0.0, "fpem/mask_sparse_loss": 0.0, "fpem/mask_entropy_loss": 0.0, "fpem/mask_mean": 1.0, "fpem/mask_entropy": 0.0, "fpem/mask_active_ratio": 1.0, "fpem/fusion_alpha_mean": 0.0, "fpem/fusion_alpha_std": 0.0, "fpem/fusion_alpha_min": 0.0, "fpem/fusion_alpha_max": 0.0, "fpem/env_route_loss": 1.214911115169525, "fpem/env_route_L_final": 9.054682359241305, "fpem/env_route_L_global": 0.0, "fpem/env_route_L_route_soft": 0.0, "fpem/env_route_L_expert": 9.458288192749023, "fpem/env_route_L_router_oracle": 1.214911115169525, "fpem/env_route_L_balance": 0.0, "fpem/env_route_L_diverse": 0.0, "fpem/env_route_L_proto_align": 0.0, "fpem/env_route_entropy": 0.0, "fpem/env_route_q_max_mean": 0.0, "fpem/hyper_alpha_mean": 0.0, "fpem/hyper_delta_norm": 0.0, "fpem/hyper_route_proto_mode_uniform_warmup": 0.0, "fpem/hyper_route_proto_mode_uniform_fixed": 0.0, "fpem/hyper_route_proto_mode_sinkhorn": 0.0, "fpem/hyper_route_proto_mode_softmax": 0.0, "fpem/fallback_q_mean": 0.0, "fpem/fallback_q_max": 0.0, "fpem/env_q_sum_mean": 1.0, "fpem/oracle_fallback_rate": 0.0, "fpem/route_count_fallback": 0.0, "fpem/env_route_head_mode": 1.0, "fpem/route_entropy_mean": 0.0, "fpem/route_mean_distribution_entropy": 0.0, "fpem/effective_expert_number": 1.0, "fpem/max_expert_usage_ratio": 0.0, "fpem/min_expert_usage_ratio": 0.0, "fpem/prototype_pairwise_cosine": 0.0, "fpem/expert_prediction_pairwise_cosine": 0.0, "fpem/expert_collapse_warning": 0.0, "fpem/env_route_target_mode_env_prototype": 0.0, "fpem/env_route_target_mode_hybrid": 0.0, "fpem/env_route_hybrid_alpha": 0.0, "fpem/env_route_train_mode_warmup_risk_sinkhorn": 0.0, "fpem/warmup_risk_stage_warmup": 0.0, "fpem/warmup_risk_stage_soft": 0.0, "fpem/warmup_risk_stage_hard": 0.0, "fpem/warmup_risk_selected_loss": 0.0, "fpem/warmup_risk_uniform_common_loss": 0.0, "fpem/warmup_risk_lambda_common": 0.0, "fpem/warmup_risk_total_common_term": 0.0, "fpem/warmup_risk_temperature": 0.0, "fpem/warmup_risk_temperature_progress": 0.0, "fpem/uniform_expert_mae": 0.0, "fpem/risk_routed_mae": 0.0, "fpem/risk_prediction_mae": 0.0, "fpem/risk_loss": 0.0, "fpem/risk_ranking_loss": 0.0, "fpem/risk_ranking_accuracy": 0.0, "fpem/risk_oracle_argmin_accuracy": 0.0, "fpem/risk_router_temperature": 0.0, "fpem/risk_router_lambda": 0.0, "fpem/risk_router_pairwise_lambda": 0.0, "fpem/env_route_train_mode_progressive_gmm_environment": 0.0, "fpem/top_level_prediction_source_progressive_gmm_teacher_hard": 0.0, "fpem/progressive_assignment_uses_target_or_prediction_error": 0.0, "fpem/progressive_partition_ready": 0.0, "fpem/progressive_selected_k": 0.0, "fpem/progressive_active_expert_count": 0.0, "fpem/progressive_last_partition_epoch": 0.0, "fpem/progressive_lambda_common": 0.0, "fpem/progressive_common_term": 0.0, "fpem/progressive_compactness_loss": 0.0, "fpem/progressive_consistency_loss": 0.0, "fpem/progressive_cluster_entropy": 0.0, "fpem/progressive_assignment_change_ratio": 0.0, "fpem/progressive_hungarian_overlap_score": 0.0, "fpem/progressive_partition_update_time_sec": 0.0, "fpem/progressive_routed_mae": 0.0, "fpem/progressive_gmm_environment_total_replaces_primary": 0.0, "fpem/env_route_count_head_0": 16.0, "fpem/env_route_oracle_count_head_0": 16.0, "fpem/route_count_env_head_0": 16.0, "fpem/route_soft_mean_expert_0": 1.0, "fpem/route_hard_count_expert_0": 16.0, "fpem/hard_count_expert_0": 16.0, "fpem/sinkhorn_soft_col_mass_expert_0": 0.0, "fpem/progressive_active_expert_0": 0.0, "fpem/progressive_cluster_size_0": 0.0, "fpem/progressive_cluster_ratio_0": 0.0, "fpem/progressive_cluster_to_expert_0": 0.0, "fpem/progressive_bic_k1": 0.0, "fpem/progressive_bic_score_k1": 0.0, "fpem/progressive_bic_rejected_k1": 0.0, "fpem/hyper_alpha_head_0": 0.0, "fpem/hyper_gamma_norm_head_0": 0.0, "fpem/hyper_beta_norm_head_0": 0.0, "fpem/expert_cross_mae_group_0_expert_0": 9.458288192749023, "fpem/load_expert_loss": 9.458288192749023, "fpem/counterfactual_risk_router_loss": 1.214911115169525, "fpem/counterfactual_risk_regression_loss": 0.8753257047562372, "fpem/counterfactual_risk_ranking_loss": 0.6791708066349937, "fpem/load_level_assignment_detached": 1.0, "fpem/load_level_count_0": 1680.0, "fpem/load_level_ratio_0": 1.0, "fpem/expert_0_global_loss": 9.458288192749023, "fpem/expert_0_selected_loss": 9.458288192749023, "fpem/counterfactual_risk_stage2_active": 1.0, "fpem/counterfactual_risk_stage2_start_epoch": 20.0, "fpem/counterfactual_risk_all_environment_mae": 9.458288192749023, "fpem/counterfactual_risk_all_invariant_mae": 9.662237548828125, "fpem/counterfactual_risk_routed_mae": 9.515596498761859, "fpem/counterfactual_risk_oracle_mae": 9.39488800593785, "fpem/counterfactual_risk_router_accuracy": 0.5714285714285714, "fpem/counterfactual_risk_router_balanced_accuracy": 0.5567521373430888, "fpem/counterfactual_risk_inv_route_ratio": 0.4446428571428571, "fpem/counterfactual_risk_env_route_ratio": 0.5553571428571429, "fpem/counterfactual_risk_inv_switch_precision": 0.3348962469469933, "fpem/counterfactual_risk_correct_inv_switches": 2.466666666666667, "fpem/counterfactual_risk_harmful_inv_switches": 4.647619047619048, "fpem/counterfactual_risk_saved_loss": 0.032014901155517216, "fpem/counterfactual_risk_added_loss": 0.08932317949476697, "fpem/counterfactual_risk_net_gain": -0.05730830601283482, "fpem/counterfactual_risk_regret": 0.12070849282400949, "fpem/counterfactual_risk_oracle_gap_closed": -2.0035585901212123, "fpem/counterfactual_risk_delta_mean": -0.20394925546078455, "fpem/counterfactual_risk_target_inv_ratio": 0.2922619047619048, "fpem/counterfactual_risk_weight_env_sum": 7.999999977293468, "fpem/counterfactual_risk_weight_inv_sum": 7.999999959128243, "fpem/counterfactual_risk_prediction_is_hard_route": 1.0, "fpem/counterfactual_risk_prediction_is_soft_fusion": 0.0, "fpem/counterfactual_risk_target_detached": 1.0, "fpem/counterfactual_risk_uses_threshold": 0.0, "fpem/counterfactual_risk_all_samples_used_for_router": 1.0, "fpem/hard_router_predicted_env_ratio": 0.5553571428571429, "fpem/hard_router_effective_env_ratio": 1.0, "fpem/hard_router_target_env_ratio": 0.7077380952380953, "fpem/hard_router_gain_mean": -0.20394925546078455, "fpem/expert_prediction_pairwise_difference": 0.0, "fpem/delta_pairwise_cosine": 0.0, "fpem/delta_pairwise_l1": 0.0, "fpem/delta_pairwise_l2": 0.0, "fpem/expert_0_parameter_norm": 14.900517463684082, "fpem/hard_binary_router_enabled": 0.0, "fpem/hard_router_uses_target_in_forward": 0.0, "fpem/stored_future_c_loaded": 0.0, "fpem/prediction_is_weighted_complete_fusion": 0.0, "fpem/prediction_is_hard_route": 1.0, "fpem/conservative_inv_override_enabled": 0.0, "fpem/conservative_router_features_detached": 1.0, "fpem/counterfactual_risk_router_enabled": 1.0, "fpem/counterfactual_risk_stage2_active_forward": 1.0, "fpem/counterfactual_risk_deploy_route_active": 0.0, "fpem/counterfactual_risk_training_uses_route": 0.0, "fpem/counterfactual_risk_forward_uses_threshold": 0.0, "fpem/future_mi_loss": 0.0, "fpem/future_mi_valid": 0.0, "fpem/future_mi_logvar_mean": 0.0, "fpem/future_mi_target_mode_env_encoder": 0.0, "fpem/swap_loss": 0.0, "fpem/swap_diff_loss": 0.0, "fpem/swap_same_loss": 0.0, "fpem/swap_gain_mean": 0.0, "fpem/swap_s_gain_mean": 0.0, "fpem/swap_fallback_router_loss": 0.0, "fpem/swap_fallback_q_mean": 0.0, "fpem/swap_prediction_delta": 0.0, "fpem/swap_route_delta": 0.0, "fpem/swap_hyper_alpha_delta": 0.0, "fpem/swap_hyper_delta_norm": 0.0, "fpem/loss_env_day": 0.0, "fpem/loss_env_hour": 0.0, "fpem/loss_env_rush": 0.0, "fpem/env_day_acc": 0.0, "fpem/env_hour_acc": 0.0, "fpem/env_rush_acc": 0.0, "fpem/loss_env_supcon": 0.0, "fpem/env_supcon_valid_pairs": 0.0, "fpem/loss_inv_env_adv": 0.0, "fpem/inv_day_acc": 0.0, "fpem/inv_hour_acc": 0.0, "fpem/inv_rush_acc": 0.0, "fpem/loss_cross_cov_sep": 0.0, "fpem/confounder_dep_enabled": 0.0, "fpem/confounder_dep_mode_gci": 1.0, "fpem/confounder_dep_mode_scd": 0.0, "fpem/confounder_dep_mode_both": 0.0, "fpem/confounder_dep_total": 0.0, "fpem/loss_gci": 0.0, "fpem/loss_gci_drop": 0.0, "fpem/loss_gci_keep": 0.0, "fpem/loss_gci_graph_align": 0.0, "fpem/loss_scd": 0.0, "fpem/loss_conf_kl": 0.0, "fpem/effective_gci_weight": 0.0, "fpem/effective_gci_graph_align_weight": 0.0, "fpem/effective_scd_weight": 0.0, "fpem/effective_conf_kl_weight": 0.0, "fpem/confounder_dep_ramp_factor": 0.0, "fpem/C_mean": 0.0, "fpem/C_std": 0.0, "fpem/C_norm": 0.0, "fpem/confounder_token_norm": 0.0, "fpem/confounder_variational": 0.0, "fpem/confounder_projection_trace": 0.0, "fpem/confounder_projection_ridge": 0.0, "fpem/confounder_projection_rank_dim": 0.0, "fpem/confounder_projection_calls": 0.0, "fpem/confounder_dep_detach_target": 0.0, "fpem/gci_nonedge_mass_before_C": 0.0, "fpem/gci_nonedge_mass_after_C": 0.0, "fpem/gci_nonedge_mass_reduction": 0.0, "fpem/gci_relative_violation": 0.0, "fpem/gci_edge_before_C": 0.0, "fpem/gci_edge_after_C": 0.0, "fpem/gci_nonedge_conn_before_C": 0.0, "fpem/gci_nonedge_conn_after_C": 0.0, "fpem/gci_nonedge_conn_reduction": 0.0, "fpem/gci_edge_conn_before_C": 0.0, "fpem/gci_edge_conn_after_C": 0.0, "fpem/gci_edge_conn_reduction": 0.0, "fpem/gci_nonedge_dep_before_C": 0.0, "fpem/gci_nonedge_dep_after_C": 0.0, "fpem/gci_nonedge_dep_reduction": 0.0, "fpem/gci_edge_dep_before_C": 0.0, "fpem/gci_edge_dep_after_C": 0.0, "fpem/gci_nonedge_count": 0.0, "fpem/gci_edge_count": 0.0, "fpem/gci_node_count": 0.0, "fpem/gci_node_vector_dim": 0.0, "fpem/gci_graph_embed_dim": 0.0, "fpem/gci_graph_embedding_norm_before": 0.0, "fpem/gci_graph_embedding_norm_after": 0.0, "fpem/gci_graph_embedding_std_before": 0.0, "fpem/gci_graph_embedding_std_after": 0.0, "fpem/gci_graph_adj_mean_before": 0.0, "fpem/gci_graph_adj_mean_after": 0.0, "fpem/gci_graph_adj_std_before": 0.0, "fpem/gci_graph_adj_std_after": 0.0, "fpem/gci_graph_align_weight": 0.0, "fpem/gci_graph_align_raw_mse": 0.0, "fpem/gci_graph_align_normalized": 0.0, "fpem/gci_edge_preserve_beta": 0.0, "fpem/gci_graph_align_target_available": 0.0, "fpem/gci_target_adj_mean": 0.0, "fpem/gci_target_adj_std": 0.0, "fpem/gci_target_edge_mean": 0.0, "fpem/gci_target_nonedge_mean": 0.0, "fpem/gci_target_diag_mean": 0.0, "fpem/gci_graph_align_updates_agcrn": 0.0, "fpem/gci_updates_graph_linear": 0.0, "fpem/gci_graph_construction_agcrn_softmax": 0.0, "fpem/scd_assoc_before_C": 0.0, "fpem/scd_assoc_after_C": 0.0, "fpem/scd_assoc_reduction": 0.0, "fpem/scd_relative_violation": 0.0, "fpem/sample_assoc_before_C": 0.0, "fpem/sample_assoc_after_C": 0.0, "fpem/sample_assoc_reduction": 0.0, "fpem/sample_dep_before_C": 0.0, "fpem/sample_dep_after_C": 0.0, "fpem/sample_dep_reduction": 0.0, "fpem/scd_batch_size": 0.0, "fpem/scd_sample_vector_dim": 0.0, "fpem/sample_kernel_alignment": 0.0, "fpem/scd_alignment_loss": 0.0, "fpem/load_level_experts_enabled": 1.0, "fpem/load_level_uses_target_or_future_load": 0.0, "fpem/environment_gate_uses_target_in_forward": 0.0, "fpem/load_level_env_residual_scale": 0.0, "fpem/uses_cached_observable_load_prior": 1.0, "fpem/primary_loss": 9.054682359241305, "fpem/inv_pred_loss": 9.223513803027926, "fpem/primary_uses_route": 1.0, "fpem/primary_uses_env_fusion": 0.0, "fpem/backbone_agcrn": 1.0, "fpem/backbone_graphwavenet": 0.0, "fpem/backbone_staeformer": 0.0, "fpem/gc_pred_loss_only": 1.0, "fpem/env_route_head_mode_hyper_proto": 1.0, "fpem/fpem_force_uniform_route": 0.0, "fpem/hard_prediction_sinkhorn_total_replaces_primary": 0.0, "fpem/hard_prediction_environment_sinkhorn_total_replaces_primary": 0.0, "fpem/warmup_risk_sinkhorn_total_replaces_primary": 0.0, "fpem/lambda_club_mi": 0.0}}
EPOCH {"epoch": 47, "train_loss": 1.2021355475698199, "val": {"loss": 11.882174438900417, "mae": 11.67435359954834, "mape": 0.1842050552368164}, "test_mixed": {"loss": NaN, "mae": NaN, "mape": NaN}, "test_workday": {"loss": NaN, "mae": NaN, "mape": NaN}, "test_holiday": {"loss": NaN, "mae": NaN, "mape": NaN}, "test_avg_mae": NaN, "best_selection_value": 11.882174438900417, "best_selection_split": "val", "best_selection_metric": "val_loss", "lr": 0.0005, "fpem_logs": {"fpem/fpem_env_use_exogenous": 1.0, "fpem/env_exogenous_available": 1.0, "fpem/env_exogenous_time_available": 1.0, "fpem/env_exogenous_load_available": 1.0, "fpem/env_exogenous_feature_dim": 32.0, "fpem/env_exogenous_embedding_norm": 2.7352162134079707, "fpem/env_exogenous_load_embedding_norm": 1.9391578379131498, "fpem/env_rep_ablation_normal": 1.0, "fpem/env_rep_ablation_zero": 0.0, "fpem/env_rep_ablation_shuffle_batch": 0.0, "fpem/env_rep_ablation_mode_id": 0.0, "fpem/mask_loss": 0.0, "fpem/mask_sparse_loss": 0.0, "fpem/mask_entropy_loss": 0.0, "fpem/mask_mean": 1.0, "fpem/mask_entropy": 0.0, "fpem/mask_active_ratio": 1.0, "fpem/fusion_alpha_mean": 0.0, "fpem/fusion_alpha_std": 0.0, "fpem/fusion_alpha_min": 0.0, "fpem/fusion_alpha_max": 0.0, "fpem/env_route_loss": 1.2021355475698199, "fpem/env_route_L_final": 9.043811743600028, "fpem/env_route_L_global": 0.0, "fpem/env_route_L_route_soft": 0.0, "fpem/env_route_L_expert": 9.458276489802769, "fpem/env_route_L_router_oracle": 1.2021355475698199, "fpem/env_route_L_balance": 0.0, "fpem/env_route_L_diverse": 0.0, "fpem/env_route_L_proto_align": 0.0, "fpem/env_route_entropy": 0.0, "fpem/env_route_q_max_mean": 0.0, "fpem/hyper_alpha_mean": 0.0, "fpem/hyper_delta_norm": 0.0, "fpem/hyper_route_proto_mode_uniform_warmup": 0.0, "fpem/hyper_route_proto_mode_uniform_fixed": 0.0, "fpem/hyper_route_proto_mode_sinkhorn": 0.0, "fpem/hyper_route_proto_mode_softmax": 0.0, "fpem/fallback_q_mean": 0.0, "fpem/fallback_q_max": 0.0, "fpem/env_q_sum_mean": 1.0, "fpem/oracle_fallback_rate": 0.0, "fpem/route_count_fallback": 0.0, "fpem/env_route_head_mode": 1.0, "fpem/route_entropy_mean": 0.0, "fpem/route_mean_distribution_entropy": 0.0, "fpem/effective_expert_number": 1.0, "fpem/max_expert_usage_ratio": 0.0, "fpem/min_expert_usage_ratio": 0.0, "fpem/prototype_pairwise_cosine": 0.0, "fpem/expert_prediction_pairwise_cosine": 0.0, "fpem/expert_collapse_warning": 0.0, "fpem/env_route_target_mode_env_prototype": 0.0, "fpem/env_route_target_mode_hybrid": 0.0, "fpem/env_route_hybrid_alpha": 0.0, "fpem/env_route_train_mode_warmup_risk_sinkhorn": 0.0, "fpem/warmup_risk_stage_warmup": 0.0, "fpem/warmup_risk_stage_soft": 0.0, "fpem/warmup_risk_stage_hard": 0.0, "fpem/warmup_risk_selected_loss": 0.0, "fpem/warmup_risk_uniform_common_loss": 0.0, "fpem/warmup_risk_lambda_common": 0.0, "fpem/warmup_risk_total_common_term": 0.0, "fpem/warmup_risk_temperature": 0.0, "fpem/warmup_risk_temperature_progress": 0.0, "fpem/uniform_expert_mae": 0.0, "fpem/risk_routed_mae": 0.0, "fpem/risk_prediction_mae": 0.0, "fpem/risk_loss": 0.0, "fpem/risk_ranking_loss": 0.0, "fpem/risk_ranking_accuracy": 0.0, "fpem/risk_oracle_argmin_accuracy": 0.0, "fpem/risk_router_temperature": 0.0, "fpem/risk_router_lambda": 0.0, "fpem/risk_router_pairwise_lambda": 0.0, "fpem/env_route_train_mode_progressive_gmm_environment": 0.0, "fpem/top_level_prediction_source_progressive_gmm_teacher_hard": 0.0, "fpem/progressive_assignment_uses_target_or_prediction_error": 0.0, "fpem/progressive_partition_ready": 0.0, "fpem/progressive_selected_k": 0.0, "fpem/progressive_active_expert_count": 0.0, "fpem/progressive_last_partition_epoch": 0.0, "fpem/progressive_lambda_common": 0.0, "fpem/progressive_common_term": 0.0, "fpem/progressive_compactness_loss": 0.0, "fpem/progressive_consistency_loss": 0.0, "fpem/progressive_cluster_entropy": 0.0, "fpem/progressive_assignment_change_ratio": 0.0, "fpem/progressive_hungarian_overlap_score": 0.0, "fpem/progressive_partition_update_time_sec": 0.0, "fpem/progressive_routed_mae": 0.0, "fpem/progressive_gmm_environment_total_replaces_primary": 0.0, "fpem/env_route_count_head_0": 16.0, "fpem/env_route_oracle_count_head_0": 16.0, "fpem/route_count_env_head_0": 16.0, "fpem/route_soft_mean_expert_0": 1.0, "fpem/route_hard_count_expert_0": 16.0, "fpem/hard_count_expert_0": 16.0, "fpem/sinkhorn_soft_col_mass_expert_0": 0.0, "fpem/progressive_active_expert_0": 0.0, "fpem/progressive_cluster_size_0": 0.0, "fpem/progressive_cluster_ratio_0": 0.0, "fpem/progressive_cluster_to_expert_0": 0.0, "fpem/progressive_bic_k1": 0.0, "fpem/progressive_bic_score_k1": 0.0, "fpem/progressive_bic_rejected_k1": 0.0, "fpem/hyper_alpha_head_0": 0.0, "fpem/hyper_gamma_norm_head_0": 0.0, "fpem/hyper_beta_norm_head_0": 0.0, "fpem/expert_cross_mae_group_0_expert_0": 9.458276489802769, "fpem/load_expert_loss": 9.458276489802769, "fpem/counterfactual_risk_router_loss": 1.2021355475698199, "fpem/counterfactual_risk_regression_loss": 0.863400986081078, "fpem/counterfactual_risk_ranking_loss": 0.6774691218421572, "fpem/load_level_assignment_detached": 1.0, "fpem/load_level_count_0": 1680.0, "fpem/load_level_ratio_0": 1.0, "fpem/expert_0_global_loss": 9.458276489802769, "fpem/expert_0_selected_loss": 9.458276489802769, "fpem/counterfactual_risk_stage2_active": 1.0, "fpem/counterfactual_risk_stage2_start_epoch": 20.0, "fpem/counterfactual_risk_all_environment_mae": 9.458276489802769, "fpem/counterfactual_risk_all_invariant_mae": 9.662237467084612, "fpem/counterfactual_risk_routed_mae": 9.520442090715681, "fpem/counterfactual_risk_oracle_mae": 9.39488145737421, "fpem/counterfactual_risk_router_accuracy": 0.5601190476190476, "fpem/counterfactual_risk_router_balanced_accuracy": 0.5405778589702788, "fpem/counterfactual_risk_inv_route_ratio": 0.43154761904761907, "fpem/counterfactual_risk_env_route_ratio": 0.5684523809523809, "fpem/counterfactual_risk_inv_switch_precision": 0.32902275536741526, "fpem/counterfactual_risk_correct_inv_switches": 2.276190476190476, "fpem/counterfactual_risk_harmful_inv_switches": 4.628571428571429, "fpem/counterfactual_risk_saved_loss": 0.029673507525807337, "fpem/counterfactual_risk_added_loss": 0.0918392090570359, "fpem/counterfactual_risk_net_gain": -0.06216560091291155, "fpem/counterfactual_risk_regret": 0.12556063334147136, "fpem/counterfactual_risk_oracle_gap_closed": -391.77039062318704, "fpem/counterfactual_risk_delta_mean": -0.20396106569539932, "fpem/counterfactual_risk_target_inv_ratio": 0.29285714285714287, "fpem/counterfactual_risk_weight_env_sum": 8.07619038536435, "fpem/counterfactual_risk_weight_inv_sum": 7.923809482937767, "fpem/counterfactual_risk_prediction_is_hard_route": 1.0, "fpem/counterfactual_risk_prediction_is_soft_fusion": 0.0, "fpem/counterfactual_risk_target_detached": 1.0, "fpem/counterfactual_risk_uses_threshold": 0.0, "fpem/counterfactual_risk_all_samples_used_for_router": 1.0, "fpem/hard_router_predicted_env_ratio": 0.5684523809523809, "fpem/hard_router_effective_env_ratio": 1.0, "fpem/hard_router_target_env_ratio": 0.7071428571428572, "fpem/hard_router_gain_mean": -0.20396106569539932, "fpem/expert_prediction_pairwise_difference": 0.0, "fpem/delta_pairwise_cosine": 0.0, "fpem/delta_pairwise_l1": 0.0, "fpem/delta_pairwise_l2": 0.0, "fpem/expert_0_parameter_norm": 14.900517463684082, "fpem/hard_binary_router_enabled": 0.0, "fpem/hard_router_uses_target_in_forward": 0.0, "fpem/stored_future_c_loaded": 0.0, "fpem/prediction_is_weighted_complete_fusion": 0.0, "fpem/prediction_is_hard_route": 1.0, "fpem/conservative_inv_override_enabled": 0.0, "fpem/conservative_router_features_detached": 1.0, "fpem/counterfactual_risk_router_enabled": 1.0, "fpem/counterfactual_risk_stage2_active_forward": 1.0, "fpem/counterfactual_risk_deploy_route_active": 0.0, "fpem/counterfactual_risk_training_uses_route": 0.0, "fpem/counterfactual_risk_forward_uses_threshold": 0.0, "fpem/future_mi_loss": 0.0, "fpem/future_mi_valid": 0.0, "fpem/future_mi_logvar_mean": 0.0, "fpem/future_mi_target_mode_env_encoder": 0.0, "fpem/swap_loss": 0.0, "fpem/swap_diff_loss": 0.0, "fpem/swap_same_loss": 0.0, "fpem/swap_gain_mean": 0.0, "fpem/swap_s_gain_mean": 0.0, "fpem/swap_fallback_router_loss": 0.0, "fpem/swap_fallback_q_mean": 0.0, "fpem/swap_prediction_delta": 0.0, "fpem/swap_route_delta": 0.0, "fpem/swap_hyper_alpha_delta": 0.0, "fpem/swap_hyper_delta_norm": 0.0, "fpem/loss_env_day": 0.0, "fpem/loss_env_hour": 0.0, "fpem/loss_env_rush": 0.0, "fpem/env_day_acc": 0.0, "fpem/env_hour_acc": 0.0, "fpem/env_rush_acc": 0.0, "fpem/loss_env_supcon": 0.0, "fpem/env_supcon_valid_pairs": 0.0, "fpem/loss_inv_env_adv": 0.0, "fpem/inv_day_acc": 0.0, "fpem/inv_hour_acc": 0.0, "fpem/inv_rush_acc": 0.0, "fpem/loss_cross_cov_sep": 0.0, "fpem/confounder_dep_enabled": 0.0, "fpem/confounder_dep_mode_gci": 1.0, "fpem/confounder_dep_mode_scd": 0.0, "fpem/confounder_dep_mode_both": 0.0, "fpem/confounder_dep_total": 0.0, "fpem/loss_gci": 0.0, "fpem/loss_gci_drop": 0.0, "fpem/loss_gci_keep": 0.0, "fpem/loss_gci_graph_align": 0.0, "fpem/loss_scd": 0.0, "fpem/loss_conf_kl": 0.0, "fpem/effective_gci_weight": 0.0, "fpem/effective_gci_graph_align_weight": 0.0, "fpem/effective_scd_weight": 0.0, "fpem/effective_conf_kl_weight": 0.0, "fpem/confounder_dep_ramp_factor": 0.0, "fpem/C_mean": 0.0, "fpem/C_std": 0.0, "fpem/C_norm": 0.0, "fpem/confounder_token_norm": 0.0, "fpem/confounder_variational": 0.0, "fpem/confounder_projection_trace": 0.0, "fpem/confounder_projection_ridge": 0.0, "fpem/confounder_projection_rank_dim": 0.0, "fpem/confounder_projection_calls": 0.0, "fpem/confounder_dep_detach_target": 0.0, "fpem/gci_nonedge_mass_before_C": 0.0, "fpem/gci_nonedge_mass_after_C": 0.0, "fpem/gci_nonedge_mass_reduction": 0.0, "fpem/gci_relative_violation": 0.0, "fpem/gci_edge_before_C": 0.0, "fpem/gci_edge_after_C": 0.0, "fpem/gci_nonedge_conn_before_C": 0.0, "fpem/gci_nonedge_conn_after_C": 0.0, "fpem/gci_nonedge_conn_reduction": 0.0, "fpem/gci_edge_conn_before_C": 0.0, "fpem/gci_edge_conn_after_C": 0.0, "fpem/gci_edge_conn_reduction": 0.0, "fpem/gci_nonedge_dep_before_C": 0.0, "fpem/gci_nonedge_dep_after_C": 0.0, "fpem/gci_nonedge_dep_reduction": 0.0, "fpem/gci_edge_dep_before_C": 0.0, "fpem/gci_edge_dep_after_C": 0.0, "fpem/gci_nonedge_count": 0.0, "fpem/gci_edge_count": 0.0, "fpem/gci_node_count": 0.0, "fpem/gci_node_vector_dim": 0.0, "fpem/gci_graph_embed_dim": 0.0, "fpem/gci_graph_embedding_norm_before": 0.0, "fpem/gci_graph_embedding_norm_after": 0.0, "fpem/gci_graph_embedding_std_before": 0.0, "fpem/gci_graph_embedding_std_after": 0.0, "fpem/gci_graph_adj_mean_before": 0.0, "fpem/gci_graph_adj_mean_after": 0.0, "fpem/gci_graph_adj_std_before": 0.0, "fpem/gci_graph_adj_std_after": 0.0, "fpem/gci_graph_align_weight": 0.0, "fpem/gci_graph_align_raw_mse": 0.0, "fpem/gci_graph_align_normalized": 0.0, "fpem/gci_edge_preserve_beta": 0.0, "fpem/gci_graph_align_target_available": 0.0, "fpem/gci_target_adj_mean": 0.0, "fpem/gci_target_adj_std": 0.0, "fpem/gci_target_edge_mean": 0.0, "fpem/gci_target_nonedge_mean": 0.0, "fpem/gci_target_diag_mean": 0.0, "fpem/gci_graph_align_updates_agcrn": 0.0, "fpem/gci_updates_graph_linear": 0.0, "fpem/gci_graph_construction_agcrn_softmax": 0.0, "fpem/scd_assoc_before_C": 0.0, "fpem/scd_assoc_after_C": 0.0, "fpem/scd_assoc_reduction": 0.0, "fpem/scd_relative_violation": 0.0, "fpem/sample_assoc_before_C": 0.0, "fpem/sample_assoc_after_C": 0.0, "fpem/sample_assoc_reduction": 0.0, "fpem/sample_dep_before_C": 0.0, "fpem/sample_dep_after_C": 0.0, "fpem/sample_dep_reduction": 0.0, "fpem/scd_batch_size": 0.0, "fpem/scd_sample_vector_dim": 0.0, "fpem/sample_kernel_alignment": 0.0, "fpem/scd_alignment_loss": 0.0, "fpem/load_level_experts_enabled": 1.0, "fpem/load_level_uses_target_or_future_load": 0.0, "fpem/environment_gate_uses_target_in_forward": 0.0, "fpem/load_level_env_residual_scale": 0.0, "fpem/uses_cached_observable_load_prior": 1.0, "fpem/primary_loss": 9.043811743600028, "fpem/inv_pred_loss": 9.213178375789097, "fpem/primary_uses_route": 1.0, "fpem/primary_uses_env_fusion": 0.0, "fpem/backbone_agcrn": 1.0, "fpem/backbone_graphwavenet": 0.0, "fpem/backbone_staeformer": 0.0, "fpem/gc_pred_loss_only": 1.0, "fpem/env_route_head_mode_hyper_proto": 1.0, "fpem/fpem_force_uniform_route": 0.0, "fpem/hard_prediction_sinkhorn_total_replaces_primary": 0.0, "fpem/hard_prediction_environment_sinkhorn_total_replaces_primary": 0.0, "fpem/warmup_risk_sinkhorn_total_replaces_primary": 0.0, "fpem/lambda_club_mi": 0.0}}
EARLY_STOP epoch=47 patience=30
COUNTERFACTUAL_RISK_ROUTER_FINAL_AUDIT {"val": {"split": "val", "num_samples": 274, "all_environment_mae": 12.370232582092285, "all_invariant_mae": 12.481095314025879, "learned_risk_routing_mae": 12.370232582092285, "oracle_mae": 12.291645050048828, "router_accuracy": 0.6788321137428284, "balanced_accuracy": 0.5, "env_route_ratio": 1.0, "inv_route_ratio": 0.0, "inv_switch_precision": 0.0, "correct_beneficial_inv_switches": 0, "harmful_inv_switches": 0, "saved_loss": 0.0, "added_loss": 0.0, "net_gain": 0.0, "regret": 0.07858753204345703, "oracle_gap_closed": 0.0, "target_inv_ratio": 0.32116788625717163, "delta_mean": -0.11086145043373108, "prediction_source": "counterfactual_risk_router_hard_argmin", "prediction_is_soft_fusion": false, "uses_threshold": false}, "test_mixed": {"split": "test_mixed", "num_samples": 546, "all_environment_mae": 11.267814636230469, "all_invariant_mae": 11.461053848266602, "learned_risk_routing_mae": 11.267814636230469, "oracle_mae": 11.211813926696777, "router_accuracy": 0.7289377450942993, "balanced_accuracy": 0.5, "env_route_ratio": 1.0, "inv_route_ratio": 0.0, "inv_switch_precision": 0.0, "correct_beneficial_inv_switches": 0, "harmful_inv_switches": 0, "saved_loss": 0.0, "added_loss": 0.0, "net_gain": 0.0, "regret": 0.056000709533691406, "oracle_gap_closed": 0.0, "target_inv_ratio": 0.27106228470802307, "delta_mean": -0.19324086606502533, "prediction_source": "counterfactual_risk_router_hard_argmin", "prediction_is_soft_fusion": false, "uses_threshold": false}, "test_workday": {"split": "test_workday", "num_samples": 354, "all_environment_mae": 11.156363487243652, "all_invariant_mae": 11.337368965148926, "learned_risk_routing_mae": 11.156363487243652, "oracle_mae": 11.094727516174316, "router_accuracy": 0.7146892547607422, "balanced_accuracy": 0.5, "env_route_ratio": 1.0, "inv_route_ratio": 0.0, "inv_switch_precision": 0.0, "correct_beneficial_inv_switches": 0, "harmful_inv_switches": 0, "saved_loss": 0.0, "added_loss": 0.0, "net_gain": 0.0, "regret": 0.06163597106933594, "oracle_gap_closed": 0.0, "target_inv_ratio": 0.2853107452392578, "delta_mean": -0.1810065060853958, "prediction_source": "counterfactual_risk_router_hard_argmin", "prediction_is_soft_fusion": false, "uses_threshold": false}, "test_holiday": {"split": "test_holiday", "num_samples": 192, "all_environment_mae": 11.473299980163574, "all_invariant_mae": 11.68909740447998, "learned_risk_routing_mae": 11.473299980163574, "oracle_mae": 11.42769718170166, "router_accuracy": 0.7552083134651184, "balanced_accuracy": 0.5, "env_route_ratio": 1.0, "inv_route_ratio": 0.0, "inv_switch_precision": 0.0, "correct_beneficial_inv_switches": 0, "harmful_inv_switches": 0, "saved_loss": 0.0, "added_loss": 0.0, "net_gain": 0.0, "regret": 0.04560279846191406, "oracle_gap_closed": 0.0, "target_inv_ratio": 0.2447916716337204, "delta_mean": -0.21579796075820923, "prediction_source": "counterfactual_risk_router_hard_argmin", "prediction_is_soft_fusion": false, "uses_threshold": false}}
SUMMARY {"exp_name": "fpem_agcrn_aligned_confounder_dep_norm_align_obs_k1_counterfactual_risk_router_0812_conf_gci_seed2024", "model": "steve", "ablation": "conf_gci", "best_epoch": 17, "best_val_loss": 11.788860850863987, "best_checkpoint_selection_split": "val", "best_checkpoint_selection_metric": "val_loss", "test_mixed_mae": 10.570211410522461, "test_workday_mae": 10.4781494140625, "test_holiday_mae": 10.729859352111816, "test_avg_mae": 10.604004383087158, "top_level_prediction_source": "counterfactual_risk_router_hard_argmin_test_diagnostic_best", "fpem_override_threshold": 0.5, "fpem_override_margin": 0.0, "finished": true}
