{
  "exp_name": "fpem_agcrn_aligned_pretrained_inv_module_build_loo_k3_seed2024",
  "seed": 2024,
  "dataset": "NYCTaxi_TDS",
  "model": "steve",
  "ablation": "loo_k3",
  "best_epoch": 92,
  "best_val_loss": 11.751665406756931,
  "test_mixed_mae": 10.57043170928955,
  "test_workday_mae": 10.468268394470215,
  "test_holiday_mae": 10.747594833374023,
  "test_avg_mae": 10.60793161392212,
  "finished": true,
  "counts": {
    "train_total": 1680,
    "train_workday": 1200,
    "train_holiday": 480,
    "train_workday_holiday_ratio": 2.5,
    "val_total": 274,
    "val_workday": 178,
    "val_holiday": 96,
    "test_total": 546,
    "test_workday": 354,
    "test_holiday": 192
  },
  "best": {
    "val": {
      "mae": 11.751665406756931,
      "epoch": 92
    },
    "test_avg": {
      "mae": 10.60793161392212,
      "epoch": 92
    },
    "workday": {
      "mae": 10.468268394470215,
      "epoch": 92
    },
    "holiday": {
      "mae": 10.737425804138184,
      "epoch": 83
    }
  },
  "final": {
    "val": {
      "selected_epoch": 92,
      "val": {
        "loss": 11.751665406756931,
        "mae": 11.545597076416016,
        "mape": 0.18230782449245453
      },
      "test_mixed": {
        "loss": 10.580817345210484,
        "mae": 10.57043170928955,
        "mape": 0.1681368350982666
      },
      "test_workday": {
        "loss": 10.441074060357135,
        "mae": 10.468268394470215,
        "mape": 0.16774511337280273
      },
      "test_holiday": {
        "loss": 10.814420064290365,
        "mae": 10.747594833374023,
        "mape": 0.16881613433361053
      },
      "test_avg_mae": 10.60793161392212
    },
    "test_avg": {
      "selected_epoch": 92,
      "val": {
        "loss": 11.751665406756931,
        "mae": 11.545597076416016,
        "mape": 0.18230782449245453
      },
      "test_mixed": {
        "loss": 10.580817345210484,
        "mae": 10.57043170928955,
        "mape": 0.1681368350982666
      },
      "test_workday": {
        "loss": 10.441074060357135,
        "mae": 10.468268394470215,
        "mape": 0.16774511337280273
      },
      "test_holiday": {
        "loss": 10.814420064290365,
        "mae": 10.747594833374023,
        "mape": 0.16881613433361053
      },
      "test_avg_mae": 10.60793161392212
    },
    "workday": {
      "selected_epoch": 92,
      "val": {
        "loss": 11.751665406756931,
        "mae": 11.545597076416016,
        "mape": 0.18230782449245453
      },
      "test_mixed": {
        "loss": 10.580817345210484,
        "mae": 10.57043170928955,
        "mape": 0.1681368350982666
      },
      "test_workday": {
        "loss": 10.441074060357135,
        "mae": 10.468268394470215,
        "mape": 0.16774511337280273
      },
      "test_holiday": {
        "loss": 10.814420064290365,
        "mae": 10.747594833374023,
        "mape": 0.16881613433361053
      },
      "test_avg_mae": 10.60793161392212
    },
    "holiday": {
      "selected_epoch": 83,
      "val": {
        "loss": 11.780286577012804,
        "mae": 11.570122718811035,
        "mape": 0.1859407126903534
      },
      "test_mixed": {
        "loss": 10.588449464525496,
        "mae": 10.58035945892334,
        "mape": 0.1709626466035843
      },
      "test_workday": {
        "loss": 10.459135801895805,
        "mae": 10.489784240722656,
        "mape": 0.17106319963932037
      },
      "test_holiday": {
        "loss": 10.80282465616862,
        "mae": 10.737425804138184,
        "mape": 0.1707882583141327
      },
      "test_avg_mae": 10.61360502243042
    }
  },
  "elapsed_min": 118.37209378878275,
  "args": {
    "seed": 2024,
    "device": "cuda:0",
    "mode": "train",
    "best_path": "/home/zhangwt/remote/StableST/experiments/NYCTaxi/20240510-014845/best_model.pth",
    "debug": false,
    "data_dir": "/data/OuXiaoyu/STEVE_CODE/STEVE/data",
    "dataset": "NYCTaxi_TDS",
    "input_length": 35,
    "batch_size": 16,
    "test_batch_size": 16,
    "graph_file": "/data/OuXiaoyu/STEVE_CODE/STEVE/data/NYCTaxi_TDS/adj_mx.npz",
    "num_nodes": 200,
    "len_closeness": 8,
    "len_period": 27,
    "len_trend": 0,
    "d_input": 2,
    "d_output": 2,
    "d_model": 64,
    "dropout": 0.1,
    "percent": 0.1,
    "shm_temp": 0.5,
    "nmb_prototype": 4,
    "yita": 0.5,
    "layers": 3,
    "K": 64,
    "bank_gamma": 0.2,
    "kw": 1,
    "mi_w": 2,
    "epochs": 100,
    "lr_init": 0.001,
    "early_stop": true,
    "early_stop_patience": 30,
    "grad_norm": true,
    "max_grad_norm": 5,
    "use_dwa": true,
    "temp": 2,
    "MMI": false,
    "lr_patience": 20,
    "lr_mode": "only",
    "use_RevIN": true,
    "ablation": "loo_k3",
    "config_filename": "/data/OuXiaoyu/STEVE_CODE/STEVE/configs/NYCTaxi.yaml",
    "model": "steve",
    "early_stop_test_avg_mae_epoch": 40,
    "early_stop_test_avg_mae_threshold": 12.0,
    "train_work_per_holiday": 2.5,
    "exp_name": "fpem_agcrn_aligned_pretrained_inv_module_build_loo_k3_seed2024",
    "run_name": "fpem_agcrn_aligned_pretrained_inv_module_build_loo_k3_seed2024",
    "result_root": "/data/OuXiaoyu/STEVE_CODE/STEVE/experiments/NYCTaxi_TDS",
    "resume": true,
    "resume_reset_patience": true,
    "max_train_batches": null,
    "max_eval_batches": null,
    "agcrn_lr": 0.003,
    "agcrn_embed_dim": 10,
    "agcrn_rnn_units": 64,
    "agcrn_num_layers": 2,
    "agcrn_cheb_k": 2,
    "fpem_use_pretrained_inv_agcrn": true,
    "fpem_pretrained_inv_agcrn_path": "/data/OuXiaoyu/STEVE_CODE/STEVE/experiments/NYCTaxi_TDS/pure_agcrn_seed2024/best_val_model.pth",
    "fpem_backbone": "agcrn",
    "fpem_use_env_mask": true,
    "fpem_confounder_use_mask": false,
    "fpem_env_mask_hidden_dim": 64,
    "fpem_env_mask_temperature": 1.0,
    "fpem_env_mask_warmup_epochs": 5,
    "fpem_lambda_mask_sparse": 0.0005,
    "fpem_lambda_mask_entropy": 0.0005,
    "fpem_use_env_route": true,
    "fpem_use_env_fusion": true,
    "fpem_env_route_k": 3,
    "fpem_env_route_head_mode": "concat_input",
    "fpem_env_route_mode": "confidence_mix",
    "fpem_env_route_use_inv_fallback_expert": false,
    "fpem_env_route_tau": 1.0,
    "fpem_env_route_oracle_tau": 0.3,
    "fpem_env_route_train_mode": "soft_oracle",
    "fpem_env_route_hidden_dim": 64,
    "fpem_env_route_warmup_epochs": 5,
    "fpem_env_route_lambda_final": 1.0,
    "fpem_env_route_lambda_global": 0.0,
    "fpem_env_route_lambda_route_soft": 0.5,
    "fpem_env_route_lambda_expert": 0.2,
    "fpem_env_route_lambda_router_oracle": 1.0,
    "fpem_env_route_lambda_balance": 0.01,
    "fpem_env_route_lambda_diverse": 0.01,
    "fpem_env_route_lambda_entropy": 0.0,
    "fpem_lambda_inv_pred": 0.0,
    "fpem_hyper_alpha_mode": "sample_gate",
    "fpem_lambda_hyper_delta_norm": 0.0001,
    "fpem_use_confounder_extractor": true,
    "fpem_use_club_mi": true,
    "fpem_lambda_club_mi": 0.01,
    "fpem_use_future_mi": true,
    "fpem_lambda_future_mi": 0.02,
    "fpem_future_mi_target_mode": "env_encoder",
    "fpem_future_mi_warmup_epochs": 5,
    "fpem_future_mi_hidden_dim": 64,
    "fpem_future_mi_detach_target": true,
    "fpem_use_swap": true,
    "fpem_lambda_swap": 0.01,
    "fpem_swap_warmup_epochs": 30,
    "fpem_swap_margin": 0.01,
    "fpem_swap_gain_eta": 0.0,
    "fpem_swap_gain_tau": 0.05,
    "fpem_lambda_swap_diff": 1.0,
    "fpem_lambda_swap_same": 0.05,
    "fpem_swap_only_diff_route": true,
    "fpem_swap_detach_inv": true,
    "fpem_swap_detach_env": false,
    "fpem_use_swap_fallback_router_loss": false,
    "fpem_lambda_swap_fallback_router": 0.0,
    "fpem_swap_fallback_warmup_epochs": 30,
    "fpem_use_grad_consensus": false,
    "fpem_gc_pred_loss_only": true,
    "fpem_gc_inv_rho": 0.3,
    "fpem_gc_env_rho": 0.3,
    "fpem_gc_tau": 0.5,
    "fpem_gc_temp": 0.1,
    "fpem_gc_min_keep": 0.2,
    "fpem_gc_warmup_epochs": 10,
    "fpem_gc_route_min_samples": 2,
    "fpem_use_gradcompat_aux": false,
    "fpem_lambda_gradcompat_aux": 0.0,
    "git_commit": "1b38ed8",